"Net Code";"Net Name";"Pad Count";"Via Count";"Via Length (mm)";"Track Length (mm)";"Die Length (mm)";"Net Length (mm)";"F.Cu (mm)";"B.Cu (mm)";
001;"NET_3.3V_VCC_P06";8;1;1.6000;27.5596;0.0000;29.1596;6.9341;20.6255;
002;"NET_3.3V_VCC_P07";8;1;1.6000;25.8740;0.0000;27.4740;3.4169;22.4571;
003;"NET_3.3V_VCC_P08";8;1;1.6000;26.9596;0.0000;28.5596;3.2300;23.7296;
004;"NET_3.3V_VCC_P09";8;1;1.6000;18.6790;0.0000;20.2790;3.6381;15.0410;
005;"NET_3.3V_VCC_P10";8;1;1.6000;33.7180;0.0000;35.3180;5.7903;27.9277;
006;"NET_3.3V_VCC_P11";8;1;1.6000;26.2734;0.0000;27.8734;4.8071;21.4663;
007;"NET_3.3V_VCC_P12";8;1;1.6000;27.9841;0.0000;29.5841;4.6562;23.3278;
008;"NET_3.3V_VCC_P13";8;1;1.6000;26.6966;0.0000;28.2966;4.1633;22.5333;
009;"NET_3.3V_VCC_P14";8;1;1.6000;15.8506;0.0000;17.4506;4.3190;11.5316;
010;"NET_3.3V_VCC_P15";8;1;1.6000;22.3052;0.0000;23.9052;3.6868;18.6184;
011;"NET_3.3V_VCC_P16";8;1;1.6000;23.7247;0.0000;25.3247;3.9162;19.8085;
012;"NET_3.3V_VCC_P17";8;1;1.6000;23.9722;0.0000;25.5722;3.0000;20.9722;
013;"NET_3.3V_VCC_P18";8;3;4.8000;30.3599;0.0000;35.1599;9.6648;20.6951;
014;"NET_3.3V_VCC_P19";8;1;1.6000;19.8251;0.0000;21.4251;6.2405;13.5845;
015;"NET_3.3V_VCC_P20";8;1;1.6000;24.5748;0.0000;26.1748;4.0652;20.5096;
016;"NET_3.3V_VCC_P21";8;1;1.6000;24.2873;0.0000;25.8873;6.5964;17.6908;
017;"NET_3.3V_VCC_P22";8;1;1.6000;18.6590;0.0000;20.2590;4.2796;14.3794;
018;"NET_3.3V_VCC_P23";8;1;1.6000;26.3516;0.0000;27.9516;5.8988;20.4527;
019;"NET_3.3V_VCC_P24";8;1;1.6000;22.8183;0.0000;24.4183;3.5330;19.2853;
020;"NET_3.3V_VCC_P25";8;1;1.6000;19.8037;0.0000;21.4037;6.3750;13.4287;
021;"NET_3.3V_VCC_P26";8;2;3.2000;18.1082;0.0000;21.3082;7.0855;11.0227;
022;"NET_3.3V_VCC_P27";8;1;1.6000;25.2456;0.0000;26.8456;5.7731;19.4725;
023;"NET_3.3V_VCC_P28";8;1;1.6000;27.5154;0.0000;29.1154;5.2561;22.2593;
024;"NET_3.3V_VCC_P29";8;1;1.6000;21.0820;0.0000;22.6820;3.3610;17.7210;
025;"NET_3.3V_VCC_P30";8;1;1.6000;22.4113;0.0000;24.0113;4.9201;17.4911;
026;"NET_3.3V_VCC_P31";8;1;1.6000;24.6145;0.0000;26.2145;6.2067;18.4078;
027;"NET_3.3V_VCC_P32";8;1;1.6000;27.9297;0.0000;29.5297;6.8117;21.1180;
028;"NET_3.3V_VCC_RX_P05";5;1;1.6000;9.3312;0.0000;10.9312;4.0000;5.3312;
029;"NET_3.3V_VCC_RX_P06";5;1;1.6000;8.5880;0.0000;10.1880;3.6596;4.9284;
030;"NET_3.3V_VCC_RX_P07";5;1;1.6000;10.6323;0.0000;12.2323;4.0920;6.5403;
031;"NET_3.3V_VCC_RX_P08";5;1;1.6000;7.8821;0.0000;9.4821;3.4500;4.4321;
032;"NET_3.3V_VCC_RX_P09";5;1;1.6000;10.9663;0.0000;12.5663;5.1000;5.8663;
033;"NET_3.3V_VCC_RX_P10";5;1;1.6000;9.8006;0.0000;11.4006;4.2500;5.5506;
034;"NET_3.3V_VCC_RX_P11";5;1;1.6000;10.6386;0.0000;12.2386;6.1830;4.4556;
035;"NET_3.3V_VCC_RX_P12";5;1;1.6000;8.4299;0.0000;10.0299;3.7500;4.6799;
036;"NET_3.3V_VCC_RX_P13";5;1;1.6000;8.5599;0.0000;10.1599;2.9000;5.6599;
037;"NET_3.3V_VCC_RX_P14";5;1;1.6000;10.4636;0.0000;12.0636;2.9820;7.4816;
038;"NET_3.3V_VCC_RX_P15";5;1;1.6000;7.9408;0.0000;9.5408;3.8500;4.0908;
039;"NET_3.3V_VCC_RX_P16";5;1;1.6000;11.3980;0.0000;12.9980;3.2700;8.1280;
040;"NET_3.3V_VCC_RX_P17";5;1;1.6000;8.6657;0.0000;10.2657;2.9000;5.7657;
041;"NET_3.3V_VCC_RX_P18";5;1;1.6000;10.8067;0.0000;12.4067;3.7250;7.0817;
042;"NET_3.3V_VCC_RX_P19";5;1;1.6000;8.3966;0.0000;9.9966;2.9000;5.4966;
043;"NET_3.3V_VCC_RX_P20";5;1;1.6000;9.2796;0.0000;10.8796;3.1190;6.1606;
044;"NET_3.3V_VCC_RX_P21";5;1;1.6000;11.5278;0.0000;13.1278;4.7000;6.8278;
045;"NET_3.3V_VCC_RX_P22";5;1;1.6000;11.6572;0.0000;13.2572;6.2448;5.4123;
046;"NET_3.3V_VCC_RX_P23";5;1;1.6000;9.5071;0.0000;11.1071;3.3000;6.2071;
047;"NET_3.3V_VCC_RX_P24";5;1;1.6000;10.2622;0.0000;11.8622;4.1500;6.1122;
048;"NET_3.3V_VCC_RX_P25";5;1;1.6000;8.0870;0.0000;9.6870;3.4500;4.6370;
049;"NET_3.3V_VCC_RX_P26";5;1;1.6000;12.1243;0.0000;13.7243;3.9633;8.1609;
050;"NET_3.3V_VCC_RX_P27";5;1;1.6000;11.2426;0.0000;12.8426;5.5906;5.6520;
051;"NET_3.3V_VCC_RX_P28";5;1;1.6000;9.0084;0.0000;10.6084;2.9000;6.1084;
052;"NET_3.3V_VCC_RX_P29";5;1;1.6000;10.5698;0.0000;12.1698;4.7000;5.8698;
053;"NET_3.3V_VCC_RX_P30";5;1;1.6000;11.6742;0.0000;13.2742;4.0930;7.5812;
054;"NET_3.3V_VCC_RX_P31";5;1;1.6000;7.5867;0.0000;9.1867;2.9500;4.6367;
055;"NET_3.3V_VCC_RX_P32";5;1;1.6000;17.5257;0.0000;19.1257;3.1500;14.3757;
056;"NET_3.3V_VCC_TX_P05";5;1;1.6000;10.3627;0.0000;11.9627;3.4060;6.9567;
057;"NET_3.3V_VCC_TX_P06";5;1;1.6000;11.1886;0.0000;12.7886;4.3154;6.8732;
058;"NET_3.3V_VCC_TX_P07";5;1;1.6000;9.9186;0.0000;11.5186;2.9000;7.0186;
059;"NET_3.3V_VCC_TX_P08";5;1;1.6000;7.9843;0.0000;9.5843;3.2000;4.7843;
060;"NET_3.3V_VCC_TX_P09";5;1;1.6000;9.4734;0.0000;11.0734;3.3670;6.1064;
061;"NET_3.3V_VCC_TX_P10";5;1;1.6000;9.4461;0.0000;11.0461;3.3670;6.0791;
062;"NET_3.3V_VCC_TX_P11";5;1;1.6000;9.7851;0.0000;11.3851;4.5500;5.2351;
063;"NET_3.3V_VCC_TX_P12";5;1;1.6000;10.1852;0.0000;11.7852;4.5700;5.6152;
064;"NET_3.3V_VCC_TX_P13";5;1;1.6000;15.0470;0.0000;16.6470;4.1500;10.8970;
065;"NET_3.3V_VCC_TX_P14";5;1;1.6000;13.3279;0.0000;14.9279;3.3474;9.9805;
066;"NET_3.3V_VCC_TX_P15";5;1;1.6000;10.6562;0.0000;12.2562;2.9000;7.7562;
067;"NET_3.3V_VCC_TX_P16";5;1;1.6000;10.8887;0.0000;12.4887;3.7500;7.1387;
068;"NET_3.3V_VCC_TX_P17";5;1;1.6000;10.0660;0.0000;11.6660;3.1050;6.9610;
069;"NET_3.3V_VCC_TX_P18";5;1;1.6000;13.6813;0.0000;15.2813;4.3061;9.3752;
070;"NET_3.3V_VCC_TX_P19";5;1;1.6000;8.2157;0.0000;9.8157;3.3000;4.9157;
071;"NET_3.3V_VCC_TX_P20";5;1;1.6000;9.7491;0.0000;11.3491;4.4500;5.2991;
072;"NET_3.3V_VCC_TX_P21";5;1;1.6000;14.9153;0.0000;16.5153;5.0600;9.8552;
073;"NET_3.3V_VCC_TX_P22";5;1;1.6000;11.2035;0.0000;12.8035;2.9000;8.3035;
074;"NET_3.3V_VCC_TX_P23";5;1;1.6000;10.1434;0.0000;11.7434;3.0250;7.1184;
075;"NET_3.3V_VCC_TX_P24";5;1;1.6000;9.1880;0.0000;10.7880;4.1912;4.9967;
076;"NET_3.3V_VCC_TX_P25";5;1;1.6000;14.3049;0.0000;15.9049;8.1250;6.1799;
077;"NET_3.3V_VCC_TX_P26";5;1;1.6000;9.6271;0.0000;11.2271;2.9340;6.6931;
078;"NET_3.3V_VCC_TX_P27";5;1;1.6000;8.9491;0.0000;10.5491;3.1000;5.8491;
079;"NET_3.3V_VCC_TX_P28";5;1;1.6000;8.4626;0.0000;10.0626;3.3500;5.1126;
080;"NET_3.3V_VCC_TX_P29";5;1;1.6000;10.7703;0.0000;12.3703;3.0750;7.6953;
081;"NET_3.3V_VCC_TX_P30";5;1;1.6000;13.3875;0.0000;14.9875;2.9000;10.4875;
082;"NET_3.3V_VCC_TX_P31";5;1;1.6000;8.8284;0.0000;10.4284;4.0810;4.7474;
083;"NET_3.3V_VCC_TX_P32";5;1;1.6000;12.4462;0.0000;14.0462;3.2552;9.1910;
084;"NET_3V3_AUX";28;11;17.6000;688.7460;0.0000;706.3460;252.8089;435.9371;
085;"NET_3V3_P05";5;0;0.0000;19.5620;0.0000;19.5620;0.0000;19.5620;
086;"NET_3V3_P06";5;0;0.0000;14.9989;0.0000;14.9989;0.0000;14.9989;
087;"NET_3V3_P07";5;0;0.0000;12.8360;0.0000;12.8360;0.0000;12.8360;
088;"NET_3V3_P08";5;0;0.0000;11.9210;0.0000;11.9210;0.0000;11.9210;
089;"NET_3V3_P09";5;0;0.0000;15.4466;0.0000;15.4466;0.0000;15.4466;
090;"NET_3V3_P10";5;0;0.0000;10.7613;0.0000;10.7613;0.0000;10.7613;
091;"NET_3V3_P11";5;0;0.0000;12.9154;0.0000;12.9154;0.0000;12.9154;
092;"NET_3V3_P12";5;0;0.0000;11.6069;0.0000;11.6069;0.0000;11.6069;
093;"NET_3V3_P13";5;0;0.0000;15.8091;0.0000;15.8091;0.0000;15.8091;
094;"NET_3V3_P14";5;0;0.0000;13.8529;0.0000;13.8529;0.0000;13.8529;
095;"NET_3V3_P15";5;0;0.0000;11.8711;0.0000;11.8711;0.0000;11.8711;
096;"NET_3V3_P16";5;0;0.0000;15.0442;0.0000;15.0442;0.0000;15.0442;
097;"NET_3V3_P17";5;0;0.0000;12.9516;0.0000;12.9516;0.0000;12.9516;
098;"NET_3V3_P18";5;0;0.0000;18.4203;0.0000;18.4203;0.0000;18.4203;
099;"NET_3V3_P19";5;0;0.0000;13.4998;0.0000;13.4998;0.0000;13.4998;
100;"NET_3V3_P20";5;0;0.0000;12.5216;0.0000;12.5216;0.0000;12.5216;
101;"NET_3V3_P21";5;0;0.0000;14.7464;0.0000;14.7464;0.0000;14.7464;
102;"NET_3V3_P22";5;0;0.0000;13.5062;0.0000;13.5062;0.0000;13.5062;
103;"NET_3V3_P23";5;0;0.0000;14.1985;0.0000;14.1985;0.0000;14.1985;
104;"NET_3V3_P24";5;0;0.0000;19.1245;0.0000;19.1245;0.0000;19.1245;
105;"NET_3V3_P25";5;0;0.0000;15.3745;0.0000;15.3745;0.0000;15.3745;
106;"NET_3V3_P26";5;0;0.0000;12.9376;0.0000;12.9376;0.0000;12.9376;
107;"NET_3V3_P27";5;0;0.0000;13.1502;0.0000;13.1502;0.0000;13.1502;
108;"NET_3V3_P28";5;0;0.0000;15.0482;0.0000;15.0482;0.0000;15.0482;
109;"NET_3V3_P29";5;0;0.0000;12.4846;0.0000;12.4846;0.0000;12.4846;
110;"NET_3V3_P30";5;0;0.0000;13.0268;0.0000;13.0268;0.0000;13.0268;
111;"NET_3V3_P31";5;0;0.0000;13.6149;0.0000;13.6149;0.0000;13.6149;
112;"NET_3V3_P32";5;0;0.0000;15.0701;0.0000;15.0701;0.0000;15.0701;
113;"GP_EPPS_P05";2;1;1.6000;0.9527;0.0000;2.5527;0.3910;0.5617;
114;"GP_EPPS_P06";2;1;1.6000;5.4643;0.0000;7.0643;2.8554;2.6089;
115;"GP_EPPS_P07";2;1;1.6000;2.0800;0.0000;3.6800;0.3700;1.7100;
116;"GP_EPPS_P08";2;1;1.6000;1.0000;0.0000;2.6000;0.4000;0.6000;
117;"GP_EPPS_P09";2;1;1.6000;1.0055;0.0000;2.6055;0.4740;0.5314;
118;"GP_EPPS_P10";2;1;1.6000;1.1534;0.0000;2.7534;0.4353;0.7181;
119;"GP_EPPS_P11";2;1;1.6000;3.3425;0.0000;4.9425;1.9675;1.3750;
120;"GP_EPPS_P12";2;1;1.6000;1.8657;0.0000;3.4657;1.2828;0.5828;
121;"GP_EPPS_P13";2;1;1.6000;1.8233;0.0000;3.4233;1.0533;0.7700;
122;"GP_EPPS_P14";2;1;1.6000;2.3884;0.0000;3.9884;1.1429;1.2455;
123;"GP_EPPS_P15";2;1;1.6000;2.2845;0.0000;3.8845;1.6005;0.6840;
124;"GP_EPPS_P16";2;1;1.6000;1.4000;0.0000;3.0000;0.7500;0.6500;
125;"GP_EPPS_P17";2;1;1.6000;1.2327;0.0000;2.8327;0.8360;0.3967;
126;"GP_EPPS_P18";2;1;1.6000;1.3996;0.0000;2.9996;0.3730;1.0266;
127;"GP_EPPS_P19";2;1;1.6000;1.6895;0.0000;3.2895;0.5704;1.1191;
128;"GP_EPPS_P20";2;1;1.6000;1.4000;0.0000;3.0000;0.9000;0.5000;
129;"GP_EPPS_P21";2;1;1.6000;2.3364;0.0000;3.9364;0.3810;1.9554;
130;"GP_EPPS_P22";2;1;1.6000;1.1425;0.0000;2.7425;0.5225;0.6200;
131;"GP_EPPS_P23";2;1;1.6000;0.9179;0.0000;2.5179;0.4046;0.5133;
132;"GP_EPPS_P24";2;1;1.6000;1.3828;0.0000;2.9828;0.8707;0.5121;
133;"GP_EPPS_P25";2;1;1.6000;0.9916;0.0000;2.5916;0.3690;0.6226;
134;"GP_EPPS_P26";2;1;1.6000;1.4598;0.0000;3.0598;1.0653;0.3946;
135;"GP_EPPS_P27";2;1;1.6000;1.4000;0.0000;3.0000;0.8000;0.6000;
136;"GP_EPPS_P28";2;1;1.6000;1.0414;0.0000;2.6414;0.4035;0.6379;
137;"GP_EPPS_P29";2;1;1.6000;1.3067;0.0000;2.9067;0.8521;0.4546;
138;"GP_EPPS_P30";2;1;1.6000;2.8504;0.0000;4.4504;0.3920;2.4584;
139;"GP_EPPS_P31";2;1;1.6000;1.6828;0.0000;3.2828;1.1328;0.5500;
140;"GP_EPPS_P32";2;1;1.6000;1.2828;0.0000;2.8828;0.7328;0.5500;
141;"GP_INT_P05_L";2;1;1.6000;1.0530;0.0000;2.6530;0.4804;0.5726;
142;"GP_INT_P06_L";2;1;1.6000;1.1414;0.0000;2.7414;0.4114;0.7300;
143;"GP_INT_P07_L";2;1;1.6000;0.9528;0.0000;2.5528;0.3850;0.5678;
144;"GP_INT_P08_L";2;1;1.6000;2.0450;0.0000;3.6450;0.3861;1.6589;
145;"GP_INT_P09_L";2;1;1.6000;1.0406;0.0000;2.6406;0.5232;0.5173;
146;"GP_INT_P10_L";2;1;1.6000;0.9683;0.0000;2.5683;0.5993;0.3690;
147;"GP_INT_P11_L";2;1;1.6000;0.9121;0.0000;2.5121;0.3810;0.5311;
148;"GP_INT_P12_L";2;1;1.6000;0.9414;0.0000;2.5414;0.5000;0.4414;
149;"GP_INT_P13_L";2;1;1.6000;1.8192;0.0000;3.4192;0.5072;1.3120;
150;"GP_INT_P14_L";2;1;1.6000;1.2576;0.0000;2.8576;0.8188;0.4388;
151;"GP_INT_P15_L";2;1;1.6000;1.3328;0.0000;2.9328;0.5561;0.7768;
152;"GP_INT_P16_L";2;1;1.6000;1.5218;0.0000;3.1218;0.3750;1.1468;
153;"GP_INT_P17_L";2;1;1.6000;1.7147;0.0000;3.3147;0.5128;1.2019;
154;"GP_INT_P18_L";2;1;1.6000;2.4709;0.0000;4.0709;1.4675;1.0034;
155;"GP_INT_P19_L";2;1;1.6000;0.9296;0.0000;2.5296;0.4365;0.4931;
156;"GP_INT_P20_L";2;1;1.6000;1.3570;0.0000;2.9570;0.3957;0.9614;
157;"GP_INT_P21_L";2;1;1.6000;1.5546;0.0000;3.1546;0.3750;1.1796;
158;"GP_INT_P22_L";2;1;1.6000;0.9660;0.0000;2.5660;0.5363;0.4296;
159;"GP_INT_P23_L";2;1;1.6000;1.4487;0.0000;3.0487;0.3710;1.0777;
160;"GP_INT_P24_L";2;1;1.6000;2.4175;0.0000;4.0175;0.3720;2.0455;
161;"GP_INT_P25_L";2;1;1.6000;3.3333;0.0000;4.9333;2.8977;0.4357;
162;"GP_INT_P26_L";2;1;1.6000;1.1536;0.0000;2.7536;0.4061;0.7475;
163;"GP_INT_P27_L";2;1;1.6000;1.0425;0.0000;2.6425;0.5066;0.5359;
164;"GP_INT_P28_L";2;1;1.6000;2.6368;0.0000;4.2368;0.4093;2.2275;
165;"GP_INT_P29_L";2;1;1.6000;1.4325;0.0000;3.0325;0.7870;0.6456;
166;"GP_INT_P30_L";2;1;1.6000;0.9914;0.0000;2.5914;0.4057;0.5858;
167;"GP_INT_P31_L";2;1;1.6000;0.9770;0.0000;2.5770;0.4201;0.5569;
168;"GP_INT_P32_L";2;1;1.6000;5.0529;0.0000;6.6529;0.4314;4.6215;
169;"GP_LPMODE_P05";1;0;0.0000;0.0000;0.0000;0.0000;0.0000;0.0000;
170;"GP_LPMODE_P06";1;0;0.0000;0.0000;0.0000;0.0000;0.0000;0.0000;
171;"GP_LPMODE_P07";1;0;0.0000;0.0000;0.0000;0.0000;0.0000;0.0000;
172;"GP_LPMODE_P08";1;0;0.0000;0.0000;0.0000;0.0000;0.0000;0.0000;
173;"GP_LPMODE_P09";1;0;0.0000;0.0000;0.0000;0.0000;0.0000;0.0000;
174;"GP_LPMODE_P10";1;0;0.0000;0.0000;0.0000;0.0000;0.0000;0.0000;
175;"GP_LPMODE_P11";1;0;0.0000;0.0000;0.0000;0.0000;0.0000;0.0000;
176;"GP_LPMODE_P12";1;0;0.0000;0.0000;0.0000;0.0000;0.0000;0.0000;
177;"GP_LPMODE_P13";1;0;0.0000;0.0000;0.0000;0.0000;0.0000;0.0000;
178;"GP_LPMODE_P14";1;0;0.0000;0.0000;0.0000;0.0000;0.0000;0.0000;
179;"GP_LPMODE_P15";1;0;0.0000;0.0000;0.0000;0.0000;0.0000;0.0000;
180;"GP_LPMODE_P16";1;0;0.0000;0.0000;0.0000;0.0000;0.0000;0.0000;
181;"GP_LPMODE_P17";1;0;0.0000;0.0000;0.0000;0.0000;0.0000;0.0000;
182;"GP_LPMODE_P18";1;0;0.0000;0.0000;0.0000;0.0000;0.0000;0.0000;
183;"GP_LPMODE_P19";1;0;0.0000;0.0000;0.0000;0.0000;0.0000;0.0000;
184;"GP_LPMODE_P20";1;0;0.0000;0.0000;0.0000;0.0000;0.0000;0.0000;
185;"GP_LPMODE_P21";1;0;0.0000;0.0000;0.0000;0.0000;0.0000;0.0000;
186;"GP_LPMODE_P22";1;0;0.0000;0.0000;0.0000;0.0000;0.0000;0.0000;
187;"GP_LPMODE_P23";1;0;0.0000;0.0000;0.0000;0.0000;0.0000;0.0000;
188;"GP_LPMODE_P24";1;0;0.0000;0.0000;0.0000;0.0000;0.0000;0.0000;
189;"GP_LPMODE_P25";1;0;0.0000;0.0000;0.0000;0.0000;0.0000;0.0000;
190;"GP_LPMODE_P26";1;0;0.0000;0.0000;0.0000;0.0000;0.0000;0.0000;
191;"GP_LPMODE_P27";1;0;0.0000;0.0000;0.0000;0.0000;0.0000;0.0000;
192;"GP_LPMODE_P28";1;0;0.0000;0.0000;0.0000;0.0000;0.0000;0.0000;
193;"GP_LPMODE_P29";1;0;0.0000;0.0000;0.0000;0.0000;0.0000;0.0000;
194;"GP_LPMODE_P30";1;0;0.0000;0.0000;0.0000;0.0000;0.0000;0.0000;
195;"GP_LPMODE_P31";1;0;0.0000;0.0000;0.0000;0.0000;0.0000;0.0000;
196;"GP_LPMODE_P32";1;0;0.0000;0.0000;0.0000;0.0000;0.0000;0.0000;
197;"GP_MOD_PRST_P05_L";2;1;1.6000;0.9268;0.0000;2.5268;0.3750;0.5518;
198;"GP_MOD_PRST_P06_L";2;1;1.6000;2.5132;0.0000;4.1132;2.0442;0.4690;
199;"GP_MOD_PRST_P07_L";2;1;1.6000;1.5768;0.0000;3.1768;1.1250;0.4518;
200;"GP_MOD_PRST_P08_L";2;1;1.6000;1.7500;0.0000;3.3500;0.3837;1.3664;
201;"GP_MOD_PRST_P09_L";2;1;1.6000;1.0419;0.0000;2.6419;0.5336;0.5083;
202;"GP_MOD_PRST_P10_L";2;1;1.6000;2.3537;0.0000;3.9537;1.4971;0.8566;
203;"GP_MOD_PRST_P11_L";2;1;1.6000;0.8972;0.0000;2.4972;0.3926;0.5047;
204;"GP_MOD_PRST_P12_L";2;1;1.6000;1.9607;0.0000;3.5607;0.3780;1.5827;
205;"GP_MOD_PRST_P13_L";2;1;1.6000;0.9631;0.0000;2.5631;0.3771;0.5861;
206;"GP_MOD_PRST_P14_L";2;1;1.6000;1.0818;0.0000;2.6818;0.6464;0.4354;
207;"GP_MOD_PRST_P15_L";2;1;1.6000;1.0475;0.0000;2.6475;0.3750;0.6725;
208;"GP_MOD_PRST_P16_L";2;1;1.6000;2.5657;0.0000;4.1657;2.1657;0.4000;
209;"GP_MOD_PRST_P17_L";2;1;1.6000;1.7803;0.0000;3.3803;1.1871;0.5932;
210;"GP_MOD_PRST_P18_L";2;1;1.6000;1.5383;0.0000;3.1383;1.0063;0.5320;
211;"GP_MOD_PRST_P19_L";2;1;1.6000;4.0411;0.0000;5.6411;0.5354;3.5058;
212;"GP_MOD_PRST_P20_L";2;1;1.6000;1.7529;0.0000;3.3529;1.1424;0.6106;
213;"GP_MOD_PRST_P21_L";2;1;1.6000;1.8647;0.0000;3.4647;0.8290;1.0357;
214;"GP_MOD_PRST_P22_L";2;1;1.6000;2.0069;0.0000;3.6069;0.6670;1.3399;
215;"GP_MOD_PRST_P23_L";2;1;1.6000;1.3258;0.0000;2.9258;0.4403;0.8855;
216;"GP_MOD_PRST_P24_L";2;1;1.6000;1.4000;0.0000;3.0000;0.8000;0.6000;
217;"GP_MOD_PRST_P25_L";2;1;1.6000;3.1456;0.0000;4.7456;0.8760;2.2696;
218;"GP_MOD_PRST_P26_L";2;1;1.6000;3.3987;0.0000;4.9987;0.4763;2.9224;
219;"GP_MOD_PRST_P27_L";2;1;1.6000;1.3522;0.0000;2.9522;0.3906;0.9616;
220;"GP_MOD_PRST_P28_L";2;1;1.6000;2.4819;0.0000;4.0819;1.1692;1.3127;
221;"GP_MOD_PRST_P29_L";2;1;1.6000;1.1414;0.0000;2.7414;0.7250;0.4164;
222;"GP_MOD_PRST_P30_L";2;1;1.6000;2.0330;0.0000;3.6330;0.9680;1.0650;
223;"GP_MOD_PRST_P31_L";2;1;1.6000;2.2907;0.0000;3.8907;1.3841;0.9066;
224;"GP_MOD_PRST_P32_L";2;1;1.6000;1.4864;0.0000;3.0864;0.5092;0.9771;
225;"HS_ASIC_QSFPDD_05AN";1;0;0.0000;0.0000;0.0000;0.0000;0.0000;0.0000;
226;"HS_ASIC_QSFPDD_05AP";1;0;0.0000;0.0000;0.0000;0.0000;0.0000;0.0000;
227;"HS_ASIC_QSFPDD_05BN";1;0;0.0000;0.0000;0.0000;0.0000;0.0000;0.0000;
228;"HS_ASIC_QSFPDD_05BP";1;0;0.0000;0.0000;0.0000;0.0000;0.0000;0.0000;
229;"HS_ASIC_QSFPDD_05CN";1;0;0.0000;0.0000;0.0000;0.0000;0.0000;0.0000;
230;"HS_ASIC_QSFPDD_05CP";1;0;0.0000;0.0000;0.0000;0.0000;0.0000;0.0000;
231;"HS_ASIC_QSFPDD_05DN";1;0;0.0000;0.0000;0.0000;0.0000;0.0000;0.0000;
232;"HS_ASIC_QSFPDD_05DP";1;0;0.0000;0.0000;0.0000;0.0000;0.0000;0.0000;
233;"HS_ASIC_QSFPDD_05EN";1;0;0.0000;0.0000;0.0000;0.0000;0.0000;0.0000;
234;"HS_ASIC_QSFPDD_05EP";1;0;0.0000;0.0000;0.0000;0.0000;0.0000;0.0000;
235;"HS_ASIC_QSFPDD_05FN";1;0;0.0000;0.0000;0.0000;0.0000;0.0000;0.0000;
236;"HS_ASIC_QSFPDD_05FP";1;0;0.0000;0.0000;0.0000;0.0000;0.0000;0.0000;
237;"HS_ASIC_QSFPDD_05GN";1;0;0.0000;0.0000;0.0000;0.0000;0.0000;0.0000;
238;"HS_ASIC_QSFPDD_05GP";1;0;0.0000;0.0000;0.0000;0.0000;0.0000;0.0000;
239;"HS_ASIC_QSFPDD_05HN";1;0;0.0000;0.0000;0.0000;0.0000;0.0000;0.0000;
240;"HS_ASIC_QSFPDD_05HP";1;0;0.0000;0.0000;0.0000;0.0000;0.0000;0.0000;
241;"HS_ASIC_QSFPDD_06AN";1;0;0.0000;0.0000;0.0000;0.0000;0.0000;0.0000;
242;"HS_ASIC_QSFPDD_06AP";1;0;0.0000;0.0000;0.0000;0.0000;0.0000;0.0000;
243;"HS_ASIC_QSFPDD_06BN";1;0;0.0000;0.0000;0.0000;0.0000;0.0000;0.0000;
244;"HS_ASIC_QSFPDD_06BP";1;0;0.0000;0.0000;0.0000;0.0000;0.0000;0.0000;
245;"HS_ASIC_QSFPDD_06CN";1;0;0.0000;0.0000;0.0000;0.0000;0.0000;0.0000;
246;"HS_ASIC_QSFPDD_06CP";1;0;0.0000;0.0000;0.0000;0.0000;0.0000;0.0000;
247;"HS_ASIC_QSFPDD_06DN";1;0;0.0000;0.0000;0.0000;0.0000;0.0000;0.0000;
248;"HS_ASIC_QSFPDD_06DP";1;0;0.0000;0.0000;0.0000;0.0000;0.0000;0.0000;
249;"HS_ASIC_QSFPDD_06EN";1;0;0.0000;0.0000;0.0000;0.0000;0.0000;0.0000;
250;"HS_ASIC_QSFPDD_06EP";1;0;0.0000;0.0000;0.0000;0.0000;0.0000;0.0000;
251;"HS_ASIC_QSFPDD_06FN";1;0;0.0000;0.0000;0.0000;0.0000;0.0000;0.0000;
252;"HS_ASIC_QSFPDD_06FP";1;0;0.0000;0.0000;0.0000;0.0000;0.0000;0.0000;
253;"HS_ASIC_QSFPDD_06GN";1;0;0.0000;0.0000;0.0000;0.0000;0.0000;0.0000;
254;"HS_ASIC_QSFPDD_06GP";1;0;0.0000;0.0000;0.0000;0.0000;0.0000;0.0000;
255;"HS_ASIC_QSFPDD_06HN";1;0;0.0000;0.0000;0.0000;0.0000;0.0000;0.0000;
256;"HS_ASIC_QSFPDD_06HP";1;0;0.0000;0.0000;0.0000;0.0000;0.0000;0.0000;
257;"HS_ASIC_QSFPDD_07AN";1;0;0.0000;0.0000;0.0000;0.0000;0.0000;0.0000;
258;"HS_ASIC_QSFPDD_07AP";1;0;0.0000;0.0000;0.0000;0.0000;0.0000;0.0000;
259;"HS_ASIC_QSFPDD_07BN";1;0;0.0000;0.0000;0.0000;0.0000;0.0000;0.0000;
260;"HS_ASIC_QSFPDD_07BP";1;0;0.0000;0.0000;0.0000;0.0000;0.0000;0.0000;
261;"HS_ASIC_QSFPDD_07CN";1;0;0.0000;0.0000;0.0000;0.0000;0.0000;0.0000;
262;"HS_ASIC_QSFPDD_07CP";1;0;0.0000;0.0000;0.0000;0.0000;0.0000;0.0000;
263;"HS_ASIC_QSFPDD_07DN";1;0;0.0000;0.0000;0.0000;0.0000;0.0000;0.0000;
264;"HS_ASIC_QSFPDD_07DP";1;0;0.0000;0.0000;0.0000;0.0000;0.0000;0.0000;
265;"HS_ASIC_QSFPDD_07EN";1;0;0.0000;0.0000;0.0000;0.0000;0.0000;0.0000;
266;"HS_ASIC_QSFPDD_07EP";1;0;0.0000;0.0000;0.0000;0.0000;0.0000;0.0000;
267;"HS_ASIC_QSFPDD_07FN";1;0;0.0000;0.0000;0.0000;0.0000;0.0000;0.0000;
268;"HS_ASIC_QSFPDD_07FP";1;0;0.0000;0.0000;0.0000;0.0000;0.0000;0.0000;
269;"HS_ASIC_QSFPDD_07GN";1;0;0.0000;0.0000;0.0000;0.0000;0.0000;0.0000;
270;"HS_ASIC_QSFPDD_07GP";1;0;0.0000;0.0000;0.0000;0.0000;0.0000;0.0000;
271;"HS_ASIC_QSFPDD_07HN";1;0;0.0000;0.0000;0.0000;0.0000;0.0000;0.0000;
272;"HS_ASIC_QSFPDD_07HP";1;0;0.0000;0.0000;0.0000;0.0000;0.0000;0.0000;
273;"HS_ASIC_QSFPDD_08AN";1;0;0.0000;0.0000;0.0000;0.0000;0.0000;0.0000;
274;"HS_ASIC_QSFPDD_08AP";1;0;0.0000;0.0000;0.0000;0.0000;0.0000;0.0000;
275;"HS_ASIC_QSFPDD_08BN";1;0;0.0000;0.0000;0.0000;0.0000;0.0000;0.0000;
276;"HS_ASIC_QSFPDD_08BP";1;0;0.0000;0.0000;0.0000;0.0000;0.0000;0.0000;
277;"HS_ASIC_QSFPDD_08CN";1;0;0.0000;0.0000;0.0000;0.0000;0.0000;0.0000;
278;"HS_ASIC_QSFPDD_08CP";1;0;0.0000;0.0000;0.0000;0.0000;0.0000;0.0000;
279;"HS_ASIC_QSFPDD_08DN";1;0;0.0000;0.0000;0.0000;0.0000;0.0000;0.0000;
280;"HS_ASIC_QSFPDD_08DP";1;0;0.0000;0.0000;0.0000;0.0000;0.0000;0.0000;
281;"HS_ASIC_QSFPDD_08EN";1;0;0.0000;0.0000;0.0000;0.0000;0.0000;0.0000;
282;"HS_ASIC_QSFPDD_08EP";1;0;0.0000;0.0000;0.0000;0.0000;0.0000;0.0000;
283;"HS_ASIC_QSFPDD_08FN";1;0;0.0000;0.0000;0.0000;0.0000;0.0000;0.0000;
284;"HS_ASIC_QSFPDD_08FP";1;0;0.0000;0.0000;0.0000;0.0000;0.0000;0.0000;
285;"HS_ASIC_QSFPDD_08GN";1;0;0.0000;0.0000;0.0000;0.0000;0.0000;0.0000;
286;"HS_ASIC_QSFPDD_08GP";1;0;0.0000;0.0000;0.0000;0.0000;0.0000;0.0000;
287;"HS_ASIC_QSFPDD_08HN";1;0;0.0000;0.0000;0.0000;0.0000;0.0000;0.0000;
288;"HS_ASIC_QSFPDD_08HP";1;0;0.0000;0.0000;0.0000;0.0000;0.0000;0.0000;
289;"HS_ASIC_QSFPDD_09AN";1;0;0.0000;0.0000;0.0000;0.0000;0.0000;0.0000;
290;"HS_ASIC_QSFPDD_09AP";1;0;0.0000;0.0000;0.0000;0.0000;0.0000;0.0000;
291;"HS_ASIC_QSFPDD_09BN";1;0;0.0000;0.0000;0.0000;0.0000;0.0000;0.0000;
292;"HS_ASIC_QSFPDD_09BP";1;0;0.0000;0.0000;0.0000;0.0000;0.0000;0.0000;
293;"HS_ASIC_QSFPDD_09CN";1;0;0.0000;0.0000;0.0000;0.0000;0.0000;0.0000;
294;"HS_ASIC_QSFPDD_09CP";1;0;0.0000;0.0000;0.0000;0.0000;0.0000;0.0000;
295;"HS_ASIC_QSFPDD_09DN";1;0;0.0000;0.0000;0.0000;0.0000;0.0000;0.0000;
296;"HS_ASIC_QSFPDD_09DP";1;0;0.0000;0.0000;0.0000;0.0000;0.0000;0.0000;
297;"HS_ASIC_QSFPDD_09EN";1;0;0.0000;0.0000;0.0000;0.0000;0.0000;0.0000;
298;"HS_ASIC_QSFPDD_09EP";1;0;0.0000;0.0000;0.0000;0.0000;0.0000;0.0000;
299;"HS_ASIC_QSFPDD_09FN";1;0;0.0000;0.0000;0.0000;0.0000;0.0000;0.0000;
300;"HS_ASIC_QSFPDD_09FP";1;0;0.0000;0.0000;0.0000;0.0000;0.0000;0.0000;
301;"HS_ASIC_QSFPDD_09GN";1;0;0.0000;0.0000;0.0000;0.0000;0.0000;0.0000;
302;"HS_ASIC_QSFPDD_09GP";1;0;0.0000;0.0000;0.0000;0.0000;0.0000;0.0000;
303;"HS_ASIC_QSFPDD_09HN";1;0;0.0000;0.0000;0.0000;0.0000;0.0000;0.0000;
304;"HS_ASIC_QSFPDD_09HP";1;0;0.0000;0.0000;0.0000;0.0000;0.0000;0.0000;
305;"HS_ASIC_QSFPDD_10AN";1;0;0.0000;0.0000;0.0000;0.0000;0.0000;0.0000;
306;"HS_ASIC_QSFPDD_10AP";1;0;0.0000;0.0000;0.0000;0.0000;0.0000;0.0000;
307;"HS_ASIC_QSFPDD_10BN";1;0;0.0000;0.0000;0.0000;0.0000;0.0000;0.0000;
308;"HS_ASIC_QSFPDD_10BP";1;0;0.0000;0.0000;0.0000;0.0000;0.0000;0.0000;
309;"HS_ASIC_QSFPDD_10CN";1;0;0.0000;0.0000;0.0000;0.0000;0.0000;0.0000;
310;"HS_ASIC_QSFPDD_10CP";1;0;0.0000;0.0000;0.0000;0.0000;0.0000;0.0000;
311;"HS_ASIC_QSFPDD_10DN";1;0;0.0000;0.0000;0.0000;0.0000;0.0000;0.0000;
312;"HS_ASIC_QSFPDD_10DP";1;0;0.0000;0.0000;0.0000;0.0000;0.0000;0.0000;
313;"HS_ASIC_QSFPDD_10EN";1;0;0.0000;0.0000;0.0000;0.0000;0.0000;0.0000;
314;"HS_ASIC_QSFPDD_10EP";1;0;0.0000;0.0000;0.0000;0.0000;0.0000;0.0000;
315;"HS_ASIC_QSFPDD_10FN";1;0;0.0000;0.0000;0.0000;0.0000;0.0000;0.0000;
316;"HS_ASIC_QSFPDD_10FP";1;0;0.0000;0.0000;0.0000;0.0000;0.0000;0.0000;
317;"HS_ASIC_QSFPDD_10GN";1;0;0.0000;0.0000;0.0000;0.0000;0.0000;0.0000;
318;"HS_ASIC_QSFPDD_10GP";1;0;0.0000;0.0000;0.0000;0.0000;0.0000;0.0000;
319;"HS_ASIC_QSFPDD_10HN";1;0;0.0000;0.0000;0.0000;0.0000;0.0000;0.0000;
320;"HS_ASIC_QSFPDD_10HP";1;0;0.0000;0.0000;0.0000;0.0000;0.0000;0.0000;
321;"HS_ASIC_QSFPDD_11AN";1;0;0.0000;0.0000;0.0000;0.0000;0.0000;0.0000;
322;"HS_ASIC_QSFPDD_11AP";1;0;0.0000;0.0000;0.0000;0.0000;0.0000;0.0000;
323;"HS_ASIC_QSFPDD_11BN";1;0;0.0000;0.0000;0.0000;0.0000;0.0000;0.0000;
324;"HS_ASIC_QSFPDD_11BP";1;0;0.0000;0.0000;0.0000;0.0000;0.0000;0.0000;
325;"HS_ASIC_QSFPDD_11CN";1;0;0.0000;0.0000;0.0000;0.0000;0.0000;0.0000;
326;"HS_ASIC_QSFPDD_11CP";1;0;0.0000;0.0000;0.0000;0.0000;0.0000;0.0000;
327;"HS_ASIC_QSFPDD_11DN";1;0;0.0000;0.0000;0.0000;0.0000;0.0000;0.0000;
328;"HS_ASIC_QSFPDD_11DP";1;0;0.0000;0.0000;0.0000;0.0000;0.0000;0.0000;
329;"HS_ASIC_QSFPDD_11EN";1;0;0.0000;0.0000;0.0000;0.0000;0.0000;0.0000;
330;"HS_ASIC_QSFPDD_11EP";1;0;0.0000;0.0000;0.0000;0.0000;0.0000;0.0000;
331;"HS_ASIC_QSFPDD_11FN";1;0;0.0000;0.0000;0.0000;0.0000;0.0000;0.0000;
332;"HS_ASIC_QSFPDD_11FP";1;0;0.0000;0.0000;0.0000;0.0000;0.0000;0.0000;
333;"HS_ASIC_QSFPDD_11GN";1;0;0.0000;0.0000;0.0000;0.0000;0.0000;0.0000;
334;"HS_ASIC_QSFPDD_11GP";1;0;0.0000;0.0000;0.0000;0.0000;0.0000;0.0000;
335;"HS_ASIC_QSFPDD_11HN";1;0;0.0000;0.0000;0.0000;0.0000;0.0000;0.0000;
336;"HS_ASIC_QSFPDD_11HP";1;0;0.0000;0.0000;0.0000;0.0000;0.0000;0.0000;
337;"HS_ASIC_QSFPDD_12AN";1;0;0.0000;0.0000;0.0000;0.0000;0.0000;0.0000;
338;"HS_ASIC_QSFPDD_12AP";1;0;0.0000;0.0000;0.0000;0.0000;0.0000;0.0000;
339;"HS_ASIC_QSFPDD_12BN";1;0;0.0000;0.0000;0.0000;0.0000;0.0000;0.0000;
340;"HS_ASIC_QSFPDD_12BP";1;0;0.0000;0.0000;0.0000;0.0000;0.0000;0.0000;
341;"HS_ASIC_QSFPDD_12CN";1;0;0.0000;0.0000;0.0000;0.0000;0.0000;0.0000;
342;"HS_ASIC_QSFPDD_12CP";1;0;0.0000;0.0000;0.0000;0.0000;0.0000;0.0000;
343;"HS_ASIC_QSFPDD_12DN";1;0;0.0000;0.0000;0.0000;0.0000;0.0000;0.0000;
344;"HS_ASIC_QSFPDD_12DP";1;0;0.0000;0.0000;0.0000;0.0000;0.0000;0.0000;
345;"HS_ASIC_QSFPDD_12EN";1;0;0.0000;0.0000;0.0000;0.0000;0.0000;0.0000;
346;"HS_ASIC_QSFPDD_12EP";1;0;0.0000;0.0000;0.0000;0.0000;0.0000;0.0000;
347;"HS_ASIC_QSFPDD_12FN";1;0;0.0000;0.0000;0.0000;0.0000;0.0000;0.0000;
348;"HS_ASIC_QSFPDD_12FP";1;0;0.0000;0.0000;0.0000;0.0000;0.0000;0.0000;
349;"HS_ASIC_QSFPDD_12GN";1;0;0.0000;0.0000;0.0000;0.0000;0.0000;0.0000;
350;"HS_ASIC_QSFPDD_12GP";1;0;0.0000;0.0000;0.0000;0.0000;0.0000;0.0000;
351;"HS_ASIC_QSFPDD_12HN";1;0;0.0000;0.0000;0.0000;0.0000;0.0000;0.0000;
352;"HS_ASIC_QSFPDD_12HP";1;0;0.0000;0.0000;0.0000;0.0000;0.0000;0.0000;
353;"HS_ASIC_QSFPDD_13AN";1;0;0.0000;0.0000;0.0000;0.0000;0.0000;0.0000;
354;"HS_ASIC_QSFPDD_13AP";1;0;0.0000;0.0000;0.0000;0.0000;0.0000;0.0000;
355;"HS_ASIC_QSFPDD_13BN";1;0;0.0000;0.0000;0.0000;0.0000;0.0000;0.0000;
356;"HS_ASIC_QSFPDD_13BP";1;0;0.0000;0.0000;0.0000;0.0000;0.0000;0.0000;
357;"HS_ASIC_QSFPDD_13CN";1;0;0.0000;0.0000;0.0000;0.0000;0.0000;0.0000;
358;"HS_ASIC_QSFPDD_13CP";1;0;0.0000;0.0000;0.0000;0.0000;0.0000;0.0000;
359;"HS_ASIC_QSFPDD_13DN";1;0;0.0000;0.0000;0.0000;0.0000;0.0000;0.0000;
360;"HS_ASIC_QSFPDD_13DP";1;0;0.0000;0.0000;0.0000;0.0000;0.0000;0.0000;
361;"HS_ASIC_QSFPDD_13EN";1;0;0.0000;0.0000;0.0000;0.0000;0.0000;0.0000;
362;"HS_ASIC_QSFPDD_13EP";1;0;0.0000;0.0000;0.0000;0.0000;0.0000;0.0000;
363;"HS_ASIC_QSFPDD_13FN";1;0;0.0000;0.0000;0.0000;0.0000;0.0000;0.0000;
364;"HS_ASIC_QSFPDD_13FP";1;0;0.0000;0.0000;0.0000;0.0000;0.0000;0.0000;
365;"HS_ASIC_QSFPDD_13GN";1;0;0.0000;0.0000;0.0000;0.0000;0.0000;0.0000;
366;"HS_ASIC_QSFPDD_13GP";1;0;0.0000;0.0000;0.0000;0.0000;0.0000;0.0000;
367;"HS_ASIC_QSFPDD_13HN";1;0;0.0000;0.0000;0.0000;0.0000;0.0000;0.0000;
368;"HS_ASIC_QSFPDD_13HP";1;0;0.0000;0.0000;0.0000;0.0000;0.0000;0.0000;
369;"HS_ASIC_QSFPDD_14AN";1;0;0.0000;0.0000;0.0000;0.0000;0.0000;0.0000;
370;"HS_ASIC_QSFPDD_14AP";1;0;0.0000;0.0000;0.0000;0.0000;0.0000;0.0000;
371;"HS_ASIC_QSFPDD_14BN";1;0;0.0000;0.0000;0.0000;0.0000;0.0000;0.0000;
372;"HS_ASIC_QSFPDD_14BP";1;0;0.0000;0.0000;0.0000;0.0000;0.0000;0.0000;
373;"HS_ASIC_QSFPDD_14CN";1;0;0.0000;0.0000;0.0000;0.0000;0.0000;0.0000;
374;"HS_ASIC_QSFPDD_14CP";1;0;0.0000;0.0000;0.0000;0.0000;0.0000;0.0000;
375;"HS_ASIC_QSFPDD_14DN";1;0;0.0000;0.0000;0.0000;0.0000;0.0000;0.0000;
376;"HS_ASIC_QSFPDD_14DP";1;0;0.0000;0.0000;0.0000;0.0000;0.0000;0.0000;
377;"HS_ASIC_QSFPDD_14EN";1;0;0.0000;0.0000;0.0000;0.0000;0.0000;0.0000;
378;"HS_ASIC_QSFPDD_14EP";1;0;0.0000;0.0000;0.0000;0.0000;0.0000;0.0000;
379;"HS_ASIC_QSFPDD_14FN";1;0;0.0000;0.0000;0.0000;0.0000;0.0000;0.0000;
380;"HS_ASIC_QSFPDD_14FP";1;0;0.0000;0.0000;0.0000;0.0000;0.0000;0.0000;
381;"HS_ASIC_QSFPDD_14GN";1;0;0.0000;0.0000;0.0000;0.0000;0.0000;0.0000;
382;"HS_ASIC_QSFPDD_14GP";1;0;0.0000;0.0000;0.0000;0.0000;0.0000;0.0000;
383;"HS_ASIC_QSFPDD_14HN";1;0;0.0000;0.0000;0.0000;0.0000;0.0000;0.0000;
384;"HS_ASIC_QSFPDD_14HP";1;0;0.0000;0.0000;0.0000;0.0000;0.0000;0.0000;
385;"HS_ASIC_QSFPDD_15AN";1;0;0.0000;0.0000;0.0000;0.0000;0.0000;0.0000;
386;"HS_ASIC_QSFPDD_15AP";1;0;0.0000;0.0000;0.0000;0.0000;0.0000;0.0000;
387;"HS_ASIC_QSFPDD_15BN";1;0;0.0000;0.0000;0.0000;0.0000;0.0000;0.0000;
388;"HS_ASIC_QSFPDD_15BP";1;0;0.0000;0.0000;0.0000;0.0000;0.0000;0.0000;
389;"HS_ASIC_QSFPDD_15CN";1;0;0.0000;0.0000;0.0000;0.0000;0.0000;0.0000;
390;"HS_ASIC_QSFPDD_15CP";1;0;0.0000;0.0000;0.0000;0.0000;0.0000;0.0000;
391;"HS_ASIC_QSFPDD_15DN";1;0;0.0000;0.0000;0.0000;0.0000;0.0000;0.0000;
392;"HS_ASIC_QSFPDD_15DP";1;0;0.0000;0.0000;0.0000;0.0000;0.0000;0.0000;
393;"HS_ASIC_QSFPDD_15EN";1;0;0.0000;0.0000;0.0000;0.0000;0.0000;0.0000;
394;"HS_ASIC_QSFPDD_15EP";1;0;0.0000;0.0000;0.0000;0.0000;0.0000;0.0000;
395;"HS_ASIC_QSFPDD_15FN";1;0;0.0000;0.0000;0.0000;0.0000;0.0000;0.0000;
396;"HS_ASIC_QSFPDD_15FP";1;0;0.0000;0.0000;0.0000;0.0000;0.0000;0.0000;
397;"HS_ASIC_QSFPDD_15GN";1;0;0.0000;0.0000;0.0000;0.0000;0.0000;0.0000;
398;"HS_ASIC_QSFPDD_15GP";1;0;0.0000;0.0000;0.0000;0.0000;0.0000;0.0000;
399;"HS_ASIC_QSFPDD_15HN";1;0;0.0000;0.0000;0.0000;0.0000;0.0000;0.0000;
400;"HS_ASIC_QSFPDD_15HP";1;0;0.0000;0.0000;0.0000;0.0000;0.0000;0.0000;
401;"HS_ASIC_QSFPDD_16AN";1;0;0.0000;0.0000;0.0000;0.0000;0.0000;0.0000;
402;"HS_ASIC_QSFPDD_16AP";1;0;0.0000;0.0000;0.0000;0.0000;0.0000;0.0000;
403;"HS_ASIC_QSFPDD_16BN";1;0;0.0000;0.0000;0.0000;0.0000;0.0000;0.0000;
404;"HS_ASIC_QSFPDD_16BP";1;0;0.0000;0.0000;0.0000;0.0000;0.0000;0.0000;
405;"HS_ASIC_QSFPDD_16CN";1;0;0.0000;0.0000;0.0000;0.0000;0.0000;0.0000;
406;"HS_ASIC_QSFPDD_16CP";1;0;0.0000;0.0000;0.0000;0.0000;0.0000;0.0000;
407;"HS_ASIC_QSFPDD_16DN";1;0;0.0000;0.0000;0.0000;0.0000;0.0000;0.0000;
408;"HS_ASIC_QSFPDD_16DP";1;0;0.0000;0.0000;0.0000;0.0000;0.0000;0.0000;
409;"HS_ASIC_QSFPDD_16EN";1;0;0.0000;0.0000;0.0000;0.0000;0.0000;0.0000;
410;"HS_ASIC_QSFPDD_16EP";1;0;0.0000;0.0000;0.0000;0.0000;0.0000;0.0000;
411;"HS_ASIC_QSFPDD_16FN";1;0;0.0000;0.0000;0.0000;0.0000;0.0000;0.0000;
412;"HS_ASIC_QSFPDD_16FP";1;0;0.0000;0.0000;0.0000;0.0000;0.0000;0.0000;
413;"HS_ASIC_QSFPDD_16GN";1;0;0.0000;0.0000;0.0000;0.0000;0.0000;0.0000;
414;"HS_ASIC_QSFPDD_16GP";1;0;0.0000;0.0000;0.0000;0.0000;0.0000;0.0000;
415;"HS_ASIC_QSFPDD_16HN";1;0;0.0000;0.0000;0.0000;0.0000;0.0000;0.0000;
416;"HS_ASIC_QSFPDD_16HP";1;0;0.0000;0.0000;0.0000;0.0000;0.0000;0.0000;
417;"HS_ASIC_QSFPDD_17AN";1;0;0.0000;0.0000;0.0000;0.0000;0.0000;0.0000;
418;"HS_ASIC_QSFPDD_17AP";1;0;0.0000;0.0000;0.0000;0.0000;0.0000;0.0000;
419;"HS_ASIC_QSFPDD_17BN";1;0;0.0000;0.0000;0.0000;0.0000;0.0000;0.0000;
420;"HS_ASIC_QSFPDD_17BP";1;0;0.0000;0.0000;0.0000;0.0000;0.0000;0.0000;
421;"HS_ASIC_QSFPDD_17CN";1;0;0.0000;0.0000;0.0000;0.0000;0.0000;0.0000;
422;"HS_ASIC_QSFPDD_17CP";1;0;0.0000;0.0000;0.0000;0.0000;0.0000;0.0000;
423;"HS_ASIC_QSFPDD_17DN";1;0;0.0000;0.0000;0.0000;0.0000;0.0000;0.0000;
424;"HS_ASIC_QSFPDD_17DP";1;0;0.0000;0.0000;0.0000;0.0000;0.0000;0.0000;
425;"HS_ASIC_QSFPDD_17EN";1;0;0.0000;0.0000;0.0000;0.0000;0.0000;0.0000;
426;"HS_ASIC_QSFPDD_17EP";1;0;0.0000;0.0000;0.0000;0.0000;0.0000;0.0000;
427;"HS_ASIC_QSFPDD_17FN";1;0;0.0000;0.0000;0.0000;0.0000;0.0000;0.0000;
428;"HS_ASIC_QSFPDD_17FP";1;0;0.0000;0.0000;0.0000;0.0000;0.0000;0.0000;
429;"HS_ASIC_QSFPDD_17GN";1;0;0.0000;0.0000;0.0000;0.0000;0.0000;0.0000;
430;"HS_ASIC_QSFPDD_17GP";1;0;0.0000;0.0000;0.0000;0.0000;0.0000;0.0000;
431;"HS_ASIC_QSFPDD_17HN";1;0;0.0000;0.0000;0.0000;0.0000;0.0000;0.0000;
432;"HS_ASIC_QSFPDD_17HP";1;0;0.0000;0.0000;0.0000;0.0000;0.0000;0.0000;
433;"HS_ASIC_QSFPDD_18AN";1;0;0.0000;0.0000;0.0000;0.0000;0.0000;0.0000;
434;"HS_ASIC_QSFPDD_18AP";1;0;0.0000;0.0000;0.0000;0.0000;0.0000;0.0000;
435;"HS_ASIC_QSFPDD_18BN";1;0;0.0000;0.0000;0.0000;0.0000;0.0000;0.0000;
436;"HS_ASIC_QSFPDD_18BP";1;0;0.0000;0.0000;0.0000;0.0000;0.0000;0.0000;
437;"HS_ASIC_QSFPDD_18CN";1;0;0.0000;0.0000;0.0000;0.0000;0.0000;0.0000;
438;"HS_ASIC_QSFPDD_18CP";1;0;0.0000;0.0000;0.0000;0.0000;0.0000;0.0000;
439;"HS_ASIC_QSFPDD_18DN";1;0;0.0000;0.0000;0.0000;0.0000;0.0000;0.0000;
440;"HS_ASIC_QSFPDD_18DP";1;0;0.0000;0.0000;0.0000;0.0000;0.0000;0.0000;
441;"HS_ASIC_QSFPDD_18EN";1;0;0.0000;0.0000;0.0000;0.0000;0.0000;0.0000;
442;"HS_ASIC_QSFPDD_18EP";1;0;0.0000;0.0000;0.0000;0.0000;0.0000;0.0000;
443;"HS_ASIC_QSFPDD_18FN";1;0;0.0000;0.0000;0.0000;0.0000;0.0000;0.0000;
444;"HS_ASIC_QSFPDD_18FP";1;0;0.0000;0.0000;0.0000;0.0000;0.0000;0.0000;
445;"HS_ASIC_QSFPDD_18GN";1;0;0.0000;0.0000;0.0000;0.0000;0.0000;0.0000;
446;"HS_ASIC_QSFPDD_18GP";1;0;0.0000;0.0000;0.0000;0.0000;0.0000;0.0000;
447;"HS_ASIC_QSFPDD_18HN";1;0;0.0000;0.0000;0.0000;0.0000;0.0000;0.0000;
448;"HS_ASIC_QSFPDD_18HP";1;0;0.0000;0.0000;0.0000;0.0000;0.0000;0.0000;
449;"HS_ASIC_QSFPDD_19AN";1;0;0.0000;0.0000;0.0000;0.0000;0.0000;0.0000;
450;"HS_ASIC_QSFPDD_19AP";1;0;0.0000;0.0000;0.0000;0.0000;0.0000;0.0000;
451;"HS_ASIC_QSFPDD_19BN";1;0;0.0000;0.0000;0.0000;0.0000;0.0000;0.0000;
452;"HS_ASIC_QSFPDD_19BP";1;0;0.0000;0.0000;0.0000;0.0000;0.0000;0.0000;
453;"HS_ASIC_QSFPDD_19CN";1;0;0.0000;0.0000;0.0000;0.0000;0.0000;0.0000;
454;"HS_ASIC_QSFPDD_19CP";1;0;0.0000;0.0000;0.0000;0.0000;0.0000;0.0000;
455;"HS_ASIC_QSFPDD_19DN";1;0;0.0000;0.0000;0.0000;0.0000;0.0000;0.0000;
456;"HS_ASIC_QSFPDD_19DP";1;0;0.0000;0.0000;0.0000;0.0000;0.0000;0.0000;
457;"HS_ASIC_QSFPDD_19EN";1;0;0.0000;0.0000;0.0000;0.0000;0.0000;0.0000;
458;"HS_ASIC_QSFPDD_19EP";1;0;0.0000;0.0000;0.0000;0.0000;0.0000;0.0000;
459;"HS_ASIC_QSFPDD_19FN";1;0;0.0000;0.0000;0.0000;0.0000;0.0000;0.0000;
460;"HS_ASIC_QSFPDD_19FP";1;0;0.0000;0.0000;0.0000;0.0000;0.0000;0.0000;
461;"HS_ASIC_QSFPDD_19GN";1;0;0.0000;0.0000;0.0000;0.0000;0.0000;0.0000;
462;"HS_ASIC_QSFPDD_19GP";1;0;0.0000;0.0000;0.0000;0.0000;0.0000;0.0000;
463;"HS_ASIC_QSFPDD_19HN";1;0;0.0000;0.0000;0.0000;0.0000;0.0000;0.0000;
464;"HS_ASIC_QSFPDD_19HP";1;0;0.0000;0.0000;0.0000;0.0000;0.0000;0.0000;
465;"HS_ASIC_QSFPDD_20AN";1;0;0.0000;0.0000;0.0000;0.0000;0.0000;0.0000;
466;"HS_ASIC_QSFPDD_20AP";1;0;0.0000;0.0000;0.0000;0.0000;0.0000;0.0000;
467;"HS_ASIC_QSFPDD_20BN";1;0;0.0000;0.0000;0.0000;0.0000;0.0000;0.0000;
468;"HS_ASIC_QSFPDD_20BP";1;0;0.0000;0.0000;0.0000;0.0000;0.0000;0.0000;
469;"HS_ASIC_QSFPDD_20CN";1;0;0.0000;0.0000;0.0000;0.0000;0.0000;0.0000;
470;"HS_ASIC_QSFPDD_20CP";1;0;0.0000;0.0000;0.0000;0.0000;0.0000;0.0000;
471;"HS_ASIC_QSFPDD_20DN";1;0;0.0000;0.0000;0.0000;0.0000;0.0000;0.0000;
472;"HS_ASIC_QSFPDD_20DP";1;0;0.0000;0.0000;0.0000;0.0000;0.0000;0.0000;
473;"HS_ASIC_QSFPDD_20EN";1;0;0.0000;0.0000;0.0000;0.0000;0.0000;0.0000;
474;"HS_ASIC_QSFPDD_20EP";1;0;0.0000;0.0000;0.0000;0.0000;0.0000;0.0000;
475;"HS_ASIC_QSFPDD_20FN";1;0;0.0000;0.0000;0.0000;0.0000;0.0000;0.0000;
476;"HS_ASIC_QSFPDD_20FP";1;0;0.0000;0.0000;0.0000;0.0000;0.0000;0.0000;
477;"HS_ASIC_QSFPDD_20GN";1;0;0.0000;0.0000;0.0000;0.0000;0.0000;0.0000;
478;"HS_ASIC_QSFPDD_20GP";1;0;0.0000;0.0000;0.0000;0.0000;0.0000;0.0000;
479;"HS_ASIC_QSFPDD_20HN";1;0;0.0000;0.0000;0.0000;0.0000;0.0000;0.0000;
480;"HS_ASIC_QSFPDD_20HP";1;0;0.0000;0.0000;0.0000;0.0000;0.0000;0.0000;
481;"HS_ASIC_QSFPDD_21AN";1;0;0.0000;0.0000;0.0000;0.0000;0.0000;0.0000;
482;"HS_ASIC_QSFPDD_21AP";1;0;0.0000;0.0000;0.0000;0.0000;0.0000;0.0000;
483;"HS_ASIC_QSFPDD_21BN";1;0;0.0000;0.0000;0.0000;0.0000;0.0000;0.0000;
484;"HS_ASIC_QSFPDD_21BP";1;0;0.0000;0.0000;0.0000;0.0000;0.0000;0.0000;
485;"HS_ASIC_QSFPDD_21CN";1;0;0.0000;0.0000;0.0000;0.0000;0.0000;0.0000;
486;"HS_ASIC_QSFPDD_21CP";1;0;0.0000;0.0000;0.0000;0.0000;0.0000;0.0000;
487;"HS_ASIC_QSFPDD_21DN";1;0;0.0000;0.0000;0.0000;0.0000;0.0000;0.0000;
488;"HS_ASIC_QSFPDD_21DP";1;0;0.0000;0.0000;0.0000;0.0000;0.0000;0.0000;
489;"HS_ASIC_QSFPDD_21EN";1;0;0.0000;0.0000;0.0000;0.0000;0.0000;0.0000;
490;"HS_ASIC_QSFPDD_21EP";1;0;0.0000;0.0000;0.0000;0.0000;0.0000;0.0000;
491;"HS_ASIC_QSFPDD_21FN";1;0;0.0000;0.0000;0.0000;0.0000;0.0000;0.0000;
492;"HS_ASIC_QSFPDD_21FP";1;0;0.0000;0.0000;0.0000;0.0000;0.0000;0.0000;
493;"HS_ASIC_QSFPDD_21GN";1;0;0.0000;0.0000;0.0000;0.0000;0.0000;0.0000;
494;"HS_ASIC_QSFPDD_21GP";1;0;0.0000;0.0000;0.0000;0.0000;0.0000;0.0000;
495;"HS_ASIC_QSFPDD_21HN";1;0;0.0000;0.0000;0.0000;0.0000;0.0000;0.0000;
496;"HS_ASIC_QSFPDD_21HP";1;0;0.0000;0.0000;0.0000;0.0000;0.0000;0.0000;
497;"HS_ASIC_QSFPDD_22AN";1;0;0.0000;0.0000;0.0000;0.0000;0.0000;0.0000;
498;"HS_ASIC_QSFPDD_22AP";1;0;0.0000;0.0000;0.0000;0.0000;0.0000;0.0000;
499;"HS_ASIC_QSFPDD_22BN";1;0;0.0000;0.0000;0.0000;0.0000;0.0000;0.0000;
500;"HS_ASIC_QSFPDD_22BP";1;0;0.0000;0.0000;0.0000;0.0000;0.0000;0.0000;
501;"HS_ASIC_QSFPDD_22CN";1;0;0.0000;0.0000;0.0000;0.0000;0.0000;0.0000;
502;"HS_ASIC_QSFPDD_22CP";1;0;0.0000;0.0000;0.0000;0.0000;0.0000;0.0000;
503;"HS_ASIC_QSFPDD_22DN";1;0;0.0000;0.0000;0.0000;0.0000;0.0000;0.0000;
504;"HS_ASIC_QSFPDD_22DP";1;0;0.0000;0.0000;0.0000;0.0000;0.0000;0.0000;
505;"HS_ASIC_QSFPDD_22EN";1;0;0.0000;0.0000;0.0000;0.0000;0.0000;0.0000;
506;"HS_ASIC_QSFPDD_22EP";1;0;0.0000;0.0000;0.0000;0.0000;0.0000;0.0000;
507;"HS_ASIC_QSFPDD_22FN";1;0;0.0000;0.0000;0.0000;0.0000;0.0000;0.0000;
508;"HS_ASIC_QSFPDD_22FP";1;0;0.0000;0.0000;0.0000;0.0000;0.0000;0.0000;
509;"HS_ASIC_QSFPDD_22GN";1;0;0.0000;0.0000;0.0000;0.0000;0.0000;0.0000;
510;"HS_ASIC_QSFPDD_22GP";1;0;0.0000;0.0000;0.0000;0.0000;0.0000;0.0000;
511;"HS_ASIC_QSFPDD_22HN";1;0;0.0000;0.0000;0.0000;0.0000;0.0000;0.0000;
512;"HS_ASIC_QSFPDD_22HP";1;0;0.0000;0.0000;0.0000;0.0000;0.0000;0.0000;
513;"HS_ASIC_QSFPDD_23AN";1;0;0.0000;0.0000;0.0000;0.0000;0.0000;0.0000;
514;"HS_ASIC_QSFPDD_23AP";1;0;0.0000;0.0000;0.0000;0.0000;0.0000;0.0000;
515;"HS_ASIC_QSFPDD_23BN";1;0;0.0000;0.0000;0.0000;0.0000;0.0000;0.0000;
516;"HS_ASIC_QSFPDD_23BP";1;0;0.0000;0.0000;0.0000;0.0000;0.0000;0.0000;
517;"HS_ASIC_QSFPDD_23CN";1;0;0.0000;0.0000;0.0000;0.0000;0.0000;0.0000;
518;"HS_ASIC_QSFPDD_23CP";1;0;0.0000;0.0000;0.0000;0.0000;0.0000;0.0000;
519;"HS_ASIC_QSFPDD_23DN";1;0;0.0000;0.0000;0.0000;0.0000;0.0000;0.0000;
520;"HS_ASIC_QSFPDD_23DP";1;0;0.0000;0.0000;0.0000;0.0000;0.0000;0.0000;
521;"HS_ASIC_QSFPDD_23EN";1;0;0.0000;0.0000;0.0000;0.0000;0.0000;0.0000;
522;"HS_ASIC_QSFPDD_23EP";1;0;0.0000;0.0000;0.0000;0.0000;0.0000;0.0000;
523;"HS_ASIC_QSFPDD_23FN";1;0;0.0000;0.0000;0.0000;0.0000;0.0000;0.0000;
524;"HS_ASIC_QSFPDD_23FP";1;0;0.0000;0.0000;0.0000;0.0000;0.0000;0.0000;
525;"HS_ASIC_QSFPDD_23GN";1;0;0.0000;0.0000;0.0000;0.0000;0.0000;0.0000;
526;"HS_ASIC_QSFPDD_23GP";1;0;0.0000;0.0000;0.0000;0.0000;0.0000;0.0000;
527;"HS_ASIC_QSFPDD_23HN";1;0;0.0000;0.0000;0.0000;0.0000;0.0000;0.0000;
528;"HS_ASIC_QSFPDD_23HP";1;0;0.0000;0.0000;0.0000;0.0000;0.0000;0.0000;
529;"HS_ASIC_QSFPDD_24AN";1;0;0.0000;0.0000;0.0000;0.0000;0.0000;0.0000;
530;"HS_ASIC_QSFPDD_24AP";1;0;0.0000;0.0000;0.0000;0.0000;0.0000;0.0000;
531;"HS_ASIC_QSFPDD_24BN";1;0;0.0000;0.0000;0.0000;0.0000;0.0000;0.0000;
532;"HS_ASIC_QSFPDD_24BP";1;0;0.0000;0.0000;0.0000;0.0000;0.0000;0.0000;
533;"HS_ASIC_QSFPDD_24CN";1;0;0.0000;0.0000;0.0000;0.0000;0.0000;0.0000;
534;"HS_ASIC_QSFPDD_24CP";1;0;0.0000;0.0000;0.0000;0.0000;0.0000;0.0000;
535;"HS_ASIC_QSFPDD_24DN";1;0;0.0000;0.0000;0.0000;0.0000;0.0000;0.0000;
536;"HS_ASIC_QSFPDD_24DP";1;0;0.0000;0.0000;0.0000;0.0000;0.0000;0.0000;
537;"HS_ASIC_QSFPDD_24EN";1;0;0.0000;0.0000;0.0000;0.0000;0.0000;0.0000;
538;"HS_ASIC_QSFPDD_24EP";1;0;0.0000;0.0000;0.0000;0.0000;0.0000;0.0000;
539;"HS_ASIC_QSFPDD_24FN";1;0;0.0000;0.0000;0.0000;0.0000;0.0000;0.0000;
540;"HS_ASIC_QSFPDD_24FP";1;0;0.0000;0.0000;0.0000;0.0000;0.0000;0.0000;
541;"HS_ASIC_QSFPDD_24GN";1;0;0.0000;0.0000;0.0000;0.0000;0.0000;0.0000;
542;"HS_ASIC_QSFPDD_24GP";1;0;0.0000;0.0000;0.0000;0.0000;0.0000;0.0000;
543;"HS_ASIC_QSFPDD_24HN";1;0;0.0000;0.0000;0.0000;0.0000;0.0000;0.0000;
544;"HS_ASIC_QSFPDD_24HP";1;0;0.0000;0.0000;0.0000;0.0000;0.0000;0.0000;
545;"HS_ASIC_QSFPDD_25AN";1;0;0.0000;0.0000;0.0000;0.0000;0.0000;0.0000;
546;"HS_ASIC_QSFPDD_25AP";1;0;0.0000;0.0000;0.0000;0.0000;0.0000;0.0000;
547;"HS_ASIC_QSFPDD_25BN";1;0;0.0000;0.0000;0.0000;0.0000;0.0000;0.0000;
548;"HS_ASIC_QSFPDD_25BP";1;0;0.0000;0.0000;0.0000;0.0000;0.0000;0.0000;
549;"HS_ASIC_QSFPDD_25CN";1;0;0.0000;0.0000;0.0000;0.0000;0.0000;0.0000;
550;"HS_ASIC_QSFPDD_25CP";1;0;0.0000;0.0000;0.0000;0.0000;0.0000;0.0000;
551;"HS_ASIC_QSFPDD_25DN";1;0;0.0000;0.0000;0.0000;0.0000;0.0000;0.0000;
552;"HS_ASIC_QSFPDD_25DP";1;0;0.0000;0.0000;0.0000;0.0000;0.0000;0.0000;
553;"HS_ASIC_QSFPDD_25EN";1;0;0.0000;0.0000;0.0000;0.0000;0.0000;0.0000;
554;"HS_ASIC_QSFPDD_25EP";1;0;0.0000;0.0000;0.0000;0.0000;0.0000;0.0000;
555;"HS_ASIC_QSFPDD_25FN";1;0;0.0000;0.0000;0.0000;0.0000;0.0000;0.0000;
556;"HS_ASIC_QSFPDD_25FP";1;0;0.0000;0.0000;0.0000;0.0000;0.0000;0.0000;
557;"HS_ASIC_QSFPDD_25GN";1;0;0.0000;0.0000;0.0000;0.0000;0.0000;0.0000;
558;"HS_ASIC_QSFPDD_25GP";1;0;0.0000;0.0000;0.0000;0.0000;0.0000;0.0000;
559;"HS_ASIC_QSFPDD_25HN";1;0;0.0000;0.0000;0.0000;0.0000;0.0000;0.0000;
560;"HS_ASIC_QSFPDD_25HP";1;0;0.0000;0.0000;0.0000;0.0000;0.0000;0.0000;
561;"HS_ASIC_QSFPDD_26AN";1;0;0.0000;0.0000;0.0000;0.0000;0.0000;0.0000;
562;"HS_ASIC_QSFPDD_26AP";1;0;0.0000;0.0000;0.0000;0.0000;0.0000;0.0000;
563;"HS_ASIC_QSFPDD_26BN";1;0;0.0000;0.0000;0.0000;0.0000;0.0000;0.0000;
564;"HS_ASIC_QSFPDD_26BP";1;0;0.0000;0.0000;0.0000;0.0000;0.0000;0.0000;
565;"HS_ASIC_QSFPDD_26CN";1;0;0.0000;0.0000;0.0000;0.0000;0.0000;0.0000;
566;"HS_ASIC_QSFPDD_26CP";1;0;0.0000;0.0000;0.0000;0.0000;0.0000;0.0000;
567;"HS_ASIC_QSFPDD_26DN";1;0;0.0000;0.0000;0.0000;0.0000;0.0000;0.0000;
568;"HS_ASIC_QSFPDD_26DP";1;0;0.0000;0.0000;0.0000;0.0000;0.0000;0.0000;
569;"HS_ASIC_QSFPDD_26EN";1;0;0.0000;0.0000;0.0000;0.0000;0.0000;0.0000;
570;"HS_ASIC_QSFPDD_26EP";1;0;0.0000;0.0000;0.0000;0.0000;0.0000;0.0000;
571;"HS_ASIC_QSFPDD_26FN";1;0;0.0000;0.0000;0.0000;0.0000;0.0000;0.0000;
572;"HS_ASIC_QSFPDD_26FP";1;0;0.0000;0.0000;0.0000;0.0000;0.0000;0.0000;
573;"HS_ASIC_QSFPDD_26GN";1;0;0.0000;0.0000;0.0000;0.0000;0.0000;0.0000;
574;"HS_ASIC_QSFPDD_26GP";1;0;0.0000;0.0000;0.0000;0.0000;0.0000;0.0000;
575;"HS_ASIC_QSFPDD_26HN";1;0;0.0000;0.0000;0.0000;0.0000;0.0000;0.0000;
576;"HS_ASIC_QSFPDD_26HP";1;0;0.0000;0.0000;0.0000;0.0000;0.0000;0.0000;
577;"HS_ASIC_QSFPDD_27AN";1;0;0.0000;0.0000;0.0000;0.0000;0.0000;0.0000;
578;"HS_ASIC_QSFPDD_27AP";1;0;0.0000;0.0000;0.0000;0.0000;0.0000;0.0000;
579;"HS_ASIC_QSFPDD_27BN";1;0;0.0000;0.0000;0.0000;0.0000;0.0000;0.0000;
580;"HS_ASIC_QSFPDD_27BP";1;0;0.0000;0.0000;0.0000;0.0000;0.0000;0.0000;
581;"HS_ASIC_QSFPDD_27CN";1;0;0.0000;0.0000;0.0000;0.0000;0.0000;0.0000;
582;"HS_ASIC_QSFPDD_27CP";1;0;0.0000;0.0000;0.0000;0.0000;0.0000;0.0000;
583;"HS_ASIC_QSFPDD_27DN";1;0;0.0000;0.0000;0.0000;0.0000;0.0000;0.0000;
584;"HS_ASIC_QSFPDD_27DP";1;0;0.0000;0.0000;0.0000;0.0000;0.0000;0.0000;
585;"HS_ASIC_QSFPDD_27EN";1;0;0.0000;0.0000;0.0000;0.0000;0.0000;0.0000;
586;"HS_ASIC_QSFPDD_27EP";1;0;0.0000;0.0000;0.0000;0.0000;0.0000;0.0000;
587;"HS_ASIC_QSFPDD_27FN";1;0;0.0000;0.0000;0.0000;0.0000;0.0000;0.0000;
588;"HS_ASIC_QSFPDD_27FP";1;0;0.0000;0.0000;0.0000;0.0000;0.0000;0.0000;
589;"HS_ASIC_QSFPDD_27GN";1;0;0.0000;0.0000;0.0000;0.0000;0.0000;0.0000;
590;"HS_ASIC_QSFPDD_27GP";1;0;0.0000;0.0000;0.0000;0.0000;0.0000;0.0000;
591;"HS_ASIC_QSFPDD_27HN";1;0;0.0000;0.0000;0.0000;0.0000;0.0000;0.0000;
592;"HS_ASIC_QSFPDD_27HP";1;0;0.0000;0.0000;0.0000;0.0000;0.0000;0.0000;
593;"HS_ASIC_QSFPDD_28AN";1;0;0.0000;0.0000;0.0000;0.0000;0.0000;0.0000;
594;"HS_ASIC_QSFPDD_28AP";1;0;0.0000;0.0000;0.0000;0.0000;0.0000;0.0000;
595;"HS_ASIC_QSFPDD_28BN";1;0;0.0000;0.0000;0.0000;0.0000;0.0000;0.0000;
596;"HS_ASIC_QSFPDD_28BP";1;0;0.0000;0.0000;0.0000;0.0000;0.0000;0.0000;
597;"HS_ASIC_QSFPDD_28CN";1;0;0.0000;0.0000;0.0000;0.0000;0.0000;0.0000;
598;"HS_ASIC_QSFPDD_28CP";1;0;0.0000;0.0000;0.0000;0.0000;0.0000;0.0000;
599;"HS_ASIC_QSFPDD_28DN";1;0;0.0000;0.0000;0.0000;0.0000;0.0000;0.0000;
600;"HS_ASIC_QSFPDD_28DP";1;0;0.0000;0.0000;0.0000;0.0000;0.0000;0.0000;
601;"HS_ASIC_QSFPDD_28EN";1;0;0.0000;0.0000;0.0000;0.0000;0.0000;0.0000;
602;"HS_ASIC_QSFPDD_28EP";1;0;0.0000;0.0000;0.0000;0.0000;0.0000;0.0000;
603;"HS_ASIC_QSFPDD_28FN";1;0;0.0000;0.0000;0.0000;0.0000;0.0000;0.0000;
604;"HS_ASIC_QSFPDD_28FP";1;0;0.0000;0.0000;0.0000;0.0000;0.0000;0.0000;
605;"HS_ASIC_QSFPDD_28GN";1;0;0.0000;0.0000;0.0000;0.0000;0.0000;0.0000;
606;"HS_ASIC_QSFPDD_28GP";1;0;0.0000;0.0000;0.0000;0.0000;0.0000;0.0000;
607;"HS_ASIC_QSFPDD_28HN";1;0;0.0000;0.0000;0.0000;0.0000;0.0000;0.0000;
608;"HS_ASIC_QSFPDD_28HP";1;0;0.0000;0.0000;0.0000;0.0000;0.0000;0.0000;
609;"HS_ASIC_QSFPDD_29AN";1;0;0.0000;0.0000;0.0000;0.0000;0.0000;0.0000;
610;"HS_ASIC_QSFPDD_29AP";1;0;0.0000;0.0000;0.0000;0.0000;0.0000;0.0000;
611;"HS_ASIC_QSFPDD_29BN";1;0;0.0000;0.0000;0.0000;0.0000;0.0000;0.0000;
612;"HS_ASIC_QSFPDD_29BP";1;0;0.0000;0.0000;0.0000;0.0000;0.0000;0.0000;
613;"HS_ASIC_QSFPDD_29CN";1;0;0.0000;0.0000;0.0000;0.0000;0.0000;0.0000;
614;"HS_ASIC_QSFPDD_29CP";1;0;0.0000;0.0000;0.0000;0.0000;0.0000;0.0000;
615;"HS_ASIC_QSFPDD_29DN";1;0;0.0000;0.0000;0.0000;0.0000;0.0000;0.0000;
616;"HS_ASIC_QSFPDD_29DP";1;0;0.0000;0.0000;0.0000;0.0000;0.0000;0.0000;
617;"HS_ASIC_QSFPDD_29EN";1;0;0.0000;0.0000;0.0000;0.0000;0.0000;0.0000;
618;"HS_ASIC_QSFPDD_29EP";1;0;0.0000;0.0000;0.0000;0.0000;0.0000;0.0000;
619;"HS_ASIC_QSFPDD_29FN";1;0;0.0000;0.0000;0.0000;0.0000;0.0000;0.0000;
620;"HS_ASIC_QSFPDD_29FP";1;0;0.0000;0.0000;0.0000;0.0000;0.0000;0.0000;
621;"HS_ASIC_QSFPDD_29GN";1;0;0.0000;0.0000;0.0000;0.0000;0.0000;0.0000;
622;"HS_ASIC_QSFPDD_29GP";1;0;0.0000;0.0000;0.0000;0.0000;0.0000;0.0000;
623;"HS_ASIC_QSFPDD_29HN";1;0;0.0000;0.0000;0.0000;0.0000;0.0000;0.0000;
624;"HS_ASIC_QSFPDD_29HP";1;0;0.0000;0.0000;0.0000;0.0000;0.0000;0.0000;
625;"HS_ASIC_QSFPDD_30AN";1;0;0.0000;0.0000;0.0000;0.0000;0.0000;0.0000;
626;"HS_ASIC_QSFPDD_30AP";1;0;0.0000;0.0000;0.0000;0.0000;0.0000;0.0000;
627;"HS_ASIC_QSFPDD_30BN";1;0;0.0000;0.0000;0.0000;0.0000;0.0000;0.0000;
628;"HS_ASIC_QSFPDD_30BP";1;0;0.0000;0.0000;0.0000;0.0000;0.0000;0.0000;
629;"HS_ASIC_QSFPDD_30CN";1;0;0.0000;0.0000;0.0000;0.0000;0.0000;0.0000;
630;"HS_ASIC_QSFPDD_30CP";1;0;0.0000;0.0000;0.0000;0.0000;0.0000;0.0000;
631;"HS_ASIC_QSFPDD_30DN";1;0;0.0000;0.0000;0.0000;0.0000;0.0000;0.0000;
632;"HS_ASIC_QSFPDD_30DP";1;0;0.0000;0.0000;0.0000;0.0000;0.0000;0.0000;
633;"HS_ASIC_QSFPDD_30EN";1;0;0.0000;0.0000;0.0000;0.0000;0.0000;0.0000;
634;"HS_ASIC_QSFPDD_30EP";1;0;0.0000;0.0000;0.0000;0.0000;0.0000;0.0000;
635;"HS_ASIC_QSFPDD_30FN";1;0;0.0000;0.0000;0.0000;0.0000;0.0000;0.0000;
636;"HS_ASIC_QSFPDD_30FP";1;0;0.0000;0.0000;0.0000;0.0000;0.0000;0.0000;
637;"HS_ASIC_QSFPDD_30GN";1;0;0.0000;0.0000;0.0000;0.0000;0.0000;0.0000;
638;"HS_ASIC_QSFPDD_30GP";1;0;0.0000;0.0000;0.0000;0.0000;0.0000;0.0000;
639;"HS_ASIC_QSFPDD_30HN";1;0;0.0000;0.0000;0.0000;0.0000;0.0000;0.0000;
640;"HS_ASIC_QSFPDD_30HP";1;0;0.0000;0.0000;0.0000;0.0000;0.0000;0.0000;
641;"HS_ASIC_QSFPDD_31AN";1;0;0.0000;0.0000;0.0000;0.0000;0.0000;0.0000;
642;"HS_ASIC_QSFPDD_31AP";1;0;0.0000;0.0000;0.0000;0.0000;0.0000;0.0000;
643;"HS_ASIC_QSFPDD_31BN";1;0;0.0000;0.0000;0.0000;0.0000;0.0000;0.0000;
644;"HS_ASIC_QSFPDD_31BP";1;0;0.0000;0.0000;0.0000;0.0000;0.0000;0.0000;
645;"HS_ASIC_QSFPDD_31CN";1;0;0.0000;0.0000;0.0000;0.0000;0.0000;0.0000;
646;"HS_ASIC_QSFPDD_31CP";1;0;0.0000;0.0000;0.0000;0.0000;0.0000;0.0000;
647;"HS_ASIC_QSFPDD_31DN";1;0;0.0000;0.0000;0.0000;0.0000;0.0000;0.0000;
648;"HS_ASIC_QSFPDD_31DP";1;0;0.0000;0.0000;0.0000;0.0000;0.0000;0.0000;
649;"HS_ASIC_QSFPDD_31EN";1;0;0.0000;0.0000;0.0000;0.0000;0.0000;0.0000;
650;"HS_ASIC_QSFPDD_31EP";1;0;0.0000;0.0000;0.0000;0.0000;0.0000;0.0000;
651;"HS_ASIC_QSFPDD_31FN";1;0;0.0000;0.0000;0.0000;0.0000;0.0000;0.0000;
652;"HS_ASIC_QSFPDD_31FP";1;0;0.0000;0.0000;0.0000;0.0000;0.0000;0.0000;
653;"HS_ASIC_QSFPDD_31GN";1;0;0.0000;0.0000;0.0000;0.0000;0.0000;0.0000;
654;"HS_ASIC_QSFPDD_31GP";1;0;0.0000;0.0000;0.0000;0.0000;0.0000;0.0000;
655;"HS_ASIC_QSFPDD_31HN";1;0;0.0000;0.0000;0.0000;0.0000;0.0000;0.0000;
656;"HS_ASIC_QSFPDD_31HP";1;0;0.0000;0.0000;0.0000;0.0000;0.0000;0.0000;
657;"HS_ASIC_QSFPDD_32AN";1;0;0.0000;0.0000;0.0000;0.0000;0.0000;0.0000;
658;"HS_ASIC_QSFPDD_32AP";1;0;0.0000;0.0000;0.0000;0.0000;0.0000;0.0000;
659;"HS_ASIC_QSFPDD_32BN";1;0;0.0000;0.0000;0.0000;0.0000;0.0000;0.0000;
660;"HS_ASIC_QSFPDD_32BP";1;0;0.0000;0.0000;0.0000;0.0000;0.0000;0.0000;
661;"HS_ASIC_QSFPDD_32CN";1;0;0.0000;0.0000;0.0000;0.0000;0.0000;0.0000;
662;"HS_ASIC_QSFPDD_32CP";1;0;0.0000;0.0000;0.0000;0.0000;0.0000;0.0000;
663;"HS_ASIC_QSFPDD_32DN";1;0;0.0000;0.0000;0.0000;0.0000;0.0000;0.0000;
664;"HS_ASIC_QSFPDD_32DP";1;0;0.0000;0.0000;0.0000;0.0000;0.0000;0.0000;
665;"HS_ASIC_QSFPDD_32EN";1;0;0.0000;0.0000;0.0000;0.0000;0.0000;0.0000;
666;"HS_ASIC_QSFPDD_32EP";1;0;0.0000;0.0000;0.0000;0.0000;0.0000;0.0000;
667;"HS_ASIC_QSFPDD_32FN";1;0;0.0000;0.0000;0.0000;0.0000;0.0000;0.0000;
668;"HS_ASIC_QSFPDD_32FP";1;0;0.0000;0.0000;0.0000;0.0000;0.0000;0.0000;
669;"HS_ASIC_QSFPDD_32GN";1;0;0.0000;0.0000;0.0000;0.0000;0.0000;0.0000;
670;"HS_ASIC_QSFPDD_32GP";1;0;0.0000;0.0000;0.0000;0.0000;0.0000;0.0000;
671;"HS_ASIC_QSFPDD_32HN";1;0;0.0000;0.0000;0.0000;0.0000;0.0000;0.0000;
672;"HS_ASIC_QSFPDD_32HP";1;0;0.0000;0.0000;0.0000;0.0000;0.0000;0.0000;
673;"HS_QSFPDD_ASIC_05AN";1;0;0.0000;0.0000;0.0000;0.0000;0.0000;0.0000;
674;"HS_QSFPDD_ASIC_05AP";1;0;0.0000;0.0000;0.0000;0.0000;0.0000;0.0000;
675;"HS_QSFPDD_ASIC_05BN";1;0;0.0000;0.0000;0.0000;0.0000;0.0000;0.0000;
676;"HS_QSFPDD_ASIC_05BP";1;0;0.0000;0.0000;0.0000;0.0000;0.0000;0.0000;
677;"HS_QSFPDD_ASIC_05CN";1;0;0.0000;0.0000;0.0000;0.0000;0.0000;0.0000;
678;"HS_QSFPDD_ASIC_05CP";1;0;0.0000;0.0000;0.0000;0.0000;0.0000;0.0000;
679;"HS_QSFPDD_ASIC_05DN";1;0;0.0000;0.0000;0.0000;0.0000;0.0000;0.0000;
680;"HS_QSFPDD_ASIC_05DP";1;0;0.0000;0.0000;0.0000;0.0000;0.0000;0.0000;
681;"HS_QSFPDD_ASIC_05EN";1;0;0.0000;0.0000;0.0000;0.0000;0.0000;0.0000;
682;"HS_QSFPDD_ASIC_05EP";1;0;0.0000;0.0000;0.0000;0.0000;0.0000;0.0000;
683;"HS_QSFPDD_ASIC_05FN";1;0;0.0000;0.0000;0.0000;0.0000;0.0000;0.0000;
684;"HS_QSFPDD_ASIC_05FP";1;0;0.0000;0.0000;0.0000;0.0000;0.0000;0.0000;
685;"HS_QSFPDD_ASIC_05GN";1;0;0.0000;0.0000;0.0000;0.0000;0.0000;0.0000;
686;"HS_QSFPDD_ASIC_05GP";1;0;0.0000;0.0000;0.0000;0.0000;0.0000;0.0000;
687;"HS_QSFPDD_ASIC_05HN";1;0;0.0000;0.0000;0.0000;0.0000;0.0000;0.0000;
688;"HS_QSFPDD_ASIC_05HP";1;0;0.0000;0.0000;0.0000;0.0000;0.0000;0.0000;
689;"HS_QSFPDD_ASIC_06AN";1;0;0.0000;0.0000;0.0000;0.0000;0.0000;0.0000;
690;"HS_QSFPDD_ASIC_06AP";1;0;0.0000;0.0000;0.0000;0.0000;0.0000;0.0000;
691;"HS_QSFPDD_ASIC_06BN";1;0;0.0000;0.0000;0.0000;0.0000;0.0000;0.0000;
692;"HS_QSFPDD_ASIC_06BP";1;0;0.0000;0.0000;0.0000;0.0000;0.0000;0.0000;
693;"HS_QSFPDD_ASIC_06CN";1;0;0.0000;0.0000;0.0000;0.0000;0.0000;0.0000;
694;"HS_QSFPDD_ASIC_06CP";1;0;0.0000;0.0000;0.0000;0.0000;0.0000;0.0000;
695;"HS_QSFPDD_ASIC_06DN";1;0;0.0000;0.0000;0.0000;0.0000;0.0000;0.0000;
696;"HS_QSFPDD_ASIC_06DP";1;0;0.0000;0.0000;0.0000;0.0000;0.0000;0.0000;
697;"HS_QSFPDD_ASIC_06EN";1;0;0.0000;0.0000;0.0000;0.0000;0.0000;0.0000;
698;"HS_QSFPDD_ASIC_06EP";1;0;0.0000;0.0000;0.0000;0.0000;0.0000;0.0000;
699;"HS_QSFPDD_ASIC_06FN";1;0;0.0000;0.0000;0.0000;0.0000;0.0000;0.0000;
700;"HS_QSFPDD_ASIC_06FP";1;0;0.0000;0.0000;0.0000;0.0000;0.0000;0.0000;
701;"HS_QSFPDD_ASIC_06GN";1;0;0.0000;0.0000;0.0000;0.0000;0.0000;0.0000;
702;"HS_QSFPDD_ASIC_06GP";1;0;0.0000;0.0000;0.0000;0.0000;0.0000;0.0000;
703;"HS_QSFPDD_ASIC_06HN";1;0;0.0000;0.0000;0.0000;0.0000;0.0000;0.0000;
704;"HS_QSFPDD_ASIC_06HP";1;0;0.0000;0.0000;0.0000;0.0000;0.0000;0.0000;
705;"HS_QSFPDD_ASIC_07AN";1;0;0.0000;0.0000;0.0000;0.0000;0.0000;0.0000;
706;"HS_QSFPDD_ASIC_07AP";1;0;0.0000;0.0000;0.0000;0.0000;0.0000;0.0000;
707;"HS_QSFPDD_ASIC_07BN";1;0;0.0000;0.0000;0.0000;0.0000;0.0000;0.0000;
708;"HS_QSFPDD_ASIC_07BP";1;0;0.0000;0.0000;0.0000;0.0000;0.0000;0.0000;
709;"HS_QSFPDD_ASIC_07CN";1;0;0.0000;0.0000;0.0000;0.0000;0.0000;0.0000;
710;"HS_QSFPDD_ASIC_07CP";1;0;0.0000;0.0000;0.0000;0.0000;0.0000;0.0000;
711;"HS_QSFPDD_ASIC_07DN";1;0;0.0000;0.0000;0.0000;0.0000;0.0000;0.0000;
712;"HS_QSFPDD_ASIC_07DP";1;0;0.0000;0.0000;0.0000;0.0000;0.0000;0.0000;
713;"HS_QSFPDD_ASIC_07EN";1;0;0.0000;0.0000;0.0000;0.0000;0.0000;0.0000;
714;"HS_QSFPDD_ASIC_07EP";1;0;0.0000;0.0000;0.0000;0.0000;0.0000;0.0000;
715;"HS_QSFPDD_ASIC_07FN";1;0;0.0000;0.0000;0.0000;0.0000;0.0000;0.0000;
716;"HS_QSFPDD_ASIC_07FP";1;0;0.0000;0.0000;0.0000;0.0000;0.0000;0.0000;
717;"HS_QSFPDD_ASIC_07GN";1;0;0.0000;0.0000;0.0000;0.0000;0.0000;0.0000;
718;"HS_QSFPDD_ASIC_07GP";1;0;0.0000;0.0000;0.0000;0.0000;0.0000;0.0000;
719;"HS_QSFPDD_ASIC_07HN";1;0;0.0000;0.0000;0.0000;0.0000;0.0000;0.0000;
720;"HS_QSFPDD_ASIC_07HP";1;0;0.0000;0.0000;0.0000;0.0000;0.0000;0.0000;
721;"HS_QSFPDD_ASIC_08AN";1;0;0.0000;0.0000;0.0000;0.0000;0.0000;0.0000;
722;"HS_QSFPDD_ASIC_08AP";1;0;0.0000;0.0000;0.0000;0.0000;0.0000;0.0000;
723;"HS_QSFPDD_ASIC_08BN";1;0;0.0000;0.0000;0.0000;0.0000;0.0000;0.0000;
724;"HS_QSFPDD_ASIC_08BP";1;0;0.0000;0.0000;0.0000;0.0000;0.0000;0.0000;
725;"HS_QSFPDD_ASIC_08CN";1;0;0.0000;0.0000;0.0000;0.0000;0.0000;0.0000;
726;"HS_QSFPDD_ASIC_08CP";1;0;0.0000;0.0000;0.0000;0.0000;0.0000;0.0000;
727;"HS_QSFPDD_ASIC_08DN";1;0;0.0000;0.0000;0.0000;0.0000;0.0000;0.0000;
728;"HS_QSFPDD_ASIC_08DP";1;0;0.0000;0.0000;0.0000;0.0000;0.0000;0.0000;
729;"HS_QSFPDD_ASIC_08EN";1;0;0.0000;0.0000;0.0000;0.0000;0.0000;0.0000;
730;"HS_QSFPDD_ASIC_08EP";1;0;0.0000;0.0000;0.0000;0.0000;0.0000;0.0000;
731;"HS_QSFPDD_ASIC_08FN";1;0;0.0000;0.0000;0.0000;0.0000;0.0000;0.0000;
732;"HS_QSFPDD_ASIC_08FP";1;0;0.0000;0.0000;0.0000;0.0000;0.0000;0.0000;
733;"HS_QSFPDD_ASIC_08GN";1;0;0.0000;0.0000;0.0000;0.0000;0.0000;0.0000;
734;"HS_QSFPDD_ASIC_08GP";1;0;0.0000;0.0000;0.0000;0.0000;0.0000;0.0000;
735;"HS_QSFPDD_ASIC_08HN";1;0;0.0000;0.0000;0.0000;0.0000;0.0000;0.0000;
736;"HS_QSFPDD_ASIC_08HP";1;0;0.0000;0.0000;0.0000;0.0000;0.0000;0.0000;
737;"HS_QSFPDD_ASIC_09AN";1;0;0.0000;0.0000;0.0000;0.0000;0.0000;0.0000;
738;"HS_QSFPDD_ASIC_09AP";1;0;0.0000;0.0000;0.0000;0.0000;0.0000;0.0000;
739;"HS_QSFPDD_ASIC_09BN";1;0;0.0000;0.0000;0.0000;0.0000;0.0000;0.0000;
740;"HS_QSFPDD_ASIC_09BP";1;0;0.0000;0.0000;0.0000;0.0000;0.0000;0.0000;
741;"HS_QSFPDD_ASIC_09CN";1;0;0.0000;0.0000;0.0000;0.0000;0.0000;0.0000;
742;"HS_QSFPDD_ASIC_09CP";1;0;0.0000;0.0000;0.0000;0.0000;0.0000;0.0000;
743;"HS_QSFPDD_ASIC_09DN";1;0;0.0000;0.0000;0.0000;0.0000;0.0000;0.0000;
744;"HS_QSFPDD_ASIC_09DP";1;0;0.0000;0.0000;0.0000;0.0000;0.0000;0.0000;
745;"HS_QSFPDD_ASIC_09EN";1;0;0.0000;0.0000;0.0000;0.0000;0.0000;0.0000;
746;"HS_QSFPDD_ASIC_09EP";1;0;0.0000;0.0000;0.0000;0.0000;0.0000;0.0000;
747;"HS_QSFPDD_ASIC_09FN";1;0;0.0000;0.0000;0.0000;0.0000;0.0000;0.0000;
748;"HS_QSFPDD_ASIC_09FP";1;0;0.0000;0.0000;0.0000;0.0000;0.0000;0.0000;
749;"HS_QSFPDD_ASIC_09GN";1;0;0.0000;0.0000;0.0000;0.0000;0.0000;0.0000;
750;"HS_QSFPDD_ASIC_09GP";1;0;0.0000;0.0000;0.0000;0.0000;0.0000;0.0000;
751;"HS_QSFPDD_ASIC_09HN";1;0;0.0000;0.0000;0.0000;0.0000;0.0000;0.0000;
752;"HS_QSFPDD_ASIC_09HP";1;0;0.0000;0.0000;0.0000;0.0000;0.0000;0.0000;
753;"HS_QSFPDD_ASIC_10AN";1;0;0.0000;0.0000;0.0000;0.0000;0.0000;0.0000;
754;"HS_QSFPDD_ASIC_10AP";1;0;0.0000;0.0000;0.0000;0.0000;0.0000;0.0000;
755;"HS_QSFPDD_ASIC_10BN";1;0;0.0000;0.0000;0.0000;0.0000;0.0000;0.0000;
756;"HS_QSFPDD_ASIC_10BP";1;0;0.0000;0.0000;0.0000;0.0000;0.0000;0.0000;
757;"HS_QSFPDD_ASIC_10CN";1;0;0.0000;0.0000;0.0000;0.0000;0.0000;0.0000;
758;"HS_QSFPDD_ASIC_10CP";1;0;0.0000;0.0000;0.0000;0.0000;0.0000;0.0000;
759;"HS_QSFPDD_ASIC_10DN";1;0;0.0000;0.0000;0.0000;0.0000;0.0000;0.0000;
760;"HS_QSFPDD_ASIC_10DP";1;0;0.0000;0.0000;0.0000;0.0000;0.0000;0.0000;
761;"HS_QSFPDD_ASIC_10EN";1;0;0.0000;0.0000;0.0000;0.0000;0.0000;0.0000;
762;"HS_QSFPDD_ASIC_10EP";1;0;0.0000;0.0000;0.0000;0.0000;0.0000;0.0000;
763;"HS_QSFPDD_ASIC_10FN";1;0;0.0000;0.0000;0.0000;0.0000;0.0000;0.0000;
764;"HS_QSFPDD_ASIC_10FP";1;0;0.0000;0.0000;0.0000;0.0000;0.0000;0.0000;
765;"HS_QSFPDD_ASIC_10GN";1;0;0.0000;0.0000;0.0000;0.0000;0.0000;0.0000;
766;"HS_QSFPDD_ASIC_10GP";1;0;0.0000;0.0000;0.0000;0.0000;0.0000;0.0000;
767;"HS_QSFPDD_ASIC_10HN";1;0;0.0000;0.0000;0.0000;0.0000;0.0000;0.0000;
768;"HS_QSFPDD_ASIC_10HP";1;0;0.0000;0.0000;0.0000;0.0000;0.0000;0.0000;
769;"HS_QSFPDD_ASIC_11AN";1;0;0.0000;0.0000;0.0000;0.0000;0.0000;0.0000;
770;"HS_QSFPDD_ASIC_11AP";1;0;0.0000;0.0000;0.0000;0.0000;0.0000;0.0000;
771;"HS_QSFPDD_ASIC_11BN";1;0;0.0000;0.0000;0.0000;0.0000;0.0000;0.0000;
772;"HS_QSFPDD_ASIC_11BP";1;0;0.0000;0.0000;0.0000;0.0000;0.0000;0.0000;
773;"HS_QSFPDD_ASIC_11CN";1;0;0.0000;0.0000;0.0000;0.0000;0.0000;0.0000;
774;"HS_QSFPDD_ASIC_11CP";1;0;0.0000;0.0000;0.0000;0.0000;0.0000;0.0000;
775;"HS_QSFPDD_ASIC_11DN";1;0;0.0000;0.0000;0.0000;0.0000;0.0000;0.0000;
776;"HS_QSFPDD_ASIC_11DP";1;0;0.0000;0.0000;0.0000;0.0000;0.0000;0.0000;
777;"HS_QSFPDD_ASIC_11EN";1;0;0.0000;0.0000;0.0000;0.0000;0.0000;0.0000;
778;"HS_QSFPDD_ASIC_11EP";1;0;0.0000;0.0000;0.0000;0.0000;0.0000;0.0000;
779;"HS_QSFPDD_ASIC_11FN";1;0;0.0000;0.0000;0.0000;0.0000;0.0000;0.0000;
780;"HS_QSFPDD_ASIC_11FP";1;0;0.0000;0.0000;0.0000;0.0000;0.0000;0.0000;
781;"HS_QSFPDD_ASIC_11GN";1;0;0.0000;0.0000;0.0000;0.0000;0.0000;0.0000;
782;"HS_QSFPDD_ASIC_11GP";1;0;0.0000;0.0000;0.0000;0.0000;0.0000;0.0000;
783;"HS_QSFPDD_ASIC_11HN";1;0;0.0000;0.0000;0.0000;0.0000;0.0000;0.0000;
784;"HS_QSFPDD_ASIC_11HP";1;0;0.0000;0.0000;0.0000;0.0000;0.0000;0.0000;
785;"HS_QSFPDD_ASIC_12AN";1;0;0.0000;0.0000;0.0000;0.0000;0.0000;0.0000;
786;"HS_QSFPDD_ASIC_12AP";1;0;0.0000;0.0000;0.0000;0.0000;0.0000;0.0000;
787;"HS_QSFPDD_ASIC_12BN";1;0;0.0000;0.0000;0.0000;0.0000;0.0000;0.0000;
788;"HS_QSFPDD_ASIC_12BP";1;0;0.0000;0.0000;0.0000;0.0000;0.0000;0.0000;
789;"HS_QSFPDD_ASIC_12CN";1;0;0.0000;0.0000;0.0000;0.0000;0.0000;0.0000;
790;"HS_QSFPDD_ASIC_12CP";1;0;0.0000;0.0000;0.0000;0.0000;0.0000;0.0000;
791;"HS_QSFPDD_ASIC_12DN";1;0;0.0000;0.0000;0.0000;0.0000;0.0000;0.0000;
792;"HS_QSFPDD_ASIC_12DP";1;0;0.0000;0.0000;0.0000;0.0000;0.0000;0.0000;
793;"HS_QSFPDD_ASIC_12EN";1;0;0.0000;0.0000;0.0000;0.0000;0.0000;0.0000;
794;"HS_QSFPDD_ASIC_12EP";1;0;0.0000;0.0000;0.0000;0.0000;0.0000;0.0000;
795;"HS_QSFPDD_ASIC_12FN";1;0;0.0000;0.0000;0.0000;0.0000;0.0000;0.0000;
796;"HS_QSFPDD_ASIC_12FP";1;0;0.0000;0.0000;0.0000;0.0000;0.0000;0.0000;
797;"HS_QSFPDD_ASIC_12GN";1;0;0.0000;0.0000;0.0000;0.0000;0.0000;0.0000;
798;"HS_QSFPDD_ASIC_12GP";1;0;0.0000;0.0000;0.0000;0.0000;0.0000;0.0000;
799;"HS_QSFPDD_ASIC_12HN";1;0;0.0000;0.0000;0.0000;0.0000;0.0000;0.0000;
800;"HS_QSFPDD_ASIC_12HP";1;0;0.0000;0.0000;0.0000;0.0000;0.0000;0.0000;
801;"HS_QSFPDD_ASIC_13AN";1;0;0.0000;0.0000;0.0000;0.0000;0.0000;0.0000;
802;"HS_QSFPDD_ASIC_13AP";1;0;0.0000;0.0000;0.0000;0.0000;0.0000;0.0000;
803;"HS_QSFPDD_ASIC_13BN";1;0;0.0000;0.0000;0.0000;0.0000;0.0000;0.0000;
804;"HS_QSFPDD_ASIC_13BP";1;0;0.0000;0.0000;0.0000;0.0000;0.0000;0.0000;
805;"HS_QSFPDD_ASIC_13CN";1;0;0.0000;0.0000;0.0000;0.0000;0.0000;0.0000;
806;"HS_QSFPDD_ASIC_13CP";1;0;0.0000;0.0000;0.0000;0.0000;0.0000;0.0000;
807;"HS_QSFPDD_ASIC_13DN";1;0;0.0000;0.0000;0.0000;0.0000;0.0000;0.0000;
808;"HS_QSFPDD_ASIC_13DP";1;0;0.0000;0.0000;0.0000;0.0000;0.0000;0.0000;
809;"HS_QSFPDD_ASIC_13EN";1;0;0.0000;0.0000;0.0000;0.0000;0.0000;0.0000;
810;"HS_QSFPDD_ASIC_13EP";1;0;0.0000;0.0000;0.0000;0.0000;0.0000;0.0000;
811;"HS_QSFPDD_ASIC_13FN";1;0;0.0000;0.0000;0.0000;0.0000;0.0000;0.0000;
812;"HS_QSFPDD_ASIC_13FP";1;0;0.0000;0.0000;0.0000;0.0000;0.0000;0.0000;
813;"HS_QSFPDD_ASIC_13GN";1;0;0.0000;0.0000;0.0000;0.0000;0.0000;0.0000;
814;"HS_QSFPDD_ASIC_13GP";1;0;0.0000;0.0000;0.0000;0.0000;0.0000;0.0000;
815;"HS_QSFPDD_ASIC_13HN";1;0;0.0000;0.0000;0.0000;0.0000;0.0000;0.0000;
816;"HS_QSFPDD_ASIC_13HP";1;0;0.0000;0.0000;0.0000;0.0000;0.0000;0.0000;
817;"HS_QSFPDD_ASIC_14AN";1;0;0.0000;0.0000;0.0000;0.0000;0.0000;0.0000;
818;"HS_QSFPDD_ASIC_14AP";1;0;0.0000;0.0000;0.0000;0.0000;0.0000;0.0000;
819;"HS_QSFPDD_ASIC_14BN";1;0;0.0000;0.0000;0.0000;0.0000;0.0000;0.0000;
820;"HS_QSFPDD_ASIC_14BP";1;0;0.0000;0.0000;0.0000;0.0000;0.0000;0.0000;
821;"HS_QSFPDD_ASIC_14CN";1;0;0.0000;0.0000;0.0000;0.0000;0.0000;0.0000;
822;"HS_QSFPDD_ASIC_14CP";1;0;0.0000;0.0000;0.0000;0.0000;0.0000;0.0000;
823;"HS_QSFPDD_ASIC_14DN";1;0;0.0000;0.0000;0.0000;0.0000;0.0000;0.0000;
824;"HS_QSFPDD_ASIC_14DP";1;0;0.0000;0.0000;0.0000;0.0000;0.0000;0.0000;
825;"HS_QSFPDD_ASIC_14EN";1;0;0.0000;0.0000;0.0000;0.0000;0.0000;0.0000;
826;"HS_QSFPDD_ASIC_14EP";1;0;0.0000;0.0000;0.0000;0.0000;0.0000;0.0000;
827;"HS_QSFPDD_ASIC_14FN";1;0;0.0000;0.0000;0.0000;0.0000;0.0000;0.0000;
828;"HS_QSFPDD_ASIC_14FP";1;0;0.0000;0.0000;0.0000;0.0000;0.0000;0.0000;
829;"HS_QSFPDD_ASIC_14GN";1;0;0.0000;0.0000;0.0000;0.0000;0.0000;0.0000;
830;"HS_QSFPDD_ASIC_14GP";1;0;0.0000;0.0000;0.0000;0.0000;0.0000;0.0000;
831;"HS_QSFPDD_ASIC_14HN";1;0;0.0000;0.0000;0.0000;0.0000;0.0000;0.0000;
832;"HS_QSFPDD_ASIC_14HP";1;0;0.0000;0.0000;0.0000;0.0000;0.0000;0.0000;
833;"HS_QSFPDD_ASIC_15AN";1;0;0.0000;0.0000;0.0000;0.0000;0.0000;0.0000;
834;"HS_QSFPDD_ASIC_15AP";1;0;0.0000;0.0000;0.0000;0.0000;0.0000;0.0000;
835;"HS_QSFPDD_ASIC_15BN";1;0;0.0000;0.0000;0.0000;0.0000;0.0000;0.0000;
836;"HS_QSFPDD_ASIC_15BP";1;0;0.0000;0.0000;0.0000;0.0000;0.0000;0.0000;
837;"HS_QSFPDD_ASIC_15CN";1;0;0.0000;0.0000;0.0000;0.0000;0.0000;0.0000;
838;"HS_QSFPDD_ASIC_15CP";1;0;0.0000;0.0000;0.0000;0.0000;0.0000;0.0000;
839;"HS_QSFPDD_ASIC_15DN";1;0;0.0000;0.0000;0.0000;0.0000;0.0000;0.0000;
840;"HS_QSFPDD_ASIC_15DP";1;0;0.0000;0.0000;0.0000;0.0000;0.0000;0.0000;
841;"HS_QSFPDD_ASIC_15EN";1;0;0.0000;0.0000;0.0000;0.0000;0.0000;0.0000;
842;"HS_QSFPDD_ASIC_15EP";1;0;0.0000;0.0000;0.0000;0.0000;0.0000;0.0000;
843;"HS_QSFPDD_ASIC_15FN";1;0;0.0000;0.0000;0.0000;0.0000;0.0000;0.0000;
844;"HS_QSFPDD_ASIC_15FP";1;0;0.0000;0.0000;0.0000;0.0000;0.0000;0.0000;
845;"HS_QSFPDD_ASIC_15GN";1;0;0.0000;0.0000;0.0000;0.0000;0.0000;0.0000;
846;"HS_QSFPDD_ASIC_15GP";1;0;0.0000;0.0000;0.0000;0.0000;0.0000;0.0000;
847;"HS_QSFPDD_ASIC_15HN";1;0;0.0000;0.0000;0.0000;0.0000;0.0000;0.0000;
848;"HS_QSFPDD_ASIC_15HP";1;0;0.0000;0.0000;0.0000;0.0000;0.0000;0.0000;
849;"HS_QSFPDD_ASIC_16AN";1;0;0.0000;0.0000;0.0000;0.0000;0.0000;0.0000;
850;"HS_QSFPDD_ASIC_16AP";1;0;0.0000;0.0000;0.0000;0.0000;0.0000;0.0000;
851;"HS_QSFPDD_ASIC_16BN";1;0;0.0000;0.0000;0.0000;0.0000;0.0000;0.0000;
852;"HS_QSFPDD_ASIC_16BP";1;0;0.0000;0.0000;0.0000;0.0000;0.0000;0.0000;
853;"HS_QSFPDD_ASIC_16CN";1;0;0.0000;0.0000;0.0000;0.0000;0.0000;0.0000;
854;"HS_QSFPDD_ASIC_16CP";1;0;0.0000;0.0000;0.0000;0.0000;0.0000;0.0000;
855;"HS_QSFPDD_ASIC_16DN";1;0;0.0000;0.0000;0.0000;0.0000;0.0000;0.0000;
856;"HS_QSFPDD_ASIC_16DP";1;0;0.0000;0.0000;0.0000;0.0000;0.0000;0.0000;
857;"HS_QSFPDD_ASIC_16EN";1;0;0.0000;0.0000;0.0000;0.0000;0.0000;0.0000;
858;"HS_QSFPDD_ASIC_16EP";1;0;0.0000;0.0000;0.0000;0.0000;0.0000;0.0000;
859;"HS_QSFPDD_ASIC_16FN";1;0;0.0000;0.0000;0.0000;0.0000;0.0000;0.0000;
860;"HS_QSFPDD_ASIC_16FP";1;0;0.0000;0.0000;0.0000;0.0000;0.0000;0.0000;
861;"HS_QSFPDD_ASIC_16GN";1;0;0.0000;0.0000;0.0000;0.0000;0.0000;0.0000;
862;"HS_QSFPDD_ASIC_16GP";1;0;0.0000;0.0000;0.0000;0.0000;0.0000;0.0000;
863;"HS_QSFPDD_ASIC_16HN";1;0;0.0000;0.0000;0.0000;0.0000;0.0000;0.0000;
864;"HS_QSFPDD_ASIC_16HP";1;0;0.0000;0.0000;0.0000;0.0000;0.0000;0.0000;
865;"HS_QSFPDD_ASIC_17AN";1;0;0.0000;0.0000;0.0000;0.0000;0.0000;0.0000;
866;"HS_QSFPDD_ASIC_17AP";1;0;0.0000;0.0000;0.0000;0.0000;0.0000;0.0000;
867;"HS_QSFPDD_ASIC_17BN";1;0;0.0000;0.0000;0.0000;0.0000;0.0000;0.0000;
868;"HS_QSFPDD_ASIC_17BP";1;0;0.0000;0.0000;0.0000;0.0000;0.0000;0.0000;
869;"HS_QSFPDD_ASIC_17CN";1;0;0.0000;0.0000;0.0000;0.0000;0.0000;0.0000;
870;"HS_QSFPDD_ASIC_17CP";1;0;0.0000;0.0000;0.0000;0.0000;0.0000;0.0000;
871;"HS_QSFPDD_ASIC_17DN";1;0;0.0000;0.0000;0.0000;0.0000;0.0000;0.0000;
872;"HS_QSFPDD_ASIC_17DP";1;0;0.0000;0.0000;0.0000;0.0000;0.0000;0.0000;
873;"HS_QSFPDD_ASIC_17EN";1;0;0.0000;0.0000;0.0000;0.0000;0.0000;0.0000;
874;"HS_QSFPDD_ASIC_17EP";1;0;0.0000;0.0000;0.0000;0.0000;0.0000;0.0000;
875;"HS_QSFPDD_ASIC_17FN";1;0;0.0000;0.0000;0.0000;0.0000;0.0000;0.0000;
876;"HS_QSFPDD_ASIC_17FP";1;0;0.0000;0.0000;0.0000;0.0000;0.0000;0.0000;
877;"HS_QSFPDD_ASIC_17GN";1;0;0.0000;0.0000;0.0000;0.0000;0.0000;0.0000;
878;"HS_QSFPDD_ASIC_17GP";1;0;0.0000;0.0000;0.0000;0.0000;0.0000;0.0000;
879;"HS_QSFPDD_ASIC_17HN";1;0;0.0000;0.0000;0.0000;0.0000;0.0000;0.0000;
880;"HS_QSFPDD_ASIC_17HP";1;0;0.0000;0.0000;0.0000;0.0000;0.0000;0.0000;
881;"HS_QSFPDD_ASIC_18AN";1;0;0.0000;0.0000;0.0000;0.0000;0.0000;0.0000;
882;"HS_QSFPDD_ASIC_18AP";1;0;0.0000;0.0000;0.0000;0.0000;0.0000;0.0000;
883;"HS_QSFPDD_ASIC_18BN";1;0;0.0000;0.0000;0.0000;0.0000;0.0000;0.0000;
884;"HS_QSFPDD_ASIC_18BP";1;0;0.0000;0.0000;0.0000;0.0000;0.0000;0.0000;
885;"HS_QSFPDD_ASIC_18CN";1;0;0.0000;0.0000;0.0000;0.0000;0.0000;0.0000;
886;"HS_QSFPDD_ASIC_18CP";1;0;0.0000;0.0000;0.0000;0.0000;0.0000;0.0000;
887;"HS_QSFPDD_ASIC_18DN";1;0;0.0000;0.0000;0.0000;0.0000;0.0000;0.0000;
888;"HS_QSFPDD_ASIC_18DP";1;0;0.0000;0.0000;0.0000;0.0000;0.0000;0.0000;
889;"HS_QSFPDD_ASIC_18EN";1;0;0.0000;0.0000;0.0000;0.0000;0.0000;0.0000;
890;"HS_QSFPDD_ASIC_18EP";1;0;0.0000;0.0000;0.0000;0.0000;0.0000;0.0000;
891;"HS_QSFPDD_ASIC_18FN";1;0;0.0000;0.0000;0.0000;0.0000;0.0000;0.0000;
892;"HS_QSFPDD_ASIC_18FP";1;0;0.0000;0.0000;0.0000;0.0000;0.0000;0.0000;
893;"HS_QSFPDD_ASIC_18GN";1;0;0.0000;0.0000;0.0000;0.0000;0.0000;0.0000;
894;"HS_QSFPDD_ASIC_18GP";1;0;0.0000;0.0000;0.0000;0.0000;0.0000;0.0000;
895;"HS_QSFPDD_ASIC_18HN";1;0;0.0000;0.0000;0.0000;0.0000;0.0000;0.0000;
896;"HS_QSFPDD_ASIC_18HP";1;0;0.0000;0.0000;0.0000;0.0000;0.0000;0.0000;
897;"HS_QSFPDD_ASIC_19AN";1;0;0.0000;0.0000;0.0000;0.0000;0.0000;0.0000;
898;"HS_QSFPDD_ASIC_19AP";1;0;0.0000;0.0000;0.0000;0.0000;0.0000;0.0000;
899;"HS_QSFPDD_ASIC_19BN";1;0;0.0000;0.0000;0.0000;0.0000;0.0000;0.0000;
900;"HS_QSFPDD_ASIC_19BP";1;0;0.0000;0.0000;0.0000;0.0000;0.0000;0.0000;
901;"HS_QSFPDD_ASIC_19CN";1;0;0.0000;0.0000;0.0000;0.0000;0.0000;0.0000;
902;"HS_QSFPDD_ASIC_19CP";1;0;0.0000;0.0000;0.0000;0.0000;0.0000;0.0000;
903;"HS_QSFPDD_ASIC_19DN";1;0;0.0000;0.0000;0.0000;0.0000;0.0000;0.0000;
904;"HS_QSFPDD_ASIC_19DP";1;0;0.0000;0.0000;0.0000;0.0000;0.0000;0.0000;
905;"HS_QSFPDD_ASIC_19EN";1;0;0.0000;0.0000;0.0000;0.0000;0.0000;0.0000;
906;"HS_QSFPDD_ASIC_19EP";1;0;0.0000;0.0000;0.0000;0.0000;0.0000;0.0000;
907;"HS_QSFPDD_ASIC_19FN";1;0;0.0000;0.0000;0.0000;0.0000;0.0000;0.0000;
908;"HS_QSFPDD_ASIC_19FP";1;0;0.0000;0.0000;0.0000;0.0000;0.0000;0.0000;
909;"HS_QSFPDD_ASIC_19GN";1;0;0.0000;0.0000;0.0000;0.0000;0.0000;0.0000;
910;"HS_QSFPDD_ASIC_19GP";1;0;0.0000;0.0000;0.0000;0.0000;0.0000;0.0000;
911;"HS_QSFPDD_ASIC_19HN";1;0;0.0000;0.0000;0.0000;0.0000;0.0000;0.0000;
912;"HS_QSFPDD_ASIC_19HP";1;0;0.0000;0.0000;0.0000;0.0000;0.0000;0.0000;
913;"HS_QSFPDD_ASIC_20AN";1;0;0.0000;0.0000;0.0000;0.0000;0.0000;0.0000;
914;"HS_QSFPDD_ASIC_20AP";1;0;0.0000;0.0000;0.0000;0.0000;0.0000;0.0000;
915;"HS_QSFPDD_ASIC_20BN";1;0;0.0000;0.0000;0.0000;0.0000;0.0000;0.0000;
916;"HS_QSFPDD_ASIC_20BP";1;0;0.0000;0.0000;0.0000;0.0000;0.0000;0.0000;
917;"HS_QSFPDD_ASIC_20CN";1;0;0.0000;0.0000;0.0000;0.0000;0.0000;0.0000;
918;"HS_QSFPDD_ASIC_20CP";1;0;0.0000;0.0000;0.0000;0.0000;0.0000;0.0000;
919;"HS_QSFPDD_ASIC_20DN";1;0;0.0000;0.0000;0.0000;0.0000;0.0000;0.0000;
920;"HS_QSFPDD_ASIC_20DP";1;0;0.0000;0.0000;0.0000;0.0000;0.0000;0.0000;
921;"HS_QSFPDD_ASIC_20EN";1;0;0.0000;0.0000;0.0000;0.0000;0.0000;0.0000;
922;"HS_QSFPDD_ASIC_20EP";1;0;0.0000;0.0000;0.0000;0.0000;0.0000;0.0000;
923;"HS_QSFPDD_ASIC_20FN";1;0;0.0000;0.0000;0.0000;0.0000;0.0000;0.0000;
924;"HS_QSFPDD_ASIC_20FP";1;0;0.0000;0.0000;0.0000;0.0000;0.0000;0.0000;
925;"HS_QSFPDD_ASIC_20GN";1;0;0.0000;0.0000;0.0000;0.0000;0.0000;0.0000;
926;"HS_QSFPDD_ASIC_20GP";1;0;0.0000;0.0000;0.0000;0.0000;0.0000;0.0000;
927;"HS_QSFPDD_ASIC_20HN";1;0;0.0000;0.0000;0.0000;0.0000;0.0000;0.0000;
928;"HS_QSFPDD_ASIC_20HP";1;0;0.0000;0.0000;0.0000;0.0000;0.0000;0.0000;
929;"HS_QSFPDD_ASIC_21AN";1;0;0.0000;0.0000;0.0000;0.0000;0.0000;0.0000;
930;"HS_QSFPDD_ASIC_21AP";1;0;0.0000;0.0000;0.0000;0.0000;0.0000;0.0000;
931;"HS_QSFPDD_ASIC_21BN";1;0;0.0000;0.0000;0.0000;0.0000;0.0000;0.0000;
932;"HS_QSFPDD_ASIC_21BP";1;0;0.0000;0.0000;0.0000;0.0000;0.0000;0.0000;
933;"HS_QSFPDD_ASIC_21CN";1;0;0.0000;0.0000;0.0000;0.0000;0.0000;0.0000;
934;"HS_QSFPDD_ASIC_21CP";1;0;0.0000;0.0000;0.0000;0.0000;0.0000;0.0000;
935;"HS_QSFPDD_ASIC_21DN";1;0;0.0000;0.0000;0.0000;0.0000;0.0000;0.0000;
936;"HS_QSFPDD_ASIC_21DP";1;0;0.0000;0.0000;0.0000;0.0000;0.0000;0.0000;
937;"HS_QSFPDD_ASIC_21EN";1;0;0.0000;0.0000;0.0000;0.0000;0.0000;0.0000;
938;"HS_QSFPDD_ASIC_21EP";1;0;0.0000;0.0000;0.0000;0.0000;0.0000;0.0000;
939;"HS_QSFPDD_ASIC_21FN";1;0;0.0000;0.0000;0.0000;0.0000;0.0000;0.0000;
940;"HS_QSFPDD_ASIC_21FP";1;0;0.0000;0.0000;0.0000;0.0000;0.0000;0.0000;
941;"HS_QSFPDD_ASIC_21GN";1;0;0.0000;0.0000;0.0000;0.0000;0.0000;0.0000;
942;"HS_QSFPDD_ASIC_21GP";1;0;0.0000;0.0000;0.0000;0.0000;0.0000;0.0000;
943;"HS_QSFPDD_ASIC_21HN";1;0;0.0000;0.0000;0.0000;0.0000;0.0000;0.0000;
944;"HS_QSFPDD_ASIC_21HP";1;0;0.0000;0.0000;0.0000;0.0000;0.0000;0.0000;
945;"HS_QSFPDD_ASIC_22AN";1;0;0.0000;0.0000;0.0000;0.0000;0.0000;0.0000;
946;"HS_QSFPDD_ASIC_22AP";1;0;0.0000;0.0000;0.0000;0.0000;0.0000;0.0000;
947;"HS_QSFPDD_ASIC_22BN";1;0;0.0000;0.0000;0.0000;0.0000;0.0000;0.0000;
948;"HS_QSFPDD_ASIC_22BP";1;0;0.0000;0.0000;0.0000;0.0000;0.0000;0.0000;
949;"HS_QSFPDD_ASIC_22CN";1;0;0.0000;0.0000;0.0000;0.0000;0.0000;0.0000;
950;"HS_QSFPDD_ASIC_22CP";1;0;0.0000;0.0000;0.0000;0.0000;0.0000;0.0000;
951;"HS_QSFPDD_ASIC_22DN";1;0;0.0000;0.0000;0.0000;0.0000;0.0000;0.0000;
952;"HS_QSFPDD_ASIC_22DP";1;0;0.0000;0.0000;0.0000;0.0000;0.0000;0.0000;
953;"HS_QSFPDD_ASIC_22EN";1;0;0.0000;0.0000;0.0000;0.0000;0.0000;0.0000;
954;"HS_QSFPDD_ASIC_22EP";1;0;0.0000;0.0000;0.0000;0.0000;0.0000;0.0000;
955;"HS_QSFPDD_ASIC_22FN";1;0;0.0000;0.0000;0.0000;0.0000;0.0000;0.0000;
956;"HS_QSFPDD_ASIC_22FP";1;0;0.0000;0.0000;0.0000;0.0000;0.0000;0.0000;
957;"HS_QSFPDD_ASIC_22GN";1;0;0.0000;0.0000;0.0000;0.0000;0.0000;0.0000;
958;"HS_QSFPDD_ASIC_22GP";1;0;0.0000;0.0000;0.0000;0.0000;0.0000;0.0000;
959;"HS_QSFPDD_ASIC_22HN";1;0;0.0000;0.0000;0.0000;0.0000;0.0000;0.0000;
960;"HS_QSFPDD_ASIC_22HP";1;0;0.0000;0.0000;0.0000;0.0000;0.0000;0.0000;
961;"HS_QSFPDD_ASIC_23AN";1;0;0.0000;0.0000;0.0000;0.0000;0.0000;0.0000;
962;"HS_QSFPDD_ASIC_23AP";1;0;0.0000;0.0000;0.0000;0.0000;0.0000;0.0000;
963;"HS_QSFPDD_ASIC_23BN";1;0;0.0000;0.0000;0.0000;0.0000;0.0000;0.0000;
964;"HS_QSFPDD_ASIC_23BP";1;0;0.0000;0.0000;0.0000;0.0000;0.0000;0.0000;
965;"HS_QSFPDD_ASIC_23CN";1;0;0.0000;0.0000;0.0000;0.0000;0.0000;0.0000;
966;"HS_QSFPDD_ASIC_23CP";1;0;0.0000;0.0000;0.0000;0.0000;0.0000;0.0000;
967;"HS_QSFPDD_ASIC_23DN";1;0;0.0000;0.0000;0.0000;0.0000;0.0000;0.0000;
968;"HS_QSFPDD_ASIC_23DP";1;0;0.0000;0.0000;0.0000;0.0000;0.0000;0.0000;
969;"HS_QSFPDD_ASIC_23EN";1;0;0.0000;0.0000;0.0000;0.0000;0.0000;0.0000;
970;"HS_QSFPDD_ASIC_23EP";1;0;0.0000;0.0000;0.0000;0.0000;0.0000;0.0000;
971;"HS_QSFPDD_ASIC_23FN";1;0;0.0000;0.0000;0.0000;0.0000;0.0000;0.0000;
972;"HS_QSFPDD_ASIC_23FP";1;0;0.0000;0.0000;0.0000;0.0000;0.0000;0.0000;
973;"HS_QSFPDD_ASIC_23GN";1;0;0.0000;0.0000;0.0000;0.0000;0.0000;0.0000;
974;"HS_QSFPDD_ASIC_23GP";1;0;0.0000;0.0000;0.0000;0.0000;0.0000;0.0000;
975;"HS_QSFPDD_ASIC_23HN";1;0;0.0000;0.0000;0.0000;0.0000;0.0000;0.0000;
976;"HS_QSFPDD_ASIC_23HP";1;0;0.0000;0.0000;0.0000;0.0000;0.0000;0.0000;
977;"HS_QSFPDD_ASIC_24AN";1;0;0.0000;0.0000;0.0000;0.0000;0.0000;0.0000;
978;"HS_QSFPDD_ASIC_24AP";1;0;0.0000;0.0000;0.0000;0.0000;0.0000;0.0000;
979;"HS_QSFPDD_ASIC_24BN";1;0;0.0000;0.0000;0.0000;0.0000;0.0000;0.0000;
980;"HS_QSFPDD_ASIC_24BP";1;0;0.0000;0.0000;0.0000;0.0000;0.0000;0.0000;
981;"HS_QSFPDD_ASIC_24CN";1;0;0.0000;0.0000;0.0000;0.0000;0.0000;0.0000;
982;"HS_QSFPDD_ASIC_24CP";1;0;0.0000;0.0000;0.0000;0.0000;0.0000;0.0000;
983;"HS_QSFPDD_ASIC_24DN";1;0;0.0000;0.0000;0.0000;0.0000;0.0000;0.0000;
984;"HS_QSFPDD_ASIC_24DP";1;0;0.0000;0.0000;0.0000;0.0000;0.0000;0.0000;
985;"HS_QSFPDD_ASIC_24EN";1;0;0.0000;0.0000;0.0000;0.0000;0.0000;0.0000;
986;"HS_QSFPDD_ASIC_24EP";1;0;0.0000;0.0000;0.0000;0.0000;0.0000;0.0000;
987;"HS_QSFPDD_ASIC_24FN";1;0;0.0000;0.0000;0.0000;0.0000;0.0000;0.0000;
988;"HS_QSFPDD_ASIC_24FP";1;0;0.0000;0.0000;0.0000;0.0000;0.0000;0.0000;
989;"HS_QSFPDD_ASIC_24GN";1;0;0.0000;0.0000;0.0000;0.0000;0.0000;0.0000;
990;"HS_QSFPDD_ASIC_24GP";1;0;0.0000;0.0000;0.0000;0.0000;0.0000;0.0000;
991;"HS_QSFPDD_ASIC_24HN";1;0;0.0000;0.0000;0.0000;0.0000;0.0000;0.0000;
992;"HS_QSFPDD_ASIC_24HP";1;0;0.0000;0.0000;0.0000;0.0000;0.0000;0.0000;
993;"HS_QSFPDD_ASIC_25AN";1;0;0.0000;0.0000;0.0000;0.0000;0.0000;0.0000;
994;"HS_QSFPDD_ASIC_25AP";1;0;0.0000;0.0000;0.0000;0.0000;0.0000;0.0000;
995;"HS_QSFPDD_ASIC_25BN";1;0;0.0000;0.0000;0.0000;0.0000;0.0000;0.0000;
996;"HS_QSFPDD_ASIC_25BP";1;0;0.0000;0.0000;0.0000;0.0000;0.0000;0.0000;
997;"HS_QSFPDD_ASIC_25CN";1;0;0.0000;0.0000;0.0000;0.0000;0.0000;0.0000;
998;"HS_QSFPDD_ASIC_25CP";1;0;0.0000;0.0000;0.0000;0.0000;0.0000;0.0000;
999;"HS_QSFPDD_ASIC_25DN";1;0;0.0000;0.0000;0.0000;0.0000;0.0000;0.0000;
1000;"HS_QSFPDD_ASIC_25DP";1;0;0.0000;0.0000;0.0000;0.0000;0.0000;0.0000;
1001;"HS_QSFPDD_ASIC_25EN";1;0;0.0000;0.0000;0.0000;0.0000;0.0000;0.0000;
1002;"HS_QSFPDD_ASIC_25EP";1;0;0.0000;0.0000;0.0000;0.0000;0.0000;0.0000;
1003;"HS_QSFPDD_ASIC_25FN";1;0;0.0000;0.0000;0.0000;0.0000;0.0000;0.0000;
1004;"HS_QSFPDD_ASIC_25FP";1;0;0.0000;0.0000;0.0000;0.0000;0.0000;0.0000;
1005;"HS_QSFPDD_ASIC_25GN";1;0;0.0000;0.0000;0.0000;0.0000;0.0000;0.0000;
1006;"HS_QSFPDD_ASIC_25GP";1;0;0.0000;0.0000;0.0000;0.0000;0.0000;0.0000;
1007;"HS_QSFPDD_ASIC_25HN";1;0;0.0000;0.0000;0.0000;0.0000;0.0000;0.0000;
1008;"HS_QSFPDD_ASIC_25HP";1;0;0.0000;0.0000;0.0000;0.0000;0.0000;0.0000;
1009;"HS_QSFPDD_ASIC_26AN";1;0;0.0000;0.0000;0.0000;0.0000;0.0000;0.0000;
1010;"HS_QSFPDD_ASIC_26AP";1;0;0.0000;0.0000;0.0000;0.0000;0.0000;0.0000;
1011;"HS_QSFPDD_ASIC_26BN";1;0;0.0000;0.0000;0.0000;0.0000;0.0000;0.0000;
1012;"HS_QSFPDD_ASIC_26BP";1;0;0.0000;0.0000;0.0000;0.0000;0.0000;0.0000;
1013;"HS_QSFPDD_ASIC_26CN";1;0;0.0000;0.0000;0.0000;0.0000;0.0000;0.0000;
1014;"HS_QSFPDD_ASIC_26CP";1;0;0.0000;0.0000;0.0000;0.0000;0.0000;0.0000;
1015;"HS_QSFPDD_ASIC_26DN";1;0;0.0000;0.0000;0.0000;0.0000;0.0000;0.0000;
1016;"HS_QSFPDD_ASIC_26DP";1;0;0.0000;0.0000;0.0000;0.0000;0.0000;0.0000;
1017;"HS_QSFPDD_ASIC_26EN";1;0;0.0000;0.0000;0.0000;0.0000;0.0000;0.0000;
1018;"HS_QSFPDD_ASIC_26EP";1;0;0.0000;0.0000;0.0000;0.0000;0.0000;0.0000;
1019;"HS_QSFPDD_ASIC_26FN";1;0;0.0000;0.0000;0.0000;0.0000;0.0000;0.0000;
1020;"HS_QSFPDD_ASIC_26FP";1;0;0.0000;0.0000;0.0000;0.0000;0.0000;0.0000;
1021;"HS_QSFPDD_ASIC_26GN";1;0;0.0000;0.0000;0.0000;0.0000;0.0000;0.0000;
1022;"HS_QSFPDD_ASIC_26GP";1;0;0.0000;0.0000;0.0000;0.0000;0.0000;0.0000;
1023;"HS_QSFPDD_ASIC_26HN";1;0;0.0000;0.0000;0.0000;0.0000;0.0000;0.0000;
1024;"HS_QSFPDD_ASIC_26HP";1;0;0.0000;0.0000;0.0000;0.0000;0.0000;0.0000;
1025;"HS_QSFPDD_ASIC_27AN";1;0;0.0000;0.0000;0.0000;0.0000;0.0000;0.0000;
1026;"HS_QSFPDD_ASIC_27AP";1;0;0.0000;0.0000;0.0000;0.0000;0.0000;0.0000;
1027;"HS_QSFPDD_ASIC_27BN";1;0;0.0000;0.0000;0.0000;0.0000;0.0000;0.0000;
1028;"HS_QSFPDD_ASIC_27BP";1;0;0.0000;0.0000;0.0000;0.0000;0.0000;0.0000;
1029;"HS_QSFPDD_ASIC_27CN";1;0;0.0000;0.0000;0.0000;0.0000;0.0000;0.0000;
1030;"HS_QSFPDD_ASIC_27CP";1;0;0.0000;0.0000;0.0000;0.0000;0.0000;0.0000;
1031;"HS_QSFPDD_ASIC_27DN";1;0;0.0000;0.0000;0.0000;0.0000;0.0000;0.0000;
1032;"HS_QSFPDD_ASIC_27DP";1;0;0.0000;0.0000;0.0000;0.0000;0.0000;0.0000;
1033;"HS_QSFPDD_ASIC_27EN";1;0;0.0000;0.0000;0.0000;0.0000;0.0000;0.0000;
1034;"HS_QSFPDD_ASIC_27EP";1;0;0.0000;0.0000;0.0000;0.0000;0.0000;0.0000;
1035;"HS_QSFPDD_ASIC_27FN";1;0;0.0000;0.0000;0.0000;0.0000;0.0000;0.0000;
1036;"HS_QSFPDD_ASIC_27FP";1;0;0.0000;0.0000;0.0000;0.0000;0.0000;0.0000;
1037;"HS_QSFPDD_ASIC_27GN";1;0;0.0000;0.0000;0.0000;0.0000;0.0000;0.0000;
1038;"HS_QSFPDD_ASIC_27GP";1;0;0.0000;0.0000;0.0000;0.0000;0.0000;0.0000;
1039;"HS_QSFPDD_ASIC_27HN";1;0;0.0000;0.0000;0.0000;0.0000;0.0000;0.0000;
1040;"HS_QSFPDD_ASIC_27HP";1;0;0.0000;0.0000;0.0000;0.0000;0.0000;0.0000;
1041;"HS_QSFPDD_ASIC_28AN";1;0;0.0000;0.0000;0.0000;0.0000;0.0000;0.0000;
1042;"HS_QSFPDD_ASIC_28AP";1;0;0.0000;0.0000;0.0000;0.0000;0.0000;0.0000;
1043;"HS_QSFPDD_ASIC_28BN";1;0;0.0000;0.0000;0.0000;0.0000;0.0000;0.0000;
1044;"HS_QSFPDD_ASIC_28BP";1;0;0.0000;0.0000;0.0000;0.0000;0.0000;0.0000;
1045;"HS_QSFPDD_ASIC_28CN";1;0;0.0000;0.0000;0.0000;0.0000;0.0000;0.0000;
1046;"HS_QSFPDD_ASIC_28CP";1;0;0.0000;0.0000;0.0000;0.0000;0.0000;0.0000;
1047;"HS_QSFPDD_ASIC_28DN";1;0;0.0000;0.0000;0.0000;0.0000;0.0000;0.0000;
1048;"HS_QSFPDD_ASIC_28DP";1;0;0.0000;0.0000;0.0000;0.0000;0.0000;0.0000;
1049;"HS_QSFPDD_ASIC_28EN";1;0;0.0000;0.0000;0.0000;0.0000;0.0000;0.0000;
1050;"HS_QSFPDD_ASIC_28EP";1;0;0.0000;0.0000;0.0000;0.0000;0.0000;0.0000;
1051;"HS_QSFPDD_ASIC_28FN";1;0;0.0000;0.0000;0.0000;0.0000;0.0000;0.0000;
1052;"HS_QSFPDD_ASIC_28FP";1;0;0.0000;0.0000;0.0000;0.0000;0.0000;0.0000;
1053;"HS_QSFPDD_ASIC_28GN";1;0;0.0000;0.0000;0.0000;0.0000;0.0000;0.0000;
1054;"HS_QSFPDD_ASIC_28GP";1;0;0.0000;0.0000;0.0000;0.0000;0.0000;0.0000;
1055;"HS_QSFPDD_ASIC_28HN";1;0;0.0000;0.0000;0.0000;0.0000;0.0000;0.0000;
1056;"HS_QSFPDD_ASIC_28HP";1;0;0.0000;0.0000;0.0000;0.0000;0.0000;0.0000;
1057;"HS_QSFPDD_ASIC_29AN";1;0;0.0000;0.0000;0.0000;0.0000;0.0000;0.0000;
1058;"HS_QSFPDD_ASIC_29AP";1;0;0.0000;0.0000;0.0000;0.0000;0.0000;0.0000;
1059;"HS_QSFPDD_ASIC_29BN";1;0;0.0000;0.0000;0.0000;0.0000;0.0000;0.0000;
1060;"HS_QSFPDD_ASIC_29BP";1;0;0.0000;0.0000;0.0000;0.0000;0.0000;0.0000;
1061;"HS_QSFPDD_ASIC_29CN";1;0;0.0000;0.0000;0.0000;0.0000;0.0000;0.0000;
1062;"HS_QSFPDD_ASIC_29CP";1;0;0.0000;0.0000;0.0000;0.0000;0.0000;0.0000;
1063;"HS_QSFPDD_ASIC_29DN";1;0;0.0000;0.0000;0.0000;0.0000;0.0000;0.0000;
1064;"HS_QSFPDD_ASIC_29DP";1;0;0.0000;0.0000;0.0000;0.0000;0.0000;0.0000;
1065;"HS_QSFPDD_ASIC_29EN";1;0;0.0000;0.0000;0.0000;0.0000;0.0000;0.0000;
1066;"HS_QSFPDD_ASIC_29EP";1;0;0.0000;0.0000;0.0000;0.0000;0.0000;0.0000;
1067;"HS_QSFPDD_ASIC_29FN";1;0;0.0000;0.0000;0.0000;0.0000;0.0000;0.0000;
1068;"HS_QSFPDD_ASIC_29FP";1;0;0.0000;0.0000;0.0000;0.0000;0.0000;0.0000;
1069;"HS_QSFPDD_ASIC_29GN";1;0;0.0000;0.0000;0.0000;0.0000;0.0000;0.0000;
1070;"HS_QSFPDD_ASIC_29GP";1;0;0.0000;0.0000;0.0000;0.0000;0.0000;0.0000;
1071;"HS_QSFPDD_ASIC_29HN";1;0;0.0000;0.0000;0.0000;0.0000;0.0000;0.0000;
1072;"HS_QSFPDD_ASIC_29HP";1;0;0.0000;0.0000;0.0000;0.0000;0.0000;0.0000;
1073;"HS_QSFPDD_ASIC_30AN";1;0;0.0000;0.0000;0.0000;0.0000;0.0000;0.0000;
1074;"HS_QSFPDD_ASIC_30AP";1;0;0.0000;0.0000;0.0000;0.0000;0.0000;0.0000;
1075;"HS_QSFPDD_ASIC_30BN";1;0;0.0000;0.0000;0.0000;0.0000;0.0000;0.0000;
1076;"HS_QSFPDD_ASIC_30BP";1;0;0.0000;0.0000;0.0000;0.0000;0.0000;0.0000;
1077;"HS_QSFPDD_ASIC_30CN";1;0;0.0000;0.0000;0.0000;0.0000;0.0000;0.0000;
1078;"HS_QSFPDD_ASIC_30CP";1;0;0.0000;0.0000;0.0000;0.0000;0.0000;0.0000;
1079;"HS_QSFPDD_ASIC_30DN";1;0;0.0000;0.0000;0.0000;0.0000;0.0000;0.0000;
1080;"HS_QSFPDD_ASIC_30DP";1;0;0.0000;0.0000;0.0000;0.0000;0.0000;0.0000;
1081;"HS_QSFPDD_ASIC_30EN";1;0;0.0000;0.0000;0.0000;0.0000;0.0000;0.0000;
1082;"HS_QSFPDD_ASIC_30EP";1;0;0.0000;0.0000;0.0000;0.0000;0.0000;0.0000;
1083;"HS_QSFPDD_ASIC_30FN";1;0;0.0000;0.0000;0.0000;0.0000;0.0000;0.0000;
1084;"HS_QSFPDD_ASIC_30FP";1;0;0.0000;0.0000;0.0000;0.0000;0.0000;0.0000;
1085;"HS_QSFPDD_ASIC_30GN";1;0;0.0000;0.0000;0.0000;0.0000;0.0000;0.0000;
1086;"HS_QSFPDD_ASIC_30GP";1;0;0.0000;0.0000;0.0000;0.0000;0.0000;0.0000;
1087;"HS_QSFPDD_ASIC_30HN";1;0;0.0000;0.0000;0.0000;0.0000;0.0000;0.0000;
1088;"HS_QSFPDD_ASIC_30HP";1;0;0.0000;0.0000;0.0000;0.0000;0.0000;0.0000;
1089;"HS_QSFPDD_ASIC_31AN";1;0;0.0000;0.0000;0.0000;0.0000;0.0000;0.0000;
1090;"HS_QSFPDD_ASIC_31AP";1;0;0.0000;0.0000;0.0000;0.0000;0.0000;0.0000;
1091;"HS_QSFPDD_ASIC_31BN";1;0;0.0000;0.0000;0.0000;0.0000;0.0000;0.0000;
1092;"HS_QSFPDD_ASIC_31BP";1;0;0.0000;0.0000;0.0000;0.0000;0.0000;0.0000;
1093;"HS_QSFPDD_ASIC_31CN";1;0;0.0000;0.0000;0.0000;0.0000;0.0000;0.0000;
1094;"HS_QSFPDD_ASIC_31CP";1;0;0.0000;0.0000;0.0000;0.0000;0.0000;0.0000;
1095;"HS_QSFPDD_ASIC_31DN";1;0;0.0000;0.0000;0.0000;0.0000;0.0000;0.0000;
1096;"HS_QSFPDD_ASIC_31DP";1;0;0.0000;0.0000;0.0000;0.0000;0.0000;0.0000;
1097;"HS_QSFPDD_ASIC_31EN";1;0;0.0000;0.0000;0.0000;0.0000;0.0000;0.0000;
1098;"HS_QSFPDD_ASIC_31EP";1;0;0.0000;0.0000;0.0000;0.0000;0.0000;0.0000;
1099;"HS_QSFPDD_ASIC_31FN";1;0;0.0000;0.0000;0.0000;0.0000;0.0000;0.0000;
1100;"HS_QSFPDD_ASIC_31FP";1;0;0.0000;0.0000;0.0000;0.0000;0.0000;0.0000;
1101;"HS_QSFPDD_ASIC_31GN";1;0;0.0000;0.0000;0.0000;0.0000;0.0000;0.0000;
1102;"HS_QSFPDD_ASIC_31GP";1;0;0.0000;0.0000;0.0000;0.0000;0.0000;0.0000;
1103;"HS_QSFPDD_ASIC_31HN";1;0;0.0000;0.0000;0.0000;0.0000;0.0000;0.0000;
1104;"HS_QSFPDD_ASIC_31HP";1;0;0.0000;0.0000;0.0000;0.0000;0.0000;0.0000;
1105;"HS_QSFPDD_ASIC_32AN";1;0;0.0000;0.0000;0.0000;0.0000;0.0000;0.0000;
1106;"HS_QSFPDD_ASIC_32AP";1;0;0.0000;0.0000;0.0000;0.0000;0.0000;0.0000;
1107;"HS_QSFPDD_ASIC_32BN";1;0;0.0000;0.0000;0.0000;0.0000;0.0000;0.0000;
1108;"HS_QSFPDD_ASIC_32BP";1;0;0.0000;0.0000;0.0000;0.0000;0.0000;0.0000;
1109;"HS_QSFPDD_ASIC_32CN";1;0;0.0000;0.0000;0.0000;0.0000;0.0000;0.0000;
1110;"HS_QSFPDD_ASIC_32CP";1;0;0.0000;0.0000;0.0000;0.0000;0.0000;0.0000;
1111;"HS_QSFPDD_ASIC_32DN";1;0;0.0000;0.0000;0.0000;0.0000;0.0000;0.0000;
1112;"HS_QSFPDD_ASIC_32DP";1;0;0.0000;0.0000;0.0000;0.0000;0.0000;0.0000;
1113;"HS_QSFPDD_ASIC_32EN";1;0;0.0000;0.0000;0.0000;0.0000;0.0000;0.0000;
1114;"HS_QSFPDD_ASIC_32EP";1;0;0.0000;0.0000;0.0000;0.0000;0.0000;0.0000;
1115;"HS_QSFPDD_ASIC_32FN";1;0;0.0000;0.0000;0.0000;0.0000;0.0000;0.0000;
1116;"HS_QSFPDD_ASIC_32FP";1;0;0.0000;0.0000;0.0000;0.0000;0.0000;0.0000;
1117;"HS_QSFPDD_ASIC_32GN";1;0;0.0000;0.0000;0.0000;0.0000;0.0000;0.0000;
1118;"HS_QSFPDD_ASIC_32GP";1;0;0.0000;0.0000;0.0000;0.0000;0.0000;0.0000;
1119;"HS_QSFPDD_ASIC_32HN";1;0;0.0000;0.0000;0.0000;0.0000;0.0000;0.0000;
1120;"HS_QSFPDD_ASIC_32HP";1;0;0.0000;0.0000;0.0000;0.0000;0.0000;0.0000;
1121;"I2C_SCL_QSFPDD_P05";2;1;1.6000;1.1070;0.0000;2.7070;0.5300;0.5770;
1122;"I2C_SCL_QSFPDD_P06";2;1;1.6000;0.8794;0.0000;2.4794;0.3690;0.5104;
1123;"I2C_SCL_QSFPDD_P07";2;1;1.6000;1.3289;0.0000;2.9289;0.4154;0.9135;
1124;"I2C_SCL_QSFPDD_P08";2;1;1.6000;1.1876;0.0000;2.7876;0.5452;0.6424;
1125;"I2C_SCL_QSFPDD_P09";2;1;1.6000;1.1276;0.0000;2.7276;0.5791;0.5485;
1126;"I2C_SCL_QSFPDD_P10";2;1;1.6000;1.7653;0.0000;3.3653;1.2617;0.5037;
1127;"I2C_SCL_QSFPDD_P11";2;1;1.6000;2.1224;0.0000;3.7224;0.3932;1.7292;
1128;"I2C_SCL_QSFPDD_P12";2;1;1.6000;0.7914;0.0000;2.3914;0.3750;0.4164;
1129;"I2C_SCL_QSFPDD_P13";2;1;1.6000;1.1414;0.0000;2.7414;0.4104;0.7310;
1130;"I2C_SCL_QSFPDD_P14";2;1;1.6000;1.4146;0.0000;3.0146;0.4098;1.0048;
1131;"I2C_SCL_QSFPDD_P15";2;1;1.6000;1.1785;0.0000;2.7785;0.5198;0.6587;
1132;"I2C_SCL_QSFPDD_P16";2;1;1.6000;1.4071;0.0000;3.0071;0.4061;1.0010;
1133;"I2C_SCL_QSFPDD_P17";2;1;1.6000;1.0840;0.0000;2.6840;0.3920;0.6920;
1134;"I2C_SCL_QSFPDD_P18";2;1;1.6000;1.0291;0.0000;2.6291;0.6501;0.3790;
1135;"I2C_SCL_QSFPDD_P19";2;1;1.6000;1.1268;0.0000;2.7268;0.4518;0.6750;
1136;"I2C_SCL_QSFPDD_P20";2;1;1.6000;1.8288;0.0000;3.4288;0.4006;1.4281;
1137;"I2C_SCL_QSFPDD_P21";2;1;1.6000;1.1695;0.0000;2.7695;0.7875;0.3820;
1138;"I2C_SCL_QSFPDD_P22";2;1;1.6000;1.2121;0.0000;2.8121;0.5121;0.7000;
1139;"I2C_SCL_QSFPDD_P23";2;1;1.6000;1.1000;0.0000;2.7000;0.6500;0.4500;
1140;"I2C_SCL_QSFPDD_P24";2;1;1.6000;1.0913;0.0000;2.6913;0.5312;0.5601;
1141;"I2C_SCL_QSFPDD_P25";2;1;1.6000;2.9625;0.0000;4.5625;2.4215;0.5410;
1142;"I2C_SCL_QSFPDD_P26";2;1;1.6000;0.9501;0.0000;2.5501;0.3885;0.5617;
1143;"I2C_SCL_QSFPDD_P27";2;1;1.6000;1.1561;0.0000;2.7561;0.3750;0.7811;
1144;"I2C_SCL_QSFPDD_P28";2;1;1.6000;1.7911;0.0000;3.3911;1.0231;0.7680;
1145;"I2C_SCL_QSFPDD_P29";2;1;1.6000;1.0103;0.0000;2.6103;0.4573;0.5531;
1146;"I2C_SCL_QSFPDD_P30";2;1;1.6000;1.4071;0.0000;3.0071;0.5173;0.8898;
1147;"I2C_SCL_QSFPDD_P31";2;1;1.6000;1.1590;0.0000;2.7590;0.3982;0.7608;
1148;"I2C_SCL_QSFPDD_P32";2;1;1.6000;2.4061;0.0000;4.0061;0.4081;1.9980;
1149;"I2C_SDA_QSFPDD_P05";2;1;1.6000;1.4828;0.0000;3.0828;1.0828;0.4000;
1150;"I2C_SDA_QSFPDD_P06";2;1;1.6000;0.9602;0.0000;2.5602;0.3840;0.5762;
1151;"I2C_SDA_QSFPDD_P07";2;1;1.6000;1.1000;0.0000;2.7000;0.5500;0.5500;
1152;"I2C_SDA_QSFPDD_P08";2;1;1.6000;1.7567;0.0000;3.3567;1.2260;0.5307;
1153;"I2C_SDA_QSFPDD_P09";2;1;1.6000;1.4823;0.0000;3.0823;0.8917;0.5906;
1154;"I2C_SDA_QSFPDD_P10";2;1;1.6000;1.0536;0.0000;2.6536;0.3874;0.6661;
1155;"I2C_SDA_QSFPDD_P11";2;1;1.6000;1.3889;0.0000;2.9889;0.3866;1.0023;
1156;"I2C_SDA_QSFPDD_P12";2;1;1.6000;0.8414;0.0000;2.4414;0.4457;0.3957;
1157;"I2C_SDA_QSFPDD_P13";2;1;1.6000;0.9414;0.0000;2.5414;0.5664;0.3750;
1158;"I2C_SDA_QSFPDD_P14";2;1;1.6000;1.1791;0.0000;2.7791;0.7542;0.4249;
1159;"I2C_SDA_QSFPDD_P15";2;1;1.6000;1.0026;0.0000;2.6026;0.4367;0.5660;
1160;"I2C_SDA_QSFPDD_P16";2;1;1.6000;2.2526;0.0000;3.8526;0.4746;1.7781;
1161;"I2C_SDA_QSFPDD_P17";2;1;1.6000;1.4729;0.0000;3.0729;0.8895;0.5834;
1162;"I2C_SDA_QSFPDD_P18";2;1;1.6000;1.2157;0.0000;2.8157;0.3837;0.8320;
1163;"I2C_SDA_QSFPDD_P19";2;1;1.6000;1.3000;0.0000;2.9000;0.6500;0.6500;
1164;"I2C_SDA_QSFPDD_P20";2;1;1.6000;1.1308;0.0000;2.7308;0.5051;0.6258;
1165;"I2C_SDA_QSFPDD_P21";2;1;1.6000;1.2404;0.0000;2.8404;0.8290;0.4114;
1166;"I2C_SDA_QSFPDD_P22";2;1;1.6000;1.6382;0.0000;3.2382;0.3720;1.2662;
1167;"I2C_SDA_QSFPDD_P23";2;1;1.6000;1.2828;0.0000;2.8828;0.9062;0.3767;
1168;"I2C_SDA_QSFPDD_P24";2;1;1.6000;1.0576;0.0000;2.6576;0.6702;0.3874;
1169;"I2C_SDA_QSFPDD_P25";2;1;1.6000;3.0063;0.0000;4.6063;2.0682;0.9381;
1170;"I2C_SDA_QSFPDD_P26";2;1;1.6000;1.3034;0.0000;2.9034;0.7577;0.5456;
1171;"I2C_SDA_QSFPDD_P27";2;1;1.6000;2.3982;0.0000;3.9982;1.1731;1.2251;
1172;"I2C_SDA_QSFPDD_P28";2;1;1.6000;4.0567;0.0000;5.6567;2.5317;1.5250;
1173;"I2C_SDA_QSFPDD_P29";2;1;1.6000;1.4000;0.0000;3.0000;1.0180;0.3820;
1174;"I2C_SDA_QSFPDD_P30";2;1;1.6000;1.2777;0.0000;2.8777;0.5657;0.7120;
1175;"I2C_SDA_QSFPDD_P31";2;1;1.6000;1.0737;0.0000;2.6737;0.6826;0.3912;
1176;"I2C_SDA_QSFPDD_P32";2;1;1.6000;2.8846;0.0000;4.4846;0.9795;1.9051;
1177;"L_RSVD_P05";1;0;0.0000;0.0000;0.0000;0.0000;0.0000;0.0000;
1178;"L_RSVD_P06";1;0;0.0000;0.0000;0.0000;0.0000;0.0000;0.0000;
1179;"L_RSVD_P07";1;0;0.0000;0.0000;0.0000;0.0000;0.0000;0.0000;
1180;"L_RSVD_P08";1;0;0.0000;0.0000;0.0000;0.0000;0.0000;0.0000;
1181;"L_RSVD_P09";1;0;0.0000;0.0000;0.0000;0.0000;0.0000;0.0000;
1182;"L_RSVD_P10";1;0;0.0000;0.0000;0.0000;0.0000;0.0000;0.0000;
1183;"L_RSVD_P11";1;0;0.0000;0.0000;0.0000;0.0000;0.0000;0.0000;
1184;"L_RSVD_P12";1;0;0.0000;0.0000;0.0000;0.0000;0.0000;0.0000;
1185;"L_RSVD_P13";1;0;0.0000;0.0000;0.0000;0.0000;0.0000;0.0000;
1186;"L_RSVD_P14";1;0;0.0000;0.0000;0.0000;0.0000;0.0000;0.0000;
1187;"L_RSVD_P15";1;0;0.0000;0.0000;0.0000;0.0000;0.0000;0.0000;
1188;"L_RSVD_P16";1;0;0.0000;0.0000;0.0000;0.0000;0.0000;0.0000;
1189;"L_RSVD_P17";1;0;0.0000;0.0000;0.0000;0.0000;0.0000;0.0000;
1190;"L_RSVD_P18";1;0;0.0000;0.0000;0.0000;0.0000;0.0000;0.0000;
1191;"L_RSVD_P19";1;0;0.0000;0.0000;0.0000;0.0000;0.0000;0.0000;
1192;"L_RSVD_P20";1;0;0.0000;0.0000;0.0000;0.0000;0.0000;0.0000;
1193;"L_RSVD_P21";1;0;0.0000;0.0000;0.0000;0.0000;0.0000;0.0000;
1194;"L_RSVD_P22";1;0;0.0000;0.0000;0.0000;0.0000;0.0000;0.0000;
1195;"L_RSVD_P23";1;0;0.0000;0.0000;0.0000;0.0000;0.0000;0.0000;
1196;"L_RSVD_P24";1;0;0.0000;0.0000;0.0000;0.0000;0.0000;0.0000;
1197;"L_RSVD_P25";1;0;0.0000;0.0000;0.0000;0.0000;0.0000;0.0000;
1198;"L_RSVD_P26";1;0;0.0000;0.0000;0.0000;0.0000;0.0000;0.0000;
1199;"L_RSVD_P27";1;0;0.0000;0.0000;0.0000;0.0000;0.0000;0.0000;
1200;"L_RSVD_P28";1;0;0.0000;0.0000;0.0000;0.0000;0.0000;0.0000;
1201;"L_RSVD_P29";1;0;0.0000;0.0000;0.0000;0.0000;0.0000;0.0000;
1202;"L_RSVD_P30";1;0;0.0000;0.0000;0.0000;0.0000;0.0000;0.0000;
1203;"L_RSVD_P31";1;0;0.0000;0.0000;0.0000;0.0000;0.0000;0.0000;
1204;"L_RSVD_P32";1;0;0.0000;0.0000;0.0000;0.0000;0.0000;0.0000;
1205;"L_VS1_QSFPDD_P05";1;0;0.0000;0.0000;0.0000;0.0000;0.0000;0.0000;
1206;"L_VS1_QSFPDD_P06";1;0;0.0000;0.0000;0.0000;0.0000;0.0000;0.0000;
1207;"L_VS1_QSFPDD_P07";1;0;0.0000;0.0000;0.0000;0.0000;0.0000;0.0000;
1208;"L_VS1_QSFPDD_P08";1;0;0.0000;0.0000;0.0000;0.0000;0.0000;0.0000;
1209;"L_VS1_QSFPDD_P09";1;0;0.0000;0.0000;0.0000;0.0000;0.0000;0.0000;
1210;"L_VS1_QSFPDD_P10";1;0;0.0000;0.0000;0.0000;0.0000;0.0000;0.0000;
1211;"L_VS1_QSFPDD_P11";1;0;0.0000;0.0000;0.0000;0.0000;0.0000;0.0000;
1212;"L_VS1_QSFPDD_P12";1;0;0.0000;0.0000;0.0000;0.0000;0.0000;0.0000;
1213;"L_VS1_QSFPDD_P13";1;0;0.0000;0.0000;0.0000;0.0000;0.0000;0.0000;
1214;"L_VS1_QSFPDD_P14";1;0;0.0000;0.0000;0.0000;0.0000;0.0000;0.0000;
1215;"L_VS1_QSFPDD_P15";1;0;0.0000;0.0000;0.0000;0.0000;0.0000;0.0000;
1216;"L_VS1_QSFPDD_P16";1;0;0.0000;0.0000;0.0000;0.0000;0.0000;0.0000;
1217;"L_VS1_QSFPDD_P17";1;0;0.0000;0.0000;0.0000;0.0000;0.0000;0.0000;
1218;"L_VS1_QSFPDD_P18";1;0;0.0000;0.0000;0.0000;0.0000;0.0000;0.0000;
1219;"L_VS1_QSFPDD_P19";1;0;0.0000;0.0000;0.0000;0.0000;0.0000;0.0000;
1220;"L_VS1_QSFPDD_P20";1;0;0.0000;0.0000;0.0000;0.0000;0.0000;0.0000;
1221;"L_VS1_QSFPDD_P21";1;0;0.0000;0.0000;0.0000;0.0000;0.0000;0.0000;
1222;"L_VS1_QSFPDD_P22";1;0;0.0000;0.0000;0.0000;0.0000;0.0000;0.0000;
1223;"L_VS1_QSFPDD_P23";1;0;0.0000;0.0000;0.0000;0.0000;0.0000;0.0000;
1224;"L_VS1_QSFPDD_P24";1;0;0.0000;0.0000;0.0000;0.0000;0.0000;0.0000;
1225;"L_VS1_QSFPDD_P25";1;0;0.0000;0.0000;0.0000;0.0000;0.0000;0.0000;
1226;"L_VS1_QSFPDD_P26";1;0;0.0000;0.0000;0.0000;0.0000;0.0000;0.0000;
1227;"L_VS1_QSFPDD_P27";1;0;0.0000;0.0000;0.0000;0.0000;0.0000;0.0000;
1228;"L_VS1_QSFPDD_P28";1;0;0.0000;0.0000;0.0000;0.0000;0.0000;0.0000;
1229;"L_VS1_QSFPDD_P29";1;0;0.0000;0.0000;0.0000;0.0000;0.0000;0.0000;
1230;"L_VS1_QSFPDD_P30";1;0;0.0000;0.0000;0.0000;0.0000;0.0000;0.0000;
1231;"L_VS1_QSFPDD_P31";1;0;0.0000;0.0000;0.0000;0.0000;0.0000;0.0000;
1232;"L_VS1_QSFPDD_P32";1;0;0.0000;0.0000;0.0000;0.0000;0.0000;0.0000;
1233;"L_VS2_QSFPDD_P05";1;0;0.0000;0.0000;0.0000;0.0000;0.0000;0.0000;
1234;"L_VS2_QSFPDD_P06";1;0;0.0000;0.0000;0.0000;0.0000;0.0000;0.0000;
1235;"L_VS2_QSFPDD_P07";1;0;0.0000;0.0000;0.0000;0.0000;0.0000;0.0000;
1236;"L_VS2_QSFPDD_P08";1;0;0.0000;0.0000;0.0000;0.0000;0.0000;0.0000;
1237;"L_VS2_QSFPDD_P09";1;0;0.0000;0.0000;0.0000;0.0000;0.0000;0.0000;
1238;"L_VS2_QSFPDD_P10";1;0;0.0000;0.0000;0.0000;0.0000;0.0000;0.0000;
1239;"L_VS2_QSFPDD_P11";1;0;0.0000;0.0000;0.0000;0.0000;0.0000;0.0000;
1240;"L_VS2_QSFPDD_P12";1;0;0.0000;0.0000;0.0000;0.0000;0.0000;0.0000;
1241;"L_VS2_QSFPDD_P13";1;0;0.0000;0.0000;0.0000;0.0000;0.0000;0.0000;
1242;"L_VS2_QSFPDD_P14";1;0;0.0000;0.0000;0.0000;0.0000;0.0000;0.0000;
1243;"L_VS2_QSFPDD_P15";1;0;0.0000;0.0000;0.0000;0.0000;0.0000;0.0000;
1244;"L_VS2_QSFPDD_P16";1;0;0.0000;0.0000;0.0000;0.0000;0.0000;0.0000;
1245;"L_VS2_QSFPDD_P17";1;0;0.0000;0.0000;0.0000;0.0000;0.0000;0.0000;
1246;"L_VS2_QSFPDD_P18";1;0;0.0000;0.0000;0.0000;0.0000;0.0000;0.0000;
1247;"L_VS2_QSFPDD_P19";1;0;0.0000;0.0000;0.0000;0.0000;0.0000;0.0000;
1248;"L_VS2_QSFPDD_P20";1;0;0.0000;0.0000;0.0000;0.0000;0.0000;0.0000;
1249;"L_VS2_QSFPDD_P21";1;0;0.0000;0.0000;0.0000;0.0000;0.0000;0.0000;
1250;"L_VS2_QSFPDD_P22";1;0;0.0000;0.0000;0.0000;0.0000;0.0000;0.0000;
1251;"L_VS2_QSFPDD_P23";1;0;0.0000;0.0000;0.0000;0.0000;0.0000;0.0000;
1252;"L_VS2_QSFPDD_P24";1;0;0.0000;0.0000;0.0000;0.0000;0.0000;0.0000;
1253;"L_VS2_QSFPDD_P25";1;0;0.0000;0.0000;0.0000;0.0000;0.0000;0.0000;
1254;"L_VS2_QSFPDD_P26";1;0;0.0000;0.0000;0.0000;0.0000;0.0000;0.0000;
1255;"L_VS2_QSFPDD_P27";1;0;0.0000;0.0000;0.0000;0.0000;0.0000;0.0000;
1256;"L_VS2_QSFPDD_P28";1;0;0.0000;0.0000;0.0000;0.0000;0.0000;0.0000;
1257;"L_VS2_QSFPDD_P29";1;0;0.0000;0.0000;0.0000;0.0000;0.0000;0.0000;
1258;"L_VS2_QSFPDD_P30";1;0;0.0000;0.0000;0.0000;0.0000;0.0000;0.0000;
1259;"L_VS2_QSFPDD_P31";1;0;0.0000;0.0000;0.0000;0.0000;0.0000;0.0000;
1260;"L_VS2_QSFPDD_P32";1;0;0.0000;0.0000;0.0000;0.0000;0.0000;0.0000;
1261;"L_VS3_QSFPDD_P05";1;0;0.0000;0.0000;0.0000;0.0000;0.0000;0.0000;
1262;"L_VS3_QSFPDD_P06";1;0;0.0000;0.0000;0.0000;0.0000;0.0000;0.0000;
1263;"L_VS3_QSFPDD_P07";1;0;0.0000;0.0000;0.0000;0.0000;0.0000;0.0000;
1264;"L_VS3_QSFPDD_P08";1;0;0.0000;0.0000;0.0000;0.0000;0.0000;0.0000;
1265;"L_VS3_QSFPDD_P09";1;0;0.0000;0.0000;0.0000;0.0000;0.0000;0.0000;
1266;"L_VS3_QSFPDD_P10";1;0;0.0000;0.0000;0.0000;0.0000;0.0000;0.0000;
1267;"L_VS3_QSFPDD_P11";1;0;0.0000;0.0000;0.0000;0.0000;0.0000;0.0000;
1268;"L_VS3_QSFPDD_P12";1;0;0.0000;0.0000;0.0000;0.0000;0.0000;0.0000;
1269;"L_VS3_QSFPDD_P13";1;0;0.0000;0.0000;0.0000;0.0000;0.0000;0.0000;
1270;"L_VS3_QSFPDD_P14";1;0;0.0000;0.0000;0.0000;0.0000;0.0000;0.0000;
1271;"L_VS3_QSFPDD_P15";1;0;0.0000;0.0000;0.0000;0.0000;0.0000;0.0000;
1272;"L_VS3_QSFPDD_P16";1;0;0.0000;0.0000;0.0000;0.0000;0.0000;0.0000;
1273;"L_VS3_QSFPDD_P17";1;0;0.0000;0.0000;0.0000;0.0000;0.0000;0.0000;
1274;"L_VS3_QSFPDD_P18";1;0;0.0000;0.0000;0.0000;0.0000;0.0000;0.0000;
1275;"L_VS3_QSFPDD_P19";1;0;0.0000;0.0000;0.0000;0.0000;0.0000;0.0000;
1276;"L_VS3_QSFPDD_P20";1;0;0.0000;0.0000;0.0000;0.0000;0.0000;0.0000;
1277;"L_VS3_QSFPDD_P21";1;0;0.0000;0.0000;0.0000;0.0000;0.0000;0.0000;
1278;"L_VS3_QSFPDD_P22";1;0;0.0000;0.0000;0.0000;0.0000;0.0000;0.0000;
1279;"L_VS3_QSFPDD_P23";1;0;0.0000;0.0000;0.0000;0.0000;0.0000;0.0000;
1280;"L_VS3_QSFPDD_P24";1;0;0.0000;0.0000;0.0000;0.0000;0.0000;0.0000;
1281;"L_VS3_QSFPDD_P25";1;0;0.0000;0.0000;0.0000;0.0000;0.0000;0.0000;
1282;"L_VS3_QSFPDD_P26";1;0;0.0000;0.0000;0.0000;0.0000;0.0000;0.0000;
1283;"L_VS3_QSFPDD_P27";1;0;0.0000;0.0000;0.0000;0.0000;0.0000;0.0000;
1284;"L_VS3_QSFPDD_P28";1;0;0.0000;0.0000;0.0000;0.0000;0.0000;0.0000;
1285;"L_VS3_QSFPDD_P29";1;0;0.0000;0.0000;0.0000;0.0000;0.0000;0.0000;
1286;"L_VS3_QSFPDD_P30";1;0;0.0000;0.0000;0.0000;0.0000;0.0000;0.0000;
1287;"L_VS3_QSFPDD_P31";1;0;0.0000;0.0000;0.0000;0.0000;0.0000;0.0000;
1288;"L_VS3_QSFPDD_P32";1;0;0.0000;0.0000;0.0000;0.0000;0.0000;0.0000;
1289;"L_VS4_QSFPDD_P05";1;0;0.0000;0.0000;0.0000;0.0000;0.0000;0.0000;
1290;"L_VS4_QSFPDD_P06";1;0;0.0000;0.0000;0.0000;0.0000;0.0000;0.0000;
1291;"L_VS4_QSFPDD_P07";1;0;0.0000;0.0000;0.0000;0.0000;0.0000;0.0000;
1292;"L_VS4_QSFPDD_P08";1;0;0.0000;0.0000;0.0000;0.0000;0.0000;0.0000;
1293;"L_VS4_QSFPDD_P09";1;0;0.0000;0.0000;0.0000;0.0000;0.0000;0.0000;
1294;"L_VS4_QSFPDD_P10";1;0;0.0000;0.0000;0.0000;0.0000;0.0000;0.0000;
1295;"L_VS4_QSFPDD_P11";1;0;0.0000;0.0000;0.0000;0.0000;0.0000;0.0000;
1296;"L_VS4_QSFPDD_P12";1;0;0.0000;0.0000;0.0000;0.0000;0.0000;0.0000;
1297;"L_VS4_QSFPDD_P13";1;0;0.0000;0.0000;0.0000;0.0000;0.0000;0.0000;
1298;"L_VS4_QSFPDD_P14";1;0;0.0000;0.0000;0.0000;0.0000;0.0000;0.0000;
1299;"L_VS4_QSFPDD_P15";1;0;0.0000;0.0000;0.0000;0.0000;0.0000;0.0000;
1300;"L_VS4_QSFPDD_P16";1;0;0.0000;0.0000;0.0000;0.0000;0.0000;0.0000;
1301;"L_VS4_QSFPDD_P17";1;0;0.0000;0.0000;0.0000;0.0000;0.0000;0.0000;
1302;"L_VS4_QSFPDD_P18";1;0;0.0000;0.0000;0.0000;0.0000;0.0000;0.0000;
1303;"L_VS4_QSFPDD_P19";1;0;0.0000;0.0000;0.0000;0.0000;0.0000;0.0000;
1304;"L_VS4_QSFPDD_P20";1;0;0.0000;0.0000;0.0000;0.0000;0.0000;0.0000;
1305;"L_VS4_QSFPDD_P21";1;0;0.0000;0.0000;0.0000;0.0000;0.0000;0.0000;
1306;"L_VS4_QSFPDD_P22";1;0;0.0000;0.0000;0.0000;0.0000;0.0000;0.0000;
1307;"L_VS4_QSFPDD_P23";1;0;0.0000;0.0000;0.0000;0.0000;0.0000;0.0000;
1308;"L_VS4_QSFPDD_P24";1;0;0.0000;0.0000;0.0000;0.0000;0.0000;0.0000;
1309;"L_VS4_QSFPDD_P25";1;0;0.0000;0.0000;0.0000;0.0000;0.0000;0.0000;
1310;"L_VS4_QSFPDD_P26";1;0;0.0000;0.0000;0.0000;0.0000;0.0000;0.0000;
1311;"L_VS4_QSFPDD_P27";1;0;0.0000;0.0000;0.0000;0.0000;0.0000;0.0000;
1312;"L_VS4_QSFPDD_P28";1;0;0.0000;0.0000;0.0000;0.0000;0.0000;0.0000;
1313;"L_VS4_QSFPDD_P29";1;0;0.0000;0.0000;0.0000;0.0000;0.0000;0.0000;
1314;"L_VS4_QSFPDD_P30";1;0;0.0000;0.0000;0.0000;0.0000;0.0000;0.0000;
1315;"L_VS4_QSFPDD_P31";1;0;0.0000;0.0000;0.0000;0.0000;0.0000;0.0000;
1316;"L_VS4_QSFPDD_P32";1;0;0.0000;0.0000;0.0000;0.0000;0.0000;0.0000;
1317;"SNN_CAGE_P05_1";1;0;0.0000;0.0000;0.0000;0.0000;0.0000;0.0000;
1318;"SNN_CAGE_P05_10";1;0;0.0000;0.0000;0.0000;0.0000;0.0000;0.0000;
1319;"SNN_CAGE_P05_2";1;0;0.0000;0.0000;0.0000;0.0000;0.0000;0.0000;
1320;"SNN_CAGE_P05_3";1;0;0.0000;0.0000;0.0000;0.0000;0.0000;0.0000;
1321;"SNN_CAGE_P05_4";1;0;0.0000;0.0000;0.0000;0.0000;0.0000;0.0000;
1322;"SNN_CAGE_P05_5";1;0;0.0000;0.0000;0.0000;0.0000;0.0000;0.0000;
1323;"SNN_CAGE_P05_6";1;0;0.0000;0.0000;0.0000;0.0000;0.0000;0.0000;
1324;"SNN_CAGE_P05_7";1;0;0.0000;0.0000;0.0000;0.0000;0.0000;0.0000;
1325;"SNN_CAGE_P05_8";1;0;0.0000;0.0000;0.0000;0.0000;0.0000;0.0000;
1326;"SNN_CAGE_P05_9";1;0;0.0000;0.0000;0.0000;0.0000;0.0000;0.0000;
1327;"SNN_CAGE_P07_1";1;0;0.0000;0.0000;0.0000;0.0000;0.0000;0.0000;
1328;"SNN_CAGE_P07_10";1;0;0.0000;0.0000;0.0000;0.0000;0.0000;0.0000;
1329;"SNN_CAGE_P07_2";1;0;0.0000;0.0000;0.0000;0.0000;0.0000;0.0000;
1330;"SNN_CAGE_P07_3";1;0;0.0000;0.0000;0.0000;0.0000;0.0000;0.0000;
1331;"SNN_CAGE_P07_4";1;0;0.0000;0.0000;0.0000;0.0000;0.0000;0.0000;
1332;"SNN_CAGE_P07_5";1;0;0.0000;0.0000;0.0000;0.0000;0.0000;0.0000;
1333;"SNN_CAGE_P07_6";1;0;0.0000;0.0000;0.0000;0.0000;0.0000;0.0000;
1334;"SNN_CAGE_P07_7";1;0;0.0000;0.0000;0.0000;0.0000;0.0000;0.0000;
1335;"SNN_CAGE_P07_8";1;0;0.0000;0.0000;0.0000;0.0000;0.0000;0.0000;
1336;"SNN_CAGE_P07_9";1;0;0.0000;0.0000;0.0000;0.0000;0.0000;0.0000;
1337;"SNN_CAGE_P09_1";1;0;0.0000;0.0000;0.0000;0.0000;0.0000;0.0000;
1338;"SNN_CAGE_P09_10";1;0;0.0000;0.0000;0.0000;0.0000;0.0000;0.0000;
1339;"SNN_CAGE_P09_2";1;0;0.0000;0.0000;0.0000;0.0000;0.0000;0.0000;
1340;"SNN_CAGE_P09_3";1;0;0.0000;0.0000;0.0000;0.0000;0.0000;0.0000;
1341;"SNN_CAGE_P09_4";1;0;0.0000;0.0000;0.0000;0.0000;0.0000;0.0000;
1342;"SNN_CAGE_P09_5";1;0;0.0000;0.0000;0.0000;0.0000;0.0000;0.0000;
1343;"SNN_CAGE_P09_6";1;0;0.0000;0.0000;0.0000;0.0000;0.0000;0.0000;
1344;"SNN_CAGE_P09_7";1;0;0.0000;0.0000;0.0000;0.0000;0.0000;0.0000;
1345;"SNN_CAGE_P09_8";1;0;0.0000;0.0000;0.0000;0.0000;0.0000;0.0000;
1346;"SNN_CAGE_P09_9";1;0;0.0000;0.0000;0.0000;0.0000;0.0000;0.0000;
1347;"SNN_CAGE_P11_1";1;0;0.0000;0.0000;0.0000;0.0000;0.0000;0.0000;
1348;"SNN_CAGE_P11_10";1;0;0.0000;0.0000;0.0000;0.0000;0.0000;0.0000;
1349;"SNN_CAGE_P11_2";1;0;0.0000;0.0000;0.0000;0.0000;0.0000;0.0000;
1350;"SNN_CAGE_P11_3";1;0;0.0000;0.0000;0.0000;0.0000;0.0000;0.0000;
1351;"SNN_CAGE_P11_4";1;0;0.0000;0.0000;0.0000;0.0000;0.0000;0.0000;
1352;"SNN_CAGE_P11_5";1;0;0.0000;0.0000;0.0000;0.0000;0.0000;0.0000;
1353;"SNN_CAGE_P11_6";1;0;0.0000;0.0000;0.0000;0.0000;0.0000;0.0000;
1354;"SNN_CAGE_P11_7";1;0;0.0000;0.0000;0.0000;0.0000;0.0000;0.0000;
1355;"SNN_CAGE_P11_8";1;0;0.0000;0.0000;0.0000;0.0000;0.0000;0.0000;
1356;"SNN_CAGE_P11_9";1;0;0.0000;0.0000;0.0000;0.0000;0.0000;0.0000;
1357;"SNN_CAGE_P13_1";1;0;0.0000;0.0000;0.0000;0.0000;0.0000;0.0000;
1358;"SNN_CAGE_P13_10";1;0;0.0000;0.0000;0.0000;0.0000;0.0000;0.0000;
1359;"SNN_CAGE_P13_2";1;0;0.0000;0.0000;0.0000;0.0000;0.0000;0.0000;
1360;"SNN_CAGE_P13_3";1;0;0.0000;0.0000;0.0000;0.0000;0.0000;0.0000;
1361;"SNN_CAGE_P13_4";1;0;0.0000;0.0000;0.0000;0.0000;0.0000;0.0000;
1362;"SNN_CAGE_P13_5";1;0;0.0000;0.0000;0.0000;0.0000;0.0000;0.0000;
1363;"SNN_CAGE_P13_6";1;0;0.0000;0.0000;0.0000;0.0000;0.0000;0.0000;
1364;"SNN_CAGE_P13_7";1;0;0.0000;0.0000;0.0000;0.0000;0.0000;0.0000;
1365;"SNN_CAGE_P13_8";1;0;0.0000;0.0000;0.0000;0.0000;0.0000;0.0000;
1366;"SNN_CAGE_P13_9";1;0;0.0000;0.0000;0.0000;0.0000;0.0000;0.0000;
1367;"SNN_CAGE_P15_1";1;0;0.0000;0.0000;0.0000;0.0000;0.0000;0.0000;
1368;"SNN_CAGE_P15_10";1;0;0.0000;0.0000;0.0000;0.0000;0.0000;0.0000;
1369;"SNN_CAGE_P15_2";1;0;0.0000;0.0000;0.0000;0.0000;0.0000;0.0000;
1370;"SNN_CAGE_P15_3";1;0;0.0000;0.0000;0.0000;0.0000;0.0000;0.0000;
1371;"SNN_CAGE_P15_4";1;0;0.0000;0.0000;0.0000;0.0000;0.0000;0.0000;
1372;"SNN_CAGE_P15_5";1;0;0.0000;0.0000;0.0000;0.0000;0.0000;0.0000;
1373;"SNN_CAGE_P15_6";1;0;0.0000;0.0000;0.0000;0.0000;0.0000;0.0000;
1374;"SNN_CAGE_P15_7";1;0;0.0000;0.0000;0.0000;0.0000;0.0000;0.0000;
1375;"SNN_CAGE_P15_8";1;0;0.0000;0.0000;0.0000;0.0000;0.0000;0.0000;
1376;"SNN_CAGE_P15_9";1;0;0.0000;0.0000;0.0000;0.0000;0.0000;0.0000;
1377;"SNN_CAGE_P17_1";1;0;0.0000;0.0000;0.0000;0.0000;0.0000;0.0000;
1378;"SNN_CAGE_P17_10";1;0;0.0000;0.0000;0.0000;0.0000;0.0000;0.0000;
1379;"SNN_CAGE_P17_2";1;0;0.0000;0.0000;0.0000;0.0000;0.0000;0.0000;
1380;"SNN_CAGE_P17_3";1;0;0.0000;0.0000;0.0000;0.0000;0.0000;0.0000;
1381;"SNN_CAGE_P17_4";1;0;0.0000;0.0000;0.0000;0.0000;0.0000;0.0000;
1382;"SNN_CAGE_P17_5";1;0;0.0000;0.0000;0.0000;0.0000;0.0000;0.0000;
1383;"SNN_CAGE_P17_6";1;0;0.0000;0.0000;0.0000;0.0000;0.0000;0.0000;
1384;"SNN_CAGE_P17_7";1;0;0.0000;0.0000;0.0000;0.0000;0.0000;0.0000;
1385;"SNN_CAGE_P17_8";1;0;0.0000;0.0000;0.0000;0.0000;0.0000;0.0000;
1386;"SNN_CAGE_P17_9";1;0;0.0000;0.0000;0.0000;0.0000;0.0000;0.0000;
1387;"SNN_CAGE_P19_1";1;0;0.0000;0.0000;0.0000;0.0000;0.0000;0.0000;
1388;"SNN_CAGE_P19_10";1;0;0.0000;0.0000;0.0000;0.0000;0.0000;0.0000;
1389;"SNN_CAGE_P19_2";1;0;0.0000;0.0000;0.0000;0.0000;0.0000;0.0000;
1390;"SNN_CAGE_P19_3";1;0;0.0000;0.0000;0.0000;0.0000;0.0000;0.0000;
1391;"SNN_CAGE_P19_4";1;0;0.0000;0.0000;0.0000;0.0000;0.0000;0.0000;
1392;"SNN_CAGE_P19_5";1;0;0.0000;0.0000;0.0000;0.0000;0.0000;0.0000;
1393;"SNN_CAGE_P19_6";1;0;0.0000;0.0000;0.0000;0.0000;0.0000;0.0000;
1394;"SNN_CAGE_P19_7";1;0;0.0000;0.0000;0.0000;0.0000;0.0000;0.0000;
1395;"SNN_CAGE_P19_8";1;0;0.0000;0.0000;0.0000;0.0000;0.0000;0.0000;
1396;"SNN_CAGE_P19_9";1;0;0.0000;0.0000;0.0000;0.0000;0.0000;0.0000;
1397;"SNN_CAGE_P21_1";1;0;0.0000;0.0000;0.0000;0.0000;0.0000;0.0000;
1398;"SNN_CAGE_P21_10";1;0;0.0000;0.0000;0.0000;0.0000;0.0000;0.0000;
1399;"SNN_CAGE_P21_2";1;0;0.0000;0.0000;0.0000;0.0000;0.0000;0.0000;
1400;"SNN_CAGE_P21_3";1;0;0.0000;0.0000;0.0000;0.0000;0.0000;0.0000;
1401;"SNN_CAGE_P21_4";1;0;0.0000;0.0000;0.0000;0.0000;0.0000;0.0000;
1402;"SNN_CAGE_P21_5";1;0;0.0000;0.0000;0.0000;0.0000;0.0000;0.0000;
1403;"SNN_CAGE_P21_6";1;0;0.0000;0.0000;0.0000;0.0000;0.0000;0.0000;
1404;"SNN_CAGE_P21_7";1;0;0.0000;0.0000;0.0000;0.0000;0.0000;0.0000;
1405;"SNN_CAGE_P21_8";1;0;0.0000;0.0000;0.0000;0.0000;0.0000;0.0000;
1406;"SNN_CAGE_P21_9";1;0;0.0000;0.0000;0.0000;0.0000;0.0000;0.0000;
1407;"SNN_CAGE_P23_1";1;0;0.0000;0.0000;0.0000;0.0000;0.0000;0.0000;
1408;"SNN_CAGE_P23_10";1;0;0.0000;0.0000;0.0000;0.0000;0.0000;0.0000;
1409;"SNN_CAGE_P23_2";1;0;0.0000;0.0000;0.0000;0.0000;0.0000;0.0000;
1410;"SNN_CAGE_P23_3";1;0;0.0000;0.0000;0.0000;0.0000;0.0000;0.0000;
1411;"SNN_CAGE_P23_4";1;0;0.0000;0.0000;0.0000;0.0000;0.0000;0.0000;
1412;"SNN_CAGE_P23_5";1;0;0.0000;0.0000;0.0000;0.0000;0.0000;0.0000;
1413;"SNN_CAGE_P23_6";1;0;0.0000;0.0000;0.0000;0.0000;0.0000;0.0000;
1414;"SNN_CAGE_P23_7";1;0;0.0000;0.0000;0.0000;0.0000;0.0000;0.0000;
1415;"SNN_CAGE_P23_8";1;0;0.0000;0.0000;0.0000;0.0000;0.0000;0.0000;
1416;"SNN_CAGE_P23_9";1;0;0.0000;0.0000;0.0000;0.0000;0.0000;0.0000;
1417;"SNN_CAGE_P25_1";1;0;0.0000;0.0000;0.0000;0.0000;0.0000;0.0000;
1418;"SNN_CAGE_P25_10";1;0;0.0000;0.0000;0.0000;0.0000;0.0000;0.0000;
1419;"SNN_CAGE_P25_2";1;0;0.0000;0.0000;0.0000;0.0000;0.0000;0.0000;
1420;"SNN_CAGE_P25_3";1;0;0.0000;0.0000;0.0000;0.0000;0.0000;0.0000;
1421;"SNN_CAGE_P25_4";1;0;0.0000;0.0000;0.0000;0.0000;0.0000;0.0000;
1422;"SNN_CAGE_P25_5";1;0;0.0000;0.0000;0.0000;0.0000;0.0000;0.0000;
1423;"SNN_CAGE_P25_6";1;0;0.0000;0.0000;0.0000;0.0000;0.0000;0.0000;
1424;"SNN_CAGE_P25_7";1;0;0.0000;0.0000;0.0000;0.0000;0.0000;0.0000;
1425;"SNN_CAGE_P25_8";1;0;0.0000;0.0000;0.0000;0.0000;0.0000;0.0000;
1426;"SNN_CAGE_P25_9";1;0;0.0000;0.0000;0.0000;0.0000;0.0000;0.0000;
1427;"SNN_CAGE_P27_1";1;0;0.0000;0.0000;0.0000;0.0000;0.0000;0.0000;
1428;"SNN_CAGE_P27_10";1;0;0.0000;0.0000;0.0000;0.0000;0.0000;0.0000;
1429;"SNN_CAGE_P27_2";1;0;0.0000;0.0000;0.0000;0.0000;0.0000;0.0000;
1430;"SNN_CAGE_P27_3";1;0;0.0000;0.0000;0.0000;0.0000;0.0000;0.0000;
1431;"SNN_CAGE_P27_4";1;0;0.0000;0.0000;0.0000;0.0000;0.0000;0.0000;
1432;"SNN_CAGE_P27_5";1;0;0.0000;0.0000;0.0000;0.0000;0.0000;0.0000;
1433;"SNN_CAGE_P27_6";1;0;0.0000;0.0000;0.0000;0.0000;0.0000;0.0000;
1434;"SNN_CAGE_P27_7";1;0;0.0000;0.0000;0.0000;0.0000;0.0000;0.0000;
1435;"SNN_CAGE_P27_8";1;0;0.0000;0.0000;0.0000;0.0000;0.0000;0.0000;
1436;"SNN_CAGE_P27_9";1;0;0.0000;0.0000;0.0000;0.0000;0.0000;0.0000;
1437;"SNN_CAGE_P29_1";1;0;0.0000;0.0000;0.0000;0.0000;0.0000;0.0000;
1438;"SNN_CAGE_P29_10";1;0;0.0000;0.0000;0.0000;0.0000;0.0000;0.0000;
1439;"SNN_CAGE_P29_2";1;0;0.0000;0.0000;0.0000;0.0000;0.0000;0.0000;
1440;"SNN_CAGE_P29_3";1;0;0.0000;0.0000;0.0000;0.0000;0.0000;0.0000;
1441;"SNN_CAGE_P29_4";1;0;0.0000;0.0000;0.0000;0.0000;0.0000;0.0000;
1442;"SNN_CAGE_P29_5";1;0;0.0000;0.0000;0.0000;0.0000;0.0000;0.0000;
1443;"SNN_CAGE_P29_6";1;0;0.0000;0.0000;0.0000;0.0000;0.0000;0.0000;
1444;"SNN_CAGE_P29_7";1;0;0.0000;0.0000;0.0000;0.0000;0.0000;0.0000;
1445;"SNN_CAGE_P29_8";1;0;0.0000;0.0000;0.0000;0.0000;0.0000;0.0000;
1446;"SNN_CAGE_P29_9";1;0;0.0000;0.0000;0.0000;0.0000;0.0000;0.0000;
1447;"SNN_CAGE_P31_1";1;0;0.0000;0.0000;0.0000;0.0000;0.0000;0.0000;
1448;"SNN_CAGE_P31_10";1;0;0.0000;0.0000;0.0000;0.0000;0.0000;0.0000;
1449;"SNN_CAGE_P31_2";1;0;0.0000;0.0000;0.0000;0.0000;0.0000;0.0000;
1450;"SNN_CAGE_P31_3";1;0;0.0000;0.0000;0.0000;0.0000;0.0000;0.0000;
1451;"SNN_CAGE_P31_4";1;0;0.0000;0.0000;0.0000;0.0000;0.0000;0.0000;
1452;"SNN_CAGE_P31_5";1;0;0.0000;0.0000;0.0000;0.0000;0.0000;0.0000;
1453;"SNN_CAGE_P31_6";1;0;0.0000;0.0000;0.0000;0.0000;0.0000;0.0000;
1454;"SNN_CAGE_P31_7";1;0;0.0000;0.0000;0.0000;0.0000;0.0000;0.0000;
1455;"SNN_CAGE_P31_8";1;0;0.0000;0.0000;0.0000;0.0000;0.0000;0.0000;
1456;"SNN_CAGE_P31_9";1;0;0.0000;0.0000;0.0000;0.0000;0.0000;0.0000;
1457;"SNN_QSFPDD_P05";1;0;0.0000;0.0000;0.0000;0.0000;0.0000;0.0000;
1458;"SNN_QSFPDD_P06";1;0;0.0000;0.0000;0.0000;0.0000;0.0000;0.0000;
1459;"SNN_QSFPDD_P07";1;0;0.0000;0.0000;0.0000;0.0000;0.0000;0.0000;
1460;"SNN_QSFPDD_P08";1;0;0.0000;0.0000;0.0000;0.0000;0.0000;0.0000;
1461;"SNN_QSFPDD_P09";1;0;0.0000;0.0000;0.0000;0.0000;0.0000;0.0000;
1462;"SNN_QSFPDD_P10";1;0;0.0000;0.0000;0.0000;0.0000;0.0000;0.0000;
1463;"SNN_QSFPDD_P11";1;0;0.0000;0.0000;0.0000;0.0000;0.0000;0.0000;
1464;"SNN_QSFPDD_P12";1;0;0.0000;0.0000;0.0000;0.0000;0.0000;0.0000;
1465;"SNN_QSFPDD_P13";1;0;0.0000;0.0000;0.0000;0.0000;0.0000;0.0000;
1466;"SNN_QSFPDD_P14";1;0;0.0000;0.0000;0.0000;0.0000;0.0000;0.0000;
1467;"SNN_QSFPDD_P15";1;0;0.0000;0.0000;0.0000;0.0000;0.0000;0.0000;
1468;"SNN_QSFPDD_P16";1;0;0.0000;0.0000;0.0000;0.0000;0.0000;0.0000;
1469;"SNN_QSFPDD_P17";1;0;0.0000;0.0000;0.0000;0.0000;0.0000;0.0000;
1470;"SNN_QSFPDD_P18";1;0;0.0000;0.0000;0.0000;0.0000;0.0000;0.0000;
1471;"SNN_QSFPDD_P19";1;0;0.0000;0.0000;0.0000;0.0000;0.0000;0.0000;
1472;"SNN_QSFPDD_P20";1;0;0.0000;0.0000;0.0000;0.0000;0.0000;0.0000;
1473;"SNN_QSFPDD_P21";1;0;0.0000;0.0000;0.0000;0.0000;0.0000;0.0000;
1474;"SNN_QSFPDD_P22";1;0;0.0000;0.0000;0.0000;0.0000;0.0000;0.0000;
1475;"SNN_QSFPDD_P23";1;0;0.0000;0.0000;0.0000;0.0000;0.0000;0.0000;
1476;"SNN_QSFPDD_P24";1;0;0.0000;0.0000;0.0000;0.0000;0.0000;0.0000;
1477;"SNN_QSFPDD_P25";1;0;0.0000;0.0000;0.0000;0.0000;0.0000;0.0000;
1478;"SNN_QSFPDD_P26";1;0;0.0000;0.0000;0.0000;0.0000;0.0000;0.0000;
1479;"SNN_QSFPDD_P27";1;0;0.0000;0.0000;0.0000;0.0000;0.0000;0.0000;
1480;"SNN_QSFPDD_P28";1;0;0.0000;0.0000;0.0000;0.0000;0.0000;0.0000;
1481;"SNN_QSFPDD_P29";1;0;0.0000;0.0000;0.0000;0.0000;0.0000;0.0000;
1482;"SNN_QSFPDD_P30";1;0;0.0000;0.0000;0.0000;0.0000;0.0000;0.0000;
1483;"SNN_QSFPDD_P31";1;0;0.0000;0.0000;0.0000;0.0000;0.0000;0.0000;
1484;"SNN_QSFPDD_P32";1;0;0.0000;0.0000;0.0000;0.0000;0.0000;0.0000;
1485;"S_RESET_P05_L";1;0;0.0000;0.0000;0.0000;0.0000;0.0000;0.0000;
1486;"S_RESET_P06_L";1;0;0.0000;0.0000;0.0000;0.0000;0.0000;0.0000;
1487;"S_RESET_P07_L";1;0;0.0000;0.0000;0.0000;0.0000;0.0000;0.0000;
1488;"S_RESET_P08_L";1;0;0.0000;0.0000;0.0000;0.0000;0.0000;0.0000;
1489;"S_RESET_P09_L";1;0;0.0000;0.0000;0.0000;0.0000;0.0000;0.0000;
1490;"S_RESET_P10_L";1;0;0.0000;0.0000;0.0000;0.0000;0.0000;0.0000;
1491;"S_RESET_P11_L";1;0;0.0000;0.0000;0.0000;0.0000;0.0000;0.0000;
1492;"S_RESET_P12_L";1;0;0.0000;0.0000;0.0000;0.0000;0.0000;0.0000;
1493;"S_RESET_P13_L";1;0;0.0000;0.0000;0.0000;0.0000;0.0000;0.0000;
1494;"S_RESET_P14_L";1;0;0.0000;0.0000;0.0000;0.0000;0.0000;0.0000;
1495;"S_RESET_P15_L";1;0;0.0000;0.0000;0.0000;0.0000;0.0000;0.0000;
1496;"S_RESET_P16_L";1;0;0.0000;0.0000;0.0000;0.0000;0.0000;0.0000;
1497;"S_RESET_P17_L";1;0;0.0000;0.0000;0.0000;0.0000;0.0000;0.0000;
1498;"S_RESET_P18_L";1;0;0.0000;0.0000;0.0000;0.0000;0.0000;0.0000;
1499;"S_RESET_P19_L";1;0;0.0000;0.0000;0.0000;0.0000;0.0000;0.0000;
1500;"S_RESET_P20_L";1;0;0.0000;0.0000;0.0000;0.0000;0.0000;0.0000;
1501;"S_RESET_P21_L";1;0;0.0000;0.0000;0.0000;0.0000;0.0000;0.0000;
1502;"S_RESET_P22_L";1;0;0.0000;0.0000;0.0000;0.0000;0.0000;0.0000;
1503;"S_RESET_P23_L";1;0;0.0000;0.0000;0.0000;0.0000;0.0000;0.0000;
1504;"S_RESET_P24_L";1;0;0.0000;0.0000;0.0000;0.0000;0.0000;0.0000;
1505;"S_RESET_P25_L";1;0;0.0000;0.0000;0.0000;0.0000;0.0000;0.0000;
1506;"S_RESET_P26_L";1;0;0.0000;0.0000;0.0000;0.0000;0.0000;0.0000;
1507;"S_RESET_P27_L";1;0;0.0000;0.0000;0.0000;0.0000;0.0000;0.0000;
1508;"S_RESET_P28_L";1;0;0.0000;0.0000;0.0000;0.0000;0.0000;0.0000;
1509;"S_RESET_P29_L";1;0;0.0000;0.0000;0.0000;0.0000;0.0000;0.0000;
1510;"S_RESET_P30_L";1;0;0.0000;0.0000;0.0000;0.0000;0.0000;0.0000;
1511;"S_RESET_P31_L";1;0;0.0000;0.0000;0.0000;0.0000;0.0000;0.0000;
1512;"S_RESET_P32_L";1;0;0.0000;0.0000;0.0000;0.0000;0.0000;0.0000;
