[INFO   ] DREAMPlace - parameters = {'aux_input': '/pcb-benchmark/small-6/bookshelf/PB201_A00.aux', 'lef_input': '', 'def_input': '', 'verilog_input': '', 'gpu': 1, 'gpu_id': 1, 'num_bins_x': 512, 'num_bins_y': 512, 'global_place_stages': [{'num_bins_x': 256, 'num_bins_y': 512, 'iteration': 3000, 'learning_rate': 0.004147638575089092, 'wirelength': 'weighted_average', 'optimizer': 'nesterov', 'Llambda_density_weight_iteration': 10, 'Lsub_iteration': 2, 'learning_rate_decay': 0.9920486189602162}], 'target_density': 0.5912216049131384, 'density_weight': 0.0003486034158038201, 'net_crossing_flag': True, 'net_crossing_weight': 1, 'random_seed': 1000, 'result_dir': './results/small-6-handtune', 'scale_factor': 1.0, 'ignore_net_weight': 10, 'shift_factor': [0, 0], 'ignore_net_degree': 100, 'gp_noise_ratio': 0.025, 'enable_fillers': 1, 'global_place_flag': 1, 'legalize_flag': 0, 'detailed_place_flag': 0, 'stop_overflow': 0.09023128159043776, 'dtype': 'float32', 'detailed_place_engine': '', 'detailed_place_command': '', 'plot_flag': 1, 'RePlAce_ref_hpwl': 323089, 'RePlAce_LOWER_PCOF': 0.9101785545773918, 'RePlAce_UPPER_PCOF': 1.090751701713785, 'gamma': 0.28141731020827476, 'RePlAce_skip_energy_flag': 0, 'random_center_init_flag': 1, 'init_loc_perc_x': 0.4101519560816163, 'init_loc_perc_y': 0.5772609830911423, 'sort_nets_by_degree': 0, 'num_threads': 8, 'dump_global_place_solution_flag': 0, 'dump_legalize_solution_flag': 0, 'routability_opt_flag': 0, 'route_num_bins_x': 512, 'route_num_bins_y': 512, 'node_area_adjust_overflow': 0.15, 'max_num_area_adjust': 3, 'adjust_nctugr_area_flag': 0, 'adjust_rudy_area_flag': 0, 'adjust_pin_area_flag': 0, 'area_adjust_stop_ratio': 0.01, 'route_area_adjust_stop_ratio': 0.01, 'pin_area_adjust_stop_ratio': 0.05, 'unit_horizontal_capacity': 1.5625, 'unit_vertical_capacity': 1.45, 'unit_pin_capacity': 0.058, 'max_route_opt_adjust_rate': 2.0, 'route_opt_adjust_exponent': 2.0, 'pin_stretch_ratio': 1.414213562, 'max_pin_opt_adjust_rate': 1.5, 'deterministic_flag': 1, 'get_congestion_map': 1, 'macro_halo_x': 2, 'macro_halo_y': 2, 'macro_overlap_flag': False, 'macro_overlap_weight': 8e-06, 'macro_overlap_mult_weight': 1, 'macro_padding_x': 0, 'macro_padding_y': 0, 'bndry_padding_x': 0, 'bndry_padding_y': 0, 'pin_density': -1, 'route_info_input': 'default', 'evaluate_pl': 0, 'risa_weights': 1, 'proj_name': 'default', 'create_gif': False, 'enable_rotation': False}
[INFO   ] DREAMPlace - 
========================================================
                       DREAMPlace
            Yibo Lin (http://yibolin.com)
   David Z. Pan (http://users.ece.utexas.edu/~dpan)
========================================================

[INFO   ] DREAMPlace - setting up raw database takes 0.01 seconds
[INFO   ] DREAMPlace - set shift_factor = (0, 0), as original row bbox = (0, 0, 150, 211)
[INFO   ] DREAMPlace - set scale_factor = 1, as site_width = 1
[INFO   ] DREAMPlace - shift coordinate system by (0, 0), scale coordinate system by 1
[INFO   ] DREAMPlace - detect movable macros 46, area 11719, reduce those area from movable_area
[INFO   ] DREAMPlace - 
================================= Benchmark Statistics =================================
#nodes = 46, #terminals = 0, # terminal_NIs = 0, #movable = 46, #nets = 26
die area = (0, 0, 150, 211) 31650
row height = 1, site width = 1
num_bins = 512x512, bin sizes = 0.292969x0.412109
#pins = 85, #movable_pins = 85
total_movable_node_area = 11719, total_fixed_node_area = 0, total_space_area = 31650
total_movable_node_area = 0, total_fixed_node_area = 11719, total_space_area = 19931
utilization = 0, target_density = 0.591222
use placeable_area = 19931 to compute fillers
total_filler_node_area = 11783.6, #fillers = 1026, filler sizes = 11.4878x1
========================================================================================
[INFO   ] DREAMPlace - setting up placement database takes 0.01 seconds
[INFO   ] DREAMPlace - move cells to location (61.52279341224244, 121.80206743223101) with random noise
[INFO   ] DREAMPlace - Using Torch GPU device # 1: Tesla V100-DGXS-32GB
[INFO   ] DREAMPlace - POWVFILE = /AutoDMP/thirdparty/NCTUgr.ICCAD2012/POWV9.dat
[INFO   ] DREAMPlace - POSTFILE = /AutoDMP/thirdparty/NCTUgr.ICCAD2012/POST9.dat
[INFO   ] DREAMPlace - non-linear placement initialization takes 4.95 seconds
[INFO   ] DREAMPlace - 256x512 bins #bins 256x512, bin sizes 0.585938x0.412109, max_num_bins = 187, padding = 0
[INFO   ] dreamplace.ops.electric_potential.electric_potential - regard 46 cells as movable macros in global placement
[WARNING] DREAMPlace - quadratic density penalty is disabled, density weight update is forced to be based on HPWL
[INFO   ] DREAMPlace - use nesterov optimizer
[INFO   ] DREAMPlace - add 2.5% noise
[INFO   ] dreamplace.ops.electric_potential.electric_potential - fixed density map: average 0, max 0, bin area 0.24147
[INFO   ] DREAMPlace - nesterov initialization takes 0.0557797 seconds
[INFO   ] DREAMPlace - density_weight = 3.058883E-08
[INFO   ] DREAMPlace - plotting to ./results/small-6-handtune/PB201_A00/plot/iter0000.png takes 0.050 seconds
[INFO   ] DREAMPlace - optimizer step 17.566 ms
[INFO   ] DREAMPlace - iteration    0, (   0,  0,  0), Obj 7.495594E+02, NetCrossing 4.308E+01, NetCrossingWeight 1.000000E+00, DensityWeight 0.000000E+00, HPWL 7.519463E+02, Overflow 3.803413E-01, MaxDensity 2.720E+01, gamma 2.808677E+00, time 2.059ms
[INFO   ] DREAMPlace - full step 74.830 ms
[INFO   ] DREAMPlace - optimizer step 5.957 ms
[INFO   ] DREAMPlace - iteration    1, (   0,  0,  1), Obj 7.434441E+02, NetCrossing 3.647E+01, NetCrossingWeight 1.000000E+00, DensityWeight 3.058883E-08, HPWL 7.518737E+02, Overflow 3.803413E-01, MaxDensity 2.720E+01, gamma 2.808677E+00, time 1.950ms
[INFO   ] DREAMPlace - full step 8.825 ms
[INFO   ] DREAMPlace - optimizer step 5.923 ms
[INFO   ] DREAMPlace - iteration    2, (   0,  1,  0), Obj 7.410150E+02, NetCrossing 3.418E+01, NetCrossingWeight 1.000000E+00, DensityWeight 3.058883E-08, HPWL 7.518339E+02, Overflow 3.803413E-01, MaxDensity 2.720E+01, gamma 2.808677E+00, time 1.934ms
[INFO   ] DREAMPlace - full step 8.744 ms
[INFO   ] DREAMPlace - optimizer step 6.220 ms
[INFO   ] DREAMPlace - iteration    3, (   0,  1,  1), Obj 7.384736E+02, NetCrossing 3.176E+01, NetCrossingWeight 1.000000E+00, DensityWeight 3.058883E-08, HPWL 7.519614E+02, Overflow 3.803413E-01, MaxDensity 2.720E+01, gamma 2.808677E+00, time 2.843ms
[INFO   ] DREAMPlace - full step 10.044 ms
[INFO   ] DREAMPlace - optimizer step 6.407 ms
[INFO   ] DREAMPlace - iteration    4, (   0,  2,  0), Obj 7.366971E+02, NetCrossing 2.962E+01, NetCrossingWeight 1.000000E+00, DensityWeight 3.336482E-08, HPWL 7.516680E+02, Overflow 3.803413E-01, MaxDensity 2.720E+01, gamma 2.808677E+00, time 2.039ms
[INFO   ] DREAMPlace - full step 9.418 ms
[INFO   ] DREAMPlace - optimizer step 6.849 ms
[INFO   ] DREAMPlace - iteration    5, (   0,  2,  1), Obj 7.362508E+02, NetCrossing 2.837E+01, NetCrossingWeight 1.000000E+00, DensityWeight 3.336482E-08, HPWL 7.515402E+02, Overflow 3.803414E-01, MaxDensity 2.720E+01, gamma 2.808677E+00, time 2.026ms
[INFO   ] DREAMPlace - full step 9.835 ms
[INFO   ] DREAMPlace - Lsub stopping criteria: 1 and 736.251 > 736.697 * 0.999
[INFO   ] DREAMPlace - optimizer step 17.922 ms
[INFO   ] DREAMPlace - iteration    6, (   0,  3,  0), Obj 7.334955E+02, NetCrossing 2.631E+01, NetCrossingWeight 1.000000E+00, DensityWeight 3.638182E-08, HPWL 7.519043E+02, Overflow 3.803412E-01, MaxDensity 2.720E+01, gamma 2.808677E+00, time 2.043ms
[INFO   ] DREAMPlace - full step 21.014 ms
[INFO   ] DREAMPlace - optimizer step 11.021 ms
[INFO   ] DREAMPlace - iteration    7, (   0,  3,  1), Obj 7.321189E+02, NetCrossing 2.516E+01, NetCrossingWeight 1.000000E+00, DensityWeight 3.638182E-08, HPWL 7.519283E+02, Overflow 3.803413E-01, MaxDensity 2.720E+01, gamma 2.808677E+00, time 2.038ms
[INFO   ] DREAMPlace - full step 13.908 ms
[INFO   ] DREAMPlace - optimizer step 9.806 ms
[INFO   ] DREAMPlace - iteration    8, (   0,  4,  0), Obj 7.299471E+02, NetCrossing 2.345E+01, NetCrossingWeight 1.000000E+00, DensityWeight 3.968353E-08, HPWL 7.518202E+02, Overflow 3.803413E-01, MaxDensity 2.720E+01, gamma 2.808677E+00, time 1.734ms
[INFO   ] DREAMPlace - full step 12.333 ms
[INFO   ] DREAMPlace - optimizer step 5.159 ms
[INFO   ] DREAMPlace - iteration    9, (   0,  4,  1), Obj 7.295128E+02, NetCrossing 2.174E+01, NetCrossingWeight 1.000000E+00, DensityWeight 3.968353E-08, HPWL 7.521903E+02, Overflow 3.803413E-01, MaxDensity 2.720E+01, gamma 2.808677E+00, time 1.687ms
[INFO   ] DREAMPlace - full step 7.595 ms
[INFO   ] DREAMPlace - Lsub stopping criteria: 1 and 729.513 > 729.947 * 0.999
[INFO   ] DREAMPlace - optimizer step 5.177 ms
[INFO   ] DREAMPlace - iteration   10, (   0,  5,  0), Obj 7.276071E+02, NetCrossing 2.064E+01, NetCrossingWeight 1.000000E+00, DensityWeight 4.328487E-08, HPWL 7.524093E+02, Overflow 3.803413E-01, MaxDensity 2.720E+01, gamma 2.808677E+00, time 1.689ms
[INFO   ] DREAMPlace - full step 7.608 ms
[INFO   ] DREAMPlace - optimizer step 11.238 ms
[INFO   ] DREAMPlace - iteration   11, (   0,  5,  1), Obj 7.259123E+02, NetCrossing 1.786E+01, NetCrossingWeight 1.000000E+00, DensityWeight 4.328487E-08, HPWL 7.528564E+02, Overflow 3.803414E-01, MaxDensity 2.720E+01, gamma 2.808677E+00, time 1.666ms
[INFO   ] DREAMPlace - full step 13.660 ms
[INFO   ] DREAMPlace - optimizer step 5.364 ms
[INFO   ] DREAMPlace - iteration   12, (   0,  6,  0), Obj 7.250670E+02, NetCrossing 1.801E+01, NetCrossingWeight 1.000000E+00, DensityWeight 4.721304E-08, HPWL 7.530101E+02, Overflow 3.803413E-01, MaxDensity 2.720E+01, gamma 2.808677E+00, time 1.685ms
[INFO   ] DREAMPlace - full step 7.799 ms
[INFO   ] DREAMPlace - optimizer step 11.471 ms
[INFO   ] DREAMPlace - iteration   13, (   0,  6,  1), Obj 7.252748E+02, NetCrossing 1.792E+01, NetCrossingWeight 1.000000E+00, DensityWeight 4.721304E-08, HPWL 7.527713E+02, Overflow 3.803413E-01, MaxDensity 2.720E+01, gamma 2.808677E+00, time 1.726ms
[INFO   ] DREAMPlace - full step 13.973 ms
[INFO   ] DREAMPlace - Lsub stopping criteria: 1 and 725.275 > 725.067 * 0.999
[INFO   ] DREAMPlace - optimizer step 5.007 ms
[INFO   ] DREAMPlace - iteration   14, (   0,  7,  0), Obj 7.247620E+02, NetCrossing 1.806E+01, NetCrossingWeight 1.000000E+00, DensityWeight 5.146166E-08, HPWL 7.526461E+02, Overflow 3.803413E-01, MaxDensity 2.720E+01, gamma 2.808677E+00, time 1.725ms
[INFO   ] DREAMPlace - full step 7.497 ms
[INFO   ] DREAMPlace - optimizer step 10.644 ms
[INFO   ] DREAMPlace - iteration   15, (   0,  7,  1), Obj 7.250076E+02, NetCrossing 1.769E+01, NetCrossingWeight 1.000000E+00, DensityWeight 5.146166E-08, HPWL 7.527331E+02, Overflow 3.803413E-01, MaxDensity 2.720E+01, gamma 2.808677E+00, time 1.683ms
[INFO   ] DREAMPlace - full step 13.093 ms
[INFO   ] DREAMPlace - Lsub stopping criteria: 1 and 725.008 > 724.762 * 0.999
[INFO   ] DREAMPlace - optimizer step 5.676 ms
[INFO   ] DREAMPlace - iteration   16, (   0,  8,  0), Obj 7.248934E+02, NetCrossing 1.804E+01, NetCrossingWeight 1.000000E+00, DensityWeight 5.608700E-08, HPWL 7.522783E+02, Overflow 3.803413E-01, MaxDensity 2.720E+01, gamma 2.808677E+00, time 1.735ms
[INFO   ] DREAMPlace - full step 8.739 ms
[INFO   ] DREAMPlace - optimizer step 5.988 ms
[INFO   ] DREAMPlace - iteration   17, (   0,  8,  1), Obj 7.271365E+02, NetCrossing 2.040E+01, NetCrossingWeight 1.000000E+00, DensityWeight 5.608700E-08, HPWL 7.523448E+02, Overflow 3.803413E-01, MaxDensity 2.720E+01, gamma 2.808677E+00, time 3.001ms
[INFO   ] DREAMPlace - full step 10.165 ms
[INFO   ] DREAMPlace - Lsub stopping criteria: 1 and 727.137 > 724.893 * 0.999
[INFO   ] DREAMPlace - optimizer step 5.318 ms
[INFO   ] DREAMPlace - iteration   18, (   0,  9,  0), Obj 7.256295E+02, NetCrossing 1.851E+01, NetCrossingWeight 1.000000E+00, DensityWeight 6.112196E-08, HPWL 7.528630E+02, Overflow 3.803413E-01, MaxDensity 2.720E+01, gamma 2.808677E+00, time 1.794ms
[INFO   ] DREAMPlace - full step 7.937 ms
[INFO   ] DREAMPlace - optimizer step 5.317 ms
[INFO   ] DREAMPlace - iteration   19, (   0,  9,  1), Obj 7.236668E+02, NetCrossing 1.649E+01, NetCrossingWeight 1.000000E+00, DensityWeight 6.112196E-08, HPWL 7.524646E+02, Overflow 3.803413E-01, MaxDensity 2.720E+01, gamma 2.808677E+00, time 3.577ms
[INFO   ] DREAMPlace - full step 9.760 ms
[INFO   ] DREAMPlace - optimizer step 5.193 ms
[INFO   ] DREAMPlace - iteration   20, (   1,  0,  0), Obj 7.228679E+02, NetCrossing 1.731E+01, NetCrossingWeight 1.000000E+00, DensityWeight 6.666887E-08, HPWL 7.518516E+02, Overflow 3.803413E-01, MaxDensity 2.720E+01, gamma 1.178915E-01, time 1.814ms
[INFO   ] DREAMPlace - full step 7.839 ms
[INFO   ] DREAMPlace - optimizer step 5.895 ms
[INFO   ] DREAMPlace - iteration   21, (   1,  0,  1), Obj 7.766267E+02, NetCrossing 1.718E+01, NetCrossingWeight 1.000000E+00, DensityWeight 6.666887E-08, HPWL 7.506924E+02, Overflow 3.803413E-01, MaxDensity 2.720E+01, gamma 1.178915E-01, time 1.767ms
[INFO   ] DREAMPlace - full step 8.498 ms
[INFO   ] DREAMPlace - Lsub stopping criteria: 1 and 776.627 > 722.868 * 0.999
[INFO   ] DREAMPlace - optimizer step 9.824 ms
[INFO   ] DREAMPlace - iteration   22, (   1,  1,  0), Obj 7.741315E+02, NetCrossing 1.613E+01, NetCrossingWeight 1.000000E+00, DensityWeight 7.263924E-08, HPWL 7.486625E+02, Overflow 3.803413E-01, MaxDensity 2.720E+01, gamma 1.178915E-01, time 1.804ms
[INFO   ] DREAMPlace - full step 12.447 ms
[INFO   ] DREAMPlace - optimizer step 5.237 ms
[INFO   ] DREAMPlace - iteration   23, (   1,  1,  1), Obj 7.716491E+02, NetCrossing 1.643E+01, NetCrossingWeight 1.000000E+00, DensityWeight 7.263924E-08, HPWL 7.465508E+02, Overflow 3.803413E-01, MaxDensity 2.720E+01, gamma 1.178915E-01, time 3.067ms
[INFO   ] DREAMPlace - full step 9.132 ms
[INFO   ] DREAMPlace - optimizer step 5.148 ms
[INFO   ] DREAMPlace - iteration   24, (   1,  2,  0), Obj 7.763611E+02, NetCrossing 2.378E+01, NetCrossingWeight 1.000000E+00, DensityWeight 7.913635E-08, HPWL 7.435272E+02, Overflow 3.803413E-01, MaxDensity 2.720E+01, gamma 1.178915E-01, time 1.796ms
[INFO   ] DREAMPlace - full step 7.787 ms
[INFO   ] DREAMPlace - optimizer step 5.312 ms
[INFO   ] DREAMPlace - iteration   25, (   1,  2,  1), Obj 7.679287E+02, NetCrossing 1.552E+01, NetCrossingWeight 1.000000E+00, DensityWeight 7.913635E-08, HPWL 7.422476E+02, Overflow 3.803414E-01, MaxDensity 2.720E+01, gamma 1.178915E-01, time 1.781ms
[INFO   ] DREAMPlace - full step 7.951 ms
[INFO   ] DREAMPlace - optimizer step 5.088 ms
[INFO   ] DREAMPlace - iteration   26, (   1,  3,  0), Obj 7.650269E+02, NetCrossing 1.600E+01, NetCrossingWeight 1.000000E+00, DensityWeight 8.620597E-08, HPWL 7.387594E+02, Overflow 3.803413E-01, MaxDensity 2.720E+01, gamma 1.178915E-01, time 1.803ms
[INFO   ] DREAMPlace - full step 7.700 ms
[INFO   ] DREAMPlace - optimizer step 5.199 ms
[INFO   ] DREAMPlace - iteration   27, (   1,  3,  1), Obj 7.734482E+02, NetCrossing 2.055E+01, NetCrossingWeight 1.000000E+00, DensityWeight 8.620597E-08, HPWL 7.412014E+02, Overflow 3.803413E-01, MaxDensity 2.720E+01, gamma 1.178915E-01, time 1.753ms
[INFO   ] DREAMPlace - full step 7.772 ms
[INFO   ] DREAMPlace - Lsub stopping criteria: 1 and 773.448 > 765.027 * 0.999
[INFO   ] DREAMPlace - optimizer step 5.042 ms
[INFO   ] DREAMPlace - iteration   28, (   1,  4,  0), Obj 7.638004E+02, NetCrossing 1.696E+01, NetCrossingWeight 1.000000E+00, DensityWeight 9.389775E-08, HPWL 7.359851E+02, Overflow 3.803413E-01, MaxDensity 2.720E+01, gamma 1.178915E-01, time 1.739ms
[INFO   ] DREAMPlace - full step 7.580 ms
[INFO   ] DREAMPlace - optimizer step 5.014 ms
[INFO   ] DREAMPlace - iteration   29, (   1,  4,  1), Obj 7.660714E+02, NetCrossing 1.638E+01, NetCrossingWeight 1.000000E+00, DensityWeight 9.389775E-08, HPWL 7.368013E+02, Overflow 3.803413E-01, MaxDensity 2.720E+01, gamma 1.178915E-01, time 1.721ms
[INFO   ] DREAMPlace - full step 7.554 ms
[INFO   ] DREAMPlace - Lsub stopping criteria: 1 and 766.071 > 763.8 * 0.999
[INFO   ] DREAMPlace - optimizer step 6.761 ms
[INFO   ] DREAMPlace - iteration   30, (   1,  5,  0), Obj 7.652838E+02, NetCrossing 1.501E+01, NetCrossingWeight 1.000000E+00, DensityWeight 1.022656E-07, HPWL 7.371893E+02, Overflow 3.803413E-01, MaxDensity 2.720E+01, gamma 1.178915E-01, time 1.787ms
[INFO   ] DREAMPlace - full step 9.377 ms
[INFO   ] DREAMPlace - optimizer step 14.618 ms
[INFO   ] DREAMPlace - iteration   31, (   1,  5,  1), Obj 7.685013E+02, NetCrossing 1.637E+01, NetCrossingWeight 1.000000E+00, DensityWeight 1.022656E-07, HPWL 7.381196E+02, Overflow 3.803413E-01, MaxDensity 2.660E+01, gamma 1.178915E-01, time 1.814ms
[INFO   ] DREAMPlace - full step 17.293 ms
[INFO   ] DREAMPlace - Lsub stopping criteria: 1 and 768.501 > 765.284 * 0.999
[INFO   ] DREAMPlace - optimizer step 5.023 ms
[INFO   ] DREAMPlace - iteration   32, (   1,  6,  0), Obj 7.732065E+02, NetCrossing 2.133E+01, NetCrossingWeight 1.000000E+00, DensityWeight 1.115463E-07, HPWL 7.386299E+02, Overflow 3.803413E-01, MaxDensity 2.601E+01, gamma 1.178915E-01, time 1.780ms
[INFO   ] DREAMPlace - full step 7.613 ms
[INFO   ] DREAMPlace - optimizer step 5.178 ms
[INFO   ] DREAMPlace - iteration   33, (   1,  6,  1), Obj 7.727608E+02, NetCrossing 2.202E+01, NetCrossingWeight 1.000000E+00, DensityWeight 1.115463E-07, HPWL 7.370116E+02, Overflow 3.803413E-01, MaxDensity 2.441E+01, gamma 1.178915E-01, time 1.727ms
[INFO   ] DREAMPlace - full step 7.735 ms
[INFO   ] DREAMPlace - Lsub stopping criteria: 1 and 772.761 > 773.206 * 0.999
[INFO   ] DREAMPlace - optimizer step 9.865 ms
[INFO   ] DREAMPlace - iteration   34, (   1,  7,  0), Obj 7.621309E+02, NetCrossing 2.075E+01, NetCrossingWeight 1.000000E+00, DensityWeight 1.214627E-07, HPWL 7.269680E+02, Overflow 3.803413E-01, MaxDensity 2.347E+01, gamma 1.178915E-01, time 1.785ms
[INFO   ] DREAMPlace - full step 12.474 ms
[INFO   ] DREAMPlace - optimizer step 5.081 ms
[INFO   ] DREAMPlace - iteration   35, (   1,  7,  1), Obj 7.485557E+02, NetCrossing 1.945E+01, NetCrossingWeight 1.000000E+00, DensityWeight 1.214627E-07, HPWL 7.137914E+02, Overflow 3.803413E-01, MaxDensity 2.261E+01, gamma 1.178915E-01, time 1.808ms
[INFO   ] DREAMPlace - full step 7.704 ms
[INFO   ] DREAMPlace - optimizer step 4.995 ms
[INFO   ] DREAMPlace - iteration   36, (   1,  8,  0), Obj 7.456064E+02, NetCrossing 2.182E+01, NetCrossingWeight 1.000000E+00, DensityWeight 1.322474E-07, HPWL 7.091383E+02, Overflow 3.803414E-01, MaxDensity 2.034E+01, gamma 1.178915E-01, time 1.718ms
[INFO   ] DREAMPlace - full step 7.501 ms
[INFO   ] DREAMPlace - optimizer step 15.529 ms
[INFO   ] DREAMPlace - iteration   37, (   1,  8,  1), Obj 7.352291E+02, NetCrossing 2.843E+01, NetCrossingWeight 1.000000E+00, DensityWeight 1.322474E-07, HPWL 6.904703E+02, Overflow 3.803413E-01, MaxDensity 1.827E+01, gamma 1.178915E-01, time 1.693ms
[INFO   ] DREAMPlace - full step 18.037 ms
[INFO   ] DREAMPlace - optimizer step 5.090 ms
[INFO   ] DREAMPlace - iteration   38, (   1,  9,  0), Obj 7.092497E+02, NetCrossing 3.051E+01, NetCrossingWeight 1.000000E+00, DensityWeight 1.439752E-07, HPWL 6.624890E+02, Overflow 3.803413E-01, MaxDensity 1.740E+01, gamma 1.178915E-01, time 1.795ms
[INFO   ] DREAMPlace - full step 7.705 ms
[INFO   ] DREAMPlace - optimizer step 5.732 ms
[INFO   ] DREAMPlace - iteration   39, (   1,  9,  1), Obj 7.163514E+02, NetCrossing 4.025E+01, NetCrossingWeight 1.000000E+00, DensityWeight 1.439752E-07, HPWL 6.587616E+02, Overflow 3.803413E-01, MaxDensity 1.602E+01, gamma 1.178915E-01, time 1.751ms
[INFO   ] DREAMPlace - full step 8.308 ms
[INFO   ] DREAMPlace - Lsub stopping criteria: 1 and 716.351 > 709.25 * 0.999
[INFO   ] DREAMPlace - optimizer step 4.991 ms
[INFO   ] DREAMPlace - iteration   40, (   2,  0,  0), Obj 7.209786E+02, NetCrossing 3.285E+01, NetCrossingWeight 1.000000E+00, DensityWeight 1.567274E-07, HPWL 6.703616E+02, Overflow 3.803413E-01, MaxDensity 1.302E+01, gamma 1.178915E-01, time 1.748ms
[INFO   ] DREAMPlace - full step 7.513 ms
[INFO   ] DREAMPlace - optimizer step 5.169 ms
[INFO   ] DREAMPlace - iteration   41, (   2,  0,  1), Obj 6.900217E+02, NetCrossing 2.159E+01, NetCrossingWeight 1.000000E+00, DensityWeight 1.567274E-07, HPWL 6.497814E+02, Overflow 3.803413E-01, MaxDensity 1.066E+01, gamma 1.178915E-01, time 1.691ms
[INFO   ] DREAMPlace - full step 7.660 ms
[INFO   ] DREAMPlace - optimizer step 5.170 ms
[INFO   ] DREAMPlace - iteration   42, (   2,  1,  0), Obj 6.884816E+02, NetCrossing 3.356E+01, NetCrossingWeight 1.000000E+00, DensityWeight 1.705920E-07, HPWL 6.381953E+02, Overflow 3.803413E-01, MaxDensity 1.036E+01, gamma 1.178915E-01, time 1.763ms
[INFO   ] DREAMPlace - full step 7.797 ms
[INFO   ] DREAMPlace - optimizer step 5.120 ms
[INFO   ] DREAMPlace - iteration   43, (   2,  1,  1), Obj 6.827955E+02, NetCrossing 2.136E+01, NetCrossingWeight 1.000000E+00, DensityWeight 1.705920E-07, HPWL 6.453473E+02, Overflow 3.790925E-01, MaxDensity 9.256E+00, gamma 1.178915E-01, time 1.829ms
[INFO   ] DREAMPlace - full step 7.814 ms
[INFO   ] DREAMPlace - optimizer step 5.974 ms
[INFO   ] DREAMPlace - iteration   44, (   2,  2,  0), Obj 7.004630E+02, NetCrossing 2.616E+01, NetCrossingWeight 1.000000E+00, DensityWeight 1.856646E-07, HPWL 6.569059E+02, Overflow 3.783149E-01, MaxDensity 8.734E+00, gamma 1.178915E-01, time 1.739ms
[INFO   ] DREAMPlace - full step 8.555 ms
[INFO   ] DREAMPlace - optimizer step 9.817 ms
[INFO   ] DREAMPlace - iteration   45, (   2,  2,  1), Obj 6.936836E+02, NetCrossing 3.727E+01, NetCrossingWeight 1.000000E+00, DensityWeight 1.856646E-07, HPWL 6.389512E+02, Overflow 3.783133E-01, MaxDensity 6.903E+00, gamma 1.178915E-01, time 1.749ms
[INFO   ] DREAMPlace - full step 12.441 ms
[INFO   ] DREAMPlace - optimizer step 5.201 ms
[INFO   ] DREAMPlace - iteration   46, (   2,  3,  0), Obj 6.801577E+02, NetCrossing 3.736E+01, NetCrossingWeight 1.000000E+00, DensityWeight 2.020487E-07, HPWL 6.266719E+02, Overflow 3.729281E-01, MaxDensity 6.503E+00, gamma 1.178915E-01, time 3.188ms
[INFO   ] DREAMPlace - full step 9.252 ms
[INFO   ] DREAMPlace - optimizer step 5.048 ms
[INFO   ] DREAMPlace - iteration   47, (   2,  3,  1), Obj 6.114898E+02, NetCrossing 2.886E+01, NetCrossingWeight 1.000000E+00, DensityWeight 2.020487E-07, HPWL 5.643280E+02, Overflow 3.738032E-01, MaxDensity 7.095E+00, gamma 1.178915E-01, time 1.737ms
[INFO   ] DREAMPlace - full step 7.601 ms
[INFO   ] DREAMPlace - optimizer step 5.200 ms
[INFO   ] DREAMPlace - iteration   48, (   2,  4,  0), Obj 6.768785E+02, NetCrossing 3.508E+01, NetCrossingWeight 1.000000E+00, DensityWeight 2.198567E-07, HPWL 6.223521E+02, Overflow 3.646867E-01, MaxDensity 5.783E+00, gamma 1.178915E-01, time 1.774ms
[INFO   ] DREAMPlace - full step 7.844 ms
[INFO   ] DREAMPlace - optimizer step 5.157 ms
[INFO   ] DREAMPlace - iteration   49, (   2,  4,  1), Obj 6.757393E+02, NetCrossing 3.912E+01, NetCrossingWeight 1.000000E+00, DensityWeight 2.198567E-07, HPWL 6.172955E+02, Overflow 3.687640E-01, MaxDensity 6.312E+00, gamma 1.178915E-01, time 1.844ms
[INFO   ] DREAMPlace - full step 7.829 ms
[INFO   ] DREAMPlace - optimizer step 5.018 ms
[INFO   ] DREAMPlace - iteration   50, (   2,  5,  0), Obj 6.295911E+02, NetCrossing 2.727E+01, NetCrossingWeight 1.000000E+00, DensityWeight 2.398056E-07, HPWL 5.839997E+02, Overflow 3.706372E-01, MaxDensity 5.912E+00, gamma 1.178915E-01, time 1.832ms
[INFO   ] DREAMPlace - full step 7.693 ms
[INFO   ] DREAMPlace - optimizer step 9.615 ms
[INFO   ] DREAMPlace - iteration   51, (   2,  5,  1), Obj 5.982394E+02, NetCrossing 3.014E+01, NetCrossingWeight 1.000000E+00, DensityWeight 2.398056E-07, HPWL 5.485554E+02, Overflow 3.638301E-01, MaxDensity 6.521E+00, gamma 1.178915E-01, time 1.845ms
[INFO   ] DREAMPlace - full step 12.325 ms
[INFO   ] DREAMPlace - optimizer step 5.305 ms
[INFO   ] DREAMPlace - iteration   52, (   2,  6,  0), Obj 5.966346E+02, NetCrossing 4.761E+01, NetCrossingWeight 1.000000E+00, DensityWeight 2.608892E-07, HPWL 5.289037E+02, Overflow 3.653182E-01, MaxDensity 7.095E+00, gamma 1.178915E-01, time 1.757ms
[INFO   ] DREAMPlace - full step 7.851 ms
[INFO   ] DREAMPlace - optimizer step 5.242 ms
[INFO   ] DREAMPlace - iteration   53, (   2,  6,  1), Obj 6.741328E+02, NetCrossing 3.501E+01, NetCrossingWeight 1.000000E+00, DensityWeight 2.608892E-07, HPWL 6.191765E+02, Overflow 3.530041E-01, MaxDensity 6.503E+00, gamma 1.178915E-01, time 1.765ms
[INFO   ] DREAMPlace - full step 7.851 ms
[INFO   ] DREAMPlace - Lsub stopping criteria: 1 and 674.133 > 596.635 * 0.999
[INFO   ] DREAMPlace - optimizer step 5.358 ms
[INFO   ] DREAMPlace - iteration   54, (   2,  7,  0), Obj 6.064111E+02, NetCrossing 2.546E+01, NetCrossingWeight 1.000000E+00, DensityWeight 2.845599E-07, HPWL 5.629037E+02, Overflow 3.522066E-01, MaxDensity 6.706E+00, gamma 1.178915E-01, time 1.865ms
[INFO   ] DREAMPlace - full step 8.100 ms
[INFO   ] DREAMPlace - optimizer step 5.409 ms
[INFO   ] DREAMPlace - iteration   55, (   2,  7,  1), Obj 5.994976E+02, NetCrossing 3.884E+01, NetCrossingWeight 1.000000E+00, DensityWeight 2.845599E-07, HPWL 5.389564E+02, Overflow 3.453861E-01, MaxDensity 6.503E+00, gamma 1.178915E-01, time 2.763ms
[INFO   ] DREAMPlace - full step 9.035 ms
[INFO   ] DREAMPlace - optimizer step 5.411 ms
[INFO   ] DREAMPlace - iteration   56, (   2,  8,  0), Obj 6.892477E+02, NetCrossing 4.152E+01, NetCrossingWeight 1.000000E+00, DensityWeight 3.095163E-07, HPWL 6.271813E+02, Overflow 3.454202E-01, MaxDensity 4.897E+00, gamma 1.178915E-01, time 1.768ms
[INFO   ] DREAMPlace - full step 7.992 ms
[INFO   ] DREAMPlace - optimizer step 15.644 ms
[INFO   ] DREAMPlace - iteration   57, (   2,  8,  1), Obj 6.088715E+02, NetCrossing 3.150E+01, NetCrossingWeight 1.000000E+00, DensityWeight 3.095163E-07, HPWL 5.571354E+02, Overflow 3.448910E-01, MaxDensity 6.289E+00, gamma 1.178915E-01, time 1.785ms
[INFO   ] DREAMPlace - full step 18.357 ms
[INFO   ] DREAMPlace - optimizer step 7.911 ms
[INFO   ] DREAMPlace - iteration   58, (   2,  9,  0), Obj 6.252027E+02, NetCrossing 2.691E+01, NetCrossingWeight 1.000000E+00, DensityWeight 3.376037E-07, HPWL 5.738612E+02, Overflow 3.323320E-01, MaxDensity 6.694E+00, gamma 1.178915E-01, time 1.828ms
[INFO   ] DREAMPlace - full step 10.670 ms
[INFO   ] DREAMPlace - optimizer step 5.689 ms
[INFO   ] DREAMPlace - iteration   59, (   2,  9,  1), Obj 5.698932E+02, NetCrossing 2.919E+01, NetCrossingWeight 1.000000E+00, DensityWeight 3.376037E-07, HPWL 5.165729E+02, Overflow 3.332127E-01, MaxDensity 6.967E+00, gamma 1.178915E-01, time 1.872ms
[INFO   ] DREAMPlace - full step 8.415 ms
[INFO   ] DREAMPlace - optimizer step 5.361 ms
[INFO   ] DREAMPlace - iteration   60, (   3,  0,  0), Obj 6.421771E+02, NetCrossing 3.876E+01, NetCrossingWeight 1.000000E+00, DensityWeight 3.671387E-07, HPWL 5.801691E+02, Overflow 3.295304E-01, MaxDensity 7.095E+00, gamma 9.263010E-02, time 1.853ms
[INFO   ] DREAMPlace - full step 8.152 ms
[INFO   ] DREAMPlace - optimizer step 5.388 ms
[INFO   ] DREAMPlace - iteration   61, (   3,  0,  1), Obj 6.016735E+02, NetCrossing 2.721E+01, NetCrossingWeight 1.000000E+00, DensityWeight 3.671387E-07, HPWL 5.488154E+02, Overflow 3.274893E-01, MaxDensity 7.673E+00, gamma 9.263010E-02, time 1.789ms
[INFO   ] DREAMPlace - full step 8.072 ms
[INFO   ] DREAMPlace - optimizer step 10.298 ms
[INFO   ] DREAMPlace - iteration   62, (   3,  1,  0), Obj 6.319163E+02, NetCrossing 2.835E+01, NetCrossingWeight 1.000000E+00, DensityWeight 4.004537E-07, HPWL 5.783144E+02, Overflow 3.289063E-01, MaxDensity 5.912E+00, gamma 9.263010E-02, time 1.777ms
[INFO   ] DREAMPlace - full step 12.896 ms
[INFO   ] DREAMPlace - optimizer step 10.561 ms
[INFO   ] DREAMPlace - iteration   63, (   3,  1,  1), Obj 5.585435E+02, NetCrossing 2.750E+01, NetCrossingWeight 1.000000E+00, DensityWeight 4.004537E-07, HPWL 5.024573E+02, Overflow 3.339792E-01, MaxDensity 6.147E+00, gamma 9.263010E-02, time 1.774ms
[INFO   ] DREAMPlace - full step 13.160 ms
[INFO   ] DREAMPlace - optimizer step 6.020 ms
[INFO   ] DREAMPlace - iteration   64, (   3,  2,  0), Obj 5.809338E+02, NetCrossing 3.443E+01, NetCrossingWeight 1.000000E+00, DensityWeight 4.354000E-07, HPWL 5.169100E+02, Overflow 3.414653E-01, MaxDensity 6.503E+00, gamma 9.263010E-02, time 1.810ms
[INFO   ] DREAMPlace - full step 8.843 ms
[INFO   ] DREAMPlace - optimizer step 6.623 ms
[INFO   ] DREAMPlace - iteration   65, (   3,  2,  1), Obj 6.537754E+02, NetCrossing 2.175E+01, NetCrossingWeight 1.000000E+00, DensityWeight 4.354000E-07, HPWL 6.024187E+02, Overflow 3.406946E-01, MaxDensity 7.031E+00, gamma 9.263010E-02, time 2.224ms
[INFO   ] DREAMPlace - full step 9.933 ms
[INFO   ] DREAMPlace - Lsub stopping criteria: 1 and 653.775 > 580.934 * 0.999
[INFO   ] DREAMPlace - optimizer step 11.903 ms
[INFO   ] DREAMPlace - iteration   66, (   3,  3,  0), Obj 6.102053E+02, NetCrossing 3.123E+01, NetCrossingWeight 1.000000E+00, DensityWeight 4.749005E-07, HPWL 5.487812E+02, Overflow 3.339812E-01, MaxDensity 6.413E+00, gamma 9.263010E-02, time 2.182ms
[INFO   ] DREAMPlace - full step 15.130 ms
[INFO   ] DREAMPlace - optimizer step 6.220 ms
[INFO   ] DREAMPlace - iteration   67, (   3,  3,  1), Obj 5.935229E+02, NetCrossing 2.881E+01, NetCrossingWeight 1.000000E+00, DensityWeight 4.749005E-07, HPWL 5.303026E+02, Overflow 3.378383E-01, MaxDensity 6.650E+00, gamma 9.263010E-02, time 2.132ms
[INFO   ] DREAMPlace - full step 9.384 ms
[INFO   ] DREAMPlace - optimizer step 6.325 ms
[INFO   ] DREAMPlace - iteration   68, (   3,  4,  0), Obj 6.387288E+02, NetCrossing 2.999E+01, NetCrossingWeight 1.000000E+00, DensityWeight 5.162402E-07, HPWL 5.734457E+02, Overflow 3.454344E-01, MaxDensity 7.211E+00, gamma 9.263010E-02, time 2.141ms
[INFO   ] DREAMPlace - full step 9.489 ms
[INFO   ] DREAMPlace - optimizer step 6.282 ms
[INFO   ] DREAMPlace - iteration   69, (   3,  4,  1), Obj 6.619546E+02, NetCrossing 2.986E+01, NetCrossingWeight 1.000000E+00, DensityWeight 5.162402E-07, HPWL 5.951835E+02, Overflow 3.470176E-01, MaxDensity 5.240E+00, gamma 9.263010E-02, time 2.182ms
[INFO   ] DREAMPlace - full step 9.507 ms
[INFO   ] DREAMPlace - Lsub stopping criteria: 1 and 661.955 > 638.729 * 0.999
[INFO   ] DREAMPlace - optimizer step 6.193 ms
[INFO   ] DREAMPlace - iteration   70, (   3,  5,  0), Obj 6.178809E+02, NetCrossing 3.650E+01, NetCrossingWeight 1.000000E+00, DensityWeight 5.630801E-07, HPWL 5.427488E+02, Overflow 3.498482E-01, MaxDensity 6.254E+00, gamma 9.263010E-02, time 2.154ms
[INFO   ] DREAMPlace - full step 9.352 ms
[INFO   ] DREAMPlace - optimizer step 8.832 ms
[INFO   ] DREAMPlace - iteration   71, (   3,  5,  1), Obj 7.007723E+02, NetCrossing 3.377E+01, NetCrossingWeight 1.000000E+00, DensityWeight 5.630801E-07, HPWL 6.248944E+02, Overflow 3.472817E-01, MaxDensity 5.321E+00, gamma 9.263010E-02, time 2.119ms
[INFO   ] DREAMPlace - full step 11.969 ms
[INFO   ] DREAMPlace - Lsub stopping criteria: 1 and 700.772 > 617.881 * 0.999
[INFO   ] DREAMPlace - optimizer step 6.290 ms
[INFO   ] DREAMPlace - iteration   72, (   3,  6,  0), Obj 6.234496E+02, NetCrossing 3.333E+01, NetCrossingWeight 1.000000E+00, DensityWeight 6.141756E-07, HPWL 5.484420E+02, Overflow 3.473272E-01, MaxDensity 7.507E+00, gamma 9.263010E-02, time 2.195ms
[INFO   ] DREAMPlace - full step 9.514 ms
[INFO   ] DREAMPlace - optimizer step 6.064 ms
[INFO   ] DREAMPlace - iteration   73, (   3,  6,  1), Obj 6.628497E+02, NetCrossing 2.956E+01, NetCrossingWeight 1.000000E+00, DensityWeight 6.141756E-07, HPWL 5.871646E+02, Overflow 3.367260E-01, MaxDensity 5.864E+00, gamma 9.263010E-02, time 2.146ms
[INFO   ] DREAMPlace - full step 9.204 ms
[INFO   ] DREAMPlace - Lsub stopping criteria: 1 and 662.85 > 623.45 * 0.999
[INFO   ] DREAMPlace - optimizer step 6.059 ms
[INFO   ] DREAMPlace - iteration   74, (   3,  7,  0), Obj 6.776034E+02, NetCrossing 1.989E+01, NetCrossingWeight 1.000000E+00, DensityWeight 6.674388E-07, HPWL 6.151465E+02, Overflow 3.362223E-01, MaxDensity 5.912E+00, gamma 9.263010E-02, time 2.102ms
[INFO   ] DREAMPlace - full step 9.148 ms
[INFO   ] DREAMPlace - optimizer step 7.091 ms
[INFO   ] DREAMPlace - iteration   75, (   3,  7,  1), Obj 7.958898E+02, NetCrossing 4.405E+01, NetCrossingWeight 1.000000E+00, DensityWeight 6.674388E-07, HPWL 7.042294E+02, Overflow 3.324062E-01, MaxDensity 5.912E+00, gamma 9.263010E-02, time 2.069ms
[INFO   ] DREAMPlace - full step 10.159 ms
[INFO   ] DREAMPlace - Lsub stopping criteria: 1 and 795.89 > 677.603 * 0.999
[INFO   ] DREAMPlace - optimizer step 6.236 ms
[INFO   ] DREAMPlace - iteration   76, (   3,  8,  0), Obj 7.277959E+02, NetCrossing 3.584E+01, NetCrossingWeight 1.000000E+00, DensityWeight 7.279871E-07, HPWL 6.472664E+02, Overflow 3.268877E-01, MaxDensity 5.717E+00, gamma 9.263010E-02, time 2.172ms
[INFO   ] DREAMPlace - full step 9.516 ms
[INFO   ] DREAMPlace - optimizer step 6.476 ms
[INFO   ] DREAMPlace - iteration   77, (   3,  8,  1), Obj 7.131812E+02, NetCrossing 2.586E+01, NetCrossingWeight 1.000000E+00, DensityWeight 7.279871E-07, HPWL 6.432516E+02, Overflow 3.305709E-01, MaxDensity 4.846E+00, gamma 9.263010E-02, time 3.309ms
[INFO   ] DREAMPlace - full step 10.809 ms
[INFO   ] DREAMPlace - optimizer step 26.696 ms
[INFO   ] DREAMPlace - iteration   78, (   3,  9,  0), Obj 6.988125E+02, NetCrossing 2.811E+01, NetCrossingWeight 1.000000E+00, DensityWeight 7.909622E-07, HPWL 6.256647E+02, Overflow 3.389014E-01, MaxDensity 4.730E+00, gamma 9.263010E-02, time 2.213ms
[INFO   ] DREAMPlace - full step 29.941 ms
[INFO   ] DREAMPlace - optimizer step 6.061 ms
[INFO   ] DREAMPlace - iteration   79, (   3,  9,  1), Obj 7.345183E+02, NetCrossing 2.621E+01, NetCrossingWeight 1.000000E+00, DensityWeight 7.909622E-07, HPWL 6.576187E+02, Overflow 3.279056E-01, MaxDensity 5.582E+00, gamma 9.263010E-02, time 5.024ms
[INFO   ] DREAMPlace - full step 12.138 ms
[INFO   ] DREAMPlace - Lsub stopping criteria: 1 and 734.518 > 698.812 * 0.999
[INFO   ] DREAMPlace - optimizer step 17.447 ms
[INFO   ] DREAMPlace - iteration   80, (   4,  0,  0), Obj 6.288405E+02, NetCrossing 2.482E+01, NetCrossingWeight 1.000000E+00, DensityWeight 8.627401E-07, HPWL 5.548773E+02, Overflow 3.359733E-01, MaxDensity 5.321E+00, gamma 9.014850E-02, time 2.158ms
[INFO   ] DREAMPlace - full step 20.601 ms
[INFO   ] DREAMPlace - optimizer step 6.174 ms
[INFO   ] DREAMPlace - iteration   81, (   4,  0,  1), Obj 6.553767E+02, NetCrossing 2.619E+01, NetCrossingWeight 1.000000E+00, DensityWeight 8.627401E-07, HPWL 5.758873E+02, Overflow 3.365751E-01, MaxDensity 5.321E+00, gamma 9.014850E-02, time 2.108ms
[INFO   ] DREAMPlace - full step 9.288 ms
[INFO   ] DREAMPlace - Lsub stopping criteria: 1 and 655.377 > 628.841 * 0.999
[INFO   ] DREAMPlace - optimizer step 6.022 ms
[INFO   ] DREAMPlace - iteration   82, (   4,  1,  0), Obj 6.380204E+02, NetCrossing 2.576E+01, NetCrossingWeight 1.000000E+00, DensityWeight 9.371847E-07, HPWL 5.599760E+02, Overflow 3.414744E-01, MaxDensity 5.321E+00, gamma 9.014850E-02, time 2.123ms
[INFO   ] DREAMPlace - full step 9.154 ms
[INFO   ] DREAMPlace - optimizer step 6.283 ms
[INFO   ] DREAMPlace - iteration   83, (   4,  1,  1), Obj 6.241685E+02, NetCrossing 2.385E+01, NetCrossingWeight 1.000000E+00, DensityWeight 9.371847E-07, HPWL 5.400262E+02, Overflow 3.426704E-01, MaxDensity 6.503E+00, gamma 9.014850E-02, time 2.122ms
[INFO   ] DREAMPlace - full step 9.436 ms
[INFO   ] DREAMPlace - optimizer step 5.988 ms
[INFO   ] DREAMPlace - iteration   84, (   4,  2,  0), Obj 6.303038E+02, NetCrossing 1.518E+01, NetCrossingWeight 1.000000E+00, DensityWeight 1.017951E-06, HPWL 5.546662E+02, Overflow 3.429902E-01, MaxDensity 6.503E+00, gamma 9.014850E-02, time 2.177ms
[INFO   ] DREAMPlace - full step 9.050 ms
[INFO   ] DREAMPlace - optimizer step 11.168 ms
[INFO   ] DREAMPlace - iteration   85, (   4,  2,  1), Obj 6.350685E+02, NetCrossing 1.994E+01, NetCrossingWeight 1.000000E+00, DensityWeight 1.017951E-06, HPWL 5.497217E+02, Overflow 3.476841E-01, MaxDensity 8.127E+00, gamma 9.014850E-02, time 1.803ms
[INFO   ] DREAMPlace - full step 13.782 ms
[INFO   ] DREAMPlace - Lsub stopping criteria: 1 and 635.069 > 630.304 * 0.999
[INFO   ] DREAMPlace - optimizer step 5.018 ms
[INFO   ] DREAMPlace - iteration   86, (   4,  3,  0), Obj 6.588778E+02, NetCrossing 2.944E+01, NetCrossingWeight 1.000000E+00, DensityWeight 1.110329E-06, HPWL 5.627475E+02, Overflow 3.527051E-01, MaxDensity 6.503E+00, gamma 9.014850E-02, time 1.783ms
[INFO   ] DREAMPlace - full step 7.588 ms
[INFO   ] DREAMPlace - optimizer step 5.386 ms
[INFO   ] DREAMPlace - iteration   87, (   4,  3,  1), Obj 7.015578E+02, NetCrossing 2.452E+01, NetCrossingWeight 1.000000E+00, DensityWeight 1.110329E-06, HPWL 6.060385E+02, Overflow 3.423781E-01, MaxDensity 7.042E+00, gamma 9.014850E-02, time 9.440ms
[INFO   ] DREAMPlace - full step 15.652 ms
[INFO   ] DREAMPlace - Lsub stopping criteria: 1 and 701.558 > 658.878 * 0.999
[INFO   ] DREAMPlace - optimizer step 5.098 ms
[INFO   ] DREAMPlace - iteration   88, (   4,  4,  0), Obj 6.367850E+02, NetCrossing 2.433E+01, NetCrossingWeight 1.000000E+00, DensityWeight 1.211075E-06, HPWL 5.398129E+02, Overflow 3.454154E-01, MaxDensity 6.468E+00, gamma 9.014850E-02, time 1.829ms
[INFO   ] DREAMPlace - full step 7.734 ms
[INFO   ] DREAMPlace - optimizer step 14.545 ms
[INFO   ] DREAMPlace - iteration   89, (   4,  4,  1), Obj 6.302933E+02, NetCrossing 2.090E+01, NetCrossingWeight 1.000000E+00, DensityWeight 1.211075E-06, HPWL 5.272979E+02, Overflow 3.515068E-01, MaxDensity 8.277E+00, gamma 9.014850E-02, time 4.796ms
[INFO   ] DREAMPlace - full step 20.154 ms
[INFO   ] DREAMPlace - optimizer step 5.131 ms
[INFO   ] DREAMPlace - iteration   90, (   4,  5,  0), Obj 6.276666E+02, NetCrossing 3.209E+01, NetCrossingWeight 1.000000E+00, DensityWeight 1.315051E-06, HPWL 5.142152E+02, Overflow 3.539836E-01, MaxDensity 6.426E+00, gamma 9.014850E-02, time 3.123ms
[INFO   ] DREAMPlace - full step 9.049 ms
[INFO   ] DREAMPlace - optimizer step 9.479 ms
[INFO   ] DREAMPlace - iteration   91, (   4,  5,  1), Obj 6.706575E+02, NetCrossing 2.936E+01, NetCrossingWeight 1.000000E+00, DensityWeight 1.315051E-06, HPWL 5.534178E+02, Overflow 3.534780E-01, MaxDensity 7.095E+00, gamma 9.014850E-02, time 1.724ms
[INFO   ] DREAMPlace - full step 11.998 ms
[INFO   ] DREAMPlace - Lsub stopping criteria: 1 and 670.658 > 627.667 * 0.999
[INFO   ] DREAMPlace - optimizer step 5.145 ms
[INFO   ] DREAMPlace - iteration   92, (   4,  6,  0), Obj 6.255017E+02, NetCrossing 2.444E+01, NetCrossingWeight 1.000000E+00, DensityWeight 1.434384E-06, HPWL 5.112262E+02, Overflow 3.575267E-01, MaxDensity 5.912E+00, gamma 9.014850E-02, time 1.799ms
[INFO   ] DREAMPlace - full step 7.746 ms
[INFO   ] DREAMPlace - optimizer step 5.074 ms
[INFO   ] DREAMPlace - iteration   93, (   4,  6,  1), Obj 7.108081E+02, NetCrossing 2.111E+01, NetCrossingWeight 1.000000E+00, DensityWeight 1.434384E-06, HPWL 5.965081E+02, Overflow 3.496081E-01, MaxDensity 5.304E+00, gamma 9.014850E-02, time 1.793ms
[INFO   ] DREAMPlace - full step 7.665 ms
[INFO   ] DREAMPlace - Lsub stopping criteria: 1 and 710.808 > 625.502 * 0.999
[INFO   ] DREAMPlace - optimizer step 6.641 ms
[INFO   ] DREAMPlace - iteration   94, (   4,  7,  0), Obj 6.964783E+02, NetCrossing 2.133E+01, NetCrossingWeight 1.000000E+00, DensityWeight 1.564538E-06, HPWL 5.784445E+02, Overflow 3.593908E-01, MaxDensity 5.688E+00, gamma 9.014850E-02, time 1.800ms
[INFO   ] DREAMPlace - full step 9.247 ms
[INFO   ] DREAMPlace - optimizer step 17.087 ms
[INFO   ] DREAMPlace - iteration   95, (   4,  7,  1), Obj 6.448887E+02, NetCrossing 2.070E+01, NetCrossingWeight 1.000000E+00, DensityWeight 1.564538E-06, HPWL 5.160513E+02, Overflow 3.572212E-01, MaxDensity 6.503E+00, gamma 9.014850E-02, time 1.769ms
[INFO   ] DREAMPlace - full step 19.705 ms
[INFO   ] DREAMPlace - optimizer step 10.486 ms
[INFO   ] DREAMPlace - iteration   96, (   4,  8,  0), Obj 6.710659E+02, NetCrossing 2.419E+01, NetCrossingWeight 1.000000E+00, DensityWeight 1.698350E-06, HPWL 5.393032E+02, Overflow 3.606369E-01, MaxDensity 7.876E+00, gamma 9.014850E-02, time 1.821ms
[INFO   ] DREAMPlace - full step 13.119 ms
[INFO   ] DREAMPlace - optimizer step 5.491 ms
[INFO   ] DREAMPlace - iteration   97, (   4,  8,  1), Obj 6.644145E+02, NetCrossing 1.930E+01, NetCrossingWeight 1.000000E+00, DensityWeight 1.698350E-06, HPWL 5.322557E+02, Overflow 3.593740E-01, MaxDensity 6.786E+00, gamma 9.014850E-02, time 1.817ms
[INFO   ] DREAMPlace - full step 8.094 ms
[INFO   ] DREAMPlace - optimizer step 6.383 ms
[INFO   ] DREAMPlace - iteration   98, (   4,  9,  0), Obj 6.863638E+02, NetCrossing 2.839E+01, NetCrossingWeight 1.000000E+00, DensityWeight 1.852470E-06, HPWL 5.472666E+02, Overflow 3.572597E-01, MaxDensity 6.493E+00, gamma 9.014850E-02, time 1.774ms
[INFO   ] DREAMPlace - full step 9.383 ms
[INFO   ] DREAMPlace - optimizer step 6.651 ms
[INFO   ] DREAMPlace - iteration   99, (   4,  9,  1), Obj 6.653525E+02, NetCrossing 3.355E+01, NetCrossingWeight 1.000000E+00, DensityWeight 1.852470E-06, HPWL 5.161107E+02, Overflow 3.544555E-01, MaxDensity 5.912E+00, gamma 9.014850E-02, time 3.991ms
[INFO   ] DREAMPlace - full step 11.947 ms
[INFO   ] DREAMPlace - plotting to ./results/small-6-handtune/PB201_A00/plot/iter0100.png takes 0.045 seconds
[INFO   ] DREAMPlace - optimizer step 11.528 ms
[INFO   ] DREAMPlace - iteration  100, (   5,  0,  0), Obj 6.854080E+02, NetCrossing 2.994E+01, NetCrossingWeight 1.000000E+00, DensityWeight 2.010507E-06, HPWL 5.421598E+02, Overflow 3.475187E-01, MaxDensity 5.912E+00, gamma 1.032662E-01, time 1.761ms
[INFO   ] DREAMPlace - full step 59.487 ms
[INFO   ] DREAMPlace - optimizer step 5.008 ms
[INFO   ] DREAMPlace - iteration  101, (   5,  0,  1), Obj 7.267360E+02, NetCrossing 2.442E+01, NetCrossingWeight 1.000000E+00, DensityWeight 2.010507E-06, HPWL 5.830653E+02, Overflow 3.509844E-01, MaxDensity 5.912E+00, gamma 1.032662E-01, time 1.734ms
[INFO   ] DREAMPlace - full step 7.555 ms
[INFO   ] DREAMPlace - Lsub stopping criteria: 1 and 726.736 > 685.408 * 0.999
[INFO   ] DREAMPlace - optimizer step 5.239 ms
[INFO   ] DREAMPlace - iteration  102, (   5,  1,  0), Obj 6.884595E+02, NetCrossing 2.290E+01, NetCrossingWeight 1.000000E+00, DensityWeight 2.192925E-06, HPWL 5.473901E+02, Overflow 3.428583E-01, MaxDensity 5.507E+00, gamma 1.032662E-01, time 2.384ms
[INFO   ] DREAMPlace - full step 8.410 ms
[INFO   ] DREAMPlace - optimizer step 5.131 ms
[INFO   ] DREAMPlace - iteration  103, (   5,  1,  1), Obj 7.713024E+02, NetCrossing 2.962E+01, NetCrossingWeight 1.000000E+00, DensityWeight 2.192925E-06, HPWL 6.136638E+02, Overflow 3.434795E-01, MaxDensity 6.503E+00, gamma 1.032662E-01, time 1.760ms
[INFO   ] DREAMPlace - full step 7.668 ms
[INFO   ] DREAMPlace - Lsub stopping criteria: 1 and 771.302 > 688.46 * 0.999
[INFO   ] DREAMPlace - optimizer step 11.790 ms
[INFO   ] DREAMPlace - iteration  104, (   5,  2,  0), Obj 7.050432E+02, NetCrossing 2.444E+01, NetCrossingWeight 1.000000E+00, DensityWeight 2.391916E-06, HPWL 5.544119E+02, Overflow 3.409711E-01, MaxDensity 5.912E+00, gamma 1.032662E-01, time 1.737ms
[INFO   ] DREAMPlace - full step 14.341 ms
[INFO   ] DREAMPlace - optimizer step 20.222 ms
[INFO   ] DREAMPlace - iteration  105, (   5,  2,  1), Obj 6.889967E+02, NetCrossing 1.490E+01, NetCrossingWeight 1.000000E+00, DensityWeight 2.391916E-06, HPWL 5.331575E+02, Overflow 3.505150E-01, MaxDensity 6.452E+00, gamma 1.032662E-01, time 1.729ms
[INFO   ] DREAMPlace - full step 22.748 ms
[INFO   ] DREAMPlace - optimizer step 5.683 ms
[INFO   ] DREAMPlace - iteration  106, (   5,  3,  0), Obj 6.863692E+02, NetCrossing 3.638E+01, NetCrossingWeight 1.000000E+00, DensityWeight 2.595195E-06, HPWL 5.094708E+02, Overflow 3.492166E-01, MaxDensity 7.079E+00, gamma 1.032662E-01, time 1.801ms
[INFO   ] DREAMPlace - full step 8.257 ms
[INFO   ] DREAMPlace - optimizer step 4.985 ms
[INFO   ] DREAMPlace - iteration  107, (   5,  3,  1), Obj 6.980278E+02, NetCrossing 2.076E+01, NetCrossingWeight 1.000000E+00, DensityWeight 2.595195E-06, HPWL 5.239156E+02, Overflow 3.490292E-01, MaxDensity 7.434E+00, gamma 1.032662E-01, time 1.730ms
[INFO   ] DREAMPlace - full step 7.474 ms
[INFO   ] DREAMPlace - Lsub stopping criteria: 1 and 698.028 > 686.369 * 0.999
[INFO   ] DREAMPlace - optimizer step 9.926 ms
[INFO   ] DREAMPlace - iteration  108, (   5,  4,  0), Obj 6.959409E+02, NetCrossing 2.240E+01, NetCrossingWeight 1.000000E+00, DensityWeight 2.815468E-06, HPWL 5.239813E+02, Overflow 3.446957E-01, MaxDensity 7.095E+00, gamma 1.032662E-01, time 1.711ms
[INFO   ] DREAMPlace - full step 12.437 ms
[INFO   ] DREAMPlace - optimizer step 5.277 ms
[INFO   ] DREAMPlace - iteration  109, (   5,  4,  1), Obj 6.813428E+02, NetCrossing 2.499E+01, NetCrossingWeight 1.000000E+00, DensityWeight 2.815468E-06, HPWL 4.964837E+02, Overflow 3.455511E-01, MaxDensity 7.595E+00, gamma 1.032662E-01, time 1.895ms
[INFO   ] DREAMPlace - full step 8.023 ms
[INFO   ] DREAMPlace - optimizer step 5.116 ms
[INFO   ] DREAMPlace - iteration  110, (   5,  5,  0), Obj 6.849995E+02, NetCrossing 2.197E+01, NetCrossingWeight 1.000000E+00, DensityWeight 3.054132E-06, HPWL 5.018524E+02, Overflow 3.480457E-01, MaxDensity 7.023E+00, gamma 1.032662E-01, time 1.781ms
[INFO   ] DREAMPlace - full step 7.730 ms
[INFO   ] DREAMPlace - optimizer step 5.195 ms
[INFO   ] DREAMPlace - iteration  111, (   5,  5,  1), Obj 6.950647E+02, NetCrossing 2.061E+01, NetCrossingWeight 1.000000E+00, DensityWeight 3.054132E-06, HPWL 4.976495E+02, Overflow 3.477296E-01, MaxDensity 7.839E+00, gamma 1.032662E-01, time 3.186ms
[INFO   ] DREAMPlace - full step 9.232 ms
[INFO   ] DREAMPlace - Lsub stopping criteria: 1 and 695.065 > 685 * 0.999
[INFO   ] DREAMPlace - optimizer step 14.950 ms
[INFO   ] DREAMPlace - iteration  112, (   5,  6,  0), Obj 6.882390E+02, NetCrossing 2.928E+01, NetCrossingWeight 1.000000E+00, DensityWeight 3.331299E-06, HPWL 4.823567E+02, Overflow 3.541582E-01, MaxDensity 8.175E+00, gamma 1.032662E-01, time 1.761ms
[INFO   ] DREAMPlace - full step 17.586 ms
[INFO   ] DREAMPlace - optimizer step 5.282 ms
[INFO   ] DREAMPlace - iteration  113, (   5,  6,  1), Obj 6.674161E+02, NetCrossing 1.932E+01, NetCrossingWeight 1.000000E+00, DensityWeight 3.331299E-06, HPWL 4.558552E+02, Overflow 3.524252E-01, MaxDensity 9.355E+00, gamma 1.032662E-01, time 1.832ms
[INFO   ] DREAMPlace - full step 7.982 ms
[INFO   ] DREAMPlace - optimizer step 5.393 ms
[INFO   ] DREAMPlace - iteration  114, (   5,  7,  0), Obj 7.018254E+02, NetCrossing 3.053E+01, NetCrossingWeight 1.000000E+00, DensityWeight 3.612966E-06, HPWL 4.774141E+02, Overflow 3.527414E-01, MaxDensity 8.654E+00, gamma 1.032662E-01, time 1.813ms
[INFO   ] DREAMPlace - full step 8.129 ms
[INFO   ] DREAMPlace - optimizer step 5.328 ms
[INFO   ] DREAMPlace - iteration  115, (   5,  7,  1), Obj 6.907579E+02, NetCrossing 2.381E+01, NetCrossingWeight 1.000000E+00, DensityWeight 3.612966E-06, HPWL 4.575888E+02, Overflow 3.558323E-01, MaxDensity 7.536E+00, gamma 1.032662E-01, time 1.798ms
[INFO   ] DREAMPlace - full step 8.021 ms
[INFO   ] DREAMPlace - optimizer step 19.970 ms
[INFO   ] DREAMPlace - iteration  116, (   5,  8,  0), Obj 7.204219E+02, NetCrossing 2.067E+01, NetCrossingWeight 1.000000E+00, DensityWeight 3.940847E-06, HPWL 4.902999E+02, Overflow 3.528405E-01, MaxDensity 7.881E+00, gamma 1.032662E-01, time 1.805ms
[INFO   ] DREAMPlace - full step 22.647 ms
[INFO   ] DREAMPlace - optimizer step 7.332 ms
[INFO   ] DREAMPlace - iteration  117, (   5,  8,  1), Obj 7.174314E+02, NetCrossing 1.670E+01, NetCrossingWeight 1.000000E+00, DensityWeight 3.940847E-06, HPWL 4.716480E+02, Overflow 3.508331E-01, MaxDensity 8.436E+00, gamma 1.032662E-01, time 1.849ms
[INFO   ] DREAMPlace - full step 10.040 ms
[INFO   ] DREAMPlace - optimizer step 5.177 ms
[INFO   ] DREAMPlace - iteration  118, (   5,  9,  0), Obj 6.842095E+02, NetCrossing 1.572E+01, NetCrossingWeight 1.000000E+00, DensityWeight 4.298469E-06, HPWL 4.423284E+02, Overflow 3.512434E-01, MaxDensity 7.657E+00, gamma 1.032662E-01, time 1.774ms
[INFO   ] DREAMPlace - full step 7.821 ms
[INFO   ] DREAMPlace - optimizer step 5.270 ms
[INFO   ] DREAMPlace - iteration  119, (   5,  9,  1), Obj 7.493020E+02, NetCrossing 3.686E+01, NetCrossingWeight 1.000000E+00, DensityWeight 4.298469E-06, HPWL 4.657384E+02, Overflow 3.547498E-01, MaxDensity 6.634E+00, gamma 1.032662E-01, time 1.755ms
[INFO   ] DREAMPlace - full step 7.907 ms
[INFO   ] DREAMPlace - Lsub stopping criteria: 1 and 749.302 > 684.21 * 0.999
[INFO   ] DREAMPlace - optimizer step 10.133 ms
[INFO   ] DREAMPlace - iteration  120, (   6,  0,  0), Obj 7.527657E+02, NetCrossing 2.014E+01, NetCrossingWeight 1.000000E+00, DensityWeight 4.660514E-06, HPWL 4.929241E+02, Overflow 3.529915E-01, MaxDensity 5.321E+00, gamma 1.034219E-01, time 1.806ms
[INFO   ] DREAMPlace - full step 12.783 ms
[INFO   ] DREAMPlace - optimizer step 9.940 ms
[INFO   ] DREAMPlace - iteration  121, (   6,  0,  1), Obj 8.311246E+02, NetCrossing 1.381E+01, NetCrossingWeight 1.000000E+00, DensityWeight 4.660514E-06, HPWL 5.579109E+02, Overflow 3.507653E-01, MaxDensity 7.085E+00, gamma 1.034219E-01, time 1.830ms
[INFO   ] DREAMPlace - full step 12.658 ms
[INFO   ] DREAMPlace - Lsub stopping criteria: 1 and 831.125 > 752.766 * 0.999
[INFO   ] DREAMPlace - optimizer step 5.194 ms
[INFO   ] DREAMPlace - iteration  122, (   6,  1,  0), Obj 7.870946E+02, NetCrossing 2.327E+01, NetCrossingWeight 1.000000E+00, DensityWeight 5.083338E-06, HPWL 5.084020E+02, Overflow 3.511060E-01, MaxDensity 7.095E+00, gamma 1.034219E-01, time 1.809ms
[INFO   ] DREAMPlace - full step 7.886 ms
[INFO   ] DREAMPlace - optimizer step 5.445 ms
[INFO   ] DREAMPlace - iteration  123, (   6,  1,  1), Obj 8.433237E+02, NetCrossing 2.509E+01, NetCrossingWeight 1.000000E+00, DensityWeight 5.083338E-06, HPWL 5.464136E+02, Overflow 3.445144E-01, MaxDensity 7.686E+00, gamma 1.034219E-01, time 1.812ms
[INFO   ] DREAMPlace - full step 8.180 ms
[INFO   ] DREAMPlace - Lsub stopping criteria: 1 and 843.324 > 787.095 * 0.999
[INFO   ] DREAMPlace - optimizer step 5.130 ms
[INFO   ] DREAMPlace - iteration  124, (   6,  2,  0), Obj 8.176508E+02, NetCrossing 2.201E+01, NetCrossingWeight 1.000000E+00, DensityWeight 5.510387E-06, HPWL 5.253505E+02, Overflow 3.411736E-01, MaxDensity 7.033E+00, gamma 1.034219E-01, time 1.771ms
[INFO   ] DREAMPlace - full step 7.778 ms
[INFO   ] DREAMPlace - optimizer step 5.218 ms
[INFO   ] DREAMPlace - iteration  125, (   6,  2,  1), Obj 8.370673E+02, NetCrossing 2.118E+01, NetCrossingWeight 1.000000E+00, DensityWeight 5.510387E-06, HPWL 5.253073E+02, Overflow 3.401045E-01, MaxDensity 7.095E+00, gamma 1.034219E-01, time 1.755ms
[INFO   ] DREAMPlace - full step 7.864 ms
[INFO   ] DREAMPlace - Lsub stopping criteria: 1 and 837.067 > 817.651 * 0.999
[INFO   ] DREAMPlace - optimizer step 5.135 ms
[INFO   ] DREAMPlace - iteration  126, (   6,  3,  0), Obj 8.539696E+02, NetCrossing 3.172E+01, NetCrossingWeight 1.000000E+00, DensityWeight 5.972715E-06, HPWL 5.348636E+02, Overflow 3.409052E-01, MaxDensity 7.095E+00, gamma 1.034219E-01, time 1.776ms
[INFO   ] DREAMPlace - full step 7.800 ms
[INFO   ] DREAMPlace - optimizer step 5.105 ms
[INFO   ] DREAMPlace - iteration  127, (   6,  3,  1), Obj 8.393627E+02, NetCrossing 2.169E+01, NetCrossingWeight 1.000000E+00, DensityWeight 5.972715E-06, HPWL 5.079023E+02, Overflow 3.431166E-01, MaxDensity 7.686E+00, gamma 1.034219E-01, time 1.769ms
[INFO   ] DREAMPlace - full step 7.751 ms
[INFO   ] DREAMPlace - optimizer step 5.231 ms
[INFO   ] DREAMPlace - iteration  128, (   6,  4,  0), Obj 8.248911E+02, NetCrossing 2.028E+01, NetCrossingWeight 1.000000E+00, DensityWeight 6.473186E-06, HPWL 4.938823E+02, Overflow 3.467467E-01, MaxDensity 7.542E+00, gamma 1.034219E-01, time 1.750ms
[INFO   ] DREAMPlace - full step 7.885 ms
[INFO   ] DREAMPlace - optimizer step 5.280 ms
[INFO   ] DREAMPlace - iteration  129, (   6,  4,  1), Obj 8.442068E+02, NetCrossing 1.664E+01, NetCrossingWeight 1.000000E+00, DensityWeight 6.473186E-06, HPWL 4.927017E+02, Overflow 3.413891E-01, MaxDensity 6.388E+00, gamma 1.034219E-01, time 1.838ms
[INFO   ] DREAMPlace - full step 8.069 ms
[INFO   ] DREAMPlace - Lsub stopping criteria: 1 and 844.207 > 824.891 * 0.999
[INFO   ] DREAMPlace - optimizer step 10.036 ms
[INFO   ] DREAMPlace - iteration  130, (   6,  5,  0), Obj 8.452084E+02, NetCrossing 2.334E+01, NetCrossingWeight 1.000000E+00, DensityWeight 7.014891E-06, HPWL 4.847864E+02, Overflow 3.477648E-01, MaxDensity 6.410E+00, gamma 1.034219E-01, time 1.850ms
[INFO   ] DREAMPlace - full step 12.787 ms
[INFO   ] DREAMPlace - optimizer step 5.374 ms
[INFO   ] DREAMPlace - iteration  131, (   6,  5,  1), Obj 8.872384E+02, NetCrossing 2.527E+01, NetCrossingWeight 1.000000E+00, DensityWeight 7.014891E-06, HPWL 5.025728E+02, Overflow 3.433433E-01, MaxDensity 5.912E+00, gamma 1.034219E-01, time 1.799ms
[INFO   ] DREAMPlace - full step 8.068 ms
[INFO   ] DREAMPlace - Lsub stopping criteria: 1 and 887.238 > 845.208 * 0.999
[INFO   ] DREAMPlace - optimizer step 5.254 ms
[INFO   ] DREAMPlace - iteration  132, (   6,  6,  0), Obj 9.445289E+02, NetCrossing 2.636E+01, NetCrossingWeight 1.000000E+00, DensityWeight 7.651483E-06, HPWL 5.675624E+02, Overflow 3.401792E-01, MaxDensity 7.095E+00, gamma 1.034219E-01, time 1.791ms
[INFO   ] DREAMPlace - full step 7.978 ms
[INFO   ] DREAMPlace - optimizer step 17.029 ms
[INFO   ] DREAMPlace - iteration  133, (   6,  6,  1), Obj 8.853693E+02, NetCrossing 3.047E+01, NetCrossingWeight 1.000000E+00, DensityWeight 7.651483E-06, HPWL 4.760760E+02, Overflow 3.438275E-01, MaxDensity 6.009E+00, gamma 1.034219E-01, time 1.803ms
[INFO   ] DREAMPlace - full step 19.744 ms
[INFO   ] DREAMPlace - optimizer step 5.096 ms
[INFO   ] DREAMPlace - iteration  134, (   6,  7,  0), Obj 9.161870E+02, NetCrossing 2.064E+01, NetCrossingWeight 1.000000E+00, DensityWeight 8.290134E-06, HPWL 5.217034E+02, Overflow 3.431122E-01, MaxDensity 5.321E+00, gamma 1.034219E-01, time 1.765ms
[INFO   ] DREAMPlace - full step 7.735 ms
[INFO   ] DREAMPlace - optimizer step 5.252 ms
[INFO   ] DREAMPlace - iteration  135, (   6,  7,  1), Obj 9.230725E+02, NetCrossing 2.127E+01, NetCrossingWeight 1.000000E+00, DensityWeight 8.290134E-06, HPWL 4.922596E+02, Overflow 3.446581E-01, MaxDensity 6.798E+00, gamma 1.034219E-01, time 1.742ms
[INFO   ] DREAMPlace - full step 7.894 ms
[INFO   ] DREAMPlace - Lsub stopping criteria: 1 and 923.073 > 916.187 * 0.999
[INFO   ] DREAMPlace - optimizer step 5.202 ms
[INFO   ] DREAMPlace - iteration  136, (   6,  8,  0), Obj 8.698234E+02, NetCrossing 1.608E+01, NetCrossingWeight 1.000000E+00, DensityWeight 9.042438E-06, HPWL 4.468452E+02, Overflow 3.455098E-01, MaxDensity 8.087E+00, gamma 1.034219E-01, time 1.781ms
[INFO   ] DREAMPlace - full step 7.877 ms
[INFO   ] DREAMPlace - optimizer step 5.098 ms
[INFO   ] DREAMPlace - iteration  137, (   6,  8,  1), Obj 9.590033E+02, NetCrossing 2.975E+01, NetCrossingWeight 1.000000E+00, DensityWeight 9.042438E-06, HPWL 4.873350E+02, Overflow 3.480336E-01, MaxDensity 7.686E+00, gamma 1.034219E-01, time 1.803ms
[INFO   ] DREAMPlace - full step 7.788 ms
[INFO   ] DREAMPlace - Lsub stopping criteria: 1 and 959.003 > 869.823 * 0.999
[INFO   ] DREAMPlace - optimizer step 5.172 ms
[INFO   ] DREAMPlace - iteration  138, (   6,  9,  0), Obj 9.959255E+02, NetCrossing 2.816E+01, NetCrossingWeight 1.000000E+00, DensityWeight 9.795231E-06, HPWL 5.428927E+02, Overflow 3.452955E-01, MaxDensity 6.503E+00, gamma 1.034219E-01, time 3.212ms
[INFO   ] DREAMPlace - full step 9.287 ms
[INFO   ] DREAMPlace - optimizer step 5.075 ms
[INFO   ] DREAMPlace - iteration  139, (   6,  9,  1), Obj 1.026448E+03, NetCrossing 1.928E+01, NetCrossingWeight 1.000000E+00, DensityWeight 9.795231E-06, HPWL 5.481229E+02, Overflow 3.423111E-01, MaxDensity 6.206E+00, gamma 1.034219E-01, time 1.782ms
[INFO   ] DREAMPlace - full step 7.760 ms
[INFO   ] DREAMPlace - Lsub stopping criteria: 1 and 1026.45 > 995.926 * 0.999
[INFO   ] DREAMPlace - optimizer step 5.568 ms
[INFO   ] DREAMPlace - iteration  140, (   7,  0,  0), Obj 9.909888E+02, NetCrossing 2.144E+01, NetCrossingWeight 1.000000E+00, DensityWeight 1.068399E-05, HPWL 5.112958E+02, Overflow 3.417618E-01, MaxDensity 6.494E+00, gamma 9.704450E-02, time 1.795ms
[INFO   ] DREAMPlace - full step 8.233 ms
[INFO   ] DREAMPlace - optimizer step 5.160 ms
[INFO   ] DREAMPlace - iteration  141, (   7,  0,  1), Obj 1.019157E+03, NetCrossing 4.093E+01, NetCrossingWeight 1.000000E+00, DensityWeight 1.068399E-05, HPWL 4.694080E+02, Overflow 3.479492E-01, MaxDensity 8.277E+00, gamma 9.704450E-02, time 1.781ms
[INFO   ] DREAMPlace - full step 7.850 ms
[INFO   ] DREAMPlace - Lsub stopping criteria: 1 and 1019.16 > 990.989 * 0.999
[INFO   ] DREAMPlace - optimizer step 6.201 ms
[INFO   ] DREAMPlace - iteration  142, (   7,  1,  0), Obj 1.038147E+03, NetCrossing 3.074E+01, NetCrossingWeight 1.000000E+00, DensityWeight 1.157113E-05, HPWL 5.021096E+02, Overflow 3.469094E-01, MaxDensity 6.490E+00, gamma 9.704450E-02, time 2.182ms
[INFO   ] DREAMPlace - full step 9.392 ms
[INFO   ] DREAMPlace - optimizer step 5.049 ms
[INFO   ] DREAMPlace - iteration  143, (   7,  1,  1), Obj 1.119459E+03, NetCrossing 2.897E+01, NetCrossingWeight 1.000000E+00, DensityWeight 1.157113E-05, HPWL 5.361265E+02, Overflow 3.417996E-01, MaxDensity 7.819E+00, gamma 9.704450E-02, time 1.800ms
[INFO   ] DREAMPlace - full step 7.764 ms
[INFO   ] DREAMPlace - Lsub stopping criteria: 1 and 1119.46 > 1038.15 * 0.999
[INFO   ] DREAMPlace - optimizer step 5.140 ms
[INFO   ] DREAMPlace - iteration  144, (   7,  2,  0), Obj 1.050141E+03, NetCrossing 2.900E+01, NetCrossingWeight 1.000000E+00, DensityWeight 1.262100E-05, HPWL 4.707696E+02, Overflow 3.452815E-01, MaxDensity 8.050E+00, gamma 9.704450E-02, time 1.763ms
[INFO   ] DREAMPlace - full step 7.796 ms
[INFO   ] DREAMPlace - optimizer step 5.031 ms
[INFO   ] DREAMPlace - iteration  145, (   7,  2,  1), Obj 1.120822E+03, NetCrossing 2.535E+01, NetCrossingWeight 1.000000E+00, DensityWeight 1.262100E-05, HPWL 5.064583E+02, Overflow 3.441401E-01, MaxDensity 7.816E+00, gamma 9.704450E-02, time 1.742ms
[INFO   ] DREAMPlace - full step 7.575 ms
[INFO   ] DREAMPlace - Lsub stopping criteria: 1 and 1120.82 > 1050.14 * 0.999
[INFO   ] DREAMPlace - optimizer step 5.069 ms
[INFO   ] DREAMPlace - iteration  146, (   7,  3,  0), Obj 1.080020E+03, NetCrossing 2.413E+01, NetCrossingWeight 1.000000E+00, DensityWeight 1.366624E-05, HPWL 4.738110E+02, Overflow 3.456770E-01, MaxDensity 7.686E+00, gamma 9.704450E-02, time 1.795ms
[INFO   ] DREAMPlace - full step 7.715 ms
[INFO   ] DREAMPlace - optimizer step 5.339 ms
[INFO   ] DREAMPlace - iteration  147, (   7,  3,  1), Obj 1.197193E+03, NetCrossing 2.607E+01, NetCrossingWeight 1.000000E+00, DensityWeight 1.366624E-05, HPWL 5.635260E+02, Overflow 3.427084E-01, MaxDensity 6.503E+00, gamma 9.704450E-02, time 1.796ms
[INFO   ] DREAMPlace - full step 7.951 ms
[INFO   ] DREAMPlace - Lsub stopping criteria: 1 and 1197.19 > 1080.02 * 0.999
[INFO   ] DREAMPlace - optimizer step 4.853 ms
[INFO   ] DREAMPlace - iteration  148, (   7,  4,  0), Obj 1.123336E+03, NetCrossing 1.825E+01, NetCrossingWeight 1.000000E+00, DensityWeight 1.490625E-05, HPWL 5.051402E+02, Overflow 3.438129E-01, MaxDensity 6.503E+00, gamma 9.704450E-02, time 1.794ms
[INFO   ] DREAMPlace - full step 7.466 ms
[INFO   ] DREAMPlace - optimizer step 5.374 ms
[INFO   ] DREAMPlace - iteration  149, (   7,  4,  1), Obj 1.164261E+03, NetCrossing 3.684E+01, NetCrossingWeight 1.000000E+00, DensityWeight 1.490625E-05, HPWL 4.781182E+02, Overflow 3.378712E-01, MaxDensity 7.686E+00, gamma 9.704450E-02, time 1.723ms
[INFO   ] DREAMPlace - full step 7.924 ms
[INFO   ] DREAMPlace - Lsub stopping criteria: 1 and 1164.26 > 1123.34 * 0.999
[INFO   ] DREAMPlace - optimizer step 5.243 ms
[INFO   ] DREAMPlace - iteration  150, (   7,  5,  0), Obj 1.181772E+03, NetCrossing 3.423E+01, NetCrossingWeight 1.000000E+00, DensityWeight 1.613752E-05, HPWL 5.192587E+02, Overflow 3.361664E-01, MaxDensity 7.095E+00, gamma 9.704450E-02, time 1.744ms
[INFO   ] DREAMPlace - full step 7.769 ms
[INFO   ] DREAMPlace - optimizer step 5.152 ms
[INFO   ] DREAMPlace - iteration  151, (   7,  5,  1), Obj 1.232060E+03, NetCrossing 2.443E+01, NetCrossingWeight 1.000000E+00, DensityWeight 1.613752E-05, HPWL 5.427700E+02, Overflow 3.334759E-01, MaxDensity 7.095E+00, gamma 9.704450E-02, time 1.764ms
[INFO   ] DREAMPlace - full step 7.705 ms
[INFO   ] DREAMPlace - Lsub stopping criteria: 1 and 1232.06 > 1181.77 * 0.999
[INFO   ] DREAMPlace - optimizer step 5.271 ms
[INFO   ] DREAMPlace - iteration  152, (   7,  6,  0), Obj 1.174205E+03, NetCrossing 2.122E+01, NetCrossingWeight 1.000000E+00, DensityWeight 1.760173E-05, HPWL 5.169292E+02, Overflow 3.335917E-01, MaxDensity 5.912E+00, gamma 9.704450E-02, time 1.937ms
[INFO   ] DREAMPlace - full step 8.000 ms
[INFO   ] DREAMPlace - optimizer step 5.061 ms
[INFO   ] DREAMPlace - iteration  153, (   7,  6,  1), Obj 1.255484E+03, NetCrossing 1.722E+01, NetCrossingWeight 1.000000E+00, DensityWeight 1.760173E-05, HPWL 5.519896E+02, Overflow 3.337593E-01, MaxDensity 7.980E+00, gamma 9.704450E-02, time 1.718ms
[INFO   ] DREAMPlace - full step 7.538 ms
[INFO   ] DREAMPlace - Lsub stopping criteria: 1 and 1255.48 > 1174.21 * 0.999
[INFO   ] DREAMPlace - optimizer step 5.093 ms
[INFO   ] DREAMPlace - iteration  154, (   7,  7,  0), Obj 1.247902E+03, NetCrossing 1.698E+01, NetCrossingWeight 1.000000E+00, DensityWeight 1.919907E-05, HPWL 5.439504E+02, Overflow 3.339244E-01, MaxDensity 6.503E+00, gamma 9.704450E-02, time 1.767ms
[INFO   ] DREAMPlace - full step 7.665 ms
[INFO   ] DREAMPlace - optimizer step 4.991 ms
[INFO   ] DREAMPlace - iteration  155, (   7,  7,  1), Obj 1.271682E+03, NetCrossing 2.606E+01, NetCrossingWeight 1.000000E+00, DensityWeight 1.919907E-05, HPWL 5.205728E+02, Overflow 3.339361E-01, MaxDensity 7.686E+00, gamma 9.704450E-02, time 1.753ms
[INFO   ] DREAMPlace - full step 7.529 ms
[INFO   ] DREAMPlace - Lsub stopping criteria: 1 and 1271.68 > 1247.9 * 0.999
[INFO   ] DREAMPlace - optimizer step 9.857 ms
[INFO   ] DREAMPlace - iteration  156, (   7,  8,  0), Obj 1.280877E+03, NetCrossing 2.556E+01, NetCrossingWeight 1.000000E+00, DensityWeight 2.077870E-05, HPWL 5.408926E+02, Overflow 3.354613E-01, MaxDensity 7.095E+00, gamma 9.704450E-02, time 1.759ms
[INFO   ] DREAMPlace - full step 12.418 ms
[INFO   ] DREAMPlace - optimizer step 5.035 ms
[INFO   ] DREAMPlace - iteration  157, (   7,  8,  1), Obj 1.375983E+03, NetCrossing 2.823E+01, NetCrossingWeight 1.000000E+00, DensityWeight 2.077870E-05, HPWL 5.982157E+02, Overflow 3.365377E-01, MaxDensity 5.643E+00, gamma 9.704450E-02, time 1.801ms
[INFO   ] DREAMPlace - full step 7.625 ms
[INFO   ] DREAMPlace - Lsub stopping criteria: 1 and 1375.98 > 1280.88 * 0.999
[INFO   ] DREAMPlace - optimizer step 5.044 ms
[INFO   ] DREAMPlace - iteration  158, (   7,  9,  0), Obj 1.282123E+03, NetCrossing 2.870E+01, NetCrossingWeight 1.000000E+00, DensityWeight 2.266392E-05, HPWL 5.080008E+02, Overflow 3.376357E-01, MaxDensity 7.819E+00, gamma 9.704450E-02, time 1.772ms
[INFO   ] DREAMPlace - full step 7.587 ms
[INFO   ] DREAMPlace - optimizer step 5.562 ms
[INFO   ] DREAMPlace - iteration  159, (   7,  9,  1), Obj 1.337424E+03, NetCrossing 3.122E+01, NetCrossingWeight 1.000000E+00, DensityWeight 2.266392E-05, HPWL 5.006199E+02, Overflow 3.343460E-01, MaxDensity 7.125E+00, gamma 9.704450E-02, time 2.503ms
[INFO   ] DREAMPlace - full step 8.984 ms
[INFO   ] DREAMPlace - Lsub stopping criteria: 1 and 1337.42 > 1282.12 * 0.999
[INFO   ] DREAMPlace - optimizer step 14.858 ms
[INFO   ] DREAMPlace - iteration  160, (   8,  0,  0), Obj 1.310278E+03, NetCrossing 3.187E+01, NetCrossingWeight 1.000000E+00, DensityWeight 2.452373E-05, HPWL 4.973082E+02, Overflow 3.355866E-01, MaxDensity 8.203E+00, gamma 9.316883E-02, time 2.130ms
[INFO   ] DREAMPlace - full step 17.985 ms
[INFO   ] DREAMPlace - optimizer step 6.013 ms
[INFO   ] DREAMPlace - iteration  161, (   8,  0,  1), Obj 1.343548E+03, NetCrossing 3.570E+01, NetCrossingWeight 1.000000E+00, DensityWeight 2.452373E-05, HPWL 4.903680E+02, Overflow 3.314783E-01, MaxDensity 7.555E+00, gamma 9.316883E-02, time 2.142ms
[INFO   ] DREAMPlace - full step 9.180 ms
[INFO   ] DREAMPlace - Lsub stopping criteria: 1 and 1343.55 > 1310.28 * 0.999
[INFO   ] DREAMPlace - optimizer step 6.335 ms
[INFO   ] DREAMPlace - iteration  162, (   8,  1,  0), Obj 1.348523E+03, NetCrossing 4.056E+01, NetCrossingWeight 1.000000E+00, DensityWeight 2.653349E-05, HPWL 4.906725E+02, Overflow 3.343585E-01, MaxDensity 8.247E+00, gamma 9.316883E-02, time 2.123ms
[INFO   ] DREAMPlace - full step 9.447 ms
[INFO   ] DREAMPlace - optimizer step 6.067 ms
[INFO   ] DREAMPlace - iteration  163, (   8,  1,  1), Obj 1.368133E+03, NetCrossing 3.401E+01, NetCrossingWeight 1.000000E+00, DensityWeight 2.653349E-05, HPWL 4.620422E+02, Overflow 3.364999E-01, MaxDensity 7.839E+00, gamma 9.316883E-02, time 2.158ms
[INFO   ] DREAMPlace - full step 9.232 ms
[INFO   ] DREAMPlace - Lsub stopping criteria: 1 and 1368.13 > 1348.52 * 0.999
[INFO   ] DREAMPlace - optimizer step 6.453 ms
[INFO   ] DREAMPlace - iteration  164, (   8,  2,  0), Obj 1.372692E+03, NetCrossing 3.021E+01, NetCrossingWeight 1.000000E+00, DensityWeight 2.870509E-05, HPWL 4.888448E+02, Overflow 3.379144E-01, MaxDensity 8.261E+00, gamma 9.316883E-02, time 2.163ms
[INFO   ] DREAMPlace - full step 9.617 ms
[INFO   ] DREAMPlace - optimizer step 6.165 ms
[INFO   ] DREAMPlace - iteration  165, (   8,  2,  1), Obj 1.399323E+03, NetCrossing 3.828E+01, NetCrossingWeight 1.000000E+00, DensityWeight 2.870509E-05, HPWL 4.525125E+02, Overflow 3.363881E-01, MaxDensity 7.603E+00, gamma 9.316883E-02, time 2.193ms
[INFO   ] DREAMPlace - full step 9.448 ms
[INFO   ] DREAMPlace - Lsub stopping criteria: 1 and 1399.32 > 1372.69 * 0.999
[INFO   ] DREAMPlace - optimizer step 6.060 ms
[INFO   ] DREAMPlace - iteration  166, (   8,  3,  0), Obj 1.392115E+03, NetCrossing 2.982E+01, NetCrossingWeight 1.000000E+00, DensityWeight 3.105131E-05, HPWL 4.898871E+02, Overflow 3.380200E-01, MaxDensity 5.912E+00, gamma 9.316883E-02, time 2.099ms
[INFO   ] DREAMPlace - full step 9.143 ms
[INFO   ] DREAMPlace - optimizer step 6.052 ms
[INFO   ] DREAMPlace - iteration  167, (   8,  3,  1), Obj 1.432383E+03, NetCrossing 3.136E+01, NetCrossingWeight 1.000000E+00, DensityWeight 3.105131E-05, HPWL 4.856772E+02, Overflow 3.392646E-01, MaxDensity 6.500E+00, gamma 9.316883E-02, time 2.066ms
[INFO   ] DREAMPlace - full step 9.114 ms
[INFO   ] DREAMPlace - Lsub stopping criteria: 1 and 1432.38 > 1392.12 * 0.999
[INFO   ] DREAMPlace - optimizer step 6.482 ms
[INFO   ] DREAMPlace - iteration  168, (   8,  4,  0), Obj 1.419299E+03, NetCrossing 2.945E+01, NetCrossingWeight 1.000000E+00, DensityWeight 3.386897E-05, HPWL 5.167184E+02, Overflow 3.368216E-01, MaxDensity 6.503E+00, gamma 9.316883E-02, time 2.129ms
[INFO   ] DREAMPlace - full step 9.592 ms
[INFO   ] DREAMPlace - optimizer step 5.686 ms
[INFO   ] DREAMPlace - iteration  169, (   8,  4,  1), Obj 1.494052E+03, NetCrossing 2.959E+01, NetCrossingWeight 1.000000E+00, DensityWeight 3.386897E-05, HPWL 5.210104E+02, Overflow 3.361326E-01, MaxDensity 5.912E+00, gamma 9.316883E-02, time 2.053ms
[INFO   ] DREAMPlace - full step 8.595 ms
[INFO   ] DREAMPlace - Lsub stopping criteria: 1 and 1494.05 > 1419.3 * 0.999
[INFO   ] DREAMPlace - optimizer step 5.846 ms
[INFO   ] DREAMPlace - iteration  170, (   8,  5,  0), Obj 1.460509E+03, NetCrossing 2.719E+01, NetCrossingWeight 1.000000E+00, DensityWeight 3.694229E-05, HPWL 5.042382E+02, Overflow 3.370025E-01, MaxDensity 6.847E+00, gamma 9.316883E-02, time 1.750ms
[INFO   ] DREAMPlace - full step 8.370 ms
[INFO   ] DREAMPlace - optimizer step 9.576 ms
[INFO   ] DREAMPlace - iteration  171, (   8,  5,  1), Obj 1.520807E+03, NetCrossing 2.763E+01, NetCrossingWeight 1.000000E+00, DensityWeight 3.694229E-05, HPWL 4.821145E+02, Overflow 3.360986E-01, MaxDensity 7.095E+00, gamma 9.316883E-02, time 1.685ms
[INFO   ] DREAMPlace - full step 12.056 ms
[INFO   ] DREAMPlace - Lsub stopping criteria: 1 and 1520.81 > 1460.51 * 0.999
[INFO   ] DREAMPlace - optimizer step 6.225 ms
[INFO   ] DREAMPlace - iteration  172, (   8,  6,  0), Obj 1.478232E+03, NetCrossing 1.971E+01, NetCrossingWeight 1.000000E+00, DensityWeight 3.994979E-05, HPWL 5.347510E+02, Overflow 3.326445E-01, MaxDensity 6.503E+00, gamma 9.316883E-02, time 1.713ms
[INFO   ] DREAMPlace - full step 8.707 ms
[INFO   ] DREAMPlace - optimizer step 5.074 ms
[INFO   ] DREAMPlace - iteration  173, (   8,  6,  1), Obj 1.572840E+03, NetCrossing 3.256E+01, NetCrossingWeight 1.000000E+00, DensityWeight 3.994979E-05, HPWL 5.412287E+02, Overflow 3.332945E-01, MaxDensity 6.560E+00, gamma 9.316883E-02, time 1.747ms
[INFO   ] DREAMPlace - full step 7.576 ms
[INFO   ] DREAMPlace - Lsub stopping criteria: 1 and 1572.84 > 1478.23 * 0.999
[INFO   ] DREAMPlace - optimizer step 5.012 ms
[INFO   ] DREAMPlace - iteration  174, (   8,  7,  0), Obj 1.521622E+03, NetCrossing 2.284E+01, NetCrossingWeight 1.000000E+00, DensityWeight 4.357461E-05, HPWL 5.648210E+02, Overflow 3.310497E-01, MaxDensity 6.503E+00, gamma 9.316883E-02, time 1.778ms
[INFO   ] DREAMPlace - full step 7.542 ms
[INFO   ] DREAMPlace - optimizer step 4.974 ms
[INFO   ] DREAMPlace - iteration  175, (   8,  7,  1), Obj 1.678882E+03, NetCrossing 2.907E+01, NetCrossingWeight 1.000000E+00, DensityWeight 4.357461E-05, HPWL 6.210048E+02, Overflow 3.298753E-01, MaxDensity 5.775E+00, gamma 9.316883E-02, time 1.768ms
[INFO   ] DREAMPlace - full step 7.501 ms
[INFO   ] DREAMPlace - Lsub stopping criteria: 1 and 1678.88 > 1521.62 * 0.999
[INFO   ] DREAMPlace - optimizer step 4.876 ms
[INFO   ] DREAMPlace - iteration  176, (   8,  8,  0), Obj 1.600006E+03, NetCrossing 3.441E+01, NetCrossingWeight 1.000000E+00, DensityWeight 4.752806E-05, HPWL 5.648820E+02, Overflow 3.273256E-01, MaxDensity 6.503E+00, gamma 9.316883E-02, time 1.775ms
[INFO   ] DREAMPlace - full step 7.435 ms
[INFO   ] DREAMPlace - optimizer step 9.973 ms
[INFO   ] DREAMPlace - iteration  177, (   8,  8,  1), Obj 1.677251E+03, NetCrossing 3.268E+01, NetCrossingWeight 1.000000E+00, DensityWeight 4.752806E-05, HPWL 6.640514E+02, Overflow 3.219797E-01, MaxDensity 5.381E+00, gamma 9.316883E-02, time 1.732ms
[INFO   ] DREAMPlace - full step 12.527 ms
[INFO   ] DREAMPlace - Lsub stopping criteria: 1 and 1677.25 > 1600.01 * 0.999
[INFO   ] DREAMPlace - optimizer step 5.008 ms
[INFO   ] DREAMPlace - iteration  178, (   8,  9,  0), Obj 1.566926E+03, NetCrossing 2.243E+01, NetCrossingWeight 1.000000E+00, DensityWeight 5.184071E-05, HPWL 5.766909E+02, Overflow 3.221157E-01, MaxDensity 5.321E+00, gamma 9.316883E-02, time 1.758ms
[INFO   ] DREAMPlace - full step 7.529 ms
[INFO   ] DREAMPlace - optimizer step 5.710 ms
[INFO   ] DREAMPlace - iteration  179, (   8,  9,  1), Obj 1.646833E+03, NetCrossing 2.059E+01, NetCrossingWeight 1.000000E+00, DensityWeight 5.184071E-05, HPWL 6.004260E+02, Overflow 3.241988E-01, MaxDensity 5.321E+00, gamma 9.316883E-02, time 1.731ms
[INFO   ] DREAMPlace - full step 8.304 ms
[INFO   ] DREAMPlace - Lsub stopping criteria: 1 and 1646.83 > 1566.93 * 0.999
[INFO   ] DREAMPlace - optimizer step 6.848 ms
[INFO   ] DREAMPlace - iteration  180, (   9,  0,  0), Obj 1.667789E+03, NetCrossing 2.803E+01, NetCrossingWeight 1.000000E+00, DensityWeight 5.603869E-05, HPWL 6.049418E+02, Overflow 3.290592E-01, MaxDensity 5.321E+00, gamma 8.845479E-02, time 2.123ms
[INFO   ] DREAMPlace - full step 9.990 ms
[INFO   ] DREAMPlace - optimizer step 6.624 ms
[INFO   ] DREAMPlace - iteration  181, (   9,  0,  1), Obj 1.656806E+03, NetCrossing 1.894E+01, NetCrossingWeight 1.000000E+00, DensityWeight 5.603869E-05, HPWL 6.052778E+02, Overflow 3.194872E-01, MaxDensity 5.321E+00, gamma 8.845479E-02, time 2.283ms
[INFO   ] DREAMPlace - full step 10.048 ms
[INFO   ] DREAMPlace - optimizer step 13.974 ms
[INFO   ] DREAMPlace - iteration  182, (   9,  1,  0), Obj 1.618849E+03, NetCrossing 1.813E+01, NetCrossingWeight 1.000000E+00, DensityWeight 6.112421E-05, HPWL 6.453887E+02, Overflow 3.233643E-01, MaxDensity 4.962E+00, gamma 8.845479E-02, time 2.217ms
[INFO   ] DREAMPlace - full step 17.237 ms
[INFO   ] DREAMPlace - optimizer step 17.450 ms
[INFO   ] DREAMPlace - iteration  183, (   9,  1,  1), Obj 1.606910E+03, NetCrossing 1.698E+01, NetCrossingWeight 1.000000E+00, DensityWeight 6.112421E-05, HPWL 5.759706E+02, Overflow 3.229184E-01, MaxDensity 5.153E+00, gamma 8.845479E-02, time 2.275ms
[INFO   ] DREAMPlace - full step 20.728 ms
[INFO   ] DREAMPlace - optimizer step 5.973 ms
[INFO   ] DREAMPlace - iteration  184, (   9,  2,  0), Obj 1.616098E+03, NetCrossing 1.690E+01, NetCrossingWeight 1.000000E+00, DensityWeight 6.606075E-05, HPWL 6.125134E+02, Overflow 3.151951E-01, MaxDensity 6.081E+00, gamma 8.845479E-02, time 2.069ms
[INFO   ] DREAMPlace - full step 9.037 ms
[INFO   ] DREAMPlace - optimizer step 6.651 ms
[INFO   ] DREAMPlace - iteration  185, (   9,  2,  1), Obj 1.712730E+03, NetCrossing 2.150E+01, NetCrossingWeight 1.000000E+00, DensityWeight 6.606075E-05, HPWL 6.054972E+02, Overflow 3.220271E-01, MaxDensity 6.105E+00, gamma 8.845479E-02, time 2.085ms
[INFO   ] DREAMPlace - full step 9.669 ms
[INFO   ] DREAMPlace - Lsub stopping criteria: 1 and 1712.73 > 1616.1 * 0.999
[INFO   ] DREAMPlace - optimizer step 5.913 ms
[INFO   ] DREAMPlace - iteration  186, (   9,  3,  0), Obj 1.625871E+03, NetCrossing 2.080E+01, NetCrossingWeight 1.000000E+00, DensityWeight 7.205529E-05, HPWL 5.493168E+02, Overflow 3.290907E-01, MaxDensity 5.788E+00, gamma 8.845479E-02, time 1.998ms
[INFO   ] DREAMPlace - full step 8.839 ms
[INFO   ] DREAMPlace - optimizer step 6.601 ms
[INFO   ] DREAMPlace - iteration  187, (   9,  3,  1), Obj 1.665206E+03, NetCrossing 2.823E+01, NetCrossingWeight 1.000000E+00, DensityWeight 7.205529E-05, HPWL 5.641411E+02, Overflow 3.202099E-01, MaxDensity 5.222E+00, gamma 8.845479E-02, time 2.017ms
[INFO   ] DREAMPlace - full step 9.576 ms
[INFO   ] DREAMPlace - Lsub stopping criteria: 1 and 1665.21 > 1625.87 * 0.999
[INFO   ] DREAMPlace - optimizer step 5.955 ms
[INFO   ] DREAMPlace - iteration  188, (   9,  4,  0), Obj 1.739265E+03, NetCrossing 2.739E+01, NetCrossingWeight 1.000000E+00, DensityWeight 7.785907E-05, HPWL 6.076432E+02, Overflow 3.296127E-01, MaxDensity 4.730E+00, gamma 8.845479E-02, time 2.098ms
[INFO   ] DREAMPlace - full step 9.046 ms
[INFO   ] DREAMPlace - optimizer step 8.845 ms
[INFO   ] DREAMPlace - iteration  189, (   9,  4,  1), Obj 1.765155E+03, NetCrossing 2.211E+01, NetCrossingWeight 1.000000E+00, DensityWeight 7.785907E-05, HPWL 6.342627E+02, Overflow 3.169097E-01, MaxDensity 5.912E+00, gamma 8.845479E-02, time 2.224ms
[INFO   ] DREAMPlace - full step 12.107 ms
[INFO   ] DREAMPlace - Lsub stopping criteria: 1 and 1765.16 > 1739.26 * 0.999
[INFO   ] DREAMPlace - optimizer step 6.574 ms
[INFO   ] DREAMPlace - iteration  190, (   9,  5,  0), Obj 1.665267E+03, NetCrossing 2.128E+01, NetCrossingWeight 1.000000E+00, DensityWeight 8.492330E-05, HPWL 6.226766E+02, Overflow 3.007382E-01, MaxDensity 4.213E+00, gamma 8.845479E-02, time 2.184ms
[INFO   ] DREAMPlace - full step 9.838 ms
[INFO   ] DREAMPlace - optimizer step 6.519 ms
[INFO   ] DREAMPlace - iteration  191, (   9,  5,  1), Obj 1.759296E+03, NetCrossing 2.672E+01, NetCrossingWeight 1.000000E+00, DensityWeight 8.492330E-05, HPWL 5.753099E+02, Overflow 3.095758E-01, MaxDensity 5.321E+00, gamma 8.845479E-02, time 3.652ms
[INFO   ] DREAMPlace - full step 11.205 ms
[INFO   ] DREAMPlace - Lsub stopping criteria: 1 and 1759.3 > 1665.27 * 0.999
[INFO   ] DREAMPlace - optimizer step 6.414 ms
[INFO   ] DREAMPlace - iteration  192, (   9,  6,  0), Obj 1.795086E+03, NetCrossing 2.250E+01, NetCrossingWeight 1.000000E+00, DensityWeight 9.174519E-05, HPWL 5.514575E+02, Overflow 3.147244E-01, MaxDensity 6.109E+00, gamma 8.845479E-02, time 2.201ms
[INFO   ] DREAMPlace - full step 9.651 ms
[INFO   ] DREAMPlace - optimizer step 6.418 ms
[INFO   ] DREAMPlace - iteration  193, (   9,  6,  1), Obj 1.989861E+03, NetCrossing 2.120E+01, NetCrossingWeight 1.000000E+00, DensityWeight 9.174519E-05, HPWL 5.919136E+02, Overflow 3.266644E-01, MaxDensity 6.731E+00, gamma 8.845479E-02, time 2.189ms
[INFO   ] DREAMPlace - full step 9.627 ms
[INFO   ] DREAMPlace - Lsub stopping criteria: 1 and 1989.86 > 1795.09 * 0.999
[INFO   ] DREAMPlace - optimizer step 6.393 ms
[INFO   ] DREAMPlace - iteration  194, (   9,  7,  0), Obj 1.964351E+03, NetCrossing 2.696E+01, NetCrossingWeight 1.000000E+00, DensityWeight 1.000708E-04, HPWL 5.840156E+02, Overflow 3.206790E-01, MaxDensity 6.503E+00, gamma 8.845479E-02, time 2.184ms
[INFO   ] DREAMPlace - full step 9.600 ms
[INFO   ] DREAMPlace - optimizer step 6.387 ms
[INFO   ] DREAMPlace - iteration  195, (   9,  7,  1), Obj 2.110240E+03, NetCrossing 2.865E+01, NetCrossingWeight 1.000000E+00, DensityWeight 1.000708E-04, HPWL 5.856408E+02, Overflow 3.142293E-01, MaxDensity 6.503E+00, gamma 8.845479E-02, time 2.269ms
[INFO   ] DREAMPlace - full step 9.678 ms
[INFO   ] DREAMPlace - Lsub stopping criteria: 1 and 2110.24 > 1964.35 * 0.999
[INFO   ] DREAMPlace - optimizer step 6.398 ms
[INFO   ] DREAMPlace - iteration  196, (   9,  8,  0), Obj 1.993583E+03, NetCrossing 2.463E+01, NetCrossingWeight 1.000000E+00, DensityWeight 1.080878E-04, HPWL 5.694726E+02, Overflow 3.167771E-01, MaxDensity 4.730E+00, gamma 8.845479E-02, time 2.213ms
[INFO   ] DREAMPlace - full step 9.624 ms
[INFO   ] DREAMPlace - optimizer step 18.314 ms
[INFO   ] DREAMPlace - iteration  197, (   9,  8,  1), Obj 2.185314E+03, NetCrossing 1.939E+01, NetCrossingWeight 1.000000E+00, DensityWeight 1.080878E-04, HPWL 6.272601E+02, Overflow 3.102589E-01, MaxDensity 5.867E+00, gamma 8.845479E-02, time 2.213ms
[INFO   ] DREAMPlace - full step 21.624 ms
[INFO   ] DREAMPlace - Lsub stopping criteria: 1 and 2185.31 > 1993.58 * 0.999
[INFO   ] DREAMPlace - optimizer step 6.386 ms
[INFO   ] DREAMPlace - iteration  198, (   9,  9,  0), Obj 2.164535E+03, NetCrossing 1.723E+01, NetCrossingWeight 1.000000E+00, DensityWeight 1.178957E-04, HPWL 6.237633E+02, Overflow 3.125688E-01, MaxDensity 6.262E+00, gamma 8.845479E-02, time 2.179ms
[INFO   ] DREAMPlace - full step 9.586 ms
[INFO   ] DREAMPlace - optimizer step 6.477 ms
[INFO   ] DREAMPlace - iteration  199, (   9,  9,  1), Obj 2.260289E+03, NetCrossing 1.804E+01, NetCrossingWeight 1.000000E+00, DensityWeight 1.178957E-04, HPWL 6.098787E+02, Overflow 3.036480E-01, MaxDensity 4.730E+00, gamma 8.845479E-02, time 2.187ms
[INFO   ] DREAMPlace - full step 9.710 ms
[INFO   ] DREAMPlace - Lsub stopping criteria: 1 and 2260.29 > 2164.53 * 0.999
[INFO   ] DREAMPlace - plotting to ./results/small-6-handtune/PB201_A00/plot/iter0200.png takes 0.042 seconds
[INFO   ] DREAMPlace - optimizer step 6.238 ms
[INFO   ] DREAMPlace - iteration  200, (  10,  0,  0), Obj 2.238517E+03, NetCrossing 1.773E+01, NetCrossingWeight 1.000000E+00, DensityWeight 1.273153E-04, HPWL 5.897914E+02, Overflow 3.026760E-01, MaxDensity 5.321E+00, gamma 7.962565E-02, time 2.234ms
[INFO   ] DREAMPlace - full step 51.722 ms
[INFO   ] DREAMPlace - optimizer step 7.433 ms
[INFO   ] DREAMPlace - iteration  201, (  10,  0,  1), Obj 2.489604E+03, NetCrossing 2.483E+01, NetCrossingWeight 1.000000E+00, DensityWeight 1.273153E-04, HPWL 6.021855E+02, Overflow 3.182449E-01, MaxDensity 5.321E+00, gamma 7.962565E-02, time 2.053ms
[INFO   ] DREAMPlace - full step 10.496 ms
[INFO   ] DREAMPlace - Lsub stopping criteria: 1 and 2489.6 > 2238.52 * 0.999
[INFO   ] DREAMPlace - optimizer step 18.926 ms
[INFO   ] DREAMPlace - iteration  202, (  10,  1,  0), Obj 2.354889E+03, NetCrossing 2.872E+01, NetCrossingWeight 1.000000E+00, DensityWeight 1.374738E-04, HPWL 5.865397E+02, Overflow 3.117452E-01, MaxDensity 4.730E+00, gamma 7.962565E-02, time 2.208ms
[INFO   ] DREAMPlace - full step 22.180 ms
[INFO   ] DREAMPlace - optimizer step 6.201 ms
[INFO   ] DREAMPlace - iteration  203, (  10,  1,  1), Obj 2.470805E+03, NetCrossing 2.403E+01, NetCrossingWeight 1.000000E+00, DensityWeight 1.374738E-04, HPWL 5.528096E+02, Overflow 3.050985E-01, MaxDensity 5.321E+00, gamma 7.962565E-02, time 2.150ms
[INFO   ] DREAMPlace - full step 9.358 ms
[INFO   ] DREAMPlace - Lsub stopping criteria: 1 and 2470.8 > 2354.89 * 0.999
[INFO   ] DREAMPlace - optimizer step 6.414 ms
[INFO   ] DREAMPlace - iteration  204, (  10,  2,  0), Obj 2.450535E+03, NetCrossing 2.218E+01, NetCrossingWeight 1.000000E+00, DensityWeight 1.484280E-04, HPWL 5.525085E+02, Overflow 3.124922E-01, MaxDensity 5.234E+00, gamma 7.962565E-02, time 2.154ms
[INFO   ] DREAMPlace - full step 9.600 ms
[INFO   ] DREAMPlace - optimizer step 6.359 ms
[INFO   ] DREAMPlace - iteration  205, (  10,  2,  1), Obj 2.515909E+03, NetCrossing 1.917E+01, NetCrossingWeight 1.000000E+00, DensityWeight 1.484280E-04, HPWL 5.603676E+02, Overflow 3.026776E-01, MaxDensity 4.730E+00, gamma 7.962565E-02, time 2.152ms
[INFO   ] DREAMPlace - full step 9.543 ms
[INFO   ] DREAMPlace - Lsub stopping criteria: 1 and 2515.91 > 2450.54 * 0.999
[INFO   ] DREAMPlace - optimizer step 6.462 ms
[INFO   ] DREAMPlace - iteration  206, (  10,  3,  0), Obj 2.441217E+03, NetCrossing 1.998E+01, NetCrossingWeight 1.000000E+00, DensityWeight 1.618977E-04, HPWL 5.895695E+02, Overflow 2.927159E-01, MaxDensity 4.366E+00, gamma 7.962565E-02, time 2.240ms
[INFO   ] DREAMPlace - full step 9.813 ms
[INFO   ] DREAMPlace - optimizer step 6.378 ms
[INFO   ] DREAMPlace - iteration  207, (  10,  3,  1), Obj 2.532047E+03, NetCrossing 2.413E+01, NetCrossingWeight 1.000000E+00, DensityWeight 1.618977E-04, HPWL 5.861047E+02, Overflow 2.902758E-01, MaxDensity 4.736E+00, gamma 7.962565E-02, time 2.200ms
[INFO   ] DREAMPlace - full step 9.659 ms
[INFO   ] DREAMPlace - Lsub stopping criteria: 1 and 2532.05 > 2441.22 * 0.999
[INFO   ] DREAMPlace - optimizer step 6.250 ms
[INFO   ] DREAMPlace - iteration  208, (  10,  4,  0), Obj 2.654766E+03, NetCrossing 3.217E+01, NetCrossingWeight 1.000000E+00, DensityWeight 1.765890E-04, HPWL 6.026306E+02, Overflow 3.048764E-01, MaxDensity 4.730E+00, gamma 7.962565E-02, time 2.180ms
[INFO   ] DREAMPlace - full step 9.487 ms
[INFO   ] DREAMPlace - optimizer step 11.942 ms
[INFO   ] DREAMPlace - iteration  209, (  10,  4,  1), Obj 2.864457E+03, NetCrossing 2.562E+01, NetCrossingWeight 1.000000E+00, DensityWeight 1.765890E-04, HPWL 5.712487E+02, Overflow 3.101444E-01, MaxDensity 5.669E+00, gamma 7.962565E-02, time 2.075ms
[INFO   ] DREAMPlace - full step 15.124 ms
[INFO   ] DREAMPlace - Lsub stopping criteria: 1 and 2864.46 > 2654.77 * 0.999
[INFO   ] DREAMPlace - optimizer step 6.643 ms
[INFO   ] DREAMPlace - iteration  210, (  10,  5,  0), Obj 2.873125E+03, NetCrossing 2.260E+01, NetCrossingWeight 1.000000E+00, DensityWeight 1.906027E-04, HPWL 5.868535E+02, Overflow 3.046379E-01, MaxDensity 5.321E+00, gamma 7.962565E-02, time 2.208ms
[INFO   ] DREAMPlace - full step 9.944 ms
[INFO   ] DREAMPlace - optimizer step 6.586 ms
[INFO   ] DREAMPlace - iteration  211, (  10,  5,  1), Obj 2.995845E+03, NetCrossing 1.969E+01, NetCrossingWeight 1.000000E+00, DensityWeight 1.906027E-04, HPWL 5.993782E+02, Overflow 3.079722E-01, MaxDensity 4.192E+00, gamma 7.962565E-02, time 3.371ms
[INFO   ] DREAMPlace - full step 11.020 ms
[INFO   ] DREAMPlace - Lsub stopping criteria: 1 and 2995.85 > 2873.12 * 0.999
[INFO   ] DREAMPlace - optimizer step 6.196 ms
[INFO   ] DREAMPlace - iteration  212, (  10,  6,  0), Obj 3.007461E+03, NetCrossing 2.380E+01, NetCrossingWeight 1.000000E+00, DensityWeight 2.078987E-04, HPWL 6.080444E+02, Overflow 3.017699E-01, MaxDensity 4.730E+00, gamma 7.962565E-02, time 2.234ms
[INFO   ] DREAMPlace - full step 9.504 ms
[INFO   ] DREAMPlace - optimizer step 6.163 ms
[INFO   ] DREAMPlace - iteration  213, (  10,  6,  1), Obj 3.122667E+03, NetCrossing 2.177E+01, NetCrossingWeight 1.000000E+00, DensityWeight 2.078987E-04, HPWL 5.910370E+02, Overflow 2.961190E-01, MaxDensity 4.449E+00, gamma 7.962565E-02, time 2.158ms
[INFO   ] DREAMPlace - full step 9.344 ms
[INFO   ] DREAMPlace - Lsub stopping criteria: 1 and 3122.67 > 3007.46 * 0.999
[INFO   ] DREAMPlace - optimizer step 6.230 ms
[INFO   ] DREAMPlace - iteration  214, (  10,  7,  0), Obj 3.002497E+03, NetCrossing 2.651E+01, NetCrossingWeight 1.000000E+00, DensityWeight 2.243523E-04, HPWL 5.778555E+02, Overflow 3.038475E-01, MaxDensity 5.321E+00, gamma 7.962565E-02, time 2.185ms
[INFO   ] DREAMPlace - full step 9.444 ms
[INFO   ] DREAMPlace - optimizer step 6.424 ms
[INFO   ] DREAMPlace - iteration  215, (  10,  7,  1), Obj 3.170791E+03, NetCrossing 2.092E+01, NetCrossingWeight 1.000000E+00, DensityWeight 2.243523E-04, HPWL 6.302852E+02, Overflow 3.014606E-01, MaxDensity 5.321E+00, gamma 7.962565E-02, time 2.120ms
[INFO   ] DREAMPlace - full step 9.577 ms
[INFO   ] DREAMPlace - Lsub stopping criteria: 1 and 3170.79 > 3002.5 * 0.999
[INFO   ] DREAMPlace - optimizer step 6.339 ms
[INFO   ] DREAMPlace - iteration  216, (  10,  8,  0), Obj 3.019398E+03, NetCrossing 2.135E+01, NetCrossingWeight 1.000000E+00, DensityWeight 2.447100E-04, HPWL 6.007796E+02, Overflow 2.936035E-01, MaxDensity 4.730E+00, gamma 7.962565E-02, time 2.142ms
[INFO   ] DREAMPlace - full step 9.511 ms
[INFO   ] DREAMPlace - optimizer step 6.300 ms
[INFO   ] DREAMPlace - iteration  217, (  10,  8,  1), Obj 2.986277E+03, NetCrossing 2.626E+01, NetCrossingWeight 1.000000E+00, DensityWeight 2.447100E-04, HPWL 6.881539E+02, Overflow 2.885964E-01, MaxDensity 4.384E+00, gamma 7.962565E-02, time 2.076ms
[INFO   ] DREAMPlace - full step 9.401 ms
[INFO   ] DREAMPlace - optimizer step 6.624 ms
[INFO   ] DREAMPlace - iteration  218, (  10,  9,  0), Obj 2.998503E+03, NetCrossing 2.990E+01, NetCrossingWeight 1.000000E+00, DensityWeight 2.669137E-04, HPWL 6.489059E+02, Overflow 2.898092E-01, MaxDensity 4.199E+00, gamma 7.962565E-02, time 2.089ms
[INFO   ] DREAMPlace - full step 9.755 ms
[INFO   ] DREAMPlace - optimizer step 7.038 ms
[INFO   ] DREAMPlace - iteration  219, (  10,  9,  1), Obj 3.246379E+03, NetCrossing 3.232E+01, NetCrossingWeight 1.000000E+00, DensityWeight 2.669137E-04, HPWL 6.851354E+02, Overflow 2.914077E-01, MaxDensity 3.954E+00, gamma 7.962565E-02, time 2.247ms
[INFO   ] DREAMPlace - full step 10.436 ms
[INFO   ] DREAMPlace - Lsub stopping criteria: 1 and 3246.38 > 2998.5 * 0.999
[INFO   ] DREAMPlace - optimizer step 6.633 ms
[INFO   ] DREAMPlace - iteration  220, (  11,  0,  0), Obj 3.012703E+03, NetCrossing 2.679E+01, NetCrossingWeight 1.000000E+00, DensityWeight 2.879515E-04, HPWL 6.664911E+02, Overflow 2.780069E-01, MaxDensity 4.139E+00, gamma 7.479149E-02, time 2.154ms
[INFO   ] DREAMPlace - full step 9.862 ms
[INFO   ] DREAMPlace - optimizer step 5.585 ms
[INFO   ] DREAMPlace - iteration  221, (  11,  0,  1), Obj 3.165439E+03, NetCrossing 2.167E+01, NetCrossingWeight 1.000000E+00, DensityWeight 2.879515E-04, HPWL 6.706144E+02, Overflow 2.705682E-01, MaxDensity 5.034E+00, gamma 7.479149E-02, time 1.993ms
[INFO   ] DREAMPlace - full step 8.519 ms
[INFO   ] DREAMPlace - Lsub stopping criteria: 1 and 3165.44 > 3012.7 * 0.999
[INFO   ] DREAMPlace - optimizer step 5.308 ms
[INFO   ] DREAMPlace - iteration  222, (  11,  1,  0), Obj 2.933512E+03, NetCrossing 2.979E+01, NetCrossingWeight 1.000000E+00, DensityWeight 3.106163E-04, HPWL 6.768971E+02, Overflow 2.644701E-01, MaxDensity 4.139E+00, gamma 7.479149E-02, time 1.787ms
[INFO   ] DREAMPlace - full step 7.938 ms
[INFO   ] DREAMPlace - optimizer step 9.634 ms
[INFO   ] DREAMPlace - iteration  223, (  11,  1,  1), Obj 2.730092E+03, NetCrossing 1.784E+01, NetCrossingWeight 1.000000E+00, DensityWeight 3.106163E-04, HPWL 7.359202E+02, Overflow 2.452238E-01, MaxDensity 3.783E+00, gamma 7.479149E-02, time 2.685ms
[INFO   ] DREAMPlace - full step 13.194 ms
[INFO   ] DREAMPlace - optimizer step 5.372 ms
[INFO   ] DREAMPlace - iteration  224, (  11,  2,  0), Obj 2.436457E+03, NetCrossing 2.048E+01, NetCrossingWeight 1.000000E+00, DensityWeight 3.387993E-04, HPWL 7.087281E+02, Overflow 2.322841E-01, MaxDensity 4.139E+00, gamma 7.479149E-02, time 1.817ms
[INFO   ] DREAMPlace - full step 8.066 ms
[INFO   ] DREAMPlace - optimizer step 5.620 ms
[INFO   ] DREAMPlace - iteration  225, (  11,  2,  1), Obj 2.234541E+03, NetCrossing 1.833E+01, NetCrossingWeight 1.000000E+00, DensityWeight 3.387993E-04, HPWL 7.516743E+02, Overflow 2.124399E-01, MaxDensity 2.956E+00, gamma 7.479149E-02, time 1.768ms
[INFO   ] DREAMPlace - full step 8.434 ms
[INFO   ] DREAMPlace - optimizer step 5.794 ms
[INFO   ] DREAMPlace - iteration  226, (  11,  3,  0), Obj 2.206317E+03, NetCrossing 1.614E+01, NetCrossingWeight 1.000000E+00, DensityWeight 3.695443E-04, HPWL 7.221578E+02, Overflow 2.212550E-01, MaxDensity 3.758E+00, gamma 7.479149E-02, time 1.820ms
[INFO   ] DREAMPlace - full step 8.443 ms
[INFO   ] DREAMPlace - optimizer step 10.681 ms
[INFO   ] DREAMPlace - iteration  227, (  11,  3,  1), Obj 2.266444E+03, NetCrossing 1.576E+01, NetCrossingWeight 1.000000E+00, DensityWeight 3.695443E-04, HPWL 7.770455E+02, Overflow 2.172642E-01, MaxDensity 3.547E+00, gamma 7.479149E-02, time 3.613ms
[INFO   ] DREAMPlace - full step 15.224 ms
[INFO   ] DREAMPlace - Lsub stopping criteria: 1 and 2266.44 > 2206.32 * 0.999
[INFO   ] DREAMPlace - optimizer step 9.473 ms
[INFO   ] DREAMPlace - iteration  228, (  11,  4,  0), Obj 2.226119E+03, NetCrossing 1.639E+01, NetCrossingWeight 1.000000E+00, DensityWeight 4.030783E-04, HPWL 7.917707E+02, Overflow 2.093069E-01, MaxDensity 3.547E+00, gamma 7.479149E-02, time 2.212ms
[INFO   ] DREAMPlace - full step 12.795 ms
[INFO   ] DREAMPlace - optimizer step 5.985 ms
[INFO   ] DREAMPlace - iteration  229, (  11,  4,  1), Obj 2.332581E+03, NetCrossing 1.978E+01, NetCrossingWeight 1.000000E+00, DensityWeight 4.030783E-04, HPWL 7.614442E+02, Overflow 2.172084E-01, MaxDensity 2.956E+00, gamma 7.479149E-02, time 2.146ms
[INFO   ] DREAMPlace - full step 9.021 ms
[INFO   ] DREAMPlace - Lsub stopping criteria: 1 and 2332.58 > 2226.12 * 0.999
[INFO   ] DREAMPlace - optimizer step 5.774 ms
[INFO   ] DREAMPlace - iteration  230, (  11,  5,  0), Obj 2.312233E+03, NetCrossing 2.214E+01, NetCrossingWeight 1.000000E+00, DensityWeight 4.346310E-04, HPWL 7.729458E+02, Overflow 2.061684E-01, MaxDensity 3.547E+00, gamma 7.479149E-02, time 1.747ms
[INFO   ] DREAMPlace - full step 8.374 ms
[INFO   ] DREAMPlace - optimizer step 5.420 ms
[INFO   ] DREAMPlace - iteration  231, (  11,  5,  1), Obj 2.484095E+03, NetCrossing 1.670E+01, NetCrossingWeight 1.000000E+00, DensityWeight 4.346310E-04, HPWL 7.129434E+02, Overflow 2.202919E-01, MaxDensity 2.956E+00, gamma 7.479149E-02, time 1.797ms
[INFO   ] DREAMPlace - full step 8.008 ms
[INFO   ] DREAMPlace - Lsub stopping criteria: 1 and 2484.09 > 2312.23 * 0.999
[INFO   ] DREAMPlace - optimizer step 5.611 ms
[INFO   ] DREAMPlace - iteration  232, (  11,  6,  0), Obj 2.453502E+03, NetCrossing 1.578E+01, NetCrossingWeight 1.000000E+00, DensityWeight 4.686067E-04, HPWL 7.786952E+02, Overflow 2.114773E-01, MaxDensity 3.547E+00, gamma 7.479149E-02, time 1.776ms
[INFO   ] DREAMPlace - full step 8.310 ms
[INFO   ] DREAMPlace - optimizer step 5.250 ms
[INFO   ] DREAMPlace - iteration  233, (  11,  6,  1), Obj 2.540421E+03, NetCrossing 2.508E+01, NetCrossingWeight 1.000000E+00, DensityWeight 4.686067E-04, HPWL 7.366846E+02, Overflow 2.122582E-01, MaxDensity 3.547E+00, gamma 7.479149E-02, time 1.828ms
[INFO   ] DREAMPlace - full step 7.933 ms
[INFO   ] DREAMPlace - Lsub stopping criteria: 1 and 2540.42 > 2453.5 * 0.999
[INFO   ] DREAMPlace - optimizer step 5.261 ms
[INFO   ] DREAMPlace - iteration  234, (  11,  7,  0), Obj 2.454680E+03, NetCrossing 2.562E+01, NetCrossingWeight 1.000000E+00, DensityWeight 5.111303E-04, HPWL 7.599277E+02, Overflow 2.032174E-01, MaxDensity 3.547E+00, gamma 7.479149E-02, time 1.746ms
[INFO   ] DREAMPlace - full step 7.909 ms
[INFO   ] DREAMPlace - optimizer step 5.432 ms
[INFO   ] DREAMPlace - iteration  235, (  11,  7,  1), Obj 2.628275E+03, NetCrossing 2.283E+01, NetCrossingWeight 1.000000E+00, DensityWeight 5.111303E-04, HPWL 7.324633E+02, Overflow 2.110174E-01, MaxDensity 2.956E+00, gamma 7.479149E-02, time 1.959ms
[INFO   ] DREAMPlace - full step 8.256 ms
[INFO   ] DREAMPlace - Lsub stopping criteria: 1 and 2628.28 > 2454.68 * 0.999
[INFO   ] DREAMPlace - optimizer step 5.307 ms
[INFO   ] DREAMPlace - iteration  236, (  11,  8,  0), Obj 2.592401E+03, NetCrossing 2.334E+01, NetCrossingWeight 1.000000E+00, DensityWeight 5.509758E-04, HPWL 7.532739E+02, Overflow 2.105023E-01, MaxDensity 3.547E+00, gamma 7.479149E-02, time 1.822ms
[INFO   ] DREAMPlace - full step 7.994 ms
[INFO   ] DREAMPlace - optimizer step 6.574 ms
[INFO   ] DREAMPlace - iteration  237, (  11,  8,  1), Obj 2.666400E+03, NetCrossing 2.060E+01, NetCrossingWeight 1.000000E+00, DensityWeight 5.509758E-04, HPWL 7.769724E+02, Overflow 1.965986E-01, MaxDensity 2.956E+00, gamma 7.479149E-02, time 1.836ms
[INFO   ] DREAMPlace - full step 9.360 ms
[INFO   ] DREAMPlace - Lsub stopping criteria: 1 and 2666.4 > 2592.4 * 0.999
[INFO   ] DREAMPlace - optimizer step 5.241 ms
[INFO   ] DREAMPlace - iteration  238, (  11,  9,  0), Obj 2.483747E+03, NetCrossing 2.266E+01, NetCrossingWeight 1.000000E+00, DensityWeight 6.009706E-04, HPWL 7.891802E+02, Overflow 1.959894E-01, MaxDensity 2.956E+00, gamma 7.479149E-02, time 1.798ms
[INFO   ] DREAMPlace - full step 7.924 ms
[INFO   ] DREAMPlace - optimizer step 10.006 ms
[INFO   ] DREAMPlace - iteration  239, (  11,  9,  1), Obj 2.539812E+03, NetCrossing 1.856E+01, NetCrossingWeight 1.000000E+00, DensityWeight 6.009706E-04, HPWL 7.859496E+02, Overflow 1.854911E-01, MaxDensity 3.547E+00, gamma 7.479149E-02, time 1.747ms
[INFO   ] DREAMPlace - full step 12.648 ms
[INFO   ] DREAMPlace - Lsub stopping criteria: 1 and 2539.81 > 2483.75 * 0.999
[INFO   ] DREAMPlace - optimizer step 5.323 ms
[INFO   ] DREAMPlace - iteration  240, (  12,  0,  0), Obj 2.480527E+03, NetCrossing 1.394E+01, NetCrossingWeight 1.000000E+00, DensityWeight 6.555081E-04, HPWL 7.432164E+02, Overflow 1.913918E-01, MaxDensity 3.547E+00, gamma 4.349927E-02, time 1.814ms
[INFO   ] DREAMPlace - full step 7.988 ms
[INFO   ] DREAMPlace - optimizer step 5.406 ms
[INFO   ] DREAMPlace - iteration  241, (  12,  0,  1), Obj 2.596231E+03, NetCrossing 1.674E+01, NetCrossingWeight 1.000000E+00, DensityWeight 6.555081E-04, HPWL 8.074500E+02, Overflow 1.814083E-01, MaxDensity 3.547E+00, gamma 4.349927E-02, time 1.745ms
[INFO   ] DREAMPlace - full step 8.074 ms
[INFO   ] DREAMPlace - Lsub stopping criteria: 1 and 2596.23 > 2480.53 * 0.999
[INFO   ] DREAMPlace - optimizer step 5.085 ms
[INFO   ] DREAMPlace - iteration  242, (  12,  1,  0), Obj 2.491644E+03, NetCrossing 2.057E+01, NetCrossingWeight 1.000000E+00, DensityWeight 7.149923E-04, HPWL 8.080659E+02, Overflow 1.850353E-01, MaxDensity 3.395E+00, gamma 4.349927E-02, time 1.738ms
[INFO   ] DREAMPlace - full step 7.734 ms
[INFO   ] DREAMPlace - optimizer step 5.064 ms
[INFO   ] DREAMPlace - iteration  243, (  12,  1,  1), Obj 2.553806E+03, NetCrossing 1.788E+01, NetCrossingWeight 1.000000E+00, DensityWeight 7.149923E-04, HPWL 8.060739E+02, Overflow 1.851022E-01, MaxDensity 3.547E+00, gamma 4.349927E-02, time 1.993ms
[INFO   ] DREAMPlace - full step 7.940 ms
[INFO   ] DREAMPlace - Lsub stopping criteria: 1 and 2553.81 > 2491.64 * 0.999
[INFO   ] DREAMPlace - optimizer step 5.184 ms
[INFO   ] DREAMPlace - iteration  244, (  12,  2,  0), Obj 2.435635E+03, NetCrossing 1.530E+01, NetCrossingWeight 1.000000E+00, DensityWeight 7.704219E-04, HPWL 7.549869E+02, Overflow 1.910903E-01, MaxDensity 2.956E+00, gamma 4.349927E-02, time 1.875ms
[INFO   ] DREAMPlace - full step 7.904 ms
[INFO   ] DREAMPlace - optimizer step 5.213 ms
[INFO   ] DREAMPlace - iteration  245, (  12,  2,  1), Obj 2.521464E+03, NetCrossing 1.644E+01, NetCrossingWeight 1.000000E+00, DensityWeight 7.704219E-04, HPWL 7.919903E+02, Overflow 1.867518E-01, MaxDensity 2.956E+00, gamma 4.349927E-02, time 1.754ms
[INFO   ] DREAMPlace - full step 7.753 ms
[INFO   ] DREAMPlace - Lsub stopping criteria: 1 and 2521.46 > 2435.64 * 0.999
[INFO   ] DREAMPlace - optimizer step 5.711 ms
[INFO   ] DREAMPlace - iteration  246, (  12,  3,  0), Obj 2.290857E+03, NetCrossing 1.706E+01, NetCrossingWeight 1.000000E+00, DensityWeight 8.300656E-04, HPWL 8.468683E+02, Overflow 1.657068E-01, MaxDensity 2.956E+00, gamma 4.349927E-02, time 1.768ms
[INFO   ] DREAMPlace - full step 8.322 ms
[INFO   ] DREAMPlace - optimizer step 5.381 ms
[INFO   ] DREAMPlace - iteration  247, (  12,  3,  1), Obj 2.348026E+03, NetCrossing 1.953E+01, NetCrossingWeight 1.000000E+00, DensityWeight 8.300656E-04, HPWL 8.151699E+02, Overflow 1.700726E-01, MaxDensity 2.740E+00, gamma 4.349927E-02, time 1.741ms
[INFO   ] DREAMPlace - full step 7.894 ms
[INFO   ] DREAMPlace - Lsub stopping criteria: 1 and 2348.03 > 2290.86 * 0.999
[INFO   ] DREAMPlace - optimizer step 5.420 ms
[INFO   ] DREAMPlace - iteration  248, (  12,  4,  0), Obj 2.308253E+03, NetCrossing 1.909E+01, NetCrossingWeight 1.000000E+00, DensityWeight 9.053898E-04, HPWL 8.062881E+02, Overflow 1.763688E-01, MaxDensity 2.956E+00, gamma 4.349927E-02, time 1.746ms
[INFO   ] DREAMPlace - full step 7.937 ms
[INFO   ] DREAMPlace - optimizer step 5.449 ms
[INFO   ] DREAMPlace - iteration  249, (  12,  4,  1), Obj 2.416061E+03, NetCrossing 2.232E+01, NetCrossingWeight 1.000000E+00, DensityWeight 9.053898E-04, HPWL 8.367587E+02, Overflow 1.618046E-01, MaxDensity 3.539E+00, gamma 4.349927E-02, time 1.792ms
[INFO   ] DREAMPlace - full step 8.065 ms
[INFO   ] DREAMPlace - Lsub stopping criteria: 1 and 2416.06 > 2308.25 * 0.999
[INFO   ] DREAMPlace - optimizer step 5.356 ms
[INFO   ] DREAMPlace - iteration  250, (  12,  5,  0), Obj 2.275435E+03, NetCrossing 1.871E+01, NetCrossingWeight 1.000000E+00, DensityWeight 9.875498E-04, HPWL 7.728151E+02, Overflow 1.716419E-01, MaxDensity 2.956E+00, gamma 4.349927E-02, time 1.760ms
[INFO   ] DREAMPlace - full step 7.880 ms
[INFO   ] DREAMPlace - optimizer step 5.801 ms
[INFO   ] DREAMPlace - iteration  251, (  12,  5,  1), Obj 2.343353E+03, NetCrossing 1.750E+01, NetCrossingWeight 1.000000E+00, DensityWeight 9.875498E-04, HPWL 8.045211E+02, Overflow 1.662616E-01, MaxDensity 2.956E+00, gamma 4.349927E-02, time 2.406ms
[INFO   ] DREAMPlace - full step 9.158 ms
[INFO   ] DREAMPlace - Lsub stopping criteria: 1 and 2343.35 > 2275.43 * 0.999
[INFO   ] DREAMPlace - optimizer step 5.205 ms
[INFO   ] DREAMPlace - iteration  252, (  12,  6,  0), Obj 2.293158E+03, NetCrossing 1.812E+01, NetCrossingWeight 1.000000E+00, DensityWeight 1.063684E-03, HPWL 8.281353E+02, Overflow 1.724331E-01, MaxDensity 2.956E+00, gamma 4.349927E-02, time 1.775ms
[INFO   ] DREAMPlace - full step 7.864 ms
[INFO   ] DREAMPlace - optimizer step 6.147 ms
[INFO   ] DREAMPlace - iteration  253, (  12,  6,  1), Obj 2.210894E+03, NetCrossing 1.296E+01, NetCrossingWeight 1.000000E+00, DensityWeight 1.063684E-03, HPWL 7.989731E+02, Overflow 1.562118E-01, MaxDensity 2.956E+00, gamma 4.349927E-02, time 1.765ms
[INFO   ] DREAMPlace - full step 8.886 ms
[INFO   ] DREAMPlace - optimizer step 5.207 ms
[INFO   ] DREAMPlace - iteration  254, (  12,  7,  0), Obj 2.327839E+03, NetCrossing 1.364E+01, NetCrossingWeight 1.000000E+00, DensityWeight 1.145573E-03, HPWL 8.511824E+02, Overflow 1.617369E-01, MaxDensity 2.956E+00, gamma 4.349927E-02, time 1.768ms
[INFO   ] DREAMPlace - full step 7.848 ms
[INFO   ] DREAMPlace - optimizer step 5.214 ms
[INFO   ] DREAMPlace - iteration  255, (  12,  7,  1), Obj 2.249175E+03, NetCrossing 1.745E+01, NetCrossingWeight 1.000000E+00, DensityWeight 1.145573E-03, HPWL 8.753234E+02, Overflow 1.510274E-01, MaxDensity 2.365E+00, gamma 4.349927E-02, time 1.841ms
[INFO   ] DREAMPlace - full step 7.985 ms
[INFO   ] DREAMPlace - optimizer step 5.174 ms
[INFO   ] DREAMPlace - iteration  256, (  12,  8,  0), Obj 2.194191E+03, NetCrossing 1.713E+01, NetCrossingWeight 1.000000E+00, DensityWeight 1.249509E-03, HPWL 8.288858E+02, Overflow 1.559433E-01, MaxDensity 2.956E+00, gamma 4.349927E-02, time 1.841ms
[INFO   ] DREAMPlace - full step 7.884 ms
[INFO   ] DREAMPlace - optimizer step 5.216 ms
[INFO   ] DREAMPlace - iteration  257, (  12,  8,  1), Obj 2.422485E+03, NetCrossing 1.663E+01, NetCrossingWeight 1.000000E+00, DensityWeight 1.249509E-03, HPWL 8.649939E+02, Overflow 1.560594E-01, MaxDensity 2.365E+00, gamma 4.349927E-02, time 1.802ms
[INFO   ] DREAMPlace - full step 7.899 ms
[INFO   ] DREAMPlace - Lsub stopping criteria: 1 and 2422.48 > 2194.19 * 0.999
[INFO   ] DREAMPlace - optimizer step 5.312 ms
[INFO   ] DREAMPlace - iteration  258, (  12,  9,  0), Obj 2.205712E+03, NetCrossing 1.686E+01, NetCrossingWeight 1.000000E+00, DensityWeight 1.345435E-03, HPWL 8.641577E+02, Overflow 1.468177E-01, MaxDensity 2.365E+00, gamma 4.349927E-02, time 1.894ms
[INFO   ] DREAMPlace - full step 8.204 ms
[INFO   ] DREAMPlace - optimizer step 5.076 ms
[INFO   ] DREAMPlace - iteration  259, (  12,  9,  1), Obj 2.418064E+03, NetCrossing 2.259E+01, NetCrossingWeight 1.000000E+00, DensityWeight 1.345435E-03, HPWL 8.303070E+02, Overflow 1.556513E-01, MaxDensity 2.956E+00, gamma 4.349927E-02, time 1.768ms
[INFO   ] DREAMPlace - full step 7.738 ms
[INFO   ] DREAMPlace - Lsub stopping criteria: 1 and 2418.06 > 2205.71 * 0.999
[INFO   ] DREAMPlace - optimizer step 5.643 ms
[INFO   ] DREAMPlace - iteration  260, (  13,  0,  0), Obj 2.281093E+03, NetCrossing 2.401E+01, NetCrossingWeight 1.000000E+00, DensityWeight 1.448580E-03, HPWL 8.655702E+02, Overflow 1.536840E-01, MaxDensity 2.956E+00, gamma 3.733974E-02, time 1.761ms
[INFO   ] DREAMPlace - full step 8.279 ms
[INFO   ] DREAMPlace - optimizer step 5.242 ms
[INFO   ] DREAMPlace - iteration  261, (  13,  0,  1), Obj 2.300637E+03, NetCrossing 1.900E+01, NetCrossingWeight 1.000000E+00, DensityWeight 1.448580E-03, HPWL 8.754755E+02, Overflow 1.517725E-01, MaxDensity 2.365E+00, gamma 3.733974E-02, time 1.809ms
[INFO   ] DREAMPlace - full step 7.949 ms
[INFO   ] DREAMPlace - Lsub stopping criteria: 1 and 2300.64 > 2281.09 * 0.999
[INFO   ] DREAMPlace - optimizer step 12.369 ms
[INFO   ] DREAMPlace - iteration  262, (  13,  1,  0), Obj 2.090576E+03, NetCrossing 1.823E+01, NetCrossingWeight 1.000000E+00, DensityWeight 1.580022E-03, HPWL 8.686168E+02, Overflow 1.375947E-01, MaxDensity 2.956E+00, gamma 3.733974E-02, time 1.847ms
[INFO   ] DREAMPlace - full step 15.256 ms
[INFO   ] DREAMPlace - optimizer step 6.221 ms
[INFO   ] DREAMPlace - iteration  263, (  13,  1,  1), Obj 2.110772E+03, NetCrossing 2.183E+01, NetCrossingWeight 1.000000E+00, DensityWeight 1.580022E-03, HPWL 8.930078E+02, Overflow 1.325054E-01, MaxDensity 1.774E+00, gamma 3.733974E-02, time 2.233ms
[INFO   ] DREAMPlace - full step 9.435 ms
[INFO   ] DREAMPlace - Lsub stopping criteria: 1 and 2110.77 > 2090.58 * 0.999
[INFO   ] DREAMPlace - optimizer step 5.634 ms
[INFO   ] DREAMPlace - iteration  264, (  13,  2,  0), Obj 2.042850E+03, NetCrossing 2.053E+01, NetCrossingWeight 1.000000E+00, DensityWeight 1.723403E-03, HPWL 8.549695E+02, Overflow 1.320789E-01, MaxDensity 2.365E+00, gamma 3.733974E-02, time 1.895ms
[INFO   ] DREAMPlace - full step 8.398 ms
[INFO   ] DREAMPlace - optimizer step 5.409 ms
[INFO   ] DREAMPlace - iteration  265, (  13,  2,  1), Obj 2.172625E+03, NetCrossing 2.056E+01, NetCrossingWeight 1.000000E+00, DensityWeight 1.723403E-03, HPWL 9.039982E+02, Overflow 1.345514E-01, MaxDensity 2.365E+00, gamma 3.733974E-02, time 1.841ms
[INFO   ] DREAMPlace - full step 8.131 ms
[INFO   ] DREAMPlace - Lsub stopping criteria: 1 and 2172.62 > 2042.85 * 0.999
[INFO   ] DREAMPlace - optimizer step 20.554 ms
[INFO   ] DREAMPlace - iteration  266, (  13,  3,  0), Obj 2.185233E+03, NetCrossing 1.876E+01, NetCrossingWeight 1.000000E+00, DensityWeight 1.879800E-03, HPWL 8.850141E+02, Overflow 1.383301E-01, MaxDensity 2.365E+00, gamma 3.733974E-02, time 2.434ms
[INFO   ] DREAMPlace - full step 23.819 ms
[INFO   ] DREAMPlace - optimizer step 5.369 ms
[INFO   ] DREAMPlace - iteration  267, (  13,  3,  1), Obj 2.392041E+03, NetCrossing 1.775E+01, NetCrossingWeight 1.000000E+00, DensityWeight 1.879800E-03, HPWL 8.437268E+02, Overflow 1.496010E-01, MaxDensity 2.365E+00, gamma 3.733974E-02, time 1.817ms
[INFO   ] DREAMPlace - full step 7.997 ms
[INFO   ] DREAMPlace - Lsub stopping criteria: 1 and 2392.04 > 2185.23 * 0.999
[INFO   ] DREAMPlace - optimizer step 6.814 ms
[INFO   ] DREAMPlace - iteration  268, (  13,  4,  0), Obj 2.216457E+03, NetCrossing 1.779E+01, NetCrossingWeight 1.000000E+00, DensityWeight 2.023101E-03, HPWL 8.366625E+02, Overflow 1.441358E-01, MaxDensity 2.365E+00, gamma 3.733974E-02, time 1.848ms
[INFO   ] DREAMPlace - full step 9.501 ms
[INFO   ] DREAMPlace - optimizer step 5.448 ms
[INFO   ] DREAMPlace - iteration  269, (  13,  4,  1), Obj 2.468801E+03, NetCrossing 1.815E+01, NetCrossingWeight 1.000000E+00, DensityWeight 2.023101E-03, HPWL 8.735039E+02, Overflow 1.442198E-01, MaxDensity 2.726E+00, gamma 3.733974E-02, time 1.971ms
[INFO   ] DREAMPlace - full step 8.371 ms
[INFO   ] DREAMPlace - Lsub stopping criteria: 1 and 2468.8 > 2216.46 * 0.999
[INFO   ] DREAMPlace - optimizer step 5.407 ms
[INFO   ] DREAMPlace - iteration  270, (  13,  5,  0), Obj 2.398335E+03, NetCrossing 1.967E+01, NetCrossingWeight 1.000000E+00, DensityWeight 2.206683E-03, HPWL 8.403589E+02, Overflow 1.511687E-01, MaxDensity 2.365E+00, gamma 3.733974E-02, time 1.850ms
[INFO   ] DREAMPlace - full step 8.131 ms
[INFO   ] DREAMPlace - optimizer step 6.836 ms
[INFO   ] DREAMPlace - iteration  271, (  13,  5,  1), Obj 2.560217E+03, NetCrossing 1.716E+01, NetCrossingWeight 1.000000E+00, DensityWeight 2.206683E-03, HPWL 8.739225E+02, Overflow 1.384279E-01, MaxDensity 2.365E+00, gamma 3.733974E-02, time 1.837ms
[INFO   ] DREAMPlace - full step 9.527 ms
[INFO   ] DREAMPlace - Lsub stopping criteria: 1 and 2560.22 > 2398.33 * 0.999
[INFO   ] DREAMPlace - optimizer step 5.290 ms
[INFO   ] DREAMPlace - iteration  272, (  13,  6,  0), Obj 2.309972E+03, NetCrossing 1.617E+01, NetCrossingWeight 1.000000E+00, DensityWeight 2.406943E-03, HPWL 9.083748E+02, Overflow 1.268963E-01, MaxDensity 2.001E+00, gamma 3.733974E-02, time 1.861ms
[INFO   ] DREAMPlace - full step 8.075 ms
[INFO   ] DREAMPlace - optimizer step 5.225 ms
[INFO   ] DREAMPlace - iteration  273, (  13,  6,  1), Obj 2.480854E+03, NetCrossing 1.210E+01, NetCrossingWeight 1.000000E+00, DensityWeight 2.406943E-03, HPWL 8.927117E+02, Overflow 1.415305E-01, MaxDensity 2.365E+00, gamma 3.733974E-02, time 1.824ms
[INFO   ] DREAMPlace - full step 7.943 ms
[INFO   ] DREAMPlace - Lsub stopping criteria: 1 and 2480.85 > 2309.97 * 0.999
[INFO   ] DREAMPlace - optimizer step 5.321 ms
[INFO   ] DREAMPlace - iteration  274, (  13,  7,  0), Obj 2.230927E+03, NetCrossing 1.122E+01, NetCrossingWeight 1.000000E+00, DensityWeight 2.625364E-03, HPWL 9.210516E+02, Overflow 1.213481E-01, MaxDensity 2.365E+00, gamma 3.733974E-02, time 1.823ms
[INFO   ] DREAMPlace - full step 8.040 ms
[INFO   ] DREAMPlace - optimizer step 5.232 ms
[INFO   ] DREAMPlace - iteration  275, (  13,  7,  1), Obj 2.438735E+03, NetCrossing 1.323E+01, NetCrossingWeight 1.000000E+00, DensityWeight 2.625364E-03, HPWL 8.780870E+02, Overflow 1.220365E-01, MaxDensity 1.774E+00, gamma 3.733974E-02, time 1.808ms
[INFO   ] DREAMPlace - full step 7.879 ms
[INFO   ] DREAMPlace - Lsub stopping criteria: 1 and 2438.74 > 2230.93 * 0.999
[INFO   ] DREAMPlace - optimizer step 5.228 ms
[INFO   ] DREAMPlace - iteration  276, (  13,  8,  0), Obj 2.325000E+03, NetCrossing 1.424E+01, NetCrossingWeight 1.000000E+00, DensityWeight 2.824372E-03, HPWL 9.030707E+02, Overflow 1.256345E-01, MaxDensity 2.365E+00, gamma 3.733974E-02, time 2.152ms
[INFO   ] DREAMPlace - full step 8.227 ms
[INFO   ] DREAMPlace - optimizer step 6.943 ms
[INFO   ] DREAMPlace - iteration  277, (  13,  8,  1), Obj 2.380326E+03, NetCrossing 1.512E+01, NetCrossingWeight 1.000000E+00, DensityWeight 2.824372E-03, HPWL 9.054590E+02, Overflow 1.209470E-01, MaxDensity 2.310E+00, gamma 3.733974E-02, time 12.312ms
[INFO   ] DREAMPlace - full step 20.245 ms
[INFO   ] DREAMPlace - Lsub stopping criteria: 1 and 2380.33 > 2325 * 0.999
[INFO   ] DREAMPlace - optimizer step 5.658 ms
[INFO   ] DREAMPlace - iteration  278, (  13,  9,  0), Obj 2.159894E+03, NetCrossing 1.278E+01, NetCrossingWeight 1.000000E+00, DensityWeight 3.080666E-03, HPWL 9.106699E+02, Overflow 1.178042E-01, MaxDensity 2.365E+00, gamma 3.733974E-02, time 2.042ms
[INFO   ] DREAMPlace - full step 8.687 ms
[INFO   ] DREAMPlace - optimizer step 5.256 ms
[INFO   ] DREAMPlace - iteration  279, (  13,  9,  1), Obj 2.212728E+03, NetCrossing 1.626E+01, NetCrossingWeight 1.000000E+00, DensityWeight 3.080666E-03, HPWL 9.572117E+02, Overflow 1.156551E-01, MaxDensity 2.106E+00, gamma 3.733974E-02, time 1.951ms
[INFO   ] DREAMPlace - full step 8.082 ms
[INFO   ] DREAMPlace - Lsub stopping criteria: 1 and 2212.73 > 2159.89 * 0.999
[INFO   ] DREAMPlace - optimizer step 5.394 ms
[INFO   ] DREAMPlace - iteration  280, (  14,  0,  0), Obj 2.021256E+03, NetCrossing 1.351E+01, NetCrossingWeight 1.000000E+00, DensityWeight 3.360194E-03, HPWL 9.262492E+02, Overflow 1.060978E-01, MaxDensity 1.774E+00, gamma 3.042922E-02, time 1.833ms
[INFO   ] DREAMPlace - full step 8.068 ms
[INFO   ] DREAMPlace - optimizer step 5.527 ms
[INFO   ] DREAMPlace - iteration  281, (  14,  0,  1), Obj 2.335132E+03, NetCrossing 1.171E+01, NetCrossingWeight 1.000000E+00, DensityWeight 3.360194E-03, HPWL 1.020506E+03, Overflow 1.022267E-01, MaxDensity 2.174E+00, gamma 3.042922E-02, time 4.235ms
[INFO   ] DREAMPlace - full step 10.656 ms
[INFO   ] DREAMPlace - Lsub stopping criteria: 1 and 2335.13 > 2021.26 * 0.999
[INFO   ] DREAMPlace - optimizer step 5.661 ms
[INFO   ] DREAMPlace - iteration  282, (  14,  1,  0), Obj 2.371361E+03, NetCrossing 1.277E+01, NetCrossingWeight 1.000000E+00, DensityWeight 3.665075E-03, HPWL 9.756138E+02, Overflow 1.147931E-01, MaxDensity 2.355E+00, gamma 3.042922E-02, time 1.837ms
[INFO   ] DREAMPlace - full step 8.372 ms
[INFO   ] DREAMPlace - optimizer step 7.363 ms
[INFO   ] DREAMPlace - iteration  283, (  14,  1,  1), Obj 2.638479E+03, NetCrossing 1.454E+01, NetCrossingWeight 1.000000E+00, DensityWeight 3.665075E-03, HPWL 9.226252E+02, Overflow 1.123503E-01, MaxDensity 2.365E+00, gamma 3.042922E-02, time 1.844ms
[INFO   ] DREAMPlace - full step 10.075 ms
[INFO   ] DREAMPlace - Lsub stopping criteria: 1 and 2638.48 > 2371.36 * 0.999
[INFO   ] DREAMPlace - optimizer step 5.503 ms
[INFO   ] DREAMPlace - iteration  284, (  14,  2,  0), Obj 2.596513E+03, NetCrossing 1.852E+01, NetCrossingWeight 1.000000E+00, DensityWeight 3.941318E-03, HPWL 9.521982E+02, Overflow 1.195423E-01, MaxDensity 2.365E+00, gamma 3.042922E-02, time 1.891ms
[INFO   ] DREAMPlace - full step 8.339 ms
[INFO   ] DREAMPlace - optimizer step 16.817 ms
[INFO   ] DREAMPlace - iteration  285, (  14,  2,  1), Obj 2.521611E+03, NetCrossing 2.055E+01, NetCrossingWeight 1.000000E+00, DensityWeight 3.941318E-03, HPWL 9.311412E+02, Overflow 1.192985E-01, MaxDensity 2.365E+00, gamma 3.042922E-02, time 1.824ms
[INFO   ] DREAMPlace - full step 19.528 ms
[INFO   ] DREAMPlace - optimizer step 7.400 ms
[INFO   ] DREAMPlace - iteration  286, (  14,  3,  0), Obj 2.279422E+03, NetCrossing 2.025E+01, NetCrossingWeight 1.000000E+00, DensityWeight 4.298990E-03, HPWL 9.213773E+02, Overflow 1.127081E-01, MaxDensity 1.774E+00, gamma 3.042922E-02, time 1.841ms
[INFO   ] DREAMPlace - full step 10.122 ms
[INFO   ] DREAMPlace - optimizer step 5.386 ms
[INFO   ] DREAMPlace - iteration  287, (  14,  3,  1), Obj 2.245794E+03, NetCrossing 2.123E+01, NetCrossingWeight 1.000000E+00, DensityWeight 4.298990E-03, HPWL 8.885705E+02, Overflow 1.052599E-01, MaxDensity 2.277E+00, gamma 3.042922E-02, time 1.874ms
[INFO   ] DREAMPlace - full step 8.187 ms
[INFO   ] DREAMPlace - optimizer step 7.792 ms
[INFO   ] DREAMPlace - iteration  288, (  14,  4,  0), Obj 2.398646E+03, NetCrossing 1.772E+01, NetCrossingWeight 1.000000E+00, DensityWeight 4.622087E-03, HPWL 9.386589E+02, Overflow 1.086345E-01, MaxDensity 2.956E+00, gamma 3.042922E-02, time 1.880ms
[INFO   ] DREAMPlace - full step 10.557 ms
[INFO   ] DREAMPlace - optimizer step 5.526 ms
[INFO   ] DREAMPlace - iteration  289, (  14,  4,  1), Obj 2.563057E+03, NetCrossing 2.243E+01, NetCrossingWeight 1.000000E+00, DensityWeight 4.622087E-03, HPWL 9.216564E+02, Overflow 1.168633E-01, MaxDensity 1.774E+00, gamma 3.042922E-02, time 1.897ms
[INFO   ] DREAMPlace - full step 8.324 ms
[INFO   ] DREAMPlace - Lsub stopping criteria: 1 and 2563.06 > 2398.65 * 0.999
[INFO   ] DREAMPlace - optimizer step 7.173 ms
[INFO   ] DREAMPlace - iteration  290, (  14,  5,  0), Obj 2.364026E+03, NetCrossing 2.102E+01, NetCrossingWeight 1.000000E+00, DensityWeight 5.041505E-03, HPWL 9.570473E+02, Overflow 1.070774E-01, MaxDensity 1.774E+00, gamma 3.042922E-02, time 1.870ms
[INFO   ] DREAMPlace - full step 9.911 ms
[INFO   ] DREAMPlace - optimizer step 5.227 ms
[INFO   ] DREAMPlace - iteration  291, (  14,  5,  1), Obj 2.488823E+03, NetCrossing 2.224E+01, NetCrossingWeight 1.000000E+00, DensityWeight 5.041505E-03, HPWL 9.759230E+02, Overflow 8.682276E-02, MaxDensity 1.774E+00, gamma 3.042922E-02, time 1.814ms
[INFO   ] DREAMPlace - full step 7.969 ms
[INFO   ] DREAMPlace - Lsub stopping criteria: 1 and 2488.82 > 2364.03 * 0.999
[INFO   ] DREAMPlace - Llambda stopping criteria: 5 and (( 0.0868228 < 0.1 and 975.923 > 921.656 ) or 1.77366 < 1.0)
[INFO   ] DREAMPlace - optimizer step 9.279 ms
[INFO   ] DREAMPlace - iteration  292, (  15,  0,  0), Obj 2.398476E+03, NetCrossing 2.068E+01, NetCrossingWeight 1.000000E+00, DensityWeight 5.498949E-03, HPWL 9.061946E+02, Overflow 1.042795E-01, MaxDensity 1.774E+00, gamma 2.625542E-02, time 1.872ms
[INFO   ] DREAMPlace - full step 12.033 ms
[INFO   ] DREAMPlace - optimizer step 10.788 ms
[INFO   ] DREAMPlace - iteration  293, (  15,  0,  1), Obj 2.559283E+03, NetCrossing 1.505E+01, NetCrossingWeight 1.000000E+00, DensityWeight 5.498949E-03, HPWL 9.631167E+02, Overflow 9.450678E-02, MaxDensity 2.365E+00, gamma 2.625542E-02, time 1.860ms
[INFO   ] DREAMPlace - full step 13.605 ms
[INFO   ] DREAMPlace - Lsub stopping criteria: 1 and 2559.28 > 2398.48 * 0.999
[INFO   ] DREAMPlace - optimizer step 5.327 ms
[INFO   ] DREAMPlace - iteration  294, (  15,  1,  0), Obj 2.555458E+03, NetCrossing 1.395E+01, NetCrossingWeight 1.000000E+00, DensityWeight 5.910458E-03, HPWL 9.387987E+02, Overflow 1.017406E-01, MaxDensity 1.774E+00, gamma 2.625542E-02, time 2.716ms
[INFO   ] DREAMPlace - full step 8.859 ms
[INFO   ] DREAMPlace - optimizer step 5.108 ms
[INFO   ] DREAMPlace - iteration  295, (  15,  1,  1), Obj 2.477316E+03, NetCrossing 1.448E+01, NetCrossingWeight 1.000000E+00, DensityWeight 5.910458E-03, HPWL 9.252876E+02, Overflow 9.423622E-02, MaxDensity 1.774E+00, gamma 2.625542E-02, time 1.779ms
[INFO   ] DREAMPlace - full step 7.709 ms
[INFO   ] DREAMPlace - optimizer step 6.097 ms
[INFO   ] DREAMPlace - iteration  296, (  15,  2,  0), Obj 2.214453E+03, NetCrossing 1.279E+01, NetCrossingWeight 1.000000E+00, DensityWeight 6.352127E-03, HPWL 9.421829E+02, Overflow 8.806249E-02, MaxDensity 2.365E+00, gamma 2.625542E-02, time 1.808ms
[INFO   ] DREAMPlace - full step 8.725 ms
[INFO   ] DREAMPlace - optimizer step 5.371 ms
[INFO   ] DREAMPlace - iteration  297, (  15,  2,  1), Obj 2.134556E+03, NetCrossing 1.545E+01, NetCrossingWeight 1.000000E+00, DensityWeight 6.352127E-03, HPWL 9.606844E+02, Overflow 7.544203E-02, MaxDensity 2.122E+00, gamma 2.625542E-02, time 1.839ms
[INFO   ] DREAMPlace - full step 8.105 ms
[INFO   ] DREAMPlace - Llambda stopping criteria: 2 and (( 0.075442 < 0.1 and 960.684 > 925.288 ) or 2.12231 < 1.0)
[INFO   ] DREAMPlace - optimizer step 8.967 ms
[INFO   ] DREAMPlace - iteration  298, (  16,  0,  0), Obj 2.238896E+03, NetCrossing 1.877E+01, NetCrossingWeight 1.000000E+00, DensityWeight 6.928527E-03, HPWL 9.168925E+02, Overflow 9.477450E-02, MaxDensity 1.774E+00, gamma 2.477014E-02, time 1.902ms
[INFO   ] DREAMPlace - full step 11.728 ms
[INFO   ] DREAMPlace - optimizer step 5.592 ms
[INFO   ] DREAMPlace - iteration  299, (  16,  0,  1), Obj 2.262873E+03, NetCrossing 1.704E+01, NetCrossingWeight 1.000000E+00, DensityWeight 6.928527E-03, HPWL 9.202709E+02, Overflow 8.771745E-02, MaxDensity 2.365E+00, gamma 2.477014E-02, time 1.853ms
[INFO   ] DREAMPlace - full step 8.278 ms
[INFO   ] DREAMPlace - Lsub stopping criteria: 1 and 2262.87 > 2238.9 * 0.999
[INFO   ] DREAMPlace - plotting to ./results/small-6-handtune/PB201_A00/plot/iter0300.png takes 0.046 seconds
[INFO   ] DREAMPlace - optimizer step 5.797 ms
[INFO   ] DREAMPlace - iteration  300, (  16,  1,  0), Obj 2.272923E+03, NetCrossing 1.478E+01, NetCrossingWeight 1.000000E+00, DensityWeight 7.444784E-03, HPWL 9.419457E+02, Overflow 9.331271E-02, MaxDensity 2.340E+00, gamma 2.477014E-02, time 1.808ms
[INFO   ] DREAMPlace - full step 54.965 ms
[INFO   ] DREAMPlace - optimizer step 5.574 ms
[INFO   ] DREAMPlace - iteration  301, (  16,  1,  1), Obj 2.428629E+03, NetCrossing 1.466E+01, NetCrossingWeight 1.000000E+00, DensityWeight 7.444784E-03, HPWL 9.238668E+02, Overflow 9.177015E-02, MaxDensity 1.774E+00, gamma 2.477014E-02, time 1.875ms
[INFO   ] DREAMPlace - full step 8.324 ms
[INFO   ] DREAMPlace - Lsub stopping criteria: 1 and 2428.63 > 2272.92 * 0.999
[INFO   ] DREAMPlace - optimizer step 5.366 ms
[INFO   ] DREAMPlace - iteration  302, (  16,  2,  0), Obj 2.223302E+03, NetCrossing 1.388E+01, NetCrossingWeight 1.000000E+00, DensityWeight 8.120403E-03, HPWL 9.334340E+02, Overflow 8.561365E-02, MaxDensity 1.774E+00, gamma 2.477014E-02, time 1.869ms
[INFO   ] DREAMPlace - full step 8.078 ms
[INFO   ] DREAMPlace - optimizer step 5.478 ms
[INFO   ] DREAMPlace - iteration  303, (  16,  2,  1), Obj 2.411819E+03, NetCrossing 1.477E+01, NetCrossingWeight 1.000000E+00, DensityWeight 8.120403E-03, HPWL 9.364365E+02, Overflow 8.737020E-02, MaxDensity 1.774E+00, gamma 2.477014E-02, time 1.808ms
[INFO   ] DREAMPlace - full step 8.099 ms
[INFO   ] DREAMPlace - Lsub stopping criteria: 1 and 2411.82 > 2223.3 * 0.999
[INFO   ] DREAMPlace - Llambda stopping criteria: 2 and (( 0.0873702 < 0.1 and 936.436 > 923.867 ) or 1.77366 < 1.0)
[INFO   ] DREAMPlace - optimizer step 11.030 ms
[INFO   ] DREAMPlace - iteration  304, (  17,  0,  0), Obj 2.085857E+03, NetCrossing 1.615E+01, NetCrossingWeight 1.000000E+00, DensityWeight 8.857313E-03, HPWL 9.276471E+02, Overflow 7.475126E-02, MaxDensity 1.774E+00, gamma 2.632906E-02, time 1.792ms
[INFO   ] DREAMPlace - full step 13.701 ms
[INFO   ] DREAMPlace - optimizer step 5.280 ms
[INFO   ] DREAMPlace - iteration  305, (  17,  0,  1), Obj 2.196981E+03, NetCrossing 1.324E+01, NetCrossingWeight 1.000000E+00, DensityWeight 8.857313E-03, HPWL 9.126263E+02, Overflow 8.195657E-02, MaxDensity 1.774E+00, gamma 2.632906E-02, time 1.804ms
[INFO   ] DREAMPlace - full step 7.957 ms
[INFO   ] DREAMPlace - Lsub stopping criteria: 1 and 2196.98 > 2085.86 * 0.999
[INFO   ] DREAMPlace - optimizer step 5.245 ms
[INFO   ] DREAMPlace - iteration  306, (  17,  1,  0), Obj 2.033364E+03, NetCrossing 1.147E+01, NetCrossingWeight 1.000000E+00, DensityWeight 9.514431E-03, HPWL 9.245758E+02, Overflow 7.078770E-02, MaxDensity 1.774E+00, gamma 2.632906E-02, time 1.857ms
[INFO   ] DREAMPlace - full step 7.994 ms
[INFO   ] DREAMPlace - optimizer step 10.020 ms
[INFO   ] DREAMPlace - iteration  307, (  17,  1,  1), Obj 2.304339E+03, NetCrossing 1.451E+01, NetCrossingWeight 1.000000E+00, DensityWeight 9.514431E-03, HPWL 9.160045E+02, Overflow 8.368691E-02, MaxDensity 1.774E+00, gamma 2.632906E-02, time 1.801ms
[INFO   ] DREAMPlace - full step 12.721 ms
[INFO   ] DREAMPlace - Lsub stopping criteria: 1 and 2304.34 > 2033.36 * 0.999
[INFO   ] DREAMPlace - Llambda stopping criteria: 1 and (( 0.0836869 < 0.1 and 916.004 > 912.626 ) or 1.77366 < 1.0)
[INFO   ] DREAMPlace - optimizer step 5.197 ms
[INFO   ] DREAMPlace - iteration  308, (  18,  0,  0), Obj 2.068653E+03, NetCrossing 1.413E+01, NetCrossingWeight 1.000000E+00, DensityWeight 1.037787E-02, HPWL 9.016420E+02, Overflow 7.708032E-02, MaxDensity 1.774E+00, gamma 2.583750E-02, time 1.754ms
[INFO   ] DREAMPlace - full step 7.743 ms
[INFO   ] DREAMPlace - optimizer step 5.261 ms
[INFO   ] DREAMPlace - iteration  309, (  18,  0,  1), Obj 2.237617E+03, NetCrossing 1.550E+01, NetCrossingWeight 1.000000E+00, DensityWeight 1.037787E-02, HPWL 9.049203E+02, Overflow 8.313780E-02, MaxDensity 1.774E+00, gamma 2.583750E-02, time 1.802ms
[INFO   ] DREAMPlace - full step 7.842 ms
[INFO   ] DREAMPlace - Lsub stopping criteria: 1 and 2237.62 > 2068.65 * 0.999
[INFO   ] DREAMPlace - optimizer step 11.690 ms
[INFO   ] DREAMPlace - iteration  310, (  18,  1,  0), Obj 2.175751E+03, NetCrossing 1.538E+01, NetCrossingWeight 1.000000E+00, DensityWeight 1.114557E-02, HPWL 9.159282E+02, Overflow 7.380989E-02, MaxDensity 1.774E+00, gamma 2.583750E-02, time 3.734ms
[INFO   ] DREAMPlace - full step 16.233 ms
[INFO   ] DREAMPlace - optimizer step 8.369 ms
[INFO   ] DREAMPlace - iteration  311, (  18,  1,  1), Obj 2.162290E+03, NetCrossing 1.519E+01, NetCrossingWeight 1.000000E+00, DensityWeight 1.114557E-02, HPWL 9.222037E+02, Overflow 6.957369E-02, MaxDensity 1.774E+00, gamma 2.583750E-02, time 1.844ms
[INFO   ] DREAMPlace - full step 11.096 ms
[INFO   ] DREAMPlace - Llambda stopping criteria: 1 and (( 0.0695737 < 0.1 and 922.204 > 904.92 ) or 1.77366 < 1.0)
[INFO   ] DREAMPlace - optimizer step 10.628 ms
[INFO   ] DREAMPlace - iteration  312, (  19,  0,  0), Obj 2.166726E+03, NetCrossing 1.509E+01, NetCrossingWeight 1.000000E+00, DensityWeight 1.215699E-02, HPWL 9.072407E+02, Overflow 7.254546E-02, MaxDensity 1.774E+00, gamma 2.403741E-02, time 1.877ms
[INFO   ] DREAMPlace - full step 13.358 ms
[INFO   ] DREAMPlace - optimizer step 5.408 ms
[INFO   ] DREAMPlace - iteration  313, (  19,  0,  1), Obj 2.247992E+03, NetCrossing 1.458E+01, NetCrossingWeight 1.000000E+00, DensityWeight 1.215699E-02, HPWL 9.127369E+02, Overflow 7.122599E-02, MaxDensity 1.774E+00, gamma 2.403741E-02, time 1.806ms
[INFO   ] DREAMPlace - full step 8.060 ms
[INFO   ] DREAMPlace - Lsub stopping criteria: 1 and 2247.99 > 2166.73 * 0.999
[INFO   ] DREAMPlace - optimizer step 10.353 ms
[INFO   ] DREAMPlace - iteration  314, (  19,  1,  0), Obj 2.143967E+03, NetCrossing 2.023E+01, NetCrossingWeight 1.000000E+00, DensityWeight 1.305369E-02, HPWL 9.180519E+02, Overflow 6.617376E-02, MaxDensity 1.713E+00, gamma 2.403741E-02, time 1.803ms
[INFO   ] DREAMPlace - full step 13.036 ms
[INFO   ] DREAMPlace - optimizer step 5.417 ms
[INFO   ] DREAMPlace - iteration  315, (  19,  1,  1), Obj 2.347906E+03, NetCrossing 1.982E+01, NetCrossingWeight 1.000000E+00, DensityWeight 1.305369E-02, HPWL 9.289695E+02, Overflow 6.513619E-02, MaxDensity 1.774E+00, gamma 2.403741E-02, time 1.769ms
[INFO   ] DREAMPlace - full step 8.105 ms
[INFO   ] DREAMPlace - Lsub stopping criteria: 1 and 2347.91 > 2143.97 * 0.999
[INFO   ] DREAMPlace - Llambda stopping criteria: 1 and (( 0.0651362 < 0.1 and 928.969 > 912.737 ) or 1.77366 < 1.0)
[INFO   ] DREAMPlace - optimizer step 5.614 ms
[INFO   ] DREAMPlace - iteration  316, (  20,  0,  0), Obj 2.258274E+03, NetCrossing 2.117E+01, NetCrossingWeight 1.000000E+00, DensityWeight 1.423827E-02, HPWL 9.273599E+02, Overflow 6.396016E-02, MaxDensity 1.644E+00, gamma 2.349777E-02, time 1.844ms
[INFO   ] DREAMPlace - full step 8.431 ms
[INFO   ] DREAMPlace - optimizer step 12.298 ms
[INFO   ] DREAMPlace - iteration  317, (  20,  0,  1), Obj 2.189873E+03, NetCrossing 1.950E+01, NetCrossingWeight 1.000000E+00, DensityWeight 1.423827E-02, HPWL 9.103234E+02, Overflow 6.288149E-02, MaxDensity 1.504E+00, gamma 2.349777E-02, time 2.164ms
[INFO   ] DREAMPlace - full step 15.521 ms
[INFO   ] DREAMPlace - optimizer step 6.550 ms
[INFO   ] DREAMPlace - iteration  318, (  20,  1,  0), Obj 2.337098E+03, NetCrossing 1.808E+01, NetCrossingWeight 1.000000E+00, DensityWeight 1.528543E-02, HPWL 9.293297E+02, Overflow 6.712451E-02, MaxDensity 1.774E+00, gamma 2.349777E-02, time 2.058ms
[INFO   ] DREAMPlace - full step 9.627 ms
[INFO   ] DREAMPlace - optimizer step 12.430 ms
[INFO   ] DREAMPlace - iteration  319, (  20,  1,  1), Obj 2.461450E+03, NetCrossing 1.900E+01, NetCrossingWeight 1.000000E+00, DensityWeight 1.528543E-02, HPWL 9.189464E+02, Overflow 6.618872E-02, MaxDensity 1.774E+00, gamma 2.349777E-02, time 2.143ms
[INFO   ] DREAMPlace - full step 15.596 ms
[INFO   ] DREAMPlace - Lsub stopping criteria: 1 and 2461.45 > 2337.1 * 0.999
[INFO   ] DREAMPlace - Llambda stopping criteria: 1 and (( 0.0661887 < 0.1 and 918.946 > 910.323 ) or 1.77366 < 1.0)
[INFO   ] DREAMPlace - optimizer step 6.333 ms
[INFO   ] DREAMPlace - iteration  320, (  21,  0,  0), Obj 2.274800E+03, NetCrossing 1.887E+01, NetCrossingWeight 1.000000E+00, DensityWeight 1.667256E-02, HPWL 9.281896E+02, Overflow 6.094723E-02, MaxDensity 1.774E+00, gamma 2.362466E-02, time 2.186ms
[INFO   ] DREAMPlace - full step 9.631 ms
[INFO   ] DREAMPlace - optimizer step 8.402 ms
[INFO   ] DREAMPlace - iteration  321, (  21,  0,  1), Obj 2.233960E+03, NetCrossing 1.698E+01, NetCrossingWeight 1.000000E+00, DensityWeight 1.667256E-02, HPWL 9.201636E+02, Overflow 5.888382E-02, MaxDensity 1.774E+00, gamma 2.362466E-02, time 2.216ms
[INFO   ] DREAMPlace - full step 11.734 ms
[INFO   ] DREAMPlace - optimizer step 12.378 ms
[INFO   ] DREAMPlace - iteration  322, (  21,  1,  0), Obj 2.179235E+03, NetCrossing 1.818E+01, NetCrossingWeight 1.000000E+00, DensityWeight 1.818562E-02, HPWL 9.209355E+02, Overflow 5.962748E-02, MaxDensity 1.774E+00, gamma 2.362466E-02, time 2.155ms
[INFO   ] DREAMPlace - full step 15.550 ms
[INFO   ] DREAMPlace - optimizer step 6.248 ms
[INFO   ] DREAMPlace - iteration  323, (  21,  1,  1), Obj 2.203274E+03, NetCrossing 1.863E+01, NetCrossingWeight 1.000000E+00, DensityWeight 1.818562E-02, HPWL 9.244512E+02, Overflow 5.784968E-02, MaxDensity 1.774E+00, gamma 2.362466E-02, time 2.091ms
[INFO   ] DREAMPlace - full step 9.391 ms
[INFO   ] DREAMPlace - Lsub stopping criteria: 1 and 2203.27 > 2179.23 * 0.999
[INFO   ] DREAMPlace - Llambda stopping criteria: 1 and (( 0.0578497 < 0.1 and 924.451 > 920.164 ) or 1.77366 < 1.0)
[INFO   ] DREAMPlace - optimizer step 18.625 ms
[INFO   ] DREAMPlace - iteration  324, (  22,  0,  0), Obj 2.255760E+03, NetCrossing 1.714E+01, NetCrossingWeight 1.000000E+00, DensityWeight 1.983598E-02, HPWL 9.165721E+02, Overflow 6.204291E-02, MaxDensity 1.774E+00, gamma 2.263781E-02, time 2.140ms
[INFO   ] DREAMPlace - full step 21.773 ms
[INFO   ] DREAMPlace - optimizer step 9.251 ms
[INFO   ] DREAMPlace - iteration  325, (  22,  0,  1), Obj 2.167593E+03, NetCrossing 1.679E+01, NetCrossingWeight 1.000000E+00, DensityWeight 1.983598E-02, HPWL 9.132415E+02, Overflow 5.811722E-02, MaxDensity 1.696E+00, gamma 2.263781E-02, time 2.084ms
[INFO   ] DREAMPlace - full step 12.362 ms
[INFO   ] DREAMPlace - optimizer step 6.344 ms
[INFO   ] DREAMPlace - iteration  326, (  22,  1,  0), Obj 2.174092E+03, NetCrossing 1.759E+01, NetCrossingWeight 1.000000E+00, DensityWeight 2.128630E-02, HPWL 9.070649E+02, Overflow 5.723114E-02, MaxDensity 1.330E+00, gamma 2.263781E-02, time 2.204ms
[INFO   ] DREAMPlace - full step 9.631 ms
[INFO   ] DREAMPlace - optimizer step 12.247 ms
[INFO   ] DREAMPlace - iteration  327, (  22,  1,  1), Obj 2.326057E+03, NetCrossing 1.774E+01, NetCrossingWeight 1.000000E+00, DensityWeight 2.128630E-02, HPWL 9.184847E+02, Overflow 5.371607E-02, MaxDensity 1.182E+00, gamma 2.263781E-02, time 2.084ms
[INFO   ] DREAMPlace - full step 15.292 ms
[INFO   ] DREAMPlace - Lsub stopping criteria: 1 and 2326.06 > 2174.09 * 0.999
[INFO   ] DREAMPlace - Llambda stopping criteria: 1 and (( 0.0537161 < 0.1 and 918.485 > 913.241 ) or 1.18244 < 1.0)
[INFO   ] DREAMPlace - optimizer step 10.319 ms
[INFO   ] DREAMPlace - iteration  328, (  23,  0,  0), Obj 2.164701E+03, NetCrossing 1.803E+01, NetCrossingWeight 1.000000E+00, DensityWeight 2.321803E-02, HPWL 9.179433E+02, Overflow 5.196027E-02, MaxDensity 1.328E+00, gamma 2.216402E-02, time 1.857ms
[INFO   ] DREAMPlace - full step 13.166 ms
[INFO   ] DREAMPlace - optimizer step 6.694 ms
[INFO   ] DREAMPlace - iteration  329, (  23,  0,  1), Obj 2.171640E+03, NetCrossing 1.840E+01, NetCrossingWeight 1.000000E+00, DensityWeight 2.321803E-02, HPWL 9.188807E+02, Overflow 4.932592E-02, MaxDensity 1.710E+00, gamma 2.216402E-02, time 2.267ms
[INFO   ] DREAMPlace - full step 10.050 ms
[INFO   ] DREAMPlace - Lsub stopping criteria: 1 and 2171.64 > 2164.7 * 0.999
[INFO   ] DREAMPlace - optimizer step 6.420 ms
[INFO   ] DREAMPlace - iteration  330, (  23,  1,  0), Obj 2.129515E+03, NetCrossing 1.872E+01, NetCrossingWeight 1.000000E+00, DensityWeight 2.532510E-02, HPWL 9.273400E+02, Overflow 4.679564E-02, MaxDensity 1.265E+00, gamma 2.216402E-02, time 3.186ms
[INFO   ] DREAMPlace - full step 10.686 ms
[INFO   ] DREAMPlace - optimizer step 6.321 ms
[INFO   ] DREAMPlace - iteration  331, (  23,  1,  1), Obj 2.108433E+03, NetCrossing 1.742E+01, NetCrossingWeight 1.000000E+00, DensityWeight 2.532510E-02, HPWL 9.307397E+02, Overflow 4.419130E-02, MaxDensity 1.527E+00, gamma 2.216402E-02, time 2.129ms
[INFO   ] DREAMPlace - full step 9.516 ms
[INFO   ] DREAMPlace - Llambda stopping criteria: 1 and (( 0.0441913 < 0.1 and 930.74 > 918.881 ) or 1.5274 < 1.0)
[INFO   ] DREAMPlace - optimizer step 6.531 ms
[INFO   ] DREAMPlace - iteration  332, (  24,  0,  0), Obj 1.984861E+03, NetCrossing 1.847E+01, NetCrossingWeight 1.000000E+00, DensityWeight 2.762331E-02, HPWL 9.367658E+02, Overflow 4.027874E-02, MaxDensity 1.350E+00, gamma 2.110972E-02, time 2.208ms
[INFO   ] DREAMPlace - full step 9.809 ms
[INFO   ] DREAMPlace - optimizer step 6.541 ms
[INFO   ] DREAMPlace - iteration  333, (  24,  0,  1), Obj 2.031727E+03, NetCrossing 1.693E+01, NetCrossingWeight 1.000000E+00, DensityWeight 2.762331E-02, HPWL 9.357140E+02, Overflow 3.994650E-02, MaxDensity 1.774E+00, gamma 2.110972E-02, time 2.249ms
[INFO   ] DREAMPlace - full step 9.909 ms
[INFO   ] DREAMPlace - Lsub stopping criteria: 1 and 2031.73 > 1984.86 * 0.999
[INFO   ] DREAMPlace - optimizer step 6.418 ms
[INFO   ] DREAMPlace - iteration  334, (  24,  1,  0), Obj 1.940898E+03, NetCrossing 1.649E+01, NetCrossingWeight 1.000000E+00, DensityWeight 3.013012E-02, HPWL 9.434404E+02, Overflow 3.783799E-02, MaxDensity 1.337E+00, gamma 2.110972E-02, time 2.159ms
[INFO   ] DREAMPlace - full step 9.631 ms
[INFO   ] DREAMPlace - optimizer step 6.402 ms
[INFO   ] DREAMPlace - iteration  335, (  24,  1,  1), Obj 2.020403E+03, NetCrossing 1.593E+01, NetCrossingWeight 1.000000E+00, DensityWeight 3.013012E-02, HPWL 9.435996E+02, Overflow 3.854201E-02, MaxDensity 1.773E+00, gamma 2.110972E-02, time 2.142ms
[INFO   ] DREAMPlace - full step 9.543 ms
[INFO   ] DREAMPlace - Lsub stopping criteria: 1 and 2020.4 > 1940.9 * 0.999
[INFO   ] DREAMPlace - Llambda stopping criteria: 1 and (( 0.038542 < 0.1 and 943.6 > 935.714 ) or 1.77257 < 1.0)
[INFO   ] DREAMPlace - optimizer step 6.605 ms
[INFO   ] DREAMPlace - iteration  336, (  25,  0,  0), Obj 1.937949E+03, NetCrossing 1.621E+01, NetCrossingWeight 1.000000E+00, DensityWeight 3.286441E-02, HPWL 9.437533E+02, Overflow 3.673819E-02, MaxDensity 1.645E+00, gamma 2.050824E-02, time 2.195ms
[INFO   ] DREAMPlace - full step 9.870 ms
[INFO   ] DREAMPlace - optimizer step 7.138 ms
[INFO   ] DREAMPlace - iteration  337, (  25,  0,  1), Obj 1.983480E+03, NetCrossing 1.655E+01, NetCrossingWeight 1.000000E+00, DensityWeight 3.286441E-02, HPWL 9.454420E+02, Overflow 3.605800E-02, MaxDensity 1.351E+00, gamma 2.050824E-02, time 2.245ms
[INFO   ] DREAMPlace - full step 10.450 ms
[INFO   ] DREAMPlace - Lsub stopping criteria: 1 and 1983.48 > 1937.95 * 0.999
[INFO   ] DREAMPlace - optimizer step 6.400 ms
[INFO   ] DREAMPlace - iteration  338, (  25,  1,  0), Obj 1.886306E+03, NetCrossing 1.540E+01, NetCrossingWeight 1.000000E+00, DensityWeight 3.584689E-02, HPWL 9.505485E+02, Overflow 3.328155E-02, MaxDensity 1.664E+00, gamma 2.050824E-02, time 2.206ms
[INFO   ] DREAMPlace - full step 9.689 ms
[INFO   ] DREAMPlace - optimizer step 6.365 ms
[INFO   ] DREAMPlace - iteration  339, (  25,  1,  1), Obj 1.918786E+03, NetCrossing 1.705E+01, NetCrossingWeight 1.000000E+00, DensityWeight 3.584689E-02, HPWL 9.495914E+02, Overflow 3.158659E-02, MaxDensity 1.678E+00, gamma 2.050824E-02, time 2.161ms
[INFO   ] DREAMPlace - full step 9.574 ms
[INFO   ] DREAMPlace - Lsub stopping criteria: 1 and 1918.79 > 1886.31 * 0.999
[INFO   ] DREAMPlace - Llambda stopping criteria: 1 and (( 0.0315866 < 0.1 and 949.591 > 945.442 ) or 1.67841 < 1.0)
[INFO   ] DREAMPlace - optimizer step 6.483 ms
[INFO   ] DREAMPlace - iteration  340, (  26,  0,  0), Obj 1.843654E+03, NetCrossing 1.630E+01, NetCrossingWeight 1.000000E+00, DensityWeight 3.910001E-02, HPWL 9.568204E+02, Overflow 2.942989E-02, MaxDensity 1.478E+00, gamma 1.979119E-02, time 2.204ms
[INFO   ] DREAMPlace - full step 9.767 ms
[INFO   ] DREAMPlace - optimizer step 7.786 ms
[INFO   ] DREAMPlace - iteration  341, (  26,  0,  1), Obj 1.872907E+03, NetCrossing 1.590E+01, NetCrossingWeight 1.000000E+00, DensityWeight 3.910001E-02, HPWL 9.577413E+02, Overflow 2.843392E-02, MaxDensity 1.449E+00, gamma 1.979119E-02, time 2.233ms
[INFO   ] DREAMPlace - full step 11.085 ms
[INFO   ] DREAMPlace - Lsub stopping criteria: 1 and 1872.91 > 1843.65 * 0.999
[INFO   ] DREAMPlace - optimizer step 6.355 ms
[INFO   ] DREAMPlace - iteration  342, (  26,  1,  0), Obj 1.849063E+03, NetCrossing 1.726E+01, NetCrossingWeight 1.000000E+00, DensityWeight 4.264831E-02, HPWL 9.597589E+02, Overflow 2.795455E-02, MaxDensity 1.553E+00, gamma 1.979119E-02, time 2.193ms
[INFO   ] DREAMPlace - full step 9.604 ms
[INFO   ] DREAMPlace - optimizer step 8.909 ms
[INFO   ] DREAMPlace - iteration  343, (  26,  1,  1), Obj 1.936711E+03, NetCrossing 1.631E+01, NetCrossingWeight 1.000000E+00, DensityWeight 4.264831E-02, HPWL 9.593311E+02, Overflow 2.788622E-02, MaxDensity 1.405E+00, gamma 1.979119E-02, time 2.156ms
[INFO   ] DREAMPlace - full step 12.116 ms
[INFO   ] DREAMPlace - Lsub stopping criteria: 1 and 1936.71 > 1849.06 * 0.999
[INFO   ] DREAMPlace - Llambda stopping criteria: 1 and (( 0.0278862 < 0.1 and 959.331 > 957.741 ) or 1.40508 < 1.0)
[INFO   ] DREAMPlace - optimizer step 6.463 ms
[INFO   ] DREAMPlace - iteration  344, (  27,  0,  0), Obj 1.881406E+03, NetCrossing 1.643E+01, NetCrossingWeight 1.000000E+00, DensityWeight 4.651869E-02, HPWL 9.606929E+02, Overflow 2.659873E-02, MaxDensity 1.270E+00, gamma 1.941999E-02, time 2.211ms
[INFO   ] DREAMPlace - full step 9.745 ms
[INFO   ] DREAMPlace - optimizer step 6.392 ms
[INFO   ] DREAMPlace - iteration  345, (  27,  0,  1), Obj 1.947959E+03, NetCrossing 1.699E+01, NetCrossingWeight 1.000000E+00, DensityWeight 4.651869E-02, HPWL 9.618661E+02, Overflow 2.699363E-02, MaxDensity 1.344E+00, gamma 1.941999E-02, time 3.199ms
[INFO   ] DREAMPlace - full step 10.600 ms
[INFO   ] DREAMPlace - Lsub stopping criteria: 1 and 1947.96 > 1881.41 * 0.999
[INFO   ] DREAMPlace - optimizer step 6.395 ms
[INFO   ] DREAMPlace - iteration  346, (  27,  1,  0), Obj 1.946718E+03, NetCrossing 1.727E+01, NetCrossingWeight 1.000000E+00, DensityWeight 5.074030E-02, HPWL 9.608093E+02, Overflow 2.604213E-02, MaxDensity 1.182E+00, gamma 1.941999E-02, time 2.150ms
[INFO   ] DREAMPlace - full step 9.638 ms
[INFO   ] DREAMPlace - optimizer step 5.277 ms
[INFO   ] DREAMPlace - iteration  347, (  27,  1,  1), Obj 2.007406E+03, NetCrossing 1.662E+01, NetCrossingWeight 1.000000E+00, DensityWeight 5.074030E-02, HPWL 9.609684E+02, Overflow 2.579330E-02, MaxDensity 1.285E+00, gamma 1.941999E-02, time 2.095ms
[INFO   ] DREAMPlace - full step 8.207 ms
[INFO   ] DREAMPlace - Lsub stopping criteria: 1 and 2007.41 > 1946.72 * 0.999
[INFO   ] DREAMPlace - optimizer step 5.309 ms
[INFO   ] DREAMPlace - iteration  348, (  27,  2,  0), Obj 2.007946E+03, NetCrossing 1.643E+01, NetCrossingWeight 1.000000E+00, DensityWeight 5.439035E-02, HPWL 9.628965E+02, Overflow 2.572835E-02, MaxDensity 1.375E+00, gamma 1.941999E-02, time 1.793ms
[INFO   ] DREAMPlace - full step 7.928 ms
[INFO   ] DREAMPlace - optimizer step 7.053 ms
[INFO   ] DREAMPlace - iteration  349, (  27,  2,  1), Obj 2.084247E+03, NetCrossing 1.647E+01, NetCrossingWeight 1.000000E+00, DensityWeight 5.439035E-02, HPWL 9.625842E+02, Overflow 2.564433E-02, MaxDensity 1.196E+00, gamma 1.941999E-02, time 1.896ms
[INFO   ] DREAMPlace - full step 9.790 ms
[INFO   ] DREAMPlace - Lsub stopping criteria: 1 and 2084.25 > 2007.95 * 0.999
[INFO   ] DREAMPlace - Llambda stopping criteria: 2 and (( 0.0256443 < 0.1 and 962.584 > 960.968 ) or 1.19621 < 1.0)
[INFO   ] DREAMPlace - optimizer step 5.738 ms
[INFO   ] DREAMPlace - iteration  350, (  28,  0,  0), Obj 2.018368E+03, NetCrossing 1.722E+01, NetCrossingWeight 1.000000E+00, DensityWeight 5.932634E-02, HPWL 9.635306E+02, Overflow 2.422606E-02, MaxDensity 1.288E+00, gamma 1.919848E-02, time 15.580ms
[INFO   ] DREAMPlace - full step 22.201 ms
[INFO   ] DREAMPlace - optimizer step 5.438 ms
[INFO   ] DREAMPlace - iteration  351, (  28,  0,  1), Obj 2.093231E+03, NetCrossing 1.613E+01, NetCrossingWeight 1.000000E+00, DensityWeight 5.932634E-02, HPWL 9.636355E+02, Overflow 2.464582E-02, MaxDensity 1.349E+00, gamma 1.919848E-02, time 1.951ms
[INFO   ] DREAMPlace - full step 8.213 ms
[INFO   ] DREAMPlace - Lsub stopping criteria: 1 and 2093.23 > 2018.37 * 0.999
[INFO   ] DREAMPlace - optimizer step 5.651 ms
[INFO   ] DREAMPlace - iteration  352, (  28,  1,  0), Obj 2.080052E+03, NetCrossing 1.756E+01, NetCrossingWeight 1.000000E+00, DensityWeight 6.471028E-02, HPWL 9.650568E+02, Overflow 2.450958E-02, MaxDensity 1.201E+00, gamma 1.919848E-02, time 6.488ms
[INFO   ] DREAMPlace - full step 12.935 ms
[INFO   ] DREAMPlace - optimizer step 6.237 ms
[INFO   ] DREAMPlace - iteration  353, (  28,  1,  1), Obj 2.160506E+03, NetCrossing 1.601E+01, NetCrossingWeight 1.000000E+00, DensityWeight 6.471028E-02, HPWL 9.646243E+02, Overflow 2.399813E-02, MaxDensity 1.423E+00, gamma 1.919848E-02, time 1.987ms
[INFO   ] DREAMPlace - full step 9.052 ms
[INFO   ] DREAMPlace - Lsub stopping criteria: 1 and 2160.51 > 2080.05 * 0.999
[INFO   ] DREAMPlace - Llambda stopping criteria: 1 and (( 0.0239981 < 0.1 and 964.624 > 963.635 ) or 1.423 < 1.0)
[INFO   ] DREAMPlace - optimizer step 6.623 ms
[INFO   ] DREAMPlace - iteration  354, (  29,  0,  0), Obj 2.125517E+03, NetCrossing 1.750E+01, NetCrossingWeight 1.000000E+00, DensityWeight 7.058282E-02, HPWL 9.645433E+02, Overflow 2.338872E-02, MaxDensity 1.219E+00, gamma 1.903744E-02, time 194.668ms
[INFO   ] DREAMPlace - full step 202.326 ms
[INFO   ] DREAMPlace - optimizer step 6.252 ms
[INFO   ] DREAMPlace - iteration  355, (  29,  0,  1), Obj 2.193010E+03, NetCrossing 1.661E+01, NetCrossingWeight 1.000000E+00, DensityWeight 7.058282E-02, HPWL 9.651666E+02, Overflow 2.302148E-02, MaxDensity 1.520E+00, gamma 1.903744E-02, time 2.114ms
[INFO   ] DREAMPlace - full step 9.467 ms
[INFO   ] DREAMPlace - Lsub stopping criteria: 1 and 2193.01 > 2125.52 * 0.999
[INFO   ] DREAMPlace - optimizer step 6.372 ms
[INFO   ] DREAMPlace - iteration  356, (  29,  1,  0), Obj 2.163255E+03, NetCrossing 1.745E+01, NetCrossingWeight 1.000000E+00, DensityWeight 7.698832E-02, HPWL 9.678656E+02, Overflow 2.296575E-02, MaxDensity 1.184E+00, gamma 1.903744E-02, time 2.148ms
[INFO   ] DREAMPlace - full step 9.621 ms
[INFO   ] DREAMPlace - optimizer step 6.400 ms
[INFO   ] DREAMPlace - iteration  357, (  29,  1,  1), Obj 2.253773E+03, NetCrossing 1.703E+01, NetCrossingWeight 1.000000E+00, DensityWeight 7.698832E-02, HPWL 9.670325E+02, Overflow 2.277911E-02, MaxDensity 1.284E+00, gamma 1.903744E-02, time 2.194ms
[INFO   ] DREAMPlace - full step 9.665 ms
[INFO   ] DREAMPlace - Lsub stopping criteria: 1 and 2253.77 > 2163.26 * 0.999
[INFO   ] DREAMPlace - Llambda stopping criteria: 1 and (( 0.0227791 < 0.1 and 967.032 > 965.167 ) or 1.28447 < 1.0)
[INFO   ] DREAMPlace - optimizer step 9.128 ms
[INFO   ] DREAMPlace - iteration  358, (  30,  0,  0), Obj 2.233497E+03, NetCrossing 1.602E+01, NetCrossingWeight 1.000000E+00, DensityWeight 8.397510E-02, HPWL 9.698724E+02, Overflow 2.220269E-02, MaxDensity 1.328E+00, gamma 1.891907E-02, time 2.219ms
[INFO   ] DREAMPlace - full step 12.419 ms
[INFO   ] DREAMPlace - optimizer step 6.333 ms
[INFO   ] DREAMPlace - iteration  359, (  30,  0,  1), Obj 2.294726E+03, NetCrossing 1.695E+01, NetCrossingWeight 1.000000E+00, DensityWeight 8.397510E-02, HPWL 9.714823E+02, Overflow 2.258019E-02, MaxDensity 1.291E+00, gamma 1.891907E-02, time 2.176ms
[INFO   ] DREAMPlace - full step 9.520 ms
[INFO   ] DREAMPlace - Lsub stopping criteria: 1 and 2294.73 > 2233.5 * 0.999
[INFO   ] DREAMPlace - optimizer step 12.009 ms
[INFO   ] DREAMPlace - iteration  360, (  30,  1,  0), Obj 2.278599E+03, NetCrossing 1.755E+01, NetCrossingWeight 1.000000E+00, DensityWeight 9.159587E-02, HPWL 9.709652E+02, Overflow 2.205809E-02, MaxDensity 1.295E+00, gamma 1.891907E-02, time 6.250ms
[INFO   ] DREAMPlace - full step 19.280 ms
[INFO   ] DREAMPlace - optimizer step 5.864 ms
[INFO   ] DREAMPlace - iteration  361, (  30,  1,  1), Obj 2.367519E+03, NetCrossing 1.596E+01, NetCrossingWeight 1.000000E+00, DensityWeight 9.159587E-02, HPWL 9.726257E+02, Overflow 2.169002E-02, MaxDensity 1.269E+00, gamma 1.891907E-02, time 2.028ms
[INFO   ] DREAMPlace - full step 8.983 ms
[INFO   ] DREAMPlace - Lsub stopping criteria: 1 and 2367.52 > 2278.6 * 0.999
[INFO   ] DREAMPlace - Llambda stopping criteria: 1 and (( 0.02169 < 0.1 and 972.626 > 971.482 ) or 1.26921 < 1.0)
[INFO   ] DREAMPlace - optimizer step 12.735 ms
[INFO   ] DREAMPlace - iteration  362, (  31,  0,  0), Obj 2.317503E+03, NetCrossing 1.676E+01, NetCrossingWeight 1.000000E+00, DensityWeight 9.990831E-02, HPWL 9.731301E+02, Overflow 2.144239E-02, MaxDensity 1.187E+00, gamma 1.881393E-02, time 2.229ms
[INFO   ] DREAMPlace - full step 16.045 ms
[INFO   ] DREAMPlace - optimizer step 7.012 ms
[INFO   ] DREAMPlace - iteration  363, (  31,  0,  1), Obj 2.383638E+03, NetCrossing 1.680E+01, NetCrossingWeight 1.000000E+00, DensityWeight 9.990831E-02, HPWL 9.744889E+02, Overflow 2.100611E-02, MaxDensity 1.182E+00, gamma 1.881393E-02, time 2.232ms
[INFO   ] DREAMPlace - full step 10.307 ms
[INFO   ] DREAMPlace - Lsub stopping criteria: 1 and 2383.64 > 2317.5 * 0.999
[INFO   ] DREAMPlace - optimizer step 13.867 ms
[INFO   ] DREAMPlace - iteration  364, (  31,  1,  0), Obj 2.377158E+03, NetCrossing 1.751E+01, NetCrossingWeight 1.000000E+00, DensityWeight 1.089751E-01, HPWL 9.761895E+02, Overflow 2.075881E-02, MaxDensity 1.183E+00, gamma 1.881393E-02, time 2.260ms
[INFO   ] DREAMPlace - full step 17.223 ms
[INFO   ] DREAMPlace - optimizer step 12.136 ms
[INFO   ] DREAMPlace - iteration  365, (  31,  1,  1), Obj 2.497458E+03, NetCrossing 1.710E+01, NetCrossingWeight 1.000000E+00, DensityWeight 1.089751E-01, HPWL 9.787516E+02, Overflow 2.070951E-02, MaxDensity 1.182E+00, gamma 1.881393E-02, time 2.212ms
[INFO   ] DREAMPlace - full step 15.420 ms
[INFO   ] DREAMPlace - Lsub stopping criteria: 1 and 2497.46 > 2377.16 * 0.999
[INFO   ] DREAMPlace - Llambda stopping criteria: 1 and (( 0.0207095 < 0.1 and 978.752 > 974.489 ) or 1.18244 < 1.0)
[INFO   ] DREAMPlace - optimizer step 6.123 ms
[INFO   ] DREAMPlace - iteration  366, (  32,  0,  0), Obj 2.469292E+03, NetCrossing 1.751E+01, NetCrossingWeight 1.000000E+00, DensityWeight 1.188646E-01, HPWL 9.793771E+02, Overflow 2.055617E-02, MaxDensity 1.182E+00, gamma 1.871978E-02, time 2.196ms
[INFO   ] DREAMPlace - full step 9.437 ms
[INFO   ] DREAMPlace - optimizer step 6.423 ms
[INFO   ] DREAMPlace - iteration  367, (  32,  0,  1), Obj 2.571863E+03, NetCrossing 1.749E+01, NetCrossingWeight 1.000000E+00, DensityWeight 1.188646E-01, HPWL 9.799310E+02, Overflow 2.020799E-02, MaxDensity 1.182E+00, gamma 1.871978E-02, time 3.501ms
[INFO   ] DREAMPlace - full step 11.019 ms
[INFO   ] DREAMPlace - Lsub stopping criteria: 1 and 2571.86 > 2469.29 * 0.999
[INFO   ] DREAMPlace - optimizer step 6.355 ms
[INFO   ] DREAMPlace - iteration  368, (  32,  1,  0), Obj 2.560947E+03, NetCrossing 1.666E+01, NetCrossingWeight 1.000000E+00, DensityWeight 1.296517E-01, HPWL 9.817018E+02, Overflow 1.991387E-02, MaxDensity 1.182E+00, gamma 1.871978E-02, time 2.188ms
[INFO   ] DREAMPlace - full step 9.613 ms
[INFO   ] DREAMPlace - optimizer step 5.567 ms
[INFO   ] DREAMPlace - iteration  369, (  32,  1,  1), Obj 2.650967E+03, NetCrossing 1.680E+01, NetCrossingWeight 1.000000E+00, DensityWeight 1.296517E-01, HPWL 9.831222E+02, Overflow 1.958805E-02, MaxDensity 1.182E+00, gamma 1.871978E-02, time 2.151ms
[INFO   ] DREAMPlace - full step 8.704 ms
[INFO   ] DREAMPlace - Lsub stopping criteria: 1 and 2650.97 > 2560.95 * 0.999
[INFO   ] DREAMPlace - Llambda stopping criteria: 1 and (( 0.0195881 < 0.1 and 983.122 > 979.931 ) or 1.18244 < 1.0)
[INFO   ] DREAMPlace - optimizer step 5.727 ms
[INFO   ] DREAMPlace - iteration  370, (  33,  0,  0), Obj 2.611206E+03, NetCrossing 1.676E+01, NetCrossingWeight 1.000000E+00, DensityWeight 1.414177E-01, HPWL 9.848500E+02, Overflow 1.929948E-02, MaxDensity 1.182E+00, gamma 1.861267E-02, time 1.831ms
[INFO   ] DREAMPlace - full step 8.555 ms
[INFO   ] DREAMPlace - optimizer step 6.470 ms
[INFO   ] DREAMPlace - iteration  371, (  33,  0,  1), Obj 2.723520E+03, NetCrossing 1.673E+01, NetCrossingWeight 1.000000E+00, DensityWeight 1.414177E-01, HPWL 9.855320E+02, Overflow 1.885384E-02, MaxDensity 1.182E+00, gamma 1.861267E-02, time 3.186ms
[INFO   ] DREAMPlace - full step 10.761 ms
[INFO   ] DREAMPlace - Lsub stopping criteria: 1 and 2723.52 > 2611.21 * 0.999
[INFO   ] DREAMPlace - optimizer step 6.343 ms
[INFO   ] DREAMPlace - iteration  372, (  33,  1,  0), Obj 2.698725E+03, NetCrossing 1.581E+01, NetCrossingWeight 1.000000E+00, DensityWeight 1.542515E-01, HPWL 9.877653E+02, Overflow 1.828667E-02, MaxDensity 1.182E+00, gamma 1.861267E-02, time 2.199ms
[INFO   ] DREAMPlace - full step 9.605 ms
[INFO   ] DREAMPlace - optimizer step 6.321 ms
[INFO   ] DREAMPlace - iteration  373, (  33,  1,  1), Obj 2.809733E+03, NetCrossing 1.635E+01, NetCrossingWeight 1.000000E+00, DensityWeight 1.542515E-01, HPWL 9.879951E+02, Overflow 1.782954E-02, MaxDensity 1.182E+00, gamma 1.861267E-02, time 2.195ms
[INFO   ] DREAMPlace - full step 9.580 ms
[INFO   ] DREAMPlace - Lsub stopping criteria: 1 and 2809.73 > 2698.73 * 0.999
[INFO   ] DREAMPlace - Llambda stopping criteria: 1 and (( 0.0178295 < 0.1 and 987.995 > 985.532 ) or 1.18244 < 1.0)
[INFO   ] DREAMPlace - optimizer step 6.253 ms
[INFO   ] DREAMPlace - iteration  374, (  34,  0,  0), Obj 2.781909E+03, NetCrossing 1.581E+01, NetCrossingWeight 1.000000E+00, DensityWeight 1.682500E-01, HPWL 9.908831E+02, Overflow 1.739761E-02, MaxDensity 1.182E+00, gamma 1.844594E-02, time 2.154ms
[INFO   ] DREAMPlace - full step 9.457 ms
[INFO   ] DREAMPlace - optimizer step 6.330 ms
[INFO   ] DREAMPlace - iteration  375, (  34,  0,  1), Obj 2.908034E+03, NetCrossing 1.634E+01, NetCrossingWeight 1.000000E+00, DensityWeight 1.682500E-01, HPWL 9.910093E+02, Overflow 1.695700E-02, MaxDensity 1.182E+00, gamma 1.844594E-02, time 2.111ms
[INFO   ] DREAMPlace - full step 9.488 ms
[INFO   ] DREAMPlace - Lsub stopping criteria: 1 and 2908.03 > 2781.91 * 0.999
[INFO   ] DREAMPlace - optimizer step 6.469 ms
[INFO   ] DREAMPlace - iteration  376, (  34,  1,  0), Obj 2.873775E+03, NetCrossing 1.726E+01, NetCrossingWeight 1.000000E+00, DensityWeight 1.835188E-01, HPWL 9.924226E+02, Overflow 1.667721E-02, MaxDensity 1.182E+00, gamma 1.844594E-02, time 2.193ms
[INFO   ] DREAMPlace - full step 9.783 ms
[INFO   ] DREAMPlace - optimizer step 6.363 ms
[INFO   ] DREAMPlace - iteration  377, (  34,  1,  1), Obj 2.999835E+03, NetCrossing 1.480E+01, NetCrossingWeight 1.000000E+00, DensityWeight 1.835188E-01, HPWL 9.938495E+02, Overflow 1.617966E-02, MaxDensity 1.182E+00, gamma 1.844594E-02, time 2.136ms
[INFO   ] DREAMPlace - full step 9.547 ms
[INFO   ] DREAMPlace - Lsub stopping criteria: 1 and 2999.83 > 2873.78 * 0.999
[INFO   ] DREAMPlace - Llambda stopping criteria: 1 and (( 0.0161797 < 0.1 and 993.85 > 991.009 ) or 1.18244 < 1.0)
[INFO   ] DREAMPlace - optimizer step 6.387 ms
[INFO   ] DREAMPlace - iteration  378, (  35,  0,  0), Obj 2.977396E+03, NetCrossing 1.708E+01, NetCrossingWeight 1.000000E+00, DensityWeight 2.001733E-01, HPWL 9.947538E+02, Overflow 1.596551E-02, MaxDensity 1.182E+00, gamma 1.829087E-02, time 2.214ms
[INFO   ] DREAMPlace - full step 9.673 ms
[INFO   ] DREAMPlace - optimizer step 6.456 ms
[INFO   ] DREAMPlace - iteration  379, (  35,  0,  1), Obj 3.124275E+03, NetCrossing 1.648E+01, NetCrossingWeight 1.000000E+00, DensityWeight 2.001733E-01, HPWL 9.954026E+02, Overflow 1.576660E-02, MaxDensity 1.182E+00, gamma 1.829087E-02, time 2.187ms
[INFO   ] DREAMPlace - full step 9.712 ms
[INFO   ] DREAMPlace - Lsub stopping criteria: 1 and 3124.27 > 2977.4 * 0.999
[INFO   ] DREAMPlace - optimizer step 6.478 ms
[INFO   ] DREAMPlace - iteration  380, (  35,  1,  0), Obj 3.103485E+03, NetCrossing 1.686E+01, NetCrossingWeight 1.000000E+00, DensityWeight 2.183392E-01, HPWL 9.965304E+02, Overflow 1.554713E-02, MaxDensity 1.182E+00, gamma 1.829087E-02, time 2.229ms
[INFO   ] DREAMPlace - full step 9.794 ms
[INFO   ] DREAMPlace - optimizer step 6.384 ms
[INFO   ] DREAMPlace - iteration  381, (  35,  1,  1), Obj 3.259354E+03, NetCrossing 1.725E+01, NetCrossingWeight 1.000000E+00, DensityWeight 2.183392E-01, HPWL 9.970740E+02, Overflow 1.532094E-02, MaxDensity 1.182E+00, gamma 1.829087E-02, time 2.158ms
[INFO   ] DREAMPlace - full step 9.649 ms
[INFO   ] DREAMPlace - Lsub stopping criteria: 1 and 3259.35 > 3103.48 * 0.999
[INFO   ] DREAMPlace - Llambda stopping criteria: 1 and (( 0.0153209 < 0.1 and 997.074 > 995.403 ) or 1.18244 < 1.0)
[INFO   ] DREAMPlace - optimizer step 10.439 ms
[INFO   ] DREAMPlace - iteration  382, (  36,  0,  0), Obj 3.241101E+03, NetCrossing 1.638E+01, NetCrossingWeight 1.000000E+00, DensityWeight 2.381538E-01, HPWL 9.973011E+02, Overflow 1.517114E-02, MaxDensity 1.182E+00, gamma 1.821068E-02, time 2.193ms
[INFO   ] DREAMPlace - full step 13.702 ms
[INFO   ] DREAMPlace - optimizer step 6.343 ms
[INFO   ] DREAMPlace - iteration  383, (  36,  0,  1), Obj 3.411282E+03, NetCrossing 1.684E+01, NetCrossingWeight 1.000000E+00, DensityWeight 2.381538E-01, HPWL 9.979916E+02, Overflow 1.515260E-02, MaxDensity 1.182E+00, gamma 1.821068E-02, time 2.170ms
[INFO   ] DREAMPlace - full step 9.577 ms
[INFO   ] DREAMPlace - Lsub stopping criteria: 1 and 3411.28 > 3241.1 * 0.999
[INFO   ] DREAMPlace - optimizer step 5.303 ms
[INFO   ] DREAMPlace - iteration  384, (  36,  1,  0), Obj 3.400352E+03, NetCrossing 1.628E+01, NetCrossingWeight 1.000000E+00, DensityWeight 2.597665E-01, HPWL 9.985945E+02, Overflow 1.507261E-02, MaxDensity 1.182E+00, gamma 1.821068E-02, time 3.213ms
[INFO   ] DREAMPlace - full step 9.529 ms
[INFO   ] DREAMPlace - optimizer step 5.287 ms
[INFO   ] DREAMPlace - iteration  385, (  36,  1,  1), Obj 3.584067E+03, NetCrossing 1.565E+01, NetCrossingWeight 1.000000E+00, DensityWeight 2.597665E-01, HPWL 9.986969E+02, Overflow 1.467006E-02, MaxDensity 1.182E+00, gamma 1.821068E-02, time 1.854ms
[INFO   ] DREAMPlace - full step 8.040 ms
[INFO   ] DREAMPlace - Lsub stopping criteria: 1 and 3584.07 > 3400.35 * 0.999
[INFO   ] DREAMPlace - Llambda stopping criteria: 1 and (( 0.0146701 < 0.1 and 998.697 > 997.992 ) or 1.18244 < 1.0)
[INFO   ] DREAMPlace - optimizer step 5.616 ms
[INFO   ] DREAMPlace - iteration  386, (  37,  0,  0), Obj 3.566111E+03, NetCrossing 1.525E+01, NetCrossingWeight 1.000000E+00, DensityWeight 2.833407E-01, HPWL 9.996768E+02, Overflow 1.463492E-02, MaxDensity 1.182E+00, gamma 1.815012E-02, time 3.580ms
[INFO   ] DREAMPlace - full step 10.101 ms
[INFO   ] DREAMPlace - optimizer step 5.394 ms
[INFO   ] DREAMPlace - iteration  387, (  37,  0,  1), Obj 3.766628E+03, NetCrossing 1.579E+01, NetCrossingWeight 1.000000E+00, DensityWeight 2.833407E-01, HPWL 9.995330E+02, Overflow 1.434478E-02, MaxDensity 1.182E+00, gamma 1.815012E-02, time 1.936ms
[INFO   ] DREAMPlace - full step 8.225 ms
[INFO   ] DREAMPlace - Lsub stopping criteria: 1 and 3766.63 > 3566.11 * 0.999
[INFO   ] DREAMPlace - optimizer step 5.912 ms
[INFO   ] DREAMPlace - iteration  388, (  37,  1,  0), Obj 3.762362E+03, NetCrossing 1.606E+01, NetCrossingWeight 1.000000E+00, DensityWeight 3.090543E-01, HPWL 9.999824E+02, Overflow 1.417868E-02, MaxDensity 1.182E+00, gamma 1.815012E-02, time 1.794ms
[INFO   ] DREAMPlace - full step 8.603 ms
[INFO   ] DREAMPlace - optimizer step 5.201 ms
[INFO   ] DREAMPlace - iteration  389, (  37,  1,  1), Obj 3.990733E+03, NetCrossing 1.646E+01, NetCrossingWeight 1.000000E+00, DensityWeight 3.090543E-01, HPWL 1.000152E+03, Overflow 1.406712E-02, MaxDensity 1.182E+00, gamma 1.815012E-02, time 1.786ms
[INFO   ] DREAMPlace - full step 7.844 ms
[INFO   ] DREAMPlace - Lsub stopping criteria: 1 and 3990.73 > 3762.36 * 0.999
[INFO   ] DREAMPlace - Llambda stopping criteria: 1 and (( 0.0140671 < 0.1 and 1000.15 > 999.533 ) or 1.18244 < 1.0)
[INFO   ] DREAMPlace - optimizer step 5.287 ms
[INFO   ] DREAMPlace - iteration  390, (  38,  0,  0), Obj 3.984455E+03, NetCrossing 1.747E+01, NetCrossingWeight 1.000000E+00, DensityWeight 3.371014E-01, HPWL 1.000287E+03, Overflow 1.390674E-02, MaxDensity 1.182E+00, gamma 1.809422E-02, time 1.771ms
[INFO   ] DREAMPlace - full step 7.886 ms
[INFO   ] DREAMPlace - optimizer step 5.303 ms
[INFO   ] DREAMPlace - iteration  391, (  38,  0,  1), Obj 4.220971E+03, NetCrossing 1.763E+01, NetCrossingWeight 1.000000E+00, DensityWeight 3.371014E-01, HPWL 1.001080E+03, Overflow 1.390433E-02, MaxDensity 1.182E+00, gamma 1.809422E-02, time 1.803ms
[INFO   ] DREAMPlace - full step 7.919 ms
[INFO   ] DREAMPlace - Lsub stopping criteria: 1 and 4220.97 > 3984.46 * 0.999
[INFO   ] DREAMPlace - optimizer step 5.139 ms
[INFO   ] DREAMPlace - iteration  392, (  38,  1,  0), Obj 4.213288E+03, NetCrossing 1.726E+01, NetCrossingWeight 1.000000E+00, DensityWeight 3.676938E-01, HPWL 1.001177E+03, Overflow 1.377770E-02, MaxDensity 1.182E+00, gamma 1.809422E-02, time 1.766ms
[INFO   ] DREAMPlace - full step 7.728 ms
[INFO   ] DREAMPlace - optimizer step 5.190 ms
[INFO   ] DREAMPlace - iteration  393, (  38,  1,  1), Obj 4.469770E+03, NetCrossing 1.717E+01, NetCrossingWeight 1.000000E+00, DensityWeight 3.676938E-01, HPWL 1.001323E+03, Overflow 1.380093E-02, MaxDensity 1.182E+00, gamma 1.809422E-02, time 3.251ms
[INFO   ] DREAMPlace - full step 9.232 ms
[INFO   ] DREAMPlace - Lsub stopping criteria: 1 and 4469.77 > 4213.29 * 0.999
[INFO   ] DREAMPlace - Llambda stopping criteria: 1 and (( 0.0138009 < 0.1 and 1001.32 > 1001.08 ) or 1.18244 < 1.0)
[INFO   ] DREAMPlace - optimizer step 5.111 ms
[INFO   ] DREAMPlace - iteration  394, (  39,  0,  0), Obj 4.460289E+03, NetCrossing 1.758E+01, NetCrossingWeight 1.000000E+00, DensityWeight 4.010626E-01, HPWL 1.001824E+03, Overflow 1.360092E-02, MaxDensity 1.182E+00, gamma 1.806959E-02, time 1.761ms
[INFO   ] DREAMPlace - full step 7.678 ms
[INFO   ] DREAMPlace - optimizer step 6.392 ms
[INFO   ] DREAMPlace - iteration  395, (  39,  0,  1), Obj 4.737234E+03, NetCrossing 1.760E+01, NetCrossingWeight 1.000000E+00, DensityWeight 4.010626E-01, HPWL 1.001921E+03, Overflow 1.359043E-02, MaxDensity 1.182E+00, gamma 1.806959E-02, time 1.714ms
[INFO   ] DREAMPlace - full step 8.950 ms
[INFO   ] DREAMPlace - Lsub stopping criteria: 1 and 4737.23 > 4460.29 * 0.999
[INFO   ] DREAMPlace - optimizer step 5.208 ms
[INFO   ] DREAMPlace - iteration  396, (  39,  1,  0), Obj 4.733582E+03, NetCrossing 1.771E+01, NetCrossingWeight 1.000000E+00, DensityWeight 4.374596E-01, HPWL 1.002470E+03, Overflow 1.355632E-02, MaxDensity 1.182E+00, gamma 1.806959E-02, time 1.835ms
[INFO   ] DREAMPlace - full step 7.894 ms
[INFO   ] DREAMPlace - optimizer step 5.119 ms
[INFO   ] DREAMPlace - iteration  397, (  39,  1,  1), Obj 5.029018E+03, NetCrossing 1.693E+01, NetCrossingWeight 1.000000E+00, DensityWeight 4.374596E-01, HPWL 1.002912E+03, Overflow 1.351353E-02, MaxDensity 1.182E+00, gamma 1.806959E-02, time 1.773ms
[INFO   ] DREAMPlace - full step 7.705 ms
[INFO   ] DREAMPlace - Lsub stopping criteria: 1 and 5029.02 > 4733.58 * 0.999
[INFO   ] DREAMPlace - Llambda stopping criteria: 1 and (( 0.0135135 < 0.1 and 1002.91 > 1001.92 ) or 1.18244 < 1.0)
[INFO   ] DREAMPlace - optimizer step 5.029 ms
[INFO   ] DREAMPlace - iteration  398, (  40,  0,  0), Obj 5.028812E+03, NetCrossing 1.738E+01, NetCrossingWeight 1.000000E+00, DensityWeight 4.771597E-01, HPWL 1.003453E+03, Overflow 1.345769E-02, MaxDensity 1.182E+00, gamma 1.804303E-02, time 1.760ms
[INFO   ] DREAMPlace - full step 7.551 ms
[INFO   ] DREAMPlace - optimizer step 4.991 ms
[INFO   ] DREAMPlace - iteration  399, (  40,  0,  1), Obj 5.367754E+03, NetCrossing 1.770E+01, NetCrossingWeight 1.000000E+00, DensityWeight 4.771597E-01, HPWL 1.004018E+03, Overflow 1.349299E-02, MaxDensity 1.182E+00, gamma 1.804303E-02, time 1.683ms
[INFO   ] DREAMPlace - full step 7.393 ms
[INFO   ] DREAMPlace - Lsub stopping criteria: 1 and 5367.75 > 5028.81 * 0.999
[INFO   ] DREAMPlace - plotting to ./results/small-6-handtune/PB201_A00/plot/iter0400.png takes 0.051 seconds
[INFO   ] DREAMPlace - optimizer step 5.740 ms
[INFO   ] DREAMPlace - iteration  400, (  40,  1,  0), Obj 5.368008E+03, NetCrossing 1.812E+01, NetCrossingWeight 1.000000E+00, DensityWeight 5.204625E-01, HPWL 1.004567E+03, Overflow 1.336154E-02, MaxDensity 1.182E+00, gamma 1.804303E-02, time 2.897ms
[INFO   ] DREAMPlace - full step 60.205 ms
[INFO   ] DREAMPlace - optimizer step 5.153 ms
[INFO   ] DREAMPlace - iteration  401, (  40,  1,  1), Obj 5.733246E+03, NetCrossing 1.648E+01, NetCrossingWeight 1.000000E+00, DensityWeight 5.204625E-01, HPWL 1.004910E+03, Overflow 1.338332E-02, MaxDensity 1.182E+00, gamma 1.804303E-02, time 2.287ms
[INFO   ] DREAMPlace - full step 8.192 ms
[INFO   ] DREAMPlace - Lsub stopping criteria: 1 and 5733.25 > 5368.01 * 0.999
[INFO   ] DREAMPlace - Llambda stopping criteria: 1 and (( 0.0133833 < 0.1 and 1004.91 > 1004.02 ) or 1.18244 < 1.0)
[INFO   ] DREAMPlace - optimizer step 5.145 ms
[INFO   ] DREAMPlace - iteration  402, (  41,  0,  0), Obj 5.730186E+03, NetCrossing 1.817E+01, NetCrossingWeight 1.000000E+00, DensityWeight 5.676952E-01, HPWL 1.005641E+03, Overflow 1.328549E-02, MaxDensity 1.182E+00, gamma 1.803102E-02, time 1.733ms
[INFO   ] DREAMPlace - full step 7.699 ms
[INFO   ] DREAMPlace - optimizer step 6.368 ms
[INFO   ] DREAMPlace - iteration  403, (  41,  0,  1), Obj 6.122340E+03, NetCrossing 1.765E+01, NetCrossingWeight 1.000000E+00, DensityWeight 5.676952E-01, HPWL 1.006102E+03, Overflow 1.327086E-02, MaxDensity 1.182E+00, gamma 1.803102E-02, time 1.746ms
[INFO   ] DREAMPlace - full step 8.926 ms
[INFO   ] DREAMPlace - Lsub stopping criteria: 1 and 6122.34 > 5730.19 * 0.999
[INFO   ] DREAMPlace - optimizer step 5.781 ms
[INFO   ] DREAMPlace - iteration  404, (  41,  1,  0), Obj 6.110277E+03, NetCrossing 1.775E+01, NetCrossingWeight 1.000000E+00, DensityWeight 6.192143E-01, HPWL 1.006697E+03, Overflow 1.321883E-02, MaxDensity 1.182E+00, gamma 1.803102E-02, time 1.733ms
[INFO   ] DREAMPlace - full step 8.329 ms
[INFO   ] DREAMPlace - optimizer step 5.441 ms
[INFO   ] DREAMPlace - iteration  405, (  41,  1,  1), Obj 6.526901E+03, NetCrossing 1.723E+01, NetCrossingWeight 1.000000E+00, DensityWeight 6.192143E-01, HPWL 1.007410E+03, Overflow 1.315514E-02, MaxDensity 1.182E+00, gamma 1.803102E-02, time 1.774ms
[INFO   ] DREAMPlace - full step 8.031 ms
[INFO   ] DREAMPlace - Lsub stopping criteria: 1 and 6526.9 > 6110.28 * 0.999
[INFO   ] DREAMPlace - Llambda stopping criteria: 1 and (( 0.0131551 < 0.1 and 1007.41 > 1006.1 ) or 1.18244 < 1.0)
[INFO   ] DREAMPlace - optimizer step 5.150 ms
[INFO   ] DREAMPlace - iteration  406, (  42,  0,  0), Obj 6.504312E+03, NetCrossing 1.671E+01, NetCrossingWeight 1.000000E+00, DensityWeight 6.754088E-01, HPWL 1.007959E+03, Overflow 1.304747E-02, MaxDensity 1.182E+00, gamma 1.800997E-02, time 1.777ms
[INFO   ] DREAMPlace - full step 7.735 ms
[INFO   ] DREAMPlace - optimizer step 5.141 ms
[INFO   ] DREAMPlace - iteration  407, (  42,  0,  1), Obj 6.953930E+03, NetCrossing 1.654E+01, NetCrossingWeight 1.000000E+00, DensityWeight 6.754088E-01, HPWL 1.008575E+03, Overflow 1.295965E-02, MaxDensity 1.182E+00, gamma 1.800997E-02, time 1.750ms
[INFO   ] DREAMPlace - full step 7.700 ms
[INFO   ] DREAMPlace - Lsub stopping criteria: 1 and 6953.93 > 6504.31 * 0.999
[INFO   ] DREAMPlace - optimizer step 5.490 ms
[INFO   ] DREAMPlace - iteration  408, (  42,  1,  0), Obj 6.925100E+03, NetCrossing 1.588E+01, NetCrossingWeight 1.000000E+00, DensityWeight 7.367030E-01, HPWL 1.009202E+03, Overflow 1.282903E-02, MaxDensity 1.182E+00, gamma 1.800997E-02, time 2.501ms
[INFO   ] DREAMPlace - full step 8.948 ms
[INFO   ] DREAMPlace - optimizer step 5.898 ms
[INFO   ] DREAMPlace - iteration  409, (  42,  1,  1), Obj 7.366439E+03, NetCrossing 1.634E+01, NetCrossingWeight 1.000000E+00, DensityWeight 7.367030E-01, HPWL 1.009897E+03, Overflow 1.271225E-02, MaxDensity 1.182E+00, gamma 1.800997E-02, time 2.084ms
[INFO   ] DREAMPlace - full step 9.031 ms
[INFO   ] DREAMPlace - Lsub stopping criteria: 1 and 7366.44 > 6925.1 * 0.999
[INFO   ] DREAMPlace - Llambda stopping criteria: 1 and (( 0.0127123 < 0.1 and 1009.9 > 1008.58 ) or 1.18244 < 1.0)
[INFO   ] DREAMPlace - optimizer step 11.924 ms
[INFO   ] DREAMPlace - iteration  410, (  43,  0,  0), Obj 7.287979E+03, NetCrossing 1.671E+01, NetCrossingWeight 1.000000E+00, DensityWeight 8.035597E-01, HPWL 1.010625E+03, Overflow 1.257305E-02, MaxDensity 1.182E+00, gamma 1.796921E-02, time 2.910ms
[INFO   ] DREAMPlace - full step 15.861 ms
[INFO   ] DREAMPlace - optimizer step 7.977 ms
[INFO   ] DREAMPlace - iteration  411, (  43,  0,  1), Obj 7.829097E+03, NetCrossing 1.577E+01, NetCrossingWeight 1.000000E+00, DensityWeight 8.035597E-01, HPWL 1.011508E+03, Overflow 1.246019E-02, MaxDensity 1.182E+00, gamma 1.796921E-02, time 2.090ms
[INFO   ] DREAMPlace - full step 11.127 ms
[INFO   ] DREAMPlace - Lsub stopping criteria: 1 and 7829.1 > 7287.98 * 0.999
[INFO   ] DREAMPlace - optimizer step 6.305 ms
[INFO   ] DREAMPlace - iteration  412, (  43,  1,  0), Obj 7.696660E+03, NetCrossing 1.709E+01, NetCrossingWeight 1.000000E+00, DensityWeight 8.764837E-01, HPWL 1.012579E+03, Overflow 1.230581E-02, MaxDensity 1.182E+00, gamma 1.796921E-02, time 2.154ms
[INFO   ] DREAMPlace - full step 9.515 ms
[INFO   ] DREAMPlace - optimizer step 7.262 ms
[INFO   ] DREAMPlace - iteration  413, (  43,  1,  1), Obj 8.240812E+03, NetCrossing 1.647E+01, NetCrossingWeight 1.000000E+00, DensityWeight 8.764837E-01, HPWL 1.013606E+03, Overflow 1.218325E-02, MaxDensity 1.182E+00, gamma 1.796921E-02, time 2.046ms
[INFO   ] DREAMPlace - full step 10.352 ms
[INFO   ] DREAMPlace - Lsub stopping criteria: 1 and 8240.81 > 7696.66 * 0.999
[INFO   ] DREAMPlace - Llambda stopping criteria: 1 and (( 0.0121833 < 0.1 and 1013.61 > 1011.51 ) or 1.18244 < 1.0)
[INFO   ] DREAMPlace - optimizer step 6.127 ms
[INFO   ] DREAMPlace - iteration  414, (  44,  0,  0), Obj 8.215399E+03, NetCrossing 1.686E+01, NetCrossingWeight 1.000000E+00, DensityWeight 9.560255E-01, HPWL 1.014616E+03, Overflow 1.202847E-02, MaxDensity 1.182E+00, gamma 1.792064E-02, time 2.154ms
[INFO   ] DREAMPlace - full step 9.326 ms
[INFO   ] DREAMPlace - optimizer step 6.500 ms
[INFO   ] DREAMPlace - iteration  415, (  44,  0,  1), Obj 8.783724E+03, NetCrossing 1.764E+01, NetCrossingWeight 1.000000E+00, DensityWeight 9.560255E-01, HPWL 1.015520E+03, Overflow 1.193032E-02, MaxDensity 1.182E+00, gamma 1.792064E-02, time 3.702ms
[INFO   ] DREAMPlace - full step 11.247 ms
[INFO   ] DREAMPlace - Lsub stopping criteria: 1 and 8783.72 > 8215.4 * 0.999
[INFO   ] DREAMPlace - optimizer step 6.338 ms
[INFO   ] DREAMPlace - iteration  416, (  44,  1,  0), Obj 8.732684E+03, NetCrossing 1.573E+01, NetCrossingWeight 1.000000E+00, DensityWeight 1.042786E+00, HPWL 1.016452E+03, Overflow 1.182178E-02, MaxDensity 1.182E+00, gamma 1.792064E-02, time 2.092ms
[INFO   ] DREAMPlace - full step 9.478 ms
[INFO   ] DREAMPlace - optimizer step 6.365 ms
[INFO   ] DREAMPlace - iteration  417, (  44,  1,  1), Obj 9.348382E+03, NetCrossing 1.620E+01, NetCrossingWeight 1.000000E+00, DensityWeight 1.042786E+00, HPWL 1.017297E+03, Overflow 1.173520E-02, MaxDensity 1.182E+00, gamma 1.792064E-02, time 2.571ms
[INFO   ] DREAMPlace - full step 9.958 ms
[INFO   ] DREAMPlace - Lsub stopping criteria: 1 and 9348.38 > 8732.68 * 0.999
[INFO   ] DREAMPlace - Llambda stopping criteria: 1 and (( 0.0117352 < 0.1 and 1017.3 > 1015.52 ) or 1.18244 < 1.0)
[INFO   ] DREAMPlace - optimizer step 6.462 ms
[INFO   ] DREAMPlace - iteration  418, (  45,  0,  0), Obj 9.331234E+03, NetCrossing 1.634E+01, NetCrossingWeight 1.000000E+00, DensityWeight 1.137420E+00, HPWL 1.018204E+03, Overflow 1.163338E-02, MaxDensity 1.182E+00, gamma 1.787960E-02, time 2.128ms
[INFO   ] DREAMPlace - full step 9.626 ms
[INFO   ] DREAMPlace - optimizer step 5.325 ms
[INFO   ] DREAMPlace - iteration  419, (  45,  0,  1), Obj 1.002291E+04, NetCrossing 1.727E+01, NetCrossingWeight 1.000000E+00, DensityWeight 1.137420E+00, HPWL 1.019022E+03, Overflow 1.154979E-02, MaxDensity 1.182E+00, gamma 1.787960E-02, time 1.823ms
[INFO   ] DREAMPlace - full step 8.090 ms
[INFO   ] DREAMPlace - Lsub stopping criteria: 1 and 10022.9 > 9331.23 * 0.999
[INFO   ] DREAMPlace - optimizer step 6.263 ms
[INFO   ] DREAMPlace - iteration  420, (  45,  1,  0), Obj 1.000274E+04, NetCrossing 1.706E+01, NetCrossingWeight 1.000000E+00, DensityWeight 1.240642E+00, HPWL 1.019884E+03, Overflow 1.144448E-02, MaxDensity 1.182E+00, gamma 1.787960E-02, time 2.075ms
[INFO   ] DREAMPlace - full step 9.380 ms
[INFO   ] DREAMPlace - optimizer step 6.296 ms
[INFO   ] DREAMPlace - iteration  421, (  45,  1,  1), Obj 1.069703E+04, NetCrossing 1.704E+01, NetCrossingWeight 1.000000E+00, DensityWeight 1.240642E+00, HPWL 1.020659E+03, Overflow 1.135537E-02, MaxDensity 1.182E+00, gamma 1.787960E-02, time 2.118ms
[INFO   ] DREAMPlace - full step 9.471 ms
[INFO   ] DREAMPlace - Lsub stopping criteria: 1 and 10697 > 10002.7 * 0.999
[INFO   ] DREAMPlace - Llambda stopping criteria: 1 and (( 0.0113554 < 0.1 and 1020.66 > 1019.02 ) or 1.18244 < 1.0)
[INFO   ] DREAMPlace - optimizer step 7.022 ms
[INFO   ] DREAMPlace - iteration  422, (  46,  0,  0), Obj 1.070438E+04, NetCrossing 1.546E+01, NetCrossingWeight 1.000000E+00, DensityWeight 1.353232E+00, HPWL 1.021444E+03, Overflow 1.127436E-02, MaxDensity 1.182E+00, gamma 1.784488E-02, time 2.190ms
[INFO   ] DREAMPlace - full step 10.303 ms
[INFO   ] DREAMPlace - optimizer step 6.736 ms
[INFO   ] DREAMPlace - iteration  423, (  46,  0,  1), Obj 1.149269E+04, NetCrossing 1.636E+01, NetCrossingWeight 1.000000E+00, DensityWeight 1.353232E+00, HPWL 1.022199E+03, Overflow 1.118547E-02, MaxDensity 1.182E+00, gamma 1.784488E-02, time 2.258ms
[INFO   ] DREAMPlace - full step 10.124 ms
[INFO   ] DREAMPlace - Lsub stopping criteria: 1 and 11492.7 > 10704.4 * 0.999
[INFO   ] DREAMPlace - optimizer step 6.593 ms
[INFO   ] DREAMPlace - iteration  424, (  46,  1,  0), Obj 1.151020E+04, NetCrossing 1.686E+01, NetCrossingWeight 1.000000E+00, DensityWeight 1.476039E+00, HPWL 1.022967E+03, Overflow 1.109843E-02, MaxDensity 1.182E+00, gamma 1.784488E-02, time 2.282ms
[INFO   ] DREAMPlace - full step 10.002 ms
[INFO   ] DREAMPlace - optimizer step 6.516 ms
[INFO   ] DREAMPlace - iteration  425, (  46,  1,  1), Obj 1.237030E+04, NetCrossing 1.622E+01, NetCrossingWeight 1.000000E+00, DensityWeight 1.476039E+00, HPWL 1.023654E+03, Overflow 1.101274E-02, MaxDensity 1.182E+00, gamma 1.784488E-02, time 2.223ms
[INFO   ] DREAMPlace - full step 9.830 ms
[INFO   ] DREAMPlace - Lsub stopping criteria: 1 and 12370.3 > 11510.2 * 0.999
[INFO   ] DREAMPlace - Llambda stopping criteria: 1 and (( 0.0110127 < 0.1 and 1023.65 > 1022.2 ) or 1.18244 < 1.0)
[INFO   ] DREAMPlace - optimizer step 6.435 ms
[INFO   ] DREAMPlace - iteration  426, (  47,  0,  0), Obj 1.238674E+04, NetCrossing 1.646E+01, NetCrossingWeight 1.000000E+00, DensityWeight 1.609992E+00, HPWL 1.024322E+03, Overflow 1.091360E-02, MaxDensity 1.182E+00, gamma 1.781362E-02, time 2.274ms
[INFO   ] DREAMPlace - full step 9.843 ms
[INFO   ] DREAMPlace - optimizer step 6.462 ms
[INFO   ] DREAMPlace - iteration  427, (  47,  0,  1), Obj 1.332549E+04, NetCrossing 1.682E+01, NetCrossingWeight 1.000000E+00, DensityWeight 1.609992E+00, HPWL 1.024854E+03, Overflow 1.087165E-02, MaxDensity 1.182E+00, gamma 1.781362E-02, time 2.194ms
[INFO   ] DREAMPlace - full step 9.737 ms
[INFO   ] DREAMPlace - Lsub stopping criteria: 1 and 13325.5 > 12386.7 * 0.999
[INFO   ] DREAMPlace - optimizer step 8.406 ms
[INFO   ] DREAMPlace - iteration  428, (  47,  1,  0), Obj 1.334356E+04, NetCrossing 1.631E+01, NetCrossingWeight 1.000000E+00, DensityWeight 1.756100E+00, HPWL 1.025365E+03, Overflow 1.083471E-02, MaxDensity 1.182E+00, gamma 1.781362E-02, time 2.260ms
[INFO   ] DREAMPlace - full step 11.752 ms
[INFO   ] DREAMPlace - optimizer step 6.442 ms
[INFO   ] DREAMPlace - iteration  429, (  47,  1,  1), Obj 1.434433E+04, NetCrossing 1.551E+01, NetCrossingWeight 1.000000E+00, DensityWeight 1.756100E+00, HPWL 1.025755E+03, Overflow 1.079589E-02, MaxDensity 1.182E+00, gamma 1.781362E-02, time 2.227ms
[INFO   ] DREAMPlace - full step 9.780 ms
[INFO   ] DREAMPlace - Lsub stopping criteria: 1 and 14344.3 > 13343.6 * 0.999
[INFO   ] DREAMPlace - Llambda stopping criteria: 1 and (( 0.0107959 < 0.1 and 1025.76 > 1024.85 ) or 1.18244 < 1.0)
[INFO   ] DREAMPlace - optimizer step 6.435 ms
[INFO   ] DREAMPlace - iteration  430, (  48,  0,  0), Obj 1.433926E+04, NetCrossing 1.505E+01, NetCrossingWeight 1.000000E+00, DensityWeight 1.915469E+00, HPWL 1.026184E+03, Overflow 1.074355E-02, MaxDensity 1.182E+00, gamma 1.779387E-02, time 2.373ms
[INFO   ] DREAMPlace - full step 9.897 ms
[INFO   ] DREAMPlace - optimizer step 6.432 ms
[INFO   ] DREAMPlace - iteration  431, (  48,  0,  1), Obj 1.543171E+04, NetCrossing 1.692E+01, NetCrossingWeight 1.000000E+00, DensityWeight 1.915469E+00, HPWL 1.026475E+03, Overflow 1.069907E-02, MaxDensity 1.182E+00, gamma 1.779387E-02, time 2.163ms
[INFO   ] DREAMPlace - full step 9.682 ms
[INFO   ] DREAMPlace - Lsub stopping criteria: 1 and 15431.7 > 14339.3 * 0.999
[INFO   ] DREAMPlace - optimizer step 6.676 ms
[INFO   ] DREAMPlace - iteration  432, (  48,  1,  0), Obj 1.542811E+04, NetCrossing 1.647E+01, NetCrossingWeight 1.000000E+00, DensityWeight 2.089301E+00, HPWL 1.026677E+03, Overflow 1.066635E-02, MaxDensity 1.182E+00, gamma 1.779387E-02, time 4.372ms
[INFO   ] DREAMPlace - full step 12.142 ms
[INFO   ] DREAMPlace - optimizer step 6.393 ms
[INFO   ] DREAMPlace - iteration  433, (  48,  1,  1), Obj 1.662240E+04, NetCrossing 1.634E+01, NetCrossingWeight 1.000000E+00, DensityWeight 2.089301E+00, HPWL 1.026766E+03, Overflow 1.064525E-02, MaxDensity 1.182E+00, gamma 1.779387E-02, time 2.218ms
[INFO   ] DREAMPlace - full step 9.725 ms
[INFO   ] DREAMPlace - Lsub stopping criteria: 1 and 16622.4 > 15428.1 * 0.999
[INFO   ] DREAMPlace - Llambda stopping criteria: 1 and (( 0.0106453 < 0.1 and 1026.77 > 1026.48 ) or 1.18244 < 1.0)
[INFO   ] DREAMPlace - optimizer step 5.320 ms
[INFO   ] DREAMPlace - iteration  434, (  49,  0,  0), Obj 1.662862E+04, NetCrossing 1.575E+01, NetCrossingWeight 1.000000E+00, DensityWeight 2.278908E+00, HPWL 1.026827E+03, Overflow 1.061958E-02, MaxDensity 1.182E+00, gamma 1.778016E-02, time 2.000ms
[INFO   ] DREAMPlace - full step 8.275 ms
[INFO   ] DREAMPlace - optimizer step 5.232 ms
[INFO   ] DREAMPlace - iteration  435, (  49,  0,  1), Obj 1.790026E+04, NetCrossing 1.718E+01, NetCrossingWeight 1.000000E+00, DensityWeight 2.278908E+00, HPWL 1.026791E+03, Overflow 1.059909E-02, MaxDensity 1.182E+00, gamma 1.778016E-02, time 1.821ms
[INFO   ] DREAMPlace - full step 7.944 ms
[INFO   ] DREAMPlace - Lsub stopping criteria: 1 and 17900.3 > 16628.6 * 0.999
[INFO   ] DREAMPlace - optimizer step 5.226 ms
[INFO   ] DREAMPlace - iteration  436, (  49,  1,  0), Obj 1.790404E+04, NetCrossing 1.653E+01, NetCrossingWeight 1.000000E+00, DensityWeight 2.485723E+00, HPWL 1.026756E+03, Overflow 1.056719E-02, MaxDensity 1.182E+00, gamma 1.778016E-02, time 1.778ms
[INFO   ] DREAMPlace - full step 7.878 ms
[INFO   ] DREAMPlace - optimizer step 5.152 ms
[INFO   ] DREAMPlace - iteration  437, (  49,  1,  1), Obj 1.930998E+04, NetCrossing 1.748E+01, NetCrossingWeight 1.000000E+00, DensityWeight 2.485723E+00, HPWL 1.026645E+03, Overflow 1.054835E-02, MaxDensity 1.182E+00, gamma 1.778016E-02, time 1.748ms
[INFO   ] DREAMPlace - full step 7.766 ms
[INFO   ] DREAMPlace - Lsub stopping criteria: 1 and 19310 > 17904 * 0.999
[INFO   ] DREAMPlace - optimizer step 5.258 ms
[INFO   ] DREAMPlace - iteration  438, (  49,  2,  0), Obj 1.931841E+04, NetCrossing 1.752E+01, NetCrossingWeight 1.000000E+00, DensityWeight 2.657080E+00, HPWL 1.026541E+03, Overflow 1.051758E-02, MaxDensity 1.182E+00, gamma 1.778016E-02, time 1.778ms
[INFO   ] DREAMPlace - full step 7.947 ms
[INFO   ] DREAMPlace - optimizer step 5.750 ms
[INFO   ] DREAMPlace - iteration  439, (  49,  2,  1), Obj 2.044474E+04, NetCrossing 1.675E+01, NetCrossingWeight 1.000000E+00, DensityWeight 2.657080E+00, HPWL 1.026359E+03, Overflow 1.049770E-02, MaxDensity 1.182E+00, gamma 1.778016E-02, time 1.917ms
[INFO   ] DREAMPlace - full step 8.702 ms
[INFO   ] DREAMPlace - Lsub stopping criteria: 1 and 20444.7 > 19318.4 * 0.999
[INFO   ] DREAMPlace - optimizer step 7.097 ms
[INFO   ] DREAMPlace - iteration  440, (  49,  3,  0), Obj 2.043029E+04, NetCrossing 1.747E+01, NetCrossingWeight 1.000000E+00, DensityWeight 2.840251E+00, HPWL 1.026186E+03, Overflow 1.046362E-02, MaxDensity 1.182E+00, gamma 1.778016E-02, time 9.275ms
[INFO   ] DREAMPlace - full step 17.524 ms
[INFO   ] DREAMPlace - optimizer step 6.390 ms
[INFO   ] DREAMPlace - iteration  441, (  49,  3,  1), Obj 2.167101E+04, NetCrossing 1.641E+01, NetCrossingWeight 1.000000E+00, DensityWeight 2.840251E+00, HPWL 1.025959E+03, Overflow 1.043752E-02, MaxDensity 1.182E+00, gamma 1.778016E-02, time 2.175ms
[INFO   ] DREAMPlace - full step 9.663 ms
[INFO   ] DREAMPlace - Lsub stopping criteria: 1 and 21671 > 20430.3 * 0.999
[INFO   ] DREAMPlace - optimizer step 6.389 ms
[INFO   ] DREAMPlace - iteration  442, (  49,  4,  0), Obj 2.170065E+04, NetCrossing 1.754E+01, NetCrossingWeight 1.000000E+00, DensityWeight 3.036048E+00, HPWL 1.025760E+03, Overflow 1.042744E-02, MaxDensity 1.182E+00, gamma 1.778016E-02, time 2.201ms
[INFO   ] DREAMPlace - full step 9.679 ms
[INFO   ] DREAMPlace - optimizer step 6.576 ms
[INFO   ] DREAMPlace - iteration  443, (  49,  4,  1), Obj 2.303303E+04, NetCrossing 1.770E+01, NetCrossingWeight 1.000000E+00, DensityWeight 3.036048E+00, HPWL 1.025546E+03, Overflow 1.040631E-02, MaxDensity 1.182E+00, gamma 1.778016E-02, time 2.168ms
[INFO   ] DREAMPlace - full step 9.833 ms
[INFO   ] DREAMPlace - Lsub stopping criteria: 1 and 23033 > 21700.6 * 0.999
[INFO   ] DREAMPlace - optimizer step 6.381 ms
[INFO   ] DREAMPlace - iteration  444, (  49,  5,  0), Obj 2.302273E+04, NetCrossing 1.772E+01, NetCrossingWeight 1.000000E+00, DensityWeight 3.245343E+00, HPWL 1.025384E+03, Overflow 1.038117E-02, MaxDensity 1.182E+00, gamma 1.778016E-02, time 2.156ms
[INFO   ] DREAMPlace - full step 9.624 ms
[INFO   ] DREAMPlace - optimizer step 6.347 ms
[INFO   ] DREAMPlace - iteration  445, (  49,  5,  1), Obj 2.437917E+04, NetCrossing 1.764E+01, NetCrossingWeight 1.000000E+00, DensityWeight 3.245343E+00, HPWL 1.025250E+03, Overflow 1.034871E-02, MaxDensity 1.182E+00, gamma 1.778016E-02, time 2.178ms
[INFO   ] DREAMPlace - full step 9.616 ms
[INFO   ] DREAMPlace - Lsub stopping criteria: 1 and 24379.2 > 23022.7 * 0.999
[INFO   ] DREAMPlace - optimizer step 6.456 ms
[INFO   ] DREAMPlace - iteration  446, (  49,  6,  0), Obj 2.438864E+04, NetCrossing 1.767E+01, NetCrossingWeight 1.000000E+00, DensityWeight 3.469067E+00, HPWL 1.025168E+03, Overflow 1.031077E-02, MaxDensity 1.182E+00, gamma 1.778016E-02, time 2.277ms
[INFO   ] DREAMPlace - full step 9.885 ms
[INFO   ] DREAMPlace - optimizer step 6.126 ms
[INFO   ] DREAMPlace - iteration  447, (  49,  6,  1), Obj 2.583704E+04, NetCrossing 1.701E+01, NetCrossingWeight 1.000000E+00, DensityWeight 3.469067E+00, HPWL 1.025138E+03, Overflow 1.026468E-02, MaxDensity 1.182E+00, gamma 1.778016E-02, time 2.207ms
[INFO   ] DREAMPlace - full step 9.414 ms
[INFO   ] DREAMPlace - Lsub stopping criteria: 1 and 25837 > 24388.6 * 0.999
[INFO   ] DREAMPlace - optimizer step 6.291 ms
[INFO   ] DREAMPlace - iteration  448, (  49,  7,  0), Obj 2.586567E+04, NetCrossing 1.771E+01, NetCrossingWeight 1.000000E+00, DensityWeight 3.708213E+00, HPWL 1.025197E+03, Overflow 1.023288E-02, MaxDensity 1.182E+00, gamma 1.778016E-02, time 2.116ms
[INFO   ] DREAMPlace - full step 9.466 ms
[INFO   ] DREAMPlace - optimizer step 6.246 ms
[INFO   ] DREAMPlace - iteration  449, (  49,  7,  1), Obj 2.749416E+04, NetCrossing 1.648E+01, NetCrossingWeight 1.000000E+00, DensityWeight 3.708213E+00, HPWL 1.025373E+03, Overflow 1.021750E-02, MaxDensity 1.182E+00, gamma 1.778016E-02, time 2.101ms
[INFO   ] DREAMPlace - full step 9.400 ms
[INFO   ] DREAMPlace - Lsub stopping criteria: 1 and 27494.2 > 25865.7 * 0.999
[INFO   ] DREAMPlace - Llambda stopping criteria: 7 and (( 0.0102175 < 0.1 and 1025.37 > 1025.14 ) or 1.18244 < 1.0)
[INFO   ] DREAMPlace - optimizer step 6.762 ms
[INFO   ] DREAMPlace - iteration  450, (  50,  0,  0), Obj 2.755915E+04, NetCrossing 1.752E+01, NetCrossingWeight 1.000000E+00, DensityWeight 4.044739E+00, HPWL 1.025620E+03, Overflow 1.020665E-02, MaxDensity 1.182E+00, gamma 1.774129E-02, time 2.189ms
[INFO   ] DREAMPlace - full step 10.006 ms
[INFO   ] DREAMPlace - optimizer step 6.412 ms
[INFO   ] DREAMPlace - iteration  451, (  50,  0,  1), Obj 2.978547E+04, NetCrossing 1.710E+01, NetCrossingWeight 1.000000E+00, DensityWeight 4.044739E+00, HPWL 1.025883E+03, Overflow 1.017454E-02, MaxDensity 1.182E+00, gamma 1.774129E-02, time 2.147ms
[INFO   ] DREAMPlace - full step 9.620 ms
[INFO   ] DREAMPlace - Lsub stopping criteria: 1 and 29785.5 > 27559.2 * 0.999
[INFO   ] DREAMPlace - optimizer step 6.273 ms
[INFO   ] DREAMPlace - iteration  452, (  50,  1,  0), Obj 2.981530E+04, NetCrossing 1.698E+01, NetCrossingWeight 1.000000E+00, DensityWeight 4.411806E+00, HPWL 1.026189E+03, Overflow 1.015122E-02, MaxDensity 1.182E+00, gamma 1.774129E-02, time 2.124ms
[INFO   ] DREAMPlace - full step 9.455 ms
[INFO   ] DREAMPlace - optimizer step 6.401 ms
[INFO   ] DREAMPlace - iteration  453, (  50,  1,  1), Obj 3.223533E+04, NetCrossing 1.770E+01, NetCrossingWeight 1.000000E+00, DensityWeight 4.411806E+00, HPWL 1.026522E+03, Overflow 1.013376E-02, MaxDensity 1.182E+00, gamma 1.774129E-02, time 2.152ms
[INFO   ] DREAMPlace - full step 9.626 ms
[INFO   ] DREAMPlace - Lsub stopping criteria: 1 and 32235.3 > 29815.3 * 0.999
[INFO   ] DREAMPlace - Llambda stopping criteria: 1 and (( 0.0101338 < 0.1 and 1026.52 > 1025.88 ) or 1.18244 < 1.0)
[INFO   ] DREAMPlace - optimizer step 6.353 ms
[INFO   ] DREAMPlace - iteration  454, (  51,  0,  0), Obj 3.227391E+04, NetCrossing 1.782E+01, NetCrossingWeight 1.000000E+00, DensityWeight 4.812183E+00, HPWL 1.026889E+03, Overflow 1.010234E-02, MaxDensity 1.182E+00, gamma 1.773368E-02, time 2.224ms
[INFO   ] DREAMPlace - full step 9.669 ms
[INFO   ] DREAMPlace - optimizer step 6.308 ms
[INFO   ] DREAMPlace - iteration  455, (  51,  0,  1), Obj 3.487995E+04, NetCrossing 1.717E+01, NetCrossingWeight 1.000000E+00, DensityWeight 4.812183E+00, HPWL 1.027311E+03, Overflow 1.007179E-02, MaxDensity 1.182E+00, gamma 1.773368E-02, time 2.124ms
[INFO   ] DREAMPlace - full step 9.501 ms
[INFO   ] DREAMPlace - Lsub stopping criteria: 1 and 34879.9 > 32273.9 * 0.999
[INFO   ] DREAMPlace - optimizer step 6.263 ms
[INFO   ] DREAMPlace - iteration  456, (  51,  1,  0), Obj 3.492261E+04, NetCrossing 1.718E+01, NetCrossingWeight 1.000000E+00, DensityWeight 5.248896E+00, HPWL 1.027992E+03, Overflow 1.004958E-02, MaxDensity 1.182E+00, gamma 1.773368E-02, time 2.120ms
[INFO   ] DREAMPlace - full step 9.489 ms
[INFO   ] DREAMPlace - optimizer step 11.335 ms
[INFO   ] DREAMPlace - iteration  457, (  51,  1,  1), Obj 3.778037E+04, NetCrossing 1.719E+01, NetCrossingWeight 1.000000E+00, DensityWeight 5.248896E+00, HPWL 1.028654E+03, Overflow 1.003406E-02, MaxDensity 1.182E+00, gamma 1.773368E-02, time 2.120ms
[INFO   ] DREAMPlace - full step 14.522 ms
[INFO   ] DREAMPlace - Lsub stopping criteria: 1 and 37780.4 > 34922.6 * 0.999
[INFO   ] DREAMPlace - Llambda stopping criteria: 1 and (( 0.0100341 < 0.1 and 1028.65 > 1027.31 ) or 1.18244 < 1.0)
[INFO   ] DREAMPlace - optimizer step 6.221 ms
[INFO   ] DREAMPlace - iteration  458, (  52,  0,  0), Obj 3.782284E+04, NetCrossing 1.739E+01, NetCrossingWeight 1.000000E+00, DensityWeight 5.725240E+00, HPWL 1.029294E+03, Overflow 1.001659E-02, MaxDensity 1.182E+00, gamma 1.772464E-02, time 2.135ms
[INFO   ] DREAMPlace - full step 9.405 ms
[INFO   ] DREAMPlace - optimizer step 6.070 ms
[INFO   ] DREAMPlace - iteration  459, (  52,  0,  1), Obj 4.099233E+04, NetCrossing 1.720E+01, NetCrossingWeight 1.000000E+00, DensityWeight 5.725240E+00, HPWL 1.029898E+03, Overflow 9.998516E-03, MaxDensity 1.182E+00, gamma 1.772464E-02, time 2.924ms
[INFO   ] DREAMPlace - full step 10.061 ms
[INFO   ] DREAMPlace - Lsub stopping criteria: 1 and 40992.3 > 37822.8 * 0.999
[INFO   ] DREAMPlace - optimizer step 6.248 ms
[INFO   ] DREAMPlace - iteration  460, (  52,  1,  0), Obj 4.104023E+04, NetCrossing 1.721E+01, NetCrossingWeight 1.000000E+00, DensityWeight 6.244812E+00, HPWL 1.030479E+03, Overflow 9.966315E-03, MaxDensity 1.182E+00, gamma 1.772464E-02, time 2.113ms
[INFO   ] DREAMPlace - full step 9.404 ms
[INFO   ] DREAMPlace - optimizer step 6.350 ms
[INFO   ] DREAMPlace - iteration  461, (  52,  1,  1), Obj 4.453852E+04, NetCrossing 1.721E+01, NetCrossingWeight 1.000000E+00, DensityWeight 6.244812E+00, HPWL 1.031010E+03, Overflow 9.948609E-03, MaxDensity 1.182E+00, gamma 1.772464E-02, time 2.165ms
[INFO   ] DREAMPlace - full step 9.574 ms
[INFO   ] DREAMPlace - Lsub stopping criteria: 1 and 44538.5 > 41040.2 * 0.999
[INFO   ] DREAMPlace - Llambda stopping criteria: 1 and (( 0.00994861 < 0.1 and 1031.01 > 1029.9 ) or 1.18244 < 1.0)
[INFO   ] DREAMPlace - optimizer step 6.307 ms
[INFO   ] DREAMPlace - iteration  462, (  53,  0,  0), Obj 4.460768E+04, NetCrossing 1.708E+01, NetCrossingWeight 1.000000E+00, DensityWeight 6.811537E+00, HPWL 1.031534E+03, Overflow 9.944418E-03, MaxDensity 1.182E+00, gamma 1.771689E-02, time 2.152ms
[INFO   ] DREAMPlace - full step 9.363 ms
[INFO   ] DREAMPlace - optimizer step 5.641 ms
[INFO   ] DREAMPlace - iteration  463, (  53,  0,  1), Obj 4.833921E+04, NetCrossing 1.722E+01, NetCrossingWeight 1.000000E+00, DensityWeight 6.811537E+00, HPWL 1.032044E+03, Overflow 9.945407E-03, MaxDensity 1.182E+00, gamma 1.771689E-02, time 1.725ms
[INFO   ] DREAMPlace - full step 8.141 ms
[INFO   ] DREAMPlace - Lsub stopping criteria: 1 and 48339.2 > 44607.7 * 0.999
[INFO   ] DREAMPlace - optimizer step 5.089 ms
[INFO   ] DREAMPlace - iteration  464, (  53,  1,  0), Obj 4.836186E+04, NetCrossing 1.801E+01, NetCrossingWeight 1.000000E+00, DensityWeight 7.429693E+00, HPWL 1.032611E+03, Overflow 9.943462E-03, MaxDensity 1.182E+00, gamma 1.771689E-02, time 1.686ms
[INFO   ] DREAMPlace - full step 7.735 ms
[INFO   ] DREAMPlace - optimizer step 6.142 ms
[INFO   ] DREAMPlace - iteration  465, (  53,  1,  1), Obj 5.240831E+04, NetCrossing 1.721E+01, NetCrossingWeight 1.000000E+00, DensityWeight 7.429693E+00, HPWL 1.033108E+03, Overflow 9.940296E-03, MaxDensity 1.182E+00, gamma 1.771689E-02, time 2.053ms
[INFO   ] DREAMPlace - full step 9.242 ms
[INFO   ] DREAMPlace - Lsub stopping criteria: 1 and 52408.3 > 48361.9 * 0.999
[INFO   ] DREAMPlace - Llambda stopping criteria: 1 and (( 0.0099403 < 0.1 and 1033.11 > 1032.04 ) or 1.18244 < 1.0)
[INFO   ] DREAMPlace - optimizer step 6.238 ms
[INFO   ] DREAMPlace - iteration  466, (  54,  0,  0), Obj 5.246960E+04, NetCrossing 1.801E+01, NetCrossingWeight 1.000000E+00, DensityWeight 8.103948E+00, HPWL 1.033539E+03, Overflow 9.933036E-03, MaxDensity 1.182E+00, gamma 1.771614E-02, time 2.144ms
[INFO   ] DREAMPlace - full step 9.462 ms
[INFO   ] DREAMPlace - optimizer step 6.382 ms
[INFO   ] DREAMPlace - iteration  467, (  54,  0,  1), Obj 5.694359E+04, NetCrossing 1.727E+01, NetCrossingWeight 1.000000E+00, DensityWeight 8.103948E+00, HPWL 1.033882E+03, Overflow 9.925949E-03, MaxDensity 1.182E+00, gamma 1.771614E-02, time 4.812ms
[INFO   ] DREAMPlace - full step 12.255 ms
[INFO   ] DREAMPlace - Lsub stopping criteria: 1 and 56943.6 > 52469.6 * 0.999
[INFO   ] DREAMPlace - optimizer step 6.162 ms
[INFO   ] DREAMPlace - iteration  468, (  54,  1,  0), Obj 5.693600E+04, NetCrossing 1.799E+01, NetCrossingWeight 1.000000E+00, DensityWeight 8.839393E+00, HPWL 1.034160E+03, Overflow 9.915949E-03, MaxDensity 1.182E+00, gamma 1.771614E-02, time 2.075ms
[INFO   ] DREAMPlace - full step 9.275 ms
[INFO   ] DREAMPlace - optimizer step 6.185 ms
[INFO   ] DREAMPlace - iteration  469, (  54,  1,  1), Obj 6.175488E+04, NetCrossing 1.674E+01, NetCrossingWeight 1.000000E+00, DensityWeight 8.839393E+00, HPWL 1.034369E+03, Overflow 9.899070E-03, MaxDensity 1.182E+00, gamma 1.771614E-02, time 2.078ms
[INFO   ] DREAMPlace - full step 9.328 ms
[INFO   ] DREAMPlace - Lsub stopping criteria: 1 and 61754.9 > 56936 * 0.999
[INFO   ] DREAMPlace - Llambda stopping criteria: 1 and (( 0.00989907 < 0.1 and 1034.37 > 1033.88 ) or 1.18244 < 1.0)
[INFO   ] DREAMPlace - optimizer step 6.365 ms
[INFO   ] DREAMPlace - iteration  470, (  55,  0,  0), Obj 6.167791E+04, NetCrossing 1.754E+01, NetCrossingWeight 1.000000E+00, DensityWeight 9.641582E+00, HPWL 1.034529E+03, Overflow 9.876285E-03, MaxDensity 1.182E+00, gamma 1.771240E-02, time 2.271ms
[INFO   ] DREAMPlace - full step 9.734 ms
[INFO   ] DREAMPlace - optimizer step 6.274 ms
[INFO   ] DREAMPlace - iteration  471, (  55,  0,  1), Obj 6.685073E+04, NetCrossing 1.751E+01, NetCrossingWeight 1.000000E+00, DensityWeight 9.641582E+00, HPWL 1.034666E+03, Overflow 9.847257E-03, MaxDensity 1.182E+00, gamma 1.771240E-02, time 2.190ms
[INFO   ] DREAMPlace - full step 9.542 ms
[INFO   ] DREAMPlace - Lsub stopping criteria: 1 and 66850.7 > 61677.9 * 0.999
[INFO   ] DREAMPlace - optimizer step 6.156 ms
[INFO   ] DREAMPlace - iteration  472, (  55,  1,  0), Obj 6.666181E+04, NetCrossing 1.876E+01, NetCrossingWeight 1.000000E+00, DensityWeight 1.051657E+01, HPWL 1.034790E+03, Overflow 9.813455E-03, MaxDensity 1.182E+00, gamma 1.771240E-02, time 2.135ms
[INFO   ] DREAMPlace - full step 9.308 ms
[INFO   ] DREAMPlace - optimizer step 5.174 ms
[INFO   ] DREAMPlace - iteration  473, (  55,  1,  1), Obj 7.217841E+04, NetCrossing 1.591E+01, NetCrossingWeight 1.000000E+00, DensityWeight 1.051657E+01, HPWL 1.034926E+03, Overflow 9.777357E-03, MaxDensity 1.182E+00, gamma 1.771240E-02, time 1.757ms
[INFO   ] DREAMPlace - full step 7.773 ms
[INFO   ] DREAMPlace - Lsub stopping criteria: 1 and 72178.4 > 66661.8 * 0.999
[INFO   ] DREAMPlace - Llambda stopping criteria: 1 and (( 0.00977736 < 0.1 and 1034.93 > 1034.67 ) or 1.18244 < 1.0)
[INFO   ] DREAMPlace - optimizer step 5.308 ms
[INFO   ] DREAMPlace - iteration  474, (  56,  0,  0), Obj 7.206901E+04, NetCrossing 1.792E+01, NetCrossingWeight 1.000000E+00, DensityWeight 1.147097E+01, HPWL 1.035097E+03, Overflow 9.734908E-03, MaxDensity 1.182E+00, gamma 1.770137E-02, time 1.802ms
[INFO   ] DREAMPlace - full step 7.959 ms
[INFO   ] DREAMPlace - optimizer step 5.302 ms
[INFO   ] DREAMPlace - iteration  475, (  56,  0,  1), Obj 7.817484E+04, NetCrossing 1.654E+01, NetCrossingWeight 1.000000E+00, DensityWeight 1.147097E+01, HPWL 1.035273E+03, Overflow 9.683109E-03, MaxDensity 1.182E+00, gamma 1.770137E-02, time 2.919ms
[INFO   ] DREAMPlace - full step 9.084 ms
[INFO   ] DREAMPlace - Lsub stopping criteria: 1 and 78174.8 > 72069 * 0.999
[INFO   ] DREAMPlace - optimizer step 5.328 ms
[INFO   ] DREAMPlace - iteration  476, (  56,  1,  0), Obj 7.807729E+04, NetCrossing 1.558E+01, NetCrossingWeight 1.000000E+00, DensityWeight 1.251198E+01, HPWL 1.035442E+03, Overflow 9.621138E-03, MaxDensity 1.182E+00, gamma 1.770137E-02, time 1.808ms
[INFO   ] DREAMPlace - full step 8.003 ms
[INFO   ] DREAMPlace - optimizer step 6.896 ms
[INFO   ] DREAMPlace - iteration  477, (  56,  1,  1), Obj 8.480902E+04, NetCrossing 1.646E+01, NetCrossingWeight 1.000000E+00, DensityWeight 1.251198E+01, HPWL 1.035618E+03, Overflow 9.552508E-03, MaxDensity 1.182E+00, gamma 1.770137E-02, time 1.796ms
[INFO   ] DREAMPlace - full step 9.531 ms
[INFO   ] DREAMPlace - Lsub stopping criteria: 1 and 84809 > 78077.3 * 0.999
[INFO   ] DREAMPlace - Llambda stopping criteria: 1 and (( 0.00955251 < 0.1 and 1035.62 > 1035.27 ) or 1.18244 < 1.0)
[INFO   ] DREAMPlace - optimizer step 5.509 ms
[INFO   ] DREAMPlace - iteration  478, (  57,  0,  0), Obj 8.487598E+04, NetCrossing 1.722E+01, NetCrossingWeight 1.000000E+00, DensityWeight 1.364746E+01, HPWL 1.035792E+03, Overflow 9.467697E-03, MaxDensity 1.182E+00, gamma 1.768102E-02, time 1.855ms
[INFO   ] DREAMPlace - full step 8.232 ms
[INFO   ] DREAMPlace - optimizer step 8.651 ms
[INFO   ] DREAMPlace - iteration  479, (  57,  0,  1), Obj 9.229659E+04, NetCrossing 1.705E+01, NetCrossingWeight 1.000000E+00, DensityWeight 1.364746E+01, HPWL 1.035960E+03, Overflow 9.397599E-03, MaxDensity 1.182E+00, gamma 1.768102E-02, time 1.854ms
[INFO   ] DREAMPlace - full step 11.365 ms
[INFO   ] DREAMPlace - Lsub stopping criteria: 1 and 92296.6 > 84876 * 0.999
[INFO   ] DREAMPlace - optimizer step 5.354 ms
[INFO   ] DREAMPlace - iteration  480, (  57,  1,  0), Obj 9.214742E+04, NetCrossing 1.867E+01, NetCrossingWeight 1.000000E+00, DensityWeight 1.488598E+01, HPWL 1.036106E+03, Overflow 9.318255E-03, MaxDensity 1.182E+00, gamma 1.768102E-02, time 1.805ms
[INFO   ] DREAMPlace - full step 7.997 ms
[INFO   ] DREAMPlace - optimizer step 8.629 ms
[INFO   ] DREAMPlace - iteration  481, (  57,  1,  1), Obj 1.002851E+05, NetCrossing 1.656E+01, NetCrossingWeight 1.000000E+00, DensityWeight 1.488598E+01, HPWL 1.036215E+03, Overflow 9.303557E-03, MaxDensity 1.182E+00, gamma 1.768102E-02, time 1.791ms
[INFO   ] DREAMPlace - full step 11.519 ms
[INFO   ] DREAMPlace - Lsub stopping criteria: 1 and 100285 > 92147.4 * 0.999
[INFO   ] DREAMPlace - Llambda stopping criteria: 1 and (( 0.00930356 < 0.1 and 1036.22 > 1035.96 ) or 1.18244 < 1.0)
[INFO   ] DREAMPlace - optimizer step 7.622 ms
[INFO   ] DREAMPlace - iteration  482, (  58,  0,  0), Obj 1.004364E+05, NetCrossing 1.784E+01, NetCrossingWeight 1.000000E+00, DensityWeight 1.623691E+01, HPWL 1.036304E+03, Overflow 9.286604E-03, MaxDensity 1.182E+00, gamma 1.765851E-02, time 2.488ms
[INFO   ] DREAMPlace - full step 11.383 ms
[INFO   ] DREAMPlace - optimizer step 7.336 ms
[INFO   ] DREAMPlace - iteration  483, (  58,  0,  1), Obj 1.093976E+05, NetCrossing 1.699E+01, NetCrossingWeight 1.000000E+00, DensityWeight 1.623691E+01, HPWL 1.036363E+03, Overflow 9.267469E-03, MaxDensity 1.182E+00, gamma 1.765851E-02, time 2.424ms
[INFO   ] DREAMPlace - full step 11.024 ms
[INFO   ] DREAMPlace - Lsub stopping criteria: 1 and 109398 > 100436 * 0.999
[INFO   ] DREAMPlace - optimizer step 7.433 ms
[INFO   ] DREAMPlace - iteration  484, (  58,  1,  0), Obj 1.094291E+05, NetCrossing 1.781E+01, NetCrossingWeight 1.000000E+00, DensityWeight 1.771044E+01, HPWL 1.036401E+03, Overflow 9.239759E-03, MaxDensity 1.182E+00, gamma 1.765851E-02, time 2.411ms
[INFO   ] DREAMPlace - full step 11.098 ms
[INFO   ] DREAMPlace - optimizer step 7.469 ms
[INFO   ] DREAMPlace - iteration  485, (  58,  1,  1), Obj 1.192233E+05, NetCrossing 1.776E+01, NetCrossingWeight 1.000000E+00, DensityWeight 1.771044E+01, HPWL 1.036407E+03, Overflow 9.214898E-03, MaxDensity 1.182E+00, gamma 1.765851E-02, time 2.468ms
[INFO   ] DREAMPlace - full step 11.180 ms
[INFO   ] DREAMPlace - Lsub stopping criteria: 1 and 119223 > 109429 * 0.999
[INFO   ] DREAMPlace - Llambda stopping criteria: 1 and (( 0.0092149 < 0.1 and 1036.41 > 1036.36 ) or 1.18244 < 1.0)
[INFO   ] DREAMPlace - optimizer step 7.518 ms
[INFO   ] DREAMPlace - iteration  486, (  59,  0,  0), Obj 1.190730E+05, NetCrossing 1.779E+01, NetCrossingWeight 1.000000E+00, DensityWeight 1.931769E+01, HPWL 1.036406E+03, Overflow 9.195560E-03, MaxDensity 1.182E+00, gamma 1.765050E-02, time 2.512ms
[INFO   ] DREAMPlace - full step 11.322 ms
[INFO   ] DREAMPlace - optimizer step 7.423 ms
[INFO   ] DREAMPlace - iteration  487, (  59,  0,  1), Obj 1.296236E+05, NetCrossing 1.569E+01, NetCrossingWeight 1.000000E+00, DensityWeight 1.931769E+01, HPWL 1.036378E+03, Overflow 9.178743E-03, MaxDensity 1.182E+00, gamma 1.765050E-02, time 2.427ms
[INFO   ] DREAMPlace - full step 11.109 ms
[INFO   ] DREAMPlace - Lsub stopping criteria: 1 and 129624 > 119073 * 0.999
[INFO   ] DREAMPlace - optimizer step 7.386 ms
[INFO   ] DREAMPlace - iteration  488, (  59,  1,  0), Obj 1.294558E+05, NetCrossing 1.857E+01, NetCrossingWeight 1.000000E+00, DensityWeight 2.064939E+01, HPWL 1.036334E+03, Overflow 9.163232E-03, MaxDensity 1.182E+00, gamma 1.765050E-02, time 2.388ms
[INFO   ] DREAMPlace - full step 10.969 ms
[INFO   ] DREAMPlace - optimizer step 6.969 ms
[INFO   ] DREAMPlace - iteration  489, (  59,  1,  1), Obj 1.381522E+05, NetCrossing 1.692E+01, NetCrossingWeight 1.000000E+00, DensityWeight 2.064939E+01, HPWL 1.036301E+03, Overflow 9.155742E-03, MaxDensity 1.182E+00, gamma 1.765050E-02, time 2.408ms
[INFO   ] DREAMPlace - full step 10.362 ms
[INFO   ] DREAMPlace - Lsub stopping criteria: 1 and 138152 > 129456 * 0.999
[INFO   ] DREAMPlace - optimizer step 5.335 ms
[INFO   ] DREAMPlace - iteration  490, (  59,  2,  0), Obj 1.380853E+05, NetCrossing 1.707E+01, NetCrossingWeight 1.000000E+00, DensityWeight 2.207289E+01, HPWL 1.036324E+03, Overflow 9.147611E-03, MaxDensity 1.182E+00, gamma 1.765050E-02, time 1.827ms
[INFO   ] DREAMPlace - full step 7.990 ms
[INFO   ] DREAMPlace - optimizer step 5.117 ms
[INFO   ] DREAMPlace - iteration  491, (  59,  2,  1), Obj 1.474294E+05, NetCrossing 1.672E+01, NetCrossingWeight 1.000000E+00, DensityWeight 2.207289E+01, HPWL 1.036344E+03, Overflow 9.149693E-03, MaxDensity 1.182E+00, gamma 1.765050E-02, time 1.789ms
[INFO   ] DREAMPlace - full step 7.705 ms
[INFO   ] DREAMPlace - Lsub stopping criteria: 1 and 147429 > 138085 * 0.999
[INFO   ] DREAMPlace - Llambda stopping criteria: 2 and (( 0.00914969 < 0.1 and 1036.34 > 1036.3 ) or 1.18244 < 1.0)
[INFO   ] DREAMPlace - optimizer step 5.331 ms
[INFO   ] DREAMPlace - iteration  492, (  60,  0,  0), Obj 1.471611E+05, NetCrossing 1.758E+01, NetCrossingWeight 1.000000E+00, DensityWeight 2.407604E+01, HPWL 1.036385E+03, Overflow 9.158273E-03, MaxDensity 1.182E+00, gamma 1.764462E-02, time 1.876ms
[INFO   ] DREAMPlace - full step 8.038 ms
[INFO   ] DREAMPlace - optimizer step 5.653 ms
[INFO   ] DREAMPlace - iteration  493, (  60,  0,  1), Obj 1.599642E+05, NetCrossing 1.757E+01, NetCrossingWeight 1.000000E+00, DensityWeight 2.407604E+01, HPWL 1.036480E+03, Overflow 9.168013E-03, MaxDensity 1.182E+00, gamma 1.764462E-02, time 1.922ms
[INFO   ] DREAMPlace - full step 8.550 ms
[INFO   ] DREAMPlace - Lsub stopping criteria: 1 and 159964 > 147161 * 0.999
[INFO   ] DREAMPlace - optimizer step 6.399 ms
[INFO   ] DREAMPlace - iteration  494, (  60,  1,  0), Obj 1.596548E+05, NetCrossing 1.711E+01, NetCrossingWeight 1.000000E+00, DensityWeight 2.626098E+01, HPWL 1.036626E+03, Overflow 9.188218E-03, MaxDensity 1.182E+00, gamma 1.764462E-02, time 2.192ms
[INFO   ] DREAMPlace - full step 9.651 ms
[INFO   ] DREAMPlace - optimizer step 6.363 ms
[INFO   ] DREAMPlace - iteration  495, (  60,  1,  1), Obj 1.737048E+05, NetCrossing 1.698E+01, NetCrossingWeight 1.000000E+00, DensityWeight 2.626098E+01, HPWL 1.036800E+03, Overflow 9.201377E-03, MaxDensity 1.182E+00, gamma 1.764462E-02, time 2.141ms
[INFO   ] DREAMPlace - full step 9.542 ms
[INFO   ] DREAMPlace - Lsub stopping criteria: 1 and 173705 > 159655 * 0.999
[INFO   ] DREAMPlace - Llambda stopping criteria: 1 and (( 0.00920138 < 0.1 and 1036.8 > 1036.48 ) or 1.18244 < 1.0)
[INFO   ] DREAMPlace - optimizer step 6.264 ms
[INFO   ] DREAMPlace - iteration  496, (  61,  0,  0), Obj 1.738409E+05, NetCrossing 1.686E+01, NetCrossingWeight 1.000000E+00, DensityWeight 2.864420E+01, HPWL 1.036997E+03, Overflow 9.214032E-03, MaxDensity 1.182E+00, gamma 1.764928E-02, time 2.171ms
[INFO   ] DREAMPlace - full step 9.481 ms
[INFO   ] DREAMPlace - optimizer step 6.047 ms
[INFO   ] DREAMPlace - iteration  497, (  61,  0,  1), Obj 1.891630E+05, NetCrossing 1.769E+01, NetCrossingWeight 1.000000E+00, DensityWeight 2.864420E+01, HPWL 1.037214E+03, Overflow 9.226625E-03, MaxDensity 1.182E+00, gamma 1.764928E-02, time 2.116ms
[INFO   ] DREAMPlace - full step 9.160 ms
[INFO   ] DREAMPlace - Lsub stopping criteria: 1 and 189163 > 173841 * 0.999
[INFO   ] DREAMPlace - optimizer step 6.616 ms
[INFO   ] DREAMPlace - iteration  498, (  61,  1,  0), Obj 1.893325E+05, NetCrossing 1.676E+01, NetCrossingWeight 1.000000E+00, DensityWeight 3.124371E+01, HPWL 1.037441E+03, Overflow 9.233840E-03, MaxDensity 1.182E+00, gamma 1.764928E-02, time 2.158ms
[INFO   ] DREAMPlace - full step 9.824 ms
[INFO   ] DREAMPlace - optimizer step 6.486 ms
[INFO   ] DREAMPlace - iteration  499, (  61,  1,  1), Obj 2.061448E+05, NetCrossing 1.769E+01, NetCrossingWeight 1.000000E+00, DensityWeight 3.124371E+01, HPWL 1.037667E+03, Overflow 9.237272E-03, MaxDensity 1.182E+00, gamma 1.764928E-02, time 2.225ms
[INFO   ] DREAMPlace - full step 9.749 ms
[INFO   ] DREAMPlace - Lsub stopping criteria: 1 and 206145 > 189333 * 0.999
[INFO   ] DREAMPlace - Llambda stopping criteria: 1 and (( 0.00923727 < 0.1 and 1037.67 > 1037.21 ) or 1.18244 < 1.0)
[INFO   ] DREAMPlace - plotting to ./results/small-6-handtune/PB201_A00/plot/iter0500.png takes 0.077 seconds
[INFO   ] DREAMPlace - optimizer step 7.221 ms
[INFO   ] DREAMPlace - iteration  500, (  62,  0,  0), Obj 2.063724E+05, NetCrossing 1.756E+01, NetCrossingWeight 1.000000E+00, DensityWeight 3.407912E+01, HPWL 1.037897E+03, Overflow 9.232595E-03, MaxDensity 1.182E+00, gamma 1.765252E-02, time 5.962ms
[INFO   ] DREAMPlace - full step 91.982 ms
[INFO   ] DREAMPlace - optimizer step 6.971 ms
[INFO   ] DREAMPlace - iteration  501, (  62,  0,  1), Obj 2.245777E+05, NetCrossing 1.689E+01, NetCrossingWeight 1.000000E+00, DensityWeight 3.407912E+01, HPWL 1.038133E+03, Overflow 9.229151E-03, MaxDensity 1.182E+00, gamma 1.765252E-02, time 2.329ms
[INFO   ] DREAMPlace - full step 10.521 ms
[INFO   ] DREAMPlace - Lsub stopping criteria: 1 and 224578 > 206372 * 0.999
[INFO   ] DREAMPlace - optimizer step 6.567 ms
[INFO   ] DREAMPlace - iteration  502, (  62,  1,  0), Obj 2.244886E+05, NetCrossing 1.756E+01, NetCrossingWeight 1.000000E+00, DensityWeight 3.717185E+01, HPWL 1.038385E+03, Overflow 9.225126E-03, MaxDensity 1.182E+00, gamma 1.765252E-02, time 2.277ms
[INFO   ] DREAMPlace - full step 9.913 ms
[INFO   ] DREAMPlace - optimizer step 6.545 ms
[INFO   ] DREAMPlace - iteration  503, (  62,  1,  1), Obj 2.442710E+05, NetCrossing 1.769E+01, NetCrossingWeight 1.000000E+00, DensityWeight 3.717185E+01, HPWL 1.038624E+03, Overflow 9.218385E-03, MaxDensity 1.182E+00, gamma 1.765252E-02, time 2.232ms
[INFO   ] DREAMPlace - full step 9.818 ms
[INFO   ] DREAMPlace - Lsub stopping criteria: 1 and 244271 > 224489 * 0.999
[INFO   ] DREAMPlace - Llambda stopping criteria: 1 and (( 0.00921838 < 0.1 and 1038.62 > 1038.13 ) or 1.18244 < 1.0)
[INFO   ] DREAMPlace - optimizer step 6.309 ms
[INFO   ] DREAMPlace - iteration  504, (  63,  0,  0), Obj 2.441988E+05, NetCrossing 1.772E+01, NetCrossingWeight 1.000000E+00, DensityWeight 4.054525E+01, HPWL 1.038844E+03, Overflow 9.207595E-03, MaxDensity 1.182E+00, gamma 1.765082E-02, time 2.258ms
[INFO   ] DREAMPlace - full step 9.633 ms
[INFO   ] DREAMPlace - optimizer step 6.633 ms
[INFO   ] DREAMPlace - iteration  505, (  63,  0,  1), Obj 2.657260E+05, NetCrossing 1.720E+01, NetCrossingWeight 1.000000E+00, DensityWeight 4.054525E+01, HPWL 1.039049E+03, Overflow 9.199302E-03, MaxDensity 1.182E+00, gamma 1.765082E-02, time 2.269ms
[INFO   ] DREAMPlace - full step 9.984 ms
[INFO   ] DREAMPlace - Lsub stopping criteria: 1 and 265726 > 244199 * 0.999
[INFO   ] DREAMPlace - optimizer step 6.435 ms
[INFO   ] DREAMPlace - iteration  506, (  63,  1,  0), Obj 2.655184E+05, NetCrossing 1.755E+01, NetCrossingWeight 1.000000E+00, DensityWeight 4.422480E+01, HPWL 1.039306E+03, Overflow 9.187430E-03, MaxDensity 1.182E+00, gamma 1.765082E-02, time 2.229ms
[INFO   ] DREAMPlace - full step 9.759 ms
[INFO   ] DREAMPlace - optimizer step 7.614 ms
[INFO   ] DREAMPlace - iteration  507, (  63,  1,  1), Obj 2.887035E+05, NetCrossing 1.688E+01, NetCrossingWeight 1.000000E+00, DensityWeight 4.422480E+01, HPWL 1.039540E+03, Overflow 9.179272E-03, MaxDensity 1.182E+00, gamma 1.765082E-02, time 2.185ms
[INFO   ] DREAMPlace - full step 10.837 ms
[INFO   ] DREAMPlace - Lsub stopping criteria: 1 and 288704 > 265518 * 0.999
[INFO   ] DREAMPlace - Llambda stopping criteria: 1 and (( 0.00917927 < 0.1 and 1039.54 > 1039.05 ) or 1.18244 < 1.0)
[INFO   ] DREAMPlace - optimizer step 6.581 ms
[INFO   ] DREAMPlace - iteration  508, (  64,  0,  0), Obj 2.888580E+05, NetCrossing 1.851E+01, NetCrossingWeight 1.000000E+00, DensityWeight 4.823827E+01, HPWL 1.039749E+03, Overflow 9.180050E-03, MaxDensity 1.182E+00, gamma 1.764729E-02, time 2.253ms
[INFO   ] DREAMPlace - full step 9.892 ms
[INFO   ] DREAMPlace - optimizer step 6.718 ms
[INFO   ] DREAMPlace - iteration  509, (  64,  0,  1), Obj 3.144174E+05, NetCrossing 1.685E+01, NetCrossingWeight 1.000000E+00, DensityWeight 4.823827E+01, HPWL 1.039927E+03, Overflow 9.183141E-03, MaxDensity 1.182E+00, gamma 1.764729E-02, time 2.303ms
[INFO   ] DREAMPlace - full step 10.092 ms
[INFO   ] DREAMPlace - Lsub stopping criteria: 1 and 314417 > 288858 * 0.999
[INFO   ] DREAMPlace - optimizer step 6.871 ms
[INFO   ] DREAMPlace - iteration  510, (  64,  1,  0), Obj 3.145140E+05, NetCrossing 1.752E+01, NetCrossingWeight 1.000000E+00, DensityWeight 5.261596E+01, HPWL 1.040075E+03, Overflow 9.189053E-03, MaxDensity 1.182E+00, gamma 1.764729E-02, time 2.273ms
[INFO   ] DREAMPlace - full step 10.211 ms
[INFO   ] DREAMPlace - optimizer step 6.691 ms
[INFO   ] DREAMPlace - iteration  511, (  64,  1,  1), Obj 3.423808E+05, NetCrossing 1.755E+01, NetCrossingWeight 1.000000E+00, DensityWeight 5.261596E+01, HPWL 1.040192E+03, Overflow 9.193441E-03, MaxDensity 1.182E+00, gamma 1.764729E-02, time 2.313ms
[INFO   ] DREAMPlace - full step 10.083 ms
[INFO   ] DREAMPlace - Lsub stopping criteria: 1 and 342381 > 314514 * 0.999
[INFO   ] DREAMPlace - Llambda stopping criteria: 1 and (( 0.00919344 < 0.1 and 1040.19 > 1039.93 ) or 1.18244 < 1.0)
[INFO   ] DREAMPlace - optimizer step 6.511 ms
[INFO   ] DREAMPlace - iteration  512, (  65,  0,  0), Obj 3.426968E+05, NetCrossing 1.847E+01, NetCrossingWeight 1.000000E+00, DensityWeight 5.739095E+01, HPWL 1.040274E+03, Overflow 9.199148E-03, MaxDensity 1.182E+00, gamma 1.764856E-02, time 2.234ms
[INFO   ] DREAMPlace - full step 9.799 ms
[INFO   ] DREAMPlace - optimizer step 6.391 ms
[INFO   ] DREAMPlace - iteration  513, (  65,  0,  1), Obj 3.729203E+05, NetCrossing 1.761E+01, NetCrossingWeight 1.000000E+00, DensityWeight 5.739095E+01, HPWL 1.040329E+03, Overflow 9.210477E-03, MaxDensity 1.182E+00, gamma 1.764856E-02, time 2.127ms
[INFO   ] DREAMPlace - full step 9.530 ms
[INFO   ] DREAMPlace - Lsub stopping criteria: 1 and 372920 > 342697 * 0.999
[INFO   ] DREAMPlace - optimizer step 6.328 ms
[INFO   ] DREAMPlace - iteration  514, (  65,  1,  0), Obj 3.729781E+05, NetCrossing 1.844E+01, NetCrossingWeight 1.000000E+00, DensityWeight 6.259927E+01, HPWL 1.040377E+03, Overflow 9.226717E-03, MaxDensity 1.182E+00, gamma 1.764856E-02, time 2.236ms
[INFO   ] DREAMPlace - full step 9.618 ms
[INFO   ] DREAMPlace - optimizer step 6.530 ms
[INFO   ] DREAMPlace - iteration  515, (  65,  1,  1), Obj 4.059546E+05, NetCrossing 1.745E+01, NetCrossingWeight 1.000000E+00, DensityWeight 6.259927E+01, HPWL 1.040400E+03, Overflow 9.249236E-03, MaxDensity 1.182E+00, gamma 1.764856E-02, time 2.245ms
[INFO   ] DREAMPlace - full step 9.809 ms
[INFO   ] DREAMPlace - Lsub stopping criteria: 1 and 405955 > 372978 * 0.999
[INFO   ] DREAMPlace - Llambda stopping criteria: 1 and (( 0.00924924 < 0.1 and 1040.4 > 1040.33 ) or 1.18244 < 1.0)
[INFO   ] DREAMPlace - optimizer step 6.498 ms
[INFO   ] DREAMPlace - iteration  516, (  66,  0,  0), Obj 4.065373E+05, NetCrossing 1.744E+01, NetCrossingWeight 1.000000E+00, DensityWeight 6.828026E+01, HPWL 1.040401E+03, Overflow 9.273469E-03, MaxDensity 1.182E+00, gamma 1.765360E-02, time 2.205ms
[INFO   ] DREAMPlace - full step 9.786 ms
[INFO   ] DREAMPlace - optimizer step 5.399 ms
[INFO   ] DREAMPlace - iteration  517, (  66,  0,  1), Obj 4.423950E+05, NetCrossing 1.584E+01, NetCrossingWeight 1.000000E+00, DensityWeight 6.828026E+01, HPWL 1.040398E+03, Overflow 9.288406E-03, MaxDensity 1.182E+00, gamma 1.765360E-02, time 2.118ms
[INFO   ] DREAMPlace - full step 8.505 ms
[INFO   ] DREAMPlace - Lsub stopping criteria: 1 and 442395 > 406537 * 0.999
[INFO   ] DREAMPlace - optimizer step 5.312 ms
[INFO   ] DREAMPlace - iteration  518, (  66,  1,  0), Obj 4.422312E+05, NetCrossing 1.839E+01, NetCrossingWeight 1.000000E+00, DensityWeight 7.298727E+01, HPWL 1.040385E+03, Overflow 9.310989E-03, MaxDensity 1.182E+00, gamma 1.765360E-02, time 1.834ms
[INFO   ] DREAMPlace - full step 8.034 ms
[INFO   ] DREAMPlace - optimizer step 6.614 ms
[INFO   ] DREAMPlace - iteration  519, (  66,  1,  1), Obj 4.716331E+05, NetCrossing 1.673E+01, NetCrossingWeight 1.000000E+00, DensityWeight 7.298727E+01, HPWL 1.040384E+03, Overflow 9.324437E-03, MaxDensity 1.182E+00, gamma 1.765360E-02, time 4.570ms
[INFO   ] DREAMPlace - full step 12.190 ms
[INFO   ] DREAMPlace - Lsub stopping criteria: 1 and 471633 > 442231 * 0.999
[INFO   ] DREAMPlace - optimizer step 6.845 ms
[INFO   ] DREAMPlace - iteration  520, (  66,  2,  0), Obj 4.717284E+05, NetCrossing 1.661E+01, NetCrossingWeight 1.000000E+00, DensityWeight 7.801878E+01, HPWL 1.040384E+03, Overflow 9.337852E-03, MaxDensity 1.182E+00, gamma 1.765360E-02, time 2.237ms
[INFO   ] DREAMPlace - full step 10.121 ms
[INFO   ] DREAMPlace - optimizer step 6.786 ms
[INFO   ] DREAMPlace - iteration  521, (  66,  2,  1), Obj 5.036933E+05, NetCrossing 1.662E+01, NetCrossingWeight 1.000000E+00, DensityWeight 7.801878E+01, HPWL 1.040392E+03, Overflow 9.350830E-03, MaxDensity 1.182E+00, gamma 1.765360E-02, time 2.194ms
[INFO   ] DREAMPlace - full step 10.021 ms
[INFO   ] DREAMPlace - Lsub stopping criteria: 1 and 503693 > 471728 * 0.999
[INFO   ] DREAMPlace - Llambda stopping criteria: 2 and (( 0.00935083 < 0.1 and 1040.39 > 1040.38 ) or 1.18244 < 1.0)
[INFO   ] DREAMPlace - optimizer step 6.507 ms
[INFO   ] DREAMPlace - iteration  522, (  67,  0,  0), Obj 5.037216E+05, NetCrossing 1.760E+01, NetCrossingWeight 1.000000E+00, DensityWeight 8.509911E+01, HPWL 1.040408E+03, Overflow 9.368807E-03, MaxDensity 1.182E+00, gamma 1.766278E-02, time 2.246ms
[INFO   ] DREAMPlace - full step 9.809 ms
[INFO   ] DREAMPlace - optimizer step 6.609 ms
[INFO   ] DREAMPlace - iteration  523, (  67,  0,  1), Obj 5.489595E+05, NetCrossing 1.675E+01, NetCrossingWeight 1.000000E+00, DensityWeight 8.509911E+01, HPWL 1.040440E+03, Overflow 9.386978E-03, MaxDensity 1.182E+00, gamma 1.766278E-02, time 2.205ms
[INFO   ] DREAMPlace - full step 9.847 ms
[INFO   ] DREAMPlace - Lsub stopping criteria: 1 and 548960 > 503722 * 0.999
[INFO   ] DREAMPlace - optimizer step 6.571 ms
[INFO   ] DREAMPlace - iteration  524, (  67,  1,  0), Obj 5.489359E+05, NetCrossing 1.666E+01, NetCrossingWeight 1.000000E+00, DensityWeight 9.282199E+01, HPWL 1.040491E+03, Overflow 9.401056E-03, MaxDensity 1.182E+00, gamma 1.766278E-02, time 2.249ms
[INFO   ] DREAMPlace - full step 9.856 ms
[INFO   ] DREAMPlace - optimizer step 6.449 ms
[INFO   ] DREAMPlace - iteration  525, (  67,  1,  1), Obj 5.975976E+05, NetCrossing 1.657E+01, NetCrossingWeight 1.000000E+00, DensityWeight 9.282199E+01, HPWL 1.040564E+03, Overflow 9.409615E-03, MaxDensity 1.182E+00, gamma 1.766278E-02, time 2.200ms
[INFO   ] DREAMPlace - full step 9.684 ms
[INFO   ] DREAMPlace - Lsub stopping criteria: 1 and 597598 > 548936 * 0.999
[INFO   ] DREAMPlace - Llambda stopping criteria: 1 and (( 0.00940961 < 0.1 and 1040.56 > 1040.44 ) or 1.18244 < 1.0)
[INFO   ] DREAMPlace - optimizer step 6.513 ms
[INFO   ] DREAMPlace - iteration  526, (  68,  0,  0), Obj 5.971806E+05, NetCrossing 1.846E+01, NetCrossingWeight 1.000000E+00, DensityWeight 1.012457E+02, HPWL 1.040663E+03, Overflow 9.419259E-03, MaxDensity 1.182E+00, gamma 1.766810E-02, time 2.243ms
[INFO   ] DREAMPlace - full step 9.830 ms
[INFO   ] DREAMPlace - optimizer step 6.531 ms
[INFO   ] DREAMPlace - iteration  527, (  68,  0,  1), Obj 6.501348E+05, NetCrossing 1.682E+01, NetCrossingWeight 1.000000E+00, DensityWeight 1.012457E+02, HPWL 1.040783E+03, Overflow 9.430652E-03, MaxDensity 1.182E+00, gamma 1.766810E-02, time 2.170ms
[INFO   ] DREAMPlace - full step 9.743 ms
[INFO   ] DREAMPlace - Lsub stopping criteria: 1 and 650135 > 597181 * 0.999
[INFO   ] DREAMPlace - optimizer step 7.547 ms
[INFO   ] DREAMPlace - iteration  528, (  68,  1,  0), Obj 6.493463E+05, NetCrossing 1.693E+01, NetCrossingWeight 1.000000E+00, DensityWeight 1.104340E+02, HPWL 1.040909E+03, Overflow 9.439973E-03, MaxDensity 1.182E+00, gamma 1.766810E-02, time 2.213ms
[INFO   ] DREAMPlace - full step 10.809 ms
[INFO   ] DREAMPlace - optimizer step 17.108 ms
[INFO   ] DREAMPlace - iteration  529, (  68,  1,  1), Obj 7.069244E+05, NetCrossing 1.589E+01, NetCrossingWeight 1.000000E+00, DensityWeight 1.104340E+02, HPWL 1.041042E+03, Overflow 9.446291E-03, MaxDensity 1.182E+00, gamma 1.766810E-02, time 2.234ms
[INFO   ] DREAMPlace - full step 20.243 ms
[INFO   ] DREAMPlace - Lsub stopping criteria: 1 and 706924 > 649346 * 0.999
[INFO   ] DREAMPlace - Llambda stopping criteria: 1 and (( 0.00944629 < 0.1 and 1041.04 > 1040.78 ) or 1.18244 < 1.0)
[INFO   ] DREAMPlace - optimizer step 5.471 ms
[INFO   ] DREAMPlace - iteration  530, (  69,  0,  0), Obj 7.060961E+05, NetCrossing 1.777E+01, NetCrossingWeight 1.000000E+00, DensityWeight 1.204560E+02, HPWL 1.041187E+03, Overflow 9.447958E-03, MaxDensity 1.182E+00, gamma 1.767141E-02, time 1.897ms
[INFO   ] DREAMPlace - full step 8.207 ms
[INFO   ] DREAMPlace - optimizer step 6.711 ms
[INFO   ] DREAMPlace - iteration  531, (  69,  0,  1), Obj 7.686761E+05, NetCrossing 1.738E+01, NetCrossingWeight 1.000000E+00, DensityWeight 1.204560E+02, HPWL 1.041342E+03, Overflow 9.446358E-03, MaxDensity 1.182E+00, gamma 1.767141E-02, time 1.857ms
[INFO   ] DREAMPlace - full step 9.407 ms
[INFO   ] DREAMPlace - Lsub stopping criteria: 1 and 768676 > 706096 * 0.999
[INFO   ] DREAMPlace - optimizer step 5.279 ms
[INFO   ] DREAMPlace - iteration  532, (  69,  1,  0), Obj 7.679669E+05, NetCrossing 1.680E+01, NetCrossingWeight 1.000000E+00, DensityWeight 1.313876E+02, HPWL 1.041518E+03, Overflow 9.439705E-03, MaxDensity 1.182E+00, gamma 1.767141E-02, time 1.797ms
[INFO   ] DREAMPlace - full step 7.893 ms
[INFO   ] DREAMPlace - optimizer step 5.288 ms
[INFO   ] DREAMPlace - iteration  533, (  69,  1,  1), Obj 8.365638E+05, NetCrossing 1.698E+01, NetCrossingWeight 1.000000E+00, DensityWeight 1.313876E+02, HPWL 1.041714E+03, Overflow 9.428266E-03, MaxDensity 1.182E+00, gamma 1.767141E-02, time 1.758ms
[INFO   ] DREAMPlace - full step 7.863 ms
[INFO   ] DREAMPlace - Lsub stopping criteria: 1 and 836564 > 767967 * 0.999
[INFO   ] DREAMPlace - Llambda stopping criteria: 1 and (( 0.00942827 < 0.1 and 1041.71 > 1041.34 ) or 1.18244 < 1.0)
[INFO   ] DREAMPlace - optimizer step 5.354 ms
[INFO   ] DREAMPlace - iteration  534, (  70,  0,  0), Obj 8.355738E+05, NetCrossing 1.840E+01, NetCrossingWeight 1.000000E+00, DensityWeight 1.433112E+02, HPWL 1.041933E+03, Overflow 9.407680E-03, MaxDensity 1.182E+00, gamma 1.766978E-02, time 1.829ms
[INFO   ] DREAMPlace - full step 7.992 ms
[INFO   ] DREAMPlace - optimizer step 5.332 ms
[INFO   ] DREAMPlace - iteration  535, (  70,  0,  1), Obj 9.093405E+05, NetCrossing 1.757E+01, NetCrossingWeight 1.000000E+00, DensityWeight 1.433112E+02, HPWL 1.042166E+03, Overflow 9.382830E-03, MaxDensity 1.182E+00, gamma 1.766978E-02, time 1.783ms
[INFO   ] DREAMPlace - full step 7.921 ms
[INFO   ] DREAMPlace - Lsub stopping criteria: 1 and 909340 > 835574 * 0.999
[INFO   ] DREAMPlace - optimizer step 5.324 ms
[INFO   ] DREAMPlace - iteration  536, (  70,  1,  0), Obj 9.083372E+05, NetCrossing 1.609E+01, NetCrossingWeight 1.000000E+00, DensityWeight 1.563169E+02, HPWL 1.042416E+03, Overflow 9.351865E-03, MaxDensity 1.182E+00, gamma 1.766978E-02, time 1.832ms
[INFO   ] DREAMPlace - full step 7.996 ms
[INFO   ] DREAMPlace - optimizer step 5.246 ms
[INFO   ] DREAMPlace - iteration  537, (  70,  1,  1), Obj 9.874818E+05, NetCrossing 1.574E+01, NetCrossingWeight 1.000000E+00, DensityWeight 1.563169E+02, HPWL 1.042694E+03, Overflow 9.310994E-03, MaxDensity 1.182E+00, gamma 1.766978E-02, time 1.814ms
[INFO   ] DREAMPlace - full step 7.883 ms
[INFO   ] DREAMPlace - Lsub stopping criteria: 1 and 987482 > 908337 * 0.999
[INFO   ] DREAMPlace - Llambda stopping criteria: 1 and (( 0.00931099 < 0.1 and 1042.69 > 1042.17 ) or 1.18244 < 1.0)
[INFO   ] DREAMPlace - optimizer step 5.134 ms
[INFO   ] DREAMPlace - iteration  538, (  71,  0,  0), Obj 9.860426E+05, NetCrossing 1.607E+01, NetCrossingWeight 1.000000E+00, DensityWeight 1.705029E+02, HPWL 1.043009E+03, Overflow 9.257943E-03, MaxDensity 1.182E+00, gamma 1.765918E-02, time 3.052ms
[INFO   ] DREAMPlace - full step 8.982 ms
[INFO   ] DREAMPlace - optimizer step 5.045 ms
[INFO   ] DREAMPlace - iteration  539, (  71,  0,  1), Obj 1.072709E+06, NetCrossing 1.632E+01, NetCrossingWeight 1.000000E+00, DensityWeight 1.705029E+02, HPWL 1.043311E+03, Overflow 9.204891E-03, MaxDensity 1.182E+00, gamma 1.765918E-02, time 1.760ms
[INFO   ] DREAMPlace - full step 7.616 ms
[INFO   ] DREAMPlace - Lsub stopping criteria: 1 and 1.07271e+06 > 986043 * 0.999
[INFO   ] DREAMPlace - optimizer step 7.873 ms
[INFO   ] DREAMPlace - iteration  540, (  71,  1,  0), Obj 1.072838E+06, NetCrossing 1.675E+01, NetCrossingWeight 1.000000E+00, DensityWeight 1.859763E+02, HPWL 1.043607E+03, Overflow 9.143974E-03, MaxDensity 1.182E+00, gamma 1.765918E-02, time 1.793ms
[INFO   ] DREAMPlace - full step 10.518 ms
[INFO   ] DREAMPlace - optimizer step 5.355 ms
[INFO   ] DREAMPlace - iteration  541, (  71,  1,  1), Obj 1.168497E+06, NetCrossing 1.764E+01, NetCrossingWeight 1.000000E+00, DensityWeight 1.859763E+02, HPWL 1.043912E+03, Overflow 9.073681E-03, MaxDensity 1.182E+00, gamma 1.765918E-02, time 1.805ms
[INFO   ] DREAMPlace - full step 8.008 ms
[INFO   ] DREAMPlace - Lsub stopping criteria: 1 and 1.1685e+06 > 1.07284e+06 * 0.999
[INFO   ] DREAMPlace - Llambda stopping criteria: 1 and (( 0.00907368 < 0.1 and 1043.91 > 1043.31 ) or 1.18244 < 1.0)
[INFO   ] DREAMPlace - optimizer step 5.373 ms
[INFO   ] DREAMPlace - iteration  542, (  72,  0,  0), Obj 1.171442E+06, NetCrossing 1.801E+01, NetCrossingWeight 1.000000E+00, DensityWeight 2.028540E+02, HPWL 1.044186E+03, Overflow 9.011145E-03, MaxDensity 1.182E+00, gamma 1.763775E-02, time 1.809ms
[INFO   ] DREAMPlace - full step 8.007 ms
[INFO   ] DREAMPlace - optimizer step 5.346 ms
[INFO   ] DREAMPlace - iteration  543, (  72,  0,  1), Obj 1.276029E+06, NetCrossing 1.782E+01, NetCrossingWeight 1.000000E+00, DensityWeight 2.028540E+02, HPWL 1.044437E+03, Overflow 8.953575E-03, MaxDensity 1.182E+00, gamma 1.763775E-02, time 1.781ms
[INFO   ] DREAMPlace - full step 7.977 ms
[INFO   ] DREAMPlace - Lsub stopping criteria: 1 and 1.27603e+06 > 1.17144e+06 * 0.999
[INFO   ] DREAMPlace - optimizer step 5.449 ms
[INFO   ] DREAMPlace - iteration  544, (  72,  1,  0), Obj 1.277109E+06, NetCrossing 1.820E+01, NetCrossingWeight 1.000000E+00, DensityWeight 2.212633E+02, HPWL 1.044680E+03, Overflow 8.884604E-03, MaxDensity 1.182E+00, gamma 1.763775E-02, time 1.810ms
[INFO   ] DREAMPlace - full step 8.091 ms
[INFO   ] DREAMPlace - optimizer step 5.342 ms
[INFO   ] DREAMPlace - iteration  545, (  72,  1,  1), Obj 1.390017E+06, NetCrossing 1.778E+01, NetCrossingWeight 1.000000E+00, DensityWeight 2.212633E+02, HPWL 1.044905E+03, Overflow 8.824946E-03, MaxDensity 1.182E+00, gamma 1.763775E-02, time 2.489ms
[INFO   ] DREAMPlace - full step 8.662 ms
[INFO   ] DREAMPlace - Lsub stopping criteria: 1 and 1.39002e+06 > 1.27711e+06 * 0.999
[INFO   ] DREAMPlace - Llambda stopping criteria: 1 and (( 0.00882495 < 0.1 and 1044.91 > 1044.44 ) or 1.18244 < 1.0)
[INFO   ] DREAMPlace - optimizer step 5.320 ms
[INFO   ] DREAMPlace - iteration  546, (  73,  0,  0), Obj 1.391030E+06, NetCrossing 1.712E+01, NetCrossingWeight 1.000000E+00, DensityWeight 2.413433E+02, HPWL 1.045108E+03, Overflow 8.776169E-03, MaxDensity 1.182E+00, gamma 1.761532E-02, time 1.834ms
[INFO   ] DREAMPlace - full step 8.053 ms
[INFO   ] DREAMPlace - optimizer step 5.822 ms
[INFO   ] DREAMPlace - iteration  547, (  73,  0,  1), Obj 1.513453E+06, NetCrossing 1.714E+01, NetCrossingWeight 1.000000E+00, DensityWeight 2.413433E+02, HPWL 1.045321E+03, Overflow 8.747361E-03, MaxDensity 1.182E+00, gamma 1.761532E-02, time 4.325ms
[INFO   ] DREAMPlace - full step 10.996 ms
[INFO   ] DREAMPlace - Lsub stopping criteria: 1 and 1.51345e+06 > 1.39103e+06 * 0.999
[INFO   ] DREAMPlace - optimizer step 5.320 ms
[INFO   ] DREAMPlace - iteration  548, (  73,  1,  0), Obj 1.514231E+06, NetCrossing 1.789E+01, NetCrossingWeight 1.000000E+00, DensityWeight 2.632455E+02, HPWL 1.045509E+03, Overflow 8.757204E-03, MaxDensity 1.182E+00, gamma 1.761532E-02, time 1.801ms
[INFO   ] DREAMPlace - full step 7.934 ms
[INFO   ] DREAMPlace - optimizer step 5.310 ms
[INFO   ] DREAMPlace - iteration  549, (  73,  1,  1), Obj 1.647298E+06, NetCrossing 1.691E+01, NetCrossingWeight 1.000000E+00, DensityWeight 2.632455E+02, HPWL 1.045732E+03, Overflow 8.770491E-03, MaxDensity 1.182E+00, gamma 1.761532E-02, time 1.849ms
[INFO   ] DREAMPlace - full step 8.001 ms
[INFO   ] DREAMPlace - Lsub stopping criteria: 1 and 1.6473e+06 > 1.51423e+06 * 0.999
[INFO   ] DREAMPlace - Llambda stopping criteria: 1 and (( 0.00877049 < 0.1 and 1045.73 > 1045.32 ) or 1.18244 < 1.0)
[INFO   ] DREAMPlace - optimizer step 6.235 ms
[INFO   ] DREAMPlace - iteration  550, (  74,  0,  0), Obj 1.646788E+06, NetCrossing 1.798E+01, NetCrossingWeight 1.000000E+00, DensityWeight 2.871355E+02, HPWL 1.045964E+03, Overflow 8.780306E-03, MaxDensity 1.182E+00, gamma 1.761041E-02, time 2.059ms
[INFO   ] DREAMPlace - full step 9.218 ms
[INFO   ] DREAMPlace - optimizer step 6.314 ms
[INFO   ] DREAMPlace - iteration  551, (  74,  0,  1), Obj 1.793441E+06, NetCrossing 1.654E+01, NetCrossingWeight 1.000000E+00, DensityWeight 2.871355E+02, HPWL 1.046175E+03, Overflow 8.799406E-03, MaxDensity 1.182E+00, gamma 1.761041E-02, time 2.141ms
[INFO   ] DREAMPlace - full step 9.460 ms
[INFO   ] DREAMPlace - Lsub stopping criteria: 1 and 1.79344e+06 > 1.64679e+06 * 0.999
[INFO   ] DREAMPlace - optimizer step 6.300 ms
[INFO   ] DREAMPlace - iteration  552, (  74,  1,  0), Obj 1.795350E+06, NetCrossing 1.742E+01, NetCrossingWeight 1.000000E+00, DensityWeight 3.131935E+02, HPWL 1.046359E+03, Overflow 8.823023E-03, MaxDensity 1.182E+00, gamma 1.761041E-02, time 2.109ms
[INFO   ] DREAMPlace - full step 9.396 ms
[INFO   ] DREAMPlace - optimizer step 7.585 ms
[INFO   ] DREAMPlace - iteration  553, (  74,  1,  1), Obj 1.955477E+06, NetCrossing 1.715E+01, NetCrossingWeight 1.000000E+00, DensityWeight 3.131935E+02, HPWL 1.046532E+03, Overflow 8.842921E-03, MaxDensity 1.182E+00, gamma 1.761041E-02, time 2.097ms
[INFO   ] DREAMPlace - full step 10.546 ms
[INFO   ] DREAMPlace - Lsub stopping criteria: 1 and 1.95548e+06 > 1.79535e+06 * 0.999
[INFO   ] DREAMPlace - Llambda stopping criteria: 1 and (( 0.00884292 < 0.1 and 1046.53 > 1046.17 ) or 1.18244 < 1.0)
[INFO   ] DREAMPlace - optimizer step 5.177 ms
[INFO   ] DREAMPlace - iteration  554, (  75,  0,  0), Obj 1.954537E+06, NetCrossing 1.783E+01, NetCrossingWeight 1.000000E+00, DensityWeight 3.416162E+02, HPWL 1.046685E+03, Overflow 8.862349E-03, MaxDensity 1.182E+00, gamma 1.761694E-02, time 1.808ms
[INFO   ] DREAMPlace - full step 7.766 ms
[INFO   ] DREAMPlace - optimizer step 6.675 ms
[INFO   ] DREAMPlace - iteration  555, (  75,  0,  1), Obj 2.128009E+06, NetCrossing 1.714E+01, NetCrossingWeight 1.000000E+00, DensityWeight 3.416162E+02, HPWL 1.046812E+03, Overflow 8.887634E-03, MaxDensity 1.182E+00, gamma 1.761694E-02, time 1.793ms
[INFO   ] DREAMPlace - full step 9.257 ms
[INFO   ] DREAMPlace - Lsub stopping criteria: 1 and 2.12801e+06 > 1.95454e+06 * 0.999
[INFO   ] DREAMPlace - optimizer step 5.151 ms
[INFO   ] DREAMPlace - iteration  556, (  75,  1,  0), Obj 2.128613E+06, NetCrossing 1.796E+01, NetCrossingWeight 1.000000E+00, DensityWeight 3.726185E+02, HPWL 1.046920E+03, Overflow 8.914723E-03, MaxDensity 1.182E+00, gamma 1.761694E-02, time 1.791ms
[INFO   ] DREAMPlace - full step 7.762 ms
[INFO   ] DREAMPlace - optimizer step 5.133 ms
[INFO   ] DREAMPlace - iteration  557, (  75,  1,  1), Obj 2.321174E+06, NetCrossing 1.713E+01, NetCrossingWeight 1.000000E+00, DensityWeight 3.726185E+02, HPWL 1.047006E+03, Overflow 8.942497E-03, MaxDensity 1.182E+00, gamma 1.761694E-02, time 1.738ms
[INFO   ] DREAMPlace - full step 7.673 ms
[INFO   ] DREAMPlace - Lsub stopping criteria: 1 and 2.32117e+06 > 2.12861e+06 * 0.999
[INFO   ] DREAMPlace - Llambda stopping criteria: 1 and (( 0.0089425 < 0.1 and 1047.01 > 1046.81 ) or 1.18244 < 1.0)
[INFO   ] DREAMPlace - optimizer step 5.187 ms
[INFO   ] DREAMPlace - iteration  558, (  76,  0,  0), Obj 2.323806E+06, NetCrossing 1.781E+01, NetCrossingWeight 1.000000E+00, DensityWeight 4.064342E+02, HPWL 1.047072E+03, Overflow 8.971049E-03, MaxDensity 1.182E+00, gamma 1.762592E-02, time 1.771ms
[INFO   ] DREAMPlace - full step 7.744 ms
[INFO   ] DREAMPlace - optimizer step 5.373 ms
[INFO   ] DREAMPlace - iteration  559, (  76,  0,  1), Obj 2.534022E+06, NetCrossing 1.711E+01, NetCrossingWeight 1.000000E+00, DensityWeight 4.064342E+02, HPWL 1.047118E+03, Overflow 9.006153E-03, MaxDensity 1.182E+00, gamma 1.762592E-02, time 1.795ms
[INFO   ] DREAMPlace - full step 7.971 ms
[INFO   ] DREAMPlace - Lsub stopping criteria: 1 and 2.53402e+06 > 2.32381e+06 * 0.999
[INFO   ] DREAMPlace - optimizer step 6.480 ms
[INFO   ] DREAMPlace - iteration  560, (  76,  1,  0), Obj 2.535070E+06, NetCrossing 1.794E+01, NetCrossingWeight 1.000000E+00, DensityWeight 4.433188E+02, HPWL 1.047150E+03, Overflow 9.045487E-03, MaxDensity 1.182E+00, gamma 1.762592E-02, time 3.381ms
[INFO   ] DREAMPlace - full step 10.916 ms
[INFO   ] DREAMPlace - optimizer step 6.436 ms
[INFO   ] DREAMPlace - iteration  561, (  76,  1,  1), Obj 2.762514E+06, NetCrossing 1.710E+01, NetCrossingWeight 1.000000E+00, DensityWeight 4.433188E+02, HPWL 1.047152E+03, Overflow 9.087082E-03, MaxDensity 1.182E+00, gamma 1.762592E-02, time 2.185ms
[INFO   ] DREAMPlace - full step 9.653 ms
[INFO   ] DREAMPlace - Lsub stopping criteria: 1 and 2.76251e+06 > 2.53507e+06 * 0.999
[INFO   ] DREAMPlace - Llambda stopping criteria: 1 and (( 0.00908708 < 0.1 and 1047.15 > 1047.12 ) or 1.18244 < 1.0)
[INFO   ] DREAMPlace - optimizer step 6.335 ms
[INFO   ] DREAMPlace - iteration  562, (  77,  0,  0), Obj 2.762786E+06, NetCrossing 1.863E+01, NetCrossingWeight 1.000000E+00, DensityWeight 4.835507E+02, HPWL 1.047115E+03, Overflow 9.131514E-03, MaxDensity 1.182E+00, gamma 1.763896E-02, time 2.148ms
[INFO   ] DREAMPlace - full step 9.483 ms
[INFO   ] DREAMPlace - optimizer step 6.423 ms
[INFO   ] DREAMPlace - iteration  563, (  77,  0,  1), Obj 3.009978E+06, NetCrossing 1.687E+01, NetCrossingWeight 1.000000E+00, DensityWeight 4.835507E+02, HPWL 1.047063E+03, Overflow 9.172470E-03, MaxDensity 1.182E+00, gamma 1.763896E-02, time 2.129ms
[INFO   ] DREAMPlace - full step 9.599 ms
[INFO   ] DREAMPlace - Lsub stopping criteria: 1 and 3.00998e+06 > 2.76279e+06 * 0.999
[INFO   ] DREAMPlace - optimizer step 6.436 ms
[INFO   ] DREAMPlace - iteration  564, (  77,  1,  0), Obj 3.009485E+06, NetCrossing 1.782E+01, NetCrossingWeight 1.000000E+00, DensityWeight 5.168851E+02, HPWL 1.047010E+03, Overflow 9.212623E-03, MaxDensity 1.182E+00, gamma 1.763896E-02, time 2.114ms
[INFO   ] DREAMPlace - full step 9.565 ms
[INFO   ] DREAMPlace - optimizer step 6.422 ms
[INFO   ] DREAMPlace - iteration  565, (  77,  1,  1), Obj 3.212656E+06, NetCrossing 1.695E+01, NetCrossingWeight 1.000000E+00, DensityWeight 5.168851E+02, HPWL 1.046952E+03, Overflow 9.251154E-03, MaxDensity 1.182E+00, gamma 1.763896E-02, time 2.239ms
[INFO   ] DREAMPlace - full step 9.713 ms
[INFO   ] DREAMPlace - Lsub stopping criteria: 1 and 3.21266e+06 > 3.00948e+06 * 0.999
[INFO   ] DREAMPlace - optimizer step 6.409 ms
[INFO   ] DREAMPlace - iteration  566, (  77,  2,  0), Obj 3.211543E+06, NetCrossing 1.790E+01, NetCrossingWeight 1.000000E+00, DensityWeight 5.525174E+02, HPWL 1.046889E+03, Overflow 9.285276E-03, MaxDensity 1.182E+00, gamma 1.763896E-02, time 2.141ms
[INFO   ] DREAMPlace - full step 9.611 ms
[INFO   ] DREAMPlace - optimizer step 6.408 ms
[INFO   ] DREAMPlace - iteration  567, (  77,  2,  1), Obj 3.429637E+06, NetCrossing 1.708E+01, NetCrossingWeight 1.000000E+00, DensityWeight 5.525174E+02, HPWL 1.046821E+03, Overflow 9.312797E-03, MaxDensity 1.182E+00, gamma 1.763896E-02, time 2.188ms
[INFO   ] DREAMPlace - full step 9.627 ms
[INFO   ] DREAMPlace - Lsub stopping criteria: 1 and 3.42964e+06 > 3.21154e+06 * 0.999
[INFO   ] DREAMPlace - optimizer step 5.211 ms
[INFO   ] DREAMPlace - iteration  568, (  77,  3,  0), Obj 3.426974E+06, NetCrossing 1.705E+01, NetCrossingWeight 1.000000E+00, DensityWeight 5.906061E+02, HPWL 1.046753E+03, Overflow 9.336077E-03, MaxDensity 1.182E+00, gamma 1.763896E-02, time 1.791ms
[INFO   ] DREAMPlace - full step 7.801 ms
[INFO   ] DREAMPlace - optimizer step 5.227 ms
[INFO   ] DREAMPlace - iteration  569, (  77,  3,  1), Obj 3.659014E+06, NetCrossing 1.789E+01, NetCrossingWeight 1.000000E+00, DensityWeight 5.906061E+02, HPWL 1.046693E+03, Overflow 9.351777E-03, MaxDensity 1.182E+00, gamma 1.763896E-02, time 1.755ms
[INFO   ] DREAMPlace - full step 7.789 ms
[INFO   ] DREAMPlace - Lsub stopping criteria: 1 and 3.65901e+06 > 3.42697e+06 * 0.999
[INFO   ] DREAMPlace - optimizer step 5.305 ms
[INFO   ] DREAMPlace - iteration  570, (  77,  4,  0), Obj 3.657762E+06, NetCrossing 1.791E+01, NetCrossingWeight 1.000000E+00, DensityWeight 6.313206E+02, HPWL 1.046642E+03, Overflow 9.363604E-03, MaxDensity 1.182E+00, gamma 1.763896E-02, time 1.854ms
[INFO   ] DREAMPlace - full step 7.949 ms
[INFO   ] DREAMPlace - optimizer step 5.260 ms
[INFO   ] DREAMPlace - iteration  571, (  77,  4,  1), Obj 3.906638E+06, NetCrossing 1.678E+01, NetCrossingWeight 1.000000E+00, DensityWeight 6.313206E+02, HPWL 1.046599E+03, Overflow 9.374041E-03, MaxDensity 1.182E+00, gamma 1.763896E-02, time 1.753ms
[INFO   ] DREAMPlace - full step 7.827 ms
[INFO   ] DREAMPlace - Lsub stopping criteria: 1 and 3.90664e+06 > 3.65776e+06 * 0.999
[INFO   ] DREAMPlace - optimizer step 5.266 ms
[INFO   ] DREAMPlace - iteration  572, (  77,  5,  0), Obj 3.903740E+06, NetCrossing 1.802E+01, NetCrossingWeight 1.000000E+00, DensityWeight 6.748417E+02, HPWL 1.046575E+03, Overflow 9.376657E-03, MaxDensity 1.182E+00, gamma 1.763896E-02, time 1.801ms
[INFO   ] DREAMPlace - full step 7.869 ms
[INFO   ] DREAMPlace - optimizer step 5.246 ms
[INFO   ] DREAMPlace - iteration  573, (  77,  5,  1), Obj 4.162513E+06, NetCrossing 1.637E+01, NetCrossingWeight 1.000000E+00, DensityWeight 6.748417E+02, HPWL 1.046569E+03, Overflow 9.374107E-03, MaxDensity 1.182E+00, gamma 1.763896E-02, time 1.721ms
[INFO   ] DREAMPlace - full step 7.731 ms
[INFO   ] DREAMPlace - Lsub stopping criteria: 1 and 4.16251e+06 > 3.90374e+06 * 0.999
[INFO   ] DREAMPlace - optimizer step 5.178 ms
[INFO   ] DREAMPlace - iteration  574, (  77,  6,  0), Obj 4.158604E+06, NetCrossing 1.793E+01, NetCrossingWeight 1.000000E+00, DensityWeight 7.213631E+02, HPWL 1.046577E+03, Overflow 9.367113E-03, MaxDensity 1.182E+00, gamma 1.763896E-02, time 1.740ms
[INFO   ] DREAMPlace - full step 7.672 ms
[INFO   ] DREAMPlace - optimizer step 5.326 ms
[INFO   ] DREAMPlace - iteration  575, (  77,  6,  1), Obj 4.437129E+06, NetCrossing 1.711E+01, NetCrossingWeight 1.000000E+00, DensityWeight 7.213631E+02, HPWL 1.046598E+03, Overflow 9.361327E-03, MaxDensity 1.182E+00, gamma 1.763896E-02, time 3.705ms
[INFO   ] DREAMPlace - full step 9.818 ms
[INFO   ] DREAMPlace - Lsub stopping criteria: 1 and 4.43713e+06 > 4.1586e+06 * 0.999
[INFO   ] DREAMPlace - Llambda stopping criteria: 6 and (( 0.00936133 < 0.1 and 1046.6 > 1046.57 ) or 1.18244 < 1.0)
[INFO   ] DREAMPlace - optimizer step 5.359 ms
[INFO   ] DREAMPlace - iteration  576, (  78,  0,  0), Obj 4.435683E+06, NetCrossing 1.795E+01, NetCrossingWeight 1.000000E+00, DensityWeight 7.868280E+02, HPWL 1.046644E+03, Overflow 9.355377E-03, MaxDensity 1.182E+00, gamma 1.766373E-02, time 1.803ms
[INFO   ] DREAMPlace - full step 7.985 ms
[INFO   ] DREAMPlace - optimizer step 5.722 ms
[INFO   ] DREAMPlace - iteration  577, (  78,  0,  1), Obj 4.831960E+06, NetCrossing 1.783E+01, NetCrossingWeight 1.000000E+00, DensityWeight 7.868280E+02, HPWL 1.046705E+03, Overflow 9.348169E-03, MaxDensity 1.182E+00, gamma 1.766373E-02, time 1.796ms
[INFO   ] DREAMPlace - full step 8.322 ms
[INFO   ] DREAMPlace - Lsub stopping criteria: 1 and 4.83196e+06 > 4.43568e+06 * 0.999
[INFO   ] DREAMPlace - optimizer step 5.306 ms
[INFO   ] DREAMPlace - iteration  578, (  78,  1,  0), Obj 4.834302E+06, NetCrossing 1.625E+01, NetCrossingWeight 1.000000E+00, DensityWeight 8.582339E+02, HPWL 1.046784E+03, Overflow 9.338444E-03, MaxDensity 1.182E+00, gamma 1.766373E-02, time 1.776ms
[INFO   ] DREAMPlace - full step 7.892 ms
[INFO   ] DREAMPlace - optimizer step 5.676 ms
[INFO   ] DREAMPlace - iteration  579, (  78,  1,  1), Obj 5.262034E+06, NetCrossing 1.676E+01, NetCrossingWeight 1.000000E+00, DensityWeight 8.582339E+02, HPWL 1.046866E+03, Overflow 9.326646E-03, MaxDensity 1.182E+00, gamma 1.766373E-02, time 1.778ms
[INFO   ] DREAMPlace - full step 8.248 ms
[INFO   ] DREAMPlace - Lsub stopping criteria: 1 and 5.26203e+06 > 4.8343e+06 * 0.999
[INFO   ] DREAMPlace - Llambda stopping criteria: 1 and (( 0.00932665 < 0.1 and 1046.87 > 1046.71 ) or 1.18244 < 1.0)
[INFO   ] DREAMPlace - optimizer step 6.119 ms
[INFO   ] DREAMPlace - iteration  580, (  79,  0,  0), Obj 5.254150E+06, NetCrossing 1.615E+01, NetCrossingWeight 1.000000E+00, DensityWeight 9.361201E+02, HPWL 1.046956E+03, Overflow 9.302787E-03, MaxDensity 1.182E+00, gamma 1.766060E-02, time 1.798ms
[INFO   ] DREAMPlace - full step 8.747 ms
[INFO   ] DREAMPlace - optimizer step 5.432 ms
[INFO   ] DREAMPlace - iteration  581, (  79,  0,  1), Obj 5.718305E+06, NetCrossing 1.760E+01, NetCrossingWeight 1.000000E+00, DensityWeight 9.361201E+02, HPWL 1.047047E+03, Overflow 9.274432E-03, MaxDensity 1.182E+00, gamma 1.766060E-02, time 1.790ms
[INFO   ] DREAMPlace - full step 8.092 ms
[INFO   ] DREAMPlace - Lsub stopping criteria: 1 and 5.71830e+06 > 5.25415e+06 * 0.999
[INFO   ] DREAMPlace - optimizer step 6.479 ms
[INFO   ] DREAMPlace - iteration  582, (  79,  1,  0), Obj 5.716913E+06, NetCrossing 1.775E+01, NetCrossingWeight 1.000000E+00, DensityWeight 1.021075E+03, HPWL 1.047133E+03, Overflow 9.261054E-03, MaxDensity 1.182E+00, gamma 1.766060E-02, time 2.189ms
[INFO   ] DREAMPlace - full step 9.697 ms
[INFO   ] DREAMPlace - optimizer step 6.685 ms
[INFO   ] DREAMPlace - iteration  583, (  79,  1,  1), Obj 6.232756E+06, NetCrossing 1.735E+01, NetCrossingWeight 1.000000E+00, DensityWeight 1.021075E+03, HPWL 1.047217E+03, Overflow 9.258774E-03, MaxDensity 1.182E+00, gamma 1.766060E-02, time 2.235ms
[INFO   ] DREAMPlace - full step 9.905 ms
[INFO   ] DREAMPlace - Lsub stopping criteria: 1 and 6.23276e+06 > 5.71691e+06 * 0.999
[INFO   ] DREAMPlace - Llambda stopping criteria: 1 and (( 0.00925877 < 0.1 and 1047.22 > 1047.05 ) or 1.18244 < 1.0)
[INFO   ] DREAMPlace - optimizer step 6.835 ms
[INFO   ] DREAMPlace - iteration  584, (  80,  0,  0), Obj 6.227342E+06, NetCrossing 1.814E+01, NetCrossingWeight 1.000000E+00, DensityWeight 1.113739E+03, HPWL 1.047296E+03, Overflow 9.250348E-03, MaxDensity 1.182E+00, gamma 1.765447E-02, time 2.209ms
[INFO   ] DREAMPlace - full step 10.097 ms
[INFO   ] DREAMPlace - optimizer step 10.023 ms
[INFO   ] DREAMPlace - iteration  585, (  80,  0,  1), Obj 6.781906E+06, NetCrossing 1.703E+01, NetCrossingWeight 1.000000E+00, DensityWeight 1.113739E+03, HPWL 1.047368E+03, Overflow 9.251940E-03, MaxDensity 1.182E+00, gamma 1.765447E-02, time 2.254ms
[INFO   ] DREAMPlace - full step 13.414 ms
[INFO   ] DREAMPlace - Lsub stopping criteria: 1 and 6.78191e+06 > 6.22734e+06 * 0.999
[INFO   ] DREAMPlace - optimizer step 6.023 ms
[INFO   ] DREAMPlace - iteration  586, (  80,  1,  0), Obj 6.779162E+06, NetCrossing 1.739E+01, NetCrossingWeight 1.000000E+00, DensityWeight 1.214812E+03, HPWL 1.047438E+03, Overflow 9.264717E-03, MaxDensity 1.182E+00, gamma 1.765447E-02, time 2.075ms
[INFO   ] DREAMPlace - full step 9.187 ms
[INFO   ] DREAMPlace - optimizer step 5.255 ms
[INFO   ] DREAMPlace - iteration  587, (  80,  1,  1), Obj 7.376084E+06, NetCrossing 1.645E+01, NetCrossingWeight 1.000000E+00, DensityWeight 1.214812E+03, HPWL 1.047511E+03, Overflow 9.269116E-03, MaxDensity 1.182E+00, gamma 1.765447E-02, time 1.981ms
[INFO   ] DREAMPlace - full step 8.089 ms
[INFO   ] DREAMPlace - Lsub stopping criteria: 1 and 7.37608e+06 > 6.77916e+06 * 0.999
[INFO   ] DREAMPlace - Llambda stopping criteria: 1 and (( 0.00926912 < 0.1 and 1047.51 > 1047.37 ) or 1.18244 < 1.0)
[INFO   ] DREAMPlace - optimizer step 5.103 ms
[INFO   ] DREAMPlace - iteration  588, (  81,  0,  0), Obj 7.365506E+06, NetCrossing 1.823E+01, NetCrossingWeight 1.000000E+00, DensityWeight 1.325059E+03, HPWL 1.047592E+03, Overflow 9.283098E-03, MaxDensity 1.182E+00, gamma 1.765540E-02, time 1.777ms
[INFO   ] DREAMPlace - full step 7.662 ms
[INFO   ] DREAMPlace - optimizer step 5.005 ms
[INFO   ] DREAMPlace - iteration  589, (  81,  0,  1), Obj 8.018386E+06, NetCrossing 1.820E+01, NetCrossingWeight 1.000000E+00, DensityWeight 1.325059E+03, HPWL 1.047667E+03, Overflow 9.309324E-03, MaxDensity 1.182E+00, gamma 1.765540E-02, time 1.737ms
[INFO   ] DREAMPlace - full step 7.505 ms
[INFO   ] DREAMPlace - Lsub stopping criteria: 1 and 8.01839e+06 > 7.36551e+06 * 0.999
[INFO   ] DREAMPlace - optimizer step 5.173 ms
[INFO   ] DREAMPlace - iteration  590, (  81,  1,  0), Obj 8.010463E+06, NetCrossing 1.912E+01, NetCrossingWeight 1.000000E+00, DensityWeight 1.445310E+03, HPWL 1.047854E+03, Overflow 9.328607E-03, MaxDensity 1.182E+00, gamma 1.765540E-02, time 1.740ms
[INFO   ] DREAMPlace - full step 7.691 ms
[INFO   ] DREAMPlace - optimizer step 5.301 ms
[INFO   ] DREAMPlace - iteration  591, (  81,  1,  1), Obj 8.713492E+06, NetCrossing 1.822E+01, NetCrossingWeight 1.000000E+00, DensityWeight 1.445310E+03, HPWL 1.048099E+03, Overflow 9.344282E-03, MaxDensity 1.182E+00, gamma 1.765540E-02, time 1.765ms
[INFO   ] DREAMPlace - full step 7.936 ms
[INFO   ] DREAMPlace - Lsub stopping criteria: 1 and 8.71349e+06 > 8.01046e+06 * 0.999
[INFO   ] DREAMPlace - Llambda stopping criteria: 1 and (( 0.00934428 < 0.1 and 1048.1 > 1047.67 ) or 1.18244 < 1.0)
[INFO   ] DREAMPlace - optimizer step 5.262 ms
[INFO   ] DREAMPlace - iteration  592, (  82,  0,  0), Obj 8.705506E+06, NetCrossing 1.823E+01, NetCrossingWeight 1.000000E+00, DensityWeight 1.576474E+03, HPWL 1.048351E+03, Overflow 9.362525E-03, MaxDensity 1.182E+00, gamma 1.766219E-02, time 1.907ms
[INFO   ] DREAMPlace - full step 8.025 ms
[INFO   ] DREAMPlace - optimizer step 5.240 ms
[INFO   ] DREAMPlace - iteration  593, (  82,  0,  1), Obj 9.474768E+06, NetCrossing 1.754E+01, NetCrossingWeight 1.000000E+00, DensityWeight 1.576474E+03, HPWL 1.048615E+03, Overflow 9.387210E-03, MaxDensity 1.182E+00, gamma 1.766219E-02, time 1.799ms
[INFO   ] DREAMPlace - full step 7.852 ms
[INFO   ] DREAMPlace - Lsub stopping criteria: 1 and 9.47477e+06 > 8.70551e+06 * 0.999
[INFO   ] DREAMPlace - optimizer step 7.671 ms
[INFO   ] DREAMPlace - iteration  594, (  82,  1,  0), Obj 9.478144E+06, NetCrossing 1.730E+01, NetCrossingWeight 1.000000E+00, DensityWeight 1.719541E+03, HPWL 1.048891E+03, Overflow 9.404121E-03, MaxDensity 1.182E+00, gamma 1.766219E-02, time 1.762ms
[INFO   ] DREAMPlace - full step 10.219 ms
[INFO   ] DREAMPlace - optimizer step 5.130 ms
[INFO   ] DREAMPlace - iteration  595, (  82,  1,  1), Obj 1.030339E+07, NetCrossing 1.760E+01, NetCrossingWeight 1.000000E+00, DensityWeight 1.719541E+03, HPWL 1.049181E+03, Overflow 9.417166E-03, MaxDensity 1.182E+00, gamma 1.766219E-02, time 1.743ms
[INFO   ] DREAMPlace - full step 7.642 ms
[INFO   ] DREAMPlace - Lsub stopping criteria: 1 and 1.03034e+07 > 9.47814e+06 * 0.999
[INFO   ] DREAMPlace - Llambda stopping criteria: 1 and (( 0.00941717 < 0.1 and 1049.18 > 1048.61 ) or 1.18244 < 1.0)
[INFO   ] DREAMPlace - optimizer step 7.823 ms
[INFO   ] DREAMPlace - iteration  596, (  83,  0,  0), Obj 1.028687E+07, NetCrossing 1.902E+01, NetCrossingWeight 1.000000E+00, DensityWeight 1.875592E+03, HPWL 1.049489E+03, Overflow 9.437250E-03, MaxDensity 1.182E+00, gamma 1.766878E-02, time 1.741ms
[INFO   ] DREAMPlace - full step 10.369 ms
[INFO   ] DREAMPlace - optimizer step 5.214 ms
[INFO   ] DREAMPlace - iteration  597, (  83,  0,  1), Obj 1.119115E+07, NetCrossing 1.826E+01, NetCrossingWeight 1.000000E+00, DensityWeight 1.875592E+03, HPWL 1.049795E+03, Overflow 9.469561E-03, MaxDensity 1.182E+00, gamma 1.766878E-02, time 1.776ms
[INFO   ] DREAMPlace - full step 7.849 ms
[INFO   ] DREAMPlace - Lsub stopping criteria: 1 and 1.11911e+07 > 1.02869e+07 * 0.999
[INFO   ] DREAMPlace - optimizer step 5.213 ms
[INFO   ] DREAMPlace - iteration  598, (  83,  1,  0), Obj 1.120102E+07, NetCrossing 1.873E+01, NetCrossingWeight 1.000000E+00, DensityWeight 2.045805E+03, HPWL 1.050120E+03, Overflow 9.490197E-03, MaxDensity 1.182E+00, gamma 1.766878E-02, time 1.777ms
[INFO   ] DREAMPlace - full step 7.794 ms
[INFO   ] DREAMPlace - optimizer step 5.176 ms
[INFO   ] DREAMPlace - iteration  599, (  83,  1,  1), Obj 1.220747E+07, NetCrossing 1.811E+01, NetCrossingWeight 1.000000E+00, DensityWeight 2.045805E+03, HPWL 1.050463E+03, Overflow 9.517011E-03, MaxDensity 1.182E+00, gamma 1.766878E-02, time 1.715ms
[INFO   ] DREAMPlace - full step 7.676 ms
[INFO   ] DREAMPlace - Lsub stopping criteria: 1 and 1.22075e+07 > 1.1201e+07 * 0.999
[INFO   ] DREAMPlace - Llambda stopping criteria: 1 and (( 0.00951701 < 0.1 and 1050.46 > 1049.8 ) or 1.18244 < 1.0)
[INFO   ] DREAMPlace - plotting to ./results/small-6-handtune/PB201_A00/plot/iter0600.png takes 0.045 seconds
[INFO   ] DREAMPlace - optimizer step 7.097 ms
[INFO   ] DREAMPlace - iteration  600, (  84,  0,  0), Obj 1.221933E+07, NetCrossing 1.873E+01, NetCrossingWeight 1.000000E+00, DensityWeight 2.231465E+03, HPWL 1.050830E+03, Overflow 9.546040E-03, MaxDensity 1.182E+00, gamma 1.767781E-02, time 1.837ms
[INFO   ] DREAMPlace - full step 55.412 ms
[INFO   ] DREAMPlace - optimizer step 5.832 ms
[INFO   ] DREAMPlace - iteration  601, (  84,  0,  1), Obj 1.332575E+07, NetCrossing 1.774E+01, NetCrossingWeight 1.000000E+00, DensityWeight 2.231465E+03, HPWL 1.051222E+03, Overflow 9.572972E-03, MaxDensity 1.182E+00, gamma 1.767781E-02, time 2.016ms
[INFO   ] DREAMPlace - full step 8.769 ms
[INFO   ] DREAMPlace - Lsub stopping criteria: 1 and 1.33257e+07 > 1.22193e+07 * 0.999
[INFO   ] DREAMPlace - optimizer step 6.401 ms
[INFO   ] DREAMPlace - iteration  602, (  84,  1,  0), Obj 1.331555E+07, NetCrossing 1.730E+01, NetCrossingWeight 1.000000E+00, DensityWeight 2.433973E+03, HPWL 1.051571E+03, Overflow 9.595580E-03, MaxDensity 1.182E+00, gamma 1.767781E-02, time 1.941ms
[INFO   ] DREAMPlace - full step 9.180 ms
[INFO   ] DREAMPlace - optimizer step 5.157 ms
[INFO   ] DREAMPlace - iteration  603, (  84,  1,  1), Obj 1.450255E+07, NetCrossing 1.802E+01, NetCrossingWeight 1.000000E+00, DensityWeight 2.433973E+03, HPWL 1.051878E+03, Overflow 9.624797E-03, MaxDensity 1.183E+00, gamma 1.767781E-02, time 1.797ms
[INFO   ] DREAMPlace - full step 7.725 ms
[INFO   ] DREAMPlace - Lsub stopping criteria: 1 and 1.45026e+07 > 1.33155e+07 * 0.999
[INFO   ] DREAMPlace - Llambda stopping criteria: 1 and (( 0.0096248 < 0.1 and 1051.88 > 1051.22 ) or 1.18261 < 1.0)
[INFO   ] DREAMPlace - optimizer step 5.148 ms
[INFO   ] DREAMPlace - iteration  604, (  85,  0,  0), Obj 1.446318E+07, NetCrossing 1.730E+01, NetCrossingWeight 1.000000E+00, DensityWeight 2.654860E+03, HPWL 1.052145E+03, Overflow 9.637134E-03, MaxDensity 1.183E+00, gamma 1.768756E-02, time 1.699ms
[INFO   ] DREAMPlace - full step 7.593 ms
[INFO   ] DREAMPlace - optimizer step 6.103 ms
[INFO   ] DREAMPlace - iteration  605, (  85,  0,  1), Obj 1.573404E+07, NetCrossing 1.825E+01, NetCrossingWeight 1.000000E+00, DensityWeight 2.654860E+03, HPWL 1.052390E+03, Overflow 9.640028E-03, MaxDensity 1.183E+00, gamma 1.768756E-02, time 1.903ms
[INFO   ] DREAMPlace - full step 8.896 ms
[INFO   ] DREAMPlace - Lsub stopping criteria: 1 and 1.5734e+07 > 1.44632e+07 * 0.999
[INFO   ] DREAMPlace - optimizer step 5.239 ms
[INFO   ] DREAMPlace - iteration  606, (  85,  1,  0), Obj 1.570054E+07, NetCrossing 1.811E+01, NetCrossingWeight 1.000000E+00, DensityWeight 2.895792E+03, HPWL 1.052617E+03, Overflow 9.632844E-03, MaxDensity 1.182E+00, gamma 1.768756E-02, time 1.845ms
[INFO   ] DREAMPlace - full step 7.968 ms
[INFO   ] DREAMPlace - optimizer step 5.333 ms
[INFO   ] DREAMPlace - iteration  607, (  85,  1,  1), Obj 1.708878E+07, NetCrossing 1.795E+01, NetCrossingWeight 1.000000E+00, DensityWeight 2.895792E+03, HPWL 1.052821E+03, Overflow 9.626864E-03, MaxDensity 1.182E+00, gamma 1.768756E-02, time 1.944ms
[INFO   ] DREAMPlace - full step 8.190 ms
[INFO   ] DREAMPlace - Lsub stopping criteria: 1 and 1.70888e+07 > 1.57005e+07 * 0.999
[INFO   ] DREAMPlace - Llambda stopping criteria: 1 and (( 0.00962686 < 0.1 and 1052.82 > 1052.39 ) or 1.18244 < 1.0)
[INFO   ] DREAMPlace - optimizer step 6.350 ms
[INFO   ] DREAMPlace - iteration  608, (  86,  0,  0), Obj 1.706908E+07, NetCrossing 1.813E+01, NetCrossingWeight 1.000000E+00, DensityWeight 3.158590E+03, HPWL 1.053012E+03, Overflow 9.629162E-03, MaxDensity 1.182E+00, gamma 1.768775E-02, time 2.156ms
[INFO   ] DREAMPlace - full step 9.530 ms
[INFO   ] DREAMPlace - optimizer step 6.333 ms
[INFO   ] DREAMPlace - iteration  609, (  86,  0,  1), Obj 1.857614E+07, NetCrossing 1.749E+01, NetCrossingWeight 1.000000E+00, DensityWeight 3.158590E+03, HPWL 1.053201E+03, Overflow 9.633109E-03, MaxDensity 1.182E+00, gamma 1.768775E-02, time 2.509ms
[INFO   ] DREAMPlace - full step 9.846 ms
[INFO   ] DREAMPlace - Lsub stopping criteria: 1 and 1.85761e+07 > 1.70691e+07 * 0.999
[INFO   ] DREAMPlace - optimizer step 6.274 ms
[INFO   ] DREAMPlace - iteration  610, (  86,  1,  0), Obj 1.854317E+07, NetCrossing 1.689E+01, NetCrossingWeight 1.000000E+00, DensityWeight 3.445237E+03, HPWL 1.053403E+03, Overflow 9.630710E-03, MaxDensity 1.182E+00, gamma 1.768775E-02, time 2.125ms
[INFO   ] DREAMPlace - full step 9.416 ms
[INFO   ] DREAMPlace - optimizer step 6.248 ms
[INFO   ] DREAMPlace - iteration  611, (  86,  1,  1), Obj 2.018388E+07, NetCrossing 1.799E+01, NetCrossingWeight 1.000000E+00, DensityWeight 3.445237E+03, HPWL 1.053623E+03, Overflow 9.632997E-03, MaxDensity 1.182E+00, gamma 1.768775E-02, time 3.252ms
[INFO   ] DREAMPlace - full step 10.487 ms
[INFO   ] DREAMPlace - Lsub stopping criteria: 1 and 2.01839e+07 > 1.85432e+07 * 0.999
[INFO   ] DREAMPlace - Llambda stopping criteria: 1 and (( 0.009633 < 0.1 and 1053.62 > 1053.2 ) or 1.18244 < 1.0)
[INFO   ] DREAMPlace - optimizer step 6.345 ms
[INFO   ] DREAMPlace - iteration  612, (  87,  0,  0), Obj 2.016893E+07, NetCrossing 1.785E+01, NetCrossingWeight 1.000000E+00, DensityWeight 3.757898E+03, HPWL 1.053843E+03, Overflow 9.637235E-03, MaxDensity 1.182E+00, gamma 1.768831E-02, time 2.181ms
[INFO   ] DREAMPlace - full step 9.532 ms
[INFO   ] DREAMPlace - optimizer step 6.230 ms
[INFO   ] DREAMPlace - iteration  613, (  87,  0,  1), Obj 2.197552E+07, NetCrossing 1.838E+01, NetCrossingWeight 1.000000E+00, DensityWeight 3.757898E+03, HPWL 1.054073E+03, Overflow 9.641099E-03, MaxDensity 1.182E+00, gamma 1.768831E-02, time 2.123ms
[INFO   ] DREAMPlace - full step 9.366 ms
[INFO   ] DREAMPlace - Lsub stopping criteria: 1 and 2.19755e+07 > 2.01689e+07 * 0.999
[INFO   ] DREAMPlace - optimizer step 6.315 ms
[INFO   ] DREAMPlace - iteration  614, (  87,  1,  0), Obj 2.194426E+07, NetCrossing 1.790E+01, NetCrossingWeight 1.000000E+00, DensityWeight 4.098933E+03, HPWL 1.054323E+03, Overflow 9.638268E-03, MaxDensity 1.183E+00, gamma 1.768831E-02, time 2.162ms
[INFO   ] DREAMPlace - full step 9.497 ms
[INFO   ] DREAMPlace - optimizer step 6.221 ms
[INFO   ] DREAMPlace - iteration  615, (  87,  1,  1), Obj 2.388635E+07, NetCrossing 1.749E+01, NetCrossingWeight 1.000000E+00, DensityWeight 4.098933E+03, HPWL 1.054591E+03, Overflow 9.638254E-03, MaxDensity 1.182E+00, gamma 1.768831E-02, time 2.137ms
[INFO   ] DREAMPlace - full step 9.367 ms
[INFO   ] DREAMPlace - Lsub stopping criteria: 1 and 2.38864e+07 > 2.19443e+07 * 0.999
[INFO   ] DREAMPlace - Llambda stopping criteria: 1 and (( 0.00963825 < 0.1 and 1054.59 > 1054.07 ) or 1.18244 < 1.0)
[INFO   ] DREAMPlace - optimizer step 6.383 ms
[INFO   ] DREAMPlace - iteration  616, (  88,  0,  0), Obj 2.387356E+07, NetCrossing 1.716E+01, NetCrossingWeight 1.000000E+00, DensityWeight 4.470917E+03, HPWL 1.054879E+03, Overflow 9.634586E-03, MaxDensity 1.182E+00, gamma 1.768878E-02, time 2.253ms
[INFO   ] DREAMPlace - full step 9.585 ms
[INFO   ] DREAMPlace - optimizer step 5.464 ms
[INFO   ] DREAMPlace - iteration  617, (  88,  0,  1), Obj 2.601870E+07, NetCrossing 1.715E+01, NetCrossingWeight 1.000000E+00, DensityWeight 4.470917E+03, HPWL 1.055178E+03, Overflow 9.638258E-03, MaxDensity 1.182E+00, gamma 1.768878E-02, time 1.755ms
[INFO   ] DREAMPlace - full step 8.083 ms
[INFO   ] DREAMPlace - Lsub stopping criteria: 1 and 2.60187e+07 > 2.38736e+07 * 0.999
[INFO   ] DREAMPlace - optimizer step 6.197 ms
[INFO   ] DREAMPlace - iteration  618, (  88,  1,  0), Obj 2.602145E+07, NetCrossing 1.781E+01, NetCrossingWeight 1.000000E+00, DensityWeight 4.876660E+03, HPWL 1.055494E+03, Overflow 9.639550E-03, MaxDensity 1.182E+00, gamma 1.768878E-02, time 1.983ms
[INFO   ] DREAMPlace - full step 9.181 ms
[INFO   ] DREAMPlace - optimizer step 6.312 ms
[INFO   ] DREAMPlace - iteration  619, (  88,  1,  1), Obj 2.837910E+07, NetCrossing 1.722E+01, NetCrossingWeight 1.000000E+00, DensityWeight 4.876660E+03, HPWL 1.055834E+03, Overflow 9.640301E-03, MaxDensity 1.182E+00, gamma 1.768878E-02, time 3.009ms
[INFO   ] DREAMPlace - full step 10.345 ms
[INFO   ] DREAMPlace - Lsub stopping criteria: 1 and 2.83791e+07 > 2.60214e+07 * 0.999
[INFO   ] DREAMPlace - Llambda stopping criteria: 1 and (( 0.0096403 < 0.1 and 1055.83 > 1055.18 ) or 1.18244 < 1.0)
[INFO   ] DREAMPlace - optimizer step 6.243 ms
[INFO   ] DREAMPlace - iteration  620, (  89,  0,  0), Obj 2.832421E+07, NetCrossing 1.752E+01, NetCrossingWeight 1.000000E+00, DensityWeight 5.319224E+03, HPWL 1.056175E+03, Overflow 9.630531E-03, MaxDensity 1.182E+00, gamma 1.768897E-02, time 2.209ms
[INFO   ] DREAMPlace - full step 9.345 ms
[INFO   ] DREAMPlace - optimizer step 6.111 ms
[INFO   ] DREAMPlace - iteration  621, (  89,  0,  1), Obj 3.087906E+07, NetCrossing 1.732E+01, NetCrossingWeight 1.000000E+00, DensityWeight 5.319224E+03, HPWL 1.056516E+03, Overflow 9.621632E-03, MaxDensity 1.182E+00, gamma 1.768897E-02, time 2.019ms
[INFO   ] DREAMPlace - full step 8.978 ms
[INFO   ] DREAMPlace - Lsub stopping criteria: 1 and 3.08791e+07 > 2.83242e+07 * 0.999
[INFO   ] DREAMPlace - optimizer step 5.757 ms
[INFO   ] DREAMPlace - iteration  622, (  89,  1,  0), Obj 3.084694E+07, NetCrossing 1.725E+01, NetCrossingWeight 1.000000E+00, DensityWeight 5.801951E+03, HPWL 1.056861E+03, Overflow 9.606387E-03, MaxDensity 1.182E+00, gamma 1.768897E-02, time 1.792ms
[INFO   ] DREAMPlace - full step 8.362 ms
[INFO   ] DREAMPlace - optimizer step 6.323 ms
[INFO   ] DREAMPlace - iteration  623, (  89,  1,  1), Obj 3.365240E+07, NetCrossing 1.692E+01, NetCrossingWeight 1.000000E+00, DensityWeight 5.801951E+03, HPWL 1.057212E+03, Overflow 9.589804E-03, MaxDensity 1.182E+00, gamma 1.768897E-02, time 2.587ms
[INFO   ] DREAMPlace - full step 9.856 ms
[INFO   ] DREAMPlace - Lsub stopping criteria: 1 and 3.36524e+07 > 3.08469e+07 * 0.999
[INFO   ] DREAMPlace - Llambda stopping criteria: 1 and (( 0.0095898 < 0.1 and 1057.21 > 1056.52 ) or 1.18244 < 1.0)
[INFO   ] DREAMPlace - optimizer step 6.325 ms
[INFO   ] DREAMPlace - iteration  624, (  90,  0,  0), Obj 3.363435E+07, NetCrossing 1.824E+01, NetCrossingWeight 1.000000E+00, DensityWeight 6.328486E+03, HPWL 1.057560E+03, Overflow 9.573420E-03, MaxDensity 1.182E+00, gamma 1.768440E-02, time 2.203ms
[INFO   ] DREAMPlace - full step 9.540 ms
[INFO   ] DREAMPlace - optimizer step 6.254 ms
[INFO   ] DREAMPlace - iteration  625, (  90,  0,  1), Obj 3.669124E+07, NetCrossing 1.663E+01, NetCrossingWeight 1.000000E+00, DensityWeight 6.328486E+03, HPWL 1.057906E+03, Overflow 9.558433E-03, MaxDensity 1.182E+00, gamma 1.768440E-02, time 2.155ms
[INFO   ] DREAMPlace - full step 9.470 ms
[INFO   ] DREAMPlace - Lsub stopping criteria: 1 and 3.66912e+07 > 3.36343e+07 * 0.999
[INFO   ] DREAMPlace - optimizer step 6.248 ms
[INFO   ] DREAMPlace - iteration  626, (  90,  1,  0), Obj 3.667459E+07, NetCrossing 1.785E+01, NetCrossingWeight 1.000000E+00, DensityWeight 6.902805E+03, HPWL 1.058245E+03, Overflow 9.542496E-03, MaxDensity 1.182E+00, gamma 1.768440E-02, time 2.136ms
[INFO   ] DREAMPlace - full step 9.387 ms
[INFO   ] DREAMPlace - optimizer step 6.365 ms
[INFO   ] DREAMPlace - iteration  627, (  90,  1,  1), Obj 3.998508E+07, NetCrossing 1.653E+01, NetCrossingWeight 1.000000E+00, DensityWeight 6.902805E+03, HPWL 1.058578E+03, Overflow 9.526335E-03, MaxDensity 1.182E+00, gamma 1.768440E-02, time 2.136ms
[INFO   ] DREAMPlace - full step 9.539 ms
[INFO   ] DREAMPlace - Lsub stopping criteria: 1 and 3.99851e+07 > 3.66746e+07 * 0.999
[INFO   ] DREAMPlace - Llambda stopping criteria: 1 and (( 0.00952633 < 0.1 and 1058.58 > 1057.91 ) or 1.18244 < 1.0)
[INFO   ] DREAMPlace - optimizer step 6.488 ms
[INFO   ] DREAMPlace - iteration  628, (  91,  0,  0), Obj 3.995630E+07, NetCrossing 1.696E+01, NetCrossingWeight 1.000000E+00, DensityWeight 7.529244E+03, HPWL 1.058906E+03, Overflow 9.505427E-03, MaxDensity 1.182E+00, gamma 1.767865E-02, time 2.254ms
[INFO   ] DREAMPlace - full step 9.824 ms
[INFO   ] DREAMPlace - optimizer step 6.560 ms
[INFO   ] DREAMPlace - iteration  629, (  91,  0,  1), Obj 4.356536E+07, NetCrossing 1.854E+01, NetCrossingWeight 1.000000E+00, DensityWeight 7.529244E+03, HPWL 1.059235E+03, Overflow 9.484299E-03, MaxDensity 1.182E+00, gamma 1.767865E-02, time 2.255ms
[INFO   ] DREAMPlace - full step 9.758 ms
[INFO   ] DREAMPlace - Lsub stopping criteria: 1 and 4.35654e+07 > 3.99563e+07 * 0.999
[INFO   ] DREAMPlace - optimizer step 5.171 ms
[INFO   ] DREAMPlace - iteration  630, (  91,  1,  0), Obj 4.350458E+07, NetCrossing 1.762E+01, NetCrossingWeight 1.000000E+00, DensityWeight 8.212533E+03, HPWL 1.059557E+03, Overflow 9.467697E-03, MaxDensity 1.182E+00, gamma 1.767865E-02, time 1.809ms
[INFO   ] DREAMPlace - full step 7.864 ms
[INFO   ] DREAMPlace - optimizer step 5.260 ms
[INFO   ] DREAMPlace - iteration  631, (  91,  1,  1), Obj 4.741772E+07, NetCrossing 1.683E+01, NetCrossingWeight 1.000000E+00, DensityWeight 8.212533E+03, HPWL 1.059872E+03, Overflow 9.452822E-03, MaxDensity 1.182E+00, gamma 1.767865E-02, time 2.782ms
[INFO   ] DREAMPlace - full step 8.913 ms
[INFO   ] DREAMPlace - Lsub stopping criteria: 1 and 4.74177e+07 > 4.35046e+07 * 0.999
[INFO   ] DREAMPlace - Llambda stopping criteria: 1 and (( 0.00945282 < 0.1 and 1059.87 > 1059.23 ) or 1.18244 < 1.0)
[INFO   ] DREAMPlace - optimizer step 6.274 ms
[INFO   ] DREAMPlace - iteration  632, (  92,  0,  0), Obj 4.737002E+07, NetCrossing 1.758E+01, NetCrossingWeight 1.000000E+00, DensityWeight 8.957832E+03, HPWL 1.060183E+03, Overflow 9.438880E-03, MaxDensity 1.182E+00, gamma 1.767200E-02, time 11.596ms
[INFO   ] DREAMPlace - full step 18.888 ms
[INFO   ] DREAMPlace - optimizer step 5.220 ms
[INFO   ] DREAMPlace - iteration  633, (  92,  0,  1), Obj 5.163274E+07, NetCrossing 1.724E+01, NetCrossingWeight 1.000000E+00, DensityWeight 8.957832E+03, HPWL 1.060482E+03, Overflow 9.425627E-03, MaxDensity 1.182E+00, gamma 1.767200E-02, time 1.962ms
[INFO   ] DREAMPlace - full step 8.121 ms
[INFO   ] DREAMPlace - Lsub stopping criteria: 1 and 5.16327e+07 > 4.737e+07 * 0.999
[INFO   ] DREAMPlace - optimizer step 5.342 ms
[INFO   ] DREAMPlace - iteration  634, (  92,  1,  0), Obj 5.159777E+07, NetCrossing 1.544E+01, NetCrossingWeight 1.000000E+00, DensityWeight 9.770769E+03, HPWL 1.060773E+03, Overflow 9.412284E-03, MaxDensity 1.182E+00, gamma 1.767200E-02, time 3.586ms
[INFO   ] DREAMPlace - full step 9.817 ms
[INFO   ] DREAMPlace - optimizer step 5.296 ms
[INFO   ] DREAMPlace - iteration  635, (  92,  1,  1), Obj 5.622430E+07, NetCrossing 1.603E+01, NetCrossingWeight 1.000000E+00, DensityWeight 9.770769E+03, HPWL 1.061056E+03, Overflow 9.397765E-03, MaxDensity 1.182E+00, gamma 1.767200E-02, time 1.826ms
[INFO   ] DREAMPlace - full step 8.022 ms
[INFO   ] DREAMPlace - Lsub stopping criteria: 1 and 5.62243e+07 > 5.15978e+07 * 0.999
[INFO   ] DREAMPlace - Llambda stopping criteria: 1 and (( 0.00939776 < 0.1 and 1061.06 > 1060.48 ) or 1.18244 < 1.0)
[INFO   ] DREAMPlace - optimizer step 5.303 ms
[INFO   ] DREAMPlace - iteration  636, (  93,  0,  0), Obj 5.614898E+07, NetCrossing 1.829E+01, NetCrossingWeight 1.000000E+00, DensityWeight 1.065748E+04, HPWL 1.061320E+03, Overflow 9.385733E-03, MaxDensity 1.182E+00, gamma 1.766703E-02, time 3.143ms
[INFO   ] DREAMPlace - full step 9.321 ms
[INFO   ] DREAMPlace - optimizer step 5.739 ms
[INFO   ] DREAMPlace - iteration  637, (  93,  0,  1), Obj 6.121842E+07, NetCrossing 1.793E+01, NetCrossingWeight 1.000000E+00, DensityWeight 1.065748E+04, HPWL 1.061572E+03, Overflow 9.368879E-03, MaxDensity 1.182E+00, gamma 1.766703E-02, time 1.795ms
[INFO   ] DREAMPlace - full step 8.380 ms
[INFO   ] DREAMPlace - Lsub stopping criteria: 1 and 6.12184e+07 > 5.6149e+07 * 0.999
[INFO   ] DREAMPlace - optimizer step 6.238 ms
[INFO   ] DREAMPlace - iteration  638, (  93,  1,  0), Obj 6.113114E+07, NetCrossing 1.828E+01, NetCrossingWeight 1.000000E+00, DensityWeight 1.162466E+04, HPWL 1.061809E+03, Overflow 9.357662E-03, MaxDensity 1.182E+00, gamma 1.766703E-02, time 2.188ms
[INFO   ] DREAMPlace - full step 9.320 ms
[INFO   ] DREAMPlace - optimizer step 5.251 ms
[INFO   ] DREAMPlace - iteration  639, (  93,  1,  1), Obj 6.658763E+07, NetCrossing 1.778E+01, NetCrossingWeight 1.000000E+00, DensityWeight 1.162466E+04, HPWL 1.062041E+03, Overflow 9.338356E-03, MaxDensity 1.182E+00, gamma 1.766703E-02, time 1.749ms
[INFO   ] DREAMPlace - full step 7.806 ms
[INFO   ] DREAMPlace - Lsub stopping criteria: 1 and 6.65876e+07 > 6.11311e+07 * 0.999
[INFO   ] DREAMPlace - Llambda stopping criteria: 1 and (( 0.00933836 < 0.1 and 1062.04 > 1061.57 ) or 1.18244 < 1.0)
[INFO   ] DREAMPlace - optimizer step 6.593 ms
[INFO   ] DREAMPlace - iteration  640, (  94,  0,  0), Obj 6.642233E+07, NetCrossing 1.716E+01, NetCrossingWeight 1.000000E+00, DensityWeight 1.267962E+04, HPWL 1.062271E+03, Overflow 9.320099E-03, MaxDensity 1.182E+00, gamma 1.766166E-02, time 1.778ms
[INFO   ] DREAMPlace - full step 9.153 ms
[INFO   ] DREAMPlace - optimizer step 5.483 ms
[INFO   ] DREAMPlace - iteration  641, (  94,  0,  1), Obj 7.233041E+07, NetCrossing 1.608E+01, NetCrossingWeight 1.000000E+00, DensityWeight 1.267962E+04, HPWL 1.062506E+03, Overflow 9.294528E-03, MaxDensity 1.182E+00, gamma 1.766166E-02, time 2.031ms
[INFO   ] DREAMPlace - full step 8.354 ms
[INFO   ] DREAMPlace - Lsub stopping criteria: 1 and 7.23304e+07 > 6.64223e+07 * 0.999
[INFO   ] DREAMPlace - optimizer step 5.674 ms
[INFO   ] DREAMPlace - iteration  642, (  94,  1,  0), Obj 7.228620E+07, NetCrossing 1.624E+01, NetCrossingWeight 1.000000E+00, DensityWeight 1.383031E+04, HPWL 1.062729E+03, Overflow 9.276340E-03, MaxDensity 1.182E+00, gamma 1.766166E-02, time 1.810ms
[INFO   ] DREAMPlace - full step 8.286 ms
[INFO   ] DREAMPlace - optimizer step 6.231 ms
[INFO   ] DREAMPlace - iteration  643, (  94,  1,  1), Obj 7.870522E+07, NetCrossing 1.782E+01, NetCrossingWeight 1.000000E+00, DensityWeight 1.383031E+04, HPWL 1.062961E+03, Overflow 9.259603E-03, MaxDensity 1.182E+00, gamma 1.766166E-02, time 1.861ms
[INFO   ] DREAMPlace - full step 8.900 ms
[INFO   ] DREAMPlace - Lsub stopping criteria: 1 and 7.87052e+07 > 7.22862e+07 * 0.999
[INFO   ] DREAMPlace - Llambda stopping criteria: 1 and (( 0.0092596 < 0.1 and 1062.96 > 1062.51 ) or 1.18244 < 1.0)
[INFO   ] DREAMPlace - optimizer step 5.541 ms
[INFO   ] DREAMPlace - iteration  644, (  95,  0,  0), Obj 7.861858E+07, NetCrossing 1.624E+01, NetCrossingWeight 1.000000E+00, DensityWeight 1.508544E+04, HPWL 1.063199E+03, Overflow 9.248462E-03, MaxDensity 1.188E+00, gamma 1.765454E-02, time 1.854ms
[INFO   ] DREAMPlace - full step 8.219 ms
[INFO   ] DREAMPlace - optimizer step 6.118 ms
[INFO   ] DREAMPlace - iteration  645, (  95,  0,  1), Obj 8.574013E+07, NetCrossing 1.703E+01, NetCrossingWeight 1.000000E+00, DensityWeight 1.508544E+04, HPWL 1.063443E+03, Overflow 9.238825E-03, MaxDensity 1.206E+00, gamma 1.765454E-02, time 2.278ms
[INFO   ] DREAMPlace - full step 9.268 ms
[INFO   ] DREAMPlace - Lsub stopping criteria: 1 and 8.57401e+07 > 7.86186e+07 * 0.999
[INFO   ] DREAMPlace - optimizer step 6.380 ms
[INFO   ] DREAMPlace - iteration  646, (  95,  1,  0), Obj 8.576371E+07, NetCrossing 1.717E+01, NetCrossingWeight 1.000000E+00, DensityWeight 1.645446E+04, HPWL 1.063692E+03, Overflow 9.235746E-03, MaxDensity 1.224E+00, gamma 1.765454E-02, time 1.889ms
[INFO   ] DREAMPlace - full step 9.122 ms
[INFO   ] DREAMPlace - optimizer step 5.481 ms
[INFO   ] DREAMPlace - iteration  647, (  95,  1,  1), Obj 9.351798E+07, NetCrossing 1.784E+01, NetCrossingWeight 1.000000E+00, DensityWeight 1.645446E+04, HPWL 1.063939E+03, Overflow 9.234675E-03, MaxDensity 1.236E+00, gamma 1.765454E-02, time 3.058ms
[INFO   ] DREAMPlace - full step 9.385 ms
[INFO   ] DREAMPlace - Lsub stopping criteria: 1 and 9.3518e+07 > 8.57637e+07 * 0.999
[INFO   ] DREAMPlace - Llambda stopping criteria: 1 and (( 0.00923468 < 0.1 and 1063.94 > 1063.44 ) or 1.23646 < 1.0)
[INFO   ] DREAMPlace - optimizer step 5.416 ms
[INFO   ] DREAMPlace - iteration  648, (  96,  0,  0), Obj 9.352329E+07, NetCrossing 1.722E+01, NetCrossingWeight 1.000000E+00, DensityWeight 1.794773E+04, HPWL 1.064193E+03, Overflow 9.237011E-03, MaxDensity 1.245E+00, gamma 1.765229E-02, time 1.829ms
[INFO   ] DREAMPlace - full step 8.118 ms
[INFO   ] DREAMPlace - optimizer step 5.504 ms
[INFO   ] DREAMPlace - iteration  649, (  96,  0,  1), Obj 1.020147E+08, NetCrossing 1.706E+01, NetCrossingWeight 1.000000E+00, DensityWeight 1.794773E+04, HPWL 1.064445E+03, Overflow 9.239120E-03, MaxDensity 1.252E+00, gamma 1.765229E-02, time 3.869ms
[INFO   ] DREAMPlace - full step 10.248 ms
[INFO   ] DREAMPlace - Lsub stopping criteria: 1 and 1.02015e+08 > 9.35233e+07 * 0.999
[INFO   ] DREAMPlace - optimizer step 5.327 ms
[INFO   ] DREAMPlace - iteration  650, (  96,  1,  0), Obj 1.019646E+08, NetCrossing 1.769E+01, NetCrossingWeight 1.000000E+00, DensityWeight 1.957651E+04, HPWL 1.064697E+03, Overflow 9.238727E-03, MaxDensity 1.257E+00, gamma 1.765229E-02, time 1.826ms
[INFO   ] DREAMPlace - full step 7.987 ms
[INFO   ] DREAMPlace - optimizer step 5.410 ms
[INFO   ] DREAMPlace - iteration  651, (  96,  1,  1), Obj 1.111648E+08, NetCrossing 1.707E+01, NetCrossingWeight 1.000000E+00, DensityWeight 1.957651E+04, HPWL 1.064928E+03, Overflow 9.236271E-03, MaxDensity 1.251E+00, gamma 1.765229E-02, time 3.556ms
[INFO   ] DREAMPlace - full step 9.808 ms
[INFO   ] DREAMPlace - Lsub stopping criteria: 1 and 1.11165e+08 > 1.01965e+08 * 0.999
[INFO   ] DREAMPlace - Llambda stopping criteria: 1 and (( 0.00923627 < 0.1 and 1064.93 > 1064.44 ) or 1.25142 < 1.0)
[INFO   ] DREAMPlace - optimizer step 5.177 ms
[INFO   ] DREAMPlace - iteration  652, (  97,  0,  0), Obj 1.111104E+08, NetCrossing 1.718E+01, NetCrossingWeight 1.000000E+00, DensityWeight 2.135311E+04, HPWL 1.065152E+03, Overflow 9.235887E-03, MaxDensity 1.241E+00, gamma 1.765243E-02, time 1.844ms
[INFO   ] DREAMPlace - full step 7.877 ms
[INFO   ] DREAMPlace - optimizer step 7.541 ms
[INFO   ] DREAMPlace - iteration  653, (  97,  0,  1), Obj 1.210734E+08, NetCrossing 1.799E+01, NetCrossingWeight 1.000000E+00, DensityWeight 2.135311E+04, HPWL 1.065358E+03, Overflow 9.226095E-03, MaxDensity 1.230E+00, gamma 1.765243E-02, time 1.833ms
[INFO   ] DREAMPlace - full step 10.298 ms
[INFO   ] DREAMPlace - Lsub stopping criteria: 1 and 1.21073e+08 > 1.1111e+08 * 0.999
[INFO   ] DREAMPlace - optimizer step 5.496 ms
[INFO   ] DREAMPlace - iteration  654, (  97,  1,  0), Obj 1.208685E+08, NetCrossing 1.785E+01, NetCrossingWeight 1.000000E+00, DensityWeight 2.329094E+04, HPWL 1.065568E+03, Overflow 9.211115E-03, MaxDensity 1.218E+00, gamma 1.765243E-02, time 1.772ms
[INFO   ] DREAMPlace - full step 8.086 ms
[INFO   ] DREAMPlace - optimizer step 7.187 ms
[INFO   ] DREAMPlace - iteration  655, (  97,  1,  1), Obj 1.317201E+08, NetCrossing 1.719E+01, NetCrossingWeight 1.000000E+00, DensityWeight 2.329094E+04, HPWL 1.065805E+03, Overflow 9.194657E-03, MaxDensity 1.205E+00, gamma 1.765243E-02, time 1.836ms
[INFO   ] DREAMPlace - full step 9.894 ms
[INFO   ] DREAMPlace - Lsub stopping criteria: 1 and 1.3172e+08 > 1.20868e+08 * 0.999
[INFO   ] DREAMPlace - Llambda stopping criteria: 1 and (( 0.00919466 < 0.1 and 1065.81 > 1065.36 ) or 1.20486 < 1.0)
[INFO   ] DREAMPlace - optimizer step 5.407 ms
[INFO   ] DREAMPlace - iteration  656, (  98,  0,  0), Obj 1.316000E+08, NetCrossing 1.754E+01, NetCrossingWeight 1.000000E+00, DensityWeight 2.540462E+04, HPWL 1.066031E+03, Overflow 9.190341E-03, MaxDensity 1.192E+00, gamma 1.764868E-02, time 1.829ms
[INFO   ] DREAMPlace - full step 8.054 ms
[INFO   ] DREAMPlace - optimizer step 7.843 ms
[INFO   ] DREAMPlace - iteration  657, (  98,  0,  1), Obj 1.434928E+08, NetCrossing 1.738E+01, NetCrossingWeight 1.000000E+00, DensityWeight 2.540462E+04, HPWL 1.066238E+03, Overflow 9.189501E-03, MaxDensity 1.182E+00, gamma 1.764868E-02, time 1.842ms
[INFO   ] DREAMPlace - full step 10.540 ms
[INFO   ] DREAMPlace - Lsub stopping criteria: 1 and 1.43493e+08 > 1.316e+08 * 0.999
[INFO   ] DREAMPlace - optimizer step 5.457 ms
[INFO   ] DREAMPlace - iteration  658, (  98,  1,  0), Obj 1.434277E+08, NetCrossing 1.721E+01, NetCrossingWeight 1.000000E+00, DensityWeight 2.771013E+04, HPWL 1.066428E+03, Overflow 9.189025E-03, MaxDensity 1.182E+00, gamma 1.764868E-02, time 1.814ms
[INFO   ] DREAMPlace - full step 8.089 ms
[INFO   ] DREAMPlace - optimizer step 5.449 ms
[INFO   ] DREAMPlace - iteration  659, (  98,  1,  1), Obj 1.564121E+08, NetCrossing 1.879E+01, NetCrossingWeight 1.000000E+00, DensityWeight 2.771013E+04, HPWL 1.066589E+03, Overflow 9.187423E-03, MaxDensity 1.182E+00, gamma 1.764868E-02, time 1.769ms
[INFO   ] DREAMPlace - full step 8.038 ms
[INFO   ] DREAMPlace - Lsub stopping criteria: 1 and 1.56412e+08 > 1.43428e+08 * 0.999
[INFO   ] DREAMPlace - Llambda stopping criteria: 1 and (( 0.00918742 < 0.1 and 1066.59 > 1066.24 ) or 1.18244 < 1.0)
[INFO   ] DREAMPlace - optimizer step 5.384 ms
[INFO   ] DREAMPlace - iteration  660, (  99,  0,  0), Obj 1.563430E+08, NetCrossing 1.821E+01, NetCrossingWeight 1.000000E+00, DensityWeight 3.022487E+04, HPWL 1.066726E+03, Overflow 9.185378E-03, MaxDensity 1.182E+00, gamma 1.764802E-02, time 1.821ms
[INFO   ] DREAMPlace - full step 8.139 ms
[INFO   ] DREAMPlace - optimizer step 6.717 ms
[INFO   ] DREAMPlace - iteration  661, (  99,  0,  1), Obj 1.703564E+08, NetCrossing 1.785E+01, NetCrossingWeight 1.000000E+00, DensityWeight 3.022487E+04, HPWL 1.066836E+03, Overflow 9.180874E-03, MaxDensity 1.182E+00, gamma 1.764802E-02, time 2.187ms
[INFO   ] DREAMPlace - full step 9.970 ms
[INFO   ] DREAMPlace - Lsub stopping criteria: 1 and 1.70356e+08 > 1.56343e+08 * 0.999
[INFO   ] DREAMPlace - optimizer step 6.579 ms
[INFO   ] DREAMPlace - iteration  662, (  99,  1,  0), Obj 1.701251E+08, NetCrossing 1.757E+01, NetCrossingWeight 1.000000E+00, DensityWeight 3.296782E+04, HPWL 1.066980E+03, Overflow 9.175147E-03, MaxDensity 1.182E+00, gamma 1.764802E-02, time 2.225ms
[INFO   ] DREAMPlace - full step 9.883 ms
[INFO   ] DREAMPlace - optimizer step 5.563 ms
[INFO   ] DREAMPlace - iteration  663, (  99,  1,  1), Obj 1.854943E+08, NetCrossing 1.721E+01, NetCrossingWeight 1.000000E+00, DensityWeight 3.296782E+04, HPWL 1.067100E+03, Overflow 9.168331E-03, MaxDensity 1.182E+00, gamma 1.764802E-02, time 1.938ms
[INFO   ] DREAMPlace - full step 8.393 ms
[INFO   ] DREAMPlace - Lsub stopping criteria: 1 and 1.85494e+08 > 1.70125e+08 * 0.999
[INFO   ] DREAMPlace - Llambda stopping criteria: 1 and (( 0.00916833 < 0.1 and 1067.1 > 1066.84 ) or 1.18244 < 1.0)
[INFO   ] DREAMPlace - optimizer step 6.015 ms
[INFO   ] DREAMPlace - iteration  664, ( 100,  0,  0), Obj 1.854157E+08, NetCrossing 1.707E+01, NetCrossingWeight 1.000000E+00, DensityWeight 3.595971E+04, HPWL 1.067197E+03, Overflow 9.166163E-03, MaxDensity 1.182E+00, gamma 1.764630E-02, time 1.826ms
[INFO   ] DREAMPlace - full step 8.737 ms
[INFO   ] DREAMPlace - optimizer step 6.817 ms
[INFO   ] DREAMPlace - iteration  665, ( 100,  0,  1), Obj 2.022783E+08, NetCrossing 1.722E+01, NetCrossingWeight 1.000000E+00, DensityWeight 3.595971E+04, HPWL 1.067274E+03, Overflow 9.164651E-03, MaxDensity 1.182E+00, gamma 1.764630E-02, time 2.354ms
[INFO   ] DREAMPlace - full step 10.312 ms
[INFO   ] DREAMPlace - Lsub stopping criteria: 1 and 2.02278e+08 > 1.85416e+08 * 0.999
[INFO   ] DREAMPlace - optimizer step 6.294 ms
[INFO   ] DREAMPlace - iteration  666, ( 100,  1,  0), Obj 2.023462E+08, NetCrossing 1.707E+01, NetCrossingWeight 1.000000E+00, DensityWeight 3.922311E+04, HPWL 1.067329E+03, Overflow 9.167994E-03, MaxDensity 1.182E+00, gamma 1.764630E-02, time 2.158ms
[INFO   ] DREAMPlace - full step 9.329 ms
[INFO   ] DREAMPlace - optimizer step 6.278 ms
[INFO   ] DREAMPlace - iteration  667, ( 100,  1,  1), Obj 2.209621E+08, NetCrossing 1.739E+01, NetCrossingWeight 1.000000E+00, DensityWeight 3.922311E+04, HPWL 1.067452E+03, Overflow 9.171628E-03, MaxDensity 1.182E+00, gamma 1.764630E-02, time 1.855ms
[INFO   ] DREAMPlace - full step 9.028 ms
[INFO   ] DREAMPlace - Lsub stopping criteria: 1 and 2.20962e+08 > 2.02346e+08 * 0.999
[INFO   ] DREAMPlace - Llambda stopping criteria: 1 and (( 0.00917163 < 0.1 and 1067.45 > 1067.27 ) or 1.18244 < 1.0)
[INFO   ] DREAMPlace - optimizer step 5.706 ms
[INFO   ] DREAMPlace - iteration  668, ( 101,  0,  0), Obj 2.210238E+08, NetCrossing 1.613E+01, NetCrossingWeight 1.000000E+00, DensityWeight 4.278267E+04, HPWL 1.067551E+03, Overflow 9.175164E-03, MaxDensity 1.185E+00, gamma 1.764659E-02, time 1.896ms
[INFO   ] DREAMPlace - full step 8.570 ms
[INFO   ] DREAMPlace - optimizer step 6.447 ms
[INFO   ] DREAMPlace - iteration  669, ( 101,  0,  1), Obj 2.411946E+08, NetCrossing 1.725E+01, NetCrossingWeight 1.000000E+00, DensityWeight 4.278267E+04, HPWL 1.067629E+03, Overflow 9.172278E-03, MaxDensity 1.194E+00, gamma 1.764659E-02, time 2.176ms
[INFO   ] DREAMPlace - full step 9.625 ms
[INFO   ] DREAMPlace - Lsub stopping criteria: 1 and 2.41195e+08 > 2.21024e+08 * 0.999
[INFO   ] DREAMPlace - optimizer step 5.433 ms
[INFO   ] DREAMPlace - iteration  670, ( 101,  1,  0), Obj 2.411449E+08, NetCrossing 1.787E+01, NetCrossingWeight 1.000000E+00, DensityWeight 4.666527E+04, HPWL 1.067686E+03, Overflow 9.164451E-03, MaxDensity 1.200E+00, gamma 1.764659E-02, time 1.822ms
[INFO   ] DREAMPlace - full step 8.171 ms
[INFO   ] DREAMPlace - optimizer step 5.254 ms
[INFO   ] DREAMPlace - iteration  671, ( 101,  1,  1), Obj 2.630562E+08, NetCrossing 1.900E+01, NetCrossingWeight 1.000000E+00, DensityWeight 4.666527E+04, HPWL 1.067721E+03, Overflow 9.155243E-03, MaxDensity 1.205E+00, gamma 1.764659E-02, time 1.835ms
[INFO   ] DREAMPlace - full step 8.088 ms
[INFO   ] DREAMPlace - Lsub stopping criteria: 1 and 2.63056e+08 > 2.41145e+08 * 0.999
[INFO   ] DREAMPlace - Llambda stopping criteria: 1 and (( 0.00915524 < 0.1 and 1067.72 > 1067.63 ) or 1.20478 < 1.0)
[INFO   ] DREAMPlace - Lgamma stopping criteria: 101 > 100 and (( 0.00915524 < 0.1 and 1067.72 > 1067.45 ) or 1.20478 < 1.0)
[INFO   ] DREAMPlace - optimizer nesterov takes 7.580 seconds
[INFO   ] DREAMPlace - plotting to ./results/small-6-handtune/PB201_A00/plot/iter9999.png takes 0.060 seconds
[INFO   ] DREAMPlace - plotting to ./results/small-6-handtune/PB201_A00/plot/iter0672.png takes 0.060 seconds
[INFO   ] DREAMPlace - plotting to ./results/small-6-handtune/PB201_A00/plot/iter0672.png takes 0.046 seconds
[INFO   ] DREAMPlace - plotting to ./results/small-6-handtune/PB201_A00/plot/iter0672.png takes 0.055 seconds
[INFO   ] DREAMPlace - rsmt computation takes 0.123 seconds
[INFO   ] DREAMPlace - flute rsmt 1.044508E+03
[INFO   ] DREAMPlace - unweighted hpwl 9.112845E+02
[INFO   ] DREAMPlace - net crossing 18
[INFO   ] DREAMPlace - non-linear placement takes 14.01 seconds
[INFO   ] DREAMPlace - writing to ./results/small-6-handtune/PB201_A00/PB201_A00.gp.pl
[INFO   ] DREAMPlace - writing to ./results/small-6-handtune/PB201_A00/PB201_A00.gp.pl
[INFO   ] DREAMPlace - write_pl takes 0.001 seconds
[INFO   ] DREAMPlace - write SolutionFileFormat.BOOKSHELF takes 0.001 seconds
[INFO   ] DREAMPlace - writing congestion maps to ./results/small-6-handtune/PB201_A00
[INFO   ] DREAMPlace - max horizontal congestion: 0.346515
[INFO   ] DREAMPlace - max vertical congestion: 0.0628853
[INFO   ] DREAMPlace - Congestion score 0.05089671537280083
[INFO   ] DREAMPlace - congestion extraction takes 4.096 seconds
[INFO   ] DREAMPlace - placement takes 18.123 seconds
[INFO   ] DREAMPlace - Final PPA: {'rsmt': 1044.508056640625, 'hpwl': 911.2844848632812, 'congestion': 0.05089671537280083, 'density': 0.5912216049131384, 'net_crossing': 18.39509391784668, 'iteration': 672, 'objective': 263056240.0, 'overflow': 0.009155242703855038, 'max_density': 1.2047808170318604}
