[INFO   ] DREAMPlace - parameters = {'aux_input': '/pcb-benchmark/small-3/bookshelf/PB310_A00.aux', 'lef_input': '', 'def_input': '', 'verilog_input': '', 'gpu': 1, 'gpu_id': 3, 'num_bins_x': 512, 'num_bins_y': 512, 'global_place_stages': [{'num_bins_x': 1024, 'num_bins_y': 2048, 'iteration': 3000, 'learning_rate': 0.003782204213946384, 'wirelength': 'weighted_average', 'optimizer': 'nesterov', 'Llambda_density_weight_iteration': 10, 'Lsub_iteration': 2, 'learning_rate_decay': 0.993040456241423}], 'target_density': 0.5019428420045235, 'density_weight': 0.023700309701549762, 'net_crossing_flag': True, 'net_crossing_weight': 10, 'random_seed': 1000, 'result_dir': './results/tuner-small/small-3/PB310_A00/run-63_0_0', 'scale_factor': 1.0, 'ignore_net_weight': 10, 'shift_factor': [0, 0], 'ignore_net_degree': 100, 'gp_noise_ratio': 0.025, 'enable_fillers': 1, 'global_place_flag': 1, 'legalize_flag': 0, 'detailed_place_flag': 0, 'stop_overflow': 0.06801190060863807, 'dtype': 'float32', 'detailed_place_engine': '', 'detailed_place_command': '', 'plot_flag': 1, 'RePlAce_ref_hpwl': 303179, 'RePlAce_LOWER_PCOF': 0.9594741766070488, 'RePlAce_UPPER_PCOF': 1.0768628539159684, 'gamma': 0.4379113101672675, 'RePlAce_skip_energy_flag': 0, 'random_center_init_flag': 1, 'init_loc_perc_x': 0.5194988184336731, 'init_loc_perc_y': 0.2981016708011519, 'sort_nets_by_degree': 0, 'num_threads': 8, 'dump_global_place_solution_flag': 0, 'dump_legalize_solution_flag': 0, 'routability_opt_flag': 0, 'route_num_bins_x': 512, 'route_num_bins_y': 512, 'node_area_adjust_overflow': 0.15, 'max_num_area_adjust': 3, 'adjust_nctugr_area_flag': 0, 'adjust_rudy_area_flag': 0, 'adjust_pin_area_flag': 0, 'area_adjust_stop_ratio': 0.01, 'route_area_adjust_stop_ratio': 0.01, 'pin_area_adjust_stop_ratio': 0.05, 'unit_horizontal_capacity': 1.5625, 'unit_vertical_capacity': 1.45, 'unit_pin_capacity': 0.058, 'max_route_opt_adjust_rate': 2.0, 'route_opt_adjust_exponent': 2.0, 'pin_stretch_ratio': 1.414213562, 'max_pin_opt_adjust_rate': 1.5, 'deterministic_flag': 1, 'get_congestion_map': 1, 'macro_halo_x': 5, 'macro_halo_y': 4, 'macro_overlap_flag': True, 'macro_overlap_weight': 8e-06, 'macro_overlap_mult_weight': 1, 'macro_padding_x': 0, 'macro_padding_y': 0, 'bndry_padding_x': 0, 'bndry_padding_y': 0, 'pin_density': -1, 'route_info_input': 'default', 'evaluate_pl': 0, 'risa_weights': 0, 'proj_name': 'default', 'create_gif': False, 'enable_rotation': True}
[INFO   ] DREAMPlace - setting up raw database takes 0.00 seconds
[INFO   ] DREAMPlace - set shift_factor = (0, 0), as original row bbox = (0, 0, 252, 396)
[INFO   ] DREAMPlace - set scale_factor = 1, as site_width = 1
[INFO   ] DREAMPlace - shift coordinate system by (0, 0), scale coordinate system by 1
[INFO   ] DREAMPlace - detect movable macros 63, area 69267, reduce those area from movable_area
[INFO   ] DREAMPlace - 
================================= Benchmark Statistics =================================
#nodes = 63, #terminals = 0, # terminal_NIs = 0, #movable = 63, #nets = 51
die area = (0, 0, 252, 396) 99792
row height = 1, site width = 1
num_bins = 512x512, bin sizes = 0.492188x0.773438
#pins = 126, #movable_pins = 126
total_movable_node_area = 69267, total_fixed_node_area = 0, total_space_area = 99792
total_movable_node_area = 0, total_fixed_node_area = 69267, total_space_area = 30525
utilization = 0, target_density = 0.501943
use placeable_area = 30525 to compute fillers
total_filler_node_area = 15321.8, #fillers = 490, filler sizes = 31.25x1
========================================================================================
[INFO   ] DREAMPlace - setting up placement database takes 0.00 seconds
[INFO   ] DREAMPlace - move cells to location (130.9137022452856, 118.04826163725616) with random noise
[DEBUG  ] DREAMPlace - prepare init_pos takes 0.00 seconds
[INFO   ] DREAMPlace - Using Torch GPU device # 3: Tesla V100-DGXS-32GB
[DEBUG  ] DREAMPlace - build pos takes 0.00 seconds
[DEBUG  ] DREAMPlace - build orient_logits takes 0.00 seconds
[WARNING] DREAMPlace - net weights are all the same, ignored
[DEBUG  ] DREAMPlace - build data_collections takes 0.00 seconds
[DEBUG  ] DREAMPlace - build op_collections takes 0.00 seconds
[INFO   ] DREAMPlace - POWVFILE = /AutoDMP/thirdparty/NCTUgr.ICCAD2012/POWV9.dat
[INFO   ] DREAMPlace - POSTFILE = /AutoDMP/thirdparty/NCTUgr.ICCAD2012/POST9.dat
[DEBUG  ] DREAMPlace - build BasicPlace ops takes 0.00 seconds
[INFO   ] DREAMPlace - non-linear placement initialization takes 0.00 seconds
[INFO   ] DREAMPlace - 1024x2048 bins #bins 1024x2048, bin sizes 0.246094x0.193359, max_num_bins = 437, padding = 0
[INFO   ] dreamplace.ops.electric_potential.electric_potential - regard 63 cells as movable macros in global placement
[WARNING] DREAMPlace - quadratic density penalty is disabled, density weight update is forced to be based on HPWL
[INFO   ] DREAMPlace - use nesterov optimizer
[INFO   ] DREAMPlace - add 2.5% noise
[DEBUG  ] dreamplace.ops.weighted_average_wirelength.weighted_average_wirelength - wirelength forward 0.165 ms
[INFO   ] dreamplace.ops.electric_potential.electric_potential - fixed density map: average 0, max 0, bin area 0.0475845
[DEBUG  ] dreamplace.ops.electric_potential.electric_potential - density forward 5.059 ms
[DEBUG  ] dreamplace.ops.electric_potential.electric_potential - density backward 5.396 ms
[DEBUG  ] dreamplace.ops.weighted_average_wirelength.weighted_average_wirelength - wirelength backward 0.097 ms
[DEBUG  ] dreamplace.ops.weighted_average_wirelength.weighted_average_wirelength - wirelength forward 0.097 ms
[DEBUG  ] dreamplace.ops.electric_potential.electric_potential - density forward 5.032 ms
[DEBUG  ] dreamplace.ops.electric_potential.electric_potential - density backward 5.393 ms
[DEBUG  ] dreamplace.ops.weighted_average_wirelength.weighted_average_wirelength - wirelength backward 0.091 ms
[INFO   ] DREAMPlace - nesterov initialization takes 0.0640137 seconds
[DEBUG  ] dreamplace.ops.weighted_average_wirelength.weighted_average_wirelength - wirelength forward 0.137 ms
[DEBUG  ] dreamplace.ops.weighted_average_wirelength.weighted_average_wirelength - wirelength backward 0.087 ms
[DEBUG  ] dreamplace.ops.electric_potential.electric_potential - density forward 4.943 ms
[DEBUG  ] dreamplace.ops.electric_potential.electric_potential - density backward 5.453 ms
[INFO   ] DREAMPlace - density_weight = 1.793832E-07
[INFO   ] DREAMPlace - macro_overlap_weight = 8.000000E-06
[INFO   ] DREAMPlace - plotting to ./results/tuner-small/small-3/PB310_A00/run-63_0_0/PB310_A00/plot/iter0000.png takes 0.040 seconds
[DEBUG  ] dreamplace.ops.weighted_average_wirelength.weighted_average_wirelength - wirelength forward 0.126 ms
[DEBUG  ] dreamplace.ops.electric_potential.electric_potential - density forward 4.682 ms
[DEBUG  ] dreamplace.ops.electric_potential.electric_potential - density backward 5.434 ms
[DEBUG  ] dreamplace.ops.weighted_average_wirelength.weighted_average_wirelength - wirelength backward 0.113 ms
[DEBUG  ] dreamplace.ops.weighted_average_wirelength.weighted_average_wirelength - wirelength forward 0.163 ms
[DEBUG  ] dreamplace.ops.electric_potential.electric_potential - density forward 5.356 ms
[DEBUG  ] dreamplace.ops.electric_potential.electric_potential - density backward 5.432 ms
[DEBUG  ] dreamplace.ops.weighted_average_wirelength.weighted_average_wirelength - wirelength backward 0.113 ms
[DEBUG  ] dreamplace.ops.weighted_average_wirelength.weighted_average_wirelength - wirelength forward 0.099 ms
[DEBUG  ] dreamplace.ops.electric_potential.electric_potential - density forward 4.743 ms
[DEBUG  ] dreamplace.ops.electric_potential.electric_potential - density backward 5.876 ms
[DEBUG  ] dreamplace.ops.weighted_average_wirelength.weighted_average_wirelength - wirelength backward 0.088 ms
[DEBUG  ] dreamplace.ops.weighted_average_wirelength.weighted_average_wirelength - wirelength forward 0.157 ms
[DEBUG  ] dreamplace.ops.electric_potential.electric_potential - density forward 4.921 ms
[DEBUG  ] dreamplace.ops.electric_potential.electric_potential - density backward 5.076 ms
[DEBUG  ] dreamplace.ops.weighted_average_wirelength.weighted_average_wirelength - wirelength backward 0.087 ms
[INFO   ] DREAMPlace - optimizer step 71.743 ms
[INFO   ] DREAMPlace - iteration    0, (   0,  0,  0), Obj 2.214820E+04, NetCrossing 4.539E+01, NetCrossingWeight 1.000000E+01, DensityWeight 0.000000E+00, HPWL 9.972216E+02, Overflow 4.457238E-01, MaxDensity 3.162E+01, MacroOverlap 3.831E+03, MacroOverlapWeight 0.000000E+00, gamma 1.924415E+00, time 7.240ms
[INFO   ] DREAMPlace - full step 133.276 ms
[DEBUG  ] dreamplace.ops.weighted_average_wirelength.weighted_average_wirelength - wirelength forward 0.157 ms
[DEBUG  ] dreamplace.ops.electric_potential.electric_potential - density forward 5.159 ms
[DEBUG  ] dreamplace.ops.electric_potential.electric_potential - density backward 5.684 ms
[DEBUG  ] dreamplace.ops.weighted_average_wirelength.weighted_average_wirelength - wirelength backward 0.119 ms
[DEBUG  ] dreamplace.ops.weighted_average_wirelength.weighted_average_wirelength - wirelength forward 0.106 ms
[DEBUG  ] dreamplace.ops.electric_potential.electric_potential - density forward 4.640 ms
[DEBUG  ] dreamplace.ops.electric_potential.electric_potential - density backward 5.662 ms
[DEBUG  ] dreamplace.ops.weighted_average_wirelength.weighted_average_wirelength - wirelength backward 0.101 ms
[DEBUG  ] dreamplace.ops.weighted_average_wirelength.weighted_average_wirelength - wirelength forward 0.114 ms
[DEBUG  ] dreamplace.ops.electric_potential.electric_potential - density forward 4.964 ms
[DEBUG  ] dreamplace.ops.electric_potential.electric_potential - density backward 5.861 ms
[DEBUG  ] dreamplace.ops.weighted_average_wirelength.weighted_average_wirelength - wirelength backward 0.098 ms
[DEBUG  ] dreamplace.ops.weighted_average_wirelength.weighted_average_wirelength - wirelength forward 0.100 ms
[DEBUG  ] dreamplace.ops.electric_potential.electric_potential - density forward 4.702 ms
[DEBUG  ] dreamplace.ops.electric_potential.electric_potential - density backward 5.599 ms
[DEBUG  ] dreamplace.ops.weighted_average_wirelength.weighted_average_wirelength - wirelength backward 0.094 ms
[INFO   ] DREAMPlace - optimizer step 72.440 ms
[INFO   ] DREAMPlace - iteration    1, (   0,  0,  1), Obj 2.200109E+04, NetCrossing 4.834E+01, NetCrossingWeight 1.000000E+01, DensityWeight 1.793832E-07, HPWL 8.464271E+02, Overflow 4.449330E-01, MaxDensity 3.162E+01, MacroOverlap 3.567E+03, MacroOverlapWeight 8.000000E-06, gamma 1.924415E+00, time 6.747ms
[INFO   ] DREAMPlace - full step 80.010 ms
[DEBUG  ] dreamplace.ops.weighted_average_wirelength.weighted_average_wirelength - wirelength forward 0.134 ms
[DEBUG  ] dreamplace.ops.electric_potential.electric_potential - density forward 4.840 ms
[DEBUG  ] dreamplace.ops.electric_potential.electric_potential - density backward 5.410 ms
[DEBUG  ] dreamplace.ops.weighted_average_wirelength.weighted_average_wirelength - wirelength backward 0.095 ms
[DEBUG  ] dreamplace.ops.weighted_average_wirelength.weighted_average_wirelength - wirelength forward 0.102 ms
[DEBUG  ] dreamplace.ops.electric_potential.electric_potential - density forward 4.957 ms
[DEBUG  ] dreamplace.ops.electric_potential.electric_potential - density backward 6.059 ms
[DEBUG  ] dreamplace.ops.weighted_average_wirelength.weighted_average_wirelength - wirelength backward 0.099 ms
[DEBUG  ] dreamplace.ops.weighted_average_wirelength.weighted_average_wirelength - wirelength forward 0.100 ms
[DEBUG  ] dreamplace.ops.electric_potential.electric_potential - density forward 4.820 ms
[DEBUG  ] dreamplace.ops.electric_potential.electric_potential - density backward 6.139 ms
[DEBUG  ] dreamplace.ops.weighted_average_wirelength.weighted_average_wirelength - wirelength backward 0.105 ms
[INFO   ] DREAMPlace - optimizer step 56.442 ms
[INFO   ] DREAMPlace - iteration    2, (   0,  1,  0), Obj 2.182022E+04, NetCrossing 5.078E+01, NetCrossingWeight 1.000000E+01, DensityWeight 1.793832E-07, HPWL 7.542966E+02, Overflow 4.432935E-01, MaxDensity 3.013E+01, MacroOverlap 3.174E+03, MacroOverlapWeight 8.000000E-06, gamma 1.924415E+00, time 6.522ms
[INFO   ] DREAMPlace - full step 63.816 ms
[DEBUG  ] dreamplace.ops.weighted_average_wirelength.weighted_average_wirelength - wirelength forward 0.119 ms
[DEBUG  ] dreamplace.ops.electric_potential.electric_potential - density forward 4.830 ms
[DEBUG  ] dreamplace.ops.electric_potential.electric_potential - density backward 5.540 ms
[DEBUG  ] dreamplace.ops.weighted_average_wirelength.weighted_average_wirelength - wirelength backward 0.098 ms
[INFO   ] DREAMPlace - optimizer step 17.511 ms
[INFO   ] DREAMPlace - iteration    3, (   0,  1,  1), Obj 2.166076E+04, NetCrossing 4.939E+01, NetCrossingWeight 1.000000E+01, DensityWeight 1.793832E-07, HPWL 6.865011E+02, Overflow 4.422886E-01, MaxDensity 2.861E+01, MacroOverlap 2.896E+03, MacroOverlapWeight 8.000000E-06, gamma 1.924415E+00, time 6.292ms
[INFO   ] DREAMPlace - full step 24.660 ms
[DEBUG  ] dreamplace.ops.weighted_average_wirelength.weighted_average_wirelength - wirelength forward 0.122 ms
[DEBUG  ] dreamplace.ops.electric_potential.electric_potential - density forward 4.737 ms
[DEBUG  ] dreamplace.ops.electric_potential.electric_potential - density backward 5.634 ms
[DEBUG  ] dreamplace.ops.weighted_average_wirelength.weighted_average_wirelength - wirelength backward 0.098 ms
[INFO   ] DREAMPlace - optimizer step 17.715 ms
[INFO   ] DREAMPlace - iteration    4, (   0,  2,  0), Obj 2.151618E+04, NetCrossing 4.957E+01, NetCrossingWeight 1.000000E+01, DensityWeight 1.931324E-07, HPWL 6.502203E+02, Overflow 4.411657E-01, MaxDensity 2.861E+01, MacroOverlap 2.616E+03, MacroOverlapWeight 8.000000E-06, gamma 1.924415E+00, time 6.269ms
[INFO   ] DREAMPlace - full step 24.931 ms
[DEBUG  ] dreamplace.ops.weighted_average_wirelength.weighted_average_wirelength - wirelength forward 0.143 ms
[DEBUG  ] dreamplace.ops.electric_potential.electric_potential - density forward 4.972 ms
[DEBUG  ] dreamplace.ops.electric_potential.electric_potential - density backward 5.310 ms
[DEBUG  ] dreamplace.ops.weighted_average_wirelength.weighted_average_wirelength - wirelength backward 0.118 ms
[INFO   ] DREAMPlace - optimizer step 18.357 ms
[INFO   ] DREAMPlace - iteration    5, (   0,  2,  1), Obj 2.294413E+04, NetCrossing 5.161E+01, NetCrossingWeight 1.000000E+01, DensityWeight 1.931324E-07, HPWL 6.053911E+02, Overflow 4.398547E-01, MaxDensity 2.861E+01, MacroOverlap 2.389E+03, MacroOverlapWeight 8.000000E-06, gamma 1.924415E+00, time 6.790ms
[INFO   ] DREAMPlace - full step 26.178 ms
[INFO   ] DREAMPlace - Lsub stopping criteria: 1 and 22944.1 > 21516.2 * 0.999
[DEBUG  ] dreamplace.ops.weighted_average_wirelength.weighted_average_wirelength - wirelength forward 0.129 ms
[DEBUG  ] dreamplace.ops.electric_potential.electric_potential - density forward 4.879 ms
[DEBUG  ] dreamplace.ops.electric_potential.electric_potential - density backward 5.186 ms
[DEBUG  ] dreamplace.ops.weighted_average_wirelength.weighted_average_wirelength - wirelength backward 0.124 ms
[INFO   ] DREAMPlace - optimizer step 19.020 ms
[INFO   ] DREAMPlace - iteration    6, (   0,  3,  0), Obj 2.276590E+04, NetCrossing 4.724E+01, NetCrossingWeight 1.000000E+01, DensityWeight 2.079148E-07, HPWL 5.806786E+02, Overflow 4.383861E-01, MaxDensity 2.710E+01, MacroOverlap 2.132E+03, MacroOverlapWeight 8.000000E-06, gamma 1.924415E+00, time 6.608ms
[INFO   ] DREAMPlace - full step 26.557 ms
[DEBUG  ] dreamplace.ops.weighted_average_wirelength.weighted_average_wirelength - wirelength forward 0.118 ms
[DEBUG  ] dreamplace.ops.electric_potential.electric_potential - density forward 5.276 ms
[DEBUG  ] dreamplace.ops.electric_potential.electric_potential - density backward 5.424 ms
[DEBUG  ] dreamplace.ops.weighted_average_wirelength.weighted_average_wirelength - wirelength backward 0.123 ms
[DEBUG  ] dreamplace.ops.weighted_average_wirelength.weighted_average_wirelength - wirelength forward 0.105 ms
[DEBUG  ] dreamplace.ops.electric_potential.electric_potential - density forward 4.777 ms
[DEBUG  ] dreamplace.ops.electric_potential.electric_potential - density backward 4.575 ms
[DEBUG  ] dreamplace.ops.weighted_average_wirelength.weighted_average_wirelength - wirelength backward 0.125 ms
[INFO   ] DREAMPlace - optimizer step 36.331 ms
[INFO   ] DREAMPlace - iteration    7, (   0,  3,  1), Obj 2.422839E+04, NetCrossing 4.832E+01, NetCrossingWeight 1.000000E+01, DensityWeight 2.079148E-07, HPWL 5.590000E+02, Overflow 4.365675E-01, MaxDensity 2.710E+01, MacroOverlap 1.870E+03, MacroOverlapWeight 8.000000E-06, gamma 1.924415E+00, time 6.277ms
[INFO   ] DREAMPlace - full step 43.692 ms
[INFO   ] DREAMPlace - Lsub stopping criteria: 1 and 24228.4 > 22765.9 * 0.999
[DEBUG  ] dreamplace.ops.weighted_average_wirelength.weighted_average_wirelength - wirelength forward 0.170 ms
[DEBUG  ] dreamplace.ops.electric_potential.electric_potential - density forward 5.100 ms
[DEBUG  ] dreamplace.ops.electric_potential.electric_potential - density backward 5.867 ms
[DEBUG  ] dreamplace.ops.weighted_average_wirelength.weighted_average_wirelength - wirelength backward 0.123 ms
[INFO   ] DREAMPlace - optimizer step 19.392 ms
[INFO   ] DREAMPlace - iteration    8, (   0,  4,  0), Obj 2.400104E+04, NetCrossing 4.763E+01, NetCrossingWeight 1.000000E+01, DensityWeight 2.238062E-07, HPWL 5.517521E+02, Overflow 4.345480E-01, MaxDensity 2.560E+01, MacroOverlap 1.621E+03, MacroOverlapWeight 8.000000E-06, gamma 1.924415E+00, time 7.418ms
[INFO   ] DREAMPlace - full step 27.792 ms
[DEBUG  ] dreamplace.ops.weighted_average_wirelength.weighted_average_wirelength - wirelength forward 0.140 ms
[DEBUG  ] dreamplace.ops.electric_potential.electric_potential - density forward 5.070 ms
[DEBUG  ] dreamplace.ops.electric_potential.electric_potential - density backward 5.911 ms
[DEBUG  ] dreamplace.ops.weighted_average_wirelength.weighted_average_wirelength - wirelength backward 0.125 ms
[INFO   ] DREAMPlace - optimizer step 19.736 ms
[INFO   ] DREAMPlace - iteration    9, (   0,  4,  1), Obj 2.551094E+04, NetCrossing 4.822E+01, NetCrossingWeight 1.000000E+01, DensityWeight 2.238062E-07, HPWL 5.254210E+02, Overflow 4.317235E-01, MaxDensity 2.409E+01, MacroOverlap 1.402E+03, MacroOverlapWeight 8.000000E-06, gamma 1.924415E+00, time 6.900ms
[INFO   ] DREAMPlace - full step 27.493 ms
[INFO   ] DREAMPlace - Lsub stopping criteria: 1 and 25510.9 > 24001 * 0.999
[DEBUG  ] dreamplace.ops.weighted_average_wirelength.weighted_average_wirelength - wirelength forward 0.118 ms
[DEBUG  ] dreamplace.ops.electric_potential.electric_potential - density forward 5.064 ms
[DEBUG  ] dreamplace.ops.electric_potential.electric_potential - density backward 6.121 ms
[DEBUG  ] dreamplace.ops.weighted_average_wirelength.weighted_average_wirelength - wirelength backward 0.122 ms
[INFO   ] DREAMPlace - optimizer step 19.559 ms
[INFO   ] DREAMPlace - iteration   10, (   0,  5,  0), Obj 2.516886E+04, NetCrossing 5.627E+01, NetCrossingWeight 1.000000E+01, DensityWeight 2.408881E-07, HPWL 5.130323E+02, Overflow 4.297136E-01, MaxDensity 2.409E+01, MacroOverlap 1.216E+03, MacroOverlapWeight 8.000000E-06, gamma 1.924415E+00, time 6.198ms
[INFO   ] DREAMPlace - full step 26.595 ms
[DEBUG  ] dreamplace.ops.weighted_average_wirelength.weighted_average_wirelength - wirelength forward 0.112 ms
[DEBUG  ] dreamplace.ops.electric_potential.electric_potential - density forward 4.651 ms
[DEBUG  ] dreamplace.ops.electric_potential.electric_potential - density backward 4.874 ms
[DEBUG  ] dreamplace.ops.weighted_average_wirelength.weighted_average_wirelength - wirelength backward 0.122 ms
[INFO   ] DREAMPlace - optimizer step 17.351 ms
[INFO   ] DREAMPlace - iteration   11, (   0,  5,  1), Obj 2.660685E+04, NetCrossing 4.612E+01, NetCrossingWeight 1.000000E+01, DensityWeight 2.408881E-07, HPWL 5.074708E+02, Overflow 4.274122E-01, MaxDensity 2.409E+01, MacroOverlap 1.049E+03, MacroOverlapWeight 8.000000E-06, gamma 1.924415E+00, time 6.135ms
[INFO   ] DREAMPlace - full step 24.426 ms
[INFO   ] DREAMPlace - Lsub stopping criteria: 1 and 26606.8 > 25168.9 * 0.999
[DEBUG  ] dreamplace.ops.weighted_average_wirelength.weighted_average_wirelength - wirelength forward 0.114 ms
[DEBUG  ] dreamplace.ops.electric_potential.electric_potential - density forward 4.920 ms
[DEBUG  ] dreamplace.ops.electric_potential.electric_potential - density backward 5.947 ms
[DEBUG  ] dreamplace.ops.weighted_average_wirelength.weighted_average_wirelength - wirelength backward 0.124 ms
[INFO   ] DREAMPlace - optimizer step 19.040 ms
[INFO   ] DREAMPlace - iteration   12, (   0,  6,  0), Obj 2.607588E+04, NetCrossing 4.646E+01, NetCrossingWeight 1.000000E+01, DensityWeight 2.592478E-07, HPWL 4.924955E+02, Overflow 4.244134E-01, MaxDensity 1.975E+01, MacroOverlap 8.848E+02, MacroOverlapWeight 8.000000E-06, gamma 1.924415E+00, time 6.770ms
[INFO   ] DREAMPlace - full step 26.968 ms
[DEBUG  ] dreamplace.ops.weighted_average_wirelength.weighted_average_wirelength - wirelength forward 0.172 ms
[DEBUG  ] dreamplace.ops.electric_potential.electric_potential - density forward 4.905 ms
[DEBUG  ] dreamplace.ops.electric_potential.electric_potential - density backward 6.565 ms
[DEBUG  ] dreamplace.ops.weighted_average_wirelength.weighted_average_wirelength - wirelength backward 0.128 ms
[INFO   ] DREAMPlace - optimizer step 20.143 ms
[INFO   ] DREAMPlace - iteration   13, (   0,  6,  1), Obj 2.738468E+04, NetCrossing 5.373E+01, NetCrossingWeight 1.000000E+01, DensityWeight 2.592478E-07, HPWL 4.732450E+02, Overflow 4.212085E-01, MaxDensity 1.857E+01, MacroOverlap 7.441E+02, MacroOverlapWeight 8.000000E-06, gamma 1.924415E+00, time 7.220ms
[INFO   ] DREAMPlace - full step 28.455 ms
[INFO   ] DREAMPlace - Lsub stopping criteria: 1 and 27384.7 > 26075.9 * 0.999
[DEBUG  ] dreamplace.ops.weighted_average_wirelength.weighted_average_wirelength - wirelength forward 0.133 ms
[DEBUG  ] dreamplace.ops.electric_potential.electric_potential - density forward 4.946 ms
[DEBUG  ] dreamplace.ops.electric_potential.electric_potential - density backward 6.348 ms
[DEBUG  ] dreamplace.ops.weighted_average_wirelength.weighted_average_wirelength - wirelength backward 0.127 ms
[INFO   ] DREAMPlace - optimizer step 19.501 ms
[INFO   ] DREAMPlace - iteration   14, (   0,  7,  0), Obj 2.670020E+04, NetCrossing 5.269E+01, NetCrossingWeight 1.000000E+01, DensityWeight 2.789790E-07, HPWL 4.647206E+02, Overflow 4.179976E-01, MaxDensity 1.807E+01, MacroOverlap 6.163E+02, MacroOverlapWeight 8.000000E-06, gamma 1.924415E+00, time 6.576ms
[INFO   ] DREAMPlace - full step 27.104 ms
[DEBUG  ] dreamplace.ops.weighted_average_wirelength.weighted_average_wirelength - wirelength forward 0.133 ms
[DEBUG  ] dreamplace.ops.electric_potential.electric_potential - density forward 4.726 ms
[DEBUG  ] dreamplace.ops.electric_potential.electric_potential - density backward 6.179 ms
[DEBUG  ] dreamplace.ops.weighted_average_wirelength.weighted_average_wirelength - wirelength backward 0.123 ms
[INFO   ] DREAMPlace - optimizer step 18.930 ms
[INFO   ] DREAMPlace - iteration   15, (   0,  7,  1), Obj 2.791331E+04, NetCrossing 5.364E+01, NetCrossingWeight 1.000000E+01, DensityWeight 2.789790E-07, HPWL 4.523696E+02, Overflow 4.137117E-01, MaxDensity 1.400E+01, MacroOverlap 5.130E+02, MacroOverlapWeight 8.000000E-06, gamma 1.924415E+00, time 7.294ms
[INFO   ] DREAMPlace - full step 27.299 ms
[INFO   ] DREAMPlace - Lsub stopping criteria: 1 and 27913.3 > 26700.2 * 0.999
[DEBUG  ] dreamplace.ops.weighted_average_wirelength.weighted_average_wirelength - wirelength forward 0.144 ms
[DEBUG  ] dreamplace.ops.electric_potential.electric_potential - density forward 5.061 ms
[DEBUG  ] dreamplace.ops.electric_potential.electric_potential - density backward 6.332 ms
[DEBUG  ] dreamplace.ops.weighted_average_wirelength.weighted_average_wirelength - wirelength backward 0.118 ms
[INFO   ] DREAMPlace - optimizer step 18.960 ms
[INFO   ] DREAMPlace - iteration   16, (   0,  8,  0), Obj 2.711630E+04, NetCrossing 5.549E+01, NetCrossingWeight 1.000000E+01, DensityWeight 3.001818E-07, HPWL 4.498110E+02, Overflow 4.090374E-01, MaxDensity 1.205E+01, MacroOverlap 4.225E+02, MacroOverlapWeight 8.000000E-06, gamma 1.924415E+00, time 7.339ms
[INFO   ] DREAMPlace - full step 27.328 ms
[DEBUG  ] dreamplace.ops.weighted_average_wirelength.weighted_average_wirelength - wirelength forward 0.150 ms
[DEBUG  ] dreamplace.ops.electric_potential.electric_potential - density forward 5.244 ms
[DEBUG  ] dreamplace.ops.electric_potential.electric_potential - density backward 7.267 ms
[DEBUG  ] dreamplace.ops.weighted_average_wirelength.weighted_average_wirelength - wirelength backward 0.127 ms
[INFO   ] DREAMPlace - optimizer step 20.664 ms
[INFO   ] DREAMPlace - iteration   17, (   0,  8,  1), Obj 2.833961E+04, NetCrossing 4.963E+01, NetCrossingWeight 1.000000E+01, DensityWeight 3.001818E-07, HPWL 4.236849E+02, Overflow 4.053313E-01, MaxDensity 1.205E+01, MacroOverlap 3.615E+02, MacroOverlapWeight 8.000000E-06, gamma 1.924415E+00, time 6.842ms
[INFO   ] DREAMPlace - full step 28.391 ms
[INFO   ] DREAMPlace - Lsub stopping criteria: 1 and 28339.6 > 27116.3 * 0.999
[DEBUG  ] dreamplace.ops.weighted_average_wirelength.weighted_average_wirelength - wirelength forward 0.178 ms
[DEBUG  ] dreamplace.ops.electric_potential.electric_potential - density forward 5.070 ms
[DEBUG  ] dreamplace.ops.electric_potential.electric_potential - density backward 6.241 ms
[DEBUG  ] dreamplace.ops.weighted_average_wirelength.weighted_average_wirelength - wirelength backward 0.141 ms
[DEBUG  ] dreamplace.ops.weighted_average_wirelength.weighted_average_wirelength - wirelength forward 0.105 ms
[DEBUG  ] dreamplace.ops.electric_potential.electric_potential - density forward 4.663 ms
[DEBUG  ] dreamplace.ops.electric_potential.electric_potential - density backward 6.174 ms
[DEBUG  ] dreamplace.ops.weighted_average_wirelength.weighted_average_wirelength - wirelength backward 0.115 ms
[INFO   ] DREAMPlace - optimizer step 38.526 ms
[INFO   ] DREAMPlace - iteration   18, (   0,  9,  0), Obj 2.754099E+04, NetCrossing 5.316E+01, NetCrossingWeight 1.000000E+01, DensityWeight 3.229639E-07, HPWL 4.247107E+02, Overflow 4.027723E-01, MaxDensity 1.205E+01, MacroOverlap 3.092E+02, MacroOverlapWeight 8.000000E-06, gamma 1.924415E+00, time 7.610ms
[INFO   ] DREAMPlace - full step 47.166 ms
[DEBUG  ] dreamplace.ops.weighted_average_wirelength.weighted_average_wirelength - wirelength forward 0.108 ms
[DEBUG  ] dreamplace.ops.electric_potential.electric_potential - density forward 4.927 ms
[DEBUG  ] dreamplace.ops.electric_potential.electric_potential - density backward 7.228 ms
[DEBUG  ] dreamplace.ops.weighted_average_wirelength.weighted_average_wirelength - wirelength backward 0.091 ms
[INFO   ] DREAMPlace - optimizer step 19.903 ms
[INFO   ] DREAMPlace - iteration   19, (   0,  9,  1), Obj 2.910960E+04, NetCrossing 5.083E+01, NetCrossingWeight 1.000000E+01, DensityWeight 3.229639E-07, HPWL 4.087215E+02, Overflow 4.017557E-01, MaxDensity 1.255E+01, MacroOverlap 2.789E+02, MacroOverlapWeight 8.000000E-06, gamma 1.924415E+00, time 6.268ms
[INFO   ] DREAMPlace - full step 27.072 ms
[INFO   ] DREAMPlace - Lsub stopping criteria: 1 and 29109.6 > 27541 * 0.999
[DEBUG  ] dreamplace.ops.weighted_average_wirelength.weighted_average_wirelength - wirelength forward 0.154 ms
[DEBUG  ] dreamplace.ops.electric_potential.electric_potential - density forward 4.979 ms
[DEBUG  ] dreamplace.ops.electric_potential.electric_potential - density backward 7.259 ms
[DEBUG  ] dreamplace.ops.weighted_average_wirelength.weighted_average_wirelength - wirelength backward 0.139 ms
[DEBUG  ] dreamplace.ops.weighted_average_wirelength.weighted_average_wirelength - wirelength forward 0.106 ms
[DEBUG  ] dreamplace.ops.electric_potential.electric_potential - density forward 5.249 ms
[DEBUG  ] dreamplace.ops.electric_potential.electric_potential - density backward 6.904 ms
[DEBUG  ] dreamplace.ops.weighted_average_wirelength.weighted_average_wirelength - wirelength backward 0.118 ms
[DEBUG  ] dreamplace.ops.weighted_average_wirelength.weighted_average_wirelength - wirelength forward 0.105 ms
[DEBUG  ] dreamplace.ops.electric_potential.electric_potential - density forward 4.853 ms
[DEBUG  ] dreamplace.ops.electric_potential.electric_potential - density backward 7.124 ms
[DEBUG  ] dreamplace.ops.weighted_average_wirelength.weighted_average_wirelength - wirelength backward 0.121 ms
[INFO   ] DREAMPlace - optimizer step 61.721 ms
[INFO   ] DREAMPlace - iteration   20, (   1,  0,  0), Obj 2.879541E+04, NetCrossing 4.920E+01, NetCrossingWeight 1.000000E+01, DensityWeight 3.474402E-07, HPWL 4.061234E+02, Overflow 4.046339E-01, MaxDensity 1.305E+01, MacroOverlap 2.656E+02, MacroOverlapWeight 8.000000E-06, gamma 9.012950E-02, time 6.068ms
[INFO   ] DREAMPlace - full step 68.820 ms
[DEBUG  ] dreamplace.ops.weighted_average_wirelength.weighted_average_wirelength - wirelength forward 0.210 ms
[DEBUG  ] dreamplace.ops.electric_potential.electric_potential - density forward 4.767 ms
[DEBUG  ] dreamplace.ops.electric_potential.electric_potential - density backward 6.582 ms
[DEBUG  ] dreamplace.ops.weighted_average_wirelength.weighted_average_wirelength - wirelength backward 0.122 ms
[INFO   ] DREAMPlace - optimizer step 20.139 ms
[INFO   ] DREAMPlace - iteration   21, (   1,  0,  1), Obj 3.065061E+04, NetCrossing 6.647E+01, NetCrossingWeight 1.000000E+01, DensityWeight 3.474402E-07, HPWL 3.717281E+02, Overflow 4.054358E-01, MaxDensity 1.405E+01, MacroOverlap 2.524E+02, MacroOverlapWeight 8.000000E-06, gamma 9.012950E-02, time 7.507ms
[INFO   ] DREAMPlace - full step 28.870 ms
[INFO   ] DREAMPlace - Lsub stopping criteria: 1 and 30650.6 > 28795.4 * 0.999
[DEBUG  ] dreamplace.ops.weighted_average_wirelength.weighted_average_wirelength - wirelength forward 0.153 ms
[DEBUG  ] dreamplace.ops.electric_potential.electric_potential - density forward 5.180 ms
[DEBUG  ] dreamplace.ops.electric_potential.electric_potential - density backward 7.052 ms
[DEBUG  ] dreamplace.ops.weighted_average_wirelength.weighted_average_wirelength - wirelength backward 0.122 ms
[INFO   ] DREAMPlace - optimizer step 20.557 ms
[INFO   ] DREAMPlace - iteration   22, (   1,  1,  0), Obj 3.044198E+04, NetCrossing 6.463E+01, NetCrossingWeight 1.000000E+01, DensityWeight 3.737341E-07, HPWL 4.287622E+02, Overflow 4.014073E-01, MaxDensity 1.355E+01, MacroOverlap 2.425E+02, MacroOverlapWeight 8.000000E-06, gamma 9.012950E-02, time 6.912ms
[INFO   ] DREAMPlace - full step 28.647 ms
[DEBUG  ] dreamplace.ops.weighted_average_wirelength.weighted_average_wirelength - wirelength forward 0.137 ms
[DEBUG  ] dreamplace.ops.electric_potential.electric_potential - density forward 4.844 ms
[DEBUG  ] dreamplace.ops.electric_potential.electric_potential - density backward 5.812 ms
[DEBUG  ] dreamplace.ops.weighted_average_wirelength.weighted_average_wirelength - wirelength backward 0.114 ms
[INFO   ] DREAMPlace - optimizer step 18.679 ms
[INFO   ] DREAMPlace - iteration   23, (   1,  1,  1), Obj 3.239015E+04, NetCrossing 6.077E+01, NetCrossingWeight 1.000000E+01, DensityWeight 3.737341E-07, HPWL 3.989419E+02, Overflow 4.091160E-01, MaxDensity 1.305E+01, MacroOverlap 2.424E+02, MacroOverlapWeight 8.000000E-06, gamma 9.012950E-02, time 6.968ms
[INFO   ] DREAMPlace - full step 26.658 ms
[INFO   ] DREAMPlace - Lsub stopping criteria: 1 and 32390.1 > 30442 * 0.999
[DEBUG  ] dreamplace.ops.weighted_average_wirelength.weighted_average_wirelength - wirelength forward 0.110 ms
[DEBUG  ] dreamplace.ops.electric_potential.electric_potential - density forward 4.653 ms
[DEBUG  ] dreamplace.ops.electric_potential.electric_potential - density backward 6.639 ms
[DEBUG  ] dreamplace.ops.weighted_average_wirelength.weighted_average_wirelength - wirelength backward 0.116 ms
[INFO   ] DREAMPlace - optimizer step 19.576 ms
[INFO   ] DREAMPlace - iteration   24, (   1,  2,  0), Obj 3.190992E+04, NetCrossing 5.619E+01, NetCrossingWeight 1.000000E+01, DensityWeight 4.024577E-07, HPWL 4.001360E+02, Overflow 4.082050E-01, MaxDensity 1.205E+01, MacroOverlap 2.240E+02, MacroOverlapWeight 8.000000E-06, gamma 9.012950E-02, time 6.297ms
[INFO   ] DREAMPlace - full step 26.900 ms
[DEBUG  ] dreamplace.ops.weighted_average_wirelength.weighted_average_wirelength - wirelength forward 0.108 ms
[DEBUG  ] dreamplace.ops.electric_potential.electric_potential - density forward 4.833 ms
[DEBUG  ] dreamplace.ops.electric_potential.electric_potential - density backward 6.872 ms
[DEBUG  ] dreamplace.ops.weighted_average_wirelength.weighted_average_wirelength - wirelength backward 0.118 ms
[INFO   ] DREAMPlace - optimizer step 19.774 ms
[INFO   ] DREAMPlace - iteration   25, (   1,  2,  1), Obj 3.388518E+04, NetCrossing 5.799E+01, NetCrossingWeight 1.000000E+01, DensityWeight 4.024577E-07, HPWL 4.027748E+02, Overflow 4.083464E-01, MaxDensity 1.205E+01, MacroOverlap 2.074E+02, MacroOverlapWeight 8.000000E-06, gamma 9.012950E-02, time 6.149ms
[INFO   ] DREAMPlace - full step 26.816 ms
[INFO   ] DREAMPlace - Lsub stopping criteria: 1 and 33885.2 > 31909.9 * 0.999
[DEBUG  ] dreamplace.ops.weighted_average_wirelength.weighted_average_wirelength - wirelength forward 0.112 ms
[DEBUG  ] dreamplace.ops.electric_potential.electric_potential - density forward 5.699 ms
[DEBUG  ] dreamplace.ops.electric_potential.electric_potential - density backward 6.382 ms
[DEBUG  ] dreamplace.ops.weighted_average_wirelength.weighted_average_wirelength - wirelength backward 0.115 ms
[INFO   ] DREAMPlace - optimizer step 20.264 ms
[INFO   ] DREAMPlace - iteration   26, (   1,  3,  0), Obj 3.349280E+04, NetCrossing 6.801E+01, NetCrossingWeight 1.000000E+01, DensityWeight 4.333912E-07, HPWL 3.976029E+02, Overflow 4.072520E-01, MaxDensity 1.104E+01, MacroOverlap 2.022E+02, MacroOverlapWeight 8.000000E-06, gamma 9.012950E-02, time 6.135ms
[INFO   ] DREAMPlace - full step 27.180 ms
[DEBUG  ] dreamplace.ops.weighted_average_wirelength.weighted_average_wirelength - wirelength forward 0.112 ms
[DEBUG  ] dreamplace.ops.electric_potential.electric_potential - density forward 4.746 ms
[DEBUG  ] dreamplace.ops.electric_potential.electric_potential - density backward 5.726 ms
[DEBUG  ] dreamplace.ops.weighted_average_wirelength.weighted_average_wirelength - wirelength backward 0.118 ms
[INFO   ] DREAMPlace - optimizer step 18.342 ms
[INFO   ] DREAMPlace - iteration   27, (   1,  3,  1), Obj 3.556089E+04, NetCrossing 6.249E+01, NetCrossingWeight 1.000000E+01, DensityWeight 4.333912E-07, HPWL 3.822140E+02, Overflow 4.089065E-01, MaxDensity 1.104E+01, MacroOverlap 1.911E+02, MacroOverlapWeight 8.000000E-06, gamma 9.012950E-02, time 6.081ms
[INFO   ] DREAMPlace - full step 25.409 ms
[INFO   ] DREAMPlace - Lsub stopping criteria: 1 and 35560.9 > 33492.8 * 0.999
[DEBUG  ] dreamplace.ops.weighted_average_wirelength.weighted_average_wirelength - wirelength forward 0.133 ms
[DEBUG  ] dreamplace.ops.electric_potential.electric_potential - density forward 4.779 ms
[DEBUG  ] dreamplace.ops.electric_potential.electric_potential - density backward 6.617 ms
[DEBUG  ] dreamplace.ops.weighted_average_wirelength.weighted_average_wirelength - wirelength backward 0.121 ms
[INFO   ] DREAMPlace - optimizer step 19.449 ms
[INFO   ] DREAMPlace - iteration   28, (   1,  4,  0), Obj 3.493373E+04, NetCrossing 6.608E+01, NetCrossingWeight 1.000000E+01, DensityWeight 4.660500E-07, HPWL 4.365275E+02, Overflow 4.049869E-01, MaxDensity 1.154E+01, MacroOverlap 1.791E+02, MacroOverlapWeight 8.000000E-06, gamma 9.012950E-02, time 6.735ms
[INFO   ] DREAMPlace - full step 27.232 ms
[DEBUG  ] dreamplace.ops.weighted_average_wirelength.weighted_average_wirelength - wirelength forward 0.116 ms
[DEBUG  ] dreamplace.ops.electric_potential.electric_potential - density forward 5.629 ms
[DEBUG  ] dreamplace.ops.electric_potential.electric_potential - density backward 6.531 ms
[DEBUG  ] dreamplace.ops.weighted_average_wirelength.weighted_average_wirelength - wirelength backward 0.124 ms
[INFO   ] DREAMPlace - optimizer step 20.002 ms
[INFO   ] DREAMPlace - iteration   29, (   1,  4,  1), Obj 3.707245E+04, NetCrossing 6.983E+01, NetCrossingWeight 1.000000E+01, DensityWeight 4.660500E-07, HPWL 3.796606E+02, Overflow 4.095151E-01, MaxDensity 1.104E+01, MacroOverlap 1.707E+02, MacroOverlapWeight 8.000000E-06, gamma 9.012950E-02, time 6.503ms
[INFO   ] DREAMPlace - full step 27.488 ms
[INFO   ] DREAMPlace - Lsub stopping criteria: 1 and 37072.4 > 34933.7 * 0.999
[DEBUG  ] dreamplace.ops.weighted_average_wirelength.weighted_average_wirelength - wirelength forward 0.176 ms
[DEBUG  ] dreamplace.ops.electric_potential.electric_potential - density forward 5.068 ms
[DEBUG  ] dreamplace.ops.electric_potential.electric_potential - density backward 6.613 ms
[DEBUG  ] dreamplace.ops.weighted_average_wirelength.weighted_average_wirelength - wirelength backward 0.118 ms
[INFO   ] DREAMPlace - optimizer step 19.930 ms
[INFO   ] DREAMPlace - iteration   30, (   1,  5,  0), Obj 3.637289E+04, NetCrossing 6.486E+01, NetCrossingWeight 1.000000E+01, DensityWeight 5.011196E-07, HPWL 4.207769E+02, Overflow 4.004788E-01, MaxDensity 1.104E+01, MacroOverlap 1.500E+02, MacroOverlapWeight 8.000000E-06, gamma 9.012950E-02, time 7.533ms
[INFO   ] DREAMPlace - full step 28.440 ms
[DEBUG  ] dreamplace.ops.weighted_average_wirelength.weighted_average_wirelength - wirelength forward 0.153 ms
[DEBUG  ] dreamplace.ops.electric_potential.electric_potential - density forward 5.010 ms
[DEBUG  ] dreamplace.ops.electric_potential.electric_potential - density backward 6.208 ms
[DEBUG  ] dreamplace.ops.weighted_average_wirelength.weighted_average_wirelength - wirelength backward 0.129 ms
[INFO   ] DREAMPlace - optimizer step 20.388 ms
[INFO   ] DREAMPlace - iteration   31, (   1,  5,  1), Obj 3.827625E+04, NetCrossing 6.092E+01, NetCrossingWeight 1.000000E+01, DensityWeight 5.011196E-07, HPWL 3.970765E+02, Overflow 4.043911E-01, MaxDensity 1.155E+01, MacroOverlap 1.487E+02, MacroOverlapWeight 8.000000E-06, gamma 9.012950E-02, time 6.820ms
[INFO   ] DREAMPlace - full step 28.240 ms
[INFO   ] DREAMPlace - Lsub stopping criteria: 1 and 38276.2 > 36372.9 * 0.999
[DEBUG  ] dreamplace.ops.weighted_average_wirelength.weighted_average_wirelength - wirelength forward 0.178 ms
[DEBUG  ] dreamplace.ops.electric_potential.electric_potential - density forward 5.098 ms
[DEBUG  ] dreamplace.ops.electric_potential.electric_potential - density backward 6.526 ms
[DEBUG  ] dreamplace.ops.weighted_average_wirelength.weighted_average_wirelength - wirelength backward 0.110 ms
[INFO   ] DREAMPlace - optimizer step 19.756 ms
[INFO   ] DREAMPlace - iteration   32, (   1,  6,  0), Obj 3.775946E+04, NetCrossing 5.737E+01, NetCrossingWeight 1.000000E+01, DensityWeight 5.396348E-07, HPWL 4.029998E+02, Overflow 3.997826E-01, MaxDensity 1.066E+01, MacroOverlap 1.321E+02, MacroOverlapWeight 8.000000E-06, gamma 9.012950E-02, time 6.156ms
[INFO   ] DREAMPlace - full step 26.886 ms
[DEBUG  ] dreamplace.ops.weighted_average_wirelength.weighted_average_wirelength - wirelength forward 0.149 ms
[DEBUG  ] dreamplace.ops.electric_potential.electric_potential - density forward 5.096 ms
[DEBUG  ] dreamplace.ops.electric_potential.electric_potential - density backward 6.333 ms
[DEBUG  ] dreamplace.ops.weighted_average_wirelength.weighted_average_wirelength - wirelength backward 0.104 ms
[INFO   ] DREAMPlace - optimizer step 19.531 ms
[INFO   ] DREAMPlace - iteration   33, (   1,  6,  1), Obj 3.987626E+04, NetCrossing 4.490E+01, NetCrossingWeight 1.000000E+01, DensityWeight 5.396348E-07, HPWL 4.452934E+02, Overflow 3.988114E-01, MaxDensity 1.054E+01, MacroOverlap 1.339E+02, MacroOverlapWeight 8.000000E-06, gamma 9.012950E-02, time 6.855ms
[INFO   ] DREAMPlace - full step 27.336 ms
[INFO   ] DREAMPlace - Lsub stopping criteria: 1 and 39876.3 > 37759.5 * 0.999
[DEBUG  ] dreamplace.ops.weighted_average_wirelength.weighted_average_wirelength - wirelength forward 0.138 ms
[DEBUG  ] dreamplace.ops.electric_potential.electric_potential - density forward 4.711 ms
[DEBUG  ] dreamplace.ops.electric_potential.electric_potential - density backward 6.978 ms
[DEBUG  ] dreamplace.ops.weighted_average_wirelength.weighted_average_wirelength - wirelength backward 0.094 ms
[INFO   ] DREAMPlace - optimizer step 18.779 ms
[INFO   ] DREAMPlace - iteration   34, (   1,  7,  0), Obj 3.967428E+04, NetCrossing 5.061E+01, NetCrossingWeight 1.000000E+01, DensityWeight 5.811057E-07, HPWL 4.484570E+02, Overflow 3.967100E-01, MaxDensity 1.054E+01, MacroOverlap 1.316E+02, MacroOverlapWeight 8.000000E-06, gamma 9.012950E-02, time 6.351ms
[INFO   ] DREAMPlace - full step 25.985 ms
[DEBUG  ] dreamplace.ops.weighted_average_wirelength.weighted_average_wirelength - wirelength forward 0.116 ms
[DEBUG  ] dreamplace.ops.electric_potential.electric_potential - density forward 4.700 ms
[DEBUG  ] dreamplace.ops.electric_potential.electric_potential - density backward 6.565 ms
[DEBUG  ] dreamplace.ops.weighted_average_wirelength.weighted_average_wirelength - wirelength backward 0.093 ms
[INFO   ] DREAMPlace - optimizer step 19.247 ms
[INFO   ] DREAMPlace - iteration   35, (   1,  7,  1), Obj 4.196504E+04, NetCrossing 4.418E+01, NetCrossingWeight 1.000000E+01, DensityWeight 5.811057E-07, HPWL 4.452433E+02, Overflow 3.952326E-01, MaxDensity 1.054E+01, MacroOverlap 1.248E+02, MacroOverlapWeight 8.000000E-06, gamma 9.012950E-02, time 6.156ms
[INFO   ] DREAMPlace - full step 26.232 ms
[INFO   ] DREAMPlace - Lsub stopping criteria: 1 and 41965 > 39674.3 * 0.999
[DEBUG  ] dreamplace.ops.weighted_average_wirelength.weighted_average_wirelength - wirelength forward 0.145 ms
[DEBUG  ] dreamplace.ops.electric_potential.electric_potential - density forward 5.003 ms
[DEBUG  ] dreamplace.ops.electric_potential.electric_potential - density backward 6.845 ms
[DEBUG  ] dreamplace.ops.weighted_average_wirelength.weighted_average_wirelength - wirelength backward 0.112 ms
[INFO   ] DREAMPlace - optimizer step 20.509 ms
[INFO   ] DREAMPlace - iteration   36, (   1,  8,  0), Obj 4.125357E+04, NetCrossing 4.906E+01, NetCrossingWeight 1.000000E+01, DensityWeight 6.246457E-07, HPWL 3.966353E+02, Overflow 3.956763E-01, MaxDensity 8.970E+00, MacroOverlap 1.104E+02, MacroOverlapWeight 8.000000E-06, gamma 9.012950E-02, time 6.699ms
[INFO   ] DREAMPlace - full step 28.151 ms
[DEBUG  ] dreamplace.ops.weighted_average_wirelength.weighted_average_wirelength - wirelength forward 0.130 ms
[DEBUG  ] dreamplace.ops.electric_potential.electric_potential - density forward 5.222 ms
[DEBUG  ] dreamplace.ops.electric_potential.electric_potential - density backward 6.118 ms
[DEBUG  ] dreamplace.ops.weighted_average_wirelength.weighted_average_wirelength - wirelength backward 0.136 ms
[INFO   ] DREAMPlace - optimizer step 19.726 ms
[INFO   ] DREAMPlace - iteration   37, (   1,  8,  1), Obj 4.356366E+04, NetCrossing 4.175E+01, NetCrossingWeight 1.000000E+01, DensityWeight 6.246457E-07, HPWL 4.420339E+02, Overflow 3.941277E-01, MaxDensity 1.004E+01, MacroOverlap 1.034E+02, MacroOverlapWeight 8.000000E-06, gamma 9.012950E-02, time 7.403ms
[INFO   ] DREAMPlace - full step 28.260 ms
[INFO   ] DREAMPlace - Lsub stopping criteria: 1 and 43563.7 > 41253.6 * 0.999
[DEBUG  ] dreamplace.ops.weighted_average_wirelength.weighted_average_wirelength - wirelength forward 0.139 ms
[DEBUG  ] dreamplace.ops.electric_potential.electric_potential - density forward 5.159 ms
[DEBUG  ] dreamplace.ops.electric_potential.electric_potential - density backward 6.866 ms
[DEBUG  ] dreamplace.ops.weighted_average_wirelength.weighted_average_wirelength - wirelength backward 0.150 ms
[INFO   ] DREAMPlace - optimizer step 20.581 ms
[INFO   ] DREAMPlace - iteration   38, (   1,  9,  0), Obj 4.298234E+04, NetCrossing 4.649E+01, NetCrossingWeight 1.000000E+01, DensityWeight 6.713809E-07, HPWL 4.461093E+02, Overflow 3.870124E-01, MaxDensity 1.004E+01, MacroOverlap 8.849E+01, MacroOverlapWeight 8.000000E-06, gamma 9.012950E-02, time 6.764ms
[INFO   ] DREAMPlace - full step 28.326 ms
[DEBUG  ] dreamplace.ops.weighted_average_wirelength.weighted_average_wirelength - wirelength forward 0.156 ms
[DEBUG  ] dreamplace.ops.electric_potential.electric_potential - density forward 5.241 ms
[DEBUG  ] dreamplace.ops.electric_potential.electric_potential - density backward 6.518 ms
[DEBUG  ] dreamplace.ops.weighted_average_wirelength.weighted_average_wirelength - wirelength backward 0.131 ms
[INFO   ] DREAMPlace - optimizer step 20.677 ms
[INFO   ] DREAMPlace - iteration   39, (   1,  9,  1), Obj 4.566559E+04, NetCrossing 5.189E+01, NetCrossingWeight 1.000000E+01, DensityWeight 6.713809E-07, HPWL 4.522074E+02, Overflow 3.884322E-01, MaxDensity 8.031E+00, MacroOverlap 7.254E+01, MacroOverlapWeight 8.000000E-06, gamma 9.012950E-02, time 6.979ms
[INFO   ] DREAMPlace - full step 28.549 ms
[INFO   ] DREAMPlace - Lsub stopping criteria: 1 and 45665.6 > 42982.3 * 0.999
[DEBUG  ] dreamplace.ops.weighted_average_wirelength.weighted_average_wirelength - wirelength forward 0.180 ms
[DEBUG  ] dreamplace.ops.electric_potential.electric_potential - density forward 5.266 ms
[DEBUG  ] dreamplace.ops.electric_potential.electric_potential - density backward 7.271 ms
[DEBUG  ] dreamplace.ops.weighted_average_wirelength.weighted_average_wirelength - wirelength backward 0.098 ms
[INFO   ] DREAMPlace - optimizer step 21.594 ms
[INFO   ] DREAMPlace - iteration   40, (   2,  0,  0), Obj 4.482292E+04, NetCrossing 4.226E+01, NetCrossingWeight 1.000000E+01, DensityWeight 7.229833E-07, HPWL 4.763667E+02, Overflow 3.842714E-01, MaxDensity 9.537E+00, MacroOverlap 7.248E+01, MacroOverlapWeight 8.000000E-06, gamma 8.418973E-02, time 7.409ms
[INFO   ] DREAMPlace - full step 29.969 ms
[DEBUG  ] dreamplace.ops.weighted_average_wirelength.weighted_average_wirelength - wirelength forward 0.149 ms
[DEBUG  ] dreamplace.ops.electric_potential.electric_potential - density forward 5.194 ms
[DEBUG  ] dreamplace.ops.electric_potential.electric_potential - density backward 6.571 ms
[DEBUG  ] dreamplace.ops.weighted_average_wirelength.weighted_average_wirelength - wirelength backward 0.122 ms
[INFO   ] DREAMPlace - optimizer step 21.964 ms
[INFO   ] DREAMPlace - iteration   41, (   2,  0,  1), Obj 4.745952E+04, NetCrossing 4.206E+01, NetCrossingWeight 1.000000E+01, DensityWeight 7.229833E-07, HPWL 5.077546E+02, Overflow 3.880011E-01, MaxDensity 9.537E+00, MacroOverlap 6.395E+01, MacroOverlapWeight 8.000000E-06, gamma 8.418973E-02, time 6.999ms
[INFO   ] DREAMPlace - full step 29.834 ms
[INFO   ] DREAMPlace - Lsub stopping criteria: 1 and 47459.5 > 44822.9 * 0.999
[DEBUG  ] dreamplace.ops.weighted_average_wirelength.weighted_average_wirelength - wirelength forward 0.149 ms
[DEBUG  ] dreamplace.ops.electric_potential.electric_potential - density forward 5.686 ms
[DEBUG  ] dreamplace.ops.electric_potential.electric_potential - density backward 6.584 ms
[DEBUG  ] dreamplace.ops.weighted_average_wirelength.weighted_average_wirelength - wirelength backward 0.133 ms
[INFO   ] DREAMPlace - optimizer step 21.913 ms
[INFO   ] DREAMPlace - iteration   42, (   2,  1,  0), Obj 4.640351E+04, NetCrossing 4.841E+01, NetCrossingWeight 1.000000E+01, DensityWeight 7.785432E-07, HPWL 4.687735E+02, Overflow 3.879573E-01, MaxDensity 1.004E+01, MacroOverlap 6.191E+01, MacroOverlapWeight 8.000000E-06, gamma 8.418973E-02, time 6.986ms
[INFO   ] DREAMPlace - full step 29.826 ms
[DEBUG  ] dreamplace.ops.weighted_average_wirelength.weighted_average_wirelength - wirelength forward 0.152 ms
[DEBUG  ] dreamplace.ops.electric_potential.electric_potential - density forward 5.138 ms
[DEBUG  ] dreamplace.ops.electric_potential.electric_potential - density backward 7.355 ms
[DEBUG  ] dreamplace.ops.weighted_average_wirelength.weighted_average_wirelength - wirelength backward 0.130 ms
[DEBUG  ] dreamplace.ops.weighted_average_wirelength.weighted_average_wirelength - wirelength forward 0.132 ms
[DEBUG  ] dreamplace.ops.electric_potential.electric_potential - density forward 5.199 ms
[DEBUG  ] dreamplace.ops.electric_potential.electric_potential - density backward 6.835 ms
[DEBUG  ] dreamplace.ops.weighted_average_wirelength.weighted_average_wirelength - wirelength backward 0.124 ms
[DEBUG  ] dreamplace.ops.weighted_average_wirelength.weighted_average_wirelength - wirelength forward 0.133 ms
[DEBUG  ] dreamplace.ops.electric_potential.electric_potential - density forward 5.065 ms
[DEBUG  ] dreamplace.ops.electric_potential.electric_potential - density backward 7.227 ms
[DEBUG  ] dreamplace.ops.weighted_average_wirelength.weighted_average_wirelength - wirelength backward 0.120 ms
[INFO   ] DREAMPlace - optimizer step 75.506 ms
[INFO   ] DREAMPlace - iteration   43, (   2,  1,  1), Obj 4.928200E+04, NetCrossing 4.776E+01, NetCrossingWeight 1.000000E+01, DensityWeight 7.785432E-07, HPWL 4.702371E+02, Overflow 3.898847E-01, MaxDensity 9.791E+00, MacroOverlap 5.722E+01, MacroOverlapWeight 8.000000E-06, gamma 8.418973E-02, time 7.005ms
[INFO   ] DREAMPlace - full step 83.535 ms
[INFO   ] DREAMPlace - Lsub stopping criteria: 1 and 49282 > 46403.5 * 0.999
[DEBUG  ] dreamplace.ops.weighted_average_wirelength.weighted_average_wirelength - wirelength forward 0.149 ms
[DEBUG  ] dreamplace.ops.electric_potential.electric_potential - density forward 5.079 ms
[DEBUG  ] dreamplace.ops.electric_potential.electric_potential - density backward 7.783 ms
[DEBUG  ] dreamplace.ops.weighted_average_wirelength.weighted_average_wirelength - wirelength backward 0.149 ms
[INFO   ] DREAMPlace - optimizer step 21.355 ms
[INFO   ] DREAMPlace - iteration   44, (   2,  2,  0), Obj 4.854319E+04, NetCrossing 4.704E+01, NetCrossingWeight 1.000000E+01, DensityWeight 8.365418E-07, HPWL 4.116896E+02, Overflow 3.865269E-01, MaxDensity 1.004E+01, MacroOverlap 5.672E+01, MacroOverlapWeight 8.000000E-06, gamma 8.418973E-02, time 6.773ms
[INFO   ] DREAMPlace - full step 29.100 ms
[DEBUG  ] dreamplace.ops.weighted_average_wirelength.weighted_average_wirelength - wirelength forward 0.112 ms
[DEBUG  ] dreamplace.ops.electric_potential.electric_potential - density forward 5.103 ms
[DEBUG  ] dreamplace.ops.electric_potential.electric_potential - density backward 7.141 ms
[DEBUG  ] dreamplace.ops.weighted_average_wirelength.weighted_average_wirelength - wirelength backward 0.127 ms
[INFO   ] DREAMPlace - optimizer step 20.760 ms
[INFO   ] DREAMPlace - iteration   45, (   2,  2,  1), Obj 5.159998E+04, NetCrossing 4.316E+01, NetCrossingWeight 1.000000E+01, DensityWeight 8.365418E-07, HPWL 4.345149E+02, Overflow 3.873970E-01, MaxDensity 9.879E+00, MacroOverlap 5.525E+01, MacroOverlapWeight 8.000000E-06, gamma 8.418973E-02, time 6.832ms
[INFO   ] DREAMPlace - full step 28.453 ms
[INFO   ] DREAMPlace - Lsub stopping criteria: 1 and 51600 > 48543.2 * 0.999
[DEBUG  ] dreamplace.ops.weighted_average_wirelength.weighted_average_wirelength - wirelength forward 0.147 ms
[DEBUG  ] dreamplace.ops.electric_potential.electric_potential - density forward 5.173 ms
[DEBUG  ] dreamplace.ops.electric_potential.electric_potential - density backward 7.280 ms
[DEBUG  ] dreamplace.ops.weighted_average_wirelength.weighted_average_wirelength - wirelength backward 0.128 ms
[INFO   ] DREAMPlace - optimizer step 21.255 ms
[INFO   ] DREAMPlace - iteration   46, (   2,  3,  0), Obj 5.046049E+04, NetCrossing 4.122E+01, NetCrossingWeight 1.000000E+01, DensityWeight 8.987711E-07, HPWL 4.498727E+02, Overflow 3.886898E-01, MaxDensity 9.537E+00, MacroOverlap 5.705E+01, MacroOverlapWeight 8.000000E-06, gamma 8.418973E-02, time 6.726ms
[INFO   ] DREAMPlace - full step 28.879 ms
[DEBUG  ] dreamplace.ops.weighted_average_wirelength.weighted_average_wirelength - wirelength forward 0.139 ms
[DEBUG  ] dreamplace.ops.electric_potential.electric_potential - density forward 4.852 ms
[DEBUG  ] dreamplace.ops.electric_potential.electric_potential - density backward 6.880 ms
[DEBUG  ] dreamplace.ops.weighted_average_wirelength.weighted_average_wirelength - wirelength backward 0.124 ms
[INFO   ] DREAMPlace - optimizer step 20.168 ms
[INFO   ] DREAMPlace - iteration   47, (   2,  3,  1), Obj 5.300195E+04, NetCrossing 3.908E+01, NetCrossingWeight 1.000000E+01, DensityWeight 8.987711E-07, HPWL 4.454870E+02, Overflow 3.898008E-01, MaxDensity 9.537E+00, MacroOverlap 5.116E+01, MacroOverlapWeight 8.000000E-06, gamma 8.418973E-02, time 6.806ms
[INFO   ] DREAMPlace - full step 27.930 ms
[INFO   ] DREAMPlace - Lsub stopping criteria: 1 and 53001.9 > 50460.5 * 0.999
[DEBUG  ] dreamplace.ops.weighted_average_wirelength.weighted_average_wirelength - wirelength forward 0.110 ms
[DEBUG  ] dreamplace.ops.electric_potential.electric_potential - density forward 4.667 ms
[DEBUG  ] dreamplace.ops.electric_potential.electric_potential - density backward 7.193 ms
[DEBUG  ] dreamplace.ops.weighted_average_wirelength.weighted_average_wirelength - wirelength backward 0.129 ms
[INFO   ] DREAMPlace - optimizer step 19.905 ms
[INFO   ] DREAMPlace - iteration   48, (   2,  4,  0), Obj 5.193043E+04, NetCrossing 4.384E+01, NetCrossingWeight 1.000000E+01, DensityWeight 9.678506E-07, HPWL 4.782118E+02, Overflow 3.830279E-01, MaxDensity 9.537E+00, MacroOverlap 5.027E+01, MacroOverlapWeight 8.000000E-06, gamma 8.418973E-02, time 6.107ms
[INFO   ] DREAMPlace - full step 27.079 ms
[DEBUG  ] dreamplace.ops.weighted_average_wirelength.weighted_average_wirelength - wirelength forward 0.154 ms
[DEBUG  ] dreamplace.ops.electric_potential.electric_potential - density forward 5.525 ms
[DEBUG  ] dreamplace.ops.electric_potential.electric_potential - density backward 5.715 ms
[DEBUG  ] dreamplace.ops.weighted_average_wirelength.weighted_average_wirelength - wirelength backward 0.094 ms
[INFO   ] DREAMPlace - optimizer step 19.857 ms
[INFO   ] DREAMPlace - iteration   49, (   2,  4,  1), Obj 5.442073E+04, NetCrossing 3.968E+01, NetCrossingWeight 1.000000E+01, DensityWeight 9.678506E-07, HPWL 4.457251E+02, Overflow 3.853743E-01, MaxDensity 8.533E+00, MacroOverlap 4.659E+01, MacroOverlapWeight 8.000000E-06, gamma 8.418973E-02, time 7.029ms
[INFO   ] DREAMPlace - full step 27.942 ms
[INFO   ] DREAMPlace - Lsub stopping criteria: 1 and 54420.7 > 51930.4 * 0.999
[DEBUG  ] dreamplace.ops.weighted_average_wirelength.weighted_average_wirelength - wirelength forward 0.148 ms
[DEBUG  ] dreamplace.ops.electric_potential.electric_potential - density forward 5.159 ms
[DEBUG  ] dreamplace.ops.electric_potential.electric_potential - density backward 6.317 ms
[DEBUG  ] dreamplace.ops.weighted_average_wirelength.weighted_average_wirelength - wirelength backward 0.099 ms
[INFO   ] DREAMPlace - optimizer step 20.670 ms
[INFO   ] DREAMPlace - iteration   50, (   2,  5,  0), Obj 5.302080E+04, NetCrossing 3.954E+01, NetCrossingWeight 1.000000E+01, DensityWeight 1.042242E-06, HPWL 5.281129E+02, Overflow 3.795094E-01, MaxDensity 8.031E+00, MacroOverlap 4.559E+01, MacroOverlapWeight 8.000000E-06, gamma 8.418973E-02, time 6.811ms
[INFO   ] DREAMPlace - full step 28.556 ms
[DEBUG  ] dreamplace.ops.weighted_average_wirelength.weighted_average_wirelength - wirelength forward 0.153 ms
[DEBUG  ] dreamplace.ops.electric_potential.electric_potential - density forward 5.871 ms
[DEBUG  ] dreamplace.ops.electric_potential.electric_potential - density backward 5.944 ms
[DEBUG  ] dreamplace.ops.weighted_average_wirelength.weighted_average_wirelength - wirelength backward 0.100 ms
[INFO   ] DREAMPlace - optimizer step 21.342 ms
[INFO   ] DREAMPlace - iteration   51, (   2,  5,  1), Obj 5.517497E+04, NetCrossing 4.220E+01, NetCrossingWeight 1.000000E+01, DensityWeight 1.042242E-06, HPWL 4.871689E+02, Overflow 3.798322E-01, MaxDensity 9.174E+00, MacroOverlap 3.946E+01, MacroOverlapWeight 8.000000E-06, gamma 8.418973E-02, time 7.016ms
[INFO   ] DREAMPlace - full step 29.343 ms
[INFO   ] DREAMPlace - Lsub stopping criteria: 1 and 55175 > 53020.8 * 0.999
[DEBUG  ] dreamplace.ops.weighted_average_wirelength.weighted_average_wirelength - wirelength forward 0.171 ms
[DEBUG  ] dreamplace.ops.electric_potential.electric_potential - density forward 5.254 ms
[DEBUG  ] dreamplace.ops.electric_potential.electric_potential - density backward 6.217 ms
[DEBUG  ] dreamplace.ops.weighted_average_wirelength.weighted_average_wirelength - wirelength backward 0.153 ms
[INFO   ] DREAMPlace - optimizer step 21.030 ms
[INFO   ] DREAMPlace - iteration   52, (   2,  6,  0), Obj 5.334660E+04, NetCrossing 4.457E+01, NetCrossingWeight 1.000000E+01, DensityWeight 1.122341E-06, HPWL 5.113262E+02, Overflow 3.780513E-01, MaxDensity 9.035E+00, MacroOverlap 3.687E+01, MacroOverlapWeight 8.000000E-06, gamma 8.418973E-02, time 7.011ms
[INFO   ] DREAMPlace - full step 29.102 ms
[DEBUG  ] dreamplace.ops.weighted_average_wirelength.weighted_average_wirelength - wirelength forward 0.155 ms
[DEBUG  ] dreamplace.ops.electric_potential.electric_potential - density forward 5.167 ms
[DEBUG  ] dreamplace.ops.electric_potential.electric_potential - density backward 7.751 ms
[DEBUG  ] dreamplace.ops.weighted_average_wirelength.weighted_average_wirelength - wirelength backward 0.101 ms
[INFO   ] DREAMPlace - optimizer step 22.374 ms
[INFO   ] DREAMPlace - iteration   53, (   2,  6,  1), Obj 5.591946E+04, NetCrossing 4.406E+01, NetCrossingWeight 1.000000E+01, DensityWeight 1.122341E-06, HPWL 5.330792E+02, Overflow 3.726810E-01, MaxDensity 1.004E+01, MacroOverlap 3.839E+01, MacroOverlapWeight 8.000000E-06, gamma 8.418973E-02, time 6.980ms
[INFO   ] DREAMPlace - full step 30.464 ms
[INFO   ] DREAMPlace - Lsub stopping criteria: 1 and 55919.5 > 53346.6 * 0.999
[DEBUG  ] dreamplace.ops.weighted_average_wirelength.weighted_average_wirelength - wirelength forward 0.146 ms
[DEBUG  ] dreamplace.ops.electric_potential.electric_potential - density forward 5.311 ms
[DEBUG  ] dreamplace.ops.electric_potential.electric_potential - density backward 6.648 ms
[DEBUG  ] dreamplace.ops.weighted_average_wirelength.weighted_average_wirelength - wirelength backward 0.137 ms
[INFO   ] DREAMPlace - optimizer step 21.226 ms
[INFO   ] DREAMPlace - iteration   54, (   2,  7,  0), Obj 5.468529E+04, NetCrossing 4.752E+01, NetCrossingWeight 1.000000E+01, DensityWeight 1.208593E-06, HPWL 5.300832E+02, Overflow 3.786580E-01, MaxDensity 1.004E+01, MacroOverlap 4.640E+01, MacroOverlapWeight 8.000000E-06, gamma 8.418973E-02, time 6.874ms
[INFO   ] DREAMPlace - full step 29.130 ms
[DEBUG  ] dreamplace.ops.weighted_average_wirelength.weighted_average_wirelength - wirelength forward 0.145 ms
[DEBUG  ] dreamplace.ops.electric_potential.electric_potential - density forward 5.066 ms
[DEBUG  ] dreamplace.ops.electric_potential.electric_potential - density backward 7.471 ms
[DEBUG  ] dreamplace.ops.weighted_average_wirelength.weighted_average_wirelength - wirelength backward 0.142 ms
[INFO   ] DREAMPlace - optimizer step 21.364 ms
[INFO   ] DREAMPlace - iteration   55, (   2,  7,  1), Obj 5.710393E+04, NetCrossing 5.239E+01, NetCrossingWeight 1.000000E+01, DensityWeight 1.208593E-06, HPWL 4.843911E+02, Overflow 3.807771E-01, MaxDensity 1.004E+01, MacroOverlap 4.931E+01, MacroOverlapWeight 8.000000E-06, gamma 8.418973E-02, time 6.943ms
[INFO   ] DREAMPlace - full step 29.322 ms
[INFO   ] DREAMPlace - Lsub stopping criteria: 1 and 57103.9 > 54685.3 * 0.999
[DEBUG  ] dreamplace.ops.weighted_average_wirelength.weighted_average_wirelength - wirelength forward 0.152 ms
[DEBUG  ] dreamplace.ops.electric_potential.electric_potential - density forward 5.151 ms
[DEBUG  ] dreamplace.ops.electric_potential.electric_potential - density backward 7.339 ms
[DEBUG  ] dreamplace.ops.weighted_average_wirelength.weighted_average_wirelength - wirelength backward 0.150 ms
[INFO   ] DREAMPlace - optimizer step 22.006 ms
[INFO   ] DREAMPlace - iteration   56, (   2,  8,  0), Obj 5.540386E+04, NetCrossing 6.277E+01, NetCrossingWeight 1.000000E+01, DensityWeight 1.297850E-06, HPWL 4.429742E+02, Overflow 3.795312E-01, MaxDensity 1.004E+01, MacroOverlap 4.938E+01, MacroOverlapWeight 8.000000E-06, gamma 8.418973E-02, time 6.867ms
[INFO   ] DREAMPlace - full step 29.902 ms
[DEBUG  ] dreamplace.ops.weighted_average_wirelength.weighted_average_wirelength - wirelength forward 0.152 ms
[DEBUG  ] dreamplace.ops.electric_potential.electric_potential - density forward 5.179 ms
[DEBUG  ] dreamplace.ops.electric_potential.electric_potential - density backward 7.368 ms
[DEBUG  ] dreamplace.ops.weighted_average_wirelength.weighted_average_wirelength - wirelength backward 0.136 ms
[INFO   ] DREAMPlace - optimizer step 21.872 ms
[INFO   ] DREAMPlace - iteration   57, (   2,  8,  1), Obj 5.777967E+04, NetCrossing 5.568E+01, NetCrossingWeight 1.000000E+01, DensityWeight 1.297850E-06, HPWL 5.770637E+02, Overflow 3.664257E-01, MaxDensity 9.537E+00, MacroOverlap 5.148E+01, MacroOverlapWeight 8.000000E-06, gamma 8.418973E-02, time 6.944ms
[INFO   ] DREAMPlace - full step 29.922 ms
[INFO   ] DREAMPlace - Lsub stopping criteria: 1 and 57779.7 > 55403.9 * 0.999
[DEBUG  ] dreamplace.ops.weighted_average_wirelength.weighted_average_wirelength - wirelength forward 0.151 ms
[DEBUG  ] dreamplace.ops.electric_potential.electric_potential - density forward 5.205 ms
[DEBUG  ] dreamplace.ops.electric_potential.electric_potential - density backward 7.003 ms
[DEBUG  ] dreamplace.ops.weighted_average_wirelength.weighted_average_wirelength - wirelength backward 0.196 ms
[INFO   ] DREAMPlace - optimizer step 21.379 ms
[INFO   ] DREAMPlace - iteration   58, (   2,  9,  0), Obj 5.572642E+04, NetCrossing 5.075E+01, NetCrossingWeight 1.000000E+01, DensityWeight 1.397575E-06, HPWL 5.389950E+02, Overflow 3.655016E-01, MaxDensity 1.054E+01, MacroOverlap 5.535E+01, MacroOverlapWeight 8.000000E-06, gamma 8.418973E-02, time 7.118ms
[INFO   ] DREAMPlace - full step 29.556 ms
[DEBUG  ] dreamplace.ops.weighted_average_wirelength.weighted_average_wirelength - wirelength forward 0.114 ms
[DEBUG  ] dreamplace.ops.electric_potential.electric_potential - density forward 4.663 ms
[DEBUG  ] dreamplace.ops.electric_potential.electric_potential - density backward 6.557 ms
[DEBUG  ] dreamplace.ops.weighted_average_wirelength.weighted_average_wirelength - wirelength backward 0.143 ms
[INFO   ] DREAMPlace - optimizer step 19.334 ms
[INFO   ] DREAMPlace - iteration   59, (   2,  9,  1), Obj 5.791785E+04, NetCrossing 4.658E+01, NetCrossingWeight 1.000000E+01, DensityWeight 1.397575E-06, HPWL 5.581473E+02, Overflow 3.708415E-01, MaxDensity 1.004E+01, MacroOverlap 4.956E+01, MacroOverlapWeight 8.000000E-06, gamma 8.418973E-02, time 6.455ms
[INFO   ] DREAMPlace - full step 26.808 ms
[INFO   ] DREAMPlace - Lsub stopping criteria: 1 and 57917.8 > 55726.4 * 0.999
[DEBUG  ] dreamplace.ops.weighted_average_wirelength.weighted_average_wirelength - wirelength forward 0.111 ms
[DEBUG  ] dreamplace.ops.electric_potential.electric_potential - density forward 4.683 ms
[DEBUG  ] dreamplace.ops.electric_potential.electric_potential - density backward 6.319 ms
[DEBUG  ] dreamplace.ops.weighted_average_wirelength.weighted_average_wirelength - wirelength backward 0.105 ms
[INFO   ] DREAMPlace - optimizer step 18.694 ms
[INFO   ] DREAMPlace - iteration   60, (   3,  0,  0), Obj 5.529905E+04, NetCrossing 5.427E+01, NetCrossingWeight 1.000000E+01, DensityWeight 1.500488E-06, HPWL 5.985438E+02, Overflow 3.661000E-01, MaxDensity 8.031E+00, MacroOverlap 3.048E+01, MacroOverlapWeight 8.000000E-06, gamma 7.694292E-02, time 6.204ms
[INFO   ] DREAMPlace - full step 25.883 ms
[DEBUG  ] dreamplace.ops.weighted_average_wirelength.weighted_average_wirelength - wirelength forward 0.146 ms
[DEBUG  ] dreamplace.ops.electric_potential.electric_potential - density forward 4.904 ms
[DEBUG  ] dreamplace.ops.electric_potential.electric_potential - density backward 6.181 ms
[DEBUG  ] dreamplace.ops.weighted_average_wirelength.weighted_average_wirelength - wirelength backward 0.152 ms
[INFO   ] DREAMPlace - optimizer step 19.768 ms
[INFO   ] DREAMPlace - iteration   61, (   3,  0,  1), Obj 5.664093E+04, NetCrossing 5.571E+01, NetCrossingWeight 1.000000E+01, DensityWeight 1.500488E-06, HPWL 6.576768E+02, Overflow 3.636913E-01, MaxDensity 8.533E+00, MacroOverlap 3.627E+01, MacroOverlapWeight 8.000000E-06, gamma 7.694292E-02, time 6.804ms
[INFO   ] DREAMPlace - full step 27.595 ms
[INFO   ] DREAMPlace - Lsub stopping criteria: 1 and 56640.9 > 55299.1 * 0.999
[DEBUG  ] dreamplace.ops.weighted_average_wirelength.weighted_average_wirelength - wirelength forward 0.115 ms
[DEBUG  ] dreamplace.ops.electric_potential.electric_potential - density forward 4.767 ms
[DEBUG  ] dreamplace.ops.electric_potential.electric_potential - density backward 7.421 ms
[DEBUG  ] dreamplace.ops.weighted_average_wirelength.weighted_average_wirelength - wirelength backward 0.170 ms
[INFO   ] DREAMPlace - optimizer step 21.924 ms
[INFO   ] DREAMPlace - iteration   62, (   3,  1,  0), Obj 5.372102E+04, NetCrossing 6.365E+01, NetCrossingWeight 1.000000E+01, DensityWeight 1.615780E-06, HPWL 7.771656E+02, Overflow 3.534928E-01, MaxDensity 7.529E+00, MacroOverlap 3.648E+01, MacroOverlapWeight 8.000000E-06, gamma 7.694292E-02, time 6.474ms
[INFO   ] DREAMPlace - full step 29.287 ms
[DEBUG  ] dreamplace.ops.weighted_average_wirelength.weighted_average_wirelength - wirelength forward 0.119 ms
[DEBUG  ] dreamplace.ops.electric_potential.electric_potential - density forward 4.811 ms
[DEBUG  ] dreamplace.ops.electric_potential.electric_potential - density backward 8.007 ms
[DEBUG  ] dreamplace.ops.weighted_average_wirelength.weighted_average_wirelength - wirelength backward 0.139 ms
[INFO   ] DREAMPlace - optimizer step 20.977 ms
[INFO   ] DREAMPlace - iteration   63, (   3,  1,  1), Obj 5.529951E+04, NetCrossing 5.811E+01, NetCrossingWeight 1.000000E+01, DensityWeight 1.615780E-06, HPWL 5.755098E+02, Overflow 3.549056E-01, MaxDensity 7.529E+00, MacroOverlap 3.071E+01, MacroOverlapWeight 8.000000E-06, gamma 7.694292E-02, time 6.304ms
[INFO   ] DREAMPlace - full step 28.194 ms
[INFO   ] DREAMPlace - Lsub stopping criteria: 1 and 55299.5 > 53721 * 0.999
[DEBUG  ] dreamplace.ops.weighted_average_wirelength.weighted_average_wirelength - wirelength forward 0.143 ms
[DEBUG  ] dreamplace.ops.electric_potential.electric_potential - density forward 4.830 ms
[DEBUG  ] dreamplace.ops.electric_potential.electric_potential - density backward 7.392 ms
[DEBUG  ] dreamplace.ops.weighted_average_wirelength.weighted_average_wirelength - wirelength backward 0.127 ms
[INFO   ] DREAMPlace - optimizer step 20.538 ms
[INFO   ] DREAMPlace - iteration   64, (   3,  2,  0), Obj 5.229254E+04, NetCrossing 4.785E+01, NetCrossingWeight 1.000000E+01, DensityWeight 1.734414E-06, HPWL 7.874116E+02, Overflow 3.443463E-01, MaxDensity 7.526E+00, MacroOverlap 2.288E+01, MacroOverlapWeight 8.000000E-06, gamma 7.694292E-02, time 6.748ms
[INFO   ] DREAMPlace - full step 28.333 ms
[DEBUG  ] dreamplace.ops.weighted_average_wirelength.weighted_average_wirelength - wirelength forward 0.136 ms
[DEBUG  ] dreamplace.ops.electric_potential.electric_potential - density forward 5.142 ms
[DEBUG  ] dreamplace.ops.electric_potential.electric_potential - density backward 7.520 ms
[DEBUG  ] dreamplace.ops.weighted_average_wirelength.weighted_average_wirelength - wirelength backward 0.128 ms
[INFO   ] DREAMPlace - optimizer step 21.091 ms
[INFO   ] DREAMPlace - iteration   65, (   3,  2,  1), Obj 5.352309E+04, NetCrossing 4.762E+01, NetCrossingWeight 1.000000E+01, DensityWeight 1.734414E-06, HPWL 6.721847E+02, Overflow 3.441508E-01, MaxDensity 5.521E+00, MacroOverlap 2.042E+01, MacroOverlapWeight 8.000000E-06, gamma 7.694292E-02, time 6.493ms
[INFO   ] DREAMPlace - full step 28.562 ms
[INFO   ] DREAMPlace - Lsub stopping criteria: 1 and 53523.1 > 52292.5 * 0.999
[DEBUG  ] dreamplace.ops.weighted_average_wirelength.weighted_average_wirelength - wirelength forward 0.153 ms
[DEBUG  ] dreamplace.ops.electric_potential.electric_potential - density forward 4.887 ms
[DEBUG  ] dreamplace.ops.electric_potential.electric_potential - density backward 6.941 ms
[DEBUG  ] dreamplace.ops.weighted_average_wirelength.weighted_average_wirelength - wirelength backward 0.124 ms
[INFO   ] DREAMPlace - optimizer step 20.195 ms
[INFO   ] DREAMPlace - iteration   66, (   3,  3,  0), Obj 5.059755E+04, NetCrossing 4.837E+01, NetCrossingWeight 1.000000E+01, DensityWeight 1.867682E-06, HPWL 7.494213E+02, Overflow 3.490189E-01, MaxDensity 5.521E+00, MacroOverlap 2.295E+01, MacroOverlapWeight 8.000000E-06, gamma 7.694292E-02, time 6.866ms
[INFO   ] DREAMPlace - full step 27.994 ms
[DEBUG  ] dreamplace.ops.weighted_average_wirelength.weighted_average_wirelength - wirelength forward 0.136 ms
[DEBUG  ] dreamplace.ops.electric_potential.electric_potential - density forward 5.303 ms
[DEBUG  ] dreamplace.ops.electric_potential.electric_potential - density backward 6.838 ms
[DEBUG  ] dreamplace.ops.weighted_average_wirelength.weighted_average_wirelength - wirelength backward 0.128 ms
[INFO   ] DREAMPlace - optimizer step 20.539 ms
[INFO   ] DREAMPlace - iteration   67, (   3,  3,  1), Obj 5.175810E+04, NetCrossing 4.923E+01, NetCrossingWeight 1.000000E+01, DensityWeight 1.867682E-06, HPWL 8.390166E+02, Overflow 3.470876E-01, MaxDensity 5.019E+00, MacroOverlap 2.128E+01, MacroOverlapWeight 8.000000E-06, gamma 7.694292E-02, time 7.240ms
[INFO   ] DREAMPlace - full step 28.724 ms
[INFO   ] DREAMPlace - Lsub stopping criteria: 1 and 51758.1 > 50597.6 * 0.999
[DEBUG  ] dreamplace.ops.weighted_average_wirelength.weighted_average_wirelength - wirelength forward 0.116 ms
[DEBUG  ] dreamplace.ops.electric_potential.electric_potential - density forward 4.913 ms
[DEBUG  ] dreamplace.ops.electric_potential.electric_potential - density backward 6.939 ms
[DEBUG  ] dreamplace.ops.weighted_average_wirelength.weighted_average_wirelength - wirelength backward 0.129 ms
[INFO   ] DREAMPlace - optimizer step 20.823 ms
[INFO   ] DREAMPlace - iteration   68, (   3,  4,  0), Obj 4.755788E+04, NetCrossing 4.577E+01, NetCrossingWeight 1.000000E+01, DensityWeight 2.011156E-06, HPWL 8.190448E+02, Overflow 3.298884E-01, MaxDensity 5.521E+00, MacroOverlap 1.488E+01, MacroOverlapWeight 8.000000E-06, gamma 7.694292E-02, time 7.731ms
[INFO   ] DREAMPlace - full step 29.524 ms
[DEBUG  ] dreamplace.ops.weighted_average_wirelength.weighted_average_wirelength - wirelength forward 0.113 ms
[DEBUG  ] dreamplace.ops.electric_potential.electric_potential - density forward 8.692 ms
[DEBUG  ] dreamplace.ops.electric_potential.electric_potential - density backward 7.078 ms
[DEBUG  ] dreamplace.ops.weighted_average_wirelength.weighted_average_wirelength - wirelength backward 0.125 ms
[INFO   ] DREAMPlace - optimizer step 23.656 ms
[INFO   ] DREAMPlace - iteration   69, (   3,  4,  1), Obj 4.888110E+04, NetCrossing 4.664E+01, NetCrossingWeight 1.000000E+01, DensityWeight 2.011156E-06, HPWL 7.837812E+02, Overflow 3.296397E-01, MaxDensity 5.019E+00, MacroOverlap 1.609E+01, MacroOverlapWeight 8.000000E-06, gamma 7.694292E-02, time 7.166ms
[INFO   ] DREAMPlace - full step 31.692 ms
[INFO   ] DREAMPlace - Lsub stopping criteria: 1 and 48881.1 > 47557.9 * 0.999
[DEBUG  ] dreamplace.ops.weighted_average_wirelength.weighted_average_wirelength - wirelength forward 0.147 ms
[DEBUG  ] dreamplace.ops.electric_potential.electric_potential - density forward 4.839 ms
[DEBUG  ] dreamplace.ops.electric_potential.electric_potential - density backward 6.577 ms
[DEBUG  ] dreamplace.ops.weighted_average_wirelength.weighted_average_wirelength - wirelength backward 0.095 ms
[INFO   ] DREAMPlace - optimizer step 19.196 ms
[INFO   ] DREAMPlace - iteration   70, (   3,  5,  0), Obj 4.454168E+04, NetCrossing 5.990E+01, NetCrossingWeight 1.000000E+01, DensityWeight 2.158172E-06, HPWL 9.180135E+02, Overflow 3.092215E-01, MaxDensity 4.517E+00, MacroOverlap 1.473E+01, MacroOverlapWeight 8.000000E-06, gamma 7.694292E-02, time 122.986ms
[INFO   ] DREAMPlace - full step 143.078 ms
[DEBUG  ] dreamplace.ops.weighted_average_wirelength.weighted_average_wirelength - wirelength forward 0.110 ms
[DEBUG  ] dreamplace.ops.electric_potential.electric_potential - density forward 4.708 ms
[DEBUG  ] dreamplace.ops.electric_potential.electric_potential - density backward 7.303 ms
[DEBUG  ] dreamplace.ops.weighted_average_wirelength.weighted_average_wirelength - wirelength backward 0.101 ms
[INFO   ] DREAMPlace - optimizer step 19.055 ms
[INFO   ] DREAMPlace - iteration   71, (   3,  5,  1), Obj 4.454520E+04, NetCrossing 5.521E+01, NetCrossingWeight 1.000000E+01, DensityWeight 2.158172E-06, HPWL 9.969178E+02, Overflow 3.093331E-01, MaxDensity 5.019E+00, MacroOverlap 1.661E+01, MacroOverlapWeight 8.000000E-06, gamma 7.694292E-02, time 6.300ms
[INFO   ] DREAMPlace - full step 26.144 ms
[INFO   ] DREAMPlace - Lsub stopping criteria: 1 and 44545.2 > 44541.7 * 0.999
[DEBUG  ] dreamplace.ops.weighted_average_wirelength.weighted_average_wirelength - wirelength forward 0.156 ms
[DEBUG  ] dreamplace.ops.electric_potential.electric_potential - density forward 5.194 ms
[DEBUG  ] dreamplace.ops.electric_potential.electric_potential - density backward 8.609 ms
[DEBUG  ] dreamplace.ops.weighted_average_wirelength.weighted_average_wirelength - wirelength backward 0.138 ms
[INFO   ] DREAMPlace - optimizer step 22.371 ms
[INFO   ] DREAMPlace - iteration   72, (   3,  6,  0), Obj 4.046186E+04, NetCrossing 5.610E+01, NetCrossingWeight 1.000000E+01, DensityWeight 2.323934E-06, HPWL 8.154854E+02, Overflow 2.900507E-01, MaxDensity 5.513E+00, MacroOverlap 9.902E+00, MacroOverlapWeight 8.000000E-06, gamma 7.694292E-02, time 6.792ms
[INFO   ] DREAMPlace - full step 30.020 ms
[DEBUG  ] dreamplace.ops.weighted_average_wirelength.weighted_average_wirelength - wirelength forward 0.149 ms
[DEBUG  ] dreamplace.ops.electric_potential.electric_potential - density forward 5.196 ms
[DEBUG  ] dreamplace.ops.electric_potential.electric_potential - density backward 7.198 ms
[DEBUG  ] dreamplace.ops.weighted_average_wirelength.weighted_average_wirelength - wirelength backward 0.122 ms
[INFO   ] DREAMPlace - optimizer step 20.682 ms
[INFO   ] DREAMPlace - iteration   73, (   3,  6,  1), Obj 3.981940E+04, NetCrossing 5.464E+01, NetCrossingWeight 1.000000E+01, DensityWeight 2.323934E-06, HPWL 1.084798E+03, Overflow 2.764225E-01, MaxDensity 4.517E+00, MacroOverlap 6.287E+00, MacroOverlapWeight 8.000000E-06, gamma 7.694292E-02, time 6.584ms
[INFO   ] DREAMPlace - full step 28.230 ms
[DEBUG  ] dreamplace.ops.weighted_average_wirelength.weighted_average_wirelength - wirelength forward 0.146 ms
[DEBUG  ] dreamplace.ops.electric_potential.electric_potential - density forward 5.127 ms
[DEBUG  ] dreamplace.ops.electric_potential.electric_potential - density backward 6.572 ms
[DEBUG  ] dreamplace.ops.weighted_average_wirelength.weighted_average_wirelength - wirelength backward 0.147 ms
[INFO   ] DREAMPlace - optimizer step 20.509 ms
[INFO   ] DREAMPlace - iteration   74, (   3,  7,  0), Obj 3.861495E+04, NetCrossing 5.805E+01, NetCrossingWeight 1.000000E+01, DensityWeight 2.502504E-06, HPWL 9.979760E+02, Overflow 2.860903E-01, MaxDensity 5.521E+00, MacroOverlap 8.399E+00, MacroOverlapWeight 8.000000E-06, gamma 7.694292E-02, time 6.790ms
[INFO   ] DREAMPlace - full step 28.253 ms
[DEBUG  ] dreamplace.ops.weighted_average_wirelength.weighted_average_wirelength - wirelength forward 0.141 ms
[DEBUG  ] dreamplace.ops.electric_potential.electric_potential - density forward 5.059 ms
[DEBUG  ] dreamplace.ops.electric_potential.electric_potential - density backward 7.058 ms
[DEBUG  ] dreamplace.ops.weighted_average_wirelength.weighted_average_wirelength - wirelength backward 0.097 ms
[INFO   ] DREAMPlace - optimizer step 21.403 ms
[INFO   ] DREAMPlace - iteration   75, (   3,  7,  1), Obj 3.697340E+04, NetCrossing 5.848E+01, NetCrossingWeight 1.000000E+01, DensityWeight 2.502504E-06, HPWL 1.103277E+03, Overflow 2.669334E-01, MaxDensity 3.837E+00, MacroOverlap 5.323E+00, MacroOverlapWeight 8.000000E-06, gamma 7.694292E-02, time 6.892ms
[INFO   ] DREAMPlace - full step 29.328 ms
[DEBUG  ] dreamplace.ops.weighted_average_wirelength.weighted_average_wirelength - wirelength forward 0.146 ms
[DEBUG  ] dreamplace.ops.electric_potential.electric_potential - density forward 5.121 ms
[DEBUG  ] dreamplace.ops.electric_potential.electric_potential - density backward 8.181 ms
[DEBUG  ] dreamplace.ops.weighted_average_wirelength.weighted_average_wirelength - wirelength backward 0.138 ms
[INFO   ] DREAMPlace - optimizer step 21.989 ms
[INFO   ] DREAMPlace - iteration   76, (   3,  8,  0), Obj 3.380123E+04, NetCrossing 5.880E+01, NetCrossingWeight 1.000000E+01, DensityWeight 2.694841E-06, HPWL 1.024800E+03, Overflow 2.663787E-01, MaxDensity 4.669E+00, MacroOverlap 7.830E+00, MacroOverlapWeight 8.000000E-06, gamma 7.694292E-02, time 6.832ms
[INFO   ] DREAMPlace - full step 29.817 ms
[DEBUG  ] dreamplace.ops.weighted_average_wirelength.weighted_average_wirelength - wirelength forward 0.144 ms
[DEBUG  ] dreamplace.ops.electric_potential.electric_potential - density forward 5.193 ms
[DEBUG  ] dreamplace.ops.electric_potential.electric_potential - density backward 8.778 ms
[DEBUG  ] dreamplace.ops.weighted_average_wirelength.weighted_average_wirelength - wirelength backward 0.130 ms
[DEBUG  ] dreamplace.ops.weighted_average_wirelength.weighted_average_wirelength - wirelength forward 0.131 ms
[DEBUG  ] dreamplace.ops.electric_potential.electric_potential - density forward 5.046 ms
[DEBUG  ] dreamplace.ops.electric_potential.electric_potential - density backward 8.425 ms
[DEBUG  ] dreamplace.ops.weighted_average_wirelength.weighted_average_wirelength - wirelength backward 0.139 ms
[INFO   ] DREAMPlace - optimizer step 44.886 ms
[INFO   ] DREAMPlace - iteration   77, (   3,  8,  1), Obj 3.315720E+04, NetCrossing 5.120E+01, NetCrossingWeight 1.000000E+01, DensityWeight 2.694841E-06, HPWL 1.057011E+03, Overflow 2.606488E-01, MaxDensity 4.016E+00, MacroOverlap 5.560E+00, MacroOverlapWeight 8.000000E-06, gamma 7.694292E-02, time 6.836ms
[INFO   ] DREAMPlace - full step 52.817 ms
[DEBUG  ] dreamplace.ops.weighted_average_wirelength.weighted_average_wirelength - wirelength forward 0.142 ms
[DEBUG  ] dreamplace.ops.electric_potential.electric_potential - density forward 5.157 ms
[DEBUG  ] dreamplace.ops.electric_potential.electric_potential - density backward 7.436 ms
[DEBUG  ] dreamplace.ops.weighted_average_wirelength.weighted_average_wirelength - wirelength backward 0.095 ms
[INFO   ] DREAMPlace - optimizer step 20.465 ms
[INFO   ] DREAMPlace - iteration   78, (   3,  9,  0), Obj 3.218123E+04, NetCrossing 5.881E+01, NetCrossingWeight 1.000000E+01, DensityWeight 2.890678E-06, HPWL 1.066806E+03, Overflow 2.614647E-01, MaxDensity 4.016E+00, MacroOverlap 8.272E+00, MacroOverlapWeight 8.000000E-06, gamma 7.694292E-02, time 6.924ms
[INFO   ] DREAMPlace - full step 28.359 ms
[DEBUG  ] dreamplace.ops.weighted_average_wirelength.weighted_average_wirelength - wirelength forward 0.143 ms
[DEBUG  ] dreamplace.ops.electric_potential.electric_potential - density forward 5.025 ms
[DEBUG  ] dreamplace.ops.electric_potential.electric_potential - density backward 7.632 ms
[DEBUG  ] dreamplace.ops.weighted_average_wirelength.weighted_average_wirelength - wirelength backward 0.099 ms
[INFO   ] DREAMPlace - optimizer step 20.580 ms
[INFO   ] DREAMPlace - iteration   79, (   3,  9,  1), Obj 3.373089E+04, NetCrossing 6.050E+01, NetCrossingWeight 1.000000E+01, DensityWeight 2.890678E-06, HPWL 1.063094E+03, Overflow 2.607433E-01, MaxDensity 6.525E+00, MacroOverlap 9.449E+00, MacroOverlapWeight 8.000000E-06, gamma 7.694292E-02, time 6.822ms
[INFO   ] DREAMPlace - full step 28.367 ms
[INFO   ] DREAMPlace - Lsub stopping criteria: 1 and 33730.9 > 32181.2 * 0.999
[DEBUG  ] dreamplace.ops.weighted_average_wirelength.weighted_average_wirelength - wirelength forward 0.145 ms
[DEBUG  ] dreamplace.ops.electric_potential.electric_potential - density forward 5.021 ms
[DEBUG  ] dreamplace.ops.electric_potential.electric_potential - density backward 8.309 ms
[DEBUG  ] dreamplace.ops.weighted_average_wirelength.weighted_average_wirelength - wirelength backward 0.098 ms
[INFO   ] DREAMPlace - optimizer step 21.252 ms
[INFO   ] DREAMPlace - iteration   80, (   4,  0,  0), Obj 3.243719E+04, NetCrossing 5.668E+01, NetCrossingWeight 1.000000E+01, DensityWeight 3.112859E-06, HPWL 1.006041E+03, Overflow 2.667314E-01, MaxDensity 5.521E+00, MacroOverlap 8.606E+00, MacroOverlapWeight 8.000000E-06, gamma 4.380323E-02, time 6.856ms
[INFO   ] DREAMPlace - full step 29.088 ms
[DEBUG  ] dreamplace.ops.weighted_average_wirelength.weighted_average_wirelength - wirelength forward 0.140 ms
[DEBUG  ] dreamplace.ops.electric_potential.electric_potential - density forward 5.052 ms
[DEBUG  ] dreamplace.ops.electric_potential.electric_potential - density backward 7.062 ms
[DEBUG  ] dreamplace.ops.weighted_average_wirelength.weighted_average_wirelength - wirelength backward 0.119 ms
[INFO   ] DREAMPlace - optimizer step 21.336 ms
[INFO   ] DREAMPlace - iteration   81, (   4,  0,  1), Obj 3.446251E+04, NetCrossing 5.918E+01, NetCrossingWeight 1.000000E+01, DensityWeight 3.112859E-06, HPWL 1.026276E+03, Overflow 2.652628E-01, MaxDensity 5.019E+00, MacroOverlap 9.865E+00, MacroOverlapWeight 8.000000E-06, gamma 4.380323E-02, time 6.747ms
[INFO   ] DREAMPlace - full step 29.052 ms
[INFO   ] DREAMPlace - Lsub stopping criteria: 1 and 34462.5 > 32437.2 * 0.999
[DEBUG  ] dreamplace.ops.weighted_average_wirelength.weighted_average_wirelength - wirelength forward 0.147 ms
[DEBUG  ] dreamplace.ops.electric_potential.electric_potential - density forward 5.039 ms
[DEBUG  ] dreamplace.ops.electric_potential.electric_potential - density backward 8.011 ms
[DEBUG  ] dreamplace.ops.weighted_average_wirelength.weighted_average_wirelength - wirelength backward 0.126 ms
[INFO   ] DREAMPlace - optimizer step 21.848 ms
[INFO   ] DREAMPlace - iteration   82, (   4,  1,  0), Obj 3.253633E+04, NetCrossing 5.088E+01, NetCrossingWeight 1.000000E+01, DensityWeight 3.338406E-06, HPWL 9.571198E+02, Overflow 2.567002E-01, MaxDensity 5.019E+00, MacroOverlap 7.113E+00, MacroOverlapWeight 8.000000E-06, gamma 4.380323E-02, time 6.800ms
[INFO   ] DREAMPlace - full step 29.717 ms
[DEBUG  ] dreamplace.ops.weighted_average_wirelength.weighted_average_wirelength - wirelength forward 0.146 ms
[DEBUG  ] dreamplace.ops.electric_potential.electric_potential - density forward 5.081 ms
[DEBUG  ] dreamplace.ops.electric_potential.electric_potential - density backward 8.015 ms
[DEBUG  ] dreamplace.ops.weighted_average_wirelength.weighted_average_wirelength - wirelength backward 0.125 ms
[INFO   ] DREAMPlace - optimizer step 21.953 ms
[INFO   ] DREAMPlace - iteration   83, (   4,  1,  1), Obj 3.449139E+04, NetCrossing 4.887E+01, NetCrossingWeight 1.000000E+01, DensityWeight 3.338406E-06, HPWL 1.229714E+03, Overflow 2.603284E-01, MaxDensity 4.016E+00, MacroOverlap 1.107E+01, MacroOverlapWeight 8.000000E-06, gamma 4.380323E-02, time 6.799ms
[INFO   ] DREAMPlace - full step 29.737 ms
[INFO   ] DREAMPlace - Lsub stopping criteria: 1 and 34491.4 > 32536.3 * 0.999
[DEBUG  ] dreamplace.ops.weighted_average_wirelength.weighted_average_wirelength - wirelength forward 0.149 ms
[DEBUG  ] dreamplace.ops.electric_potential.electric_potential - density forward 5.097 ms
[DEBUG  ] dreamplace.ops.electric_potential.electric_potential - density backward 7.009 ms
[DEBUG  ] dreamplace.ops.weighted_average_wirelength.weighted_average_wirelength - wirelength backward 0.124 ms
[INFO   ] DREAMPlace - optimizer step 20.804 ms
[INFO   ] DREAMPlace - iteration   84, (   4,  2,  0), Obj 3.424670E+04, NetCrossing 4.990E+01, NetCrossingWeight 1.000000E+01, DensityWeight 3.594827E-06, HPWL 1.112993E+03, Overflow 2.618690E-01, MaxDensity 4.517E+00, MacroOverlap 9.098E+00, MacroOverlapWeight 8.000000E-06, gamma 4.380323E-02, time 6.909ms
[INFO   ] DREAMPlace - full step 28.628 ms
[DEBUG  ] dreamplace.ops.weighted_average_wirelength.weighted_average_wirelength - wirelength forward 0.112 ms
[DEBUG  ] dreamplace.ops.electric_potential.electric_potential - density forward 4.722 ms
[DEBUG  ] dreamplace.ops.electric_potential.electric_potential - density backward 8.998 ms
[DEBUG  ] dreamplace.ops.weighted_average_wirelength.weighted_average_wirelength - wirelength backward 0.127 ms
[INFO   ] DREAMPlace - optimizer step 21.672 ms
[INFO   ] DREAMPlace - iteration   85, (   4,  2,  1), Obj 3.692120E+04, NetCrossing 5.790E+01, NetCrossingWeight 1.000000E+01, DensityWeight 3.594827E-06, HPWL 1.077534E+03, Overflow 2.574592E-01, MaxDensity 4.517E+00, MacroOverlap 7.268E+00, MacroOverlapWeight 8.000000E-06, gamma 4.380323E-02, time 6.151ms
[INFO   ] DREAMPlace - full step 28.762 ms
[INFO   ] DREAMPlace - Lsub stopping criteria: 1 and 36921.2 > 34246.7 * 0.999
[DEBUG  ] dreamplace.ops.weighted_average_wirelength.weighted_average_wirelength - wirelength forward 0.113 ms
[DEBUG  ] dreamplace.ops.electric_potential.electric_potential - density forward 4.692 ms
[DEBUG  ] dreamplace.ops.electric_potential.electric_potential - density backward 8.300 ms
[DEBUG  ] dreamplace.ops.weighted_average_wirelength.weighted_average_wirelength - wirelength backward 0.118 ms
[INFO   ] DREAMPlace - optimizer step 20.496 ms
[INFO   ] DREAMPlace - iteration   86, (   4,  3,  0), Obj 3.443911E+04, NetCrossing 6.345E+01, NetCrossingWeight 1.000000E+01, DensityWeight 3.854524E-06, HPWL 1.153605E+03, Overflow 2.506262E-01, MaxDensity 4.517E+00, MacroOverlap 5.837E+00, MacroOverlapWeight 8.000000E-06, gamma 4.380323E-02, time 6.739ms
[INFO   ] DREAMPlace - full step 28.258 ms
[DEBUG  ] dreamplace.ops.weighted_average_wirelength.weighted_average_wirelength - wirelength forward 0.148 ms
[DEBUG  ] dreamplace.ops.electric_potential.electric_potential - density forward 5.055 ms
[DEBUG  ] dreamplace.ops.electric_potential.electric_potential - density backward 8.982 ms
[DEBUG  ] dreamplace.ops.weighted_average_wirelength.weighted_average_wirelength - wirelength backward 0.137 ms
[INFO   ] DREAMPlace - optimizer step 23.450 ms
[INFO   ] DREAMPlace - iteration   87, (   4,  3,  1), Obj 3.586425E+04, NetCrossing 6.087E+01, NetCrossingWeight 1.000000E+01, DensityWeight 3.854524E-06, HPWL 1.137982E+03, Overflow 2.550116E-01, MaxDensity 4.517E+00, MacroOverlap 8.420E+00, MacroOverlapWeight 8.000000E-06, gamma 4.380323E-02, time 7.021ms
[INFO   ] DREAMPlace - full step 31.443 ms
[INFO   ] DREAMPlace - Lsub stopping criteria: 1 and 35864.3 > 34439.1 * 0.999
[DEBUG  ] dreamplace.ops.weighted_average_wirelength.weighted_average_wirelength - wirelength forward 0.145 ms
[DEBUG  ] dreamplace.ops.electric_potential.electric_potential - density forward 4.998 ms
[DEBUG  ] dreamplace.ops.electric_potential.electric_potential - density backward 9.254 ms
[DEBUG  ] dreamplace.ops.weighted_average_wirelength.weighted_average_wirelength - wirelength backward 0.098 ms
[DEBUG  ] dreamplace.ops.weighted_average_wirelength.weighted_average_wirelength - wirelength forward 0.133 ms
[DEBUG  ] dreamplace.ops.electric_potential.electric_potential - density forward 5.154 ms
[DEBUG  ] dreamplace.ops.electric_potential.electric_potential - density backward 8.198 ms
[DEBUG  ] dreamplace.ops.weighted_average_wirelength.weighted_average_wirelength - wirelength backward 0.100 ms
[INFO   ] DREAMPlace - optimizer step 45.226 ms
[INFO   ] DREAMPlace - iteration   88, (   4,  4,  0), Obj 3.239404E+04, NetCrossing 7.183E+01, NetCrossingWeight 1.000000E+01, DensityWeight 4.150732E-06, HPWL 1.335336E+03, Overflow 2.447366E-01, MaxDensity 3.514E+00, MacroOverlap 7.670E+00, MacroOverlapWeight 8.000000E-06, gamma 4.380323E-02, time 6.789ms
[INFO   ] DREAMPlace - full step 53.032 ms
[DEBUG  ] dreamplace.ops.weighted_average_wirelength.weighted_average_wirelength - wirelength forward 0.152 ms
[DEBUG  ] dreamplace.ops.electric_potential.electric_potential - density forward 5.017 ms
[DEBUG  ] dreamplace.ops.electric_potential.electric_potential - density backward 7.353 ms
[DEBUG  ] dreamplace.ops.weighted_average_wirelength.weighted_average_wirelength - wirelength backward 0.124 ms
[INFO   ] DREAMPlace - optimizer step 21.241 ms
[INFO   ] DREAMPlace - iteration   89, (   4,  4,  1), Obj 3.210621E+04, NetCrossing 6.819E+01, NetCrossingWeight 1.000000E+01, DensityWeight 4.150732E-06, HPWL 1.021113E+03, Overflow 2.398680E-01, MaxDensity 4.517E+00, MacroOverlap 5.455E+00, MacroOverlapWeight 8.000000E-06, gamma 4.380323E-02, time 6.892ms
[INFO   ] DREAMPlace - full step 29.174 ms
[DEBUG  ] dreamplace.ops.weighted_average_wirelength.weighted_average_wirelength - wirelength forward 0.144 ms
[DEBUG  ] dreamplace.ops.electric_potential.electric_potential - density forward 5.366 ms
[DEBUG  ] dreamplace.ops.electric_potential.electric_potential - density backward 7.844 ms
[DEBUG  ] dreamplace.ops.weighted_average_wirelength.weighted_average_wirelength - wirelength backward 0.124 ms
[INFO   ] DREAMPlace - optimizer step 22.010 ms
[INFO   ] DREAMPlace - iteration   90, (   4,  5,  0), Obj 3.244113E+04, NetCrossing 7.117E+01, NetCrossingWeight 1.000000E+01, DensityWeight 4.449699E-06, HPWL 1.217225E+03, Overflow 2.432099E-01, MaxDensity 4.517E+00, MacroOverlap 5.674E+00, MacroOverlapWeight 8.000000E-06, gamma 4.380323E-02, time 6.849ms
[INFO   ] DREAMPlace - full step 29.811 ms
[DEBUG  ] dreamplace.ops.weighted_average_wirelength.weighted_average_wirelength - wirelength forward 0.143 ms
[DEBUG  ] dreamplace.ops.electric_potential.electric_potential - density forward 5.054 ms
[DEBUG  ] dreamplace.ops.electric_potential.electric_potential - density backward 7.823 ms
[DEBUG  ] dreamplace.ops.weighted_average_wirelength.weighted_average_wirelength - wirelength backward 0.122 ms
[INFO   ] DREAMPlace - optimizer step 21.585 ms
[INFO   ] DREAMPlace - iteration   91, (   4,  5,  1), Obj 3.487666E+04, NetCrossing 6.946E+01, NetCrossingWeight 1.000000E+01, DensityWeight 4.449699E-06, HPWL 1.118000E+03, Overflow 2.418211E-01, MaxDensity 5.019E+00, MacroOverlap 8.466E+00, MacroOverlapWeight 8.000000E-06, gamma 4.380323E-02, time 7.013ms
[INFO   ] DREAMPlace - full step 29.625 ms
[INFO   ] DREAMPlace - Lsub stopping criteria: 1 and 34876.7 > 32441.1 * 0.999
[DEBUG  ] dreamplace.ops.weighted_average_wirelength.weighted_average_wirelength - wirelength forward 0.142 ms
[DEBUG  ] dreamplace.ops.electric_potential.electric_potential - density forward 5.053 ms
[DEBUG  ] dreamplace.ops.electric_potential.electric_potential - density backward 8.114 ms
[DEBUG  ] dreamplace.ops.weighted_average_wirelength.weighted_average_wirelength - wirelength backward 0.123 ms
[INFO   ] DREAMPlace - optimizer step 21.907 ms
[INFO   ] DREAMPlace - iteration   92, (   4,  6,  0), Obj 3.229760E+04, NetCrossing 7.291E+01, NetCrossingWeight 1.000000E+01, DensityWeight 4.791602E-06, HPWL 1.259601E+03, Overflow 2.317008E-01, MaxDensity 4.517E+00, MacroOverlap 4.550E+00, MacroOverlapWeight 8.000000E-06, gamma 4.380323E-02, time 6.764ms
[INFO   ] DREAMPlace - full step 29.684 ms
[DEBUG  ] dreamplace.ops.weighted_average_wirelength.weighted_average_wirelength - wirelength forward 0.143 ms
[DEBUG  ] dreamplace.ops.electric_potential.electric_potential - density forward 5.062 ms
[DEBUG  ] dreamplace.ops.electric_potential.electric_potential - density backward 8.205 ms
[DEBUG  ] dreamplace.ops.weighted_average_wirelength.weighted_average_wirelength - wirelength backward 0.129 ms
[INFO   ] DREAMPlace - optimizer step 21.946 ms
[INFO   ] DREAMPlace - iteration   93, (   4,  6,  1), Obj 3.303393E+04, NetCrossing 5.572E+01, NetCrossingWeight 1.000000E+01, DensityWeight 4.791602E-06, HPWL 1.367460E+03, Overflow 2.270021E-01, MaxDensity 4.016E+00, MacroOverlap 4.108E+00, MacroOverlapWeight 8.000000E-06, gamma 4.380323E-02, time 6.767ms
[INFO   ] DREAMPlace - full step 29.804 ms
[INFO   ] DREAMPlace - Lsub stopping criteria: 1 and 33033.9 > 32297.6 * 0.999
[DEBUG  ] dreamplace.ops.weighted_average_wirelength.weighted_average_wirelength - wirelength forward 0.170 ms
[DEBUG  ] dreamplace.ops.electric_potential.electric_potential - density forward 5.032 ms
[DEBUG  ] dreamplace.ops.electric_potential.electric_potential - density backward 8.309 ms
[DEBUG  ] dreamplace.ops.weighted_average_wirelength.weighted_average_wirelength - wirelength backward 0.153 ms
[INFO   ] DREAMPlace - optimizer step 23.365 ms
[INFO   ] DREAMPlace - iteration   94, (   4,  7,  0), Obj 3.199157E+04, NetCrossing 6.331E+01, NetCrossingWeight 1.000000E+01, DensityWeight 5.159584E-06, HPWL 1.362880E+03, Overflow 2.199921E-01, MaxDensity 3.514E+00, MacroOverlap 4.206E+00, MacroOverlapWeight 8.000000E-06, gamma 4.380323E-02, time 6.599ms
[INFO   ] DREAMPlace - full step 31.037 ms
[DEBUG  ] dreamplace.ops.weighted_average_wirelength.weighted_average_wirelength - wirelength forward 0.144 ms
[DEBUG  ] dreamplace.ops.electric_potential.electric_potential - density forward 4.986 ms
[DEBUG  ] dreamplace.ops.electric_potential.electric_potential - density backward 7.533 ms
[DEBUG  ] dreamplace.ops.weighted_average_wirelength.weighted_average_wirelength - wirelength backward 0.145 ms
[INFO   ] DREAMPlace - optimizer step 21.325 ms
[INFO   ] DREAMPlace - iteration   95, (   4,  7,  1), Obj 3.643658E+04, NetCrossing 6.523E+01, NetCrossingWeight 1.000000E+01, DensityWeight 5.159584E-06, HPWL 1.312782E+03, Overflow 2.380320E-01, MaxDensity 4.016E+00, MacroOverlap 7.992E+00, MacroOverlapWeight 8.000000E-06, gamma 4.380323E-02, time 6.803ms
[INFO   ] DREAMPlace - full step 29.085 ms
[INFO   ] DREAMPlace - Lsub stopping criteria: 1 and 36436.6 > 31991.6 * 0.999
[DEBUG  ] dreamplace.ops.weighted_average_wirelength.weighted_average_wirelength - wirelength forward 0.143 ms
[DEBUG  ] dreamplace.ops.electric_potential.electric_potential - density forward 4.993 ms
[DEBUG  ] dreamplace.ops.electric_potential.electric_potential - density backward 7.483 ms
[DEBUG  ] dreamplace.ops.weighted_average_wirelength.weighted_average_wirelength - wirelength backward 0.095 ms
[INFO   ] DREAMPlace - optimizer step 20.339 ms
[INFO   ] DREAMPlace - iteration   96, (   4,  8,  0), Obj 3.801990E+04, NetCrossing 5.758E+01, NetCrossingWeight 1.000000E+01, DensityWeight 5.529557E-06, HPWL 1.231270E+03, Overflow 2.515886E-01, MaxDensity 4.016E+00, MacroOverlap 1.109E+01, MacroOverlapWeight 8.000000E-06, gamma 4.380323E-02, time 6.714ms
[INFO   ] DREAMPlace - full step 28.027 ms
[DEBUG  ] dreamplace.ops.weighted_average_wirelength.weighted_average_wirelength - wirelength forward 0.142 ms
[DEBUG  ] dreamplace.ops.electric_potential.electric_potential - density forward 5.091 ms
[DEBUG  ] dreamplace.ops.electric_potential.electric_potential - density backward 8.392 ms
[DEBUG  ] dreamplace.ops.weighted_average_wirelength.weighted_average_wirelength - wirelength backward 0.124 ms
[INFO   ] DREAMPlace - optimizer step 22.032 ms
[INFO   ] DREAMPlace - iteration   97, (   4,  8,  1), Obj 4.053507E+04, NetCrossing 6.352E+01, NetCrossingWeight 1.000000E+01, DensityWeight 5.529557E-06, HPWL 1.321796E+03, Overflow 2.500877E-01, MaxDensity 3.514E+00, MacroOverlap 8.307E+00, MacroOverlapWeight 8.000000E-06, gamma 4.380323E-02, time 6.668ms
[INFO   ] DREAMPlace - full step 29.680 ms
[INFO   ] DREAMPlace - Lsub stopping criteria: 1 and 40535.1 > 38019.9 * 0.999
[DEBUG  ] dreamplace.ops.weighted_average_wirelength.weighted_average_wirelength - wirelength forward 0.149 ms
[DEBUG  ] dreamplace.ops.electric_potential.electric_potential - density forward 5.224 ms
[DEBUG  ] dreamplace.ops.electric_potential.electric_potential - density backward 7.047 ms
[DEBUG  ] dreamplace.ops.weighted_average_wirelength.weighted_average_wirelength - wirelength backward 0.120 ms
[INFO   ] DREAMPlace - optimizer step 21.355 ms
[INFO   ] DREAMPlace - iteration   98, (   4,  9,  0), Obj 3.743552E+04, NetCrossing 6.766E+01, NetCrossingWeight 1.000000E+01, DensityWeight 5.954561E-06, HPWL 1.235603E+03, Overflow 2.347414E-01, MaxDensity 4.016E+00, MacroOverlap 4.580E+00, MacroOverlapWeight 8.000000E-06, gamma 4.380323E-02, time 6.924ms
[INFO   ] DREAMPlace - full step 29.320 ms
[DEBUG  ] dreamplace.ops.weighted_average_wirelength.weighted_average_wirelength - wirelength forward 0.116 ms
[DEBUG  ] dreamplace.ops.electric_potential.electric_potential - density forward 5.170 ms
[DEBUG  ] dreamplace.ops.electric_potential.electric_potential - density backward 8.326 ms
[DEBUG  ] dreamplace.ops.weighted_average_wirelength.weighted_average_wirelength - wirelength backward 0.131 ms
[INFO   ] DREAMPlace - optimizer step 22.847 ms
[INFO   ] DREAMPlace - iteration   99, (   4,  9,  1), Obj 3.988409E+04, NetCrossing 5.993E+01, NetCrossingWeight 1.000000E+01, DensityWeight 5.954561E-06, HPWL 1.364858E+03, Overflow 2.382038E-01, MaxDensity 4.016E+00, MacroOverlap 4.221E+00, MacroOverlapWeight 8.000000E-06, gamma 4.380323E-02, time 7.081ms
[INFO   ] DREAMPlace - full step 30.838 ms
[INFO   ] DREAMPlace - Lsub stopping criteria: 1 and 39884.1 > 37435.5 * 0.999
[INFO   ] DREAMPlace - plotting to ./results/tuner-small/small-3/PB310_A00/run-63_0_0/PB310_A00/plot/iter0100.png takes 0.059 seconds
[DEBUG  ] dreamplace.ops.weighted_average_wirelength.weighted_average_wirelength - wirelength forward 0.162 ms
[DEBUG  ] dreamplace.ops.electric_potential.electric_potential - density forward 5.261 ms
[DEBUG  ] dreamplace.ops.electric_potential.electric_potential - density backward 9.082 ms
[DEBUG  ] dreamplace.ops.weighted_average_wirelength.weighted_average_wirelength - wirelength backward 0.128 ms
[INFO   ] DREAMPlace - optimizer step 24.389 ms
[INFO   ] DREAMPlace - iteration  100, (   5,  0,  0), Obj 3.399481E+04, NetCrossing 5.624E+01, NetCrossingWeight 1.000000E+01, DensityWeight 6.412178E-06, HPWL 1.519354E+03, Overflow 2.237872E-01, MaxDensity 3.514E+00, MacroOverlap 5.647E+00, MacroOverlapWeight 8.000000E-06, gamma 3.903177E-02, time 6.825ms
[INFO   ] DREAMPlace - full step 93.758 ms
[DEBUG  ] dreamplace.ops.weighted_average_wirelength.weighted_average_wirelength - wirelength forward 0.156 ms
[DEBUG  ] dreamplace.ops.electric_potential.electric_potential - density forward 4.852 ms
[DEBUG  ] dreamplace.ops.electric_potential.electric_potential - density backward 7.718 ms
[DEBUG  ] dreamplace.ops.weighted_average_wirelength.weighted_average_wirelength - wirelength backward 0.094 ms
[INFO   ] DREAMPlace - optimizer step 20.264 ms
[INFO   ] DREAMPlace - iteration  101, (   5,  0,  1), Obj 3.507986E+04, NetCrossing 5.771E+01, NetCrossingWeight 1.000000E+01, DensityWeight 6.412178E-06, HPWL 1.524222E+03, Overflow 2.268243E-01, MaxDensity 4.016E+00, MacroOverlap 6.068E+00, MacroOverlapWeight 8.000000E-06, gamma 3.903177E-02, time 7.096ms
[INFO   ] DREAMPlace - full step 28.352 ms
[INFO   ] DREAMPlace - Lsub stopping criteria: 1 and 35079.9 > 33994.8 * 0.999
[DEBUG  ] dreamplace.ops.weighted_average_wirelength.weighted_average_wirelength - wirelength forward 0.157 ms
[DEBUG  ] dreamplace.ops.electric_potential.electric_potential - density forward 5.085 ms
[DEBUG  ] dreamplace.ops.electric_potential.electric_potential - density backward 8.406 ms
[DEBUG  ] dreamplace.ops.weighted_average_wirelength.weighted_average_wirelength - wirelength backward 0.125 ms
[INFO   ] DREAMPlace - optimizer step 22.168 ms
[INFO   ] DREAMPlace - iteration  102, (   5,  1,  0), Obj 3.071903E+04, NetCrossing 5.698E+01, NetCrossingWeight 1.000000E+01, DensityWeight 6.904767E-06, HPWL 1.482261E+03, Overflow 2.159504E-01, MaxDensity 4.016E+00, MacroOverlap 5.051E+00, MacroOverlapWeight 8.000000E-06, gamma 3.903177E-02, time 6.867ms
[INFO   ] DREAMPlace - full step 30.041 ms
[DEBUG  ] dreamplace.ops.weighted_average_wirelength.weighted_average_wirelength - wirelength forward 0.151 ms
[DEBUG  ] dreamplace.ops.electric_potential.electric_potential - density forward 5.252 ms
[DEBUG  ] dreamplace.ops.electric_potential.electric_potential - density backward 9.259 ms
[DEBUG  ] dreamplace.ops.weighted_average_wirelength.weighted_average_wirelength - wirelength backward 0.139 ms
[INFO   ] DREAMPlace - optimizer step 24.808 ms
[INFO   ] DREAMPlace - iteration  103, (   5,  1,  1), Obj 3.109686E+04, NetCrossing 5.912E+01, NetCrossingWeight 1.000000E+01, DensityWeight 6.904767E-06, HPWL 1.563389E+03, Overflow 2.067755E-01, MaxDensity 3.514E+00, MacroOverlap 4.787E+00, MacroOverlapWeight 8.000000E-06, gamma 3.903177E-02, time 6.896ms
[INFO   ] DREAMPlace - full step 32.761 ms
[INFO   ] DREAMPlace - Lsub stopping criteria: 1 and 31096.9 > 30719 * 0.999
[DEBUG  ] dreamplace.ops.weighted_average_wirelength.weighted_average_wirelength - wirelength forward 0.152 ms
[DEBUG  ] dreamplace.ops.electric_potential.electric_potential - density forward 5.282 ms
[DEBUG  ] dreamplace.ops.electric_potential.electric_potential - density backward 8.937 ms
[DEBUG  ] dreamplace.ops.weighted_average_wirelength.weighted_average_wirelength - wirelength backward 0.130 ms
[INFO   ] DREAMPlace - optimizer step 23.241 ms
[INFO   ] DREAMPlace - iteration  104, (   5,  2,  0), Obj 3.102259E+04, NetCrossing 5.017E+01, NetCrossingWeight 1.000000E+01, DensityWeight 7.435417E-06, HPWL 1.350199E+03, Overflow 2.159958E-01, MaxDensity 4.016E+00, MacroOverlap 3.573E+00, MacroOverlapWeight 8.000000E-06, gamma 3.903177E-02, time 6.992ms
[INFO   ] DREAMPlace - full step 31.160 ms
[DEBUG  ] dreamplace.ops.weighted_average_wirelength.weighted_average_wirelength - wirelength forward 0.144 ms
[DEBUG  ] dreamplace.ops.electric_potential.electric_potential - density forward 5.117 ms
[DEBUG  ] dreamplace.ops.electric_potential.electric_potential - density backward 8.217 ms
[DEBUG  ] dreamplace.ops.weighted_average_wirelength.weighted_average_wirelength - wirelength backward 0.135 ms
[DEBUG  ] dreamplace.ops.weighted_average_wirelength.weighted_average_wirelength - wirelength forward 0.147 ms
[DEBUG  ] dreamplace.ops.electric_potential.electric_potential - density forward 5.055 ms
[DEBUG  ] dreamplace.ops.electric_potential.electric_potential - density backward 7.354 ms
[DEBUG  ] dreamplace.ops.weighted_average_wirelength.weighted_average_wirelength - wirelength backward 0.123 ms
[INFO   ] DREAMPlace - optimizer step 43.086 ms
[INFO   ] DREAMPlace - iteration  105, (   5,  2,  1), Obj 2.965008E+04, NetCrossing 4.643E+01, NetCrossingWeight 1.000000E+01, DensityWeight 7.435417E-06, HPWL 1.453058E+03, Overflow 2.081943E-01, MaxDensity 3.012E+00, MacroOverlap 3.401E+00, MacroOverlapWeight 8.000000E-06, gamma 3.903177E-02, time 6.714ms
[INFO   ] DREAMPlace - full step 50.768 ms
[DEBUG  ] dreamplace.ops.weighted_average_wirelength.weighted_average_wirelength - wirelength forward 0.143 ms
[DEBUG  ] dreamplace.ops.electric_potential.electric_potential - density forward 5.245 ms
[DEBUG  ] dreamplace.ops.electric_potential.electric_potential - density backward 8.698 ms
[DEBUG  ] dreamplace.ops.weighted_average_wirelength.weighted_average_wirelength - wirelength backward 0.126 ms
[INFO   ] DREAMPlace - optimizer step 22.905 ms
[INFO   ] DREAMPlace - iteration  106, (   5,  3,  0), Obj 2.826960E+04, NetCrossing 5.355E+01, NetCrossingWeight 1.000000E+01, DensityWeight 7.964598E-06, HPWL 1.387819E+03, Overflow 2.110000E-01, MaxDensity 3.012E+00, MacroOverlap 4.317E+00, MacroOverlapWeight 8.000000E-06, gamma 3.903177E-02, time 6.797ms
[INFO   ] DREAMPlace - full step 30.723 ms
[DEBUG  ] dreamplace.ops.weighted_average_wirelength.weighted_average_wirelength - wirelength forward 0.147 ms
[DEBUG  ] dreamplace.ops.electric_potential.electric_potential - density forward 5.274 ms
[DEBUG  ] dreamplace.ops.electric_potential.electric_potential - density backward 8.959 ms
[DEBUG  ] dreamplace.ops.weighted_average_wirelength.weighted_average_wirelength - wirelength backward 0.123 ms
[INFO   ] DREAMPlace - optimizer step 23.117 ms
[INFO   ] DREAMPlace - iteration  107, (   5,  3,  1), Obj 2.778066E+04, NetCrossing 5.704E+01, NetCrossingWeight 1.000000E+01, DensityWeight 7.964598E-06, HPWL 1.509225E+03, Overflow 1.969143E-01, MaxDensity 4.016E+00, MacroOverlap 2.766E+00, MacroOverlapWeight 8.000000E-06, gamma 3.903177E-02, time 6.829ms
[INFO   ] DREAMPlace - full step 31.038 ms
[DEBUG  ] dreamplace.ops.weighted_average_wirelength.weighted_average_wirelength - wirelength forward 0.147 ms
[DEBUG  ] dreamplace.ops.electric_potential.electric_potential - density forward 5.142 ms
[DEBUG  ] dreamplace.ops.electric_potential.electric_potential - density backward 9.551 ms
[DEBUG  ] dreamplace.ops.weighted_average_wirelength.weighted_average_wirelength - wirelength backward 0.125 ms
[INFO   ] DREAMPlace - optimizer step 23.657 ms
[INFO   ] DREAMPlace - iteration  108, (   5,  4,  0), Obj 2.234483E+04, NetCrossing 4.906E+01, NetCrossingWeight 1.000000E+01, DensityWeight 8.576661E-06, HPWL 1.666034E+03, Overflow 1.768681E-01, MaxDensity 3.514E+00, MacroOverlap 2.782E+00, MacroOverlapWeight 8.000000E-06, gamma 3.903177E-02, time 6.899ms
[INFO   ] DREAMPlace - full step 31.646 ms
[DEBUG  ] dreamplace.ops.weighted_average_wirelength.weighted_average_wirelength - wirelength forward 0.148 ms
[DEBUG  ] dreamplace.ops.electric_potential.electric_potential - density forward 5.233 ms
[DEBUG  ] dreamplace.ops.electric_potential.electric_potential - density backward 8.998 ms
[DEBUG  ] dreamplace.ops.weighted_average_wirelength.weighted_average_wirelength - wirelength backward 0.125 ms
[DEBUG  ] dreamplace.ops.weighted_average_wirelength.weighted_average_wirelength - wirelength forward 0.142 ms
[DEBUG  ] dreamplace.ops.electric_potential.electric_potential - density forward 5.202 ms
[DEBUG  ] dreamplace.ops.electric_potential.electric_potential - density backward 7.356 ms
[DEBUG  ] dreamplace.ops.weighted_average_wirelength.weighted_average_wirelength - wirelength backward 0.126 ms
[INFO   ] DREAMPlace - optimizer step 44.037 ms
[INFO   ] DREAMPlace - iteration  109, (   5,  4,  1), Obj 2.539722E+04, NetCrossing 5.342E+01, NetCrossingWeight 1.000000E+01, DensityWeight 8.576661E-06, HPWL 1.540251E+03, Overflow 1.857569E-01, MaxDensity 3.514E+00, MacroOverlap 3.625E+00, MacroOverlapWeight 8.000000E-06, gamma 3.903177E-02, time 7.149ms
[INFO   ] DREAMPlace - full step 52.208 ms
[INFO   ] DREAMPlace - Lsub stopping criteria: 1 and 25397.2 > 22344.8 * 0.999
[DEBUG  ] dreamplace.ops.weighted_average_wirelength.weighted_average_wirelength - wirelength forward 0.149 ms
[DEBUG  ] dreamplace.ops.electric_potential.electric_potential - density forward 5.284 ms
[DEBUG  ] dreamplace.ops.electric_potential.electric_potential - density backward 9.270 ms
[DEBUG  ] dreamplace.ops.weighted_average_wirelength.weighted_average_wirelength - wirelength backward 0.115 ms
[INFO   ] DREAMPlace - optimizer step 23.152 ms
[INFO   ] DREAMPlace - iteration  110, (   5,  5,  0), Obj 2.731968E+04, NetCrossing 5.429E+01, NetCrossingWeight 1.000000E+01, DensityWeight 9.235819E-06, HPWL 1.511470E+03, Overflow 1.892671E-01, MaxDensity 3.514E+00, MacroOverlap 3.216E+00, MacroOverlapWeight 8.000000E-06, gamma 3.903177E-02, time 7.069ms
[INFO   ] DREAMPlace - full step 31.198 ms
[DEBUG  ] dreamplace.ops.weighted_average_wirelength.weighted_average_wirelength - wirelength forward 0.152 ms
[DEBUG  ] dreamplace.ops.electric_potential.electric_potential - density forward 5.198 ms
[DEBUG  ] dreamplace.ops.electric_potential.electric_potential - density backward 8.417 ms
[DEBUG  ] dreamplace.ops.weighted_average_wirelength.weighted_average_wirelength - wirelength backward 0.153 ms
[INFO   ] DREAMPlace - optimizer step 22.094 ms
[INFO   ] DREAMPlace - iteration  111, (   5,  5,  1), Obj 2.922978E+04, NetCrossing 4.864E+01, NetCrossingWeight 1.000000E+01, DensityWeight 9.235819E-06, HPWL 1.631435E+03, Overflow 2.029540E-01, MaxDensity 3.514E+00, MacroOverlap 3.153E+00, MacroOverlapWeight 8.000000E-06, gamma 3.903177E-02, time 6.929ms
[INFO   ] DREAMPlace - full step 30.034 ms
[INFO   ] DREAMPlace - Lsub stopping criteria: 1 and 29229.8 > 27319.7 * 0.999
[DEBUG  ] dreamplace.ops.weighted_average_wirelength.weighted_average_wirelength - wirelength forward 0.174 ms
[DEBUG  ] dreamplace.ops.electric_potential.electric_potential - density forward 5.189 ms
[DEBUG  ] dreamplace.ops.electric_potential.electric_potential - density backward 8.632 ms
[DEBUG  ] dreamplace.ops.weighted_average_wirelength.weighted_average_wirelength - wirelength backward 0.127 ms
[INFO   ] DREAMPlace - optimizer step 22.840 ms
[INFO   ] DREAMPlace - iteration  112, (   5,  6,  0), Obj 2.731259E+04, NetCrossing 4.442E+01, NetCrossingWeight 1.000000E+01, DensityWeight 9.945488E-06, HPWL 1.342110E+03, Overflow 1.920691E-01, MaxDensity 4.016E+00, MacroOverlap 3.363E+00, MacroOverlapWeight 8.000000E-06, gamma 3.903177E-02, time 7.020ms
[INFO   ] DREAMPlace - full step 31.118 ms
[DEBUG  ] dreamplace.ops.weighted_average_wirelength.weighted_average_wirelength - wirelength forward 0.114 ms
[DEBUG  ] dreamplace.ops.electric_potential.electric_potential - density forward 4.698 ms
[DEBUG  ] dreamplace.ops.electric_potential.electric_potential - density backward 7.712 ms
[DEBUG  ] dreamplace.ops.weighted_average_wirelength.weighted_average_wirelength - wirelength backward 0.124 ms
[INFO   ] DREAMPlace - optimizer step 20.355 ms
[INFO   ] DREAMPlace - iteration  113, (   5,  6,  1), Obj 2.954272E+04, NetCrossing 5.325E+01, NetCrossingWeight 1.000000E+01, DensityWeight 9.945488E-06, HPWL 1.845862E+03, Overflow 1.851705E-01, MaxDensity 3.514E+00, MacroOverlap 2.019E+00, MacroOverlapWeight 8.000000E-06, gamma 3.903177E-02, time 7.456ms
[INFO   ] DREAMPlace - full step 28.860 ms
[INFO   ] DREAMPlace - Lsub stopping criteria: 1 and 29542.7 > 27312.6 * 0.999
[DEBUG  ] dreamplace.ops.weighted_average_wirelength.weighted_average_wirelength - wirelength forward 0.130 ms
[DEBUG  ] dreamplace.ops.electric_potential.electric_potential - density forward 4.881 ms
[DEBUG  ] dreamplace.ops.electric_potential.electric_potential - density backward 9.477 ms
[DEBUG  ] dreamplace.ops.weighted_average_wirelength.weighted_average_wirelength - wirelength backward 0.126 ms
[DEBUG  ] dreamplace.ops.weighted_average_wirelength.weighted_average_wirelength - wirelength forward 0.135 ms
[DEBUG  ] dreamplace.ops.electric_potential.electric_potential - density forward 5.789 ms
[DEBUG  ] dreamplace.ops.electric_potential.electric_potential - density backward 6.481 ms
[DEBUG  ] dreamplace.ops.weighted_average_wirelength.weighted_average_wirelength - wirelength backward 0.126 ms
[INFO   ] DREAMPlace - optimizer step 43.480 ms
[INFO   ] DREAMPlace - iteration  114, (   5,  7,  0), Obj 3.045107E+04, NetCrossing 4.756E+01, NetCrossingWeight 1.000000E+01, DensityWeight 1.070937E-05, HPWL 1.362456E+03, Overflow 2.010065E-01, MaxDensity 4.517E+00, MacroOverlap 3.171E+00, MacroOverlapWeight 8.000000E-06, gamma 3.903177E-02, time 6.450ms
[INFO   ] DREAMPlace - full step 50.767 ms
[DEBUG  ] dreamplace.ops.weighted_average_wirelength.weighted_average_wirelength - wirelength forward 0.145 ms
[DEBUG  ] dreamplace.ops.electric_potential.electric_potential - density forward 5.223 ms
[DEBUG  ] dreamplace.ops.electric_potential.electric_potential - density backward 8.216 ms
[DEBUG  ] dreamplace.ops.weighted_average_wirelength.weighted_average_wirelength - wirelength backward 0.128 ms
[INFO   ] DREAMPlace - optimizer step 22.132 ms
[INFO   ] DREAMPlace - iteration  115, (   5,  7,  1), Obj 3.316898E+04, NetCrossing 5.124E+01, NetCrossingWeight 1.000000E+01, DensityWeight 1.070937E-05, HPWL 1.247702E+03, Overflow 2.002520E-01, MaxDensity 3.514E+00, MacroOverlap 2.427E+00, MacroOverlapWeight 8.000000E-06, gamma 3.903177E-02, time 6.749ms
[INFO   ] DREAMPlace - full step 29.768 ms
[INFO   ] DREAMPlace - Lsub stopping criteria: 1 and 33169 > 30451.1 * 0.999
[DEBUG  ] dreamplace.ops.weighted_average_wirelength.weighted_average_wirelength - wirelength forward 0.141 ms
[DEBUG  ] dreamplace.ops.electric_potential.electric_potential - density forward 5.138 ms
[DEBUG  ] dreamplace.ops.electric_potential.electric_potential - density backward 9.706 ms
[DEBUG  ] dreamplace.ops.weighted_average_wirelength.weighted_average_wirelength - wirelength backward 0.120 ms
[INFO   ] DREAMPlace - optimizer step 22.939 ms
[INFO   ] DREAMPlace - iteration  116, (   5,  8,  0), Obj 3.107222E+04, NetCrossing 4.830E+01, NetCrossingWeight 1.000000E+01, DensityWeight 1.146582E-05, HPWL 1.322260E+03, Overflow 1.934666E-01, MaxDensity 3.012E+00, MacroOverlap 1.923E+00, MacroOverlapWeight 8.000000E-06, gamma 3.903177E-02, time 6.862ms
[INFO   ] DREAMPlace - full step 30.715 ms
[DEBUG  ] dreamplace.ops.weighted_average_wirelength.weighted_average_wirelength - wirelength forward 0.135 ms
[DEBUG  ] dreamplace.ops.electric_potential.electric_potential - density forward 5.024 ms
[DEBUG  ] dreamplace.ops.electric_potential.electric_potential - density backward 8.095 ms
[DEBUG  ] dreamplace.ops.weighted_average_wirelength.weighted_average_wirelength - wirelength backward 0.127 ms
[INFO   ] DREAMPlace - optimizer step 21.594 ms
[INFO   ] DREAMPlace - iteration  117, (   5,  8,  1), Obj 3.277925E+04, NetCrossing 5.322E+01, NetCrossingWeight 1.000000E+01, DensityWeight 1.146582E-05, HPWL 1.429034E+03, Overflow 1.932282E-01, MaxDensity 3.514E+00, MacroOverlap 2.024E+00, MacroOverlapWeight 8.000000E-06, gamma 3.903177E-02, time 6.585ms
[INFO   ] DREAMPlace - full step 29.063 ms
[INFO   ] DREAMPlace - Lsub stopping criteria: 1 and 32779.3 > 31072.2 * 0.999
[DEBUG  ] dreamplace.ops.weighted_average_wirelength.weighted_average_wirelength - wirelength forward 0.144 ms
[DEBUG  ] dreamplace.ops.electric_potential.electric_potential - density forward 5.011 ms
[DEBUG  ] dreamplace.ops.electric_potential.electric_potential - density backward 8.635 ms
[DEBUG  ] dreamplace.ops.weighted_average_wirelength.weighted_average_wirelength - wirelength backward 0.122 ms
[INFO   ] DREAMPlace - optimizer step 22.344 ms
[INFO   ] DREAMPlace - iteration  118, (   5,  9,  0), Obj 3.153433E+04, NetCrossing 5.448E+01, NetCrossingWeight 1.000000E+01, DensityWeight 1.234657E-05, HPWL 1.530358E+03, Overflow 1.857778E-01, MaxDensity 3.514E+00, MacroOverlap 2.559E+00, MacroOverlapWeight 8.000000E-06, gamma 3.903177E-02, time 6.960ms
[INFO   ] DREAMPlace - full step 30.397 ms
[DEBUG  ] dreamplace.ops.weighted_average_wirelength.weighted_average_wirelength - wirelength forward 0.139 ms
[DEBUG  ] dreamplace.ops.electric_potential.electric_potential - density forward 4.804 ms
[DEBUG  ] dreamplace.ops.electric_potential.electric_potential - density backward 8.720 ms
[DEBUG  ] dreamplace.ops.weighted_average_wirelength.weighted_average_wirelength - wirelength backward 0.119 ms
[INFO   ] DREAMPlace - optimizer step 21.568 ms
[INFO   ] DREAMPlace - iteration  119, (   5,  9,  1), Obj 2.995193E+04, NetCrossing 5.432E+01, NetCrossingWeight 1.000000E+01, DensityWeight 1.234657E-05, HPWL 1.577246E+03, Overflow 1.731328E-01, MaxDensity 3.514E+00, MacroOverlap 1.506E+00, MacroOverlapWeight 8.000000E-06, gamma 3.903177E-02, time 6.953ms
[INFO   ] DREAMPlace - full step 29.535 ms
[DEBUG  ] dreamplace.ops.weighted_average_wirelength.weighted_average_wirelength - wirelength forward 0.109 ms
[DEBUG  ] dreamplace.ops.electric_potential.electric_potential - density forward 4.732 ms
[DEBUG  ] dreamplace.ops.electric_potential.electric_potential - density backward 9.493 ms
[DEBUG  ] dreamplace.ops.weighted_average_wirelength.weighted_average_wirelength - wirelength backward 0.121 ms
[DEBUG  ] dreamplace.ops.weighted_average_wirelength.weighted_average_wirelength - wirelength forward 0.124 ms
[DEBUG  ] dreamplace.ops.electric_potential.electric_potential - density forward 4.920 ms
[DEBUG  ] dreamplace.ops.electric_potential.electric_potential - density backward 9.608 ms
[DEBUG  ] dreamplace.ops.weighted_average_wirelength.weighted_average_wirelength - wirelength backward 0.122 ms
[INFO   ] DREAMPlace - optimizer step 45.787 ms
[INFO   ] DREAMPlace - iteration  120, (   6,  0,  0), Obj 2.907840E+04, NetCrossing 5.120E+01, NetCrossingWeight 1.000000E+01, DensityWeight 1.329508E-05, HPWL 1.376298E+03, Overflow 1.758446E-01, MaxDensity 3.012E+00, MacroOverlap 1.973E+00, MacroOverlapWeight 8.000000E-06, gamma 2.797796E-02, time 6.038ms
[INFO   ] DREAMPlace - full step 52.652 ms
[DEBUG  ] dreamplace.ops.weighted_average_wirelength.weighted_average_wirelength - wirelength forward 0.197 ms
[DEBUG  ] dreamplace.ops.electric_potential.electric_potential - density forward 5.319 ms
[DEBUG  ] dreamplace.ops.electric_potential.electric_potential - density backward 8.048 ms
[DEBUG  ] dreamplace.ops.weighted_average_wirelength.weighted_average_wirelength - wirelength backward 0.121 ms
[DEBUG  ] dreamplace.ops.weighted_average_wirelength.weighted_average_wirelength - wirelength forward 0.107 ms
[DEBUG  ] dreamplace.ops.electric_potential.electric_potential - density forward 5.205 ms
[DEBUG  ] dreamplace.ops.electric_potential.electric_potential - density backward 7.913 ms
[DEBUG  ] dreamplace.ops.weighted_average_wirelength.weighted_average_wirelength - wirelength backward 0.121 ms
[INFO   ] DREAMPlace - optimizer step 43.010 ms
[INFO   ] DREAMPlace - iteration  121, (   6,  0,  1), Obj 3.180905E+04, NetCrossing 5.188E+01, NetCrossingWeight 1.000000E+01, DensityWeight 1.329508E-05, HPWL 1.336984E+03, Overflow 1.738335E-01, MaxDensity 2.510E+00, MacroOverlap 2.223E+00, MacroOverlapWeight 8.000000E-06, gamma 2.797796E-02, time 6.883ms
[INFO   ] DREAMPlace - full step 50.776 ms
[INFO   ] DREAMPlace - Lsub stopping criteria: 1 and 31809 > 29078.4 * 0.999
[DEBUG  ] dreamplace.ops.weighted_average_wirelength.weighted_average_wirelength - wirelength forward 0.137 ms
[DEBUG  ] dreamplace.ops.electric_potential.electric_potential - density forward 4.853 ms
[DEBUG  ] dreamplace.ops.electric_potential.electric_potential - density backward 8.245 ms
[DEBUG  ] dreamplace.ops.weighted_average_wirelength.weighted_average_wirelength - wirelength backward 0.123 ms
[INFO   ] DREAMPlace - optimizer step 20.934 ms
[INFO   ] DREAMPlace - iteration  122, (   6,  1,  0), Obj 3.107942E+04, NetCrossing 4.786E+01, NetCrossingWeight 1.000000E+01, DensityWeight 1.422990E-05, HPWL 1.211265E+03, Overflow 1.792420E-01, MaxDensity 4.016E+00, MacroOverlap 2.471E+00, MacroOverlapWeight 8.000000E-06, gamma 2.797796E-02, time 7.014ms
[INFO   ] DREAMPlace - full step 28.767 ms
[DEBUG  ] dreamplace.ops.weighted_average_wirelength.weighted_average_wirelength - wirelength forward 0.132 ms
[DEBUG  ] dreamplace.ops.electric_potential.electric_potential - density forward 4.987 ms
[DEBUG  ] dreamplace.ops.electric_potential.electric_potential - density backward 8.306 ms
[DEBUG  ] dreamplace.ops.weighted_average_wirelength.weighted_average_wirelength - wirelength backward 0.125 ms
[INFO   ] DREAMPlace - optimizer step 21.811 ms
[INFO   ] DREAMPlace - iteration  123, (   6,  1,  1), Obj 3.099388E+04, NetCrossing 5.177E+01, NetCrossingWeight 1.000000E+01, DensityWeight 1.422990E-05, HPWL 1.367984E+03, Overflow 1.769366E-01, MaxDensity 3.012E+00, MacroOverlap 2.379E+00, MacroOverlapWeight 8.000000E-06, gamma 2.797796E-02, time 7.265ms
[INFO   ] DREAMPlace - full step 30.300 ms
[DEBUG  ] dreamplace.ops.weighted_average_wirelength.weighted_average_wirelength - wirelength forward 0.113 ms
[DEBUG  ] dreamplace.ops.electric_potential.electric_potential - density forward 4.865 ms
[DEBUG  ] dreamplace.ops.electric_potential.electric_potential - density backward 7.276 ms
[DEBUG  ] dreamplace.ops.weighted_average_wirelength.weighted_average_wirelength - wirelength backward 0.118 ms
[INFO   ] DREAMPlace - optimizer step 19.748 ms
[INFO   ] DREAMPlace - iteration  124, (   6,  2,  0), Obj 2.879762E+04, NetCrossing 5.029E+01, NetCrossingWeight 1.000000E+01, DensityWeight 1.532354E-05, HPWL 1.183188E+03, Overflow 1.826396E-01, MaxDensity 3.012E+00, MacroOverlap 1.796E+00, MacroOverlapWeight 8.000000E-06, gamma 2.797796E-02, time 6.999ms
[INFO   ] DREAMPlace - full step 27.763 ms
[DEBUG  ] dreamplace.ops.weighted_average_wirelength.weighted_average_wirelength - wirelength forward 0.119 ms
[DEBUG  ] dreamplace.ops.electric_potential.electric_potential - density forward 4.959 ms
[DEBUG  ] dreamplace.ops.electric_potential.electric_potential - density backward 8.209 ms
[DEBUG  ] dreamplace.ops.weighted_average_wirelength.weighted_average_wirelength - wirelength backward 0.121 ms
[INFO   ] DREAMPlace - optimizer step 22.190 ms
[INFO   ] DREAMPlace - iteration  125, (   6,  2,  1), Obj 2.880103E+04, NetCrossing 5.111E+01, NetCrossingWeight 1.000000E+01, DensityWeight 1.532354E-05, HPWL 1.347954E+03, Overflow 1.773237E-01, MaxDensity 3.012E+00, MacroOverlap 1.603E+00, MacroOverlapWeight 8.000000E-06, gamma 2.797796E-02, time 6.253ms
[INFO   ] DREAMPlace - full step 29.354 ms
[INFO   ] DREAMPlace - Lsub stopping criteria: 1 and 28801 > 28797.6 * 0.999
[DEBUG  ] dreamplace.ops.weighted_average_wirelength.weighted_average_wirelength - wirelength forward 0.142 ms
[DEBUG  ] dreamplace.ops.electric_potential.electric_potential - density forward 5.027 ms
[DEBUG  ] dreamplace.ops.electric_potential.electric_potential - density backward 9.193 ms
[DEBUG  ] dreamplace.ops.weighted_average_wirelength.weighted_average_wirelength - wirelength backward 0.115 ms
[INFO   ] DREAMPlace - optimizer step 22.595 ms
[INFO   ] DREAMPlace - iteration  126, (   6,  3,  0), Obj 2.796448E+04, NetCrossing 5.220E+01, NetCrossingWeight 1.000000E+01, DensityWeight 1.639771E-05, HPWL 1.276576E+03, Overflow 1.797372E-01, MaxDensity 3.514E+00, MacroOverlap 2.312E+00, MacroOverlapWeight 8.000000E-06, gamma 2.797796E-02, time 6.818ms
[INFO   ] DREAMPlace - full step 30.280 ms
[DEBUG  ] dreamplace.ops.weighted_average_wirelength.weighted_average_wirelength - wirelength forward 0.171 ms
[DEBUG  ] dreamplace.ops.electric_potential.electric_potential - density forward 5.541 ms
[DEBUG  ] dreamplace.ops.electric_potential.electric_potential - density backward 9.062 ms
[DEBUG  ] dreamplace.ops.weighted_average_wirelength.weighted_average_wirelength - wirelength backward 0.120 ms
[INFO   ] DREAMPlace - optimizer step 23.767 ms
[INFO   ] DREAMPlace - iteration  127, (   6,  3,  1), Obj 2.896604E+04, NetCrossing 5.594E+01, NetCrossingWeight 1.000000E+01, DensityWeight 1.639771E-05, HPWL 1.530499E+03, Overflow 1.841175E-01, MaxDensity 2.510E+00, MacroOverlap 2.335E+00, MacroOverlapWeight 8.000000E-06, gamma 2.797796E-02, time 6.780ms
[INFO   ] DREAMPlace - full step 31.492 ms
[INFO   ] DREAMPlace - Lsub stopping criteria: 1 and 28966 > 27964.5 * 0.999
[DEBUG  ] dreamplace.ops.weighted_average_wirelength.weighted_average_wirelength - wirelength forward 0.142 ms
[DEBUG  ] dreamplace.ops.electric_potential.electric_potential - density forward 5.061 ms
[DEBUG  ] dreamplace.ops.electric_potential.electric_potential - density backward 8.673 ms
[DEBUG  ] dreamplace.ops.weighted_average_wirelength.weighted_average_wirelength - wirelength backward 0.118 ms
[INFO   ] DREAMPlace - optimizer step 22.421 ms
[INFO   ] DREAMPlace - iteration  128, (   6,  4,  0), Obj 2.655674E+04, NetCrossing 5.666E+01, NetCrossingWeight 1.000000E+01, DensityWeight 1.765730E-05, HPWL 1.320035E+03, Overflow 1.769261E-01, MaxDensity 3.012E+00, MacroOverlap 2.445E+00, MacroOverlapWeight 8.000000E-06, gamma 2.797796E-02, time 6.873ms
[INFO   ] DREAMPlace - full step 30.280 ms
[DEBUG  ] dreamplace.ops.weighted_average_wirelength.weighted_average_wirelength - wirelength forward 0.149 ms
[DEBUG  ] dreamplace.ops.electric_potential.electric_potential - density forward 5.095 ms
[DEBUG  ] dreamplace.ops.electric_potential.electric_potential - density backward 9.616 ms
[DEBUG  ] dreamplace.ops.weighted_average_wirelength.weighted_average_wirelength - wirelength backward 0.119 ms
[INFO   ] DREAMPlace - optimizer step 23.374 ms
[INFO   ] DREAMPlace - iteration  129, (   6,  4,  1), Obj 2.590995E+04, NetCrossing 5.617E+01, NetCrossingWeight 1.000000E+01, DensityWeight 1.765730E-05, HPWL 1.683278E+03, Overflow 1.721343E-01, MaxDensity 3.012E+00, MacroOverlap 1.801E+00, MacroOverlapWeight 8.000000E-06, gamma 2.797796E-02, time 6.806ms
[INFO   ] DREAMPlace - full step 31.214 ms
[DEBUG  ] dreamplace.ops.weighted_average_wirelength.weighted_average_wirelength - wirelength forward 0.147 ms
[DEBUG  ] dreamplace.ops.electric_potential.electric_potential - density forward 5.117 ms
[DEBUG  ] dreamplace.ops.electric_potential.electric_potential - density backward 9.759 ms
[DEBUG  ] dreamplace.ops.weighted_average_wirelength.weighted_average_wirelength - wirelength backward 0.120 ms
[DEBUG  ] dreamplace.ops.weighted_average_wirelength.weighted_average_wirelength - wirelength forward 0.135 ms
[DEBUG  ] dreamplace.ops.electric_potential.electric_potential - density forward 5.562 ms
[DEBUG  ] dreamplace.ops.electric_potential.electric_potential - density backward 8.224 ms
[DEBUG  ] dreamplace.ops.weighted_average_wirelength.weighted_average_wirelength - wirelength backward 0.117 ms
[INFO   ] DREAMPlace - optimizer step 45.496 ms
[INFO   ] DREAMPlace - iteration  130, (   6,  5,  0), Obj 2.252026E+04, NetCrossing 5.412E+01, NetCrossingWeight 1.000000E+01, DensityWeight 1.901378E-05, HPWL 1.423235E+03, Overflow 1.616925E-01, MaxDensity 2.510E+00, MacroOverlap 1.569E+00, MacroOverlapWeight 8.000000E-06, gamma 2.797796E-02, time 6.964ms
[INFO   ] DREAMPlace - full step 53.495 ms
[DEBUG  ] dreamplace.ops.weighted_average_wirelength.weighted_average_wirelength - wirelength forward 0.146 ms
[DEBUG  ] dreamplace.ops.electric_potential.electric_potential - density forward 5.371 ms
[DEBUG  ] dreamplace.ops.electric_potential.electric_potential - density backward 8.750 ms
[DEBUG  ] dreamplace.ops.weighted_average_wirelength.weighted_average_wirelength - wirelength backward 0.116 ms
[INFO   ] DREAMPlace - optimizer step 22.711 ms
[INFO   ] DREAMPlace - iteration  131, (   6,  5,  1), Obj 2.303182E+04, NetCrossing 5.795E+01, NetCrossingWeight 1.000000E+01, DensityWeight 1.901378E-05, HPWL 1.467653E+03, Overflow 1.564604E-01, MaxDensity 2.510E+00, MacroOverlap 1.464E+00, MacroOverlapWeight 8.000000E-06, gamma 2.797796E-02, time 6.852ms
[INFO   ] DREAMPlace - full step 30.587 ms
[INFO   ] DREAMPlace - Lsub stopping criteria: 1 and 23031.8 > 22520.3 * 0.999
[DEBUG  ] dreamplace.ops.weighted_average_wirelength.weighted_average_wirelength - wirelength forward 0.143 ms
[DEBUG  ] dreamplace.ops.electric_potential.electric_potential - density forward 5.313 ms
[DEBUG  ] dreamplace.ops.electric_potential.electric_potential - density backward 9.667 ms
[DEBUG  ] dreamplace.ops.weighted_average_wirelength.weighted_average_wirelength - wirelength backward 0.120 ms
[INFO   ] DREAMPlace - optimizer step 23.609 ms
[INFO   ] DREAMPlace - iteration  132, (   6,  6,  0), Obj 2.620267E+04, NetCrossing 5.968E+01, NetCrossingWeight 1.000000E+01, DensityWeight 2.034053E-05, HPWL 1.449307E+03, Overflow 1.526738E-01, MaxDensity 3.012E+00, MacroOverlap 1.538E+00, MacroOverlapWeight 8.000000E-06, gamma 2.797796E-02, time 6.919ms
[INFO   ] DREAMPlace - full step 31.556 ms
[DEBUG  ] dreamplace.ops.weighted_average_wirelength.weighted_average_wirelength - wirelength forward 0.147 ms
[DEBUG  ] dreamplace.ops.electric_potential.electric_potential - density forward 5.224 ms
[DEBUG  ] dreamplace.ops.electric_potential.electric_potential - density backward 7.433 ms
[DEBUG  ] dreamplace.ops.weighted_average_wirelength.weighted_average_wirelength - wirelength backward 0.121 ms
[INFO   ] DREAMPlace - optimizer step 21.402 ms
[INFO   ] DREAMPlace - iteration  133, (   6,  6,  1), Obj 2.454725E+04, NetCrossing 5.592E+01, NetCrossingWeight 1.000000E+01, DensityWeight 2.034053E-05, HPWL 1.559340E+03, Overflow 1.541452E-01, MaxDensity 3.012E+00, MacroOverlap 1.603E+00, MacroOverlapWeight 8.000000E-06, gamma 2.797796E-02, time 6.919ms
[INFO   ] DREAMPlace - full step 29.308 ms
[DEBUG  ] dreamplace.ops.weighted_average_wirelength.weighted_average_wirelength - wirelength forward 0.160 ms
[DEBUG  ] dreamplace.ops.electric_potential.electric_potential - density forward 5.343 ms
[DEBUG  ] dreamplace.ops.electric_potential.electric_potential - density backward 8.205 ms
[DEBUG  ] dreamplace.ops.weighted_average_wirelength.weighted_average_wirelength - wirelength backward 0.124 ms
[DEBUG  ] dreamplace.ops.weighted_average_wirelength.weighted_average_wirelength - wirelength forward 0.136 ms
[DEBUG  ] dreamplace.ops.electric_potential.electric_potential - density forward 5.459 ms
[DEBUG  ] dreamplace.ops.electric_potential.electric_potential - density backward 7.980 ms
[DEBUG  ] dreamplace.ops.weighted_average_wirelength.weighted_average_wirelength - wirelength backward 0.122 ms
[DEBUG  ] dreamplace.ops.weighted_average_wirelength.weighted_average_wirelength - wirelength forward 0.132 ms
[DEBUG  ] dreamplace.ops.electric_potential.electric_potential - density forward 5.244 ms
[DEBUG  ] dreamplace.ops.electric_potential.electric_potential - density backward 9.736 ms
[DEBUG  ] dreamplace.ops.weighted_average_wirelength.weighted_average_wirelength - wirelength backward 0.094 ms
[INFO   ] DREAMPlace - optimizer step 67.312 ms
[INFO   ] DREAMPlace - iteration  134, (   6,  7,  0), Obj 2.508391E+04, NetCrossing 6.092E+01, NetCrossingWeight 1.000000E+01, DensityWeight 2.190347E-05, HPWL 1.464331E+03, Overflow 1.544157E-01, MaxDensity 3.012E+00, MacroOverlap 2.252E+00, MacroOverlapWeight 8.000000E-06, gamma 2.797796E-02, time 6.880ms
[INFO   ] DREAMPlace - full step 75.205 ms
[DEBUG  ] dreamplace.ops.weighted_average_wirelength.weighted_average_wirelength - wirelength forward 0.148 ms
[DEBUG  ] dreamplace.ops.electric_potential.electric_potential - density forward 5.207 ms
[DEBUG  ] dreamplace.ops.electric_potential.electric_potential - density backward 8.383 ms
[DEBUG  ] dreamplace.ops.weighted_average_wirelength.weighted_average_wirelength - wirelength backward 0.124 ms
[INFO   ] DREAMPlace - optimizer step 21.923 ms
[INFO   ] DREAMPlace - iteration  135, (   6,  7,  1), Obj 2.666164E+04, NetCrossing 5.676E+01, NetCrossingWeight 1.000000E+01, DensityWeight 2.190347E-05, HPWL 1.173664E+03, Overflow 1.636053E-01, MaxDensity 2.510E+00, MacroOverlap 1.328E+00, MacroOverlapWeight 8.000000E-06, gamma 2.797796E-02, time 6.810ms
[INFO   ] DREAMPlace - full step 29.719 ms
[INFO   ] DREAMPlace - Lsub stopping criteria: 1 and 26661.6 > 25083.9 * 0.999
[DEBUG  ] dreamplace.ops.weighted_average_wirelength.weighted_average_wirelength - wirelength forward 0.148 ms
[DEBUG  ] dreamplace.ops.electric_potential.electric_potential - density forward 5.156 ms
[DEBUG  ] dreamplace.ops.electric_potential.electric_potential - density backward 8.842 ms
[DEBUG  ] dreamplace.ops.weighted_average_wirelength.weighted_average_wirelength - wirelength backward 0.164 ms
[INFO   ] DREAMPlace - optimizer step 22.542 ms
[INFO   ] DREAMPlace - iteration  136, (   6,  8,  0), Obj 2.826755E+04, NetCrossing 5.253E+01, NetCrossingWeight 1.000000E+01, DensityWeight 2.342718E-05, HPWL 1.302896E+03, Overflow 1.646987E-01, MaxDensity 3.514E+00, MacroOverlap 1.341E+00, MacroOverlapWeight 8.000000E-06, gamma 2.797796E-02, time 6.926ms
[INFO   ] DREAMPlace - full step 30.524 ms
[DEBUG  ] dreamplace.ops.weighted_average_wirelength.weighted_average_wirelength - wirelength forward 0.142 ms
[DEBUG  ] dreamplace.ops.electric_potential.electric_potential - density forward 5.101 ms
[DEBUG  ] dreamplace.ops.electric_potential.electric_potential - density backward 8.558 ms
[DEBUG  ] dreamplace.ops.weighted_average_wirelength.weighted_average_wirelength - wirelength backward 0.123 ms
[INFO   ] DREAMPlace - optimizer step 22.348 ms
[INFO   ] DREAMPlace - iteration  137, (   6,  8,  1), Obj 2.877622E+04, NetCrossing 5.970E+01, NetCrossingWeight 1.000000E+01, DensityWeight 2.342718E-05, HPWL 1.280244E+03, Overflow 1.612052E-01, MaxDensity 3.514E+00, MacroOverlap 1.623E+00, MacroOverlapWeight 8.000000E-06, gamma 2.797796E-02, time 6.833ms
[INFO   ] DREAMPlace - full step 30.170 ms
[INFO   ] DREAMPlace - Lsub stopping criteria: 1 and 28776.2 > 28267.6 * 0.999
[DEBUG  ] dreamplace.ops.weighted_average_wirelength.weighted_average_wirelength - wirelength forward 0.146 ms
[DEBUG  ] dreamplace.ops.electric_potential.electric_potential - density forward 5.128 ms
[DEBUG  ] dreamplace.ops.electric_potential.electric_potential - density backward 9.110 ms
[DEBUG  ] dreamplace.ops.weighted_average_wirelength.weighted_average_wirelength - wirelength backward 0.123 ms
[INFO   ] DREAMPlace - optimizer step 23.217 ms
[INFO   ] DREAMPlace - iteration  138, (   6,  9,  0), Obj 2.987424E+04, NetCrossing 6.207E+01, NetCrossingWeight 1.000000E+01, DensityWeight 2.522720E-05, HPWL 1.320312E+03, Overflow 1.596573E-01, MaxDensity 3.012E+00, MacroOverlap 1.832E+00, MacroOverlapWeight 8.000000E-06, gamma 2.797796E-02, time 6.838ms
[INFO   ] DREAMPlace - full step 31.030 ms
[DEBUG  ] dreamplace.ops.weighted_average_wirelength.weighted_average_wirelength - wirelength forward 0.147 ms
[DEBUG  ] dreamplace.ops.electric_potential.electric_potential - density forward 5.259 ms
[DEBUG  ] dreamplace.ops.electric_potential.electric_potential - density backward 9.794 ms
[DEBUG  ] dreamplace.ops.weighted_average_wirelength.weighted_average_wirelength - wirelength backward 0.123 ms
[INFO   ] DREAMPlace - optimizer step 23.867 ms
[INFO   ] DREAMPlace - iteration  139, (   6,  9,  1), Obj 3.090245E+04, NetCrossing 6.112E+01, NetCrossingWeight 1.000000E+01, DensityWeight 2.522720E-05, HPWL 1.234321E+03, Overflow 1.607880E-01, MaxDensity 3.012E+00, MacroOverlap 1.275E+00, MacroOverlapWeight 8.000000E-06, gamma 2.797796E-02, time 6.836ms
[INFO   ] DREAMPlace - full step 31.683 ms
[INFO   ] DREAMPlace - Lsub stopping criteria: 1 and 30902.4 > 29874.2 * 0.999
[DEBUG  ] dreamplace.ops.weighted_average_wirelength.weighted_average_wirelength - wirelength forward 0.144 ms
[DEBUG  ] dreamplace.ops.electric_potential.electric_potential - density forward 5.228 ms
[DEBUG  ] dreamplace.ops.electric_potential.electric_potential - density backward 8.049 ms
[DEBUG  ] dreamplace.ops.weighted_average_wirelength.weighted_average_wirelength - wirelength backward 0.191 ms
[INFO   ] DREAMPlace - optimizer step 22.092 ms
[INFO   ] DREAMPlace - iteration  140, (   7,  0,  0), Obj 2.965061E+04, NetCrossing 6.053E+01, NetCrossingWeight 1.000000E+01, DensityWeight 2.697673E-05, HPWL 1.232180E+03, Overflow 1.624744E-01, MaxDensity 3.201E+00, MacroOverlap 1.410E+00, MacroOverlapWeight 8.000000E-06, gamma 2.626535E-02, time 6.774ms
[INFO   ] DREAMPlace - full step 29.716 ms
[DEBUG  ] dreamplace.ops.weighted_average_wirelength.weighted_average_wirelength - wirelength forward 0.107 ms
[DEBUG  ] dreamplace.ops.electric_potential.electric_potential - density forward 4.702 ms
[DEBUG  ] dreamplace.ops.electric_potential.electric_potential - density backward 8.550 ms
[DEBUG  ] dreamplace.ops.weighted_average_wirelength.weighted_average_wirelength - wirelength backward 0.154 ms
[DEBUG  ] dreamplace.ops.weighted_average_wirelength.weighted_average_wirelength - wirelength forward 0.103 ms
[DEBUG  ] dreamplace.ops.electric_potential.electric_potential - density forward 5.151 ms
[DEBUG  ] dreamplace.ops.electric_potential.electric_potential - density backward 7.483 ms
[DEBUG  ] dreamplace.ops.weighted_average_wirelength.weighted_average_wirelength - wirelength backward 0.135 ms
[INFO   ] DREAMPlace - optimizer step 41.050 ms
[INFO   ] DREAMPlace - iteration  141, (   7,  0,  1), Obj 3.103777E+04, NetCrossing 5.988E+01, NetCrossingWeight 1.000000E+01, DensityWeight 2.697673E-05, HPWL 1.257956E+03, Overflow 1.663866E-01, MaxDensity 3.012E+00, MacroOverlap 1.406E+00, MacroOverlapWeight 8.000000E-06, gamma 2.626535E-02, time 6.194ms
[INFO   ] DREAMPlace - full step 48.050 ms
[INFO   ] DREAMPlace - Lsub stopping criteria: 1 and 31037.8 > 29650.6 * 0.999
[DEBUG  ] dreamplace.ops.weighted_average_wirelength.weighted_average_wirelength - wirelength forward 0.114 ms
[DEBUG  ] dreamplace.ops.electric_potential.electric_potential - density forward 4.790 ms
[DEBUG  ] dreamplace.ops.electric_potential.electric_potential - density backward 8.788 ms
[DEBUG  ] dreamplace.ops.weighted_average_wirelength.weighted_average_wirelength - wirelength backward 0.091 ms
[INFO   ] DREAMPlace - optimizer step 20.412 ms
[INFO   ] DREAMPlace - iteration  142, (   7,  1,  0), Obj 2.952496E+04, NetCrossing 5.797E+01, NetCrossingWeight 1.000000E+01, DensityWeight 2.905007E-05, HPWL 1.253279E+03, Overflow 1.663580E-01, MaxDensity 2.510E+00, MacroOverlap 1.618E+00, MacroOverlapWeight 8.000000E-06, gamma 2.626535E-02, time 6.463ms
[INFO   ] DREAMPlace - full step 27.663 ms
[DEBUG  ] dreamplace.ops.weighted_average_wirelength.weighted_average_wirelength - wirelength forward 0.152 ms
[DEBUG  ] dreamplace.ops.electric_potential.electric_potential - density forward 5.147 ms
[DEBUG  ] dreamplace.ops.electric_potential.electric_potential - density backward 9.032 ms
[DEBUG  ] dreamplace.ops.weighted_average_wirelength.weighted_average_wirelength - wirelength backward 0.099 ms
[INFO   ] DREAMPlace - optimizer step 22.203 ms
[INFO   ] DREAMPlace - iteration  143, (   7,  1,  1), Obj 3.148487E+04, NetCrossing 5.935E+01, NetCrossingWeight 1.000000E+01, DensityWeight 2.905007E-05, HPWL 1.259436E+03, Overflow 1.691142E-01, MaxDensity 3.012E+00, MacroOverlap 1.455E+00, MacroOverlapWeight 8.000000E-06, gamma 2.626535E-02, time 7.112ms
[INFO   ] DREAMPlace - full step 30.113 ms
[INFO   ] DREAMPlace - Lsub stopping criteria: 1 and 31484.9 > 29525 * 0.999
[DEBUG  ] dreamplace.ops.weighted_average_wirelength.weighted_average_wirelength - wirelength forward 0.130 ms
[DEBUG  ] dreamplace.ops.electric_potential.electric_potential - density forward 4.880 ms
[DEBUG  ] dreamplace.ops.electric_potential.electric_potential - density backward 9.717 ms
[DEBUG  ] dreamplace.ops.weighted_average_wirelength.weighted_average_wirelength - wirelength backward 0.103 ms
[INFO   ] DREAMPlace - optimizer step 21.969 ms
[INFO   ] DREAMPlace - iteration  144, (   7,  2,  0), Obj 3.230856E+04, NetCrossing 5.779E+01, NetCrossingWeight 1.000000E+01, DensityWeight 3.128293E-05, HPWL 1.188787E+03, Overflow 1.670522E-01, MaxDensity 3.012E+00, MacroOverlap 1.929E+00, MacroOverlapWeight 8.000000E-06, gamma 2.626535E-02, time 6.092ms
[INFO   ] DREAMPlace - full step 28.920 ms
[DEBUG  ] dreamplace.ops.weighted_average_wirelength.weighted_average_wirelength - wirelength forward 0.195 ms
[DEBUG  ] dreamplace.ops.electric_potential.electric_potential - density forward 5.211 ms
[DEBUG  ] dreamplace.ops.electric_potential.electric_potential - density backward 9.106 ms
[DEBUG  ] dreamplace.ops.weighted_average_wirelength.weighted_average_wirelength - wirelength backward 0.096 ms
[DEBUG  ] dreamplace.ops.weighted_average_wirelength.weighted_average_wirelength - wirelength forward 0.104 ms
[DEBUG  ] dreamplace.ops.electric_potential.electric_potential - density forward 5.445 ms
[DEBUG  ] dreamplace.ops.electric_potential.electric_potential - density backward 6.626 ms
[DEBUG  ] dreamplace.ops.weighted_average_wirelength.weighted_average_wirelength - wirelength backward 0.170 ms
[INFO   ] DREAMPlace - optimizer step 43.957 ms
[INFO   ] DREAMPlace - iteration  145, (   7,  2,  1), Obj 3.272464E+04, NetCrossing 6.110E+01, NetCrossingWeight 1.000000E+01, DensityWeight 3.128293E-05, HPWL 1.240476E+03, Overflow 1.623903E-01, MaxDensity 3.012E+00, MacroOverlap 1.741E+00, MacroOverlapWeight 8.000000E-06, gamma 2.626535E-02, time 7.601ms
[INFO   ] DREAMPlace - full step 52.667 ms
[INFO   ] DREAMPlace - Lsub stopping criteria: 1 and 32724.6 > 32308.6 * 0.999
[DEBUG  ] dreamplace.ops.weighted_average_wirelength.weighted_average_wirelength - wirelength forward 0.111 ms
[DEBUG  ] dreamplace.ops.electric_potential.electric_potential - density forward 4.699 ms
[DEBUG  ] dreamplace.ops.electric_potential.electric_potential - density backward 9.097 ms
[DEBUG  ] dreamplace.ops.weighted_average_wirelength.weighted_average_wirelength - wirelength backward 0.106 ms
[DEBUG  ] dreamplace.ops.weighted_average_wirelength.weighted_average_wirelength - wirelength forward 0.130 ms
[DEBUG  ] dreamplace.ops.electric_potential.electric_potential - density forward 4.859 ms
[DEBUG  ] dreamplace.ops.electric_potential.electric_potential - density backward 10.063 ms
[DEBUG  ] dreamplace.ops.weighted_average_wirelength.weighted_average_wirelength - wirelength backward 0.147 ms
[INFO   ] DREAMPlace - optimizer step 44.290 ms
[INFO   ] DREAMPlace - iteration  146, (   7,  3,  0), Obj 3.182491E+04, NetCrossing 5.737E+01, NetCrossingWeight 1.000000E+01, DensityWeight 3.344239E-05, HPWL 1.114914E+03, Overflow 1.618718E-01, MaxDensity 3.210E+00, MacroOverlap 1.869E+00, MacroOverlapWeight 8.000000E-06, gamma 2.626535E-02, time 6.215ms
[INFO   ] DREAMPlace - full step 51.614 ms
[DEBUG  ] dreamplace.ops.weighted_average_wirelength.weighted_average_wirelength - wirelength forward 0.119 ms
[DEBUG  ] dreamplace.ops.electric_potential.electric_potential - density forward 4.721 ms
[DEBUG  ] dreamplace.ops.electric_potential.electric_potential - density backward 9.114 ms
[DEBUG  ] dreamplace.ops.weighted_average_wirelength.weighted_average_wirelength - wirelength backward 0.136 ms
[INFO   ] DREAMPlace - optimizer step 21.525 ms
[INFO   ] DREAMPlace - iteration  147, (   7,  3,  1), Obj 3.320586E+04, NetCrossing 6.358E+01, NetCrossingWeight 1.000000E+01, DensityWeight 3.344239E-05, HPWL 1.210676E+03, Overflow 1.542732E-01, MaxDensity 3.012E+00, MacroOverlap 1.965E+00, MacroOverlapWeight 8.000000E-06, gamma 2.626535E-02, time 7.411ms
[INFO   ] DREAMPlace - full step 29.915 ms
[INFO   ] DREAMPlace - Lsub stopping criteria: 1 and 33205.9 > 31824.9 * 0.999
[DEBUG  ] dreamplace.ops.weighted_average_wirelength.weighted_average_wirelength - wirelength forward 0.141 ms
[DEBUG  ] dreamplace.ops.electric_potential.electric_potential - density forward 4.962 ms
[DEBUG  ] dreamplace.ops.electric_potential.electric_potential - density backward 8.624 ms
[DEBUG  ] dreamplace.ops.weighted_average_wirelength.weighted_average_wirelength - wirelength backward 0.132 ms
[INFO   ] DREAMPlace - optimizer step 21.850 ms
[INFO   ] DREAMPlace - iteration  148, (   7,  4,  0), Obj 3.204714E+04, NetCrossing 6.017E+01, NetCrossingWeight 1.000000E+01, DensityWeight 3.574734E-05, HPWL 1.162100E+03, Overflow 1.554099E-01, MaxDensity 3.012E+00, MacroOverlap 1.763E+00, MacroOverlapWeight 8.000000E-06, gamma 2.626535E-02, time 6.682ms
[INFO   ] DREAMPlace - full step 29.463 ms
[DEBUG  ] dreamplace.ops.weighted_average_wirelength.weighted_average_wirelength - wirelength forward 0.145 ms
[DEBUG  ] dreamplace.ops.electric_potential.electric_potential - density forward 4.730 ms
[DEBUG  ] dreamplace.ops.electric_potential.electric_potential - density backward 8.256 ms
[DEBUG  ] dreamplace.ops.weighted_average_wirelength.weighted_average_wirelength - wirelength backward 0.101 ms
[INFO   ] DREAMPlace - optimizer step 22.010 ms
[INFO   ] DREAMPlace - iteration  149, (   7,  4,  1), Obj 3.332823E+04, NetCrossing 5.997E+01, NetCrossingWeight 1.000000E+01, DensityWeight 3.574734E-05, HPWL 1.196295E+03, Overflow 1.491476E-01, MaxDensity 3.514E+00, MacroOverlap 1.850E+00, MacroOverlapWeight 8.000000E-06, gamma 2.626535E-02, time 6.749ms
[INFO   ] DREAMPlace - full step 29.707 ms
[INFO   ] DREAMPlace - Lsub stopping criteria: 1 and 33328.2 > 32047.1 * 0.999
[DEBUG  ] dreamplace.ops.weighted_average_wirelength.weighted_average_wirelength - wirelength forward 0.145 ms
[DEBUG  ] dreamplace.ops.electric_potential.electric_potential - density forward 5.202 ms
[DEBUG  ] dreamplace.ops.electric_potential.electric_potential - density backward 8.406 ms
[DEBUG  ] dreamplace.ops.weighted_average_wirelength.weighted_average_wirelength - wirelength backward 0.162 ms
[INFO   ] DREAMPlace - optimizer step 21.827 ms
[INFO   ] DREAMPlace - iteration  150, (   7,  5,  0), Obj 3.078790E+04, NetCrossing 6.249E+01, NetCrossingWeight 1.000000E+01, DensityWeight 3.820733E-05, HPWL 1.121720E+03, Overflow 1.449739E-01, MaxDensity 3.012E+00, MacroOverlap 1.561E+00, MacroOverlapWeight 8.000000E-06, gamma 2.626535E-02, time 6.727ms
[INFO   ] DREAMPlace - full step 29.439 ms
[DEBUG  ] dreamplace.ops.weighted_average_wirelength.weighted_average_wirelength - wirelength forward 0.114 ms
[DEBUG  ] dreamplace.ops.electric_potential.electric_potential - density forward 4.766 ms
[DEBUG  ] dreamplace.ops.electric_potential.electric_potential - density backward 10.283 ms
[DEBUG  ] dreamplace.ops.weighted_average_wirelength.weighted_average_wirelength - wirelength backward 0.129 ms
[DEBUG  ] dreamplace.ops.weighted_average_wirelength.weighted_average_wirelength - wirelength forward 0.123 ms
[DEBUG  ] dreamplace.ops.electric_potential.electric_potential - density forward 4.884 ms
[DEBUG  ] dreamplace.ops.electric_potential.electric_potential - density backward 9.186 ms
[DEBUG  ] dreamplace.ops.weighted_average_wirelength.weighted_average_wirelength - wirelength backward 0.126 ms
[DEBUG  ] dreamplace.ops.weighted_average_wirelength.weighted_average_wirelength - wirelength forward 0.147 ms
[DEBUG  ] dreamplace.ops.electric_potential.electric_potential - density forward 5.233 ms
[DEBUG  ] dreamplace.ops.electric_potential.electric_potential - density backward 9.190 ms
[DEBUG  ] dreamplace.ops.weighted_average_wirelength.weighted_average_wirelength - wirelength backward 0.124 ms
[DEBUG  ] dreamplace.ops.weighted_average_wirelength.weighted_average_wirelength - wirelength forward 0.170 ms
[DEBUG  ] dreamplace.ops.electric_potential.electric_potential - density forward 4.762 ms
[DEBUG  ] dreamplace.ops.electric_potential.electric_potential - density backward 8.595 ms
[DEBUG  ] dreamplace.ops.weighted_average_wirelength.weighted_average_wirelength - wirelength backward 0.127 ms
[INFO   ] DREAMPlace - optimizer step 89.408 ms
[INFO   ] DREAMPlace - iteration  151, (   7,  5,  1), Obj 3.257744E+04, NetCrossing 6.026E+01, NetCrossingWeight 1.000000E+01, DensityWeight 3.820733E-05, HPWL 1.165532E+03, Overflow 1.450521E-01, MaxDensity 3.012E+00, MacroOverlap 1.442E+00, MacroOverlapWeight 8.000000E-06, gamma 2.626535E-02, time 6.224ms
[INFO   ] DREAMPlace - full step 96.637 ms
[INFO   ] DREAMPlace - Lsub stopping criteria: 1 and 32577.4 > 30787.9 * 0.999
[DEBUG  ] dreamplace.ops.weighted_average_wirelength.weighted_average_wirelength - wirelength forward 0.145 ms
[DEBUG  ] dreamplace.ops.electric_potential.electric_potential - density forward 4.853 ms
[DEBUG  ] dreamplace.ops.electric_potential.electric_potential - density backward 9.482 ms
[DEBUG  ] dreamplace.ops.weighted_average_wirelength.weighted_average_wirelength - wirelength backward 0.123 ms
[INFO   ] DREAMPlace - optimizer step 22.549 ms
[INFO   ] DREAMPlace - iteration  152, (   7,  6,  0), Obj 3.289220E+04, NetCrossing 5.813E+01, NetCrossingWeight 1.000000E+01, DensityWeight 4.083253E-05, HPWL 1.135744E+03, Overflow 1.487894E-01, MaxDensity 3.012E+00, MacroOverlap 1.781E+00, MacroOverlapWeight 8.000000E-06, gamma 2.626535E-02, time 7.204ms
[INFO   ] DREAMPlace - full step 30.765 ms
[DEBUG  ] dreamplace.ops.weighted_average_wirelength.weighted_average_wirelength - wirelength forward 0.122 ms
[DEBUG  ] dreamplace.ops.electric_potential.electric_potential - density forward 5.630 ms
[DEBUG  ] dreamplace.ops.electric_potential.electric_potential - density backward 9.237 ms
[DEBUG  ] dreamplace.ops.weighted_average_wirelength.weighted_average_wirelength - wirelength backward 0.127 ms
[INFO   ] DREAMPlace - optimizer step 23.863 ms
[INFO   ] DREAMPlace - iteration  153, (   7,  6,  1), Obj 3.375451E+04, NetCrossing 6.108E+01, NetCrossingWeight 1.000000E+01, DensityWeight 4.083253E-05, HPWL 1.132969E+03, Overflow 1.484902E-01, MaxDensity 3.012E+00, MacroOverlap 1.295E+00, MacroOverlapWeight 8.000000E-06, gamma 2.626535E-02, time 6.302ms
[INFO   ] DREAMPlace - full step 30.970 ms
[INFO   ] DREAMPlace - Lsub stopping criteria: 1 and 33754.5 > 32892.2 * 0.999
[DEBUG  ] dreamplace.ops.weighted_average_wirelength.weighted_average_wirelength - wirelength forward 0.148 ms
[DEBUG  ] dreamplace.ops.electric_potential.electric_potential - density forward 5.249 ms
[DEBUG  ] dreamplace.ops.electric_potential.electric_potential - density backward 9.089 ms
[DEBUG  ] dreamplace.ops.weighted_average_wirelength.weighted_average_wirelength - wirelength backward 0.134 ms
[INFO   ] DREAMPlace - optimizer step 23.385 ms
[INFO   ] DREAMPlace - iteration  154, (   7,  7,  0), Obj 3.446722E+04, NetCrossing 6.038E+01, NetCrossingWeight 1.000000E+01, DensityWeight 4.363374E-05, HPWL 1.147867E+03, Overflow 1.485075E-01, MaxDensity 3.012E+00, MacroOverlap 1.743E+00, MacroOverlapWeight 8.000000E-06, gamma 2.626535E-02, time 6.753ms
[INFO   ] DREAMPlace - full step 31.089 ms
[DEBUG  ] dreamplace.ops.weighted_average_wirelength.weighted_average_wirelength - wirelength forward 0.145 ms
[DEBUG  ] dreamplace.ops.electric_potential.electric_potential - density forward 5.219 ms
[DEBUG  ] dreamplace.ops.electric_potential.electric_potential - density backward 7.923 ms
[DEBUG  ] dreamplace.ops.weighted_average_wirelength.weighted_average_wirelength - wirelength backward 0.121 ms
[INFO   ] DREAMPlace - optimizer step 21.372 ms
[INFO   ] DREAMPlace - iteration  155, (   7,  7,  1), Obj 3.360895E+04, NetCrossing 5.639E+01, NetCrossingWeight 1.000000E+01, DensityWeight 4.363374E-05, HPWL 1.179709E+03, Overflow 1.418112E-01, MaxDensity 3.514E+00, MacroOverlap 1.339E+00, MacroOverlapWeight 8.000000E-06, gamma 2.626535E-02, time 7.692ms
[INFO   ] DREAMPlace - full step 30.116 ms
[DEBUG  ] dreamplace.ops.weighted_average_wirelength.weighted_average_wirelength - wirelength forward 0.149 ms
[DEBUG  ] dreamplace.ops.electric_potential.electric_potential - density forward 5.056 ms
[DEBUG  ] dreamplace.ops.electric_potential.electric_potential - density backward 7.981 ms
[DEBUG  ] dreamplace.ops.weighted_average_wirelength.weighted_average_wirelength - wirelength backward 0.127 ms
[INFO   ] DREAMPlace - optimizer step 21.801 ms
[INFO   ] DREAMPlace - iteration  156, (   7,  8,  0), Obj 3.145195E+04, NetCrossing 6.032E+01, NetCrossingWeight 1.000000E+01, DensityWeight 4.698702E-05, HPWL 1.182152E+03, Overflow 1.424208E-01, MaxDensity 2.510E+00, MacroOverlap 1.066E+00, MacroOverlapWeight 8.000000E-06, gamma 2.626535E-02, time 7.858ms
[INFO   ] DREAMPlace - full step 30.812 ms
[DEBUG  ] dreamplace.ops.weighted_average_wirelength.weighted_average_wirelength - wirelength forward 0.111 ms
[DEBUG  ] dreamplace.ops.electric_potential.electric_potential - density forward 4.984 ms
[DEBUG  ] dreamplace.ops.electric_potential.electric_potential - density backward 9.523 ms
[DEBUG  ] dreamplace.ops.weighted_average_wirelength.weighted_average_wirelength - wirelength backward 0.121 ms
[INFO   ] DREAMPlace - optimizer step 22.416 ms
[INFO   ] DREAMPlace - iteration  157, (   7,  8,  1), Obj 3.152150E+04, NetCrossing 5.910E+01, NetCrossingWeight 1.000000E+01, DensityWeight 4.698702E-05, HPWL 1.129054E+03, Overflow 1.335677E-01, MaxDensity 2.510E+00, MacroOverlap 1.047E+00, MacroOverlapWeight 8.000000E-06, gamma 2.626535E-02, time 6.400ms
[INFO   ] DREAMPlace - full step 29.994 ms
[INFO   ] DREAMPlace - Lsub stopping criteria: 1 and 31521.5 > 31451.9 * 0.999
[DEBUG  ] dreamplace.ops.weighted_average_wirelength.weighted_average_wirelength - wirelength forward 0.189 ms
[DEBUG  ] dreamplace.ops.electric_potential.electric_potential - density forward 5.275 ms
[DEBUG  ] dreamplace.ops.electric_potential.electric_potential - density backward 8.548 ms
[DEBUG  ] dreamplace.ops.weighted_average_wirelength.weighted_average_wirelength - wirelength backward 0.124 ms
[INFO   ] DREAMPlace - optimizer step 22.465 ms
[INFO   ] DREAMPlace - iteration  158, (   7,  9,  0), Obj 2.846581E+04, NetCrossing 6.235E+01, NetCrossingWeight 1.000000E+01, DensityWeight 5.020040E-05, HPWL 1.216866E+03, Overflow 1.219092E-01, MaxDensity 3.012E+00, MacroOverlap 9.261E-01, MacroOverlapWeight 8.000000E-06, gamma 2.626535E-02, time 7.076ms
[INFO   ] DREAMPlace - full step 30.684 ms
[DEBUG  ] dreamplace.ops.weighted_average_wirelength.weighted_average_wirelength - wirelength forward 0.131 ms
[DEBUG  ] dreamplace.ops.electric_potential.electric_potential - density forward 4.925 ms
[DEBUG  ] dreamplace.ops.electric_potential.electric_potential - density backward 8.808 ms
[DEBUG  ] dreamplace.ops.weighted_average_wirelength.weighted_average_wirelength - wirelength backward 0.094 ms
[INFO   ] DREAMPlace - optimizer step 21.282 ms
[INFO   ] DREAMPlace - iteration  159, (   7,  9,  1), Obj 2.613892E+04, NetCrossing 5.924E+01, NetCrossingWeight 1.000000E+01, DensityWeight 5.020040E-05, HPWL 1.226963E+03, Overflow 1.155280E-01, MaxDensity 3.012E+00, MacroOverlap 7.161E-01, MacroOverlapWeight 8.000000E-06, gamma 2.626535E-02, time 7.279ms
[INFO   ] DREAMPlace - full step 29.806 ms
[DEBUG  ] dreamplace.ops.weighted_average_wirelength.weighted_average_wirelength - wirelength forward 0.117 ms
[DEBUG  ] dreamplace.ops.electric_potential.electric_potential - density forward 4.774 ms
[DEBUG  ] dreamplace.ops.electric_potential.electric_potential - density backward 10.495 ms
[DEBUG  ] dreamplace.ops.weighted_average_wirelength.weighted_average_wirelength - wirelength backward 0.145 ms
[INFO   ] DREAMPlace - optimizer step 24.485 ms
[INFO   ] DREAMPlace - iteration  160, (   8,  0,  0), Obj 2.553386E+04, NetCrossing 5.848E+01, NetCrossingWeight 1.000000E+01, DensityWeight 5.405765E-05, HPWL 1.216646E+03, Overflow 1.182454E-01, MaxDensity 3.012E+00, MacroOverlap 6.428E-01, MacroOverlapWeight 8.000000E-06, gamma 2.083558E-02, time 6.324ms
[INFO   ] DREAMPlace - full step 31.604 ms
[DEBUG  ] dreamplace.ops.weighted_average_wirelength.weighted_average_wirelength - wirelength forward 0.131 ms
[DEBUG  ] dreamplace.ops.electric_potential.electric_potential - density forward 5.294 ms
[DEBUG  ] dreamplace.ops.electric_potential.electric_potential - density backward 8.872 ms
[DEBUG  ] dreamplace.ops.weighted_average_wirelength.weighted_average_wirelength - wirelength backward 0.145 ms
[INFO   ] DREAMPlace - optimizer step 23.280 ms
[INFO   ] DREAMPlace - iteration  161, (   8,  0,  1), Obj 2.415999E+04, NetCrossing 6.007E+01, NetCrossingWeight 1.000000E+01, DensityWeight 5.405765E-05, HPWL 1.206965E+03, Overflow 1.100136E-01, MaxDensity 2.510E+00, MacroOverlap 5.561E-01, MacroOverlapWeight 8.000000E-06, gamma 2.083558E-02, time 6.577ms
[INFO   ] DREAMPlace - full step 30.740 ms
[DEBUG  ] dreamplace.ops.weighted_average_wirelength.weighted_average_wirelength - wirelength forward 0.150 ms
[DEBUG  ] dreamplace.ops.electric_potential.electric_potential - density forward 5.097 ms
[DEBUG  ] dreamplace.ops.electric_potential.electric_potential - density backward 9.725 ms
[DEBUG  ] dreamplace.ops.weighted_average_wirelength.weighted_average_wirelength - wirelength backward 0.093 ms
[INFO   ] DREAMPlace - optimizer step 23.968 ms
[INFO   ] DREAMPlace - iteration  162, (   8,  1,  0), Obj 2.256672E+04, NetCrossing 6.242E+01, NetCrossingWeight 1.000000E+01, DensityWeight 5.774304E-05, HPWL 1.219696E+03, Overflow 1.075149E-01, MaxDensity 2.510E+00, MacroOverlap 4.644E-01, MacroOverlapWeight 8.000000E-06, gamma 2.083558E-02, time 7.161ms
[INFO   ] DREAMPlace - full step 31.985 ms
[DEBUG  ] dreamplace.ops.weighted_average_wirelength.weighted_average_wirelength - wirelength forward 0.107 ms
[DEBUG  ] dreamplace.ops.electric_potential.electric_potential - density forward 4.666 ms
[DEBUG  ] dreamplace.ops.electric_potential.electric_potential - density backward 8.738 ms
[DEBUG  ] dreamplace.ops.weighted_average_wirelength.weighted_average_wirelength - wirelength backward 0.133 ms
[DEBUG  ] dreamplace.ops.weighted_average_wirelength.weighted_average_wirelength - wirelength forward 0.122 ms
[DEBUG  ] dreamplace.ops.electric_potential.electric_potential - density forward 4.813 ms
[DEBUG  ] dreamplace.ops.electric_potential.electric_potential - density backward 8.483 ms
[DEBUG  ] dreamplace.ops.weighted_average_wirelength.weighted_average_wirelength - wirelength backward 0.125 ms
[DEBUG  ] dreamplace.ops.weighted_average_wirelength.weighted_average_wirelength - wirelength forward 0.133 ms
[DEBUG  ] dreamplace.ops.electric_potential.electric_potential - density forward 5.623 ms
[DEBUG  ] dreamplace.ops.electric_potential.electric_potential - density backward 8.505 ms
[DEBUG  ] dreamplace.ops.weighted_average_wirelength.weighted_average_wirelength - wirelength backward 0.124 ms
[INFO   ] DREAMPlace - optimizer step 64.747 ms
[INFO   ] DREAMPlace - iteration  163, (   8,  1,  1), Obj 2.200763E+04, NetCrossing 6.266E+01, NetCrossingWeight 1.000000E+01, DensityWeight 5.774304E-05, HPWL 1.223195E+03, Overflow 1.077197E-01, MaxDensity 2.510E+00, MacroOverlap 3.625E-01, MacroOverlapWeight 8.000000E-06, gamma 2.083558E-02, time 6.122ms
[INFO   ] DREAMPlace - full step 72.126 ms
[DEBUG  ] dreamplace.ops.weighted_average_wirelength.weighted_average_wirelength - wirelength forward 0.161 ms
[DEBUG  ] dreamplace.ops.electric_potential.electric_potential - density forward 4.953 ms
[DEBUG  ] dreamplace.ops.electric_potential.electric_potential - density backward 7.690 ms
[DEBUG  ] dreamplace.ops.weighted_average_wirelength.weighted_average_wirelength - wirelength backward 0.126 ms
[INFO   ] DREAMPlace - optimizer step 21.109 ms
[INFO   ] DREAMPlace - iteration  164, (   8,  2,  0), Obj 2.271617E+04, NetCrossing 6.548E+01, NetCrossingWeight 1.000000E+01, DensityWeight 6.218108E-05, HPWL 1.247047E+03, Overflow 1.099674E-01, MaxDensity 2.510E+00, MacroOverlap 6.152E-01, MacroOverlapWeight 8.000000E-06, gamma 2.083558E-02, time 7.969ms
[INFO   ] DREAMPlace - full step 30.011 ms
[DEBUG  ] dreamplace.ops.weighted_average_wirelength.weighted_average_wirelength - wirelength forward 0.133 ms
[DEBUG  ] dreamplace.ops.electric_potential.electric_potential - density forward 5.193 ms
[DEBUG  ] dreamplace.ops.electric_potential.electric_potential - density backward 10.450 ms
[DEBUG  ] dreamplace.ops.weighted_average_wirelength.weighted_average_wirelength - wirelength backward 0.118 ms
[INFO   ] DREAMPlace - optimizer step 23.872 ms
[INFO   ] DREAMPlace - iteration  165, (   8,  2,  1), Obj 2.417297E+04, NetCrossing 6.346E+01, NetCrossingWeight 1.000000E+01, DensityWeight 6.218108E-05, HPWL 1.234927E+03, Overflow 1.140344E-01, MaxDensity 2.510E+00, MacroOverlap 5.713E-01, MacroOverlapWeight 8.000000E-06, gamma 2.083558E-02, time 6.670ms
[INFO   ] DREAMPlace - full step 31.547 ms
[INFO   ] DREAMPlace - Lsub stopping criteria: 1 and 24173 > 22716.2 * 0.999
[DEBUG  ] dreamplace.ops.weighted_average_wirelength.weighted_average_wirelength - wirelength forward 0.138 ms
[DEBUG  ] dreamplace.ops.electric_potential.electric_potential - density forward 4.968 ms
[DEBUG  ] dreamplace.ops.electric_potential.electric_potential - density backward 10.417 ms
[DEBUG  ] dreamplace.ops.weighted_average_wirelength.weighted_average_wirelength - wirelength backward 0.121 ms
[DEBUG  ] dreamplace.ops.weighted_average_wirelength.weighted_average_wirelength - wirelength forward 0.135 ms
[DEBUG  ] dreamplace.ops.electric_potential.electric_potential - density forward 5.055 ms
[DEBUG  ] dreamplace.ops.electric_potential.electric_potential - density backward 10.676 ms
[DEBUG  ] dreamplace.ops.weighted_average_wirelength.weighted_average_wirelength - wirelength backward 0.128 ms
[DEBUG  ] dreamplace.ops.weighted_average_wirelength.weighted_average_wirelength - wirelength forward 0.153 ms
[DEBUG  ] dreamplace.ops.electric_potential.electric_potential - density forward 5.437 ms
[DEBUG  ] dreamplace.ops.electric_potential.electric_potential - density backward 10.396 ms
[DEBUG  ] dreamplace.ops.weighted_average_wirelength.weighted_average_wirelength - wirelength backward 0.115 ms
[INFO   ] DREAMPlace - optimizer step 73.245 ms
[INFO   ] DREAMPlace - iteration  166, (   8,  3,  0), Obj 2.359092E+04, NetCrossing 6.559E+01, NetCrossingWeight 1.000000E+01, DensityWeight 6.696030E-05, HPWL 1.198942E+03, Overflow 1.152780E-01, MaxDensity 3.012E+00, MacroOverlap 4.723E-01, MacroOverlapWeight 8.000000E-06, gamma 2.083558E-02, time 6.980ms
[INFO   ] DREAMPlace - full step 81.465 ms
[DEBUG  ] dreamplace.ops.weighted_average_wirelength.weighted_average_wirelength - wirelength forward 0.132 ms
[DEBUG  ] dreamplace.ops.electric_potential.electric_potential - density forward 4.946 ms
[DEBUG  ] dreamplace.ops.electric_potential.electric_potential - density backward 9.452 ms
[DEBUG  ] dreamplace.ops.weighted_average_wirelength.weighted_average_wirelength - wirelength backward 0.119 ms
[INFO   ] DREAMPlace - optimizer step 23.568 ms
[INFO   ] DREAMPlace - iteration  167, (   8,  3,  1), Obj 2.506621E+04, NetCrossing 6.417E+01, NetCrossingWeight 1.000000E+01, DensityWeight 6.696030E-05, HPWL 1.190323E+03, Overflow 1.148976E-01, MaxDensity 3.012E+00, MacroOverlap 3.656E-01, MacroOverlapWeight 8.000000E-06, gamma 2.083558E-02, time 6.814ms
[INFO   ] DREAMPlace - full step 31.455 ms
[INFO   ] DREAMPlace - Lsub stopping criteria: 1 and 25066.2 > 23590.9 * 0.999
[DEBUG  ] dreamplace.ops.weighted_average_wirelength.weighted_average_wirelength - wirelength forward 0.203 ms
[DEBUG  ] dreamplace.ops.electric_potential.electric_potential - density forward 4.931 ms
[DEBUG  ] dreamplace.ops.electric_potential.electric_potential - density backward 10.018 ms
[DEBUG  ] dreamplace.ops.weighted_average_wirelength.weighted_average_wirelength - wirelength backward 0.093 ms
[INFO   ] DREAMPlace - optimizer step 23.346 ms
[INFO   ] DREAMPlace - iteration  168, (   8,  4,  0), Obj 2.547066E+04, NetCrossing 6.824E+01, NetCrossingWeight 1.000000E+01, DensityWeight 7.150387E-05, HPWL 1.201663E+03, Overflow 1.180672E-01, MaxDensity 2.510E+00, MacroOverlap 4.299E-01, MacroOverlapWeight 8.000000E-06, gamma 2.083558E-02, time 7.159ms
[INFO   ] DREAMPlace - full step 31.661 ms
[DEBUG  ] dreamplace.ops.weighted_average_wirelength.weighted_average_wirelength - wirelength forward 0.155 ms
[DEBUG  ] dreamplace.ops.electric_potential.electric_potential - density forward 4.967 ms
[DEBUG  ] dreamplace.ops.electric_potential.electric_potential - density backward 9.035 ms
[DEBUG  ] dreamplace.ops.weighted_average_wirelength.weighted_average_wirelength - wirelength backward 0.209 ms
[DEBUG  ] dreamplace.ops.weighted_average_wirelength.weighted_average_wirelength - wirelength forward 0.187 ms
[DEBUG  ] dreamplace.ops.electric_potential.electric_potential - density forward 5.654 ms
[DEBUG  ] dreamplace.ops.electric_potential.electric_potential - density backward 8.781 ms
[DEBUG  ] dreamplace.ops.weighted_average_wirelength.weighted_average_wirelength - wirelength backward 0.107 ms
[DEBUG  ] dreamplace.ops.weighted_average_wirelength.weighted_average_wirelength - wirelength forward 0.103 ms
[DEBUG  ] dreamplace.ops.electric_potential.electric_potential - density forward 4.647 ms
[DEBUG  ] dreamplace.ops.electric_potential.electric_potential - density backward 8.947 ms
[DEBUG  ] dreamplace.ops.weighted_average_wirelength.weighted_average_wirelength - wirelength backward 0.097 ms
[DEBUG  ] dreamplace.ops.weighted_average_wirelength.weighted_average_wirelength - wirelength forward 0.107 ms
[DEBUG  ] dreamplace.ops.electric_potential.electric_potential - density forward 4.876 ms
[DEBUG  ] dreamplace.ops.electric_potential.electric_potential - density backward 9.399 ms
[DEBUG  ] dreamplace.ops.weighted_average_wirelength.weighted_average_wirelength - wirelength backward 0.096 ms
[INFO   ] DREAMPlace - optimizer step 89.375 ms
[INFO   ] DREAMPlace - iteration  169, (   8,  4,  1), Obj 2.670400E+04, NetCrossing 6.529E+01, NetCrossingWeight 1.000000E+01, DensityWeight 7.150387E-05, HPWL 1.180427E+03, Overflow 1.135837E-01, MaxDensity 2.510E+00, MacroOverlap 3.780E-01, MacroOverlapWeight 8.000000E-06, gamma 2.083558E-02, time 7.643ms
[INFO   ] DREAMPlace - full step 98.127 ms
[INFO   ] DREAMPlace - Lsub stopping criteria: 1 and 26704 > 25470.7 * 0.999
[DEBUG  ] dreamplace.ops.weighted_average_wirelength.weighted_average_wirelength - wirelength forward 0.116 ms
[DEBUG  ] dreamplace.ops.electric_potential.electric_potential - density forward 4.641 ms
[DEBUG  ] dreamplace.ops.electric_potential.electric_potential - density backward 8.906 ms
[DEBUG  ] dreamplace.ops.weighted_average_wirelength.weighted_average_wirelength - wirelength backward 0.138 ms
[INFO   ] DREAMPlace - optimizer step 21.305 ms
[INFO   ] DREAMPlace - iteration  170, (   8,  5,  0), Obj 2.620372E+04, NetCrossing 6.481E+01, NetCrossingWeight 1.000000E+01, DensityWeight 7.634810E-05, HPWL 1.142181E+03, Overflow 1.145942E-01, MaxDensity 2.510E+00, MacroOverlap 3.956E-01, MacroOverlapWeight 8.000000E-06, gamma 2.083558E-02, time 6.496ms
[INFO   ] DREAMPlace - full step 28.712 ms
[DEBUG  ] dreamplace.ops.weighted_average_wirelength.weighted_average_wirelength - wirelength forward 0.109 ms
[DEBUG  ] dreamplace.ops.electric_potential.electric_potential - density forward 5.088 ms
[DEBUG  ] dreamplace.ops.electric_potential.electric_potential - density backward 10.423 ms
[DEBUG  ] dreamplace.ops.weighted_average_wirelength.weighted_average_wirelength - wirelength backward 0.119 ms
[INFO   ] DREAMPlace - optimizer step 23.306 ms
[INFO   ] DREAMPlace - iteration  171, (   8,  5,  1), Obj 2.727219E+04, NetCrossing 6.521E+01, NetCrossingWeight 1.000000E+01, DensityWeight 7.634810E-05, HPWL 1.167331E+03, Overflow 1.116429E-01, MaxDensity 2.510E+00, MacroOverlap 3.333E-01, MacroOverlapWeight 8.000000E-06, gamma 2.083558E-02, time 6.125ms
[INFO   ] DREAMPlace - full step 30.225 ms
[INFO   ] DREAMPlace - Lsub stopping criteria: 1 and 27272.2 > 26203.7 * 0.999
[DEBUG  ] dreamplace.ops.weighted_average_wirelength.weighted_average_wirelength - wirelength forward 0.207 ms
[DEBUG  ] dreamplace.ops.electric_potential.electric_potential - density forward 5.040 ms
[DEBUG  ] dreamplace.ops.electric_potential.electric_potential - density backward 7.100 ms
[DEBUG  ] dreamplace.ops.weighted_average_wirelength.weighted_average_wirelength - wirelength backward 0.120 ms
[INFO   ] DREAMPlace - optimizer step 21.115 ms
[INFO   ] DREAMPlace - iteration  172, (   8,  6,  0), Obj 2.697004E+04, NetCrossing 6.673E+01, NetCrossingWeight 1.000000E+01, DensityWeight 8.151237E-05, HPWL 1.143976E+03, Overflow 1.117561E-01, MaxDensity 2.098E+00, MacroOverlap 3.616E-01, MacroOverlapWeight 8.000000E-06, gamma 2.083558E-02, time 7.591ms
[INFO   ] DREAMPlace - full step 29.759 ms
[DEBUG  ] dreamplace.ops.weighted_average_wirelength.weighted_average_wirelength - wirelength forward 0.145 ms
[DEBUG  ] dreamplace.ops.electric_potential.electric_potential - density forward 5.007 ms
[DEBUG  ] dreamplace.ops.electric_potential.electric_potential - density backward 9.197 ms
[DEBUG  ] dreamplace.ops.weighted_average_wirelength.weighted_average_wirelength - wirelength backward 0.121 ms
[INFO   ] DREAMPlace - optimizer step 21.819 ms
[INFO   ] DREAMPlace - iteration  173, (   8,  6,  1), Obj 2.738698E+04, NetCrossing 6.803E+01, NetCrossingWeight 1.000000E+01, DensityWeight 8.151237E-05, HPWL 1.128113E+03, Overflow 1.092806E-01, MaxDensity 2.008E+00, MacroOverlap 3.368E-01, MacroOverlapWeight 8.000000E-06, gamma 2.083558E-02, time 7.643ms
[INFO   ] DREAMPlace - full step 30.422 ms
[INFO   ] DREAMPlace - Lsub stopping criteria: 1 and 27387 > 26970 * 0.999
[DEBUG  ] dreamplace.ops.weighted_average_wirelength.weighted_average_wirelength - wirelength forward 0.156 ms
[DEBUG  ] dreamplace.ops.electric_potential.electric_potential - density forward 5.055 ms
[DEBUG  ] dreamplace.ops.electric_potential.electric_potential - density backward 8.625 ms
[DEBUG  ] dreamplace.ops.weighted_average_wirelength.weighted_average_wirelength - wirelength backward 0.128 ms
[INFO   ] DREAMPlace - optimizer step 22.495 ms
[INFO   ] DREAMPlace - iteration  174, (   8,  7,  0), Obj 2.567392E+04, NetCrossing 6.931E+01, NetCrossingWeight 1.000000E+01, DensityWeight 8.701725E-05, HPWL 1.140327E+03, Overflow 1.054821E-01, MaxDensity 2.510E+00, MacroOverlap 2.785E-01, MacroOverlapWeight 8.000000E-06, gamma 2.083558E-02, time 6.806ms
[INFO   ] DREAMPlace - full step 30.249 ms
[DEBUG  ] dreamplace.ops.weighted_average_wirelength.weighted_average_wirelength - wirelength forward 0.173 ms
[DEBUG  ] dreamplace.ops.electric_potential.electric_potential - density forward 5.230 ms
[DEBUG  ] dreamplace.ops.electric_potential.electric_potential - density backward 8.955 ms
[DEBUG  ] dreamplace.ops.weighted_average_wirelength.weighted_average_wirelength - wirelength backward 0.101 ms
[INFO   ] DREAMPlace - optimizer step 23.710 ms
[INFO   ] DREAMPlace - iteration  175, (   8,  7,  1), Obj 2.715586E+04, NetCrossing 7.249E+01, NetCrossingWeight 1.000000E+01, DensityWeight 8.701725E-05, HPWL 1.171794E+03, Overflow 1.061612E-01, MaxDensity 2.510E+00, MacroOverlap 3.264E-01, MacroOverlapWeight 8.000000E-06, gamma 2.083558E-02, time 7.420ms
[INFO   ] DREAMPlace - full step 32.064 ms
[INFO   ] DREAMPlace - Lsub stopping criteria: 1 and 27155.9 > 25673.9 * 0.999
[DEBUG  ] dreamplace.ops.weighted_average_wirelength.weighted_average_wirelength - wirelength forward 0.153 ms
[DEBUG  ] dreamplace.ops.electric_potential.electric_potential - density forward 5.094 ms
[DEBUG  ] dreamplace.ops.electric_potential.electric_potential - density backward 9.665 ms
[DEBUG  ] dreamplace.ops.weighted_average_wirelength.weighted_average_wirelength - wirelength backward 0.124 ms
[INFO   ] DREAMPlace - optimizer step 25.141 ms
[INFO   ] DREAMPlace - iteration  176, (   8,  8,  0), Obj 2.724183E+04, NetCrossing 7.300E+01, NetCrossingWeight 1.000000E+01, DensityWeight 9.370464E-05, HPWL 1.168656E+03, Overflow 1.081314E-01, MaxDensity 2.510E+00, MacroOverlap 3.997E-01, MacroOverlapWeight 8.000000E-06, gamma 2.083558E-02, time 6.728ms
[INFO   ] DREAMPlace - full step 32.815 ms
[DEBUG  ] dreamplace.ops.weighted_average_wirelength.weighted_average_wirelength - wirelength forward 0.148 ms
[DEBUG  ] dreamplace.ops.electric_potential.electric_potential - density forward 4.989 ms
[DEBUG  ] dreamplace.ops.electric_potential.electric_potential - density backward 10.870 ms
[DEBUG  ] dreamplace.ops.weighted_average_wirelength.weighted_average_wirelength - wirelength backward 0.139 ms
[INFO   ] DREAMPlace - optimizer step 24.688 ms
[INFO   ] DREAMPlace - iteration  177, (   8,  8,  1), Obj 2.821754E+04, NetCrossing 7.119E+01, NetCrossingWeight 1.000000E+01, DensityWeight 9.370464E-05, HPWL 1.162653E+03, Overflow 1.058690E-01, MaxDensity 2.510E+00, MacroOverlap 4.125E-01, MacroOverlapWeight 8.000000E-06, gamma 2.083558E-02, time 6.809ms
[INFO   ] DREAMPlace - full step 32.514 ms
[INFO   ] DREAMPlace - Lsub stopping criteria: 1 and 28217.5 > 27241.8 * 0.999
[DEBUG  ] dreamplace.ops.weighted_average_wirelength.weighted_average_wirelength - wirelength forward 0.152 ms
[DEBUG  ] dreamplace.ops.electric_potential.electric_potential - density forward 5.129 ms
[DEBUG  ] dreamplace.ops.electric_potential.electric_potential - density backward 9.054 ms
[DEBUG  ] dreamplace.ops.weighted_average_wirelength.weighted_average_wirelength - wirelength backward 0.118 ms
[DEBUG  ] dreamplace.ops.weighted_average_wirelength.weighted_average_wirelength - wirelength forward 0.138 ms
[DEBUG  ] dreamplace.ops.electric_potential.electric_potential - density forward 5.303 ms
[DEBUG  ] dreamplace.ops.electric_potential.electric_potential - density backward 8.859 ms
[DEBUG  ] dreamplace.ops.weighted_average_wirelength.weighted_average_wirelength - wirelength backward 0.119 ms
[DEBUG  ] dreamplace.ops.weighted_average_wirelength.weighted_average_wirelength - wirelength forward 0.109 ms
[DEBUG  ] dreamplace.ops.electric_potential.electric_potential - density forward 5.106 ms
[DEBUG  ] dreamplace.ops.electric_potential.electric_potential - density backward 9.946 ms
[DEBUG  ] dreamplace.ops.weighted_average_wirelength.weighted_average_wirelength - wirelength backward 0.124 ms
[DEBUG  ] dreamplace.ops.weighted_average_wirelength.weighted_average_wirelength - wirelength forward 0.141 ms
[DEBUG  ] dreamplace.ops.electric_potential.electric_potential - density forward 5.100 ms
[DEBUG  ] dreamplace.ops.electric_potential.electric_potential - density backward 9.879 ms
[DEBUG  ] dreamplace.ops.weighted_average_wirelength.weighted_average_wirelength - wirelength backward 0.138 ms
[INFO   ] DREAMPlace - optimizer step 92.015 ms
[INFO   ] DREAMPlace - iteration  178, (   8,  9,  0), Obj 2.561633E+04, NetCrossing 6.768E+01, NetCrossingWeight 1.000000E+01, DensityWeight 1.000129E-04, HPWL 1.210331E+03, Overflow 1.018986E-01, MaxDensity 2.008E+00, MacroOverlap 4.107E-01, MacroOverlapWeight 8.000000E-06, gamma 2.083558E-02, time 7.020ms
[INFO   ] DREAMPlace - full step 100.148 ms
[DEBUG  ] dreamplace.ops.weighted_average_wirelength.weighted_average_wirelength - wirelength forward 0.158 ms
[DEBUG  ] dreamplace.ops.electric_potential.electric_potential - density forward 5.206 ms
[DEBUG  ] dreamplace.ops.electric_potential.electric_potential - density backward 8.132 ms
[DEBUG  ] dreamplace.ops.weighted_average_wirelength.weighted_average_wirelength - wirelength backward 0.138 ms
[INFO   ] DREAMPlace - optimizer step 22.646 ms
[INFO   ] DREAMPlace - iteration  179, (   8,  9,  1), Obj 2.678605E+04, NetCrossing 6.788E+01, NetCrossingWeight 1.000000E+01, DensityWeight 1.000129E-04, HPWL 1.171820E+03, Overflow 1.018561E-01, MaxDensity 2.510E+00, MacroOverlap 4.593E-01, MacroOverlapWeight 8.000000E-06, gamma 2.083558E-02, time 7.176ms
[INFO   ] DREAMPlace - full step 30.949 ms
[INFO   ] DREAMPlace - Lsub stopping criteria: 1 and 26786.1 > 25616.3 * 0.999
[DEBUG  ] dreamplace.ops.weighted_average_wirelength.weighted_average_wirelength - wirelength forward 0.158 ms
[DEBUG  ] dreamplace.ops.electric_potential.electric_potential - density forward 5.096 ms
[DEBUG  ] dreamplace.ops.electric_potential.electric_potential - density backward 9.219 ms
[DEBUG  ] dreamplace.ops.weighted_average_wirelength.weighted_average_wirelength - wirelength backward 0.097 ms
[INFO   ] DREAMPlace - optimizer step 23.128 ms
[INFO   ] DREAMPlace - iteration  180, (   9,  0,  0), Obj 2.394458E+04, NetCrossing 6.740E+01, NetCrossingWeight 1.000000E+01, DensityWeight 1.076999E-04, HPWL 1.205523E+03, Overflow 9.631724E-02, MaxDensity 2.008E+00, MacroOverlap 3.002E-01, MacroOverlapWeight 8.000000E-06, gamma 1.942779E-02, time 7.128ms
[INFO   ] DREAMPlace - full step 31.355 ms
[DEBUG  ] dreamplace.ops.weighted_average_wirelength.weighted_average_wirelength - wirelength forward 0.155 ms
[DEBUG  ] dreamplace.ops.electric_potential.electric_potential - density forward 5.286 ms
[DEBUG  ] dreamplace.ops.electric_potential.electric_potential - density backward 10.034 ms
[DEBUG  ] dreamplace.ops.weighted_average_wirelength.weighted_average_wirelength - wirelength backward 0.098 ms
[INFO   ] DREAMPlace - optimizer step 24.240 ms
[INFO   ] DREAMPlace - iteration  181, (   9,  0,  1), Obj 2.562104E+04, NetCrossing 7.030E+01, NetCrossingWeight 1.000000E+01, DensityWeight 1.076999E-04, HPWL 1.211769E+03, Overflow 9.604906E-02, MaxDensity 2.008E+00, MacroOverlap 3.227E-01, MacroOverlapWeight 8.000000E-06, gamma 1.942779E-02, time 7.048ms
[INFO   ] DREAMPlace - full step 32.393 ms
[INFO   ] DREAMPlace - Lsub stopping criteria: 1 and 25621 > 23944.6 * 0.999
[DEBUG  ] dreamplace.ops.weighted_average_wirelength.weighted_average_wirelength - wirelength forward 0.158 ms
[DEBUG  ] dreamplace.ops.electric_potential.electric_potential - density forward 5.125 ms
[DEBUG  ] dreamplace.ops.electric_potential.electric_potential - density backward 9.695 ms
[DEBUG  ] dreamplace.ops.weighted_average_wirelength.weighted_average_wirelength - wirelength backward 0.178 ms
[INFO   ] DREAMPlace - optimizer step 24.327 ms
[INFO   ] DREAMPlace - iteration  182, (   9,  1,  0), Obj 2.441492E+04, NetCrossing 7.015E+01, NetCrossingWeight 1.000000E+01, DensityWeight 1.159769E-04, HPWL 1.157269E+03, Overflow 9.291773E-02, MaxDensity 2.008E+00, MacroOverlap 2.589E-01, MacroOverlapWeight 8.000000E-06, gamma 1.942779E-02, time 7.056ms
[INFO   ] DREAMPlace - full step 32.488 ms
[DEBUG  ] dreamplace.ops.weighted_average_wirelength.weighted_average_wirelength - wirelength forward 0.115 ms
[DEBUG  ] dreamplace.ops.electric_potential.electric_potential - density forward 4.879 ms
[DEBUG  ] dreamplace.ops.electric_potential.electric_potential - density backward 10.722 ms
[DEBUG  ] dreamplace.ops.weighted_average_wirelength.weighted_average_wirelength - wirelength backward 0.100 ms
[INFO   ] DREAMPlace - optimizer step 24.089 ms
[INFO   ] DREAMPlace - iteration  183, (   9,  1,  1), Obj 2.354806E+04, NetCrossing 7.238E+01, NetCrossingWeight 1.000000E+01, DensityWeight 1.159769E-04, HPWL 1.203451E+03, Overflow 8.882780E-02, MaxDensity 2.008E+00, MacroOverlap 2.099E-01, MacroOverlapWeight 8.000000E-06, gamma 1.942779E-02, time 6.144ms
[INFO   ] DREAMPlace - full step 31.075 ms
[DEBUG  ] dreamplace.ops.weighted_average_wirelength.weighted_average_wirelength - wirelength forward 0.121 ms
[DEBUG  ] dreamplace.ops.electric_potential.electric_potential - density forward 4.784 ms
[DEBUG  ] dreamplace.ops.electric_potential.electric_potential - density backward 10.592 ms
[DEBUG  ] dreamplace.ops.weighted_average_wirelength.weighted_average_wirelength - wirelength backward 0.163 ms
[INFO   ] DREAMPlace - optimizer step 24.047 ms
[INFO   ] DREAMPlace - iteration  184, (   9,  2,  0), Obj 2.406516E+04, NetCrossing 6.630E+01, NetCrossingWeight 1.000000E+01, DensityWeight 1.237475E-04, HPWL 1.180452E+03, Overflow 9.099044E-02, MaxDensity 2.008E+00, MacroOverlap 2.616E-01, MacroOverlapWeight 8.000000E-06, gamma 1.942779E-02, time 6.183ms
[INFO   ] DREAMPlace - full step 31.030 ms
[DEBUG  ] dreamplace.ops.weighted_average_wirelength.weighted_average_wirelength - wirelength forward 0.110 ms
[DEBUG  ] dreamplace.ops.electric_potential.electric_potential - density forward 4.761 ms
[DEBUG  ] dreamplace.ops.electric_potential.electric_potential - density backward 9.896 ms
[DEBUG  ] dreamplace.ops.weighted_average_wirelength.weighted_average_wirelength - wirelength backward 0.145 ms
[INFO   ] DREAMPlace - optimizer step 21.940 ms
[INFO   ] DREAMPlace - iteration  185, (   9,  2,  1), Obj 2.592113E+04, NetCrossing 6.582E+01, NetCrossingWeight 1.000000E+01, DensityWeight 1.237475E-04, HPWL 1.241653E+03, Overflow 9.282257E-02, MaxDensity 2.510E+00, MacroOverlap 3.310E-01, MacroOverlapWeight 8.000000E-06, gamma 1.942779E-02, time 6.154ms
[INFO   ] DREAMPlace - full step 28.873 ms
[INFO   ] DREAMPlace - Lsub stopping criteria: 1 and 25921.1 > 24065.2 * 0.999
[DEBUG  ] dreamplace.ops.weighted_average_wirelength.weighted_average_wirelength - wirelength forward 0.163 ms
[DEBUG  ] dreamplace.ops.electric_potential.electric_potential - density forward 4.730 ms
[DEBUG  ] dreamplace.ops.electric_potential.electric_potential - density backward 8.534 ms
[DEBUG  ] dreamplace.ops.weighted_average_wirelength.weighted_average_wirelength - wirelength backward 0.149 ms
[INFO   ] DREAMPlace - optimizer step 22.305 ms
[INFO   ] DREAMPlace - iteration  186, (   9,  3,  0), Obj 2.472820E+04, NetCrossing 6.361E+01, NetCrossingWeight 1.000000E+01, DensityWeight 1.332578E-04, HPWL 1.173342E+03, Overflow 9.127730E-02, MaxDensity 2.510E+00, MacroOverlap 3.302E-01, MacroOverlapWeight 8.000000E-06, gamma 1.942779E-02, time 6.108ms
[INFO   ] DREAMPlace - full step 29.258 ms
[DEBUG  ] dreamplace.ops.weighted_average_wirelength.weighted_average_wirelength - wirelength forward 0.109 ms
[DEBUG  ] dreamplace.ops.electric_potential.electric_potential - density forward 4.662 ms
[DEBUG  ] dreamplace.ops.electric_potential.electric_potential - density backward 10.175 ms
[DEBUG  ] dreamplace.ops.weighted_average_wirelength.weighted_average_wirelength - wirelength backward 0.100 ms
[INFO   ] DREAMPlace - optimizer step 22.683 ms
[INFO   ] DREAMPlace - iteration  187, (   9,  3,  1), Obj 2.520475E+04, NetCrossing 6.858E+01, NetCrossingWeight 1.000000E+01, DensityWeight 1.332578E-04, HPWL 1.213430E+03, Overflow 8.838753E-02, MaxDensity 2.510E+00, MacroOverlap 3.230E-01, MacroOverlapWeight 8.000000E-06, gamma 1.942779E-02, time 6.481ms
[INFO   ] DREAMPlace - full step 30.207 ms
[INFO   ] DREAMPlace - Lsub stopping criteria: 1 and 25204.7 > 24728.2 * 0.999
[DEBUG  ] dreamplace.ops.weighted_average_wirelength.weighted_average_wirelength - wirelength forward 0.138 ms
[DEBUG  ] dreamplace.ops.electric_potential.electric_potential - density forward 4.847 ms
[DEBUG  ] dreamplace.ops.electric_potential.electric_potential - density backward 9.849 ms
[DEBUG  ] dreamplace.ops.weighted_average_wirelength.weighted_average_wirelength - wirelength backward 0.101 ms
[INFO   ] DREAMPlace - optimizer step 22.165 ms
[INFO   ] DREAMPlace - iteration  188, (   9,  4,  0), Obj 2.424787E+04, NetCrossing 6.965E+01, NetCrossingWeight 1.000000E+01, DensityWeight 1.421577E-04, HPWL 1.250151E+03, Overflow 8.878715E-02, MaxDensity 2.510E+00, MacroOverlap 2.907E-01, MacroOverlapWeight 8.000000E-06, gamma 1.942779E-02, time 6.742ms
[INFO   ] DREAMPlace - full step 29.757 ms
[DEBUG  ] dreamplace.ops.weighted_average_wirelength.weighted_average_wirelength - wirelength forward 0.116 ms
[DEBUG  ] dreamplace.ops.electric_potential.electric_potential - density forward 4.712 ms
[DEBUG  ] dreamplace.ops.electric_potential.electric_potential - density backward 10.183 ms
[DEBUG  ] dreamplace.ops.weighted_average_wirelength.weighted_average_wirelength - wirelength backward 0.118 ms
[INFO   ] DREAMPlace - optimizer step 22.591 ms
[INFO   ] DREAMPlace - iteration  189, (   9,  4,  1), Obj 2.420894E+04, NetCrossing 6.847E+01, NetCrossingWeight 1.000000E+01, DensityWeight 1.421577E-04, HPWL 1.204274E+03, Overflow 8.584144E-02, MaxDensity 2.008E+00, MacroOverlap 3.000E-01, MacroOverlapWeight 8.000000E-06, gamma 1.942779E-02, time 6.238ms
[INFO   ] DREAMPlace - full step 29.910 ms
[DEBUG  ] dreamplace.ops.weighted_average_wirelength.weighted_average_wirelength - wirelength forward 0.146 ms
[DEBUG  ] dreamplace.ops.electric_potential.electric_potential - density forward 5.111 ms
[DEBUG  ] dreamplace.ops.electric_potential.electric_potential - density backward 9.311 ms
[DEBUG  ] dreamplace.ops.weighted_average_wirelength.weighted_average_wirelength - wirelength backward 0.125 ms
[DEBUG  ] dreamplace.ops.weighted_average_wirelength.weighted_average_wirelength - wirelength forward 0.141 ms
[DEBUG  ] dreamplace.ops.electric_potential.electric_potential - density forward 5.387 ms
[DEBUG  ] dreamplace.ops.electric_potential.electric_potential - density backward 9.199 ms
[DEBUG  ] dreamplace.ops.weighted_average_wirelength.weighted_average_wirelength - wirelength backward 0.136 ms
[INFO   ] DREAMPlace - optimizer step 46.354 ms
[INFO   ] DREAMPlace - iteration  190, (   9,  5,  0), Obj 2.395750E+04, NetCrossing 6.493E+01, NetCrossingWeight 1.000000E+01, DensityWeight 1.516369E-04, HPWL 1.245326E+03, Overflow 8.551989E-02, MaxDensity 2.008E+00, MacroOverlap 3.437E-01, MacroOverlapWeight 8.000000E-06, gamma 1.942779E-02, time 6.917ms
[INFO   ] DREAMPlace - full step 54.397 ms
[DEBUG  ] dreamplace.ops.weighted_average_wirelength.weighted_average_wirelength - wirelength forward 0.158 ms
[DEBUG  ] dreamplace.ops.electric_potential.electric_potential - density forward 5.401 ms
[DEBUG  ] dreamplace.ops.electric_potential.electric_potential - density backward 11.027 ms
[DEBUG  ] dreamplace.ops.weighted_average_wirelength.weighted_average_wirelength - wirelength backward 0.131 ms
[INFO   ] DREAMPlace - optimizer step 25.690 ms
[INFO   ] DREAMPlace - iteration  191, (   9,  5,  1), Obj 2.628980E+04, NetCrossing 6.769E+01, NetCrossingWeight 1.000000E+01, DensityWeight 1.516369E-04, HPWL 1.170916E+03, Overflow 8.610938E-02, MaxDensity 2.008E+00, MacroOverlap 3.635E-01, MacroOverlapWeight 8.000000E-06, gamma 1.942779E-02, time 6.526ms
[INFO   ] DREAMPlace - full step 33.297 ms
[INFO   ] DREAMPlace - Lsub stopping criteria: 1 and 26289.8 > 23957.5 * 0.999
[DEBUG  ] dreamplace.ops.weighted_average_wirelength.weighted_average_wirelength - wirelength forward 0.151 ms
[DEBUG  ] dreamplace.ops.electric_potential.electric_potential - density forward 5.123 ms
[DEBUG  ] dreamplace.ops.electric_potential.electric_potential - density backward 9.994 ms
[DEBUG  ] dreamplace.ops.weighted_average_wirelength.weighted_average_wirelength - wirelength backward 0.133 ms
[DEBUG  ] dreamplace.ops.weighted_average_wirelength.weighted_average_wirelength - wirelength forward 0.112 ms
[DEBUG  ] dreamplace.ops.electric_potential.electric_potential - density forward 5.188 ms
[DEBUG  ] dreamplace.ops.electric_potential.electric_potential - density backward 9.982 ms
[DEBUG  ] dreamplace.ops.weighted_average_wirelength.weighted_average_wirelength - wirelength backward 0.135 ms
[INFO   ] DREAMPlace - optimizer step 50.830 ms
[INFO   ] DREAMPlace - iteration  192, (   9,  6,  0), Obj 2.393581E+04, NetCrossing 7.039E+01, NetCrossingWeight 1.000000E+01, DensityWeight 1.617320E-04, HPWL 1.284337E+03, Overflow 8.239461E-02, MaxDensity 2.037E+00, MacroOverlap 2.388E-01, MacroOverlapWeight 8.000000E-06, gamma 1.942779E-02, time 6.992ms
[INFO   ] DREAMPlace - full step 58.965 ms
[DEBUG  ] dreamplace.ops.weighted_average_wirelength.weighted_average_wirelength - wirelength forward 0.157 ms
[DEBUG  ] dreamplace.ops.electric_potential.electric_potential - density forward 5.256 ms
[DEBUG  ] dreamplace.ops.electric_potential.electric_potential - density backward 9.979 ms
[DEBUG  ] dreamplace.ops.weighted_average_wirelength.weighted_average_wirelength - wirelength backward 0.125 ms
[INFO   ] DREAMPlace - optimizer step 24.373 ms
[INFO   ] DREAMPlace - iteration  193, (   9,  6,  1), Obj 2.321208E+04, NetCrossing 7.191E+01, NetCrossingWeight 1.000000E+01, DensityWeight 1.617320E-04, HPWL 1.264877E+03, Overflow 8.016014E-02, MaxDensity 2.008E+00, MacroOverlap 2.178E-01, MacroOverlapWeight 8.000000E-06, gamma 1.942779E-02, time 7.118ms
[INFO   ] DREAMPlace - full step 32.579 ms
[DEBUG  ] dreamplace.ops.weighted_average_wirelength.weighted_average_wirelength - wirelength forward 0.150 ms
[DEBUG  ] dreamplace.ops.electric_potential.electric_potential - density forward 5.272 ms
[DEBUG  ] dreamplace.ops.electric_potential.electric_potential - density backward 9.012 ms
[DEBUG  ] dreamplace.ops.weighted_average_wirelength.weighted_average_wirelength - wirelength backward 0.125 ms
[INFO   ] DREAMPlace - optimizer step 23.248 ms
[INFO   ] DREAMPlace - iteration  194, (   9,  7,  0), Obj 2.315940E+04, NetCrossing 6.095E+01, NetCrossingWeight 1.000000E+01, DensityWeight 1.741591E-04, HPWL 1.275151E+03, Overflow 8.101217E-02, MaxDensity 2.510E+00, MacroOverlap 2.102E-01, MacroOverlapWeight 8.000000E-06, gamma 1.942779E-02, time 6.920ms
[INFO   ] DREAMPlace - full step 31.167 ms
[DEBUG  ] dreamplace.ops.weighted_average_wirelength.weighted_average_wirelength - wirelength forward 0.156 ms
[DEBUG  ] dreamplace.ops.electric_potential.electric_potential - density forward 5.181 ms
[DEBUG  ] dreamplace.ops.electric_potential.electric_potential - density backward 9.386 ms
[DEBUG  ] dreamplace.ops.weighted_average_wirelength.weighted_average_wirelength - wirelength backward 0.123 ms
[INFO   ] DREAMPlace - optimizer step 23.322 ms
[INFO   ] DREAMPlace - iteration  195, (   9,  7,  1), Obj 2.234548E+04, NetCrossing 6.201E+01, NetCrossingWeight 1.000000E+01, DensityWeight 1.741591E-04, HPWL 1.244874E+03, Overflow 7.883126E-02, MaxDensity 2.510E+00, MacroOverlap 1.397E-01, MacroOverlapWeight 8.000000E-06, gamma 1.942779E-02, time 7.043ms
[INFO   ] DREAMPlace - full step 31.311 ms
[DEBUG  ] dreamplace.ops.weighted_average_wirelength.weighted_average_wirelength - wirelength forward 0.135 ms
[DEBUG  ] dreamplace.ops.electric_potential.electric_potential - density forward 4.848 ms
[DEBUG  ] dreamplace.ops.electric_potential.electric_potential - density backward 9.244 ms
[DEBUG  ] dreamplace.ops.weighted_average_wirelength.weighted_average_wirelength - wirelength backward 0.124 ms
[INFO   ] DREAMPlace - optimizer step 22.317 ms
[INFO   ] DREAMPlace - iteration  196, (   9,  8,  0), Obj 2.148485E+04, NetCrossing 6.022E+01, NetCrossingWeight 1.000000E+01, DensityWeight 1.857164E-04, HPWL 1.257877E+03, Overflow 7.608539E-02, MaxDensity 2.008E+00, MacroOverlap 1.176E-01, MacroOverlapWeight 8.000000E-06, gamma 1.942779E-02, time 6.260ms
[INFO   ] DREAMPlace - full step 29.559 ms
[DEBUG  ] dreamplace.ops.weighted_average_wirelength.weighted_average_wirelength - wirelength forward 0.118 ms
[DEBUG  ] dreamplace.ops.electric_potential.electric_potential - density forward 5.014 ms
[DEBUG  ] dreamplace.ops.electric_potential.electric_potential - density backward 9.741 ms
[DEBUG  ] dreamplace.ops.weighted_average_wirelength.weighted_average_wirelength - wirelength backward 0.128 ms
[INFO   ] DREAMPlace - optimizer step 22.931 ms
[INFO   ] DREAMPlace - iteration  197, (   9,  8,  1), Obj 2.245235E+04, NetCrossing 5.707E+01, NetCrossingWeight 1.000000E+01, DensityWeight 1.857164E-04, HPWL 1.319411E+03, Overflow 7.259998E-02, MaxDensity 2.272E+00, MacroOverlap 8.854E-02, MacroOverlapWeight 8.000000E-06, gamma 1.942779E-02, time 6.820ms
[INFO   ] DREAMPlace - full step 30.694 ms
[INFO   ] DREAMPlace - Lsub stopping criteria: 1 and 22452.3 > 21484.9 * 0.999
[DEBUG  ] dreamplace.ops.weighted_average_wirelength.weighted_average_wirelength - wirelength forward 0.165 ms
[DEBUG  ] dreamplace.ops.electric_potential.electric_potential - density forward 5.353 ms
[DEBUG  ] dreamplace.ops.electric_potential.electric_potential - density backward 8.993 ms
[DEBUG  ] dreamplace.ops.weighted_average_wirelength.weighted_average_wirelength - wirelength backward 0.123 ms
[INFO   ] DREAMPlace - optimizer step 22.792 ms
[INFO   ] DREAMPlace - iteration  198, (   9,  9,  0), Obj 2.047481E+04, NetCrossing 5.702E+01, NetCrossingWeight 1.000000E+01, DensityWeight 1.999875E-04, HPWL 1.275597E+03, Overflow 7.106156E-02, MaxDensity 2.008E+00, MacroOverlap 1.026E-01, MacroOverlapWeight 8.000000E-06, gamma 1.942779E-02, time 6.895ms
[INFO   ] DREAMPlace - full step 30.654 ms
[DEBUG  ] dreamplace.ops.weighted_average_wirelength.weighted_average_wirelength - wirelength forward 0.127 ms
[DEBUG  ] dreamplace.ops.electric_potential.electric_potential - density forward 5.186 ms
[DEBUG  ] dreamplace.ops.electric_potential.electric_potential - density backward 8.896 ms
[DEBUG  ] dreamplace.ops.weighted_average_wirelength.weighted_average_wirelength - wirelength backward 0.101 ms
[INFO   ] DREAMPlace - optimizer step 22.387 ms
[INFO   ] DREAMPlace - iteration  199, (   9,  9,  1), Obj 2.410451E+04, NetCrossing 5.556E+01, NetCrossingWeight 1.000000E+01, DensityWeight 1.999875E-04, HPWL 1.348793E+03, Overflow 7.259361E-02, MaxDensity 2.008E+00, MacroOverlap 2.157E-01, MacroOverlapWeight 8.000000E-06, gamma 1.942779E-02, time 6.552ms
[INFO   ] DREAMPlace - full step 29.933 ms
[INFO   ] DREAMPlace - Lsub stopping criteria: 1 and 24104.5 > 20474.8 * 0.999
[INFO   ] DREAMPlace - plotting to ./results/tuner-small/small-3/PB310_A00/run-63_0_0/PB310_A00/plot/iter0200.png takes 0.050 seconds
[DEBUG  ] dreamplace.ops.weighted_average_wirelength.weighted_average_wirelength - wirelength forward 0.171 ms
[DEBUG  ] dreamplace.ops.electric_potential.electric_potential - density forward 5.111 ms
[DEBUG  ] dreamplace.ops.electric_potential.electric_potential - density backward 8.719 ms
[DEBUG  ] dreamplace.ops.weighted_average_wirelength.weighted_average_wirelength - wirelength backward 0.122 ms
[INFO   ] DREAMPlace - optimizer step 22.776 ms
[INFO   ] DREAMPlace - iteration  200, (  10,  0,  0), Obj 2.191064E+04, NetCrossing 6.102E+01, NetCrossingWeight 1.000000E+01, DensityWeight 2.153575E-04, HPWL 1.350646E+03, Overflow 7.299057E-02, MaxDensity 2.008E+00, MacroOverlap 1.718E-01, MacroOverlapWeight 8.000000E-06, gamma 1.672614E-02, time 7.148ms
[INFO   ] DREAMPlace - full step 82.084 ms
[DEBUG  ] dreamplace.ops.weighted_average_wirelength.weighted_average_wirelength - wirelength forward 0.159 ms
[DEBUG  ] dreamplace.ops.electric_potential.electric_potential - density forward 5.151 ms
[DEBUG  ] dreamplace.ops.electric_potential.electric_potential - density backward 10.846 ms
[DEBUG  ] dreamplace.ops.weighted_average_wirelength.weighted_average_wirelength - wirelength backward 0.097 ms
[INFO   ] DREAMPlace - optimizer step 25.869 ms
[INFO   ] DREAMPlace - iteration  201, (  10,  0,  1), Obj 2.247066E+04, NetCrossing 6.246E+01, NetCrossingWeight 1.000000E+01, DensityWeight 2.153575E-04, HPWL 1.292964E+03, Overflow 7.269368E-02, MaxDensity 2.008E+00, MacroOverlap 1.196E-01, MacroOverlapWeight 8.000000E-06, gamma 1.672614E-02, time 7.179ms
[INFO   ] DREAMPlace - full step 34.167 ms
[INFO   ] DREAMPlace - Lsub stopping criteria: 1 and 22470.7 > 21910.6 * 0.999
[DEBUG  ] dreamplace.ops.weighted_average_wirelength.weighted_average_wirelength - wirelength forward 0.175 ms
[DEBUG  ] dreamplace.ops.electric_potential.electric_potential - density forward 5.261 ms
[DEBUG  ] dreamplace.ops.electric_potential.electric_potential - density backward 8.892 ms
[DEBUG  ] dreamplace.ops.weighted_average_wirelength.weighted_average_wirelength - wirelength backward 0.100 ms
[INFO   ] DREAMPlace - optimizer step 22.867 ms
[INFO   ] DREAMPlace - iteration  202, (  10,  1,  0), Obj 2.194141E+04, NetCrossing 6.679E+01, NetCrossingWeight 1.000000E+01, DensityWeight 2.295799E-04, HPWL 1.345329E+03, Overflow 7.104723E-02, MaxDensity 2.008E+00, MacroOverlap 1.045E-01, MacroOverlapWeight 8.000000E-06, gamma 1.672614E-02, time 7.346ms
[INFO   ] DREAMPlace - full step 31.346 ms
[DEBUG  ] dreamplace.ops.weighted_average_wirelength.weighted_average_wirelength - wirelength forward 0.160 ms
[DEBUG  ] dreamplace.ops.electric_potential.electric_potential - density forward 5.316 ms
[DEBUG  ] dreamplace.ops.electric_potential.electric_potential - density backward 10.269 ms
[DEBUG  ] dreamplace.ops.weighted_average_wirelength.weighted_average_wirelength - wirelength backward 0.141 ms
[INFO   ] DREAMPlace - optimizer step 24.783 ms
[INFO   ] DREAMPlace - iteration  203, (  10,  1,  1), Obj 2.423593E+04, NetCrossing 6.866E+01, NetCrossingWeight 1.000000E+01, DensityWeight 2.295799E-04, HPWL 1.209210E+03, Overflow 7.253905E-02, MaxDensity 2.008E+00, MacroOverlap 1.353E-01, MacroOverlapWeight 8.000000E-06, gamma 1.672614E-02, time 7.189ms
[INFO   ] DREAMPlace - full step 33.033 ms
[INFO   ] DREAMPlace - Lsub stopping criteria: 1 and 24235.9 > 21941.4 * 0.999
[DEBUG  ] dreamplace.ops.weighted_average_wirelength.weighted_average_wirelength - wirelength forward 0.154 ms
[DEBUG  ] dreamplace.ops.electric_potential.electric_potential - density forward 5.177 ms
[DEBUG  ] dreamplace.ops.electric_potential.electric_potential - density backward 7.841 ms
[DEBUG  ] dreamplace.ops.weighted_average_wirelength.weighted_average_wirelength - wirelength backward 0.138 ms
[INFO   ] DREAMPlace - optimizer step 22.970 ms
[INFO   ] DREAMPlace - iteration  204, (  10,  2,  0), Obj 2.617118E+04, NetCrossing 6.667E+01, NetCrossingWeight 1.000000E+01, DensityWeight 2.447171E-04, HPWL 1.393302E+03, Overflow 7.399250E-02, MaxDensity 2.008E+00, MacroOverlap 2.182E-01, MacroOverlapWeight 8.000000E-06, gamma 1.672614E-02, time 7.065ms
[INFO   ] DREAMPlace - full step 31.078 ms
[DEBUG  ] dreamplace.ops.weighted_average_wirelength.weighted_average_wirelength - wirelength forward 0.113 ms
[DEBUG  ] dreamplace.ops.electric_potential.electric_potential - density forward 4.596 ms
[DEBUG  ] dreamplace.ops.electric_potential.electric_potential - density backward 11.053 ms
[DEBUG  ] dreamplace.ops.weighted_average_wirelength.weighted_average_wirelength - wirelength backward 0.120 ms
[INFO   ] DREAMPlace - optimizer step 23.428 ms
[INFO   ] DREAMPlace - iteration  205, (  10,  2,  1), Obj 2.714487E+04, NetCrossing 6.111E+01, NetCrossingWeight 1.000000E+01, DensityWeight 2.447171E-04, HPWL 1.270262E+03, Overflow 7.340894E-02, MaxDensity 2.008E+00, MacroOverlap 1.844E-01, MacroOverlapWeight 8.000000E-06, gamma 1.672614E-02, time 6.447ms
[INFO   ] DREAMPlace - full step 30.846 ms
[INFO   ] DREAMPlace - Lsub stopping criteria: 1 and 27144.9 > 26171.2 * 0.999
[DEBUG  ] dreamplace.ops.weighted_average_wirelength.weighted_average_wirelength - wirelength forward 0.125 ms
[DEBUG  ] dreamplace.ops.electric_potential.electric_potential - density forward 4.732 ms
[DEBUG  ] dreamplace.ops.electric_potential.electric_potential - density backward 10.800 ms
[DEBUG  ] dreamplace.ops.weighted_average_wirelength.weighted_average_wirelength - wirelength backward 0.118 ms
[INFO   ] DREAMPlace - optimizer step 23.762 ms
[INFO   ] DREAMPlace - iteration  206, (  10,  3,  0), Obj 2.404352E+04, NetCrossing 6.681E+01, NetCrossingWeight 1.000000E+01, DensityWeight 2.635228E-04, HPWL 1.429940E+03, Overflow 7.365244E-02, MaxDensity 1.506E+00, MacroOverlap 1.839E-01, MacroOverlapWeight 8.000000E-06, gamma 1.672614E-02, time 6.413ms
[INFO   ] DREAMPlace - full step 31.120 ms
[DEBUG  ] dreamplace.ops.weighted_average_wirelength.weighted_average_wirelength - wirelength forward 0.109 ms
[DEBUG  ] dreamplace.ops.electric_potential.electric_potential - density forward 4.679 ms
[DEBUG  ] dreamplace.ops.electric_potential.electric_potential - density backward 9.720 ms
[DEBUG  ] dreamplace.ops.weighted_average_wirelength.weighted_average_wirelength - wirelength backward 0.093 ms
[INFO   ] DREAMPlace - optimizer step 22.311 ms
[INFO   ] DREAMPlace - iteration  207, (  10,  3,  1), Obj 2.085862E+04, NetCrossing 6.843E+01, NetCrossingWeight 1.000000E+01, DensityWeight 2.635228E-04, HPWL 1.368735E+03, Overflow 6.715554E-02, MaxDensity 2.008E+00, MacroOverlap 9.164E-02, MacroOverlapWeight 8.000000E-06, gamma 1.672614E-02, time 6.529ms
[INFO   ] DREAMPlace - full step 29.853 ms
[INFO   ] DREAMPlace - Llambda stopping criteria: 3 and (( 0.0671555 < 0.1 and 1368.74 > 1270.26 ) or 2.00777 < 1.0)
[DEBUG  ] dreamplace.ops.weighted_average_wirelength.weighted_average_wirelength - wirelength forward 0.112 ms
[DEBUG  ] dreamplace.ops.electric_potential.electric_potential - density forward 7.200 ms
[DEBUG  ] dreamplace.ops.electric_potential.electric_potential - density backward 10.355 ms
[DEBUG  ] dreamplace.ops.weighted_average_wirelength.weighted_average_wirelength - wirelength backward 0.132 ms
[DEBUG  ] dreamplace.ops.weighted_average_wirelength.weighted_average_wirelength - wirelength forward 0.132 ms
[DEBUG  ] dreamplace.ops.electric_potential.electric_potential - density forward 5.575 ms
[DEBUG  ] dreamplace.ops.electric_potential.electric_potential - density backward 11.203 ms
[DEBUG  ] dreamplace.ops.weighted_average_wirelength.weighted_average_wirelength - wirelength backward 0.118 ms
[DEBUG  ] dreamplace.ops.weighted_average_wirelength.weighted_average_wirelength - wirelength forward 0.190 ms
[DEBUG  ] dreamplace.ops.electric_potential.electric_potential - density forward 118.647 ms
[DEBUG  ] dreamplace.ops.electric_potential.electric_potential - density backward 11.183 ms
[DEBUG  ] dreamplace.ops.weighted_average_wirelength.weighted_average_wirelength - wirelength backward 0.126 ms
[INFO   ] DREAMPlace - optimizer step 190.545 ms
[INFO   ] DREAMPlace - iteration  208, (  11,  0,  0), Obj 2.158946E+04, NetCrossing 6.589E+01, NetCrossingWeight 1.000000E+01, DensityWeight 2.837710E-04, HPWL 1.373368E+03, Overflow 6.757490E-02, MaxDensity 2.008E+00, MacroOverlap 1.325E-01, MacroOverlapWeight 8.000000E-06, gamma 1.626713E-02, time 6.833ms
[INFO   ] DREAMPlace - full step 198.212 ms
[DEBUG  ] dreamplace.ops.weighted_average_wirelength.weighted_average_wirelength - wirelength forward 0.165 ms
[DEBUG  ] dreamplace.ops.electric_potential.electric_potential - density forward 4.644 ms
[DEBUG  ] dreamplace.ops.electric_potential.electric_potential - density backward 10.436 ms
[DEBUG  ] dreamplace.ops.weighted_average_wirelength.weighted_average_wirelength - wirelength backward 0.126 ms
[INFO   ] DREAMPlace - optimizer step 23.598 ms
[INFO   ] DREAMPlace - iteration  209, (  11,  0,  1), Obj 2.288279E+04, NetCrossing 6.744E+01, NetCrossingWeight 1.000000E+01, DensityWeight 2.837710E-04, HPWL 1.262376E+03, Overflow 6.646296E-02, MaxDensity 2.008E+00, MacroOverlap 1.033E-01, MacroOverlapWeight 8.000000E-06, gamma 1.626713E-02, time 6.302ms
[INFO   ] DREAMPlace - full step 30.866 ms
[INFO   ] DREAMPlace - Lsub stopping criteria: 1 and 22882.8 > 21589.5 * 0.999
[DEBUG  ] dreamplace.ops.weighted_average_wirelength.weighted_average_wirelength - wirelength forward 0.136 ms
[DEBUG  ] dreamplace.ops.electric_potential.electric_potential - density forward 4.784 ms
[DEBUG  ] dreamplace.ops.electric_potential.electric_potential - density backward 9.863 ms
[DEBUG  ] dreamplace.ops.weighted_average_wirelength.weighted_average_wirelength - wirelength backward 0.128 ms
[INFO   ] DREAMPlace - optimizer step 23.772 ms
[INFO   ] DREAMPlace - iteration  210, (  11,  1,  0), Obj 2.330800E+04, NetCrossing 7.139E+01, NetCrossingWeight 1.000000E+01, DensityWeight 3.023905E-04, HPWL 1.346577E+03, Overflow 6.660907E-02, MaxDensity 2.008E+00, MacroOverlap 1.006E-01, MacroOverlapWeight 8.000000E-06, gamma 1.626713E-02, time 6.679ms
[INFO   ] DREAMPlace - full step 31.561 ms
[DEBUG  ] dreamplace.ops.weighted_average_wirelength.weighted_average_wirelength - wirelength forward 0.120 ms
[DEBUG  ] dreamplace.ops.electric_potential.electric_potential - density forward 4.934 ms
[DEBUG  ] dreamplace.ops.electric_potential.electric_potential - density backward 10.878 ms
[DEBUG  ] dreamplace.ops.weighted_average_wirelength.weighted_average_wirelength - wirelength backward 0.119 ms
[DEBUG  ] dreamplace.ops.weighted_average_wirelength.weighted_average_wirelength - wirelength forward 0.153 ms
[DEBUG  ] dreamplace.ops.electric_potential.electric_potential - density forward 5.014 ms
[DEBUG  ] dreamplace.ops.electric_potential.electric_potential - density backward 10.859 ms
[DEBUG  ] dreamplace.ops.weighted_average_wirelength.weighted_average_wirelength - wirelength backward 0.110 ms
[DEBUG  ] dreamplace.ops.weighted_average_wirelength.weighted_average_wirelength - wirelength forward 0.138 ms
[DEBUG  ] dreamplace.ops.electric_potential.electric_potential - density forward 5.124 ms
[DEBUG  ] dreamplace.ops.electric_potential.electric_potential - density backward 11.152 ms
[DEBUG  ] dreamplace.ops.weighted_average_wirelength.weighted_average_wirelength - wirelength backward 0.144 ms
[INFO   ] DREAMPlace - optimizer step 72.536 ms
[INFO   ] DREAMPlace - iteration  211, (  11,  1,  1), Obj 2.241147E+04, NetCrossing 7.073E+01, NetCrossingWeight 1.000000E+01, DensityWeight 3.023905E-04, HPWL 1.303622E+03, Overflow 6.329252E-02, MaxDensity 2.008E+00, MacroOverlap 6.766E-02, MacroOverlapWeight 8.000000E-06, gamma 1.626713E-02, time 7.349ms
[INFO   ] DREAMPlace - full step 80.947 ms
[INFO   ] DREAMPlace - Llambda stopping criteria: 1 and (( 0.0632925 < 0.1 and 1303.62 > 1262.38 ) or 2.00777 < 1.0)
[DEBUG  ] dreamplace.ops.weighted_average_wirelength.weighted_average_wirelength - wirelength forward 0.149 ms
[DEBUG  ] dreamplace.ops.electric_potential.electric_potential - density forward 5.123 ms
[DEBUG  ] dreamplace.ops.electric_potential.electric_potential - density backward 8.441 ms
[DEBUG  ] dreamplace.ops.weighted_average_wirelength.weighted_average_wirelength - wirelength backward 0.133 ms
[INFO   ] DREAMPlace - optimizer step 22.743 ms
[INFO   ] DREAMPlace - iteration  212, (  12,  0,  0), Obj 2.326102E+04, NetCrossing 6.903E+01, NetCrossingWeight 1.000000E+01, DensityWeight 3.256297E-04, HPWL 1.309478E+03, Overflow 6.724467E-02, MaxDensity 2.008E+00, MacroOverlap 7.466E-02, MacroOverlapWeight 8.000000E-06, gamma 1.594874E-02, time 6.882ms
[INFO   ] DREAMPlace - full step 30.641 ms
[DEBUG  ] dreamplace.ops.weighted_average_wirelength.weighted_average_wirelength - wirelength forward 0.157 ms
[DEBUG  ] dreamplace.ops.electric_potential.electric_potential - density forward 5.279 ms
[DEBUG  ] dreamplace.ops.electric_potential.electric_potential - density backward 10.761 ms
[DEBUG  ] dreamplace.ops.weighted_average_wirelength.weighted_average_wirelength - wirelength backward 0.141 ms
[INFO   ] DREAMPlace - optimizer step 25.115 ms
[INFO   ] DREAMPlace - iteration  213, (  12,  0,  1), Obj 2.722485E+04, NetCrossing 7.060E+01, NetCrossingWeight 1.000000E+01, DensityWeight 3.256297E-04, HPWL 1.286461E+03, Overflow 6.812131E-02, MaxDensity 2.008E+00, MacroOverlap 1.062E-01, MacroOverlapWeight 8.000000E-06, gamma 1.594874E-02, time 7.089ms
[INFO   ] DREAMPlace - full step 33.248 ms
[INFO   ] DREAMPlace - Lsub stopping criteria: 1 and 27224.9 > 23261 * 0.999
[DEBUG  ] dreamplace.ops.weighted_average_wirelength.weighted_average_wirelength - wirelength forward 0.150 ms
[DEBUG  ] dreamplace.ops.electric_potential.electric_potential - density forward 5.066 ms
[DEBUG  ] dreamplace.ops.electric_potential.electric_potential - density backward 9.406 ms
[DEBUG  ] dreamplace.ops.weighted_average_wirelength.weighted_average_wirelength - wirelength backward 0.099 ms
[INFO   ] DREAMPlace - optimizer step 23.695 ms
[INFO   ] DREAMPlace - iteration  214, (  12,  1,  0), Obj 2.372223E+04, NetCrossing 6.509E+01, NetCrossingWeight 1.000000E+01, DensityWeight 3.469264E-04, HPWL 1.287896E+03, Overflow 6.418617E-02, MaxDensity 1.912E+00, MacroOverlap 8.298E-02, MacroOverlapWeight 8.000000E-06, gamma 1.594874E-02, time 7.047ms
[INFO   ] DREAMPlace - full step 31.771 ms
[DEBUG  ] dreamplace.ops.weighted_average_wirelength.weighted_average_wirelength - wirelength forward 0.161 ms
[DEBUG  ] dreamplace.ops.electric_potential.electric_potential - density forward 5.243 ms
[DEBUG  ] dreamplace.ops.electric_potential.electric_potential - density backward 9.279 ms
[DEBUG  ] dreamplace.ops.weighted_average_wirelength.weighted_average_wirelength - wirelength backward 0.137 ms
[INFO   ] DREAMPlace - optimizer step 23.404 ms
[INFO   ] DREAMPlace - iteration  215, (  12,  1,  1), Obj 2.757265E+04, NetCrossing 6.664E+01, NetCrossingWeight 1.000000E+01, DensityWeight 3.469264E-04, HPWL 1.273516E+03, Overflow 7.003759E-02, MaxDensity 2.008E+00, MacroOverlap 8.822E-02, MacroOverlapWeight 8.000000E-06, gamma 1.594874E-02, time 6.998ms
[INFO   ] DREAMPlace - full step 31.490 ms
[INFO   ] DREAMPlace - Lsub stopping criteria: 1 and 27572.7 > 23722.2 * 0.999
[DEBUG  ] dreamplace.ops.weighted_average_wirelength.weighted_average_wirelength - wirelength forward 0.160 ms
[DEBUG  ] dreamplace.ops.electric_potential.electric_potential - density forward 5.196 ms
[DEBUG  ] dreamplace.ops.electric_potential.electric_potential - density backward 9.767 ms
[DEBUG  ] dreamplace.ops.weighted_average_wirelength.weighted_average_wirelength - wirelength backward 0.158 ms
[INFO   ] DREAMPlace - optimizer step 23.930 ms
[INFO   ] DREAMPlace - iteration  216, (  12,  2,  0), Obj 2.552560E+04, NetCrossing 6.863E+01, NetCrossingWeight 1.000000E+01, DensityWeight 3.695788E-04, HPWL 1.271693E+03, Overflow 6.911317E-02, MaxDensity 2.008E+00, MacroOverlap 7.709E-02, MacroOverlapWeight 8.000000E-06, gamma 1.594874E-02, time 7.116ms
[INFO   ] DREAMPlace - full step 32.075 ms
[DEBUG  ] dreamplace.ops.weighted_average_wirelength.weighted_average_wirelength - wirelength forward 0.150 ms
[DEBUG  ] dreamplace.ops.electric_potential.electric_potential - density forward 5.394 ms
[DEBUG  ] dreamplace.ops.electric_potential.electric_potential - density backward 8.469 ms
[DEBUG  ] dreamplace.ops.weighted_average_wirelength.weighted_average_wirelength - wirelength backward 0.127 ms
[DEBUG  ] dreamplace.ops.weighted_average_wirelength.weighted_average_wirelength - wirelength forward 0.148 ms
[DEBUG  ] dreamplace.ops.electric_potential.electric_potential - density forward 5.435 ms
[DEBUG  ] dreamplace.ops.electric_potential.electric_potential - density backward 8.444 ms
[DEBUG  ] dreamplace.ops.weighted_average_wirelength.weighted_average_wirelength - wirelength backward 0.131 ms
[INFO   ] DREAMPlace - optimizer step 45.236 ms
[INFO   ] DREAMPlace - iteration  217, (  12,  2,  1), Obj 2.792482E+04, NetCrossing 6.485E+01, NetCrossingWeight 1.000000E+01, DensityWeight 3.695788E-04, HPWL 1.269227E+03, Overflow 6.847147E-02, MaxDensity 2.008E+00, MacroOverlap 7.556E-02, MacroOverlapWeight 8.000000E-06, gamma 1.594874E-02, time 7.005ms
[INFO   ] DREAMPlace - full step 53.289 ms
[INFO   ] DREAMPlace - Lsub stopping criteria: 1 and 27924.8 > 25525.6 * 0.999
[DEBUG  ] dreamplace.ops.weighted_average_wirelength.weighted_average_wirelength - wirelength forward 0.160 ms
[DEBUG  ] dreamplace.ops.electric_potential.electric_potential - density forward 5.168 ms
[DEBUG  ] dreamplace.ops.electric_potential.electric_potential - density backward 9.207 ms
[DEBUG  ] dreamplace.ops.weighted_average_wirelength.weighted_average_wirelength - wirelength backward 0.131 ms
[INFO   ] DREAMPlace - optimizer step 23.693 ms
[INFO   ] DREAMPlace - iteration  218, (  12,  3,  0), Obj 2.783131E+04, NetCrossing 6.697E+01, NetCrossingWeight 1.000000E+01, DensityWeight 3.936710E-04, HPWL 1.301354E+03, Overflow 6.774235E-02, MaxDensity 1.506E+00, MacroOverlap 9.657E-02, MacroOverlapWeight 8.000000E-06, gamma 1.594874E-02, time 7.172ms
[INFO   ] DREAMPlace - full step 31.973 ms
[DEBUG  ] dreamplace.ops.weighted_average_wirelength.weighted_average_wirelength - wirelength forward 0.159 ms
[DEBUG  ] dreamplace.ops.electric_potential.electric_potential - density forward 5.404 ms
[DEBUG  ] dreamplace.ops.electric_potential.electric_potential - density backward 8.935 ms
[DEBUG  ] dreamplace.ops.weighted_average_wirelength.weighted_average_wirelength - wirelength backward 0.128 ms
[INFO   ] DREAMPlace - optimizer step 23.692 ms
[INFO   ] DREAMPlace - iteration  219, (  12,  3,  1), Obj 2.907244E+04, NetCrossing 6.473E+01, NetCrossingWeight 1.000000E+01, DensityWeight 3.936710E-04, HPWL 1.295996E+03, Overflow 6.899461E-02, MaxDensity 2.008E+00, MacroOverlap 6.637E-02, MacroOverlapWeight 8.000000E-06, gamma 1.594874E-02, time 7.250ms
[INFO   ] DREAMPlace - full step 32.010 ms
[INFO   ] DREAMPlace - Lsub stopping criteria: 1 and 29072.4 > 27831.3 * 0.999
[DEBUG  ] dreamplace.ops.weighted_average_wirelength.weighted_average_wirelength - wirelength forward 0.155 ms
[DEBUG  ] dreamplace.ops.electric_potential.electric_potential - density forward 5.274 ms
[DEBUG  ] dreamplace.ops.electric_potential.electric_potential - density backward 9.887 ms
[DEBUG  ] dreamplace.ops.weighted_average_wirelength.weighted_average_wirelength - wirelength backward 0.128 ms
[INFO   ] DREAMPlace - optimizer step 24.418 ms
[INFO   ] DREAMPlace - iteration  220, (  12,  4,  0), Obj 2.621322E+04, NetCrossing 6.693E+01, NetCrossingWeight 1.000000E+01, DensityWeight 4.239269E-04, HPWL 1.254086E+03, Overflow 6.678414E-02, MaxDensity 2.008E+00, MacroOverlap 6.549E-02, MacroOverlapWeight 8.000000E-06, gamma 1.594874E-02, time 7.166ms
[INFO   ] DREAMPlace - full step 32.611 ms
[DEBUG  ] dreamplace.ops.weighted_average_wirelength.weighted_average_wirelength - wirelength forward 0.152 ms
[DEBUG  ] dreamplace.ops.electric_potential.electric_potential - density forward 5.123 ms
[DEBUG  ] dreamplace.ops.electric_potential.electric_potential - density backward 9.446 ms
[DEBUG  ] dreamplace.ops.weighted_average_wirelength.weighted_average_wirelength - wirelength backward 0.128 ms
[INFO   ] DREAMPlace - optimizer step 23.454 ms
[INFO   ] DREAMPlace - iteration  221, (  12,  4,  1), Obj 2.911405E+04, NetCrossing 6.609E+01, NetCrossingWeight 1.000000E+01, DensityWeight 4.239269E-04, HPWL 1.300012E+03, Overflow 6.563038E-02, MaxDensity 2.008E+00, MacroOverlap 7.647E-02, MacroOverlapWeight 8.000000E-06, gamma 1.594874E-02, time 6.988ms
[INFO   ] DREAMPlace - full step 31.457 ms
[INFO   ] DREAMPlace - Lsub stopping criteria: 1 and 29114.1 > 26213.2 * 0.999
[INFO   ] DREAMPlace - Llambda stopping criteria: 4 and (( 0.0656304 < 0.1 and 1300.01 > 1296 ) or 2.00777 < 1.0)
[DEBUG  ] dreamplace.ops.weighted_average_wirelength.weighted_average_wirelength - wirelength forward 0.149 ms
[DEBUG  ] dreamplace.ops.electric_potential.electric_potential - density forward 5.193 ms
[DEBUG  ] dreamplace.ops.electric_potential.electric_potential - density backward 10.211 ms
[DEBUG  ] dreamplace.ops.weighted_average_wirelength.weighted_average_wirelength - wirelength backward 0.107 ms
[INFO   ] DREAMPlace - optimizer step 23.780 ms
[INFO   ] DREAMPlace - iteration  222, (  13,  0,  0), Obj 2.781584E+04, NetCrossing 6.551E+01, NetCrossingWeight 1.000000E+01, DensityWeight 4.565107E-04, HPWL 1.315371E+03, Overflow 6.730318E-02, MaxDensity 1.506E+00, MacroOverlap 6.672E-02, MacroOverlapWeight 8.000000E-06, gamma 1.614068E-02, time 6.929ms
[INFO   ] DREAMPlace - full step 31.707 ms
[DEBUG  ] dreamplace.ops.weighted_average_wirelength.weighted_average_wirelength - wirelength forward 0.148 ms
[DEBUG  ] dreamplace.ops.electric_potential.electric_potential - density forward 5.073 ms
[DEBUG  ] dreamplace.ops.electric_potential.electric_potential - density backward 9.037 ms
[DEBUG  ] dreamplace.ops.weighted_average_wirelength.weighted_average_wirelength - wirelength backward 0.130 ms
[INFO   ] DREAMPlace - optimizer step 23.098 ms
[INFO   ] DREAMPlace - iteration  223, (  13,  0,  1), Obj 2.975428E+04, NetCrossing 6.414E+01, NetCrossingWeight 1.000000E+01, DensityWeight 4.565107E-04, HPWL 1.338303E+03, Overflow 6.577206E-02, MaxDensity 2.008E+00, MacroOverlap 8.026E-02, MacroOverlapWeight 8.000000E-06, gamma 1.614068E-02, time 6.942ms
[INFO   ] DREAMPlace - full step 31.066 ms
[INFO   ] DREAMPlace - Lsub stopping criteria: 1 and 29754.3 > 27815.8 * 0.999
[DEBUG  ] dreamplace.ops.weighted_average_wirelength.weighted_average_wirelength - wirelength forward 0.145 ms
[DEBUG  ] dreamplace.ops.electric_potential.electric_potential - density forward 5.070 ms
[DEBUG  ] dreamplace.ops.electric_potential.electric_potential - density backward 8.182 ms
[DEBUG  ] dreamplace.ops.weighted_average_wirelength.weighted_average_wirelength - wirelength backward 0.126 ms
[DEBUG  ] dreamplace.ops.weighted_average_wirelength.weighted_average_wirelength - wirelength forward 0.135 ms
[DEBUG  ] dreamplace.ops.electric_potential.electric_potential - density forward 5.161 ms
[DEBUG  ] dreamplace.ops.electric_potential.electric_potential - density backward 8.387 ms
[DEBUG  ] dreamplace.ops.weighted_average_wirelength.weighted_average_wirelength - wirelength backward 0.122 ms
[INFO   ] DREAMPlace - optimizer step 44.200 ms
[INFO   ] DREAMPlace - iteration  224, (  13,  1,  0), Obj 2.848331E+04, NetCrossing 6.637E+01, NetCrossingWeight 1.000000E+01, DensityWeight 4.915947E-04, HPWL 1.267067E+03, Overflow 6.383983E-02, MaxDensity 2.008E+00, MacroOverlap 5.607E-02, MacroOverlapWeight 8.000000E-06, gamma 1.614068E-02, time 6.879ms
[INFO   ] DREAMPlace - full step 52.055 ms
[DEBUG  ] dreamplace.ops.weighted_average_wirelength.weighted_average_wirelength - wirelength forward 0.148 ms
[DEBUG  ] dreamplace.ops.electric_potential.electric_potential - density forward 5.452 ms
[DEBUG  ] dreamplace.ops.electric_potential.electric_potential - density backward 9.072 ms
[DEBUG  ] dreamplace.ops.weighted_average_wirelength.weighted_average_wirelength - wirelength backward 0.122 ms
[INFO   ] DREAMPlace - optimizer step 23.301 ms
[INFO   ] DREAMPlace - iteration  225, (  13,  1,  1), Obj 3.125794E+04, NetCrossing 6.697E+01, NetCrossingWeight 1.000000E+01, DensityWeight 4.915947E-04, HPWL 1.371188E+03, Overflow 6.408916E-02, MaxDensity 2.008E+00, MacroOverlap 8.467E-02, MacroOverlapWeight 8.000000E-06, gamma 1.614068E-02, time 6.995ms
[INFO   ] DREAMPlace - full step 31.305 ms
[INFO   ] DREAMPlace - Lsub stopping criteria: 1 and 31257.9 > 28483.3 * 0.999
[INFO   ] DREAMPlace - Llambda stopping criteria: 1 and (( 0.0640892 < 0.1 and 1371.19 > 1338.3 ) or 2.00777 < 1.0)
[DEBUG  ] dreamplace.ops.weighted_average_wirelength.weighted_average_wirelength - wirelength forward 0.146 ms
[DEBUG  ] dreamplace.ops.electric_potential.electric_potential - density forward 5.107 ms
[DEBUG  ] dreamplace.ops.electric_potential.electric_potential - density backward 8.111 ms
[DEBUG  ] dreamplace.ops.weighted_average_wirelength.weighted_average_wirelength - wirelength backward 0.124 ms
[DEBUG  ] dreamplace.ops.weighted_average_wirelength.weighted_average_wirelength - wirelength forward 0.105 ms
[DEBUG  ] dreamplace.ops.electric_potential.electric_potential - density forward 4.993 ms
[DEBUG  ] dreamplace.ops.electric_potential.electric_potential - density backward 8.093 ms
[DEBUG  ] dreamplace.ops.weighted_average_wirelength.weighted_average_wirelength - wirelength backward 0.099 ms
[DEBUG  ] dreamplace.ops.weighted_average_wirelength.weighted_average_wirelength - wirelength forward 0.103 ms
[DEBUG  ] dreamplace.ops.electric_potential.electric_potential - density forward 4.813 ms
[DEBUG  ] dreamplace.ops.electric_potential.electric_potential - density backward 8.144 ms
[DEBUG  ] dreamplace.ops.weighted_average_wirelength.weighted_average_wirelength - wirelength backward 0.106 ms
[INFO   ] DREAMPlace - optimizer step 62.845 ms
[INFO   ] DREAMPlace - iteration  226, (  14,  0,  0), Obj 3.197529E+04, NetCrossing 6.536E+01, NetCrossingWeight 1.000000E+01, DensityWeight 5.293758E-04, HPWL 1.252874E+03, Overflow 6.341240E-02, MaxDensity 2.008E+00, MacroOverlap 6.212E-02, MacroOverlapWeight 8.000000E-06, gamma 1.601389E-02, time 6.976ms
[INFO   ] DREAMPlace - full step 70.825 ms
[DEBUG  ] dreamplace.ops.weighted_average_wirelength.weighted_average_wirelength - wirelength forward 0.110 ms
[DEBUG  ] dreamplace.ops.electric_potential.electric_potential - density forward 4.662 ms
[DEBUG  ] dreamplace.ops.electric_potential.electric_potential - density backward 9.149 ms
[DEBUG  ] dreamplace.ops.weighted_average_wirelength.weighted_average_wirelength - wirelength backward 0.136 ms
[INFO   ] DREAMPlace - optimizer step 21.454 ms
[INFO   ] DREAMPlace - iteration  227, (  14,  0,  1), Obj 2.547287E+04, NetCrossing 6.755E+01, NetCrossingWeight 1.000000E+01, DensityWeight 5.293758E-04, HPWL 1.344014E+03, Overflow 5.842286E-02, MaxDensity 2.008E+00, MacroOverlap 2.848E-02, MacroOverlapWeight 8.000000E-06, gamma 1.601389E-02, time 6.789ms
[INFO   ] DREAMPlace - full step 29.170 ms
[DEBUG  ] dreamplace.ops.weighted_average_wirelength.weighted_average_wirelength - wirelength forward 0.117 ms
[DEBUG  ] dreamplace.ops.electric_potential.electric_potential - density forward 4.765 ms
[DEBUG  ] dreamplace.ops.electric_potential.electric_potential - density backward 9.067 ms
[DEBUG  ] dreamplace.ops.weighted_average_wirelength.weighted_average_wirelength - wirelength backward 0.096 ms
[INFO   ] DREAMPlace - optimizer step 21.547 ms
[INFO   ] DREAMPlace - iteration  228, (  14,  1,  0), Obj 2.696378E+04, NetCrossing 6.351E+01, NetCrossingWeight 1.000000E+01, DensityWeight 5.636030E-04, HPWL 1.357195E+03, Overflow 5.956844E-02, MaxDensity 1.898E+00, MacroOverlap 4.492E-02, MacroOverlapWeight 8.000000E-06, gamma 1.601389E-02, time 6.331ms
[INFO   ] DREAMPlace - full step 28.753 ms
[DEBUG  ] dreamplace.ops.weighted_average_wirelength.weighted_average_wirelength - wirelength forward 0.153 ms
[DEBUG  ] dreamplace.ops.electric_potential.electric_potential - density forward 4.714 ms
[DEBUG  ] dreamplace.ops.electric_potential.electric_potential - density backward 10.749 ms
[DEBUG  ] dreamplace.ops.weighted_average_wirelength.weighted_average_wirelength - wirelength backward 0.100 ms
[DEBUG  ] dreamplace.ops.weighted_average_wirelength.weighted_average_wirelength - wirelength forward 0.106 ms
[DEBUG  ] dreamplace.ops.electric_potential.electric_potential - density forward 4.717 ms
[DEBUG  ] dreamplace.ops.electric_potential.electric_potential - density backward 10.718 ms
[DEBUG  ] dreamplace.ops.weighted_average_wirelength.weighted_average_wirelength - wirelength backward 0.106 ms
[DEBUG  ] dreamplace.ops.weighted_average_wirelength.weighted_average_wirelength - wirelength forward 0.103 ms
[DEBUG  ] dreamplace.ops.electric_potential.electric_potential - density forward 4.683 ms
[DEBUG  ] dreamplace.ops.electric_potential.electric_potential - density backward 10.795 ms
[DEBUG  ] dreamplace.ops.weighted_average_wirelength.weighted_average_wirelength - wirelength backward 0.121 ms
[DEBUG  ] dreamplace.ops.weighted_average_wirelength.weighted_average_wirelength - wirelength forward 0.138 ms
[DEBUG  ] dreamplace.ops.electric_potential.electric_potential - density forward 5.375 ms
[DEBUG  ] dreamplace.ops.electric_potential.electric_potential - density backward 10.809 ms
[DEBUG  ] dreamplace.ops.weighted_average_wirelength.weighted_average_wirelength - wirelength backward 0.120 ms
[INFO   ] DREAMPlace - optimizer step 94.758 ms
[INFO   ] DREAMPlace - iteration  229, (  14,  1,  1), Obj 2.771341E+04, NetCrossing 6.138E+01, NetCrossingWeight 1.000000E+01, DensityWeight 5.636030E-04, HPWL 1.262955E+03, Overflow 5.864531E-02, MaxDensity 2.008E+00, MacroOverlap 3.759E-02, MacroOverlapWeight 8.000000E-06, gamma 1.601389E-02, time 6.881ms
[INFO   ] DREAMPlace - full step 102.521 ms
[INFO   ] DREAMPlace - Lsub stopping criteria: 1 and 27713.4 > 26963.8 * 0.999
[DEBUG  ] dreamplace.ops.weighted_average_wirelength.weighted_average_wirelength - wirelength forward 0.151 ms
[DEBUG  ] dreamplace.ops.electric_potential.electric_potential - density forward 5.284 ms
[DEBUG  ] dreamplace.ops.electric_potential.electric_potential - density backward 10.053 ms
[DEBUG  ] dreamplace.ops.weighted_average_wirelength.weighted_average_wirelength - wirelength backward 0.128 ms
[INFO   ] DREAMPlace - optimizer step 25.234 ms
[INFO   ] DREAMPlace - iteration  230, (  14,  2,  0), Obj 2.847310E+04, NetCrossing 6.193E+01, NetCrossingWeight 1.000000E+01, DensityWeight 5.999831E-04, HPWL 1.278789E+03, Overflow 5.817766E-02, MaxDensity 1.506E+00, MacroOverlap 5.039E-02, MacroOverlapWeight 8.000000E-06, gamma 1.601389E-02, time 7.524ms
[INFO   ] DREAMPlace - full step 33.874 ms
[DEBUG  ] dreamplace.ops.weighted_average_wirelength.weighted_average_wirelength - wirelength forward 0.134 ms
[DEBUG  ] dreamplace.ops.electric_potential.electric_potential - density forward 5.069 ms
[DEBUG  ] dreamplace.ops.electric_potential.electric_potential - density backward 8.196 ms
[DEBUG  ] dreamplace.ops.weighted_average_wirelength.weighted_average_wirelength - wirelength backward 0.124 ms
[INFO   ] DREAMPlace - optimizer step 22.362 ms
[INFO   ] DREAMPlace - iteration  231, (  14,  2,  1), Obj 2.831309E+04, NetCrossing 6.060E+01, NetCrossingWeight 1.000000E+01, DensityWeight 5.999831E-04, HPWL 1.307147E+03, Overflow 5.709628E-02, MaxDensity 1.506E+00, MacroOverlap 3.658E-02, MacroOverlapWeight 8.000000E-06, gamma 1.601389E-02, time 7.010ms
[INFO   ] DREAMPlace - full step 30.421 ms
[INFO   ] DREAMPlace - Llambda stopping criteria: 2 and (( 0.0570963 < 0.1 and 1307.15 > 1262.95 ) or 1.50583 < 1.0)
[DEBUG  ] dreamplace.ops.weighted_average_wirelength.weighted_average_wirelength - wirelength forward 0.145 ms
[DEBUG  ] dreamplace.ops.electric_potential.electric_potential - density forward 5.445 ms
[DEBUG  ] dreamplace.ops.electric_potential.electric_potential - density backward 9.693 ms
[DEBUG  ] dreamplace.ops.weighted_average_wirelength.weighted_average_wirelength - wirelength backward 0.129 ms
[INFO   ] DREAMPlace - optimizer step 24.676 ms
[INFO   ] DREAMPlace - iteration  232, (  15,  0,  0), Obj 3.027335E+04, NetCrossing 6.309E+01, NetCrossingWeight 1.000000E+01, DensityWeight 6.460925E-04, HPWL 1.250411E+03, Overflow 5.931963E-02, MaxDensity 1.506E+00, MacroOverlap 4.715E-02, MacroOverlapWeight 8.000000E-06, gamma 1.545102E-02, time 7.082ms
[INFO   ] DREAMPlace - full step 32.603 ms
[DEBUG  ] dreamplace.ops.weighted_average_wirelength.weighted_average_wirelength - wirelength forward 0.164 ms
[DEBUG  ] dreamplace.ops.electric_potential.electric_potential - density forward 5.008 ms
[DEBUG  ] dreamplace.ops.electric_potential.electric_potential - density backward 8.752 ms
[DEBUG  ] dreamplace.ops.weighted_average_wirelength.weighted_average_wirelength - wirelength backward 0.147 ms
[INFO   ] DREAMPlace - optimizer step 23.350 ms
[INFO   ] DREAMPlace - iteration  233, (  15,  0,  1), Obj 2.953083E+04, NetCrossing 6.343E+01, NetCrossingWeight 1.000000E+01, DensityWeight 6.460925E-04, HPWL 1.296453E+03, Overflow 5.618254E-02, MaxDensity 1.506E+00, MacroOverlap 3.772E-02, MacroOverlapWeight 8.000000E-06, gamma 1.545102E-02, time 6.870ms
[INFO   ] DREAMPlace - full step 31.243 ms
[DEBUG  ] dreamplace.ops.weighted_average_wirelength.weighted_average_wirelength - wirelength forward 0.151 ms
[DEBUG  ] dreamplace.ops.electric_potential.electric_potential - density forward 5.117 ms
[DEBUG  ] dreamplace.ops.electric_potential.electric_potential - density backward 10.957 ms
[DEBUG  ] dreamplace.ops.weighted_average_wirelength.weighted_average_wirelength - wirelength backward 0.115 ms
[DEBUG  ] dreamplace.ops.weighted_average_wirelength.weighted_average_wirelength - wirelength forward 0.137 ms
[DEBUG  ] dreamplace.ops.electric_potential.electric_potential - density forward 5.129 ms
[DEBUG  ] dreamplace.ops.electric_potential.electric_potential - density backward 10.919 ms
[DEBUG  ] dreamplace.ops.weighted_average_wirelength.weighted_average_wirelength - wirelength backward 0.122 ms
[INFO   ] DREAMPlace - optimizer step 49.833 ms
[INFO   ] DREAMPlace - iteration  234, (  15,  1,  0), Obj 3.183916E+04, NetCrossing 5.912E+01, NetCrossingWeight 1.000000E+01, DensityWeight 6.876597E-04, HPWL 1.299185E+03, Overflow 5.838039E-02, MaxDensity 2.008E+00, MacroOverlap 5.890E-02, MacroOverlapWeight 8.000000E-06, gamma 1.545102E-02, time 7.082ms
[INFO   ] DREAMPlace - full step 57.867 ms
[DEBUG  ] dreamplace.ops.weighted_average_wirelength.weighted_average_wirelength - wirelength forward 0.116 ms
[DEBUG  ] dreamplace.ops.electric_potential.electric_potential - density forward 4.771 ms
[DEBUG  ] dreamplace.ops.electric_potential.electric_potential - density backward 10.831 ms
[DEBUG  ] dreamplace.ops.weighted_average_wirelength.weighted_average_wirelength - wirelength backward 0.122 ms
[INFO   ] DREAMPlace - optimizer step 23.822 ms
[INFO   ] DREAMPlace - iteration  235, (  15,  1,  1), Obj 2.942199E+04, NetCrossing 6.192E+01, NetCrossingWeight 1.000000E+01, DensityWeight 6.876597E-04, HPWL 1.276756E+03, Overflow 5.468556E-02, MaxDensity 2.008E+00, MacroOverlap 3.315E-02, MacroOverlapWeight 8.000000E-06, gamma 1.545102E-02, time 6.377ms
[INFO   ] DREAMPlace - full step 31.109 ms
[DEBUG  ] dreamplace.ops.weighted_average_wirelength.weighted_average_wirelength - wirelength forward 0.113 ms
[DEBUG  ] dreamplace.ops.electric_potential.electric_potential - density forward 4.667 ms
[DEBUG  ] dreamplace.ops.electric_potential.electric_potential - density backward 7.118 ms
[DEBUG  ] dreamplace.ops.weighted_average_wirelength.weighted_average_wirelength - wirelength backward 0.126 ms
[INFO   ] DREAMPlace - optimizer step 22.396 ms
[INFO   ] DREAMPlace - iteration  236, (  15,  2,  0), Obj 2.889569E+04, NetCrossing 6.007E+01, NetCrossingWeight 1.000000E+01, DensityWeight 7.318281E-04, HPWL 1.312924E+03, Overflow 5.314428E-02, MaxDensity 2.008E+00, MacroOverlap 3.658E-02, MacroOverlapWeight 8.000000E-06, gamma 1.545102E-02, time 6.383ms
[INFO   ] DREAMPlace - full step 29.633 ms
[DEBUG  ] dreamplace.ops.weighted_average_wirelength.weighted_average_wirelength - wirelength forward 0.151 ms
[DEBUG  ] dreamplace.ops.electric_potential.electric_potential - density forward 5.272 ms
[DEBUG  ] dreamplace.ops.electric_potential.electric_potential - density backward 10.057 ms
[DEBUG  ] dreamplace.ops.weighted_average_wirelength.weighted_average_wirelength - wirelength backward 0.149 ms
[INFO   ] DREAMPlace - optimizer step 23.989 ms
[INFO   ] DREAMPlace - iteration  237, (  15,  2,  1), Obj 3.022235E+04, NetCrossing 6.190E+01, NetCrossingWeight 1.000000E+01, DensityWeight 7.318281E-04, HPWL 1.296671E+03, Overflow 5.419148E-02, MaxDensity 1.506E+00, MacroOverlap 2.935E-02, MacroOverlapWeight 8.000000E-06, gamma 1.545102E-02, time 6.958ms
[INFO   ] DREAMPlace - full step 31.931 ms
[INFO   ] DREAMPlace - Lsub stopping criteria: 1 and 30222.4 > 28895.7 * 0.999
[INFO   ] DREAMPlace - Llambda stopping criteria: 2 and (( 0.0541915 < 0.1 and 1296.67 > 1276.76 ) or 1.50583 < 1.0)
[DEBUG  ] dreamplace.ops.weighted_average_wirelength.weighted_average_wirelength - wirelength forward 0.152 ms
[DEBUG  ] dreamplace.ops.electric_potential.electric_potential - density forward 5.253 ms
[DEBUG  ] dreamplace.ops.electric_potential.electric_potential - density backward 8.399 ms
[DEBUG  ] dreamplace.ops.weighted_average_wirelength.weighted_average_wirelength - wirelength backward 0.179 ms
[INFO   ] DREAMPlace - optimizer step 23.473 ms
[INFO   ] DREAMPlace - iteration  238, (  16,  0,  0), Obj 2.970035E+04, NetCrossing 6.231E+01, NetCrossingWeight 1.000000E+01, DensityWeight 7.880746E-04, HPWL 1.286069E+03, Overflow 5.479296E-02, MaxDensity 2.008E+00, MacroOverlap 3.502E-02, MacroOverlapWeight 8.000000E-06, gamma 1.522306E-02, time 6.963ms
[INFO   ] DREAMPlace - full step 31.429 ms
[DEBUG  ] dreamplace.ops.weighted_average_wirelength.weighted_average_wirelength - wirelength forward 0.141 ms
[DEBUG  ] dreamplace.ops.electric_potential.electric_potential - density forward 5.129 ms
[DEBUG  ] dreamplace.ops.electric_potential.electric_potential - density backward 9.178 ms
[DEBUG  ] dreamplace.ops.weighted_average_wirelength.weighted_average_wirelength - wirelength backward 0.128 ms
[INFO   ] DREAMPlace - optimizer step 23.318 ms
[INFO   ] DREAMPlace - iteration  239, (  16,  0,  1), Obj 3.039930E+04, NetCrossing 6.280E+01, NetCrossingWeight 1.000000E+01, DensityWeight 7.880746E-04, HPWL 1.268882E+03, Overflow 5.277513E-02, MaxDensity 1.506E+00, MacroOverlap 3.015E-02, MacroOverlapWeight 8.000000E-06, gamma 1.522306E-02, time 6.818ms
[INFO   ] DREAMPlace - full step 31.177 ms
[INFO   ] DREAMPlace - Lsub stopping criteria: 1 and 30399.3 > 29700.3 * 0.999
[DEBUG  ] dreamplace.ops.weighted_average_wirelength.weighted_average_wirelength - wirelength forward 0.148 ms
[DEBUG  ] dreamplace.ops.electric_potential.electric_potential - density forward 5.065 ms
[DEBUG  ] dreamplace.ops.electric_potential.electric_potential - density backward 10.767 ms
[DEBUG  ] dreamplace.ops.weighted_average_wirelength.weighted_average_wirelength - wirelength backward 0.124 ms
[INFO   ] DREAMPlace - optimizer step 24.686 ms
[INFO   ] DREAMPlace - iteration  240, (  16,  1,  0), Obj 3.140011E+04, NetCrossing 6.177E+01, NetCrossingWeight 1.000000E+01, DensityWeight 8.385248E-04, HPWL 1.319378E+03, Overflow 5.231019E-02, MaxDensity 1.506E+00, MacroOverlap 2.908E-02, MacroOverlapWeight 8.000000E-06, gamma 1.522306E-02, time 7.030ms
[INFO   ] DREAMPlace - full step 32.732 ms
[DEBUG  ] dreamplace.ops.weighted_average_wirelength.weighted_average_wirelength - wirelength forward 0.145 ms
[DEBUG  ] dreamplace.ops.electric_potential.electric_potential - density forward 5.039 ms
[DEBUG  ] dreamplace.ops.electric_potential.electric_potential - density backward 9.024 ms
[DEBUG  ] dreamplace.ops.weighted_average_wirelength.weighted_average_wirelength - wirelength backward 0.096 ms
[INFO   ] DREAMPlace - optimizer step 22.154 ms
[INFO   ] DREAMPlace - iteration  241, (  16,  1,  1), Obj 3.588502E+04, NetCrossing 6.052E+01, NetCrossingWeight 1.000000E+01, DensityWeight 8.385248E-04, HPWL 1.273074E+03, Overflow 5.256796E-02, MaxDensity 1.506E+00, MacroOverlap 3.070E-02, MacroOverlapWeight 8.000000E-06, gamma 1.522306E-02, time 6.796ms
[INFO   ] DREAMPlace - full step 29.904 ms
[INFO   ] DREAMPlace - Lsub stopping criteria: 1 and 35885 > 31400.1 * 0.999
[INFO   ] DREAMPlace - Llambda stopping criteria: 1 and (( 0.052568 < 0.1 and 1273.07 > 1268.88 ) or 1.50583 < 1.0)
[DEBUG  ] dreamplace.ops.weighted_average_wirelength.weighted_average_wirelength - wirelength forward 0.140 ms
[DEBUG  ] dreamplace.ops.electric_potential.electric_potential - density forward 5.028 ms
[DEBUG  ] dreamplace.ops.electric_potential.electric_potential - density backward 9.455 ms
[DEBUG  ] dreamplace.ops.weighted_average_wirelength.weighted_average_wirelength - wirelength backward 0.124 ms
[DEBUG  ] dreamplace.ops.weighted_average_wirelength.weighted_average_wirelength - wirelength forward 0.132 ms
[DEBUG  ] dreamplace.ops.electric_potential.electric_potential - density forward 5.176 ms
[DEBUG  ] dreamplace.ops.electric_potential.electric_potential - density backward 8.415 ms
[DEBUG  ] dreamplace.ops.weighted_average_wirelength.weighted_average_wirelength - wirelength backward 0.121 ms
[INFO   ] DREAMPlace - optimizer step 44.236 ms
[INFO   ] DREAMPlace - iteration  242, (  17,  0,  0), Obj 2.972038E+04, NetCrossing 6.259E+01, NetCrossingWeight 1.000000E+01, DensityWeight 9.029752E-04, HPWL 1.321725E+03, Overflow 5.021120E-02, MaxDensity 1.506E+00, MacroOverlap 2.427E-02, MacroOverlapWeight 8.000000E-06, gamma 1.509712E-02, time 6.936ms
[INFO   ] DREAMPlace - full step 52.091 ms
[DEBUG  ] dreamplace.ops.weighted_average_wirelength.weighted_average_wirelength - wirelength forward 0.116 ms
[DEBUG  ] dreamplace.ops.electric_potential.electric_potential - density forward 4.694 ms
[DEBUG  ] dreamplace.ops.electric_potential.electric_potential - density backward 10.788 ms
[DEBUG  ] dreamplace.ops.weighted_average_wirelength.weighted_average_wirelength - wirelength backward 0.114 ms
[INFO   ] DREAMPlace - optimizer step 23.167 ms
[INFO   ] DREAMPlace - iteration  243, (  17,  0,  1), Obj 3.199872E+04, NetCrossing 6.201E+01, NetCrossingWeight 1.000000E+01, DensityWeight 9.029752E-04, HPWL 1.274250E+03, Overflow 5.085793E-02, MaxDensity 1.506E+00, MacroOverlap 3.475E-02, MacroOverlapWeight 8.000000E-06, gamma 1.509712E-02, time 6.235ms
[INFO   ] DREAMPlace - full step 30.328 ms
[INFO   ] DREAMPlace - Lsub stopping criteria: 1 and 31998.7 > 29720.4 * 0.999
[DEBUG  ] dreamplace.ops.weighted_average_wirelength.weighted_average_wirelength - wirelength forward 0.106 ms
[DEBUG  ] dreamplace.ops.electric_potential.electric_potential - density forward 5.004 ms
[DEBUG  ] dreamplace.ops.electric_potential.electric_potential - density backward 8.347 ms
[DEBUG  ] dreamplace.ops.weighted_average_wirelength.weighted_average_wirelength - wirelength backward 0.097 ms
[INFO   ] DREAMPlace - optimizer step 20.799 ms
[INFO   ] DREAMPlace - iteration  244, (  17,  1,  0), Obj 3.026488E+04, NetCrossing 6.230E+01, NetCrossingWeight 1.000000E+01, DensityWeight 9.723801E-04, HPWL 1.315997E+03, Overflow 5.071347E-02, MaxDensity 1.506E+00, MacroOverlap 2.314E-02, MacroOverlapWeight 8.000000E-06, gamma 1.509712E-02, time 6.545ms
[INFO   ] DREAMPlace - full step 28.182 ms
[DEBUG  ] dreamplace.ops.weighted_average_wirelength.weighted_average_wirelength - wirelength forward 0.136 ms
[DEBUG  ] dreamplace.ops.electric_potential.electric_potential - density forward 5.000 ms
[DEBUG  ] dreamplace.ops.electric_potential.electric_potential - density backward 10.237 ms
[DEBUG  ] dreamplace.ops.weighted_average_wirelength.weighted_average_wirelength - wirelength backward 0.099 ms
[INFO   ] DREAMPlace - optimizer step 22.700 ms
[INFO   ] DREAMPlace - iteration  245, (  17,  1,  1), Obj 3.285848E+04, NetCrossing 6.145E+01, NetCrossingWeight 1.000000E+01, DensityWeight 9.723801E-04, HPWL 1.276818E+03, Overflow 5.137240E-02, MaxDensity 1.506E+00, MacroOverlap 2.192E-02, MacroOverlapWeight 8.000000E-06, gamma 1.509712E-02, time 6.654ms
[INFO   ] DREAMPlace - full step 30.262 ms
[INFO   ] DREAMPlace - Lsub stopping criteria: 1 and 32858.5 > 30264.9 * 0.999
[INFO   ] DREAMPlace - Llambda stopping criteria: 1 and (( 0.0513724 < 0.1 and 1276.82 > 1274.25 ) or 1.50583 < 1.0)
[DEBUG  ] dreamplace.ops.weighted_average_wirelength.weighted_average_wirelength - wirelength forward 0.110 ms
[DEBUG  ] dreamplace.ops.electric_potential.electric_potential - density forward 4.624 ms
[DEBUG  ] dreamplace.ops.electric_potential.electric_potential - density backward 9.944 ms
[DEBUG  ] dreamplace.ops.weighted_average_wirelength.weighted_average_wirelength - wirelength backward 0.095 ms
[INFO   ] DREAMPlace - optimizer step 21.477 ms
[INFO   ] DREAMPlace - iteration  246, (  18,  0,  0), Obj 2.838237E+04, NetCrossing 6.082E+01, NetCrossingWeight 1.000000E+01, DensityWeight 1.047119E-03, HPWL 1.302203E+03, Overflow 4.747648E-02, MaxDensity 1.506E+00, MacroOverlap 1.527E-02, MacroOverlapWeight 8.000000E-06, gamma 1.500505E-02, time 6.567ms
[INFO   ] DREAMPlace - full step 28.929 ms
[DEBUG  ] dreamplace.ops.weighted_average_wirelength.weighted_average_wirelength - wirelength forward 0.135 ms
[DEBUG  ] dreamplace.ops.electric_potential.electric_potential - density forward 4.919 ms
[DEBUG  ] dreamplace.ops.electric_potential.electric_potential - density backward 11.117 ms
[DEBUG  ] dreamplace.ops.weighted_average_wirelength.weighted_average_wirelength - wirelength backward 0.095 ms
[INFO   ] DREAMPlace - optimizer step 23.417 ms
[INFO   ] DREAMPlace - iteration  247, (  18,  0,  1), Obj 3.535218E+04, NetCrossing 6.137E+01, NetCrossingWeight 1.000000E+01, DensityWeight 1.047119E-03, HPWL 1.294208E+03, Overflow 4.909590E-02, MaxDensity 2.008E+00, MacroOverlap 2.057E-02, MacroOverlapWeight 8.000000E-06, gamma 1.500505E-02, time 6.763ms
[INFO   ] DREAMPlace - full step 30.970 ms
[INFO   ] DREAMPlace - Lsub stopping criteria: 1 and 35352.2 > 28382.4 * 0.999
[DEBUG  ] dreamplace.ops.weighted_average_wirelength.weighted_average_wirelength - wirelength forward 0.112 ms
[DEBUG  ] dreamplace.ops.electric_potential.electric_potential - density forward 4.998 ms
[DEBUG  ] dreamplace.ops.electric_potential.electric_potential - density backward 10.314 ms
[DEBUG  ] dreamplace.ops.weighted_average_wirelength.weighted_average_wirelength - wirelength backward 0.106 ms
[INFO   ] DREAMPlace - optimizer step 22.744 ms
[INFO   ] DREAMPlace - iteration  248, (  18,  1,  0), Obj 3.263226E+04, NetCrossing 5.896E+01, NetCrossingWeight 1.000000E+01, DensityWeight 1.127599E-03, HPWL 1.286973E+03, Overflow 4.794522E-02, MaxDensity 1.506E+00, MacroOverlap 1.904E-02, MacroOverlapWeight 8.000000E-06, gamma 1.500505E-02, time 6.189ms
[INFO   ] DREAMPlace - full step 30.023 ms
[DEBUG  ] dreamplace.ops.weighted_average_wirelength.weighted_average_wirelength - wirelength forward 0.114 ms
[DEBUG  ] dreamplace.ops.electric_potential.electric_potential - density forward 5.023 ms
[DEBUG  ] dreamplace.ops.electric_potential.electric_potential - density backward 9.705 ms
[DEBUG  ] dreamplace.ops.weighted_average_wirelength.weighted_average_wirelength - wirelength backward 0.132 ms
[INFO   ] DREAMPlace - optimizer step 23.144 ms
[INFO   ] DREAMPlace - iteration  249, (  18,  1,  1), Obj 3.350275E+04, NetCrossing 6.258E+01, NetCrossingWeight 1.000000E+01, DensityWeight 1.127599E-03, HPWL 1.312034E+03, Overflow 4.843993E-02, MaxDensity 1.506E+00, MacroOverlap 2.040E-02, MacroOverlapWeight 8.000000E-06, gamma 1.500505E-02, time 6.804ms
[INFO   ] DREAMPlace - full step 30.965 ms
[INFO   ] DREAMPlace - Lsub stopping criteria: 1 and 33502.8 > 32632.3 * 0.999
[INFO   ] DREAMPlace - Llambda stopping criteria: 1 and (( 0.0484399 < 0.1 and 1312.03 > 1294.21 ) or 1.50583 < 1.0)
[DEBUG  ] dreamplace.ops.weighted_average_wirelength.weighted_average_wirelength - wirelength forward 0.163 ms
[DEBUG  ] dreamplace.ops.electric_potential.electric_potential - density forward 5.393 ms
[DEBUG  ] dreamplace.ops.electric_potential.electric_potential - density backward 9.041 ms
[DEBUG  ] dreamplace.ops.weighted_average_wirelength.weighted_average_wirelength - wirelength backward 0.129 ms
[INFO   ] DREAMPlace - optimizer step 24.561 ms
[INFO   ] DREAMPlace - iteration  250, (  19,  0,  0), Obj 3.183518E+04, NetCrossing 6.107E+01, NetCrossingWeight 1.000000E+01, DensityWeight 1.214264E-03, HPWL 1.304694E+03, Overflow 4.675288E-02, MaxDensity 1.506E+00, MacroOverlap 1.656E-02, MacroOverlapWeight 8.000000E-06, gamma 1.478158E-02, time 6.832ms
[INFO   ] DREAMPlace - full step 32.612 ms
[DEBUG  ] dreamplace.ops.weighted_average_wirelength.weighted_average_wirelength - wirelength forward 0.161 ms
[DEBUG  ] dreamplace.ops.electric_potential.electric_potential - density forward 5.070 ms
[DEBUG  ] dreamplace.ops.electric_potential.electric_potential - density backward 10.134 ms
[DEBUG  ] dreamplace.ops.weighted_average_wirelength.weighted_average_wirelength - wirelength backward 0.130 ms
[INFO   ] DREAMPlace - optimizer step 24.009 ms
[INFO   ] DREAMPlace - iteration  251, (  19,  0,  1), Obj 3.723984E+04, NetCrossing 6.147E+01, NetCrossingWeight 1.000000E+01, DensityWeight 1.214264E-03, HPWL 1.291598E+03, Overflow 4.821443E-02, MaxDensity 1.506E+00, MacroOverlap 2.608E-02, MacroOverlapWeight 8.000000E-06, gamma 1.478158E-02, time 7.493ms
[INFO   ] DREAMPlace - full step 32.728 ms
[INFO   ] DREAMPlace - Lsub stopping criteria: 1 and 37239.8 > 31835.2 * 0.999
[DEBUG  ] dreamplace.ops.weighted_average_wirelength.weighted_average_wirelength - wirelength forward 0.116 ms
[DEBUG  ] dreamplace.ops.electric_potential.electric_potential - density forward 4.936 ms
[DEBUG  ] dreamplace.ops.electric_potential.electric_potential - density backward 10.030 ms
[DEBUG  ] dreamplace.ops.weighted_average_wirelength.weighted_average_wirelength - wirelength backward 0.130 ms
[INFO   ] DREAMPlace - optimizer step 23.749 ms
[INFO   ] DREAMPlace - iteration  252, (  19,  1,  0), Obj 3.171881E+04, NetCrossing 6.222E+01, NetCrossingWeight 1.000000E+01, DensityWeight 1.291223E-03, HPWL 1.305684E+03, Overflow 4.596857E-02, MaxDensity 1.506E+00, MacroOverlap 1.595E-02, MacroOverlapWeight 8.000000E-06, gamma 1.478158E-02, time 7.240ms
[INFO   ] DREAMPlace - full step 31.965 ms
[DEBUG  ] dreamplace.ops.weighted_average_wirelength.weighted_average_wirelength - wirelength forward 0.159 ms
[DEBUG  ] dreamplace.ops.electric_potential.electric_potential - density forward 5.152 ms
[DEBUG  ] dreamplace.ops.electric_potential.electric_potential - density backward 10.006 ms
[DEBUG  ] dreamplace.ops.weighted_average_wirelength.weighted_average_wirelength - wirelength backward 0.131 ms
[DEBUG  ] dreamplace.ops.weighted_average_wirelength.weighted_average_wirelength - wirelength forward 0.143 ms
[DEBUG  ] dreamplace.ops.electric_potential.electric_potential - density forward 5.151 ms
[DEBUG  ] dreamplace.ops.electric_potential.electric_potential - density backward 10.024 ms
[DEBUG  ] dreamplace.ops.weighted_average_wirelength.weighted_average_wirelength - wirelength backward 0.133 ms
[INFO   ] DREAMPlace - optimizer step 48.784 ms
[INFO   ] DREAMPlace - iteration  253, (  19,  1,  1), Obj 3.179754E+04, NetCrossing 6.226E+01, NetCrossingWeight 1.000000E+01, DensityWeight 1.291223E-03, HPWL 1.315927E+03, Overflow 4.511319E-02, MaxDensity 1.506E+00, MacroOverlap 1.497E-02, MacroOverlapWeight 8.000000E-06, gamma 1.478158E-02, time 7.710ms
[INFO   ] DREAMPlace - full step 57.511 ms
[INFO   ] DREAMPlace - Lsub stopping criteria: 1 and 31797.5 > 31718.8 * 0.999
[INFO   ] DREAMPlace - Llambda stopping criteria: 1 and (( 0.0451132 < 0.1 and 1315.93 > 1291.6 ) or 1.50583 < 1.0)
[DEBUG  ] dreamplace.ops.weighted_average_wirelength.weighted_average_wirelength - wirelength forward 0.150 ms
[DEBUG  ] dreamplace.ops.electric_potential.electric_potential - density forward 4.960 ms
[DEBUG  ] dreamplace.ops.electric_potential.electric_potential - density backward 9.014 ms
[DEBUG  ] dreamplace.ops.weighted_average_wirelength.weighted_average_wirelength - wirelength backward 0.130 ms
[DEBUG  ] dreamplace.ops.weighted_average_wirelength.weighted_average_wirelength - wirelength forward 0.155 ms
[DEBUG  ] dreamplace.ops.electric_potential.electric_potential - density forward 5.454 ms
[DEBUG  ] dreamplace.ops.electric_potential.electric_potential - density backward 9.007 ms
[DEBUG  ] dreamplace.ops.weighted_average_wirelength.weighted_average_wirelength - wirelength backward 0.125 ms
[INFO   ] DREAMPlace - optimizer step 45.147 ms
[INFO   ] DREAMPlace - iteration  254, (  20,  0,  0), Obj 3.646534E+04, NetCrossing 6.087E+01, NetCrossingWeight 1.000000E+01, DensityWeight 1.390461E-03, HPWL 1.353447E+03, Overflow 4.735312E-02, MaxDensity 1.506E+00, MacroOverlap 1.994E-02, MacroOverlapWeight 8.000000E-06, gamma 1.453209E-02, time 7.056ms
[INFO   ] DREAMPlace - full step 53.194 ms
[DEBUG  ] dreamplace.ops.weighted_average_wirelength.weighted_average_wirelength - wirelength forward 0.144 ms
[DEBUG  ] dreamplace.ops.electric_potential.electric_potential - density forward 4.699 ms
[DEBUG  ] dreamplace.ops.electric_potential.electric_potential - density backward 9.589 ms
[DEBUG  ] dreamplace.ops.weighted_average_wirelength.weighted_average_wirelength - wirelength backward 0.126 ms
[DEBUG  ] dreamplace.ops.weighted_average_wirelength.weighted_average_wirelength - wirelength forward 0.105 ms
[DEBUG  ] dreamplace.ops.electric_potential.electric_potential - density forward 4.886 ms
[DEBUG  ] dreamplace.ops.electric_potential.electric_potential - density backward 9.602 ms
[DEBUG  ] dreamplace.ops.weighted_average_wirelength.weighted_average_wirelength - wirelength backward 0.125 ms
[INFO   ] DREAMPlace - optimizer step 44.873 ms
[INFO   ] DREAMPlace - iteration  255, (  20,  0,  1), Obj 3.709542E+04, NetCrossing 6.230E+01, NetCrossingWeight 1.000000E+01, DensityWeight 1.390461E-03, HPWL 1.262848E+03, Overflow 4.688593E-02, MaxDensity 1.657E+00, MacroOverlap 1.626E-02, MacroOverlapWeight 8.000000E-06, gamma 1.453209E-02, time 6.797ms
[INFO   ] DREAMPlace - full step 52.574 ms
[INFO   ] DREAMPlace - Lsub stopping criteria: 1 and 37095.4 > 36465.3 * 0.999
[DEBUG  ] dreamplace.ops.weighted_average_wirelength.weighted_average_wirelength - wirelength forward 0.130 ms
[DEBUG  ] dreamplace.ops.electric_potential.electric_potential - density forward 4.846 ms
[DEBUG  ] dreamplace.ops.electric_potential.electric_potential - density backward 9.784 ms
[DEBUG  ] dreamplace.ops.weighted_average_wirelength.weighted_average_wirelength - wirelength backward 0.125 ms
[INFO   ] DREAMPlace - optimizer step 23.059 ms
[INFO   ] DREAMPlace - iteration  256, (  20,  1,  0), Obj 3.442723E+04, NetCrossing 6.037E+01, NetCrossingWeight 1.000000E+01, DensityWeight 1.478292E-03, HPWL 1.281052E+03, Overflow 4.559202E-02, MaxDensity 1.506E+00, MacroOverlap 1.533E-02, MacroOverlapWeight 8.000000E-06, gamma 1.453209E-02, time 6.458ms
[INFO   ] DREAMPlace - full step 30.479 ms
[DEBUG  ] dreamplace.ops.weighted_average_wirelength.weighted_average_wirelength - wirelength forward 0.152 ms
[DEBUG  ] dreamplace.ops.electric_potential.electric_potential - density forward 4.763 ms
[DEBUG  ] dreamplace.ops.electric_potential.electric_potential - density backward 8.367 ms
[DEBUG  ] dreamplace.ops.weighted_average_wirelength.weighted_average_wirelength - wirelength backward 0.122 ms
[INFO   ] DREAMPlace - optimizer step 21.286 ms
[INFO   ] DREAMPlace - iteration  257, (  20,  1,  1), Obj 3.442707E+04, NetCrossing 6.518E+01, NetCrossingWeight 1.000000E+01, DensityWeight 1.478292E-03, HPWL 1.350041E+03, Overflow 4.377165E-02, MaxDensity 1.506E+00, MacroOverlap 1.341E-02, MacroOverlapWeight 8.000000E-06, gamma 1.453209E-02, time 6.995ms
[INFO   ] DREAMPlace - full step 29.262 ms
[INFO   ] DREAMPlace - Lsub stopping criteria: 1 and 34427.1 > 34427.2 * 0.999
[INFO   ] DREAMPlace - Llambda stopping criteria: 1 and (( 0.0437717 < 0.1 and 1350.04 > 1262.85 ) or 1.50583 < 1.0)
[DEBUG  ] dreamplace.ops.weighted_average_wirelength.weighted_average_wirelength - wirelength forward 0.138 ms
[DEBUG  ] dreamplace.ops.electric_potential.electric_potential - density forward 4.988 ms
[DEBUG  ] dreamplace.ops.electric_potential.electric_potential - density backward 9.137 ms
[DEBUG  ] dreamplace.ops.weighted_average_wirelength.weighted_average_wirelength - wirelength backward 0.094 ms
[INFO   ] DREAMPlace - optimizer step 21.658 ms
[INFO   ] DREAMPlace - iteration  258, (  21,  0,  0), Obj 3.683445E+04, NetCrossing 6.255E+01, NetCrossingWeight 1.000000E+01, DensityWeight 1.591883E-03, HPWL 1.281489E+03, Overflow 4.635808E-02, MaxDensity 1.506E+00, MacroOverlap 1.541E-02, MacroOverlapWeight 8.000000E-06, gamma 1.443268E-02, time 6.699ms
[INFO   ] DREAMPlace - full step 29.240 ms
[DEBUG  ] dreamplace.ops.weighted_average_wirelength.weighted_average_wirelength - wirelength forward 0.136 ms
[DEBUG  ] dreamplace.ops.electric_potential.electric_potential - density forward 4.724 ms
[DEBUG  ] dreamplace.ops.electric_potential.electric_potential - density backward 9.152 ms
[DEBUG  ] dreamplace.ops.weighted_average_wirelength.weighted_average_wirelength - wirelength backward 0.120 ms
[INFO   ] DREAMPlace - optimizer step 21.592 ms
[INFO   ] DREAMPlace - iteration  259, (  21,  0,  1), Obj 4.078616E+04, NetCrossing 6.333E+01, NetCrossingWeight 1.000000E+01, DensityWeight 1.591883E-03, HPWL 1.321527E+03, Overflow 4.680265E-02, MaxDensity 1.506E+00, MacroOverlap 1.742E-02, MacroOverlapWeight 8.000000E-06, gamma 1.443268E-02, time 6.773ms
[INFO   ] DREAMPlace - full step 29.255 ms
[INFO   ] DREAMPlace - Lsub stopping criteria: 1 and 40786.2 > 36834.4 * 0.999
[DEBUG  ] dreamplace.ops.weighted_average_wirelength.weighted_average_wirelength - wirelength forward 0.130 ms
[DEBUG  ] dreamplace.ops.electric_potential.electric_potential - density forward 4.882 ms
[DEBUG  ] dreamplace.ops.electric_potential.electric_potential - density backward 10.138 ms
[DEBUG  ] dreamplace.ops.weighted_average_wirelength.weighted_average_wirelength - wirelength backward 0.121 ms
[DEBUG  ] dreamplace.ops.weighted_average_wirelength.weighted_average_wirelength - wirelength forward 0.133 ms
[DEBUG  ] dreamplace.ops.electric_potential.electric_potential - density forward 5.048 ms
[DEBUG  ] dreamplace.ops.electric_potential.electric_potential - density backward 10.165 ms
[DEBUG  ] dreamplace.ops.weighted_average_wirelength.weighted_average_wirelength - wirelength backward 0.127 ms
[INFO   ] DREAMPlace - optimizer step 45.827 ms
[INFO   ] DREAMPlace - iteration  260, (  21,  1,  0), Obj 4.127043E+04, NetCrossing 6.249E+01, NetCrossingWeight 1.000000E+01, DensityWeight 1.692098E-03, HPWL 1.261339E+03, Overflow 4.705546E-02, MaxDensity 1.506E+00, MacroOverlap 1.768E-02, MacroOverlapWeight 8.000000E-06, gamma 1.443268E-02, time 6.473ms
[INFO   ] DREAMPlace - full step 53.309 ms
[DEBUG  ] dreamplace.ops.weighted_average_wirelength.weighted_average_wirelength - wirelength forward 0.194 ms
[DEBUG  ] dreamplace.ops.electric_potential.electric_potential - density forward 5.240 ms
[DEBUG  ] dreamplace.ops.electric_potential.electric_potential - density backward 8.335 ms
[DEBUG  ] dreamplace.ops.weighted_average_wirelength.weighted_average_wirelength - wirelength backward 0.117 ms
[INFO   ] DREAMPlace - optimizer step 22.650 ms
[INFO   ] DREAMPlace - iteration  261, (  21,  1,  1), Obj 3.875002E+04, NetCrossing 6.251E+01, NetCrossingWeight 1.000000E+01, DensityWeight 1.692098E-03, HPWL 1.283326E+03, Overflow 4.478234E-02, MaxDensity 1.506E+00, MacroOverlap 1.470E-02, MacroOverlapWeight 8.000000E-06, gamma 1.443268E-02, time 7.515ms
[INFO   ] DREAMPlace - full step 31.238 ms
[DEBUG  ] dreamplace.ops.weighted_average_wirelength.weighted_average_wirelength - wirelength forward 0.140 ms
[DEBUG  ] dreamplace.ops.electric_potential.electric_potential - density forward 5.087 ms
[DEBUG  ] dreamplace.ops.electric_potential.electric_potential - density backward 10.153 ms
[DEBUG  ] dreamplace.ops.weighted_average_wirelength.weighted_average_wirelength - wirelength backward 0.104 ms
[INFO   ] DREAMPlace - optimizer step 23.721 ms
[INFO   ] DREAMPlace - iteration  262, (  21,  2,  0), Obj 3.863083E+04, NetCrossing 6.280E+01, NetCrossingWeight 1.000000E+01, DensityWeight 1.798442E-03, HPWL 1.305172E+03, Overflow 4.573677E-02, MaxDensity 1.506E+00, MacroOverlap 1.414E-02, MacroOverlapWeight 8.000000E-06, gamma 1.443268E-02, time 6.774ms
[INFO   ] DREAMPlace - full step 31.467 ms
[DEBUG  ] dreamplace.ops.weighted_average_wirelength.weighted_average_wirelength - wirelength forward 0.143 ms
[DEBUG  ] dreamplace.ops.electric_potential.electric_potential - density forward 5.088 ms
[DEBUG  ] dreamplace.ops.electric_potential.electric_potential - density backward 8.721 ms
[DEBUG  ] dreamplace.ops.weighted_average_wirelength.weighted_average_wirelength - wirelength backward 0.111 ms
[DEBUG  ] dreamplace.ops.weighted_average_wirelength.weighted_average_wirelength - wirelength forward 0.132 ms
[DEBUG  ] dreamplace.ops.electric_potential.electric_potential - density forward 5.134 ms
[DEBUG  ] dreamplace.ops.electric_potential.electric_potential - density backward 8.698 ms
[DEBUG  ] dreamplace.ops.weighted_average_wirelength.weighted_average_wirelength - wirelength backward 0.124 ms
[INFO   ] DREAMPlace - optimizer step 43.529 ms
[INFO   ] DREAMPlace - iteration  263, (  21,  2,  1), Obj 3.883079E+04, NetCrossing 6.523E+01, NetCrossingWeight 1.000000E+01, DensityWeight 1.798442E-03, HPWL 1.283406E+03, Overflow 4.480765E-02, MaxDensity 1.506E+00, MacroOverlap 1.265E-02, MacroOverlapWeight 8.000000E-06, gamma 1.443268E-02, time 6.819ms
[INFO   ] DREAMPlace - full step 51.387 ms
[INFO   ] DREAMPlace - Lsub stopping criteria: 1 and 38830.8 > 38630.8 * 0.999
[INFO   ] DREAMPlace - Llambda stopping criteria: 2 and (( 0.0448077 < 0.1 and 1283.41 > 1283.33 ) or 1.50583 < 1.0)
[DEBUG  ] dreamplace.ops.weighted_average_wirelength.weighted_average_wirelength - wirelength forward 0.150 ms
[DEBUG  ] dreamplace.ops.electric_potential.electric_potential - density forward 5.126 ms
[DEBUG  ] dreamplace.ops.electric_potential.electric_potential - density backward 10.209 ms
[DEBUG  ] dreamplace.ops.weighted_average_wirelength.weighted_average_wirelength - wirelength backward 0.118 ms
[INFO   ] DREAMPlace - optimizer step 24.479 ms
[INFO   ] DREAMPlace - iteration  264, (  22,  0,  0), Obj 4.088812E+04, NetCrossing 6.308E+01, NetCrossingWeight 1.000000E+01, DensityWeight 1.936675E-03, HPWL 1.265722E+03, Overflow 4.447399E-02, MaxDensity 1.506E+00, MacroOverlap 1.419E-02, MacroOverlapWeight 8.000000E-06, gamma 1.450939E-02, time 6.928ms
[INFO   ] DREAMPlace - full step 32.431 ms
[DEBUG  ] dreamplace.ops.weighted_average_wirelength.weighted_average_wirelength - wirelength forward 0.140 ms
[DEBUG  ] dreamplace.ops.electric_potential.electric_potential - density forward 5.100 ms
[DEBUG  ] dreamplace.ops.electric_potential.electric_potential - density backward 8.402 ms
[DEBUG  ] dreamplace.ops.weighted_average_wirelength.weighted_average_wirelength - wirelength backward 0.097 ms
[DEBUG  ] dreamplace.ops.weighted_average_wirelength.weighted_average_wirelength - wirelength forward 0.137 ms
[DEBUG  ] dreamplace.ops.electric_potential.electric_potential - density forward 5.286 ms
[DEBUG  ] dreamplace.ops.electric_potential.electric_potential - density backward 8.349 ms
[DEBUG  ] dreamplace.ops.weighted_average_wirelength.weighted_average_wirelength - wirelength backward 0.118 ms
[INFO   ] DREAMPlace - optimizer step 44.043 ms
[INFO   ] DREAMPlace - iteration  265, (  22,  0,  1), Obj 4.049739E+04, NetCrossing 6.333E+01, NetCrossingWeight 1.000000E+01, DensityWeight 1.936675E-03, HPWL 1.272369E+03, Overflow 4.335781E-02, MaxDensity 1.506E+00, MacroOverlap 1.085E-02, MacroOverlapWeight 8.000000E-06, gamma 1.450939E-02, time 6.827ms
[INFO   ] DREAMPlace - full step 51.795 ms
[DEBUG  ] dreamplace.ops.weighted_average_wirelength.weighted_average_wirelength - wirelength forward 0.121 ms
[DEBUG  ] dreamplace.ops.electric_potential.electric_potential - density forward 4.978 ms
[DEBUG  ] dreamplace.ops.electric_potential.electric_potential - density backward 9.140 ms
[DEBUG  ] dreamplace.ops.weighted_average_wirelength.weighted_average_wirelength - wirelength backward 0.113 ms
[DEBUG  ] dreamplace.ops.weighted_average_wirelength.weighted_average_wirelength - wirelength forward 0.175 ms
[DEBUG  ] dreamplace.ops.electric_potential.electric_potential - density forward 5.332 ms
[DEBUG  ] dreamplace.ops.electric_potential.electric_potential - density backward 9.104 ms
[DEBUG  ] dreamplace.ops.weighted_average_wirelength.weighted_average_wirelength - wirelength backward 0.114 ms
[INFO   ] DREAMPlace - optimizer step 45.286 ms
[INFO   ] DREAMPlace - iteration  266, (  22,  1,  0), Obj 4.047744E+04, NetCrossing 6.365E+01, NetCrossingWeight 1.000000E+01, DensityWeight 2.057978E-03, HPWL 1.292214E+03, Overflow 4.248023E-02, MaxDensity 1.506E+00, MacroOverlap 1.273E-02, MacroOverlapWeight 8.000000E-06, gamma 1.450939E-02, time 6.300ms
[INFO   ] DREAMPlace - full step 52.532 ms
[DEBUG  ] dreamplace.ops.weighted_average_wirelength.weighted_average_wirelength - wirelength forward 0.147 ms
[DEBUG  ] dreamplace.ops.electric_potential.electric_potential - density forward 5.133 ms
[DEBUG  ] dreamplace.ops.electric_potential.electric_potential - density backward 9.615 ms
[DEBUG  ] dreamplace.ops.weighted_average_wirelength.weighted_average_wirelength - wirelength backward 0.135 ms
[INFO   ] DREAMPlace - optimizer step 23.055 ms
[INFO   ] DREAMPlace - iteration  267, (  22,  1,  1), Obj 4.253019E+04, NetCrossing 6.476E+01, NetCrossingWeight 1.000000E+01, DensityWeight 2.057978E-03, HPWL 1.273363E+03, Overflow 4.307877E-02, MaxDensity 1.506E+00, MacroOverlap 1.286E-02, MacroOverlapWeight 8.000000E-06, gamma 1.450939E-02, time 7.621ms
[INFO   ] DREAMPlace - full step 31.560 ms
[INFO   ] DREAMPlace - Lsub stopping criteria: 1 and 42530.2 > 40477.4 * 0.999
[INFO   ] DREAMPlace - Llambda stopping criteria: 1 and (( 0.0430788 < 0.1 and 1273.36 > 1272.37 ) or 1.50583 < 1.0)
[DEBUG  ] dreamplace.ops.weighted_average_wirelength.weighted_average_wirelength - wirelength forward 0.195 ms
[DEBUG  ] dreamplace.ops.electric_potential.electric_potential - density forward 5.035 ms
[DEBUG  ] dreamplace.ops.electric_potential.electric_potential - density backward 9.604 ms
[DEBUG  ] dreamplace.ops.weighted_average_wirelength.weighted_average_wirelength - wirelength backward 0.124 ms
[INFO   ] DREAMPlace - optimizer step 23.142 ms
[INFO   ] DREAMPlace - iteration  268, (  23,  0,  0), Obj 4.250494E+04, NetCrossing 6.272E+01, NetCrossingWeight 1.000000E+01, DensityWeight 2.216160E-03, HPWL 1.300524E+03, Overflow 4.202009E-02, MaxDensity 1.506E+00, MacroOverlap 1.312E-02, MacroOverlapWeight 8.000000E-06, gamma 1.438160E-02, time 6.634ms
[INFO   ] DREAMPlace - full step 30.693 ms
[DEBUG  ] dreamplace.ops.weighted_average_wirelength.weighted_average_wirelength - wirelength forward 0.157 ms
[DEBUG  ] dreamplace.ops.electric_potential.electric_potential - density forward 5.138 ms
[DEBUG  ] dreamplace.ops.electric_potential.electric_potential - density backward 9.314 ms
[DEBUG  ] dreamplace.ops.weighted_average_wirelength.weighted_average_wirelength - wirelength backward 0.123 ms
[DEBUG  ] dreamplace.ops.weighted_average_wirelength.weighted_average_wirelength - wirelength forward 0.108 ms
[DEBUG  ] dreamplace.ops.electric_potential.electric_potential - density forward 5.702 ms
[DEBUG  ] dreamplace.ops.electric_potential.electric_potential - density backward 10.283 ms
[DEBUG  ] dreamplace.ops.weighted_average_wirelength.weighted_average_wirelength - wirelength backward 0.121 ms
[INFO   ] DREAMPlace - optimizer step 47.543 ms
[INFO   ] DREAMPlace - iteration  269, (  23,  0,  1), Obj 4.598355E+04, NetCrossing 6.428E+01, NetCrossingWeight 1.000000E+01, DensityWeight 2.216160E-03, HPWL 1.264844E+03, Overflow 4.218230E-02, MaxDensity 1.506E+00, MacroOverlap 1.409E-02, MacroOverlapWeight 8.000000E-06, gamma 1.438160E-02, time 7.091ms
[INFO   ] DREAMPlace - full step 55.452 ms
[INFO   ] DREAMPlace - Lsub stopping criteria: 1 and 45983.6 > 42504.9 * 0.999
[DEBUG  ] dreamplace.ops.weighted_average_wirelength.weighted_average_wirelength - wirelength forward 0.113 ms
[DEBUG  ] dreamplace.ops.electric_potential.electric_potential - density forward 5.039 ms
[DEBUG  ] dreamplace.ops.electric_potential.electric_potential - density backward 10.837 ms
[DEBUG  ] dreamplace.ops.weighted_average_wirelength.weighted_average_wirelength - wirelength backward 0.120 ms
[INFO   ] DREAMPlace - optimizer step 24.171 ms
[INFO   ] DREAMPlace - iteration  270, (  23,  1,  0), Obj 4.577304E+04, NetCrossing 6.255E+01, NetCrossingWeight 1.000000E+01, DensityWeight 2.354497E-03, HPWL 1.263931E+03, Overflow 4.159302E-02, MaxDensity 1.506E+00, MacroOverlap 1.290E-02, MacroOverlapWeight 8.000000E-06, gamma 1.438160E-02, time 6.331ms
[INFO   ] DREAMPlace - full step 31.359 ms
[DEBUG  ] dreamplace.ops.weighted_average_wirelength.weighted_average_wirelength - wirelength forward 0.167 ms
[DEBUG  ] dreamplace.ops.electric_potential.electric_potential - density forward 5.185 ms
[DEBUG  ] dreamplace.ops.electric_potential.electric_potential - density backward 11.104 ms
[DEBUG  ] dreamplace.ops.weighted_average_wirelength.weighted_average_wirelength - wirelength backward 0.121 ms
[INFO   ] DREAMPlace - optimizer step 25.041 ms
[INFO   ] DREAMPlace - iteration  271, (  23,  1,  1), Obj 4.515942E+04, NetCrossing 6.401E+01, NetCrossingWeight 1.000000E+01, DensityWeight 2.354497E-03, HPWL 1.286000E+03, Overflow 4.051495E-02, MaxDensity 1.506E+00, MacroOverlap 1.192E-02, MacroOverlapWeight 8.000000E-06, gamma 1.438160E-02, time 7.178ms
[INFO   ] DREAMPlace - full step 33.114 ms
[INFO   ] DREAMPlace - Llambda stopping criteria: 1 and (( 0.0405149 < 0.1 and 1286 > 1264.84 ) or 1.50583 < 1.0)
[DEBUG  ] dreamplace.ops.weighted_average_wirelength.weighted_average_wirelength - wirelength forward 0.148 ms
[DEBUG  ] dreamplace.ops.electric_potential.electric_potential - density forward 5.230 ms
[DEBUG  ] dreamplace.ops.electric_potential.electric_potential - density backward 10.782 ms
[DEBUG  ] dreamplace.ops.weighted_average_wirelength.weighted_average_wirelength - wirelength backward 0.119 ms
[DEBUG  ] dreamplace.ops.weighted_average_wirelength.weighted_average_wirelength - wirelength forward 0.127 ms
[DEBUG  ] dreamplace.ops.electric_potential.electric_potential - density forward 5.723 ms
[DEBUG  ] dreamplace.ops.electric_potential.electric_potential - density backward 10.744 ms
[DEBUG  ] dreamplace.ops.weighted_average_wirelength.weighted_average_wirelength - wirelength backward 0.094 ms
[INFO   ] DREAMPlace - optimizer step 50.148 ms
[INFO   ] DREAMPlace - iteration  272, (  24,  0,  0), Obj 4.356431E+04, NetCrossing 6.172E+01, NetCrossingWeight 1.000000E+01, DensityWeight 2.535457E-03, HPWL 1.288104E+03, Overflow 4.081151E-02, MaxDensity 1.506E+00, MacroOverlap 1.137E-02, MacroOverlapWeight 8.000000E-06, gamma 1.419416E-02, time 7.561ms
[INFO   ] DREAMPlace - full step 58.516 ms
[DEBUG  ] dreamplace.ops.weighted_average_wirelength.weighted_average_wirelength - wirelength forward 0.110 ms
[DEBUG  ] dreamplace.ops.electric_potential.electric_potential - density forward 5.397 ms
[DEBUG  ] dreamplace.ops.electric_potential.electric_potential - density backward 10.816 ms
[DEBUG  ] dreamplace.ops.weighted_average_wirelength.weighted_average_wirelength - wirelength backward 0.094 ms
[INFO   ] DREAMPlace - optimizer step 24.466 ms
[INFO   ] DREAMPlace - iteration  273, (  24,  0,  1), Obj 4.691646E+04, NetCrossing 6.363E+01, NetCrossingWeight 1.000000E+01, DensityWeight 2.535457E-03, HPWL 1.279582E+03, Overflow 3.988213E-02, MaxDensity 1.506E+00, MacroOverlap 1.097E-02, MacroOverlapWeight 8.000000E-06, gamma 1.419416E-02, time 6.280ms
[INFO   ] DREAMPlace - full step 31.579 ms
[INFO   ] DREAMPlace - Lsub stopping criteria: 1 and 46916.5 > 43564.3 * 0.999
[DEBUG  ] dreamplace.ops.weighted_average_wirelength.weighted_average_wirelength - wirelength forward 0.166 ms
[DEBUG  ] dreamplace.ops.electric_potential.electric_potential - density forward 5.311 ms
[DEBUG  ] dreamplace.ops.electric_potential.electric_potential - density backward 10.820 ms
[DEBUG  ] dreamplace.ops.weighted_average_wirelength.weighted_average_wirelength - wirelength backward 0.121 ms
[INFO   ] DREAMPlace - optimizer step 25.184 ms
[INFO   ] DREAMPlace - iteration  274, (  24,  1,  0), Obj 4.683544E+04, NetCrossing 6.419E+01, NetCrossingWeight 1.000000E+01, DensityWeight 2.693187E-03, HPWL 1.276753E+03, Overflow 3.961285E-02, MaxDensity 1.506E+00, MacroOverlap 1.160E-02, MacroOverlapWeight 8.000000E-06, gamma 1.419416E-02, time 7.020ms
[INFO   ] DREAMPlace - full step 33.034 ms
[DEBUG  ] dreamplace.ops.weighted_average_wirelength.weighted_average_wirelength - wirelength forward 0.153 ms
[DEBUG  ] dreamplace.ops.electric_potential.electric_potential - density forward 5.179 ms
[DEBUG  ] dreamplace.ops.electric_potential.electric_potential - density backward 9.499 ms
[DEBUG  ] dreamplace.ops.weighted_average_wirelength.weighted_average_wirelength - wirelength backward 0.125 ms
[INFO   ] DREAMPlace - optimizer step 23.634 ms
[INFO   ] DREAMPlace - iteration  275, (  24,  1,  1), Obj 4.701989E+04, NetCrossing 6.248E+01, NetCrossingWeight 1.000000E+01, DensityWeight 2.693187E-03, HPWL 1.296910E+03, Overflow 3.886470E-02, MaxDensity 1.506E+00, MacroOverlap 1.010E-02, MacroOverlapWeight 8.000000E-06, gamma 1.419416E-02, time 7.684ms
[INFO   ] DREAMPlace - full step 32.192 ms
[INFO   ] DREAMPlace - Lsub stopping criteria: 1 and 47019.9 > 46835.4 * 0.999
[INFO   ] DREAMPlace - Llambda stopping criteria: 1 and (( 0.0388647 < 0.1 and 1296.91 > 1279.58 ) or 1.50583 < 1.0)
[DEBUG  ] dreamplace.ops.weighted_average_wirelength.weighted_average_wirelength - wirelength forward 0.173 ms
[DEBUG  ] dreamplace.ops.electric_potential.electric_potential - density forward 5.327 ms
[DEBUG  ] dreamplace.ops.electric_potential.electric_potential - density backward 8.775 ms
[DEBUG  ] dreamplace.ops.weighted_average_wirelength.weighted_average_wirelength - wirelength backward 0.130 ms
[INFO   ] DREAMPlace - optimizer step 25.141 ms
[INFO   ] DREAMPlace - iteration  276, (  25,  0,  0), Obj 4.694491E+04, NetCrossing 6.526E+01, NetCrossingWeight 1.000000E+01, DensityWeight 2.900181E-03, HPWL 1.305334E+03, Overflow 3.812436E-02, MaxDensity 1.506E+00, MacroOverlap 9.809E-03, MacroOverlapWeight 8.000000E-06, gamma 1.407481E-02, time 7.092ms
[INFO   ] DREAMPlace - full step 33.335 ms
[DEBUG  ] dreamplace.ops.weighted_average_wirelength.weighted_average_wirelength - wirelength forward 0.150 ms
[DEBUG  ] dreamplace.ops.electric_potential.electric_potential - density forward 5.622 ms
[DEBUG  ] dreamplace.ops.electric_potential.electric_potential - density backward 9.532 ms
[DEBUG  ] dreamplace.ops.weighted_average_wirelength.weighted_average_wirelength - wirelength backward 0.130 ms
[INFO   ] DREAMPlace - optimizer step 24.653 ms
[INFO   ] DREAMPlace - iteration  277, (  25,  0,  1), Obj 5.183561E+04, NetCrossing 6.378E+01, NetCrossingWeight 1.000000E+01, DensityWeight 2.900181E-03, HPWL 1.286727E+03, Overflow 3.834238E-02, MaxDensity 1.506E+00, MacroOverlap 1.089E-02, MacroOverlapWeight 8.000000E-06, gamma 1.407481E-02, time 7.017ms
[INFO   ] DREAMPlace - full step 32.717 ms
[INFO   ] DREAMPlace - Lsub stopping criteria: 1 and 51835.6 > 46944.9 * 0.999
[DEBUG  ] dreamplace.ops.weighted_average_wirelength.weighted_average_wirelength - wirelength forward 0.148 ms
[DEBUG  ] dreamplace.ops.electric_potential.electric_potential - density forward 5.230 ms
[DEBUG  ] dreamplace.ops.electric_potential.electric_potential - density backward 8.849 ms
[DEBUG  ] dreamplace.ops.weighted_average_wirelength.weighted_average_wirelength - wirelength backward 0.122 ms
[INFO   ] DREAMPlace - optimizer step 23.042 ms
[INFO   ] DREAMPlace - iteration  278, (  25,  1,  0), Obj 5.023511E+04, NetCrossing 6.417E+01, NetCrossingWeight 1.000000E+01, DensityWeight 3.079984E-03, HPWL 1.296682E+03, Overflow 3.750173E-02, MaxDensity 1.506E+00, MacroOverlap 9.509E-03, MacroOverlapWeight 8.000000E-06, gamma 1.407481E-02, time 7.193ms
[INFO   ] DREAMPlace - full step 31.302 ms
[DEBUG  ] dreamplace.ops.weighted_average_wirelength.weighted_average_wirelength - wirelength forward 0.143 ms
[DEBUG  ] dreamplace.ops.electric_potential.electric_potential - density forward 5.138 ms
[DEBUG  ] dreamplace.ops.electric_potential.electric_potential - density backward 8.874 ms
[DEBUG  ] dreamplace.ops.weighted_average_wirelength.weighted_average_wirelength - wirelength backward 0.127 ms
[INFO   ] DREAMPlace - optimizer step 22.916 ms
[INFO   ] DREAMPlace - iteration  279, (  25,  1,  1), Obj 5.201471E+04, NetCrossing 6.395E+01, NetCrossingWeight 1.000000E+01, DensityWeight 3.079984E-03, HPWL 1.295255E+03, Overflow 3.689937E-02, MaxDensity 1.506E+00, MacroOverlap 9.230E-03, MacroOverlapWeight 8.000000E-06, gamma 1.407481E-02, time 6.902ms
[INFO   ] DREAMPlace - full step 30.901 ms
[INFO   ] DREAMPlace - Lsub stopping criteria: 1 and 52014.7 > 50235.1 * 0.999
[INFO   ] DREAMPlace - Llambda stopping criteria: 1 and (( 0.0368994 < 0.1 and 1295.25 > 1286.73 ) or 1.50583 < 1.0)
[DEBUG  ] dreamplace.ops.weighted_average_wirelength.weighted_average_wirelength - wirelength forward 0.155 ms
[DEBUG  ] dreamplace.ops.electric_potential.electric_potential - density forward 5.271 ms
[DEBUG  ] dreamplace.ops.electric_potential.electric_potential - density backward 10.338 ms
[DEBUG  ] dreamplace.ops.weighted_average_wirelength.weighted_average_wirelength - wirelength backward 0.131 ms
[DEBUG  ] dreamplace.ops.weighted_average_wirelength.weighted_average_wirelength - wirelength forward 0.131 ms
[DEBUG  ] dreamplace.ops.electric_potential.electric_potential - density forward 5.083 ms
[DEBUG  ] dreamplace.ops.electric_potential.electric_potential - density backward 10.331 ms
[DEBUG  ] dreamplace.ops.weighted_average_wirelength.weighted_average_wirelength - wirelength backward 0.129 ms
[INFO   ] DREAMPlace - optimizer step 48.178 ms
[INFO   ] DREAMPlace - iteration  280, (  26,  0,  0), Obj 5.223344E+04, NetCrossing 6.474E+01, NetCrossingWeight 1.000000E+01, DensityWeight 3.316714E-03, HPWL 1.304596E+03, Overflow 3.639181E-02, MaxDensity 1.506E+00, MacroOverlap 8.854E-03, MacroOverlapWeight 8.000000E-06, gamma 1.393398E-02, time 7.043ms
[INFO   ] DREAMPlace - full step 56.269 ms
[DEBUG  ] dreamplace.ops.weighted_average_wirelength.weighted_average_wirelength - wirelength forward 0.146 ms
[DEBUG  ] dreamplace.ops.electric_potential.electric_potential - density forward 5.112 ms
[DEBUG  ] dreamplace.ops.electric_potential.electric_potential - density backward 10.828 ms
[DEBUG  ] dreamplace.ops.weighted_average_wirelength.weighted_average_wirelength - wirelength backward 0.138 ms
[INFO   ] DREAMPlace - optimizer step 24.911 ms
[INFO   ] DREAMPlace - iteration  281, (  26,  0,  1), Obj 5.409954E+04, NetCrossing 6.185E+01, NetCrossingWeight 1.000000E+01, DensityWeight 3.316714E-03, HPWL 1.301699E+03, Overflow 3.582201E-02, MaxDensity 1.506E+00, MacroOverlap 8.729E-03, MacroOverlapWeight 8.000000E-06, gamma 1.393398E-02, time 7.250ms
[INFO   ] DREAMPlace - full step 33.115 ms
[INFO   ] DREAMPlace - Lsub stopping criteria: 1 and 54099.5 > 52233.4 * 0.999
[DEBUG  ] dreamplace.ops.weighted_average_wirelength.weighted_average_wirelength - wirelength forward 0.158 ms
[DEBUG  ] dreamplace.ops.electric_potential.electric_potential - density forward 5.375 ms
[DEBUG  ] dreamplace.ops.electric_potential.electric_potential - density backward 9.877 ms
[DEBUG  ] dreamplace.ops.weighted_average_wirelength.weighted_average_wirelength - wirelength backward 0.126 ms
[INFO   ] DREAMPlace - optimizer step 24.641 ms
[INFO   ] DREAMPlace - iteration  282, (  26,  1,  0), Obj 5.243788E+04, NetCrossing 6.207E+01, NetCrossingWeight 1.000000E+01, DensityWeight 3.571640E-03, HPWL 1.304978E+03, Overflow 3.546963E-02, MaxDensity 1.048E+00, MacroOverlap 8.332E-03, MacroOverlapWeight 8.000000E-06, gamma 1.393398E-02, time 6.979ms
[INFO   ] DREAMPlace - full step 32.548 ms
[DEBUG  ] dreamplace.ops.weighted_average_wirelength.weighted_average_wirelength - wirelength forward 0.158 ms
[DEBUG  ] dreamplace.ops.electric_potential.electric_potential - density forward 5.043 ms
[DEBUG  ] dreamplace.ops.electric_potential.electric_potential - density backward 9.810 ms
[DEBUG  ] dreamplace.ops.weighted_average_wirelength.weighted_average_wirelength - wirelength backward 0.127 ms
[DEBUG  ] dreamplace.ops.weighted_average_wirelength.weighted_average_wirelength - wirelength forward 0.155 ms
[DEBUG  ] dreamplace.ops.electric_potential.electric_potential - density forward 4.917 ms
[DEBUG  ] dreamplace.ops.electric_potential.electric_potential - density backward 9.948 ms
[DEBUG  ] dreamplace.ops.weighted_average_wirelength.weighted_average_wirelength - wirelength backward 0.165 ms
[INFO   ] DREAMPlace - optimizer step 47.710 ms
[INFO   ] DREAMPlace - iteration  283, (  26,  1,  1), Obj 5.541372E+04, NetCrossing 6.018E+01, NetCrossingWeight 1.000000E+01, DensityWeight 3.571640E-03, HPWL 1.312665E+03, Overflow 3.442738E-02, MaxDensity 1.111E+00, MacroOverlap 7.454E-03, MacroOverlapWeight 8.000000E-06, gamma 1.393398E-02, time 7.221ms
[INFO   ] DREAMPlace - full step 56.095 ms
[INFO   ] DREAMPlace - Lsub stopping criteria: 1 and 55413.7 > 52437.9 * 0.999
[INFO   ] DREAMPlace - Llambda stopping criteria: 1 and (( 0.0344274 < 0.1 and 1312.66 > 1301.7 ) or 1.1106 < 1.0)
[DEBUG  ] dreamplace.ops.weighted_average_wirelength.weighted_average_wirelength - wirelength forward 0.153 ms
[DEBUG  ] dreamplace.ops.electric_potential.electric_potential - density forward 5.057 ms
[DEBUG  ] dreamplace.ops.electric_potential.electric_potential - density backward 9.836 ms
[DEBUG  ] dreamplace.ops.weighted_average_wirelength.weighted_average_wirelength - wirelength backward 0.123 ms
[INFO   ] DREAMPlace - optimizer step 23.517 ms
[INFO   ] DREAMPlace - iteration  284, (  27,  0,  0), Obj 5.486854E+04, NetCrossing 6.206E+01, NetCrossingWeight 1.000000E+01, DensityWeight 3.846156E-03, HPWL 1.308611E+03, Overflow 3.456067E-02, MaxDensity 1.506E+00, MacroOverlap 7.691E-03, MacroOverlapWeight 8.000000E-06, gamma 1.375884E-02, time 7.166ms
[INFO   ] DREAMPlace - full step 31.799 ms
[DEBUG  ] dreamplace.ops.weighted_average_wirelength.weighted_average_wirelength - wirelength forward 0.148 ms
[DEBUG  ] dreamplace.ops.electric_potential.electric_potential - density forward 5.314 ms
[DEBUG  ] dreamplace.ops.electric_potential.electric_potential - density backward 9.297 ms
[DEBUG  ] dreamplace.ops.weighted_average_wirelength.weighted_average_wirelength - wirelength backward 0.136 ms
[INFO   ] DREAMPlace - optimizer step 23.031 ms
[INFO   ] DREAMPlace - iteration  285, (  27,  0,  1), Obj 5.769680E+04, NetCrossing 6.217E+01, NetCrossingWeight 1.000000E+01, DensityWeight 3.846156E-03, HPWL 1.313316E+03, Overflow 3.409333E-02, MaxDensity 1.004E+00, MacroOverlap 7.140E-03, MacroOverlapWeight 8.000000E-06, gamma 1.375884E-02, time 7.035ms
[INFO   ] DREAMPlace - full step 31.103 ms
[INFO   ] DREAMPlace - Lsub stopping criteria: 1 and 57696.8 > 54868.5 * 0.999
[DEBUG  ] dreamplace.ops.weighted_average_wirelength.weighted_average_wirelength - wirelength forward 0.146 ms
[DEBUG  ] dreamplace.ops.electric_potential.electric_potential - density forward 4.876 ms
[DEBUG  ] dreamplace.ops.electric_potential.electric_potential - density backward 10.835 ms
[DEBUG  ] dreamplace.ops.weighted_average_wirelength.weighted_average_wirelength - wirelength backward 0.136 ms
[DEBUG  ] dreamplace.ops.weighted_average_wirelength.weighted_average_wirelength - wirelength forward 0.144 ms
[DEBUG  ] dreamplace.ops.electric_potential.electric_potential - density forward 11.642 ms
[DEBUG  ] dreamplace.ops.electric_potential.electric_potential - density backward 10.921 ms
[DEBUG  ] dreamplace.ops.weighted_average_wirelength.weighted_average_wirelength - wirelength backward 0.134 ms
[INFO   ] DREAMPlace - optimizer step 58.512 ms
[INFO   ] DREAMPlace - iteration  286, (  27,  1,  0), Obj 5.757344E+04, NetCrossing 6.493E+01, NetCrossingWeight 1.000000E+01, DensityWeight 4.141781E-03, HPWL 1.308584E+03, Overflow 3.392189E-02, MaxDensity 1.458E+00, MacroOverlap 7.340E-03, MacroOverlapWeight 8.000000E-06, gamma 1.375884E-02, time 6.840ms
[INFO   ] DREAMPlace - full step 66.410 ms
[DEBUG  ] dreamplace.ops.weighted_average_wirelength.weighted_average_wirelength - wirelength forward 0.151 ms
[DEBUG  ] dreamplace.ops.electric_potential.electric_potential - density forward 5.350 ms
[DEBUG  ] dreamplace.ops.electric_potential.electric_potential - density backward 9.469 ms
[DEBUG  ] dreamplace.ops.weighted_average_wirelength.weighted_average_wirelength - wirelength backward 0.126 ms
[INFO   ] DREAMPlace - optimizer step 23.951 ms
[INFO   ] DREAMPlace - iteration  287, (  27,  1,  1), Obj 6.089866E+04, NetCrossing 6.447E+01, NetCrossingWeight 1.000000E+01, DensityWeight 4.141781E-03, HPWL 1.314254E+03, Overflow 3.367747E-02, MaxDensity 1.506E+00, MacroOverlap 7.361E-03, MacroOverlapWeight 8.000000E-06, gamma 1.375884E-02, time 7.118ms
[INFO   ] DREAMPlace - full step 32.127 ms
[INFO   ] DREAMPlace - Lsub stopping criteria: 1 and 60898.7 > 57573.4 * 0.999
[INFO   ] DREAMPlace - Llambda stopping criteria: 1 and (( 0.0336775 < 0.1 and 1314.25 > 1313.32 ) or 1.50583 < 1.0)
[DEBUG  ] dreamplace.ops.weighted_average_wirelength.weighted_average_wirelength - wirelength forward 0.113 ms
[DEBUG  ] dreamplace.ops.electric_potential.electric_potential - density forward 5.239 ms
[DEBUG  ] dreamplace.ops.electric_potential.electric_potential - density backward 10.353 ms
[DEBUG  ] dreamplace.ops.weighted_average_wirelength.weighted_average_wirelength - wirelength backward 0.129 ms
[DEBUG  ] dreamplace.ops.weighted_average_wirelength.weighted_average_wirelength - wirelength forward 0.170 ms
[DEBUG  ] dreamplace.ops.electric_potential.electric_potential - density forward 4.922 ms
[DEBUG  ] dreamplace.ops.electric_potential.electric_potential - density backward 10.345 ms
[DEBUG  ] dreamplace.ops.weighted_average_wirelength.weighted_average_wirelength - wirelength backward 0.143 ms
[INFO   ] DREAMPlace - optimizer step 47.059 ms
[INFO   ] DREAMPlace - iteration  288, (  28,  0,  0), Obj 6.153600E+04, NetCrossing 6.237E+01, NetCrossingWeight 1.000000E+01, DensityWeight 4.460129E-03, HPWL 1.315532E+03, Overflow 3.344144E-02, MaxDensity 1.310E+00, MacroOverlap 7.497E-03, MacroOverlapWeight 8.000000E-06, gamma 1.370614E-02, time 6.492ms
[INFO   ] DREAMPlace - full step 54.854 ms
[DEBUG  ] dreamplace.ops.weighted_average_wirelength.weighted_average_wirelength - wirelength forward 0.167 ms
[DEBUG  ] dreamplace.ops.electric_potential.electric_potential - density forward 4.792 ms
[DEBUG  ] dreamplace.ops.electric_potential.electric_potential - density backward 9.855 ms
[DEBUG  ] dreamplace.ops.weighted_average_wirelength.weighted_average_wirelength - wirelength backward 0.137 ms
[INFO   ] DREAMPlace - optimizer step 24.967 ms
[INFO   ] DREAMPlace - iteration  289, (  28,  0,  1), Obj 6.575312E+04, NetCrossing 6.316E+01, NetCrossingWeight 1.000000E+01, DensityWeight 4.460129E-03, HPWL 1.315394E+03, Overflow 3.306026E-02, MaxDensity 1.506E+00, MacroOverlap 7.352E-03, MacroOverlapWeight 8.000000E-06, gamma 1.370614E-02, time 7.631ms
[INFO   ] DREAMPlace - full step 33.927 ms
[INFO   ] DREAMPlace - Lsub stopping criteria: 1 and 65753.1 > 61536 * 0.999
[DEBUG  ] dreamplace.ops.weighted_average_wirelength.weighted_average_wirelength - wirelength forward 0.113 ms
[DEBUG  ] dreamplace.ops.electric_potential.electric_potential - density forward 4.780 ms
[DEBUG  ] dreamplace.ops.electric_potential.electric_potential - density backward 9.890 ms
[DEBUG  ] dreamplace.ops.weighted_average_wirelength.weighted_average_wirelength - wirelength backward 0.127 ms
[INFO   ] DREAMPlace - optimizer step 22.763 ms
[INFO   ] DREAMPlace - iteration  290, (  28,  1,  0), Obj 6.479514E+04, NetCrossing 6.274E+01, NetCrossingWeight 1.000000E+01, DensityWeight 4.802946E-03, HPWL 1.316917E+03, Overflow 3.239381E-02, MaxDensity 1.506E+00, MacroOverlap 7.166E-03, MacroOverlapWeight 8.000000E-06, gamma 1.370614E-02, time 6.896ms
[INFO   ] DREAMPlace - full step 30.799 ms
[DEBUG  ] dreamplace.ops.weighted_average_wirelength.weighted_average_wirelength - wirelength forward 0.161 ms
[DEBUG  ] dreamplace.ops.electric_potential.electric_potential - density forward 5.216 ms
[DEBUG  ] dreamplace.ops.electric_potential.electric_potential - density backward 9.598 ms
[DEBUG  ] dreamplace.ops.weighted_average_wirelength.weighted_average_wirelength - wirelength backward 0.152 ms
[INFO   ] DREAMPlace - optimizer step 23.285 ms
[INFO   ] DREAMPlace - iteration  291, (  28,  1,  1), Obj 7.015199E+04, NetCrossing 5.998E+01, NetCrossingWeight 1.000000E+01, DensityWeight 4.802946E-03, HPWL 1.320603E+03, Overflow 3.193270E-02, MaxDensity 1.004E+00, MacroOverlap 6.652E-03, MacroOverlapWeight 8.000000E-06, gamma 1.370614E-02, time 8.178ms
[INFO   ] DREAMPlace - full step 32.419 ms
[INFO   ] DREAMPlace - Lsub stopping criteria: 1 and 70152 > 64795.1 * 0.999
[INFO   ] DREAMPlace - Llambda stopping criteria: 1 and (( 0.0319327 < 0.1 and 1320.6 > 1315.39 ) or 1.00389 < 1.0)
[DEBUG  ] dreamplace.ops.weighted_average_wirelength.weighted_average_wirelength - wirelength forward 0.149 ms
[DEBUG  ] dreamplace.ops.electric_potential.electric_potential - density forward 5.314 ms
[DEBUG  ] dreamplace.ops.electric_potential.electric_potential - density backward 9.826 ms
[DEBUG  ] dreamplace.ops.weighted_average_wirelength.weighted_average_wirelength - wirelength backward 0.133 ms
[INFO   ] DREAMPlace - optimizer step 24.480 ms
[INFO   ] DREAMPlace - iteration  292, (  29,  0,  0), Obj 6.549230E+04, NetCrossing 6.038E+01, NetCrossingWeight 1.000000E+01, DensityWeight 5.172107E-03, HPWL 1.330522E+03, Overflow 3.096364E-02, MaxDensity 1.004E+00, MacroOverlap 5.687E-03, MacroOverlapWeight 8.000000E-06, gamma 1.358432E-02, time 6.606ms
[INFO   ] DREAMPlace - full step 32.022 ms
[DEBUG  ] dreamplace.ops.weighted_average_wirelength.weighted_average_wirelength - wirelength forward 0.155 ms
[DEBUG  ] dreamplace.ops.electric_potential.electric_potential - density forward 5.067 ms
[DEBUG  ] dreamplace.ops.electric_potential.electric_potential - density backward 11.194 ms
[DEBUG  ] dreamplace.ops.weighted_average_wirelength.weighted_average_wirelength - wirelength backward 0.143 ms
[INFO   ] DREAMPlace - optimizer step 25.254 ms
[INFO   ] DREAMPlace - iteration  293, (  29,  0,  1), Obj 6.855618E+04, NetCrossing 5.965E+01, NetCrossingWeight 1.000000E+01, DensityWeight 5.172107E-03, HPWL 1.335027E+03, Overflow 3.042891E-02, MaxDensity 1.004E+00, MacroOverlap 5.470E-03, MacroOverlapWeight 8.000000E-06, gamma 1.358432E-02, time 6.784ms
[INFO   ] DREAMPlace - full step 33.066 ms
[INFO   ] DREAMPlace - Lsub stopping criteria: 1 and 68556.2 > 65492.3 * 0.999
[DEBUG  ] dreamplace.ops.weighted_average_wirelength.weighted_average_wirelength - wirelength forward 0.117 ms
[DEBUG  ] dreamplace.ops.electric_potential.electric_potential - density forward 4.789 ms
[DEBUG  ] dreamplace.ops.electric_potential.electric_potential - density backward 9.786 ms
[DEBUG  ] dreamplace.ops.weighted_average_wirelength.weighted_average_wirelength - wirelength backward 0.131 ms
[DEBUG  ] dreamplace.ops.weighted_average_wirelength.weighted_average_wirelength - wirelength forward 0.156 ms
[DEBUG  ] dreamplace.ops.electric_potential.electric_potential - density forward 4.904 ms
[DEBUG  ] dreamplace.ops.electric_potential.electric_potential - density backward 9.871 ms
[DEBUG  ] dreamplace.ops.weighted_average_wirelength.weighted_average_wirelength - wirelength backward 0.132 ms
[INFO   ] DREAMPlace - optimizer step 46.386 ms
[INFO   ] DREAMPlace - iteration  294, (  29,  1,  0), Obj 6.939239E+04, NetCrossing 6.219E+01, NetCrossingWeight 1.000000E+01, DensityWeight 5.569630E-03, HPWL 1.339447E+03, Overflow 3.024374E-02, MaxDensity 1.144E+00, MacroOverlap 5.292E-03, MacroOverlapWeight 8.000000E-06, gamma 1.358432E-02, time 6.828ms
[INFO   ] DREAMPlace - full step 54.433 ms
[DEBUG  ] dreamplace.ops.weighted_average_wirelength.weighted_average_wirelength - wirelength forward 0.140 ms
[DEBUG  ] dreamplace.ops.electric_potential.electric_potential - density forward 4.951 ms
[DEBUG  ] dreamplace.ops.electric_potential.electric_potential - density backward 10.306 ms
[DEBUG  ] dreamplace.ops.weighted_average_wirelength.weighted_average_wirelength - wirelength backward 0.131 ms
[INFO   ] DREAMPlace - optimizer step 24.549 ms
[INFO   ] DREAMPlace - iteration  295, (  29,  1,  1), Obj 7.415688E+04, NetCrossing 6.277E+01, NetCrossingWeight 1.000000E+01, DensityWeight 5.569630E-03, HPWL 1.343325E+03, Overflow 3.012173E-02, MaxDensity 1.083E+00, MacroOverlap 5.150E-03, MacroOverlapWeight 8.000000E-06, gamma 1.358432E-02, time 7.380ms
[INFO   ] DREAMPlace - full step 33.306 ms
[INFO   ] DREAMPlace - Lsub stopping criteria: 1 and 74156.9 > 69392.4 * 0.999
[INFO   ] DREAMPlace - Llambda stopping criteria: 1 and (( 0.0301217 < 0.1 and 1343.33 > 1335.03 ) or 1.08334 < 1.0)
[DEBUG  ] dreamplace.ops.weighted_average_wirelength.weighted_average_wirelength - wirelength forward 0.144 ms
[DEBUG  ] dreamplace.ops.electric_potential.electric_potential - density forward 4.742 ms
[DEBUG  ] dreamplace.ops.electric_potential.electric_potential - density backward 9.861 ms
[DEBUG  ] dreamplace.ops.weighted_average_wirelength.weighted_average_wirelength - wirelength backward 0.128 ms
[INFO   ] DREAMPlace - optimizer step 22.825 ms
[INFO   ] DREAMPlace - iteration  296, (  30,  0,  0), Obj 7.160581E+04, NetCrossing 6.175E+01, NetCrossingWeight 1.000000E+01, DensityWeight 5.997716E-03, HPWL 1.345386E+03, Overflow 2.975252E-02, MaxDensity 1.077E+00, MacroOverlap 5.314E-03, MacroOverlapWeight 8.000000E-06, gamma 1.345902E-02, time 7.142ms
[INFO   ] DREAMPlace - full step 30.984 ms
[DEBUG  ] dreamplace.ops.weighted_average_wirelength.weighted_average_wirelength - wirelength forward 0.199 ms
[DEBUG  ] dreamplace.ops.electric_potential.electric_potential - density forward 5.389 ms
[DEBUG  ] dreamplace.ops.electric_potential.electric_potential - density backward 10.950 ms
[DEBUG  ] dreamplace.ops.weighted_average_wirelength.weighted_average_wirelength - wirelength backward 0.132 ms
[DEBUG  ] dreamplace.ops.weighted_average_wirelength.weighted_average_wirelength - wirelength forward 0.174 ms
[DEBUG  ] dreamplace.ops.electric_potential.electric_potential - density forward 5.815 ms
[DEBUG  ] dreamplace.ops.electric_potential.electric_potential - density backward 10.947 ms
[DEBUG  ] dreamplace.ops.weighted_average_wirelength.weighted_average_wirelength - wirelength backward 0.136 ms
[INFO   ] DREAMPlace - optimizer step 51.633 ms
[INFO   ] DREAMPlace - iteration  297, (  30,  0,  1), Obj 7.719330E+04, NetCrossing 6.043E+01, NetCrossingWeight 1.000000E+01, DensityWeight 5.997716E-03, HPWL 1.345206E+03, Overflow 2.940923E-02, MaxDensity 1.077E+00, MacroOverlap 5.274E-03, MacroOverlapWeight 8.000000E-06, gamma 1.345902E-02, time 6.677ms
[INFO   ] DREAMPlace - full step 59.252 ms
[INFO   ] DREAMPlace - Lsub stopping criteria: 1 and 77193.3 > 71605.8 * 0.999
[DEBUG  ] dreamplace.ops.weighted_average_wirelength.weighted_average_wirelength - wirelength forward 0.196 ms
[DEBUG  ] dreamplace.ops.electric_potential.electric_potential - density forward 5.212 ms
[DEBUG  ] dreamplace.ops.electric_potential.electric_potential - density backward 9.693 ms
[DEBUG  ] dreamplace.ops.weighted_average_wirelength.weighted_average_wirelength - wirelength backward 0.131 ms
[INFO   ] DREAMPlace - optimizer step 24.197 ms
[INFO   ] DREAMPlace - iteration  298, (  30,  1,  0), Obj 7.636645E+04, NetCrossing 6.260E+01, NetCrossingWeight 1.000000E+01, DensityWeight 6.458714E-03, HPWL 1.349204E+03, Overflow 2.907233E-02, MaxDensity 1.004E+00, MacroOverlap 5.205E-03, MacroOverlapWeight 8.000000E-06, gamma 1.345902E-02, time 6.708ms
[INFO   ] DREAMPlace - full step 31.859 ms
[DEBUG  ] dreamplace.ops.weighted_average_wirelength.weighted_average_wirelength - wirelength forward 0.123 ms
[DEBUG  ] dreamplace.ops.electric_potential.electric_potential - density forward 4.714 ms
[DEBUG  ] dreamplace.ops.electric_potential.electric_potential - density backward 10.893 ms
[DEBUG  ] dreamplace.ops.weighted_average_wirelength.weighted_average_wirelength - wirelength backward 0.133 ms
[INFO   ] DREAMPlace - optimizer step 24.010 ms
[INFO   ] DREAMPlace - iteration  299, (  30,  1,  1), Obj 8.035401E+04, NetCrossing 6.300E+01, NetCrossingWeight 1.000000E+01, DensityWeight 6.458714E-03, HPWL 1.351053E+03, Overflow 2.855208E-02, MaxDensity 1.004E+00, MacroOverlap 4.945E-03, MacroOverlapWeight 8.000000E-06, gamma 1.345902E-02, time 6.617ms
[INFO   ] DREAMPlace - full step 31.622 ms
[INFO   ] DREAMPlace - Lsub stopping criteria: 1 and 80354 > 76366.4 * 0.999
[INFO   ] DREAMPlace - Llambda stopping criteria: 1 and (( 0.0285521 < 0.1 and 1351.05 > 1345.21 ) or 1.00389 < 1.0)
[INFO   ] DREAMPlace - plotting to ./results/tuner-small/small-3/PB310_A00/run-63_0_0/PB310_A00/plot/iter0300.png takes 0.042 seconds
[DEBUG  ] dreamplace.ops.weighted_average_wirelength.weighted_average_wirelength - wirelength forward 0.123 ms
[DEBUG  ] dreamplace.ops.electric_potential.electric_potential - density forward 4.747 ms
[DEBUG  ] dreamplace.ops.electric_potential.electric_potential - density backward 11.281 ms
[DEBUG  ] dreamplace.ops.weighted_average_wirelength.weighted_average_wirelength - wirelength backward 0.133 ms
[INFO   ] DREAMPlace - optimizer step 24.258 ms
[INFO   ] DREAMPlace - iteration  300, (  31,  0,  0), Obj 7.926995E+04, NetCrossing 6.147E+01, NetCrossingWeight 1.000000E+01, DensityWeight 6.955139E-03, HPWL 1.357149E+03, Overflow 2.817131E-02, MaxDensity 1.244E+00, MacroOverlap 4.707E-03, MacroOverlapWeight 8.000000E-06, gamma 1.335136E-02, time 6.765ms
[INFO   ] DREAMPlace - full step 74.388 ms
[DEBUG  ] dreamplace.ops.weighted_average_wirelength.weighted_average_wirelength - wirelength forward 0.181 ms
[DEBUG  ] dreamplace.ops.electric_potential.electric_potential - density forward 5.398 ms
[DEBUG  ] dreamplace.ops.electric_potential.electric_potential - density backward 11.282 ms
[DEBUG  ] dreamplace.ops.weighted_average_wirelength.weighted_average_wirelength - wirelength backward 0.134 ms
[DEBUG  ] dreamplace.ops.weighted_average_wirelength.weighted_average_wirelength - wirelength forward 0.191 ms
[DEBUG  ] dreamplace.ops.electric_potential.electric_potential - density forward 5.589 ms
[DEBUG  ] dreamplace.ops.electric_potential.electric_potential - density backward 11.168 ms
[DEBUG  ] dreamplace.ops.weighted_average_wirelength.weighted_average_wirelength - wirelength backward 0.135 ms
[INFO   ] DREAMPlace - optimizer step 53.242 ms
[INFO   ] DREAMPlace - iteration  301, (  31,  0,  1), Obj 8.524242E+04, NetCrossing 6.182E+01, NetCrossingWeight 1.000000E+01, DensityWeight 6.955139E-03, HPWL 1.361235E+03, Overflow 2.786937E-02, MaxDensity 1.004E+00, MacroOverlap 4.715E-03, MacroOverlapWeight 8.000000E-06, gamma 1.335136E-02, time 6.814ms
[INFO   ] DREAMPlace - full step 61.139 ms
[INFO   ] DREAMPlace - Lsub stopping criteria: 1 and 85242.4 > 79270 * 0.999
[DEBUG  ] dreamplace.ops.weighted_average_wirelength.weighted_average_wirelength - wirelength forward 0.169 ms
[DEBUG  ] dreamplace.ops.electric_potential.electric_potential - density forward 4.900 ms
[DEBUG  ] dreamplace.ops.electric_potential.electric_potential - density backward 9.761 ms
[DEBUG  ] dreamplace.ops.weighted_average_wirelength.weighted_average_wirelength - wirelength backward 0.133 ms
[INFO   ] DREAMPlace - optimizer step 23.597 ms
[INFO   ] DREAMPlace - iteration  302, (  31,  1,  0), Obj 8.386555E+04, NetCrossing 6.328E+01, NetCrossingWeight 1.000000E+01, DensityWeight 7.489712E-03, HPWL 1.363650E+03, Overflow 2.771657E-02, MaxDensity 1.270E+00, MacroOverlap 4.724E-03, MacroOverlapWeight 8.000000E-06, gamma 1.335136E-02, time 7.464ms
[INFO   ] DREAMPlace - full step 32.248 ms
[DEBUG  ] dreamplace.ops.weighted_average_wirelength.weighted_average_wirelength - wirelength forward 0.118 ms
[DEBUG  ] dreamplace.ops.electric_potential.electric_potential - density forward 4.691 ms
[DEBUG  ] dreamplace.ops.electric_potential.electric_potential - density backward 9.647 ms
[DEBUG  ] dreamplace.ops.weighted_average_wirelength.weighted_average_wirelength - wirelength backward 0.136 ms
[INFO   ] DREAMPlace - optimizer step 23.666 ms
[INFO   ] DREAMPlace - iteration  303, (  31,  1,  1), Obj 8.706778E+04, NetCrossing 6.392E+01, NetCrossingWeight 1.000000E+01, DensityWeight 7.489712E-03, HPWL 1.368065E+03, Overflow 2.734197E-02, MaxDensity 1.055E+00, MacroOverlap 4.492E-03, MacroOverlapWeight 8.000000E-06, gamma 1.335136E-02, time 6.748ms
[INFO   ] DREAMPlace - full step 31.373 ms
[INFO   ] DREAMPlace - Lsub stopping criteria: 1 and 87067.8 > 83865.5 * 0.999
[INFO   ] DREAMPlace - Llambda stopping criteria: 1 and (( 0.027342 < 0.1 and 1368.06 > 1361.24 ) or 1.05475 < 1.0)
[DEBUG  ] dreamplace.ops.weighted_average_wirelength.weighted_average_wirelength - wirelength forward 0.167 ms
[DEBUG  ] dreamplace.ops.electric_potential.electric_potential - density forward 5.199 ms
[DEBUG  ] dreamplace.ops.electric_potential.electric_potential - density backward 10.887 ms
[DEBUG  ] dreamplace.ops.weighted_average_wirelength.weighted_average_wirelength - wirelength backward 0.134 ms
[INFO   ] DREAMPlace - optimizer step 25.168 ms
[INFO   ] DREAMPlace - iteration  304, (  32,  0,  0), Obj 8.717309E+04, NetCrossing 6.323E+01, NetCrossingWeight 1.000000E+01, DensityWeight 8.065377E-03, HPWL 1.369011E+03, Overflow 2.730047E-02, MaxDensity 1.173E+00, MacroOverlap 4.476E-03, MacroOverlapWeight 8.000000E-06, gamma 1.326895E-02, time 6.794ms
[INFO   ] DREAMPlace - full step 33.043 ms
[DEBUG  ] dreamplace.ops.weighted_average_wirelength.weighted_average_wirelength - wirelength forward 0.129 ms
[DEBUG  ] dreamplace.ops.electric_potential.electric_potential - density forward 4.961 ms
[DEBUG  ] dreamplace.ops.electric_potential.electric_potential - density backward 10.278 ms
[DEBUG  ] dreamplace.ops.weighted_average_wirelength.weighted_average_wirelength - wirelength backward 0.098 ms
[DEBUG  ] dreamplace.ops.weighted_average_wirelength.weighted_average_wirelength - wirelength forward 0.135 ms
[DEBUG  ] dreamplace.ops.electric_potential.electric_potential - density forward 5.219 ms
[DEBUG  ] dreamplace.ops.electric_potential.electric_potential - density backward 10.206 ms
[DEBUG  ] dreamplace.ops.weighted_average_wirelength.weighted_average_wirelength - wirelength backward 0.100 ms
[INFO   ] DREAMPlace - optimizer step 47.715 ms
[INFO   ] DREAMPlace - iteration  305, (  32,  0,  1), Obj 9.264438E+04, NetCrossing 6.347E+01, NetCrossingWeight 1.000000E+01, DensityWeight 8.065377E-03, HPWL 1.370917E+03, Overflow 2.717722E-02, MaxDensity 1.028E+00, MacroOverlap 4.512E-03, MacroOverlapWeight 8.000000E-06, gamma 1.326895E-02, time 7.564ms
[INFO   ] DREAMPlace - full step 56.226 ms
[INFO   ] DREAMPlace - Lsub stopping criteria: 1 and 92644.4 > 87173.1 * 0.999
[DEBUG  ] dreamplace.ops.weighted_average_wirelength.weighted_average_wirelength - wirelength forward 0.119 ms
[DEBUG  ] dreamplace.ops.electric_potential.electric_potential - density forward 4.920 ms
[DEBUG  ] dreamplace.ops.electric_potential.electric_potential - density backward 9.367 ms
[DEBUG  ] dreamplace.ops.weighted_average_wirelength.weighted_average_wirelength - wirelength backward 0.099 ms
[INFO   ] DREAMPlace - optimizer step 22.302 ms
[INFO   ] DREAMPlace - iteration  306, (  32,  1,  0), Obj 9.174695E+04, NetCrossing 6.267E+01, NetCrossingWeight 1.000000E+01, DensityWeight 8.685299E-03, HPWL 1.376310E+03, Overflow 2.690772E-02, MaxDensity 1.004E+00, MacroOverlap 4.366E-03, MacroOverlapWeight 8.000000E-06, gamma 1.326895E-02, time 6.366ms
[INFO   ] DREAMPlace - full step 29.683 ms
[DEBUG  ] dreamplace.ops.weighted_average_wirelength.weighted_average_wirelength - wirelength forward 0.157 ms
[DEBUG  ] dreamplace.ops.electric_potential.electric_potential - density forward 5.158 ms
[DEBUG  ] dreamplace.ops.electric_potential.electric_potential - density backward 10.347 ms
[DEBUG  ] dreamplace.ops.weighted_average_wirelength.weighted_average_wirelength - wirelength backward 0.144 ms
[INFO   ] DREAMPlace - optimizer step 25.321 ms
[INFO   ] DREAMPlace - iteration  307, (  32,  1,  1), Obj 9.681770E+04, NetCrossing 6.373E+01, NetCrossingWeight 1.000000E+01, DensityWeight 8.685299E-03, HPWL 1.382807E+03, Overflow 2.681094E-02, MaxDensity 1.004E+00, MacroOverlap 4.396E-03, MacroOverlapWeight 8.000000E-06, gamma 1.326895E-02, time 7.097ms
[INFO   ] DREAMPlace - full step 33.511 ms
[INFO   ] DREAMPlace - Lsub stopping criteria: 1 and 96817.7 > 91747 * 0.999
[INFO   ] DREAMPlace - Llambda stopping criteria: 1 and (( 0.0268109 < 0.1 and 1382.81 > 1370.92 ) or 1.00389 < 1.0)
[DEBUG  ] dreamplace.ops.weighted_average_wirelength.weighted_average_wirelength - wirelength forward 0.157 ms
[DEBUG  ] dreamplace.ops.electric_potential.electric_potential - density forward 5.129 ms
[DEBUG  ] dreamplace.ops.electric_potential.electric_potential - density backward 10.935 ms
[DEBUG  ] dreamplace.ops.weighted_average_wirelength.weighted_average_wirelength - wirelength backward 0.100 ms
[INFO   ] DREAMPlace - optimizer step 24.771 ms
[INFO   ] DREAMPlace - iteration  308, (  33,  0,  0), Obj 9.415607E+04, NetCrossing 6.440E+01, NetCrossingWeight 1.000000E+01, DensityWeight 9.352849E-03, HPWL 1.388357E+03, Overflow 2.666787E-02, MaxDensity 1.481E+00, MacroOverlap 4.226E-03, MacroOverlapWeight 8.000000E-06, gamma 1.323294E-02, time 7.076ms
[INFO   ] DREAMPlace - full step 32.928 ms
[DEBUG  ] dreamplace.ops.weighted_average_wirelength.weighted_average_wirelength - wirelength forward 0.158 ms
[DEBUG  ] dreamplace.ops.electric_potential.electric_potential - density forward 5.430 ms
[DEBUG  ] dreamplace.ops.electric_potential.electric_potential - density backward 9.301 ms
[DEBUG  ] dreamplace.ops.weighted_average_wirelength.weighted_average_wirelength - wirelength backward 0.096 ms
[INFO   ] DREAMPlace - optimizer step 24.017 ms
[INFO   ] DREAMPlace - iteration  309, (  33,  0,  1), Obj 1.001380E+05, NetCrossing 6.472E+01, NetCrossingWeight 1.000000E+01, DensityWeight 9.352849E-03, HPWL 1.390800E+03, Overflow 2.665088E-02, MaxDensity 1.426E+00, MacroOverlap 4.191E-03, MacroOverlapWeight 8.000000E-06, gamma 1.323294E-02, time 7.183ms
[INFO   ] DREAMPlace - full step 32.295 ms
[INFO   ] DREAMPlace - Lsub stopping criteria: 1 and 100138 > 94156.1 * 0.999
[DEBUG  ] dreamplace.ops.weighted_average_wirelength.weighted_average_wirelength - wirelength forward 0.154 ms
[DEBUG  ] dreamplace.ops.electric_potential.electric_potential - density forward 5.146 ms
[DEBUG  ] dreamplace.ops.electric_potential.electric_potential - density backward 9.414 ms
[DEBUG  ] dreamplace.ops.weighted_average_wirelength.weighted_average_wirelength - wirelength backward 0.103 ms
[INFO   ] DREAMPlace - optimizer step 24.115 ms
[INFO   ] DREAMPlace - iteration  310, (  33,  1,  0), Obj 9.887242E+04, NetCrossing 6.465E+01, NetCrossingWeight 1.000000E+01, DensityWeight 1.007172E-02, HPWL 1.395491E+03, Overflow 2.637953E-02, MaxDensity 1.495E+00, MacroOverlap 3.936E-03, MacroOverlapWeight 8.000000E-06, gamma 1.323294E-02, time 7.166ms
[INFO   ] DREAMPlace - full step 32.403 ms
[DEBUG  ] dreamplace.ops.weighted_average_wirelength.weighted_average_wirelength - wirelength forward 0.151 ms
[DEBUG  ] dreamplace.ops.electric_potential.electric_potential - density forward 5.235 ms
[DEBUG  ] dreamplace.ops.electric_potential.electric_potential - density backward 9.256 ms
[DEBUG  ] dreamplace.ops.weighted_average_wirelength.weighted_average_wirelength - wirelength backward 0.120 ms
[INFO   ] DREAMPlace - optimizer step 23.507 ms
[INFO   ] DREAMPlace - iteration  311, (  33,  1,  1), Obj 1.049546E+05, NetCrossing 6.309E+01, NetCrossingWeight 1.000000E+01, DensityWeight 1.007172E-02, HPWL 1.398390E+03, Overflow 2.623316E-02, MaxDensity 1.506E+00, MacroOverlap 3.860E-03, MacroOverlapWeight 8.000000E-06, gamma 1.323294E-02, time 6.976ms
[INFO   ] DREAMPlace - full step 31.565 ms
[INFO   ] DREAMPlace - Lsub stopping criteria: 1 and 104955 > 98872.4 * 0.999
[INFO   ] DREAMPlace - Llambda stopping criteria: 1 and (( 0.0262332 < 0.1 and 1398.39 > 1390.8 ) or 1.50583 < 1.0)
[DEBUG  ] dreamplace.ops.weighted_average_wirelength.weighted_average_wirelength - wirelength forward 0.155 ms
[DEBUG  ] dreamplace.ops.electric_potential.electric_potential - density forward 5.215 ms
[DEBUG  ] dreamplace.ops.electric_potential.electric_potential - density backward 10.353 ms
[DEBUG  ] dreamplace.ops.weighted_average_wirelength.weighted_average_wirelength - wirelength backward 0.140 ms
[INFO   ] DREAMPlace - optimizer step 24.622 ms
[INFO   ] DREAMPlace - iteration  312, (  34,  0,  0), Obj 1.035120E+05, NetCrossing 6.356E+01, NetCrossingWeight 1.000000E+01, DensityWeight 1.084584E-02, HPWL 1.404582E+03, Overflow 2.581750E-02, MaxDensity 1.506E+00, MacroOverlap 3.708E-03, MacroOverlapWeight 8.000000E-06, gamma 1.319387E-02, time 7.124ms
[INFO   ] DREAMPlace - full step 32.819 ms
[DEBUG  ] dreamplace.ops.weighted_average_wirelength.weighted_average_wirelength - wirelength forward 0.151 ms
[DEBUG  ] dreamplace.ops.electric_potential.electric_potential - density forward 5.133 ms
[DEBUG  ] dreamplace.ops.electric_potential.electric_potential - density backward 10.181 ms
[DEBUG  ] dreamplace.ops.weighted_average_wirelength.weighted_average_wirelength - wirelength backward 0.092 ms
[INFO   ] DREAMPlace - optimizer step 24.169 ms
[INFO   ] DREAMPlace - iteration  313, (  34,  0,  1), Obj 1.104162E+05, NetCrossing 6.329E+01, NetCrossingWeight 1.000000E+01, DensityWeight 1.084584E-02, HPWL 1.406251E+03, Overflow 2.578981E-02, MaxDensity 1.506E+00, MacroOverlap 3.681E-03, MacroOverlapWeight 8.000000E-06, gamma 1.319387E-02, time 7.090ms
[INFO   ] DREAMPlace - full step 32.331 ms
[INFO   ] DREAMPlace - Lsub stopping criteria: 1 and 110416 > 103512 * 0.999
[DEBUG  ] dreamplace.ops.weighted_average_wirelength.weighted_average_wirelength - wirelength forward 0.149 ms
[DEBUG  ] dreamplace.ops.electric_potential.electric_potential - density forward 5.075 ms
[DEBUG  ] dreamplace.ops.electric_potential.electric_potential - density backward 10.150 ms
[DEBUG  ] dreamplace.ops.weighted_average_wirelength.weighted_average_wirelength - wirelength backward 0.117 ms
[INFO   ] DREAMPlace - optimizer step 23.619 ms
[INFO   ] DREAMPlace - iteration  314, (  34,  1,  0), Obj 1.091689E+05, NetCrossing 6.308E+01, NetCrossingWeight 1.000000E+01, DensityWeight 1.167945E-02, HPWL 1.411523E+03, Overflow 2.552628E-02, MaxDensity 1.506E+00, MacroOverlap 3.591E-03, MacroOverlapWeight 8.000000E-06, gamma 1.319387E-02, time 6.960ms
[INFO   ] DREAMPlace - full step 31.629 ms
[DEBUG  ] dreamplace.ops.weighted_average_wirelength.weighted_average_wirelength - wirelength forward 0.152 ms
[DEBUG  ] dreamplace.ops.electric_potential.electric_potential - density forward 5.109 ms
[DEBUG  ] dreamplace.ops.electric_potential.electric_potential - density backward 9.291 ms
[DEBUG  ] dreamplace.ops.weighted_average_wirelength.weighted_average_wirelength - wirelength backward 0.119 ms
[INFO   ] DREAMPlace - optimizer step 23.168 ms
[INFO   ] DREAMPlace - iteration  315, (  34,  1,  1), Obj 1.159439E+05, NetCrossing 6.457E+01, NetCrossingWeight 1.000000E+01, DensityWeight 1.167945E-02, HPWL 1.412660E+03, Overflow 2.533769E-02, MaxDensity 1.119E+00, MacroOverlap 3.567E-03, MacroOverlapWeight 8.000000E-06, gamma 1.319387E-02, time 7.080ms
[INFO   ] DREAMPlace - full step 31.357 ms
[INFO   ] DREAMPlace - Lsub stopping criteria: 1 and 115944 > 109169 * 0.999
[INFO   ] DREAMPlace - Llambda stopping criteria: 1 and (( 0.0253377 < 0.1 and 1412.66 > 1406.25 ) or 1.11894 < 1.0)
[DEBUG  ] dreamplace.ops.weighted_average_wirelength.weighted_average_wirelength - wirelength forward 0.150 ms
[DEBUG  ] dreamplace.ops.electric_potential.electric_potential - density forward 5.088 ms
[DEBUG  ] dreamplace.ops.electric_potential.electric_potential - density backward 9.309 ms
[DEBUG  ] dreamplace.ops.weighted_average_wirelength.weighted_average_wirelength - wirelength backward 0.121 ms
[INFO   ] DREAMPlace - optimizer step 22.784 ms
[INFO   ] DREAMPlace - iteration  316, (  35,  0,  0), Obj 1.147602E+05, NetCrossing 6.358E+01, NetCrossingWeight 1.000000E+01, DensityWeight 1.257715E-02, HPWL 1.417364E+03, Overflow 2.524776E-02, MaxDensity 1.004E+00, MacroOverlap 3.516E-03, MacroOverlapWeight 8.000000E-06, gamma 1.313356E-02, time 6.989ms
[INFO   ] DREAMPlace - full step 30.836 ms
[DEBUG  ] dreamplace.ops.weighted_average_wirelength.weighted_average_wirelength - wirelength forward 0.148 ms
[DEBUG  ] dreamplace.ops.electric_potential.electric_potential - density forward 4.730 ms
[DEBUG  ] dreamplace.ops.electric_potential.electric_potential - density backward 9.202 ms
[DEBUG  ] dreamplace.ops.weighted_average_wirelength.weighted_average_wirelength - wirelength backward 0.129 ms
[INFO   ] DREAMPlace - optimizer step 22.369 ms
[INFO   ] DREAMPlace - iteration  317, (  35,  0,  1), Obj 1.230232E+05, NetCrossing 6.202E+01, NetCrossingWeight 1.000000E+01, DensityWeight 1.257715E-02, HPWL 1.416883E+03, Overflow 2.515729E-02, MaxDensity 1.004E+00, MacroOverlap 3.478E-03, MacroOverlapWeight 8.000000E-06, gamma 1.313356E-02, time 6.913ms
[INFO   ] DREAMPlace - full step 30.206 ms
[INFO   ] DREAMPlace - Lsub stopping criteria: 1 and 123023 > 114760 * 0.999
[DEBUG  ] dreamplace.ops.weighted_average_wirelength.weighted_average_wirelength - wirelength forward 0.143 ms
[DEBUG  ] dreamplace.ops.electric_potential.electric_potential - density forward 5.050 ms
[DEBUG  ] dreamplace.ops.electric_potential.electric_potential - density backward 10.182 ms
[DEBUG  ] dreamplace.ops.weighted_average_wirelength.weighted_average_wirelength - wirelength backward 0.130 ms
[INFO   ] DREAMPlace - optimizer step 23.727 ms
[INFO   ] DREAMPlace - iteration  318, (  35,  1,  0), Obj 1.227606E+05, NetCrossing 6.037E+01, NetCrossingWeight 1.000000E+01, DensityWeight 1.354385E-02, HPWL 1.421808E+03, Overflow 2.514422E-02, MaxDensity 1.004E+00, MacroOverlap 3.455E-03, MacroOverlapWeight 8.000000E-06, gamma 1.313356E-02, time 6.657ms
[INFO   ] DREAMPlace - full step 31.355 ms
[DEBUG  ] dreamplace.ops.weighted_average_wirelength.weighted_average_wirelength - wirelength forward 0.122 ms
[DEBUG  ] dreamplace.ops.electric_potential.electric_potential - density forward 4.783 ms
[DEBUG  ] dreamplace.ops.electric_potential.electric_potential - density backward 10.165 ms
[DEBUG  ] dreamplace.ops.weighted_average_wirelength.weighted_average_wirelength - wirelength backward 0.125 ms
[INFO   ] DREAMPlace - optimizer step 22.793 ms
[INFO   ] DREAMPlace - iteration  319, (  35,  1,  1), Obj 1.304567E+05, NetCrossing 6.092E+01, NetCrossingWeight 1.000000E+01, DensityWeight 1.354385E-02, HPWL 1.424458E+03, Overflow 2.498737E-02, MaxDensity 1.049E+00, MacroOverlap 3.388E-03, MacroOverlapWeight 8.000000E-06, gamma 1.313356E-02, time 6.956ms
[INFO   ] DREAMPlace - full step 30.704 ms
[INFO   ] DREAMPlace - Lsub stopping criteria: 1 and 130457 > 122761 * 0.999
[INFO   ] DREAMPlace - Llambda stopping criteria: 1 and (( 0.0249874 < 0.1 and 1424.46 > 1416.88 ) or 1.04882 < 1.0)
[DEBUG  ] dreamplace.ops.weighted_average_wirelength.weighted_average_wirelength - wirelength forward 0.145 ms
[DEBUG  ] dreamplace.ops.electric_potential.electric_potential - density forward 4.947 ms
[DEBUG  ] dreamplace.ops.electric_potential.electric_potential - density backward 10.130 ms
[DEBUG  ] dreamplace.ops.weighted_average_wirelength.weighted_average_wirelength - wirelength backward 0.136 ms
[INFO   ] DREAMPlace - optimizer step 23.755 ms
[INFO   ] DREAMPlace - iteration  320, (  36,  0,  0), Obj 1.308613E+05, NetCrossing 5.951E+01, NetCrossingWeight 1.000000E+01, DensityWeight 1.458484E-02, HPWL 1.425270E+03, Overflow 2.494686E-02, MaxDensity 1.293E+00, MacroOverlap 3.335E-03, MacroOverlapWeight 8.000000E-06, gamma 1.311004E-02, time 7.066ms
[INFO   ] DREAMPlace - full step 31.755 ms
[DEBUG  ] dreamplace.ops.weighted_average_wirelength.weighted_average_wirelength - wirelength forward 0.141 ms
[DEBUG  ] dreamplace.ops.electric_potential.electric_potential - density forward 5.002 ms
[DEBUG  ] dreamplace.ops.electric_potential.electric_potential - density backward 9.259 ms
[DEBUG  ] dreamplace.ops.weighted_average_wirelength.weighted_average_wirelength - wirelength backward 0.123 ms
[DEBUG  ] dreamplace.ops.weighted_average_wirelength.weighted_average_wirelength - wirelength forward 0.135 ms
[DEBUG  ] dreamplace.ops.electric_potential.electric_potential - density forward 5.043 ms
[DEBUG  ] dreamplace.ops.electric_potential.electric_potential - density backward 9.397 ms
[DEBUG  ] dreamplace.ops.weighted_average_wirelength.weighted_average_wirelength - wirelength backward 0.101 ms
[INFO   ] DREAMPlace - optimizer step 45.549 ms
[INFO   ] DREAMPlace - iteration  321, (  36,  0,  1), Obj 1.387887E+05, NetCrossing 5.974E+01, NetCrossingWeight 1.000000E+01, DensityWeight 1.458484E-02, HPWL 1.430052E+03, Overflow 2.487416E-02, MaxDensity 1.453E+00, MacroOverlap 3.246E-03, MacroOverlapWeight 8.000000E-06, gamma 1.311004E-02, time 6.672ms
[INFO   ] DREAMPlace - full step 53.240 ms
[INFO   ] DREAMPlace - Lsub stopping criteria: 1 and 138789 > 130861 * 0.999
[DEBUG  ] dreamplace.ops.weighted_average_wirelength.weighted_average_wirelength - wirelength forward 0.156 ms
[DEBUG  ] dreamplace.ops.electric_potential.electric_potential - density forward 4.749 ms
[DEBUG  ] dreamplace.ops.electric_potential.electric_potential - density backward 9.284 ms
[DEBUG  ] dreamplace.ops.weighted_average_wirelength.weighted_average_wirelength - wirelength backward 0.144 ms
[INFO   ] DREAMPlace - optimizer step 22.322 ms
[INFO   ] DREAMPlace - iteration  322, (  36,  1,  0), Obj 1.381116E+05, NetCrossing 6.046E+01, NetCrossingWeight 1.000000E+01, DensityWeight 1.570585E-02, HPWL 1.431629E+03, Overflow 2.490394E-02, MaxDensity 1.369E+00, MacroOverlap 3.193E-03, MacroOverlapWeight 8.000000E-06, gamma 1.311004E-02, time 6.916ms
[INFO   ] DREAMPlace - full step 30.160 ms
[DEBUG  ] dreamplace.ops.weighted_average_wirelength.weighted_average_wirelength - wirelength forward 0.142 ms
[DEBUG  ] dreamplace.ops.electric_potential.electric_potential - density forward 4.978 ms
[DEBUG  ] dreamplace.ops.electric_potential.electric_potential - density backward 9.343 ms
[DEBUG  ] dreamplace.ops.weighted_average_wirelength.weighted_average_wirelength - wirelength backward 0.132 ms
[INFO   ] DREAMPlace - optimizer step 22.563 ms
[INFO   ] DREAMPlace - iteration  323, (  36,  1,  1), Obj 1.476527E+05, NetCrossing 5.963E+01, NetCrossingWeight 1.000000E+01, DensityWeight 1.570585E-02, HPWL 1.433388E+03, Overflow 2.501652E-02, MaxDensity 1.151E+00, MacroOverlap 3.138E-03, MacroOverlapWeight 8.000000E-06, gamma 1.311004E-02, time 6.869ms
[INFO   ] DREAMPlace - full step 30.366 ms
[INFO   ] DREAMPlace - Lsub stopping criteria: 1 and 147653 > 138112 * 0.999
[INFO   ] DREAMPlace - Llambda stopping criteria: 1 and (( 0.0250165 < 0.1 and 1433.39 > 1430.05 ) or 1.15057 < 1.0)
[DEBUG  ] dreamplace.ops.weighted_average_wirelength.weighted_average_wirelength - wirelength forward 0.116 ms
[DEBUG  ] dreamplace.ops.electric_potential.electric_potential - density forward 5.114 ms
[DEBUG  ] dreamplace.ops.electric_potential.electric_potential - density backward 10.499 ms
[DEBUG  ] dreamplace.ops.weighted_average_wirelength.weighted_average_wirelength - wirelength backward 0.126 ms
[INFO   ] DREAMPlace - optimizer step 25.075 ms
[INFO   ] DREAMPlace - iteration  324, (  37,  0,  0), Obj 1.468926E+05, NetCrossing 5.964E+01, NetCrossingWeight 1.000000E+01, DensityWeight 1.691303E-02, HPWL 1.435936E+03, Overflow 2.499618E-02, MaxDensity 1.004E+00, MacroOverlap 3.068E-03, MacroOverlapWeight 8.000000E-06, gamma 1.311200E-02, time 7.118ms
[INFO   ] DREAMPlace - full step 33.232 ms
[DEBUG  ] dreamplace.ops.weighted_average_wirelength.weighted_average_wirelength - wirelength forward 0.192 ms
[DEBUG  ] dreamplace.ops.electric_potential.electric_potential - density forward 4.999 ms
[DEBUG  ] dreamplace.ops.electric_potential.electric_potential - density backward 10.349 ms
[DEBUG  ] dreamplace.ops.weighted_average_wirelength.weighted_average_wirelength - wirelength backward 0.134 ms
[INFO   ] DREAMPlace - optimizer step 25.268 ms
[INFO   ] DREAMPlace - iteration  325, (  37,  0,  1), Obj 1.569060E+05, NetCrossing 6.033E+01, NetCrossingWeight 1.000000E+01, DensityWeight 1.691303E-02, HPWL 1.436909E+03, Overflow 2.500918E-02, MaxDensity 1.004E+00, MacroOverlap 3.009E-03, MacroOverlapWeight 8.000000E-06, gamma 1.311200E-02, time 7.199ms
[INFO   ] DREAMPlace - full step 33.594 ms
[INFO   ] DREAMPlace - Lsub stopping criteria: 1 and 156906 > 146893 * 0.999
[DEBUG  ] dreamplace.ops.weighted_average_wirelength.weighted_average_wirelength - wirelength forward 0.150 ms
[DEBUG  ] dreamplace.ops.electric_potential.electric_potential - density forward 4.713 ms
[DEBUG  ] dreamplace.ops.electric_potential.electric_potential - density backward 10.289 ms
[DEBUG  ] dreamplace.ops.weighted_average_wirelength.weighted_average_wirelength - wirelength backward 0.133 ms
[INFO   ] DREAMPlace - optimizer step 23.637 ms
[INFO   ] DREAMPlace - iteration  326, (  37,  1,  0), Obj 1.560934E+05, NetCrossing 6.105E+01, NetCrossingWeight 1.000000E+01, DensityWeight 1.821300E-02, HPWL 1.439786E+03, Overflow 2.489400E-02, MaxDensity 1.004E+00, MacroOverlap 2.936E-03, MacroOverlapWeight 8.000000E-06, gamma 1.311200E-02, time 7.522ms
[INFO   ] DREAMPlace - full step 32.238 ms
[DEBUG  ] dreamplace.ops.weighted_average_wirelength.weighted_average_wirelength - wirelength forward 0.148 ms
[DEBUG  ] dreamplace.ops.electric_potential.electric_potential - density forward 5.090 ms
[DEBUG  ] dreamplace.ops.electric_potential.electric_potential - density backward 10.326 ms
[DEBUG  ] dreamplace.ops.weighted_average_wirelength.weighted_average_wirelength - wirelength backward 0.150 ms
[INFO   ] DREAMPlace - optimizer step 24.262 ms
[INFO   ] DREAMPlace - iteration  327, (  37,  1,  1), Obj 1.673321E+05, NetCrossing 6.136E+01, NetCrossingWeight 1.000000E+01, DensityWeight 1.821300E-02, HPWL 1.441335E+03, Overflow 2.485063E-02, MaxDensity 1.004E+00, MacroOverlap 2.879E-03, MacroOverlapWeight 8.000000E-06, gamma 1.311200E-02, time 6.940ms
[INFO   ] DREAMPlace - full step 32.259 ms
[INFO   ] DREAMPlace - Lsub stopping criteria: 1 and 167332 > 156093 * 0.999
[INFO   ] DREAMPlace - Llambda stopping criteria: 1 and (( 0.0248506 < 0.1 and 1441.34 > 1436.91 ) or 1.00389 < 1.0)
[DEBUG  ] dreamplace.ops.weighted_average_wirelength.weighted_average_wirelength - wirelength forward 0.148 ms
[DEBUG  ] dreamplace.ops.electric_potential.electric_potential - density forward 5.154 ms
[DEBUG  ] dreamplace.ops.electric_potential.electric_potential - density backward 10.326 ms
[DEBUG  ] dreamplace.ops.weighted_average_wirelength.weighted_average_wirelength - wirelength backward 0.100 ms
[INFO   ] DREAMPlace - optimizer step 25.630 ms
[INFO   ] DREAMPlace - iteration  328, (  38,  0,  0), Obj 1.670658E+05, NetCrossing 5.972E+01, NetCrossingWeight 1.000000E+01, DensityWeight 1.961288E-02, HPWL 1.443298E+03, Overflow 2.476258E-02, MaxDensity 1.007E+00, MacroOverlap 2.835E-03, MacroOverlapWeight 8.000000E-06, gamma 1.310087E-02, time 6.982ms
[INFO   ] DREAMPlace - full step 33.690 ms
[DEBUG  ] dreamplace.ops.weighted_average_wirelength.weighted_average_wirelength - wirelength forward 0.146 ms
[DEBUG  ] dreamplace.ops.electric_potential.electric_potential - density forward 5.130 ms
[DEBUG  ] dreamplace.ops.electric_potential.electric_potential - density backward 10.222 ms
[DEBUG  ] dreamplace.ops.weighted_average_wirelength.weighted_average_wirelength - wirelength backward 0.148 ms
[INFO   ] DREAMPlace - optimizer step 24.874 ms
[INFO   ] DREAMPlace - iteration  329, (  38,  0,  1), Obj 1.786358E+05, NetCrossing 6.062E+01, NetCrossingWeight 1.000000E+01, DensityWeight 1.961288E-02, HPWL 1.446520E+03, Overflow 2.461740E-02, MaxDensity 1.004E+00, MacroOverlap 2.793E-03, MacroOverlapWeight 8.000000E-06, gamma 1.310087E-02, time 7.052ms
[INFO   ] DREAMPlace - full step 32.987 ms
[INFO   ] DREAMPlace - Lsub stopping criteria: 1 and 178636 > 167066 * 0.999
[DEBUG  ] dreamplace.ops.weighted_average_wirelength.weighted_average_wirelength - wirelength forward 0.148 ms
[DEBUG  ] dreamplace.ops.electric_potential.electric_potential - density forward 5.141 ms
[DEBUG  ] dreamplace.ops.electric_potential.electric_potential - density backward 10.299 ms
[DEBUG  ] dreamplace.ops.weighted_average_wirelength.weighted_average_wirelength - wirelength backward 0.136 ms
[INFO   ] DREAMPlace - optimizer step 24.904 ms
[INFO   ] DREAMPlace - iteration  330, (  38,  1,  0), Obj 1.784940E+05, NetCrossing 6.053E+01, NetCrossingWeight 1.000000E+01, DensityWeight 2.112036E-02, HPWL 1.449904E+03, Overflow 2.442682E-02, MaxDensity 1.004E+00, MacroOverlap 2.750E-03, MacroOverlapWeight 8.000000E-06, gamma 1.310087E-02, time 6.997ms
[INFO   ] DREAMPlace - full step 32.939 ms
[DEBUG  ] dreamplace.ops.weighted_average_wirelength.weighted_average_wirelength - wirelength forward 0.148 ms
[DEBUG  ] dreamplace.ops.electric_potential.electric_potential - density forward 5.127 ms
[DEBUG  ] dreamplace.ops.electric_potential.electric_potential - density backward 10.202 ms
[DEBUG  ] dreamplace.ops.weighted_average_wirelength.weighted_average_wirelength - wirelength backward 0.121 ms
[INFO   ] DREAMPlace - optimizer step 23.852 ms
[INFO   ] DREAMPlace - iteration  331, (  38,  1,  1), Obj 1.907303E+05, NetCrossing 6.108E+01, NetCrossingWeight 1.000000E+01, DensityWeight 2.112036E-02, HPWL 1.451299E+03, Overflow 2.432482E-02, MaxDensity 1.004E+00, MacroOverlap 2.715E-03, MacroOverlapWeight 8.000000E-06, gamma 1.310087E-02, time 6.906ms
[INFO   ] DREAMPlace - full step 31.805 ms
[INFO   ] DREAMPlace - Lsub stopping criteria: 1 and 190730 > 178494 * 0.999
[INFO   ] DREAMPlace - Llambda stopping criteria: 1 and (( 0.0243248 < 0.1 and 1451.3 > 1446.52 ) or 1.00389 < 1.0)
[DEBUG  ] dreamplace.ops.weighted_average_wirelength.weighted_average_wirelength - wirelength forward 0.147 ms
[DEBUG  ] dreamplace.ops.electric_potential.electric_potential - density forward 5.158 ms
[DEBUG  ] dreamplace.ops.electric_potential.electric_potential - density backward 9.648 ms
[DEBUG  ] dreamplace.ops.weighted_average_wirelength.weighted_average_wirelength - wirelength backward 0.097 ms
[INFO   ] DREAMPlace - optimizer step 23.436 ms
[INFO   ] DREAMPlace - iteration  332, (  39,  0,  0), Obj 1.896473E+05, NetCrossing 6.113E+01, NetCrossingWeight 1.000000E+01, DensityWeight 2.274370E-02, HPWL 1.453501E+03, Overflow 2.421774E-02, MaxDensity 1.162E+00, MacroOverlap 2.682E-03, MacroOverlapWeight 8.000000E-06, gamma 1.306567E-02, time 6.910ms
[INFO   ] DREAMPlace - full step 31.381 ms
[DEBUG  ] dreamplace.ops.weighted_average_wirelength.weighted_average_wirelength - wirelength forward 0.144 ms
[DEBUG  ] dreamplace.ops.electric_potential.electric_potential - density forward 5.210 ms
[DEBUG  ] dreamplace.ops.electric_potential.electric_potential - density backward 9.678 ms
[DEBUG  ] dreamplace.ops.weighted_average_wirelength.weighted_average_wirelength - wirelength backward 0.096 ms
[INFO   ] DREAMPlace - optimizer step 23.808 ms
[INFO   ] DREAMPlace - iteration  333, (  39,  0,  1), Obj 2.031011E+05, NetCrossing 6.092E+01, NetCrossingWeight 1.000000E+01, DensityWeight 2.274370E-02, HPWL 1.456521E+03, Overflow 2.413427E-02, MaxDensity 1.382E+00, MacroOverlap 2.650E-03, MacroOverlapWeight 8.000000E-06, gamma 1.306567E-02, time 6.941ms
[INFO   ] DREAMPlace - full step 31.827 ms
[INFO   ] DREAMPlace - Lsub stopping criteria: 1 and 203101 > 189647 * 0.999
[DEBUG  ] dreamplace.ops.weighted_average_wirelength.weighted_average_wirelength - wirelength forward 0.147 ms
[DEBUG  ] dreamplace.ops.electric_potential.electric_potential - density forward 4.999 ms
[DEBUG  ] dreamplace.ops.electric_potential.electric_potential - density backward 9.653 ms
[DEBUG  ] dreamplace.ops.weighted_average_wirelength.weighted_average_wirelength - wirelength backward 0.095 ms
[INFO   ] DREAMPlace - optimizer step 23.341 ms
[INFO   ] DREAMPlace - iteration  334, (  39,  1,  0), Obj 2.202399E+05, NetCrossing 5.913E+01, NetCrossingWeight 1.000000E+01, DensityWeight 2.449181E-02, HPWL 1.459375E+03, Overflow 2.459515E-02, MaxDensity 1.506E+00, MacroOverlap 2.997E-03, MacroOverlapWeight 8.000000E-06, gamma 1.306567E-02, time 6.817ms
[INFO   ] DREAMPlace - full step 31.144 ms
[DEBUG  ] dreamplace.ops.weighted_average_wirelength.weighted_average_wirelength - wirelength forward 0.149 ms
[DEBUG  ] dreamplace.ops.electric_potential.electric_potential - density forward 5.299 ms
[DEBUG  ] dreamplace.ops.electric_potential.electric_potential - density backward 9.303 ms
[DEBUG  ] dreamplace.ops.weighted_average_wirelength.weighted_average_wirelength - wirelength backward 0.123 ms
[INFO   ] DREAMPlace - optimizer step 23.278 ms
[INFO   ] DREAMPlace - iteration  335, (  39,  1,  1), Obj 2.337714E+05, NetCrossing 6.223E+01, NetCrossingWeight 1.000000E+01, DensityWeight 2.449181E-02, HPWL 1.462251E+03, Overflow 2.461472E-02, MaxDensity 1.506E+00, MacroOverlap 2.902E-03, MacroOverlapWeight 8.000000E-06, gamma 1.306567E-02, time 6.839ms
[INFO   ] DREAMPlace - full step 31.118 ms
[INFO   ] DREAMPlace - Lsub stopping criteria: 1 and 233771 > 220240 * 0.999
[INFO   ] DREAMPlace - Llambda stopping criteria: 1 and (( 0.0246147 < 0.1 and 1462.25 > 1456.52 ) or 1.50583 < 1.0)
[DEBUG  ] dreamplace.ops.weighted_average_wirelength.weighted_average_wirelength - wirelength forward 0.147 ms
[DEBUG  ] dreamplace.ops.electric_potential.electric_potential - density forward 5.086 ms
[DEBUG  ] dreamplace.ops.electric_potential.electric_potential - density backward 8.322 ms
[DEBUG  ] dreamplace.ops.weighted_average_wirelength.weighted_average_wirelength - wirelength backward 0.125 ms
[INFO   ] DREAMPlace - optimizer step 21.969 ms
[INFO   ] DREAMPlace - iteration  336, (  40,  0,  0), Obj 2.260576E+05, NetCrossing 6.319E+01, NetCrossingWeight 1.000000E+01, DensityWeight 2.637429E-02, HPWL 1.467149E+03, Overflow 2.426705E-02, MaxDensity 1.506E+00, MacroOverlap 2.667E-03, MacroOverlapWeight 8.000000E-06, gamma 1.308506E-02, time 6.760ms
[INFO   ] DREAMPlace - full step 29.725 ms
[DEBUG  ] dreamplace.ops.weighted_average_wirelength.weighted_average_wirelength - wirelength forward 0.159 ms
[DEBUG  ] dreamplace.ops.electric_potential.electric_potential - density forward 5.020 ms
[DEBUG  ] dreamplace.ops.electric_potential.electric_potential - density backward 8.257 ms
[DEBUG  ] dreamplace.ops.weighted_average_wirelength.weighted_average_wirelength - wirelength backward 0.124 ms
[INFO   ] DREAMPlace - optimizer step 21.708 ms
[INFO   ] DREAMPlace - iteration  337, (  40,  0,  1), Obj 2.354708E+05, NetCrossing 6.550E+01, NetCrossingWeight 1.000000E+01, DensityWeight 2.637429E-02, HPWL 1.469984E+03, Overflow 2.377597E-02, MaxDensity 1.506E+00, MacroOverlap 2.441E-03, MacroOverlapWeight 8.000000E-06, gamma 1.308506E-02, time 6.814ms
[INFO   ] DREAMPlace - full step 29.577 ms
[INFO   ] DREAMPlace - Lsub stopping criteria: 1 and 235471 > 226058 * 0.999
[DEBUG  ] dreamplace.ops.weighted_average_wirelength.weighted_average_wirelength - wirelength forward 0.145 ms
[DEBUG  ] dreamplace.ops.electric_potential.electric_potential - density forward 5.086 ms
[DEBUG  ] dreamplace.ops.electric_potential.electric_potential - density backward 8.290 ms
[DEBUG  ] dreamplace.ops.weighted_average_wirelength.weighted_average_wirelength - wirelength backward 0.126 ms
[INFO   ] DREAMPlace - optimizer step 22.073 ms
[INFO   ] DREAMPlace - iteration  338, (  40,  1,  0), Obj 2.327275E+05, NetCrossing 6.378E+01, NetCrossingWeight 1.000000E+01, DensityWeight 2.840143E-02, HPWL 1.473076E+03, Overflow 2.356010E-02, MaxDensity 1.506E+00, MacroOverlap 2.380E-03, MacroOverlapWeight 8.000000E-06, gamma 1.308506E-02, time 6.902ms
[INFO   ] DREAMPlace - full step 29.927 ms
[DEBUG  ] dreamplace.ops.weighted_average_wirelength.weighted_average_wirelength - wirelength forward 0.114 ms
[DEBUG  ] dreamplace.ops.electric_potential.electric_potential - density forward 4.677 ms
[DEBUG  ] dreamplace.ops.electric_potential.electric_potential - density backward 9.137 ms
[DEBUG  ] dreamplace.ops.weighted_average_wirelength.weighted_average_wirelength - wirelength backward 0.103 ms
[INFO   ] DREAMPlace - optimizer step 21.457 ms
[INFO   ] DREAMPlace - iteration  339, (  40,  1,  1), Obj 2.495193E+05, NetCrossing 6.128E+01, NetCrossingWeight 1.000000E+01, DensityWeight 2.840143E-02, HPWL 1.475541E+03, Overflow 2.353593E-02, MaxDensity 1.506E+00, MacroOverlap 2.363E-03, MacroOverlapWeight 8.000000E-06, gamma 1.308506E-02, time 6.227ms
[INFO   ] DREAMPlace - full step 28.536 ms
[INFO   ] DREAMPlace - Lsub stopping criteria: 1 and 249519 > 232727 * 0.999
[INFO   ] DREAMPlace - Llambda stopping criteria: 1 and (( 0.0235359 < 0.1 and 1475.54 > 1469.98 ) or 1.50583 < 1.0)
[DEBUG  ] dreamplace.ops.weighted_average_wirelength.weighted_average_wirelength - wirelength forward 0.116 ms
[DEBUG  ] dreamplace.ops.electric_potential.electric_potential - density forward 4.640 ms
[DEBUG  ] dreamplace.ops.electric_potential.electric_potential - density backward 9.275 ms
[DEBUG  ] dreamplace.ops.weighted_average_wirelength.weighted_average_wirelength - wirelength backward 0.097 ms
[INFO   ] DREAMPlace - optimizer step 22.001 ms
[INFO   ] DREAMPlace - iteration  340, (  41,  0,  0), Obj 2.471040E+05, NetCrossing 6.163E+01, NetCrossingWeight 1.000000E+01, DensityWeight 3.058441E-02, HPWL 1.478876E+03, Overflow 2.338307E-02, MaxDensity 1.506E+00, MacroOverlap 2.330E-03, MacroOverlapWeight 8.000000E-06, gamma 1.301303E-02, time 6.295ms
[INFO   ] DREAMPlace - full step 29.220 ms
[DEBUG  ] dreamplace.ops.weighted_average_wirelength.weighted_average_wirelength - wirelength forward 0.160 ms
[DEBUG  ] dreamplace.ops.electric_potential.electric_potential - density forward 5.955 ms
[DEBUG  ] dreamplace.ops.electric_potential.electric_potential - density backward 9.314 ms
[DEBUG  ] dreamplace.ops.weighted_average_wirelength.weighted_average_wirelength - wirelength backward 0.118 ms
[INFO   ] DREAMPlace - optimizer step 24.574 ms
[INFO   ] DREAMPlace - iteration  341, (  41,  0,  1), Obj 2.647099E+05, NetCrossing 6.060E+01, NetCrossingWeight 1.000000E+01, DensityWeight 3.058441E-02, HPWL 1.480020E+03, Overflow 2.323960E-02, MaxDensity 1.506E+00, MacroOverlap 2.317E-03, MacroOverlapWeight 8.000000E-06, gamma 1.301303E-02, time 7.878ms
[INFO   ] DREAMPlace - full step 33.564 ms
[INFO   ] DREAMPlace - Lsub stopping criteria: 1 and 264710 > 247104 * 0.999
[DEBUG  ] dreamplace.ops.weighted_average_wirelength.weighted_average_wirelength - wirelength forward 0.143 ms
[DEBUG  ] dreamplace.ops.electric_potential.electric_potential - density forward 135.425 ms
[DEBUG  ] dreamplace.ops.electric_potential.electric_potential - density backward 10.984 ms
[DEBUG  ] dreamplace.ops.weighted_average_wirelength.weighted_average_wirelength - wirelength backward 0.106 ms
[INFO   ] DREAMPlace - optimizer step 155.765 ms
[INFO   ] DREAMPlace - iteration  342, (  41,  1,  0), Obj 2.635125E+05, NetCrossing 6.197E+01, NetCrossingWeight 1.000000E+01, DensityWeight 3.293518E-02, HPWL 1.483279E+03, Overflow 2.312158E-02, MaxDensity 1.506E+00, MacroOverlap 2.304E-03, MacroOverlapWeight 8.000000E-06, gamma 1.301303E-02, time 7.540ms
[INFO   ] DREAMPlace - full step 164.417 ms
[DEBUG  ] dreamplace.ops.weighted_average_wirelength.weighted_average_wirelength - wirelength forward 0.129 ms
[DEBUG  ] dreamplace.ops.electric_potential.electric_potential - density forward 4.970 ms
[DEBUG  ] dreamplace.ops.electric_potential.electric_potential - density backward 10.894 ms
[DEBUG  ] dreamplace.ops.weighted_average_wirelength.weighted_average_wirelength - wirelength backward 0.125 ms
[INFO   ] DREAMPlace - optimizer step 23.815 ms
[INFO   ] DREAMPlace - iteration  343, (  41,  1,  1), Obj 2.819647E+05, NetCrossing 6.232E+01, NetCrossingWeight 1.000000E+01, DensityWeight 3.293518E-02, HPWL 1.486322E+03, Overflow 2.300033E-02, MaxDensity 1.506E+00, MacroOverlap 2.289E-03, MacroOverlapWeight 8.000000E-06, gamma 1.301303E-02, time 6.933ms
[INFO   ] DREAMPlace - full step 31.865 ms
[INFO   ] DREAMPlace - Lsub stopping criteria: 1 and 281965 > 263513 * 0.999
[INFO   ] DREAMPlace - Llambda stopping criteria: 1 and (( 0.0230003 < 0.1 and 1486.32 > 1480.02 ) or 1.50583 < 1.0)
[DEBUG  ] dreamplace.ops.weighted_average_wirelength.weighted_average_wirelength - wirelength forward 0.116 ms
[DEBUG  ] dreamplace.ops.electric_potential.electric_potential - density forward 4.694 ms
[DEBUG  ] dreamplace.ops.electric_potential.electric_potential - density backward 10.928 ms
[DEBUG  ] dreamplace.ops.weighted_average_wirelength.weighted_average_wirelength - wirelength backward 0.149 ms
[INFO   ] DREAMPlace - optimizer step 24.175 ms
[INFO   ] DREAMPlace - iteration  344, (  42,  0,  0), Obj 2.803102E+05, NetCrossing 6.030E+01, NetCrossingWeight 1.000000E+01, DensityWeight 3.546661E-02, HPWL 1.489959E+03, Overflow 2.289131E-02, MaxDensity 1.506E+00, MacroOverlap 2.275E-03, MacroOverlapWeight 8.000000E-06, gamma 1.297742E-02, time 6.896ms
[INFO   ] DREAMPlace - full step 32.190 ms
[DEBUG  ] dreamplace.ops.weighted_average_wirelength.weighted_average_wirelength - wirelength forward 0.148 ms
[DEBUG  ] dreamplace.ops.electric_potential.electric_potential - density forward 5.222 ms
[DEBUG  ] dreamplace.ops.electric_potential.electric_potential - density backward 9.716 ms
[DEBUG  ] dreamplace.ops.weighted_average_wirelength.weighted_average_wirelength - wirelength backward 0.102 ms
[INFO   ] DREAMPlace - optimizer step 23.700 ms
[INFO   ] DREAMPlace - iteration  345, (  42,  0,  1), Obj 2.998812E+05, NetCrossing 6.213E+01, NetCrossingWeight 1.000000E+01, DensityWeight 3.546661E-02, HPWL 1.492370E+03, Overflow 2.276906E-02, MaxDensity 1.506E+00, MacroOverlap 2.259E-03, MacroOverlapWeight 8.000000E-06, gamma 1.297742E-02, time 6.975ms
[INFO   ] DREAMPlace - full step 31.742 ms
[INFO   ] DREAMPlace - Lsub stopping criteria: 1 and 299881 > 280310 * 0.999
[DEBUG  ] dreamplace.ops.weighted_average_wirelength.weighted_average_wirelength - wirelength forward 0.152 ms
[DEBUG  ] dreamplace.ops.electric_potential.electric_potential - density forward 5.177 ms
[DEBUG  ] dreamplace.ops.electric_potential.electric_potential - density backward 10.219 ms
[DEBUG  ] dreamplace.ops.weighted_average_wirelength.weighted_average_wirelength - wirelength backward 0.153 ms
[INFO   ] DREAMPlace - optimizer step 24.526 ms
[INFO   ] DREAMPlace - iteration  346, (  42,  1,  0), Obj 2.998305E+05, NetCrossing 6.420E+01, NetCrossingWeight 1.000000E+01, DensityWeight 3.819262E-02, HPWL 1.496382E+03, Overflow 2.267523E-02, MaxDensity 1.506E+00, MacroOverlap 2.255E-03, MacroOverlapWeight 8.000000E-06, gamma 1.297742E-02, time 6.994ms
[INFO   ] DREAMPlace - full step 32.584 ms
[DEBUG  ] dreamplace.ops.weighted_average_wirelength.weighted_average_wirelength - wirelength forward 0.152 ms
[DEBUG  ] dreamplace.ops.electric_potential.electric_potential - density forward 5.197 ms
[DEBUG  ] dreamplace.ops.electric_potential.electric_potential - density backward 10.926 ms
[DEBUG  ] dreamplace.ops.weighted_average_wirelength.weighted_average_wirelength - wirelength backward 0.104 ms
[INFO   ] DREAMPlace - optimizer step 24.934 ms
[INFO   ] DREAMPlace - iteration  347, (  42,  1,  1), Obj 3.187332E+05, NetCrossing 6.153E+01, NetCrossingWeight 1.000000E+01, DensityWeight 3.819262E-02, HPWL 1.498756E+03, Overflow 2.246547E-02, MaxDensity 1.495E+00, MacroOverlap 2.222E-03, MacroOverlapWeight 8.000000E-06, gamma 1.297742E-02, time 6.965ms
[INFO   ] DREAMPlace - full step 32.843 ms
[INFO   ] DREAMPlace - Lsub stopping criteria: 1 and 318733 > 299830 * 0.999
[INFO   ] DREAMPlace - Llambda stopping criteria: 1 and (( 0.0224655 < 0.1 and 1498.76 > 1492.37 ) or 1.49509 < 1.0)
[DEBUG  ] dreamplace.ops.weighted_average_wirelength.weighted_average_wirelength - wirelength forward 0.151 ms
[DEBUG  ] dreamplace.ops.electric_potential.electric_potential - density forward 5.073 ms
[DEBUG  ] dreamplace.ops.electric_potential.electric_potential - density backward 10.964 ms
[DEBUG  ] dreamplace.ops.weighted_average_wirelength.weighted_average_wirelength - wirelength backward 0.156 ms
[INFO   ] DREAMPlace - optimizer step 25.532 ms
[INFO   ] DREAMPlace - iteration  348, (  43,  0,  0), Obj 3.170298E+05, NetCrossing 6.218E+01, NetCrossingWeight 1.000000E+01, DensityWeight 4.112815E-02, HPWL 1.502033E+03, Overflow 2.237959E-02, MaxDensity 1.438E+00, MacroOverlap 2.200E-03, MacroOverlapWeight 8.000000E-06, gamma 1.294195E-02, time 7.182ms
[INFO   ] DREAMPlace - full step 33.789 ms
[DEBUG  ] dreamplace.ops.weighted_average_wirelength.weighted_average_wirelength - wirelength forward 0.157 ms
[DEBUG  ] dreamplace.ops.electric_potential.electric_potential - density forward 5.338 ms
[DEBUG  ] dreamplace.ops.electric_potential.electric_potential - density backward 10.345 ms
[DEBUG  ] dreamplace.ops.weighted_average_wirelength.weighted_average_wirelength - wirelength backward 0.104 ms
[INFO   ] DREAMPlace - optimizer step 26.057 ms
[INFO   ] DREAMPlace - iteration  349, (  43,  0,  1), Obj 3.384596E+05, NetCrossing 6.056E+01, NetCrossingWeight 1.000000E+01, DensityWeight 4.112815E-02, HPWL 1.505099E+03, Overflow 2.226309E-02, MaxDensity 1.389E+00, MacroOverlap 2.177E-03, MacroOverlapWeight 8.000000E-06, gamma 1.294195E-02, time 7.108ms
[INFO   ] DREAMPlace - full step 34.248 ms
[INFO   ] DREAMPlace - Lsub stopping criteria: 1 and 338460 > 317030 * 0.999
[DEBUG  ] dreamplace.ops.weighted_average_wirelength.weighted_average_wirelength - wirelength forward 0.154 ms
[DEBUG  ] dreamplace.ops.electric_potential.electric_potential - density forward 5.404 ms
[DEBUG  ] dreamplace.ops.electric_potential.electric_potential - density backward 9.414 ms
[DEBUG  ] dreamplace.ops.weighted_average_wirelength.weighted_average_wirelength - wirelength backward 0.151 ms
[INFO   ] DREAMPlace - optimizer step 24.194 ms
[INFO   ] DREAMPlace - iteration  350, (  43,  1,  0), Obj 3.369172E+05, NetCrossing 6.204E+01, NetCrossingWeight 1.000000E+01, DensityWeight 4.428930E-02, HPWL 1.508766E+03, Overflow 2.215647E-02, MaxDensity 1.350E+00, MacroOverlap 2.152E-03, MacroOverlapWeight 8.000000E-06, gamma 1.294195E-02, time 7.207ms
[INFO   ] DREAMPlace - full step 32.477 ms
[DEBUG  ] dreamplace.ops.weighted_average_wirelength.weighted_average_wirelength - wirelength forward 0.155 ms
[DEBUG  ] dreamplace.ops.electric_potential.electric_potential - density forward 5.263 ms
[DEBUG  ] dreamplace.ops.electric_potential.electric_potential - density backward 9.944 ms
[DEBUG  ] dreamplace.ops.weighted_average_wirelength.weighted_average_wirelength - wirelength backward 0.129 ms
[INFO   ] DREAMPlace - optimizer step 24.526 ms
[INFO   ] DREAMPlace - iteration  351, (  43,  1,  1), Obj 3.605568E+05, NetCrossing 6.173E+01, NetCrossingWeight 1.000000E+01, DensityWeight 4.428930E-02, HPWL 1.511931E+03, Overflow 2.207168E-02, MaxDensity 1.334E+00, MacroOverlap 2.130E-03, MacroOverlapWeight 8.000000E-06, gamma 1.294195E-02, time 7.191ms
[INFO   ] DREAMPlace - full step 32.784 ms
[INFO   ] DREAMPlace - Lsub stopping criteria: 1 and 360557 > 336917 * 0.999
[INFO   ] DREAMPlace - Llambda stopping criteria: 1 and (( 0.0220717 < 0.1 and 1511.93 > 1505.1 ) or 1.3339 < 1.0)
[DEBUG  ] dreamplace.ops.weighted_average_wirelength.weighted_average_wirelength - wirelength forward 0.163 ms
[DEBUG  ] dreamplace.ops.electric_potential.electric_potential - density forward 5.317 ms
[DEBUG  ] dreamplace.ops.electric_potential.electric_potential - density backward 8.537 ms
[DEBUG  ] dreamplace.ops.weighted_average_wirelength.weighted_average_wirelength - wirelength backward 0.104 ms
[INFO   ] DREAMPlace - optimizer step 23.470 ms
[INFO   ] DREAMPlace - iteration  352, (  44,  0,  0), Obj 3.647622E+05, NetCrossing 6.166E+01, NetCrossingWeight 1.000000E+01, DensityWeight 4.769342E-02, HPWL 1.515602E+03, Overflow 2.219369E-02, MaxDensity 1.329E+00, MacroOverlap 2.189E-03, MacroOverlapWeight 8.000000E-06, gamma 1.291590E-02, time 7.151ms
[INFO   ] DREAMPlace - full step 31.719 ms
[DEBUG  ] dreamplace.ops.weighted_average_wirelength.weighted_average_wirelength - wirelength forward 0.151 ms
[DEBUG  ] dreamplace.ops.electric_potential.electric_potential - density forward 5.064 ms
[DEBUG  ] dreamplace.ops.electric_potential.electric_potential - density backward 10.012 ms
[DEBUG  ] dreamplace.ops.weighted_average_wirelength.weighted_average_wirelength - wirelength backward 0.129 ms
[INFO   ] DREAMPlace - optimizer step 23.749 ms
[INFO   ] DREAMPlace - iteration  353, (  44,  0,  1), Obj 3.872561E+05, NetCrossing 6.372E+01, NetCrossingWeight 1.000000E+01, DensityWeight 4.769342E-02, HPWL 1.518816E+03, Overflow 2.205827E-02, MaxDensity 1.340E+00, MacroOverlap 2.123E-03, MacroOverlapWeight 8.000000E-06, gamma 1.291590E-02, time 6.962ms
[INFO   ] DREAMPlace - full step 31.794 ms
[INFO   ] DREAMPlace - Lsub stopping criteria: 1 and 387256 > 364762 * 0.999
[DEBUG  ] dreamplace.ops.weighted_average_wirelength.weighted_average_wirelength - wirelength forward 0.153 ms
[DEBUG  ] dreamplace.ops.electric_potential.electric_potential - density forward 4.805 ms
[DEBUG  ] dreamplace.ops.electric_potential.electric_potential - density backward 9.476 ms
[DEBUG  ] dreamplace.ops.weighted_average_wirelength.weighted_average_wirelength - wirelength backward 0.139 ms
[INFO   ] DREAMPlace - optimizer step 23.694 ms
[INFO   ] DREAMPlace - iteration  354, (  44,  1,  0), Obj 3.846407E+05, NetCrossing 6.059E+01, NetCrossingWeight 1.000000E+01, DensityWeight 5.135918E-02, HPWL 1.522271E+03, Overflow 2.193079E-02, MaxDensity 1.176E+00, MacroOverlap 2.079E-03, MacroOverlapWeight 8.000000E-06, gamma 1.291590E-02, time 7.101ms
[INFO   ] DREAMPlace - full step 31.886 ms
[DEBUG  ] dreamplace.ops.weighted_average_wirelength.weighted_average_wirelength - wirelength forward 0.121 ms
[DEBUG  ] dreamplace.ops.electric_potential.electric_potential - density forward 4.742 ms
[DEBUG  ] dreamplace.ops.electric_potential.electric_potential - density backward 11.123 ms
[DEBUG  ] dreamplace.ops.weighted_average_wirelength.weighted_average_wirelength - wirelength backward 0.103 ms
[INFO   ] DREAMPlace - optimizer step 24.404 ms
[INFO   ] DREAMPlace - iteration  355, (  44,  1,  1), Obj 4.123775E+05, NetCrossing 6.166E+01, NetCrossingWeight 1.000000E+01, DensityWeight 5.135918E-02, HPWL 1.525426E+03, Overflow 2.191219E-02, MaxDensity 1.358E+00, MacroOverlap 2.068E-03, MacroOverlapWeight 8.000000E-06, gamma 1.291590E-02, time 6.688ms
[INFO   ] DREAMPlace - full step 32.141 ms
[INFO   ] DREAMPlace - Lsub stopping criteria: 1 and 412378 > 384641 * 0.999
[INFO   ] DREAMPlace - Llambda stopping criteria: 1 and (( 0.0219122 < 0.1 and 1525.43 > 1518.82 ) or 1.35775 < 1.0)
[DEBUG  ] dreamplace.ops.weighted_average_wirelength.weighted_average_wirelength - wirelength forward 0.143 ms
[DEBUG  ] dreamplace.ops.electric_potential.electric_potential - density forward 4.809 ms
[DEBUG  ] dreamplace.ops.electric_potential.electric_potential - density backward 10.239 ms
[DEBUG  ] dreamplace.ops.weighted_average_wirelength.weighted_average_wirelength - wirelength backward 0.147 ms
[INFO   ] DREAMPlace - optimizer step 23.029 ms
[INFO   ] DREAMPlace - iteration  356, (  45,  0,  0), Obj 4.107424E+05, NetCrossing 6.105E+01, NetCrossingWeight 1.000000E+01, DensityWeight 5.530670E-02, HPWL 1.528838E+03, Overflow 2.185356E-02, MaxDensity 1.411E+00, MacroOverlap 2.057E-03, MacroOverlapWeight 8.000000E-06, gamma 1.290536E-02, time 6.914ms
[INFO   ] DREAMPlace - full step 30.872 ms
[DEBUG  ] dreamplace.ops.weighted_average_wirelength.weighted_average_wirelength - wirelength forward 0.178 ms
[DEBUG  ] dreamplace.ops.electric_potential.electric_potential - density forward 5.076 ms
[DEBUG  ] dreamplace.ops.electric_potential.electric_potential - density backward 10.261 ms
[DEBUG  ] dreamplace.ops.weighted_average_wirelength.weighted_average_wirelength - wirelength backward 0.156 ms
[INFO   ] DREAMPlace - optimizer step 24.755 ms
[INFO   ] DREAMPlace - iteration  357, (  45,  0,  1), Obj 4.400832E+05, NetCrossing 6.250E+01, NetCrossingWeight 1.000000E+01, DensityWeight 5.530670E-02, HPWL 1.532071E+03, Overflow 2.178801E-02, MaxDensity 1.444E+00, MacroOverlap 2.048E-03, MacroOverlapWeight 8.000000E-06, gamma 1.290536E-02, time 7.689ms
[INFO   ] DREAMPlace - full step 33.482 ms
[INFO   ] DREAMPlace - Lsub stopping criteria: 1 and 440083 > 410742 * 0.999
[DEBUG  ] dreamplace.ops.weighted_average_wirelength.weighted_average_wirelength - wirelength forward 0.130 ms
[DEBUG  ] dreamplace.ops.electric_potential.electric_potential - density forward 4.722 ms
[DEBUG  ] dreamplace.ops.electric_potential.electric_potential - density backward 10.245 ms
[DEBUG  ] dreamplace.ops.weighted_average_wirelength.weighted_average_wirelength - wirelength backward 0.126 ms
[INFO   ] DREAMPlace - optimizer step 23.221 ms
[INFO   ] DREAMPlace - iteration  358, (  45,  1,  0), Obj 4.397073E+05, NetCrossing 6.247E+01, NetCrossingWeight 1.000000E+01, DensityWeight 5.955762E-02, HPWL 1.535552E+03, Overflow 2.175047E-02, MaxDensity 1.378E+00, MacroOverlap 2.039E-03, MacroOverlapWeight 8.000000E-06, gamma 1.290536E-02, time 6.660ms
[INFO   ] DREAMPlace - full step 30.740 ms
[DEBUG  ] dreamplace.ops.weighted_average_wirelength.weighted_average_wirelength - wirelength forward 0.109 ms
[DEBUG  ] dreamplace.ops.electric_potential.electric_potential - density forward 4.716 ms
[DEBUG  ] dreamplace.ops.electric_potential.electric_potential - density backward 9.207 ms
[DEBUG  ] dreamplace.ops.weighted_average_wirelength.weighted_average_wirelength - wirelength backward 0.124 ms
[INFO   ] DREAMPlace - optimizer step 21.853 ms
[INFO   ] DREAMPlace - iteration  359, (  45,  1,  1), Obj 4.746099E+05, NetCrossing 6.146E+01, NetCrossingWeight 1.000000E+01, DensityWeight 5.955762E-02, HPWL 1.538604E+03, Overflow 2.181079E-02, MaxDensity 1.349E+00, MacroOverlap 2.059E-03, MacroOverlapWeight 8.000000E-06, gamma 1.290536E-02, time 6.255ms
[INFO   ] DREAMPlace - full step 28.910 ms
[INFO   ] DREAMPlace - Lsub stopping criteria: 1 and 474610 > 439707 * 0.999
[INFO   ] DREAMPlace - Llambda stopping criteria: 1 and (( 0.0218108 < 0.1 and 1538.6 > 1532.07 ) or 1.34933 < 1.0)
[DEBUG  ] dreamplace.ops.weighted_average_wirelength.weighted_average_wirelength - wirelength forward 0.133 ms
[DEBUG  ] dreamplace.ops.electric_potential.electric_potential - density forward 4.939 ms
[DEBUG  ] dreamplace.ops.electric_potential.electric_potential - density backward 9.268 ms
[DEBUG  ] dreamplace.ops.weighted_average_wirelength.weighted_average_wirelength - wirelength backward 0.124 ms
[INFO   ] DREAMPlace - optimizer step 22.316 ms
[INFO   ] DREAMPlace - iteration  360, (  46,  0,  0), Obj 4.709844E+05, NetCrossing 6.379E+01, NetCrossingWeight 1.000000E+01, DensityWeight 6.413528E-02, HPWL 1.541599E+03, Overflow 2.168756E-02, MaxDensity 1.374E+00, MacroOverlap 2.020E-03, MacroOverlapWeight 8.000000E-06, gamma 1.289867E-02, time 6.577ms
[INFO   ] DREAMPlace - full step 29.715 ms
[DEBUG  ] dreamplace.ops.weighted_average_wirelength.weighted_average_wirelength - wirelength forward 0.131 ms
[DEBUG  ] dreamplace.ops.electric_potential.electric_potential - density forward 4.756 ms
[DEBUG  ] dreamplace.ops.electric_potential.electric_potential - density backward 8.317 ms
[DEBUG  ] dreamplace.ops.weighted_average_wirelength.weighted_average_wirelength - wirelength backward 0.121 ms
[INFO   ] DREAMPlace - optimizer step 21.166 ms
[INFO   ] DREAMPlace - iteration  361, (  46,  0,  1), Obj 5.047697E+05, NetCrossing 6.223E+01, NetCrossingWeight 1.000000E+01, DensityWeight 6.413528E-02, HPWL 1.544072E+03, Overflow 2.162808E-02, MaxDensity 1.392E+00, MacroOverlap 2.011E-03, MacroOverlapWeight 8.000000E-06, gamma 1.289867E-02, time 6.682ms
[INFO   ] DREAMPlace - full step 28.760 ms
[INFO   ] DREAMPlace - Lsub stopping criteria: 1 and 504770 > 470984 * 0.999
[DEBUG  ] dreamplace.ops.weighted_average_wirelength.weighted_average_wirelength - wirelength forward 0.121 ms
[DEBUG  ] dreamplace.ops.electric_potential.electric_potential - density forward 4.741 ms
[DEBUG  ] dreamplace.ops.electric_potential.electric_potential - density backward 9.248 ms
[DEBUG  ] dreamplace.ops.weighted_average_wirelength.weighted_average_wirelength - wirelength backward 0.124 ms
[INFO   ] DREAMPlace - optimizer step 21.861 ms
[INFO   ] DREAMPlace - iteration  362, (  46,  1,  0), Obj 5.036034E+05, NetCrossing 6.110E+01, NetCrossingWeight 1.000000E+01, DensityWeight 6.906481E-02, HPWL 1.546342E+03, Overflow 2.155996E-02, MaxDensity 1.389E+00, MacroOverlap 2.003E-03, MacroOverlapWeight 8.000000E-06, gamma 1.289867E-02, time 6.372ms
[INFO   ] DREAMPlace - full step 29.086 ms
[DEBUG  ] dreamplace.ops.weighted_average_wirelength.weighted_average_wirelength - wirelength forward 0.144 ms
[DEBUG  ] dreamplace.ops.electric_potential.electric_potential - density forward 4.890 ms
[DEBUG  ] dreamplace.ops.electric_potential.electric_potential - density backward 7.329 ms
[DEBUG  ] dreamplace.ops.weighted_average_wirelength.weighted_average_wirelength - wirelength backward 0.120 ms
[INFO   ] DREAMPlace - optimizer step 20.878 ms
[INFO   ] DREAMPlace - iteration  363, (  46,  1,  1), Obj 5.398849E+05, NetCrossing 6.130E+01, NetCrossingWeight 1.000000E+01, DensityWeight 6.906481E-02, HPWL 1.547969E+03, Overflow 2.154719E-02, MaxDensity 1.354E+00, MacroOverlap 1.995E-03, MacroOverlapWeight 8.000000E-06, gamma 1.289867E-02, time 6.828ms
[INFO   ] DREAMPlace - full step 28.896 ms
[INFO   ] DREAMPlace - Lsub stopping criteria: 1 and 539885 > 503603 * 0.999
[INFO   ] DREAMPlace - Llambda stopping criteria: 1 and (( 0.0215472 < 0.1 and 1547.97 > 1544.07 ) or 1.35395 < 1.0)
[DEBUG  ] dreamplace.ops.weighted_average_wirelength.weighted_average_wirelength - wirelength forward 0.197 ms
[DEBUG  ] dreamplace.ops.electric_potential.electric_potential - density forward 4.677 ms
[DEBUG  ] dreamplace.ops.electric_potential.electric_potential - density backward 9.236 ms
[DEBUG  ] dreamplace.ops.weighted_average_wirelength.weighted_average_wirelength - wirelength backward 0.123 ms
[INFO   ] DREAMPlace - optimizer step 22.476 ms
[INFO   ] DREAMPlace - iteration  364, (  47,  0,  0), Obj 5.386135E+05, NetCrossing 6.263E+01, NetCrossingWeight 1.000000E+01, DensityWeight 7.437325E-02, HPWL 1.549271E+03, Overflow 2.150326E-02, MaxDensity 1.284E+00, MacroOverlap 1.988E-03, MacroOverlapWeight 8.000000E-06, gamma 1.288128E-02, time 8.053ms
[INFO   ] DREAMPlace - full step 31.602 ms
[DEBUG  ] dreamplace.ops.weighted_average_wirelength.weighted_average_wirelength - wirelength forward 0.125 ms
[DEBUG  ] dreamplace.ops.electric_potential.electric_potential - density forward 4.802 ms
[DEBUG  ] dreamplace.ops.electric_potential.electric_potential - density backward 9.193 ms
[DEBUG  ] dreamplace.ops.weighted_average_wirelength.weighted_average_wirelength - wirelength backward 0.124 ms
[INFO   ] DREAMPlace - optimizer step 22.329 ms
[INFO   ] DREAMPlace - iteration  365, (  47,  0,  1), Obj 5.777968E+05, NetCrossing 6.129E+01, NetCrossingWeight 1.000000E+01, DensityWeight 7.437325E-02, HPWL 1.549887E+03, Overflow 2.151023E-02, MaxDensity 1.214E+00, MacroOverlap 1.981E-03, MacroOverlapWeight 8.000000E-06, gamma 1.288128E-02, time 6.500ms
[INFO   ] DREAMPlace - full step 29.965 ms
[INFO   ] DREAMPlace - Lsub stopping criteria: 1 and 577797 > 538614 * 0.999
[DEBUG  ] dreamplace.ops.weighted_average_wirelength.weighted_average_wirelength - wirelength forward 0.177 ms
[DEBUG  ] dreamplace.ops.electric_potential.electric_potential - density forward 5.372 ms
[DEBUG  ] dreamplace.ops.electric_potential.electric_potential - density backward 9.330 ms
[DEBUG  ] dreamplace.ops.weighted_average_wirelength.weighted_average_wirelength - wirelength backward 0.123 ms
[INFO   ] DREAMPlace - optimizer step 24.579 ms
[INFO   ] DREAMPlace - iteration  366, (  47,  1,  0), Obj 5.758126E+05, NetCrossing 5.993E+01, NetCrossingWeight 1.000000E+01, DensityWeight 8.008976E-02, HPWL 1.550252E+03, Overflow 2.145443E-02, MaxDensity 1.109E+00, MacroOverlap 1.975E-03, MacroOverlapWeight 8.000000E-06, gamma 1.288128E-02, time 8.386ms
[INFO   ] DREAMPlace - full step 34.358 ms
[DEBUG  ] dreamplace.ops.weighted_average_wirelength.weighted_average_wirelength - wirelength forward 0.176 ms
[DEBUG  ] dreamplace.ops.electric_potential.electric_potential - density forward 5.524 ms
[DEBUG  ] dreamplace.ops.electric_potential.electric_potential - density backward 9.331 ms
[DEBUG  ] dreamplace.ops.weighted_average_wirelength.weighted_average_wirelength - wirelength backward 0.124 ms
[INFO   ] DREAMPlace - optimizer step 24.923 ms
[INFO   ] DREAMPlace - iteration  367, (  47,  1,  1), Obj 6.179745E+05, NetCrossing 5.939E+01, NetCrossingWeight 1.000000E+01, DensityWeight 8.008976E-02, HPWL 1.550089E+03, Overflow 2.143560E-02, MaxDensity 1.017E+00, MacroOverlap 1.968E-03, MacroOverlapWeight 8.000000E-06, gamma 1.288128E-02, time 7.558ms
[INFO   ] DREAMPlace - full step 33.603 ms
[INFO   ] DREAMPlace - Lsub stopping criteria: 1 and 617974 > 575813 * 0.999
[INFO   ] DREAMPlace - Llambda stopping criteria: 1 and (( 0.0214356 < 0.1 and 1550.09 > 1549.89 ) or 1.01736 < 1.0)
[DEBUG  ] dreamplace.ops.weighted_average_wirelength.weighted_average_wirelength - wirelength forward 0.177 ms
[DEBUG  ] dreamplace.ops.electric_potential.electric_potential - density forward 5.450 ms
[DEBUG  ] dreamplace.ops.electric_potential.electric_potential - density backward 10.317 ms
[DEBUG  ] dreamplace.ops.weighted_average_wirelength.weighted_average_wirelength - wirelength backward 0.124 ms
[INFO   ] DREAMPlace - optimizer step 26.208 ms
[INFO   ] DREAMPlace - iteration  368, (  48,  0,  0), Obj 6.169056E+05, NetCrossing 5.977E+01, NetCrossingWeight 1.000000E+01, DensityWeight 8.624568E-02, HPWL 1.549799E+03, Overflow 2.139547E-02, MaxDensity 1.004E+00, MacroOverlap 1.962E-03, MacroOverlapWeight 8.000000E-06, gamma 1.287393E-02, time 7.513ms
[INFO   ] DREAMPlace - full step 34.750 ms
[DEBUG  ] dreamplace.ops.weighted_average_wirelength.weighted_average_wirelength - wirelength forward 0.146 ms
[DEBUG  ] dreamplace.ops.electric_potential.electric_potential - density forward 4.994 ms
[DEBUG  ] dreamplace.ops.electric_potential.electric_potential - density backward 10.197 ms
[DEBUG  ] dreamplace.ops.weighted_average_wirelength.weighted_average_wirelength - wirelength backward 0.125 ms
[INFO   ] DREAMPlace - optimizer step 24.295 ms
[INFO   ] DREAMPlace - iteration  369, (  48,  0,  1), Obj 6.617789E+05, NetCrossing 6.157E+01, NetCrossingWeight 1.000000E+01, DensityWeight 8.624568E-02, HPWL 1.549118E+03, Overflow 2.134167E-02, MaxDensity 1.004E+00, MacroOverlap 1.954E-03, MacroOverlapWeight 8.000000E-06, gamma 1.287393E-02, time 6.712ms
[INFO   ] DREAMPlace - full step 32.062 ms
[INFO   ] DREAMPlace - Lsub stopping criteria: 1 and 661779 > 616906 * 0.999
[DEBUG  ] dreamplace.ops.weighted_average_wirelength.weighted_average_wirelength - wirelength forward 0.151 ms
[DEBUG  ] dreamplace.ops.electric_potential.electric_potential - density forward 5.068 ms
[DEBUG  ] dreamplace.ops.electric_potential.electric_potential - density backward 10.227 ms
[DEBUG  ] dreamplace.ops.weighted_average_wirelength.weighted_average_wirelength - wirelength backward 0.126 ms
[INFO   ] DREAMPlace - optimizer step 24.457 ms
[INFO   ] DREAMPlace - iteration  370, (  48,  1,  0), Obj 6.603897E+05, NetCrossing 6.160E+01, NetCrossingWeight 1.000000E+01, DensityWeight 9.117229E-02, HPWL 1.548421E+03, Overflow 2.133719E-02, MaxDensity 1.004E+00, MacroOverlap 1.946E-03, MacroOverlapWeight 8.000000E-06, gamma 1.287393E-02, time 7.190ms
[INFO   ] DREAMPlace - full step 32.772 ms
[DEBUG  ] dreamplace.ops.weighted_average_wirelength.weighted_average_wirelength - wirelength forward 0.186 ms
[DEBUG  ] dreamplace.ops.electric_potential.electric_potential - density forward 5.069 ms
[DEBUG  ] dreamplace.ops.electric_potential.electric_potential - density backward 9.235 ms
[DEBUG  ] dreamplace.ops.weighted_average_wirelength.weighted_average_wirelength - wirelength backward 0.135 ms
[INFO   ] DREAMPlace - optimizer step 23.824 ms
[INFO   ] DREAMPlace - iteration  371, (  48,  1,  1), Obj 6.957464E+05, NetCrossing 6.311E+01, NetCrossingWeight 1.000000E+01, DensityWeight 9.117229E-02, HPWL 1.547464E+03, Overflow 2.130528E-02, MaxDensity 1.004E+00, MacroOverlap 1.937E-03, MacroOverlapWeight 8.000000E-06, gamma 1.287393E-02, time 7.343ms
[INFO   ] DREAMPlace - full step 32.394 ms
[INFO   ] DREAMPlace - Lsub stopping criteria: 1 and 695746 > 660390 * 0.999
[DEBUG  ] dreamplace.ops.weighted_average_wirelength.weighted_average_wirelength - wirelength forward 0.113 ms
[DEBUG  ] dreamplace.ops.electric_potential.electric_potential - density forward 4.651 ms
[DEBUG  ] dreamplace.ops.electric_potential.electric_potential - density backward 9.206 ms
[DEBUG  ] dreamplace.ops.weighted_average_wirelength.weighted_average_wirelength - wirelength backward 0.128 ms
[INFO   ] DREAMPlace - optimizer step 21.949 ms
[INFO   ] DREAMPlace - iteration  372, (  48,  2,  0), Obj 6.941495E+05, NetCrossing 6.135E+01, NetCrossingWeight 1.000000E+01, DensityWeight 9.637069E-02, HPWL 1.546598E+03, Overflow 2.126033E-02, MaxDensity 1.004E+00, MacroOverlap 1.928E-03, MacroOverlapWeight 8.000000E-06, gamma 1.287393E-02, time 6.932ms
[INFO   ] DREAMPlace - full step 30.042 ms
[DEBUG  ] dreamplace.ops.weighted_average_wirelength.weighted_average_wirelength - wirelength forward 0.122 ms
[DEBUG  ] dreamplace.ops.electric_potential.electric_potential - density forward 5.069 ms
[DEBUG  ] dreamplace.ops.electric_potential.electric_potential - density backward 9.203 ms
[DEBUG  ] dreamplace.ops.weighted_average_wirelength.weighted_average_wirelength - wirelength backward 0.167 ms
[INFO   ] DREAMPlace - optimizer step 22.851 ms
[INFO   ] DREAMPlace - iteration  373, (  48,  2,  1), Obj 7.324825E+05, NetCrossing 6.240E+01, NetCrossingWeight 1.000000E+01, DensityWeight 9.637069E-02, HPWL 1.545660E+03, Overflow 2.124013E-02, MaxDensity 1.004E+00, MacroOverlap 1.927E-03, MacroOverlapWeight 8.000000E-06, gamma 1.287393E-02, time 6.559ms
[INFO   ] DREAMPlace - full step 30.502 ms
[INFO   ] DREAMPlace - Lsub stopping criteria: 1 and 732482 > 694150 * 0.999
[DEBUG  ] dreamplace.ops.weighted_average_wirelength.weighted_average_wirelength - wirelength forward 0.153 ms
[DEBUG  ] dreamplace.ops.electric_potential.electric_potential - density forward 5.079 ms
[DEBUG  ] dreamplace.ops.electric_potential.electric_potential - density backward 9.251 ms
[DEBUG  ] dreamplace.ops.weighted_average_wirelength.weighted_average_wirelength - wirelength backward 0.101 ms
[INFO   ] DREAMPlace - optimizer step 23.056 ms
[INFO   ] DREAMPlace - iteration  374, (  48,  3,  0), Obj 7.293259E+05, NetCrossing 6.122E+01, NetCrossingWeight 1.000000E+01, DensityWeight 1.018553E-01, HPWL 1.545180E+03, Overflow 2.121722E-02, MaxDensity 1.004E+00, MacroOverlap 1.907E-03, MacroOverlapWeight 8.000000E-06, gamma 1.287393E-02, time 7.095ms
[INFO   ] DREAMPlace - full step 31.193 ms
[DEBUG  ] dreamplace.ops.weighted_average_wirelength.weighted_average_wirelength - wirelength forward 0.157 ms
[DEBUG  ] dreamplace.ops.electric_potential.electric_potential - density forward 5.240 ms
[DEBUG  ] dreamplace.ops.electric_potential.electric_potential - density backward 9.155 ms
[DEBUG  ] dreamplace.ops.weighted_average_wirelength.weighted_average_wirelength - wirelength backward 0.134 ms
[INFO   ] DREAMPlace - optimizer step 23.511 ms
[INFO   ] DREAMPlace - iteration  375, (  48,  3,  1), Obj 7.684682E+05, NetCrossing 6.149E+01, NetCrossingWeight 1.000000E+01, DensityWeight 1.018553E-01, HPWL 1.544824E+03, Overflow 2.114884E-02, MaxDensity 1.004E+00, MacroOverlap 1.894E-03, MacroOverlapWeight 8.000000E-06, gamma 1.287393E-02, time 6.969ms
[INFO   ] DREAMPlace - full step 31.535 ms
[INFO   ] DREAMPlace - Lsub stopping criteria: 1 and 768468 > 729326 * 0.999
[DEBUG  ] dreamplace.ops.weighted_average_wirelength.weighted_average_wirelength - wirelength forward 0.154 ms
[DEBUG  ] dreamplace.ops.electric_potential.electric_potential - density forward 5.206 ms
[DEBUG  ] dreamplace.ops.electric_potential.electric_potential - density backward 10.234 ms
[DEBUG  ] dreamplace.ops.weighted_average_wirelength.weighted_average_wirelength - wirelength backward 0.098 ms
[INFO   ] DREAMPlace - optimizer step 24.575 ms
[INFO   ] DREAMPlace - iteration  376, (  48,  4,  0), Obj 7.676462E+05, NetCrossing 6.335E+01, NetCrossingWeight 1.000000E+01, DensityWeight 1.076413E-01, HPWL 1.544830E+03, Overflow 2.108571E-02, MaxDensity 1.076E+00, MacroOverlap 1.883E-03, MacroOverlapWeight 8.000000E-06, gamma 1.287393E-02, time 7.017ms
[INFO   ] DREAMPlace - full step 32.504 ms
[DEBUG  ] dreamplace.ops.weighted_average_wirelength.weighted_average_wirelength - wirelength forward 0.108 ms
[DEBUG  ] dreamplace.ops.electric_potential.electric_potential - density forward 5.271 ms
[DEBUG  ] dreamplace.ops.electric_potential.electric_potential - density backward 10.180 ms
[DEBUG  ] dreamplace.ops.weighted_average_wirelength.weighted_average_wirelength - wirelength backward 0.097 ms
[INFO   ] DREAMPlace - optimizer step 24.052 ms
[INFO   ] DREAMPlace - iteration  377, (  48,  4,  1), Obj 8.084551E+05, NetCrossing 6.617E+01, NetCrossingWeight 1.000000E+01, DensityWeight 1.076413E-01, HPWL 1.545128E+03, Overflow 2.106284E-02, MaxDensity 1.163E+00, MacroOverlap 1.881E-03, MacroOverlapWeight 8.000000E-06, gamma 1.287393E-02, time 6.124ms
[INFO   ] DREAMPlace - full step 30.996 ms
[INFO   ] DREAMPlace - Lsub stopping criteria: 1 and 808455 > 767646 * 0.999
[INFO   ] DREAMPlace - Llambda stopping criteria: 4 and (( 0.0210628 < 0.1 and 1545.13 > 1544.82 ) or 1.16264 < 1.0)
[DEBUG  ] dreamplace.ops.weighted_average_wirelength.weighted_average_wirelength - wirelength forward 0.113 ms
[DEBUG  ] dreamplace.ops.electric_potential.electric_potential - density forward 5.303 ms
[DEBUG  ] dreamplace.ops.electric_potential.electric_potential - density backward 10.986 ms
[DEBUG  ] dreamplace.ops.weighted_average_wirelength.weighted_average_wirelength - wirelength backward 0.141 ms
[INFO   ] DREAMPlace - optimizer step 25.020 ms
[INFO   ] DREAMPlace - iteration  378, (  49,  0,  0), Obj 8.048076E+05, NetCrossing 6.281E+01, NetCrossingWeight 1.000000E+01, DensityWeight 1.159149E-01, HPWL 1.545751E+03, Overflow 2.100212E-02, MaxDensity 1.400E+00, MacroOverlap 1.862E-03, MacroOverlapWeight 8.000000E-06, gamma 1.284940E-02, time 6.325ms
[INFO   ] DREAMPlace - full step 32.303 ms
[DEBUG  ] dreamplace.ops.weighted_average_wirelength.weighted_average_wirelength - wirelength forward 0.138 ms
[DEBUG  ] dreamplace.ops.electric_potential.electric_potential - density forward 5.204 ms
[DEBUG  ] dreamplace.ops.electric_potential.electric_potential - density backward 10.875 ms
[DEBUG  ] dreamplace.ops.weighted_average_wirelength.weighted_average_wirelength - wirelength backward 0.096 ms
[INFO   ] DREAMPlace - optimizer step 23.980 ms
[INFO   ] DREAMPlace - iteration  379, (  49,  0,  1), Obj 8.650989E+05, NetCrossing 6.310E+01, NetCrossingWeight 1.000000E+01, DensityWeight 1.159149E-01, HPWL 1.546567E+03, Overflow 2.094496E-02, MaxDensity 1.333E+00, MacroOverlap 1.853E-03, MacroOverlapWeight 8.000000E-06, gamma 1.284940E-02, time 6.881ms
[INFO   ] DREAMPlace - full step 31.896 ms
[INFO   ] DREAMPlace - Lsub stopping criteria: 1 and 865099 > 804808 * 0.999
[DEBUG  ] dreamplace.ops.weighted_average_wirelength.weighted_average_wirelength - wirelength forward 0.135 ms
[DEBUG  ] dreamplace.ops.electric_potential.electric_potential - density forward 4.965 ms
[DEBUG  ] dreamplace.ops.electric_potential.electric_potential - density backward 8.600 ms
[DEBUG  ] dreamplace.ops.weighted_average_wirelength.weighted_average_wirelength - wirelength backward 0.118 ms
[DEBUG  ] dreamplace.ops.weighted_average_wirelength.weighted_average_wirelength - wirelength forward 0.128 ms
[DEBUG  ] dreamplace.ops.electric_potential.electric_potential - density forward 5.436 ms
[DEBUG  ] dreamplace.ops.electric_potential.electric_potential - density backward 8.586 ms
[DEBUG  ] dreamplace.ops.weighted_average_wirelength.weighted_average_wirelength - wirelength backward 0.108 ms
[INFO   ] DREAMPlace - optimizer step 43.082 ms
[INFO   ] DREAMPlace - iteration  380, (  49,  1,  0), Obj 8.655109E+05, NetCrossing 6.419E+01, NetCrossingWeight 1.000000E+01, DensityWeight 1.248244E-01, HPWL 1.547835E+03, Overflow 2.088619E-02, MaxDensity 1.506E+00, MacroOverlap 1.845E-03, MacroOverlapWeight 8.000000E-06, gamma 1.284940E-02, time 6.740ms
[INFO   ] DREAMPlace - full step 50.807 ms
[DEBUG  ] dreamplace.ops.weighted_average_wirelength.weighted_average_wirelength - wirelength forward 0.142 ms
[DEBUG  ] dreamplace.ops.electric_potential.electric_potential - density forward 5.104 ms
[DEBUG  ] dreamplace.ops.electric_potential.electric_potential - density backward 9.665 ms
[DEBUG  ] dreamplace.ops.weighted_average_wirelength.weighted_average_wirelength - wirelength backward 0.092 ms
[DEBUG  ] dreamplace.ops.weighted_average_wirelength.weighted_average_wirelength - wirelength forward 0.131 ms
[DEBUG  ] dreamplace.ops.electric_potential.electric_potential - density forward 5.012 ms
[DEBUG  ] dreamplace.ops.electric_potential.electric_potential - density backward 9.737 ms
[DEBUG  ] dreamplace.ops.weighted_average_wirelength.weighted_average_wirelength - wirelength backward 0.093 ms
[DEBUG  ] dreamplace.ops.weighted_average_wirelength.weighted_average_wirelength - wirelength forward 0.124 ms
[DEBUG  ] dreamplace.ops.electric_potential.electric_potential - density forward 5.130 ms
[DEBUG  ] dreamplace.ops.electric_potential.electric_potential - density backward 9.737 ms
[DEBUG  ] dreamplace.ops.weighted_average_wirelength.weighted_average_wirelength - wirelength backward 0.120 ms
[DEBUG  ] dreamplace.ops.weighted_average_wirelength.weighted_average_wirelength - wirelength forward 0.124 ms
[DEBUG  ] dreamplace.ops.electric_potential.electric_potential - density forward 5.032 ms
[DEBUG  ] dreamplace.ops.electric_potential.electric_potential - density backward 9.697 ms
[DEBUG  ] dreamplace.ops.weighted_average_wirelength.weighted_average_wirelength - wirelength backward 0.147 ms
[DEBUG  ] dreamplace.ops.weighted_average_wirelength.weighted_average_wirelength - wirelength forward 0.126 ms
[DEBUG  ] dreamplace.ops.electric_potential.electric_potential - density forward 5.040 ms
[DEBUG  ] dreamplace.ops.electric_potential.electric_potential - density backward 9.701 ms
[DEBUG  ] dreamplace.ops.weighted_average_wirelength.weighted_average_wirelength - wirelength backward 0.112 ms
[INFO   ] DREAMPlace - optimizer step 113.109 ms
[INFO   ] DREAMPlace - iteration  381, (  49,  1,  1), Obj 9.446627E+05, NetCrossing 6.405E+01, NetCrossingWeight 1.000000E+01, DensityWeight 1.248244E-01, HPWL 1.548824E+03, Overflow 2.090361E-02, MaxDensity 1.506E+00, MacroOverlap 1.850E-03, MacroOverlapWeight 8.000000E-06, gamma 1.284940E-02, time 6.762ms
[INFO   ] DREAMPlace - full step 120.809 ms
[INFO   ] DREAMPlace - Lsub stopping criteria: 1 and 944663 > 865511 * 0.999
[INFO   ] DREAMPlace - Llambda stopping criteria: 1 and (( 0.0209036 < 0.1 and 1548.82 > 1546.57 ) or 1.50583 < 1.0)
[DEBUG  ] dreamplace.ops.weighted_average_wirelength.weighted_average_wirelength - wirelength forward 0.131 ms
[DEBUG  ] dreamplace.ops.electric_potential.electric_potential - density forward 4.964 ms
[DEBUG  ] dreamplace.ops.electric_potential.electric_potential - density backward 9.512 ms
[DEBUG  ] dreamplace.ops.weighted_average_wirelength.weighted_average_wirelength - wirelength backward 0.098 ms
[INFO   ] DREAMPlace - optimizer step 23.979 ms
[INFO   ] DREAMPlace - iteration  382, (  50,  0,  0), Obj 9.398122E+05, NetCrossing 6.300E+01, NetCrossingWeight 1.000000E+01, DensityWeight 1.344187E-01, HPWL 1.550969E+03, Overflow 2.074253E-02, MaxDensity 1.506E+00, MacroOverlap 1.828E-03, MacroOverlapWeight 8.000000E-06, gamma 1.283893E-02, time 6.722ms
[INFO   ] DREAMPlace - full step 31.937 ms
[DEBUG  ] dreamplace.ops.weighted_average_wirelength.weighted_average_wirelength - wirelength forward 0.197 ms
[DEBUG  ] dreamplace.ops.electric_potential.electric_potential - density forward 4.642 ms
[DEBUG  ] dreamplace.ops.electric_potential.electric_potential - density backward 9.329 ms
[DEBUG  ] dreamplace.ops.weighted_average_wirelength.weighted_average_wirelength - wirelength backward 0.128 ms
[INFO   ] DREAMPlace - optimizer step 22.920 ms
[INFO   ] DREAMPlace - iteration  383, (  50,  0,  1), Obj 9.948620E+05, NetCrossing 6.270E+01, NetCrossingWeight 1.000000E+01, DensityWeight 1.344187E-01, HPWL 1.552368E+03, Overflow 2.068182E-02, MaxDensity 1.506E+00, MacroOverlap 1.826E-03, MacroOverlapWeight 8.000000E-06, gamma 1.283893E-02, time 8.308ms
[INFO   ] DREAMPlace - full step 32.329 ms
[INFO   ] DREAMPlace - Lsub stopping criteria: 1 and 994862 > 939812 * 0.999
[DEBUG  ] dreamplace.ops.weighted_average_wirelength.weighted_average_wirelength - wirelength forward 0.146 ms
[DEBUG  ] dreamplace.ops.electric_potential.electric_potential - density forward 4.996 ms
[DEBUG  ] dreamplace.ops.electric_potential.electric_potential - density backward 11.172 ms
[DEBUG  ] dreamplace.ops.weighted_average_wirelength.weighted_average_wirelength - wirelength backward 0.099 ms
[INFO   ] DREAMPlace - optimizer step 24.022 ms
[INFO   ] DREAMPlace - iteration  384, (  50,  1,  0), Obj 9.913928E+05, NetCrossing 6.303E+01, NetCrossingWeight 1.000000E+01, DensityWeight 1.447504E-01, HPWL 1.553711E+03, Overflow 2.061416E-02, MaxDensity 1.506E+00, MacroOverlap 1.824E-03, MacroOverlapWeight 8.000000E-06, gamma 1.283893E-02, time 6.848ms
[INFO   ] DREAMPlace - full step 31.897 ms
[DEBUG  ] dreamplace.ops.weighted_average_wirelength.weighted_average_wirelength - wirelength forward 0.115 ms
[DEBUG  ] dreamplace.ops.electric_potential.electric_potential - density forward 4.672 ms
[DEBUG  ] dreamplace.ops.electric_potential.electric_potential - density backward 10.906 ms
[DEBUG  ] dreamplace.ops.weighted_average_wirelength.weighted_average_wirelength - wirelength backward 0.099 ms
[INFO   ] DREAMPlace - optimizer step 23.398 ms
[INFO   ] DREAMPlace - iteration  385, (  50,  1,  1), Obj 1.064932E+06, NetCrossing 6.356E+01, NetCrossingWeight 1.000000E+01, DensityWeight 1.447504E-01, HPWL 1.554943E+03, Overflow 2.055520E-02, MaxDensity 1.506E+00, MacroOverlap 1.824E-03, MacroOverlapWeight 8.000000E-06, gamma 1.283893E-02, time 6.550ms
[INFO   ] DREAMPlace - full step 30.850 ms
[INFO   ] DREAMPlace - Lsub stopping criteria: 1 and 1.06493e+06 > 991393 * 0.999
[INFO   ] DREAMPlace - Llambda stopping criteria: 1 and (( 0.0205552 < 0.1 and 1554.94 > 1552.37 ) or 1.50583 < 1.0)
[DEBUG  ] dreamplace.ops.weighted_average_wirelength.weighted_average_wirelength - wirelength forward 0.145 ms
[DEBUG  ] dreamplace.ops.electric_potential.electric_potential - density forward 4.879 ms
[DEBUG  ] dreamplace.ops.electric_potential.electric_potential - density backward 9.327 ms
[DEBUG  ] dreamplace.ops.weighted_average_wirelength.weighted_average_wirelength - wirelength backward 0.139 ms
[INFO   ] DREAMPlace - optimizer step 22.496 ms
[INFO   ] DREAMPlace - iteration  386, (  51,  0,  0), Obj 1.065385E+06, NetCrossing 6.101E+01, NetCrossingWeight 1.000000E+01, DensityWeight 1.558762E-01, HPWL 1.556379E+03, Overflow 2.051104E-02, MaxDensity 1.413E+00, MacroOverlap 1.826E-03, MacroOverlapWeight 8.000000E-06, gamma 1.281607E-02, time 6.852ms
[INFO   ] DREAMPlace - full step 30.312 ms
[DEBUG  ] dreamplace.ops.weighted_average_wirelength.weighted_average_wirelength - wirelength forward 0.148 ms
[DEBUG  ] dreamplace.ops.electric_potential.electric_potential - density forward 4.716 ms
[DEBUG  ] dreamplace.ops.electric_potential.electric_potential - density backward 9.193 ms
[DEBUG  ] dreamplace.ops.weighted_average_wirelength.weighted_average_wirelength - wirelength backward 0.101 ms
[INFO   ] DREAMPlace - optimizer step 22.069 ms
[INFO   ] DREAMPlace - iteration  387, (  51,  0,  1), Obj 1.139288E+06, NetCrossing 6.105E+01, NetCrossingWeight 1.000000E+01, DensityWeight 1.558762E-01, HPWL 1.557864E+03, Overflow 2.041541E-02, MaxDensity 1.398E+00, MacroOverlap 1.822E-03, MacroOverlapWeight 8.000000E-06, gamma 1.281607E-02, time 7.538ms
[INFO   ] DREAMPlace - full step 30.640 ms
[INFO   ] DREAMPlace - Lsub stopping criteria: 1 and 1.13929e+06 > 1.06538e+06 * 0.999
[DEBUG  ] dreamplace.ops.weighted_average_wirelength.weighted_average_wirelength - wirelength forward 0.115 ms
[DEBUG  ] dreamplace.ops.electric_potential.electric_potential - density forward 4.658 ms
[DEBUG  ] dreamplace.ops.electric_potential.electric_potential - density backward 9.884 ms
[DEBUG  ] dreamplace.ops.weighted_average_wirelength.weighted_average_wirelength - wirelength backward 0.097 ms
[INFO   ] DREAMPlace - optimizer step 22.259 ms
[INFO   ] DREAMPlace - iteration  388, (  51,  1,  0), Obj 1.136836E+06, NetCrossing 6.051E+01, NetCrossingWeight 1.000000E+01, DensityWeight 1.678571E-01, HPWL 1.559586E+03, Overflow 2.034087E-02, MaxDensity 1.311E+00, MacroOverlap 1.821E-03, MacroOverlapWeight 8.000000E-06, gamma 1.281607E-02, time 6.662ms
[INFO   ] DREAMPlace - full step 29.903 ms
[DEBUG  ] dreamplace.ops.weighted_average_wirelength.weighted_average_wirelength - wirelength forward 0.116 ms
[DEBUG  ] dreamplace.ops.electric_potential.electric_potential - density forward 5.096 ms
[DEBUG  ] dreamplace.ops.electric_potential.electric_potential - density backward 9.878 ms
[DEBUG  ] dreamplace.ops.weighted_average_wirelength.weighted_average_wirelength - wirelength backward 0.128 ms
[INFO   ] DREAMPlace - optimizer step 23.742 ms
[INFO   ] DREAMPlace - iteration  389, (  51,  1,  1), Obj 1.218664E+06, NetCrossing 5.980E+01, NetCrossingWeight 1.000000E+01, DensityWeight 1.678571E-01, HPWL 1.561200E+03, Overflow 2.027841E-02, MaxDensity 1.117E+00, MacroOverlap 1.822E-03, MacroOverlapWeight 8.000000E-06, gamma 1.281607E-02, time 6.307ms
[INFO   ] DREAMPlace - full step 30.891 ms
[INFO   ] DREAMPlace - Lsub stopping criteria: 1 and 1.21866e+06 > 1.13684e+06 * 0.999
[INFO   ] DREAMPlace - Llambda stopping criteria: 1 and (( 0.0202784 < 0.1 and 1561.2 > 1557.86 ) or 1.11655 < 1.0)
[DEBUG  ] dreamplace.ops.weighted_average_wirelength.weighted_average_wirelength - wirelength forward 0.201 ms
[DEBUG  ] dreamplace.ops.electric_potential.electric_potential - density forward 5.120 ms
[DEBUG  ] dreamplace.ops.electric_potential.electric_potential - density backward 8.444 ms
[DEBUG  ] dreamplace.ops.weighted_average_wirelength.weighted_average_wirelength - wirelength backward 0.122 ms
[INFO   ] DREAMPlace - optimizer step 23.383 ms
[INFO   ] DREAMPlace - iteration  390, (  52,  0,  0), Obj 1.217521E+06, NetCrossing 6.203E+01, NetCrossingWeight 1.000000E+01, DensityWeight 1.807590E-01, HPWL 1.563106E+03, Overflow 2.020350E-02, MaxDensity 1.092E+00, MacroOverlap 1.822E-03, MacroOverlapWeight 8.000000E-06, gamma 1.279793E-02, time 7.116ms
[INFO   ] DREAMPlace - full step 31.360 ms
[DEBUG  ] dreamplace.ops.weighted_average_wirelength.weighted_average_wirelength - wirelength forward 0.182 ms
[DEBUG  ] dreamplace.ops.electric_potential.electric_potential - density forward 5.270 ms
[DEBUG  ] dreamplace.ops.electric_potential.electric_potential - density backward 8.386 ms
[DEBUG  ] dreamplace.ops.weighted_average_wirelength.weighted_average_wirelength - wirelength backward 0.130 ms
[INFO   ] DREAMPlace - optimizer step 22.368 ms
[INFO   ] DREAMPlace - iteration  391, (  52,  0,  1), Obj 1.307818E+06, NetCrossing 5.899E+01, NetCrossingWeight 1.000000E+01, DensityWeight 1.807590E-01, HPWL 1.564967E+03, Overflow 2.014237E-02, MaxDensity 1.028E+00, MacroOverlap 1.826E-03, MacroOverlapWeight 8.000000E-06, gamma 1.279793E-02, time 7.721ms
[INFO   ] DREAMPlace - full step 30.958 ms
[INFO   ] DREAMPlace - Lsub stopping criteria: 1 and 1.30782e+06 > 1.21752e+06 * 0.999
[DEBUG  ] dreamplace.ops.weighted_average_wirelength.weighted_average_wirelength - wirelength forward 0.150 ms
[DEBUG  ] dreamplace.ops.electric_potential.electric_potential - density forward 5.204 ms
[DEBUG  ] dreamplace.ops.electric_potential.electric_potential - density backward 10.843 ms
[DEBUG  ] dreamplace.ops.weighted_average_wirelength.weighted_average_wirelength - wirelength backward 0.135 ms
[INFO   ] DREAMPlace - optimizer step 24.836 ms
[INFO   ] DREAMPlace - iteration  392, (  52,  1,  0), Obj 1.305769E+06, NetCrossing 6.003E+01, NetCrossingWeight 1.000000E+01, DensityWeight 1.946524E-01, HPWL 1.567055E+03, Overflow 2.008825E-02, MaxDensity 1.004E+00, MacroOverlap 1.828E-03, MacroOverlapWeight 8.000000E-06, gamma 1.279793E-02, time 7.252ms
[INFO   ] DREAMPlace - full step 33.195 ms
[DEBUG  ] dreamplace.ops.weighted_average_wirelength.weighted_average_wirelength - wirelength forward 0.146 ms
[DEBUG  ] dreamplace.ops.electric_potential.electric_potential - density forward 5.223 ms
[DEBUG  ] dreamplace.ops.electric_potential.electric_potential - density backward 10.914 ms
[DEBUG  ] dreamplace.ops.weighted_average_wirelength.weighted_average_wirelength - wirelength backward 0.134 ms
[INFO   ] DREAMPlace - optimizer step 25.429 ms
[INFO   ] DREAMPlace - iteration  393, (  52,  1,  1), Obj 1.401483E+06, NetCrossing 5.926E+01, NetCrossingWeight 1.000000E+01, DensityWeight 1.946524E-01, HPWL 1.568957E+03, Overflow 2.005579E-02, MaxDensity 1.004E+00, MacroOverlap 1.833E-03, MacroOverlapWeight 8.000000E-06, gamma 1.279793E-02, time 7.968ms
[INFO   ] DREAMPlace - full step 34.372 ms
[INFO   ] DREAMPlace - Lsub stopping criteria: 1 and 1.40148e+06 > 1.30577e+06 * 0.999
[INFO   ] DREAMPlace - Llambda stopping criteria: 1 and (( 0.0200558 < 0.1 and 1568.96 > 1564.97 ) or 1.00389 < 1.0)
[DEBUG  ] dreamplace.ops.weighted_average_wirelength.weighted_average_wirelength - wirelength forward 0.122 ms
[DEBUG  ] dreamplace.ops.electric_potential.electric_potential - density forward 4.791 ms
[DEBUG  ] dreamplace.ops.electric_potential.electric_potential - density backward 10.192 ms
[DEBUG  ] dreamplace.ops.weighted_average_wirelength.weighted_average_wirelength - wirelength backward 0.131 ms
[INFO   ] DREAMPlace - optimizer step 23.641 ms
[INFO   ] DREAMPlace - iteration  394, (  53,  0,  0), Obj 1.398324E+06, NetCrossing 6.193E+01, NetCrossingWeight 1.000000E+01, DensityWeight 2.096137E-01, HPWL 1.570766E+03, Overflow 2.002688E-02, MaxDensity 1.004E+00, MacroOverlap 1.836E-03, MacroOverlapWeight 8.000000E-06, gamma 1.278336E-02, time 6.459ms
[INFO   ] DREAMPlace - full step 31.031 ms
[DEBUG  ] dreamplace.ops.weighted_average_wirelength.weighted_average_wirelength - wirelength forward 0.147 ms
[DEBUG  ] dreamplace.ops.electric_potential.electric_potential - density forward 4.764 ms
[DEBUG  ] dreamplace.ops.electric_potential.electric_potential - density backward 8.678 ms
[DEBUG  ] dreamplace.ops.weighted_average_wirelength.weighted_average_wirelength - wirelength backward 0.129 ms
[INFO   ] DREAMPlace - optimizer step 21.829 ms
[INFO   ] DREAMPlace - iteration  395, (  53,  0,  1), Obj 1.501589E+06, NetCrossing 6.066E+01, NetCrossingWeight 1.000000E+01, DensityWeight 2.096137E-01, HPWL 1.572246E+03, Overflow 2.000647E-02, MaxDensity 1.004E+00, MacroOverlap 1.843E-03, MacroOverlapWeight 8.000000E-06, gamma 1.278336E-02, time 6.907ms
[INFO   ] DREAMPlace - full step 29.670 ms
[INFO   ] DREAMPlace - Lsub stopping criteria: 1 and 1.50159e+06 > 1.39832e+06 * 0.999
[DEBUG  ] dreamplace.ops.weighted_average_wirelength.weighted_average_wirelength - wirelength forward 0.131 ms
[DEBUG  ] dreamplace.ops.electric_potential.electric_potential - density forward 4.956 ms
[DEBUG  ] dreamplace.ops.electric_potential.electric_potential - density backward 9.869 ms
[DEBUG  ] dreamplace.ops.weighted_average_wirelength.weighted_average_wirelength - wirelength backward 0.125 ms
[INFO   ] DREAMPlace - optimizer step 23.546 ms
[INFO   ] DREAMPlace - iteration  396, (  53,  1,  0), Obj 1.497925E+06, NetCrossing 6.125E+01, NetCrossingWeight 1.000000E+01, DensityWeight 2.257251E-01, HPWL 1.573596E+03, Overflow 1.998536E-02, MaxDensity 1.004E+00, MacroOverlap 1.848E-03, MacroOverlapWeight 8.000000E-06, gamma 1.278336E-02, time 6.488ms
[INFO   ] DREAMPlace - full step 31.002 ms
[DEBUG  ] dreamplace.ops.weighted_average_wirelength.weighted_average_wirelength - wirelength forward 0.117 ms
[DEBUG  ] dreamplace.ops.electric_potential.electric_potential - density forward 4.660 ms
[DEBUG  ] dreamplace.ops.electric_potential.electric_potential - density backward 9.781 ms
[DEBUG  ] dreamplace.ops.weighted_average_wirelength.weighted_average_wirelength - wirelength backward 0.113 ms
[INFO   ] DREAMPlace - optimizer step 21.856 ms
[INFO   ] DREAMPlace - iteration  397, (  53,  1,  1), Obj 1.607127E+06, NetCrossing 5.927E+01, NetCrossingWeight 1.000000E+01, DensityWeight 2.257251E-01, HPWL 1.574647E+03, Overflow 1.994103E-02, MaxDensity 1.004E+00, MacroOverlap 1.855E-03, MacroOverlapWeight 8.000000E-06, gamma 1.278336E-02, time 7.377ms
[INFO   ] DREAMPlace - full step 30.267 ms
[INFO   ] DREAMPlace - Lsub stopping criteria: 1 and 1.60713e+06 > 1.49792e+06 * 0.999
[INFO   ] DREAMPlace - Llambda stopping criteria: 1 and (( 0.019941 < 0.1 and 1574.65 > 1572.25 ) or 1.00389 < 1.0)
[DEBUG  ] dreamplace.ops.weighted_average_wirelength.weighted_average_wirelength - wirelength forward 0.112 ms
[DEBUG  ] dreamplace.ops.electric_potential.electric_potential - density forward 4.637 ms
[DEBUG  ] dreamplace.ops.electric_potential.electric_potential - density backward 9.752 ms
[DEBUG  ] dreamplace.ops.weighted_average_wirelength.weighted_average_wirelength - wirelength backward 0.094 ms
[INFO   ] DREAMPlace - optimizer step 21.359 ms
[INFO   ] DREAMPlace - iteration  398, (  54,  0,  0), Obj 1.607397E+06, NetCrossing 6.292E+01, NetCrossingWeight 1.000000E+01, DensityWeight 2.430748E-01, HPWL 1.575594E+03, Overflow 1.988801E-02, MaxDensity 1.004E+00, MacroOverlap 1.860E-03, MacroOverlapWeight 8.000000E-06, gamma 1.277585E-02, time 6.214ms
[INFO   ] DREAMPlace - full step 28.404 ms
[DEBUG  ] dreamplace.ops.weighted_average_wirelength.weighted_average_wirelength - wirelength forward 0.118 ms
[DEBUG  ] dreamplace.ops.electric_potential.electric_potential - density forward 5.027 ms
[DEBUG  ] dreamplace.ops.electric_potential.electric_potential - density backward 9.142 ms
[DEBUG  ] dreamplace.ops.weighted_average_wirelength.weighted_average_wirelength - wirelength backward 0.113 ms
[INFO   ] DREAMPlace - optimizer step 21.607 ms
[INFO   ] DREAMPlace - iteration  399, (  54,  0,  1), Obj 1.728608E+06, NetCrossing 6.184E+01, NetCrossingWeight 1.000000E+01, DensityWeight 2.430748E-01, HPWL 1.576293E+03, Overflow 1.982740E-02, MaxDensity 1.004E+00, MacroOverlap 1.867E-03, MacroOverlapWeight 8.000000E-06, gamma 1.277585E-02, time 6.256ms
[INFO   ] DREAMPlace - full step 28.764 ms
[INFO   ] DREAMPlace - Lsub stopping criteria: 1 and 1.72861e+06 > 1.6074e+06 * 0.999
[INFO   ] DREAMPlace - plotting to ./results/tuner-small/small-3/PB310_A00/run-63_0_0/PB310_A00/plot/iter0400.png takes 0.046 seconds
[DEBUG  ] dreamplace.ops.weighted_average_wirelength.weighted_average_wirelength - wirelength forward 0.123 ms
[DEBUG  ] dreamplace.ops.electric_potential.electric_potential - density forward 5.005 ms
[DEBUG  ] dreamplace.ops.electric_potential.electric_potential - density backward 9.375 ms
[DEBUG  ] dreamplace.ops.weighted_average_wirelength.weighted_average_wirelength - wirelength backward 0.168 ms
[INFO   ] DREAMPlace - optimizer step 23.645 ms
[INFO   ] DREAMPlace - iteration  400, (  54,  1,  0), Obj 1.726844E+06, NetCrossing 6.315E+01, NetCrossingWeight 1.000000E+01, DensityWeight 2.617581E-01, HPWL 1.577025E+03, Overflow 1.977984E-02, MaxDensity 1.004E+00, MacroOverlap 1.870E-03, MacroOverlapWeight 8.000000E-06, gamma 1.277585E-02, time 6.278ms
[INFO   ] DREAMPlace - full step 78.130 ms
[DEBUG  ] dreamplace.ops.weighted_average_wirelength.weighted_average_wirelength - wirelength forward 0.114 ms
[DEBUG  ] dreamplace.ops.electric_potential.electric_potential - density forward 5.101 ms
[DEBUG  ] dreamplace.ops.electric_potential.electric_potential - density backward 10.873 ms
[DEBUG  ] dreamplace.ops.weighted_average_wirelength.weighted_average_wirelength - wirelength backward 0.098 ms
[INFO   ] DREAMPlace - optimizer step 24.539 ms
[INFO   ] DREAMPlace - iteration  401, (  54,  1,  1), Obj 1.856022E+06, NetCrossing 6.303E+01, NetCrossingWeight 1.000000E+01, DensityWeight 2.617581E-01, HPWL 1.577416E+03, Overflow 1.978165E-02, MaxDensity 1.004E+00, MacroOverlap 1.875E-03, MacroOverlapWeight 8.000000E-06, gamma 1.277585E-02, time 6.222ms
[INFO   ] DREAMPlace - full step 31.554 ms
[INFO   ] DREAMPlace - Lsub stopping criteria: 1 and 1.85602e+06 > 1.72684e+06 * 0.999
[INFO   ] DREAMPlace - Llambda stopping criteria: 1 and (( 0.0197816 < 0.1 and 1577.42 > 1576.29 ) or 1.00389 < 1.0)
[DEBUG  ] dreamplace.ops.weighted_average_wirelength.weighted_average_wirelength - wirelength forward 0.163 ms
[DEBUG  ] dreamplace.ops.electric_potential.electric_potential - density forward 5.328 ms
[DEBUG  ] dreamplace.ops.electric_potential.electric_potential - density backward 10.906 ms
[DEBUG  ] dreamplace.ops.weighted_average_wirelength.weighted_average_wirelength - wirelength backward 0.134 ms
[INFO   ] DREAMPlace - optimizer step 25.433 ms
[INFO   ] DREAMPlace - iteration  402, (  55,  0,  0), Obj 1.856366E+06, NetCrossing 6.283E+01, NetCrossingWeight 1.000000E+01, DensityWeight 2.818775E-01, HPWL 1.577956E+03, Overflow 1.979440E-02, MaxDensity 1.027E+00, MacroOverlap 1.876E-03, MacroOverlapWeight 8.000000E-06, gamma 1.276544E-02, time 7.620ms
[INFO   ] DREAMPlace - full step 33.914 ms
[DEBUG  ] dreamplace.ops.weighted_average_wirelength.weighted_average_wirelength - wirelength forward 0.180 ms
[DEBUG  ] dreamplace.ops.electric_potential.electric_potential - density forward 5.238 ms
[DEBUG  ] dreamplace.ops.electric_potential.electric_potential - density backward 10.850 ms
[DEBUG  ] dreamplace.ops.weighted_average_wirelength.weighted_average_wirelength - wirelength backward 0.134 ms
[INFO   ] DREAMPlace - optimizer step 25.419 ms
[INFO   ] DREAMPlace - iteration  403, (  55,  0,  1), Obj 1.994290E+06, NetCrossing 6.209E+01, NetCrossingWeight 1.000000E+01, DensityWeight 2.818775E-01, HPWL 1.578321E+03, Overflow 1.981070E-02, MaxDensity 1.122E+00, MacroOverlap 1.880E-03, MacroOverlapWeight 8.000000E-06, gamma 1.276544E-02, time 7.890ms
[INFO   ] DREAMPlace - full step 34.125 ms
[INFO   ] DREAMPlace - Lsub stopping criteria: 1 and 1.99429e+06 > 1.85637e+06 * 0.999
[DEBUG  ] dreamplace.ops.weighted_average_wirelength.weighted_average_wirelength - wirelength forward 0.171 ms
[DEBUG  ] dreamplace.ops.electric_potential.electric_potential - density forward 5.101 ms
[DEBUG  ] dreamplace.ops.electric_potential.electric_potential - density backward 10.849 ms
[DEBUG  ] dreamplace.ops.weighted_average_wirelength.weighted_average_wirelength - wirelength backward 0.134 ms
[INFO   ] DREAMPlace - optimizer step 25.313 ms
[INFO   ] DREAMPlace - iteration  404, (  55,  1,  0), Obj 1.993014E+06, NetCrossing 6.291E+01, NetCrossingWeight 1.000000E+01, DensityWeight 3.035433E-01, HPWL 1.578639E+03, Overflow 1.981091E-02, MaxDensity 1.195E+00, MacroOverlap 1.880E-03, MacroOverlapWeight 8.000000E-06, gamma 1.276544E-02, time 7.151ms
[INFO   ] DREAMPlace - full step 33.619 ms
[DEBUG  ] dreamplace.ops.weighted_average_wirelength.weighted_average_wirelength - wirelength forward 0.170 ms
[DEBUG  ] dreamplace.ops.electric_potential.electric_potential - density forward 4.652 ms
[DEBUG  ] dreamplace.ops.electric_potential.electric_potential - density backward 11.180 ms
[DEBUG  ] dreamplace.ops.weighted_average_wirelength.weighted_average_wirelength - wirelength backward 0.137 ms
[INFO   ] DREAMPlace - optimizer step 24.937 ms
[INFO   ] DREAMPlace - iteration  405, (  55,  1,  1), Obj 2.140011E+06, NetCrossing 6.154E+01, NetCrossingWeight 1.000000E+01, DensityWeight 3.035433E-01, HPWL 1.578786E+03, Overflow 1.983536E-02, MaxDensity 1.141E+00, MacroOverlap 1.883E-03, MacroOverlapWeight 8.000000E-06, gamma 1.276544E-02, time 7.520ms
[INFO   ] DREAMPlace - full step 33.550 ms
[INFO   ] DREAMPlace - Lsub stopping criteria: 1 and 2.14001e+06 > 1.99301e+06 * 0.999
[INFO   ] DREAMPlace - Llambda stopping criteria: 1 and (( 0.0198354 < 0.1 and 1578.79 > 1578.32 ) or 1.14054 < 1.0)
[DEBUG  ] dreamplace.ops.weighted_average_wirelength.weighted_average_wirelength - wirelength forward 0.117 ms
[DEBUG  ] dreamplace.ops.electric_potential.electric_potential - density forward 5.047 ms
[DEBUG  ] dreamplace.ops.electric_potential.electric_potential - density backward 10.567 ms
[DEBUG  ] dreamplace.ops.weighted_average_wirelength.weighted_average_wirelength - wirelength backward 0.134 ms
[INFO   ] DREAMPlace - optimizer step 24.386 ms
[INFO   ] DREAMPlace - iteration  406, (  56,  0,  0), Obj 2.137658E+06, NetCrossing 6.139E+01, NetCrossingWeight 1.000000E+01, DensityWeight 3.268745E-01, HPWL 1.578840E+03, Overflow 1.983077E-02, MaxDensity 1.287E+00, MacroOverlap 1.883E-03, MacroOverlapWeight 8.000000E-06, gamma 1.276895E-02, time 6.516ms
[INFO   ] DREAMPlace - full step 31.718 ms
[DEBUG  ] dreamplace.ops.weighted_average_wirelength.weighted_average_wirelength - wirelength forward 0.113 ms
[DEBUG  ] dreamplace.ops.electric_potential.electric_potential - density forward 4.958 ms
[DEBUG  ] dreamplace.ops.electric_potential.electric_potential - density backward 11.166 ms
[DEBUG  ] dreamplace.ops.weighted_average_wirelength.weighted_average_wirelength - wirelength backward 0.136 ms
[INFO   ] DREAMPlace - optimizer step 24.805 ms
[INFO   ] DREAMPlace - iteration  407, (  56,  0,  1), Obj 2.296767E+06, NetCrossing 6.082E+01, NetCrossingWeight 1.000000E+01, DensityWeight 3.268745E-01, HPWL 1.578735E+03, Overflow 1.983621E-02, MaxDensity 1.259E+00, MacroOverlap 1.886E-03, MacroOverlapWeight 8.000000E-06, gamma 1.276895E-02, time 6.243ms
[INFO   ] DREAMPlace - full step 31.847 ms
[INFO   ] DREAMPlace - Lsub stopping criteria: 1 and 2.29677e+06 > 2.13766e+06 * 0.999
[DEBUG  ] dreamplace.ops.weighted_average_wirelength.weighted_average_wirelength - wirelength forward 0.132 ms
[DEBUG  ] dreamplace.ops.electric_potential.electric_potential - density forward 5.415 ms
[DEBUG  ] dreamplace.ops.electric_potential.electric_potential - density backward 11.142 ms
[DEBUG  ] dreamplace.ops.weighted_average_wirelength.weighted_average_wirelength - wirelength backward 0.106 ms
[INFO   ] DREAMPlace - optimizer step 25.095 ms
[INFO   ] DREAMPlace - iteration  408, (  56,  1,  0), Obj 2.294371E+06, NetCrossing 6.461E+01, NetCrossingWeight 1.000000E+01, DensityWeight 3.449590E-01, HPWL 1.578574E+03, Overflow 1.982678E-02, MaxDensity 1.276E+00, MacroOverlap 1.886E-03, MacroOverlapWeight 8.000000E-06, gamma 1.276895E-02, time 6.603ms
[INFO   ] DREAMPlace - full step 32.579 ms
[DEBUG  ] dreamplace.ops.weighted_average_wirelength.weighted_average_wirelength - wirelength forward 0.156 ms
[DEBUG  ] dreamplace.ops.electric_potential.electric_potential - density forward 5.383 ms
[DEBUG  ] dreamplace.ops.electric_potential.electric_potential - density backward 10.023 ms
[DEBUG  ] dreamplace.ops.weighted_average_wirelength.weighted_average_wirelength - wirelength backward 0.113 ms
[INFO   ] DREAMPlace - optimizer step 24.410 ms
[INFO   ] DREAMPlace - iteration  409, (  56,  1,  1), Obj 2.416187E+06, NetCrossing 6.234E+01, NetCrossingWeight 1.000000E+01, DensityWeight 3.449590E-01, HPWL 1.578427E+03, Overflow 1.979692E-02, MaxDensity 1.264E+00, MacroOverlap 1.889E-03, MacroOverlapWeight 8.000000E-06, gamma 1.276895E-02, time 7.172ms
[INFO   ] DREAMPlace - full step 32.430 ms
[INFO   ] DREAMPlace - Lsub stopping criteria: 1 and 2.41619e+06 > 2.29437e+06 * 0.999
[DEBUG  ] dreamplace.ops.weighted_average_wirelength.weighted_average_wirelength - wirelength forward 0.217 ms
[DEBUG  ] dreamplace.ops.electric_potential.electric_potential - density forward 5.209 ms
[DEBUG  ] dreamplace.ops.electric_potential.electric_potential - density backward 9.989 ms
[DEBUG  ] dreamplace.ops.weighted_average_wirelength.weighted_average_wirelength - wirelength backward 0.152 ms
[INFO   ] DREAMPlace - optimizer step 24.947 ms
[INFO   ] DREAMPlace - iteration  410, (  56,  2,  0), Obj 2.408904E+06, NetCrossing 6.262E+01, NetCrossingWeight 1.000000E+01, DensityWeight 3.640441E-01, HPWL 1.578383E+03, Overflow 1.974512E-02, MaxDensity 1.228E+00, MacroOverlap 1.890E-03, MacroOverlapWeight 8.000000E-06, gamma 1.276895E-02, time 8.120ms
[INFO   ] DREAMPlace - full step 34.047 ms
[DEBUG  ] dreamplace.ops.weighted_average_wirelength.weighted_average_wirelength - wirelength forward 0.178 ms
[DEBUG  ] dreamplace.ops.electric_potential.electric_potential - density forward 5.208 ms
[DEBUG  ] dreamplace.ops.electric_potential.electric_potential - density backward 10.024 ms
[DEBUG  ] dreamplace.ops.weighted_average_wirelength.weighted_average_wirelength - wirelength backward 0.132 ms
[INFO   ] DREAMPlace - optimizer step 24.431 ms
[INFO   ] DREAMPlace - iteration  411, (  56,  2,  1), Obj 2.533448E+06, NetCrossing 6.247E+01, NetCrossingWeight 1.000000E+01, DensityWeight 3.640441E-01, HPWL 1.578242E+03, Overflow 1.972429E-02, MaxDensity 1.174E+00, MacroOverlap 1.893E-03, MacroOverlapWeight 8.000000E-06, gamma 1.276895E-02, time 7.806ms
[INFO   ] DREAMPlace - full step 33.114 ms
[INFO   ] DREAMPlace - Lsub stopping criteria: 1 and 2.53345e+06 > 2.4089e+06 * 0.999
[DEBUG  ] dreamplace.ops.weighted_average_wirelength.weighted_average_wirelength - wirelength forward 0.167 ms
[DEBUG  ] dreamplace.ops.electric_potential.electric_potential - density forward 5.339 ms
[DEBUG  ] dreamplace.ops.electric_potential.electric_potential - density backward 10.036 ms
[DEBUG  ] dreamplace.ops.weighted_average_wirelength.weighted_average_wirelength - wirelength backward 0.121 ms
[DEBUG  ] dreamplace.ops.weighted_average_wirelength.weighted_average_wirelength - wirelength forward 0.137 ms
[DEBUG  ] dreamplace.ops.electric_potential.electric_potential - density forward 5.171 ms
[DEBUG  ] dreamplace.ops.electric_potential.electric_potential - density backward 10.032 ms
[DEBUG  ] dreamplace.ops.weighted_average_wirelength.weighted_average_wirelength - wirelength backward 0.130 ms
[INFO   ] DREAMPlace - optimizer step 57.253 ms
[INFO   ] DREAMPlace - iteration  412, (  56,  3,  0), Obj 2.532675E+06, NetCrossing 6.197E+01, NetCrossingWeight 1.000000E+01, DensityWeight 3.841850E-01, HPWL 1.578111E+03, Overflow 1.972589E-02, MaxDensity 1.137E+00, MacroOverlap 1.895E-03, MacroOverlapWeight 8.000000E-06, gamma 1.276895E-02, time 7.000ms
[INFO   ] DREAMPlace - full step 65.108 ms
[DEBUG  ] dreamplace.ops.weighted_average_wirelength.weighted_average_wirelength - wirelength forward 0.150 ms
[DEBUG  ] dreamplace.ops.electric_potential.electric_potential - density forward 5.449 ms
[DEBUG  ] dreamplace.ops.electric_potential.electric_potential - density backward 10.038 ms
[DEBUG  ] dreamplace.ops.weighted_average_wirelength.weighted_average_wirelength - wirelength backward 0.125 ms
[INFO   ] DREAMPlace - optimizer step 24.484 ms
[INFO   ] DREAMPlace - iteration  413, (  56,  3,  1), Obj 2.659120E+06, NetCrossing 6.278E+01, NetCrossingWeight 1.000000E+01, DensityWeight 3.841850E-01, HPWL 1.578033E+03, Overflow 1.972020E-02, MaxDensity 1.246E+00, MacroOverlap 1.899E-03, MacroOverlapWeight 8.000000E-06, gamma 1.276895E-02, time 7.135ms
[INFO   ] DREAMPlace - full step 32.616 ms
[INFO   ] DREAMPlace - Lsub stopping criteria: 1 and 2.65912e+06 > 2.53268e+06 * 0.999
[DEBUG  ] dreamplace.ops.weighted_average_wirelength.weighted_average_wirelength - wirelength forward 0.150 ms
[DEBUG  ] dreamplace.ops.electric_potential.electric_potential - density forward 5.345 ms
[DEBUG  ] dreamplace.ops.electric_potential.electric_potential - density backward 9.309 ms
[DEBUG  ] dreamplace.ops.weighted_average_wirelength.weighted_average_wirelength - wirelength backward 0.132 ms
[INFO   ] DREAMPlace - optimizer step 23.774 ms
[INFO   ] DREAMPlace - iteration  414, (  56,  4,  0), Obj 3.510646E+06, NetCrossing 5.961E+01, NetCrossingWeight 1.000000E+01, DensityWeight 4.054403E-01, HPWL 1.577887E+03, Overflow 2.078249E-02, MaxDensity 1.402E+00, MacroOverlap 2.136E-03, MacroOverlapWeight 8.000000E-06, gamma 1.276895E-02, time 7.041ms
[INFO   ] DREAMPlace - full step 31.804 ms
[DEBUG  ] dreamplace.ops.weighted_average_wirelength.weighted_average_wirelength - wirelength forward 0.148 ms
[DEBUG  ] dreamplace.ops.electric_potential.electric_potential - density forward 5.350 ms
[DEBUG  ] dreamplace.ops.electric_potential.electric_potential - density backward 9.390 ms
[DEBUG  ] dreamplace.ops.weighted_average_wirelength.weighted_average_wirelength - wirelength backward 0.131 ms
[DEBUG  ] dreamplace.ops.weighted_average_wirelength.weighted_average_wirelength - wirelength forward 0.143 ms
[DEBUG  ] dreamplace.ops.electric_potential.electric_potential - density forward 5.492 ms
[DEBUG  ] dreamplace.ops.electric_potential.electric_potential - density backward 9.377 ms
[DEBUG  ] dreamplace.ops.weighted_average_wirelength.weighted_average_wirelength - wirelength backward 0.125 ms
[INFO   ] DREAMPlace - optimizer step 47.451 ms
[INFO   ] DREAMPlace - iteration  415, (  56,  4,  1), Obj 3.497675E+06, NetCrossing 6.031E+01, NetCrossingWeight 1.000000E+01, DensityWeight 4.054403E-01, HPWL 1.577401E+03, Overflow 2.113631E-02, MaxDensity 1.506E+00, MacroOverlap 2.146E-03, MacroOverlapWeight 8.000000E-06, gamma 1.276895E-02, time 7.095ms
[INFO   ] DREAMPlace - full step 55.540 ms
[DEBUG  ] dreamplace.ops.weighted_average_wirelength.weighted_average_wirelength - wirelength forward 0.155 ms
[DEBUG  ] dreamplace.ops.electric_potential.electric_potential - density forward 5.241 ms
[DEBUG  ] dreamplace.ops.electric_potential.electric_potential - density backward 9.207 ms
[DEBUG  ] dreamplace.ops.weighted_average_wirelength.weighted_average_wirelength - wirelength backward 0.135 ms
[DEBUG  ] dreamplace.ops.weighted_average_wirelength.weighted_average_wirelength - wirelength forward 0.136 ms
[DEBUG  ] dreamplace.ops.electric_potential.electric_potential - density forward 5.173 ms
[DEBUG  ] dreamplace.ops.electric_potential.electric_potential - density backward 9.168 ms
[DEBUG  ] dreamplace.ops.weighted_average_wirelength.weighted_average_wirelength - wirelength backward 0.134 ms
[INFO   ] DREAMPlace - optimizer step 46.360 ms
[INFO   ] DREAMPlace - iteration  416, (  56,  5,  0), Obj 3.307582E+06, NetCrossing 6.186E+01, NetCrossingWeight 1.000000E+01, DensityWeight 4.278716E-01, HPWL 1.577857E+03, Overflow 2.100055E-02, MaxDensity 1.506E+00, MacroOverlap 2.237E-03, MacroOverlapWeight 8.000000E-06, gamma 1.276895E-02, time 6.972ms
[INFO   ] DREAMPlace - full step 54.314 ms
[DEBUG  ] dreamplace.ops.weighted_average_wirelength.weighted_average_wirelength - wirelength forward 0.151 ms
[DEBUG  ] dreamplace.ops.electric_potential.electric_potential - density forward 5.135 ms
[DEBUG  ] dreamplace.ops.electric_potential.electric_potential - density backward 9.244 ms
[DEBUG  ] dreamplace.ops.weighted_average_wirelength.weighted_average_wirelength - wirelength backward 0.125 ms
[INFO   ] DREAMPlace - optimizer step 23.582 ms
[INFO   ] DREAMPlace - iteration  417, (  56,  5,  1), Obj 3.333266E+06, NetCrossing 6.477E+01, NetCrossingWeight 1.000000E+01, DensityWeight 4.278716E-01, HPWL 1.577896E+03, Overflow 2.074217E-02, MaxDensity 1.503E+00, MacroOverlap 2.290E-03, MacroOverlapWeight 8.000000E-06, gamma 1.276895E-02, time 7.010ms
[INFO   ] DREAMPlace - full step 31.612 ms
[INFO   ] DREAMPlace - Lsub stopping criteria: 1 and 3.33327e+06 > 3.30758e+06 * 0.999
[INFO   ] DREAMPlace - Llambda stopping criteria: 5 and (( 0.0207422 < 0.1 and 1577.9 > 1577.4 ) or 1.50346 < 1.0)
[DEBUG  ] dreamplace.ops.weighted_average_wirelength.weighted_average_wirelength - wirelength forward 0.150 ms
[DEBUG  ] dreamplace.ops.electric_potential.electric_potential - density forward 5.588 ms
[DEBUG  ] dreamplace.ops.electric_potential.electric_potential - density backward 8.016 ms
[DEBUG  ] dreamplace.ops.weighted_average_wirelength.weighted_average_wirelength - wirelength backward 0.125 ms
[INFO   ] DREAMPlace - optimizer step 26.510 ms
[INFO   ] DREAMPlace - iteration  418, (  57,  0,  0), Obj 3.206457E+06, NetCrossing 5.812E+01, NetCrossingWeight 1.000000E+01, DensityWeight 4.607590E-01, HPWL 1.577839E+03, Overflow 2.040948E-02, MaxDensity 1.506E+00, MacroOverlap 2.253E-03, MacroOverlapWeight 8.000000E-06, gamma 1.282833E-02, time 6.860ms
[INFO   ] DREAMPlace - full step 34.408 ms
[DEBUG  ] dreamplace.ops.weighted_average_wirelength.weighted_average_wirelength - wirelength forward 0.147 ms
[DEBUG  ] dreamplace.ops.electric_potential.electric_potential - density forward 5.445 ms
[DEBUG  ] dreamplace.ops.electric_potential.electric_potential - density backward 9.208 ms
[DEBUG  ] dreamplace.ops.weighted_average_wirelength.weighted_average_wirelength - wirelength backward 0.131 ms
[INFO   ] DREAMPlace - optimizer step 23.932 ms
[INFO   ] DREAMPlace - iteration  419, (  57,  0,  1), Obj 3.372434E+06, NetCrossing 5.891E+01, NetCrossingWeight 1.000000E+01, DensityWeight 4.607590E-01, HPWL 1.577544E+03, Overflow 2.037954E-02, MaxDensity 1.506E+00, MacroOverlap 2.175E-03, MacroOverlapWeight 8.000000E-06, gamma 1.282833E-02, time 7.241ms
[INFO   ] DREAMPlace - full step 32.221 ms
[INFO   ] DREAMPlace - Lsub stopping criteria: 1 and 3.37243e+06 > 3.20646e+06 * 0.999
[DEBUG  ] dreamplace.ops.weighted_average_wirelength.weighted_average_wirelength - wirelength forward 0.150 ms
[DEBUG  ] dreamplace.ops.electric_potential.electric_potential - density forward 5.027 ms
[DEBUG  ] dreamplace.ops.electric_potential.electric_potential - density backward 9.156 ms
[DEBUG  ] dreamplace.ops.weighted_average_wirelength.weighted_average_wirelength - wirelength backward 0.112 ms
[INFO   ] DREAMPlace - optimizer step 22.584 ms
[INFO   ] DREAMPlace - iteration  420, (  57,  1,  0), Obj 3.325899E+06, NetCrossing 6.088E+01, NetCrossingWeight 1.000000E+01, DensityWeight 4.862507E-01, HPWL 1.577168E+03, Overflow 2.029277E-02, MaxDensity 1.506E+00, MacroOverlap 2.095E-03, MacroOverlapWeight 8.000000E-06, gamma 1.282833E-02, time 7.084ms
[INFO   ] DREAMPlace - full step 30.692 ms
[DEBUG  ] dreamplace.ops.weighted_average_wirelength.weighted_average_wirelength - wirelength forward 0.149 ms
[DEBUG  ] dreamplace.ops.electric_potential.electric_potential - density forward 5.184 ms
[DEBUG  ] dreamplace.ops.electric_potential.electric_potential - density backward 9.260 ms
[DEBUG  ] dreamplace.ops.weighted_average_wirelength.weighted_average_wirelength - wirelength backward 0.096 ms
[INFO   ] DREAMPlace - optimizer step 23.698 ms
[INFO   ] DREAMPlace - iteration  421, (  57,  1,  1), Obj 3.457352E+06, NetCrossing 5.984E+01, NetCrossingWeight 1.000000E+01, DensityWeight 4.862507E-01, HPWL 1.576738E+03, Overflow 1.998462E-02, MaxDensity 1.489E+00, MacroOverlap 2.015E-03, MacroOverlapWeight 8.000000E-06, gamma 1.282833E-02, time 6.988ms
[INFO   ] DREAMPlace - full step 31.558 ms
[INFO   ] DREAMPlace - Lsub stopping criteria: 1 and 3.45735e+06 > 3.3259e+06 * 0.999
[DEBUG  ] dreamplace.ops.weighted_average_wirelength.weighted_average_wirelength - wirelength forward 0.115 ms
[DEBUG  ] dreamplace.ops.electric_potential.electric_potential - density forward 4.663 ms
[DEBUG  ] dreamplace.ops.electric_potential.electric_potential - density backward 9.162 ms
[DEBUG  ] dreamplace.ops.weighted_average_wirelength.weighted_average_wirelength - wirelength backward 0.134 ms
[INFO   ] DREAMPlace - optimizer step 22.162 ms
[INFO   ] DREAMPlace - iteration  422, (  57,  2,  0), Obj 3.416724E+06, NetCrossing 6.368E+01, NetCrossingWeight 1.000000E+01, DensityWeight 5.131528E-01, HPWL 1.576721E+03, Overflow 1.959184E-02, MaxDensity 1.506E+00, MacroOverlap 1.947E-03, MacroOverlapWeight 8.000000E-06, gamma 1.282833E-02, time 6.315ms
[INFO   ] DREAMPlace - full step 29.288 ms
[DEBUG  ] dreamplace.ops.weighted_average_wirelength.weighted_average_wirelength - wirelength forward 0.145 ms
[DEBUG  ] dreamplace.ops.electric_potential.electric_potential - density forward 5.238 ms
[DEBUG  ] dreamplace.ops.electric_potential.electric_potential - density backward 9.526 ms
[DEBUG  ] dreamplace.ops.weighted_average_wirelength.weighted_average_wirelength - wirelength backward 0.119 ms
[INFO   ] DREAMPlace - optimizer step 23.061 ms
[INFO   ] DREAMPlace - iteration  423, (  57,  2,  1), Obj 3.589222E+06, NetCrossing 6.259E+01, NetCrossingWeight 1.000000E+01, DensityWeight 5.131528E-01, HPWL 1.577087E+03, Overflow 1.940154E-02, MaxDensity 1.506E+00, MacroOverlap 1.909E-03, MacroOverlapWeight 8.000000E-06, gamma 1.282833E-02, time 6.862ms
[INFO   ] DREAMPlace - full step 30.809 ms
[INFO   ] DREAMPlace - Lsub stopping criteria: 1 and 3.58922e+06 > 3.41672e+06 * 0.999
[INFO   ] DREAMPlace - Llambda stopping criteria: 2 and (( 0.0194015 < 0.1 and 1577.09 > 1576.74 ) or 1.50583 < 1.0)
[DEBUG  ] dreamplace.ops.weighted_average_wirelength.weighted_average_wirelength - wirelength forward 0.117 ms
[DEBUG  ] dreamplace.ops.electric_potential.electric_potential - density forward 5.080 ms
[DEBUG  ] dreamplace.ops.electric_potential.electric_potential - density backward 10.255 ms
[DEBUG  ] dreamplace.ops.weighted_average_wirelength.weighted_average_wirelength - wirelength backward 0.143 ms
[INFO   ] DREAMPlace - optimizer step 22.997 ms
[INFO   ] DREAMPlace - iteration  424, (  58,  0,  0), Obj 3.585484E+06, NetCrossing 6.329E+01, NetCrossingWeight 1.000000E+01, DensityWeight 5.525951E-01, HPWL 1.577505E+03, Overflow 1.932511E-02, MaxDensity 1.506E+00, MacroOverlap 1.895E-03, MacroOverlapWeight 8.000000E-06, gamma 1.274064E-02, time 6.253ms
[INFO   ] DREAMPlace - full step 30.120 ms
[DEBUG  ] dreamplace.ops.weighted_average_wirelength.weighted_average_wirelength - wirelength forward 0.142 ms
[DEBUG  ] dreamplace.ops.electric_potential.electric_potential - density forward 5.272 ms
[DEBUG  ] dreamplace.ops.electric_potential.electric_potential - density backward 11.317 ms
[DEBUG  ] dreamplace.ops.weighted_average_wirelength.weighted_average_wirelength - wirelength backward 0.100 ms
[INFO   ] DREAMPlace - optimizer step 24.706 ms
[INFO   ] DREAMPlace - iteration  425, (  58,  0,  1), Obj 3.854463E+06, NetCrossing 6.284E+01, NetCrossingWeight 1.000000E+01, DensityWeight 5.525951E-01, HPWL 1.577910E+03, Overflow 1.931686E-02, MaxDensity 1.506E+00, MacroOverlap 1.893E-03, MacroOverlapWeight 8.000000E-06, gamma 1.274064E-02, time 6.752ms
[INFO   ] DREAMPlace - full step 32.526 ms
[INFO   ] DREAMPlace - Lsub stopping criteria: 1 and 3.85446e+06 > 3.58548e+06 * 0.999
[DEBUG  ] dreamplace.ops.weighted_average_wirelength.weighted_average_wirelength - wirelength forward 0.183 ms
[DEBUG  ] dreamplace.ops.electric_potential.electric_potential - density forward 4.616 ms
[DEBUG  ] dreamplace.ops.electric_potential.electric_potential - density backward 11.196 ms
[DEBUG  ] dreamplace.ops.weighted_average_wirelength.weighted_average_wirelength - wirelength backward 0.130 ms
[INFO   ] DREAMPlace - optimizer step 24.550 ms
[INFO   ] DREAMPlace - iteration  426, (  58,  1,  0), Obj 3.848062E+06, NetCrossing 6.447E+01, NetCrossingWeight 1.000000E+01, DensityWeight 5.950691E-01, HPWL 1.578713E+03, Overflow 1.939052E-02, MaxDensity 1.488E+00, MacroOverlap 1.895E-03, MacroOverlapWeight 8.000000E-06, gamma 1.274064E-02, time 7.459ms
[INFO   ] DREAMPlace - full step 32.962 ms
[DEBUG  ] dreamplace.ops.weighted_average_wirelength.weighted_average_wirelength - wirelength forward 0.142 ms
[DEBUG  ] dreamplace.ops.electric_potential.electric_potential - density forward 4.719 ms
[DEBUG  ] dreamplace.ops.electric_potential.electric_potential - density backward 9.324 ms
[DEBUG  ] dreamplace.ops.weighted_average_wirelength.weighted_average_wirelength - wirelength backward 0.129 ms
[INFO   ] DREAMPlace - optimizer step 21.868 ms
[INFO   ] DREAMPlace - iteration  427, (  58,  1,  1), Obj 4.127871E+06, NetCrossing 6.232E+01, NetCrossingWeight 1.000000E+01, DensityWeight 5.950691E-01, HPWL 1.579720E+03, Overflow 1.943794E-02, MaxDensity 1.423E+00, MacroOverlap 1.897E-03, MacroOverlapWeight 8.000000E-06, gamma 1.274064E-02, time 6.783ms
[INFO   ] DREAMPlace - full step 29.529 ms
[INFO   ] DREAMPlace - Lsub stopping criteria: 1 and 4.12787e+06 > 3.84806e+06 * 0.999
[INFO   ] DREAMPlace - Llambda stopping criteria: 1 and (( 0.0194379 < 0.1 and 1579.72 > 1577.91 ) or 1.42332 < 1.0)
[DEBUG  ] dreamplace.ops.weighted_average_wirelength.weighted_average_wirelength - wirelength forward 0.117 ms
[DEBUG  ] dreamplace.ops.electric_potential.electric_potential - density forward 4.716 ms
[DEBUG  ] dreamplace.ops.electric_potential.electric_potential - density backward 9.338 ms
[DEBUG  ] dreamplace.ops.weighted_average_wirelength.weighted_average_wirelength - wirelength backward 0.135 ms
[INFO   ] DREAMPlace - optimizer step 22.616 ms
[INFO   ] DREAMPlace - iteration  428, (  59,  0,  0), Obj 4.112804E+06, NetCrossing 6.305E+01, NetCrossingWeight 1.000000E+01, DensityWeight 6.408074E-01, HPWL 1.580589E+03, Overflow 1.944208E-02, MaxDensity 1.368E+00, MacroOverlap 1.902E-03, MacroOverlapWeight 8.000000E-06, gamma 1.274301E-02, time 6.449ms
[INFO   ] DREAMPlace - full step 30.049 ms
[DEBUG  ] dreamplace.ops.weighted_average_wirelength.weighted_average_wirelength - wirelength forward 0.145 ms
[DEBUG  ] dreamplace.ops.electric_potential.electric_potential - density forward 5.219 ms
[DEBUG  ] dreamplace.ops.electric_potential.electric_potential - density backward 9.339 ms
[DEBUG  ] dreamplace.ops.weighted_average_wirelength.weighted_average_wirelength - wirelength backward 0.128 ms
[INFO   ] DREAMPlace - optimizer step 22.909 ms
[INFO   ] DREAMPlace - iteration  429, (  59,  0,  1), Obj 4.417452E+06, NetCrossing 6.257E+01, NetCrossingWeight 1.000000E+01, DensityWeight 6.408074E-01, HPWL 1.581360E+03, Overflow 1.945652E-02, MaxDensity 1.306E+00, MacroOverlap 1.910E-03, MacroOverlapWeight 8.000000E-06, gamma 1.274301E-02, time 6.881ms
[INFO   ] DREAMPlace - full step 30.711 ms
[INFO   ] DREAMPlace - Lsub stopping criteria: 1 and 4.41745e+06 > 4.1128e+06 * 0.999
[DEBUG  ] dreamplace.ops.weighted_average_wirelength.weighted_average_wirelength - wirelength forward 0.135 ms
[DEBUG  ] dreamplace.ops.electric_potential.electric_potential - density forward 4.826 ms
[DEBUG  ] dreamplace.ops.electric_potential.electric_potential - density backward 9.325 ms
[DEBUG  ] dreamplace.ops.weighted_average_wirelength.weighted_average_wirelength - wirelength backward 0.133 ms
[INFO   ] DREAMPlace - optimizer step 22.592 ms
[INFO   ] DREAMPlace - iteration  430, (  59,  1,  0), Obj 4.410982E+06, NetCrossing 6.210E+01, NetCrossingWeight 1.000000E+01, DensityWeight 6.900615E-01, HPWL 1.581843E+03, Overflow 1.947469E-02, MaxDensity 1.240E+00, MacroOverlap 1.921E-03, MacroOverlapWeight 8.000000E-06, gamma 1.274301E-02, time 6.648ms
[INFO   ] DREAMPlace - full step 30.146 ms
[DEBUG  ] dreamplace.ops.weighted_average_wirelength.weighted_average_wirelength - wirelength forward 0.143 ms
[DEBUG  ] dreamplace.ops.electric_potential.electric_potential - density forward 4.669 ms
[DEBUG  ] dreamplace.ops.electric_potential.electric_potential - density backward 8.370 ms
[DEBUG  ] dreamplace.ops.weighted_average_wirelength.weighted_average_wirelength - wirelength backward 0.139 ms
[INFO   ] DREAMPlace - optimizer step 21.153 ms
[INFO   ] DREAMPlace - iteration  431, (  59,  1,  1), Obj 4.740594E+06, NetCrossing 6.229E+01, NetCrossingWeight 1.000000E+01, DensityWeight 6.900615E-01, HPWL 1.582189E+03, Overflow 1.944757E-02, MaxDensity 1.287E+00, MacroOverlap 1.931E-03, MacroOverlapWeight 8.000000E-06, gamma 1.274301E-02, time 6.772ms
[INFO   ] DREAMPlace - full step 28.808 ms
[INFO   ] DREAMPlace - Lsub stopping criteria: 1 and 4.74059e+06 > 4.41098e+06 * 0.999
[INFO   ] DREAMPlace - Llambda stopping criteria: 1 and (( 0.0194476 < 0.1 and 1582.19 > 1581.36 ) or 1.28734 < 1.0)
[DEBUG  ] dreamplace.ops.weighted_average_wirelength.weighted_average_wirelength - wirelength forward 0.125 ms
[DEBUG  ] dreamplace.ops.electric_potential.electric_potential - density forward 4.761 ms
[DEBUG  ] dreamplace.ops.electric_potential.electric_potential - density backward 8.390 ms
[DEBUG  ] dreamplace.ops.weighted_average_wirelength.weighted_average_wirelength - wirelength backward 0.132 ms
[INFO   ] DREAMPlace - optimizer step 21.496 ms
[INFO   ] DREAMPlace - iteration  432, (  60,  0,  0), Obj 4.933602E+06, NetCrossing 5.886E+01, NetCrossingWeight 1.000000E+01, DensityWeight 7.431014E-01, HPWL 1.582311E+03, Overflow 1.972135E-02, MaxDensity 1.309E+00, MacroOverlap 1.977E-03, MacroOverlapWeight 8.000000E-06, gamma 1.274364E-02, time 6.362ms
[INFO   ] DREAMPlace - full step 28.745 ms
[DEBUG  ] dreamplace.ops.weighted_average_wirelength.weighted_average_wirelength - wirelength forward 0.144 ms
[DEBUG  ] dreamplace.ops.electric_potential.electric_potential - density forward 4.789 ms
[DEBUG  ] dreamplace.ops.electric_potential.electric_potential - density backward 7.859 ms
[DEBUG  ] dreamplace.ops.weighted_average_wirelength.weighted_average_wirelength - wirelength backward 0.134 ms
[INFO   ] DREAMPlace - optimizer step 21.106 ms
[INFO   ] DREAMPlace - iteration  433, (  60,  0,  1), Obj 5.217384E+06, NetCrossing 6.247E+01, NetCrossingWeight 1.000000E+01, DensityWeight 7.431014E-01, HPWL 1.581898E+03, Overflow 1.975032E-02, MaxDensity 1.478E+00, MacroOverlap 1.986E-03, MacroOverlapWeight 8.000000E-06, gamma 1.274364E-02, time 6.835ms
[INFO   ] DREAMPlace - full step 28.870 ms
[INFO   ] DREAMPlace - Lsub stopping criteria: 1 and 5.21738e+06 > 4.9336e+06 * 0.999
[DEBUG  ] dreamplace.ops.weighted_average_wirelength.weighted_average_wirelength - wirelength forward 0.188 ms
[DEBUG  ] dreamplace.ops.electric_potential.electric_potential - density forward 4.771 ms
[DEBUG  ] dreamplace.ops.electric_potential.electric_potential - density backward 7.803 ms
[DEBUG  ] dreamplace.ops.weighted_average_wirelength.weighted_average_wirelength - wirelength backward 0.132 ms
[INFO   ] DREAMPlace - optimizer step 21.644 ms
[INFO   ] DREAMPlace - iteration  434, (  60,  1,  0), Obj 5.131090E+06, NetCrossing 5.879E+01, NetCrossingWeight 1.000000E+01, DensityWeight 7.842140E-01, HPWL 1.581898E+03, Overflow 1.956761E-02, MaxDensity 1.413E+00, MacroOverlap 1.984E-03, MacroOverlapWeight 8.000000E-06, gamma 1.274364E-02, time 6.760ms
[INFO   ] DREAMPlace - full step 29.361 ms
[DEBUG  ] dreamplace.ops.weighted_average_wirelength.weighted_average_wirelength - wirelength forward 0.151 ms
[DEBUG  ] dreamplace.ops.electric_potential.electric_potential - density forward 4.764 ms
[DEBUG  ] dreamplace.ops.electric_potential.electric_potential - density backward 9.451 ms
[DEBUG  ] dreamplace.ops.weighted_average_wirelength.weighted_average_wirelength - wirelength backward 0.129 ms
[INFO   ] DREAMPlace - optimizer step 22.611 ms
[INFO   ] DREAMPlace - iteration  435, (  60,  1,  1), Obj 5.396202E+06, NetCrossing 5.900E+01, NetCrossingWeight 1.000000E+01, DensityWeight 7.842140E-01, HPWL 1.581831E+03, Overflow 1.951298E-02, MaxDensity 1.420E+00, MacroOverlap 1.978E-03, MacroOverlapWeight 8.000000E-06, gamma 1.274364E-02, time 6.917ms
[INFO   ] DREAMPlace - full step 30.488 ms
[INFO   ] DREAMPlace - Lsub stopping criteria: 1 and 5.3962e+06 > 5.13109e+06 * 0.999
[DEBUG  ] dreamplace.ops.weighted_average_wirelength.weighted_average_wirelength - wirelength forward 0.138 ms
[DEBUG  ] dreamplace.ops.electric_potential.electric_potential - density forward 5.164 ms
[DEBUG  ] dreamplace.ops.electric_potential.electric_potential - density backward 9.451 ms
[DEBUG  ] dreamplace.ops.weighted_average_wirelength.weighted_average_wirelength - wirelength backward 0.099 ms
[INFO   ] DREAMPlace - optimizer step 23.340 ms
[INFO   ] DREAMPlace - iteration  436, (  60,  2,  0), Obj 5.377533E+06, NetCrossing 5.958E+01, NetCrossingWeight 1.000000E+01, DensityWeight 8.276011E-01, HPWL 1.581681E+03, Overflow 1.940418E-02, MaxDensity 1.428E+00, MacroOverlap 1.969E-03, MacroOverlapWeight 8.000000E-06, gamma 1.274364E-02, time 6.528ms
[INFO   ] DREAMPlace - full step 30.795 ms
[DEBUG  ] dreamplace.ops.weighted_average_wirelength.weighted_average_wirelength - wirelength forward 0.148 ms
[DEBUG  ] dreamplace.ops.electric_potential.electric_potential - density forward 5.071 ms
[DEBUG  ] dreamplace.ops.electric_potential.electric_potential - density backward 9.465 ms
[DEBUG  ] dreamplace.ops.weighted_average_wirelength.weighted_average_wirelength - wirelength backward 0.124 ms
[INFO   ] DREAMPlace - optimizer step 23.295 ms
[INFO   ] DREAMPlace - iteration  437, (  60,  2,  1), Obj 5.659088E+06, NetCrossing 5.751E+01, NetCrossingWeight 1.000000E+01, DensityWeight 8.276011E-01, HPWL 1.581695E+03, Overflow 1.936730E-02, MaxDensity 1.297E+00, MacroOverlap 1.962E-03, MacroOverlapWeight 8.000000E-06, gamma 1.274364E-02, time 6.914ms
[INFO   ] DREAMPlace - full step 31.189 ms
[INFO   ] DREAMPlace - Lsub stopping criteria: 1 and 5.65909e+06 > 5.37753e+06 * 0.999
[DEBUG  ] dreamplace.ops.weighted_average_wirelength.weighted_average_wirelength - wirelength forward 0.148 ms
[DEBUG  ] dreamplace.ops.electric_potential.electric_potential - density forward 5.005 ms
[DEBUG  ] dreamplace.ops.electric_potential.electric_potential - density backward 9.475 ms
[DEBUG  ] dreamplace.ops.weighted_average_wirelength.weighted_average_wirelength - wirelength backward 0.133 ms
[INFO   ] DREAMPlace - optimizer step 23.211 ms
[INFO   ] DREAMPlace - iteration  438, (  60,  3,  0), Obj 5.650281E+06, NetCrossing 5.829E+01, NetCrossingWeight 1.000000E+01, DensityWeight 8.733886E-01, HPWL 1.581735E+03, Overflow 1.928088E-02, MaxDensity 1.222E+00, MacroOverlap 1.958E-03, MacroOverlapWeight 8.000000E-06, gamma 1.274364E-02, time 6.746ms
[INFO   ] DREAMPlace - full step 30.981 ms
[DEBUG  ] dreamplace.ops.weighted_average_wirelength.weighted_average_wirelength - wirelength forward 0.149 ms
[DEBUG  ] dreamplace.ops.electric_potential.electric_potential - density forward 5.113 ms
[DEBUG  ] dreamplace.ops.electric_potential.electric_potential - density backward 9.475 ms
[DEBUG  ] dreamplace.ops.weighted_average_wirelength.weighted_average_wirelength - wirelength backward 0.133 ms
[INFO   ] DREAMPlace - optimizer step 23.357 ms
[INFO   ] DREAMPlace - iteration  439, (  60,  3,  1), Obj 5.953508E+06, NetCrossing 6.054E+01, NetCrossingWeight 1.000000E+01, DensityWeight 8.733886E-01, HPWL 1.582106E+03, Overflow 1.923901E-02, MaxDensity 1.262E+00, MacroOverlap 1.957E-03, MacroOverlapWeight 8.000000E-06, gamma 1.274364E-02, time 6.844ms
[INFO   ] DREAMPlace - full step 31.274 ms
[INFO   ] DREAMPlace - Lsub stopping criteria: 1 and 5.95351e+06 > 5.65028e+06 * 0.999
[INFO   ] DREAMPlace - Llambda stopping criteria: 3 and (( 0.019239 < 0.1 and 1582.11 > 1581.7 ) or 1.26217 < 1.0)
[DEBUG  ] dreamplace.ops.weighted_average_wirelength.weighted_average_wirelength - wirelength forward 0.149 ms
[DEBUG  ] dreamplace.ops.electric_potential.electric_potential - density forward 5.057 ms
[DEBUG  ] dreamplace.ops.electric_potential.electric_potential - density backward 9.454 ms
[DEBUG  ] dreamplace.ops.weighted_average_wirelength.weighted_average_wirelength - wirelength backward 0.125 ms
[INFO   ] DREAMPlace - optimizer step 23.242 ms
[INFO   ] DREAMPlace - iteration  440, (  61,  0,  0), Obj 5.943563E+06, NetCrossing 6.100E+01, NetCrossingWeight 1.000000E+01, DensityWeight 9.405196E-01, HPWL 1.582782E+03, Overflow 1.921631E-02, MaxDensity 1.203E+00, MacroOverlap 1.958E-03, MacroOverlapWeight 8.000000E-06, gamma 1.273004E-02, time 6.853ms
[INFO   ] DREAMPlace - full step 31.125 ms
[DEBUG  ] dreamplace.ops.weighted_average_wirelength.weighted_average_wirelength - wirelength forward 0.145 ms
[DEBUG  ] dreamplace.ops.electric_potential.electric_potential - density forward 5.088 ms
[DEBUG  ] dreamplace.ops.electric_potential.electric_potential - density backward 9.452 ms
[DEBUG  ] dreamplace.ops.weighted_average_wirelength.weighted_average_wirelength - wirelength backward 0.125 ms
[INFO   ] DREAMPlace - optimizer step 23.154 ms
[INFO   ] DREAMPlace - iteration  441, (  61,  0,  1), Obj 6.388396E+06, NetCrossing 6.090E+01, NetCrossingWeight 1.000000E+01, DensityWeight 9.405196E-01, HPWL 1.583627E+03, Overflow 1.920858E-02, MaxDensity 1.148E+00, MacroOverlap 1.958E-03, MacroOverlapWeight 8.000000E-06, gamma 1.273004E-02, time 6.984ms
[INFO   ] DREAMPlace - full step 31.042 ms
[INFO   ] DREAMPlace - Lsub stopping criteria: 1 and 6.3884e+06 > 5.94356e+06 * 0.999
[DEBUG  ] dreamplace.ops.weighted_average_wirelength.weighted_average_wirelength - wirelength forward 0.141 ms
[DEBUG  ] dreamplace.ops.electric_potential.electric_potential - density forward 5.027 ms
[DEBUG  ] dreamplace.ops.electric_potential.electric_potential - density backward 9.454 ms
[DEBUG  ] dreamplace.ops.weighted_average_wirelength.weighted_average_wirelength - wirelength backward 0.124 ms
[INFO   ] DREAMPlace - optimizer step 22.774 ms
[INFO   ] DREAMPlace - iteration  442, (  61,  1,  0), Obj 6.382518E+06, NetCrossing 5.971E+01, NetCrossingWeight 1.000000E+01, DensityWeight 1.012810E+00, HPWL 1.584517E+03, Overflow 1.918797E-02, MaxDensity 1.082E+00, MacroOverlap 1.958E-03, MacroOverlapWeight 8.000000E-06, gamma 1.273004E-02, time 6.584ms
[INFO   ] DREAMPlace - full step 30.335 ms
[DEBUG  ] dreamplace.ops.weighted_average_wirelength.weighted_average_wirelength - wirelength forward 0.111 ms
[DEBUG  ] dreamplace.ops.electric_potential.electric_potential - density forward 4.683 ms
[DEBUG  ] dreamplace.ops.electric_potential.electric_potential - density backward 10.250 ms
[DEBUG  ] dreamplace.ops.weighted_average_wirelength.weighted_average_wirelength - wirelength backward 0.126 ms
[INFO   ] DREAMPlace - optimizer step 23.101 ms
[INFO   ] DREAMPlace - iteration  443, (  61,  1,  1), Obj 6.863442E+06, NetCrossing 5.988E+01, NetCrossingWeight 1.000000E+01, DensityWeight 1.012810E+00, HPWL 1.585445E+03, Overflow 1.916218E-02, MaxDensity 1.081E+00, MacroOverlap 1.958E-03, MacroOverlapWeight 8.000000E-06, gamma 1.273004E-02, time 6.732ms
[INFO   ] DREAMPlace - full step 30.874 ms
[INFO   ] DREAMPlace - Lsub stopping criteria: 1 and 6.86344e+06 > 6.38252e+06 * 0.999
[INFO   ] DREAMPlace - Llambda stopping criteria: 1 and (( 0.0191622 < 0.1 and 1585.45 > 1583.63 ) or 1.08129 < 1.0)
[DEBUG  ] dreamplace.ops.weighted_average_wirelength.weighted_average_wirelength - wirelength forward 0.155 ms
[DEBUG  ] dreamplace.ops.electric_potential.electric_potential - density forward 5.085 ms
[DEBUG  ] dreamplace.ops.electric_potential.electric_potential - density backward 10.244 ms
[DEBUG  ] dreamplace.ops.weighted_average_wirelength.weighted_average_wirelength - wirelength backward 0.124 ms
[INFO   ] DREAMPlace - optimizer step 24.394 ms
[INFO   ] DREAMPlace - iteration  444, (  62,  0,  0), Obj 6.859758E+06, NetCrossing 5.960E+01, NetCrossingWeight 1.000000E+01, DensityWeight 1.090657E+00, HPWL 1.586261E+03, Overflow 1.912351E-02, MaxDensity 1.080E+00, MacroOverlap 1.957E-03, MacroOverlapWeight 8.000000E-06, gamma 1.272504E-02, time 7.488ms
[INFO   ] DREAMPlace - full step 33.026 ms
[DEBUG  ] dreamplace.ops.weighted_average_wirelength.weighted_average_wirelength - wirelength forward 0.148 ms
[DEBUG  ] dreamplace.ops.electric_potential.electric_potential - density forward 5.249 ms
[DEBUG  ] dreamplace.ops.electric_potential.electric_potential - density backward 10.221 ms
[DEBUG  ] dreamplace.ops.weighted_average_wirelength.weighted_average_wirelength - wirelength backward 0.124 ms
[INFO   ] DREAMPlace - optimizer step 24.430 ms
[INFO   ] DREAMPlace - iteration  445, (  62,  0,  1), Obj 7.378258E+06, NetCrossing 6.055E+01, NetCrossingWeight 1.000000E+01, DensityWeight 1.090657E+00, HPWL 1.586942E+03, Overflow 1.905825E-02, MaxDensity 1.091E+00, MacroOverlap 1.957E-03, MacroOverlapWeight 8.000000E-06, gamma 1.272504E-02, time 7.003ms
[INFO   ] DREAMPlace - full step 32.534 ms
[INFO   ] DREAMPlace - Lsub stopping criteria: 1 and 7.37826e+06 > 6.85976e+06 * 0.999
[DEBUG  ] dreamplace.ops.weighted_average_wirelength.weighted_average_wirelength - wirelength forward 0.154 ms
[DEBUG  ] dreamplace.ops.electric_potential.electric_potential - density forward 5.117 ms
[DEBUG  ] dreamplace.ops.electric_potential.electric_potential - density backward 9.218 ms
[DEBUG  ] dreamplace.ops.weighted_average_wirelength.weighted_average_wirelength - wirelength backward 0.123 ms
[INFO   ] DREAMPlace - optimizer step 23.327 ms
[INFO   ] DREAMPlace - iteration  446, (  62,  1,  0), Obj 7.372438E+06, NetCrossing 6.080E+01, NetCrossingWeight 1.000000E+01, DensityWeight 1.174488E+00, HPWL 1.587342E+03, Overflow 1.899602E-02, MaxDensity 1.117E+00, MacroOverlap 1.957E-03, MacroOverlapWeight 8.000000E-06, gamma 1.272504E-02, time 7.129ms
[INFO   ] DREAMPlace - full step 31.555 ms
[DEBUG  ] dreamplace.ops.weighted_average_wirelength.weighted_average_wirelength - wirelength forward 0.160 ms
[DEBUG  ] dreamplace.ops.electric_potential.electric_potential - density forward 5.092 ms
[DEBUG  ] dreamplace.ops.electric_potential.electric_potential - density backward 9.175 ms
[DEBUG  ] dreamplace.ops.weighted_average_wirelength.weighted_average_wirelength - wirelength backward 0.123 ms
[INFO   ] DREAMPlace - optimizer step 23.236 ms
[INFO   ] DREAMPlace - iteration  447, (  62,  1,  1), Obj 7.929762E+06, NetCrossing 6.092E+01, NetCrossingWeight 1.000000E+01, DensityWeight 1.174488E+00, HPWL 1.587565E+03, Overflow 1.892736E-02, MaxDensity 1.122E+00, MacroOverlap 1.957E-03, MacroOverlapWeight 8.000000E-06, gamma 1.272504E-02, time 6.953ms
[INFO   ] DREAMPlace - full step 31.334 ms
[INFO   ] DREAMPlace - Lsub stopping criteria: 1 and 7.92976e+06 > 7.37244e+06 * 0.999
[INFO   ] DREAMPlace - Llambda stopping criteria: 1 and (( 0.0189274 < 0.1 and 1587.56 > 1586.94 ) or 1.12166 < 1.0)
[DEBUG  ] dreamplace.ops.weighted_average_wirelength.weighted_average_wirelength - wirelength forward 0.155 ms
[DEBUG  ] dreamplace.ops.electric_potential.electric_potential - density forward 5.209 ms
[DEBUG  ] dreamplace.ops.electric_potential.electric_potential - density backward 9.165 ms
[DEBUG  ] dreamplace.ops.weighted_average_wirelength.weighted_average_wirelength - wirelength backward 0.116 ms
[INFO   ] DREAMPlace - optimizer step 23.198 ms
[INFO   ] DREAMPlace - iteration  448, (  63,  0,  0), Obj 7.921778E+06, NetCrossing 6.040E+01, NetCrossingWeight 1.000000E+01, DensityWeight 1.264762E+00, HPWL 1.587535E+03, Overflow 1.887451E-02, MaxDensity 1.140E+00, MacroOverlap 1.956E-03, MacroOverlapWeight 8.000000E-06, gamma 1.270976E-02, time 7.128ms
[INFO   ] DREAMPlace - full step 31.404 ms
[DEBUG  ] dreamplace.ops.weighted_average_wirelength.weighted_average_wirelength - wirelength forward 0.151 ms
[DEBUG  ] dreamplace.ops.electric_potential.electric_potential - density forward 5.091 ms
[DEBUG  ] dreamplace.ops.electric_potential.electric_potential - density backward 10.169 ms
[DEBUG  ] dreamplace.ops.weighted_average_wirelength.weighted_average_wirelength - wirelength backward 0.132 ms
[INFO   ] DREAMPlace - optimizer step 23.890 ms
[INFO   ] DREAMPlace - iteration  449, (  63,  0,  1), Obj 8.518178E+06, NetCrossing 6.043E+01, NetCrossingWeight 1.000000E+01, DensityWeight 1.264762E+00, HPWL 1.587378E+03, Overflow 1.883125E-02, MaxDensity 1.104E+00, MacroOverlap 1.955E-03, MacroOverlapWeight 8.000000E-06, gamma 1.270976E-02, time 7.053ms
[INFO   ] DREAMPlace - full step 32.052 ms
[INFO   ] DREAMPlace - Lsub stopping criteria: 1 and 8.51818e+06 > 7.92178e+06 * 0.999
[DEBUG  ] dreamplace.ops.weighted_average_wirelength.weighted_average_wirelength - wirelength forward 0.155 ms
[DEBUG  ] dreamplace.ops.electric_potential.electric_potential - density forward 5.215 ms
[DEBUG  ] dreamplace.ops.electric_potential.electric_potential - density backward 10.141 ms
[DEBUG  ] dreamplace.ops.weighted_average_wirelength.weighted_average_wirelength - wirelength backward 0.170 ms
[INFO   ] DREAMPlace - optimizer step 24.305 ms
[INFO   ] DREAMPlace - iteration  450, (  63,  1,  0), Obj 8.509166E+06, NetCrossing 6.023E+01, NetCrossingWeight 1.000000E+01, DensityWeight 1.334736E+00, HPWL 1.587048E+03, Overflow 1.877221E-02, MaxDensity 1.128E+00, MacroOverlap 1.955E-03, MacroOverlapWeight 8.000000E-06, gamma 1.270976E-02, time 7.107ms
[INFO   ] DREAMPlace - full step 32.494 ms
[DEBUG  ] dreamplace.ops.weighted_average_wirelength.weighted_average_wirelength - wirelength forward 0.154 ms
[DEBUG  ] dreamplace.ops.electric_potential.electric_potential - density forward 5.665 ms
[DEBUG  ] dreamplace.ops.electric_potential.electric_potential - density backward 10.215 ms
[DEBUG  ] dreamplace.ops.weighted_average_wirelength.weighted_average_wirelength - wirelength backward 0.150 ms
[INFO   ] DREAMPlace - optimizer step 25.814 ms
[INFO   ] DREAMPlace - iteration  451, (  63,  1,  1), Obj 8.967437E+06, NetCrossing 5.979E+01, NetCrossingWeight 1.000000E+01, DensityWeight 1.334736E+00, HPWL 1.586693E+03, Overflow 1.872994E-02, MaxDensity 1.153E+00, MacroOverlap 1.955E-03, MacroOverlapWeight 8.000000E-06, gamma 1.270976E-02, time 7.082ms
[INFO   ] DREAMPlace - full step 33.985 ms
[INFO   ] DREAMPlace - Lsub stopping criteria: 1 and 8.96744e+06 > 8.50917e+06 * 0.999
[DEBUG  ] dreamplace.ops.weighted_average_wirelength.weighted_average_wirelength - wirelength forward 0.147 ms
[DEBUG  ] dreamplace.ops.electric_potential.electric_potential - density forward 5.161 ms
[DEBUG  ] dreamplace.ops.electric_potential.electric_potential - density backward 10.135 ms
[DEBUG  ] dreamplace.ops.weighted_average_wirelength.weighted_average_wirelength - wirelength backward 0.136 ms
[INFO   ] DREAMPlace - optimizer step 24.446 ms
[INFO   ] DREAMPlace - iteration  452, (  63,  2,  0), Obj 8.956651E+06, NetCrossing 6.024E+01, NetCrossingWeight 1.000000E+01, DensityWeight 1.408581E+00, HPWL 1.586258E+03, Overflow 1.869982E-02, MaxDensity 1.189E+00, MacroOverlap 1.957E-03, MacroOverlapWeight 8.000000E-06, gamma 1.270976E-02, time 6.988ms
[INFO   ] DREAMPlace - full step 32.495 ms
[DEBUG  ] dreamplace.ops.weighted_average_wirelength.weighted_average_wirelength - wirelength forward 0.150 ms
[DEBUG  ] dreamplace.ops.electric_potential.electric_potential - density forward 5.233 ms
[DEBUG  ] dreamplace.ops.electric_potential.electric_potential - density backward 10.173 ms
[DEBUG  ] dreamplace.ops.weighted_average_wirelength.weighted_average_wirelength - wirelength backward 0.133 ms
[INFO   ] DREAMPlace - optimizer step 24.135 ms
[INFO   ] DREAMPlace - iteration  453, (  63,  2,  1), Obj 9.446746E+06, NetCrossing 5.989E+01, NetCrossingWeight 1.000000E+01, DensityWeight 1.408581E+00, HPWL 1.585895E+03, Overflow 1.869326E-02, MaxDensity 1.165E+00, MacroOverlap 1.960E-03, MacroOverlapWeight 8.000000E-06, gamma 1.270976E-02, time 7.049ms
[INFO   ] DREAMPlace - full step 32.241 ms
[INFO   ] DREAMPlace - Lsub stopping criteria: 1 and 9.44675e+06 > 8.95665e+06 * 0.999
[DEBUG  ] dreamplace.ops.weighted_average_wirelength.weighted_average_wirelength - wirelength forward 0.143 ms
[DEBUG  ] dreamplace.ops.electric_potential.electric_potential - density forward 5.107 ms
[DEBUG  ] dreamplace.ops.electric_potential.electric_potential - density backward 10.143 ms
[DEBUG  ] dreamplace.ops.weighted_average_wirelength.weighted_average_wirelength - wirelength backward 0.106 ms
[INFO   ] DREAMPlace - optimizer step 23.985 ms
[INFO   ] DREAMPlace - iteration  454, (  63,  3,  0), Obj 9.444460E+06, NetCrossing 6.219E+01, NetCrossingWeight 1.000000E+01, DensityWeight 1.486512E+00, HPWL 1.585534E+03, Overflow 1.871815E-02, MaxDensity 1.151E+00, MacroOverlap 1.964E-03, MacroOverlapWeight 8.000000E-06, gamma 1.270976E-02, time 6.960ms
[INFO   ] DREAMPlace - full step 31.929 ms
[DEBUG  ] dreamplace.ops.weighted_average_wirelength.weighted_average_wirelength - wirelength forward 0.148 ms
[DEBUG  ] dreamplace.ops.electric_potential.electric_potential - density forward 5.134 ms
[DEBUG  ] dreamplace.ops.electric_potential.electric_potential - density backward 10.200 ms
[DEBUG  ] dreamplace.ops.weighted_average_wirelength.weighted_average_wirelength - wirelength backward 0.105 ms
[INFO   ] DREAMPlace - optimizer step 24.197 ms
[INFO   ] DREAMPlace - iteration  455, (  63,  3,  1), Obj 9.953909E+06, NetCrossing 6.221E+01, NetCrossingWeight 1.000000E+01, DensityWeight 1.486512E+00, HPWL 1.585321E+03, Overflow 1.873033E-02, MaxDensity 1.168E+00, MacroOverlap 1.967E-03, MacroOverlapWeight 8.000000E-06, gamma 1.270976E-02, time 6.951ms
[INFO   ] DREAMPlace - full step 32.173 ms
[INFO   ] DREAMPlace - Lsub stopping criteria: 1 and 9.95391e+06 > 9.44446e+06 * 0.999
[DEBUG  ] dreamplace.ops.weighted_average_wirelength.weighted_average_wirelength - wirelength forward 0.147 ms
[DEBUG  ] dreamplace.ops.electric_potential.electric_potential - density forward 5.106 ms
[DEBUG  ] dreamplace.ops.electric_potential.electric_potential - density backward 10.231 ms
[DEBUG  ] dreamplace.ops.weighted_average_wirelength.weighted_average_wirelength - wirelength backward 0.097 ms
[INFO   ] DREAMPlace - optimizer step 24.675 ms
[INFO   ] DREAMPlace - iteration  456, (  63,  4,  0), Obj 9.944687E+06, NetCrossing 6.210E+01, NetCrossingWeight 1.000000E+01, DensityWeight 1.568754E+00, HPWL 1.585130E+03, Overflow 1.871843E-02, MaxDensity 1.174E+00, MacroOverlap 1.970E-03, MacroOverlapWeight 8.000000E-06, gamma 1.270976E-02, time 6.912ms
[INFO   ] DREAMPlace - full step 32.605 ms
[DEBUG  ] dreamplace.ops.weighted_average_wirelength.weighted_average_wirelength - wirelength forward 0.151 ms
[DEBUG  ] dreamplace.ops.electric_potential.electric_potential - density forward 5.203 ms
[DEBUG  ] dreamplace.ops.electric_potential.electric_potential - density backward 10.643 ms
[DEBUG  ] dreamplace.ops.weighted_average_wirelength.weighted_average_wirelength - wirelength backward 0.143 ms
[INFO   ] DREAMPlace - optimizer step 25.027 ms
[INFO   ] DREAMPlace - iteration  457, (  63,  4,  1), Obj 1.048521E+07, NetCrossing 6.204E+01, NetCrossingWeight 1.000000E+01, DensityWeight 1.568754E+00, HPWL 1.585081E+03, Overflow 1.868056E-02, MaxDensity 1.133E+00, MacroOverlap 1.971E-03, MacroOverlapWeight 8.000000E-06, gamma 1.270976E-02, time 6.985ms
[INFO   ] DREAMPlace - full step 33.088 ms
[INFO   ] DREAMPlace - Lsub stopping criteria: 1 and 1.04852e+07 > 9.94469e+06 * 0.999
[DEBUG  ] dreamplace.ops.weighted_average_wirelength.weighted_average_wirelength - wirelength forward 0.145 ms
[DEBUG  ] dreamplace.ops.electric_potential.electric_potential - density forward 5.054 ms
[DEBUG  ] dreamplace.ops.electric_potential.electric_potential - density backward 10.558 ms
[DEBUG  ] dreamplace.ops.weighted_average_wirelength.weighted_average_wirelength - wirelength backward 0.130 ms
[INFO   ] DREAMPlace - optimizer step 24.336 ms
[INFO   ] DREAMPlace - iteration  458, (  63,  5,  0), Obj 1.048103E+07, NetCrossing 6.159E+01, NetCrossingWeight 1.000000E+01, DensityWeight 1.655546E+00, HPWL 1.585021E+03, Overflow 1.866535E-02, MaxDensity 1.105E+00, MacroOverlap 1.973E-03, MacroOverlapWeight 8.000000E-06, gamma 1.270976E-02, time 6.900ms
[INFO   ] DREAMPlace - full step 32.279 ms
[DEBUG  ] dreamplace.ops.weighted_average_wirelength.weighted_average_wirelength - wirelength forward 0.148 ms
[DEBUG  ] dreamplace.ops.electric_potential.electric_potential - density forward 5.047 ms
[DEBUG  ] dreamplace.ops.electric_potential.electric_potential - density backward 10.462 ms
[DEBUG  ] dreamplace.ops.weighted_average_wirelength.weighted_average_wirelength - wirelength backward 0.095 ms
[INFO   ] DREAMPlace - optimizer step 23.923 ms
[INFO   ] DREAMPlace - iteration  459, (  63,  5,  1), Obj 1.104168E+07, NetCrossing 6.278E+01, NetCrossingWeight 1.000000E+01, DensityWeight 1.655546E+00, HPWL 1.585094E+03, Overflow 1.866065E-02, MaxDensity 1.094E+00, MacroOverlap 1.972E-03, MacroOverlapWeight 8.000000E-06, gamma 1.270976E-02, time 6.927ms
[INFO   ] DREAMPlace - full step 31.904 ms
[INFO   ] DREAMPlace - Lsub stopping criteria: 1 and 1.10417e+07 > 1.0481e+07 * 0.999
[INFO   ] DREAMPlace - Llambda stopping criteria: 5 and (( 0.0186606 < 0.1 and 1585.09 > 1585.08 ) or 1.0942 < 1.0)
[DEBUG  ] dreamplace.ops.weighted_average_wirelength.weighted_average_wirelength - wirelength forward 0.148 ms
[DEBUG  ] dreamplace.ops.electric_potential.electric_potential - density forward 5.284 ms
[DEBUG  ] dreamplace.ops.electric_potential.electric_potential - density backward 10.553 ms
[DEBUG  ] dreamplace.ops.weighted_average_wirelength.weighted_average_wirelength - wirelength backward 0.140 ms
[INFO   ] DREAMPlace - optimizer step 25.547 ms
[INFO   ] DREAMPlace - iteration  460, (  64,  0,  0), Obj 1.102904E+07, NetCrossing 6.157E+01, NetCrossingWeight 1.000000E+01, DensityWeight 1.782796E+00, HPWL 1.585263E+03, Overflow 1.862329E-02, MaxDensity 1.104E+00, MacroOverlap 1.972E-03, MacroOverlapWeight 8.000000E-06, gamma 1.269242E-02, time 6.918ms
[INFO   ] DREAMPlace - full step 33.504 ms
[DEBUG  ] dreamplace.ops.weighted_average_wirelength.weighted_average_wirelength - wirelength forward 0.150 ms
[DEBUG  ] dreamplace.ops.electric_potential.electric_potential - density forward 5.113 ms
[DEBUG  ] dreamplace.ops.electric_potential.electric_potential - density backward 10.481 ms
[DEBUG  ] dreamplace.ops.weighted_average_wirelength.weighted_average_wirelength - wirelength backward 0.131 ms
[INFO   ] DREAMPlace - optimizer step 24.534 ms
[INFO   ] DREAMPlace - iteration  461, (  64,  0,  1), Obj 1.186916E+07, NetCrossing 5.841E+01, NetCrossingWeight 1.000000E+01, DensityWeight 1.782796E+00, HPWL 1.585514E+03, Overflow 1.860112E-02, MaxDensity 1.130E+00, MacroOverlap 1.970E-03, MacroOverlapWeight 8.000000E-06, gamma 1.269242E-02, time 6.972ms
[INFO   ] DREAMPlace - full step 32.584 ms
[INFO   ] DREAMPlace - Lsub stopping criteria: 1 and 1.18692e+07 > 1.1029e+07 * 0.999
[DEBUG  ] dreamplace.ops.weighted_average_wirelength.weighted_average_wirelength - wirelength forward 0.150 ms
[DEBUG  ] dreamplace.ops.electric_potential.electric_potential - density forward 5.014 ms
[DEBUG  ] dreamplace.ops.electric_potential.electric_potential - density backward 10.544 ms
[DEBUG  ] dreamplace.ops.weighted_average_wirelength.weighted_average_wirelength - wirelength backward 0.127 ms
[INFO   ] DREAMPlace - optimizer step 24.281 ms
[INFO   ] DREAMPlace - iteration  462, (  64,  1,  0), Obj 1.187109E+07, NetCrossing 6.198E+01, NetCrossingWeight 1.000000E+01, DensityWeight 1.919826E+00, HPWL 1.585717E+03, Overflow 1.857681E-02, MaxDensity 1.173E+00, MacroOverlap 1.969E-03, MacroOverlapWeight 8.000000E-06, gamma 1.269242E-02, time 7.016ms
[INFO   ] DREAMPlace - full step 32.362 ms
[DEBUG  ] dreamplace.ops.weighted_average_wirelength.weighted_average_wirelength - wirelength forward 0.154 ms
[DEBUG  ] dreamplace.ops.electric_potential.electric_potential - density forward 5.173 ms
[DEBUG  ] dreamplace.ops.electric_potential.electric_potential - density backward 10.504 ms
[DEBUG  ] dreamplace.ops.weighted_average_wirelength.weighted_average_wirelength - wirelength backward 0.124 ms
[INFO   ] DREAMPlace - optimizer step 24.426 ms
[INFO   ] DREAMPlace - iteration  463, (  64,  1,  1), Obj 1.276990E+07, NetCrossing 6.205E+01, NetCrossingWeight 1.000000E+01, DensityWeight 1.919826E+00, HPWL 1.586010E+03, Overflow 1.853603E-02, MaxDensity 1.226E+00, MacroOverlap 1.967E-03, MacroOverlapWeight 8.000000E-06, gamma 1.269242E-02, time 6.832ms
[INFO   ] DREAMPlace - full step 32.347 ms
[INFO   ] DREAMPlace - Lsub stopping criteria: 1 and 1.27699e+07 > 1.18711e+07 * 0.999
[INFO   ] DREAMPlace - Llambda stopping criteria: 1 and (( 0.018536 < 0.1 and 1586.01 > 1585.51 ) or 1.22632 < 1.0)
[DEBUG  ] dreamplace.ops.weighted_average_wirelength.weighted_average_wirelength - wirelength forward 0.149 ms
[DEBUG  ] dreamplace.ops.electric_potential.electric_potential - density forward 5.142 ms
[DEBUG  ] dreamplace.ops.electric_potential.electric_potential - density backward 10.489 ms
[DEBUG  ] dreamplace.ops.weighted_average_wirelength.weighted_average_wirelength - wirelength backward 0.127 ms
[INFO   ] DREAMPlace - optimizer step 24.487 ms
[INFO   ] DREAMPlace - iteration  464, (  65,  0,  0), Obj 1.276448E+07, NetCrossing 5.966E+01, NetCrossingWeight 1.000000E+01, DensityWeight 2.067389E+00, HPWL 1.586289E+03, Overflow 1.854977E-02, MaxDensity 1.282E+00, MacroOverlap 1.966E-03, MacroOverlapWeight 8.000000E-06, gamma 1.268433E-02, time 7.066ms
[INFO   ] DREAMPlace - full step 32.551 ms
[DEBUG  ] dreamplace.ops.weighted_average_wirelength.weighted_average_wirelength - wirelength forward 0.148 ms
[DEBUG  ] dreamplace.ops.electric_potential.electric_potential - density forward 5.115 ms
[DEBUG  ] dreamplace.ops.electric_potential.electric_potential - density backward 10.159 ms
[DEBUG  ] dreamplace.ops.weighted_average_wirelength.weighted_average_wirelength - wirelength backward 0.121 ms
[INFO   ] DREAMPlace - optimizer step 24.069 ms
[INFO   ] DREAMPlace - iteration  465, (  65,  0,  1), Obj 1.373353E+07, NetCrossing 6.013E+01, NetCrossingWeight 1.000000E+01, DensityWeight 2.067389E+00, HPWL 1.586620E+03, Overflow 1.852384E-02, MaxDensity 1.324E+00, MacroOverlap 1.963E-03, MacroOverlapWeight 8.000000E-06, gamma 1.268433E-02, time 7.027ms
[INFO   ] DREAMPlace - full step 32.166 ms
[INFO   ] DREAMPlace - Lsub stopping criteria: 1 and 1.37335e+07 > 1.27645e+07 * 0.999
[DEBUG  ] dreamplace.ops.weighted_average_wirelength.weighted_average_wirelength - wirelength forward 0.155 ms
[DEBUG  ] dreamplace.ops.electric_potential.electric_potential - density forward 5.073 ms
[DEBUG  ] dreamplace.ops.electric_potential.electric_potential - density backward 10.201 ms
[DEBUG  ] dreamplace.ops.weighted_average_wirelength.weighted_average_wirelength - wirelength backward 0.123 ms
[INFO   ] DREAMPlace - optimizer step 24.081 ms
[INFO   ] DREAMPlace - iteration  466, (  65,  1,  0), Obj 1.373334E+07, NetCrossing 6.176E+01, NetCrossingWeight 1.000000E+01, DensityWeight 2.226295E+00, HPWL 1.586914E+03, Overflow 1.853371E-02, MaxDensity 1.379E+00, MacroOverlap 1.961E-03, MacroOverlapWeight 8.000000E-06, gamma 1.268433E-02, time 7.220ms
[INFO   ] DREAMPlace - full step 32.326 ms
[DEBUG  ] dreamplace.ops.weighted_average_wirelength.weighted_average_wirelength - wirelength forward 0.156 ms
[DEBUG  ] dreamplace.ops.electric_potential.electric_potential - density forward 5.165 ms
[DEBUG  ] dreamplace.ops.electric_potential.electric_potential - density backward 10.241 ms
[DEBUG  ] dreamplace.ops.weighted_average_wirelength.weighted_average_wirelength - wirelength backward 0.139 ms
[INFO   ] DREAMPlace - optimizer step 24.693 ms
[INFO   ] DREAMPlace - iteration  467, (  65,  1,  1), Obj 1.477552E+07, NetCrossing 6.098E+01, NetCrossingWeight 1.000000E+01, DensityWeight 2.226295E+00, HPWL 1.587201E+03, Overflow 1.850190E-02, MaxDensity 1.448E+00, MacroOverlap 1.958E-03, MacroOverlapWeight 8.000000E-06, gamma 1.268433E-02, time 6.897ms
[INFO   ] DREAMPlace - full step 32.652 ms
[INFO   ] DREAMPlace - Lsub stopping criteria: 1 and 1.47755e+07 > 1.37333e+07 * 0.999
[INFO   ] DREAMPlace - Llambda stopping criteria: 1 and (( 0.0185019 < 0.1 and 1587.2 > 1586.62 ) or 1.44807 < 1.0)
[DEBUG  ] dreamplace.ops.weighted_average_wirelength.weighted_average_wirelength - wirelength forward 0.150 ms
[DEBUG  ] dreamplace.ops.electric_potential.electric_potential - density forward 5.195 ms
[DEBUG  ] dreamplace.ops.electric_potential.electric_potential - density backward 10.603 ms
[DEBUG  ] dreamplace.ops.weighted_average_wirelength.weighted_average_wirelength - wirelength backward 0.129 ms
[INFO   ] DREAMPlace - optimizer step 24.724 ms
[INFO   ] DREAMPlace - iteration  468, (  66,  0,  0), Obj 1.477077E+07, NetCrossing 6.042E+01, NetCrossingWeight 1.000000E+01, DensityWeight 2.397413E+00, HPWL 1.587429E+03, Overflow 1.851768E-02, MaxDensity 1.506E+00, MacroOverlap 1.956E-03, MacroOverlapWeight 8.000000E-06, gamma 1.268212E-02, time 6.835ms
[INFO   ] DREAMPlace - full step 32.525 ms
[DEBUG  ] dreamplace.ops.weighted_average_wirelength.weighted_average_wirelength - wirelength forward 0.152 ms
[DEBUG  ] dreamplace.ops.electric_potential.electric_potential - density forward 5.683 ms
[DEBUG  ] dreamplace.ops.electric_potential.electric_potential - density backward 10.567 ms
[DEBUG  ] dreamplace.ops.weighted_average_wirelength.weighted_average_wirelength - wirelength backward 0.126 ms
[INFO   ] DREAMPlace - optimizer step 25.262 ms
[INFO   ] DREAMPlace - iteration  469, (  66,  0,  1), Obj 1.588464E+07, NetCrossing 6.095E+01, NetCrossingWeight 1.000000E+01, DensityWeight 2.397413E+00, HPWL 1.587651E+03, Overflow 1.850309E-02, MaxDensity 1.478E+00, MacroOverlap 1.954E-03, MacroOverlapWeight 8.000000E-06, gamma 1.268212E-02, time 7.017ms
[INFO   ] DREAMPlace - full step 33.284 ms
[INFO   ] DREAMPlace - Lsub stopping criteria: 1 and 1.58846e+07 > 1.47708e+07 * 0.999
[DEBUG  ] dreamplace.ops.weighted_average_wirelength.weighted_average_wirelength - wirelength forward 0.146 ms
[DEBUG  ] dreamplace.ops.electric_potential.electric_potential - density forward 4.996 ms
[DEBUG  ] dreamplace.ops.electric_potential.electric_potential - density backward 10.613 ms
[DEBUG  ] dreamplace.ops.weighted_average_wirelength.weighted_average_wirelength - wirelength backward 0.125 ms
[INFO   ] DREAMPlace - optimizer step 24.397 ms
[INFO   ] DREAMPlace - iteration  470, (  66,  1,  0), Obj 1.586846E+07, NetCrossing 6.079E+01, NetCrossingWeight 1.000000E+01, DensityWeight 2.581685E+00, HPWL 1.587828E+03, Overflow 1.849996E-02, MaxDensity 1.411E+00, MacroOverlap 1.953E-03, MacroOverlapWeight 8.000000E-06, gamma 1.268212E-02, time 6.901ms
[INFO   ] DREAMPlace - full step 32.329 ms
[DEBUG  ] dreamplace.ops.weighted_average_wirelength.weighted_average_wirelength - wirelength forward 0.144 ms
[DEBUG  ] dreamplace.ops.electric_potential.electric_potential - density forward 5.123 ms
[DEBUG  ] dreamplace.ops.electric_potential.electric_potential - density backward 10.590 ms
[DEBUG  ] dreamplace.ops.weighted_average_wirelength.weighted_average_wirelength - wirelength backward 0.129 ms
[INFO   ] DREAMPlace - optimizer step 24.567 ms
[INFO   ] DREAMPlace - iteration  471, (  66,  1,  1), Obj 1.706516E+07, NetCrossing 6.158E+01, NetCrossingWeight 1.000000E+01, DensityWeight 2.581685E+00, HPWL 1.588039E+03, Overflow 1.847400E-02, MaxDensity 1.400E+00, MacroOverlap 1.951E-03, MacroOverlapWeight 8.000000E-06, gamma 1.268212E-02, time 6.781ms
[INFO   ] DREAMPlace - full step 32.373 ms
[INFO   ] DREAMPlace - Lsub stopping criteria: 1 and 1.70652e+07 > 1.58685e+07 * 0.999
[INFO   ] DREAMPlace - Llambda stopping criteria: 1 and (( 0.018474 < 0.1 and 1588.04 > 1587.65 ) or 1.40017 < 1.0)
[DEBUG  ] dreamplace.ops.weighted_average_wirelength.weighted_average_wirelength - wirelength forward 0.142 ms
[DEBUG  ] dreamplace.ops.electric_potential.electric_potential - density forward 5.055 ms
[DEBUG  ] dreamplace.ops.electric_potential.electric_potential - density backward 10.676 ms
[DEBUG  ] dreamplace.ops.weighted_average_wirelength.weighted_average_wirelength - wirelength backward 0.132 ms
[INFO   ] DREAMPlace - optimizer step 24.523 ms
[INFO   ] DREAMPlace - iteration  472, (  67,  0,  0), Obj 1.704599E+07, NetCrossing 6.144E+01, NetCrossingWeight 1.000000E+01, DensityWeight 2.780120E+00, HPWL 1.588233E+03, Overflow 1.847343E-02, MaxDensity 1.506E+00, MacroOverlap 1.949E-03, MacroOverlapWeight 8.000000E-06, gamma 1.268031E-02, time 6.793ms
[INFO   ] DREAMPlace - full step 32.320 ms
[DEBUG  ] dreamplace.ops.weighted_average_wirelength.weighted_average_wirelength - wirelength forward 0.147 ms
[DEBUG  ] dreamplace.ops.electric_potential.electric_potential - density forward 5.164 ms
[DEBUG  ] dreamplace.ops.electric_potential.electric_potential - density backward 10.619 ms
[DEBUG  ] dreamplace.ops.weighted_average_wirelength.weighted_average_wirelength - wirelength backward 0.131 ms
[DEBUG  ] dreamplace.ops.weighted_average_wirelength.weighted_average_wirelength - wirelength forward 0.134 ms
[DEBUG  ] dreamplace.ops.electric_potential.electric_potential - density forward 5.054 ms
[DEBUG  ] dreamplace.ops.electric_potential.electric_potential - density backward 10.607 ms
[DEBUG  ] dreamplace.ops.weighted_average_wirelength.weighted_average_wirelength - wirelength backward 0.132 ms
[INFO   ] DREAMPlace - optimizer step 48.880 ms
[INFO   ] DREAMPlace - iteration  473, (  67,  0,  1), Obj 1.831139E+07, NetCrossing 6.015E+01, NetCrossingWeight 1.000000E+01, DensityWeight 2.780120E+00, HPWL 1.588544E+03, Overflow 1.847910E-02, MaxDensity 1.506E+00, MacroOverlap 1.947E-03, MacroOverlapWeight 8.000000E-06, gamma 1.268031E-02, time 6.978ms
[INFO   ] DREAMPlace - full step 56.863 ms
[INFO   ] DREAMPlace - Lsub stopping criteria: 1 and 1.83114e+07 > 1.7046e+07 * 0.999
[DEBUG  ] dreamplace.ops.weighted_average_wirelength.weighted_average_wirelength - wirelength forward 0.147 ms
[DEBUG  ] dreamplace.ops.electric_potential.electric_potential - density forward 5.053 ms
[DEBUG  ] dreamplace.ops.electric_potential.electric_potential - density backward 10.613 ms
[DEBUG  ] dreamplace.ops.weighted_average_wirelength.weighted_average_wirelength - wirelength backward 0.131 ms
[INFO   ] DREAMPlace - optimizer step 24.627 ms
[INFO   ] DREAMPlace - iteration  474, (  67,  1,  0), Obj 1.829018E+07, NetCrossing 6.118E+01, NetCrossingWeight 1.000000E+01, DensityWeight 2.993808E+00, HPWL 1.588884E+03, Overflow 1.847184E-02, MaxDensity 1.435E+00, MacroOverlap 1.945E-03, MacroOverlapWeight 8.000000E-06, gamma 1.268031E-02, time 6.906ms
[INFO   ] DREAMPlace - full step 32.575 ms
[DEBUG  ] dreamplace.ops.weighted_average_wirelength.weighted_average_wirelength - wirelength forward 0.148 ms
[DEBUG  ] dreamplace.ops.electric_potential.electric_potential - density forward 5.202 ms
[DEBUG  ] dreamplace.ops.electric_potential.electric_potential - density backward 10.948 ms
[DEBUG  ] dreamplace.ops.weighted_average_wirelength.weighted_average_wirelength - wirelength backward 0.127 ms
[INFO   ] DREAMPlace - optimizer step 25.084 ms
[INFO   ] DREAMPlace - iteration  475, (  67,  1,  1), Obj 1.966679E+07, NetCrossing 6.062E+01, NetCrossingWeight 1.000000E+01, DensityWeight 2.993808E+00, HPWL 1.589349E+03, Overflow 1.848069E-02, MaxDensity 1.480E+00, MacroOverlap 1.942E-03, MacroOverlapWeight 8.000000E-06, gamma 1.268031E-02, time 6.984ms
[INFO   ] DREAMPlace - full step 33.106 ms
[INFO   ] DREAMPlace - Lsub stopping criteria: 1 and 1.96668e+07 > 1.82902e+07 * 0.999
[INFO   ] DREAMPlace - Llambda stopping criteria: 1 and (( 0.0184807 < 0.1 and 1589.35 > 1588.54 ) or 1.47961 < 1.0)
[DEBUG  ] dreamplace.ops.weighted_average_wirelength.weighted_average_wirelength - wirelength forward 0.145 ms
[DEBUG  ] dreamplace.ops.electric_potential.electric_potential - density forward 5.008 ms
[DEBUG  ] dreamplace.ops.electric_potential.electric_potential - density backward 10.539 ms
[DEBUG  ] dreamplace.ops.weighted_average_wirelength.weighted_average_wirelength - wirelength backward 0.132 ms
[INFO   ] DREAMPlace - optimizer step 24.451 ms
[INFO   ] DREAMPlace - iteration  476, (  68,  0,  0), Obj 1.964410E+07, NetCrossing 6.053E+01, NetCrossingWeight 1.000000E+01, DensityWeight 3.223920E+00, HPWL 1.589760E+03, Overflow 1.848271E-02, MaxDensity 1.473E+00, MacroOverlap 1.940E-03, MacroOverlapWeight 8.000000E-06, gamma 1.268074E-02, time 6.788ms
[INFO   ] DREAMPlace - full step 32.205 ms
[DEBUG  ] dreamplace.ops.weighted_average_wirelength.weighted_average_wirelength - wirelength forward 0.148 ms
[DEBUG  ] dreamplace.ops.electric_potential.electric_potential - density forward 5.074 ms
[DEBUG  ] dreamplace.ops.electric_potential.electric_potential - density backward 10.995 ms
[DEBUG  ] dreamplace.ops.weighted_average_wirelength.weighted_average_wirelength - wirelength backward 0.131 ms
[INFO   ] DREAMPlace - optimizer step 24.997 ms
[INFO   ] DREAMPlace - iteration  477, (  68,  0,  1), Obj 2.112649E+07, NetCrossing 5.826E+01, NetCrossingWeight 1.000000E+01, DensityWeight 3.223920E+00, HPWL 1.590298E+03, Overflow 1.848209E-02, MaxDensity 1.417E+00, MacroOverlap 1.937E-03, MacroOverlapWeight 8.000000E-06, gamma 1.268074E-02, time 6.906ms
[INFO   ] DREAMPlace - full step 32.917 ms
[INFO   ] DREAMPlace - Lsub stopping criteria: 1 and 2.11265e+07 > 1.96441e+07 * 0.999
[DEBUG  ] dreamplace.ops.weighted_average_wirelength.weighted_average_wirelength - wirelength forward 0.144 ms
[DEBUG  ] dreamplace.ops.electric_potential.electric_potential - density forward 5.143 ms
[DEBUG  ] dreamplace.ops.electric_potential.electric_potential - density backward 10.953 ms
[DEBUG  ] dreamplace.ops.weighted_average_wirelength.weighted_average_wirelength - wirelength backward 0.128 ms
[INFO   ] DREAMPlace - optimizer step 24.943 ms
[INFO   ] DREAMPlace - iteration  478, (  68,  1,  0), Obj 2.109703E+07, NetCrossing 5.859E+01, NetCrossingWeight 1.000000E+01, DensityWeight 3.471718E+00, HPWL 1.590761E+03, Overflow 1.850648E-02, MaxDensity 1.329E+00, MacroOverlap 1.935E-03, MacroOverlapWeight 8.000000E-06, gamma 1.268074E-02, time 6.822ms
[INFO   ] DREAMPlace - full step 32.745 ms
[DEBUG  ] dreamplace.ops.weighted_average_wirelength.weighted_average_wirelength - wirelength forward 0.150 ms
[DEBUG  ] dreamplace.ops.electric_potential.electric_potential - density forward 5.154 ms
[DEBUG  ] dreamplace.ops.electric_potential.electric_potential - density backward 10.947 ms
[DEBUG  ] dreamplace.ops.weighted_average_wirelength.weighted_average_wirelength - wirelength backward 0.128 ms
[DEBUG  ] dreamplace.ops.weighted_average_wirelength.weighted_average_wirelength - wirelength forward 0.107 ms
[DEBUG  ] dreamplace.ops.electric_potential.electric_potential - density forward 5.166 ms
[DEBUG  ] dreamplace.ops.electric_potential.electric_potential - density backward 10.957 ms
[DEBUG  ] dreamplace.ops.weighted_average_wirelength.weighted_average_wirelength - wirelength backward 0.128 ms
[INFO   ] DREAMPlace - optimizer step 49.675 ms
[INFO   ] DREAMPlace - iteration  479, (  68,  1,  1), Obj 2.266003E+07, NetCrossing 5.785E+01, NetCrossingWeight 1.000000E+01, DensityWeight 3.471718E+00, HPWL 1.591273E+03, Overflow 1.847465E-02, MaxDensity 1.328E+00, MacroOverlap 1.931E-03, MacroOverlapWeight 8.000000E-06, gamma 1.268074E-02, time 6.982ms
[INFO   ] DREAMPlace - full step 57.775 ms
[INFO   ] DREAMPlace - Lsub stopping criteria: 1 and 2.266e+07 > 2.1097e+07 * 0.999
[INFO   ] DREAMPlace - Llambda stopping criteria: 1 and (( 0.0184746 < 0.1 and 1591.27 > 1590.3 ) or 1.32845 < 1.0)
[DEBUG  ] dreamplace.ops.weighted_average_wirelength.weighted_average_wirelength - wirelength forward 0.169 ms
[DEBUG  ] dreamplace.ops.electric_potential.electric_potential - density forward 5.596 ms
[DEBUG  ] dreamplace.ops.electric_potential.electric_potential - density backward 10.978 ms
[DEBUG  ] dreamplace.ops.weighted_average_wirelength.weighted_average_wirelength - wirelength backward 0.099 ms
[INFO   ] DREAMPlace - optimizer step 26.322 ms
[INFO   ] DREAMPlace - iteration  480, (  69,  0,  0), Obj 2.261315E+07, NetCrossing 6.001E+01, NetCrossingWeight 1.000000E+01, DensityWeight 3.738564E+00, HPWL 1.591594E+03, Overflow 1.849321E-02, MaxDensity 1.232E+00, MacroOverlap 1.929E-03, MacroOverlapWeight 8.000000E-06, gamma 1.268035E-02, time 10.017ms
[INFO   ] DREAMPlace - full step 37.286 ms
[DEBUG  ] dreamplace.ops.weighted_average_wirelength.weighted_average_wirelength - wirelength forward 0.143 ms
[DEBUG  ] dreamplace.ops.electric_potential.electric_potential - density forward 4.812 ms
[DEBUG  ] dreamplace.ops.electric_potential.electric_potential - density backward 10.013 ms
[DEBUG  ] dreamplace.ops.weighted_average_wirelength.weighted_average_wirelength - wirelength backward 0.149 ms
[INFO   ] DREAMPlace - optimizer step 22.748 ms
[INFO   ] DREAMPlace - iteration  481, (  69,  0,  1), Obj 2.436868E+07, NetCrossing 5.950E+01, NetCrossingWeight 1.000000E+01, DensityWeight 3.738564E+00, HPWL 1.591953E+03, Overflow 1.844501E-02, MaxDensity 1.170E+00, MacroOverlap 1.924E-03, MacroOverlapWeight 8.000000E-06, gamma 1.268035E-02, time 7.386ms
[INFO   ] DREAMPlace - full step 31.294 ms
[INFO   ] DREAMPlace - Lsub stopping criteria: 1 and 2.43687e+07 > 2.26131e+07 * 0.999
[DEBUG  ] dreamplace.ops.weighted_average_wirelength.weighted_average_wirelength - wirelength forward 0.114 ms
[DEBUG  ] dreamplace.ops.electric_potential.electric_potential - density forward 4.747 ms
[DEBUG  ] dreamplace.ops.electric_potential.electric_potential - density backward 10.084 ms
[DEBUG  ] dreamplace.ops.weighted_average_wirelength.weighted_average_wirelength - wirelength backward 0.137 ms
[INFO   ] DREAMPlace - optimizer step 22.863 ms
[INFO   ] DREAMPlace - iteration  482, (  69,  1,  0), Obj 2.431270E+07, NetCrossing 5.953E+01, NetCrossingWeight 1.000000E+01, DensityWeight 4.025919E+00, HPWL 1.592526E+03, Overflow 1.841622E-02, MaxDensity 1.004E+00, MacroOverlap 1.918E-03, MacroOverlapWeight 8.000000E-06, gamma 1.268035E-02, time 7.045ms
[INFO   ] DREAMPlace - full step 30.814 ms
[DEBUG  ] dreamplace.ops.weighted_average_wirelength.weighted_average_wirelength - wirelength forward 0.152 ms
[DEBUG  ] dreamplace.ops.electric_potential.electric_potential - density forward 5.054 ms
[DEBUG  ] dreamplace.ops.electric_potential.electric_potential - density backward 10.074 ms
[DEBUG  ] dreamplace.ops.weighted_average_wirelength.weighted_average_wirelength - wirelength backward 0.135 ms
[INFO   ] DREAMPlace - optimizer step 24.129 ms
[INFO   ] DREAMPlace - iteration  483, (  69,  1,  1), Obj 2.614012E+07, NetCrossing 5.896E+01, NetCrossingWeight 1.000000E+01, DensityWeight 4.025919E+00, HPWL 1.593286E+03, Overflow 1.837406E-02, MaxDensity 1.004E+00, MacroOverlap 1.915E-03, MacroOverlapWeight 8.000000E-06, gamma 1.268035E-02, time 6.905ms
[INFO   ] DREAMPlace - full step 32.126 ms
[INFO   ] DREAMPlace - Lsub stopping criteria: 1 and 2.61401e+07 > 2.43127e+07 * 0.999
[INFO   ] DREAMPlace - Llambda stopping criteria: 1 and (( 0.0183741 < 0.1 and 1593.29 > 1591.95 ) or 1.00389 < 1.0)
[DEBUG  ] dreamplace.ops.weighted_average_wirelength.weighted_average_wirelength - wirelength forward 0.152 ms
[DEBUG  ] dreamplace.ops.electric_potential.electric_potential - density forward 5.073 ms
[DEBUG  ] dreamplace.ops.electric_potential.electric_potential - density backward 10.083 ms
[DEBUG  ] dreamplace.ops.weighted_average_wirelength.weighted_average_wirelength - wirelength backward 0.134 ms
[INFO   ] DREAMPlace - optimizer step 24.140 ms
[INFO   ] DREAMPlace - iteration  484, (  70,  0,  0), Obj 2.610389E+07, NetCrossing 5.839E+01, NetCrossingWeight 1.000000E+01, DensityWeight 4.335361E+00, HPWL 1.594001E+03, Overflow 1.832465E-02, MaxDensity 1.004E+00, MacroOverlap 1.912E-03, MacroOverlapWeight 8.000000E-06, gamma 1.267383E-02, time 6.923ms
[INFO   ] DREAMPlace - full step 32.079 ms
[DEBUG  ] dreamplace.ops.weighted_average_wirelength.weighted_average_wirelength - wirelength forward 0.151 ms
[DEBUG  ] dreamplace.ops.electric_potential.electric_potential - density forward 5.148 ms
[DEBUG  ] dreamplace.ops.electric_potential.electric_potential - density backward 10.070 ms
[DEBUG  ] dreamplace.ops.weighted_average_wirelength.weighted_average_wirelength - wirelength backward 0.135 ms
[INFO   ] DREAMPlace - optimizer step 24.275 ms
[INFO   ] DREAMPlace - iteration  485, (  70,  0,  1), Obj 2.806503E+07, NetCrossing 5.942E+01, NetCrossingWeight 1.000000E+01, DensityWeight 4.335361E+00, HPWL 1.594764E+03, Overflow 1.832341E-02, MaxDensity 1.013E+00, MacroOverlap 1.909E-03, MacroOverlapWeight 8.000000E-06, gamma 1.267383E-02, time 7.123ms
[INFO   ] DREAMPlace - full step 32.438 ms
[INFO   ] DREAMPlace - Lsub stopping criteria: 1 and 2.8065e+07 > 2.61039e+07 * 0.999
[DEBUG  ] dreamplace.ops.weighted_average_wirelength.weighted_average_wirelength - wirelength forward 0.157 ms
[DEBUG  ] dreamplace.ops.electric_potential.electric_potential - density forward 5.126 ms
[DEBUG  ] dreamplace.ops.electric_potential.electric_potential - density backward 10.074 ms
[DEBUG  ] dreamplace.ops.weighted_average_wirelength.weighted_average_wirelength - wirelength backward 0.125 ms
[INFO   ] DREAMPlace - optimizer step 24.179 ms
[INFO   ] DREAMPlace - iteration  486, (  70,  1,  0), Obj 2.805108E+07, NetCrossing 5.847E+01, NetCrossingWeight 1.000000E+01, DensityWeight 4.668588E+00, HPWL 1.595551E+03, Overflow 1.830604E-02, MaxDensity 1.064E+00, MacroOverlap 1.906E-03, MacroOverlapWeight 8.000000E-06, gamma 1.267383E-02, time 7.059ms
[INFO   ] DREAMPlace - full step 32.266 ms
[DEBUG  ] dreamplace.ops.weighted_average_wirelength.weighted_average_wirelength - wirelength forward 0.150 ms
[DEBUG  ] dreamplace.ops.electric_potential.electric_potential - density forward 5.019 ms
[DEBUG  ] dreamplace.ops.electric_potential.electric_potential - density backward 10.003 ms
[DEBUG  ] dreamplace.ops.weighted_average_wirelength.weighted_average_wirelength - wirelength backward 0.134 ms
[INFO   ] DREAMPlace - optimizer step 23.988 ms
[INFO   ] DREAMPlace - iteration  487, (  70,  1,  1), Obj 3.016269E+07, NetCrossing 5.951E+01, NetCrossingWeight 1.000000E+01, DensityWeight 4.668588E+00, HPWL 1.596502E+03, Overflow 1.828763E-02, MaxDensity 1.074E+00, MacroOverlap 1.904E-03, MacroOverlapWeight 8.000000E-06, gamma 1.267383E-02, time 6.804ms
[INFO   ] DREAMPlace - full step 31.833 ms
[INFO   ] DREAMPlace - Lsub stopping criteria: 1 and 3.01627e+07 > 2.80511e+07 * 0.999
[INFO   ] DREAMPlace - Llambda stopping criteria: 1 and (( 0.0182876 < 0.1 and 1596.5 > 1594.76 ) or 1.07387 < 1.0)
[DEBUG  ] dreamplace.ops.weighted_average_wirelength.weighted_average_wirelength - wirelength forward 0.154 ms
[DEBUG  ] dreamplace.ops.electric_potential.electric_potential - density forward 6.605 ms
[DEBUG  ] dreamplace.ops.electric_potential.electric_potential - density backward 9.971 ms
[DEBUG  ] dreamplace.ops.weighted_average_wirelength.weighted_average_wirelength - wirelength backward 0.129 ms
[INFO   ] DREAMPlace - optimizer step 25.005 ms
[INFO   ] DREAMPlace - iteration  488, (  71,  0,  0), Obj 3.015523E+07, NetCrossing 5.969E+01, NetCrossingWeight 1.000000E+01, DensityWeight 5.027426E+00, HPWL 1.597898E+03, Overflow 1.829204E-02, MaxDensity 1.232E+00, MacroOverlap 1.900E-03, MacroOverlapWeight 8.000000E-06, gamma 1.266822E-02, time 7.899ms
[INFO   ] DREAMPlace - full step 33.866 ms
[DEBUG  ] dreamplace.ops.weighted_average_wirelength.weighted_average_wirelength - wirelength forward 0.156 ms
[DEBUG  ] dreamplace.ops.electric_potential.electric_potential - density forward 62.171 ms
[DEBUG  ] dreamplace.ops.electric_potential.electric_potential - density backward 10.052 ms
[DEBUG  ] dreamplace.ops.weighted_average_wirelength.weighted_average_wirelength - wirelength backward 0.128 ms
[INFO   ] DREAMPlace - optimizer step 82.131 ms
[INFO   ] DREAMPlace - iteration  489, (  71,  0,  1), Obj 3.243318E+07, NetCrossing 5.729E+01, NetCrossingWeight 1.000000E+01, DensityWeight 5.027426E+00, HPWL 1.599385E+03, Overflow 1.829547E-02, MaxDensity 1.324E+00, MacroOverlap 1.897E-03, MacroOverlapWeight 8.000000E-06, gamma 1.266822E-02, time 71.243ms
[INFO   ] DREAMPlace - full step 154.415 ms
[INFO   ] DREAMPlace - Lsub stopping criteria: 1 and 3.24332e+07 > 3.01552e+07 * 0.999
[DEBUG  ] dreamplace.ops.weighted_average_wirelength.weighted_average_wirelength - wirelength forward 0.144 ms
[DEBUG  ] dreamplace.ops.electric_potential.electric_potential - density forward 4.861 ms
[DEBUG  ] dreamplace.ops.electric_potential.electric_potential - density backward 10.077 ms
[DEBUG  ] dreamplace.ops.weighted_average_wirelength.weighted_average_wirelength - wirelength backward 0.138 ms
[INFO   ] DREAMPlace - optimizer step 23.543 ms
[INFO   ] DREAMPlace - iteration  490, (  71,  1,  0), Obj 3.241184E+07, NetCrossing 5.831E+01, NetCrossingWeight 1.000000E+01, DensityWeight 5.413845E+00, HPWL 1.600908E+03, Overflow 1.828294E-02, MaxDensity 1.297E+00, MacroOverlap 1.892E-03, MacroOverlapWeight 8.000000E-06, gamma 1.266822E-02, time 11.298ms
[INFO   ] DREAMPlace - full step 35.906 ms
[DEBUG  ] dreamplace.ops.weighted_average_wirelength.weighted_average_wirelength - wirelength forward 0.152 ms
[DEBUG  ] dreamplace.ops.electric_potential.electric_potential - density forward 5.080 ms
[DEBUG  ] dreamplace.ops.electric_potential.electric_potential - density backward 10.013 ms
[DEBUG  ] dreamplace.ops.weighted_average_wirelength.weighted_average_wirelength - wirelength backward 0.124 ms
[INFO   ] DREAMPlace - optimizer step 23.605 ms
[INFO   ] DREAMPlace - iteration  491, (  71,  1,  1), Obj 3.483972E+07, NetCrossing 5.881E+01, NetCrossingWeight 1.000000E+01, DensityWeight 5.413845E+00, HPWL 1.602480E+03, Overflow 1.828952E-02, MaxDensity 1.251E+00, MacroOverlap 1.888E-03, MacroOverlapWeight 8.000000E-06, gamma 1.266822E-02, time 8.032ms
[INFO   ] DREAMPlace - full step 32.482 ms
[INFO   ] DREAMPlace - Lsub stopping criteria: 1 and 3.48397e+07 > 3.24118e+07 * 0.999
[INFO   ] DREAMPlace - Llambda stopping criteria: 1 and (( 0.0182895 < 0.1 and 1602.48 > 1599.39 ) or 1.25089 < 1.0)
[DEBUG  ] dreamplace.ops.weighted_average_wirelength.weighted_average_wirelength - wirelength forward 0.158 ms
[DEBUG  ] dreamplace.ops.electric_potential.electric_potential - density forward 5.189 ms
[DEBUG  ] dreamplace.ops.electric_potential.electric_potential - density backward 9.916 ms
[DEBUG  ] dreamplace.ops.weighted_average_wirelength.weighted_average_wirelength - wirelength backward 0.127 ms
[INFO   ] DREAMPlace - optimizer step 23.276 ms
[INFO   ] DREAMPlace - iteration  492, (  72,  0,  0), Obj 3.484220E+07, NetCrossing 5.919E+01, NetCrossingWeight 1.000000E+01, DensityWeight 5.829963E+00, HPWL 1.604005E+03, Overflow 1.832827E-02, MaxDensity 1.202E+00, MacroOverlap 1.883E-03, MacroOverlapWeight 8.000000E-06, gamma 1.266834E-02, time 6.882ms
[INFO   ] DREAMPlace - full step 31.010 ms
[DEBUG  ] dreamplace.ops.weighted_average_wirelength.weighted_average_wirelength - wirelength forward 0.166 ms
[DEBUG  ] dreamplace.ops.electric_potential.electric_potential - density forward 5.167 ms
[DEBUG  ] dreamplace.ops.electric_potential.electric_potential - density backward 9.943 ms
[DEBUG  ] dreamplace.ops.weighted_average_wirelength.weighted_average_wirelength - wirelength backward 0.122 ms
[INFO   ] DREAMPlace - optimizer step 23.367 ms
[INFO   ] DREAMPlace - iteration  493, (  72,  0,  1), Obj 3.745952E+07, NetCrossing 5.958E+01, NetCrossingWeight 1.000000E+01, DensityWeight 5.829963E+00, HPWL 1.605490E+03, Overflow 1.835790E-02, MaxDensity 1.136E+00, MacroOverlap 1.879E-03, MacroOverlapWeight 8.000000E-06, gamma 1.266834E-02, time 6.923ms
[INFO   ] DREAMPlace - full step 31.131 ms
[INFO   ] DREAMPlace - Lsub stopping criteria: 1 and 3.74595e+07 > 3.48422e+07 * 0.999
[DEBUG  ] dreamplace.ops.weighted_average_wirelength.weighted_average_wirelength - wirelength forward 0.112 ms
[DEBUG  ] dreamplace.ops.electric_potential.electric_potential - density forward 4.673 ms
[DEBUG  ] dreamplace.ops.electric_potential.electric_potential - density backward 9.321 ms
[DEBUG  ] dreamplace.ops.weighted_average_wirelength.weighted_average_wirelength - wirelength backward 0.134 ms
[INFO   ] DREAMPlace - optimizer step 21.147 ms
[INFO   ] DREAMPlace - iteration  494, (  72,  1,  0), Obj 3.741380E+07, NetCrossing 5.995E+01, NetCrossingWeight 1.000000E+01, DensityWeight 6.278067E+00, HPWL 1.606871E+03, Overflow 1.835966E-02, MaxDensity 1.060E+00, MacroOverlap 1.874E-03, MacroOverlapWeight 8.000000E-06, gamma 1.266834E-02, time 6.078ms
[INFO   ] DREAMPlace - full step 28.009 ms
[DEBUG  ] dreamplace.ops.weighted_average_wirelength.weighted_average_wirelength - wirelength forward 0.146 ms
[DEBUG  ] dreamplace.ops.electric_potential.electric_potential - density forward 5.110 ms
[DEBUG  ] dreamplace.ops.electric_potential.electric_potential - density backward 9.395 ms
[DEBUG  ] dreamplace.ops.weighted_average_wirelength.weighted_average_wirelength - wirelength backward 0.125 ms
[INFO   ] DREAMPlace - optimizer step 23.417 ms
[INFO   ] DREAMPlace - iteration  495, (  72,  1,  1), Obj 4.022586E+07, NetCrossing 6.005E+01, NetCrossingWeight 1.000000E+01, DensityWeight 6.278067E+00, HPWL 1.608317E+03, Overflow 1.837091E-02, MaxDensity 1.027E+00, MacroOverlap 1.868E-03, MacroOverlapWeight 8.000000E-06, gamma 1.266834E-02, time 6.209ms
[INFO   ] DREAMPlace - full step 30.566 ms
[INFO   ] DREAMPlace - Lsub stopping criteria: 1 and 4.02259e+07 > 3.74138e+07 * 0.999
[INFO   ] DREAMPlace - Llambda stopping criteria: 1 and (( 0.0183709 < 0.1 and 1608.32 > 1605.49 ) or 1.02679 < 1.0)
[DEBUG  ] dreamplace.ops.weighted_average_wirelength.weighted_average_wirelength - wirelength forward 0.154 ms
[DEBUG  ] dreamplace.ops.electric_potential.electric_potential - density forward 5.093 ms
[DEBUG  ] dreamplace.ops.electric_potential.electric_potential - density backward 9.298 ms
[DEBUG  ] dreamplace.ops.weighted_average_wirelength.weighted_average_wirelength - wirelength backward 0.126 ms
[INFO   ] DREAMPlace - optimizer step 23.342 ms
[INFO   ] DREAMPlace - iteration  496, (  73,  0,  0), Obj 4.020485E+07, NetCrossing 6.038E+01, NetCrossingWeight 1.000000E+01, DensityWeight 6.760612E+00, HPWL 1.609770E+03, Overflow 1.842594E-02, MaxDensity 1.030E+00, MacroOverlap 1.862E-03, MacroOverlapWeight 8.000000E-06, gamma 1.267362E-02, time 7.053ms
[INFO   ] DREAMPlace - full step 31.384 ms
[DEBUG  ] dreamplace.ops.weighted_average_wirelength.weighted_average_wirelength - wirelength forward 0.148 ms
[DEBUG  ] dreamplace.ops.electric_potential.electric_potential - density forward 5.070 ms
[DEBUG  ] dreamplace.ops.electric_potential.electric_potential - density backward 9.342 ms
[DEBUG  ] dreamplace.ops.weighted_average_wirelength.weighted_average_wirelength - wirelength backward 0.119 ms
[INFO   ] DREAMPlace - optimizer step 23.317 ms
[INFO   ] DREAMPlace - iteration  497, (  73,  0,  1), Obj 4.321800E+07, NetCrossing 6.093E+01, NetCrossingWeight 1.000000E+01, DensityWeight 6.760612E+00, HPWL 1.611203E+03, Overflow 1.844293E-02, MaxDensity 1.004E+00, MacroOverlap 1.856E-03, MacroOverlapWeight 8.000000E-06, gamma 1.267362E-02, time 6.859ms
[INFO   ] DREAMPlace - full step 31.166 ms
[INFO   ] DREAMPlace - Lsub stopping criteria: 1 and 4.3218e+07 > 4.02048e+07 * 0.999
[DEBUG  ] dreamplace.ops.weighted_average_wirelength.weighted_average_wirelength - wirelength forward 0.144 ms
[DEBUG  ] dreamplace.ops.electric_potential.electric_potential - density forward 5.078 ms
[DEBUG  ] dreamplace.ops.electric_potential.electric_potential - density backward 9.332 ms
[DEBUG  ] dreamplace.ops.weighted_average_wirelength.weighted_average_wirelength - wirelength backward 0.130 ms
[INFO   ] DREAMPlace - optimizer step 23.315 ms
[INFO   ] DREAMPlace - iteration  498, (  73,  1,  0), Obj 4.316285E+07, NetCrossing 6.070E+01, NetCrossingWeight 1.000000E+01, DensityWeight 7.280247E+00, HPWL 1.612574E+03, Overflow 1.845182E-02, MaxDensity 1.004E+00, MacroOverlap 1.848E-03, MacroOverlapWeight 8.000000E-06, gamma 1.267362E-02, time 6.895ms
[INFO   ] DREAMPlace - full step 31.207 ms
[DEBUG  ] dreamplace.ops.weighted_average_wirelength.weighted_average_wirelength - wirelength forward 0.153 ms
[DEBUG  ] dreamplace.ops.electric_potential.electric_potential - density forward 5.193 ms
[DEBUG  ] dreamplace.ops.electric_potential.electric_potential - density backward 9.210 ms
[DEBUG  ] dreamplace.ops.weighted_average_wirelength.weighted_average_wirelength - wirelength backward 0.095 ms
[INFO   ] DREAMPlace - optimizer step 23.101 ms
[INFO   ] DREAMPlace - iteration  499, (  73,  1,  1), Obj 4.638228E+07, NetCrossing 6.156E+01, NetCrossingWeight 1.000000E+01, DensityWeight 7.280247E+00, HPWL 1.613983E+03, Overflow 1.848044E-02, MaxDensity 1.004E+00, MacroOverlap 1.839E-03, MacroOverlapWeight 8.000000E-06, gamma 1.267362E-02, time 6.938ms
[INFO   ] DREAMPlace - full step 31.058 ms
[INFO   ] DREAMPlace - Lsub stopping criteria: 1 and 4.63823e+07 > 4.31628e+07 * 0.999
[INFO   ] DREAMPlace - Llambda stopping criteria: 1 and (( 0.0184804 < 0.1 and 1613.98 > 1611.2 ) or 1.00389 < 1.0)
[DEBUG  ] dreamplace.ops.weighted_average_wirelength.weighted_average_wirelength - wirelength forward 0.149 ms
[DEBUG  ] dreamplace.ops.weighted_average_wirelength.weighted_average_wirelength - wirelength backward 0.103 ms
[DEBUG  ] dreamplace.ops.weighted_average_wirelength.weighted_average_wirelength - wirelength forward 0.126 ms
[DEBUG  ] dreamplace.ops.weighted_average_wirelength.weighted_average_wirelength - wirelength backward 0.114 ms
[DEBUG  ] dreamplace.ops.weighted_average_wirelength.weighted_average_wirelength - wirelength forward 0.128 ms
[DEBUG  ] dreamplace.ops.weighted_average_wirelength.weighted_average_wirelength - wirelength backward 0.099 ms
[DEBUG  ] dreamplace.ops.weighted_average_wirelength.weighted_average_wirelength - wirelength forward 0.127 ms
[DEBUG  ] dreamplace.ops.weighted_average_wirelength.weighted_average_wirelength - wirelength backward 0.110 ms
[DEBUG  ] dreamplace.ops.weighted_average_wirelength.weighted_average_wirelength - wirelength forward 0.126 ms
[DEBUG  ] dreamplace.ops.weighted_average_wirelength.weighted_average_wirelength - wirelength backward 0.168 ms
[DEBUG  ] dreamplace.ops.weighted_average_wirelength.weighted_average_wirelength - wirelength forward 0.128 ms
[DEBUG  ] dreamplace.ops.weighted_average_wirelength.weighted_average_wirelength - wirelength backward 0.165 ms
[DEBUG  ] dreamplace.ops.weighted_average_wirelength.weighted_average_wirelength - wirelength forward 0.127 ms
[DEBUG  ] dreamplace.ops.weighted_average_wirelength.weighted_average_wirelength - wirelength backward 0.162 ms
[DEBUG  ] dreamplace.ops.weighted_average_wirelength.weighted_average_wirelength - wirelength forward 0.127 ms
[DEBUG  ] dreamplace.ops.weighted_average_wirelength.weighted_average_wirelength - wirelength backward 0.166 ms
[DEBUG  ] dreamplace.ops.weighted_average_wirelength.weighted_average_wirelength - wirelength forward 0.126 ms
[DEBUG  ] dreamplace.ops.weighted_average_wirelength.weighted_average_wirelength - wirelength backward 0.107 ms
[DEBUG  ] dreamplace.ops.weighted_average_wirelength.weighted_average_wirelength - wirelength forward 0.125 ms
[DEBUG  ] dreamplace.ops.weighted_average_wirelength.weighted_average_wirelength - wirelength backward 0.103 ms
[DEBUG  ] dreamplace.ops.weighted_average_wirelength.weighted_average_wirelength - wirelength forward 0.124 ms
[DEBUG  ] dreamplace.ops.weighted_average_wirelength.weighted_average_wirelength - wirelength backward 0.085 ms
[DEBUG  ] dreamplace.ops.weighted_average_wirelength.weighted_average_wirelength - wirelength forward 0.123 ms
[DEBUG  ] dreamplace.ops.weighted_average_wirelength.weighted_average_wirelength - wirelength backward 0.124 ms
[DEBUG  ] dreamplace.ops.weighted_average_wirelength.weighted_average_wirelength - wirelength forward 0.126 ms
[DEBUG  ] dreamplace.ops.weighted_average_wirelength.weighted_average_wirelength - wirelength backward 0.115 ms
[DEBUG  ] dreamplace.ops.weighted_average_wirelength.weighted_average_wirelength - wirelength forward 0.125 ms
[DEBUG  ] dreamplace.ops.weighted_average_wirelength.weighted_average_wirelength - wirelength backward 0.113 ms
[DEBUG  ] dreamplace.ops.weighted_average_wirelength.weighted_average_wirelength - wirelength forward 0.126 ms
[DEBUG  ] dreamplace.ops.weighted_average_wirelength.weighted_average_wirelength - wirelength backward 0.129 ms
[DEBUG  ] dreamplace.ops.weighted_average_wirelength.weighted_average_wirelength - wirelength forward 0.129 ms
[DEBUG  ] dreamplace.ops.weighted_average_wirelength.weighted_average_wirelength - wirelength backward 0.125 ms
[DEBUG  ] dreamplace.ops.weighted_average_wirelength.weighted_average_wirelength - wirelength forward 0.128 ms
[DEBUG  ] dreamplace.ops.weighted_average_wirelength.weighted_average_wirelength - wirelength backward 0.118 ms
[DEBUG  ] dreamplace.ops.weighted_average_wirelength.weighted_average_wirelength - wirelength forward 0.127 ms
[DEBUG  ] dreamplace.ops.weighted_average_wirelength.weighted_average_wirelength - wirelength backward 0.092 ms
[DEBUG  ] dreamplace.ops.weighted_average_wirelength.weighted_average_wirelength - wirelength forward 0.126 ms
[DEBUG  ] dreamplace.ops.weighted_average_wirelength.weighted_average_wirelength - wirelength backward 0.090 ms
[DEBUG  ] dreamplace.ops.weighted_average_wirelength.weighted_average_wirelength - wirelength forward 0.124 ms
[DEBUG  ] dreamplace.ops.weighted_average_wirelength.weighted_average_wirelength - wirelength backward 0.083 ms
[DEBUG  ] dreamplace.ops.weighted_average_wirelength.weighted_average_wirelength - wirelength forward 0.124 ms
[DEBUG  ] dreamplace.ops.weighted_average_wirelength.weighted_average_wirelength - wirelength backward 0.095 ms
[DEBUG  ] dreamplace.ops.weighted_average_wirelength.weighted_average_wirelength - wirelength forward 0.126 ms
[DEBUG  ] dreamplace.ops.weighted_average_wirelength.weighted_average_wirelength - wirelength backward 0.094 ms
[DEBUG  ] dreamplace.ops.weighted_average_wirelength.weighted_average_wirelength - wirelength forward 0.123 ms
[DEBUG  ] dreamplace.ops.weighted_average_wirelength.weighted_average_wirelength - wirelength backward 0.125 ms
[DEBUG  ] dreamplace.ops.weighted_average_wirelength.weighted_average_wirelength - wirelength forward 0.124 ms
[DEBUG  ] dreamplace.ops.weighted_average_wirelength.weighted_average_wirelength - wirelength backward 0.167 ms
[DEBUG  ] dreamplace.ops.weighted_average_wirelength.weighted_average_wirelength - wirelength forward 0.125 ms
[DEBUG  ] dreamplace.ops.weighted_average_wirelength.weighted_average_wirelength - wirelength backward 0.182 ms
[DEBUG  ] dreamplace.ops.weighted_average_wirelength.weighted_average_wirelength - wirelength forward 0.124 ms
[DEBUG  ] dreamplace.ops.weighted_average_wirelength.weighted_average_wirelength - wirelength backward 0.121 ms
[DEBUG  ] dreamplace.ops.weighted_average_wirelength.weighted_average_wirelength - wirelength forward 0.125 ms
[DEBUG  ] dreamplace.ops.weighted_average_wirelength.weighted_average_wirelength - wirelength backward 0.081 ms
[DEBUG  ] dreamplace.ops.weighted_average_wirelength.weighted_average_wirelength - wirelength forward 0.124 ms
[DEBUG  ] dreamplace.ops.weighted_average_wirelength.weighted_average_wirelength - wirelength backward 0.104 ms
[DEBUG  ] dreamplace.ops.weighted_average_wirelength.weighted_average_wirelength - wirelength forward 0.123 ms
[DEBUG  ] dreamplace.ops.weighted_average_wirelength.weighted_average_wirelength - wirelength backward 0.101 ms
[DEBUG  ] dreamplace.ops.weighted_average_wirelength.weighted_average_wirelength - wirelength forward 0.139 ms
[DEBUG  ] dreamplace.ops.weighted_average_wirelength.weighted_average_wirelength - wirelength backward 0.102 ms
[DEBUG  ] dreamplace.ops.weighted_average_wirelength.weighted_average_wirelength - wirelength forward 0.140 ms
[DEBUG  ] dreamplace.ops.weighted_average_wirelength.weighted_average_wirelength - wirelength backward 0.089 ms
[DEBUG  ] dreamplace.ops.weighted_average_wirelength.weighted_average_wirelength - wirelength forward 0.139 ms
[DEBUG  ] dreamplace.ops.weighted_average_wirelength.weighted_average_wirelength - wirelength backward 0.099 ms
[DEBUG  ] dreamplace.ops.weighted_average_wirelength.weighted_average_wirelength - wirelength forward 0.137 ms
[DEBUG  ] dreamplace.ops.weighted_average_wirelength.weighted_average_wirelength - wirelength backward 0.091 ms
[DEBUG  ] dreamplace.ops.weighted_average_wirelength.weighted_average_wirelength - wirelength forward 0.141 ms
[DEBUG  ] dreamplace.ops.weighted_average_wirelength.weighted_average_wirelength - wirelength backward 0.094 ms
[DEBUG  ] dreamplace.ops.weighted_average_wirelength.weighted_average_wirelength - wirelength forward 0.142 ms
[DEBUG  ] dreamplace.ops.weighted_average_wirelength.weighted_average_wirelength - wirelength backward 0.089 ms
[DEBUG  ] dreamplace.ops.weighted_average_wirelength.weighted_average_wirelength - wirelength forward 0.142 ms
[DEBUG  ] dreamplace.ops.weighted_average_wirelength.weighted_average_wirelength - wirelength backward 0.121 ms
[DEBUG  ] dreamplace.ops.weighted_average_wirelength.weighted_average_wirelength - wirelength forward 0.123 ms
[DEBUG  ] dreamplace.ops.weighted_average_wirelength.weighted_average_wirelength - wirelength backward 0.150 ms
[DEBUG  ] dreamplace.ops.weighted_average_wirelength.weighted_average_wirelength - wirelength forward 0.126 ms
[DEBUG  ] dreamplace.ops.weighted_average_wirelength.weighted_average_wirelength - wirelength backward 0.091 ms
[DEBUG  ] dreamplace.ops.weighted_average_wirelength.weighted_average_wirelength - wirelength forward 0.123 ms
[DEBUG  ] dreamplace.ops.weighted_average_wirelength.weighted_average_wirelength - wirelength backward 0.098 ms
[DEBUG  ] dreamplace.ops.weighted_average_wirelength.weighted_average_wirelength - wirelength forward 0.126 ms
[DEBUG  ] dreamplace.ops.weighted_average_wirelength.weighted_average_wirelength - wirelength backward 0.115 ms
[DEBUG  ] dreamplace.ops.weighted_average_wirelength.weighted_average_wirelength - wirelength forward 0.125 ms
[DEBUG  ] dreamplace.ops.weighted_average_wirelength.weighted_average_wirelength - wirelength backward 0.113 ms
[DEBUG  ] dreamplace.ops.weighted_average_wirelength.weighted_average_wirelength - wirelength forward 0.124 ms
[DEBUG  ] dreamplace.ops.weighted_average_wirelength.weighted_average_wirelength - wirelength backward 0.106 ms
[DEBUG  ] dreamplace.ops.weighted_average_wirelength.weighted_average_wirelength - wirelength forward 0.123 ms
[DEBUG  ] dreamplace.ops.weighted_average_wirelength.weighted_average_wirelength - wirelength backward 0.127 ms
[DEBUG  ] dreamplace.ops.weighted_average_wirelength.weighted_average_wirelength - wirelength forward 0.095 ms
[DEBUG  ] dreamplace.ops.weighted_average_wirelength.weighted_average_wirelength - wirelength backward 0.127 ms
[DEBUG  ] dreamplace.ops.weighted_average_wirelength.weighted_average_wirelength - wirelength forward 0.093 ms
[DEBUG  ] dreamplace.ops.weighted_average_wirelength.weighted_average_wirelength - wirelength backward 0.089 ms
[DEBUG  ] dreamplace.ops.weighted_average_wirelength.weighted_average_wirelength - wirelength forward 0.094 ms
[DEBUG  ] dreamplace.ops.weighted_average_wirelength.weighted_average_wirelength - wirelength backward 0.158 ms
[DEBUG  ] dreamplace.ops.weighted_average_wirelength.weighted_average_wirelength - wirelength forward 0.094 ms
[DEBUG  ] dreamplace.ops.weighted_average_wirelength.weighted_average_wirelength - wirelength backward 0.139 ms
[DEBUG  ] dreamplace.ops.weighted_average_wirelength.weighted_average_wirelength - wirelength forward 0.093 ms
[DEBUG  ] dreamplace.ops.weighted_average_wirelength.weighted_average_wirelength - wirelength backward 0.128 ms
[DEBUG  ] dreamplace.ops.weighted_average_wirelength.weighted_average_wirelength - wirelength forward 0.094 ms
[DEBUG  ] dreamplace.ops.weighted_average_wirelength.weighted_average_wirelength - wirelength backward 0.128 ms
[DEBUG  ] dreamplace.ops.weighted_average_wirelength.weighted_average_wirelength - wirelength forward 0.095 ms
[DEBUG  ] dreamplace.ops.weighted_average_wirelength.weighted_average_wirelength - wirelength backward 0.087 ms
[DEBUG  ] dreamplace.ops.weighted_average_wirelength.weighted_average_wirelength - wirelength forward 0.093 ms
[DEBUG  ] dreamplace.ops.weighted_average_wirelength.weighted_average_wirelength - wirelength backward 0.112 ms
[DEBUG  ] dreamplace.ops.weighted_average_wirelength.weighted_average_wirelength - wirelength forward 0.094 ms
[DEBUG  ] dreamplace.ops.weighted_average_wirelength.weighted_average_wirelength - wirelength backward 0.109 ms
[DEBUG  ] dreamplace.ops.weighted_average_wirelength.weighted_average_wirelength - wirelength forward 0.093 ms
[DEBUG  ] dreamplace.ops.weighted_average_wirelength.weighted_average_wirelength - wirelength backward 0.110 ms
[DEBUG  ] dreamplace.ops.weighted_average_wirelength.weighted_average_wirelength - wirelength forward 0.094 ms
[DEBUG  ] dreamplace.ops.weighted_average_wirelength.weighted_average_wirelength - wirelength backward 0.110 ms
[DEBUG  ] dreamplace.ops.weighted_average_wirelength.weighted_average_wirelength - wirelength forward 0.095 ms
[DEBUG  ] dreamplace.ops.weighted_average_wirelength.weighted_average_wirelength - wirelength backward 0.108 ms
[DEBUG  ] dreamplace.ops.weighted_average_wirelength.weighted_average_wirelength - wirelength forward 0.092 ms
[DEBUG  ] dreamplace.ops.weighted_average_wirelength.weighted_average_wirelength - wirelength backward 0.109 ms
[DEBUG  ] dreamplace.ops.weighted_average_wirelength.weighted_average_wirelength - wirelength forward 0.094 ms
[DEBUG  ] dreamplace.ops.weighted_average_wirelength.weighted_average_wirelength - wirelength backward 0.108 ms
[DEBUG  ] dreamplace.ops.weighted_average_wirelength.weighted_average_wirelength - wirelength forward 0.093 ms
[DEBUG  ] dreamplace.ops.weighted_average_wirelength.weighted_average_wirelength - wirelength backward 0.109 ms
[DEBUG  ] dreamplace.ops.weighted_average_wirelength.weighted_average_wirelength - wirelength forward 0.093 ms
[DEBUG  ] dreamplace.ops.weighted_average_wirelength.weighted_average_wirelength - wirelength backward 0.110 ms
[DEBUG  ] dreamplace.ops.weighted_average_wirelength.weighted_average_wirelength - wirelength forward 0.094 ms
[DEBUG  ] dreamplace.ops.weighted_average_wirelength.weighted_average_wirelength - wirelength backward 0.108 ms
[DEBUG  ] dreamplace.ops.weighted_average_wirelength.weighted_average_wirelength - wirelength forward 0.093 ms
[DEBUG  ] dreamplace.ops.weighted_average_wirelength.weighted_average_wirelength - wirelength backward 0.109 ms
[DEBUG  ] dreamplace.ops.weighted_average_wirelength.weighted_average_wirelength - wirelength forward 0.094 ms
[DEBUG  ] dreamplace.ops.weighted_average_wirelength.weighted_average_wirelength - wirelength backward 0.110 ms
[DEBUG  ] dreamplace.ops.weighted_average_wirelength.weighted_average_wirelength - wirelength forward 0.094 ms
[DEBUG  ] dreamplace.ops.weighted_average_wirelength.weighted_average_wirelength - wirelength backward 0.110 ms
[DEBUG  ] dreamplace.ops.weighted_average_wirelength.weighted_average_wirelength - wirelength forward 0.094 ms
[DEBUG  ] dreamplace.ops.weighted_average_wirelength.weighted_average_wirelength - wirelength backward 0.110 ms
[DEBUG  ] dreamplace.ops.weighted_average_wirelength.weighted_average_wirelength - wirelength forward 0.094 ms
[DEBUG  ] dreamplace.ops.weighted_average_wirelength.weighted_average_wirelength - wirelength backward 0.125 ms
[DEBUG  ] dreamplace.ops.weighted_average_wirelength.weighted_average_wirelength - wirelength forward 0.095 ms
[DEBUG  ] dreamplace.ops.weighted_average_wirelength.weighted_average_wirelength - wirelength backward 0.110 ms
[DEBUG  ] dreamplace.ops.weighted_average_wirelength.weighted_average_wirelength - wirelength forward 0.095 ms
[DEBUG  ] dreamplace.ops.weighted_average_wirelength.weighted_average_wirelength - wirelength backward 0.112 ms
[DEBUG  ] dreamplace.ops.weighted_average_wirelength.weighted_average_wirelength - wirelength forward 0.094 ms
[DEBUG  ] dreamplace.ops.weighted_average_wirelength.weighted_average_wirelength - wirelength backward 0.111 ms
[DEBUG  ] dreamplace.ops.weighted_average_wirelength.weighted_average_wirelength - wirelength forward 0.093 ms
[DEBUG  ] dreamplace.ops.weighted_average_wirelength.weighted_average_wirelength - wirelength backward 0.110 ms
[DEBUG  ] dreamplace.ops.weighted_average_wirelength.weighted_average_wirelength - wirelength forward 0.093 ms
[DEBUG  ] dreamplace.ops.weighted_average_wirelength.weighted_average_wirelength - wirelength backward 0.110 ms
[DEBUG  ] dreamplace.ops.weighted_average_wirelength.weighted_average_wirelength - wirelength forward 0.105 ms
[DEBUG  ] dreamplace.ops.weighted_average_wirelength.weighted_average_wirelength - wirelength backward 0.112 ms
[DEBUG  ] dreamplace.ops.weighted_average_wirelength.weighted_average_wirelength - wirelength forward 0.095 ms
[DEBUG  ] dreamplace.ops.weighted_average_wirelength.weighted_average_wirelength - wirelength backward 0.111 ms
[DEBUG  ] dreamplace.ops.weighted_average_wirelength.weighted_average_wirelength - wirelength forward 0.094 ms
[DEBUG  ] dreamplace.ops.weighted_average_wirelength.weighted_average_wirelength - wirelength backward 0.110 ms
[DEBUG  ] dreamplace.ops.weighted_average_wirelength.weighted_average_wirelength - wirelength forward 0.098 ms
[DEBUG  ] dreamplace.ops.weighted_average_wirelength.weighted_average_wirelength - wirelength backward 0.111 ms
[DEBUG  ] dreamplace.ops.weighted_average_wirelength.weighted_average_wirelength - wirelength forward 0.093 ms
[DEBUG  ] dreamplace.ops.weighted_average_wirelength.weighted_average_wirelength - wirelength backward 0.111 ms
[DEBUG  ] dreamplace.ops.weighted_average_wirelength.weighted_average_wirelength - wirelength forward 0.095 ms
[DEBUG  ] dreamplace.ops.weighted_average_wirelength.weighted_average_wirelength - wirelength backward 0.121 ms
[DEBUG  ] dreamplace.ops.weighted_average_wirelength.weighted_average_wirelength - wirelength forward 0.093 ms
[DEBUG  ] dreamplace.ops.weighted_average_wirelength.weighted_average_wirelength - wirelength backward 0.109 ms
[DEBUG  ] dreamplace.ops.weighted_average_wirelength.weighted_average_wirelength - wirelength forward 0.093 ms
[DEBUG  ] dreamplace.ops.weighted_average_wirelength.weighted_average_wirelength - wirelength backward 0.108 ms
[DEBUG  ] dreamplace.ops.weighted_average_wirelength.weighted_average_wirelength - wirelength forward 0.094 ms
[DEBUG  ] dreamplace.ops.weighted_average_wirelength.weighted_average_wirelength - wirelength backward 0.108 ms
[DEBUG  ] dreamplace.ops.weighted_average_wirelength.weighted_average_wirelength - wirelength forward 0.094 ms
[DEBUG  ] dreamplace.ops.weighted_average_wirelength.weighted_average_wirelength - wirelength backward 0.109 ms
[DEBUG  ] dreamplace.ops.weighted_average_wirelength.weighted_average_wirelength - wirelength forward 0.095 ms
[DEBUG  ] dreamplace.ops.weighted_average_wirelength.weighted_average_wirelength - wirelength backward 0.108 ms
[DEBUG  ] dreamplace.ops.weighted_average_wirelength.weighted_average_wirelength - wirelength forward 0.094 ms
[DEBUG  ] dreamplace.ops.weighted_average_wirelength.weighted_average_wirelength - wirelength backward 0.108 ms
[DEBUG  ] dreamplace.ops.weighted_average_wirelength.weighted_average_wirelength - wirelength forward 0.093 ms
[DEBUG  ] dreamplace.ops.weighted_average_wirelength.weighted_average_wirelength - wirelength backward 0.110 ms
[DEBUG  ] dreamplace.ops.weighted_average_wirelength.weighted_average_wirelength - wirelength forward 0.094 ms
[DEBUG  ] dreamplace.ops.weighted_average_wirelength.weighted_average_wirelength - wirelength backward 0.112 ms
[DEBUG  ] dreamplace.ops.weighted_average_wirelength.weighted_average_wirelength - wirelength forward 0.094 ms
[DEBUG  ] dreamplace.ops.weighted_average_wirelength.weighted_average_wirelength - wirelength backward 0.111 ms
[DEBUG  ] dreamplace.ops.weighted_average_wirelength.weighted_average_wirelength - wirelength forward 0.093 ms
[DEBUG  ] dreamplace.ops.weighted_average_wirelength.weighted_average_wirelength - wirelength backward 0.111 ms
[DEBUG  ] dreamplace.ops.weighted_average_wirelength.weighted_average_wirelength - wirelength forward 0.094 ms
[DEBUG  ] dreamplace.ops.weighted_average_wirelength.weighted_average_wirelength - wirelength backward 0.110 ms
[DEBUG  ] dreamplace.ops.weighted_average_wirelength.weighted_average_wirelength - wirelength forward 0.092 ms
[DEBUG  ] dreamplace.ops.weighted_average_wirelength.weighted_average_wirelength - wirelength backward 0.111 ms
[DEBUG  ] dreamplace.ops.weighted_average_wirelength.weighted_average_wirelength - wirelength forward 0.091 ms
[DEBUG  ] dreamplace.ops.weighted_average_wirelength.weighted_average_wirelength - wirelength backward 0.110 ms
[DEBUG  ] dreamplace.ops.weighted_average_wirelength.weighted_average_wirelength - wirelength forward 0.089 ms
[DEBUG  ] dreamplace.ops.weighted_average_wirelength.weighted_average_wirelength - wirelength backward 0.112 ms
[DEBUG  ] dreamplace.ops.weighted_average_wirelength.weighted_average_wirelength - wirelength forward 0.091 ms
[DEBUG  ] dreamplace.ops.weighted_average_wirelength.weighted_average_wirelength - wirelength backward 0.111 ms
[DEBUG  ] dreamplace.ops.weighted_average_wirelength.weighted_average_wirelength - wirelength forward 0.095 ms
[DEBUG  ] dreamplace.ops.weighted_average_wirelength.weighted_average_wirelength - wirelength backward 0.115 ms
[DEBUG  ] dreamplace.ops.weighted_average_wirelength.weighted_average_wirelength - wirelength forward 0.117 ms
[DEBUG  ] dreamplace.ops.weighted_average_wirelength.weighted_average_wirelength - wirelength backward 0.114 ms
[DEBUG  ] dreamplace.ops.weighted_average_wirelength.weighted_average_wirelength - wirelength forward 0.115 ms
[DEBUG  ] dreamplace.ops.weighted_average_wirelength.weighted_average_wirelength - wirelength backward 0.112 ms
[DEBUG  ] dreamplace.ops.weighted_average_wirelength.weighted_average_wirelength - wirelength forward 0.092 ms
[DEBUG  ] dreamplace.ops.weighted_average_wirelength.weighted_average_wirelength - wirelength backward 0.110 ms
[DEBUG  ] dreamplace.ops.weighted_average_wirelength.weighted_average_wirelength - wirelength forward 0.090 ms
[DEBUG  ] dreamplace.ops.weighted_average_wirelength.weighted_average_wirelength - wirelength backward 0.109 ms
[DEBUG  ] dreamplace.ops.weighted_average_wirelength.weighted_average_wirelength - wirelength forward 0.090 ms
[DEBUG  ] dreamplace.ops.weighted_average_wirelength.weighted_average_wirelength - wirelength backward 0.110 ms
[DEBUG  ] dreamplace.ops.weighted_average_wirelength.weighted_average_wirelength - wirelength forward 0.090 ms
[DEBUG  ] dreamplace.ops.weighted_average_wirelength.weighted_average_wirelength - wirelength backward 0.110 ms
[DEBUG  ] dreamplace.ops.weighted_average_wirelength.weighted_average_wirelength - wirelength forward 0.090 ms
[DEBUG  ] dreamplace.ops.weighted_average_wirelength.weighted_average_wirelength - wirelength backward 0.136 ms
[DEBUG  ] dreamplace.ops.weighted_average_wirelength.weighted_average_wirelength - wirelength forward 0.125 ms
[DEBUG  ] dreamplace.ops.weighted_average_wirelength.weighted_average_wirelength - wirelength backward 0.112 ms
[INFO   ] DREAMPlace - plotting to ./results/tuner-small/small-3/PB310_A00/run-63_0_0/PB310_A00/plot/iter0500.png takes 0.045 seconds
[DEBUG  ] dreamplace.ops.weighted_average_wirelength.weighted_average_wirelength - wirelength forward 0.121 ms
[DEBUG  ] dreamplace.ops.electric_potential.electric_potential - density forward 5.100 ms
[DEBUG  ] dreamplace.ops.electric_potential.electric_potential - density backward 10.271 ms
[DEBUG  ] dreamplace.ops.weighted_average_wirelength.weighted_average_wirelength - wirelength backward 0.130 ms
[INFO   ] DREAMPlace - optimizer step 23.917 ms
[INFO   ] DREAMPlace - iteration  500, (  74,  0,  0), Obj 4.631024E+07, NetCrossing 6.229E+01, NetCrossingWeight 1.000000E+01, DensityWeight 7.839822E+00, HPWL 1.615461E+03, Overflow 1.846256E-02, MaxDensity 1.004E+00, MacroOverlap 1.829E-03, MacroOverlapWeight 8.000000E-06, gamma 1.268073E-02, time 6.366ms
[INFO   ] DREAMPlace - full step 466.545 ms
[DEBUG  ] dreamplace.ops.weighted_average_wirelength.weighted_average_wirelength - wirelength forward 0.112 ms
[DEBUG  ] dreamplace.ops.electric_potential.electric_potential - density forward 5.246 ms
[DEBUG  ] dreamplace.ops.electric_potential.electric_potential - density backward 10.238 ms
[DEBUG  ] dreamplace.ops.weighted_average_wirelength.weighted_average_wirelength - wirelength backward 0.103 ms
[INFO   ] DREAMPlace - optimizer step 23.281 ms
[INFO   ] DREAMPlace - iteration  501, (  74,  0,  1), Obj 4.976782E+07, NetCrossing 6.038E+01, NetCrossingWeight 1.000000E+01, DensityWeight 7.839822E+00, HPWL 1.616948E+03, Overflow 1.846231E-02, MaxDensity 1.004E+00, MacroOverlap 1.816E-03, MacroOverlapWeight 8.000000E-06, gamma 1.268073E-02, time 6.724ms
[INFO   ] DREAMPlace - full step 30.790 ms
[INFO   ] DREAMPlace - Lsub stopping criteria: 1 and 4.97678e+07 > 4.63102e+07 * 0.999
[DEBUG  ] dreamplace.ops.weighted_average_wirelength.weighted_average_wirelength - wirelength forward 0.144 ms
[DEBUG  ] dreamplace.ops.electric_potential.electric_potential - density forward 4.849 ms
[DEBUG  ] dreamplace.ops.electric_potential.electric_potential - density backward 10.178 ms
[DEBUG  ] dreamplace.ops.weighted_average_wirelength.weighted_average_wirelength - wirelength backward 0.116 ms
[INFO   ] DREAMPlace - optimizer step 22.569 ms
[INFO   ] DREAMPlace - iteration  502, (  74,  1,  0), Obj 4.968864E+07, NetCrossing 5.989E+01, NetCrossingWeight 1.000000E+01, DensityWeight 8.442407E+00, HPWL 1.618431E+03, Overflow 1.846775E-02, MaxDensity 1.004E+00, MacroOverlap 1.802E-03, MacroOverlapWeight 8.000000E-06, gamma 1.268073E-02, time 6.282ms
[INFO   ] DREAMPlace - full step 29.701 ms
[DEBUG  ] dreamplace.ops.weighted_average_wirelength.weighted_average_wirelength - wirelength forward 0.131 ms
[DEBUG  ] dreamplace.ops.electric_potential.electric_potential - density forward 4.862 ms
[DEBUG  ] dreamplace.ops.electric_potential.electric_potential - density backward 10.199 ms
[DEBUG  ] dreamplace.ops.weighted_average_wirelength.weighted_average_wirelength - wirelength backward 0.150 ms
[INFO   ] DREAMPlace - optimizer step 22.993 ms
[INFO   ] DREAMPlace - iteration  503, (  74,  1,  1), Obj 5.335877E+07, NetCrossing 6.152E+01, NetCrossingWeight 1.000000E+01, DensityWeight 8.442407E+00, HPWL 1.619977E+03, Overflow 1.844771E-02, MaxDensity 1.004E+00, MacroOverlap 1.784E-03, MacroOverlapWeight 8.000000E-06, gamma 1.268073E-02, time 6.685ms
[INFO   ] DREAMPlace - full step 30.730 ms
[INFO   ] DREAMPlace - Lsub stopping criteria: 1 and 5.33588e+07 > 4.96886e+07 * 0.999
[INFO   ] DREAMPlace - Llambda stopping criteria: 1 and (( 0.0184477 < 0.1 and 1619.98 > 1616.95 ) or 1.00389 < 1.0)
[DEBUG  ] dreamplace.ops.weighted_average_wirelength.weighted_average_wirelength - wirelength forward 0.119 ms
[DEBUG  ] dreamplace.ops.electric_potential.electric_potential - density forward 4.733 ms
[DEBUG  ] dreamplace.ops.electric_potential.electric_potential - density backward 10.223 ms
[DEBUG  ] dreamplace.ops.weighted_average_wirelength.weighted_average_wirelength - wirelength backward 0.111 ms
[INFO   ] DREAMPlace - optimizer step 22.308 ms
[INFO   ] DREAMPlace - iteration  504, (  75,  0,  0), Obj 5.322402E+07, NetCrossing 5.977E+01, NetCrossingWeight 1.000000E+01, DensityWeight 9.091308E+00, HPWL 1.621573E+03, Overflow 1.846845E-02, MaxDensity 1.004E+00, MacroOverlap 1.763E-03, MacroOverlapWeight 8.000000E-06, gamma 1.267860E-02, time 7.042ms
[INFO   ] DREAMPlace - full step 30.259 ms
[DEBUG  ] dreamplace.ops.weighted_average_wirelength.weighted_average_wirelength - wirelength forward 0.144 ms
[DEBUG  ] dreamplace.ops.electric_potential.electric_potential - density forward 5.344 ms
[DEBUG  ] dreamplace.ops.electric_potential.electric_potential - density backward 9.162 ms
[DEBUG  ] dreamplace.ops.weighted_average_wirelength.weighted_average_wirelength - wirelength backward 0.129 ms
[INFO   ] DREAMPlace - optimizer step 23.702 ms
[INFO   ] DREAMPlace - iteration  505, (  75,  0,  1), Obj 5.711507E+07, NetCrossing 5.866E+01, NetCrossingWeight 1.000000E+01, DensityWeight 9.091308E+00, HPWL 1.623340E+03, Overflow 1.847599E-02, MaxDensity 1.004E+00, MacroOverlap 1.739E-03, MacroOverlapWeight 8.000000E-06, gamma 1.267860E-02, time 6.811ms
[INFO   ] DREAMPlace - full step 31.443 ms
[INFO   ] DREAMPlace - Lsub stopping criteria: 1 and 5.71151e+07 > 5.3224e+07 * 0.999
[DEBUG  ] dreamplace.ops.weighted_average_wirelength.weighted_average_wirelength - wirelength forward 0.154 ms
[DEBUG  ] dreamplace.ops.electric_potential.electric_potential - density forward 5.263 ms
[DEBUG  ] dreamplace.ops.electric_potential.electric_potential - density backward 9.212 ms
[DEBUG  ] dreamplace.ops.weighted_average_wirelength.weighted_average_wirelength - wirelength backward 0.159 ms
[INFO   ] DREAMPlace - optimizer step 23.825 ms
[INFO   ] DREAMPlace - iteration  506, (  75,  1,  0), Obj 5.692062E+07, NetCrossing 6.044E+01, NetCrossingWeight 1.000000E+01, DensityWeight 9.790084E+00, HPWL 1.625307E+03, Overflow 1.845117E-02, MaxDensity 1.004E+00, MacroOverlap 1.712E-03, MacroOverlapWeight 8.000000E-06, gamma 1.267860E-02, time 6.907ms
[INFO   ] DREAMPlace - full step 31.725 ms
[DEBUG  ] dreamplace.ops.weighted_average_wirelength.weighted_average_wirelength - wirelength forward 0.148 ms
[DEBUG  ] dreamplace.ops.electric_potential.electric_potential - density forward 5.182 ms
[DEBUG  ] dreamplace.ops.electric_potential.electric_potential - density backward 7.236 ms
[DEBUG  ] dreamplace.ops.weighted_average_wirelength.weighted_average_wirelength - wirelength backward 0.130 ms
[INFO   ] DREAMPlace - optimizer step 21.263 ms
[INFO   ] DREAMPlace - iteration  507, (  75,  1,  1), Obj 6.100604E+07, NetCrossing 5.923E+01, NetCrossingWeight 1.000000E+01, DensityWeight 9.790084E+00, HPWL 1.627414E+03, Overflow 1.844184E-02, MaxDensity 1.023E+00, MacroOverlap 1.679E-03, MacroOverlapWeight 8.000000E-06, gamma 1.267860E-02, time 7.012ms
[INFO   ] DREAMPlace - full step 29.318 ms
[INFO   ] DREAMPlace - Lsub stopping criteria: 1 and 6.1006e+07 > 5.69206e+07 * 0.999
[INFO   ] DREAMPlace - Llambda stopping criteria: 1 and (( 0.0184418 < 0.1 and 1627.41 > 1623.34 ) or 1.02312 < 1.0)
[DEBUG  ] dreamplace.ops.weighted_average_wirelength.weighted_average_wirelength - wirelength forward 0.149 ms
[DEBUG  ] dreamplace.ops.electric_potential.electric_potential - density forward 5.157 ms
[DEBUG  ] dreamplace.ops.electric_potential.electric_potential - density backward 8.380 ms
[DEBUG  ] dreamplace.ops.weighted_average_wirelength.weighted_average_wirelength - wirelength backward 0.148 ms
[INFO   ] DREAMPlace - optimizer step 22.630 ms
[INFO   ] DREAMPlace - iteration  508, (  76,  0,  0), Obj 6.062786E+07, NetCrossing 5.896E+01, NetCrossingWeight 1.000000E+01, DensityWeight 1.054257E+01, HPWL 1.629776E+03, Overflow 1.839344E-02, MaxDensity 1.004E+00, MacroOverlap 1.644E-03, MacroOverlapWeight 8.000000E-06, gamma 1.267822E-02, time 6.900ms
[INFO   ] DREAMPlace - full step 30.514 ms
[DEBUG  ] dreamplace.ops.weighted_average_wirelength.weighted_average_wirelength - wirelength forward 0.165 ms
[DEBUG  ] dreamplace.ops.electric_potential.electric_potential - density forward 5.290 ms
[DEBUG  ] dreamplace.ops.electric_potential.electric_potential - density backward 9.390 ms
[DEBUG  ] dreamplace.ops.weighted_average_wirelength.weighted_average_wirelength - wirelength backward 0.126 ms
[INFO   ] DREAMPlace - optimizer step 23.104 ms
[INFO   ] DREAMPlace - iteration  509, (  76,  0,  1), Obj 6.476813E+07, NetCrossing 5.791E+01, NetCrossingWeight 1.000000E+01, DensityWeight 1.054257E+01, HPWL 1.632391E+03, Overflow 1.826842E-02, MaxDensity 1.004E+00, MacroOverlap 1.606E-03, MacroOverlapWeight 8.000000E-06, gamma 1.267822E-02, time 6.992ms
[INFO   ] DREAMPlace - full step 31.173 ms
[INFO   ] DREAMPlace - Lsub stopping criteria: 1 and 6.47681e+07 > 6.06279e+07 * 0.999
[DEBUG  ] dreamplace.ops.weighted_average_wirelength.weighted_average_wirelength - wirelength forward 0.166 ms
[DEBUG  ] dreamplace.ops.electric_potential.electric_potential - density forward 5.123 ms
[DEBUG  ] dreamplace.ops.electric_potential.electric_potential - density backward 9.114 ms
[DEBUG  ] dreamplace.ops.weighted_average_wirelength.weighted_average_wirelength - wirelength backward 0.161 ms
[INFO   ] DREAMPlace - optimizer step 23.028 ms
[INFO   ] DREAMPlace - iteration  510, (  76,  1,  0), Obj 6.409774E+07, NetCrossing 5.687E+01, NetCrossingWeight 1.000000E+01, DensityWeight 1.135288E+01, HPWL 1.635294E+03, Overflow 1.804380E-02, MaxDensity 1.004E+00, MacroOverlap 1.567E-03, MacroOverlapWeight 8.000000E-06, gamma 1.267822E-02, time 6.990ms
[INFO   ] DREAMPlace - full step 31.106 ms
[DEBUG  ] dreamplace.ops.weighted_average_wirelength.weighted_average_wirelength - wirelength forward 0.148 ms
[DEBUG  ] dreamplace.ops.electric_potential.electric_potential - density forward 5.306 ms
[DEBUG  ] dreamplace.ops.electric_potential.electric_potential - density backward 9.085 ms
[DEBUG  ] dreamplace.ops.weighted_average_wirelength.weighted_average_wirelength - wirelength backward 0.201 ms
[INFO   ] DREAMPlace - optimizer step 23.527 ms
[INFO   ] DREAMPlace - iteration  511, (  76,  1,  1), Obj 6.837860E+07, NetCrossing 5.926E+01, NetCrossingWeight 1.000000E+01, DensityWeight 1.135288E+01, HPWL 1.638747E+03, Overflow 1.790393E-02, MaxDensity 1.004E+00, MacroOverlap 1.543E-03, MacroOverlapWeight 8.000000E-06, gamma 1.267822E-02, time 7.035ms
[INFO   ] DREAMPlace - full step 31.645 ms
[INFO   ] DREAMPlace - Lsub stopping criteria: 1 and 6.83786e+07 > 6.40977e+07 * 0.999
[INFO   ] DREAMPlace - Llambda stopping criteria: 1 and (( 0.0179039 < 0.1 and 1638.75 > 1632.39 ) or 1.00389 < 1.0)
[DEBUG  ] dreamplace.ops.weighted_average_wirelength.weighted_average_wirelength - wirelength forward 0.149 ms
[DEBUG  ] dreamplace.ops.electric_potential.electric_potential - density forward 5.153 ms
[DEBUG  ] dreamplace.ops.electric_potential.electric_potential - density backward 9.352 ms
[DEBUG  ] dreamplace.ops.weighted_average_wirelength.weighted_average_wirelength - wirelength backward 0.126 ms
[INFO   ] DREAMPlace - optimizer step 23.595 ms
[INFO   ] DREAMPlace - iteration  512, (  77,  0,  0), Obj 6.787539E+07, NetCrossing 5.907E+01, NetCrossingWeight 1.000000E+01, DensityWeight 1.222548E+01, HPWL 1.644346E+03, Overflow 1.779255E-02, MaxDensity 1.004E+00, MacroOverlap 1.558E-03, MacroOverlapWeight 8.000000E-06, gamma 1.264337E-02, time 6.793ms
[INFO   ] DREAMPlace - full step 31.293 ms
[DEBUG  ] dreamplace.ops.weighted_average_wirelength.weighted_average_wirelength - wirelength forward 0.132 ms
[DEBUG  ] dreamplace.ops.electric_potential.electric_potential - density forward 4.873 ms
[DEBUG  ] dreamplace.ops.electric_potential.electric_potential - density backward 9.286 ms
[DEBUG  ] dreamplace.ops.weighted_average_wirelength.weighted_average_wirelength - wirelength backward 0.114 ms
[DEBUG  ] dreamplace.ops.weighted_average_wirelength.weighted_average_wirelength - wirelength forward 0.129 ms
[DEBUG  ] dreamplace.ops.electric_potential.electric_potential - density forward 4.986 ms
[DEBUG  ] dreamplace.ops.electric_potential.electric_potential - density backward 9.342 ms
[DEBUG  ] dreamplace.ops.weighted_average_wirelength.weighted_average_wirelength - wirelength backward 0.116 ms
[INFO   ] DREAMPlace - optimizer step 44.710 ms
[INFO   ] DREAMPlace - iteration  513, (  77,  0,  1), Obj 7.232034E+07, NetCrossing 5.729E+01, NetCrossingWeight 1.000000E+01, DensityWeight 1.222548E+01, HPWL 1.649711E+03, Overflow 1.763141E-02, MaxDensity 1.011E+00, MacroOverlap 1.599E-03, MacroOverlapWeight 8.000000E-06, gamma 1.264337E-02, time 6.532ms
[INFO   ] DREAMPlace - full step 52.209 ms
[INFO   ] DREAMPlace - Lsub stopping criteria: 1 and 7.23203e+07 > 6.78754e+07 * 0.999
[DEBUG  ] dreamplace.ops.weighted_average_wirelength.weighted_average_wirelength - wirelength forward 0.121 ms
[DEBUG  ] dreamplace.ops.electric_potential.electric_potential - density forward 4.734 ms
[DEBUG  ] dreamplace.ops.electric_potential.electric_potential - density backward 9.907 ms
[DEBUG  ] dreamplace.ops.weighted_average_wirelength.weighted_average_wirelength - wirelength backward 0.124 ms
[INFO   ] DREAMPlace - optimizer step 22.177 ms
[INFO   ] DREAMPlace - iteration  514, (  77,  1,  0), Obj 7.234205E+07, NetCrossing 5.709E+01, NetCrossingWeight 1.000000E+01, DensityWeight 1.316513E+01, HPWL 1.654760E+03, Overflow 1.744480E-02, MaxDensity 1.111E+00, MacroOverlap 1.642E-03, MacroOverlapWeight 8.000000E-06, gamma 1.264337E-02, time 6.820ms
[INFO   ] DREAMPlace - full step 29.908 ms
[DEBUG  ] dreamplace.ops.weighted_average_wirelength.weighted_average_wirelength - wirelength forward 0.142 ms
[DEBUG  ] dreamplace.ops.electric_potential.electric_potential - density forward 5.052 ms
[DEBUG  ] dreamplace.ops.electric_potential.electric_potential - density backward 9.968 ms
[DEBUG  ] dreamplace.ops.weighted_average_wirelength.weighted_average_wirelength - wirelength backward 0.147 ms
[DEBUG  ] dreamplace.ops.weighted_average_wirelength.weighted_average_wirelength - wirelength forward 0.139 ms
[DEBUG  ] dreamplace.ops.electric_potential.electric_potential - density forward 5.114 ms
[DEBUG  ] dreamplace.ops.electric_potential.electric_potential - density backward 9.971 ms
[DEBUG  ] dreamplace.ops.weighted_average_wirelength.weighted_average_wirelength - wirelength backward 0.125 ms
[INFO   ] DREAMPlace - optimizer step 45.382 ms
[INFO   ] DREAMPlace - iteration  515, (  77,  1,  1), Obj 7.683945E+07, NetCrossing 5.652E+01, NetCrossingWeight 1.000000E+01, DensityWeight 1.316513E+01, HPWL 1.659609E+03, Overflow 1.728771E-02, MaxDensity 1.199E+00, MacroOverlap 1.667E-03, MacroOverlapWeight 8.000000E-06, gamma 1.264337E-02, time 6.692ms
[INFO   ] DREAMPlace - full step 53.028 ms
[INFO   ] DREAMPlace - Lsub stopping criteria: 1 and 7.68394e+07 > 7.2342e+07 * 0.999
[INFO   ] DREAMPlace - Llambda stopping criteria: 1 and (( 0.0172877 < 0.1 and 1659.61 > 1649.71 ) or 1.19923 < 1.0)
[DEBUG  ] dreamplace.ops.weighted_average_wirelength.weighted_average_wirelength - wirelength forward 0.119 ms
[DEBUG  ] dreamplace.ops.electric_potential.electric_potential - density forward 4.648 ms
[DEBUG  ] dreamplace.ops.electric_potential.electric_potential - density backward 9.287 ms
[DEBUG  ] dreamplace.ops.weighted_average_wirelength.weighted_average_wirelength - wirelength backward 0.161 ms
[INFO   ] DREAMPlace - optimizer step 21.806 ms
[INFO   ] DREAMPlace - iteration  516, (  78,  0,  0), Obj 7.669416E+07, NetCrossing 5.608E+01, NetCrossingWeight 1.000000E+01, DensityWeight 1.417700E+01, HPWL 1.663729E+03, Overflow 1.717309E-02, MaxDensity 1.268E+00, MacroOverlap 1.651E-03, MacroOverlapWeight 8.000000E-06, gamma 1.260357E-02, time 6.773ms
[INFO   ] DREAMPlace - full step 29.472 ms
[DEBUG  ] dreamplace.ops.weighted_average_wirelength.weighted_average_wirelength - wirelength forward 0.136 ms
[DEBUG  ] dreamplace.ops.electric_potential.electric_potential - density forward 4.910 ms
[DEBUG  ] dreamplace.ops.electric_potential.electric_potential - density backward 8.368 ms
[DEBUG  ] dreamplace.ops.weighted_average_wirelength.weighted_average_wirelength - wirelength backward 0.096 ms
[DEBUG  ] dreamplace.ops.weighted_average_wirelength.weighted_average_wirelength - wirelength forward 0.132 ms
[DEBUG  ] dreamplace.ops.electric_potential.electric_potential - density forward 4.946 ms
[DEBUG  ] dreamplace.ops.electric_potential.electric_potential - density backward 8.384 ms
[DEBUG  ] dreamplace.ops.weighted_average_wirelength.weighted_average_wirelength - wirelength backward 0.141 ms
[INFO   ] DREAMPlace - optimizer step 43.460 ms
[INFO   ] DREAMPlace - iteration  517, (  78,  0,  1), Obj 8.181399E+07, NetCrossing 5.608E+01, NetCrossingWeight 1.000000E+01, DensityWeight 1.417700E+01, HPWL 1.668143E+03, Overflow 1.707823E-02, MaxDensity 1.300E+00, MacroOverlap 1.601E-03, MacroOverlapWeight 8.000000E-06, gamma 1.260357E-02, time 6.669ms
[INFO   ] DREAMPlace - full step 51.123 ms
[INFO   ] DREAMPlace - Lsub stopping criteria: 1 and 8.1814e+07 > 7.66942e+07 * 0.999
[DEBUG  ] dreamplace.ops.weighted_average_wirelength.weighted_average_wirelength - wirelength forward 0.148 ms
[DEBUG  ] dreamplace.ops.electric_potential.electric_potential - density forward 4.854 ms
[DEBUG  ] dreamplace.ops.electric_potential.electric_potential - density backward 8.329 ms
[DEBUG  ] dreamplace.ops.weighted_average_wirelength.weighted_average_wirelength - wirelength backward 0.119 ms
[INFO   ] DREAMPlace - optimizer step 20.917 ms
[INFO   ] DREAMPlace - iteration  518, (  78,  1,  0), Obj 8.177692E+07, NetCrossing 5.755E+01, NetCrossingWeight 1.000000E+01, DensityWeight 1.526665E+01, HPWL 1.673355E+03, Overflow 1.708005E-02, MaxDensity 1.268E+00, MacroOverlap 1.537E-03, MacroOverlapWeight 8.000000E-06, gamma 1.260357E-02, time 6.882ms
[INFO   ] DREAMPlace - full step 28.686 ms
[DEBUG  ] dreamplace.ops.weighted_average_wirelength.weighted_average_wirelength - wirelength forward 0.124 ms
[DEBUG  ] dreamplace.ops.electric_potential.electric_potential - density forward 4.848 ms
[DEBUG  ] dreamplace.ops.electric_potential.electric_potential - density backward 9.364 ms
[DEBUG  ] dreamplace.ops.weighted_average_wirelength.weighted_average_wirelength - wirelength backward 0.128 ms
[DEBUG  ] dreamplace.ops.weighted_average_wirelength.weighted_average_wirelength - wirelength forward 0.137 ms
[DEBUG  ] dreamplace.ops.electric_potential.electric_potential - density forward 5.039 ms
[DEBUG  ] dreamplace.ops.electric_potential.electric_potential - density backward 9.306 ms
[DEBUG  ] dreamplace.ops.weighted_average_wirelength.weighted_average_wirelength - wirelength backward 0.129 ms
[INFO   ] DREAMPlace - optimizer step 46.016 ms
[INFO   ] DREAMPlace - iteration  519, (  78,  1,  1), Obj 8.725674E+07, NetCrossing 5.673E+01, NetCrossingWeight 1.000000E+01, DensityWeight 1.526665E+01, HPWL 1.677873E+03, Overflow 1.714056E-02, MaxDensity 1.277E+00, MacroOverlap 1.484E-03, MacroOverlapWeight 8.000000E-06, gamma 1.260357E-02, time 6.310ms
[INFO   ] DREAMPlace - full step 53.223 ms
[INFO   ] DREAMPlace - Lsub stopping criteria: 1 and 8.72567e+07 > 8.17769e+07 * 0.999
[INFO   ] DREAMPlace - Llambda stopping criteria: 1 and (( 0.0171406 < 0.1 and 1677.87 > 1668.14 ) or 1.27653 < 1.0)
[DEBUG  ] dreamplace.ops.weighted_average_wirelength.weighted_average_wirelength - wirelength forward 0.161 ms
[DEBUG  ] dreamplace.ops.electric_potential.electric_potential - density forward 4.830 ms
[DEBUG  ] dreamplace.ops.electric_potential.electric_potential - density backward 9.317 ms
[DEBUG  ] dreamplace.ops.weighted_average_wirelength.weighted_average_wirelength - wirelength backward 0.131 ms
[INFO   ] DREAMPlace - optimizer step 22.676 ms
[INFO   ] DREAMPlace - iteration  520, (  79,  0,  0), Obj 8.733627E+07, NetCrossing 5.784E+01, NetCrossingWeight 1.000000E+01, DensityWeight 1.644005E+01, HPWL 1.681840E+03, Overflow 1.716050E-02, MaxDensity 1.284E+00, MacroOverlap 1.450E-03, MacroOverlapWeight 8.000000E-06, gamma 1.259409E-02, time 6.765ms
[INFO   ] DREAMPlace - full step 30.389 ms
[DEBUG  ] dreamplace.ops.weighted_average_wirelength.weighted_average_wirelength - wirelength forward 0.136 ms
[DEBUG  ] dreamplace.ops.electric_potential.electric_potential - density forward 4.938 ms
[DEBUG  ] dreamplace.ops.electric_potential.electric_potential - density backward 9.329 ms
[DEBUG  ] dreamplace.ops.weighted_average_wirelength.weighted_average_wirelength - wirelength backward 0.130 ms
[INFO   ] DREAMPlace - optimizer step 22.701 ms
[INFO   ] DREAMPlace - iteration  521, (  79,  0,  1), Obj 9.368702E+07, NetCrossing 5.882E+01, NetCrossingWeight 1.000000E+01, DensityWeight 1.644005E+01, HPWL 1.685396E+03, Overflow 1.709865E-02, MaxDensity 1.207E+00, MacroOverlap 1.438E-03, MacroOverlapWeight 8.000000E-06, gamma 1.259409E-02, time 6.543ms
[INFO   ] DREAMPlace - full step 30.164 ms
[INFO   ] DREAMPlace - Lsub stopping criteria: 1 and 9.3687e+07 > 8.73363e+07 * 0.999
[DEBUG  ] dreamplace.ops.weighted_average_wirelength.weighted_average_wirelength - wirelength forward 0.175 ms
[DEBUG  ] dreamplace.ops.electric_potential.electric_potential - density forward 4.692 ms
[DEBUG  ] dreamplace.ops.electric_potential.electric_potential - density backward 9.182 ms
[DEBUG  ] dreamplace.ops.weighted_average_wirelength.weighted_average_wirelength - wirelength backward 0.124 ms
[INFO   ] DREAMPlace - optimizer step 22.282 ms
[INFO   ] DREAMPlace - iteration  522, (  79,  1,  0), Obj 9.426225E+07, NetCrossing 5.928E+01, NetCrossingWeight 1.000000E+01, DensityWeight 1.770365E+01, HPWL 1.688473E+03, Overflow 1.701806E-02, MaxDensity 1.148E+00, MacroOverlap 1.440E-03, MacroOverlapWeight 8.000000E-06, gamma 1.259409E-02, time 6.843ms
[INFO   ] DREAMPlace - full step 30.197 ms
[DEBUG  ] dreamplace.ops.weighted_average_wirelength.weighted_average_wirelength - wirelength forward 0.145 ms
[DEBUG  ] dreamplace.ops.electric_potential.electric_potential - density forward 4.788 ms
[DEBUG  ] dreamplace.ops.electric_potential.electric_potential - density backward 9.206 ms
[DEBUG  ] dreamplace.ops.weighted_average_wirelength.weighted_average_wirelength - wirelength backward 0.126 ms
[INFO   ] DREAMPlace - optimizer step 22.218 ms
[INFO   ] DREAMPlace - iteration  523, (  79,  1,  1), Obj 1.017710E+08, NetCrossing 5.974E+01, NetCrossingWeight 1.000000E+01, DensityWeight 1.770365E+01, HPWL 1.691368E+03, Overflow 1.704120E-02, MaxDensity 1.277E+00, MacroOverlap 1.450E-03, MacroOverlapWeight 8.000000E-06, gamma 1.259409E-02, time 6.918ms
[INFO   ] DREAMPlace - full step 30.068 ms
[INFO   ] DREAMPlace - Lsub stopping criteria: 1 and 1.01771e+08 > 9.42622e+07 * 0.999
[INFO   ] DREAMPlace - Llambda stopping criteria: 1 and (( 0.0170412 < 0.1 and 1691.37 > 1685.4 ) or 1.27672 < 1.0)
[DEBUG  ] dreamplace.ops.weighted_average_wirelength.weighted_average_wirelength - wirelength forward 0.136 ms
[DEBUG  ] dreamplace.ops.electric_potential.electric_potential - density forward 4.927 ms
[DEBUG  ] dreamplace.ops.electric_potential.electric_potential - density backward 9.196 ms
[DEBUG  ] dreamplace.ops.weighted_average_wirelength.weighted_average_wirelength - wirelength backward 0.125 ms
[INFO   ] DREAMPlace - optimizer step 23.330 ms
[INFO   ] DREAMPlace - iteration  524, (  80,  0,  0), Obj 1.022781E+08, NetCrossing 5.871E+01, NetCrossingWeight 1.000000E+01, DensityWeight 1.906437E+01, HPWL 1.693889E+03, Overflow 1.705579E-02, MaxDensity 1.392E+00, MacroOverlap 1.459E-03, MacroOverlapWeight 8.000000E-06, gamma 1.258769E-02, time 6.661ms
[INFO   ] DREAMPlace - full step 30.987 ms
[DEBUG  ] dreamplace.ops.weighted_average_wirelength.weighted_average_wirelength - wirelength forward 0.117 ms
[DEBUG  ] dreamplace.ops.electric_potential.electric_potential - density forward 4.766 ms
[DEBUG  ] dreamplace.ops.electric_potential.electric_potential - density backward 9.236 ms
[DEBUG  ] dreamplace.ops.weighted_average_wirelength.weighted_average_wirelength - wirelength backward 0.146 ms
[INFO   ] DREAMPlace - optimizer step 23.069 ms
[INFO   ] DREAMPlace - iteration  525, (  80,  0,  1), Obj 1.097813E+08, NetCrossing 5.929E+01, NetCrossingWeight 1.000000E+01, DensityWeight 1.906437E+01, HPWL 1.696361E+03, Overflow 1.705474E-02, MaxDensity 1.485E+00, MacroOverlap 1.463E-03, MacroOverlapWeight 8.000000E-06, gamma 1.258769E-02, time 7.562ms
[INFO   ] DREAMPlace - full step 31.612 ms
[INFO   ] DREAMPlace - Lsub stopping criteria: 1 and 1.09781e+08 > 1.02278e+08 * 0.999
[DEBUG  ] dreamplace.ops.weighted_average_wirelength.weighted_average_wirelength - wirelength forward 0.151 ms
[DEBUG  ] dreamplace.ops.electric_potential.electric_potential - density forward 5.134 ms
[DEBUG  ] dreamplace.ops.electric_potential.electric_potential - density backward 8.327 ms
[DEBUG  ] dreamplace.ops.weighted_average_wirelength.weighted_average_wirelength - wirelength backward 0.147 ms
[INFO   ] DREAMPlace - optimizer step 22.683 ms
[INFO   ] DREAMPlace - iteration  526, (  80,  1,  0), Obj 1.097108E+08, NetCrossing 5.657E+01, NetCrossingWeight 1.000000E+01, DensityWeight 2.052969E+01, HPWL 1.698376E+03, Overflow 1.703596E-02, MaxDensity 1.506E+00, MacroOverlap 1.461E-03, MacroOverlapWeight 8.000000E-06, gamma 1.258769E-02, time 6.970ms
[INFO   ] DREAMPlace - full step 30.922 ms
[DEBUG  ] dreamplace.ops.weighted_average_wirelength.weighted_average_wirelength - wirelength forward 0.183 ms
[DEBUG  ] dreamplace.ops.electric_potential.electric_potential - density forward 5.347 ms
[DEBUG  ] dreamplace.ops.electric_potential.electric_potential - density backward 9.333 ms
[DEBUG  ] dreamplace.ops.weighted_average_wirelength.weighted_average_wirelength - wirelength backward 0.146 ms
[INFO   ] DREAMPlace - optimizer step 25.607 ms
[INFO   ] DREAMPlace - iteration  527, (  80,  1,  1), Obj 1.177353E+08, NetCrossing 5.645E+01, NetCrossingWeight 1.000000E+01, DensityWeight 2.052969E+01, HPWL 1.700174E+03, Overflow 1.699583E-02, MaxDensity 1.506E+00, MacroOverlap 1.454E-03, MacroOverlapWeight 8.000000E-06, gamma 1.258769E-02, time 7.086ms
[INFO   ] DREAMPlace - full step 33.754 ms
[INFO   ] DREAMPlace - Lsub stopping criteria: 1 and 1.17735e+08 > 1.09711e+08 * 0.999
[INFO   ] DREAMPlace - Llambda stopping criteria: 1 and (( 0.0169958 < 0.1 and 1700.17 > 1696.36 ) or 1.50583 < 1.0)
[DEBUG  ] dreamplace.ops.weighted_average_wirelength.weighted_average_wirelength - wirelength forward 0.150 ms
[DEBUG  ] dreamplace.ops.electric_potential.electric_potential - density forward 5.151 ms
[DEBUG  ] dreamplace.ops.electric_potential.electric_potential - density backward 9.343 ms
[DEBUG  ] dreamplace.ops.weighted_average_wirelength.weighted_average_wirelength - wirelength backward 0.147 ms
[INFO   ] DREAMPlace - optimizer step 24.324 ms
[INFO   ] DREAMPlace - iteration  528, (  81,  0,  0), Obj 1.174255E+08, NetCrossing 5.619E+01, NetCrossingWeight 1.000000E+01, DensityWeight 2.210764E+01, HPWL 1.702175E+03, Overflow 1.694324E-02, MaxDensity 1.506E+00, MacroOverlap 1.449E-03, MacroOverlapWeight 8.000000E-06, gamma 1.258476E-02, time 6.655ms
[INFO   ] DREAMPlace - full step 32.107 ms
[DEBUG  ] dreamplace.ops.weighted_average_wirelength.weighted_average_wirelength - wirelength forward 0.164 ms
[DEBUG  ] dreamplace.ops.electric_potential.electric_potential - density forward 5.423 ms
[DEBUG  ] dreamplace.ops.electric_potential.electric_potential - density backward 9.351 ms
[DEBUG  ] dreamplace.ops.weighted_average_wirelength.weighted_average_wirelength - wirelength backward 0.157 ms
[INFO   ] DREAMPlace - optimizer step 24.868 ms
[INFO   ] DREAMPlace - iteration  529, (  81,  0,  1), Obj 1.255806E+08, NetCrossing 5.652E+01, NetCrossingWeight 1.000000E+01, DensityWeight 2.210764E+01, HPWL 1.703530E+03, Overflow 1.687422E-02, MaxDensity 1.506E+00, MacroOverlap 1.448E-03, MacroOverlapWeight 8.000000E-06, gamma 1.258476E-02, time 7.241ms
[INFO   ] DREAMPlace - full step 33.202 ms
[INFO   ] DREAMPlace - Lsub stopping criteria: 1 and 1.25581e+08 > 1.17425e+08 * 0.999
[DEBUG  ] dreamplace.ops.weighted_average_wirelength.weighted_average_wirelength - wirelength forward 0.154 ms
[DEBUG  ] dreamplace.ops.electric_potential.electric_potential - density forward 5.155 ms
[DEBUG  ] dreamplace.ops.electric_potential.electric_potential - density backward 9.385 ms
[DEBUG  ] dreamplace.ops.weighted_average_wirelength.weighted_average_wirelength - wirelength backward 0.149 ms
[INFO   ] DREAMPlace - optimizer step 24.292 ms
[INFO   ] DREAMPlace - iteration  530, (  81,  1,  0), Obj 1.248030E+08, NetCrossing 5.582E+01, NetCrossingWeight 1.000000E+01, DensityWeight 2.380687E+01, HPWL 1.703983E+03, Overflow 1.673633E-02, MaxDensity 1.506E+00, MacroOverlap 1.452E-03, MacroOverlapWeight 8.000000E-06, gamma 1.258476E-02, time 7.171ms
[INFO   ] DREAMPlace - full step 32.387 ms
[DEBUG  ] dreamplace.ops.weighted_average_wirelength.weighted_average_wirelength - wirelength forward 0.140 ms
[DEBUG  ] dreamplace.ops.electric_potential.electric_potential - density forward 4.916 ms
[DEBUG  ] dreamplace.ops.electric_potential.electric_potential - density backward 8.332 ms
[DEBUG  ] dreamplace.ops.weighted_average_wirelength.weighted_average_wirelength - wirelength backward 0.148 ms
[INFO   ] DREAMPlace - optimizer step 22.791 ms
[INFO   ] DREAMPlace - iteration  531, (  81,  1,  1), Obj 1.334782E+08, NetCrossing 5.520E+01, NetCrossingWeight 1.000000E+01, DensityWeight 2.380687E+01, HPWL 1.704036E+03, Overflow 1.661224E-02, MaxDensity 1.506E+00, MacroOverlap 1.460E-03, MacroOverlapWeight 8.000000E-06, gamma 1.258476E-02, time 6.786ms
[INFO   ] DREAMPlace - full step 30.616 ms
[INFO   ] DREAMPlace - Lsub stopping criteria: 1 and 1.33478e+08 > 1.24803e+08 * 0.999
[INFO   ] DREAMPlace - Llambda stopping criteria: 1 and (( 0.0166122 < 0.1 and 1704.04 > 1703.53 ) or 1.50583 < 1.0)
[DEBUG  ] dreamplace.ops.weighted_average_wirelength.weighted_average_wirelength - wirelength forward 0.146 ms
[DEBUG  ] dreamplace.ops.electric_potential.electric_potential - density forward 5.146 ms
[DEBUG  ] dreamplace.ops.electric_potential.electric_potential - density backward 9.282 ms
[DEBUG  ] dreamplace.ops.weighted_average_wirelength.weighted_average_wirelength - wirelength backward 0.154 ms
[INFO   ] DREAMPlace - optimizer step 23.950 ms
[INFO   ] DREAMPlace - iteration  532, (  82,  0,  0), Obj 1.328160E+08, NetCrossing 5.651E+01, NetCrossingWeight 1.000000E+01, DensityWeight 2.563673E+01, HPWL 1.703574E+03, Overflow 1.656254E-02, MaxDensity 1.506E+00, MacroOverlap 1.472E-03, MacroOverlapWeight 8.000000E-06, gamma 1.256008E-02, time 7.019ms
[INFO   ] DREAMPlace - full step 31.934 ms
[DEBUG  ] dreamplace.ops.weighted_average_wirelength.weighted_average_wirelength - wirelength forward 0.119 ms
[DEBUG  ] dreamplace.ops.electric_potential.electric_potential - density forward 4.825 ms
[DEBUG  ] dreamplace.ops.electric_potential.electric_potential - density backward 9.313 ms
[DEBUG  ] dreamplace.ops.weighted_average_wirelength.weighted_average_wirelength - wirelength backward 0.146 ms
[INFO   ] DREAMPlace - optimizer step 23.051 ms
[INFO   ] DREAMPlace - iteration  533, (  82,  0,  1), Obj 1.427714E+08, NetCrossing 5.527E+01, NetCrossingWeight 1.000000E+01, DensityWeight 2.563673E+01, HPWL 1.702741E+03, Overflow 1.647107E-02, MaxDensity 1.506E+00, MacroOverlap 1.484E-03, MacroOverlapWeight 8.000000E-06, gamma 1.256008E-02, time 6.400ms
[INFO   ] DREAMPlace - full step 30.349 ms
[INFO   ] DREAMPlace - Lsub stopping criteria: 1 and 1.42771e+08 > 1.32816e+08 * 0.999
[DEBUG  ] dreamplace.ops.weighted_average_wirelength.weighted_average_wirelength - wirelength forward 0.144 ms
[DEBUG  ] dreamplace.ops.electric_potential.electric_potential - density forward 5.582 ms
[DEBUG  ] dreamplace.ops.electric_potential.electric_potential - density backward 10.207 ms
[DEBUG  ] dreamplace.ops.weighted_average_wirelength.weighted_average_wirelength - wirelength backward 0.125 ms
[INFO   ] DREAMPlace - optimizer step 25.281 ms
[INFO   ] DREAMPlace - iteration  534, (  82,  1,  0), Obj 1.425318E+08, NetCrossing 5.529E+01, NetCrossingWeight 1.000000E+01, DensityWeight 2.705510E+01, HPWL 1.702143E+03, Overflow 1.639397E-02, MaxDensity 1.506E+00, MacroOverlap 1.492E-03, MacroOverlapWeight 8.000000E-06, gamma 1.256008E-02, time 6.798ms
[INFO   ] DREAMPlace - full step 33.180 ms
[DEBUG  ] dreamplace.ops.weighted_average_wirelength.weighted_average_wirelength - wirelength forward 0.157 ms
[DEBUG  ] dreamplace.ops.electric_potential.electric_potential - density forward 5.270 ms
[DEBUG  ] dreamplace.ops.electric_potential.electric_potential - density backward 10.278 ms
[DEBUG  ] dreamplace.ops.weighted_average_wirelength.weighted_average_wirelength - wirelength backward 0.122 ms
[INFO   ] DREAMPlace - optimizer step 25.333 ms
[INFO   ] DREAMPlace - iteration  535, (  82,  1,  1), Obj 1.497092E+08, NetCrossing 5.623E+01, NetCrossingWeight 1.000000E+01, DensityWeight 2.705510E+01, HPWL 1.702228E+03, Overflow 1.632672E-02, MaxDensity 1.506E+00, MacroOverlap 1.496E-03, MacroOverlapWeight 8.000000E-06, gamma 1.256008E-02, time 7.159ms
[INFO   ] DREAMPlace - full step 33.720 ms
[INFO   ] DREAMPlace - Lsub stopping criteria: 1 and 1.49709e+08 > 1.42532e+08 * 0.999
[DEBUG  ] dreamplace.ops.weighted_average_wirelength.weighted_average_wirelength - wirelength forward 0.176 ms
[DEBUG  ] dreamplace.ops.electric_potential.electric_potential - density forward 5.571 ms
[DEBUG  ] dreamplace.ops.electric_potential.electric_potential - density backward 10.322 ms
[DEBUG  ] dreamplace.ops.weighted_average_wirelength.weighted_average_wirelength - wirelength backward 0.131 ms
[INFO   ] DREAMPlace - optimizer step 26.161 ms
[INFO   ] DREAMPlace - iteration  536, (  82,  2,  0), Obj 1.492999E+08, NetCrossing 5.617E+01, NetCrossingWeight 1.000000E+01, DensityWeight 2.855194E+01, HPWL 1.701847E+03, Overflow 1.626951E-02, MaxDensity 1.506E+00, MacroOverlap 1.498E-03, MacroOverlapWeight 8.000000E-06, gamma 1.256008E-02, time 7.639ms
[INFO   ] DREAMPlace - full step 35.034 ms
[DEBUG  ] dreamplace.ops.weighted_average_wirelength.weighted_average_wirelength - wirelength forward 0.176 ms
[DEBUG  ] dreamplace.ops.electric_potential.electric_potential - density forward 5.444 ms
[DEBUG  ] dreamplace.ops.electric_potential.electric_potential - density backward 10.237 ms
[DEBUG  ] dreamplace.ops.weighted_average_wirelength.weighted_average_wirelength - wirelength backward 0.140 ms
[INFO   ] DREAMPlace - optimizer step 26.116 ms
[INFO   ] DREAMPlace - iteration  537, (  82,  2,  1), Obj 1.583568E+08, NetCrossing 5.351E+01, NetCrossingWeight 1.000000E+01, DensityWeight 2.855194E+01, HPWL 1.700906E+03, Overflow 1.629383E-02, MaxDensity 1.506E+00, MacroOverlap 1.495E-03, MacroOverlapWeight 8.000000E-06, gamma 1.256008E-02, time 7.590ms
[INFO   ] DREAMPlace - full step 34.782 ms
[INFO   ] DREAMPlace - Lsub stopping criteria: 1 and 1.58357e+08 > 1.493e+08 * 0.999
[DEBUG  ] dreamplace.ops.weighted_average_wirelength.weighted_average_wirelength - wirelength forward 0.150 ms
[DEBUG  ] dreamplace.ops.electric_potential.electric_potential - density forward 5.113 ms
[DEBUG  ] dreamplace.ops.electric_potential.electric_potential - density backward 10.878 ms
[DEBUG  ] dreamplace.ops.weighted_average_wirelength.weighted_average_wirelength - wirelength backward 0.126 ms
[INFO   ] DREAMPlace - optimizer step 24.844 ms
[INFO   ] DREAMPlace - iteration  538, (  82,  3,  0), Obj 1.577987E+08, NetCrossing 5.530E+01, NetCrossingWeight 1.000000E+01, DensityWeight 3.013160E+01, HPWL 1.699974E+03, Overflow 1.630636E-02, MaxDensity 1.506E+00, MacroOverlap 1.490E-03, MacroOverlapWeight 8.000000E-06, gamma 1.256008E-02, time 7.039ms
[INFO   ] DREAMPlace - full step 32.874 ms
[DEBUG  ] dreamplace.ops.weighted_average_wirelength.weighted_average_wirelength - wirelength forward 0.143 ms
[DEBUG  ] dreamplace.ops.electric_potential.electric_potential - density forward 5.133 ms
[DEBUG  ] dreamplace.ops.electric_potential.electric_potential - density backward 10.836 ms
[DEBUG  ] dreamplace.ops.weighted_average_wirelength.weighted_average_wirelength - wirelength backward 0.131 ms
[INFO   ] DREAMPlace - optimizer step 24.747 ms
[INFO   ] DREAMPlace - iteration  539, (  82,  3,  1), Obj 1.661714E+08, NetCrossing 5.521E+01, NetCrossingWeight 1.000000E+01, DensityWeight 3.013160E+01, HPWL 1.699302E+03, Overflow 1.625294E-02, MaxDensity 1.506E+00, MacroOverlap 1.484E-03, MacroOverlapWeight 8.000000E-06, gamma 1.256008E-02, time 7.057ms
[INFO   ] DREAMPlace - full step 32.860 ms
[INFO   ] DREAMPlace - Lsub stopping criteria: 1 and 1.66171e+08 > 1.57799e+08 * 0.999
[DEBUG  ] dreamplace.ops.weighted_average_wirelength.weighted_average_wirelength - wirelength forward 0.139 ms
[DEBUG  ] dreamplace.ops.electric_potential.electric_potential - density forward 4.963 ms
[DEBUG  ] dreamplace.ops.electric_potential.electric_potential - density backward 10.837 ms
[DEBUG  ] dreamplace.ops.weighted_average_wirelength.weighted_average_wirelength - wirelength backward 0.125 ms
[INFO   ] DREAMPlace - optimizer step 24.538 ms
[INFO   ] DREAMPlace - iteration  540, (  82,  4,  0), Obj 1.657115E+08, NetCrossing 5.567E+01, NetCrossingWeight 1.000000E+01, DensityWeight 3.179865E+01, HPWL 1.699918E+03, Overflow 1.619965E-02, MaxDensity 1.506E+00, MacroOverlap 1.477E-03, MacroOverlapWeight 8.000000E-06, gamma 1.256008E-02, time 6.846ms
[INFO   ] DREAMPlace - full step 32.392 ms
[DEBUG  ] dreamplace.ops.weighted_average_wirelength.weighted_average_wirelength - wirelength forward 0.146 ms
[DEBUG  ] dreamplace.ops.electric_potential.electric_potential - density forward 5.102 ms
[DEBUG  ] dreamplace.ops.electric_potential.electric_potential - density backward 10.855 ms
[DEBUG  ] dreamplace.ops.weighted_average_wirelength.weighted_average_wirelength - wirelength backward 0.136 ms
[INFO   ] DREAMPlace - optimizer step 24.900 ms
[INFO   ] DREAMPlace - iteration  541, (  82,  4,  1), Obj 1.742982E+08, NetCrossing 5.628E+01, NetCrossingWeight 1.000000E+01, DensityWeight 3.179865E+01, HPWL 1.701166E+03, Overflow 1.618529E-02, MaxDensity 1.506E+00, MacroOverlap 1.471E-03, MacroOverlapWeight 8.000000E-06, gamma 1.256008E-02, time 6.791ms
[INFO   ] DREAMPlace - full step 32.699 ms
[INFO   ] DREAMPlace - Lsub stopping criteria: 1 and 1.74298e+08 > 1.65711e+08 * 0.999
[INFO   ] DREAMPlace - Llambda stopping criteria: 4 and (( 0.0161853 < 0.1 and 1701.17 > 1699.3 ) or 1.50583 < 1.0)
[DEBUG  ] dreamplace.ops.weighted_average_wirelength.weighted_average_wirelength - wirelength forward 0.140 ms
[DEBUG  ] dreamplace.ops.electric_potential.electric_potential - density forward 5.254 ms
[DEBUG  ] dreamplace.ops.electric_potential.electric_potential - density backward 10.831 ms
[DEBUG  ] dreamplace.ops.weighted_average_wirelength.weighted_average_wirelength - wirelength backward 0.120 ms
[INFO   ] DREAMPlace - optimizer step 24.788 ms
[INFO   ] DREAMPlace - iteration  542, (  83,  0,  0), Obj 1.741599E+08, NetCrossing 5.663E+01, NetCrossingWeight 1.000000E+01, DensityWeight 3.424277E+01, HPWL 1.702714E+03, Overflow 1.616595E-02, MaxDensity 1.506E+00, MacroOverlap 1.464E-03, MacroOverlapWeight 8.000000E-06, gamma 1.253267E-02, time 6.814ms
[INFO   ] DREAMPlace - full step 32.619 ms
[DEBUG  ] dreamplace.ops.weighted_average_wirelength.weighted_average_wirelength - wirelength forward 0.147 ms
[DEBUG  ] dreamplace.ops.electric_potential.electric_potential - density forward 5.074 ms
[DEBUG  ] dreamplace.ops.electric_potential.electric_potential - density backward 10.540 ms
[DEBUG  ] dreamplace.ops.weighted_average_wirelength.weighted_average_wirelength - wirelength backward 0.122 ms
[INFO   ] DREAMPlace - optimizer step 24.175 ms
[INFO   ] DREAMPlace - iteration  543, (  83,  0,  1), Obj 1.872135E+08, NetCrossing 5.701E+01, NetCrossingWeight 1.000000E+01, DensityWeight 3.424277E+01, HPWL 1.704974E+03, Overflow 1.611621E-02, MaxDensity 1.506E+00, MacroOverlap 1.456E-03, MacroOverlapWeight 8.000000E-06, gamma 1.253267E-02, time 6.968ms
[INFO   ] DREAMPlace - full step 32.068 ms
[INFO   ] DREAMPlace - Lsub stopping criteria: 1 and 1.87213e+08 > 1.7416e+08 * 0.999
[DEBUG  ] dreamplace.ops.weighted_average_wirelength.weighted_average_wirelength - wirelength forward 0.113 ms
[DEBUG  ] dreamplace.ops.electric_potential.electric_potential - density forward 4.767 ms
[DEBUG  ] dreamplace.ops.electric_potential.electric_potential - density backward 10.272 ms
[DEBUG  ] dreamplace.ops.weighted_average_wirelength.weighted_average_wirelength - wirelength backward 0.123 ms
[INFO   ] DREAMPlace - optimizer step 23.050 ms
[INFO   ] DREAMPlace - iteration  544, (  83,  1,  0), Obj 1.866982E+08, NetCrossing 5.558E+01, NetCrossingWeight 1.000000E+01, DensityWeight 3.687473E+01, HPWL 1.707376E+03, Overflow 1.604153E-02, MaxDensity 1.506E+00, MacroOverlap 1.446E-03, MacroOverlapWeight 8.000000E-06, gamma 1.253267E-02, time 6.134ms
[INFO   ] DREAMPlace - full step 30.071 ms
[DEBUG  ] dreamplace.ops.weighted_average_wirelength.weighted_average_wirelength - wirelength forward 0.124 ms
[DEBUG  ] dreamplace.ops.electric_potential.electric_potential - density forward 4.734 ms
[DEBUG  ] dreamplace.ops.electric_potential.electric_potential - density backward 10.908 ms
[DEBUG  ] dreamplace.ops.weighted_average_wirelength.weighted_average_wirelength - wirelength backward 0.138 ms
[INFO   ] DREAMPlace - optimizer step 23.988 ms
[INFO   ] DREAMPlace - iteration  545, (  83,  1,  1), Obj 1.999319E+08, NetCrossing 5.548E+01, NetCrossingWeight 1.000000E+01, DensityWeight 3.687473E+01, HPWL 1.709720E+03, Overflow 1.595971E-02, MaxDensity 1.506E+00, MacroOverlap 1.436E-03, MacroOverlapWeight 8.000000E-06, gamma 1.253267E-02, time 6.500ms
[INFO   ] DREAMPlace - full step 31.520 ms
[INFO   ] DREAMPlace - Lsub stopping criteria: 1 and 1.99932e+08 > 1.86698e+08 * 0.999
[INFO   ] DREAMPlace - Llambda stopping criteria: 1 and (( 0.0159597 < 0.1 and 1709.72 > 1704.97 ) or 1.50583 < 1.0)
[DEBUG  ] dreamplace.ops.weighted_average_wirelength.weighted_average_wirelength - wirelength forward 0.149 ms
[DEBUG  ] dreamplace.ops.electric_potential.electric_potential - density forward 4.735 ms
[DEBUG  ] dreamplace.ops.electric_potential.electric_potential - density backward 10.090 ms
[DEBUG  ] dreamplace.ops.weighted_average_wirelength.weighted_average_wirelength - wirelength backward 0.131 ms
[INFO   ] DREAMPlace - optimizer step 23.138 ms
[INFO   ] DREAMPlace - iteration  546, (  84,  0,  0), Obj 1.995363E+08, NetCrossing 5.576E+01, NetCrossingWeight 1.000000E+01, DensityWeight 3.970897E+01, HPWL 1.712042E+03, Overflow 1.586091E-02, MaxDensity 1.506E+00, MacroOverlap 1.423E-03, MacroOverlapWeight 8.000000E-06, gamma 1.251822E-02, time 6.917ms
[INFO   ] DREAMPlace - full step 30.973 ms
[DEBUG  ] dreamplace.ops.weighted_average_wirelength.weighted_average_wirelength - wirelength forward 0.141 ms
[DEBUG  ] dreamplace.ops.electric_potential.electric_potential - density forward 4.865 ms
[DEBUG  ] dreamplace.ops.electric_potential.electric_potential - density backward 10.068 ms
[DEBUG  ] dreamplace.ops.weighted_average_wirelength.weighted_average_wirelength - wirelength backward 0.130 ms
[INFO   ] DREAMPlace - optimizer step 23.387 ms
[INFO   ] DREAMPlace - iteration  547, (  84,  0,  1), Obj 2.142536E+08, NetCrossing 5.494E+01, NetCrossingWeight 1.000000E+01, DensityWeight 3.970897E+01, HPWL 1.714160E+03, Overflow 1.576771E-02, MaxDensity 1.506E+00, MacroOverlap 1.408E-03, MacroOverlapWeight 8.000000E-06, gamma 1.251822E-02, time 6.721ms
[INFO   ] DREAMPlace - full step 31.075 ms
[INFO   ] DREAMPlace - Lsub stopping criteria: 1 and 2.14254e+08 > 1.99536e+08 * 0.999
[DEBUG  ] dreamplace.ops.weighted_average_wirelength.weighted_average_wirelength - wirelength forward 0.113 ms
[DEBUG  ] dreamplace.ops.electric_potential.electric_potential - density forward 4.667 ms
[DEBUG  ] dreamplace.ops.electric_potential.electric_potential - density backward 8.299 ms
[DEBUG  ] dreamplace.ops.weighted_average_wirelength.weighted_average_wirelength - wirelength backward 0.128 ms
[INFO   ] DREAMPlace - optimizer step 20.875 ms
[INFO   ] DREAMPlace - iteration  548, (  84,  1,  0), Obj 2.139901E+08, NetCrossing 5.586E+01, NetCrossingWeight 1.000000E+01, DensityWeight 4.276107E+01, HPWL 1.715854E+03, Overflow 1.568774E-02, MaxDensity 1.506E+00, MacroOverlap 1.392E-03, MacroOverlapWeight 8.000000E-06, gamma 1.251822E-02, time 6.397ms
[INFO   ] DREAMPlace - full step 28.162 ms
[DEBUG  ] dreamplace.ops.weighted_average_wirelength.weighted_average_wirelength - wirelength forward 0.145 ms
[DEBUG  ] dreamplace.ops.electric_potential.electric_potential - density forward 4.839 ms
[DEBUG  ] dreamplace.ops.electric_potential.electric_potential - density backward 9.730 ms
[DEBUG  ] dreamplace.ops.weighted_average_wirelength.weighted_average_wirelength - wirelength backward 0.127 ms
[INFO   ] DREAMPlace - optimizer step 23.054 ms
[INFO   ] DREAMPlace - iteration  549, (  84,  1,  1), Obj 2.295705E+08, NetCrossing 5.629E+01, NetCrossingWeight 1.000000E+01, DensityWeight 4.276107E+01, HPWL 1.717171E+03, Overflow 1.561365E-02, MaxDensity 1.506E+00, MacroOverlap 1.378E-03, MacroOverlapWeight 8.000000E-06, gamma 1.251822E-02, time 6.717ms
[INFO   ] DREAMPlace - full step 30.727 ms
[INFO   ] DREAMPlace - Lsub stopping criteria: 1 and 2.29571e+08 > 2.1399e+08 * 0.999
[INFO   ] DREAMPlace - Llambda stopping criteria: 1 and (( 0.0156136 < 0.1 and 1717.17 > 1714.16 ) or 1.50583 < 1.0)
[DEBUG  ] dreamplace.ops.weighted_average_wirelength.weighted_average_wirelength - wirelength forward 0.160 ms
[DEBUG  ] dreamplace.ops.electric_potential.electric_potential - density forward 4.592 ms
[DEBUG  ] dreamplace.ops.electric_potential.electric_potential - density backward 9.762 ms
[DEBUG  ] dreamplace.ops.weighted_average_wirelength.weighted_average_wirelength - wirelength backward 0.137 ms
[INFO   ] DREAMPlace - optimizer step 22.669 ms
[INFO   ] DREAMPlace - iteration  550, (  85,  0,  0), Obj 2.291395E+08, NetCrossing 5.418E+01, NetCrossingWeight 1.000000E+01, DensityWeight 4.604778E+01, HPWL 1.718123E+03, Overflow 1.555189E-02, MaxDensity 1.506E+00, MacroOverlap 1.364E-03, MacroOverlapWeight 8.000000E-06, gamma 1.249607E-02, time 6.944ms
[INFO   ] DREAMPlace - full step 30.504 ms
[DEBUG  ] dreamplace.ops.weighted_average_wirelength.weighted_average_wirelength - wirelength forward 0.141 ms
[DEBUG  ] dreamplace.ops.electric_potential.electric_potential - density forward 5.120 ms
[DEBUG  ] dreamplace.ops.electric_potential.electric_potential - density backward 9.516 ms
[DEBUG  ] dreamplace.ops.weighted_average_wirelength.weighted_average_wirelength - wirelength backward 0.130 ms
[INFO   ] DREAMPlace - optimizer step 23.142 ms
[INFO   ] DREAMPlace - iteration  551, (  85,  0,  1), Obj 2.459612E+08, NetCrossing 5.305E+01, NetCrossingWeight 1.000000E+01, DensityWeight 4.604778E+01, HPWL 1.718555E+03, Overflow 1.551277E-02, MaxDensity 1.506E+00, MacroOverlap 1.354E-03, MacroOverlapWeight 8.000000E-06, gamma 1.249607E-02, time 6.648ms
[INFO   ] DREAMPlace - full step 30.753 ms
[INFO   ] DREAMPlace - Lsub stopping criteria: 1 and 2.45961e+08 > 2.2914e+08 * 0.999
[DEBUG  ] dreamplace.ops.weighted_average_wirelength.weighted_average_wirelength - wirelength forward 0.124 ms
[DEBUG  ] dreamplace.ops.electric_potential.electric_potential - density forward 4.619 ms
[DEBUG  ] dreamplace.ops.electric_potential.electric_potential - density backward 9.796 ms
[DEBUG  ] dreamplace.ops.weighted_average_wirelength.weighted_average_wirelength - wirelength backward 0.125 ms
[INFO   ] DREAMPlace - optimizer step 22.274 ms
[INFO   ] DREAMPlace - iteration  552, (  85,  1,  0), Obj 2.456692E+08, NetCrossing 5.377E+01, NetCrossingWeight 1.000000E+01, DensityWeight 4.958712E+01, HPWL 1.718525E+03, Overflow 1.545619E-02, MaxDensity 1.474E+00, MacroOverlap 1.346E-03, MacroOverlapWeight 8.000000E-06, gamma 1.249607E-02, time 6.669ms
[INFO   ] DREAMPlace - full step 29.811 ms
[DEBUG  ] dreamplace.ops.weighted_average_wirelength.weighted_average_wirelength - wirelength forward 0.139 ms
[DEBUG  ] dreamplace.ops.electric_potential.electric_potential - density forward 4.766 ms
[DEBUG  ] dreamplace.ops.electric_potential.electric_potential - density backward 9.746 ms
[DEBUG  ] dreamplace.ops.weighted_average_wirelength.weighted_average_wirelength - wirelength backward 0.126 ms
[INFO   ] DREAMPlace - optimizer step 22.798 ms
[INFO   ] DREAMPlace - iteration  553, (  85,  1,  1), Obj 2.634043E+08, NetCrossing 5.563E+01, NetCrossingWeight 1.000000E+01, DensityWeight 4.958712E+01, HPWL 1.717975E+03, Overflow 1.541756E-02, MaxDensity 1.474E+00, MacroOverlap 1.341E-03, MacroOverlapWeight 8.000000E-06, gamma 1.249607E-02, time 6.663ms
[INFO   ] DREAMPlace - full step 30.333 ms
[INFO   ] DREAMPlace - Lsub stopping criteria: 1 and 2.63404e+08 > 2.45669e+08 * 0.999
[DEBUG  ] dreamplace.ops.weighted_average_wirelength.weighted_average_wirelength - wirelength forward 0.113 ms
[DEBUG  ] dreamplace.ops.electric_potential.electric_potential - density forward 4.616 ms
[DEBUG  ] dreamplace.ops.electric_potential.electric_potential - density backward 9.782 ms
[DEBUG  ] dreamplace.ops.weighted_average_wirelength.weighted_average_wirelength - wirelength backward 0.131 ms
[INFO   ] DREAMPlace - optimizer step 22.660 ms
[INFO   ] DREAMPlace - iteration  554, (  85,  2,  0), Obj 2.628117E+08, NetCrossing 5.404E+01, NetCrossingWeight 1.000000E+01, DensityWeight 5.233056E+01, HPWL 1.716989E+03, Overflow 1.539649E-02, MaxDensity 1.398E+00, MacroOverlap 1.339E-03, MacroOverlapWeight 8.000000E-06, gamma 1.249607E-02, time 6.271ms
[INFO   ] DREAMPlace - full step 29.817 ms
[DEBUG  ] dreamplace.ops.weighted_average_wirelength.weighted_average_wirelength - wirelength forward 0.147 ms
[DEBUG  ] dreamplace.ops.electric_potential.electric_potential - density forward 5.018 ms
[DEBUG  ] dreamplace.ops.electric_potential.electric_potential - density backward 9.820 ms
[DEBUG  ] dreamplace.ops.weighted_average_wirelength.weighted_average_wirelength - wirelength backward 0.130 ms
[INFO   ] DREAMPlace - optimizer step 23.905 ms
[INFO   ] DREAMPlace - iteration  555, (  85,  2,  1), Obj 2.765020E+08, NetCrossing 5.670E+01, NetCrossingWeight 1.000000E+01, DensityWeight 5.233056E+01, HPWL 1.715594E+03, Overflow 1.539446E-02, MaxDensity 1.454E+00, MacroOverlap 1.339E-03, MacroOverlapWeight 8.000000E-06, gamma 1.249607E-02, time 6.766ms
[INFO   ] DREAMPlace - full step 31.730 ms
[INFO   ] DREAMPlace - Lsub stopping criteria: 1 and 2.76502e+08 > 2.62812e+08 * 0.999
[DEBUG  ] dreamplace.ops.weighted_average_wirelength.weighted_average_wirelength - wirelength forward 0.169 ms
[DEBUG  ] dreamplace.ops.electric_potential.electric_potential - density forward 5.317 ms
[DEBUG  ] dreamplace.ops.electric_potential.electric_potential - density backward 9.445 ms
[DEBUG  ] dreamplace.ops.weighted_average_wirelength.weighted_average_wirelength - wirelength backward 0.158 ms
[INFO   ] DREAMPlace - optimizer step 24.249 ms
[INFO   ] DREAMPlace - iteration  556, (  85,  3,  0), Obj 2.758101E+08, NetCrossing 5.529E+01, NetCrossingWeight 1.000000E+01, DensityWeight 5.522578E+01, HPWL 1.713861E+03, Overflow 1.537632E-02, MaxDensity 1.506E+00, MacroOverlap 1.340E-03, MacroOverlapWeight 8.000000E-06, gamma 1.249607E-02, time 7.363ms
[INFO   ] DREAMPlace - full step 32.731 ms
[DEBUG  ] dreamplace.ops.weighted_average_wirelength.weighted_average_wirelength - wirelength forward 0.160 ms
[DEBUG  ] dreamplace.ops.electric_potential.electric_potential - density forward 5.158 ms
[DEBUG  ] dreamplace.ops.electric_potential.electric_potential - density backward 9.551 ms
[DEBUG  ] dreamplace.ops.weighted_average_wirelength.weighted_average_wirelength - wirelength backward 0.116 ms
[INFO   ] DREAMPlace - optimizer step 24.095 ms
[INFO   ] DREAMPlace - iteration  557, (  85,  3,  1), Obj 2.904883E+08, NetCrossing 5.584E+01, NetCrossingWeight 1.000000E+01, DensityWeight 5.522578E+01, HPWL 1.711983E+03, Overflow 1.535034E-02, MaxDensity 1.506E+00, MacroOverlap 1.342E-03, MacroOverlapWeight 8.000000E-06, gamma 1.249607E-02, time 7.159ms
[INFO   ] DREAMPlace - full step 32.170 ms
[INFO   ] DREAMPlace - Lsub stopping criteria: 1 and 2.90488e+08 > 2.7581e+08 * 0.999
[DEBUG  ] dreamplace.ops.weighted_average_wirelength.weighted_average_wirelength - wirelength forward 0.127 ms
[DEBUG  ] dreamplace.ops.electric_potential.electric_potential - density forward 4.901 ms
[DEBUG  ] dreamplace.ops.electric_potential.electric_potential - density backward 9.541 ms
[DEBUG  ] dreamplace.ops.weighted_average_wirelength.weighted_average_wirelength - wirelength backward 0.118 ms
[INFO   ] DREAMPlace - optimizer step 23.790 ms
[INFO   ] DREAMPlace - iteration  558, (  85,  4,  0), Obj 2.899342E+08, NetCrossing 5.658E+01, NetCrossingWeight 1.000000E+01, DensityWeight 5.828118E+01, HPWL 1.710498E+03, Overflow 1.533573E-02, MaxDensity 1.506E+00, MacroOverlap 1.346E-03, MacroOverlapWeight 8.000000E-06, gamma 1.249607E-02, time 6.221ms
[INFO   ] DREAMPlace - full step 30.855 ms
[DEBUG  ] dreamplace.ops.weighted_average_wirelength.weighted_average_wirelength - wirelength forward 0.145 ms
[DEBUG  ] dreamplace.ops.electric_potential.electric_potential - density forward 5.183 ms
[DEBUG  ] dreamplace.ops.electric_potential.electric_potential - density backward 9.530 ms
[DEBUG  ] dreamplace.ops.weighted_average_wirelength.weighted_average_wirelength - wirelength backward 0.144 ms
[INFO   ] DREAMPlace - optimizer step 24.011 ms
[INFO   ] DREAMPlace - iteration  559, (  85,  4,  1), Obj 3.054496E+08, NetCrossing 5.634E+01, NetCrossingWeight 1.000000E+01, DensityWeight 5.828118E+01, HPWL 1.708822E+03, Overflow 1.534714E-02, MaxDensity 1.506E+00, MacroOverlap 1.351E-03, MacroOverlapWeight 8.000000E-06, gamma 1.249607E-02, time 6.759ms
[INFO   ] DREAMPlace - full step 31.582 ms
[INFO   ] DREAMPlace - Lsub stopping criteria: 1 and 3.0545e+08 > 2.89934e+08 * 0.999
[DEBUG  ] dreamplace.ops.weighted_average_wirelength.weighted_average_wirelength - wirelength forward 0.181 ms
[DEBUG  ] dreamplace.ops.electric_potential.electric_potential - density forward 5.080 ms
[DEBUG  ] dreamplace.ops.electric_potential.electric_potential - density backward 10.830 ms
[DEBUG  ] dreamplace.ops.weighted_average_wirelength.weighted_average_wirelength - wirelength backward 0.119 ms
[INFO   ] DREAMPlace - optimizer step 24.535 ms
[INFO   ] DREAMPlace - iteration  560, (  85,  5,  0), Obj 3.050749E+08, NetCrossing 5.619E+01, NetCrossingWeight 1.000000E+01, DensityWeight 6.150562E+01, HPWL 1.707058E+03, Overflow 1.537520E-02, MaxDensity 1.506E+00, MacroOverlap 1.357E-03, MacroOverlapWeight 8.000000E-06, gamma 1.249607E-02, time 7.306ms
[INFO   ] DREAMPlace - full step 32.825 ms
[DEBUG  ] dreamplace.ops.weighted_average_wirelength.weighted_average_wirelength - wirelength forward 0.138 ms
[DEBUG  ] dreamplace.ops.electric_potential.electric_potential - density forward 5.212 ms
[DEBUG  ] dreamplace.ops.electric_potential.electric_potential - density backward 10.792 ms
[DEBUG  ] dreamplace.ops.weighted_average_wirelength.weighted_average_wirelength - wirelength backward 0.103 ms
[INFO   ] DREAMPlace - optimizer step 23.389 ms
[INFO   ] DREAMPlace - iteration  561, (  85,  5,  1), Obj 3.215418E+08, NetCrossing 5.643E+01, NetCrossingWeight 1.000000E+01, DensityWeight 6.150562E+01, HPWL 1.705602E+03, Overflow 1.539882E-02, MaxDensity 1.506E+00, MacroOverlap 1.365E-03, MacroOverlapWeight 8.000000E-06, gamma 1.249607E-02, time 6.917ms
[INFO   ] DREAMPlace - full step 31.253 ms
[INFO   ] DREAMPlace - Lsub stopping criteria: 1 and 3.21542e+08 > 3.05075e+08 * 0.999
[DEBUG  ] dreamplace.ops.weighted_average_wirelength.weighted_average_wirelength - wirelength forward 0.117 ms
[DEBUG  ] dreamplace.ops.electric_potential.electric_potential - density forward 4.899 ms
[DEBUG  ] dreamplace.ops.electric_potential.electric_potential - density backward 10.820 ms
[DEBUG  ] dreamplace.ops.weighted_average_wirelength.weighted_average_wirelength - wirelength backward 0.098 ms
[INFO   ] DREAMPlace - optimizer step 23.373 ms
[INFO   ] DREAMPlace - iteration  562, (  85,  6,  0), Obj 3.214292E+08, NetCrossing 5.566E+01, NetCrossingWeight 1.000000E+01, DensityWeight 6.490846E+01, HPWL 1.704253E+03, Overflow 1.541787E-02, MaxDensity 1.506E+00, MacroOverlap 1.373E-03, MacroOverlapWeight 8.000000E-06, gamma 1.249607E-02, time 6.348ms
[INFO   ] DREAMPlace - full step 30.486 ms
[DEBUG  ] dreamplace.ops.weighted_average_wirelength.weighted_average_wirelength - wirelength forward 0.127 ms
[DEBUG  ] dreamplace.ops.electric_potential.electric_potential - density forward 5.476 ms
[DEBUG  ] dreamplace.ops.electric_potential.electric_potential - density backward 10.843 ms
[DEBUG  ] dreamplace.ops.weighted_average_wirelength.weighted_average_wirelength - wirelength backward 0.098 ms
[INFO   ] DREAMPlace - optimizer step 24.473 ms
[INFO   ] DREAMPlace - iteration  563, (  85,  6,  1), Obj 3.390130E+08, NetCrossing 5.453E+01, NetCrossingWeight 1.000000E+01, DensityWeight 6.490846E+01, HPWL 1.702942E+03, Overflow 1.546984E-02, MaxDensity 1.506E+00, MacroOverlap 1.382E-03, MacroOverlapWeight 8.000000E-06, gamma 1.249607E-02, time 6.538ms
[INFO   ] DREAMPlace - full step 31.818 ms
[INFO   ] DREAMPlace - Lsub stopping criteria: 1 and 3.39013e+08 > 3.21429e+08 * 0.999
[DEBUG  ] dreamplace.ops.weighted_average_wirelength.weighted_average_wirelength - wirelength forward 0.151 ms
[DEBUG  ] dreamplace.ops.electric_potential.electric_potential - density forward 5.082 ms
[DEBUG  ] dreamplace.ops.electric_potential.electric_potential - density backward 10.850 ms
[DEBUG  ] dreamplace.ops.weighted_average_wirelength.weighted_average_wirelength - wirelength backward 0.112 ms
[INFO   ] DREAMPlace - optimizer step 24.246 ms
[INFO   ] DREAMPlace - iteration  564, (  85,  7,  0), Obj 3.391652E+08, NetCrossing 5.612E+01, NetCrossingWeight 1.000000E+01, DensityWeight 6.849957E+01, HPWL 1.701880E+03, Overflow 1.555017E-02, MaxDensity 1.506E+00, MacroOverlap 1.392E-03, MacroOverlapWeight 8.000000E-06, gamma 1.249607E-02, time 7.073ms
[INFO   ] DREAMPlace - full step 32.499 ms
[DEBUG  ] dreamplace.ops.weighted_average_wirelength.weighted_average_wirelength - wirelength forward 0.116 ms
[DEBUG  ] dreamplace.ops.electric_potential.electric_potential - density forward 4.736 ms
[DEBUG  ] dreamplace.ops.electric_potential.electric_potential - density backward 10.805 ms
[DEBUG  ] dreamplace.ops.weighted_average_wirelength.weighted_average_wirelength - wirelength backward 0.101 ms
[INFO   ] DREAMPlace - optimizer step 23.119 ms
[INFO   ] DREAMPlace - iteration  565, (  85,  7,  1), Obj 3.573516E+08, NetCrossing 5.589E+01, NetCrossingWeight 1.000000E+01, DensityWeight 6.849957E+01, HPWL 1.700868E+03, Overflow 1.560475E-02, MaxDensity 1.506E+00, MacroOverlap 1.398E-03, MacroOverlapWeight 8.000000E-06, gamma 1.249607E-02, time 7.006ms
[INFO   ] DREAMPlace - full step 31.262 ms
[INFO   ] DREAMPlace - Lsub stopping criteria: 1 and 3.57352e+08 > 3.39165e+08 * 0.999
[DEBUG  ] dreamplace.ops.weighted_average_wirelength.weighted_average_wirelength - wirelength forward 0.176 ms
[DEBUG  ] dreamplace.ops.electric_potential.electric_potential - density forward 5.175 ms
[DEBUG  ] dreamplace.ops.electric_potential.electric_potential - density backward 10.815 ms
[DEBUG  ] dreamplace.ops.weighted_average_wirelength.weighted_average_wirelength - wirelength backward 0.095 ms
[INFO   ] DREAMPlace - optimizer step 24.690 ms
[INFO   ] DREAMPlace - iteration  566, (  85,  8,  0), Obj 3.569148E+08, NetCrossing 5.571E+01, NetCrossingWeight 1.000000E+01, DensityWeight 7.228934E+01, HPWL 1.700120E+03, Overflow 1.563264E-02, MaxDensity 1.506E+00, MacroOverlap 1.405E-03, MacroOverlapWeight 8.000000E-06, gamma 1.249607E-02, time 7.031ms
[INFO   ] DREAMPlace - full step 32.746 ms
[DEBUG  ] dreamplace.ops.weighted_average_wirelength.weighted_average_wirelength - wirelength forward 0.163 ms
[DEBUG  ] dreamplace.ops.electric_potential.electric_potential - density forward 5.090 ms
[DEBUG  ] dreamplace.ops.electric_potential.electric_potential - density backward 10.909 ms
[DEBUG  ] dreamplace.ops.weighted_average_wirelength.weighted_average_wirelength - wirelength backward 0.126 ms
[INFO   ] DREAMPlace - optimizer step 25.085 ms
[INFO   ] DREAMPlace - iteration  567, (  85,  8,  1), Obj 3.765392E+08, NetCrossing 5.562E+01, NetCrossingWeight 1.000000E+01, DensityWeight 7.228934E+01, HPWL 1.699444E+03, Overflow 1.566311E-02, MaxDensity 1.506E+00, MacroOverlap 1.410E-03, MacroOverlapWeight 8.000000E-06, gamma 1.249607E-02, time 7.303ms
[INFO   ] DREAMPlace - full step 33.436 ms
[INFO   ] DREAMPlace - Lsub stopping criteria: 1 and 3.76539e+08 > 3.56915e+08 * 0.999
[DEBUG  ] dreamplace.ops.weighted_average_wirelength.weighted_average_wirelength - wirelength forward 0.155 ms
[DEBUG  ] dreamplace.ops.electric_potential.electric_potential - density forward 5.107 ms
[DEBUG  ] dreamplace.ops.electric_potential.electric_potential - density backward 10.918 ms
[DEBUG  ] dreamplace.ops.weighted_average_wirelength.weighted_average_wirelength - wirelength backward 0.132 ms
[INFO   ] DREAMPlace - optimizer step 25.116 ms
[INFO   ] DREAMPlace - iteration  568, (  85,  9,  0), Obj 3.768279E+08, NetCrossing 5.539E+01, NetCrossingWeight 1.000000E+01, DensityWeight 7.628880E+01, HPWL 1.698994E+03, Overflow 1.569714E-02, MaxDensity 1.506E+00, MacroOverlap 1.413E-03, MacroOverlapWeight 8.000000E-06, gamma 1.249607E-02, time 6.956ms
[INFO   ] DREAMPlace - full step 33.096 ms
[DEBUG  ] dreamplace.ops.weighted_average_wirelength.weighted_average_wirelength - wirelength forward 0.157 ms
[DEBUG  ] dreamplace.ops.electric_potential.electric_potential - density forward 5.511 ms
[DEBUG  ] dreamplace.ops.electric_potential.electric_potential - density backward 10.138 ms
[DEBUG  ] dreamplace.ops.weighted_average_wirelength.weighted_average_wirelength - wirelength backward 0.124 ms
[INFO   ] DREAMPlace - optimizer step 24.908 ms
[INFO   ] DREAMPlace - iteration  569, (  85,  9,  1), Obj 3.968097E+08, NetCrossing 5.653E+01, NetCrossingWeight 1.000000E+01, DensityWeight 7.628880E+01, HPWL 1.698578E+03, Overflow 1.571270E-02, MaxDensity 1.506E+00, MacroOverlap 1.415E-03, MacroOverlapWeight 8.000000E-06, gamma 1.249607E-02, time 7.270ms
[INFO   ] DREAMPlace - full step 33.267 ms
[INFO   ] DREAMPlace - Lsub stopping criteria: 1 and 3.9681e+08 > 3.76828e+08 * 0.999
[DEBUG  ] dreamplace.ops.weighted_average_wirelength.weighted_average_wirelength - wirelength forward 0.157 ms
[DEBUG  ] dreamplace.ops.electric_potential.electric_potential - density forward 5.130 ms
[DEBUG  ] dreamplace.ops.electric_potential.electric_potential - density backward 9.815 ms
[DEBUG  ] dreamplace.ops.weighted_average_wirelength.weighted_average_wirelength - wirelength backward 0.124 ms
[INFO   ] DREAMPlace - optimizer step 23.973 ms
[INFO   ] DREAMPlace - iteration  570, (  86,  0,  0), Obj 3.960229E+08, NetCrossing 5.629E+01, NetCrossingWeight 1.000000E+01, DensityWeight 8.050952E+01, HPWL 1.698370E+03, Overflow 1.569383E-02, MaxDensity 1.506E+00, MacroOverlap 1.414E-03, MacroOverlapWeight 8.000000E-06, gamma 1.250241E-02, time 7.121ms
[INFO   ] DREAMPlace - full step 32.096 ms
[DEBUG  ] dreamplace.ops.weighted_average_wirelength.weighted_average_wirelength - wirelength forward 0.153 ms
[DEBUG  ] dreamplace.ops.electric_potential.electric_potential - density forward 5.168 ms
[DEBUG  ] dreamplace.ops.electric_potential.electric_potential - density backward 9.821 ms
[DEBUG  ] dreamplace.ops.weighted_average_wirelength.weighted_average_wirelength - wirelength backward 0.129 ms
[INFO   ] DREAMPlace - optimizer step 24.050 ms
[INFO   ] DREAMPlace - iteration  571, (  86,  0,  1), Obj 4.167486E+08, NetCrossing 5.520E+01, NetCrossingWeight 1.000000E+01, DensityWeight 8.050952E+01, HPWL 1.698232E+03, Overflow 1.567330E-02, MaxDensity 1.506E+00, MacroOverlap 1.412E-03, MacroOverlapWeight 8.000000E-06, gamma 1.250241E-02, time 6.961ms
[INFO   ] DREAMPlace - full step 32.016 ms
[INFO   ] DREAMPlace - Lsub stopping criteria: 1 and 4.16749e+08 > 3.96023e+08 * 0.999
[DEBUG  ] dreamplace.ops.weighted_average_wirelength.weighted_average_wirelength - wirelength forward 0.156 ms
[DEBUG  ] dreamplace.ops.electric_potential.electric_potential - density forward 5.082 ms
[DEBUG  ] dreamplace.ops.electric_potential.electric_potential - density backward 9.807 ms
[DEBUG  ] dreamplace.ops.weighted_average_wirelength.weighted_average_wirelength - wirelength backward 0.128 ms
[INFO   ] DREAMPlace - optimizer step 23.780 ms
[INFO   ] DREAMPlace - iteration  572, (  86,  1,  0), Obj 4.162528E+08, NetCrossing 5.628E+01, NetCrossingWeight 1.000000E+01, DensityWeight 8.496376E+01, HPWL 1.698340E+03, Overflow 1.566132E-02, MaxDensity 1.506E+00, MacroOverlap 1.409E-03, MacroOverlapWeight 8.000000E-06, gamma 1.250241E-02, time 6.847ms
[INFO   ] DREAMPlace - full step 31.627 ms
[DEBUG  ] dreamplace.ops.weighted_average_wirelength.weighted_average_wirelength - wirelength forward 0.151 ms
[DEBUG  ] dreamplace.ops.electric_potential.electric_potential - density forward 5.068 ms
[DEBUG  ] dreamplace.ops.electric_potential.electric_potential - density backward 9.814 ms
[DEBUG  ] dreamplace.ops.weighted_average_wirelength.weighted_average_wirelength - wirelength backward 0.129 ms
[INFO   ] DREAMPlace - optimizer step 23.811 ms
[INFO   ] DREAMPlace - iteration  573, (  86,  1,  1), Obj 4.388010E+08, NetCrossing 5.686E+01, NetCrossingWeight 1.000000E+01, DensityWeight 8.496376E+01, HPWL 1.698538E+03, Overflow 1.564052E-02, MaxDensity 1.506E+00, MacroOverlap 1.405E-03, MacroOverlapWeight 8.000000E-06, gamma 1.250241E-02, time 6.896ms
[INFO   ] DREAMPlace - full step 31.728 ms
[INFO   ] DREAMPlace - Lsub stopping criteria: 1 and 4.38801e+08 > 4.16253e+08 * 0.999
[INFO   ] DREAMPlace - Llambda stopping criteria: 1 and (( 0.0156405 < 0.1 and 1698.54 > 1698.23 ) or 1.50583 < 1.0)
[DEBUG  ] dreamplace.ops.weighted_average_wirelength.weighted_average_wirelength - wirelength forward 0.153 ms
[DEBUG  ] dreamplace.ops.electric_potential.electric_potential - density forward 5.321 ms
[DEBUG  ] dreamplace.ops.electric_potential.electric_potential - density backward 9.933 ms
[DEBUG  ] dreamplace.ops.weighted_average_wirelength.weighted_average_wirelength - wirelength backward 0.129 ms
[INFO   ] DREAMPlace - optimizer step 24.888 ms
[INFO   ] DREAMPlace - iteration  574, (  87,  0,  0), Obj 4.382528E+08, NetCrossing 5.537E+01, NetCrossingWeight 1.000000E+01, DensityWeight 9.149432E+01, HPWL 1.698974E+03, Overflow 1.557609E-02, MaxDensity 1.506E+00, MacroOverlap 1.399E-03, MacroOverlapWeight 8.000000E-06, gamma 1.249779E-02, time 7.101ms
[INFO   ] DREAMPlace - full step 32.871 ms
[DEBUG  ] dreamplace.ops.weighted_average_wirelength.weighted_average_wirelength - wirelength forward 0.150 ms
[DEBUG  ] dreamplace.ops.electric_potential.electric_potential - density forward 5.413 ms
[DEBUG  ] dreamplace.ops.electric_potential.electric_potential - density backward 9.836 ms
[DEBUG  ] dreamplace.ops.weighted_average_wirelength.weighted_average_wirelength - wirelength backward 0.125 ms
[INFO   ] DREAMPlace - optimizer step 27.188 ms
[INFO   ] DREAMPlace - iteration  575, (  87,  0,  1), Obj 4.705985E+08, NetCrossing 5.677E+01, NetCrossingWeight 1.000000E+01, DensityWeight 9.149432E+01, HPWL 1.699487E+03, Overflow 1.552298E-02, MaxDensity 1.506E+00, MacroOverlap 1.394E-03, MacroOverlapWeight 8.000000E-06, gamma 1.249779E-02, time 7.355ms
[INFO   ] DREAMPlace - full step 35.629 ms
[INFO   ] DREAMPlace - Lsub stopping criteria: 1 and 4.70598e+08 > 4.38253e+08 * 0.999
[DEBUG  ] dreamplace.ops.weighted_average_wirelength.weighted_average_wirelength - wirelength forward 0.142 ms
[DEBUG  ] dreamplace.ops.electric_potential.electric_potential - density forward 5.131 ms
[DEBUG  ] dreamplace.ops.electric_potential.electric_potential - density backward 9.803 ms
[DEBUG  ] dreamplace.ops.weighted_average_wirelength.weighted_average_wirelength - wirelength backward 0.120 ms
[INFO   ] DREAMPlace - optimizer step 22.572 ms
[INFO   ] DREAMPlace - iteration  576, (  87,  1,  0), Obj 4.700006E+08, NetCrossing 5.479E+01, NetCrossingWeight 1.000000E+01, DensityWeight 9.852680E+01, HPWL 1.700187E+03, Overflow 1.549244E-02, MaxDensity 1.506E+00, MacroOverlap 1.388E-03, MacroOverlapWeight 8.000000E-06, gamma 1.249779E-02, time 7.229ms
[INFO   ] DREAMPlace - full step 30.864 ms
[DEBUG  ] dreamplace.ops.weighted_average_wirelength.weighted_average_wirelength - wirelength forward 0.160 ms
[DEBUG  ] dreamplace.ops.electric_potential.electric_potential - density forward 5.373 ms
[DEBUG  ] dreamplace.ops.electric_potential.electric_potential - density backward 9.896 ms
[DEBUG  ] dreamplace.ops.weighted_average_wirelength.weighted_average_wirelength - wirelength backward 0.140 ms
[INFO   ] DREAMPlace - optimizer step 23.667 ms
[INFO   ] DREAMPlace - iteration  577, (  87,  1,  1), Obj 5.049518E+08, NetCrossing 5.732E+01, NetCrossingWeight 1.000000E+01, DensityWeight 9.852680E+01, HPWL 1.700922E+03, Overflow 1.542339E-02, MaxDensity 1.506E+00, MacroOverlap 1.383E-03, MacroOverlapWeight 8.000000E-06, gamma 1.249779E-02, time 7.203ms
[INFO   ] DREAMPlace - full step 31.781 ms
[INFO   ] DREAMPlace - Lsub stopping criteria: 1 and 5.04952e+08 > 4.70001e+08 * 0.999
[INFO   ] DREAMPlace - Llambda stopping criteria: 1 and (( 0.0154234 < 0.1 and 1700.92 > 1699.49 ) or 1.50583 < 1.0)
[DEBUG  ] dreamplace.ops.weighted_average_wirelength.weighted_average_wirelength - wirelength forward 0.151 ms
[DEBUG  ] dreamplace.ops.electric_potential.electric_potential - density forward 5.319 ms
[DEBUG  ] dreamplace.ops.electric_potential.electric_potential - density backward 9.876 ms
[DEBUG  ] dreamplace.ops.weighted_average_wirelength.weighted_average_wirelength - wirelength backward 0.136 ms
[INFO   ] DREAMPlace - optimizer step 24.219 ms
[INFO   ] DREAMPlace - iteration  578, (  88,  0,  0), Obj 5.044134E+08, NetCrossing 5.595E+01, NetCrossingWeight 1.000000E+01, DensityWeight 1.060998E+02, HPWL 1.701874E+03, Overflow 1.540864E-02, MaxDensity 1.506E+00, MacroOverlap 1.377E-03, MacroOverlapWeight 8.000000E-06, gamma 1.248391E-02, time 6.956ms
[INFO   ] DREAMPlace - full step 32.160 ms
[DEBUG  ] dreamplace.ops.weighted_average_wirelength.weighted_average_wirelength - wirelength forward 0.153 ms
[DEBUG  ] dreamplace.ops.electric_potential.electric_potential - density forward 5.144 ms
[DEBUG  ] dreamplace.ops.electric_potential.electric_potential - density backward 9.207 ms
[DEBUG  ] dreamplace.ops.weighted_average_wirelength.weighted_average_wirelength - wirelength backward 0.130 ms
[INFO   ] DREAMPlace - optimizer step 23.389 ms
[INFO   ] DREAMPlace - iteration  579, (  88,  0,  1), Obj 5.421763E+08, NetCrossing 5.700E+01, NetCrossingWeight 1.000000E+01, DensityWeight 1.060998E+02, HPWL 1.702802E+03, Overflow 1.535775E-02, MaxDensity 1.506E+00, MacroOverlap 1.372E-03, MacroOverlapWeight 8.000000E-06, gamma 1.248391E-02, time 6.919ms
[INFO   ] DREAMPlace - full step 31.319 ms
[INFO   ] DREAMPlace - Lsub stopping criteria: 1 and 5.42176e+08 > 5.04413e+08 * 0.999
[DEBUG  ] dreamplace.ops.weighted_average_wirelength.weighted_average_wirelength - wirelength forward 0.153 ms
[DEBUG  ] dreamplace.ops.electric_potential.electric_potential - density forward 5.193 ms
[DEBUG  ] dreamplace.ops.electric_potential.electric_potential - density backward 9.204 ms
[DEBUG  ] dreamplace.ops.weighted_average_wirelength.weighted_average_wirelength - wirelength backward 0.128 ms
[INFO   ] DREAMPlace - optimizer step 23.496 ms
[INFO   ] DREAMPlace - iteration  580, (  88,  1,  0), Obj 5.423599E+08, NetCrossing 5.706E+01, NetCrossingWeight 1.000000E+01, DensityWeight 1.142549E+02, HPWL 1.703711E+03, Overflow 1.534845E-02, MaxDensity 1.506E+00, MacroOverlap 1.368E-03, MacroOverlapWeight 8.000000E-06, gamma 1.248391E-02, time 6.936ms
[INFO   ] DREAMPlace - full step 31.435 ms
[DEBUG  ] dreamplace.ops.weighted_average_wirelength.weighted_average_wirelength - wirelength forward 0.149 ms
[DEBUG  ] dreamplace.ops.electric_potential.electric_potential - density forward 5.470 ms
[DEBUG  ] dreamplace.ops.electric_potential.electric_potential - density backward 10.159 ms
[DEBUG  ] dreamplace.ops.weighted_average_wirelength.weighted_average_wirelength - wirelength backward 0.123 ms
[INFO   ] DREAMPlace - optimizer step 24.693 ms
[INFO   ] DREAMPlace - iteration  581, (  88,  1,  1), Obj 5.830325E+08, NetCrossing 5.596E+01, NetCrossingWeight 1.000000E+01, DensityWeight 1.142549E+02, HPWL 1.704528E+03, Overflow 1.530455E-02, MaxDensity 1.506E+00, MacroOverlap 1.365E-03, MacroOverlapWeight 8.000000E-06, gamma 1.248391E-02, time 7.006ms
[INFO   ] DREAMPlace - full step 32.806 ms
[INFO   ] DREAMPlace - Lsub stopping criteria: 1 and 5.83033e+08 > 5.4236e+08 * 0.999
[INFO   ] DREAMPlace - Llambda stopping criteria: 1 and (( 0.0153046 < 0.1 and 1704.53 > 1702.8 ) or 1.50583 < 1.0)
[DEBUG  ] dreamplace.ops.weighted_average_wirelength.weighted_average_wirelength - wirelength forward 0.154 ms
[DEBUG  ] dreamplace.ops.electric_potential.electric_potential - density forward 5.183 ms
[DEBUG  ] dreamplace.ops.electric_potential.electric_potential - density backward 10.116 ms
[DEBUG  ] dreamplace.ops.weighted_average_wirelength.weighted_average_wirelength - wirelength backward 0.122 ms
[INFO   ] DREAMPlace - optimizer step 23.635 ms
[INFO   ] DREAMPlace - iteration  582, (  89,  0,  0), Obj 5.826907E+08, NetCrossing 5.520E+01, NetCrossingWeight 1.000000E+01, DensityWeight 1.230368E+02, HPWL 1.705227E+03, Overflow 1.528984E-02, MaxDensity 1.506E+00, MacroOverlap 1.363E-03, MacroOverlapWeight 8.000000E-06, gamma 1.247632E-02, time 6.691ms
[INFO   ] DREAMPlace - full step 31.316 ms
[DEBUG  ] dreamplace.ops.weighted_average_wirelength.weighted_average_wirelength - wirelength forward 0.145 ms
[DEBUG  ] dreamplace.ops.electric_potential.electric_potential - density forward 5.008 ms
[DEBUG  ] dreamplace.ops.electric_potential.electric_potential - density backward 10.078 ms
[DEBUG  ] dreamplace.ops.weighted_average_wirelength.weighted_average_wirelength - wirelength backward 0.130 ms
[INFO   ] DREAMPlace - optimizer step 24.227 ms
[INFO   ] DREAMPlace - iteration  583, (  89,  0,  1), Obj 6.263935E+08, NetCrossing 5.443E+01, NetCrossingWeight 1.000000E+01, DensityWeight 1.230368E+02, HPWL 1.705765E+03, Overflow 1.528511E-02, MaxDensity 1.506E+00, MacroOverlap 1.361E-03, MacroOverlapWeight 8.000000E-06, gamma 1.247632E-02, time 6.843ms
[INFO   ] DREAMPlace - full step 32.161 ms
[INFO   ] DREAMPlace - Lsub stopping criteria: 1 and 6.26393e+08 > 5.82691e+08 * 0.999
[DEBUG  ] dreamplace.ops.weighted_average_wirelength.weighted_average_wirelength - wirelength forward 0.147 ms
[DEBUG  ] dreamplace.ops.electric_potential.electric_potential - density forward 5.145 ms
[DEBUG  ] dreamplace.ops.electric_potential.electric_potential - density backward 10.151 ms
[DEBUG  ] dreamplace.ops.weighted_average_wirelength.weighted_average_wirelength - wirelength backward 0.134 ms
[INFO   ] DREAMPlace - optimizer step 27.112 ms
[INFO   ] DREAMPlace - iteration  584, (  89,  1,  0), Obj 6.261429E+08, NetCrossing 5.456E+01, NetCrossingWeight 1.000000E+01, DensityWeight 1.324937E+02, HPWL 1.706082E+03, Overflow 1.525181E-02, MaxDensity 1.506E+00, MacroOverlap 1.361E-03, MacroOverlapWeight 8.000000E-06, gamma 1.247632E-02, time 7.784ms
[INFO   ] DREAMPlace - full step 35.997 ms
[DEBUG  ] dreamplace.ops.weighted_average_wirelength.weighted_average_wirelength - wirelength forward 0.145 ms
[DEBUG  ] dreamplace.ops.electric_potential.electric_potential - density forward 5.028 ms
[DEBUG  ] dreamplace.ops.electric_potential.electric_potential - density backward 10.134 ms
[DEBUG  ] dreamplace.ops.weighted_average_wirelength.weighted_average_wirelength - wirelength backward 0.134 ms
[INFO   ] DREAMPlace - optimizer step 23.854 ms
[INFO   ] DREAMPlace - iteration  585, (  89,  1,  1), Obj 6.731751E+08, NetCrossing 5.664E+01, NetCrossingWeight 1.000000E+01, DensityWeight 1.324937E+02, HPWL 1.706177E+03, Overflow 1.525449E-02, MaxDensity 1.506E+00, MacroOverlap 1.361E-03, MacroOverlapWeight 8.000000E-06, gamma 1.247632E-02, time 6.877ms
[INFO   ] DREAMPlace - full step 31.719 ms
[INFO   ] DREAMPlace - Lsub stopping criteria: 1 and 6.73175e+08 > 6.26143e+08 * 0.999
[INFO   ] DREAMPlace - Llambda stopping criteria: 1 and (( 0.0152545 < 0.1 and 1706.18 > 1705.77 ) or 1.50583 < 1.0)
[DEBUG  ] dreamplace.ops.weighted_average_wirelength.weighted_average_wirelength - wirelength forward 0.148 ms
[DEBUG  ] dreamplace.ops.electric_potential.electric_potential - density forward 5.112 ms
[DEBUG  ] dreamplace.ops.electric_potential.electric_potential - density backward 9.145 ms
[DEBUG  ] dreamplace.ops.weighted_average_wirelength.weighted_average_wirelength - wirelength backward 0.126 ms
[INFO   ] DREAMPlace - optimizer step 23.188 ms
[INFO   ] DREAMPlace - iteration  586, (  90,  0,  0), Obj 6.727951E+08, NetCrossing 5.583E+01, NetCrossingWeight 1.000000E+01, DensityWeight 1.426775E+02, HPWL 1.706242E+03, Overflow 1.525843E-02, MaxDensity 1.506E+00, MacroOverlap 1.362E-03, MacroOverlapWeight 8.000000E-06, gamma 1.247313E-02, time 6.955ms
[INFO   ] DREAMPlace - full step 31.141 ms
[DEBUG  ] dreamplace.ops.weighted_average_wirelength.weighted_average_wirelength - wirelength forward 0.147 ms
[DEBUG  ] dreamplace.ops.electric_potential.electric_potential - density forward 5.195 ms
[DEBUG  ] dreamplace.ops.electric_potential.electric_potential - density backward 9.111 ms
[DEBUG  ] dreamplace.ops.weighted_average_wirelength.weighted_average_wirelength - wirelength backward 0.125 ms
[INFO   ] DREAMPlace - optimizer step 23.218 ms
[INFO   ] DREAMPlace - iteration  587, (  90,  0,  1), Obj 7.230986E+08, NetCrossing 5.746E+01, NetCrossingWeight 1.000000E+01, DensityWeight 1.426775E+02, HPWL 1.706210E+03, Overflow 1.523244E-02, MaxDensity 1.506E+00, MacroOverlap 1.363E-03, MacroOverlapWeight 8.000000E-06, gamma 1.247313E-02, time 7.134ms
[INFO   ] DREAMPlace - full step 31.413 ms
[INFO   ] DREAMPlace - Lsub stopping criteria: 1 and 7.23099e+08 > 6.72795e+08 * 0.999
[DEBUG  ] dreamplace.ops.weighted_average_wirelength.weighted_average_wirelength - wirelength forward 0.148 ms
[DEBUG  ] dreamplace.ops.electric_potential.electric_potential - density forward 5.020 ms
[DEBUG  ] dreamplace.ops.electric_potential.electric_potential - density backward 8.650 ms
[DEBUG  ] dreamplace.ops.weighted_average_wirelength.weighted_average_wirelength - wirelength backward 0.128 ms
[INFO   ] DREAMPlace - optimizer step 22.483 ms
[INFO   ] DREAMPlace - iteration  588, (  90,  1,  0), Obj 7.226536E+08, NetCrossing 5.809E+01, NetCrossingWeight 1.000000E+01, DensityWeight 1.536441E+02, HPWL 1.706020E+03, Overflow 1.523851E-02, MaxDensity 1.506E+00, MacroOverlap 1.364E-03, MacroOverlapWeight 8.000000E-06, gamma 1.247313E-02, time 7.107ms
[INFO   ] DREAMPlace - full step 30.563 ms
[DEBUG  ] dreamplace.ops.weighted_average_wirelength.weighted_average_wirelength - wirelength forward 0.149 ms
[DEBUG  ] dreamplace.ops.electric_potential.electric_potential - density forward 5.081 ms
[DEBUG  ] dreamplace.ops.electric_potential.electric_potential - density backward 8.663 ms
[DEBUG  ] dreamplace.ops.weighted_average_wirelength.weighted_average_wirelength - wirelength backward 0.121 ms
[INFO   ] DREAMPlace - optimizer step 22.527 ms
[INFO   ] DREAMPlace - iteration  589, (  90,  1,  1), Obj 7.772303E+08, NetCrossing 5.617E+01, NetCrossingWeight 1.000000E+01, DensityWeight 1.536441E+02, HPWL 1.705716E+03, Overflow 1.523665E-02, MaxDensity 1.506E+00, MacroOverlap 1.365E-03, MacroOverlapWeight 8.000000E-06, gamma 1.247313E-02, time 6.791ms
[INFO   ] DREAMPlace - full step 30.309 ms
[INFO   ] DREAMPlace - Lsub stopping criteria: 1 and 7.7723e+08 > 7.22654e+08 * 0.999
[DEBUG  ] dreamplace.ops.weighted_average_wirelength.weighted_average_wirelength - wirelength forward 0.151 ms
[DEBUG  ] dreamplace.ops.electric_potential.electric_potential - density forward 5.160 ms
[DEBUG  ] dreamplace.ops.electric_potential.electric_potential - density backward 8.646 ms
[DEBUG  ] dreamplace.ops.weighted_average_wirelength.weighted_average_wirelength - wirelength backward 0.124 ms
[INFO   ] DREAMPlace - optimizer step 22.604 ms
[INFO   ] DREAMPlace - iteration  590, (  90,  2,  0), Obj 7.772348E+08, NetCrossing 5.734E+01, NetCrossingWeight 1.000000E+01, DensityWeight 1.621446E+02, HPWL 1.705309E+03, Overflow 1.521167E-02, MaxDensity 1.506E+00, MacroOverlap 1.365E-03, MacroOverlapWeight 8.000000E-06, gamma 1.247313E-02, time 7.070ms
[INFO   ] DREAMPlace - full step 30.668 ms
[DEBUG  ] dreamplace.ops.weighted_average_wirelength.weighted_average_wirelength - wirelength forward 0.144 ms
[DEBUG  ] dreamplace.ops.electric_potential.electric_potential - density forward 5.230 ms
[DEBUG  ] dreamplace.ops.electric_potential.electric_potential - density backward 8.600 ms
[DEBUG  ] dreamplace.ops.weighted_average_wirelength.weighted_average_wirelength - wirelength backward 0.135 ms
[INFO   ] DREAMPlace - optimizer step 22.575 ms
[INFO   ] DREAMPlace - iteration  591, (  90,  2,  1), Obj 8.193734E+08, NetCrossing 5.687E+01, NetCrossingWeight 1.000000E+01, DensityWeight 1.621446E+02, HPWL 1.704845E+03, Overflow 1.524196E-02, MaxDensity 1.506E+00, MacroOverlap 1.366E-03, MacroOverlapWeight 8.000000E-06, gamma 1.247313E-02, time 6.856ms
[INFO   ] DREAMPlace - full step 30.399 ms
[INFO   ] DREAMPlace - Lsub stopping criteria: 1 and 8.19373e+08 > 7.77235e+08 * 0.999
[DEBUG  ] dreamplace.ops.weighted_average_wirelength.weighted_average_wirelength - wirelength forward 0.144 ms
[DEBUG  ] dreamplace.ops.electric_potential.electric_potential - density forward 5.244 ms
[DEBUG  ] dreamplace.ops.electric_potential.electric_potential - density backward 8.582 ms
[DEBUG  ] dreamplace.ops.weighted_average_wirelength.weighted_average_wirelength - wirelength backward 0.121 ms
[INFO   ] DREAMPlace - optimizer step 22.507 ms
[INFO   ] DREAMPlace - iteration  592, (  90,  3,  0), Obj 8.188820E+08, NetCrossing 5.564E+01, NetCrossingWeight 1.000000E+01, DensityWeight 1.711153E+02, HPWL 1.704350E+03, Overflow 1.523647E-02, MaxDensity 1.506E+00, MacroOverlap 1.366E-03, MacroOverlapWeight 8.000000E-06, gamma 1.247313E-02, time 6.903ms
[INFO   ] DREAMPlace - full step 30.371 ms
[DEBUG  ] dreamplace.ops.weighted_average_wirelength.weighted_average_wirelength - wirelength forward 0.127 ms
[DEBUG  ] dreamplace.ops.electric_potential.electric_potential - density forward 5.012 ms
[DEBUG  ] dreamplace.ops.electric_potential.electric_potential - density backward 8.591 ms
[DEBUG  ] dreamplace.ops.weighted_average_wirelength.weighted_average_wirelength - wirelength backward 0.120 ms
[INFO   ] DREAMPlace - optimizer step 21.980 ms
[INFO   ] DREAMPlace - iteration  593, (  90,  3,  1), Obj 8.632077E+08, NetCrossing 5.743E+01, NetCrossingWeight 1.000000E+01, DensityWeight 1.711153E+02, HPWL 1.703855E+03, Overflow 1.523642E-02, MaxDensity 1.506E+00, MacroOverlap 1.367E-03, MacroOverlapWeight 8.000000E-06, gamma 1.247313E-02, time 6.738ms
[INFO   ] DREAMPlace - full step 29.677 ms
[INFO   ] DREAMPlace - Lsub stopping criteria: 1 and 8.63208e+08 > 8.18882e+08 * 0.999
[DEBUG  ] dreamplace.ops.weighted_average_wirelength.weighted_average_wirelength - wirelength forward 0.141 ms
[DEBUG  ] dreamplace.ops.electric_potential.electric_potential - density forward 5.179 ms
[DEBUG  ] dreamplace.ops.electric_potential.electric_potential - density backward 8.583 ms
[DEBUG  ] dreamplace.ops.weighted_average_wirelength.weighted_average_wirelength - wirelength backward 0.132 ms
[INFO   ] DREAMPlace - optimizer step 22.364 ms
[INFO   ] DREAMPlace - iteration  594, (  90,  4,  0), Obj 8.631722E+08, NetCrossing 5.694E+01, NetCrossingWeight 1.000000E+01, DensityWeight 1.805824E+02, HPWL 1.703378E+03, Overflow 1.524838E-02, MaxDensity 1.506E+00, MacroOverlap 1.367E-03, MacroOverlapWeight 8.000000E-06, gamma 1.247313E-02, time 6.971ms
[INFO   ] DREAMPlace - full step 30.286 ms
[DEBUG  ] dreamplace.ops.weighted_average_wirelength.weighted_average_wirelength - wirelength forward 0.129 ms
[DEBUG  ] dreamplace.ops.electric_potential.electric_potential - density forward 5.047 ms
[DEBUG  ] dreamplace.ops.electric_potential.electric_potential - density backward 8.641 ms
[DEBUG  ] dreamplace.ops.weighted_average_wirelength.weighted_average_wirelength - wirelength backward 0.118 ms
[INFO   ] DREAMPlace - optimizer step 24.938 ms
[INFO   ] DREAMPlace - iteration  595, (  90,  4,  1), Obj 9.093595E+08, NetCrossing 5.691E+01, NetCrossingWeight 1.000000E+01, DensityWeight 1.805824E+02, HPWL 1.702939E+03, Overflow 1.523155E-02, MaxDensity 1.506E+00, MacroOverlap 1.367E-03, MacroOverlapWeight 8.000000E-06, gamma 1.247313E-02, time 6.740ms
[INFO   ] DREAMPlace - full step 32.636 ms
[INFO   ] DREAMPlace - Lsub stopping criteria: 1 and 9.09359e+08 > 8.63172e+08 * 0.999
[DEBUG  ] dreamplace.ops.weighted_average_wirelength.weighted_average_wirelength - wirelength forward 0.140 ms
[DEBUG  ] dreamplace.ops.electric_potential.electric_potential - density forward 5.067 ms
[DEBUG  ] dreamplace.ops.electric_potential.electric_potential - density backward 8.622 ms
[DEBUG  ] dreamplace.ops.weighted_average_wirelength.weighted_average_wirelength - wirelength backward 0.123 ms
[INFO   ] DREAMPlace - optimizer step 22.250 ms
[INFO   ] DREAMPlace - iteration  596, (  90,  5,  0), Obj 9.087596E+08, NetCrossing 5.657E+01, NetCrossingWeight 1.000000E+01, DensityWeight 1.905732E+02, HPWL 1.702553E+03, Overflow 1.525204E-02, MaxDensity 1.506E+00, MacroOverlap 1.368E-03, MacroOverlapWeight 8.000000E-06, gamma 1.247313E-02, time 6.676ms
[INFO   ] DREAMPlace - full step 29.864 ms
[DEBUG  ] dreamplace.ops.weighted_average_wirelength.weighted_average_wirelength - wirelength forward 0.137 ms
[DEBUG  ] dreamplace.ops.electric_potential.electric_potential - density forward 4.905 ms
[DEBUG  ] dreamplace.ops.electric_potential.electric_potential - density backward 8.625 ms
[DEBUG  ] dreamplace.ops.weighted_average_wirelength.weighted_average_wirelength - wirelength backward 0.120 ms
[INFO   ] DREAMPlace - optimizer step 21.955 ms
[INFO   ] DREAMPlace - iteration  597, (  90,  5,  1), Obj 9.574551E+08, NetCrossing 5.642E+01, NetCrossingWeight 1.000000E+01, DensityWeight 1.905732E+02, HPWL 1.702209E+03, Overflow 1.523721E-02, MaxDensity 1.506E+00, MacroOverlap 1.368E-03, MacroOverlapWeight 8.000000E-06, gamma 1.247313E-02, time 6.759ms
[INFO   ] DREAMPlace - full step 29.654 ms
[INFO   ] DREAMPlace - Lsub stopping criteria: 1 and 9.57455e+08 > 9.0876e+08 * 0.999
[DEBUG  ] dreamplace.ops.weighted_average_wirelength.weighted_average_wirelength - wirelength forward 0.140 ms
[DEBUG  ] dreamplace.ops.electric_potential.electric_potential - density forward 5.016 ms
[DEBUG  ] dreamplace.ops.electric_potential.electric_potential - density backward 8.639 ms
[DEBUG  ] dreamplace.ops.weighted_average_wirelength.weighted_average_wirelength - wirelength backward 0.128 ms
[INFO   ] DREAMPlace - optimizer step 22.335 ms
[INFO   ] DREAMPlace - iteration  598, (  90,  6,  0), Obj 9.572697E+08, NetCrossing 5.633E+01, NetCrossingWeight 1.000000E+01, DensityWeight 2.011168E+02, HPWL 1.701926E+03, Overflow 1.527344E-02, MaxDensity 1.506E+00, MacroOverlap 1.369E-03, MacroOverlapWeight 8.000000E-06, gamma 1.247313E-02, time 6.829ms
[INFO   ] DREAMPlace - full step 30.118 ms
[DEBUG  ] dreamplace.ops.weighted_average_wirelength.weighted_average_wirelength - wirelength forward 0.146 ms
[DEBUG  ] dreamplace.ops.electric_potential.electric_potential - density forward 5.071 ms
[DEBUG  ] dreamplace.ops.electric_potential.electric_potential - density backward 8.608 ms
[DEBUG  ] dreamplace.ops.weighted_average_wirelength.weighted_average_wirelength - wirelength backward 0.122 ms
[INFO   ] DREAMPlace - optimizer step 22.392 ms
[INFO   ] DREAMPlace - iteration  599, (  90,  6,  1), Obj 1.008567E+09, NetCrossing 5.627E+01, NetCrossingWeight 1.000000E+01, DensityWeight 2.011168E+02, HPWL 1.701701E+03, Overflow 1.526162E-02, MaxDensity 1.506E+00, MacroOverlap 1.369E-03, MacroOverlapWeight 8.000000E-06, gamma 1.247313E-02, time 6.883ms
[INFO   ] DREAMPlace - full step 30.288 ms
[INFO   ] DREAMPlace - Lsub stopping criteria: 1 and 1.00857e+09 > 9.5727e+08 * 0.999
[DEBUG  ] dreamplace.ops.weighted_average_wirelength.weighted_average_wirelength - wirelength forward 0.143 ms
[DEBUG  ] dreamplace.ops.weighted_average_wirelength.weighted_average_wirelength - wirelength backward 0.113 ms
[DEBUG  ] dreamplace.ops.weighted_average_wirelength.weighted_average_wirelength - wirelength forward 0.138 ms
[DEBUG  ] dreamplace.ops.weighted_average_wirelength.weighted_average_wirelength - wirelength backward 0.106 ms
[DEBUG  ] dreamplace.ops.weighted_average_wirelength.weighted_average_wirelength - wirelength forward 0.115 ms
[DEBUG  ] dreamplace.ops.weighted_average_wirelength.weighted_average_wirelength - wirelength backward 0.106 ms
[DEBUG  ] dreamplace.ops.weighted_average_wirelength.weighted_average_wirelength - wirelength forward 0.116 ms
[DEBUG  ] dreamplace.ops.weighted_average_wirelength.weighted_average_wirelength - wirelength backward 0.105 ms
[DEBUG  ] dreamplace.ops.weighted_average_wirelength.weighted_average_wirelength - wirelength forward 0.114 ms
[DEBUG  ] dreamplace.ops.weighted_average_wirelength.weighted_average_wirelength - wirelength backward 0.106 ms
[DEBUG  ] dreamplace.ops.weighted_average_wirelength.weighted_average_wirelength - wirelength forward 0.089 ms
[DEBUG  ] dreamplace.ops.weighted_average_wirelength.weighted_average_wirelength - wirelength backward 0.106 ms
[DEBUG  ] dreamplace.ops.weighted_average_wirelength.weighted_average_wirelength - wirelength forward 0.088 ms
[DEBUG  ] dreamplace.ops.weighted_average_wirelength.weighted_average_wirelength - wirelength backward 0.106 ms
[DEBUG  ] dreamplace.ops.weighted_average_wirelength.weighted_average_wirelength - wirelength forward 0.089 ms
[DEBUG  ] dreamplace.ops.weighted_average_wirelength.weighted_average_wirelength - wirelength backward 0.106 ms
[DEBUG  ] dreamplace.ops.weighted_average_wirelength.weighted_average_wirelength - wirelength forward 0.088 ms
[DEBUG  ] dreamplace.ops.weighted_average_wirelength.weighted_average_wirelength - wirelength backward 0.095 ms
[DEBUG  ] dreamplace.ops.weighted_average_wirelength.weighted_average_wirelength - wirelength forward 0.088 ms
[DEBUG  ] dreamplace.ops.weighted_average_wirelength.weighted_average_wirelength - wirelength backward 0.104 ms
[DEBUG  ] dreamplace.ops.weighted_average_wirelength.weighted_average_wirelength - wirelength forward 0.089 ms
[DEBUG  ] dreamplace.ops.weighted_average_wirelength.weighted_average_wirelength - wirelength backward 0.105 ms
[DEBUG  ] dreamplace.ops.weighted_average_wirelength.weighted_average_wirelength - wirelength forward 0.089 ms
[DEBUG  ] dreamplace.ops.weighted_average_wirelength.weighted_average_wirelength - wirelength backward 0.104 ms
[DEBUG  ] dreamplace.ops.weighted_average_wirelength.weighted_average_wirelength - wirelength forward 0.088 ms
[DEBUG  ] dreamplace.ops.weighted_average_wirelength.weighted_average_wirelength - wirelength backward 0.102 ms
[DEBUG  ] dreamplace.ops.weighted_average_wirelength.weighted_average_wirelength - wirelength forward 0.089 ms
[DEBUG  ] dreamplace.ops.weighted_average_wirelength.weighted_average_wirelength - wirelength backward 0.103 ms
[DEBUG  ] dreamplace.ops.weighted_average_wirelength.weighted_average_wirelength - wirelength forward 0.090 ms
[DEBUG  ] dreamplace.ops.weighted_average_wirelength.weighted_average_wirelength - wirelength backward 0.106 ms
[DEBUG  ] dreamplace.ops.weighted_average_wirelength.weighted_average_wirelength - wirelength forward 0.088 ms
[DEBUG  ] dreamplace.ops.weighted_average_wirelength.weighted_average_wirelength - wirelength backward 0.118 ms
[DEBUG  ] dreamplace.ops.weighted_average_wirelength.weighted_average_wirelength - wirelength forward 0.090 ms
[DEBUG  ] dreamplace.ops.weighted_average_wirelength.weighted_average_wirelength - wirelength backward 0.119 ms
[DEBUG  ] dreamplace.ops.weighted_average_wirelength.weighted_average_wirelength - wirelength forward 0.089 ms
[DEBUG  ] dreamplace.ops.weighted_average_wirelength.weighted_average_wirelength - wirelength backward 0.105 ms
[DEBUG  ] dreamplace.ops.weighted_average_wirelength.weighted_average_wirelength - wirelength forward 0.089 ms
[DEBUG  ] dreamplace.ops.weighted_average_wirelength.weighted_average_wirelength - wirelength backward 0.105 ms
[DEBUG  ] dreamplace.ops.weighted_average_wirelength.weighted_average_wirelength - wirelength forward 0.090 ms
[DEBUG  ] dreamplace.ops.weighted_average_wirelength.weighted_average_wirelength - wirelength backward 0.107 ms
[DEBUG  ] dreamplace.ops.weighted_average_wirelength.weighted_average_wirelength - wirelength forward 0.088 ms
[DEBUG  ] dreamplace.ops.weighted_average_wirelength.weighted_average_wirelength - wirelength backward 0.100 ms
[DEBUG  ] dreamplace.ops.weighted_average_wirelength.weighted_average_wirelength - wirelength forward 0.088 ms
[DEBUG  ] dreamplace.ops.weighted_average_wirelength.weighted_average_wirelength - wirelength backward 0.105 ms
[DEBUG  ] dreamplace.ops.weighted_average_wirelength.weighted_average_wirelength - wirelength forward 0.088 ms
[DEBUG  ] dreamplace.ops.weighted_average_wirelength.weighted_average_wirelength - wirelength backward 0.104 ms
[DEBUG  ] dreamplace.ops.weighted_average_wirelength.weighted_average_wirelength - wirelength forward 0.088 ms
[DEBUG  ] dreamplace.ops.weighted_average_wirelength.weighted_average_wirelength - wirelength backward 0.113 ms
[DEBUG  ] dreamplace.ops.weighted_average_wirelength.weighted_average_wirelength - wirelength forward 0.091 ms
[DEBUG  ] dreamplace.ops.weighted_average_wirelength.weighted_average_wirelength - wirelength backward 0.087 ms
[DEBUG  ] dreamplace.ops.weighted_average_wirelength.weighted_average_wirelength - wirelength forward 0.094 ms
[DEBUG  ] dreamplace.ops.weighted_average_wirelength.weighted_average_wirelength - wirelength backward 0.081 ms
[DEBUG  ] dreamplace.ops.weighted_average_wirelength.weighted_average_wirelength - wirelength forward 0.089 ms
[DEBUG  ] dreamplace.ops.weighted_average_wirelength.weighted_average_wirelength - wirelength backward 0.078 ms
[DEBUG  ] dreamplace.ops.weighted_average_wirelength.weighted_average_wirelength - wirelength forward 0.089 ms
[DEBUG  ] dreamplace.ops.weighted_average_wirelength.weighted_average_wirelength - wirelength backward 0.081 ms
[DEBUG  ] dreamplace.ops.weighted_average_wirelength.weighted_average_wirelength - wirelength forward 0.089 ms
[DEBUG  ] dreamplace.ops.weighted_average_wirelength.weighted_average_wirelength - wirelength backward 0.079 ms
[DEBUG  ] dreamplace.ops.weighted_average_wirelength.weighted_average_wirelength - wirelength forward 0.089 ms
[DEBUG  ] dreamplace.ops.weighted_average_wirelength.weighted_average_wirelength - wirelength backward 0.079 ms
[DEBUG  ] dreamplace.ops.weighted_average_wirelength.weighted_average_wirelength - wirelength forward 0.088 ms
[DEBUG  ] dreamplace.ops.weighted_average_wirelength.weighted_average_wirelength - wirelength backward 0.114 ms
[DEBUG  ] dreamplace.ops.weighted_average_wirelength.weighted_average_wirelength - wirelength forward 0.089 ms
[DEBUG  ] dreamplace.ops.weighted_average_wirelength.weighted_average_wirelength - wirelength backward 0.108 ms
[DEBUG  ] dreamplace.ops.weighted_average_wirelength.weighted_average_wirelength - wirelength forward 0.088 ms
[DEBUG  ] dreamplace.ops.weighted_average_wirelength.weighted_average_wirelength - wirelength backward 0.107 ms
[DEBUG  ] dreamplace.ops.weighted_average_wirelength.weighted_average_wirelength - wirelength forward 0.089 ms
[DEBUG  ] dreamplace.ops.weighted_average_wirelength.weighted_average_wirelength - wirelength backward 0.106 ms
[DEBUG  ] dreamplace.ops.weighted_average_wirelength.weighted_average_wirelength - wirelength forward 0.088 ms
[DEBUG  ] dreamplace.ops.weighted_average_wirelength.weighted_average_wirelength - wirelength backward 0.107 ms
[DEBUG  ] dreamplace.ops.weighted_average_wirelength.weighted_average_wirelength - wirelength forward 0.089 ms
[DEBUG  ] dreamplace.ops.weighted_average_wirelength.weighted_average_wirelength - wirelength backward 0.106 ms
[DEBUG  ] dreamplace.ops.weighted_average_wirelength.weighted_average_wirelength - wirelength forward 0.089 ms
[DEBUG  ] dreamplace.ops.weighted_average_wirelength.weighted_average_wirelength - wirelength backward 0.107 ms
[DEBUG  ] dreamplace.ops.weighted_average_wirelength.weighted_average_wirelength - wirelength forward 0.089 ms
[DEBUG  ] dreamplace.ops.weighted_average_wirelength.weighted_average_wirelength - wirelength backward 0.105 ms
[DEBUG  ] dreamplace.ops.weighted_average_wirelength.weighted_average_wirelength - wirelength forward 0.089 ms
[DEBUG  ] dreamplace.ops.weighted_average_wirelength.weighted_average_wirelength - wirelength backward 0.106 ms
[DEBUG  ] dreamplace.ops.weighted_average_wirelength.weighted_average_wirelength - wirelength forward 0.091 ms
[DEBUG  ] dreamplace.ops.weighted_average_wirelength.weighted_average_wirelength - wirelength backward 0.115 ms
[DEBUG  ] dreamplace.ops.weighted_average_wirelength.weighted_average_wirelength - wirelength forward 0.100 ms
[DEBUG  ] dreamplace.ops.weighted_average_wirelength.weighted_average_wirelength - wirelength backward 0.118 ms
[DEBUG  ] dreamplace.ops.weighted_average_wirelength.weighted_average_wirelength - wirelength forward 0.089 ms
[DEBUG  ] dreamplace.ops.weighted_average_wirelength.weighted_average_wirelength - wirelength backward 0.107 ms
[DEBUG  ] dreamplace.ops.weighted_average_wirelength.weighted_average_wirelength - wirelength forward 0.089 ms
[DEBUG  ] dreamplace.ops.weighted_average_wirelength.weighted_average_wirelength - wirelength backward 0.104 ms
[DEBUG  ] dreamplace.ops.weighted_average_wirelength.weighted_average_wirelength - wirelength forward 0.089 ms
[DEBUG  ] dreamplace.ops.weighted_average_wirelength.weighted_average_wirelength - wirelength backward 0.104 ms
[DEBUG  ] dreamplace.ops.weighted_average_wirelength.weighted_average_wirelength - wirelength forward 0.091 ms
[DEBUG  ] dreamplace.ops.weighted_average_wirelength.weighted_average_wirelength - wirelength backward 0.106 ms
[DEBUG  ] dreamplace.ops.weighted_average_wirelength.weighted_average_wirelength - wirelength forward 0.089 ms
[DEBUG  ] dreamplace.ops.weighted_average_wirelength.weighted_average_wirelength - wirelength backward 0.104 ms
[DEBUG  ] dreamplace.ops.weighted_average_wirelength.weighted_average_wirelength - wirelength forward 0.088 ms
[DEBUG  ] dreamplace.ops.weighted_average_wirelength.weighted_average_wirelength - wirelength backward 0.106 ms
[DEBUG  ] dreamplace.ops.weighted_average_wirelength.weighted_average_wirelength - wirelength forward 0.089 ms
[DEBUG  ] dreamplace.ops.weighted_average_wirelength.weighted_average_wirelength - wirelength backward 0.105 ms
[DEBUG  ] dreamplace.ops.weighted_average_wirelength.weighted_average_wirelength - wirelength forward 0.089 ms
[DEBUG  ] dreamplace.ops.weighted_average_wirelength.weighted_average_wirelength - wirelength backward 0.106 ms
[DEBUG  ] dreamplace.ops.weighted_average_wirelength.weighted_average_wirelength - wirelength forward 0.090 ms
[DEBUG  ] dreamplace.ops.weighted_average_wirelength.weighted_average_wirelength - wirelength backward 0.106 ms
[DEBUG  ] dreamplace.ops.weighted_average_wirelength.weighted_average_wirelength - wirelength forward 0.090 ms
[DEBUG  ] dreamplace.ops.weighted_average_wirelength.weighted_average_wirelength - wirelength backward 0.107 ms
[DEBUG  ] dreamplace.ops.weighted_average_wirelength.weighted_average_wirelength - wirelength forward 0.089 ms
[DEBUG  ] dreamplace.ops.weighted_average_wirelength.weighted_average_wirelength - wirelength backward 0.106 ms
[DEBUG  ] dreamplace.ops.weighted_average_wirelength.weighted_average_wirelength - wirelength forward 0.090 ms
[DEBUG  ] dreamplace.ops.weighted_average_wirelength.weighted_average_wirelength - wirelength backward 0.107 ms
[DEBUG  ] dreamplace.ops.weighted_average_wirelength.weighted_average_wirelength - wirelength forward 0.089 ms
[DEBUG  ] dreamplace.ops.weighted_average_wirelength.weighted_average_wirelength - wirelength backward 0.104 ms
[DEBUG  ] dreamplace.ops.weighted_average_wirelength.weighted_average_wirelength - wirelength forward 0.088 ms
[DEBUG  ] dreamplace.ops.weighted_average_wirelength.weighted_average_wirelength - wirelength backward 0.105 ms
[DEBUG  ] dreamplace.ops.weighted_average_wirelength.weighted_average_wirelength - wirelength forward 0.089 ms
[DEBUG  ] dreamplace.ops.weighted_average_wirelength.weighted_average_wirelength - wirelength backward 0.105 ms
[DEBUG  ] dreamplace.ops.weighted_average_wirelength.weighted_average_wirelength - wirelength forward 0.090 ms
[DEBUG  ] dreamplace.ops.weighted_average_wirelength.weighted_average_wirelength - wirelength backward 0.107 ms
[DEBUG  ] dreamplace.ops.weighted_average_wirelength.weighted_average_wirelength - wirelength forward 0.089 ms
[DEBUG  ] dreamplace.ops.weighted_average_wirelength.weighted_average_wirelength - wirelength backward 0.105 ms
[DEBUG  ] dreamplace.ops.weighted_average_wirelength.weighted_average_wirelength - wirelength forward 0.088 ms
[DEBUG  ] dreamplace.ops.weighted_average_wirelength.weighted_average_wirelength - wirelength backward 0.105 ms
[DEBUG  ] dreamplace.ops.weighted_average_wirelength.weighted_average_wirelength - wirelength forward 0.088 ms
[DEBUG  ] dreamplace.ops.weighted_average_wirelength.weighted_average_wirelength - wirelength backward 0.106 ms
[DEBUG  ] dreamplace.ops.weighted_average_wirelength.weighted_average_wirelength - wirelength forward 0.089 ms
[DEBUG  ] dreamplace.ops.weighted_average_wirelength.weighted_average_wirelength - wirelength backward 0.106 ms
[DEBUG  ] dreamplace.ops.weighted_average_wirelength.weighted_average_wirelength - wirelength forward 0.098 ms
[DEBUG  ] dreamplace.ops.weighted_average_wirelength.weighted_average_wirelength - wirelength backward 0.106 ms
[DEBUG  ] dreamplace.ops.weighted_average_wirelength.weighted_average_wirelength - wirelength forward 0.089 ms
[DEBUG  ] dreamplace.ops.weighted_average_wirelength.weighted_average_wirelength - wirelength backward 0.105 ms
[DEBUG  ] dreamplace.ops.weighted_average_wirelength.weighted_average_wirelength - wirelength forward 0.089 ms
[DEBUG  ] dreamplace.ops.weighted_average_wirelength.weighted_average_wirelength - wirelength backward 0.107 ms
[DEBUG  ] dreamplace.ops.weighted_average_wirelength.weighted_average_wirelength - wirelength forward 0.090 ms
[DEBUG  ] dreamplace.ops.weighted_average_wirelength.weighted_average_wirelength - wirelength backward 0.108 ms
[INFO   ] DREAMPlace - update best theta
[DEBUG  ] dreamplace.ops.weighted_average_wirelength.weighted_average_wirelength - wirelength forward 0.090 ms
[DEBUG  ] dreamplace.ops.weighted_average_wirelength.weighted_average_wirelength - wirelength backward 0.104 ms
[DEBUG  ] dreamplace.ops.weighted_average_wirelength.weighted_average_wirelength - wirelength forward 0.089 ms
[DEBUG  ] dreamplace.ops.weighted_average_wirelength.weighted_average_wirelength - wirelength backward 0.108 ms
[DEBUG  ] dreamplace.ops.weighted_average_wirelength.weighted_average_wirelength - wirelength forward 0.090 ms
[DEBUG  ] dreamplace.ops.weighted_average_wirelength.weighted_average_wirelength - wirelength backward 0.128 ms
[DEBUG  ] dreamplace.ops.weighted_average_wirelength.weighted_average_wirelength - wirelength forward 0.143 ms
[DEBUG  ] dreamplace.ops.weighted_average_wirelength.weighted_average_wirelength - wirelength backward 0.119 ms
[DEBUG  ] dreamplace.ops.weighted_average_wirelength.weighted_average_wirelength - wirelength forward 0.116 ms
[DEBUG  ] dreamplace.ops.weighted_average_wirelength.weighted_average_wirelength - wirelength backward 0.085 ms
[DEBUG  ] dreamplace.ops.weighted_average_wirelength.weighted_average_wirelength - wirelength forward 0.137 ms
[DEBUG  ] dreamplace.ops.weighted_average_wirelength.weighted_average_wirelength - wirelength backward 0.091 ms
[DEBUG  ] dreamplace.ops.weighted_average_wirelength.weighted_average_wirelength - wirelength forward 0.125 ms
[DEBUG  ] dreamplace.ops.weighted_average_wirelength.weighted_average_wirelength - wirelength backward 0.082 ms
[DEBUG  ] dreamplace.ops.weighted_average_wirelength.weighted_average_wirelength - wirelength forward 0.098 ms
[DEBUG  ] dreamplace.ops.weighted_average_wirelength.weighted_average_wirelength - wirelength backward 0.123 ms
[DEBUG  ] dreamplace.ops.weighted_average_wirelength.weighted_average_wirelength - wirelength forward 0.090 ms
[DEBUG  ] dreamplace.ops.weighted_average_wirelength.weighted_average_wirelength - wirelength backward 0.165 ms
[DEBUG  ] dreamplace.ops.weighted_average_wirelength.weighted_average_wirelength - wirelength forward 0.090 ms
[DEBUG  ] dreamplace.ops.weighted_average_wirelength.weighted_average_wirelength - wirelength backward 0.137 ms
[DEBUG  ] dreamplace.ops.weighted_average_wirelength.weighted_average_wirelength - wirelength forward 0.116 ms
[DEBUG  ] dreamplace.ops.weighted_average_wirelength.weighted_average_wirelength - wirelength backward 0.094 ms
[DEBUG  ] dreamplace.ops.weighted_average_wirelength.weighted_average_wirelength - wirelength forward 0.135 ms
[DEBUG  ] dreamplace.ops.weighted_average_wirelength.weighted_average_wirelength - wirelength backward 0.124 ms
[DEBUG  ] dreamplace.ops.weighted_average_wirelength.weighted_average_wirelength - wirelength forward 0.117 ms
[DEBUG  ] dreamplace.ops.weighted_average_wirelength.weighted_average_wirelength - wirelength backward 0.128 ms
[DEBUG  ] dreamplace.ops.weighted_average_wirelength.weighted_average_wirelength - wirelength forward 0.136 ms
[DEBUG  ] dreamplace.ops.weighted_average_wirelength.weighted_average_wirelength - wirelength backward 0.127 ms
[DEBUG  ] dreamplace.ops.weighted_average_wirelength.weighted_average_wirelength - wirelength forward 0.091 ms
[DEBUG  ] dreamplace.ops.weighted_average_wirelength.weighted_average_wirelength - wirelength backward 0.127 ms
[DEBUG  ] dreamplace.ops.weighted_average_wirelength.weighted_average_wirelength - wirelength forward 0.090 ms
[DEBUG  ] dreamplace.ops.weighted_average_wirelength.weighted_average_wirelength - wirelength backward 0.087 ms
[DEBUG  ] dreamplace.ops.weighted_average_wirelength.weighted_average_wirelength - wirelength forward 0.139 ms
[DEBUG  ] dreamplace.ops.weighted_average_wirelength.weighted_average_wirelength - wirelength backward 0.097 ms
[DEBUG  ] dreamplace.ops.weighted_average_wirelength.weighted_average_wirelength - wirelength forward 0.115 ms
[DEBUG  ] dreamplace.ops.weighted_average_wirelength.weighted_average_wirelength - wirelength backward 0.106 ms
[DEBUG  ] dreamplace.ops.weighted_average_wirelength.weighted_average_wirelength - wirelength forward 0.133 ms
[DEBUG  ] dreamplace.ops.weighted_average_wirelength.weighted_average_wirelength - wirelength backward 0.106 ms
[DEBUG  ] dreamplace.ops.weighted_average_wirelength.weighted_average_wirelength - wirelength forward 0.125 ms
[DEBUG  ] dreamplace.ops.weighted_average_wirelength.weighted_average_wirelength - wirelength backward 0.109 ms
[DEBUG  ] dreamplace.ops.weighted_average_wirelength.weighted_average_wirelength - wirelength forward 0.091 ms
[DEBUG  ] dreamplace.ops.weighted_average_wirelength.weighted_average_wirelength - wirelength backward 0.128 ms
[DEBUG  ] dreamplace.ops.weighted_average_wirelength.weighted_average_wirelength - wirelength forward 0.089 ms
[DEBUG  ] dreamplace.ops.weighted_average_wirelength.weighted_average_wirelength - wirelength backward 0.124 ms
[DEBUG  ] dreamplace.ops.weighted_average_wirelength.weighted_average_wirelength - wirelength forward 0.089 ms
[DEBUG  ] dreamplace.ops.weighted_average_wirelength.weighted_average_wirelength - wirelength backward 0.177 ms
[DEBUG  ] dreamplace.ops.weighted_average_wirelength.weighted_average_wirelength - wirelength forward 0.126 ms
[DEBUG  ] dreamplace.ops.weighted_average_wirelength.weighted_average_wirelength - wirelength backward 0.187 ms
[DEBUG  ] dreamplace.ops.weighted_average_wirelength.weighted_average_wirelength - wirelength forward 0.131 ms
[DEBUG  ] dreamplace.ops.weighted_average_wirelength.weighted_average_wirelength - wirelength backward 0.189 ms
[DEBUG  ] dreamplace.ops.weighted_average_wirelength.weighted_average_wirelength - wirelength forward 0.140 ms
[DEBUG  ] dreamplace.ops.weighted_average_wirelength.weighted_average_wirelength - wirelength backward 0.109 ms
[DEBUG  ] dreamplace.ops.weighted_average_wirelength.weighted_average_wirelength - wirelength forward 0.092 ms
[DEBUG  ] dreamplace.ops.weighted_average_wirelength.weighted_average_wirelength - wirelength backward 0.113 ms
[DEBUG  ] dreamplace.ops.weighted_average_wirelength.weighted_average_wirelength - wirelength forward 0.105 ms
[DEBUG  ] dreamplace.ops.weighted_average_wirelength.weighted_average_wirelength - wirelength backward 0.112 ms
[DEBUG  ] dreamplace.ops.weighted_average_wirelength.weighted_average_wirelength - wirelength forward 0.136 ms
[DEBUG  ] dreamplace.ops.weighted_average_wirelength.weighted_average_wirelength - wirelength backward 0.120 ms
[DEBUG  ] dreamplace.ops.weighted_average_wirelength.weighted_average_wirelength - wirelength forward 0.130 ms
[DEBUG  ] dreamplace.ops.weighted_average_wirelength.weighted_average_wirelength - wirelength backward 0.121 ms
[DEBUG  ] dreamplace.ops.weighted_average_wirelength.weighted_average_wirelength - wirelength forward 0.138 ms
[DEBUG  ] dreamplace.ops.weighted_average_wirelength.weighted_average_wirelength - wirelength backward 0.126 ms
[DEBUG  ] dreamplace.ops.weighted_average_wirelength.weighted_average_wirelength - wirelength forward 0.117 ms
[DEBUG  ] dreamplace.ops.weighted_average_wirelength.weighted_average_wirelength - wirelength backward 0.116 ms
[DEBUG  ] dreamplace.ops.weighted_average_wirelength.weighted_average_wirelength - wirelength forward 0.138 ms
[DEBUG  ] dreamplace.ops.weighted_average_wirelength.weighted_average_wirelength - wirelength backward 0.115 ms
[DEBUG  ] dreamplace.ops.weighted_average_wirelength.weighted_average_wirelength - wirelength forward 0.091 ms
[DEBUG  ] dreamplace.ops.weighted_average_wirelength.weighted_average_wirelength - wirelength backward 0.087 ms
[DEBUG  ] dreamplace.ops.weighted_average_wirelength.weighted_average_wirelength - wirelength forward 0.090 ms
[DEBUG  ] dreamplace.ops.weighted_average_wirelength.weighted_average_wirelength - wirelength backward 0.083 ms
[INFO   ] DREAMPlace - plotting to ./results/tuner-small/small-3/PB310_A00/run-63_0_0/PB310_A00/plot/iter0600.png takes 0.053 seconds
[DEBUG  ] dreamplace.ops.weighted_average_wirelength.weighted_average_wirelength - wirelength forward 0.156 ms
[DEBUG  ] dreamplace.ops.electric_potential.electric_potential - density forward 5.296 ms
[DEBUG  ] dreamplace.ops.electric_potential.electric_potential - density backward 8.592 ms
[DEBUG  ] dreamplace.ops.weighted_average_wirelength.weighted_average_wirelength - wirelength backward 0.121 ms
[INFO   ] DREAMPlace - optimizer step 22.733 ms
[INFO   ] DREAMPlace - iteration  600, (  90,  7,  0), Obj 1.008089E+09, NetCrossing 5.540E+01, NetCrossingWeight 1.000000E+01, DensityWeight 2.122437E+02, HPWL 1.701542E+03, Overflow 1.529544E-02, MaxDensity 1.506E+00, MacroOverlap 1.369E-03, MacroOverlapWeight 8.000000E-06, gamma 1.247313E-02, time 7.245ms
[INFO   ] DREAMPlace - full step 457.731 ms
[DEBUG  ] dreamplace.ops.weighted_average_wirelength.weighted_average_wirelength - wirelength forward 0.142 ms
[DEBUG  ] dreamplace.ops.electric_potential.electric_potential - density forward 4.854 ms
[DEBUG  ] dreamplace.ops.electric_potential.electric_potential - density backward 8.629 ms
[DEBUG  ] dreamplace.ops.weighted_average_wirelength.weighted_average_wirelength - wirelength backward 0.135 ms
[INFO   ] DREAMPlace - optimizer step 22.284 ms
[INFO   ] DREAMPlace - iteration  601, (  90,  7,  1), Obj 1.061786E+09, NetCrossing 5.584E+01, NetCrossingWeight 1.000000E+01, DensityWeight 2.122437E+02, HPWL 1.701458E+03, Overflow 1.528049E-02, MaxDensity 1.506E+00, MacroOverlap 1.369E-03, MacroOverlapWeight 8.000000E-06, gamma 1.247313E-02, time 7.143ms
[INFO   ] DREAMPlace - full step 30.491 ms
[INFO   ] DREAMPlace - Lsub stopping criteria: 1 and 1.06179e+09 > 1.00809e+09 * 0.999
[DEBUG  ] dreamplace.ops.weighted_average_wirelength.weighted_average_wirelength - wirelength forward 0.144 ms
[DEBUG  ] dreamplace.ops.electric_potential.electric_potential - density forward 4.998 ms
[DEBUG  ] dreamplace.ops.electric_potential.electric_potential - density backward 9.856 ms
[DEBUG  ] dreamplace.ops.weighted_average_wirelength.weighted_average_wirelength - wirelength backward 0.107 ms
[INFO   ] DREAMPlace - optimizer step 23.064 ms
[INFO   ] DREAMPlace - iteration  602, (  90,  8,  0), Obj 1.061523E+09, NetCrossing 5.590E+01, NetCrossingWeight 1.000000E+01, DensityWeight 2.239862E+02, HPWL 1.701446E+03, Overflow 1.530323E-02, MaxDensity 1.506E+00, MacroOverlap 1.369E-03, MacroOverlapWeight 8.000000E-06, gamma 1.247313E-02, time 6.891ms
[INFO   ] DREAMPlace - full step 30.939 ms
[DEBUG  ] dreamplace.ops.weighted_average_wirelength.weighted_average_wirelength - wirelength forward 0.145 ms
[DEBUG  ] dreamplace.ops.electric_potential.electric_potential - density forward 5.028 ms
[DEBUG  ] dreamplace.ops.electric_potential.electric_potential - density backward 9.919 ms
[DEBUG  ] dreamplace.ops.weighted_average_wirelength.weighted_average_wirelength - wirelength backward 0.099 ms
[INFO   ] DREAMPlace - optimizer step 23.463 ms
[INFO   ] DREAMPlace - iteration  603, (  90,  8,  1), Obj 1.118539E+09, NetCrossing 5.753E+01, NetCrossingWeight 1.000000E+01, DensityWeight 2.239862E+02, HPWL 1.701532E+03, Overflow 1.530495E-02, MaxDensity 1.506E+00, MacroOverlap 1.368E-03, MacroOverlapWeight 8.000000E-06, gamma 1.247313E-02, time 6.908ms
[INFO   ] DREAMPlace - full step 31.354 ms
[INFO   ] DREAMPlace - Lsub stopping criteria: 1 and 1.11854e+09 > 1.06152e+09 * 0.999
[INFO   ] DREAMPlace - Llambda stopping criteria: 8 and (( 0.0153049 < 0.1 and 1701.53 > 1701.46 ) or 1.50583 < 1.0)
[DEBUG  ] dreamplace.ops.weighted_average_wirelength.weighted_average_wirelength - wirelength forward 0.146 ms
[DEBUG  ] dreamplace.ops.electric_potential.electric_potential - density forward 5.049 ms
[DEBUG  ] dreamplace.ops.electric_potential.electric_potential - density backward 9.918 ms
[DEBUG  ] dreamplace.ops.weighted_average_wirelength.weighted_average_wirelength - wirelength backward 0.136 ms
[INFO   ] DREAMPlace - optimizer step 23.372 ms
[INFO   ] DREAMPlace - iteration  604, (  91,  0,  0), Obj 1.118154E+09, NetCrossing 5.446E+01, NetCrossingWeight 1.000000E+01, DensityWeight 2.412025E+02, HPWL 1.701708E+03, Overflow 1.529729E-02, MaxDensity 1.506E+00, MacroOverlap 1.367E-03, MacroOverlapWeight 8.000000E-06, gamma 1.247635E-02, time 6.862ms
[INFO   ] DREAMPlace - full step 31.195 ms
[DEBUG  ] dreamplace.ops.weighted_average_wirelength.weighted_average_wirelength - wirelength forward 0.146 ms
[DEBUG  ] dreamplace.ops.electric_potential.electric_potential - density forward 5.133 ms
[DEBUG  ] dreamplace.ops.electric_potential.electric_potential - density backward 9.534 ms
[DEBUG  ] dreamplace.ops.weighted_average_wirelength.weighted_average_wirelength - wirelength backward 0.146 ms
[INFO   ] DREAMPlace - optimizer step 23.885 ms
[INFO   ] DREAMPlace - iteration  605, (  91,  0,  1), Obj 1.202089E+09, NetCrossing 5.411E+01, NetCrossingWeight 1.000000E+01, DensityWeight 2.412025E+02, HPWL 1.702009E+03, Overflow 1.531134E-02, MaxDensity 1.506E+00, MacroOverlap 1.365E-03, MacroOverlapWeight 8.000000E-06, gamma 1.247635E-02, time 6.793ms
[INFO   ] DREAMPlace - full step 31.657 ms
[INFO   ] DREAMPlace - Lsub stopping criteria: 1 and 1.20209e+09 > 1.11815e+09 * 0.999
[DEBUG  ] dreamplace.ops.weighted_average_wirelength.weighted_average_wirelength - wirelength forward 0.145 ms
[DEBUG  ] dreamplace.ops.electric_potential.electric_potential - density forward 5.073 ms
[DEBUG  ] dreamplace.ops.electric_potential.electric_potential - density backward 9.223 ms
[DEBUG  ] dreamplace.ops.weighted_average_wirelength.weighted_average_wirelength - wirelength backward 0.121 ms
[INFO   ] DREAMPlace - optimizer step 22.516 ms
[INFO   ] DREAMPlace - iteration  606, (  91,  1,  0), Obj 1.201898E+09, NetCrossing 5.492E+01, NetCrossingWeight 1.000000E+01, DensityWeight 2.597419E+02, HPWL 1.702385E+03, Overflow 1.528259E-02, MaxDensity 1.506E+00, MacroOverlap 1.364E-03, MacroOverlapWeight 8.000000E-06, gamma 1.247635E-02, time 6.823ms
[INFO   ] DREAMPlace - full step 30.307 ms
[DEBUG  ] dreamplace.ops.weighted_average_wirelength.weighted_average_wirelength - wirelength forward 0.143 ms
[DEBUG  ] dreamplace.ops.electric_potential.electric_potential - density forward 5.142 ms
[DEBUG  ] dreamplace.ops.electric_potential.electric_potential - density backward 9.245 ms
[DEBUG  ] dreamplace.ops.weighted_average_wirelength.weighted_average_wirelength - wirelength backward 0.110 ms
[INFO   ] DREAMPlace - optimizer step 22.525 ms
[INFO   ] DREAMPlace - iteration  607, (  91,  1,  1), Obj 1.292170E+09, NetCrossing 5.526E+01, NetCrossingWeight 1.000000E+01, DensityWeight 2.597419E+02, HPWL 1.702878E+03, Overflow 1.529848E-02, MaxDensity 1.506E+00, MacroOverlap 1.362E-03, MacroOverlapWeight 8.000000E-06, gamma 1.247635E-02, time 6.844ms
[INFO   ] DREAMPlace - full step 30.349 ms
[INFO   ] DREAMPlace - Lsub stopping criteria: 1 and 1.29217e+09 > 1.2019e+09 * 0.999
[INFO   ] DREAMPlace - Llambda stopping criteria: 1 and (( 0.0152985 < 0.1 and 1702.88 > 1702.01 ) or 1.50583 < 1.0)
[DEBUG  ] dreamplace.ops.weighted_average_wirelength.weighted_average_wirelength - wirelength forward 0.144 ms
[DEBUG  ] dreamplace.ops.electric_potential.electric_potential - density forward 5.143 ms
[DEBUG  ] dreamplace.ops.electric_potential.electric_potential - density backward 9.857 ms
[DEBUG  ] dreamplace.ops.weighted_average_wirelength.weighted_average_wirelength - wirelength backward 0.147 ms
[INFO   ] DREAMPlace - optimizer step 24.040 ms
[INFO   ] DREAMPlace - iteration  608, (  92,  0,  0), Obj 1.291198E+09, NetCrossing 5.694E+01, NetCrossingWeight 1.000000E+01, DensityWeight 2.797064E+02, HPWL 1.703404E+03, Overflow 1.525935E-02, MaxDensity 1.506E+00, MacroOverlap 1.361E-03, MacroOverlapWeight 8.000000E-06, gamma 1.247593E-02, time 6.973ms
[INFO   ] DREAMPlace - full step 31.978 ms
[DEBUG  ] dreamplace.ops.weighted_average_wirelength.weighted_average_wirelength - wirelength forward 0.149 ms
[DEBUG  ] dreamplace.ops.electric_potential.electric_potential - density forward 5.474 ms
[DEBUG  ] dreamplace.ops.electric_potential.electric_potential - density backward 9.841 ms
[DEBUG  ] dreamplace.ops.weighted_average_wirelength.weighted_average_wirelength - wirelength backward 0.149 ms
[INFO   ] DREAMPlace - optimizer step 24.363 ms
[INFO   ] DREAMPlace - iteration  609, (  92,  0,  1), Obj 1.388644E+09, NetCrossing 5.940E+01, NetCrossingWeight 1.000000E+01, DensityWeight 2.797064E+02, HPWL 1.703994E+03, Overflow 1.525590E-02, MaxDensity 1.506E+00, MacroOverlap 1.360E-03, MacroOverlapWeight 8.000000E-06, gamma 1.247593E-02, time 6.993ms
[INFO   ] DREAMPlace - full step 32.341 ms
[INFO   ] DREAMPlace - Lsub stopping criteria: 1 and 1.38864e+09 > 1.2912e+09 * 0.999
[DEBUG  ] dreamplace.ops.weighted_average_wirelength.weighted_average_wirelength - wirelength forward 0.144 ms
[DEBUG  ] dreamplace.ops.electric_potential.electric_potential - density forward 5.012 ms
[DEBUG  ] dreamplace.ops.electric_potential.electric_potential - density backward 9.249 ms
[DEBUG  ] dreamplace.ops.weighted_average_wirelength.weighted_average_wirelength - wirelength backward 0.097 ms
[INFO   ] DREAMPlace - optimizer step 22.697 ms
[INFO   ] DREAMPlace - iteration  610, (  92,  1,  0), Obj 1.387853E+09, NetCrossing 5.898E+01, NetCrossingWeight 1.000000E+01, DensityWeight 3.012053E+02, HPWL 1.704555E+03, Overflow 1.522166E-02, MaxDensity 1.506E+00, MacroOverlap 1.359E-03, MacroOverlapWeight 8.000000E-06, gamma 1.247593E-02, time 6.957ms
[INFO   ] DREAMPlace - full step 30.626 ms
[DEBUG  ] dreamplace.ops.weighted_average_wirelength.weighted_average_wirelength - wirelength forward 0.142 ms
[DEBUG  ] dreamplace.ops.electric_potential.electric_potential - density forward 4.835 ms
[DEBUG  ] dreamplace.ops.electric_potential.electric_potential - density backward 9.150 ms
[DEBUG  ] dreamplace.ops.weighted_average_wirelength.weighted_average_wirelength - wirelength backward 0.138 ms
[INFO   ] DREAMPlace - optimizer step 22.484 ms
[INFO   ] DREAMPlace - iteration  611, (  92,  1,  1), Obj 1.492737E+09, NetCrossing 5.944E+01, NetCrossingWeight 1.000000E+01, DensityWeight 3.012053E+02, HPWL 1.705191E+03, Overflow 1.520759E-02, MaxDensity 1.506E+00, MacroOverlap 1.358E-03, MacroOverlapWeight 8.000000E-06, gamma 1.247593E-02, time 6.924ms
[INFO   ] DREAMPlace - full step 30.325 ms
[INFO   ] DREAMPlace - Lsub stopping criteria: 1 and 1.49274e+09 > 1.38785e+09 * 0.999
[INFO   ] DREAMPlace - Llambda stopping criteria: 1 and (( 0.0152076 < 0.1 and 1705.19 > 1703.99 ) or 1.50583 < 1.0)
[DEBUG  ] dreamplace.ops.weighted_average_wirelength.weighted_average_wirelength - wirelength forward 0.112 ms
[DEBUG  ] dreamplace.ops.electric_potential.electric_potential - density forward 4.986 ms
[DEBUG  ] dreamplace.ops.electric_potential.electric_potential - density backward 9.156 ms
[DEBUG  ] dreamplace.ops.weighted_average_wirelength.weighted_average_wirelength - wirelength backward 0.167 ms
[INFO   ] DREAMPlace - optimizer step 23.098 ms
[INFO   ] DREAMPlace - iteration  612, (  93,  0,  0), Obj 1.492799E+09, NetCrossing 5.823E+01, NetCrossingWeight 1.000000E+01, DensityWeight 3.243567E+02, HPWL 1.705718E+03, Overflow 1.520250E-02, MaxDensity 1.506E+00, MacroOverlap 1.357E-03, MacroOverlapWeight 8.000000E-06, gamma 1.247013E-02, time 6.134ms
[INFO   ] DREAMPlace - full step 30.221 ms
[DEBUG  ] dreamplace.ops.weighted_average_wirelength.weighted_average_wirelength - wirelength forward 0.153 ms
[DEBUG  ] dreamplace.ops.electric_potential.electric_potential - density forward 5.191 ms
[DEBUG  ] dreamplace.ops.electric_potential.electric_potential - density backward 9.163 ms
[DEBUG  ] dreamplace.ops.weighted_average_wirelength.weighted_average_wirelength - wirelength backward 0.125 ms
[INFO   ] DREAMPlace - optimizer step 26.196 ms
[INFO   ] DREAMPlace - iteration  613, (  93,  0,  1), Obj 1.605335E+09, NetCrossing 5.789E+01, NetCrossingWeight 1.000000E+01, DensityWeight 3.243567E+02, HPWL 1.706216E+03, Overflow 1.517021E-02, MaxDensity 1.506E+00, MacroOverlap 1.357E-03, MacroOverlapWeight 8.000000E-06, gamma 1.247013E-02, time 7.001ms
[INFO   ] DREAMPlace - full step 34.176 ms
[INFO   ] DREAMPlace - Lsub stopping criteria: 1 and 1.60533e+09 > 1.4928e+09 * 0.999
[DEBUG  ] dreamplace.ops.weighted_average_wirelength.weighted_average_wirelength - wirelength forward 0.151 ms
[DEBUG  ] dreamplace.ops.electric_potential.electric_potential - density forward 5.276 ms
[DEBUG  ] dreamplace.ops.electric_potential.electric_potential - density backward 9.196 ms
[DEBUG  ] dreamplace.ops.weighted_average_wirelength.weighted_average_wirelength - wirelength backward 0.132 ms
[INFO   ] DREAMPlace - optimizer step 27.540 ms
[INFO   ] DREAMPlace - iteration  614, (  93,  1,  0), Obj 1.603821E+09, NetCrossing 5.796E+01, NetCrossingWeight 1.000000E+01, DensityWeight 3.492875E+02, HPWL 1.706563E+03, Overflow 1.515911E-02, MaxDensity 1.506E+00, MacroOverlap 1.356E-03, MacroOverlapWeight 8.000000E-06, gamma 1.247013E-02, time 7.319ms
[INFO   ] DREAMPlace - full step 35.782 ms
[DEBUG  ] dreamplace.ops.weighted_average_wirelength.weighted_average_wirelength - wirelength forward 0.132 ms
[DEBUG  ] dreamplace.ops.electric_potential.electric_potential - density forward 5.131 ms
[DEBUG  ] dreamplace.ops.electric_potential.electric_potential - density backward 9.202 ms
[DEBUG  ] dreamplace.ops.weighted_average_wirelength.weighted_average_wirelength - wirelength backward 0.134 ms
[INFO   ] DREAMPlace - optimizer step 23.386 ms
[INFO   ] DREAMPlace - iteration  615, (  93,  1,  1), Obj 1.725397E+09, NetCrossing 5.851E+01, NetCrossingWeight 1.000000E+01, DensityWeight 3.492875E+02, HPWL 1.706899E+03, Overflow 1.510266E-02, MaxDensity 1.506E+00, MacroOverlap 1.356E-03, MacroOverlapWeight 8.000000E-06, gamma 1.247013E-02, time 6.940ms
[INFO   ] DREAMPlace - full step 31.333 ms
[INFO   ] DREAMPlace - Lsub stopping criteria: 1 and 1.7254e+09 > 1.60382e+09 * 0.999
[INFO   ] DREAMPlace - Llambda stopping criteria: 1 and (( 0.0151027 < 0.1 and 1706.9 > 1706.22 ) or 1.50583 < 1.0)
[DEBUG  ] dreamplace.ops.weighted_average_wirelength.weighted_average_wirelength - wirelength forward 0.152 ms
[DEBUG  ] dreamplace.ops.electric_potential.electric_potential - density forward 5.515 ms
[DEBUG  ] dreamplace.ops.electric_potential.electric_potential - density backward 9.127 ms
[DEBUG  ] dreamplace.ops.weighted_average_wirelength.weighted_average_wirelength - wirelength backward 0.128 ms
[INFO   ] DREAMPlace - optimizer step 26.165 ms
[INFO   ] DREAMPlace - iteration  616, (  94,  0,  0), Obj 1.724585E+09, NetCrossing 5.716E+01, NetCrossingWeight 1.000000E+01, DensityWeight 3.761346E+02, HPWL 1.707103E+03, Overflow 1.508889E-02, MaxDensity 1.506E+00, MacroOverlap 1.355E-03, MacroOverlapWeight 8.000000E-06, gamma 1.246344E-02, time 7.218ms
[INFO   ] DREAMPlace - full step 34.521 ms
[DEBUG  ] dreamplace.ops.weighted_average_wirelength.weighted_average_wirelength - wirelength forward 0.124 ms
[DEBUG  ] dreamplace.ops.electric_potential.electric_potential - density forward 31.658 ms
[DEBUG  ] dreamplace.ops.electric_potential.electric_potential - density backward 9.207 ms
[DEBUG  ] dreamplace.ops.weighted_average_wirelength.weighted_average_wirelength - wirelength backward 0.140 ms
[INFO   ] DREAMPlace - optimizer step 49.196 ms
[INFO   ] DREAMPlace - iteration  617, (  94,  0,  1), Obj 1.854272E+09, NetCrossing 5.760E+01, NetCrossingWeight 1.000000E+01, DensityWeight 3.761346E+02, HPWL 1.707384E+03, Overflow 1.503346E-02, MaxDensity 1.506E+00, MacroOverlap 1.354E-03, MacroOverlapWeight 8.000000E-06, gamma 1.246344E-02, time 110.132ms
[INFO   ] DREAMPlace - full step 160.429 ms
[INFO   ] DREAMPlace - Lsub stopping criteria: 1 and 1.85427e+09 > 1.72458e+09 * 0.999
[DEBUG  ] dreamplace.ops.weighted_average_wirelength.weighted_average_wirelength - wirelength forward 0.153 ms
[DEBUG  ] dreamplace.ops.electric_potential.electric_potential - density forward 5.230 ms
[DEBUG  ] dreamplace.ops.electric_potential.electric_potential - density backward 9.190 ms
[DEBUG  ] dreamplace.ops.weighted_average_wirelength.weighted_average_wirelength - wirelength backward 0.166 ms
[INFO   ] DREAMPlace - optimizer step 24.393 ms
[INFO   ] DREAMPlace - iteration  618, (  94,  1,  0), Obj 1.852888E+09, NetCrossing 5.758E+01, NetCrossingWeight 1.000000E+01, DensityWeight 4.050454E+02, HPWL 1.707560E+03, Overflow 1.502575E-02, MaxDensity 1.506E+00, MacroOverlap 1.352E-03, MacroOverlapWeight 8.000000E-06, gamma 1.246344E-02, time 7.145ms
[INFO   ] DREAMPlace - full step 32.616 ms
[DEBUG  ] dreamplace.ops.weighted_average_wirelength.weighted_average_wirelength - wirelength forward 0.159 ms
[DEBUG  ] dreamplace.ops.electric_potential.electric_potential - density forward 5.352 ms
[DEBUG  ] dreamplace.ops.electric_potential.electric_potential - density backward 9.222 ms
[DEBUG  ] dreamplace.ops.weighted_average_wirelength.weighted_average_wirelength - wirelength backward 0.137 ms
[INFO   ] DREAMPlace - optimizer step 24.507 ms
[INFO   ] DREAMPlace - iteration  619, (  94,  1,  1), Obj 1.992924E+09, NetCrossing 5.753E+01, NetCrossingWeight 1.000000E+01, DensityWeight 4.050454E+02, HPWL 1.707677E+03, Overflow 1.496907E-02, MaxDensity 1.506E+00, MacroOverlap 1.350E-03, MacroOverlapWeight 8.000000E-06, gamma 1.246344E-02, time 7.250ms
[INFO   ] DREAMPlace - full step 32.957 ms
[INFO   ] DREAMPlace - Lsub stopping criteria: 1 and 1.99292e+09 > 1.85289e+09 * 0.999
[INFO   ] DREAMPlace - Llambda stopping criteria: 1 and (( 0.0149691 < 0.1 and 1707.68 > 1707.38 ) or 1.50583 < 1.0)
[DEBUG  ] dreamplace.ops.weighted_average_wirelength.weighted_average_wirelength - wirelength forward 0.120 ms
[DEBUG  ] dreamplace.ops.electric_potential.electric_potential - density forward 4.749 ms
[DEBUG  ] dreamplace.ops.electric_potential.electric_potential - density backward 10.210 ms
[DEBUG  ] dreamplace.ops.weighted_average_wirelength.weighted_average_wirelength - wirelength backward 0.122 ms
[INFO   ] DREAMPlace - optimizer step 23.073 ms
[INFO   ] DREAMPlace - iteration  620, (  95,  0,  0), Obj 1.990787E+09, NetCrossing 5.751E+01, NetCrossingWeight 1.000000E+01, DensityWeight 4.361783E+02, HPWL 1.707764E+03, Overflow 1.495333E-02, MaxDensity 1.506E+00, MacroOverlap 1.348E-03, MacroOverlapWeight 8.000000E-06, gamma 1.245493E-02, time 7.455ms
[INFO   ] DREAMPlace - full step 31.657 ms
[DEBUG  ] dreamplace.ops.weighted_average_wirelength.weighted_average_wirelength - wirelength forward 0.118 ms
[DEBUG  ] dreamplace.ops.electric_potential.electric_potential - density forward 4.663 ms
[DEBUG  ] dreamplace.ops.electric_potential.electric_potential - density backward 10.210 ms
[DEBUG  ] dreamplace.ops.weighted_average_wirelength.weighted_average_wirelength - wirelength backward 0.125 ms
[INFO   ] DREAMPlace - optimizer step 23.480 ms
[INFO   ] DREAMPlace - iteration  621, (  95,  0,  1), Obj 2.140321E+09, NetCrossing 5.751E+01, NetCrossingWeight 1.000000E+01, DensityWeight 4.361783E+02, HPWL 1.707769E+03, Overflow 1.488898E-02, MaxDensity 1.506E+00, MacroOverlap 1.345E-03, MacroOverlapWeight 8.000000E-06, gamma 1.245493E-02, time 6.793ms
[INFO   ] DREAMPlace - full step 31.466 ms
[INFO   ] DREAMPlace - Lsub stopping criteria: 1 and 2.14032e+09 > 1.99079e+09 * 0.999
[DEBUG  ] dreamplace.ops.weighted_average_wirelength.weighted_average_wirelength - wirelength forward 0.121 ms
[DEBUG  ] dreamplace.ops.electric_potential.electric_potential - density forward 5.213 ms
[DEBUG  ] dreamplace.ops.electric_potential.electric_potential - density backward 10.850 ms
[DEBUG  ] dreamplace.ops.weighted_average_wirelength.weighted_average_wirelength - wirelength backward 0.144 ms
[INFO   ] DREAMPlace - optimizer step 24.620 ms
[INFO   ] DREAMPlace - iteration  622, (  95,  1,  0), Obj 2.139811E+09, NetCrossing 5.826E+01, NetCrossingWeight 1.000000E+01, DensityWeight 4.697042E+02, HPWL 1.707684E+03, Overflow 1.487766E-02, MaxDensity 1.506E+00, MacroOverlap 1.343E-03, MacroOverlapWeight 8.000000E-06, gamma 1.245493E-02, time 6.321ms
[INFO   ] DREAMPlace - full step 31.929 ms
[DEBUG  ] dreamplace.ops.weighted_average_wirelength.weighted_average_wirelength - wirelength forward 0.160 ms
[DEBUG  ] dreamplace.ops.electric_potential.electric_potential - density forward 5.198 ms
[DEBUG  ] dreamplace.ops.electric_potential.electric_potential - density backward 10.956 ms
[DEBUG  ] dreamplace.ops.weighted_average_wirelength.weighted_average_wirelength - wirelength backward 0.135 ms
[INFO   ] DREAMPlace - optimizer step 26.002 ms
[INFO   ] DREAMPlace - iteration  623, (  95,  1,  1), Obj 2.301776E+09, NetCrossing 5.839E+01, NetCrossingWeight 1.000000E+01, DensityWeight 4.697042E+02, HPWL 1.707473E+03, Overflow 1.482993E-02, MaxDensity 1.506E+00, MacroOverlap 1.341E-03, MacroOverlapWeight 8.000000E-06, gamma 1.245493E-02, time 7.016ms
[INFO   ] DREAMPlace - full step 34.093 ms
[INFO   ] DREAMPlace - Lsub stopping criteria: 1 and 2.30178e+09 > 2.13981e+09 * 0.999
[DEBUG  ] dreamplace.ops.weighted_average_wirelength.weighted_average_wirelength - wirelength forward 0.150 ms
[DEBUG  ] dreamplace.ops.electric_potential.electric_potential - density forward 5.324 ms
[DEBUG  ] dreamplace.ops.electric_potential.electric_potential - density backward 10.869 ms
[DEBUG  ] dreamplace.ops.weighted_average_wirelength.weighted_average_wirelength - wirelength backward 0.103 ms
[INFO   ] DREAMPlace - optimizer step 25.031 ms
[INFO   ] DREAMPlace - iteration  624, (  95,  2,  0), Obj 2.305312E+09, NetCrossing 5.852E+01, NetCrossingWeight 1.000000E+01, DensityWeight 4.956909E+02, HPWL 1.707182E+03, Overflow 1.483455E-02, MaxDensity 1.506E+00, MacroOverlap 1.340E-03, MacroOverlapWeight 8.000000E-06, gamma 1.245493E-02, time 6.956ms
[INFO   ] DREAMPlace - full step 32.960 ms
[DEBUG  ] dreamplace.ops.weighted_average_wirelength.weighted_average_wirelength - wirelength forward 0.145 ms
[DEBUG  ] dreamplace.ops.electric_potential.electric_potential - density forward 5.015 ms
[DEBUG  ] dreamplace.ops.electric_potential.electric_potential - density backward 10.912 ms
[DEBUG  ] dreamplace.ops.weighted_average_wirelength.weighted_average_wirelength - wirelength backward 0.103 ms
[INFO   ] DREAMPlace - optimizer step 25.023 ms
[INFO   ] DREAMPlace - iteration  625, (  95,  2,  1), Obj 2.428135E+09, NetCrossing 5.859E+01, NetCrossingWeight 1.000000E+01, DensityWeight 4.956909E+02, HPWL 1.706785E+03, Overflow 1.483866E-02, MaxDensity 1.506E+00, MacroOverlap 1.339E-03, MacroOverlapWeight 8.000000E-06, gamma 1.245493E-02, time 6.820ms
[INFO   ] DREAMPlace - full step 32.834 ms
[INFO   ] DREAMPlace - Lsub stopping criteria: 1 and 2.42813e+09 > 2.30531e+09 * 0.999
[DEBUG  ] dreamplace.ops.weighted_average_wirelength.weighted_average_wirelength - wirelength forward 0.153 ms
[DEBUG  ] dreamplace.ops.electric_potential.electric_potential - density forward 5.142 ms
[DEBUG  ] dreamplace.ops.electric_potential.electric_potential - density backward 10.862 ms
[DEBUG  ] dreamplace.ops.weighted_average_wirelength.weighted_average_wirelength - wirelength backward 0.126 ms
[INFO   ] DREAMPlace - optimizer step 24.942 ms
[INFO   ] DREAMPlace - iteration  626, (  95,  3,  0), Obj 2.421868E+09, NetCrossing 5.854E+01, NetCrossingWeight 1.000000E+01, DensityWeight 5.231153E+02, HPWL 1.706411E+03, Overflow 1.482062E-02, MaxDensity 1.506E+00, MacroOverlap 1.339E-03, MacroOverlapWeight 8.000000E-06, gamma 1.245493E-02, time 6.990ms
[INFO   ] DREAMPlace - full step 32.980 ms
[DEBUG  ] dreamplace.ops.weighted_average_wirelength.weighted_average_wirelength - wirelength forward 0.148 ms
[DEBUG  ] dreamplace.ops.electric_potential.electric_potential - density forward 5.214 ms
[DEBUG  ] dreamplace.ops.electric_potential.electric_potential - density backward 10.851 ms
[DEBUG  ] dreamplace.ops.weighted_average_wirelength.weighted_average_wirelength - wirelength backward 0.122 ms
[INFO   ] DREAMPlace - optimizer step 24.852 ms
[INFO   ] DREAMPlace - iteration  627, (  95,  3,  1), Obj 2.552189E+09, NetCrossing 5.864E+01, NetCrossingWeight 1.000000E+01, DensityWeight 5.231153E+02, HPWL 1.706083E+03, Overflow 1.484211E-02, MaxDensity 1.506E+00, MacroOverlap 1.339E-03, MacroOverlapWeight 8.000000E-06, gamma 1.245493E-02, time 7.029ms
[INFO   ] DREAMPlace - full step 32.861 ms
[INFO   ] DREAMPlace - Lsub stopping criteria: 1 and 2.55219e+09 > 2.42187e+09 * 0.999
[DEBUG  ] dreamplace.ops.weighted_average_wirelength.weighted_average_wirelength - wirelength forward 0.156 ms
[DEBUG  ] dreamplace.ops.electric_potential.electric_potential - density forward 5.134 ms
[DEBUG  ] dreamplace.ops.electric_potential.electric_potential - density backward 10.881 ms
[DEBUG  ] dreamplace.ops.weighted_average_wirelength.weighted_average_wirelength - wirelength backward 0.126 ms
[INFO   ] DREAMPlace - optimizer step 24.906 ms
[INFO   ] DREAMPlace - iteration  628, (  95,  4,  0), Obj 2.551343E+09, NetCrossing 5.812E+01, NetCrossingWeight 1.000000E+01, DensityWeight 5.520570E+02, HPWL 1.705778E+03, Overflow 1.485427E-02, MaxDensity 1.506E+00, MacroOverlap 1.339E-03, MacroOverlapWeight 8.000000E-06, gamma 1.245493E-02, time 6.800ms
[INFO   ] DREAMPlace - full step 32.748 ms
[DEBUG  ] dreamplace.ops.weighted_average_wirelength.weighted_average_wirelength - wirelength forward 0.150 ms
[DEBUG  ] dreamplace.ops.electric_potential.electric_potential - density forward 5.097 ms
[DEBUG  ] dreamplace.ops.electric_potential.electric_potential - density backward 10.875 ms
[DEBUG  ] dreamplace.ops.weighted_average_wirelength.weighted_average_wirelength - wirelength backward 0.126 ms
[INFO   ] DREAMPlace - optimizer step 24.922 ms
[INFO   ] DREAMPlace - iteration  629, (  95,  4,  1), Obj 2.690550E+09, NetCrossing 5.837E+01, NetCrossingWeight 1.000000E+01, DensityWeight 5.520570E+02, HPWL 1.705494E+03, Overflow 1.485487E-02, MaxDensity 1.506E+00, MacroOverlap 1.340E-03, MacroOverlapWeight 8.000000E-06, gamma 1.245493E-02, time 6.799ms
[INFO   ] DREAMPlace - full step 32.734 ms
[INFO   ] DREAMPlace - Lsub stopping criteria: 1 and 2.69055e+09 > 2.55134e+09 * 0.999
[DEBUG  ] dreamplace.ops.weighted_average_wirelength.weighted_average_wirelength - wirelength forward 0.147 ms
[DEBUG  ] dreamplace.ops.electric_potential.electric_potential - density forward 5.276 ms
[DEBUG  ] dreamplace.ops.electric_potential.electric_potential - density backward 10.884 ms
[DEBUG  ] dreamplace.ops.weighted_average_wirelength.weighted_average_wirelength - wirelength backward 0.126 ms
[INFO   ] DREAMPlace - optimizer step 25.043 ms
[INFO   ] DREAMPlace - iteration  630, (  95,  5,  0), Obj 2.688543E+09, NetCrossing 5.953E+01, NetCrossingWeight 1.000000E+01, DensityWeight 5.825999E+02, HPWL 1.705228E+03, Overflow 1.489122E-02, MaxDensity 1.506E+00, MacroOverlap 1.340E-03, MacroOverlapWeight 8.000000E-06, gamma 1.245493E-02, time 6.925ms
[INFO   ] DREAMPlace - full step 32.959 ms
[DEBUG  ] dreamplace.ops.weighted_average_wirelength.weighted_average_wirelength - wirelength forward 0.145 ms
[DEBUG  ] dreamplace.ops.electric_potential.electric_potential - density forward 5.101 ms
[DEBUG  ] dreamplace.ops.electric_potential.electric_potential - density backward 10.909 ms
[DEBUG  ] dreamplace.ops.weighted_average_wirelength.weighted_average_wirelength - wirelength backward 0.125 ms
[INFO   ] DREAMPlace - optimizer step 24.838 ms
[INFO   ] DREAMPlace - iteration  631, (  95,  5,  1), Obj 2.831704E+09, NetCrossing 5.893E+01, NetCrossingWeight 1.000000E+01, DensityWeight 5.825999E+02, HPWL 1.704991E+03, Overflow 1.491992E-02, MaxDensity 1.506E+00, MacroOverlap 1.341E-03, MacroOverlapWeight 8.000000E-06, gamma 1.245493E-02, time 6.906ms
[INFO   ] DREAMPlace - full step 32.756 ms
[INFO   ] DREAMPlace - Lsub stopping criteria: 1 and 2.8317e+09 > 2.68854e+09 * 0.999
[DEBUG  ] dreamplace.ops.weighted_average_wirelength.weighted_average_wirelength - wirelength forward 0.143 ms
[DEBUG  ] dreamplace.ops.electric_potential.electric_potential - density forward 5.056 ms
[DEBUG  ] dreamplace.ops.electric_potential.electric_potential - density backward 10.856 ms
[DEBUG  ] dreamplace.ops.weighted_average_wirelength.weighted_average_wirelength - wirelength backward 0.125 ms
[INFO   ] DREAMPlace - optimizer step 24.765 ms
[INFO   ] DREAMPlace - iteration  632, (  95,  6,  0), Obj 2.827606E+09, NetCrossing 5.899E+01, NetCrossingWeight 1.000000E+01, DensityWeight 6.148326E+02, HPWL 1.704783E+03, Overflow 1.492363E-02, MaxDensity 1.506E+00, MacroOverlap 1.342E-03, MacroOverlapWeight 8.000000E-06, gamma 1.245493E-02, time 6.913ms
[INFO   ] DREAMPlace - full step 32.681 ms
[DEBUG  ] dreamplace.ops.weighted_average_wirelength.weighted_average_wirelength - wirelength forward 0.145 ms
[DEBUG  ] dreamplace.ops.electric_potential.electric_potential - density forward 5.039 ms
[DEBUG  ] dreamplace.ops.electric_potential.electric_potential - density backward 10.860 ms
[DEBUG  ] dreamplace.ops.weighted_average_wirelength.weighted_average_wirelength - wirelength backward 0.122 ms
[INFO   ] DREAMPlace - optimizer step 24.633 ms
[INFO   ] DREAMPlace - iteration  633, (  95,  6,  1), Obj 2.978833E+09, NetCrossing 6.014E+01, NetCrossingWeight 1.000000E+01, DensityWeight 6.148326E+02, HPWL 1.704630E+03, Overflow 1.492447E-02, MaxDensity 1.506E+00, MacroOverlap 1.342E-03, MacroOverlapWeight 8.000000E-06, gamma 1.245493E-02, time 6.871ms
[INFO   ] DREAMPlace - full step 32.528 ms
[INFO   ] DREAMPlace - Lsub stopping criteria: 1 and 2.97883e+09 > 2.82761e+09 * 0.999
[DEBUG  ] dreamplace.ops.weighted_average_wirelength.weighted_average_wirelength - wirelength forward 0.142 ms
[DEBUG  ] dreamplace.ops.electric_potential.electric_potential - density forward 4.972 ms
[DEBUG  ] dreamplace.ops.electric_potential.electric_potential - density backward 10.177 ms
[DEBUG  ] dreamplace.ops.weighted_average_wirelength.weighted_average_wirelength - wirelength backward 0.122 ms
[INFO   ] DREAMPlace - optimizer step 23.839 ms
[INFO   ] DREAMPlace - iteration  634, (  95,  7,  0), Obj 2.975366E+09, NetCrossing 5.908E+01, NetCrossingWeight 1.000000E+01, DensityWeight 6.488486E+02, HPWL 1.704519E+03, Overflow 1.494735E-02, MaxDensity 1.506E+00, MacroOverlap 1.342E-03, MacroOverlapWeight 8.000000E-06, gamma 1.245493E-02, time 6.757ms
[INFO   ] DREAMPlace - full step 31.558 ms
[DEBUG  ] dreamplace.ops.weighted_average_wirelength.weighted_average_wirelength - wirelength forward 0.139 ms
[DEBUG  ] dreamplace.ops.electric_potential.electric_potential - density forward 4.945 ms
[DEBUG  ] dreamplace.ops.electric_potential.electric_potential - density backward 10.126 ms
[DEBUG  ] dreamplace.ops.weighted_average_wirelength.weighted_average_wirelength - wirelength backward 0.095 ms
[INFO   ] DREAMPlace - optimizer step 23.041 ms
[INFO   ] DREAMPlace - iteration  635, (  95,  7,  1), Obj 3.136463E+09, NetCrossing 5.836E+01, NetCrossingWeight 1.000000E+01, DensityWeight 6.488486E+02, HPWL 1.704461E+03, Overflow 1.496820E-02, MaxDensity 1.451E+00, MacroOverlap 1.343E-03, MacroOverlapWeight 8.000000E-06, gamma 1.245493E-02, time 6.909ms
[INFO   ] DREAMPlace - full step 30.943 ms
[INFO   ] DREAMPlace - Lsub stopping criteria: 1 and 3.13646e+09 > 2.97537e+09 * 0.999
[DEBUG  ] dreamplace.ops.weighted_average_wirelength.weighted_average_wirelength - wirelength forward 0.149 ms
[DEBUG  ] dreamplace.ops.electric_potential.electric_potential - density forward 5.090 ms
[DEBUG  ] dreamplace.ops.electric_potential.electric_potential - density backward 10.174 ms
[DEBUG  ] dreamplace.ops.weighted_average_wirelength.weighted_average_wirelength - wirelength backward 0.128 ms
[INFO   ] DREAMPlace - optimizer step 24.346 ms
[INFO   ] DREAMPlace - iteration  636, (  95,  8,  0), Obj 3.130568E+09, NetCrossing 5.842E+01, NetCrossingWeight 1.000000E+01, DensityWeight 6.847466E+02, HPWL 1.704438E+03, Overflow 1.498669E-02, MaxDensity 1.375E+00, MacroOverlap 1.343E-03, MacroOverlapWeight 8.000000E-06, gamma 1.245493E-02, time 7.028ms
[INFO   ] DREAMPlace - full step 32.360 ms
[DEBUG  ] dreamplace.ops.weighted_average_wirelength.weighted_average_wirelength - wirelength forward 0.153 ms
[DEBUG  ] dreamplace.ops.electric_potential.electric_potential - density forward 5.195 ms
[DEBUG  ] dreamplace.ops.electric_potential.electric_potential - density backward 10.196 ms
[DEBUG  ] dreamplace.ops.weighted_average_wirelength.weighted_average_wirelength - wirelength backward 0.136 ms
[INFO   ] DREAMPlace - optimizer step 24.595 ms
[INFO   ] DREAMPlace - iteration  637, (  95,  8,  1), Obj 3.302669E+09, NetCrossing 5.836E+01, NetCrossingWeight 1.000000E+01, DensityWeight 6.847466E+02, HPWL 1.704443E+03, Overflow 1.500926E-02, MaxDensity 1.326E+00, MacroOverlap 1.344E-03, MacroOverlapWeight 8.000000E-06, gamma 1.245493E-02, time 6.884ms
[INFO   ] DREAMPlace - full step 32.485 ms
[INFO   ] DREAMPlace - Lsub stopping criteria: 1 and 3.30267e+09 > 3.13057e+09 * 0.999
[DEBUG  ] dreamplace.ops.weighted_average_wirelength.weighted_average_wirelength - wirelength forward 0.147 ms
[DEBUG  ] dreamplace.ops.electric_potential.electric_potential - density forward 5.064 ms
[DEBUG  ] dreamplace.ops.electric_potential.electric_potential - density backward 10.174 ms
[DEBUG  ] dreamplace.ops.weighted_average_wirelength.weighted_average_wirelength - wirelength backward 0.135 ms
[INFO   ] DREAMPlace - optimizer step 24.279 ms
[INFO   ] DREAMPlace - iteration  638, (  95,  9,  0), Obj 3.295240E+09, NetCrossing 5.830E+01, NetCrossingWeight 1.000000E+01, DensityWeight 7.226306E+02, HPWL 1.704538E+03, Overflow 1.502405E-02, MaxDensity 1.280E+00, MacroOverlap 1.345E-03, MacroOverlapWeight 8.000000E-06, gamma 1.245493E-02, time 7.111ms
[INFO   ] DREAMPlace - full step 32.373 ms
[DEBUG  ] dreamplace.ops.weighted_average_wirelength.weighted_average_wirelength - wirelength forward 0.148 ms
[DEBUG  ] dreamplace.ops.electric_potential.electric_potential - density forward 5.095 ms
[DEBUG  ] dreamplace.ops.electric_potential.electric_potential - density backward 10.936 ms
[DEBUG  ] dreamplace.ops.weighted_average_wirelength.weighted_average_wirelength - wirelength backward 0.129 ms
[INFO   ] DREAMPlace - optimizer step 25.054 ms
[INFO   ] DREAMPlace - iteration  639, (  95,  9,  1), Obj 3.472767E+09, NetCrossing 5.769E+01, NetCrossingWeight 1.000000E+01, DensityWeight 7.226306E+02, HPWL 1.704752E+03, Overflow 1.503025E-02, MaxDensity 1.229E+00, MacroOverlap 1.346E-03, MacroOverlapWeight 8.000000E-06, gamma 1.245493E-02, time 6.966ms
[INFO   ] DREAMPlace - full step 33.020 ms
[INFO   ] DREAMPlace - Lsub stopping criteria: 1 and 3.47277e+09 > 3.29524e+09 * 0.999
[INFO   ] DREAMPlace - Llambda stopping criteria: 9 and (( 0.0150303 < 0.1 and 1704.75 > 1704.44 ) or 1.22947 < 1.0)
[DEBUG  ] dreamplace.ops.weighted_average_wirelength.weighted_average_wirelength - wirelength forward 0.169 ms
[DEBUG  ] dreamplace.ops.electric_potential.electric_potential - density forward 5.241 ms
[DEBUG  ] dreamplace.ops.electric_potential.electric_potential - density backward 10.919 ms
[DEBUG  ] dreamplace.ops.weighted_average_wirelength.weighted_average_wirelength - wirelength backward 0.123 ms
[INFO   ] DREAMPlace - optimizer step 25.222 ms
[INFO   ] DREAMPlace - iteration  640, (  96,  0,  0), Obj 3.468569E+09, NetCrossing 5.699E+01, NetCrossingWeight 1.000000E+01, DensityWeight 7.781740E+02, HPWL 1.705081E+03, Overflow 1.503927E-02, MaxDensity 1.171E+00, MacroOverlap 1.348E-03, MacroOverlapWeight 8.000000E-06, gamma 1.245882E-02, time 6.980ms
[INFO   ] DREAMPlace - full step 33.214 ms
[DEBUG  ] dreamplace.ops.weighted_average_wirelength.weighted_average_wirelength - wirelength forward 0.145 ms
[DEBUG  ] dreamplace.ops.electric_potential.electric_potential - density forward 5.026 ms
[DEBUG  ] dreamplace.ops.electric_potential.electric_potential - density backward 10.998 ms
[DEBUG  ] dreamplace.ops.weighted_average_wirelength.weighted_average_wirelength - wirelength backward 0.124 ms
[INFO   ] DREAMPlace - optimizer step 25.809 ms
[INFO   ] DREAMPlace - iteration  641, (  96,  0,  1), Obj 3.734457E+09, NetCrossing 5.712E+01, NetCrossingWeight 1.000000E+01, DensityWeight 7.781740E+02, HPWL 1.705429E+03, Overflow 1.506037E-02, MaxDensity 1.182E+00, MacroOverlap 1.349E-03, MacroOverlapWeight 8.000000E-06, gamma 1.245882E-02, time 6.848ms
[INFO   ] DREAMPlace - full step 33.634 ms
[INFO   ] DREAMPlace - Lsub stopping criteria: 1 and 3.73446e+09 > 3.46857e+09 * 0.999
[DEBUG  ] dreamplace.ops.weighted_average_wirelength.weighted_average_wirelength - wirelength forward 0.145 ms
[DEBUG  ] dreamplace.ops.electric_potential.electric_potential - density forward 5.020 ms
[DEBUG  ] dreamplace.ops.electric_potential.electric_potential - density backward 10.929 ms
[DEBUG  ] dreamplace.ops.weighted_average_wirelength.weighted_average_wirelength - wirelength backward 0.129 ms
[INFO   ] DREAMPlace - optimizer step 25.203 ms
[INFO   ] DREAMPlace - iteration  642, (  96,  1,  0), Obj 3.731147E+09, NetCrossing 5.672E+01, NetCrossingWeight 1.000000E+01, DensityWeight 8.379865E+02, HPWL 1.705795E+03, Overflow 1.507869E-02, MaxDensity 1.226E+00, MacroOverlap 1.351E-03, MacroOverlapWeight 8.000000E-06, gamma 1.245882E-02, time 7.087ms
[INFO   ] DREAMPlace - full step 33.277 ms
[DEBUG  ] dreamplace.ops.weighted_average_wirelength.weighted_average_wirelength - wirelength forward 0.147 ms
[DEBUG  ] dreamplace.ops.electric_potential.electric_potential - density forward 5.104 ms
[DEBUG  ] dreamplace.ops.electric_potential.electric_potential - density backward 10.917 ms
[DEBUG  ] dreamplace.ops.weighted_average_wirelength.weighted_average_wirelength - wirelength backward 0.143 ms
[INFO   ] DREAMPlace - optimizer step 25.227 ms
[INFO   ] DREAMPlace - iteration  643, (  96,  1,  1), Obj 4.016439E+09, NetCrossing 5.386E+01, NetCrossingWeight 1.000000E+01, DensityWeight 8.379865E+02, HPWL 1.706218E+03, Overflow 1.508986E-02, MaxDensity 1.228E+00, MacroOverlap 1.352E-03, MacroOverlapWeight 8.000000E-06, gamma 1.245882E-02, time 6.813ms
[INFO   ] DREAMPlace - full step 33.037 ms
[INFO   ] DREAMPlace - Lsub stopping criteria: 1 and 4.01644e+09 > 3.73115e+09 * 0.999
[INFO   ] DREAMPlace - Llambda stopping criteria: 1 and (( 0.0150899 < 0.1 and 1706.22 > 1705.43 ) or 1.22796 < 1.0)
[DEBUG  ] dreamplace.ops.weighted_average_wirelength.weighted_average_wirelength - wirelength forward 0.143 ms
[DEBUG  ] dreamplace.ops.electric_potential.electric_potential - density forward 4.933 ms
[DEBUG  ] dreamplace.ops.electric_potential.electric_potential - density backward 10.361 ms
[DEBUG  ] dreamplace.ops.weighted_average_wirelength.weighted_average_wirelength - wirelength backward 0.100 ms
[INFO   ] DREAMPlace - optimizer step 27.707 ms
[INFO   ] DREAMPlace - iteration  644, (  97,  0,  0), Obj 4.009523E+09, NetCrossing 5.492E+01, NetCrossingWeight 1.000000E+01, DensityWeight 9.023962E+02, HPWL 1.706682E+03, Overflow 1.508428E-02, MaxDensity 1.180E+00, MacroOverlap 1.353E-03, MacroOverlapWeight 8.000000E-06, gamma 1.246262E-02, time 6.962ms
[INFO   ] DREAMPlace - full step 35.652 ms
[DEBUG  ] dreamplace.ops.weighted_average_wirelength.weighted_average_wirelength - wirelength forward 0.141 ms
[DEBUG  ] dreamplace.ops.electric_potential.electric_potential - density forward 4.936 ms
[DEBUG  ] dreamplace.ops.electric_potential.electric_potential - density backward 10.352 ms
[DEBUG  ] dreamplace.ops.weighted_average_wirelength.weighted_average_wirelength - wirelength backward 0.127 ms
[INFO   ] DREAMPlace - optimizer step 23.349 ms
[INFO   ] DREAMPlace - iteration  645, (  97,  0,  1), Obj 4.311281E+09, NetCrossing 5.416E+01, NetCrossingWeight 1.000000E+01, DensityWeight 9.023962E+02, HPWL 1.707253E+03, Overflow 1.509440E-02, MaxDensity 1.123E+00, MacroOverlap 1.355E-03, MacroOverlapWeight 8.000000E-06, gamma 1.246262E-02, time 6.816ms
[INFO   ] DREAMPlace - full step 31.027 ms
[INFO   ] DREAMPlace - Lsub stopping criteria: 1 and 4.31128e+09 > 4.00952e+09 * 0.999
[DEBUG  ] dreamplace.ops.weighted_average_wirelength.weighted_average_wirelength - wirelength forward 0.117 ms
[DEBUG  ] dreamplace.ops.electric_potential.electric_potential - density forward 4.761 ms
[DEBUG  ] dreamplace.ops.electric_potential.electric_potential - density backward 10.377 ms
[DEBUG  ] dreamplace.ops.weighted_average_wirelength.weighted_average_wirelength - wirelength backward 0.108 ms
[INFO   ] DREAMPlace - optimizer step 23.183 ms
[INFO   ] DREAMPlace - iteration  646, (  97,  1,  0), Obj 4.308808E+09, NetCrossing 5.482E+01, NetCrossingWeight 1.000000E+01, DensityWeight 9.717567E+02, HPWL 1.707881E+03, Overflow 1.510625E-02, MaxDensity 1.092E+00, MacroOverlap 1.356E-03, MacroOverlapWeight 8.000000E-06, gamma 1.246262E-02, time 6.366ms
[INFO   ] DREAMPlace - full step 30.566 ms
[DEBUG  ] dreamplace.ops.weighted_average_wirelength.weighted_average_wirelength - wirelength forward 0.115 ms
[DEBUG  ] dreamplace.ops.electric_potential.electric_potential - density forward 4.782 ms
[DEBUG  ] dreamplace.ops.electric_potential.electric_potential - density backward 9.707 ms
[DEBUG  ] dreamplace.ops.weighted_average_wirelength.weighted_average_wirelength - wirelength backward 0.121 ms
[INFO   ] DREAMPlace - optimizer step 21.710 ms
[INFO   ] DREAMPlace - iteration  647, (  97,  1,  1), Obj 4.638494E+09, NetCrossing 5.395E+01, NetCrossingWeight 1.000000E+01, DensityWeight 9.717567E+02, HPWL 1.708548E+03, Overflow 1.508972E-02, MaxDensity 1.116E+00, MacroOverlap 1.358E-03, MacroOverlapWeight 8.000000E-06, gamma 1.246262E-02, time 6.775ms
[INFO   ] DREAMPlace - full step 29.622 ms
[INFO   ] DREAMPlace - Lsub stopping criteria: 1 and 4.63849e+09 > 4.30881e+09 * 0.999
[INFO   ] DREAMPlace - Llambda stopping criteria: 1 and (( 0.0150897 < 0.1 and 1708.55 > 1707.25 ) or 1.11614 < 1.0)
[DEBUG  ] dreamplace.ops.weighted_average_wirelength.weighted_average_wirelength - wirelength forward 0.135 ms
[DEBUG  ] dreamplace.ops.electric_potential.electric_potential - density forward 4.766 ms
[DEBUG  ] dreamplace.ops.electric_potential.electric_potential - density backward 9.702 ms
[DEBUG  ] dreamplace.ops.weighted_average_wirelength.weighted_average_wirelength - wirelength backward 0.121 ms
[INFO   ] DREAMPlace - optimizer step 22.225 ms
[INFO   ] DREAMPlace - iteration  648, (  98,  0,  0), Obj 4.637520E+09, NetCrossing 5.486E+01, NetCrossingWeight 1.000000E+01, DensityWeight 1.046448E+03, HPWL 1.709181E+03, Overflow 1.507491E-02, MaxDensity 1.140E+00, MacroOverlap 1.359E-03, MacroOverlapWeight 8.000000E-06, gamma 1.246262E-02, time 6.721ms
[INFO   ] DREAMPlace - full step 29.795 ms
[DEBUG  ] dreamplace.ops.weighted_average_wirelength.weighted_average_wirelength - wirelength forward 0.103 ms
[DEBUG  ] dreamplace.ops.electric_potential.electric_potential - density forward 4.645 ms
[DEBUG  ] dreamplace.ops.electric_potential.electric_potential - density backward 9.675 ms
[DEBUG  ] dreamplace.ops.weighted_average_wirelength.weighted_average_wirelength - wirelength backward 0.118 ms
[INFO   ] DREAMPlace - optimizer step 21.398 ms
[INFO   ] DREAMPlace - iteration  649, (  98,  0,  1), Obj 4.994634E+09, NetCrossing 5.665E+01, NetCrossingWeight 1.000000E+01, DensityWeight 1.046448E+03, HPWL 1.709790E+03, Overflow 1.509267E-02, MaxDensity 1.139E+00, MacroOverlap 1.361E-03, MacroOverlapWeight 8.000000E-06, gamma 1.246262E-02, time 6.070ms
[INFO   ] DREAMPlace - full step 28.422 ms
[INFO   ] DREAMPlace - Lsub stopping criteria: 1 and 4.99463e+09 > 4.63752e+09 * 0.999
[DEBUG  ] dreamplace.ops.weighted_average_wirelength.weighted_average_wirelength - wirelength forward 0.131 ms
[DEBUG  ] dreamplace.ops.electric_potential.electric_potential - density forward 4.653 ms
[DEBUG  ] dreamplace.ops.electric_potential.electric_potential - density backward 9.965 ms
[DEBUG  ] dreamplace.ops.weighted_average_wirelength.weighted_average_wirelength - wirelength backward 0.118 ms
[INFO   ] DREAMPlace - optimizer step 21.921 ms
[INFO   ] DREAMPlace - iteration  650, (  98,  1,  0), Obj 4.994328E+09, NetCrossing 5.722E+01, NetCrossingWeight 1.000000E+01, DensityWeight 1.126881E+03, HPWL 1.710471E+03, Overflow 1.506991E-02, MaxDensity 1.164E+00, MacroOverlap 1.362E-03, MacroOverlapWeight 8.000000E-06, gamma 1.246262E-02, time 6.621ms
[INFO   ] DREAMPlace - full step 29.466 ms
[DEBUG  ] dreamplace.ops.weighted_average_wirelength.weighted_average_wirelength - wirelength forward 0.104 ms
[DEBUG  ] dreamplace.ops.electric_potential.electric_potential - density forward 4.570 ms
[DEBUG  ] dreamplace.ops.electric_potential.electric_potential - density backward 10.039 ms
[DEBUG  ] dreamplace.ops.weighted_average_wirelength.weighted_average_wirelength - wirelength backward 0.126 ms
[INFO   ] DREAMPlace - optimizer step 22.156 ms
[INFO   ] DREAMPlace - iteration  651, (  98,  1,  1), Obj 5.376897E+09, NetCrossing 5.624E+01, NetCrossingWeight 1.000000E+01, DensityWeight 1.126881E+03, HPWL 1.711093E+03, Overflow 1.505634E-02, MaxDensity 1.097E+00, MacroOverlap 1.363E-03, MacroOverlapWeight 8.000000E-06, gamma 1.246262E-02, time 6.700ms
[INFO   ] DREAMPlace - full step 29.667 ms
[INFO   ] DREAMPlace - Lsub stopping criteria: 1 and 5.3769e+09 > 4.99433e+09 * 0.999
[INFO   ] DREAMPlace - Llambda stopping criteria: 1 and (( 0.0150563 < 0.1 and 1711.09 > 1709.79 ) or 1.09745 < 1.0)
[DEBUG  ] dreamplace.ops.weighted_average_wirelength.weighted_average_wirelength - wirelength forward 0.129 ms
[DEBUG  ] dreamplace.ops.electric_potential.electric_potential - density forward 4.627 ms
[DEBUG  ] dreamplace.ops.electric_potential.electric_potential - density backward 10.037 ms
[DEBUG  ] dreamplace.ops.weighted_average_wirelength.weighted_average_wirelength - wirelength backward 0.126 ms
[INFO   ] DREAMPlace - optimizer step 22.579 ms
[INFO   ] DREAMPlace - iteration  652, (  99,  0,  0), Obj 5.377014E+09, NetCrossing 5.816E+01, NetCrossingWeight 1.000000E+01, DensityWeight 1.213496E+03, HPWL 1.711607E+03, Overflow 1.506796E-02, MaxDensity 1.162E+00, MacroOverlap 1.364E-03, MacroOverlapWeight 8.000000E-06, gamma 1.246049E-02, time 6.577ms
[INFO   ] DREAMPlace - full step 30.029 ms
[DEBUG  ] dreamplace.ops.weighted_average_wirelength.weighted_average_wirelength - wirelength forward 0.108 ms
[DEBUG  ] dreamplace.ops.electric_potential.electric_potential - density forward 4.627 ms
[DEBUG  ] dreamplace.ops.electric_potential.electric_potential - density backward 10.037 ms
[DEBUG  ] dreamplace.ops.weighted_average_wirelength.weighted_average_wirelength - wirelength backward 0.126 ms
[INFO   ] DREAMPlace - optimizer step 22.485 ms
[INFO   ] DREAMPlace - iteration  653, (  99,  0,  1), Obj 5.790645E+09, NetCrossing 5.731E+01, NetCrossingWeight 1.000000E+01, DensityWeight 1.213496E+03, HPWL 1.712188E+03, Overflow 1.503943E-02, MaxDensity 1.156E+00, MacroOverlap 1.365E-03, MacroOverlapWeight 8.000000E-06, gamma 1.246049E-02, time 6.327ms
[INFO   ] DREAMPlace - full step 29.699 ms
[INFO   ] DREAMPlace - Lsub stopping criteria: 1 and 5.79065e+09 > 5.37701e+09 * 0.999
[DEBUG  ] dreamplace.ops.weighted_average_wirelength.weighted_average_wirelength - wirelength forward 0.153 ms
[DEBUG  ] dreamplace.ops.electric_potential.electric_potential - density forward 4.608 ms
[DEBUG  ] dreamplace.ops.electric_potential.electric_potential - density backward 9.979 ms
[DEBUG  ] dreamplace.ops.weighted_average_wirelength.weighted_average_wirelength - wirelength backward 0.113 ms
[INFO   ] DREAMPlace - optimizer step 21.552 ms
[INFO   ] DREAMPlace - iteration  654, (  99,  1,  0), Obj 5.790595E+09, NetCrossing 5.743E+01, NetCrossingWeight 1.000000E+01, DensityWeight 1.306768E+03, HPWL 1.712659E+03, Overflow 1.503674E-02, MaxDensity 1.051E+00, MacroOverlap 1.365E-03, MacroOverlapWeight 8.000000E-06, gamma 1.246049E-02, time 6.593ms
[INFO   ] DREAMPlace - full step 28.973 ms
[DEBUG  ] dreamplace.ops.weighted_average_wirelength.weighted_average_wirelength - wirelength forward 0.109 ms
[DEBUG  ] dreamplace.ops.electric_potential.electric_potential - density forward 4.651 ms
[DEBUG  ] dreamplace.ops.electric_potential.electric_potential - density backward 8.265 ms
[DEBUG  ] dreamplace.ops.weighted_average_wirelength.weighted_average_wirelength - wirelength backward 0.094 ms
[INFO   ] DREAMPlace - optimizer step 20.341 ms
[INFO   ] DREAMPlace - iteration  655, (  99,  1,  1), Obj 6.237400E+09, NetCrossing 5.606E+01, NetCrossingWeight 1.000000E+01, DensityWeight 1.306768E+03, HPWL 1.713090E+03, Overflow 1.499449E-02, MaxDensity 1.136E+00, MacroOverlap 1.365E-03, MacroOverlapWeight 8.000000E-06, gamma 1.246049E-02, time 6.142ms
[INFO   ] DREAMPlace - full step 27.390 ms
[INFO   ] DREAMPlace - Lsub stopping criteria: 1 and 6.2374e+09 > 5.79059e+09 * 0.999
[INFO   ] DREAMPlace - Llambda stopping criteria: 1 and (( 0.0149945 < 0.1 and 1713.09 > 1712.19 ) or 1.13587 < 1.0)
[DEBUG  ] dreamplace.ops.weighted_average_wirelength.weighted_average_wirelength - wirelength forward 0.148 ms
[DEBUG  ] dreamplace.ops.electric_potential.electric_potential - density forward 4.698 ms
[DEBUG  ] dreamplace.ops.electric_potential.electric_potential - density backward 8.282 ms
[DEBUG  ] dreamplace.ops.weighted_average_wirelength.weighted_average_wirelength - wirelength backward 0.124 ms
[INFO   ] DREAMPlace - optimizer step 21.394 ms
[INFO   ] DREAMPlace - iteration  656, ( 100,  0,  0), Obj 6.235046E+09, NetCrossing 5.754E+01, NetCrossingWeight 1.000000E+01, DensityWeight 1.407209E+03, HPWL 1.713449E+03, Overflow 1.498443E-02, MaxDensity 1.124E+00, MacroOverlap 1.364E-03, MacroOverlapWeight 8.000000E-06, gamma 1.245654E-02, time 6.836ms
[INFO   ] DREAMPlace - full step 29.220 ms
[DEBUG  ] dreamplace.ops.weighted_average_wirelength.weighted_average_wirelength - wirelength forward 0.154 ms
[DEBUG  ] dreamplace.ops.electric_potential.electric_potential - density forward 5.054 ms
[DEBUG  ] dreamplace.ops.electric_potential.electric_potential - density backward 8.296 ms
[DEBUG  ] dreamplace.ops.weighted_average_wirelength.weighted_average_wirelength - wirelength backward 0.125 ms
[INFO   ] DREAMPlace - optimizer step 22.393 ms
[INFO   ] DREAMPlace - iteration  657, ( 100,  0,  1), Obj 6.713960E+09, NetCrossing 5.555E+01, NetCrossingWeight 1.000000E+01, DensityWeight 1.407209E+03, HPWL 1.713749E+03, Overflow 1.498960E-02, MaxDensity 1.086E+00, MacroOverlap 1.363E-03, MacroOverlapWeight 8.000000E-06, gamma 1.245654E-02, time 7.044ms
[INFO   ] DREAMPlace - full step 30.462 ms
[INFO   ] DREAMPlace - Lsub stopping criteria: 1 and 6.71396e+09 > 6.23505e+09 * 0.999
[DEBUG  ] dreamplace.ops.weighted_average_wirelength.weighted_average_wirelength - wirelength forward 0.151 ms
[DEBUG  ] dreamplace.ops.electric_potential.electric_potential - density forward 5.132 ms
[DEBUG  ] dreamplace.ops.electric_potential.electric_potential - density backward 7.975 ms
[DEBUG  ] dreamplace.ops.weighted_average_wirelength.weighted_average_wirelength - wirelength backward 0.126 ms
[INFO   ] DREAMPlace - optimizer step 22.214 ms
[INFO   ] DREAMPlace - iteration  658, ( 100,  1,  0), Obj 6.712721E+09, NetCrossing 5.622E+01, NetCrossingWeight 1.000000E+01, DensityWeight 1.515371E+03, HPWL 1.713970E+03, Overflow 1.495668E-02, MaxDensity 1.073E+00, MacroOverlap 1.363E-03, MacroOverlapWeight 8.000000E-06, gamma 1.245654E-02, time 6.955ms
[INFO   ] DREAMPlace - full step 30.181 ms
[DEBUG  ] dreamplace.ops.weighted_average_wirelength.weighted_average_wirelength - wirelength forward 0.155 ms
[DEBUG  ] dreamplace.ops.electric_potential.electric_potential - density forward 5.083 ms
[DEBUG  ] dreamplace.ops.electric_potential.electric_potential - density backward 7.987 ms
[DEBUG  ] dreamplace.ops.weighted_average_wirelength.weighted_average_wirelength - wirelength backward 0.125 ms
[INFO   ] DREAMPlace - optimizer step 21.950 ms
[INFO   ] DREAMPlace - iteration  659, ( 100,  1,  1), Obj 7.227559E+09, NetCrossing 5.589E+01, NetCrossingWeight 1.000000E+01, DensityWeight 1.515371E+03, HPWL 1.714112E+03, Overflow 1.494983E-02, MaxDensity 1.069E+00, MacroOverlap 1.363E-03, MacroOverlapWeight 8.000000E-06, gamma 1.245654E-02, time 6.923ms
[INFO   ] DREAMPlace - full step 29.825 ms
[INFO   ] DREAMPlace - Lsub stopping criteria: 1 and 7.22756e+09 > 6.71272e+09 * 0.999
[INFO   ] DREAMPlace - Llambda stopping criteria: 1 and (( 0.0149498 < 0.1 and 1714.11 > 1713.75 ) or 1.06857 < 1.0)
[DEBUG  ] dreamplace.ops.weighted_average_wirelength.weighted_average_wirelength - wirelength forward 0.172 ms
[DEBUG  ] dreamplace.ops.electric_potential.electric_potential - density forward 5.231 ms
[DEBUG  ] dreamplace.ops.electric_potential.electric_potential - density backward 7.971 ms
[DEBUG  ] dreamplace.ops.weighted_average_wirelength.weighted_average_wirelength - wirelength backward 0.141 ms
[INFO   ] DREAMPlace - optimizer step 22.079 ms
[INFO   ] DREAMPlace - iteration  660, ( 101,  0,  0), Obj 7.227767E+09, NetCrossing 5.677E+01, NetCrossingWeight 1.000000E+01, DensityWeight 1.631847E+03, HPWL 1.714147E+03, Overflow 1.495558E-02, MaxDensity 1.073E+00, MacroOverlap 1.363E-03, MacroOverlapWeight 8.000000E-06, gamma 1.245370E-02, time 6.904ms
[INFO   ] DREAMPlace - full step 29.824 ms
[DEBUG  ] dreamplace.ops.weighted_average_wirelength.weighted_average_wirelength - wirelength forward 0.217 ms
[DEBUG  ] dreamplace.ops.electric_potential.electric_potential - density forward 5.100 ms
[DEBUG  ] dreamplace.ops.electric_potential.electric_potential - density backward 7.984 ms
[DEBUG  ] dreamplace.ops.weighted_average_wirelength.weighted_average_wirelength - wirelength backward 0.126 ms
[INFO   ] DREAMPlace - optimizer step 22.233 ms
[INFO   ] DREAMPlace - iteration  661, ( 101,  0,  1), Obj 7.781358E+09, NetCrossing 5.593E+01, NetCrossingWeight 1.000000E+01, DensityWeight 1.631847E+03, HPWL 1.714095E+03, Overflow 1.494038E-02, MaxDensity 1.109E+00, MacroOverlap 1.363E-03, MacroOverlapWeight 8.000000E-06, gamma 1.245370E-02, time 6.706ms
[INFO   ] DREAMPlace - full step 29.984 ms
[INFO   ] DREAMPlace - Lsub stopping criteria: 1 and 7.78136e+09 > 7.22777e+09 * 0.999
[DEBUG  ] dreamplace.ops.weighted_average_wirelength.weighted_average_wirelength - wirelength forward 0.173 ms
[DEBUG  ] dreamplace.ops.electric_potential.electric_potential - density forward 5.188 ms
[DEBUG  ] dreamplace.ops.electric_potential.electric_potential - density backward 7.974 ms
[DEBUG  ] dreamplace.ops.weighted_average_wirelength.weighted_average_wirelength - wirelength backward 0.128 ms
[INFO   ] DREAMPlace - optimizer step 22.710 ms
[INFO   ] DREAMPlace - iteration  662, ( 101,  1,  0), Obj 7.781244E+09, NetCrossing 5.601E+01, NetCrossingWeight 1.000000E+01, DensityWeight 1.722130E+03, HPWL 1.713949E+03, Overflow 1.491816E-02, MaxDensity 1.134E+00, MacroOverlap 1.363E-03, MacroOverlapWeight 8.000000E-06, gamma 1.245370E-02, time 7.628ms
[INFO   ] DREAMPlace - full step 31.462 ms
[DEBUG  ] dreamplace.ops.weighted_average_wirelength.weighted_average_wirelength - wirelength forward 0.174 ms
[DEBUG  ] dreamplace.ops.electric_potential.electric_potential - density forward 5.311 ms
[DEBUG  ] dreamplace.ops.electric_potential.electric_potential - density backward 7.942 ms
[DEBUG  ] dreamplace.ops.weighted_average_wirelength.weighted_average_wirelength - wirelength backward 0.117 ms
[INFO   ] DREAMPlace - optimizer step 22.222 ms
[INFO   ] DREAMPlace - iteration  663, ( 101,  1,  1), Obj 8.210389E+09, NetCrossing 5.688E+01, NetCrossingWeight 1.000000E+01, DensityWeight 1.722130E+03, HPWL 1.713735E+03, Overflow 1.489675E-02, MaxDensity 1.150E+00, MacroOverlap 1.363E-03, MacroOverlapWeight 8.000000E-06, gamma 1.245370E-02, time 7.790ms
[INFO   ] DREAMPlace - full step 31.136 ms
[INFO   ] DREAMPlace - Lsub stopping criteria: 1 and 8.21039e+09 > 7.78124e+09 * 0.999
[DEBUG  ] dreamplace.ops.weighted_average_wirelength.weighted_average_wirelength - wirelength forward 0.166 ms
[DEBUG  ] dreamplace.ops.electric_potential.electric_potential - density forward 5.355 ms
[DEBUG  ] dreamplace.ops.electric_potential.electric_potential - density backward 7.981 ms
[DEBUG  ] dreamplace.ops.weighted_average_wirelength.weighted_average_wirelength - wirelength backward 0.135 ms
[INFO   ] DREAMPlace - optimizer step 23.013 ms
[INFO   ] DREAMPlace - iteration  664, ( 101,  2,  0), Obj 8.210365E+09, NetCrossing 5.603E+01, NetCrossingWeight 1.000000E+01, DensityWeight 1.817408E+03, HPWL 1.713450E+03, Overflow 1.488303E-02, MaxDensity 1.149E+00, MacroOverlap 1.364E-03, MacroOverlapWeight 8.000000E-06, gamma 1.245370E-02, time 7.227ms
[INFO   ] DREAMPlace - full step 31.341 ms
[DEBUG  ] dreamplace.ops.weighted_average_wirelength.weighted_average_wirelength - wirelength forward 0.165 ms
[DEBUG  ] dreamplace.ops.electric_potential.electric_potential - density forward 5.372 ms
[DEBUG  ] dreamplace.ops.electric_potential.electric_potential - density backward 7.945 ms
[DEBUG  ] dreamplace.ops.weighted_average_wirelength.weighted_average_wirelength - wirelength backward 0.105 ms
[INFO   ] DREAMPlace - optimizer step 22.585 ms
[INFO   ] DREAMPlace - iteration  665, ( 101,  2,  1), Obj 8.662144E+09, NetCrossing 5.684E+01, NetCrossingWeight 1.000000E+01, DensityWeight 1.817408E+03, HPWL 1.713118E+03, Overflow 1.487758E-02, MaxDensity 1.137E+00, MacroOverlap 1.364E-03, MacroOverlapWeight 8.000000E-06, gamma 1.245370E-02, time 7.385ms
[INFO   ] DREAMPlace - full step 31.090 ms
[INFO   ] DREAMPlace - Lsub stopping criteria: 1 and 8.66214e+09 > 8.21036e+09 * 0.999
[DEBUG  ] dreamplace.ops.weighted_average_wirelength.weighted_average_wirelength - wirelength forward 0.194 ms
[DEBUG  ] dreamplace.ops.electric_potential.electric_potential - density forward 5.783 ms
[DEBUG  ] dreamplace.ops.electric_potential.electric_potential - density backward 8.043 ms
[DEBUG  ] dreamplace.ops.weighted_average_wirelength.weighted_average_wirelength - wirelength backward 0.098 ms
[INFO   ] DREAMPlace - optimizer step 23.446 ms
[INFO   ] DREAMPlace - iteration  666, ( 101,  3,  0), Obj 8.661058E+09, NetCrossing 5.494E+01, NetCrossingWeight 1.000000E+01, DensityWeight 1.917957E+03, HPWL 1.712742E+03, Overflow 1.487536E-02, MaxDensity 1.117E+00, MacroOverlap 1.365E-03, MacroOverlapWeight 8.000000E-06, gamma 1.245370E-02, time 8.227ms
[INFO   ] DREAMPlace - full step 32.798 ms
[DEBUG  ] dreamplace.ops.weighted_average_wirelength.weighted_average_wirelength - wirelength forward 0.147 ms
[DEBUG  ] dreamplace.ops.electric_potential.electric_potential - density forward 5.180 ms
[DEBUG  ] dreamplace.ops.electric_potential.electric_potential - density backward 8.012 ms
[DEBUG  ] dreamplace.ops.weighted_average_wirelength.weighted_average_wirelength - wirelength backward 0.149 ms
[INFO   ] DREAMPlace - optimizer step 22.622 ms
[INFO   ] DREAMPlace - iteration  667, ( 101,  3,  1), Obj 9.132180E+09, NetCrossing 5.563E+01, NetCrossingWeight 1.000000E+01, DensityWeight 1.917957E+03, HPWL 1.712335E+03, Overflow 1.487198E-02, MaxDensity 1.091E+00, MacroOverlap 1.365E-03, MacroOverlapWeight 8.000000E-06, gamma 1.245370E-02, time 6.934ms
[INFO   ] DREAMPlace - full step 30.583 ms
[INFO   ] DREAMPlace - Lsub stopping criteria: 1 and 9.13218e+09 > 8.66106e+09 * 0.999
[DEBUG  ] dreamplace.ops.weighted_average_wirelength.weighted_average_wirelength - wirelength forward 0.149 ms
[DEBUG  ] dreamplace.ops.electric_potential.electric_potential - density forward 5.072 ms
[DEBUG  ] dreamplace.ops.electric_potential.electric_potential - density backward 7.921 ms
[DEBUG  ] dreamplace.ops.weighted_average_wirelength.weighted_average_wirelength - wirelength backward 0.101 ms
[INFO   ] DREAMPlace - optimizer step 21.016 ms
[INFO   ] DREAMPlace - iteration  668, ( 101,  4,  0), Obj 9.125897E+09, NetCrossing 5.577E+01, NetCrossingWeight 1.000000E+01, DensityWeight 2.024069E+03, HPWL 1.711913E+03, Overflow 1.485816E-02, MaxDensity 1.061E+00, MacroOverlap 1.366E-03, MacroOverlapWeight 8.000000E-06, gamma 1.245370E-02, time 6.932ms
[INFO   ] DREAMPlace - full step 28.969 ms
[DEBUG  ] dreamplace.ops.weighted_average_wirelength.weighted_average_wirelength - wirelength forward 0.167 ms
[DEBUG  ] dreamplace.ops.electric_potential.electric_potential - density forward 5.258 ms
[DEBUG  ] dreamplace.ops.electric_potential.electric_potential - density backward 7.959 ms
[DEBUG  ] dreamplace.ops.weighted_average_wirelength.weighted_average_wirelength - wirelength backward 0.124 ms
[INFO   ] DREAMPlace - optimizer step 22.057 ms
[INFO   ] DREAMPlace - iteration  669, ( 101,  4,  1), Obj 9.620258E+09, NetCrossing 5.578E+01, NetCrossingWeight 1.000000E+01, DensityWeight 2.024069E+03, HPWL 1.711511E+03, Overflow 1.486295E-02, MaxDensity 1.029E+00, MacroOverlap 1.366E-03, MacroOverlapWeight 8.000000E-06, gamma 1.245370E-02, time 7.090ms
[INFO   ] DREAMPlace - full step 30.132 ms
[INFO   ] DREAMPlace - Lsub stopping criteria: 1 and 9.62026e+09 > 9.1259e+09 * 0.999
[DEBUG  ] dreamplace.ops.weighted_average_wirelength.weighted_average_wirelength - wirelength forward 0.144 ms
[DEBUG  ] dreamplace.ops.electric_potential.electric_potential - density forward 5.018 ms
[DEBUG  ] dreamplace.ops.electric_potential.electric_potential - density backward 7.947 ms
[DEBUG  ] dreamplace.ops.weighted_average_wirelength.weighted_average_wirelength - wirelength backward 0.132 ms
[INFO   ] DREAMPlace - optimizer step 21.864 ms
[INFO   ] DREAMPlace - iteration  670, ( 101,  5,  0), Obj 9.621773E+09, NetCrossing 5.580E+01, NetCrossingWeight 1.000000E+01, DensityWeight 2.136052E+03, HPWL 1.711189E+03, Overflow 1.489239E-02, MaxDensity 1.004E+00, MacroOverlap 1.366E-03, MacroOverlapWeight 8.000000E-06, gamma 1.245370E-02, time 6.821ms
[INFO   ] DREAMPlace - full step 29.684 ms
[DEBUG  ] dreamplace.ops.weighted_average_wirelength.weighted_average_wirelength - wirelength forward 0.150 ms
[DEBUG  ] dreamplace.ops.electric_potential.electric_potential - density forward 5.093 ms
[DEBUG  ] dreamplace.ops.electric_potential.electric_potential - density backward 7.974 ms
[DEBUG  ] dreamplace.ops.weighted_average_wirelength.weighted_average_wirelength - wirelength backward 0.128 ms
[INFO   ] DREAMPlace - optimizer step 22.672 ms
[INFO   ] DREAMPlace - iteration  671, ( 101,  5,  1), Obj 1.014009E+10, NetCrossing 5.528E+01, NetCrossingWeight 1.000000E+01, DensityWeight 2.136052E+03, HPWL 1.710914E+03, Overflow 1.491585E-02, MaxDensity 1.004E+00, MacroOverlap 1.366E-03, MacroOverlapWeight 8.000000E-06, gamma 1.245370E-02, time 7.034ms
[INFO   ] DREAMPlace - full step 30.721 ms
[INFO   ] DREAMPlace - Lsub stopping criteria: 1 and 1.01401e+10 > 9.62177e+09 * 0.999
[DEBUG  ] dreamplace.ops.weighted_average_wirelength.weighted_average_wirelength - wirelength forward 0.154 ms
[DEBUG  ] dreamplace.ops.electric_potential.electric_potential - density forward 7.013 ms
[DEBUG  ] dreamplace.ops.electric_potential.electric_potential - density backward 8.011 ms
[DEBUG  ] dreamplace.ops.weighted_average_wirelength.weighted_average_wirelength - wirelength backward 0.129 ms
[INFO   ] DREAMPlace - optimizer step 24.046 ms
[INFO   ] DREAMPlace - iteration  672, ( 101,  6,  0), Obj 1.012841E+10, NetCrossing 5.494E+01, NetCrossingWeight 1.000000E+01, DensityWeight 2.254230E+03, HPWL 1.710661E+03, Overflow 1.490466E-02, MaxDensity 1.004E+00, MacroOverlap 1.366E-03, MacroOverlapWeight 8.000000E-06, gamma 1.245370E-02, time 6.772ms
[INFO   ] DREAMPlace - full step 31.682 ms
[DEBUG  ] dreamplace.ops.weighted_average_wirelength.weighted_average_wirelength - wirelength forward 0.189 ms
[DEBUG  ] dreamplace.ops.electric_potential.electric_potential - density forward 5.223 ms
[DEBUG  ] dreamplace.ops.electric_potential.electric_potential - density backward 8.024 ms
[DEBUG  ] dreamplace.ops.weighted_average_wirelength.weighted_average_wirelength - wirelength backward 0.131 ms
[INFO   ] DREAMPlace - optimizer step 22.550 ms
[INFO   ] DREAMPlace - iteration  673, ( 101,  6,  1), Obj 1.067888E+10, NetCrossing 5.494E+01, NetCrossingWeight 1.000000E+01, DensityWeight 2.254230E+03, HPWL 1.710392E+03, Overflow 1.490696E-02, MaxDensity 1.004E+00, MacroOverlap 1.366E-03, MacroOverlapWeight 8.000000E-06, gamma 1.245370E-02, time 6.829ms
[INFO   ] DREAMPlace - full step 30.206 ms
[INFO   ] DREAMPlace - Lsub stopping criteria: 1 and 1.06789e+10 > 1.01284e+10 * 0.999
[DEBUG  ] dreamplace.ops.weighted_average_wirelength.weighted_average_wirelength - wirelength forward 0.166 ms
[DEBUG  ] dreamplace.ops.electric_potential.electric_potential - density forward 4.680 ms
[DEBUG  ] dreamplace.ops.electric_potential.electric_potential - density backward 9.173 ms
[DEBUG  ] dreamplace.ops.weighted_average_wirelength.weighted_average_wirelength - wirelength backward 0.131 ms
[INFO   ] DREAMPlace - optimizer step 22.664 ms
[INFO   ] DREAMPlace - iteration  674, ( 101,  7,  0), Obj 1.067577E+10, NetCrossing 5.486E+01, NetCrossingWeight 1.000000E+01, DensityWeight 2.378947E+03, HPWL 1.710127E+03, Overflow 1.493861E-02, MaxDensity 1.004E+00, MacroOverlap 1.365E-03, MacroOverlapWeight 8.000000E-06, gamma 1.245370E-02, time 7.193ms
[INFO   ] DREAMPlace - full step 30.988 ms
[DEBUG  ] dreamplace.ops.weighted_average_wirelength.weighted_average_wirelength - wirelength forward 0.117 ms
[DEBUG  ] dreamplace.ops.electric_potential.electric_potential - density forward 5.032 ms
[DEBUG  ] dreamplace.ops.electric_potential.electric_potential - density backward 9.169 ms
[DEBUG  ] dreamplace.ops.weighted_average_wirelength.weighted_average_wirelength - wirelength backward 0.129 ms
[INFO   ] DREAMPlace - optimizer step 22.039 ms
[INFO   ] DREAMPlace - iteration  675, ( 101,  7,  1), Obj 1.126261E+10, NetCrossing 5.446E+01, NetCrossingWeight 1.000000E+01, DensityWeight 2.378947E+03, HPWL 1.709897E+03, Overflow 1.492967E-02, MaxDensity 1.004E+00, MacroOverlap 1.365E-03, MacroOverlapWeight 8.000000E-06, gamma 1.245370E-02, time 6.702ms
[INFO   ] DREAMPlace - full step 29.794 ms
[INFO   ] DREAMPlace - Lsub stopping criteria: 1 and 1.12626e+10 > 1.06758e+10 * 0.999
[DEBUG  ] dreamplace.ops.weighted_average_wirelength.weighted_average_wirelength - wirelength forward 0.155 ms
[DEBUG  ] dreamplace.ops.electric_potential.electric_potential - density forward 5.119 ms
[DEBUG  ] dreamplace.ops.electric_potential.electric_potential - density backward 9.191 ms
[DEBUG  ] dreamplace.ops.weighted_average_wirelength.weighted_average_wirelength - wirelength backward 0.124 ms
[INFO   ] DREAMPlace - optimizer step 23.476 ms
[INFO   ] DREAMPlace - iteration  676, ( 101,  8,  0), Obj 1.125767E+10, NetCrossing 5.405E+01, NetCrossingWeight 1.000000E+01, DensityWeight 2.510564E+03, HPWL 1.709726E+03, Overflow 1.495375E-02, MaxDensity 1.022E+00, MacroOverlap 1.364E-03, MacroOverlapWeight 8.000000E-06, gamma 1.245370E-02, time 7.034ms
[INFO   ] DREAMPlace - full step 31.565 ms
[DEBUG  ] dreamplace.ops.weighted_average_wirelength.weighted_average_wirelength - wirelength forward 0.160 ms
[DEBUG  ] dreamplace.ops.electric_potential.electric_potential - density forward 5.131 ms
[DEBUG  ] dreamplace.ops.electric_potential.electric_potential - density backward 9.190 ms
[DEBUG  ] dreamplace.ops.weighted_average_wirelength.weighted_average_wirelength - wirelength backward 0.127 ms
[INFO   ] DREAMPlace - optimizer step 23.453 ms
[INFO   ] DREAMPlace - iteration  677, ( 101,  8,  1), Obj 1.187482E+10, NetCrossing 5.703E+01, NetCrossingWeight 1.000000E+01, DensityWeight 2.510564E+03, HPWL 1.709612E+03, Overflow 1.498779E-02, MaxDensity 1.052E+00, MacroOverlap 1.363E-03, MacroOverlapWeight 8.000000E-06, gamma 1.245370E-02, time 7.111ms
[INFO   ] DREAMPlace - full step 31.578 ms
[INFO   ] DREAMPlace - Lsub stopping criteria: 1 and 1.18748e+10 > 1.12577e+10 * 0.999
[DEBUG  ] dreamplace.ops.weighted_average_wirelength.weighted_average_wirelength - wirelength forward 0.114 ms
[DEBUG  ] dreamplace.ops.electric_potential.electric_potential - density forward 4.765 ms
[DEBUG  ] dreamplace.ops.electric_potential.electric_potential - density backward 9.174 ms
[DEBUG  ] dreamplace.ops.weighted_average_wirelength.weighted_average_wirelength - wirelength backward 0.122 ms
[INFO   ] DREAMPlace - optimizer step 22.252 ms
[INFO   ] DREAMPlace - iteration  678, ( 101,  9,  0), Obj 1.187134E+10, NetCrossing 5.691E+01, NetCrossingWeight 1.000000E+01, DensityWeight 2.649462E+03, HPWL 1.709553E+03, Overflow 1.497838E-02, MaxDensity 1.081E+00, MacroOverlap 1.362E-03, MacroOverlapWeight 8.000000E-06, gamma 1.245370E-02, time 6.592ms
[INFO   ] DREAMPlace - full step 29.833 ms
[DEBUG  ] dreamplace.ops.weighted_average_wirelength.weighted_average_wirelength - wirelength forward 0.147 ms
[DEBUG  ] dreamplace.ops.electric_potential.electric_potential - density forward 6.673 ms
[DEBUG  ] dreamplace.ops.electric_potential.electric_potential - density backward 10.030 ms
[DEBUG  ] dreamplace.ops.weighted_average_wirelength.weighted_average_wirelength - wirelength backward 0.134 ms
[INFO   ] DREAMPlace - optimizer step 25.804 ms
[INFO   ] DREAMPlace - iteration  679, ( 101,  9,  1), Obj 1.252760E+10, NetCrossing 5.726E+01, NetCrossingWeight 1.000000E+01, DensityWeight 2.649462E+03, HPWL 1.709497E+03, Overflow 1.501179E-02, MaxDensity 1.102E+00, MacroOverlap 1.361E-03, MacroOverlapWeight 8.000000E-06, gamma 1.245370E-02, time 6.827ms
[INFO   ] DREAMPlace - full step 33.651 ms
[INFO   ] DREAMPlace - Lsub stopping criteria: 1 and 1.25276e+10 > 1.18713e+10 * 0.999
[DEBUG  ] dreamplace.ops.weighted_average_wirelength.weighted_average_wirelength - wirelength forward 0.149 ms
[DEBUG  ] dreamplace.ops.electric_potential.electric_potential - density forward 5.195 ms
[DEBUG  ] dreamplace.ops.electric_potential.electric_potential - density backward 9.959 ms
[DEBUG  ] dreamplace.ops.weighted_average_wirelength.weighted_average_wirelength - wirelength backward 0.154 ms
[INFO   ] DREAMPlace - optimizer step 23.899 ms
[INFO   ] DREAMPlace - iteration  680, ( 102,  0,  0), Obj 1.252694E+10, NetCrossing 5.676E+01, NetCrossingWeight 1.000000E+01, DensityWeight 2.796046E+03, HPWL 1.709464E+03, Overflow 1.502330E-02, MaxDensity 1.123E+00, MacroOverlap 1.360E-03, MacroOverlapWeight 8.000000E-06, gamma 1.245765E-02, time 6.970ms
[INFO   ] DREAMPlace - full step 31.943 ms
[DEBUG  ] dreamplace.ops.weighted_average_wirelength.weighted_average_wirelength - wirelength forward 0.173 ms
[DEBUG  ] dreamplace.ops.electric_potential.electric_potential - density forward 5.101 ms
[DEBUG  ] dreamplace.ops.electric_potential.electric_potential - density backward 9.897 ms
[DEBUG  ] dreamplace.ops.weighted_average_wirelength.weighted_average_wirelength - wirelength backward 0.131 ms
[INFO   ] DREAMPlace - optimizer step 25.827 ms
[INFO   ] DREAMPlace - iteration  681, ( 102,  0,  1), Obj 1.321604E+10, NetCrossing 5.658E+01, NetCrossingWeight 1.000000E+01, DensityWeight 2.796046E+03, HPWL 1.709435E+03, Overflow 1.500476E-02, MaxDensity 1.137E+00, MacroOverlap 1.359E-03, MacroOverlapWeight 8.000000E-06, gamma 1.245765E-02, time 7.183ms
[INFO   ] DREAMPlace - full step 34.132 ms
[INFO   ] DREAMPlace - Lsub stopping criteria: 1 and 1.3216e+10 > 1.25269e+10 * 0.999
[DEBUG  ] dreamplace.ops.weighted_average_wirelength.weighted_average_wirelength - wirelength forward 0.122 ms
[DEBUG  ] dreamplace.ops.electric_potential.electric_potential - density forward 5.195 ms
[DEBUG  ] dreamplace.ops.electric_potential.electric_potential - density backward 9.967 ms
[DEBUG  ] dreamplace.ops.weighted_average_wirelength.weighted_average_wirelength - wirelength backward 0.128 ms
[INFO   ] DREAMPlace - optimizer step 23.807 ms
[INFO   ] DREAMPlace - iteration  682, ( 102,  1,  0), Obj 1.321600E+10, NetCrossing 5.660E+01, NetCrossingWeight 1.000000E+01, DensityWeight 2.950739E+03, HPWL 1.709428E+03, Overflow 1.501314E-02, MaxDensity 1.147E+00, MacroOverlap 1.358E-03, MacroOverlapWeight 8.000000E-06, gamma 1.245765E-02, time 6.455ms
[INFO   ] DREAMPlace - full step 31.092 ms
[DEBUG  ] dreamplace.ops.weighted_average_wirelength.weighted_average_wirelength - wirelength forward 0.177 ms
[DEBUG  ] dreamplace.ops.electric_potential.electric_potential - density forward 5.167 ms
[DEBUG  ] dreamplace.ops.electric_potential.electric_potential - density backward 9.964 ms
[DEBUG  ] dreamplace.ops.weighted_average_wirelength.weighted_average_wirelength - wirelength backward 0.097 ms
[INFO   ] DREAMPlace - optimizer step 24.264 ms
[INFO   ] DREAMPlace - iteration  683, ( 102,  1,  1), Obj 1.394770E+10, NetCrossing 5.702E+01, NetCrossingWeight 1.000000E+01, DensityWeight 2.950739E+03, HPWL 1.709433E+03, Overflow 1.503530E-02, MaxDensity 1.158E+00, MacroOverlap 1.358E-03, MacroOverlapWeight 8.000000E-06, gamma 1.245765E-02, time 7.754ms
[INFO   ] DREAMPlace - full step 32.970 ms
[INFO   ] DREAMPlace - Lsub stopping criteria: 1 and 1.39477e+10 > 1.3216e+10 * 0.999
[DEBUG  ] dreamplace.ops.weighted_average_wirelength.weighted_average_wirelength - wirelength forward 0.149 ms
[DEBUG  ] dreamplace.ops.electric_potential.electric_potential - density forward 5.067 ms
[DEBUG  ] dreamplace.ops.electric_potential.electric_potential - density backward 9.894 ms
[DEBUG  ] dreamplace.ops.weighted_average_wirelength.weighted_average_wirelength - wirelength backward 0.148 ms
[INFO   ] DREAMPlace - optimizer step 23.432 ms
[INFO   ] DREAMPlace - iteration  684, ( 102,  2,  0), Obj 1.394954E+10, NetCrossing 5.654E+01, NetCrossingWeight 1.000000E+01, DensityWeight 3.113990E+03, HPWL 1.709421E+03, Overflow 1.503530E-02, MaxDensity 1.168E+00, MacroOverlap 1.357E-03, MacroOverlapWeight 8.000000E-06, gamma 1.245765E-02, time 6.970ms
[INFO   ] DREAMPlace - full step 31.416 ms
[DEBUG  ] dreamplace.ops.weighted_average_wirelength.weighted_average_wirelength - wirelength forward 0.148 ms
[DEBUG  ] dreamplace.ops.electric_potential.electric_potential - density forward 5.045 ms
[DEBUG  ] dreamplace.ops.electric_potential.electric_potential - density backward 9.984 ms
[DEBUG  ] dreamplace.ops.weighted_average_wirelength.weighted_average_wirelength - wirelength backward 0.098 ms
[INFO   ] DREAMPlace - optimizer step 24.262 ms
[INFO   ] DREAMPlace - iteration  685, ( 102,  2,  1), Obj 1.471891E+10, NetCrossing 5.620E+01, NetCrossingWeight 1.000000E+01, DensityWeight 3.113990E+03, HPWL 1.709434E+03, Overflow 1.502487E-02, MaxDensity 1.177E+00, MacroOverlap 1.356E-03, MacroOverlapWeight 8.000000E-06, gamma 1.245765E-02, time 7.000ms
[INFO   ] DREAMPlace - full step 32.223 ms
[INFO   ] DREAMPlace - Lsub stopping criteria: 1 and 1.47189e+10 > 1.39495e+10 * 0.999
[INFO   ] DREAMPlace - Llambda stopping criteria: 2 and (( 0.0150249 < 0.1 and 1709.43 > 1709.43 ) or 1.17678 < 1.0)
[DEBUG  ] dreamplace.ops.weighted_average_wirelength.weighted_average_wirelength - wirelength forward 0.156 ms
[DEBUG  ] dreamplace.ops.electric_potential.electric_potential - density forward 5.071 ms
[DEBUG  ] dreamplace.ops.electric_potential.electric_potential - density backward 9.966 ms
[DEBUG  ] dreamplace.ops.weighted_average_wirelength.weighted_average_wirelength - wirelength backward 0.119 ms
[INFO   ] DREAMPlace - optimizer step 23.950 ms
[INFO   ] DREAMPlace - iteration  686, ( 103,  0,  0), Obj 1.471773E+10, NetCrossing 5.682E+01, NetCrossingWeight 1.000000E+01, DensityWeight 3.353340E+03, HPWL 1.709486E+03, Overflow 1.502032E-02, MaxDensity 1.184E+00, MacroOverlap 1.356E-03, MacroOverlapWeight 8.000000E-06, gamma 1.245848E-02, time 7.059ms
[INFO   ] DREAMPlace - full step 32.044 ms
[DEBUG  ] dreamplace.ops.weighted_average_wirelength.weighted_average_wirelength - wirelength forward 0.161 ms
[DEBUG  ] dreamplace.ops.electric_potential.electric_potential - density forward 5.114 ms
[DEBUG  ] dreamplace.ops.electric_potential.electric_potential - density backward 10.007 ms
[DEBUG  ] dreamplace.ops.weighted_average_wirelength.weighted_average_wirelength - wirelength backward 0.138 ms
[INFO   ] DREAMPlace - optimizer step 24.874 ms
[INFO   ] DREAMPlace - iteration  687, ( 103,  0,  1), Obj 1.584608E+10, NetCrossing 5.670E+01, NetCrossingWeight 1.000000E+01, DensityWeight 3.353340E+03, HPWL 1.709565E+03, Overflow 1.502197E-02, MaxDensity 1.186E+00, MacroOverlap 1.355E-03, MacroOverlapWeight 8.000000E-06, gamma 1.245848E-02, time 7.166ms
[INFO   ] DREAMPlace - full step 33.132 ms
[INFO   ] DREAMPlace - Lsub stopping criteria: 1 and 1.58461e+10 > 1.47177e+10 * 0.999
[DEBUG  ] dreamplace.ops.weighted_average_wirelength.weighted_average_wirelength - wirelength forward 0.162 ms
[DEBUG  ] dreamplace.ops.electric_potential.electric_potential - density forward 5.093 ms
[DEBUG  ] dreamplace.ops.electric_potential.electric_potential - density backward 9.985 ms
[DEBUG  ] dreamplace.ops.weighted_average_wirelength.weighted_average_wirelength - wirelength backward 0.133 ms
[INFO   ] DREAMPlace - optimizer step 24.434 ms
[INFO   ] DREAMPlace - iteration  688, ( 103,  1,  0), Obj 1.584687E+10, NetCrossing 5.679E+01, NetCrossingWeight 1.000000E+01, DensityWeight 3.611087E+03, HPWL 1.709672E+03, Overflow 1.502609E-02, MaxDensity 1.181E+00, MacroOverlap 1.355E-03, MacroOverlapWeight 8.000000E-06, gamma 1.245848E-02, time 7.184ms
[INFO   ] DREAMPlace - full step 32.667 ms
[DEBUG  ] dreamplace.ops.weighted_average_wirelength.weighted_average_wirelength - wirelength forward 0.117 ms
[DEBUG  ] dreamplace.ops.electric_potential.electric_potential - density forward 4.686 ms
[DEBUG  ] dreamplace.ops.electric_potential.electric_potential - density backward 9.978 ms
[DEBUG  ] dreamplace.ops.weighted_average_wirelength.weighted_average_wirelength - wirelength backward 0.098 ms
[INFO   ] DREAMPlace - optimizer step 22.633 ms
[INFO   ] DREAMPlace - iteration  689, ( 103,  1,  1), Obj 1.706218E+10, NetCrossing 5.710E+01, NetCrossingWeight 1.000000E+01, DensityWeight 3.611087E+03, HPWL 1.709796E+03, Overflow 1.502855E-02, MaxDensity 1.173E+00, MacroOverlap 1.355E-03, MacroOverlapWeight 8.000000E-06, gamma 1.245848E-02, time 6.469ms
[INFO   ] DREAMPlace - full step 29.969 ms
[INFO   ] DREAMPlace - Lsub stopping criteria: 1 and 1.70622e+10 > 1.58469e+10 * 0.999
[INFO   ] DREAMPlace - Llambda stopping criteria: 1 and (( 0.0150286 < 0.1 and 1709.8 > 1709.56 ) or 1.17342 < 1.0)
[INFO   ] DREAMPlace - Lgamma stopping criteria: 103 > 100 and (( 0.0150286 < 0.1 and 1709.8 > 1709.43 ) or 1.17342 < 1.0)
[INFO   ] DREAMPlace - optimizer nesterov takes 25.534 seconds
[INFO   ] DREAMPlace - Best theta: tensor([0., 0., 0., 0., 0., 0., 0., 0., 0., 0., 0., 0., 0., 0., 0., 0., 0., 0., 0., 0., 0., 0., 0., 0.,
        0., 0., 0., 0., 0., 0., 0., 0., 0., 0., 0., 0., 0., 0., 0., 0., 0., 0., 0., 0., 0., 0., 0., 0.,
        0., 0., 0., 0., 0., 0., 0., 0., 0., 0., 0., 0., 0., 0., 0.],
       device='cuda:3')
[INFO   ] DREAMPlace - plotting to ./results/tuner-small/small-3/PB310_A00/run-63_0_0/PB310_A00/plot/iter9999.png takes 0.042 seconds
[INFO   ] DREAMPlace - plotting to ./results/tuner-small/small-3/PB310_A00/run-63_0_0/PB310_A00/plot/iter0690.png takes 0.042 seconds
[INFO   ] DREAMPlace - plotting to ./results/tuner-small/small-3/PB310_A00/run-63_0_0/PB310_A00/plot/iter0690.png takes 0.049 seconds
[INFO   ] DREAMPlace - plotting to ./results/tuner-small/small-3/PB310_A00/run-63_0_0/PB310_A00/plot/iter0690.png takes 0.046 seconds
[INFO   ] DREAMPlace - rsmt computation takes 0.074 seconds
[INFO   ] DREAMPlace - flute rsmt 2.080620E+03
[INFO   ] DREAMPlace - unweighted hpwl 1.709929E+03
[INFO   ] DREAMPlace - net crossing 52
[INFO   ] DREAMPlace - non-linear placement takes 27.16 seconds
[INFO   ] DREAMPlace - writing to ./results/tuner-small/small-3/PB310_A00/run-63_0_0/PB310_A00/PB310_A00.gp.pl
[INFO   ] DREAMPlace - writing to ./results/tuner-small/small-3/PB310_A00/run-63_0_0/PB310_A00/PB310_A00.gp.pl
[INFO   ] DREAMPlace - write_pl takes 0.001 seconds
[INFO   ] DREAMPlace - write SolutionFileFormat.BOOKSHELF takes 0.001 seconds
[INFO   ] DREAMPlace - writing congestion maps to ./results/tuner-small/small-3/PB310_A00/run-63_0_0/PB310_A00
[INFO   ] DREAMPlace - max horizontal congestion: 0.57355
[INFO   ] DREAMPlace - max vertical congestion: 0.312029
[DEBUG  ] matplotlib.colorbar - locator: <matplotlib.colorbar._ColorbarAutoLocator object at 0x7fcc6c309eb0>
[DEBUG  ] matplotlib.colorbar - Using auto colorbar locator <matplotlib.colorbar._ColorbarAutoLocator object at 0x7fcc6c309eb0> on colorbar
[DEBUG  ] matplotlib.colorbar - Setting pcolormesh
[DEBUG  ] matplotlib.colorbar - locator: <matplotlib.colorbar._ColorbarAutoLocator object at 0x7fcc6ce2bdc0>
[DEBUG  ] matplotlib.colorbar - Using auto colorbar locator <matplotlib.colorbar._ColorbarAutoLocator object at 0x7fcc6ce2bdc0> on colorbar
[DEBUG  ] matplotlib.colorbar - Setting pcolormesh
[INFO   ] DREAMPlace - Congestion score 0.055459216237068176
[INFO   ] DREAMPlace - congestion extraction takes 4.105 seconds
[INFO   ] DREAMPlace - placement takes 31.277 seconds
[INFO   ] DREAMPlace - Final PPA: {'rsmt': 2080.6201171875, 'hpwl': 1709.9290771484375, 'congestion': 0.055459216237068176, 'density': 0.5019428420045235, 'net_crossing': 52.89226150512695, 'iteration': 690, 'objective': 17062181888.0, 'overflow': 0.01502855122089386, 'max_density': 1.1734180450439453}
[DEBUG  ] hpbandster.run_0.worker.7a6907492ab5.2555846 - WORKER: done with job (63, 0, 0), trying to register it.
[INFO   ] hpbandster.run_0.worker.7a6907492ab5.2555846 - WORKER: registered result for job (63, 0, 0) with dispatcher
[INFO   ] hpbandster.run_0.worker.7a6907492ab5.2555846 - WORKER: start processing job (66, 0, 0)
[DEBUG  ] hpbandster.run_0.worker.7a6907492ab5.2555846 - WORKER: args: ()
[DEBUG  ] hpbandster.run_0.worker.7a6907492ab5.2555846 - WORKER: kwargs: {'config': {'GP_learning_rate': 0.00668044111154429, 'GP_learning_rate_decay': 0.9947948668288619, 'GP_num_bins_x': 2048, 'GP_num_bins_y': 1024, 'GP_optimizer': 'adam', 'GP_wirelength': 'logsumexp', 'RePlAce_LOWER_PCOF': 0.9711808593662568, 'RePlAce_UPPER_PCOF': 1.0200644533001872, 'RePlAce_ref_hpwl': 281678, 'density_weight': 0.0010680876622088749, 'gamma': 0.317710573451914, 'init_loc_perc_x': 0.5684811717650946, 'init_loc_perc_y': 0.4351059714777115, 'macro_halo_x': 4, 'macro_halo_y': 7, 'risa_weights': 1, 'stop_overflow': 0.06664659785040936, 'target_density': 0.595546263683741}, 'budget': 1.0, 'working_directory': '.'}
