[INFO   ] DREAMPlace - parameters = {'aux_input': './pcb-benchmark/small-8/bookshelf/ET095_A00.aux', 'lef_input': '', 'def_input': '', 'verilog_input': '', 'gpu': 1, 'gpu_id': 3, 'num_bins_x': 512, 'num_bins_y': 512, 'global_place_stages': [{'num_bins_x': 512, 'num_bins_y': 1024, 'iteration': 3000, 'learning_rate': 0.0031986613064797368, 'wirelength': 'weighted_average', 'optimizer': 'nesterov', 'Llambda_density_weight_iteration': 10, 'Lsub_iteration': 2, 'learning_rate_decay': 0.9998373552147514}], 'target_density': 0.605368869320722, 'density_weight': 0.027912403902424877, 'net_crossing_flag': True, 'net_crossing_weight': 1, 'random_seed': 1000, 'result_dir': './results/reproduce-may20/small-8/ET095_A00/run-2_0_0', 'scale_factor': 1.0, 'ignore_net_weight': 10, 'shift_factor': [0, 0], 'ignore_net_degree': 100, 'gp_noise_ratio': 0.025, 'enable_fillers': 1, 'global_place_flag': 1, 'legalize_flag': 1, 'detailed_place_flag': 0, 'stop_overflow': 0.0974700662213834, 'dtype': 'float32', 'detailed_place_engine': '', 'detailed_place_command': '', 'plot_flag': 1, 'RePlAce_ref_hpwl': 462495, 'RePlAce_LOWER_PCOF': 0.9409271467719077, 'RePlAce_UPPER_PCOF': 1.0427880373695502, 'gamma': 0.17549335805506688, 'RePlAce_skip_energy_flag': 0, 'random_center_init_flag': 1, 'init_loc_perc_x': 0.3600830871467511, 'init_loc_perc_y': 0.6676902326802917, 'sort_nets_by_degree': 0, 'num_threads': 8, 'dump_global_place_solution_flag': 0, 'dump_legalize_solution_flag': 0, 'routability_opt_flag': 0, 'route_num_bins_x': 512, 'route_num_bins_y': 512, 'node_area_adjust_overflow': 0.15, 'max_num_area_adjust': 3, 'adjust_nctugr_area_flag': 0, 'adjust_rudy_area_flag': 0, 'adjust_pin_area_flag': 0, 'area_adjust_stop_ratio': 0.01, 'route_area_adjust_stop_ratio': 0.01, 'pin_area_adjust_stop_ratio': 0.05, 'unit_horizontal_capacity': 1.5625, 'unit_vertical_capacity': 1.45, 'unit_pin_capacity': 0.058, 'max_route_opt_adjust_rate': 2.0, 'route_opt_adjust_exponent': 2.0, 'pin_stretch_ratio': 1.414213562, 'max_pin_opt_adjust_rate': 1.5, 'deterministic_flag': 1, 'get_congestion_map': 1, 'macro_halo_x': 3, 'macro_halo_y': 2, 'macro_overlap_flag': True, 'macro_overlap_weight': 8e-06, 'macro_overlap_mult_weight': 1, 'macro_padding_x': 0, 'macro_padding_y': 0, 'bndry_padding_x': 0, 'bndry_padding_y': 0, 'pin_density': -1, 'route_info_input': 'default', 'evaluate_pl': 0, 'risa_weights': 0, 'proj_name': 'default', 'create_gif': False, 'enable_rotation': False}
[INFO   ] DREAMPlace - setting up raw database takes 0.00 seconds
[INFO   ] DREAMPlace - set shift_factor = (0, 0), as original row bbox = (0, 0, 1658, 824)
[INFO   ] DREAMPlace - set scale_factor = 1, as site_width = 1
[INFO   ] DREAMPlace - shift coordinate system by (0, 0), scale coordinate system by 1
[INFO   ] DREAMPlace - detect movable macros 115, area 36115, reduce those area from movable_area
[INFO   ] DREAMPlace - 
================================= Benchmark Statistics =================================
#nodes = 115, #terminals = 0, # terminal_NIs = 0, #movable = 115, #nets = 199
die area = (0, 0, 1658, 824) 1.36619e+06
row height = 1, site width = 1
num_bins = 512x512, bin sizes = 3.23828x1.60938
#pins = 334, #movable_pins = 334
total_movable_node_area = 36115, total_fixed_node_area = 0, total_space_area = 1.36619e+06
total_movable_node_area = 0, total_fixed_node_area = 36115, total_space_area = 1.33008e+06
utilization = 0, target_density = 0.605369
use top_placeable_area = 1.36619e+06 to compute top fillers
use btm_placeable_area = 1.36619e+06 to compute btm fillers
total_filler_node_area = 1.6541e+06, #fillers = 118802, filler sizes = 13.9231x1
========================================================================================
[INFO   ] DREAMPlace - setting up placement database takes 0.00 seconds
[INFO   ] DREAMPlace - move cells to location (597.0177584893133, 550.1767517285604) with random noise
[DEBUG  ] DREAMPlace - prepare init_pos takes 0.00 seconds
[INFO   ] DREAMPlace - Using Torch GPU device # 3: NVIDIA RTX A6000
[DEBUG  ] DREAMPlace - build pos takes 0.00 seconds
[DEBUG  ] DREAMPlace - build orient_logits takes 0.00 seconds
[WARNING] DREAMPlace - net weights are all the same, ignored
[DEBUG  ] DREAMPlace - build data_collections takes 0.00 seconds
[DEBUG  ] DREAMPlace - build op_collections takes 0.00 seconds
[INFO   ] DREAMPlace - POWVFILE = /Cypress/thirdparty/NCTUgr.ICCAD2012/POWV9.dat
[INFO   ] DREAMPlace - POSTFILE = /Cypress/thirdparty/NCTUgr.ICCAD2012/POST9.dat
[DEBUG  ] DREAMPlace - build BasicPlace ops takes 0.00 seconds
[INFO   ] DREAMPlace - non-linear placement initialization takes 0.01 seconds
[INFO   ] DREAMPlace - 512x1024 bins #bins 512x1024, bin sizes 3.23828x0.804688, max_num_bins = 96, padding = 0
[INFO   ] dreamplace.ops.electric_potential.electric_potential - regard 115 cells as movable macros in global placement
[INFO   ] DREAMPlace - 512x1024 bins #bins 512x1024, bin sizes 3.23828x0.804688, max_num_bins = 96, padding = 0
[INFO   ] dreamplace.ops.electric_potential.electric_potential - regard 115 cells as movable macros in global placement
[INFO   ] DREAMPlace - 512x1024 bins #bins 512x1024, bin sizes 3.23828x0.804688, max_num_bins = 96, padding = 0
[INFO   ] dreamplace.ops.electric_potential.electric_potential - regard 0 cells as movable macros in global placement
[WARNING] DREAMPlace - quadratic density penalty is disabled, density weight update is forced to be based on HPWL
[INFO   ] DREAMPlace - use nesterov optimizer
[INFO   ] DREAMPlace - add 2.5% noise
[DEBUG  ] dreamplace.ops.weighted_average_wirelength.weighted_average_wirelength - wirelength forward 0.081 ms
[INFO   ] dreamplace.ops.electric_potential.electric_potential - fixed density map: average 0, max 0, bin area 2.6058
[DEBUG  ] dreamplace.ops.electric_potential.electric_potential - density forward 2.262 ms
[DEBUG  ] dreamplace.ops.electric_potential.electric_potential - density backward 0.381 ms
[DEBUG  ] dreamplace.ops.weighted_average_wirelength.weighted_average_wirelength - wirelength backward 0.129 ms
[DEBUG  ] dreamplace.ops.weighted_average_wirelength.weighted_average_wirelength - wirelength forward 0.077 ms
[DEBUG  ] dreamplace.ops.electric_potential.electric_potential - density forward 1.064 ms
[DEBUG  ] dreamplace.ops.electric_potential.electric_potential - density backward 0.365 ms
[DEBUG  ] dreamplace.ops.weighted_average_wirelength.weighted_average_wirelength - wirelength backward 0.126 ms
[INFO   ] DREAMPlace - nesterov initialization takes 0.0421963 seconds
[DEBUG  ] dreamplace.ops.weighted_average_wirelength.weighted_average_wirelength - wirelength forward 0.070 ms
[DEBUG  ] dreamplace.ops.weighted_average_wirelength.weighted_average_wirelength - wirelength backward 0.098 ms
[INFO   ] dreamplace.ops.electric_potential.electric_potential - fixed density map: average 0, max 0, bin area 2.6058
[DEBUG  ] dreamplace.ops.electric_potential.electric_potential - density forward 1.341 ms
[DEBUG  ] dreamplace.ops.electric_potential.electric_potential - density backward 0.286 ms
[INFO   ] DREAMPlace - density_weight = 6.449392E-07
[INFO   ] DREAMPlace - macro_overlap_weight = 8.000000E-06
[INFO   ] DREAMPlace - plotting to ./results/reproduce-may20/small-8/ET095_A00/run-2_0_0/ET095_A00/plot/iter0000.png takes 0.039 seconds
[DEBUG  ] dreamplace.ops.weighted_average_wirelength.weighted_average_wirelength - wirelength forward 0.077 ms
[DEBUG  ] dreamplace.ops.electric_potential.electric_potential - density forward 1.075 ms
[DEBUG  ] dreamplace.ops.electric_potential.electric_potential - density backward 0.282 ms
[DEBUG  ] dreamplace.ops.weighted_average_wirelength.weighted_average_wirelength - wirelength backward 0.085 ms
[DEBUG  ] dreamplace.ops.weighted_average_wirelength.weighted_average_wirelength - wirelength forward 0.071 ms
[DEBUG  ] dreamplace.ops.electric_potential.electric_potential - density forward 1.054 ms
[DEBUG  ] dreamplace.ops.electric_potential.electric_potential - density backward 0.280 ms
[DEBUG  ] dreamplace.ops.weighted_average_wirelength.weighted_average_wirelength - wirelength backward 0.084 ms
[DEBUG  ] dreamplace.ops.weighted_average_wirelength.weighted_average_wirelength - wirelength forward 0.071 ms
[DEBUG  ] dreamplace.ops.electric_potential.electric_potential - density forward 1.090 ms
[DEBUG  ] dreamplace.ops.electric_potential.electric_potential - density backward 0.287 ms
[DEBUG  ] dreamplace.ops.weighted_average_wirelength.weighted_average_wirelength - wirelength backward 0.089 ms
[INFO   ] DREAMPlace - optimizer step 24.439 ms
[INFO   ] DREAMPlace - iteration    0, (   0,  0,  0), Obj 3.955246E+03, NetCrossing 1.186E+02, NetCrossingWeight 1.000000E+00, DensityWeight 0.000000E+00, HPWL 4.228446E+03, Overflow 5.035421E-01, MaxDensity 6.923E+01, MacroOverlap 1.191E+04, MacroOverlapWeight 0.000000E+00, gamma 7.095141E+00, time 3.202ms
[INFO   ] DREAMPlace - full step 70.770 ms
[DEBUG  ] dreamplace.ops.weighted_average_wirelength.weighted_average_wirelength - wirelength forward 0.069 ms
[DEBUG  ] dreamplace.ops.electric_potential.electric_potential - density forward 1.095 ms
[DEBUG  ] dreamplace.ops.electric_potential.electric_potential - density backward 0.286 ms
[DEBUG  ] dreamplace.ops.weighted_average_wirelength.weighted_average_wirelength - wirelength backward 0.087 ms
[INFO   ] DREAMPlace - optimizer step 8.517 ms
[INFO   ] DREAMPlace - iteration    1, (   0,  0,  1), Obj 3.956706E+03, NetCrossing 1.094E+02, NetCrossingWeight 1.000000E+00, DensityWeight 6.449392E-07, HPWL 4.227957E+03, Overflow 5.035424E-01, MaxDensity 6.922E+01, MacroOverlap 1.191E+04, MacroOverlapWeight 8.000000E-06, gamma 7.095141E+00, time 3.124ms
[INFO   ] DREAMPlace - full step 12.150 ms
[INFO   ] DREAMPlace - Lsub stopping criteria: 1 and 3956.71 > 3955.25 * 0.999
[DEBUG  ] dreamplace.ops.weighted_average_wirelength.weighted_average_wirelength - wirelength forward 0.067 ms
[DEBUG  ] dreamplace.ops.electric_potential.electric_potential - density forward 1.040 ms
[DEBUG  ] dreamplace.ops.electric_potential.electric_potential - density backward 0.293 ms
[DEBUG  ] dreamplace.ops.weighted_average_wirelength.weighted_average_wirelength - wirelength backward 0.092 ms
[DEBUG  ] dreamplace.ops.weighted_average_wirelength.weighted_average_wirelength - wirelength forward 0.068 ms
[DEBUG  ] dreamplace.ops.electric_potential.electric_potential - density forward 1.048 ms
[DEBUG  ] dreamplace.ops.electric_potential.electric_potential - density backward 0.329 ms
[DEBUG  ] dreamplace.ops.weighted_average_wirelength.weighted_average_wirelength - wirelength backward 0.109 ms
[DEBUG  ] dreamplace.ops.weighted_average_wirelength.weighted_average_wirelength - wirelength forward 0.080 ms
[DEBUG  ] dreamplace.ops.electric_potential.electric_potential - density forward 1.178 ms
[DEBUG  ] dreamplace.ops.electric_potential.electric_potential - density backward 0.345 ms
[DEBUG  ] dreamplace.ops.weighted_average_wirelength.weighted_average_wirelength - wirelength backward 0.091 ms
[DEBUG  ] dreamplace.ops.weighted_average_wirelength.weighted_average_wirelength - wirelength forward 0.080 ms
[DEBUG  ] dreamplace.ops.electric_potential.electric_potential - density forward 1.208 ms
[DEBUG  ] dreamplace.ops.electric_potential.electric_potential - density backward 0.297 ms
[DEBUG  ] dreamplace.ops.weighted_average_wirelength.weighted_average_wirelength - wirelength backward 0.092 ms
[INFO   ] DREAMPlace - optimizer step 35.717 ms
[INFO   ] DREAMPlace - iteration    2, (   0,  1,  0), Obj 3.953824E+03, NetCrossing 1.132E+02, NetCrossingWeight 1.000000E+00, DensityWeight 6.449392E-07, HPWL 4.226426E+03, Overflow 5.035432E-01, MaxDensity 6.922E+01, MacroOverlap 1.191E+04, MacroOverlapWeight 8.000000E-06, gamma 7.095141E+00, time 3.124ms
[INFO   ] DREAMPlace - full step 39.345 ms
[DEBUG  ] dreamplace.ops.weighted_average_wirelength.weighted_average_wirelength - wirelength forward 0.068 ms
[DEBUG  ] dreamplace.ops.electric_potential.electric_potential - density forward 1.037 ms
[DEBUG  ] dreamplace.ops.electric_potential.electric_potential - density backward 0.258 ms
[DEBUG  ] dreamplace.ops.weighted_average_wirelength.weighted_average_wirelength - wirelength backward 0.072 ms
[INFO   ] DREAMPlace - optimizer step 7.957 ms
[INFO   ] DREAMPlace - iteration    3, (   0,  1,  1), Obj 3.953764E+03, NetCrossing 1.134E+02, NetCrossingWeight 1.000000E+00, DensityWeight 6.449392E-07, HPWL 4.225090E+03, Overflow 5.035440E-01, MaxDensity 6.922E+01, MacroOverlap 1.191E+04, MacroOverlapWeight 8.000000E-06, gamma 7.095141E+00, time 3.117ms
[INFO   ] DREAMPlace - full step 11.581 ms
[INFO   ] DREAMPlace - Lsub stopping criteria: 1 and 3953.76 > 3953.82 * 0.999
[DEBUG  ] dreamplace.ops.weighted_average_wirelength.weighted_average_wirelength - wirelength forward 0.068 ms
[DEBUG  ] dreamplace.ops.electric_potential.electric_potential - density forward 1.047 ms
[DEBUG  ] dreamplace.ops.electric_potential.electric_potential - density backward 0.305 ms
[DEBUG  ] dreamplace.ops.weighted_average_wirelength.weighted_average_wirelength - wirelength backward 0.095 ms
[INFO   ] DREAMPlace - optimizer step 8.754 ms
[INFO   ] DREAMPlace - iteration    4, (   0,  2,  0), Obj 3.951196E+03, NetCrossing 1.125E+02, NetCrossingWeight 1.000000E+00, DensityWeight 6.724004E-07, HPWL 4.222292E+03, Overflow 5.035454E-01, MaxDensity 6.921E+01, MacroOverlap 1.191E+04, MacroOverlapWeight 8.000000E-06, gamma 7.095141E+00, time 3.256ms
[INFO   ] DREAMPlace - full step 12.499 ms
[DEBUG  ] dreamplace.ops.weighted_average_wirelength.weighted_average_wirelength - wirelength forward 0.067 ms
[DEBUG  ] dreamplace.ops.electric_potential.electric_potential - density forward 1.032 ms
[DEBUG  ] dreamplace.ops.electric_potential.electric_potential - density backward 0.327 ms
[DEBUG  ] dreamplace.ops.weighted_average_wirelength.weighted_average_wirelength - wirelength backward 0.110 ms
[INFO   ] DREAMPlace - optimizer step 9.208 ms
[INFO   ] DREAMPlace - iteration    5, (   0,  2,  1), Obj 3.943547E+03, NetCrossing 1.135E+02, NetCrossingWeight 1.000000E+00, DensityWeight 6.724004E-07, HPWL 4.216553E+03, Overflow 5.035483E-01, MaxDensity 6.920E+01, MacroOverlap 1.191E+04, MacroOverlapWeight 8.000000E-06, gamma 7.095141E+00, time 3.084ms
[INFO   ] DREAMPlace - full step 12.796 ms
[DEBUG  ] dreamplace.ops.weighted_average_wirelength.weighted_average_wirelength - wirelength forward 0.069 ms
[DEBUG  ] dreamplace.ops.electric_potential.electric_potential - density forward 1.040 ms
[DEBUG  ] dreamplace.ops.electric_potential.electric_potential - density backward 0.328 ms
[DEBUG  ] dreamplace.ops.weighted_average_wirelength.weighted_average_wirelength - wirelength backward 0.134 ms
[INFO   ] DREAMPlace - optimizer step 9.252 ms
[INFO   ] DREAMPlace - iteration    6, (   0,  3,  0), Obj 3.936445E+03, NetCrossing 1.097E+02, NetCrossingWeight 1.000000E+00, DensityWeight 7.009608E-07, HPWL 4.211974E+03, Overflow 5.035523E-01, MaxDensity 6.920E+01, MacroOverlap 1.189E+04, MacroOverlapWeight 8.000000E-06, gamma 7.095141E+00, time 3.083ms
[INFO   ] DREAMPlace - full step 12.825 ms
[DEBUG  ] dreamplace.ops.weighted_average_wirelength.weighted_average_wirelength - wirelength forward 0.069 ms
[DEBUG  ] dreamplace.ops.electric_potential.electric_potential - density forward 1.056 ms
[DEBUG  ] dreamplace.ops.electric_potential.electric_potential - density backward 0.361 ms
[DEBUG  ] dreamplace.ops.weighted_average_wirelength.weighted_average_wirelength - wirelength backward 0.126 ms
[DEBUG  ] dreamplace.ops.weighted_average_wirelength.weighted_average_wirelength - wirelength forward 0.070 ms
[DEBUG  ] dreamplace.ops.electric_potential.electric_potential - density forward 1.042 ms
[DEBUG  ] dreamplace.ops.electric_potential.electric_potential - density backward 0.361 ms
[DEBUG  ] dreamplace.ops.weighted_average_wirelength.weighted_average_wirelength - wirelength backward 0.128 ms
[INFO   ] DREAMPlace - optimizer step 19.310 ms
[INFO   ] DREAMPlace - iteration    7, (   0,  3,  1), Obj 3.931199E+03, NetCrossing 1.119E+02, NetCrossingWeight 1.000000E+00, DensityWeight 7.009608E-07, HPWL 4.207324E+03, Overflow 5.035574E-01, MaxDensity 6.916E+01, MacroOverlap 1.185E+04, MacroOverlapWeight 8.000000E-06, gamma 7.095141E+00, time 3.103ms
[INFO   ] DREAMPlace - full step 22.916 ms
[DEBUG  ] dreamplace.ops.weighted_average_wirelength.weighted_average_wirelength - wirelength forward 0.068 ms
[DEBUG  ] dreamplace.ops.electric_potential.electric_potential - density forward 1.040 ms
[DEBUG  ] dreamplace.ops.electric_potential.electric_potential - density backward 0.237 ms
[DEBUG  ] dreamplace.ops.weighted_average_wirelength.weighted_average_wirelength - wirelength backward 0.062 ms
[INFO   ] DREAMPlace - optimizer step 7.555 ms
[INFO   ] DREAMPlace - iteration    8, (   0,  4,  0), Obj 3.914299E+03, NetCrossing 1.085E+02, NetCrossingWeight 1.000000E+00, DensityWeight 7.306612E-07, HPWL 4.196979E+03, Overflow 5.035650E-01, MaxDensity 6.913E+01, MacroOverlap 1.180E+04, MacroOverlapWeight 8.000000E-06, gamma 7.095141E+00, time 3.109ms
[INFO   ] DREAMPlace - full step 11.149 ms
[DEBUG  ] dreamplace.ops.weighted_average_wirelength.weighted_average_wirelength - wirelength forward 0.069 ms
[DEBUG  ] dreamplace.ops.electric_potential.electric_potential - density forward 1.103 ms
[DEBUG  ] dreamplace.ops.electric_potential.electric_potential - density backward 0.278 ms
[DEBUG  ] dreamplace.ops.weighted_average_wirelength.weighted_average_wirelength - wirelength backward 0.085 ms
[DEBUG  ] dreamplace.ops.weighted_average_wirelength.weighted_average_wirelength - wirelength forward 0.069 ms
[DEBUG  ] dreamplace.ops.electric_potential.electric_potential - density forward 1.040 ms
[DEBUG  ] dreamplace.ops.electric_potential.electric_potential - density backward 0.316 ms
[DEBUG  ] dreamplace.ops.weighted_average_wirelength.weighted_average_wirelength - wirelength backward 0.103 ms
[DEBUG  ] dreamplace.ops.weighted_average_wirelength.weighted_average_wirelength - wirelength forward 0.069 ms
[DEBUG  ] dreamplace.ops.electric_potential.electric_potential - density forward 1.088 ms
[DEBUG  ] dreamplace.ops.electric_potential.electric_potential - density backward 0.316 ms
[DEBUG  ] dreamplace.ops.weighted_average_wirelength.weighted_average_wirelength - wirelength backward 0.087 ms
[INFO   ] DREAMPlace - optimizer step 25.945 ms
[INFO   ] DREAMPlace - iteration    9, (   0,  4,  1), Obj 3.901254E+03, NetCrossing 1.084E+02, NetCrossingWeight 1.000000E+00, DensityWeight 7.306612E-07, HPWL 4.180541E+03, Overflow 5.035787E-01, MaxDensity 6.908E+01, MacroOverlap 1.170E+04, MacroOverlapWeight 8.000000E-06, gamma 7.095141E+00, time 3.103ms
[INFO   ] DREAMPlace - full step 29.577 ms
[DEBUG  ] dreamplace.ops.weighted_average_wirelength.weighted_average_wirelength - wirelength forward 0.075 ms
[DEBUG  ] dreamplace.ops.electric_potential.electric_potential - density forward 1.159 ms
[DEBUG  ] dreamplace.ops.electric_potential.electric_potential - density backward 0.329 ms
[DEBUG  ] dreamplace.ops.weighted_average_wirelength.weighted_average_wirelength - wirelength backward 0.109 ms
[INFO   ] DREAMPlace - optimizer step 9.114 ms
[INFO   ] DREAMPlace - iteration   10, (   0,  5,  0), Obj 3.875010E+03, NetCrossing 1.076E+02, NetCrossingWeight 1.000000E+00, DensityWeight 7.615438E-07, HPWL 4.162115E+03, Overflow 5.035948E-01, MaxDensity 6.901E+01, MacroOverlap 1.162E+04, MacroOverlapWeight 8.000000E-06, gamma 7.095141E+00, time 3.356ms
[INFO   ] DREAMPlace - full step 12.979 ms
[DEBUG  ] dreamplace.ops.weighted_average_wirelength.weighted_average_wirelength - wirelength forward 0.067 ms
[DEBUG  ] dreamplace.ops.electric_potential.electric_potential - density forward 1.128 ms
[DEBUG  ] dreamplace.ops.electric_potential.electric_potential - density backward 0.343 ms
[DEBUG  ] dreamplace.ops.weighted_average_wirelength.weighted_average_wirelength - wirelength backward 0.116 ms
[INFO   ] DREAMPlace - optimizer step 9.459 ms
[INFO   ] DREAMPlace - iteration   11, (   0,  5,  1), Obj 3.853751E+03, NetCrossing 1.071E+02, NetCrossingWeight 1.000000E+00, DensityWeight 7.615438E-07, HPWL 4.135257E+03, Overflow 5.036144E-01, MaxDensity 6.890E+01, MacroOverlap 1.141E+04, MacroOverlapWeight 8.000000E-06, gamma 7.095141E+00, time 3.153ms
[INFO   ] DREAMPlace - full step 13.127 ms
[DEBUG  ] dreamplace.ops.weighted_average_wirelength.weighted_average_wirelength - wirelength forward 0.068 ms
[DEBUG  ] dreamplace.ops.electric_potential.electric_potential - density forward 1.107 ms
[DEBUG  ] dreamplace.ops.electric_potential.electric_potential - density backward 0.341 ms
[DEBUG  ] dreamplace.ops.weighted_average_wirelength.weighted_average_wirelength - wirelength backward 0.080 ms
[INFO   ] DREAMPlace - optimizer step 9.273 ms
[INFO   ] DREAMPlace - iteration   12, (   0,  6,  0), Obj 3.814263E+03, NetCrossing 1.082E+02, NetCrossingWeight 1.000000E+00, DensityWeight 7.936525E-07, HPWL 4.097436E+03, Overflow 5.034441E-01, MaxDensity 6.887E+01, MacroOverlap 1.119E+04, MacroOverlapWeight 8.000000E-06, gamma 7.095141E+00, time 3.109ms
[INFO   ] DREAMPlace - full step 12.891 ms
[DEBUG  ] dreamplace.ops.weighted_average_wirelength.weighted_average_wirelength - wirelength forward 0.069 ms
[DEBUG  ] dreamplace.ops.electric_potential.electric_potential - density forward 1.145 ms
[DEBUG  ] dreamplace.ops.electric_potential.electric_potential - density backward 0.269 ms
[DEBUG  ] dreamplace.ops.weighted_average_wirelength.weighted_average_wirelength - wirelength backward 0.080 ms
[INFO   ] DREAMPlace - optimizer step 8.258 ms
[INFO   ] DREAMPlace - iteration   13, (   0,  6,  1), Obj 3.761537E+03, NetCrossing 1.210E+02, NetCrossingWeight 1.000000E+00, DensityWeight 7.936525E-07, HPWL 4.035588E+03, Overflow 5.033873E-01, MaxDensity 6.817E+01, MacroOverlap 1.061E+04, MacroOverlapWeight 8.000000E-06, gamma 7.095141E+00, time 3.113ms
[INFO   ] DREAMPlace - full step 11.890 ms
[DEBUG  ] dreamplace.ops.weighted_average_wirelength.weighted_average_wirelength - wirelength forward 0.068 ms
[DEBUG  ] dreamplace.ops.electric_potential.electric_potential - density forward 1.256 ms
[DEBUG  ] dreamplace.ops.electric_potential.electric_potential - density backward 0.324 ms
[DEBUG  ] dreamplace.ops.weighted_average_wirelength.weighted_average_wirelength - wirelength backward 0.109 ms
[INFO   ] DREAMPlace - optimizer step 9.296 ms
[INFO   ] DREAMPlace - iteration   14, (   0,  7,  0), Obj 3.710122E+03, NetCrossing 1.144E+02, NetCrossingWeight 1.000000E+00, DensityWeight 8.270322E-07, HPWL 3.995169E+03, Overflow 5.033190E-01, MaxDensity 6.555E+01, MacroOverlap 9.690E+03, MacroOverlapWeight 8.000000E-06, gamma 7.095141E+00, time 3.127ms
[INFO   ] DREAMPlace - full step 12.931 ms
[DEBUG  ] dreamplace.ops.weighted_average_wirelength.weighted_average_wirelength - wirelength forward 0.069 ms
[DEBUG  ] dreamplace.ops.electric_potential.electric_potential - density forward 1.150 ms
[DEBUG  ] dreamplace.ops.electric_potential.electric_potential - density backward 0.326 ms
[DEBUG  ] dreamplace.ops.weighted_average_wirelength.weighted_average_wirelength - wirelength backward 0.109 ms
[INFO   ] DREAMPlace - optimizer step 9.280 ms
[INFO   ] DREAMPlace - iteration   15, (   0,  7,  1), Obj 3.609678E+03, NetCrossing 1.161E+02, NetCrossingWeight 1.000000E+00, DensityWeight 8.270322E-07, HPWL 3.894169E+03, Overflow 5.027141E-01, MaxDensity 6.272E+01, MacroOverlap 8.648E+03, MacroOverlapWeight 8.000000E-06, gamma 7.095141E+00, time 3.165ms
[INFO   ] DREAMPlace - full step 12.957 ms
[DEBUG  ] dreamplace.ops.weighted_average_wirelength.weighted_average_wirelength - wirelength forward 0.069 ms
[DEBUG  ] dreamplace.ops.electric_potential.electric_potential - density forward 1.152 ms
[DEBUG  ] dreamplace.ops.electric_potential.electric_potential - density backward 0.278 ms
[DEBUG  ] dreamplace.ops.weighted_average_wirelength.weighted_average_wirelength - wirelength backward 0.087 ms
[INFO   ] DREAMPlace - optimizer step 8.492 ms
[INFO   ] DREAMPlace - iteration   16, (   0,  8,  0), Obj 3.442100E+03, NetCrossing 1.162E+02, NetCrossingWeight 1.000000E+00, DensityWeight 8.617295E-07, HPWL 3.737316E+03, Overflow 5.016389E-01, MaxDensity 5.450E+01, MacroOverlap 7.090E+03, MacroOverlapWeight 8.000000E-06, gamma 7.095141E+00, time 3.109ms
[INFO   ] DREAMPlace - full step 12.129 ms
[DEBUG  ] dreamplace.ops.weighted_average_wirelength.weighted_average_wirelength - wirelength forward 0.079 ms
[DEBUG  ] dreamplace.ops.electric_potential.electric_potential - density forward 1.043 ms
[DEBUG  ] dreamplace.ops.electric_potential.electric_potential - density backward 0.311 ms
[DEBUG  ] dreamplace.ops.weighted_average_wirelength.weighted_average_wirelength - wirelength backward 0.137 ms
[INFO   ] DREAMPlace - optimizer step 9.148 ms
[INFO   ] DREAMPlace - iteration   17, (   0,  8,  1), Obj 3.135650E+03, NetCrossing 1.102E+02, NetCrossingWeight 1.000000E+00, DensityWeight 8.617295E-07, HPWL 3.466793E+03, Overflow 4.997985E-01, MaxDensity 3.953E+01, MacroOverlap 5.140E+03, MacroOverlapWeight 8.000000E-06, gamma 7.095141E+00, time 3.089ms
[INFO   ] DREAMPlace - full step 12.756 ms
[DEBUG  ] dreamplace.ops.weighted_average_wirelength.weighted_average_wirelength - wirelength forward 0.067 ms
[DEBUG  ] dreamplace.ops.electric_potential.electric_potential - density forward 1.126 ms
[DEBUG  ] dreamplace.ops.electric_potential.electric_potential - density backward 0.355 ms
[DEBUG  ] dreamplace.ops.weighted_average_wirelength.weighted_average_wirelength - wirelength backward 0.124 ms
[INFO   ] DREAMPlace - optimizer step 9.555 ms
[INFO   ] DREAMPlace - iteration   18, (   0,  9,  0), Obj 2.573712E+03, NetCrossing 1.175E+02, NetCrossingWeight 1.000000E+00, DensityWeight 8.977927E-07, HPWL 2.942347E+03, Overflow 4.965122E-01, MaxDensity 2.673E+01, MacroOverlap 3.335E+03, MacroOverlapWeight 8.000000E-06, gamma 7.095141E+00, time 3.153ms
[INFO   ] DREAMPlace - full step 13.216 ms
[DEBUG  ] dreamplace.ops.weighted_average_wirelength.weighted_average_wirelength - wirelength forward 0.069 ms
[DEBUG  ] dreamplace.ops.electric_potential.electric_potential - density forward 1.048 ms
[DEBUG  ] dreamplace.ops.electric_potential.electric_potential - density backward 0.356 ms
[DEBUG  ] dreamplace.ops.weighted_average_wirelength.weighted_average_wirelength - wirelength backward 0.126 ms
[INFO   ] DREAMPlace - optimizer step 9.685 ms
[INFO   ] DREAMPlace - iteration   19, (   0,  9,  1), Obj 1.924562E+03, NetCrossing 1.097E+02, NetCrossingWeight 1.000000E+00, DensityWeight 8.977927E-07, HPWL 2.302673E+03, Overflow 4.859187E-01, MaxDensity 1.839E+01, MacroOverlap 1.685E+03, MacroOverlapWeight 8.000000E-06, gamma 7.095141E+00, time 3.129ms
[INFO   ] DREAMPlace - full step 13.350 ms
[DEBUG  ] dreamplace.ops.weighted_average_wirelength.weighted_average_wirelength - wirelength forward 0.069 ms
[DEBUG  ] dreamplace.ops.electric_potential.electric_potential - density forward 1.203 ms
[DEBUG  ] dreamplace.ops.electric_potential.electric_potential - density backward 0.372 ms
[DEBUG  ] dreamplace.ops.weighted_average_wirelength.weighted_average_wirelength - wirelength backward 0.082 ms
[DEBUG  ] dreamplace.ops.weighted_average_wirelength.weighted_average_wirelength - wirelength forward 0.071 ms
[DEBUG  ] dreamplace.ops.electric_potential.electric_potential - density forward 1.058 ms
[DEBUG  ] dreamplace.ops.electric_potential.electric_potential - density backward 0.255 ms
[DEBUG  ] dreamplace.ops.weighted_average_wirelength.weighted_average_wirelength - wirelength backward 0.083 ms
[DEBUG  ] dreamplace.ops.weighted_average_wirelength.weighted_average_wirelength - wirelength forward 0.069 ms
[DEBUG  ] dreamplace.ops.electric_potential.electric_potential - density forward 1.060 ms
[DEBUG  ] dreamplace.ops.electric_potential.electric_potential - density backward 0.261 ms
[DEBUG  ] dreamplace.ops.weighted_average_wirelength.weighted_average_wirelength - wirelength backward 0.091 ms
[INFO   ] DREAMPlace - optimizer step 25.645 ms
[INFO   ] DREAMPlace - iteration   20, (   1,  0,  0), Obj 1.396972E+03, NetCrossing 1.115E+02, NetCrossingWeight 1.000000E+00, DensityWeight 9.352717E-07, HPWL 1.799597E+03, Overflow 4.602410E-01, MaxDensity 1.025E+01, MacroOverlap 6.508E+02, MacroOverlapWeight 8.000000E-06, gamma 5.111616E-01, time 3.150ms
[INFO   ] DREAMPlace - full step 29.302 ms
[DEBUG  ] dreamplace.ops.weighted_average_wirelength.weighted_average_wirelength - wirelength forward 0.068 ms
[DEBUG  ] dreamplace.ops.electric_potential.electric_potential - density forward 1.053 ms
[DEBUG  ] dreamplace.ops.electric_potential.electric_potential - density backward 0.311 ms
[DEBUG  ] dreamplace.ops.weighted_average_wirelength.weighted_average_wirelength - wirelength backward 0.109 ms
[DEBUG  ] dreamplace.ops.weighted_average_wirelength.weighted_average_wirelength - wirelength forward 0.069 ms
[DEBUG  ] dreamplace.ops.electric_potential.electric_potential - density forward 1.170 ms
[DEBUG  ] dreamplace.ops.electric_potential.electric_potential - density backward 0.309 ms
[DEBUG  ] dreamplace.ops.weighted_average_wirelength.weighted_average_wirelength - wirelength backward 0.108 ms
[DEBUG  ] dreamplace.ops.weighted_average_wirelength.weighted_average_wirelength - wirelength forward 0.070 ms
[DEBUG  ] dreamplace.ops.electric_potential.electric_potential - density forward 1.228 ms
[DEBUG  ] dreamplace.ops.electric_potential.electric_potential - density backward 0.214 ms
[DEBUG  ] dreamplace.ops.weighted_average_wirelength.weighted_average_wirelength - wirelength backward 0.065 ms
[DEBUG  ] dreamplace.ops.weighted_average_wirelength.weighted_average_wirelength - wirelength forward 0.078 ms
[DEBUG  ] dreamplace.ops.electric_potential.electric_potential - density forward 1.141 ms
[DEBUG  ] dreamplace.ops.electric_potential.electric_potential - density backward 0.213 ms
[DEBUG  ] dreamplace.ops.weighted_average_wirelength.weighted_average_wirelength - wirelength backward 0.067 ms
[INFO   ] DREAMPlace - optimizer step 33.641 ms
[INFO   ] DREAMPlace - iteration   21, (   1,  0,  1), Obj 1.583409E+03, NetCrossing 1.104E+02, NetCrossingWeight 1.000000E+00, DensityWeight 9.352717E-07, HPWL 1.480133E+03, Overflow 4.612021E-01, MaxDensity 9.219E+00, MacroOverlap 3.496E+02, MacroOverlapWeight 8.000000E-06, gamma 5.111616E-01, time 3.189ms
[INFO   ] DREAMPlace - full step 37.327 ms
[INFO   ] DREAMPlace - Lsub stopping criteria: 1 and 1583.41 > 1396.97 * 0.999
[DEBUG  ] dreamplace.ops.weighted_average_wirelength.weighted_average_wirelength - wirelength forward 0.068 ms
[DEBUG  ] dreamplace.ops.electric_potential.electric_potential - density forward 1.036 ms
[DEBUG  ] dreamplace.ops.electric_potential.electric_potential - density backward 0.249 ms
[DEBUG  ] dreamplace.ops.weighted_average_wirelength.weighted_average_wirelength - wirelength backward 0.082 ms
[INFO   ] DREAMPlace - optimizer step 8.284 ms
[INFO   ] DREAMPlace - iteration   22, (   1,  1,  0), Obj 1.833630E+03, NetCrossing 1.085E+02, NetCrossingWeight 1.000000E+00, DensityWeight 9.742179E-07, HPWL 1.725313E+03, Overflow 4.386163E-01, MaxDensity 7.522E+00, MacroOverlap 2.126E+02, MacroOverlapWeight 8.000000E-06, gamma 5.111616E-01, time 3.114ms
[INFO   ] DREAMPlace - full step 11.932 ms
[DEBUG  ] dreamplace.ops.weighted_average_wirelength.weighted_average_wirelength - wirelength forward 0.068 ms
[DEBUG  ] dreamplace.ops.electric_potential.electric_potential - density forward 1.040 ms
[DEBUG  ] dreamplace.ops.electric_potential.electric_potential - density backward 0.291 ms
[DEBUG  ] dreamplace.ops.weighted_average_wirelength.weighted_average_wirelength - wirelength backward 0.102 ms
[DEBUG  ] dreamplace.ops.weighted_average_wirelength.weighted_average_wirelength - wirelength forward 0.070 ms
[DEBUG  ] dreamplace.ops.electric_potential.electric_potential - density forward 1.047 ms
[DEBUG  ] dreamplace.ops.electric_potential.electric_potential - density backward 0.310 ms
[DEBUG  ] dreamplace.ops.weighted_average_wirelength.weighted_average_wirelength - wirelength backward 0.110 ms
[INFO   ] DREAMPlace - optimizer step 17.838 ms
[INFO   ] DREAMPlace - iteration   23, (   1,  1,  1), Obj 1.849060E+03, NetCrossing 1.039E+02, NetCrossingWeight 1.000000E+00, DensityWeight 9.742179E-07, HPWL 1.739481E+03, Overflow 4.329774E-01, MaxDensity 7.227E+00, MacroOverlap 1.449E+02, MacroOverlapWeight 8.000000E-06, gamma 5.111616E-01, time 3.145ms
[INFO   ] DREAMPlace - full step 21.505 ms
[INFO   ] DREAMPlace - Lsub stopping criteria: 1 and 1849.06 > 1833.63 * 0.999
[DEBUG  ] dreamplace.ops.weighted_average_wirelength.weighted_average_wirelength - wirelength forward 0.072 ms
[DEBUG  ] dreamplace.ops.electric_potential.electric_potential - density forward 1.097 ms
[DEBUG  ] dreamplace.ops.electric_potential.electric_potential - density backward 0.331 ms
[DEBUG  ] dreamplace.ops.weighted_average_wirelength.weighted_average_wirelength - wirelength backward 0.118 ms
[DEBUG  ] dreamplace.ops.weighted_average_wirelength.weighted_average_wirelength - wirelength forward 0.072 ms
[DEBUG  ] dreamplace.ops.electric_potential.electric_potential - density forward 1.190 ms
[DEBUG  ] dreamplace.ops.electric_potential.electric_potential - density backward 0.331 ms
[DEBUG  ] dreamplace.ops.weighted_average_wirelength.weighted_average_wirelength - wirelength backward 0.116 ms
[INFO   ] DREAMPlace - optimizer step 18.901 ms
[INFO   ] DREAMPlace - iteration   24, (   1,  2,  0), Obj 1.802914E+03, NetCrossing 1.092E+02, NetCrossingWeight 1.000000E+00, DensityWeight 1.015879E-06, HPWL 1.692275E+03, Overflow 4.256471E-01, MaxDensity 7.115E+00, MacroOverlap 1.291E+02, MacroOverlapWeight 8.000000E-06, gamma 5.111616E-01, time 3.150ms
[INFO   ] DREAMPlace - full step 22.601 ms
[DEBUG  ] dreamplace.ops.weighted_average_wirelength.weighted_average_wirelength - wirelength forward 0.071 ms
[DEBUG  ] dreamplace.ops.electric_potential.electric_potential - density forward 1.042 ms
[DEBUG  ] dreamplace.ops.electric_potential.electric_potential - density backward 0.213 ms
[DEBUG  ] dreamplace.ops.weighted_average_wirelength.weighted_average_wirelength - wirelength backward 0.063 ms
[INFO   ] DREAMPlace - optimizer step 7.594 ms
[INFO   ] DREAMPlace - iteration   25, (   1,  2,  1), Obj 1.599059E+03, NetCrossing 1.094E+02, NetCrossingWeight 1.000000E+00, DensityWeight 1.015879E-06, HPWL 1.491375E+03, Overflow 4.281093E-01, MaxDensity 9.144E+00, MacroOverlap 1.513E+02, MacroOverlapWeight 8.000000E-06, gamma 5.111616E-01, time 3.099ms
[INFO   ] DREAMPlace - full step 11.187 ms
[DEBUG  ] dreamplace.ops.weighted_average_wirelength.weighted_average_wirelength - wirelength forward 0.069 ms
[DEBUG  ] dreamplace.ops.electric_potential.electric_potential - density forward 1.037 ms
[DEBUG  ] dreamplace.ops.electric_potential.electric_potential - density backward 0.263 ms
[DEBUG  ] dreamplace.ops.weighted_average_wirelength.weighted_average_wirelength - wirelength backward 0.087 ms
[INFO   ] DREAMPlace - optimizer step 8.404 ms
[INFO   ] DREAMPlace - iteration   26, (   1,  3,  0), Obj 1.677282E+03, NetCrossing 1.067E+02, NetCrossingWeight 1.000000E+00, DensityWeight 1.057970E-06, HPWL 1.571937E+03, Overflow 4.340520E-01, MaxDensity 7.870E+00, MacroOverlap 1.321E+02, MacroOverlapWeight 8.000000E-06, gamma 5.111616E-01, time 3.098ms
[INFO   ] DREAMPlace - full step 11.999 ms
[DEBUG  ] dreamplace.ops.weighted_average_wirelength.weighted_average_wirelength - wirelength forward 0.067 ms
[DEBUG  ] dreamplace.ops.electric_potential.electric_potential - density forward 1.038 ms
[DEBUG  ] dreamplace.ops.electric_potential.electric_potential - density backward 0.291 ms
[DEBUG  ] dreamplace.ops.weighted_average_wirelength.weighted_average_wirelength - wirelength backward 0.102 ms
[INFO   ] DREAMPlace - optimizer step 8.880 ms
[INFO   ] DREAMPlace - iteration   27, (   1,  3,  1), Obj 1.453994E+03, NetCrossing 1.023E+02, NetCrossingWeight 1.000000E+00, DensityWeight 1.057970E-06, HPWL 1.351007E+03, Overflow 4.422694E-01, MaxDensity 8.187E+00, MacroOverlap 1.615E+02, MacroOverlapWeight 8.000000E-06, gamma 5.111616E-01, time 3.084ms
[INFO   ] DREAMPlace - full step 12.469 ms
[DEBUG  ] dreamplace.ops.weighted_average_wirelength.weighted_average_wirelength - wirelength forward 0.069 ms
[DEBUG  ] dreamplace.ops.electric_potential.electric_potential - density forward 1.042 ms
[DEBUG  ] dreamplace.ops.electric_potential.electric_potential - density backward 0.311 ms
[DEBUG  ] dreamplace.ops.weighted_average_wirelength.weighted_average_wirelength - wirelength backward 0.116 ms
[INFO   ] DREAMPlace - optimizer step 9.140 ms
[INFO   ] DREAMPlace - iteration   28, (   1,  4,  0), Obj 1.674738E+03, NetCrossing 1.125E+02, NetCrossingWeight 1.000000E+00, DensityWeight 1.101695E-06, HPWL 1.565845E+03, Overflow 4.487720E-01, MaxDensity 8.839E+00, MacroOverlap 2.077E+02, MacroOverlapWeight 8.000000E-06, gamma 5.111616E-01, time 3.095ms
[INFO   ] DREAMPlace - full step 12.730 ms
[DEBUG  ] dreamplace.ops.weighted_average_wirelength.weighted_average_wirelength - wirelength forward 0.069 ms
[DEBUG  ] dreamplace.ops.electric_potential.electric_potential - density forward 1.053 ms
[DEBUG  ] dreamplace.ops.electric_potential.electric_potential - density backward 0.355 ms
[DEBUG  ] dreamplace.ops.weighted_average_wirelength.weighted_average_wirelength - wirelength backward 0.125 ms
[INFO   ] DREAMPlace - optimizer step 9.532 ms
[INFO   ] DREAMPlace - iteration   29, (   1,  4,  1), Obj 1.492612E+03, NetCrossing 1.127E+02, NetCrossingWeight 1.000000E+00, DensityWeight 1.101695E-06, HPWL 1.386304E+03, Overflow 4.500121E-01, MaxDensity 8.701E+00, MacroOverlap 1.924E+02, MacroOverlapWeight 8.000000E-06, gamma 5.111616E-01, time 3.108ms
[INFO   ] DREAMPlace - full step 13.140 ms
[DEBUG  ] dreamplace.ops.weighted_average_wirelength.weighted_average_wirelength - wirelength forward 0.068 ms
[DEBUG  ] dreamplace.ops.electric_potential.electric_potential - density forward 1.038 ms
[DEBUG  ] dreamplace.ops.electric_potential.electric_potential - density backward 0.355 ms
[DEBUG  ] dreamplace.ops.weighted_average_wirelength.weighted_average_wirelength - wirelength backward 0.125 ms
[INFO   ] DREAMPlace - optimizer step 9.745 ms
[INFO   ] DREAMPlace - iteration   30, (   1,  5,  0), Obj 1.527361E+03, NetCrossing 1.070E+02, NetCrossingWeight 1.000000E+00, DensityWeight 1.148830E-06, HPWL 1.418908E+03, Overflow 4.479419E-01, MaxDensity 8.077E+00, MacroOverlap 2.224E+02, MacroOverlapWeight 8.000000E-06, gamma 5.111616E-01, time 3.090ms
[INFO   ] DREAMPlace - full step 13.327 ms
[DEBUG  ] dreamplace.ops.weighted_average_wirelength.weighted_average_wirelength - wirelength forward 0.068 ms
[DEBUG  ] dreamplace.ops.electric_potential.electric_potential - density forward 1.054 ms
[DEBUG  ] dreamplace.ops.electric_potential.electric_potential - density backward 0.356 ms
[DEBUG  ] dreamplace.ops.weighted_average_wirelength.weighted_average_wirelength - wirelength backward 0.076 ms
[INFO   ] DREAMPlace - optimizer step 9.447 ms
[INFO   ] DREAMPlace - iteration   31, (   1,  5,  1), Obj 1.450860E+03, NetCrossing 1.064E+02, NetCrossingWeight 1.000000E+00, DensityWeight 1.148830E-06, HPWL 1.343592E+03, Overflow 4.411299E-01, MaxDensity 7.456E+00, MacroOverlap 1.910E+02, MacroOverlapWeight 8.000000E-06, gamma 5.111616E-01, time 3.105ms
[INFO   ] DREAMPlace - full step 13.051 ms
[DEBUG  ] dreamplace.ops.weighted_average_wirelength.weighted_average_wirelength - wirelength forward 0.069 ms
[DEBUG  ] dreamplace.ops.electric_potential.electric_potential - density forward 1.169 ms
[DEBUG  ] dreamplace.ops.electric_potential.electric_potential - density backward 0.242 ms
[DEBUG  ] dreamplace.ops.weighted_average_wirelength.weighted_average_wirelength - wirelength backward 0.101 ms
[DEBUG  ] dreamplace.ops.weighted_average_wirelength.weighted_average_wirelength - wirelength forward 0.069 ms
[DEBUG  ] dreamplace.ops.electric_potential.electric_potential - density forward 1.074 ms
[DEBUG  ] dreamplace.ops.electric_potential.electric_potential - density backward 0.294 ms
[DEBUG  ] dreamplace.ops.weighted_average_wirelength.weighted_average_wirelength - wirelength backward 0.102 ms
[INFO   ] DREAMPlace - optimizer step 17.206 ms
[INFO   ] DREAMPlace - iteration   32, (   1,  6,  0), Obj 1.510648E+03, NetCrossing 9.578E+01, NetCrossingWeight 1.000000E+00, DensityWeight 1.196071E-06, HPWL 1.414769E+03, Overflow 4.381430E-01, MaxDensity 7.357E+00, MacroOverlap 2.224E+02, MacroOverlapWeight 8.000000E-06, gamma 5.111616E-01, time 3.171ms
[INFO   ] DREAMPlace - full step 20.863 ms
[DEBUG  ] dreamplace.ops.weighted_average_wirelength.weighted_average_wirelength - wirelength forward 0.069 ms
[DEBUG  ] dreamplace.ops.electric_potential.electric_potential - density forward 1.042 ms
[DEBUG  ] dreamplace.ops.electric_potential.electric_potential - density backward 0.232 ms
[DEBUG  ] dreamplace.ops.weighted_average_wirelength.weighted_average_wirelength - wirelength backward 0.068 ms
[INFO   ] DREAMPlace - optimizer step 7.778 ms
[INFO   ] DREAMPlace - iteration   33, (   1,  6,  1), Obj 1.383115E+03, NetCrossing 1.099E+02, NetCrossingWeight 1.000000E+00, DensityWeight 1.196071E-06, HPWL 1.274838E+03, Overflow 4.374504E-01, MaxDensity 8.382E+00, MacroOverlap 1.987E+02, MacroOverlapWeight 8.000000E-06, gamma 5.111616E-01, time 3.107ms
[INFO   ] DREAMPlace - full step 11.379 ms
[DEBUG  ] dreamplace.ops.weighted_average_wirelength.weighted_average_wirelength - wirelength forward 0.068 ms
[DEBUG  ] dreamplace.ops.electric_potential.electric_potential - density forward 1.044 ms
[DEBUG  ] dreamplace.ops.electric_potential.electric_potential - density backward 0.311 ms
[DEBUG  ] dreamplace.ops.weighted_average_wirelength.weighted_average_wirelength - wirelength backward 0.109 ms
[DEBUG  ] dreamplace.ops.weighted_average_wirelength.weighted_average_wirelength - wirelength forward 0.069 ms
[DEBUG  ] dreamplace.ops.electric_potential.electric_potential - density forward 1.048 ms
[DEBUG  ] dreamplace.ops.electric_potential.electric_potential - density backward 0.312 ms
[DEBUG  ] dreamplace.ops.weighted_average_wirelength.weighted_average_wirelength - wirelength backward 0.109 ms
[DEBUG  ] dreamplace.ops.weighted_average_wirelength.weighted_average_wirelength - wirelength forward 0.078 ms
[DEBUG  ] dreamplace.ops.electric_potential.electric_potential - density forward 1.046 ms
[DEBUG  ] dreamplace.ops.electric_potential.electric_potential - density backward 0.224 ms
[DEBUG  ] dreamplace.ops.weighted_average_wirelength.weighted_average_wirelength - wirelength backward 0.063 ms
[DEBUG  ] dreamplace.ops.weighted_average_wirelength.weighted_average_wirelength - wirelength forward 0.069 ms
[DEBUG  ] dreamplace.ops.electric_potential.electric_potential - density forward 1.118 ms
[DEBUG  ] dreamplace.ops.electric_potential.electric_potential - density backward 0.223 ms
[DEBUG  ] dreamplace.ops.weighted_average_wirelength.weighted_average_wirelength - wirelength backward 0.063 ms
[INFO   ] DREAMPlace - optimizer step 33.002 ms
[INFO   ] DREAMPlace - iteration   34, (   1,  7,  0), Obj 1.319913E+03, NetCrossing 9.872E+01, NetCrossingWeight 1.000000E+00, DensityWeight 1.245130E-06, HPWL 1.224192E+03, Overflow 4.329010E-01, MaxDensity 7.734E+00, MacroOverlap 1.813E+02, MacroOverlapWeight 8.000000E-06, gamma 5.111616E-01, time 3.093ms
[INFO   ] DREAMPlace - full step 36.616 ms
[DEBUG  ] dreamplace.ops.weighted_average_wirelength.weighted_average_wirelength - wirelength forward 0.074 ms
[DEBUG  ] dreamplace.ops.electric_potential.electric_potential - density forward 1.043 ms
[DEBUG  ] dreamplace.ops.electric_potential.electric_potential - density backward 0.262 ms
[DEBUG  ] dreamplace.ops.weighted_average_wirelength.weighted_average_wirelength - wirelength backward 0.083 ms
[INFO   ] DREAMPlace - optimizer step 8.303 ms
[INFO   ] DREAMPlace - iteration   35, (   1,  7,  1), Obj 1.222854E+03, NetCrossing 1.026E+02, NetCrossingWeight 1.000000E+00, DensityWeight 1.245130E-06, HPWL 1.127840E+03, Overflow 4.299271E-01, MaxDensity 8.910E+00, MacroOverlap 1.681E+02, MacroOverlapWeight 8.000000E-06, gamma 5.111616E-01, time 3.275ms
[INFO   ] DREAMPlace - full step 12.103 ms
[DEBUG  ] dreamplace.ops.weighted_average_wirelength.weighted_average_wirelength - wirelength forward 0.068 ms
[DEBUG  ] dreamplace.ops.electric_potential.electric_potential - density forward 1.042 ms
[DEBUG  ] dreamplace.ops.electric_potential.electric_potential - density backward 0.315 ms
[DEBUG  ] dreamplace.ops.weighted_average_wirelength.weighted_average_wirelength - wirelength backward 0.103 ms
[INFO   ] DREAMPlace - optimizer step 8.888 ms
[INFO   ] DREAMPlace - iteration   36, (   1,  8,  0), Obj 1.177756E+03, NetCrossing 9.605E+01, NetCrossingWeight 1.000000E+00, DensityWeight 1.296072E-06, HPWL 1.088495E+03, Overflow 4.250671E-01, MaxDensity 7.971E+00, MacroOverlap 1.642E+02, MacroOverlapWeight 8.000000E-06, gamma 5.111616E-01, time 3.105ms
[INFO   ] DREAMPlace - full step 12.520 ms
[DEBUG  ] dreamplace.ops.weighted_average_wirelength.weighted_average_wirelength - wirelength forward 0.069 ms
[DEBUG  ] dreamplace.ops.electric_potential.electric_potential - density forward 1.041 ms
[DEBUG  ] dreamplace.ops.electric_potential.electric_potential - density backward 0.327 ms
[DEBUG  ] dreamplace.ops.weighted_average_wirelength.weighted_average_wirelength - wirelength backward 0.124 ms
[INFO   ] DREAMPlace - optimizer step 9.144 ms
[INFO   ] DREAMPlace - iteration   37, (   1,  8,  1), Obj 1.171101E+03, NetCrossing 9.204E+01, NetCrossingWeight 1.000000E+00, DensityWeight 1.296072E-06, HPWL 1.083067E+03, Overflow 4.260148E-01, MaxDensity 8.270E+00, MacroOverlap 1.531E+02, MacroOverlapWeight 8.000000E-06, gamma 5.111616E-01, time 3.107ms
[INFO   ] DREAMPlace - full step 12.747 ms
[DEBUG  ] dreamplace.ops.weighted_average_wirelength.weighted_average_wirelength - wirelength forward 0.067 ms
[DEBUG  ] dreamplace.ops.electric_potential.electric_potential - density forward 1.054 ms
[DEBUG  ] dreamplace.ops.electric_potential.electric_potential - density backward 0.359 ms
[DEBUG  ] dreamplace.ops.weighted_average_wirelength.weighted_average_wirelength - wirelength backward 0.127 ms
[INFO   ] DREAMPlace - optimizer step 9.482 ms
[INFO   ] DREAMPlace - iteration   38, (   1,  9,  0), Obj 1.124764E+03, NetCrossing 9.032E+01, NetCrossingWeight 1.000000E+00, DensityWeight 1.348963E-06, HPWL 1.039810E+03, Overflow 4.195753E-01, MaxDensity 8.491E+00, MacroOverlap 1.510E+02, MacroOverlapWeight 8.000000E-06, gamma 5.111616E-01, time 3.141ms
[INFO   ] DREAMPlace - full step 13.133 ms
[DEBUG  ] dreamplace.ops.weighted_average_wirelength.weighted_average_wirelength - wirelength forward 0.067 ms
[DEBUG  ] dreamplace.ops.electric_potential.electric_potential - density forward 1.043 ms
[DEBUG  ] dreamplace.ops.electric_potential.electric_potential - density backward 0.354 ms
[DEBUG  ] dreamplace.ops.weighted_average_wirelength.weighted_average_wirelength - wirelength backward 0.126 ms
[INFO   ] DREAMPlace - optimizer step 9.705 ms
[INFO   ] DREAMPlace - iteration   39, (   1,  9,  1), Obj 1.200535E+03, NetCrossing 8.262E+01, NetCrossingWeight 1.000000E+00, DensityWeight 1.348963E-06, HPWL 1.116422E+03, Overflow 4.172140E-01, MaxDensity 1.012E+01, MacroOverlap 1.527E+02, MacroOverlapWeight 8.000000E-06, gamma 5.111616E-01, time 3.095ms
[INFO   ] DREAMPlace - full step 13.329 ms
[INFO   ] DREAMPlace - Lsub stopping criteria: 1 and 1200.54 > 1124.76 * 0.999
[DEBUG  ] dreamplace.ops.weighted_average_wirelength.weighted_average_wirelength - wirelength forward 0.069 ms
[DEBUG  ] dreamplace.ops.electric_potential.electric_potential - density forward 1.209 ms
[DEBUG  ] dreamplace.ops.electric_potential.electric_potential - density backward 0.373 ms
[DEBUG  ] dreamplace.ops.weighted_average_wirelength.weighted_average_wirelength - wirelength backward 0.082 ms
[INFO   ] DREAMPlace - optimizer step 9.387 ms
[INFO   ] DREAMPlace - iteration   40, (   2,  0,  0), Obj 1.201259E+03, NetCrossing 9.783E+01, NetCrossingWeight 1.000000E+00, DensityWeight 1.406678E-06, HPWL 1.105633E+03, Overflow 4.128386E-01, MaxDensity 8.702E+00, MacroOverlap 1.339E+02, MacroOverlapWeight 8.000000E-06, gamma 3.596508E-01, time 3.086ms
[INFO   ] DREAMPlace - full step 13.001 ms
[DEBUG  ] dreamplace.ops.weighted_average_wirelength.weighted_average_wirelength - wirelength forward 0.069 ms
[DEBUG  ] dreamplace.ops.electric_potential.electric_potential - density forward 1.197 ms
[DEBUG  ] dreamplace.ops.electric_potential.electric_potential - density backward 0.285 ms
[DEBUG  ] dreamplace.ops.weighted_average_wirelength.weighted_average_wirelength - wirelength backward 0.103 ms
[INFO   ] DREAMPlace - optimizer step 8.954 ms
[INFO   ] DREAMPlace - iteration   41, (   2,  0,  1), Obj 1.185227E+03, NetCrossing 8.987E+01, NetCrossingWeight 1.000000E+00, DensityWeight 1.406678E-06, HPWL 1.092092E+03, Overflow 4.091765E-01, MaxDensity 8.497E+00, MacroOverlap 1.124E+02, MacroOverlapWeight 8.000000E-06, gamma 3.596508E-01, time 3.105ms
[INFO   ] DREAMPlace - full step 12.579 ms
[DEBUG  ] dreamplace.ops.weighted_average_wirelength.weighted_average_wirelength - wirelength forward 0.069 ms
[DEBUG  ] dreamplace.ops.electric_potential.electric_potential - density forward 1.039 ms
[DEBUG  ] dreamplace.ops.electric_potential.electric_potential - density backward 0.350 ms
[DEBUG  ] dreamplace.ops.weighted_average_wirelength.weighted_average_wirelength - wirelength backward 0.116 ms
[INFO   ] DREAMPlace - optimizer step 9.236 ms
[INFO   ] DREAMPlace - iteration   42, (   2,  1,  0), Obj 1.214020E+03, NetCrossing 8.035E+01, NetCrossingWeight 1.000000E+00, DensityWeight 1.463790E-06, HPWL 1.128996E+03, Overflow 4.109538E-01, MaxDensity 8.330E+00, MacroOverlap 1.064E+02, MacroOverlapWeight 8.000000E-06, gamma 3.596508E-01, time 3.104ms
[INFO   ] DREAMPlace - full step 12.853 ms
[DEBUG  ] dreamplace.ops.weighted_average_wirelength.weighted_average_wirelength - wirelength forward 0.069 ms
[DEBUG  ] dreamplace.ops.electric_potential.electric_potential - density forward 1.045 ms
[DEBUG  ] dreamplace.ops.electric_potential.electric_potential - density backward 0.356 ms
[DEBUG  ] dreamplace.ops.weighted_average_wirelength.weighted_average_wirelength - wirelength backward 0.126 ms
[INFO   ] DREAMPlace - optimizer step 9.614 ms
[INFO   ] DREAMPlace - iteration   43, (   2,  1,  1), Obj 1.159427E+03, NetCrossing 8.139E+01, NetCrossingWeight 1.000000E+00, DensityWeight 1.463790E-06, HPWL 1.073817E+03, Overflow 4.033070E-01, MaxDensity 8.500E+00, MacroOverlap 9.725E+01, MacroOverlapWeight 8.000000E-06, gamma 3.596508E-01, time 3.098ms
[INFO   ] DREAMPlace - full step 13.240 ms
[DEBUG  ] dreamplace.ops.weighted_average_wirelength.weighted_average_wirelength - wirelength forward 0.069 ms
[DEBUG  ] dreamplace.ops.electric_potential.electric_potential - density forward 1.063 ms
[DEBUG  ] dreamplace.ops.electric_potential.electric_potential - density backward 0.356 ms
[DEBUG  ] dreamplace.ops.weighted_average_wirelength.weighted_average_wirelength - wirelength backward 0.080 ms
[INFO   ] DREAMPlace - optimizer step 9.286 ms
[INFO   ] DREAMPlace - iteration   44, (   2,  2,  0), Obj 1.138624E+03, NetCrossing 8.071E+01, NetCrossingWeight 1.000000E+00, DensityWeight 1.523068E-06, HPWL 1.051126E+03, Overflow 4.052587E-01, MaxDensity 8.296E+00, MacroOverlap 9.771E+01, MacroOverlapWeight 8.000000E-06, gamma 3.596508E-01, time 3.095ms
[INFO   ] DREAMPlace - full step 12.868 ms
[DEBUG  ] dreamplace.ops.weighted_average_wirelength.weighted_average_wirelength - wirelength forward 0.067 ms
[DEBUG  ] dreamplace.ops.electric_potential.electric_potential - density forward 1.059 ms
[DEBUG  ] dreamplace.ops.electric_potential.electric_potential - density backward 0.263 ms
[DEBUG  ] dreamplace.ops.weighted_average_wirelength.weighted_average_wirelength - wirelength backward 0.103 ms
[INFO   ] DREAMPlace - optimizer step 8.357 ms
[INFO   ] DREAMPlace - iteration   45, (   2,  2,  1), Obj 1.210248E+03, NetCrossing 8.450E+01, NetCrossingWeight 1.000000E+00, DensityWeight 1.523068E-06, HPWL 1.118401E+03, Overflow 4.052672E-01, MaxDensity 8.105E+00, MacroOverlap 8.980E+01, MacroOverlapWeight 8.000000E-06, gamma 3.596508E-01, time 3.101ms
[INFO   ] DREAMPlace - full step 11.954 ms
[INFO   ] DREAMPlace - Lsub stopping criteria: 1 and 1210.25 > 1138.62 * 0.999
[DEBUG  ] dreamplace.ops.weighted_average_wirelength.weighted_average_wirelength - wirelength forward 0.069 ms
[DEBUG  ] dreamplace.ops.electric_potential.electric_potential - density forward 1.098 ms
[DEBUG  ] dreamplace.ops.electric_potential.electric_potential - density backward 0.349 ms
[DEBUG  ] dreamplace.ops.weighted_average_wirelength.weighted_average_wirelength - wirelength backward 0.118 ms
[INFO   ] DREAMPlace - optimizer step 9.302 ms
[INFO   ] DREAMPlace - iteration   46, (   2,  3,  0), Obj 1.119209E+03, NetCrossing 8.539E+01, NetCrossingWeight 1.000000E+00, DensityWeight 1.588230E-06, HPWL 1.029964E+03, Overflow 3.992600E-01, MaxDensity 8.155E+00, MacroOverlap 7.983E+01, MacroOverlapWeight 8.000000E-06, gamma 3.596508E-01, time 3.088ms
[INFO   ] DREAMPlace - full step 12.898 ms
[DEBUG  ] dreamplace.ops.weighted_average_wirelength.weighted_average_wirelength - wirelength forward 0.069 ms
[DEBUG  ] dreamplace.ops.electric_potential.electric_potential - density forward 1.047 ms
[DEBUG  ] dreamplace.ops.electric_potential.electric_potential - density backward 0.346 ms
[DEBUG  ] dreamplace.ops.weighted_average_wirelength.weighted_average_wirelength - wirelength backward 0.118 ms
[INFO   ] DREAMPlace - optimizer step 9.470 ms
[INFO   ] DREAMPlace - iteration   47, (   2,  3,  1), Obj 1.152333E+03, NetCrossing 7.934E+01, NetCrossingWeight 1.000000E+00, DensityWeight 1.588230E-06, HPWL 1.064847E+03, Overflow 3.973494E-01, MaxDensity 7.891E+00, MacroOverlap 6.789E+01, MacroOverlapWeight 8.000000E-06, gamma 3.596508E-01, time 3.076ms
[INFO   ] DREAMPlace - full step 13.072 ms
[INFO   ] DREAMPlace - Lsub stopping criteria: 1 and 1152.33 > 1119.21 * 0.999
[DEBUG  ] dreamplace.ops.weighted_average_wirelength.weighted_average_wirelength - wirelength forward 0.069 ms
[DEBUG  ] dreamplace.ops.electric_potential.electric_potential - density forward 1.053 ms
[DEBUG  ] dreamplace.ops.electric_potential.electric_potential - density backward 0.269 ms
[DEBUG  ] dreamplace.ops.weighted_average_wirelength.weighted_average_wirelength - wirelength backward 0.076 ms
[INFO   ] DREAMPlace - optimizer step 8.059 ms
[INFO   ] DREAMPlace - iteration   48, (   2,  4,  0), Obj 1.104846E+03, NetCrossing 7.580E+01, NetCrossingWeight 1.000000E+00, DensityWeight 1.652217E-06, HPWL 1.021190E+03, Overflow 3.965327E-01, MaxDensity 9.849E+00, MacroOverlap 7.384E+01, MacroOverlapWeight 8.000000E-06, gamma 3.596508E-01, time 3.105ms
[INFO   ] DREAMPlace - full step 11.689 ms
[DEBUG  ] dreamplace.ops.weighted_average_wirelength.weighted_average_wirelength - wirelength forward 0.067 ms
[DEBUG  ] dreamplace.ops.electric_potential.electric_potential - density forward 0.978 ms
[DEBUG  ] dreamplace.ops.electric_potential.electric_potential - density backward 0.312 ms
[DEBUG  ] dreamplace.ops.weighted_average_wirelength.weighted_average_wirelength - wirelength backward 0.096 ms
[INFO   ] DREAMPlace - optimizer step 8.387 ms
[INFO   ] DREAMPlace - iteration   49, (   2,  4,  1), Obj 1.150627E+03, NetCrossing 8.805E+01, NetCrossingWeight 1.000000E+00, DensityWeight 1.652217E-06, HPWL 1.057863E+03, Overflow 3.943679E-01, MaxDensity 8.667E+00, MacroOverlap 6.805E+01, MacroOverlapWeight 8.000000E-06, gamma 3.596508E-01, time 3.096ms
[INFO   ] DREAMPlace - full step 11.982 ms
[INFO   ] DREAMPlace - Lsub stopping criteria: 1 and 1150.63 > 1104.85 * 0.999
[DEBUG  ] dreamplace.ops.weighted_average_wirelength.weighted_average_wirelength - wirelength forward 0.063 ms
[DEBUG  ] dreamplace.ops.electric_potential.electric_potential - density forward 0.952 ms
[DEBUG  ] dreamplace.ops.electric_potential.electric_potential - density backward 0.327 ms
[DEBUG  ] dreamplace.ops.weighted_average_wirelength.weighted_average_wirelength - wirelength backward 0.110 ms
[INFO   ] DREAMPlace - optimizer step 8.731 ms
[INFO   ] DREAMPlace - iteration   50, (   2,  5,  0), Obj 1.104122E+03, NetCrossing 7.806E+01, NetCrossingWeight 1.000000E+00, DensityWeight 1.718610E-06, HPWL 1.015431E+03, Overflow 3.947155E-01, MaxDensity 9.957E+00, MacroOverlap 6.358E+01, MacroOverlapWeight 8.000000E-06, gamma 3.596508E-01, time 2.851ms
[INFO   ] DREAMPlace - full step 12.020 ms
[DEBUG  ] dreamplace.ops.weighted_average_wirelength.weighted_average_wirelength - wirelength forward 0.062 ms
[DEBUG  ] dreamplace.ops.electric_potential.electric_potential - density forward 2.371 ms
[DEBUG  ] dreamplace.ops.electric_potential.electric_potential - density backward 0.371 ms
[DEBUG  ] dreamplace.ops.weighted_average_wirelength.weighted_average_wirelength - wirelength backward 0.126 ms
[DEBUG  ] dreamplace.ops.weighted_average_wirelength.weighted_average_wirelength - wirelength forward 0.064 ms
[DEBUG  ] dreamplace.ops.electric_potential.electric_potential - density forward 3.149 ms
[DEBUG  ] dreamplace.ops.electric_potential.electric_potential - density backward 0.343 ms
[DEBUG  ] dreamplace.ops.weighted_average_wirelength.weighted_average_wirelength - wirelength backward 0.079 ms
[INFO   ] DREAMPlace - optimizer step 21.545 ms
[INFO   ] DREAMPlace - iteration   51, (   2,  5,  1), Obj 1.181842E+03, NetCrossing 7.520E+01, NetCrossingWeight 1.000000E+00, DensityWeight 1.718610E-06, HPWL 1.098673E+03, Overflow 3.859598E-01, MaxDensity 8.659E+00, MacroOverlap 5.313E+01, MacroOverlapWeight 8.000000E-06, gamma 3.596508E-01, time 2.908ms
[INFO   ] DREAMPlace - full step 24.931 ms
[INFO   ] DREAMPlace - Lsub stopping criteria: 1 and 1181.84 > 1104.12 * 0.999
[DEBUG  ] dreamplace.ops.weighted_average_wirelength.weighted_average_wirelength - wirelength forward 0.062 ms
[DEBUG  ] dreamplace.ops.electric_potential.electric_potential - density forward 0.982 ms
[DEBUG  ] dreamplace.ops.electric_potential.electric_potential - density backward 0.315 ms
[DEBUG  ] dreamplace.ops.weighted_average_wirelength.weighted_average_wirelength - wirelength backward 0.103 ms
[INFO   ] DREAMPlace - optimizer step 8.400 ms
[INFO   ] DREAMPlace - iteration   52, (   2,  6,  0), Obj 1.068241E+03, NetCrossing 8.019E+01, NetCrossingWeight 1.000000E+00, DensityWeight 1.792140E-06, HPWL 9.850314E+02, Overflow 3.824530E-01, MaxDensity 8.377E+00, MacroOverlap 4.869E+01, MacroOverlapWeight 8.000000E-06, gamma 3.596508E-01, time 3.907ms
[INFO   ] DREAMPlace - full step 12.801 ms
[DEBUG  ] dreamplace.ops.weighted_average_wirelength.weighted_average_wirelength - wirelength forward 0.061 ms
[DEBUG  ] dreamplace.ops.electric_potential.electric_potential - density forward 0.952 ms
[DEBUG  ] dreamplace.ops.electric_potential.electric_potential - density backward 0.324 ms
[DEBUG  ] dreamplace.ops.weighted_average_wirelength.weighted_average_wirelength - wirelength backward 0.109 ms
[INFO   ] DREAMPlace - optimizer step 8.689 ms
[INFO   ] DREAMPlace - iteration   53, (   2,  6,  1), Obj 1.055498E+03, NetCrossing 7.650E+01, NetCrossingWeight 1.000000E+00, DensityWeight 1.792140E-06, HPWL 9.701891E+02, Overflow 3.855554E-01, MaxDensity 8.387E+00, MacroOverlap 5.339E+01, MacroOverlapWeight 8.000000E-06, gamma 3.596508E-01, time 2.912ms
[INFO   ] DREAMPlace - full step 12.054 ms
[DEBUG  ] dreamplace.ops.weighted_average_wirelength.weighted_average_wirelength - wirelength forward 0.062 ms
[DEBUG  ] dreamplace.ops.electric_potential.electric_potential - density forward 0.971 ms
[DEBUG  ] dreamplace.ops.electric_potential.electric_potential - density backward 0.337 ms
[DEBUG  ] dreamplace.ops.weighted_average_wirelength.weighted_average_wirelength - wirelength backward 0.117 ms
[INFO   ] DREAMPlace - optimizer step 9.080 ms
[INFO   ] DREAMPlace - iteration   54, (   2,  7,  0), Obj 1.067235E+03, NetCrossing 7.753E+01, NetCrossingWeight 1.000000E+00, DensityWeight 1.863782E-06, HPWL 9.844991E+02, Overflow 3.888202E-01, MaxDensity 8.846E+00, MacroOverlap 5.789E+01, MacroOverlapWeight 8.000000E-06, gamma 3.596508E-01, time 2.923ms
[INFO   ] DREAMPlace - full step 12.463 ms
[DEBUG  ] dreamplace.ops.weighted_average_wirelength.weighted_average_wirelength - wirelength forward 0.063 ms
[DEBUG  ] dreamplace.ops.electric_potential.electric_potential - density forward 0.926 ms
[DEBUG  ] dreamplace.ops.electric_potential.electric_potential - density backward 0.344 ms
[DEBUG  ] dreamplace.ops.weighted_average_wirelength.weighted_average_wirelength - wirelength backward 0.117 ms
[DEBUG  ] dreamplace.ops.weighted_average_wirelength.weighted_average_wirelength - wirelength forward 0.061 ms
[DEBUG  ] dreamplace.ops.electric_potential.electric_potential - density forward 0.989 ms
[DEBUG  ] dreamplace.ops.electric_potential.electric_potential - density backward 0.252 ms
[DEBUG  ] dreamplace.ops.weighted_average_wirelength.weighted_average_wirelength - wirelength backward 0.071 ms
[INFO   ] DREAMPlace - optimizer step 16.260 ms
[INFO   ] DREAMPlace - iteration   55, (   2,  7,  1), Obj 1.033894E+03, NetCrossing 7.022E+01, NetCrossingWeight 1.000000E+00, DensityWeight 1.863782E-06, HPWL 9.556467E+02, Overflow 3.899471E-01, MaxDensity 8.898E+00, MacroOverlap 5.552E+01, MacroOverlapWeight 8.000000E-06, gamma 3.596508E-01, time 2.930ms
[INFO   ] DREAMPlace - full step 19.662 ms
[DEBUG  ] dreamplace.ops.weighted_average_wirelength.weighted_average_wirelength - wirelength forward 0.061 ms
[DEBUG  ] dreamplace.ops.electric_potential.electric_potential - density forward 0.972 ms
[DEBUG  ] dreamplace.ops.electric_potential.electric_potential - density backward 0.249 ms
[DEBUG  ] dreamplace.ops.weighted_average_wirelength.weighted_average_wirelength - wirelength backward 0.071 ms
[INFO   ] DREAMPlace - optimizer step 7.551 ms
[INFO   ] DREAMPlace - iteration   56, (   2,  8,  0), Obj 9.395195E+02, NetCrossing 7.467E+01, NetCrossingWeight 1.000000E+00, DensityWeight 1.938095E-06, HPWL 8.591730E+02, Overflow 3.866073E-01, MaxDensity 8.712E+00, MacroOverlap 5.501E+01, MacroOverlapWeight 8.000000E-06, gamma 3.596508E-01, time 2.937ms
[INFO   ] DREAMPlace - full step 10.922 ms
[DEBUG  ] dreamplace.ops.weighted_average_wirelength.weighted_average_wirelength - wirelength forward 0.058 ms
[DEBUG  ] dreamplace.ops.electric_potential.electric_potential - density forward 1.032 ms
[DEBUG  ] dreamplace.ops.electric_potential.electric_potential - density backward 0.291 ms
[DEBUG  ] dreamplace.ops.weighted_average_wirelength.weighted_average_wirelength - wirelength backward 0.091 ms
[INFO   ] DREAMPlace - optimizer step 8.163 ms
[INFO   ] DREAMPlace - iteration   57, (   2,  8,  1), Obj 9.754214E+02, NetCrossing 7.454E+01, NetCrossingWeight 1.000000E+00, DensityWeight 1.938095E-06, HPWL 8.952034E+02, Overflow 3.883107E-01, MaxDensity 8.435E+00, MacroOverlap 5.139E+01, MacroOverlapWeight 8.000000E-06, gamma 3.596508E-01, time 2.841ms
[INFO   ] DREAMPlace - full step 11.447 ms
[INFO   ] DREAMPlace - Lsub stopping criteria: 1 and 975.421 > 939.52 * 0.999
[DEBUG  ] dreamplace.ops.weighted_average_wirelength.weighted_average_wirelength - wirelength forward 0.059 ms
[DEBUG  ] dreamplace.ops.electric_potential.electric_potential - density forward 0.926 ms
[DEBUG  ] dreamplace.ops.electric_potential.electric_potential - density backward 0.311 ms
[DEBUG  ] dreamplace.ops.weighted_average_wirelength.weighted_average_wirelength - wirelength backward 0.102 ms
[INFO   ] DREAMPlace - optimizer step 8.411 ms
[INFO   ] DREAMPlace - iteration   58, (   2,  9,  0), Obj 9.921304E+02, NetCrossing 6.677E+01, NetCrossingWeight 1.000000E+00, DensityWeight 2.015170E-06, HPWL 9.170401E+02, Overflow 3.830867E-01, MaxDensity 9.543E+00, MacroOverlap 4.439E+01, MacroOverlapWeight 8.000000E-06, gamma 3.596508E-01, time 2.893ms
[INFO   ] DREAMPlace - full step 11.745 ms
[DEBUG  ] dreamplace.ops.weighted_average_wirelength.weighted_average_wirelength - wirelength forward 0.060 ms
[DEBUG  ] dreamplace.ops.electric_potential.electric_potential - density forward 0.942 ms
[DEBUG  ] dreamplace.ops.electric_potential.electric_potential - density backward 0.322 ms
[DEBUG  ] dreamplace.ops.weighted_average_wirelength.weighted_average_wirelength - wirelength backward 0.109 ms
[INFO   ] DREAMPlace - optimizer step 8.696 ms
[INFO   ] DREAMPlace - iteration   59, (   2,  9,  1), Obj 9.791531E+02, NetCrossing 6.859E+01, NetCrossingWeight 1.000000E+00, DensityWeight 2.015170E-06, HPWL 9.068398E+02, Overflow 3.834273E-01, MaxDensity 9.054E+00, MacroOverlap 4.632E+01, MacroOverlapWeight 8.000000E-06, gamma 3.596508E-01, time 2.889ms
[INFO   ] DREAMPlace - full step 12.037 ms
[DEBUG  ] dreamplace.ops.weighted_average_wirelength.weighted_average_wirelength - wirelength forward 0.062 ms
[DEBUG  ] dreamplace.ops.electric_potential.electric_potential - density forward 0.971 ms
[DEBUG  ] dreamplace.ops.electric_potential.electric_potential - density backward 0.314 ms
[DEBUG  ] dreamplace.ops.weighted_average_wirelength.weighted_average_wirelength - wirelength backward 0.103 ms
[INFO   ] DREAMPlace - optimizer step 8.604 ms
[INFO   ] DREAMPlace - iteration   60, (   3,  0,  0), Obj 9.749169E+02, NetCrossing 6.539E+01, NetCrossingWeight 1.000000E+00, DensityWeight 2.101393E-06, HPWL 8.986686E+02, Overflow 3.848318E-01, MaxDensity 1.049E+01, MacroOverlap 5.501E+01, MacroOverlapWeight 8.000000E-06, gamma 3.025516E-01, time 2.919ms
[INFO   ] DREAMPlace - full step 11.980 ms
[DEBUG  ] dreamplace.ops.weighted_average_wirelength.weighted_average_wirelength - wirelength forward 0.062 ms
[DEBUG  ] dreamplace.ops.electric_potential.electric_potential - density forward 0.967 ms
[DEBUG  ] dreamplace.ops.electric_potential.electric_potential - density backward 0.333 ms
[DEBUG  ] dreamplace.ops.weighted_average_wirelength.weighted_average_wirelength - wirelength backward 0.109 ms
[INFO   ] DREAMPlace - optimizer step 8.854 ms
[INFO   ] DREAMPlace - iteration   61, (   3,  0,  1), Obj 1.050823E+03, NetCrossing 8.517E+01, NetCrossingWeight 1.000000E+00, DensityWeight 2.101393E-06, HPWL 9.575264E+02, Overflow 3.836108E-01, MaxDensity 8.333E+00, MacroOverlap 5.105E+01, MacroOverlapWeight 8.000000E-06, gamma 3.025516E-01, time 2.922ms
[INFO   ] DREAMPlace - full step 12.233 ms
[INFO   ] DREAMPlace - Lsub stopping criteria: 1 and 1050.82 > 974.917 * 0.999
[DEBUG  ] dreamplace.ops.weighted_average_wirelength.weighted_average_wirelength - wirelength forward 0.062 ms
[DEBUG  ] dreamplace.ops.electric_potential.electric_potential - density forward 1.088 ms
[DEBUG  ] dreamplace.ops.electric_potential.electric_potential - density backward 0.311 ms
[DEBUG  ] dreamplace.ops.weighted_average_wirelength.weighted_average_wirelength - wirelength backward 0.103 ms
[INFO   ] DREAMPlace - optimizer step 8.708 ms
[INFO   ] DREAMPlace - iteration   62, (   3,  1,  0), Obj 9.840915E+02, NetCrossing 6.657E+01, NetCrossingWeight 1.000000E+00, DensityWeight 2.191298E-06, HPWL 9.078663E+02, Overflow 3.791928E-01, MaxDensity 8.125E+00, MacroOverlap 5.159E+01, MacroOverlapWeight 8.000000E-06, gamma 3.025516E-01, time 2.923ms
[INFO   ] DREAMPlace - full step 12.141 ms
[DEBUG  ] dreamplace.ops.weighted_average_wirelength.weighted_average_wirelength - wirelength forward 0.062 ms
[DEBUG  ] dreamplace.ops.electric_potential.electric_potential - density forward 0.968 ms
[DEBUG  ] dreamplace.ops.electric_potential.electric_potential - density backward 0.323 ms
[DEBUG  ] dreamplace.ops.weighted_average_wirelength.weighted_average_wirelength - wirelength backward 0.109 ms
[INFO   ] DREAMPlace - optimizer step 8.832 ms
[INFO   ] DREAMPlace - iteration   63, (   3,  1,  1), Obj 1.028011E+03, NetCrossing 6.660E+01, NetCrossingWeight 1.000000E+00, DensityWeight 2.191298E-06, HPWL 9.476667E+02, Overflow 3.803048E-01, MaxDensity 8.861E+00, MacroOverlap 5.334E+01, MacroOverlapWeight 8.000000E-06, gamma 3.025516E-01, time 2.936ms
[INFO   ] DREAMPlace - full step 12.229 ms
[INFO   ] DREAMPlace - Lsub stopping criteria: 1 and 1028.01 > 984.091 * 0.999
[DEBUG  ] dreamplace.ops.weighted_average_wirelength.weighted_average_wirelength - wirelength forward 0.063 ms
[DEBUG  ] dreamplace.ops.electric_potential.electric_potential - density forward 0.967 ms
[DEBUG  ] dreamplace.ops.electric_potential.electric_potential - density backward 0.312 ms
[DEBUG  ] dreamplace.ops.weighted_average_wirelength.weighted_average_wirelength - wirelength backward 0.106 ms
[INFO   ] DREAMPlace - optimizer step 8.566 ms
[INFO   ] DREAMPlace - iteration   64, (   3,  2,  0), Obj 9.716581E+02, NetCrossing 6.482E+01, NetCrossingWeight 1.000000E+00, DensityWeight 2.277758E-06, HPWL 8.931538E+02, Overflow 3.771847E-01, MaxDensity 9.569E+00, MacroOverlap 5.606E+01, MacroOverlapWeight 8.000000E-06, gamma 3.025516E-01, time 2.961ms
[INFO   ] DREAMPlace - full step 12.000 ms
[DEBUG  ] dreamplace.ops.weighted_average_wirelength.weighted_average_wirelength - wirelength forward 0.063 ms
[DEBUG  ] dreamplace.ops.electric_potential.electric_potential - density forward 0.988 ms
[DEBUG  ] dreamplace.ops.electric_potential.electric_potential - density backward 0.335 ms
[DEBUG  ] dreamplace.ops.weighted_average_wirelength.weighted_average_wirelength - wirelength backward 0.109 ms
[INFO   ] DREAMPlace - optimizer step 9.058 ms
[INFO   ] DREAMPlace - iteration   65, (   3,  2,  1), Obj 1.005206E+03, NetCrossing 6.496E+01, NetCrossingWeight 1.000000E+00, DensityWeight 2.277758E-06, HPWL 9.328948E+02, Overflow 3.755453E-01, MaxDensity 8.784E+00, MacroOverlap 5.272E+01, MacroOverlapWeight 8.000000E-06, gamma 3.025516E-01, time 2.976ms
[INFO   ] DREAMPlace - full step 12.533 ms
[INFO   ] DREAMPlace - Lsub stopping criteria: 1 and 1005.21 > 971.658 * 0.999
[DEBUG  ] dreamplace.ops.weighted_average_wirelength.weighted_average_wirelength - wirelength forward 0.062 ms
[DEBUG  ] dreamplace.ops.electric_potential.electric_potential - density forward 0.995 ms
[DEBUG  ] dreamplace.ops.electric_potential.electric_potential - density backward 0.359 ms
[DEBUG  ] dreamplace.ops.weighted_average_wirelength.weighted_average_wirelength - wirelength backward 0.118 ms
[INFO   ] DREAMPlace - optimizer step 8.947 ms
[INFO   ] DREAMPlace - iteration   66, (   3,  3,  0), Obj 9.931500E+02, NetCrossing 6.905E+01, NetCrossingWeight 1.000000E+00, DensityWeight 2.367393E-06, HPWL 9.096063E+02, Overflow 3.708177E-01, MaxDensity 9.149E+00, MacroOverlap 4.381E+01, MacroOverlapWeight 8.000000E-06, gamma 3.025516E-01, time 2.927ms
[INFO   ] DREAMPlace - full step 12.351 ms
[DEBUG  ] dreamplace.ops.weighted_average_wirelength.weighted_average_wirelength - wirelength forward 0.064 ms
[DEBUG  ] dreamplace.ops.electric_potential.electric_potential - density forward 1.000 ms
[DEBUG  ] dreamplace.ops.electric_potential.electric_potential - density backward 0.357 ms
[DEBUG  ] dreamplace.ops.weighted_average_wirelength.weighted_average_wirelength - wirelength backward 0.120 ms
[INFO   ] DREAMPlace - optimizer step 9.174 ms
[INFO   ] DREAMPlace - iteration   67, (   3,  3,  1), Obj 1.025163E+03, NetCrossing 6.489E+01, NetCrossingWeight 1.000000E+00, DensityWeight 2.367393E-06, HPWL 9.482224E+02, Overflow 3.711388E-01, MaxDensity 8.378E+00, MacroOverlap 3.879E+01, MacroOverlapWeight 8.000000E-06, gamma 3.025516E-01, time 2.978ms
[INFO   ] DREAMPlace - full step 12.629 ms
[INFO   ] DREAMPlace - Lsub stopping criteria: 1 and 1025.16 > 993.15 * 0.999
[DEBUG  ] dreamplace.ops.weighted_average_wirelength.weighted_average_wirelength - wirelength forward 0.063 ms
[DEBUG  ] dreamplace.ops.electric_potential.electric_potential - density forward 0.999 ms
[DEBUG  ] dreamplace.ops.electric_potential.electric_potential - density backward 0.358 ms
[DEBUG  ] dreamplace.ops.weighted_average_wirelength.weighted_average_wirelength - wirelength backward 0.117 ms
[INFO   ] DREAMPlace - optimizer step 9.204 ms
[INFO   ] DREAMPlace - iteration   68, (   3,  4,  0), Obj 9.998378E+02, NetCrossing 6.761E+01, NetCrossingWeight 1.000000E+00, DensityWeight 2.468686E-06, HPWL 9.217439E+02, Overflow 3.749734E-01, MaxDensity 8.805E+00, MacroOverlap 3.883E+01, MacroOverlapWeight 8.000000E-06, gamma 3.025516E-01, time 3.131ms
[INFO   ] DREAMPlace - full step 12.816 ms
[DEBUG  ] dreamplace.ops.weighted_average_wirelength.weighted_average_wirelength - wirelength forward 0.066 ms
[DEBUG  ] dreamplace.ops.electric_potential.electric_potential - density forward 1.004 ms
[DEBUG  ] dreamplace.ops.electric_potential.electric_potential - density backward 0.270 ms
[DEBUG  ] dreamplace.ops.weighted_average_wirelength.weighted_average_wirelength - wirelength backward 0.082 ms
[INFO   ] DREAMPlace - optimizer step 8.019 ms
[INFO   ] DREAMPlace - iteration   69, (   3,  4,  1), Obj 9.576023E+02, NetCrossing 6.583E+01, NetCrossingWeight 1.000000E+00, DensityWeight 2.468686E-06, HPWL 8.791676E+02, Overflow 3.716805E-01, MaxDensity 8.643E+00, MacroOverlap 3.973E+01, MacroOverlapWeight 8.000000E-06, gamma 3.025516E-01, time 3.001ms
[INFO   ] DREAMPlace - full step 11.516 ms
[DEBUG  ] dreamplace.ops.weighted_average_wirelength.weighted_average_wirelength - wirelength forward 0.065 ms
[DEBUG  ] dreamplace.ops.electric_potential.electric_potential - density forward 0.932 ms
[DEBUG  ] dreamplace.ops.electric_potential.electric_potential - density backward 0.311 ms
[DEBUG  ] dreamplace.ops.weighted_average_wirelength.weighted_average_wirelength - wirelength backward 0.102 ms
[INFO   ] DREAMPlace - optimizer step 8.481 ms
[INFO   ] DREAMPlace - iteration   70, (   3,  5,  0), Obj 1.054262E+03, NetCrossing 7.359E+01, NetCrossingWeight 1.000000E+00, DensityWeight 2.565321E-06, HPWL 9.667712E+02, Overflow 3.729808E-01, MaxDensity 8.505E+00, MacroOverlap 3.590E+01, MacroOverlapWeight 8.000000E-06, gamma 3.025516E-01, time 3.004ms
[INFO   ] DREAMPlace - full step 11.948 ms
[DEBUG  ] dreamplace.ops.weighted_average_wirelength.weighted_average_wirelength - wirelength forward 0.060 ms
[DEBUG  ] dreamplace.ops.electric_potential.electric_potential - density forward 0.958 ms
[DEBUG  ] dreamplace.ops.electric_potential.electric_potential - density backward 0.339 ms
[DEBUG  ] dreamplace.ops.weighted_average_wirelength.weighted_average_wirelength - wirelength backward 0.110 ms
[INFO   ] DREAMPlace - optimizer step 8.800 ms
[INFO   ] DREAMPlace - iteration   71, (   3,  5,  1), Obj 1.068495E+03, NetCrossing 5.988E+01, NetCrossingWeight 1.000000E+00, DensityWeight 2.565321E-06, HPWL 9.950654E+02, Overflow 3.709067E-01, MaxDensity 7.704E+00, MacroOverlap 3.525E+01, MacroOverlapWeight 8.000000E-06, gamma 3.025516E-01, time 2.859ms
[INFO   ] DREAMPlace - full step 12.109 ms
[INFO   ] DREAMPlace - Lsub stopping criteria: 1 and 1068.5 > 1054.26 * 0.999
[DEBUG  ] dreamplace.ops.weighted_average_wirelength.weighted_average_wirelength - wirelength forward 0.061 ms
[DEBUG  ] dreamplace.ops.electric_potential.electric_potential - density forward 0.975 ms
[DEBUG  ] dreamplace.ops.electric_potential.electric_potential - density backward 0.311 ms
[DEBUG  ] dreamplace.ops.weighted_average_wirelength.weighted_average_wirelength - wirelength backward 0.103 ms
[INFO   ] DREAMPlace - optimizer step 8.551 ms
[INFO   ] DREAMPlace - iteration   72, (   3,  6,  0), Obj 1.042138E+03, NetCrossing 5.787E+01, NetCrossingWeight 1.000000E+00, DensityWeight 2.675058E-06, HPWL 9.687294E+02, Overflow 3.714708E-01, MaxDensity 8.798E+00, MacroOverlap 3.922E+01, MacroOverlapWeight 8.000000E-06, gamma 3.025516E-01, time 2.899ms
[INFO   ] DREAMPlace - full step 11.911 ms
[DEBUG  ] dreamplace.ops.weighted_average_wirelength.weighted_average_wirelength - wirelength forward 0.072 ms
[DEBUG  ] dreamplace.ops.electric_potential.electric_potential - density forward 0.959 ms
[DEBUG  ] dreamplace.ops.electric_potential.electric_potential - density backward 0.334 ms
[DEBUG  ] dreamplace.ops.weighted_average_wirelength.weighted_average_wirelength - wirelength backward 0.116 ms
[INFO   ] DREAMPlace - optimizer step 9.002 ms
[INFO   ] DREAMPlace - iteration   73, (   3,  6,  1), Obj 1.090061E+03, NetCrossing 5.974E+01, NetCrossingWeight 1.000000E+00, DensityWeight 2.675058E-06, HPWL 1.006492E+03, Overflow 3.747922E-01, MaxDensity 7.286E+00, MacroOverlap 4.606E+01, MacroOverlapWeight 8.000000E-06, gamma 3.025516E-01, time 2.971ms
[INFO   ] DREAMPlace - full step 12.431 ms
[INFO   ] DREAMPlace - Lsub stopping criteria: 1 and 1090.06 > 1042.14 * 0.999
[DEBUG  ] dreamplace.ops.weighted_average_wirelength.weighted_average_wirelength - wirelength forward 0.064 ms
[DEBUG  ] dreamplace.ops.electric_potential.electric_potential - density forward 0.999 ms
[DEBUG  ] dreamplace.ops.electric_potential.electric_potential - density backward 0.345 ms
[DEBUG  ] dreamplace.ops.weighted_average_wirelength.weighted_average_wirelength - wirelength backward 0.126 ms
[INFO   ] DREAMPlace - optimizer step 9.023 ms
[INFO   ] DREAMPlace - iteration   74, (   3,  7,  0), Obj 1.047707E+03, NetCrossing 6.135E+01, NetCrossingWeight 1.000000E+00, DensityWeight 2.789516E-06, HPWL 9.726833E+02, Overflow 3.734696E-01, MaxDensity 9.699E+00, MacroOverlap 4.327E+01, MacroOverlapWeight 8.000000E-06, gamma 3.025516E-01, time 2.979ms
[INFO   ] DREAMPlace - full step 12.463 ms
[DEBUG  ] dreamplace.ops.weighted_average_wirelength.weighted_average_wirelength - wirelength forward 0.063 ms
[DEBUG  ] dreamplace.ops.electric_potential.electric_potential - density forward 1.006 ms
[DEBUG  ] dreamplace.ops.electric_potential.electric_potential - density backward 0.344 ms
[DEBUG  ] dreamplace.ops.weighted_average_wirelength.weighted_average_wirelength - wirelength backward 0.117 ms
[INFO   ] DREAMPlace - optimizer step 9.333 ms
[INFO   ] DREAMPlace - iteration   75, (   3,  7,  1), Obj 1.022463E+03, NetCrossing 6.615E+01, NetCrossingWeight 1.000000E+00, DensityWeight 2.789516E-06, HPWL 9.411233E+02, Overflow 3.741507E-01, MaxDensity 7.841E+00, MacroOverlap 3.762E+01, MacroOverlapWeight 8.000000E-06, gamma 3.025516E-01, time 2.978ms
[INFO   ] DREAMPlace - full step 12.787 ms
[DEBUG  ] dreamplace.ops.weighted_average_wirelength.weighted_average_wirelength - wirelength forward 0.066 ms
[DEBUG  ] dreamplace.ops.electric_potential.electric_potential - density forward 1.012 ms
[DEBUG  ] dreamplace.ops.electric_potential.electric_potential - density backward 0.354 ms
[DEBUG  ] dreamplace.ops.weighted_average_wirelength.weighted_average_wirelength - wirelength backward 0.128 ms
[INFO   ] DREAMPlace - optimizer step 9.548 ms
[INFO   ] DREAMPlace - iteration   76, (   3,  8,  0), Obj 1.145795E+03, NetCrossing 5.613E+01, NetCrossingWeight 1.000000E+00, DensityWeight 2.897840E-06, HPWL 1.073329E+03, Overflow 3.765967E-01, MaxDensity 9.358E+00, MacroOverlap 4.220E+01, MacroOverlapWeight 8.000000E-06, gamma 3.025516E-01, time 3.012ms
[INFO   ] DREAMPlace - full step 13.068 ms
[DEBUG  ] dreamplace.ops.weighted_average_wirelength.weighted_average_wirelength - wirelength forward 0.061 ms
[DEBUG  ] dreamplace.ops.electric_potential.electric_potential - density forward 0.952 ms
[DEBUG  ] dreamplace.ops.electric_potential.electric_potential - density backward 0.357 ms
[DEBUG  ] dreamplace.ops.weighted_average_wirelength.weighted_average_wirelength - wirelength backward 0.072 ms
[INFO   ] DREAMPlace - optimizer step 9.006 ms
[INFO   ] DREAMPlace - iteration   77, (   3,  8,  1), Obj 1.040712E+03, NetCrossing 5.482E+01, NetCrossingWeight 1.000000E+00, DensityWeight 2.897840E-06, HPWL 9.724558E+02, Overflow 3.693325E-01, MaxDensity 9.074E+00, MacroOverlap 4.263E+01, MacroOverlapWeight 8.000000E-06, gamma 3.025516E-01, time 3.020ms
[INFO   ] DREAMPlace - full step 12.509 ms
[DEBUG  ] dreamplace.ops.weighted_average_wirelength.weighted_average_wirelength - wirelength forward 0.064 ms
[DEBUG  ] dreamplace.ops.electric_potential.electric_potential - density forward 0.990 ms
[DEBUG  ] dreamplace.ops.electric_potential.electric_potential - density backward 0.252 ms
[DEBUG  ] dreamplace.ops.weighted_average_wirelength.weighted_average_wirelength - wirelength backward 0.072 ms
[INFO   ] DREAMPlace - optimizer step 7.621 ms
[INFO   ] DREAMPlace - iteration   78, (   3,  9,  0), Obj 1.049526E+03, NetCrossing 5.441E+01, NetCrossingWeight 1.000000E+00, DensityWeight 3.021825E-06, HPWL 9.786992E+02, Overflow 3.739151E-01, MaxDensity 7.958E+00, MacroOverlap 3.830E+01, MacroOverlapWeight 8.000000E-06, gamma 3.025516E-01, time 2.903ms
[INFO   ] DREAMPlace - full step 10.993 ms
[DEBUG  ] dreamplace.ops.weighted_average_wirelength.weighted_average_wirelength - wirelength forward 0.067 ms
[DEBUG  ] dreamplace.ops.electric_potential.electric_potential - density forward 0.947 ms
[DEBUG  ] dreamplace.ops.electric_potential.electric_potential - density backward 0.289 ms
[DEBUG  ] dreamplace.ops.weighted_average_wirelength.weighted_average_wirelength - wirelength backward 0.094 ms
[INFO   ] DREAMPlace - optimizer step 8.149 ms
[INFO   ] DREAMPlace - iteration   79, (   3,  9,  1), Obj 9.859689E+02, NetCrossing 5.460E+01, NetCrossingWeight 1.000000E+00, DensityWeight 3.021825E-06, HPWL 9.105044E+02, Overflow 3.751588E-01, MaxDensity 9.379E+00, MacroOverlap 3.992E+01, MacroOverlapWeight 8.000000E-06, gamma 3.025516E-01, time 3.002ms
[INFO   ] DREAMPlace - full step 11.622 ms
[DEBUG  ] dreamplace.ops.weighted_average_wirelength.weighted_average_wirelength - wirelength forward 0.084 ms
[DEBUG  ] dreamplace.ops.electric_potential.electric_potential - density forward 1.008 ms
[DEBUG  ] dreamplace.ops.electric_potential.electric_potential - density backward 0.319 ms
[DEBUG  ] dreamplace.ops.weighted_average_wirelength.weighted_average_wirelength - wirelength backward 0.103 ms
[INFO   ] DREAMPlace - optimizer step 8.622 ms
[INFO   ] DREAMPlace - iteration   80, (   4,  0,  0), Obj 1.057985E+03, NetCrossing 5.318E+01, NetCrossingWeight 1.000000E+00, DensityWeight 3.138543E-06, HPWL 9.868897E+02, Overflow 3.716790E-01, MaxDensity 8.379E+00, MacroOverlap 3.743E+01, MacroOverlapWeight 8.000000E-06, gamma 2.900181E-01, time 2.937ms
[INFO   ] DREAMPlace - full step 12.006 ms
[DEBUG  ] dreamplace.ops.weighted_average_wirelength.weighted_average_wirelength - wirelength forward 0.061 ms
[DEBUG  ] dreamplace.ops.electric_potential.electric_potential - density forward 0.964 ms
[DEBUG  ] dreamplace.ops.electric_potential.electric_potential - density backward 0.323 ms
[DEBUG  ] dreamplace.ops.weighted_average_wirelength.weighted_average_wirelength - wirelength backward 0.109 ms
[INFO   ] DREAMPlace - optimizer step 8.750 ms
[INFO   ] DREAMPlace - iteration   81, (   4,  0,  1), Obj 1.083315E+03, NetCrossing 5.443E+01, NetCrossingWeight 1.000000E+00, DensityWeight 3.138543E-06, HPWL 1.009624E+03, Overflow 3.761570E-01, MaxDensity 7.927E+00, MacroOverlap 4.137E+01, MacroOverlapWeight 8.000000E-06, gamma 2.900181E-01, time 2.868ms
[INFO   ] DREAMPlace - full step 12.073 ms
[INFO   ] DREAMPlace - Lsub stopping criteria: 1 and 1083.31 > 1057.98 * 0.999
[DEBUG  ] dreamplace.ops.weighted_average_wirelength.weighted_average_wirelength - wirelength forward 0.062 ms
[DEBUG  ] dreamplace.ops.electric_potential.electric_potential - density forward 1.035 ms
[DEBUG  ] dreamplace.ops.electric_potential.electric_potential - density backward 0.307 ms
[DEBUG  ] dreamplace.ops.weighted_average_wirelength.weighted_average_wirelength - wirelength backward 0.104 ms
[INFO   ] DREAMPlace - optimizer step 8.639 ms
[INFO   ] DREAMPlace - iteration   82, (   4,  1,  0), Obj 1.173651E+03, NetCrossing 6.000E+01, NetCrossingWeight 1.000000E+00, DensityWeight 3.272805E-06, HPWL 1.095446E+03, Overflow 3.686527E-01, MaxDensity 9.254E+00, MacroOverlap 4.266E+01, MacroOverlapWeight 8.000000E-06, gamma 2.900181E-01, time 2.903ms
[INFO   ] DREAMPlace - full step 12.013 ms
[DEBUG  ] dreamplace.ops.weighted_average_wirelength.weighted_average_wirelength - wirelength forward 0.063 ms
[DEBUG  ] dreamplace.ops.electric_potential.electric_potential - density forward 0.977 ms
[DEBUG  ] dreamplace.ops.electric_potential.electric_potential - density backward 0.338 ms
[DEBUG  ] dreamplace.ops.weighted_average_wirelength.weighted_average_wirelength - wirelength backward 0.109 ms
[INFO   ] DREAMPlace - optimizer step 8.990 ms
[INFO   ] DREAMPlace - iteration   83, (   4,  1,  1), Obj 1.260488E+03, NetCrossing 5.079E+01, NetCrossingWeight 1.000000E+00, DensityWeight 3.272805E-06, HPWL 1.188616E+03, Overflow 3.705593E-01, MaxDensity 7.874E+00, MacroOverlap 4.380E+01, MacroOverlapWeight 8.000000E-06, gamma 2.900181E-01, time 2.949ms
[INFO   ] DREAMPlace - full step 12.395 ms
[INFO   ] DREAMPlace - Lsub stopping criteria: 1 and 1260.49 > 1173.65 * 0.999
[DEBUG  ] dreamplace.ops.weighted_average_wirelength.weighted_average_wirelength - wirelength forward 0.063 ms
[DEBUG  ] dreamplace.ops.electric_potential.electric_potential - density forward 1.010 ms
[DEBUG  ] dreamplace.ops.electric_potential.electric_potential - density backward 0.334 ms
[DEBUG  ] dreamplace.ops.weighted_average_wirelength.weighted_average_wirelength - wirelength backward 0.125 ms
[INFO   ] DREAMPlace - optimizer step 9.058 ms
[INFO   ] DREAMPlace - iteration   84, (   4,  2,  0), Obj 1.232359E+03, NetCrossing 4.743E+01, NetCrossingWeight 1.000000E+00, DensityWeight 3.412787E-06, HPWL 1.163738E+03, Overflow 3.643543E-01, MaxDensity 7.857E+00, MacroOverlap 4.424E+01, MacroOverlapWeight 8.000000E-06, gamma 2.900181E-01, time 2.991ms
[INFO   ] DREAMPlace - full step 12.527 ms
[DEBUG  ] dreamplace.ops.weighted_average_wirelength.weighted_average_wirelength - wirelength forward 0.065 ms
[DEBUG  ] dreamplace.ops.electric_potential.electric_potential - density forward 0.984 ms
[DEBUG  ] dreamplace.ops.electric_potential.electric_potential - density backward 0.347 ms
[DEBUG  ] dreamplace.ops.weighted_average_wirelength.weighted_average_wirelength - wirelength backward 0.117 ms
[INFO   ] DREAMPlace - optimizer step 9.295 ms
[INFO   ] DREAMPlace - iteration   85, (   4,  2,  1), Obj 1.201979E+03, NetCrossing 4.673E+01, NetCrossingWeight 1.000000E+00, DensityWeight 3.412787E-06, HPWL 1.132396E+03, Overflow 3.710278E-01, MaxDensity 7.866E+00, MacroOverlap 4.397E+01, MacroOverlapWeight 8.000000E-06, gamma 2.900181E-01, time 3.115ms
[INFO   ] DREAMPlace - full step 12.881 ms
[DEBUG  ] dreamplace.ops.weighted_average_wirelength.weighted_average_wirelength - wirelength forward 0.066 ms
[DEBUG  ] dreamplace.ops.electric_potential.electric_potential - density forward 1.019 ms
[DEBUG  ] dreamplace.ops.electric_potential.electric_potential - density backward 0.355 ms
[DEBUG  ] dreamplace.ops.weighted_average_wirelength.weighted_average_wirelength - wirelength backward 0.125 ms
[INFO   ] DREAMPlace - optimizer step 9.490 ms
[INFO   ] DREAMPlace - iteration   86, (   4,  3,  0), Obj 1.186580E+03, NetCrossing 4.803E+01, NetCrossingWeight 1.000000E+00, DensityWeight 3.543542E-06, HPWL 1.118020E+03, Overflow 3.745889E-01, MaxDensity 9.223E+00, MacroOverlap 5.122E+01, MacroOverlapWeight 8.000000E-06, gamma 2.900181E-01, time 3.046ms
[INFO   ] DREAMPlace - full step 13.011 ms
[DEBUG  ] dreamplace.ops.weighted_average_wirelength.weighted_average_wirelength - wirelength forward 0.060 ms
[DEBUG  ] dreamplace.ops.electric_potential.electric_potential - density forward 0.945 ms
[DEBUG  ] dreamplace.ops.electric_potential.electric_potential - density backward 0.356 ms
[DEBUG  ] dreamplace.ops.weighted_average_wirelength.weighted_average_wirelength - wirelength backward 0.074 ms
[INFO   ] DREAMPlace - optimizer step 8.889 ms
[INFO   ] DREAMPlace - iteration   87, (   4,  3,  1), Obj 1.155753E+03, NetCrossing 5.013E+01, NetCrossingWeight 1.000000E+00, DensityWeight 3.543542E-06, HPWL 1.084004E+03, Overflow 3.791355E-01, MaxDensity 9.964E+00, MacroOverlap 5.226E+01, MacroOverlapWeight 8.000000E-06, gamma 2.900181E-01, time 3.123ms
[INFO   ] DREAMPlace - full step 12.472 ms
[DEBUG  ] dreamplace.ops.weighted_average_wirelength.weighted_average_wirelength - wirelength forward 0.063 ms
[DEBUG  ] dreamplace.ops.electric_potential.electric_potential - density forward 1.144 ms
[DEBUG  ] dreamplace.ops.electric_potential.electric_potential - density backward 0.255 ms
[DEBUG  ] dreamplace.ops.weighted_average_wirelength.weighted_average_wirelength - wirelength backward 0.073 ms
[INFO   ] DREAMPlace - optimizer step 7.772 ms
[INFO   ] DREAMPlace - iteration   88, (   4,  4,  0), Obj 1.086068E+03, NetCrossing 5.001E+01, NetCrossingWeight 1.000000E+00, DensityWeight 3.678940E-06, HPWL 1.015066E+03, Overflow 3.769445E-01, MaxDensity 9.750E+00, MacroOverlap 4.511E+01, MacroOverlapWeight 8.000000E-06, gamma 2.900181E-01, time 3.124ms
[INFO   ] DREAMPlace - full step 11.338 ms
[DEBUG  ] dreamplace.ops.weighted_average_wirelength.weighted_average_wirelength - wirelength forward 0.059 ms
[DEBUG  ] dreamplace.ops.electric_potential.electric_potential - density forward 0.927 ms
[DEBUG  ] dreamplace.ops.electric_potential.electric_potential - density backward 0.303 ms
[DEBUG  ] dreamplace.ops.weighted_average_wirelength.weighted_average_wirelength - wirelength backward 0.098 ms
[INFO   ] DREAMPlace - optimizer step 8.198 ms
[INFO   ] DREAMPlace - iteration   89, (   4,  4,  1), Obj 1.109458E+03, NetCrossing 4.883E+01, NetCrossingWeight 1.000000E+00, DensityWeight 3.678940E-06, HPWL 1.035227E+03, Overflow 3.896911E-01, MaxDensity 9.155E+00, MacroOverlap 5.107E+01, MacroOverlapWeight 8.000000E-06, gamma 2.900181E-01, time 2.940ms
[INFO   ] DREAMPlace - full step 11.596 ms
[INFO   ] DREAMPlace - Lsub stopping criteria: 1 and 1109.46 > 1086.07 * 0.999
[DEBUG  ] dreamplace.ops.weighted_average_wirelength.weighted_average_wirelength - wirelength forward 0.069 ms
[DEBUG  ] dreamplace.ops.electric_potential.electric_potential - density forward 0.955 ms
[DEBUG  ] dreamplace.ops.electric_potential.electric_potential - density backward 0.313 ms
[DEBUG  ] dreamplace.ops.weighted_average_wirelength.weighted_average_wirelength - wirelength backward 0.102 ms
[INFO   ] DREAMPlace - optimizer step 8.482 ms
[INFO   ] DREAMPlace - iteration   90, (   4,  5,  0), Obj 1.127364E+03, NetCrossing 4.409E+01, NetCrossingWeight 1.000000E+00, DensityWeight 3.819129E-06, HPWL 1.057728E+03, Overflow 3.766900E-01, MaxDensity 8.302E+00, MacroOverlap 4.496E+01, MacroOverlapWeight 8.000000E-06, gamma 2.900181E-01, time 2.839ms
[INFO   ] DREAMPlace - full step 11.801 ms
[DEBUG  ] dreamplace.ops.weighted_average_wirelength.weighted_average_wirelength - wirelength forward 0.062 ms
[DEBUG  ] dreamplace.ops.electric_potential.electric_potential - density forward 0.971 ms
[DEBUG  ] dreamplace.ops.electric_potential.electric_potential - density backward 0.362 ms
[DEBUG  ] dreamplace.ops.weighted_average_wirelength.weighted_average_wirelength - wirelength backward 0.125 ms
[DEBUG  ] dreamplace.ops.weighted_average_wirelength.weighted_average_wirelength - wirelength forward 0.064 ms
[DEBUG  ] dreamplace.ops.electric_potential.electric_potential - density forward 1.011 ms
[DEBUG  ] dreamplace.ops.electric_potential.electric_potential - density backward 0.360 ms
[DEBUG  ] dreamplace.ops.weighted_average_wirelength.weighted_average_wirelength - wirelength backward 0.127 ms
[INFO   ] DREAMPlace - optimizer step 18.804 ms
[INFO   ] DREAMPlace - iteration   91, (   4,  5,  1), Obj 1.049917E+03, NetCrossing 4.622E+01, NetCrossingWeight 1.000000E+00, DensityWeight 3.819129E-06, HPWL 9.773744E+02, Overflow 3.789695E-01, MaxDensity 8.992E+00, MacroOverlap 4.694E+01, MacroOverlapWeight 8.000000E-06, gamma 2.900181E-01, time 3.053ms
[INFO   ] DREAMPlace - full step 22.324 ms
[DEBUG  ] dreamplace.ops.weighted_average_wirelength.weighted_average_wirelength - wirelength forward 0.064 ms
[DEBUG  ] dreamplace.ops.electric_potential.electric_potential - density forward 1.019 ms
[DEBUG  ] dreamplace.ops.electric_potential.electric_potential - density backward 0.239 ms
[DEBUG  ] dreamplace.ops.weighted_average_wirelength.weighted_average_wirelength - wirelength backward 0.065 ms
[INFO   ] DREAMPlace - optimizer step 7.537 ms
[INFO   ] DREAMPlace - iteration   92, (   4,  6,  0), Obj 1.098838E+03, NetCrossing 5.868E+01, NetCrossingWeight 1.000000E+00, DensityWeight 3.964264E-06, HPWL 1.014234E+03, Overflow 3.781645E-01, MaxDensity 7.913E+00, MacroOverlap 4.202E+01, MacroOverlapWeight 8.000000E-06, gamma 2.900181E-01, time 3.002ms
[INFO   ] DREAMPlace - full step 11.025 ms
[DEBUG  ] dreamplace.ops.weighted_average_wirelength.weighted_average_wirelength - wirelength forward 0.067 ms
[DEBUG  ] dreamplace.ops.electric_potential.electric_potential - density forward 0.965 ms
[DEBUG  ] dreamplace.ops.electric_potential.electric_potential - density backward 0.317 ms
[DEBUG  ] dreamplace.ops.weighted_average_wirelength.weighted_average_wirelength - wirelength backward 0.103 ms
[INFO   ] DREAMPlace - optimizer step 8.305 ms
[INFO   ] DREAMPlace - iteration   93, (   4,  6,  1), Obj 1.034995E+03, NetCrossing 4.976E+01, NetCrossingWeight 1.000000E+00, DensityWeight 3.964264E-06, HPWL 9.573601E+02, Overflow 3.773395E-01, MaxDensity 7.791E+00, MacroOverlap 3.955E+01, MacroOverlapWeight 8.000000E-06, gamma 2.900181E-01, time 3.104ms
[INFO   ] DREAMPlace - full step 11.865 ms
[DEBUG  ] dreamplace.ops.weighted_average_wirelength.weighted_average_wirelength - wirelength forward 0.059 ms
[DEBUG  ] dreamplace.ops.electric_potential.electric_potential - density forward 0.944 ms
[DEBUG  ] dreamplace.ops.electric_potential.electric_potential - density backward 0.333 ms
[DEBUG  ] dreamplace.ops.weighted_average_wirelength.weighted_average_wirelength - wirelength backward 0.109 ms
[INFO   ] DREAMPlace - optimizer step 8.601 ms
[INFO   ] DREAMPlace - iteration   94, (   4,  7,  0), Obj 1.032973E+03, NetCrossing 4.650E+01, NetCrossingWeight 1.000000E+00, DensityWeight 4.114502E-06, HPWL 9.598923E+02, Overflow 3.804613E-01, MaxDensity 7.680E+00, MacroOverlap 4.852E+01, MacroOverlapWeight 8.000000E-06, gamma 2.900181E-01, time 2.869ms
[INFO   ] DREAMPlace - full step 11.912 ms
[DEBUG  ] dreamplace.ops.weighted_average_wirelength.weighted_average_wirelength - wirelength forward 0.061 ms
[DEBUG  ] dreamplace.ops.electric_potential.electric_potential - density forward 1.072 ms
[DEBUG  ] dreamplace.ops.electric_potential.electric_potential - density backward 0.343 ms
[DEBUG  ] dreamplace.ops.weighted_average_wirelength.weighted_average_wirelength - wirelength backward 0.117 ms
[INFO   ] DREAMPlace - optimizer step 9.048 ms
[INFO   ] DREAMPlace - iteration   95, (   4,  7,  1), Obj 1.023853E+03, NetCrossing 5.039E+01, NetCrossingWeight 1.000000E+00, DensityWeight 4.114502E-06, HPWL 9.465820E+02, Overflow 3.737606E-01, MaxDensity 7.677E+00, MacroOverlap 4.298E+01, MacroOverlapWeight 8.000000E-06, gamma 2.900181E-01, time 2.972ms
[INFO   ] DREAMPlace - full step 12.474 ms
[DEBUG  ] dreamplace.ops.weighted_average_wirelength.weighted_average_wirelength - wirelength forward 0.062 ms
[DEBUG  ] dreamplace.ops.electric_potential.electric_potential - density forward 0.984 ms
[DEBUG  ] dreamplace.ops.electric_potential.electric_potential - density backward 0.349 ms
[DEBUG  ] dreamplace.ops.weighted_average_wirelength.weighted_average_wirelength - wirelength backward 0.117 ms
[INFO   ] DREAMPlace - optimizer step 9.164 ms
[INFO   ] DREAMPlace - iteration   96, (   4,  8,  0), Obj 1.060913E+03, NetCrossing 4.394E+01, NetCrossingWeight 1.000000E+00, DensityWeight 4.270007E-06, HPWL 9.930006E+02, Overflow 3.813262E-01, MaxDensity 8.169E+00, MacroOverlap 4.629E+01, MacroOverlapWeight 8.000000E-06, gamma 2.900181E-01, time 2.943ms
[INFO   ] DREAMPlace - full step 12.579 ms
[DEBUG  ] dreamplace.ops.weighted_average_wirelength.weighted_average_wirelength - wirelength forward 0.064 ms
[DEBUG  ] dreamplace.ops.electric_potential.electric_potential - density forward 1.004 ms
[DEBUG  ] dreamplace.ops.electric_potential.electric_potential - density backward 0.340 ms
[DEBUG  ] dreamplace.ops.weighted_average_wirelength.weighted_average_wirelength - wirelength backward 0.118 ms
[INFO   ] DREAMPlace - optimizer step 9.179 ms
[INFO   ] DREAMPlace - iteration   97, (   4,  8,  1), Obj 1.052914E+03, NetCrossing 4.124E+01, NetCrossingWeight 1.000000E+00, DensityWeight 4.270007E-06, HPWL 9.854597E+02, Overflow 3.799130E-01, MaxDensity 8.155E+00, MacroOverlap 4.509E+01, MacroOverlapWeight 8.000000E-06, gamma 2.900181E-01, time 2.991ms
[INFO   ] DREAMPlace - full step 12.642 ms
[DEBUG  ] dreamplace.ops.weighted_average_wirelength.weighted_average_wirelength - wirelength forward 0.063 ms
[DEBUG  ] dreamplace.ops.electric_potential.electric_potential - density forward 0.988 ms
[DEBUG  ] dreamplace.ops.electric_potential.electric_potential - density backward 0.257 ms
[DEBUG  ] dreamplace.ops.weighted_average_wirelength.weighted_average_wirelength - wirelength backward 0.074 ms
[INFO   ] DREAMPlace - optimizer step 7.647 ms
[INFO   ] DREAMPlace - iteration   98, (   4,  9,  0), Obj 1.054600E+03, NetCrossing 4.622E+01, NetCrossingWeight 1.000000E+00, DensityWeight 4.452696E-06, HPWL 9.822230E+02, Overflow 3.738542E-01, MaxDensity 9.409E+00, MacroOverlap 4.616E+01, MacroOverlapWeight 8.000000E-06, gamma 2.900181E-01, time 3.051ms
[INFO   ] DREAMPlace - full step 11.169 ms
[DEBUG  ] dreamplace.ops.weighted_average_wirelength.weighted_average_wirelength - wirelength forward 0.064 ms
[DEBUG  ] dreamplace.ops.electric_potential.electric_potential - density forward 0.943 ms
[DEBUG  ] dreamplace.ops.electric_potential.electric_potential - density backward 0.302 ms
[DEBUG  ] dreamplace.ops.weighted_average_wirelength.weighted_average_wirelength - wirelength backward 0.097 ms
[INFO   ] DREAMPlace - optimizer step 8.253 ms
[INFO   ] DREAMPlace - iteration   99, (   4,  9,  1), Obj 1.105625E+03, NetCrossing 5.083E+01, NetCrossingWeight 1.000000E+00, DensityWeight 4.452696E-06, HPWL 1.026005E+03, Overflow 3.756939E-01, MaxDensity 8.498E+00, MacroOverlap 3.874E+01, MacroOverlapWeight 8.000000E-06, gamma 2.900181E-01, time 3.015ms
[INFO   ] DREAMPlace - full step 11.722 ms
[INFO   ] DREAMPlace - Lsub stopping criteria: 1 and 1105.62 > 1054.6 * 0.999
[INFO   ] DREAMPlace - plotting to ./results/reproduce-may20/small-8/ET095_A00/run-2_0_0/ET095_A00/plot/iter0100.png takes 0.036 seconds
[DEBUG  ] dreamplace.ops.weighted_average_wirelength.weighted_average_wirelength - wirelength forward 0.067 ms
[DEBUG  ] dreamplace.ops.electric_potential.electric_potential - density forward 1.068 ms
[DEBUG  ] dreamplace.ops.electric_potential.electric_potential - density backward 0.350 ms
[DEBUG  ] dreamplace.ops.weighted_average_wirelength.weighted_average_wirelength - wirelength backward 0.127 ms
[INFO   ] DREAMPlace - optimizer step 9.404 ms
[INFO   ] DREAMPlace - iteration  100, (   5,  0,  0), Obj 1.194663E+03, NetCrossing 4.995E+01, NetCrossingWeight 1.000000E+00, DensityWeight 4.643201E-06, HPWL 1.114567E+03, Overflow 3.732305E-01, MaxDensity 8.251E+00, MacroOverlap 3.649E+01, MacroOverlapWeight 8.000000E-06, gamma 2.908132E-01, time 2.850ms
[INFO   ] DREAMPlace - full step 49.164 ms
[DEBUG  ] dreamplace.ops.weighted_average_wirelength.weighted_average_wirelength - wirelength forward 0.060 ms
[DEBUG  ] dreamplace.ops.electric_potential.electric_potential - density forward 0.978 ms
[DEBUG  ] dreamplace.ops.electric_potential.electric_potential - density backward 0.321 ms
[DEBUG  ] dreamplace.ops.weighted_average_wirelength.weighted_average_wirelength - wirelength backward 0.103 ms
[INFO   ] DREAMPlace - optimizer step 9.059 ms
[INFO   ] DREAMPlace - iteration  101, (   5,  0,  1), Obj 1.186357E+03, NetCrossing 4.976E+01, NetCrossingWeight 1.000000E+00, DensityWeight 4.643201E-06, HPWL 1.104110E+03, Overflow 3.726217E-01, MaxDensity 7.131E+00, MacroOverlap 3.764E+01, MacroOverlapWeight 8.000000E-06, gamma 2.908132E-01, time 2.853ms
[INFO   ] DREAMPlace - full step 12.358 ms
[DEBUG  ] dreamplace.ops.weighted_average_wirelength.weighted_average_wirelength - wirelength forward 0.063 ms
[DEBUG  ] dreamplace.ops.electric_potential.electric_potential - density forward 1.099 ms
[DEBUG  ] dreamplace.ops.electric_potential.electric_potential - density backward 0.339 ms
[DEBUG  ] dreamplace.ops.weighted_average_wirelength.weighted_average_wirelength - wirelength backward 0.116 ms
[INFO   ] DREAMPlace - optimizer step 9.080 ms
[INFO   ] DREAMPlace - iteration  102, (   5,  1,  0), Obj 1.134588E+03, NetCrossing 4.730E+01, NetCrossingWeight 1.000000E+00, DensityWeight 4.841841E-06, HPWL 1.055374E+03, Overflow 3.721986E-01, MaxDensity 7.923E+00, MacroOverlap 4.184E+01, MacroOverlapWeight 8.000000E-06, gamma 2.908132E-01, time 3.037ms
[INFO   ] DREAMPlace - full step 12.569 ms
[DEBUG  ] dreamplace.ops.weighted_average_wirelength.weighted_average_wirelength - wirelength forward 0.064 ms
[DEBUG  ] dreamplace.ops.electric_potential.electric_potential - density forward 0.996 ms
[DEBUG  ] dreamplace.ops.electric_potential.electric_potential - density backward 0.341 ms
[DEBUG  ] dreamplace.ops.weighted_average_wirelength.weighted_average_wirelength - wirelength backward 0.117 ms
[INFO   ] DREAMPlace - optimizer step 9.184 ms
[INFO   ] DREAMPlace - iteration  103, (   5,  1,  1), Obj 1.186442E+03, NetCrossing 4.430E+01, NetCrossingWeight 1.000000E+00, DensityWeight 4.841841E-06, HPWL 1.107975E+03, Overflow 3.732097E-01, MaxDensity 7.783E+00, MacroOverlap 4.183E+01, MacroOverlapWeight 8.000000E-06, gamma 2.908132E-01, time 2.982ms
[INFO   ] DREAMPlace - full step 12.644 ms
[INFO   ] DREAMPlace - Lsub stopping criteria: 1 and 1186.44 > 1134.59 * 0.999
[DEBUG  ] dreamplace.ops.weighted_average_wirelength.weighted_average_wirelength - wirelength forward 0.066 ms
[DEBUG  ] dreamplace.ops.electric_potential.electric_potential - density forward 1.033 ms
[DEBUG  ] dreamplace.ops.electric_potential.electric_potential - density backward 0.340 ms
[DEBUG  ] dreamplace.ops.weighted_average_wirelength.weighted_average_wirelength - wirelength backward 0.117 ms
[INFO   ] DREAMPlace - optimizer step 9.171 ms
[INFO   ] DREAMPlace - iteration  104, (   5,  2,  0), Obj 1.079454E+03, NetCrossing 4.319E+01, NetCrossingWeight 1.000000E+00, DensityWeight 5.049012E-06, HPWL 1.001191E+03, Overflow 3.752194E-01, MaxDensity 8.317E+00, MacroOverlap 4.744E+01, MacroOverlapWeight 8.000000E-06, gamma 2.908132E-01, time 3.004ms
[INFO   ] DREAMPlace - full step 12.626 ms
[DEBUG  ] dreamplace.ops.weighted_average_wirelength.weighted_average_wirelength - wirelength forward 0.060 ms
[DEBUG  ] dreamplace.ops.electric_potential.electric_potential - density forward 0.955 ms
[DEBUG  ] dreamplace.ops.electric_potential.electric_potential - density backward 0.264 ms
[DEBUG  ] dreamplace.ops.weighted_average_wirelength.weighted_average_wirelength - wirelength backward 0.077 ms
[INFO   ] DREAMPlace - optimizer step 7.630 ms
[INFO   ] DREAMPlace - iteration  105, (   5,  2,  1), Obj 1.212197E+03, NetCrossing 4.525E+01, NetCrossingWeight 1.000000E+00, DensityWeight 5.049012E-06, HPWL 1.133849E+03, Overflow 3.761346E-01, MaxDensity 7.725E+00, MacroOverlap 4.139E+01, MacroOverlapWeight 8.000000E-06, gamma 2.908132E-01, time 2.954ms
[INFO   ] DREAMPlace - full step 11.050 ms
[INFO   ] DREAMPlace - Lsub stopping criteria: 1 and 1212.2 > 1079.45 * 0.999
[DEBUG  ] dreamplace.ops.weighted_average_wirelength.weighted_average_wirelength - wirelength forward 0.060 ms
[DEBUG  ] dreamplace.ops.electric_potential.electric_potential - density forward 0.944 ms
[DEBUG  ] dreamplace.ops.electric_potential.electric_potential - density backward 0.297 ms
[DEBUG  ] dreamplace.ops.weighted_average_wirelength.weighted_average_wirelength - wirelength backward 0.097 ms
[INFO   ] DREAMPlace - optimizer step 8.288 ms
[INFO   ] DREAMPlace - iteration  106, (   5,  3,  0), Obj 1.121834E+03, NetCrossing 3.655E+01, NetCrossingWeight 1.000000E+00, DensityWeight 5.265036E-06, HPWL 1.050230E+03, Overflow 3.724221E-01, MaxDensity 8.739E+00, MacroOverlap 4.466E+01, MacroOverlapWeight 8.000000E-06, gamma 2.908132E-01, time 2.873ms
[INFO   ] DREAMPlace - full step 11.599 ms
[DEBUG  ] dreamplace.ops.weighted_average_wirelength.weighted_average_wirelength - wirelength forward 0.060 ms
[DEBUG  ] dreamplace.ops.electric_potential.electric_potential - density forward 0.934 ms
[DEBUG  ] dreamplace.ops.electric_potential.electric_potential - density backward 0.320 ms
[DEBUG  ] dreamplace.ops.weighted_average_wirelength.weighted_average_wirelength - wirelength backward 0.109 ms
[INFO   ] DREAMPlace - optimizer step 8.585 ms
[INFO   ] DREAMPlace - iteration  107, (   5,  3,  1), Obj 1.150260E+03, NetCrossing 5.198E+01, NetCrossingWeight 1.000000E+00, DensityWeight 5.265036E-06, HPWL 1.062323E+03, Overflow 3.795522E-01, MaxDensity 7.782E+00, MacroOverlap 4.205E+01, MacroOverlapWeight 8.000000E-06, gamma 2.908132E-01, time 2.843ms
[INFO   ] DREAMPlace - full step 11.887 ms
[INFO   ] DREAMPlace - Lsub stopping criteria: 1 and 1150.26 > 1121.83 * 0.999
[DEBUG  ] dreamplace.ops.weighted_average_wirelength.weighted_average_wirelength - wirelength forward 0.067 ms
[DEBUG  ] dreamplace.ops.electric_potential.electric_potential - density forward 0.959 ms
[DEBUG  ] dreamplace.ops.electric_potential.electric_potential - density backward 0.310 ms
[DEBUG  ] dreamplace.ops.weighted_average_wirelength.weighted_average_wirelength - wirelength backward 0.104 ms
[INFO   ] DREAMPlace - optimizer step 8.498 ms
[INFO   ] DREAMPlace - iteration  108, (   5,  4,  0), Obj 1.094092E+03, NetCrossing 4.410E+01, NetCrossingWeight 1.000000E+00, DensityWeight 5.460747E-06, HPWL 1.018304E+03, Overflow 3.765081E-01, MaxDensity 7.917E+00, MacroOverlap 4.140E+01, MacroOverlapWeight 8.000000E-06, gamma 2.908132E-01, time 2.825ms
[INFO   ] DREAMPlace - full step 11.765 ms
[DEBUG  ] dreamplace.ops.weighted_average_wirelength.weighted_average_wirelength - wirelength forward 0.060 ms
[DEBUG  ] dreamplace.ops.electric_potential.electric_potential - density forward 0.972 ms
[DEBUG  ] dreamplace.ops.electric_potential.electric_potential - density backward 0.332 ms
[DEBUG  ] dreamplace.ops.weighted_average_wirelength.weighted_average_wirelength - wirelength backward 0.109 ms
[INFO   ] DREAMPlace - optimizer step 8.823 ms
[INFO   ] DREAMPlace - iteration  109, (   5,  4,  1), Obj 1.077187E+03, NetCrossing 3.617E+01, NetCrossingWeight 1.000000E+00, DensityWeight 5.460747E-06, HPWL 1.005287E+03, Overflow 3.745539E-01, MaxDensity 8.431E+00, MacroOverlap 3.632E+01, MacroOverlapWeight 8.000000E-06, gamma 2.908132E-01, time 2.889ms
[INFO   ] DREAMPlace - full step 12.178 ms
[DEBUG  ] dreamplace.ops.weighted_average_wirelength.weighted_average_wirelength - wirelength forward 0.065 ms
[DEBUG  ] dreamplace.ops.electric_potential.electric_potential - density forward 1.074 ms
[DEBUG  ] dreamplace.ops.electric_potential.electric_potential - density backward 0.309 ms
[DEBUG  ] dreamplace.ops.weighted_average_wirelength.weighted_average_wirelength - wirelength backward 0.125 ms
[INFO   ] DREAMPlace - optimizer step 8.836 ms
[INFO   ] DREAMPlace - iteration  110, (   5,  5,  0), Obj 1.143750E+03, NetCrossing 4.544E+01, NetCrossingWeight 1.000000E+00, DensityWeight 5.663167E-06, HPWL 1.063761E+03, Overflow 3.689958E-01, MaxDensity 8.753E+00, MacroOverlap 4.075E+01, MacroOverlapWeight 8.000000E-06, gamma 2.908132E-01, time 2.927ms
[INFO   ] DREAMPlace - full step 12.218 ms
[DEBUG  ] dreamplace.ops.weighted_average_wirelength.weighted_average_wirelength - wirelength forward 0.063 ms
[DEBUG  ] dreamplace.ops.electric_potential.electric_potential - density forward 1.078 ms
[DEBUG  ] dreamplace.ops.electric_potential.electric_potential - density backward 0.335 ms
[DEBUG  ] dreamplace.ops.weighted_average_wirelength.weighted_average_wirelength - wirelength backward 0.132 ms
[INFO   ] DREAMPlace - optimizer step 9.242 ms
[INFO   ] DREAMPlace - iteration  111, (   5,  5,  1), Obj 1.177160E+03, NetCrossing 3.250E+01, NetCrossingWeight 1.000000E+00, DensityWeight 5.663167E-06, HPWL 1.107470E+03, Overflow 3.762464E-01, MaxDensity 8.423E+00, MacroOverlap 4.121E+01, MacroOverlapWeight 8.000000E-06, gamma 2.908132E-01, time 2.974ms
[INFO   ] DREAMPlace - full step 12.679 ms
[INFO   ] DREAMPlace - Lsub stopping criteria: 1 and 1177.16 > 1143.75 * 0.999
[DEBUG  ] dreamplace.ops.weighted_average_wirelength.weighted_average_wirelength - wirelength forward 0.066 ms
[DEBUG  ] dreamplace.ops.electric_potential.electric_potential - density forward 1.107 ms
[DEBUG  ] dreamplace.ops.electric_potential.electric_potential - density backward 0.362 ms
[DEBUG  ] dreamplace.ops.weighted_average_wirelength.weighted_average_wirelength - wirelength backward 0.124 ms
[DEBUG  ] dreamplace.ops.weighted_average_wirelength.weighted_average_wirelength - wirelength forward 0.068 ms
[DEBUG  ] dreamplace.ops.electric_potential.electric_potential - density forward 1.001 ms
[DEBUG  ] dreamplace.ops.electric_potential.electric_potential - density backward 0.365 ms
[DEBUG  ] dreamplace.ops.weighted_average_wirelength.weighted_average_wirelength - wirelength backward 0.126 ms
[INFO   ] DREAMPlace - optimizer step 18.865 ms
[INFO   ] DREAMPlace - iteration  112, (   5,  6,  0), Obj 1.146163E+03, NetCrossing 3.235E+01, NetCrossingWeight 1.000000E+00, DensityWeight 5.905428E-06, HPWL 1.073172E+03, Overflow 3.718448E-01, MaxDensity 8.903E+00, MacroOverlap 3.869E+01, MacroOverlapWeight 8.000000E-06, gamma 2.908132E-01, time 2.988ms
[INFO   ] DREAMPlace - full step 22.317 ms
[DEBUG  ] dreamplace.ops.weighted_average_wirelength.weighted_average_wirelength - wirelength forward 0.066 ms
[DEBUG  ] dreamplace.ops.electric_potential.electric_potential - density forward 1.021 ms
[DEBUG  ] dreamplace.ops.electric_potential.electric_potential - density backward 0.221 ms
[DEBUG  ] dreamplace.ops.weighted_average_wirelength.weighted_average_wirelength - wirelength backward 0.059 ms
[INFO   ] DREAMPlace - optimizer step 7.350 ms
[INFO   ] DREAMPlace - iteration  113, (   5,  6,  1), Obj 1.002496E+03, NetCrossing 3.241E+01, NetCrossingWeight 1.000000E+00, DensityWeight 5.905428E-06, HPWL 9.315362E+02, Overflow 3.760020E-01, MaxDensity 9.510E+00, MacroOverlap 4.356E+01, MacroOverlapWeight 8.000000E-06, gamma 2.908132E-01, time 2.996ms
[INFO   ] DREAMPlace - full step 10.838 ms
[DEBUG  ] dreamplace.ops.weighted_average_wirelength.weighted_average_wirelength - wirelength forward 0.067 ms
[DEBUG  ] dreamplace.ops.electric_potential.electric_potential - density forward 0.933 ms
[DEBUG  ] dreamplace.ops.electric_potential.electric_potential - density backward 0.269 ms
[DEBUG  ] dreamplace.ops.weighted_average_wirelength.weighted_average_wirelength - wirelength backward 0.079 ms
[INFO   ] DREAMPlace - optimizer step 7.751 ms
[INFO   ] DREAMPlace - iteration  114, (   5,  7,  0), Obj 1.056199E+03, NetCrossing 3.376E+01, NetCrossingWeight 1.000000E+00, DensityWeight 6.123107E-06, HPWL 9.845978E+02, Overflow 3.755725E-01, MaxDensity 7.923E+00, MacroOverlap 4.727E+01, MacroOverlapWeight 8.000000E-06, gamma 2.908132E-01, time 3.052ms
[INFO   ] DREAMPlace - full step 11.266 ms
[DEBUG  ] dreamplace.ops.weighted_average_wirelength.weighted_average_wirelength - wirelength forward 0.058 ms
[DEBUG  ] dreamplace.ops.electric_potential.electric_potential - density forward 0.930 ms
[DEBUG  ] dreamplace.ops.electric_potential.electric_potential - density backward 0.302 ms
[DEBUG  ] dreamplace.ops.weighted_average_wirelength.weighted_average_wirelength - wirelength backward 0.097 ms
[INFO   ] DREAMPlace - optimizer step 8.245 ms
[INFO   ] DREAMPlace - iteration  115, (   5,  7,  1), Obj 1.115938E+03, NetCrossing 3.614E+01, NetCrossingWeight 1.000000E+00, DensityWeight 6.123107E-06, HPWL 1.043000E+03, Overflow 3.749235E-01, MaxDensity 8.952E+00, MacroOverlap 4.467E+01, MacroOverlapWeight 8.000000E-06, gamma 2.908132E-01, time 2.856ms
[INFO   ] DREAMPlace - full step 11.540 ms
[INFO   ] DREAMPlace - Lsub stopping criteria: 1 and 1115.94 > 1056.2 * 0.999
[DEBUG  ] dreamplace.ops.weighted_average_wirelength.weighted_average_wirelength - wirelength forward 0.059 ms
[DEBUG  ] dreamplace.ops.electric_potential.electric_potential - density forward 0.955 ms
[DEBUG  ] dreamplace.ops.electric_potential.electric_potential - density backward 0.327 ms
[DEBUG  ] dreamplace.ops.weighted_average_wirelength.weighted_average_wirelength - wirelength backward 0.103 ms
[INFO   ] DREAMPlace - optimizer step 8.556 ms
[INFO   ] DREAMPlace - iteration  116, (   5,  8,  0), Obj 1.061613E+03, NetCrossing 3.601E+01, NetCrossingWeight 1.000000E+00, DensityWeight 6.385038E-06, HPWL 9.852159E+02, Overflow 3.765031E-01, MaxDensity 7.111E+00, MacroOverlap 4.634E+01, MacroOverlapWeight 8.000000E-06, gamma 2.908132E-01, time 2.824ms
[INFO   ] DREAMPlace - full step 11.820 ms
[DEBUG  ] dreamplace.ops.weighted_average_wirelength.weighted_average_wirelength - wirelength forward 0.060 ms
[DEBUG  ] dreamplace.ops.electric_potential.electric_potential - density forward 0.968 ms
[DEBUG  ] dreamplace.ops.electric_potential.electric_potential - density backward 0.322 ms
[DEBUG  ] dreamplace.ops.weighted_average_wirelength.weighted_average_wirelength - wirelength backward 0.109 ms
[INFO   ] DREAMPlace - optimizer step 8.810 ms
[INFO   ] DREAMPlace - iteration  117, (   5,  8,  1), Obj 1.079847E+03, NetCrossing 4.138E+01, NetCrossingWeight 1.000000E+00, DensityWeight 6.385038E-06, HPWL 9.977224E+02, Overflow 3.713036E-01, MaxDensity 8.717E+00, MacroOverlap 4.385E+01, MacroOverlapWeight 8.000000E-06, gamma 2.908132E-01, time 2.923ms
[INFO   ] DREAMPlace - full step 12.191 ms
[INFO   ] DREAMPlace - Lsub stopping criteria: 1 and 1079.85 > 1061.61 * 0.999
[DEBUG  ] dreamplace.ops.weighted_average_wirelength.weighted_average_wirelength - wirelength forward 0.061 ms
[DEBUG  ] dreamplace.ops.electric_potential.electric_potential - density forward 0.982 ms
[DEBUG  ] dreamplace.ops.electric_potential.electric_potential - density backward 0.312 ms
[DEBUG  ] dreamplace.ops.weighted_average_wirelength.weighted_average_wirelength - wirelength backward 0.103 ms
[INFO   ] DREAMPlace - optimizer step 8.590 ms
[INFO   ] DREAMPlace - iteration  118, (   5,  9,  0), Obj 1.180929E+03, NetCrossing 3.342E+01, NetCrossingWeight 1.000000E+00, DensityWeight 6.619071E-06, HPWL 1.104614E+03, Overflow 3.679075E-01, MaxDensity 7.985E+00, MacroOverlap 4.077E+01, MacroOverlapWeight 8.000000E-06, gamma 2.908132E-01, time 2.952ms
[INFO   ] DREAMPlace - full step 11.995 ms
[DEBUG  ] dreamplace.ops.weighted_average_wirelength.weighted_average_wirelength - wirelength forward 0.064 ms
[DEBUG  ] dreamplace.ops.electric_potential.electric_potential - density forward 0.955 ms
[DEBUG  ] dreamplace.ops.electric_potential.electric_potential - density backward 0.319 ms
[DEBUG  ] dreamplace.ops.weighted_average_wirelength.weighted_average_wirelength - wirelength backward 0.110 ms
[INFO   ] DREAMPlace - optimizer step 8.789 ms
[INFO   ] DREAMPlace - iteration  119, (   5,  9,  1), Obj 1.141079E+03, NetCrossing 3.089E+01, NetCrossingWeight 1.000000E+00, DensityWeight 6.619071E-06, HPWL 1.067100E+03, Overflow 3.748451E-01, MaxDensity 7.510E+00, MacroOverlap 4.152E+01, MacroOverlapWeight 8.000000E-06, gamma 2.908132E-01, time 2.955ms
[INFO   ] DREAMPlace - full step 12.213 ms
[DEBUG  ] dreamplace.ops.weighted_average_wirelength.weighted_average_wirelength - wirelength forward 0.069 ms
[DEBUG  ] dreamplace.ops.electric_potential.electric_potential - density forward 0.993 ms
[DEBUG  ] dreamplace.ops.electric_potential.electric_potential - density backward 0.329 ms
[DEBUG  ] dreamplace.ops.weighted_average_wirelength.weighted_average_wirelength - wirelength backward 0.104 ms
[DEBUG  ] dreamplace.ops.weighted_average_wirelength.weighted_average_wirelength - wirelength forward 0.065 ms
[DEBUG  ] dreamplace.ops.electric_potential.electric_potential - density forward 0.991 ms
[DEBUG  ] dreamplace.ops.electric_potential.electric_potential - density backward 0.345 ms
[DEBUG  ] dreamplace.ops.weighted_average_wirelength.weighted_average_wirelength - wirelength backward 0.110 ms
[INFO   ] DREAMPlace - optimizer step 17.451 ms
[INFO   ] DREAMPlace - iteration  120, (   6,  0,  0), Obj 1.126047E+03, NetCrossing 2.882E+01, NetCrossingWeight 1.000000E+00, DensityWeight 6.902244E-06, HPWL 1.050844E+03, Overflow 3.748555E-01, MaxDensity 8.253E+00, MacroOverlap 4.086E+01, MacroOverlapWeight 8.000000E-06, gamma 2.895529E-01, time 2.916ms
[INFO   ] DREAMPlace - full step 20.819 ms
[DEBUG  ] dreamplace.ops.weighted_average_wirelength.weighted_average_wirelength - wirelength forward 0.062 ms
[DEBUG  ] dreamplace.ops.electric_potential.electric_potential - density forward 0.972 ms
[DEBUG  ] dreamplace.ops.electric_potential.electric_potential - density backward 0.320 ms
[DEBUG  ] dreamplace.ops.weighted_average_wirelength.weighted_average_wirelength - wirelength backward 0.097 ms
[INFO   ] DREAMPlace - optimizer step 8.754 ms
[INFO   ] DREAMPlace - iteration  121, (   6,  0,  1), Obj 1.086466E+03, NetCrossing 3.191E+01, NetCrossingWeight 1.000000E+00, DensityWeight 6.902244E-06, HPWL 1.011326E+03, Overflow 3.754507E-01, MaxDensity 8.678E+00, MacroOverlap 4.219E+01, MacroOverlapWeight 8.000000E-06, gamma 2.895529E-01, time 2.951ms
[INFO   ] DREAMPlace - full step 12.172 ms
[DEBUG  ] dreamplace.ops.weighted_average_wirelength.weighted_average_wirelength - wirelength forward 0.064 ms
[DEBUG  ] dreamplace.ops.electric_potential.electric_potential - density forward 1.003 ms
[DEBUG  ] dreamplace.ops.electric_potential.electric_potential - density backward 0.300 ms
[DEBUG  ] dreamplace.ops.weighted_average_wirelength.weighted_average_wirelength - wirelength backward 0.110 ms
[INFO   ] DREAMPlace - optimizer step 8.618 ms
[INFO   ] DREAMPlace - iteration  122, (   6,  1,  0), Obj 1.161008E+03, NetCrossing 3.422E+01, NetCrossingWeight 1.000000E+00, DensityWeight 7.153804E-06, HPWL 1.083676E+03, Overflow 3.720179E-01, MaxDensity 7.400E+00, MacroOverlap 4.184E+01, MacroOverlapWeight 8.000000E-06, gamma 2.895529E-01, time 2.981ms
[INFO   ] DREAMPlace - full step 12.059 ms
[DEBUG  ] dreamplace.ops.weighted_average_wirelength.weighted_average_wirelength - wirelength forward 0.062 ms
[DEBUG  ] dreamplace.ops.electric_potential.electric_potential - density forward 0.991 ms
[DEBUG  ] dreamplace.ops.electric_potential.electric_potential - density backward 0.349 ms
[DEBUG  ] dreamplace.ops.weighted_average_wirelength.weighted_average_wirelength - wirelength backward 0.118 ms
[INFO   ] DREAMPlace - optimizer step 9.001 ms
[INFO   ] DREAMPlace - iteration  123, (   6,  1,  1), Obj 1.108163E+03, NetCrossing 3.397E+01, NetCrossingWeight 1.000000E+00, DensityWeight 7.153804E-06, HPWL 1.030321E+03, Overflow 3.753590E-01, MaxDensity 7.690E+00, MacroOverlap 4.420E+01, MacroOverlapWeight 8.000000E-06, gamma 2.895529E-01, time 2.971ms
[INFO   ] DREAMPlace - full step 12.444 ms
[DEBUG  ] dreamplace.ops.weighted_average_wirelength.weighted_average_wirelength - wirelength forward 0.062 ms
[DEBUG  ] dreamplace.ops.electric_potential.electric_potential - density forward 1.003 ms
[DEBUG  ] dreamplace.ops.electric_potential.electric_potential - density backward 0.358 ms
[DEBUG  ] dreamplace.ops.weighted_average_wirelength.weighted_average_wirelength - wirelength backward 0.127 ms
[INFO   ] DREAMPlace - optimizer step 9.341 ms
[INFO   ] DREAMPlace - iteration  124, (   6,  2,  0), Obj 1.024245E+03, NetCrossing 2.509E+01, NetCrossingWeight 1.000000E+00, DensityWeight 7.459889E-06, HPWL 9.515631E+02, Overflow 3.798992E-01, MaxDensity 8.078E+00, MacroOverlap 4.459E+01, MacroOverlapWeight 8.000000E-06, gamma 2.895529E-01, time 2.990ms
[INFO   ] DREAMPlace - full step 12.794 ms
[DEBUG  ] dreamplace.ops.weighted_average_wirelength.weighted_average_wirelength - wirelength forward 0.064 ms
[DEBUG  ] dreamplace.ops.electric_potential.electric_potential - density forward 1.019 ms
[DEBUG  ] dreamplace.ops.electric_potential.electric_potential - density backward 0.359 ms
[DEBUG  ] dreamplace.ops.weighted_average_wirelength.weighted_average_wirelength - wirelength backward 0.129 ms
[INFO   ] DREAMPlace - optimizer step 9.538 ms
[INFO   ] DREAMPlace - iteration  125, (   6,  2,  1), Obj 1.156441E+03, NetCrossing 3.859E+01, NetCrossingWeight 1.000000E+00, DensityWeight 7.459889E-06, HPWL 1.070082E+03, Overflow 3.744131E-01, MaxDensity 8.289E+00, MacroOverlap 4.435E+01, MacroOverlapWeight 8.000000E-06, gamma 2.895529E-01, time 3.113ms
[INFO   ] DREAMPlace - full step 13.139 ms
[INFO   ] DREAMPlace - Lsub stopping criteria: 1 and 1156.44 > 1024.24 * 0.999
[DEBUG  ] dreamplace.ops.weighted_average_wirelength.weighted_average_wirelength - wirelength forward 0.068 ms
[DEBUG  ] dreamplace.ops.electric_potential.electric_potential - density forward 1.040 ms
[DEBUG  ] dreamplace.ops.electric_potential.electric_potential - density backward 0.340 ms
[DEBUG  ] dreamplace.ops.weighted_average_wirelength.weighted_average_wirelength - wirelength backward 0.081 ms
[INFO   ] DREAMPlace - optimizer step 9.160 ms
[INFO   ] DREAMPlace - iteration  126, (   6,  3,  0), Obj 1.021593E+03, NetCrossing 2.835E+01, NetCrossingWeight 1.000000E+00, DensityWeight 7.779056E-06, HPWL 9.465786E+02, Overflow 3.794679E-01, MaxDensity 9.007E+00, MacroOverlap 4.643E+01, MacroOverlapWeight 8.000000E-06, gamma 2.895529E-01, time 3.160ms
[INFO   ] DREAMPlace - full step 12.795 ms
[DEBUG  ] dreamplace.ops.weighted_average_wirelength.weighted_average_wirelength - wirelength forward 0.065 ms
[DEBUG  ] dreamplace.ops.electric_potential.electric_potential - density forward 1.497 ms
[DEBUG  ] dreamplace.ops.electric_potential.electric_potential - density backward 0.304 ms
[DEBUG  ] dreamplace.ops.weighted_average_wirelength.weighted_average_wirelength - wirelength backward 0.101 ms
[INFO   ] DREAMPlace - optimizer step 8.815 ms
[INFO   ] DREAMPlace - iteration  127, (   6,  3,  1), Obj 1.136478E+03, NetCrossing 2.292E+01, NetCrossingWeight 1.000000E+00, DensityWeight 7.779056E-06, HPWL 1.060424E+03, Overflow 3.769283E-01, MaxDensity 8.385E+00, MacroOverlap 4.449E+01, MacroOverlapWeight 8.000000E-06, gamma 2.895529E-01, time 3.031ms
[INFO   ] DREAMPlace - full step 12.329 ms
[INFO   ] DREAMPlace - Lsub stopping criteria: 1 and 1136.48 > 1021.59 * 0.999
[DEBUG  ] dreamplace.ops.weighted_average_wirelength.weighted_average_wirelength - wirelength forward 0.060 ms
[DEBUG  ] dreamplace.ops.electric_potential.electric_potential - density forward 0.963 ms
[DEBUG  ] dreamplace.ops.electric_potential.electric_potential - density backward 0.342 ms
[DEBUG  ] dreamplace.ops.weighted_average_wirelength.weighted_average_wirelength - wirelength backward 0.119 ms
[INFO   ] DREAMPlace - optimizer step 8.967 ms
[INFO   ] DREAMPlace - iteration  128, (   6,  4,  0), Obj 1.089938E+03, NetCrossing 2.384E+01, NetCrossingWeight 1.000000E+00, DensityWeight 8.060153E-06, HPWL 1.014255E+03, Overflow 3.783970E-01, MaxDensity 9.231E+00, MacroOverlap 4.898E+01, MacroOverlapWeight 8.000000E-06, gamma 2.895529E-01, time 3.622ms
[INFO   ] DREAMPlace - full step 13.045 ms
[DEBUG  ] dreamplace.ops.weighted_average_wirelength.weighted_average_wirelength - wirelength forward 0.062 ms
[DEBUG  ] dreamplace.ops.electric_potential.electric_potential - density forward 0.975 ms
[DEBUG  ] dreamplace.ops.electric_potential.electric_potential - density backward 0.352 ms
[DEBUG  ] dreamplace.ops.weighted_average_wirelength.weighted_average_wirelength - wirelength backward 0.118 ms
[INFO   ] DREAMPlace - optimizer step 9.128 ms
[INFO   ] DREAMPlace - iteration  129, (   6,  4,  1), Obj 1.104707E+03, NetCrossing 3.851E+01, NetCrossingWeight 1.000000E+00, DensityWeight 8.060153E-06, HPWL 1.015190E+03, Overflow 3.797056E-01, MaxDensity 7.879E+00, MacroOverlap 5.051E+01, MacroOverlapWeight 8.000000E-06, gamma 2.895529E-01, time 2.950ms
[INFO   ] DREAMPlace - full step 12.540 ms
[INFO   ] DREAMPlace - Lsub stopping criteria: 1 and 1104.71 > 1089.94 * 0.999
[DEBUG  ] dreamplace.ops.weighted_average_wirelength.weighted_average_wirelength - wirelength forward 0.060 ms
[DEBUG  ] dreamplace.ops.electric_potential.electric_potential - density forward 0.988 ms
[DEBUG  ] dreamplace.ops.electric_potential.electric_potential - density backward 0.251 ms
[DEBUG  ] dreamplace.ops.weighted_average_wirelength.weighted_average_wirelength - wirelength backward 0.074 ms
[INFO   ] DREAMPlace - optimizer step 7.530 ms
[INFO   ] DREAMPlace - iteration  130, (   6,  5,  0), Obj 1.159596E+03, NetCrossing 2.771E+01, NetCrossingWeight 1.000000E+00, DensityWeight 8.350573E-06, HPWL 1.082744E+03, Overflow 3.758176E-01, MaxDensity 8.116E+00, MacroOverlap 4.877E+01, MacroOverlapWeight 8.000000E-06, gamma 2.895529E-01, time 2.949ms
[INFO   ] DREAMPlace - full step 10.913 ms
[DEBUG  ] dreamplace.ops.weighted_average_wirelength.weighted_average_wirelength - wirelength forward 0.060 ms
[DEBUG  ] dreamplace.ops.electric_potential.electric_potential - density forward 0.930 ms
[DEBUG  ] dreamplace.ops.electric_potential.electric_potential - density backward 0.307 ms
[DEBUG  ] dreamplace.ops.weighted_average_wirelength.weighted_average_wirelength - wirelength backward 0.098 ms
[INFO   ] DREAMPlace - optimizer step 8.226 ms
[INFO   ] DREAMPlace - iteration  131, (   6,  5,  1), Obj 1.108343E+03, NetCrossing 2.530E+01, NetCrossingWeight 1.000000E+00, DensityWeight 8.350573E-06, HPWL 1.030122E+03, Overflow 3.751813E-01, MaxDensity 8.211E+00, MacroOverlap 4.228E+01, MacroOverlapWeight 8.000000E-06, gamma 2.895529E-01, time 2.824ms
[INFO   ] DREAMPlace - full step 11.525 ms
[DEBUG  ] dreamplace.ops.weighted_average_wirelength.weighted_average_wirelength - wirelength forward 0.061 ms
[DEBUG  ] dreamplace.ops.electric_potential.electric_potential - density forward 0.958 ms
[DEBUG  ] dreamplace.ops.electric_potential.electric_potential - density backward 0.321 ms
[DEBUG  ] dreamplace.ops.weighted_average_wirelength.weighted_average_wirelength - wirelength backward 0.103 ms
[INFO   ] DREAMPlace - optimizer step 8.593 ms
[INFO   ] DREAMPlace - iteration  132, (   6,  6,  0), Obj 1.143812E+03, NetCrossing 2.338E+01, NetCrossingWeight 1.000000E+00, DensityWeight 8.707865E-06, HPWL 1.068260E+03, Overflow 3.763123E-01, MaxDensity 9.470E+00, MacroOverlap 4.414E+01, MacroOverlapWeight 8.000000E-06, gamma 2.895529E-01, time 2.898ms
[INFO   ] DREAMPlace - full step 11.927 ms
[DEBUG  ] dreamplace.ops.weighted_average_wirelength.weighted_average_wirelength - wirelength forward 0.061 ms
[DEBUG  ] dreamplace.ops.electric_potential.electric_potential - density forward 0.937 ms
[DEBUG  ] dreamplace.ops.electric_potential.electric_potential - density backward 0.326 ms
[DEBUG  ] dreamplace.ops.weighted_average_wirelength.weighted_average_wirelength - wirelength backward 0.109 ms
[INFO   ] DREAMPlace - optimizer step 8.697 ms
[INFO   ] DREAMPlace - iteration  133, (   6,  6,  1), Obj 1.361532E+03, NetCrossing 2.974E+01, NetCrossingWeight 1.000000E+00, DensityWeight 8.707865E-06, HPWL 1.274242E+03, Overflow 3.726667E-01, MaxDensity 7.396E+00, MacroOverlap 4.612E+01, MacroOverlapWeight 8.000000E-06, gamma 2.895529E-01, time 2.891ms
[INFO   ] DREAMPlace - full step 12.050 ms
[INFO   ] DREAMPlace - Lsub stopping criteria: 1 and 1361.53 > 1143.81 * 0.999
[DEBUG  ] dreamplace.ops.weighted_average_wirelength.weighted_average_wirelength - wirelength forward 0.061 ms
[DEBUG  ] dreamplace.ops.electric_potential.electric_potential - density forward 0.974 ms
[DEBUG  ] dreamplace.ops.electric_potential.electric_potential - density backward 0.315 ms
[DEBUG  ] dreamplace.ops.weighted_average_wirelength.weighted_average_wirelength - wirelength backward 0.104 ms
[INFO   ] DREAMPlace - optimizer step 8.593 ms
[INFO   ] DREAMPlace - iteration  134, (   6,  7,  0), Obj 1.381617E+03, NetCrossing 3.169E+01, NetCrossingWeight 1.000000E+00, DensityWeight 9.080257E-06, HPWL 1.294306E+03, Overflow 3.721170E-01, MaxDensity 8.340E+00, MacroOverlap 4.835E+01, MacroOverlapWeight 8.000000E-06, gamma 2.895529E-01, time 2.860ms
[INFO   ] DREAMPlace - full step 11.912 ms
[DEBUG  ] dreamplace.ops.weighted_average_wirelength.weighted_average_wirelength - wirelength forward 0.062 ms
[DEBUG  ] dreamplace.ops.electric_potential.electric_potential - density forward 0.970 ms
[DEBUG  ] dreamplace.ops.electric_potential.electric_potential - density backward 0.331 ms
[DEBUG  ] dreamplace.ops.weighted_average_wirelength.weighted_average_wirelength - wirelength backward 0.110 ms
[INFO   ] DREAMPlace - optimizer step 8.863 ms
[INFO   ] DREAMPlace - iteration  135, (   6,  7,  1), Obj 1.307614E+03, NetCrossing 3.417E+01, NetCrossingWeight 1.000000E+00, DensityWeight 9.080257E-06, HPWL 1.218118E+03, Overflow 3.723142E-01, MaxDensity 8.154E+00, MacroOverlap 5.580E+01, MacroOverlapWeight 8.000000E-06, gamma 2.895529E-01, time 2.930ms
[INFO   ] DREAMPlace - full step 12.258 ms
[DEBUG  ] dreamplace.ops.weighted_average_wirelength.weighted_average_wirelength - wirelength forward 0.062 ms
[DEBUG  ] dreamplace.ops.electric_potential.electric_potential - density forward 0.987 ms
[DEBUG  ] dreamplace.ops.electric_potential.electric_potential - density backward 0.326 ms
[DEBUG  ] dreamplace.ops.weighted_average_wirelength.weighted_average_wirelength - wirelength backward 0.103 ms
[INFO   ] DREAMPlace - optimizer step 9.029 ms
[INFO   ] DREAMPlace - iteration  136, (   6,  8,  0), Obj 1.233261E+03, NetCrossing 2.916E+01, NetCrossingWeight 1.000000E+00, DensityWeight 9.404611E-06, HPWL 1.148250E+03, Overflow 3.706000E-01, MaxDensity 7.658E+00, MacroOverlap 4.539E+01, MacroOverlapWeight 8.000000E-06, gamma 2.895529E-01, time 2.915ms
[INFO   ] DREAMPlace - full step 12.397 ms
[DEBUG  ] dreamplace.ops.weighted_average_wirelength.weighted_average_wirelength - wirelength forward 0.064 ms
[DEBUG  ] dreamplace.ops.electric_potential.electric_potential - density forward 0.995 ms
[DEBUG  ] dreamplace.ops.electric_potential.electric_potential - density backward 0.372 ms
[DEBUG  ] dreamplace.ops.weighted_average_wirelength.weighted_average_wirelength - wirelength backward 0.118 ms
[INFO   ] DREAMPlace - optimizer step 9.233 ms
[INFO   ] DREAMPlace - iteration  137, (   6,  8,  1), Obj 1.247581E+03, NetCrossing 3.705E+01, NetCrossingWeight 1.000000E+00, DensityWeight 9.404611E-06, HPWL 1.151183E+03, Overflow 3.703380E-01, MaxDensity 7.863E+00, MacroOverlap 3.942E+01, MacroOverlapWeight 8.000000E-06, gamma 2.895529E-01, time 2.993ms
[INFO   ] DREAMPlace - full step 12.699 ms
[INFO   ] DREAMPlace - Lsub stopping criteria: 1 and 1247.58 > 1233.26 * 0.999
[DEBUG  ] dreamplace.ops.weighted_average_wirelength.weighted_average_wirelength - wirelength forward 0.065 ms
[DEBUG  ] dreamplace.ops.electric_potential.electric_potential - density forward 1.016 ms
[DEBUG  ] dreamplace.ops.electric_potential.electric_potential - density backward 0.365 ms
[DEBUG  ] dreamplace.ops.weighted_average_wirelength.weighted_average_wirelength - wirelength backward 0.126 ms
[INFO   ] DREAMPlace - optimizer step 9.411 ms
[INFO   ] DREAMPlace - iteration  138, (   6,  9,  0), Obj 1.153083E+03, NetCrossing 3.032E+01, NetCrossingWeight 1.000000E+00, DensityWeight 9.739577E-06, HPWL 1.063372E+03, Overflow 3.696534E-01, MaxDensity 7.015E+00, MacroOverlap 4.003E+01, MacroOverlapWeight 8.000000E-06, gamma 2.895529E-01, time 3.006ms
[INFO   ] DREAMPlace - full step 12.893 ms
[DEBUG  ] dreamplace.ops.weighted_average_wirelength.weighted_average_wirelength - wirelength forward 0.064 ms
[DEBUG  ] dreamplace.ops.electric_potential.electric_potential - density forward 1.004 ms
[DEBUG  ] dreamplace.ops.electric_potential.electric_potential - density backward 0.347 ms
[DEBUG  ] dreamplace.ops.weighted_average_wirelength.weighted_average_wirelength - wirelength backward 0.116 ms
[INFO   ] DREAMPlace - optimizer step 9.328 ms
[INFO   ] DREAMPlace - iteration  139, (   6,  9,  1), Obj 1.174814E+03, NetCrossing 2.201E+01, NetCrossingWeight 1.000000E+00, DensityWeight 9.739577E-06, HPWL 1.091447E+03, Overflow 3.707963E-01, MaxDensity 6.718E+00, MacroOverlap 4.894E+01, MacroOverlapWeight 8.000000E-06, gamma 2.895529E-01, time 2.996ms
[INFO   ] DREAMPlace - full step 12.822 ms
[INFO   ] DREAMPlace - Lsub stopping criteria: 1 and 1174.81 > 1153.08 * 0.999
[DEBUG  ] dreamplace.ops.weighted_average_wirelength.weighted_average_wirelength - wirelength forward 0.059 ms
[DEBUG  ] dreamplace.ops.electric_potential.electric_potential - density forward 0.944 ms
[DEBUG  ] dreamplace.ops.electric_potential.electric_potential - density backward 0.350 ms
[DEBUG  ] dreamplace.ops.weighted_average_wirelength.weighted_average_wirelength - wirelength backward 0.088 ms
[INFO   ] DREAMPlace - optimizer step 8.846 ms
[INFO   ] DREAMPlace - iteration  140, (   7,  0,  0), Obj 1.320771E+03, NetCrossing 2.268E+01, NetCrossingWeight 1.000000E+00, DensityWeight 1.008546E-05, HPWL 1.237963E+03, Overflow 3.723707E-01, MaxDensity 6.645E+00, MacroOverlap 4.352E+01, MacroOverlapWeight 8.000000E-06, gamma 2.836159E-01, time 2.990ms
[INFO   ] DREAMPlace - full step 12.291 ms
[DEBUG  ] dreamplace.ops.weighted_average_wirelength.weighted_average_wirelength - wirelength forward 0.062 ms
[DEBUG  ] dreamplace.ops.electric_potential.electric_potential - density forward 0.973 ms
[DEBUG  ] dreamplace.ops.electric_potential.electric_potential - density backward 0.274 ms
[DEBUG  ] dreamplace.ops.weighted_average_wirelength.weighted_average_wirelength - wirelength backward 0.077 ms
[INFO   ] DREAMPlace - optimizer step 7.755 ms
[INFO   ] DREAMPlace - iteration  141, (   7,  0,  1), Obj 1.261564E+03, NetCrossing 4.198E+01, NetCrossingWeight 1.000000E+00, DensityWeight 1.008546E-05, HPWL 1.158175E+03, Overflow 3.689685E-01, MaxDensity 7.776E+00, MacroOverlap 4.088E+01, MacroOverlapWeight 8.000000E-06, gamma 2.836159E-01, time 2.907ms
[INFO   ] DREAMPlace - full step 11.120 ms
[DEBUG  ] dreamplace.ops.weighted_average_wirelength.weighted_average_wirelength - wirelength forward 0.062 ms
[DEBUG  ] dreamplace.ops.electric_potential.electric_potential - density forward 0.941 ms
[DEBUG  ] dreamplace.ops.electric_potential.electric_potential - density backward 0.302 ms
[DEBUG  ] dreamplace.ops.weighted_average_wirelength.weighted_average_wirelength - wirelength backward 0.097 ms
[INFO   ] DREAMPlace - optimizer step 8.284 ms
[INFO   ] DREAMPlace - iteration  142, (   7,  1,  0), Obj 1.268200E+03, NetCrossing 2.532E+01, NetCrossingWeight 1.000000E+00, DensityWeight 1.051694E-05, HPWL 1.181328E+03, Overflow 3.641793E-01, MaxDensity 8.192E+00, MacroOverlap 3.706E+01, MacroOverlapWeight 8.000000E-06, gamma 2.836159E-01, time 2.935ms
[INFO   ] DREAMPlace - full step 11.690 ms
[DEBUG  ] dreamplace.ops.weighted_average_wirelength.weighted_average_wirelength - wirelength forward 0.059 ms
[DEBUG  ] dreamplace.ops.electric_potential.electric_potential - density forward 0.937 ms
[DEBUG  ] dreamplace.ops.electric_potential.electric_potential - density backward 0.330 ms
[DEBUG  ] dreamplace.ops.weighted_average_wirelength.weighted_average_wirelength - wirelength backward 0.109 ms
[INFO   ] DREAMPlace - optimizer step 8.688 ms
[INFO   ] DREAMPlace - iteration  143, (   7,  1,  1), Obj 1.205357E+03, NetCrossing 2.173E+01, NetCrossingWeight 1.000000E+00, DensityWeight 1.051694E-05, HPWL 1.120851E+03, Overflow 3.666540E-01, MaxDensity 6.612E+00, MacroOverlap 3.634E+01, MacroOverlapWeight 8.000000E-06, gamma 2.836159E-01, time 2.848ms
[INFO   ] DREAMPlace - full step 11.985 ms
[DEBUG  ] dreamplace.ops.weighted_average_wirelength.weighted_average_wirelength - wirelength forward 0.060 ms
[DEBUG  ] dreamplace.ops.electric_potential.electric_potential - density forward 0.967 ms
[DEBUG  ] dreamplace.ops.electric_potential.electric_potential - density backward 0.305 ms
[DEBUG  ] dreamplace.ops.weighted_average_wirelength.weighted_average_wirelength - wirelength backward 0.102 ms
[INFO   ] DREAMPlace - optimizer step 8.608 ms
[INFO   ] DREAMPlace - iteration  144, (   7,  2,  0), Obj 1.235740E+03, NetCrossing 1.966E+01, NetCrossingWeight 1.000000E+00, DensityWeight 1.088826E-05, HPWL 1.154583E+03, Overflow 3.631529E-01, MaxDensity 8.095E+00, MacroOverlap 3.018E+01, MacroOverlapWeight 8.000000E-06, gamma 2.836159E-01, time 2.950ms
[INFO   ] DREAMPlace - full step 12.028 ms
[DEBUG  ] dreamplace.ops.weighted_average_wirelength.weighted_average_wirelength - wirelength forward 0.062 ms
[DEBUG  ] dreamplace.ops.electric_potential.electric_potential - density forward 0.968 ms
[DEBUG  ] dreamplace.ops.electric_potential.electric_potential - density backward 0.317 ms
[DEBUG  ] dreamplace.ops.weighted_average_wirelength.weighted_average_wirelength - wirelength backward 0.124 ms
[INFO   ] DREAMPlace - optimizer step 8.761 ms
[INFO   ] DREAMPlace - iteration  145, (   7,  2,  1), Obj 1.288471E+03, NetCrossing 1.851E+01, NetCrossingWeight 1.000000E+00, DensityWeight 1.088826E-05, HPWL 1.204482E+03, Overflow 3.679566E-01, MaxDensity 8.220E+00, MacroOverlap 3.289E+01, MacroOverlapWeight 8.000000E-06, gamma 2.836159E-01, time 2.980ms
[INFO   ] DREAMPlace - full step 12.224 ms
[INFO   ] DREAMPlace - Lsub stopping criteria: 1 and 1288.47 > 1235.74 * 0.999
[DEBUG  ] dreamplace.ops.weighted_average_wirelength.weighted_average_wirelength - wirelength forward 0.062 ms
[DEBUG  ] dreamplace.ops.electric_potential.electric_potential - density forward 0.964 ms
[DEBUG  ] dreamplace.ops.electric_potential.electric_potential - density backward 0.330 ms
[DEBUG  ] dreamplace.ops.weighted_average_wirelength.weighted_average_wirelength - wirelength backward 0.117 ms
[INFO   ] DREAMPlace - optimizer step 8.832 ms
[INFO   ] DREAMPlace - iteration  146, (   7,  3,  0), Obj 1.332302E+03, NetCrossing 2.091E+01, NetCrossingWeight 1.000000E+00, DensityWeight 1.135406E-05, HPWL 1.246549E+03, Overflow 3.620710E-01, MaxDensity 6.610E+00, MacroOverlap 3.126E+01, MacroOverlapWeight 8.000000E-06, gamma 2.836159E-01, time 2.979ms
[INFO   ] DREAMPlace - full step 12.292 ms
[DEBUG  ] dreamplace.ops.weighted_average_wirelength.weighted_average_wirelength - wirelength forward 0.063 ms
[DEBUG  ] dreamplace.ops.electric_potential.electric_potential - density forward 0.993 ms
[DEBUG  ] dreamplace.ops.electric_potential.electric_potential - density backward 0.339 ms
[DEBUG  ] dreamplace.ops.weighted_average_wirelength.weighted_average_wirelength - wirelength backward 0.109 ms
[INFO   ] DREAMPlace - optimizer step 9.070 ms
[INFO   ] DREAMPlace - iteration  147, (   7,  3,  1), Obj 1.338819E+03, NetCrossing 3.318E+01, NetCrossingWeight 1.000000E+00, DensityWeight 1.135406E-05, HPWL 1.237173E+03, Overflow 3.600174E-01, MaxDensity 7.514E+00, MacroOverlap 3.226E+01, MacroOverlapWeight 8.000000E-06, gamma 2.836159E-01, time 2.961ms
[INFO   ] DREAMPlace - full step 12.528 ms
[INFO   ] DREAMPlace - Lsub stopping criteria: 1 and 1338.82 > 1332.3 * 0.999
[DEBUG  ] dreamplace.ops.weighted_average_wirelength.weighted_average_wirelength - wirelength forward 0.063 ms
[DEBUG  ] dreamplace.ops.electric_potential.electric_potential - density forward 0.978 ms
[DEBUG  ] dreamplace.ops.electric_potential.electric_potential - density backward 0.360 ms
[DEBUG  ] dreamplace.ops.weighted_average_wirelength.weighted_average_wirelength - wirelength backward 0.126 ms
[INFO   ] DREAMPlace - optimizer step 9.196 ms
[INFO   ] DREAMPlace - iteration  148, (   7,  4,  0), Obj 1.308696E+03, NetCrossing 2.576E+01, NetCrossingWeight 1.000000E+00, DensityWeight 1.183984E-05, HPWL 1.218795E+03, Overflow 3.697839E-01, MaxDensity 7.174E+00, MacroOverlap 3.404E+01, MacroOverlapWeight 8.000000E-06, gamma 2.836159E-01, time 2.977ms
[INFO   ] DREAMPlace - full step 12.634 ms
[DEBUG  ] dreamplace.ops.weighted_average_wirelength.weighted_average_wirelength - wirelength forward 0.065 ms
[DEBUG  ] dreamplace.ops.electric_potential.electric_potential - density forward 1.124 ms
[DEBUG  ] dreamplace.ops.electric_potential.electric_potential - density backward 0.358 ms
[DEBUG  ] dreamplace.ops.weighted_average_wirelength.weighted_average_wirelength - wirelength backward 0.124 ms
[INFO   ] DREAMPlace - optimizer step 9.709 ms
[INFO   ] DREAMPlace - iteration  149, (   7,  4,  1), Obj 1.289937E+03, NetCrossing 1.795E+01, NetCrossingWeight 1.000000E+00, DensityWeight 1.183984E-05, HPWL 1.206061E+03, Overflow 3.651096E-01, MaxDensity 7.055E+00, MacroOverlap 3.287E+01, MacroOverlapWeight 8.000000E-06, gamma 2.836159E-01, time 3.003ms
[INFO   ] DREAMPlace - full step 13.196 ms
[DEBUG  ] dreamplace.ops.weighted_average_wirelength.weighted_average_wirelength - wirelength forward 0.060 ms
[DEBUG  ] dreamplace.ops.electric_potential.electric_potential - density forward 0.939 ms
[DEBUG  ] dreamplace.ops.electric_potential.electric_potential - density backward 0.354 ms
[DEBUG  ] dreamplace.ops.weighted_average_wirelength.weighted_average_wirelength - wirelength backward 0.072 ms
[INFO   ] DREAMPlace - optimizer step 8.892 ms
[INFO   ] DREAMPlace - iteration  150, (   7,  5,  0), Obj 1.299731E+03, NetCrossing 1.956E+01, NetCrossingWeight 1.000000E+00, DensityWeight 1.225419E-05, HPWL 1.213147E+03, Overflow 3.712071E-01, MaxDensity 8.669E+00, MacroOverlap 3.528E+01, MacroOverlapWeight 8.000000E-06, gamma 2.836159E-01, time 3.032ms
[INFO   ] DREAMPlace - full step 12.368 ms
[DEBUG  ] dreamplace.ops.weighted_average_wirelength.weighted_average_wirelength - wirelength forward 0.063 ms
[DEBUG  ] dreamplace.ops.electric_potential.electric_potential - density forward 0.972 ms
[DEBUG  ] dreamplace.ops.electric_potential.electric_potential - density backward 0.253 ms
[DEBUG  ] dreamplace.ops.weighted_average_wirelength.weighted_average_wirelength - wirelength backward 0.072 ms
[INFO   ] DREAMPlace - optimizer step 7.631 ms
[INFO   ] DREAMPlace - iteration  151, (   7,  5,  1), Obj 1.286914E+03, NetCrossing 2.053E+01, NetCrossingWeight 1.000000E+00, DensityWeight 1.225419E-05, HPWL 1.197022E+03, Overflow 3.638970E-01, MaxDensity 6.855E+00, MacroOverlap 3.147E+01, MacroOverlapWeight 8.000000E-06, gamma 2.836159E-01, time 2.979ms
[INFO   ] DREAMPlace - full step 11.071 ms
[DEBUG  ] dreamplace.ops.weighted_average_wirelength.weighted_average_wirelength - wirelength forward 0.059 ms
[DEBUG  ] dreamplace.ops.electric_potential.electric_potential - density forward 0.923 ms
[DEBUG  ] dreamplace.ops.electric_potential.electric_potential - density backward 0.289 ms
[DEBUG  ] dreamplace.ops.weighted_average_wirelength.weighted_average_wirelength - wirelength backward 0.091 ms
[INFO   ] DREAMPlace - optimizer step 8.092 ms
[INFO   ] DREAMPlace - iteration  152, (   7,  6,  0), Obj 1.336264E+03, NetCrossing 1.915E+01, NetCrossingWeight 1.000000E+00, DensityWeight 1.268177E-05, HPWL 1.249149E+03, Overflow 3.682993E-01, MaxDensity 7.518E+00, MacroOverlap 4.609E+01, MacroOverlapWeight 8.000000E-06, gamma 2.836159E-01, time 2.920ms
[INFO   ] DREAMPlace - full step 11.451 ms
[DEBUG  ] dreamplace.ops.weighted_average_wirelength.weighted_average_wirelength - wirelength forward 0.059 ms
[DEBUG  ] dreamplace.ops.electric_potential.electric_potential - density forward 1.017 ms
[DEBUG  ] dreamplace.ops.electric_potential.electric_potential - density backward 0.309 ms
[DEBUG  ] dreamplace.ops.weighted_average_wirelength.weighted_average_wirelength - wirelength backward 0.103 ms
[INFO   ] DREAMPlace - optimizer step 8.582 ms
[INFO   ] DREAMPlace - iteration  153, (   7,  6,  1), Obj 1.367421E+03, NetCrossing 1.689E+01, NetCrossingWeight 1.000000E+00, DensityWeight 1.268177E-05, HPWL 1.277653E+03, Overflow 3.772006E-01, MaxDensity 8.639E+00, MacroOverlap 4.568E+01, MacroOverlapWeight 8.000000E-06, gamma 2.836159E-01, time 2.846ms
[INFO   ] DREAMPlace - full step 11.878 ms
[INFO   ] DREAMPlace - Lsub stopping criteria: 1 and 1367.42 > 1336.26 * 0.999
[DEBUG  ] dreamplace.ops.weighted_average_wirelength.weighted_average_wirelength - wirelength forward 0.062 ms
[DEBUG  ] dreamplace.ops.electric_potential.electric_potential - density forward 0.959 ms
[DEBUG  ] dreamplace.ops.electric_potential.electric_potential - density backward 0.324 ms
[DEBUG  ] dreamplace.ops.weighted_average_wirelength.weighted_average_wirelength - wirelength backward 0.109 ms
[DEBUG  ] dreamplace.ops.weighted_average_wirelength.weighted_average_wirelength - wirelength forward 0.063 ms
[DEBUG  ] dreamplace.ops.electric_potential.electric_potential - density forward 1.073 ms
[DEBUG  ] dreamplace.ops.electric_potential.electric_potential - density backward 0.313 ms
[DEBUG  ] dreamplace.ops.weighted_average_wirelength.weighted_average_wirelength - wirelength backward 0.103 ms
[INFO   ] DREAMPlace - optimizer step 17.273 ms
[INFO   ] DREAMPlace - iteration  154, (   7,  7,  0), Obj 1.386881E+03, NetCrossing 1.854E+01, NetCrossingWeight 1.000000E+00, DensityWeight 1.322430E-05, HPWL 1.297570E+03, Overflow 3.709266E-01, MaxDensity 6.438E+00, MacroOverlap 4.099E+01, MacroOverlapWeight 8.000000E-06, gamma 2.836159E-01, time 2.853ms
[INFO   ] DREAMPlace - full step 20.567 ms
[DEBUG  ] dreamplace.ops.weighted_average_wirelength.weighted_average_wirelength - wirelength forward 0.061 ms
[DEBUG  ] dreamplace.ops.electric_potential.electric_potential - density forward 1.082 ms
[DEBUG  ] dreamplace.ops.electric_potential.electric_potential - density backward 0.312 ms
[DEBUG  ] dreamplace.ops.weighted_average_wirelength.weighted_average_wirelength - wirelength backward 0.104 ms
[INFO   ] DREAMPlace - optimizer step 8.725 ms
[INFO   ] DREAMPlace - iteration  155, (   7,  7,  1), Obj 1.302776E+03, NetCrossing 2.883E+01, NetCrossingWeight 1.000000E+00, DensityWeight 1.322430E-05, HPWL 1.200505E+03, Overflow 3.664904E-01, MaxDensity 6.704E+00, MacroOverlap 4.105E+01, MacroOverlapWeight 8.000000E-06, gamma 2.836159E-01, time 2.924ms
[INFO   ] DREAMPlace - full step 12.110 ms
[DEBUG  ] dreamplace.ops.weighted_average_wirelength.weighted_average_wirelength - wirelength forward 0.062 ms
[DEBUG  ] dreamplace.ops.electric_potential.electric_potential - density forward 0.980 ms
[DEBUG  ] dreamplace.ops.electric_potential.electric_potential - density backward 0.310 ms
[DEBUG  ] dreamplace.ops.weighted_average_wirelength.weighted_average_wirelength - wirelength backward 0.108 ms
[INFO   ] DREAMPlace - optimizer step 8.648 ms
[INFO   ] DREAMPlace - iteration  156, (   7,  8,  0), Obj 1.334611E+03, NetCrossing 2.473E+01, NetCrossingWeight 1.000000E+00, DensityWeight 1.368299E-05, HPWL 1.235189E+03, Overflow 3.693441E-01, MaxDensity 6.835E+00, MacroOverlap 3.919E+01, MacroOverlapWeight 8.000000E-06, gamma 2.836159E-01, time 2.924ms
[INFO   ] DREAMPlace - full step 12.020 ms
[DEBUG  ] dreamplace.ops.weighted_average_wirelength.weighted_average_wirelength - wirelength forward 0.062 ms
[DEBUG  ] dreamplace.ops.electric_potential.electric_potential - density forward 0.980 ms
[DEBUG  ] dreamplace.ops.electric_potential.electric_potential - density backward 0.340 ms
[DEBUG  ] dreamplace.ops.weighted_average_wirelength.weighted_average_wirelength - wirelength backward 0.109 ms
[INFO   ] DREAMPlace - optimizer step 8.856 ms
[INFO   ] DREAMPlace - iteration  157, (   7,  8,  1), Obj 1.233417E+03, NetCrossing 2.281E+01, NetCrossingWeight 1.000000E+00, DensityWeight 1.368299E-05, HPWL 1.133317E+03, Overflow 3.687790E-01, MaxDensity 8.090E+00, MacroOverlap 4.025E+01, MacroOverlapWeight 8.000000E-06, gamma 2.836159E-01, time 2.921ms
[INFO   ] DREAMPlace - full step 12.236 ms
[DEBUG  ] dreamplace.ops.weighted_average_wirelength.weighted_average_wirelength - wirelength forward 0.062 ms
[DEBUG  ] dreamplace.ops.electric_potential.electric_potential - density forward 0.993 ms
[DEBUG  ] dreamplace.ops.electric_potential.electric_potential - density backward 0.348 ms
[DEBUG  ] dreamplace.ops.weighted_average_wirelength.weighted_average_wirelength - wirelength backward 0.117 ms
[INFO   ] DREAMPlace - optimizer step 9.015 ms
[INFO   ] DREAMPlace - iteration  158, (   7,  9,  0), Obj 1.355502E+03, NetCrossing 2.525E+01, NetCrossingWeight 1.000000E+00, DensityWeight 1.415617E-05, HPWL 1.258028E+03, Overflow 3.759574E-01, MaxDensity 8.422E+00, MacroOverlap 4.135E+01, MacroOverlapWeight 8.000000E-06, gamma 2.836159E-01, time 2.926ms
[INFO   ] DREAMPlace - full step 12.396 ms
[DEBUG  ] dreamplace.ops.weighted_average_wirelength.weighted_average_wirelength - wirelength forward 0.063 ms
[DEBUG  ] dreamplace.ops.electric_potential.electric_potential - density forward 0.984 ms
[DEBUG  ] dreamplace.ops.electric_potential.electric_potential - density backward 0.332 ms
[DEBUG  ] dreamplace.ops.weighted_average_wirelength.weighted_average_wirelength - wirelength backward 0.109 ms
[INFO   ] DREAMPlace - optimizer step 8.980 ms
[INFO   ] DREAMPlace - iteration  159, (   7,  9,  1), Obj 1.413999E+03, NetCrossing 2.414E+01, NetCrossingWeight 1.000000E+00, DensityWeight 1.415617E-05, HPWL 1.314557E+03, Overflow 3.664542E-01, MaxDensity 7.061E+00, MacroOverlap 3.783E+01, MacroOverlapWeight 8.000000E-06, gamma 2.836159E-01, time 2.961ms
[INFO   ] DREAMPlace - full step 12.415 ms
[INFO   ] DREAMPlace - Lsub stopping criteria: 1 and 1414 > 1355.5 * 0.999
[DEBUG  ] dreamplace.ops.weighted_average_wirelength.weighted_average_wirelength - wirelength forward 0.063 ms
[DEBUG  ] dreamplace.ops.electric_potential.electric_potential - density forward 0.984 ms
[DEBUG  ] dreamplace.ops.electric_potential.electric_potential - density backward 0.326 ms
[DEBUG  ] dreamplace.ops.weighted_average_wirelength.weighted_average_wirelength - wirelength backward 0.108 ms
[INFO   ] DREAMPlace - optimizer step 8.890 ms
[INFO   ] DREAMPlace - iteration  160, (   8,  0,  0), Obj 1.345697E+03, NetCrossing 2.341E+01, NetCrossingWeight 1.000000E+00, DensityWeight 1.476165E-05, HPWL 1.246222E+03, Overflow 3.758734E-01, MaxDensity 7.308E+00, MacroOverlap 3.830E+01, MacroOverlapWeight 8.000000E-06, gamma 2.773840E-01, time 2.957ms
[INFO   ] DREAMPlace - full step 12.327 ms
[DEBUG  ] dreamplace.ops.weighted_average_wirelength.weighted_average_wirelength - wirelength forward 0.064 ms
[DEBUG  ] dreamplace.ops.electric_potential.electric_potential - density forward 0.985 ms
[DEBUG  ] dreamplace.ops.electric_potential.electric_potential - density backward 0.273 ms
[DEBUG  ] dreamplace.ops.weighted_average_wirelength.weighted_average_wirelength - wirelength backward 0.081 ms
[INFO   ] DREAMPlace - optimizer step 7.921 ms
[INFO   ] DREAMPlace - iteration  161, (   8,  0,  1), Obj 1.333373E+03, NetCrossing 2.920E+01, NetCrossingWeight 1.000000E+00, DensityWeight 1.476165E-05, HPWL 1.226802E+03, Overflow 3.648404E-01, MaxDensity 7.605E+00, MacroOverlap 3.837E+01, MacroOverlapWeight 8.000000E-06, gamma 2.773840E-01, time 2.952ms
[INFO   ] DREAMPlace - full step 11.339 ms
[DEBUG  ] dreamplace.ops.weighted_average_wirelength.weighted_average_wirelength - wirelength forward 0.064 ms
[DEBUG  ] dreamplace.ops.electric_potential.electric_potential - density forward 0.926 ms
[DEBUG  ] dreamplace.ops.electric_potential.electric_potential - density backward 0.309 ms
[DEBUG  ] dreamplace.ops.weighted_average_wirelength.weighted_average_wirelength - wirelength backward 0.103 ms
[INFO   ] DREAMPlace - optimizer step 8.429 ms
[INFO   ] DREAMPlace - iteration  162, (   8,  1,  0), Obj 1.340024E+03, NetCrossing 1.726E+01, NetCrossingWeight 1.000000E+00, DensityWeight 1.526908E-05, HPWL 1.246452E+03, Overflow 3.685703E-01, MaxDensity 7.884E+00, MacroOverlap 4.094E+01, MacroOverlapWeight 8.000000E-06, gamma 2.773840E-01, time 2.979ms
[INFO   ] DREAMPlace - full step 11.865 ms
[DEBUG  ] dreamplace.ops.weighted_average_wirelength.weighted_average_wirelength - wirelength forward 0.058 ms
[DEBUG  ] dreamplace.ops.electric_potential.electric_potential - density forward 0.953 ms
[DEBUG  ] dreamplace.ops.electric_potential.electric_potential - density backward 0.322 ms
[DEBUG  ] dreamplace.ops.weighted_average_wirelength.weighted_average_wirelength - wirelength backward 0.109 ms
[INFO   ] DREAMPlace - optimizer step 8.716 ms
[INFO   ] DREAMPlace - iteration  163, (   8,  1,  1), Obj 1.312998E+03, NetCrossing 1.888E+01, NetCrossingWeight 1.000000E+00, DensityWeight 1.526908E-05, HPWL 1.215339E+03, Overflow 3.721438E-01, MaxDensity 6.836E+00, MacroOverlap 4.936E+01, MacroOverlapWeight 8.000000E-06, gamma 2.773840E-01, time 2.841ms
[INFO   ] DREAMPlace - full step 12.008 ms
[DEBUG  ] dreamplace.ops.weighted_average_wirelength.weighted_average_wirelength - wirelength forward 0.061 ms
[DEBUG  ] dreamplace.ops.electric_potential.electric_potential - density forward 0.969 ms
[DEBUG  ] dreamplace.ops.electric_potential.electric_potential - density backward 0.309 ms
[DEBUG  ] dreamplace.ops.weighted_average_wirelength.weighted_average_wirelength - wirelength backward 0.102 ms
[INFO   ] DREAMPlace - optimizer step 8.577 ms
[INFO   ] DREAMPlace - iteration  164, (   8,  2,  0), Obj 1.277517E+03, NetCrossing 1.256E+01, NetCrossingWeight 1.000000E+00, DensityWeight 1.579238E-05, HPWL 1.182753E+03, Overflow 3.711321E-01, MaxDensity 7.810E+00, MacroOverlap 4.798E+01, MacroOverlapWeight 8.000000E-06, gamma 2.773840E-01, time 2.990ms
[INFO   ] DREAMPlace - full step 12.027 ms
[DEBUG  ] dreamplace.ops.weighted_average_wirelength.weighted_average_wirelength - wirelength forward 0.062 ms
[DEBUG  ] dreamplace.ops.electric_potential.electric_potential - density forward 0.968 ms
[DEBUG  ] dreamplace.ops.electric_potential.electric_potential - density backward 0.318 ms
[DEBUG  ] dreamplace.ops.weighted_average_wirelength.weighted_average_wirelength - wirelength backward 0.109 ms
[INFO   ] DREAMPlace - optimizer step 8.765 ms
[INFO   ] DREAMPlace - iteration  165, (   8,  2,  1), Obj 1.386777E+03, NetCrossing 1.515E+01, NetCrossingWeight 1.000000E+00, DensityWeight 1.579238E-05, HPWL 1.293841E+03, Overflow 3.662574E-01, MaxDensity 6.481E+00, MacroOverlap 3.788E+01, MacroOverlapWeight 8.000000E-06, gamma 2.773840E-01, time 2.962ms
[INFO   ] DREAMPlace - full step 12.189 ms
[INFO   ] DREAMPlace - Lsub stopping criteria: 1 and 1386.78 > 1277.52 * 0.999
[DEBUG  ] dreamplace.ops.weighted_average_wirelength.weighted_average_wirelength - wirelength forward 0.062 ms
[DEBUG  ] dreamplace.ops.electric_potential.electric_potential - density forward 0.966 ms
[DEBUG  ] dreamplace.ops.electric_potential.electric_potential - density backward 0.305 ms
[DEBUG  ] dreamplace.ops.weighted_average_wirelength.weighted_average_wirelength - wirelength backward 0.102 ms
[INFO   ] DREAMPlace - optimizer step 8.532 ms
[INFO   ] DREAMPlace - iteration  166, (   8,  3,  0), Obj 1.445183E+03, NetCrossing 2.247E+01, NetCrossingWeight 1.000000E+00, DensityWeight 1.646798E-05, HPWL 1.344425E+03, Overflow 3.621665E-01, MaxDensity 7.228E+00, MacroOverlap 3.826E+01, MacroOverlapWeight 8.000000E-06, gamma 2.773840E-01, time 2.979ms
[INFO   ] DREAMPlace - full step 11.964 ms
[DEBUG  ] dreamplace.ops.weighted_average_wirelength.weighted_average_wirelength - wirelength forward 0.061 ms
[DEBUG  ] dreamplace.ops.electric_potential.electric_potential - density forward 0.954 ms
[DEBUG  ] dreamplace.ops.electric_potential.electric_potential - density backward 0.345 ms
[DEBUG  ] dreamplace.ops.weighted_average_wirelength.weighted_average_wirelength - wirelength backward 0.108 ms
[INFO   ] DREAMPlace - optimizer step 8.929 ms
[INFO   ] DREAMPlace - iteration  167, (   8,  3,  1), Obj 1.505856E+03, NetCrossing 1.520E+01, NetCrossingWeight 1.000000E+00, DensityWeight 1.646798E-05, HPWL 1.411450E+03, Overflow 3.570752E-01, MaxDensity 5.702E+00, MacroOverlap 4.232E+01, MacroOverlapWeight 8.000000E-06, gamma 2.773840E-01, time 2.998ms
[INFO   ] DREAMPlace - full step 12.402 ms
[INFO   ] DREAMPlace - Lsub stopping criteria: 1 and 1505.86 > 1445.18 * 0.999
[DEBUG  ] dreamplace.ops.weighted_average_wirelength.weighted_average_wirelength - wirelength forward 0.063 ms
[DEBUG  ] dreamplace.ops.electric_potential.electric_potential - density forward 0.990 ms
[DEBUG  ] dreamplace.ops.electric_potential.electric_potential - density backward 0.351 ms
[DEBUG  ] dreamplace.ops.weighted_average_wirelength.weighted_average_wirelength - wirelength backward 0.125 ms
[INFO   ] DREAMPlace - optimizer step 9.066 ms
[INFO   ] DREAMPlace - iteration  168, (   8,  4,  0), Obj 1.336314E+03, NetCrossing 1.547E+01, NetCrossingWeight 1.000000E+00, DensityWeight 1.717243E-05, HPWL 1.240619E+03, Overflow 3.647541E-01, MaxDensity 5.931E+00, MacroOverlap 4.594E+01, MacroOverlapWeight 8.000000E-06, gamma 2.773840E-01, time 2.981ms
[INFO   ] DREAMPlace - full step 12.498 ms
[DEBUG  ] dreamplace.ops.weighted_average_wirelength.weighted_average_wirelength - wirelength forward 0.064 ms
[DEBUG  ] dreamplace.ops.electric_potential.electric_potential - density forward 0.984 ms
[DEBUG  ] dreamplace.ops.electric_potential.electric_potential - density backward 0.338 ms
[DEBUG  ] dreamplace.ops.weighted_average_wirelength.weighted_average_wirelength - wirelength backward 0.118 ms
[INFO   ] DREAMPlace - optimizer step 9.277 ms
[INFO   ] DREAMPlace - iteration  169, (   8,  4,  1), Obj 1.491630E+03, NetCrossing 1.128E+01, NetCrossingWeight 1.000000E+00, DensityWeight 1.717243E-05, HPWL 1.397616E+03, Overflow 3.665690E-01, MaxDensity 6.007E+00, MacroOverlap 4.672E+01, MacroOverlapWeight 8.000000E-06, gamma 2.773840E-01, time 3.024ms
[INFO   ] DREAMPlace - full step 12.777 ms
[INFO   ] DREAMPlace - Lsub stopping criteria: 1 and 1491.63 > 1336.31 * 0.999
[DEBUG  ] dreamplace.ops.weighted_average_wirelength.weighted_average_wirelength - wirelength forward 0.065 ms
[DEBUG  ] dreamplace.ops.electric_potential.electric_potential - density forward 0.999 ms
[DEBUG  ] dreamplace.ops.electric_potential.electric_potential - density backward 0.339 ms
[DEBUG  ] dreamplace.ops.weighted_average_wirelength.weighted_average_wirelength - wirelength backward 0.117 ms
[INFO   ] DREAMPlace - optimizer step 9.196 ms
[INFO   ] DREAMPlace - iteration  170, (   8,  5,  0), Obj 1.454084E+03, NetCrossing 1.381E+01, NetCrossingWeight 1.000000E+00, DensityWeight 1.775563E-05, HPWL 1.359965E+03, Overflow 3.664968E-01, MaxDensity 6.433E+00, MacroOverlap 4.471E+01, MacroOverlapWeight 8.000000E-06, gamma 2.773840E-01, time 3.045ms
[INFO   ] DREAMPlace - full step 12.718 ms
[DEBUG  ] dreamplace.ops.weighted_average_wirelength.weighted_average_wirelength - wirelength forward 0.065 ms
[DEBUG  ] dreamplace.ops.electric_potential.electric_potential - density forward 0.931 ms
[DEBUG  ] dreamplace.ops.electric_potential.electric_potential - density backward 0.272 ms
[DEBUG  ] dreamplace.ops.weighted_average_wirelength.weighted_average_wirelength - wirelength backward 0.080 ms
[INFO   ] DREAMPlace - optimizer step 7.716 ms
[INFO   ] DREAMPlace - iteration  171, (   8,  5,  1), Obj 1.465957E+03, NetCrossing 1.281E+01, NetCrossingWeight 1.000000E+00, DensityWeight 1.775563E-05, HPWL 1.371799E+03, Overflow 3.698193E-01, MaxDensity 6.237E+00, MacroOverlap 4.009E+01, MacroOverlapWeight 8.000000E-06, gamma 2.773840E-01, time 3.025ms
[INFO   ] DREAMPlace - full step 11.200 ms
[INFO   ] DREAMPlace - Lsub stopping criteria: 1 and 1465.96 > 1454.08 * 0.999
[DEBUG  ] dreamplace.ops.weighted_average_wirelength.weighted_average_wirelength - wirelength forward 0.058 ms
[DEBUG  ] dreamplace.ops.electric_potential.electric_potential - density forward 0.928 ms
[DEBUG  ] dreamplace.ops.electric_potential.electric_potential - density backward 0.318 ms
[DEBUG  ] dreamplace.ops.weighted_average_wirelength.weighted_average_wirelength - wirelength backward 0.103 ms
[INFO   ] DREAMPlace - optimizer step 8.453 ms
[INFO   ] DREAMPlace - iteration  172, (   8,  6,  0), Obj 1.499619E+03, NetCrossing 1.511E+01, NetCrossingWeight 1.000000E+00, DensityWeight 1.835680E-05, HPWL 1.404939E+03, Overflow 3.610109E-01, MaxDensity 8.640E+00, MacroOverlap 3.876E+01, MacroOverlapWeight 8.000000E-06, gamma 2.773840E-01, time 2.866ms
[INFO   ] DREAMPlace - full step 11.785 ms
[DEBUG  ] dreamplace.ops.weighted_average_wirelength.weighted_average_wirelength - wirelength forward 0.059 ms
[DEBUG  ] dreamplace.ops.electric_potential.electric_potential - density forward 0.960 ms
[DEBUG  ] dreamplace.ops.electric_potential.electric_potential - density backward 0.320 ms
[DEBUG  ] dreamplace.ops.weighted_average_wirelength.weighted_average_wirelength - wirelength backward 0.109 ms
[INFO   ] DREAMPlace - optimizer step 8.778 ms
[INFO   ] DREAMPlace - iteration  173, (   8,  6,  1), Obj 1.484611E+03, NetCrossing 2.158E+01, NetCrossingWeight 1.000000E+00, DensityWeight 1.835680E-05, HPWL 1.381055E+03, Overflow 3.672020E-01, MaxDensity 7.116E+00, MacroOverlap 3.825E+01, MacroOverlapWeight 8.000000E-06, gamma 2.773840E-01, time 2.852ms
[INFO   ] DREAMPlace - full step 12.093 ms
[DEBUG  ] dreamplace.ops.weighted_average_wirelength.weighted_average_wirelength - wirelength forward 0.061 ms
[DEBUG  ] dreamplace.ops.electric_potential.electric_potential - density forward 0.974 ms
[DEBUG  ] dreamplace.ops.electric_potential.electric_potential - density backward 0.303 ms
[DEBUG  ] dreamplace.ops.weighted_average_wirelength.weighted_average_wirelength - wirelength backward 0.102 ms
[INFO   ] DREAMPlace - optimizer step 8.582 ms
[INFO   ] DREAMPlace - iteration  174, (   8,  7,  0), Obj 1.610859E+03, NetCrossing 2.743E+01, NetCrossingWeight 1.000000E+00, DensityWeight 1.914224E-05, HPWL 1.502127E+03, Overflow 3.703950E-01, MaxDensity 8.526E+00, MacroOverlap 4.553E+01, MacroOverlapWeight 8.000000E-06, gamma 2.773840E-01, time 2.864ms
[INFO   ] DREAMPlace - full step 11.902 ms
[DEBUG  ] dreamplace.ops.weighted_average_wirelength.weighted_average_wirelength - wirelength forward 0.062 ms
[DEBUG  ] dreamplace.ops.electric_potential.electric_potential - density forward 1.066 ms
[DEBUG  ] dreamplace.ops.electric_potential.electric_potential - density backward 0.324 ms
[DEBUG  ] dreamplace.ops.weighted_average_wirelength.weighted_average_wirelength - wirelength backward 0.110 ms
[INFO   ] DREAMPlace - optimizer step 8.919 ms
[INFO   ] DREAMPlace - iteration  175, (   8,  7,  1), Obj 1.432878E+03, NetCrossing 1.820E+01, NetCrossingWeight 1.000000E+00, DensityWeight 1.914224E-05, HPWL 1.336806E+03, Overflow 3.704725E-01, MaxDensity 7.921E+00, MacroOverlap 5.071E+01, MacroOverlapWeight 8.000000E-06, gamma 2.773840E-01, time 2.931ms
[INFO   ] DREAMPlace - full step 12.315 ms
[DEBUG  ] dreamplace.ops.weighted_average_wirelength.weighted_average_wirelength - wirelength forward 0.064 ms
[DEBUG  ] dreamplace.ops.electric_potential.electric_potential - density forward 1.004 ms
[DEBUG  ] dreamplace.ops.electric_potential.electric_potential - density backward 0.312 ms
[DEBUG  ] dreamplace.ops.weighted_average_wirelength.weighted_average_wirelength - wirelength backward 0.102 ms
[INFO   ] DREAMPlace - optimizer step 8.676 ms
[INFO   ] DREAMPlace - iteration  176, (   8,  8,  0), Obj 1.538638E+03, NetCrossing 1.622E+01, NetCrossingWeight 1.000000E+00, DensityWeight 1.978640E-05, HPWL 1.441416E+03, Overflow 3.661240E-01, MaxDensity 7.165E+00, MacroOverlap 3.924E+01, MacroOverlapWeight 8.000000E-06, gamma 2.773840E-01, time 2.964ms
[INFO   ] DREAMPlace - full step 12.095 ms
[DEBUG  ] dreamplace.ops.weighted_average_wirelength.weighted_average_wirelength - wirelength forward 0.062 ms
[DEBUG  ] dreamplace.ops.electric_potential.electric_potential - density forward 1.100 ms
[DEBUG  ] dreamplace.ops.electric_potential.electric_potential - density backward 0.329 ms
[DEBUG  ] dreamplace.ops.weighted_average_wirelength.weighted_average_wirelength - wirelength backward 0.118 ms
[INFO   ] DREAMPlace - optimizer step 9.321 ms
[INFO   ] DREAMPlace - iteration  177, (   8,  8,  1), Obj 1.592341E+03, NetCrossing 1.601E+01, NetCrossingWeight 1.000000E+00, DensityWeight 1.978640E-05, HPWL 1.493736E+03, Overflow 3.554572E-01, MaxDensity 6.380E+00, MacroOverlap 3.804E+01, MacroOverlapWeight 8.000000E-06, gamma 2.773840E-01, time 3.046ms
[INFO   ] DREAMPlace - full step 12.851 ms
[INFO   ] DREAMPlace - Lsub stopping criteria: 1 and 1592.34 > 1538.64 * 0.999
[DEBUG  ] dreamplace.ops.weighted_average_wirelength.weighted_average_wirelength - wirelength forward 0.065 ms
[DEBUG  ] dreamplace.ops.electric_potential.electric_potential - density forward 1.041 ms
[DEBUG  ] dreamplace.ops.electric_potential.electric_potential - density backward 0.353 ms
[DEBUG  ] dreamplace.ops.weighted_average_wirelength.weighted_average_wirelength - wirelength backward 0.126 ms
[INFO   ] DREAMPlace - optimizer step 9.414 ms
[INFO   ] DREAMPlace - iteration  178, (   8,  9,  0), Obj 1.651188E+03, NetCrossing 1.578E+01, NetCrossingWeight 1.000000E+00, DensityWeight 2.063273E-05, HPWL 1.556031E+03, Overflow 3.615115E-01, MaxDensity 7.355E+00, MacroOverlap 3.316E+01, MacroOverlapWeight 8.000000E-06, gamma 2.773840E-01, time 2.988ms
[INFO   ] DREAMPlace - full step 12.862 ms
[DEBUG  ] dreamplace.ops.weighted_average_wirelength.weighted_average_wirelength - wirelength forward 0.064 ms
[DEBUG  ] dreamplace.ops.electric_potential.electric_potential - density forward 1.004 ms
[DEBUG  ] dreamplace.ops.electric_potential.electric_potential - density backward 0.331 ms
[DEBUG  ] dreamplace.ops.weighted_average_wirelength.weighted_average_wirelength - wirelength backward 0.117 ms
[INFO   ] DREAMPlace - optimizer step 9.299 ms
[INFO   ] DREAMPlace - iteration  179, (   8,  9,  1), Obj 1.591968E+03, NetCrossing 2.136E+01, NetCrossingWeight 1.000000E+00, DensityWeight 2.063273E-05, HPWL 1.488539E+03, Overflow 3.565130E-01, MaxDensity 6.479E+00, MacroOverlap 3.516E+01, MacroOverlapWeight 8.000000E-06, gamma 2.773840E-01, time 3.005ms
[INFO   ] DREAMPlace - full step 12.791 ms
[DEBUG  ] dreamplace.ops.weighted_average_wirelength.weighted_average_wirelength - wirelength forward 0.066 ms
[DEBUG  ] dreamplace.ops.electric_potential.electric_potential - density forward 1.147 ms
[DEBUG  ] dreamplace.ops.electric_potential.electric_potential - density backward 0.330 ms
[DEBUG  ] dreamplace.ops.weighted_average_wirelength.weighted_average_wirelength - wirelength backward 0.083 ms
[INFO   ] DREAMPlace - optimizer step 9.179 ms
[INFO   ] DREAMPlace - iteration  180, (   9,  0,  0), Obj 1.399145E+03, NetCrossing 1.731E+01, NetCrossingWeight 1.000000E+00, DensityWeight 2.132278E-05, HPWL 1.300164E+03, Overflow 3.744668E-01, MaxDensity 7.870E+00, MacroOverlap 4.466E+01, MacroOverlapWeight 8.000000E-06, gamma 2.636270E-01, time 3.205ms
[INFO   ] DREAMPlace - full step 12.848 ms
[DEBUG  ] dreamplace.ops.weighted_average_wirelength.weighted_average_wirelength - wirelength forward 0.058 ms
[DEBUG  ] dreamplace.ops.electric_potential.electric_potential - density forward 0.930 ms
[DEBUG  ] dreamplace.ops.electric_potential.electric_potential - density backward 0.263 ms
[DEBUG  ] dreamplace.ops.weighted_average_wirelength.weighted_average_wirelength - wirelength backward 0.083 ms
[INFO   ] DREAMPlace - optimizer step 7.740 ms
[INFO   ] DREAMPlace - iteration  181, (   9,  0,  1), Obj 1.558656E+03, NetCrossing 2.553E+01, NetCrossingWeight 1.000000E+00, DensityWeight 2.132278E-05, HPWL 1.450978E+03, Overflow 3.648373E-01, MaxDensity 6.058E+00, MacroOverlap 5.439E+01, MacroOverlapWeight 8.000000E-06, gamma 2.636270E-01, time 3.021ms
[INFO   ] DREAMPlace - full step 11.217 ms
[INFO   ] DREAMPlace - Lsub stopping criteria: 1 and 1558.66 > 1399.14 * 0.999
[DEBUG  ] dreamplace.ops.weighted_average_wirelength.weighted_average_wirelength - wirelength forward 0.059 ms
[DEBUG  ] dreamplace.ops.electric_potential.electric_potential - density forward 0.932 ms
[DEBUG  ] dreamplace.ops.electric_potential.electric_potential - density backward 0.306 ms
[DEBUG  ] dreamplace.ops.weighted_average_wirelength.weighted_average_wirelength - wirelength backward 0.098 ms
[INFO   ] DREAMPlace - optimizer step 8.238 ms
[INFO   ] DREAMPlace - iteration  182, (   9,  1,  0), Obj 1.635234E+03, NetCrossing 2.155E+01, NetCrossingWeight 1.000000E+00, DensityWeight 2.203371E-05, HPWL 1.533965E+03, Overflow 3.702680E-01, MaxDensity 6.124E+00, MacroOverlap 5.417E+01, MacroOverlapWeight 8.000000E-06, gamma 2.636270E-01, time 2.862ms
[INFO   ] DREAMPlace - full step 11.536 ms
[DEBUG  ] dreamplace.ops.weighted_average_wirelength.weighted_average_wirelength - wirelength forward 0.057 ms
[DEBUG  ] dreamplace.ops.electric_potential.electric_potential - density forward 0.952 ms
[DEBUG  ] dreamplace.ops.electric_potential.electric_potential - density backward 0.299 ms
[DEBUG  ] dreamplace.ops.weighted_average_wirelength.weighted_average_wirelength - wirelength backward 0.103 ms
[INFO   ] DREAMPlace - optimizer step 8.492 ms
[INFO   ] DREAMPlace - iteration  183, (   9,  1,  1), Obj 1.713757E+03, NetCrossing 1.396E+01, NetCrossingWeight 1.000000E+00, DensityWeight 2.203371E-05, HPWL 1.618770E+03, Overflow 3.608823E-01, MaxDensity 5.724E+00, MacroOverlap 4.884E+01, MacroOverlapWeight 8.000000E-06, gamma 2.636270E-01, time 2.823ms
[INFO   ] DREAMPlace - full step 11.775 ms
[INFO   ] DREAMPlace - Lsub stopping criteria: 1 and 1713.76 > 1635.23 * 0.999
[DEBUG  ] dreamplace.ops.weighted_average_wirelength.weighted_average_wirelength - wirelength forward 0.061 ms
[DEBUG  ] dreamplace.ops.electric_potential.electric_potential - density forward 0.968 ms
[DEBUG  ] dreamplace.ops.electric_potential.electric_potential - density backward 0.335 ms
[DEBUG  ] dreamplace.ops.weighted_average_wirelength.weighted_average_wirelength - wirelength backward 0.108 ms
[INFO   ] DREAMPlace - optimizer step 8.775 ms
[INFO   ] DREAMPlace - iteration  184, (   9,  2,  0), Obj 1.565376E+03, NetCrossing 1.875E+01, NetCrossingWeight 1.000000E+00, DensityWeight 2.297614E-05, HPWL 1.469058E+03, Overflow 3.601755E-01, MaxDensity 6.548E+00, MacroOverlap 4.262E+01, MacroOverlapWeight 8.000000E-06, gamma 2.636270E-01, time 2.879ms
[INFO   ] DREAMPlace - full step 12.097 ms
[DEBUG  ] dreamplace.ops.weighted_average_wirelength.weighted_average_wirelength - wirelength forward 0.064 ms
[DEBUG  ] dreamplace.ops.electric_potential.electric_potential - density forward 1.006 ms
[DEBUG  ] dreamplace.ops.electric_potential.electric_potential - density backward 0.327 ms
[DEBUG  ] dreamplace.ops.weighted_average_wirelength.weighted_average_wirelength - wirelength backward 0.110 ms
[INFO   ] DREAMPlace - optimizer step 10.430 ms
[INFO   ] DREAMPlace - iteration  185, (   9,  2,  1), Obj 1.620516E+03, NetCrossing 1.512E+01, NetCrossingWeight 1.000000E+00, DensityWeight 2.297614E-05, HPWL 1.523522E+03, Overflow 3.665199E-01, MaxDensity 6.293E+00, MacroOverlap 3.723E+01, MacroOverlapWeight 8.000000E-06, gamma 2.636270E-01, time 2.936ms
[INFO   ] DREAMPlace - full step 13.841 ms
[INFO   ] DREAMPlace - Lsub stopping criteria: 1 and 1620.52 > 1565.38 * 0.999
[DEBUG  ] dreamplace.ops.weighted_average_wirelength.weighted_average_wirelength - wirelength forward 0.074 ms
[DEBUG  ] dreamplace.ops.electric_potential.electric_potential - density forward 1.107 ms
[DEBUG  ] dreamplace.ops.electric_potential.electric_potential - density backward 0.357 ms
[DEBUG  ] dreamplace.ops.weighted_average_wirelength.weighted_average_wirelength - wirelength backward 0.124 ms
[INFO   ] DREAMPlace - optimizer step 9.778 ms
[INFO   ] DREAMPlace - iteration  186, (   9,  3,  0), Obj 1.466787E+03, NetCrossing 9.261E+00, NetCrossingWeight 1.000000E+00, DensityWeight 2.373745E-05, HPWL 1.377422E+03, Overflow 3.596849E-01, MaxDensity 6.321E+00, MacroOverlap 2.988E+01, MacroOverlapWeight 8.000000E-06, gamma 2.636270E-01, time 3.135ms
[INFO   ] DREAMPlace - full step 13.401 ms
[DEBUG  ] dreamplace.ops.weighted_average_wirelength.weighted_average_wirelength - wirelength forward 0.059 ms
[DEBUG  ] dreamplace.ops.electric_potential.electric_potential - density forward 1.023 ms
[DEBUG  ] dreamplace.ops.electric_potential.electric_potential - density backward 0.360 ms
[DEBUG  ] dreamplace.ops.weighted_average_wirelength.weighted_average_wirelength - wirelength backward 0.075 ms
[INFO   ] DREAMPlace - optimizer step 8.993 ms
[INFO   ] DREAMPlace - iteration  187, (   9,  3,  1), Obj 1.510348E+03, NetCrossing 1.832E+01, NetCrossingWeight 1.000000E+00, DensityWeight 2.373745E-05, HPWL 1.411034E+03, Overflow 3.604319E-01, MaxDensity 7.911E+00, MacroOverlap 3.237E+01, MacroOverlapWeight 8.000000E-06, gamma 2.636270E-01, time 3.194ms
[INFO   ] DREAMPlace - full step 12.661 ms
[INFO   ] DREAMPlace - Lsub stopping criteria: 1 and 1510.35 > 1466.79 * 0.999
[DEBUG  ] dreamplace.ops.weighted_average_wirelength.weighted_average_wirelength - wirelength forward 0.062 ms
[DEBUG  ] dreamplace.ops.electric_potential.electric_potential - density forward 1.218 ms
[DEBUG  ] dreamplace.ops.electric_potential.electric_potential - density backward 0.245 ms
[DEBUG  ] dreamplace.ops.weighted_average_wirelength.weighted_average_wirelength - wirelength backward 0.098 ms
[INFO   ] DREAMPlace - optimizer step 7.956 ms
[INFO   ] DREAMPlace - iteration  188, (   9,  4,  0), Obj 1.547007E+03, NetCrossing 1.367E+01, NetCrossingWeight 1.000000E+00, DensityWeight 2.452153E-05, HPWL 1.460651E+03, Overflow 3.614459E-01, MaxDensity 5.868E+00, MacroOverlap 2.890E+01, MacroOverlapWeight 8.000000E-06, gamma 2.636270E-01, time 2.951ms
[INFO   ] DREAMPlace - full step 11.350 ms
[DEBUG  ] dreamplace.ops.weighted_average_wirelength.weighted_average_wirelength - wirelength forward 0.058 ms
[DEBUG  ] dreamplace.ops.electric_potential.electric_potential - density forward 0.934 ms
[DEBUG  ] dreamplace.ops.electric_potential.electric_potential - density backward 0.295 ms
[DEBUG  ] dreamplace.ops.weighted_average_wirelength.weighted_average_wirelength - wirelength backward 0.097 ms
[INFO   ] DREAMPlace - optimizer step 8.173 ms
[INFO   ] DREAMPlace - iteration  189, (   9,  4,  1), Obj 1.550791E+03, NetCrossing 9.444E+00, NetCrossingWeight 1.000000E+00, DensityWeight 2.452153E-05, HPWL 1.463167E+03, Overflow 3.640002E-01, MaxDensity 7.103E+00, MacroOverlap 3.215E+01, MacroOverlapWeight 8.000000E-06, gamma 2.636270E-01, time 2.948ms
[INFO   ] DREAMPlace - full step 11.570 ms
[INFO   ] DREAMPlace - Lsub stopping criteria: 1 and 1550.79 > 1547.01 * 0.999
[DEBUG  ] dreamplace.ops.weighted_average_wirelength.weighted_average_wirelength - wirelength forward 0.072 ms
[DEBUG  ] dreamplace.ops.electric_potential.electric_potential - density forward 1.076 ms
[DEBUG  ] dreamplace.ops.electric_potential.electric_potential - density backward 0.304 ms
[DEBUG  ] dreamplace.ops.weighted_average_wirelength.weighted_average_wirelength - wirelength backward 0.114 ms
[INFO   ] DREAMPlace - optimizer step 8.555 ms
[INFO   ] DREAMPlace - iteration  190, (   9,  5,  0), Obj 1.466663E+03, NetCrossing 1.099E+01, NetCrossingWeight 1.000000E+00, DensityWeight 2.557063E-05, HPWL 1.381154E+03, Overflow 3.583724E-01, MaxDensity 7.186E+00, MacroOverlap 3.340E+01, MacroOverlapWeight 8.000000E-06, gamma 2.636270E-01, time 2.849ms
[INFO   ] DREAMPlace - full step 11.839 ms
[DEBUG  ] dreamplace.ops.weighted_average_wirelength.weighted_average_wirelength - wirelength forward 0.061 ms
[DEBUG  ] dreamplace.ops.electric_potential.electric_potential - density forward 0.961 ms
[DEBUG  ] dreamplace.ops.electric_potential.electric_potential - density backward 0.314 ms
[DEBUG  ] dreamplace.ops.weighted_average_wirelength.weighted_average_wirelength - wirelength backward 0.103 ms
[INFO   ] DREAMPlace - optimizer step 8.452 ms
[INFO   ] DREAMPlace - iteration  191, (   9,  5,  1), Obj 1.573063E+03, NetCrossing 1.057E+01, NetCrossingWeight 1.000000E+00, DensityWeight 2.557063E-05, HPWL 1.489370E+03, Overflow 3.636765E-01, MaxDensity 7.371E+00, MacroOverlap 3.601E+01, MacroOverlapWeight 8.000000E-06, gamma 2.636270E-01, time 2.898ms
[INFO   ] DREAMPlace - full step 11.804 ms
[INFO   ] DREAMPlace - Lsub stopping criteria: 1 and 1573.06 > 1466.66 * 0.999
[DEBUG  ] dreamplace.ops.weighted_average_wirelength.weighted_average_wirelength - wirelength forward 0.061 ms
[DEBUG  ] dreamplace.ops.electric_potential.electric_potential - density forward 0.961 ms
[DEBUG  ] dreamplace.ops.electric_potential.electric_potential - density backward 0.302 ms
[DEBUG  ] dreamplace.ops.weighted_average_wirelength.weighted_average_wirelength - wirelength backward 0.104 ms
[INFO   ] DREAMPlace - optimizer step 8.440 ms
[INFO   ] DREAMPlace - iteration  192, (   9,  6,  0), Obj 1.582660E+03, NetCrossing 1.617E+01, NetCrossingWeight 1.000000E+00, DensityWeight 2.666468E-05, HPWL 1.483259E+03, Overflow 3.648088E-01, MaxDensity 7.517E+00, MacroOverlap 3.909E+01, MacroOverlapWeight 8.000000E-06, gamma 2.636270E-01, time 2.903ms
[INFO   ] DREAMPlace - full step 11.790 ms
[DEBUG  ] dreamplace.ops.weighted_average_wirelength.weighted_average_wirelength - wirelength forward 0.061 ms
[DEBUG  ] dreamplace.ops.electric_potential.electric_potential - density forward 0.961 ms
[DEBUG  ] dreamplace.ops.electric_potential.electric_potential - density backward 0.320 ms
[DEBUG  ] dreamplace.ops.weighted_average_wirelength.weighted_average_wirelength - wirelength backward 0.109 ms
[INFO   ] DREAMPlace - optimizer step 8.705 ms
[INFO   ] DREAMPlace - iteration  193, (   9,  6,  1), Obj 1.507243E+03, NetCrossing 1.396E+01, NetCrossingWeight 1.000000E+00, DensityWeight 2.666468E-05, HPWL 1.419183E+03, Overflow 3.628185E-01, MaxDensity 6.986E+00, MacroOverlap 4.105E+01, MacroOverlapWeight 8.000000E-06, gamma 2.636270E-01, time 2.904ms
[INFO   ] DREAMPlace - full step 12.067 ms
[DEBUG  ] dreamplace.ops.weighted_average_wirelength.weighted_average_wirelength - wirelength forward 0.062 ms
[DEBUG  ] dreamplace.ops.electric_potential.electric_potential - density forward 0.977 ms
[DEBUG  ] dreamplace.ops.electric_potential.electric_potential - density backward 0.310 ms
[DEBUG  ] dreamplace.ops.weighted_average_wirelength.weighted_average_wirelength - wirelength backward 0.112 ms
[INFO   ] DREAMPlace - optimizer step 8.675 ms
[INFO   ] DREAMPlace - iteration  194, (   9,  7,  0), Obj 1.558747E+03, NetCrossing 1.312E+01, NetCrossingWeight 1.000000E+00, DensityWeight 2.753719E-05, HPWL 1.474354E+03, Overflow 3.642327E-01, MaxDensity 6.040E+00, MacroOverlap 4.111E+01, MacroOverlapWeight 8.000000E-06, gamma 2.636270E-01, time 2.914ms
[INFO   ] DREAMPlace - full step 12.036 ms
[DEBUG  ] dreamplace.ops.weighted_average_wirelength.weighted_average_wirelength - wirelength forward 0.064 ms
[DEBUG  ] dreamplace.ops.electric_potential.electric_potential - density forward 0.992 ms
[DEBUG  ] dreamplace.ops.electric_potential.electric_potential - density backward 0.339 ms
[DEBUG  ] dreamplace.ops.weighted_average_wirelength.weighted_average_wirelength - wirelength backward 0.112 ms
[INFO   ] DREAMPlace - optimizer step 8.911 ms
[INFO   ] DREAMPlace - iteration  195, (   9,  7,  1), Obj 1.555619E+03, NetCrossing 2.395E+01, NetCrossingWeight 1.000000E+00, DensityWeight 2.753719E-05, HPWL 1.459353E+03, Overflow 3.571379E-01, MaxDensity 6.300E+00, MacroOverlap 4.181E+01, MacroOverlapWeight 8.000000E-06, gamma 2.636270E-01, time 2.985ms
[INFO   ] DREAMPlace - full step 12.359 ms
[DEBUG  ] dreamplace.ops.weighted_average_wirelength.weighted_average_wirelength - wirelength forward 0.065 ms
[DEBUG  ] dreamplace.ops.electric_potential.electric_potential - density forward 1.015 ms
[DEBUG  ] dreamplace.ops.electric_potential.electric_potential - density backward 0.364 ms
[DEBUG  ] dreamplace.ops.weighted_average_wirelength.weighted_average_wirelength - wirelength backward 0.129 ms
[INFO   ] DREAMPlace - optimizer step 9.223 ms
[INFO   ] DREAMPlace - iteration  196, (   9,  8,  0), Obj 1.605602E+03, NetCrossing 1.160E+01, NetCrossingWeight 1.000000E+00, DensityWeight 2.871535E-05, HPWL 1.524598E+03, Overflow 3.566317E-01, MaxDensity 6.319E+00, MacroOverlap 4.367E+01, MacroOverlapWeight 8.000000E-06, gamma 2.636270E-01, time 2.979ms
[INFO   ] DREAMPlace - full step 12.665 ms
[DEBUG  ] dreamplace.ops.weighted_average_wirelength.weighted_average_wirelength - wirelength forward 0.067 ms
[DEBUG  ] dreamplace.ops.electric_potential.electric_potential - density forward 1.026 ms
[DEBUG  ] dreamplace.ops.electric_potential.electric_potential - density backward 0.364 ms
[DEBUG  ] dreamplace.ops.weighted_average_wirelength.weighted_average_wirelength - wirelength backward 0.128 ms
[INFO   ] DREAMPlace - optimizer step 9.655 ms
[INFO   ] DREAMPlace - iteration  197, (   9,  8,  1), Obj 1.618837E+03, NetCrossing 1.327E+01, NetCrossingWeight 1.000000E+00, DensityWeight 2.871535E-05, HPWL 1.534888E+03, Overflow 3.606172E-01, MaxDensity 6.028E+00, MacroOverlap 4.570E+01, MacroOverlapWeight 8.000000E-06, gamma 2.636270E-01, time 3.021ms
[INFO   ] DREAMPlace - full step 13.185 ms
[INFO   ] DREAMPlace - Lsub stopping criteria: 1 and 1618.84 > 1605.6 * 0.999
[DEBUG  ] dreamplace.ops.weighted_average_wirelength.weighted_average_wirelength - wirelength forward 0.073 ms
[DEBUG  ] dreamplace.ops.electric_potential.electric_potential - density forward 1.086 ms
[DEBUG  ] dreamplace.ops.electric_potential.electric_potential - density backward 0.380 ms
[DEBUG  ] dreamplace.ops.weighted_average_wirelength.weighted_average_wirelength - wirelength backward 0.086 ms
[INFO   ] DREAMPlace - optimizer step 9.454 ms
[INFO   ] DREAMPlace - iteration  198, (   9,  9,  0), Obj 1.584558E+03, NetCrossing 8.908E+00, NetCrossingWeight 1.000000E+00, DensityWeight 2.994381E-05, HPWL 1.509229E+03, Overflow 3.608952E-01, MaxDensity 6.150E+00, MacroOverlap 4.657E+01, MacroOverlapWeight 8.000000E-06, gamma 2.636270E-01, time 3.137ms
[INFO   ] DREAMPlace - full step 13.081 ms
[DEBUG  ] dreamplace.ops.weighted_average_wirelength.weighted_average_wirelength - wirelength forward 0.061 ms
[DEBUG  ] dreamplace.ops.electric_potential.electric_potential - density forward 0.962 ms
[DEBUG  ] dreamplace.ops.electric_potential.electric_potential - density backward 0.277 ms
[DEBUG  ] dreamplace.ops.weighted_average_wirelength.weighted_average_wirelength - wirelength backward 0.083 ms
[INFO   ] DREAMPlace - optimizer step 7.808 ms
[INFO   ] DREAMPlace - iteration  199, (   9,  9,  1), Obj 1.624080E+03, NetCrossing 1.686E+01, NetCrossingWeight 1.000000E+00, DensityWeight 2.994381E-05, HPWL 1.535647E+03, Overflow 3.616322E-01, MaxDensity 6.896E+00, MacroOverlap 4.453E+01, MacroOverlapWeight 8.000000E-06, gamma 2.636270E-01, time 2.972ms
[INFO   ] DREAMPlace - full step 11.244 ms
[INFO   ] DREAMPlace - Lsub stopping criteria: 1 and 1624.08 > 1584.56 * 0.999
[INFO   ] DREAMPlace - plotting to ./results/reproduce-may20/small-8/ET095_A00/run-2_0_0/ET095_A00/plot/iter0200.png takes 0.036 seconds
[DEBUG  ] dreamplace.ops.weighted_average_wirelength.weighted_average_wirelength - wirelength forward 0.088 ms
[DEBUG  ] dreamplace.ops.electric_potential.electric_potential - density forward 1.097 ms
[DEBUG  ] dreamplace.ops.electric_potential.electric_potential - density backward 0.346 ms
[DEBUG  ] dreamplace.ops.weighted_average_wirelength.weighted_average_wirelength - wirelength backward 0.113 ms
[INFO   ] DREAMPlace - optimizer step 9.360 ms
[INFO   ] DREAMPlace - iteration  200, (  10,  0,  0), Obj 1.564613E+03, NetCrossing 1.172E+01, NetCrossingWeight 1.000000E+00, DensityWeight 3.122505E-05, HPWL 1.488837E+03, Overflow 3.652694E-01, MaxDensity 7.144E+00, MacroOverlap 4.947E+01, MacroOverlapWeight 8.000000E-06, gamma 2.706238E-01, time 2.835ms
[INFO   ] DREAMPlace - full step 48.757 ms
[DEBUG  ] dreamplace.ops.weighted_average_wirelength.weighted_average_wirelength - wirelength forward 0.058 ms
[DEBUG  ] dreamplace.ops.electric_potential.electric_potential - density forward 0.957 ms
[DEBUG  ] dreamplace.ops.electric_potential.electric_potential - density backward 0.317 ms
[DEBUG  ] dreamplace.ops.weighted_average_wirelength.weighted_average_wirelength - wirelength backward 0.110 ms
[INFO   ] DREAMPlace - optimizer step 8.750 ms
[INFO   ] DREAMPlace - iteration  201, (  10,  0,  1), Obj 1.730734E+03, NetCrossing 2.383E+01, NetCrossingWeight 1.000000E+00, DensityWeight 3.122505E-05, HPWL 1.643358E+03, Overflow 3.554018E-01, MaxDensity 6.166E+00, MacroOverlap 4.809E+01, MacroOverlapWeight 8.000000E-06, gamma 2.706238E-01, time 2.936ms
[INFO   ] DREAMPlace - full step 12.185 ms
[INFO   ] DREAMPlace - Lsub stopping criteria: 1 and 1730.73 > 1564.61 * 0.999
[DEBUG  ] dreamplace.ops.weighted_average_wirelength.weighted_average_wirelength - wirelength forward 0.061 ms
[DEBUG  ] dreamplace.ops.electric_potential.electric_potential - density forward 4.915 ms
[DEBUG  ] dreamplace.ops.electric_potential.electric_potential - density backward 0.371 ms
[DEBUG  ] dreamplace.ops.weighted_average_wirelength.weighted_average_wirelength - wirelength backward 0.132 ms
[INFO   ] DREAMPlace - optimizer step 13.348 ms
[INFO   ] DREAMPlace - iteration  202, (  10,  1,  0), Obj 1.663029E+03, NetCrossing 1.390E+01, NetCrossingWeight 1.000000E+00, DensityWeight 3.256079E-05, HPWL 1.584846E+03, Overflow 3.633569E-01, MaxDensity 6.352E+00, MacroOverlap 4.600E+01, MacroOverlapWeight 8.000000E-06, gamma 2.706238E-01, time 2.928ms
[INFO   ] DREAMPlace - full step 16.736 ms
[DEBUG  ] dreamplace.ops.weighted_average_wirelength.weighted_average_wirelength - wirelength forward 0.070 ms
[DEBUG  ] dreamplace.ops.electric_potential.electric_potential - density forward 1.291 ms
[DEBUG  ] dreamplace.ops.electric_potential.electric_potential - density backward 0.350 ms
[DEBUG  ] dreamplace.ops.weighted_average_wirelength.weighted_average_wirelength - wirelength backward 0.118 ms
[INFO   ] DREAMPlace - optimizer step 9.711 ms
[INFO   ] DREAMPlace - iteration  203, (  10,  1,  1), Obj 1.780976E+03, NetCrossing 1.807E+01, NetCrossingWeight 1.000000E+00, DensityWeight 3.256079E-05, HPWL 1.702549E+03, Overflow 3.571214E-01, MaxDensity 8.701E+00, MacroOverlap 4.433E+01, MacroOverlapWeight 8.000000E-06, gamma 2.706238E-01, time 4.221ms
[INFO   ] DREAMPlace - full step 14.455 ms
[INFO   ] DREAMPlace - Lsub stopping criteria: 1 and 1780.98 > 1663.03 * 0.999
[DEBUG  ] dreamplace.ops.weighted_average_wirelength.weighted_average_wirelength - wirelength forward 0.069 ms
[DEBUG  ] dreamplace.ops.electric_potential.electric_potential - density forward 1.877 ms
[DEBUG  ] dreamplace.ops.electric_potential.electric_potential - density backward 0.342 ms
[DEBUG  ] dreamplace.ops.weighted_average_wirelength.weighted_average_wirelength - wirelength backward 0.118 ms
[INFO   ] DREAMPlace - optimizer step 10.239 ms
[INFO   ] DREAMPlace - iteration  204, (  10,  2,  0), Obj 1.674961E+03, NetCrossing 2.631E+01, NetCrossingWeight 1.000000E+00, DensityWeight 3.395382E-05, HPWL 1.590419E+03, Overflow 3.546873E-01, MaxDensity 6.406E+00, MacroOverlap 3.667E+01, MacroOverlapWeight 8.000000E-06, gamma 2.706238E-01, time 3.207ms
[INFO   ] DREAMPlace - full step 14.023 ms
[DEBUG  ] dreamplace.ops.weighted_average_wirelength.weighted_average_wirelength - wirelength forward 0.069 ms
[DEBUG  ] dreamplace.ops.electric_potential.electric_potential - density forward 1.134 ms
[DEBUG  ] dreamplace.ops.electric_potential.electric_potential - density backward 0.295 ms
[DEBUG  ] dreamplace.ops.weighted_average_wirelength.weighted_average_wirelength - wirelength backward 0.111 ms
[INFO   ] DREAMPlace - optimizer step 8.733 ms
[INFO   ] DREAMPlace - iteration  205, (  10,  2,  1), Obj 1.914942E+03, NetCrossing 1.728E+01, NetCrossingWeight 1.000000E+00, DensityWeight 3.395382E-05, HPWL 1.836923E+03, Overflow 3.538274E-01, MaxDensity 6.659E+00, MacroOverlap 3.960E+01, MacroOverlapWeight 8.000000E-06, gamma 2.706238E-01, time 3.233ms
[INFO   ] DREAMPlace - full step 12.521 ms
[INFO   ] DREAMPlace - Lsub stopping criteria: 1 and 1914.94 > 1674.96 * 0.999
[DEBUG  ] dreamplace.ops.weighted_average_wirelength.weighted_average_wirelength - wirelength forward 0.064 ms
[DEBUG  ] dreamplace.ops.electric_potential.electric_potential - density forward 1.066 ms
[DEBUG  ] dreamplace.ops.electric_potential.electric_potential - density backward 0.356 ms
[DEBUG  ] dreamplace.ops.weighted_average_wirelength.weighted_average_wirelength - wirelength backward 0.123 ms
[INFO   ] DREAMPlace - optimizer step 9.198 ms
[INFO   ] DREAMPlace - iteration  206, (  10,  3,  0), Obj 1.811765E+03, NetCrossing 7.907E+00, NetCrossingWeight 1.000000E+00, DensityWeight 3.540620E-05, HPWL 1.747030E+03, Overflow 3.537979E-01, MaxDensity 7.411E+00, MacroOverlap 4.415E+01, MacroOverlapWeight 8.000000E-06, gamma 2.706238E-01, time 3.098ms
[INFO   ] DREAMPlace - full step 12.805 ms
[DEBUG  ] dreamplace.ops.weighted_average_wirelength.weighted_average_wirelength - wirelength forward 0.067 ms
[DEBUG  ] dreamplace.ops.electric_potential.electric_potential - density forward 1.042 ms
[DEBUG  ] dreamplace.ops.electric_potential.electric_potential - density backward 0.368 ms
[DEBUG  ] dreamplace.ops.weighted_average_wirelength.weighted_average_wirelength - wirelength backward 0.131 ms
[INFO   ] DREAMPlace - optimizer step 9.573 ms
[INFO   ] DREAMPlace - iteration  207, (  10,  3,  1), Obj 1.904776E+03, NetCrossing 1.254E+01, NetCrossingWeight 1.000000E+00, DensityWeight 3.540620E-05, HPWL 1.836527E+03, Overflow 3.508878E-01, MaxDensity 5.743E+00, MacroOverlap 3.111E+01, MacroOverlapWeight 8.000000E-06, gamma 2.706238E-01, time 3.062ms
[INFO   ] DREAMPlace - full step 13.165 ms
[INFO   ] DREAMPlace - Lsub stopping criteria: 1 and 1904.78 > 1811.76 * 0.999
[DEBUG  ] dreamplace.ops.weighted_average_wirelength.weighted_average_wirelength - wirelength forward 0.069 ms
[DEBUG  ] dreamplace.ops.electric_potential.electric_potential - density forward 1.080 ms
[DEBUG  ] dreamplace.ops.electric_potential.electric_potential - density backward 0.373 ms
[DEBUG  ] dreamplace.ops.weighted_average_wirelength.weighted_average_wirelength - wirelength backward 0.091 ms
[INFO   ] DREAMPlace - optimizer step 9.584 ms
[INFO   ] DREAMPlace - iteration  208, (  10,  4,  0), Obj 1.958169E+03, NetCrossing 1.010E+01, NetCrossingWeight 1.000000E+00, DensityWeight 3.653916E-05, HPWL 1.893273E+03, Overflow 3.533831E-01, MaxDensity 5.969E+00, MacroOverlap 3.628E+01, MacroOverlapWeight 8.000000E-06, gamma 2.706238E-01, time 3.067ms
[INFO   ] DREAMPlace - full step 13.142 ms
[DEBUG  ] dreamplace.ops.weighted_average_wirelength.weighted_average_wirelength - wirelength forward 0.069 ms
[DEBUG  ] dreamplace.ops.electric_potential.electric_potential - density forward 1.105 ms
[DEBUG  ] dreamplace.ops.electric_potential.electric_potential - density backward 0.323 ms
[DEBUG  ] dreamplace.ops.weighted_average_wirelength.weighted_average_wirelength - wirelength backward 0.110 ms
[INFO   ] DREAMPlace - optimizer step 8.559 ms
[INFO   ] DREAMPlace - iteration  209, (  10,  4,  1), Obj 1.926221E+03, NetCrossing 2.226E+01, NetCrossingWeight 1.000000E+00, DensityWeight 3.653916E-05, HPWL 1.851876E+03, Overflow 3.546278E-01, MaxDensity 6.327E+00, MacroOverlap 3.987E+01, MacroOverlapWeight 8.000000E-06, gamma 2.706238E-01, time 3.157ms
[INFO   ] DREAMPlace - full step 12.225 ms
[DEBUG  ] dreamplace.ops.weighted_average_wirelength.weighted_average_wirelength - wirelength forward 0.062 ms
[DEBUG  ] dreamplace.ops.electric_potential.electric_potential - density forward 0.982 ms
[DEBUG  ] dreamplace.ops.electric_potential.electric_potential - density backward 0.337 ms
[DEBUG  ] dreamplace.ops.weighted_average_wirelength.weighted_average_wirelength - wirelength backward 0.110 ms
[INFO   ] DREAMPlace - optimizer step 8.659 ms
[INFO   ] DREAMPlace - iteration  210, (  10,  5,  0), Obj 1.939718E+03, NetCrossing 2.105E+01, NetCrossingWeight 1.000000E+00, DensityWeight 3.810254E-05, HPWL 1.868477E+03, Overflow 3.488355E-01, MaxDensity 5.432E+00, MacroOverlap 3.605E+01, MacroOverlapWeight 8.000000E-06, gamma 2.706238E-01, time 2.936ms
[INFO   ] DREAMPlace - full step 12.086 ms
[DEBUG  ] dreamplace.ops.weighted_average_wirelength.weighted_average_wirelength - wirelength forward 0.060 ms
[DEBUG  ] dreamplace.ops.electric_potential.electric_potential - density forward 0.968 ms
[DEBUG  ] dreamplace.ops.electric_potential.electric_potential - density backward 0.315 ms
[DEBUG  ] dreamplace.ops.weighted_average_wirelength.weighted_average_wirelength - wirelength backward 0.110 ms
[INFO   ] DREAMPlace - optimizer step 8.746 ms
[INFO   ] DREAMPlace - iteration  211, (  10,  5,  1), Obj 1.909618E+03, NetCrossing 1.179E+01, NetCrossingWeight 1.000000E+00, DensityWeight 3.810254E-05, HPWL 1.847035E+03, Overflow 3.548476E-01, MaxDensity 6.150E+00, MacroOverlap 4.701E+01, MacroOverlapWeight 8.000000E-06, gamma 2.706238E-01, time 2.886ms
[INFO   ] DREAMPlace - full step 12.090 ms
[DEBUG  ] dreamplace.ops.weighted_average_wirelength.weighted_average_wirelength - wirelength forward 0.063 ms
[DEBUG  ] dreamplace.ops.electric_potential.electric_potential - density forward 0.981 ms
[DEBUG  ] dreamplace.ops.electric_potential.electric_potential - density backward 0.339 ms
[DEBUG  ] dreamplace.ops.weighted_average_wirelength.weighted_average_wirelength - wirelength backward 0.118 ms
[INFO   ] DREAMPlace - optimizer step 9.058 ms
[INFO   ] DREAMPlace - iteration  212, (  10,  6,  0), Obj 1.848703E+03, NetCrossing 1.861E+01, NetCrossingWeight 1.000000E+00, DensityWeight 3.931391E-05, HPWL 1.784137E+03, Overflow 3.578904E-01, MaxDensity 8.376E+00, MacroOverlap 5.073E+01, MacroOverlapWeight 8.000000E-06, gamma 2.706238E-01, time 2.932ms
[INFO   ] DREAMPlace - full step 12.440 ms
[DEBUG  ] dreamplace.ops.weighted_average_wirelength.weighted_average_wirelength - wirelength forward 0.062 ms
[DEBUG  ] dreamplace.ops.electric_potential.electric_potential - density forward 0.979 ms
[DEBUG  ] dreamplace.ops.electric_potential.electric_potential - density backward 0.321 ms
[DEBUG  ] dreamplace.ops.weighted_average_wirelength.weighted_average_wirelength - wirelength backward 0.112 ms
[INFO   ] DREAMPlace - optimizer step 8.980 ms
[INFO   ] DREAMPlace - iteration  213, (  10,  6,  1), Obj 2.128591E+03, NetCrossing 8.238E+00, NetCrossingWeight 1.000000E+00, DensityWeight 3.931391E-05, HPWL 2.074188E+03, Overflow 3.446993E-01, MaxDensity 4.877E+00, MacroOverlap 6.228E+01, MacroOverlapWeight 8.000000E-06, gamma 2.706238E-01, time 2.934ms
[INFO   ] DREAMPlace - full step 12.417 ms
[INFO   ] DREAMPlace - Lsub stopping criteria: 1 and 2128.59 > 1848.7 * 0.999
[DEBUG  ] dreamplace.ops.weighted_average_wirelength.weighted_average_wirelength - wirelength forward 0.066 ms
[DEBUG  ] dreamplace.ops.electric_potential.electric_potential - density forward 1.046 ms
[DEBUG  ] dreamplace.ops.electric_potential.electric_potential - density backward 0.334 ms
[DEBUG  ] dreamplace.ops.weighted_average_wirelength.weighted_average_wirelength - wirelength backward 0.113 ms
[INFO   ] DREAMPlace - optimizer step 9.108 ms
[INFO   ] DREAMPlace - iteration  214, (  10,  7,  0), Obj 1.970439E+03, NetCrossing 1.085E+01, NetCrossingWeight 1.000000E+00, DensityWeight 4.099523E-05, HPWL 1.916265E+03, Overflow 3.563323E-01, MaxDensity 7.057E+00, MacroOverlap 4.748E+01, MacroOverlapWeight 8.000000E-06, gamma 2.706238E-01, time 3.107ms
[INFO   ] DREAMPlace - full step 12.688 ms
[DEBUG  ] dreamplace.ops.weighted_average_wirelength.weighted_average_wirelength - wirelength forward 0.064 ms
[DEBUG  ] dreamplace.ops.electric_potential.electric_potential - density forward 1.005 ms
[DEBUG  ] dreamplace.ops.electric_potential.electric_potential - density backward 0.265 ms
[DEBUG  ] dreamplace.ops.weighted_average_wirelength.weighted_average_wirelength - wirelength backward 0.081 ms
[INFO   ] DREAMPlace - optimizer step 7.980 ms
[INFO   ] DREAMPlace - iteration  215, (  10,  7,  1), Obj 2.108593E+03, NetCrossing 9.383E+00, NetCrossingWeight 1.000000E+00, DensityWeight 4.099523E-05, HPWL 2.057570E+03, Overflow 3.514321E-01, MaxDensity 5.862E+00, MacroOverlap 4.391E+01, MacroOverlapWeight 8.000000E-06, gamma 2.706238E-01, time 2.971ms
[INFO   ] DREAMPlace - full step 11.434 ms
[INFO   ] DREAMPlace - Lsub stopping criteria: 1 and 2108.59 > 1970.44 * 0.999
[DEBUG  ] dreamplace.ops.weighted_average_wirelength.weighted_average_wirelength - wirelength forward 0.065 ms
[DEBUG  ] dreamplace.ops.electric_potential.electric_potential - density forward 1.007 ms
[DEBUG  ] dreamplace.ops.electric_potential.electric_potential - density backward 0.298 ms
[DEBUG  ] dreamplace.ops.weighted_average_wirelength.weighted_average_wirelength - wirelength backward 0.111 ms
[INFO   ] DREAMPlace - optimizer step 8.407 ms
[INFO   ] DREAMPlace - iteration  216, (  10,  8,  0), Obj 2.114675E+03, NetCrossing 2.545E+01, NetCrossingWeight 1.000000E+00, DensityWeight 4.229010E-05, HPWL 2.051150E+03, Overflow 3.504010E-01, MaxDensity 7.173E+00, MacroOverlap 3.605E+01, MacroOverlapWeight 8.000000E-06, gamma 2.706238E-01, time 3.062ms
[INFO   ] DREAMPlace - full step 11.915 ms
[DEBUG  ] dreamplace.ops.weighted_average_wirelength.weighted_average_wirelength - wirelength forward 0.059 ms
[DEBUG  ] dreamplace.ops.electric_potential.electric_potential - density forward 0.935 ms
[DEBUG  ] dreamplace.ops.electric_potential.electric_potential - density backward 0.319 ms
[DEBUG  ] dreamplace.ops.weighted_average_wirelength.weighted_average_wirelength - wirelength backward 0.125 ms
[INFO   ] DREAMPlace - optimizer step 8.633 ms
[INFO   ] DREAMPlace - iteration  217, (  10,  8,  1), Obj 1.970041E+03, NetCrossing 1.206E+01, NetCrossingWeight 1.000000E+00, DensityWeight 4.229010E-05, HPWL 1.920660E+03, Overflow 3.563755E-01, MaxDensity 7.133E+00, MacroOverlap 3.363E+01, MacroOverlapWeight 8.000000E-06, gamma 2.706238E-01, time 2.855ms
[INFO   ] DREAMPlace - full step 11.944 ms
[DEBUG  ] dreamplace.ops.weighted_average_wirelength.weighted_average_wirelength - wirelength forward 0.060 ms
[DEBUG  ] dreamplace.ops.electric_potential.electric_potential - density forward 0.960 ms
[DEBUG  ] dreamplace.ops.electric_potential.electric_potential - density backward 0.315 ms
[DEBUG  ] dreamplace.ops.weighted_average_wirelength.weighted_average_wirelength - wirelength backward 0.103 ms
[INFO   ] DREAMPlace - optimizer step 8.469 ms
[INFO   ] DREAMPlace - iteration  218, (  10,  9,  0), Obj 2.194102E+03, NetCrossing 8.767E+00, NetCrossingWeight 1.000000E+00, DensityWeight 4.362152E-05, HPWL 2.149369E+03, Overflow 3.448769E-01, MaxDensity 5.679E+00, MacroOverlap 3.135E+01, MacroOverlapWeight 8.000000E-06, gamma 2.706238E-01, time 2.952ms
[INFO   ] DREAMPlace - full step 11.867 ms
[DEBUG  ] dreamplace.ops.weighted_average_wirelength.weighted_average_wirelength - wirelength forward 0.062 ms
[DEBUG  ] dreamplace.ops.electric_potential.electric_potential - density forward 0.971 ms
[DEBUG  ] dreamplace.ops.electric_potential.electric_potential - density backward 0.311 ms
[DEBUG  ] dreamplace.ops.weighted_average_wirelength.weighted_average_wirelength - wirelength backward 0.103 ms
[INFO   ] DREAMPlace - optimizer step 8.467 ms
[INFO   ] DREAMPlace - iteration  219, (  10,  9,  1), Obj 2.146153E+03, NetCrossing 1.084E+01, NetCrossingWeight 1.000000E+00, DensityWeight 4.362152E-05, HPWL 2.100502E+03, Overflow 3.481507E-01, MaxDensity 5.497E+00, MacroOverlap 4.495E+01, MacroOverlapWeight 8.000000E-06, gamma 2.706238E-01, time 2.931ms
[INFO   ] DREAMPlace - full step 11.851 ms
[DEBUG  ] dreamplace.ops.weighted_average_wirelength.weighted_average_wirelength - wirelength forward 0.061 ms
[DEBUG  ] dreamplace.ops.electric_potential.electric_potential - density forward 0.961 ms
[DEBUG  ] dreamplace.ops.electric_potential.electric_potential - density backward 0.314 ms
[DEBUG  ] dreamplace.ops.weighted_average_wirelength.weighted_average_wirelength - wirelength backward 0.103 ms
[INFO   ] DREAMPlace - optimizer step 8.541 ms
[INFO   ] DREAMPlace - iteration  220, (  11,  0,  0), Obj 2.220895E+03, NetCrossing 8.598E+00, NetCrossingWeight 1.000000E+00, DensityWeight 4.548725E-05, HPWL 2.179979E+03, Overflow 3.407974E-01, MaxDensity 5.587E+00, MacroOverlap 3.094E+01, MacroOverlapWeight 8.000000E-06, gamma 2.525847E-01, time 2.895ms
[INFO   ] DREAMPlace - full step 11.902 ms
[DEBUG  ] dreamplace.ops.weighted_average_wirelength.weighted_average_wirelength - wirelength forward 0.061 ms
[DEBUG  ] dreamplace.ops.electric_potential.electric_potential - density forward 0.956 ms
[DEBUG  ] dreamplace.ops.electric_potential.electric_potential - density backward 0.325 ms
[DEBUG  ] dreamplace.ops.weighted_average_wirelength.weighted_average_wirelength - wirelength backward 0.109 ms
[INFO   ] DREAMPlace - optimizer step 8.795 ms
[INFO   ] DREAMPlace - iteration  221, (  11,  0,  1), Obj 2.063195E+03, NetCrossing 1.064E+01, NetCrossingWeight 1.000000E+00, DensityWeight 4.548725E-05, HPWL 2.019724E+03, Overflow 3.522500E-01, MaxDensity 5.711E+00, MacroOverlap 3.717E+01, MacroOverlapWeight 8.000000E-06, gamma 2.525847E-01, time 2.898ms
[INFO   ] DREAMPlace - full step 12.144 ms
[DEBUG  ] dreamplace.ops.weighted_average_wirelength.weighted_average_wirelength - wirelength forward 0.062 ms
[DEBUG  ] dreamplace.ops.electric_potential.electric_potential - density forward 0.987 ms
[DEBUG  ] dreamplace.ops.electric_potential.electric_potential - density backward 0.349 ms
[DEBUG  ] dreamplace.ops.weighted_average_wirelength.weighted_average_wirelength - wirelength backward 0.116 ms
[INFO   ] DREAMPlace - optimizer step 8.983 ms
[INFO   ] DREAMPlace - iteration  222, (  11,  1,  0), Obj 2.194688E+03, NetCrossing 1.050E+01, NetCrossingWeight 1.000000E+00, DensityWeight 4.690993E-05, HPWL 2.155043E+03, Overflow 3.416399E-01, MaxDensity 5.315E+00, MacroOverlap 3.144E+01, MacroOverlapWeight 8.000000E-06, gamma 2.525847E-01, time 2.966ms
[INFO   ] DREAMPlace - full step 12.408 ms
[DEBUG  ] dreamplace.ops.weighted_average_wirelength.weighted_average_wirelength - wirelength forward 0.063 ms
[DEBUG  ] dreamplace.ops.electric_potential.electric_potential - density forward 0.998 ms
[DEBUG  ] dreamplace.ops.electric_potential.electric_potential - density backward 0.314 ms
[DEBUG  ] dreamplace.ops.weighted_average_wirelength.weighted_average_wirelength - wirelength backward 0.109 ms
[INFO   ] DREAMPlace - optimizer step 9.006 ms
[INFO   ] DREAMPlace - iteration  223, (  11,  1,  1), Obj 2.336352E+03, NetCrossing 3.260E+01, NetCrossingWeight 1.000000E+00, DensityWeight 4.690993E-05, HPWL 2.275820E+03, Overflow 3.413798E-01, MaxDensity 6.220E+00, MacroOverlap 2.857E+01, MacroOverlapWeight 8.000000E-06, gamma 2.525847E-01, time 2.972ms
[INFO   ] DREAMPlace - full step 12.447 ms
[INFO   ] DREAMPlace - Lsub stopping criteria: 1 and 2336.35 > 2194.69 * 0.999
[DEBUG  ] dreamplace.ops.weighted_average_wirelength.weighted_average_wirelength - wirelength forward 0.064 ms
[DEBUG  ] dreamplace.ops.electric_potential.electric_potential - density forward 1.106 ms
[DEBUG  ] dreamplace.ops.electric_potential.electric_potential - density backward 0.355 ms
[DEBUG  ] dreamplace.ops.weighted_average_wirelength.weighted_average_wirelength - wirelength backward 0.126 ms
[INFO   ] DREAMPlace - optimizer step 9.466 ms
[INFO   ] DREAMPlace - iteration  224, (  11,  2,  0), Obj 2.425956E+03, NetCrossing 6.498E+00, NetCrossingWeight 1.000000E+00, DensityWeight 4.891598E-05, HPWL 2.390271E+03, Overflow 3.430392E-01, MaxDensity 5.110E+00, MacroOverlap 3.539E+01, MacroOverlapWeight 8.000000E-06, gamma 2.525847E-01, time 2.978ms
[INFO   ] DREAMPlace - full step 12.919 ms
[DEBUG  ] dreamplace.ops.weighted_average_wirelength.weighted_average_wirelength - wirelength forward 0.063 ms
[DEBUG  ] dreamplace.ops.electric_potential.electric_potential - density forward 0.999 ms
[DEBUG  ] dreamplace.ops.electric_potential.electric_potential - density backward 0.358 ms
[DEBUG  ] dreamplace.ops.weighted_average_wirelength.weighted_average_wirelength - wirelength backward 0.127 ms
[INFO   ] DREAMPlace - optimizer step 9.372 ms
[INFO   ] DREAMPlace - iteration  225, (  11,  2,  1), Obj 2.724275E+03, NetCrossing 1.708E+01, NetCrossingWeight 1.000000E+00, DensityWeight 4.891598E-05, HPWL 2.680073E+03, Overflow 3.340994E-01, MaxDensity 5.517E+00, MacroOverlap 4.896E+01, MacroOverlapWeight 8.000000E-06, gamma 2.525847E-01, time 2.968ms
[INFO   ] DREAMPlace - full step 12.834 ms
[INFO   ] DREAMPlace - Lsub stopping criteria: 1 and 2724.28 > 2425.96 * 0.999
[DEBUG  ] dreamplace.ops.weighted_average_wirelength.weighted_average_wirelength - wirelength forward 0.065 ms
[DEBUG  ] dreamplace.ops.electric_potential.electric_potential - density forward 1.112 ms
[DEBUG  ] dreamplace.ops.electric_potential.electric_potential - density backward 0.248 ms
[DEBUG  ] dreamplace.ops.weighted_average_wirelength.weighted_average_wirelength - wirelength backward 0.074 ms
[INFO   ] DREAMPlace - optimizer step 7.869 ms
[INFO   ] DREAMPlace - iteration  226, (  11,  3,  0), Obj 2.313470E+03, NetCrossing 1.359E+01, NetCrossingWeight 1.000000E+00, DensityWeight 5.100712E-05, HPWL 2.273920E+03, Overflow 3.344470E-01, MaxDensity 6.139E+00, MacroOverlap 3.992E+01, MacroOverlapWeight 8.000000E-06, gamma 2.525847E-01, time 3.054ms
[INFO   ] DREAMPlace - full step 11.386 ms
[DEBUG  ] dreamplace.ops.weighted_average_wirelength.weighted_average_wirelength - wirelength forward 0.058 ms
[DEBUG  ] dreamplace.ops.electric_potential.electric_potential - density forward 0.943 ms
[DEBUG  ] dreamplace.ops.electric_potential.electric_potential - density backward 0.299 ms
[DEBUG  ] dreamplace.ops.weighted_average_wirelength.weighted_average_wirelength - wirelength backward 0.097 ms
[INFO   ] DREAMPlace - optimizer step 8.204 ms
[INFO   ] DREAMPlace - iteration  227, (  11,  3,  1), Obj 2.208866E+03, NetCrossing 6.073E+00, NetCrossingWeight 1.000000E+00, DensityWeight 5.100712E-05, HPWL 2.177143E+03, Overflow 3.390550E-01, MaxDensity 5.708E+00, MacroOverlap 3.557E+01, MacroOverlapWeight 8.000000E-06, gamma 2.525847E-01, time 3.014ms
[INFO   ] DREAMPlace - full step 11.683 ms
[DEBUG  ] dreamplace.ops.weighted_average_wirelength.weighted_average_wirelength - wirelength forward 0.061 ms
[DEBUG  ] dreamplace.ops.electric_potential.electric_potential - density forward 0.958 ms
[DEBUG  ] dreamplace.ops.electric_potential.electric_potential - density backward 0.307 ms
[DEBUG  ] dreamplace.ops.weighted_average_wirelength.weighted_average_wirelength - wirelength backward 0.116 ms
[INFO   ] DREAMPlace - optimizer step 8.535 ms
[INFO   ] DREAMPlace - iteration  228, (  11,  4,  0), Obj 2.378372E+03, NetCrossing 8.305E+00, NetCrossingWeight 1.000000E+00, DensityWeight 5.258667E-05, HPWL 2.346069E+03, Overflow 3.370798E-01, MaxDensity 7.723E+00, MacroOverlap 3.280E+01, MacroOverlapWeight 8.000000E-06, gamma 2.525847E-01, time 2.872ms
[INFO   ] DREAMPlace - full step 11.848 ms
[DEBUG  ] dreamplace.ops.weighted_average_wirelength.weighted_average_wirelength - wirelength forward 0.063 ms
[DEBUG  ] dreamplace.ops.electric_potential.electric_potential - density forward 0.971 ms
[DEBUG  ] dreamplace.ops.electric_potential.electric_potential - density backward 0.314 ms
[DEBUG  ] dreamplace.ops.weighted_average_wirelength.weighted_average_wirelength - wirelength backward 0.111 ms
[INFO   ] DREAMPlace - optimizer step 8.775 ms
[INFO   ] DREAMPlace - iteration  229, (  11,  4,  1), Obj 2.145745E+03, NetCrossing 1.589E+01, NetCrossingWeight 1.000000E+00, DensityWeight 5.258667E-05, HPWL 2.104812E+03, Overflow 3.439203E-01, MaxDensity 6.810E+00, MacroOverlap 4.486E+01, MacroOverlapWeight 8.000000E-06, gamma 2.525847E-01, time 2.898ms
[INFO   ] DREAMPlace - full step 12.126 ms
[DEBUG  ] dreamplace.ops.weighted_average_wirelength.weighted_average_wirelength - wirelength forward 0.062 ms
[DEBUG  ] dreamplace.ops.electric_potential.electric_potential - density forward 0.971 ms
[DEBUG  ] dreamplace.ops.electric_potential.electric_potential - density backward 0.322 ms
[DEBUG  ] dreamplace.ops.weighted_average_wirelength.weighted_average_wirelength - wirelength backward 0.117 ms
[INFO   ] DREAMPlace - optimizer step 8.839 ms
[INFO   ] DREAMPlace - iteration  230, (  11,  5,  0), Obj 2.225810E+03, NetCrossing 1.636E+01, NetCrossingWeight 1.000000E+00, DensityWeight 5.420971E-05, HPWL 2.187586E+03, Overflow 3.451336E-01, MaxDensity 6.919E+00, MacroOverlap 2.831E+01, MacroOverlapWeight 8.000000E-06, gamma 2.525847E-01, time 2.941ms
[INFO   ] DREAMPlace - full step 12.229 ms
[DEBUG  ] dreamplace.ops.weighted_average_wirelength.weighted_average_wirelength - wirelength forward 0.064 ms
[DEBUG  ] dreamplace.ops.electric_potential.electric_potential - density forward 0.993 ms
[DEBUG  ] dreamplace.ops.electric_potential.electric_potential - density backward 0.340 ms
[DEBUG  ] dreamplace.ops.weighted_average_wirelength.weighted_average_wirelength - wirelength backward 0.109 ms
[INFO   ] DREAMPlace - optimizer step 9.042 ms
[INFO   ] DREAMPlace - iteration  231, (  11,  5,  1), Obj 2.237916E+03, NetCrossing 1.417E+01, NetCrossingWeight 1.000000E+00, DensityWeight 5.420971E-05, HPWL 2.198569E+03, Overflow 3.463899E-01, MaxDensity 5.924E+00, MacroOverlap 3.172E+01, MacroOverlapWeight 8.000000E-06, gamma 2.525847E-01, time 2.958ms
[INFO   ] DREAMPlace - full step 12.466 ms
[INFO   ] DREAMPlace - Lsub stopping criteria: 1 and 2237.92 > 2225.81 * 0.999
[DEBUG  ] dreamplace.ops.weighted_average_wirelength.weighted_average_wirelength - wirelength forward 0.063 ms
[DEBUG  ] dreamplace.ops.electric_potential.electric_potential - density forward 0.995 ms
[DEBUG  ] dreamplace.ops.electric_potential.electric_potential - density backward 0.372 ms
[DEBUG  ] dreamplace.ops.weighted_average_wirelength.weighted_average_wirelength - wirelength backward 0.125 ms
[INFO   ] DREAMPlace - optimizer step 9.578 ms
[INFO   ] DREAMPlace - iteration  232, (  11,  6,  0), Obj 2.132163E+03, NetCrossing 2.366E+01, NetCrossingWeight 1.000000E+00, DensityWeight 5.652876E-05, HPWL 2.083841E+03, Overflow 3.476458E-01, MaxDensity 7.368E+00, MacroOverlap 3.594E+01, MacroOverlapWeight 8.000000E-06, gamma 2.525847E-01, time 2.972ms
[INFO   ] DREAMPlace - full step 13.005 ms
[DEBUG  ] dreamplace.ops.weighted_average_wirelength.weighted_average_wirelength - wirelength forward 0.067 ms
[DEBUG  ] dreamplace.ops.electric_potential.electric_potential - density forward 1.026 ms
[DEBUG  ] dreamplace.ops.electric_potential.electric_potential - density backward 0.338 ms
[DEBUG  ] dreamplace.ops.weighted_average_wirelength.weighted_average_wirelength - wirelength backward 0.117 ms
[INFO   ] DREAMPlace - optimizer step 9.359 ms
[INFO   ] DREAMPlace - iteration  233, (  11,  6,  1), Obj 2.398435E+03, NetCrossing 3.380E+01, NetCrossingWeight 1.000000E+00, DensityWeight 5.652876E-05, HPWL 2.340032E+03, Overflow 3.408005E-01, MaxDensity 6.501E+00, MacroOverlap 3.238E+01, MacroOverlapWeight 8.000000E-06, gamma 2.525847E-01, time 3.042ms
[INFO   ] DREAMPlace - full step 12.892 ms
[INFO   ] DREAMPlace - Lsub stopping criteria: 1 and 2398.43 > 2132.16 * 0.999
[DEBUG  ] dreamplace.ops.weighted_average_wirelength.weighted_average_wirelength - wirelength forward 0.065 ms
[DEBUG  ] dreamplace.ops.electric_potential.electric_potential - density forward 1.004 ms
[DEBUG  ] dreamplace.ops.electric_potential.electric_potential - density backward 0.303 ms
[DEBUG  ] dreamplace.ops.weighted_average_wirelength.weighted_average_wirelength - wirelength backward 0.099 ms
[INFO   ] DREAMPlace - optimizer step 8.549 ms
[INFO   ] DREAMPlace - iteration  234, (  11,  7,  0), Obj 2.451932E+03, NetCrossing 3.217E+01, NetCrossingWeight 1.000000E+00, DensityWeight 5.894675E-05, HPWL 2.394307E+03, Overflow 3.340133E-01, MaxDensity 5.143E+00, MacroOverlap 3.285E+01, MacroOverlapWeight 8.000000E-06, gamma 2.525847E-01, time 3.000ms
[INFO   ] DREAMPlace - full step 12.036 ms
[DEBUG  ] dreamplace.ops.weighted_average_wirelength.weighted_average_wirelength - wirelength forward 0.058 ms
[DEBUG  ] dreamplace.ops.electric_potential.electric_potential - density forward 0.994 ms
[DEBUG  ] dreamplace.ops.electric_potential.electric_potential - density backward 0.310 ms
[DEBUG  ] dreamplace.ops.weighted_average_wirelength.weighted_average_wirelength - wirelength backward 0.109 ms
[INFO   ] DREAMPlace - optimizer step 8.237 ms
[INFO   ] DREAMPlace - iteration  235, (  11,  7,  1), Obj 2.261240E+03, NetCrossing 1.761E+01, NetCrossingWeight 1.000000E+00, DensityWeight 5.894675E-05, HPWL 2.217054E+03, Overflow 3.504737E-01, MaxDensity 5.558E+00, MacroOverlap 3.139E+01, MacroOverlapWeight 8.000000E-06, gamma 2.525847E-01, time 3.021ms
[INFO   ] DREAMPlace - full step 11.711 ms
[DEBUG  ] dreamplace.ops.weighted_average_wirelength.weighted_average_wirelength - wirelength forward 0.061 ms
[DEBUG  ] dreamplace.ops.electric_potential.electric_potential - density forward 0.962 ms
[DEBUG  ] dreamplace.ops.electric_potential.electric_potential - density backward 0.266 ms
[DEBUG  ] dreamplace.ops.weighted_average_wirelength.weighted_average_wirelength - wirelength backward 0.079 ms
[INFO   ] DREAMPlace - optimizer step 7.748 ms
[INFO   ] DREAMPlace - iteration  236, (  11,  8,  0), Obj 2.465113E+03, NetCrossing 1.758E+01, NetCrossingWeight 1.000000E+00, DensityWeight 6.074786E-05, HPWL 2.422055E+03, Overflow 3.312709E-01, MaxDensity 5.018E+00, MacroOverlap 3.720E+01, MacroOverlapWeight 8.000000E-06, gamma 2.525847E-01, time 2.846ms
[INFO   ] DREAMPlace - full step 11.068 ms
[DEBUG  ] dreamplace.ops.weighted_average_wirelength.weighted_average_wirelength - wirelength forward 0.061 ms
[DEBUG  ] dreamplace.ops.electric_potential.electric_potential - density forward 0.934 ms
[DEBUG  ] dreamplace.ops.electric_potential.electric_potential - density backward 0.306 ms
[DEBUG  ] dreamplace.ops.weighted_average_wirelength.weighted_average_wirelength - wirelength backward 0.097 ms
[INFO   ] DREAMPlace - optimizer step 8.278 ms
[INFO   ] DREAMPlace - iteration  237, (  11,  8,  1), Obj 2.322921E+03, NetCrossing 1.526E+01, NetCrossingWeight 1.000000E+00, DensityWeight 6.074786E-05, HPWL 2.280393E+03, Overflow 3.492127E-01, MaxDensity 5.748E+00, MacroOverlap 3.632E+01, MacroOverlapWeight 8.000000E-06, gamma 2.525847E-01, time 2.899ms
[INFO   ] DREAMPlace - full step 11.617 ms
[DEBUG  ] dreamplace.ops.weighted_average_wirelength.weighted_average_wirelength - wirelength forward 0.059 ms
[DEBUG  ] dreamplace.ops.electric_potential.electric_potential - density forward 0.959 ms
[DEBUG  ] dreamplace.ops.electric_potential.electric_potential - density backward 0.314 ms
[DEBUG  ] dreamplace.ops.weighted_average_wirelength.weighted_average_wirelength - wirelength backward 0.103 ms
[INFO   ] DREAMPlace - optimizer step 8.538 ms
[INFO   ] DREAMPlace - iteration  238, (  11,  9,  0), Obj 2.638075E+03, NetCrossing 1.278E+01, NetCrossingWeight 1.000000E+00, DensityWeight 6.334677E-05, HPWL 2.598136E+03, Overflow 3.258449E-01, MaxDensity 4.738E+00, MacroOverlap 3.199E+01, MacroOverlapWeight 8.000000E-06, gamma 2.525847E-01, time 2.805ms
[INFO   ] DREAMPlace - full step 11.814 ms
[DEBUG  ] dreamplace.ops.weighted_average_wirelength.weighted_average_wirelength - wirelength forward 0.061 ms
[DEBUG  ] dreamplace.ops.electric_potential.electric_potential - density forward 0.972 ms
[DEBUG  ] dreamplace.ops.electric_potential.electric_potential - density backward 0.325 ms
[DEBUG  ] dreamplace.ops.weighted_average_wirelength.weighted_average_wirelength - wirelength backward 0.109 ms
[INFO   ] DREAMPlace - optimizer step 8.800 ms
[INFO   ] DREAMPlace - iteration  239, (  11,  9,  1), Obj 2.229346E+03, NetCrossing 1.351E+01, NetCrossingWeight 1.000000E+00, DensityWeight 6.334677E-05, HPWL 2.188010E+03, Overflow 3.374441E-01, MaxDensity 5.432E+00, MacroOverlap 3.124E+01, MacroOverlapWeight 8.000000E-06, gamma 2.525847E-01, time 2.892ms
[INFO   ] DREAMPlace - full step 12.147 ms
[DEBUG  ] dreamplace.ops.weighted_average_wirelength.weighted_average_wirelength - wirelength forward 0.061 ms
[DEBUG  ] dreamplace.ops.electric_potential.electric_potential - density forward 0.986 ms
[DEBUG  ] dreamplace.ops.electric_potential.electric_potential - density backward 0.307 ms
[DEBUG  ] dreamplace.ops.weighted_average_wirelength.weighted_average_wirelength - wirelength backward 0.103 ms
[INFO   ] DREAMPlace - optimizer step 8.647 ms
[INFO   ] DREAMPlace - iteration  240, (  12,  0,  0), Obj 2.397699E+03, NetCrossing 6.572E+00, NetCrossingWeight 1.000000E+00, DensityWeight 6.526927E-05, HPWL 2.359007E+03, Overflow 3.347965E-01, MaxDensity 5.441E+00, MacroOverlap 4.288E+01, MacroOverlapWeight 8.000000E-06, gamma 2.391193E-01, time 2.924ms
[INFO   ] DREAMPlace - full step 12.022 ms
[DEBUG  ] dreamplace.ops.weighted_average_wirelength.weighted_average_wirelength - wirelength forward 0.062 ms
[DEBUG  ] dreamplace.ops.electric_potential.electric_potential - density forward 0.972 ms
[DEBUG  ] dreamplace.ops.electric_potential.electric_potential - density backward 0.346 ms
[DEBUG  ] dreamplace.ops.weighted_average_wirelength.weighted_average_wirelength - wirelength backward 0.109 ms
[INFO   ] DREAMPlace - optimizer step 9.024 ms
[INFO   ] DREAMPlace - iteration  241, (  12,  0,  1), Obj 2.207057E+03, NetCrossing 1.277E+01, NetCrossingWeight 1.000000E+00, DensityWeight 6.526927E-05, HPWL 2.158410E+03, Overflow 3.424997E-01, MaxDensity 7.264E+00, MacroOverlap 3.598E+01, MacroOverlapWeight 8.000000E-06, gamma 2.391193E-01, time 2.966ms
[INFO   ] DREAMPlace - full step 12.451 ms
[DEBUG  ] dreamplace.ops.weighted_average_wirelength.weighted_average_wirelength - wirelength forward 0.064 ms
[DEBUG  ] dreamplace.ops.electric_potential.electric_potential - density forward 1.003 ms
[DEBUG  ] dreamplace.ops.electric_potential.electric_potential - density backward 0.345 ms
[DEBUG  ] dreamplace.ops.weighted_average_wirelength.weighted_average_wirelength - wirelength backward 0.116 ms
[INFO   ] DREAMPlace - optimizer step 9.020 ms
[INFO   ] DREAMPlace - iteration  242, (  12,  1,  0), Obj 2.542608E+03, NetCrossing 1.294E+01, NetCrossingWeight 1.000000E+00, DensityWeight 6.724338E-05, HPWL 2.497606E+03, Overflow 3.143933E-01, MaxDensity 6.199E+00, MacroOverlap 3.526E+01, MacroOverlapWeight 8.000000E-06, gamma 2.391193E-01, time 2.974ms
[INFO   ] DREAMPlace - full step 12.492 ms
[DEBUG  ] dreamplace.ops.weighted_average_wirelength.weighted_average_wirelength - wirelength forward 0.064 ms
[DEBUG  ] dreamplace.ops.electric_potential.electric_potential - density forward 1.004 ms
[DEBUG  ] dreamplace.ops.electric_potential.electric_potential - density backward 0.336 ms
[DEBUG  ] dreamplace.ops.weighted_average_wirelength.weighted_average_wirelength - wirelength backward 0.118 ms
[INFO   ] DREAMPlace - optimizer step 9.158 ms
[INFO   ] DREAMPlace - iteration  243, (  12,  1,  1), Obj 2.311965E+03, NetCrossing 5.961E+00, NetCrossingWeight 1.000000E+00, DensityWeight 6.724338E-05, HPWL 2.269416E+03, Overflow 3.293291E-01, MaxDensity 6.895E+00, MacroOverlap 3.139E+01, MacroOverlapWeight 8.000000E-06, gamma 2.391193E-01, time 3.016ms
[INFO   ] DREAMPlace - full step 12.641 ms
[DEBUG  ] dreamplace.ops.weighted_average_wirelength.weighted_average_wirelength - wirelength forward 0.065 ms
[DEBUG  ] dreamplace.ops.electric_potential.electric_potential - density forward 1.008 ms
[DEBUG  ] dreamplace.ops.electric_potential.electric_potential - density backward 0.345 ms
[DEBUG  ] dreamplace.ops.weighted_average_wirelength.weighted_average_wirelength - wirelength backward 0.116 ms
[INFO   ] DREAMPlace - optimizer step 9.262 ms
[INFO   ] DREAMPlace - iteration  244, (  12,  2,  0), Obj 2.602220E+03, NetCrossing 1.423E+01, NetCrossingWeight 1.000000E+00, DensityWeight 7.011989E-05, HPWL 2.551190E+03, Overflow 3.228280E-01, MaxDensity 4.716E+00, MacroOverlap 3.054E+01, MacroOverlapWeight 8.000000E-06, gamma 2.391193E-01, time 2.991ms
[INFO   ] DREAMPlace - full step 12.718 ms
[DEBUG  ] dreamplace.ops.weighted_average_wirelength.weighted_average_wirelength - wirelength forward 0.066 ms
[DEBUG  ] dreamplace.ops.electric_potential.electric_potential - density forward 1.009 ms
[DEBUG  ] dreamplace.ops.electric_potential.electric_potential - density backward 0.258 ms
[DEBUG  ] dreamplace.ops.weighted_average_wirelength.weighted_average_wirelength - wirelength backward 0.079 ms
[INFO   ] DREAMPlace - optimizer step 8.055 ms
[INFO   ] DREAMPlace - iteration  245, (  12,  2,  1), Obj 2.333907E+03, NetCrossing 2.637E+01, NetCrossingWeight 1.000000E+00, DensityWeight 7.011989E-05, HPWL 2.264510E+03, Overflow 3.342777E-01, MaxDensity 5.769E+00, MacroOverlap 4.173E+01, MacroOverlapWeight 8.000000E-06, gamma 2.391193E-01, time 3.003ms
[INFO   ] DREAMPlace - full step 11.539 ms
[DEBUG  ] dreamplace.ops.weighted_average_wirelength.weighted_average_wirelength - wirelength forward 0.058 ms
[DEBUG  ] dreamplace.ops.electric_potential.electric_potential - density forward 0.929 ms
[DEBUG  ] dreamplace.ops.electric_potential.electric_potential - density backward 0.307 ms
[DEBUG  ] dreamplace.ops.weighted_average_wirelength.weighted_average_wirelength - wirelength backward 0.102 ms
[INFO   ] DREAMPlace - optimizer step 8.399 ms
[INFO   ] DREAMPlace - iteration  246, (  12,  3,  0), Obj 2.405497E+03, NetCrossing 2.619E+01, NetCrossingWeight 1.000000E+00, DensityWeight 7.222626E-05, HPWL 2.335320E+03, Overflow 3.450270E-01, MaxDensity 5.702E+00, MacroOverlap 4.105E+01, MacroOverlapWeight 8.000000E-06, gamma 2.391193E-01, time 2.851ms
[INFO   ] DREAMPlace - full step 11.704 ms
[DEBUG  ] dreamplace.ops.weighted_average_wirelength.weighted_average_wirelength - wirelength forward 0.061 ms
[DEBUG  ] dreamplace.ops.electric_potential.electric_potential - density forward 0.964 ms
[DEBUG  ] dreamplace.ops.electric_potential.electric_potential - density backward 0.313 ms
[DEBUG  ] dreamplace.ops.weighted_average_wirelength.weighted_average_wirelength - wirelength backward 0.108 ms
[INFO   ] DREAMPlace - optimizer step 8.743 ms
[INFO   ] DREAMPlace - iteration  247, (  12,  3,  1), Obj 2.401343E+03, NetCrossing 1.695E+01, NetCrossingWeight 1.000000E+00, DensityWeight 7.222626E-05, HPWL 2.336968E+03, Overflow 3.411729E-01, MaxDensity 4.894E+00, MacroOverlap 5.334E+01, MacroOverlapWeight 8.000000E-06, gamma 2.391193E-01, time 2.950ms
[INFO   ] DREAMPlace - full step 12.187 ms
[DEBUG  ] dreamplace.ops.weighted_average_wirelength.weighted_average_wirelength - wirelength forward 0.062 ms
[DEBUG  ] dreamplace.ops.electric_potential.electric_potential - density forward 0.976 ms
[DEBUG  ] dreamplace.ops.electric_potential.electric_potential - density backward 0.312 ms
[DEBUG  ] dreamplace.ops.weighted_average_wirelength.weighted_average_wirelength - wirelength backward 0.102 ms
[INFO   ] DREAMPlace - optimizer step 8.601 ms
[INFO   ] DREAMPlace - iteration  248, (  12,  4,  0), Obj 2.373370E+03, NetCrossing 8.900E+00, NetCrossingWeight 1.000000E+00, DensityWeight 7.531619E-05, HPWL 2.315395E+03, Overflow 3.442315E-01, MaxDensity 5.348E+00, MacroOverlap 5.340E+01, MacroOverlapWeight 8.000000E-06, gamma 2.391193E-01, time 3.019ms
[INFO   ] DREAMPlace - full step 12.071 ms
[DEBUG  ] dreamplace.ops.weighted_average_wirelength.weighted_average_wirelength - wirelength forward 0.062 ms
[DEBUG  ] dreamplace.ops.electric_potential.electric_potential - density forward 0.929 ms
[DEBUG  ] dreamplace.ops.electric_potential.electric_potential - density backward 0.333 ms
[DEBUG  ] dreamplace.ops.weighted_average_wirelength.weighted_average_wirelength - wirelength backward 0.109 ms
[INFO   ] DREAMPlace - optimizer step 8.697 ms
[INFO   ] DREAMPlace - iteration  249, (  12,  4,  1), Obj 2.237515E+03, NetCrossing 1.765E+01, NetCrossingWeight 1.000000E+00, DensityWeight 7.531619E-05, HPWL 2.168532E+03, Overflow 3.476431E-01, MaxDensity 6.203E+00, MacroOverlap 4.479E+01, MacroOverlapWeight 8.000000E-06, gamma 2.391193E-01, time 3.018ms
[INFO   ] DREAMPlace - full step 12.164 ms
[DEBUG  ] dreamplace.ops.weighted_average_wirelength.weighted_average_wirelength - wirelength forward 0.059 ms
[DEBUG  ] dreamplace.ops.electric_potential.electric_potential - density forward 0.975 ms
[DEBUG  ] dreamplace.ops.electric_potential.electric_potential - density backward 0.303 ms
[DEBUG  ] dreamplace.ops.weighted_average_wirelength.weighted_average_wirelength - wirelength backward 0.103 ms
[INFO   ] DREAMPlace - optimizer step 8.604 ms
[INFO   ] DREAMPlace - iteration  250, (  12,  5,  0), Obj 2.461676E+03, NetCrossing 1.691E+01, NetCrossingWeight 1.000000E+00, DensityWeight 7.756316E-05, HPWL 2.392559E+03, Overflow 3.347794E-01, MaxDensity 5.284E+00, MacroOverlap 3.666E+01, MacroOverlapWeight 8.000000E-06, gamma 2.391193E-01, time 2.820ms
[INFO   ] DREAMPlace - full step 11.870 ms
[DEBUG  ] dreamplace.ops.weighted_average_wirelength.weighted_average_wirelength - wirelength forward 0.062 ms
[DEBUG  ] dreamplace.ops.electric_potential.electric_potential - density forward 0.971 ms
[DEBUG  ] dreamplace.ops.electric_potential.electric_potential - density backward 0.321 ms
[DEBUG  ] dreamplace.ops.weighted_average_wirelength.weighted_average_wirelength - wirelength backward 0.122 ms
[INFO   ] DREAMPlace - optimizer step 8.758 ms
[INFO   ] DREAMPlace - iteration  251, (  12,  5,  1), Obj 2.381600E+03, NetCrossing 2.540E+01, NetCrossingWeight 1.000000E+00, DensityWeight 7.756316E-05, HPWL 2.302761E+03, Overflow 3.423873E-01, MaxDensity 5.731E+00, MacroOverlap 3.350E+01, MacroOverlapWeight 8.000000E-06, gamma 2.391193E-01, time 2.934ms
[INFO   ] DREAMPlace - full step 12.149 ms
[DEBUG  ] dreamplace.ops.weighted_average_wirelength.weighted_average_wirelength - wirelength forward 0.061 ms
[DEBUG  ] dreamplace.ops.electric_potential.electric_potential - density forward 0.972 ms
[DEBUG  ] dreamplace.ops.electric_potential.electric_potential - density backward 0.321 ms
[DEBUG  ] dreamplace.ops.weighted_average_wirelength.weighted_average_wirelength - wirelength backward 0.117 ms
[INFO   ] DREAMPlace - optimizer step 8.795 ms
[INFO   ] DREAMPlace - iteration  252, (  12,  6,  0), Obj 2.261027E+03, NetCrossing 1.951E+01, NetCrossingWeight 1.000000E+00, DensityWeight 8.088094E-05, HPWL 2.185985E+03, Overflow 3.333266E-01, MaxDensity 5.937E+00, MacroOverlap 2.705E+01, MacroOverlapWeight 8.000000E-06, gamma 2.391193E-01, time 2.937ms
[INFO   ] DREAMPlace - full step 12.186 ms
[DEBUG  ] dreamplace.ops.weighted_average_wirelength.weighted_average_wirelength - wirelength forward 0.063 ms
[DEBUG  ] dreamplace.ops.electric_potential.electric_potential - density forward 1.104 ms
[DEBUG  ] dreamplace.ops.electric_potential.electric_potential - density backward 0.340 ms
[DEBUG  ] dreamplace.ops.weighted_average_wirelength.weighted_average_wirelength - wirelength backward 0.116 ms
[INFO   ] DREAMPlace - optimizer step 9.277 ms
[INFO   ] DREAMPlace - iteration  253, (  12,  6,  1), Obj 2.367738E+03, NetCrossing 1.856E+01, NetCrossingWeight 1.000000E+00, DensityWeight 8.088094E-05, HPWL 2.288830E+03, Overflow 3.374068E-01, MaxDensity 5.626E+00, MacroOverlap 3.410E+01, MacroOverlapWeight 8.000000E-06, gamma 2.391193E-01, time 3.001ms
[INFO   ] DREAMPlace - full step 12.743 ms
[INFO   ] DREAMPlace - Lsub stopping criteria: 1 and 2367.74 > 2261.03 * 0.999
[DEBUG  ] dreamplace.ops.weighted_average_wirelength.weighted_average_wirelength - wirelength forward 0.065 ms
[DEBUG  ] dreamplace.ops.electric_potential.electric_potential - density forward 0.998 ms
[DEBUG  ] dreamplace.ops.electric_potential.electric_potential - density backward 0.356 ms
[DEBUG  ] dreamplace.ops.weighted_average_wirelength.weighted_average_wirelength - wirelength backward 0.128 ms
[INFO   ] DREAMPlace - optimizer step 9.390 ms
[INFO   ] DREAMPlace - iteration  254, (  12,  7,  0), Obj 2.263688E+03, NetCrossing 1.308E+01, NetCrossingWeight 1.000000E+00, DensityWeight 8.327726E-05, HPWL 2.191547E+03, Overflow 3.320749E-01, MaxDensity 4.318E+00, MacroOverlap 2.208E+01, MacroOverlapWeight 8.000000E-06, gamma 2.391193E-01, time 2.992ms
[INFO   ] DREAMPlace - full step 12.852 ms
[DEBUG  ] dreamplace.ops.weighted_average_wirelength.weighted_average_wirelength - wirelength forward 0.064 ms
[DEBUG  ] dreamplace.ops.electric_potential.electric_potential - density forward 1.000 ms
[DEBUG  ] dreamplace.ops.electric_potential.electric_potential - density backward 0.358 ms
[DEBUG  ] dreamplace.ops.weighted_average_wirelength.weighted_average_wirelength - wirelength backward 0.127 ms
[INFO   ] DREAMPlace - optimizer step 9.493 ms
[INFO   ] DREAMPlace - iteration  255, (  12,  7,  1), Obj 2.287389E+03, NetCrossing 1.128E+01, NetCrossingWeight 1.000000E+00, DensityWeight 8.327726E-05, HPWL 2.215234E+03, Overflow 3.328273E-01, MaxDensity 5.223E+00, MacroOverlap 2.322E+01, MacroOverlapWeight 8.000000E-06, gamma 2.391193E-01, time 3.016ms
[INFO   ] DREAMPlace - full step 13.010 ms
[INFO   ] DREAMPlace - Lsub stopping criteria: 1 and 2287.39 > 2263.69 * 0.999
[DEBUG  ] dreamplace.ops.weighted_average_wirelength.weighted_average_wirelength - wirelength forward 0.061 ms
[DEBUG  ] dreamplace.ops.electric_potential.electric_potential - density forward 0.941 ms
[DEBUG  ] dreamplace.ops.electric_potential.electric_potential - density backward 0.253 ms
[DEBUG  ] dreamplace.ops.weighted_average_wirelength.weighted_average_wirelength - wirelength backward 0.073 ms
[INFO   ] DREAMPlace - optimizer step 7.515 ms
[INFO   ] DREAMPlace - iteration  256, (  12,  8,  0), Obj 2.315146E+03, NetCrossing 1.193E+01, NetCrossingWeight 1.000000E+00, DensityWeight 8.573600E-05, HPWL 2.239999E+03, Overflow 3.422657E-01, MaxDensity 5.447E+00, MacroOverlap 3.693E+01, MacroOverlapWeight 8.000000E-06, gamma 2.391193E-01, time 3.016ms
[INFO   ] DREAMPlace - full step 10.984 ms
[DEBUG  ] dreamplace.ops.weighted_average_wirelength.weighted_average_wirelength - wirelength forward 0.060 ms
[DEBUG  ] dreamplace.ops.electric_potential.electric_potential - density forward 1.042 ms
[DEBUG  ] dreamplace.ops.electric_potential.electric_potential - density backward 0.299 ms
[DEBUG  ] dreamplace.ops.weighted_average_wirelength.weighted_average_wirelength - wirelength backward 0.096 ms
[INFO   ] DREAMPlace - optimizer step 8.375 ms
[INFO   ] DREAMPlace - iteration  257, (  12,  8,  1), Obj 2.048047E+03, NetCrossing 1.985E+01, NetCrossingWeight 1.000000E+00, DensityWeight 8.573600E-05, HPWL 1.965633E+03, Overflow 3.435631E-01, MaxDensity 6.417E+00, MacroOverlap 3.304E+01, MacroOverlapWeight 8.000000E-06, gamma 2.391193E-01, time 2.872ms
[INFO   ] DREAMPlace - full step 11.692 ms
[DEBUG  ] dreamplace.ops.weighted_average_wirelength.weighted_average_wirelength - wirelength forward 0.058 ms
[DEBUG  ] dreamplace.ops.electric_potential.electric_potential - density forward 0.958 ms
[DEBUG  ] dreamplace.ops.electric_potential.electric_potential - density backward 0.316 ms
[DEBUG  ] dreamplace.ops.weighted_average_wirelength.weighted_average_wirelength - wirelength backward 0.102 ms
[INFO   ] DREAMPlace - optimizer step 8.490 ms
[INFO   ] DREAMPlace - iteration  258, (  12,  9,  0), Obj 2.051155E+03, NetCrossing 1.548E+01, NetCrossingWeight 1.000000E+00, DensityWeight 8.825851E-05, HPWL 1.969850E+03, Overflow 3.523363E-01, MaxDensity 6.093E+00, MacroOverlap 3.482E+01, MacroOverlapWeight 8.000000E-06, gamma 2.391193E-01, time 2.838ms
[INFO   ] DREAMPlace - full step 11.756 ms
[DEBUG  ] dreamplace.ops.weighted_average_wirelength.weighted_average_wirelength - wirelength forward 0.060 ms
[DEBUG  ] dreamplace.ops.electric_potential.electric_potential - density forward 0.956 ms
[DEBUG  ] dreamplace.ops.electric_potential.electric_potential - density backward 0.321 ms
[DEBUG  ] dreamplace.ops.weighted_average_wirelength.weighted_average_wirelength - wirelength backward 0.108 ms
[INFO   ] DREAMPlace - optimizer step 8.778 ms
[INFO   ] DREAMPlace - iteration  259, (  12,  9,  1), Obj 1.920186E+03, NetCrossing 1.389E+01, NetCrossingWeight 1.000000E+00, DensityWeight 8.825851E-05, HPWL 1.837259E+03, Overflow 3.580959E-01, MaxDensity 5.323E+00, MacroOverlap 3.530E+01, MacroOverlapWeight 8.000000E-06, gamma 2.391193E-01, time 2.866ms
[INFO   ] DREAMPlace - full step 12.125 ms
[DEBUG  ] dreamplace.ops.weighted_average_wirelength.weighted_average_wirelength - wirelength forward 0.061 ms
[DEBUG  ] dreamplace.ops.electric_potential.electric_potential - density forward 0.981 ms
[DEBUG  ] dreamplace.ops.electric_potential.electric_potential - density backward 0.313 ms
[DEBUG  ] dreamplace.ops.weighted_average_wirelength.weighted_average_wirelength - wirelength backward 0.102 ms
[INFO   ] DREAMPlace - optimizer step 8.611 ms
[INFO   ] DREAMPlace - iteration  260, (  13,  0,  0), Obj 1.896966E+03, NetCrossing 3.165E+01, NetCrossingWeight 1.000000E+00, DensityWeight 9.084614E-05, HPWL 1.796776E+03, Overflow 3.543618E-01, MaxDensity 6.480E+00, MacroOverlap 3.140E+01, MacroOverlapWeight 8.000000E-06, gamma 2.657709E-01, time 2.887ms
[INFO   ] DREAMPlace - full step 11.944 ms
[DEBUG  ] dreamplace.ops.weighted_average_wirelength.weighted_average_wirelength - wirelength forward 0.063 ms
[DEBUG  ] dreamplace.ops.electric_potential.electric_potential - density forward 0.985 ms
[DEBUG  ] dreamplace.ops.electric_potential.electric_potential - density backward 0.332 ms
[DEBUG  ] dreamplace.ops.weighted_average_wirelength.weighted_average_wirelength - wirelength backward 0.109 ms
[INFO   ] DREAMPlace - optimizer step 8.785 ms
[INFO   ] DREAMPlace - iteration  261, (  13,  0,  1), Obj 1.839394E+03, NetCrossing 1.760E+01, NetCrossingWeight 1.000000E+00, DensityWeight 9.084614E-05, HPWL 1.753937E+03, Overflow 3.510090E-01, MaxDensity 5.599E+00, MacroOverlap 3.253E+01, MacroOverlapWeight 8.000000E-06, gamma 2.657709E-01, time 2.955ms
[INFO   ] DREAMPlace - full step 12.203 ms
[DEBUG  ] dreamplace.ops.weighted_average_wirelength.weighted_average_wirelength - wirelength forward 0.062 ms
[DEBUG  ] dreamplace.ops.electric_potential.electric_potential - density forward 0.968 ms
[DEBUG  ] dreamplace.ops.electric_potential.electric_potential - density backward 0.326 ms
[DEBUG  ] dreamplace.ops.weighted_average_wirelength.weighted_average_wirelength - wirelength backward 0.110 ms
[INFO   ] DREAMPlace - optimizer step 8.852 ms
[INFO   ] DREAMPlace - iteration  262, (  13,  1,  0), Obj 1.933720E+03, NetCrossing 2.303E+01, NetCrossingWeight 1.000000E+00, DensityWeight 9.350030E-05, HPWL 1.842887E+03, Overflow 3.465024E-01, MaxDensity 6.291E+00, MacroOverlap 4.020E+01, MacroOverlapWeight 8.000000E-06, gamma 2.657709E-01, time 2.922ms
[INFO   ] DREAMPlace - full step 12.226 ms
[DEBUG  ] dreamplace.ops.weighted_average_wirelength.weighted_average_wirelength - wirelength forward 0.064 ms
[DEBUG  ] dreamplace.ops.electric_potential.electric_potential - density forward 0.980 ms
[DEBUG  ] dreamplace.ops.electric_potential.electric_potential - density backward 0.333 ms
[DEBUG  ] dreamplace.ops.weighted_average_wirelength.weighted_average_wirelength - wirelength backward 0.110 ms
[INFO   ] DREAMPlace - optimizer step 9.071 ms
[INFO   ] DREAMPlace - iteration  263, (  13,  1,  1), Obj 1.787998E+03, NetCrossing 2.541E+01, NetCrossingWeight 1.000000E+00, DensityWeight 9.350030E-05, HPWL 1.695019E+03, Overflow 3.527111E-01, MaxDensity 6.633E+00, MacroOverlap 3.308E+01, MacroOverlapWeight 8.000000E-06, gamma 2.657709E-01, time 2.930ms
[INFO   ] DREAMPlace - full step 12.464 ms
[DEBUG  ] dreamplace.ops.weighted_average_wirelength.weighted_average_wirelength - wirelength forward 0.063 ms
[DEBUG  ] dreamplace.ops.electric_potential.electric_potential - density forward 1.002 ms
[DEBUG  ] dreamplace.ops.electric_potential.electric_potential - density backward 0.341 ms
[DEBUG  ] dreamplace.ops.weighted_average_wirelength.weighted_average_wirelength - wirelength backward 0.118 ms
[INFO   ] DREAMPlace - optimizer step 8.971 ms
[INFO   ] DREAMPlace - iteration  264, (  13,  2,  0), Obj 1.898514E+03, NetCrossing 1.785E+01, NetCrossingWeight 1.000000E+00, DensityWeight 9.622238E-05, HPWL 1.809329E+03, Overflow 3.542248E-01, MaxDensity 6.316E+00, MacroOverlap 4.821E+01, MacroOverlapWeight 8.000000E-06, gamma 2.657709E-01, time 2.968ms
[INFO   ] DREAMPlace - full step 12.396 ms
[DEBUG  ] dreamplace.ops.weighted_average_wirelength.weighted_average_wirelength - wirelength forward 0.063 ms
[DEBUG  ] dreamplace.ops.electric_potential.electric_potential - density forward 0.996 ms
[DEBUG  ] dreamplace.ops.electric_potential.electric_potential - density backward 0.336 ms
[DEBUG  ] dreamplace.ops.weighted_average_wirelength.weighted_average_wirelength - wirelength backward 0.117 ms
[INFO   ] DREAMPlace - optimizer step 9.149 ms
[INFO   ] DREAMPlace - iteration  265, (  13,  2,  1), Obj 1.839402E+03, NetCrossing 2.483E+01, NetCrossingWeight 1.000000E+00, DensityWeight 9.622238E-05, HPWL 1.746915E+03, Overflow 3.533939E-01, MaxDensity 6.342E+00, MacroOverlap 4.103E+01, MacroOverlapWeight 8.000000E-06, gamma 2.657709E-01, time 2.970ms
[INFO   ] DREAMPlace - full step 12.585 ms
[DEBUG  ] dreamplace.ops.weighted_average_wirelength.weighted_average_wirelength - wirelength forward 0.063 ms
[DEBUG  ] dreamplace.ops.electric_potential.electric_potential - density forward 0.981 ms
[DEBUG  ] dreamplace.ops.electric_potential.electric_potential - density backward 0.359 ms
[DEBUG  ] dreamplace.ops.weighted_average_wirelength.weighted_average_wirelength - wirelength backward 0.125 ms
[INFO   ] DREAMPlace - optimizer step 9.389 ms
[INFO   ] DREAMPlace - iteration  266, (  13,  3,  0), Obj 1.769574E+03, NetCrossing 1.476E+01, NetCrossingWeight 1.000000E+00, DensityWeight 1.003391E-04, HPWL 1.684887E+03, Overflow 3.554503E-01, MaxDensity 7.502E+00, MacroOverlap 3.933E+01, MacroOverlapWeight 8.000000E-06, gamma 2.657709E-01, time 2.962ms
[INFO   ] DREAMPlace - full step 12.813 ms
[DEBUG  ] dreamplace.ops.weighted_average_wirelength.weighted_average_wirelength - wirelength forward 0.069 ms
[DEBUG  ] dreamplace.ops.electric_potential.electric_potential - density forward 1.024 ms
[DEBUG  ] dreamplace.ops.electric_potential.electric_potential - density backward 0.366 ms
[DEBUG  ] dreamplace.ops.weighted_average_wirelength.weighted_average_wirelength - wirelength backward 0.072 ms
[INFO   ] DREAMPlace - optimizer step 9.314 ms
[INFO   ] DREAMPlace - iteration  267, (  13,  3,  1), Obj 1.900370E+03, NetCrossing 2.451E+01, NetCrossingWeight 1.000000E+00, DensityWeight 1.003391E-04, HPWL 1.808619E+03, Overflow 3.550820E-01, MaxDensity 6.506E+00, MacroOverlap 3.279E+01, MacroOverlapWeight 8.000000E-06, gamma 2.657709E-01, time 3.041ms
[INFO   ] DREAMPlace - full step 12.832 ms
[INFO   ] DREAMPlace - Lsub stopping criteria: 1 and 1900.37 > 1769.57 * 0.999
[DEBUG  ] dreamplace.ops.weighted_average_wirelength.weighted_average_wirelength - wirelength forward 0.061 ms
[DEBUG  ] dreamplace.ops.electric_potential.electric_potential - density forward 0.956 ms
[DEBUG  ] dreamplace.ops.electric_potential.electric_potential - density backward 0.262 ms
[DEBUG  ] dreamplace.ops.weighted_average_wirelength.weighted_average_wirelength - wirelength backward 0.073 ms
[INFO   ] DREAMPlace - optimizer step 7.545 ms
[INFO   ] DREAMPlace - iteration  268, (  13,  4,  0), Obj 1.684378E+03, NetCrossing 1.781E+01, NetCrossingWeight 1.000000E+00, DensityWeight 1.046318E-04, HPWL 1.599997E+03, Overflow 3.495666E-01, MaxDensity 7.215E+00, MacroOverlap 2.330E+01, MacroOverlapWeight 8.000000E-06, gamma 2.657709E-01, time 2.892ms
[INFO   ] DREAMPlace - full step 10.876 ms
[DEBUG  ] dreamplace.ops.weighted_average_wirelength.weighted_average_wirelength - wirelength forward 0.070 ms
[DEBUG  ] dreamplace.ops.electric_potential.electric_potential - density forward 0.946 ms
[DEBUG  ] dreamplace.ops.electric_potential.electric_potential - density backward 0.308 ms
[DEBUG  ] dreamplace.ops.weighted_average_wirelength.weighted_average_wirelength - wirelength backward 0.091 ms
[INFO   ] DREAMPlace - optimizer step 8.123 ms
[INFO   ] DREAMPlace - iteration  269, (  13,  4,  1), Obj 1.953649E+03, NetCrossing 3.343E+01, NetCrossingWeight 1.000000E+00, DensityWeight 1.046318E-04, HPWL 1.856146E+03, Overflow 3.473965E-01, MaxDensity 6.439E+00, MacroOverlap 2.967E+01, MacroOverlapWeight 8.000000E-06, gamma 2.657709E-01, time 2.842ms
[INFO   ] DREAMPlace - full step 11.434 ms
[INFO   ] DREAMPlace - Lsub stopping criteria: 1 and 1953.65 > 1684.38 * 0.999
[DEBUG  ] dreamplace.ops.weighted_average_wirelength.weighted_average_wirelength - wirelength forward 0.061 ms
[DEBUG  ] dreamplace.ops.electric_potential.electric_potential - density forward 0.941 ms
[DEBUG  ] dreamplace.ops.electric_potential.electric_potential - density backward 0.311 ms
[DEBUG  ] dreamplace.ops.weighted_average_wirelength.weighted_average_wirelength - wirelength backward 0.102 ms
[INFO   ] DREAMPlace - optimizer step 8.461 ms
[INFO   ] DREAMPlace - iteration  270, (  13,  5,  0), Obj 1.904231E+03, NetCrossing 2.194E+01, NetCrossingWeight 1.000000E+00, DensityWeight 1.091083E-04, HPWL 1.819290E+03, Overflow 3.566970E-01, MaxDensity 5.371E+00, MacroOverlap 2.886E+01, MacroOverlapWeight 8.000000E-06, gamma 2.657709E-01, time 2.853ms
[INFO   ] DREAMPlace - full step 11.760 ms
[DEBUG  ] dreamplace.ops.weighted_average_wirelength.weighted_average_wirelength - wirelength forward 0.060 ms
[DEBUG  ] dreamplace.ops.electric_potential.electric_potential - density forward 0.926 ms
[DEBUG  ] dreamplace.ops.electric_potential.electric_potential - density backward 0.326 ms
[DEBUG  ] dreamplace.ops.weighted_average_wirelength.weighted_average_wirelength - wirelength backward 0.108 ms
[INFO   ] DREAMPlace - optimizer step 8.614 ms
[INFO   ] DREAMPlace - iteration  271, (  13,  5,  1), Obj 2.229764E+03, NetCrossing 2.027E+01, NetCrossingWeight 1.000000E+00, DensityWeight 1.091083E-04, HPWL 2.147565E+03, Overflow 3.442369E-01, MaxDensity 5.860E+00, MacroOverlap 2.475E+01, MacroOverlapWeight 8.000000E-06, gamma 2.657709E-01, time 2.850ms
[INFO   ] DREAMPlace - full step 11.932 ms
[INFO   ] DREAMPlace - Lsub stopping criteria: 1 and 2229.76 > 1904.23 * 0.999
[DEBUG  ] dreamplace.ops.weighted_average_wirelength.weighted_average_wirelength - wirelength forward 0.068 ms
[DEBUG  ] dreamplace.ops.electric_potential.electric_potential - density forward 0.970 ms
[DEBUG  ] dreamplace.ops.electric_potential.electric_potential - density backward 0.304 ms
[DEBUG  ] dreamplace.ops.weighted_average_wirelength.weighted_average_wirelength - wirelength backward 0.104 ms
[INFO   ] DREAMPlace - optimizer step 8.598 ms
[INFO   ] DREAMPlace - iteration  272, (  13,  6,  0), Obj 2.078670E+03, NetCrossing 1.086E+01, NetCrossingWeight 1.000000E+00, DensityWeight 1.137738E-04, HPWL 2.009544E+03, Overflow 3.465692E-01, MaxDensity 7.192E+00, MacroOverlap 2.934E+01, MacroOverlapWeight 8.000000E-06, gamma 2.657709E-01, time 2.821ms
[INFO   ] DREAMPlace - full step 11.867 ms
[DEBUG  ] dreamplace.ops.weighted_average_wirelength.weighted_average_wirelength - wirelength forward 0.063 ms
[DEBUG  ] dreamplace.ops.electric_potential.electric_potential - density forward 0.969 ms
[DEBUG  ] dreamplace.ops.electric_potential.electric_potential - density backward 0.337 ms
[DEBUG  ] dreamplace.ops.weighted_average_wirelength.weighted_average_wirelength - wirelength backward 0.111 ms
[INFO   ] DREAMPlace - optimizer step 8.768 ms
[INFO   ] DREAMPlace - iteration  273, (  13,  6,  1), Obj 2.254109E+03, NetCrossing 1.169E+01, NetCrossingWeight 1.000000E+00, DensityWeight 1.137738E-04, HPWL 2.183712E+03, Overflow 3.423110E-01, MaxDensity 6.004E+00, MacroOverlap 2.872E+01, MacroOverlapWeight 8.000000E-06, gamma 2.657709E-01, time 2.920ms
[INFO   ] DREAMPlace - full step 12.154 ms
[INFO   ] DREAMPlace - Lsub stopping criteria: 1 and 2254.11 > 2078.67 * 0.999
[DEBUG  ] dreamplace.ops.weighted_average_wirelength.weighted_average_wirelength - wirelength forward 0.062 ms
[DEBUG  ] dreamplace.ops.electric_potential.electric_potential - density forward 0.970 ms
[DEBUG  ] dreamplace.ops.electric_potential.electric_potential - density backward 0.310 ms
[DEBUG  ] dreamplace.ops.weighted_average_wirelength.weighted_average_wirelength - wirelength backward 0.103 ms
[INFO   ] DREAMPlace - optimizer step 8.556 ms
[INFO   ] DREAMPlace - iteration  274, (  13,  7,  0), Obj 2.106232E+03, NetCrossing 2.955E+01, NetCrossingWeight 1.000000E+00, DensityWeight 1.186416E-04, HPWL 2.017126E+03, Overflow 3.350916E-01, MaxDensity 6.430E+00, MacroOverlap 3.271E+01, MacroOverlapWeight 8.000000E-06, gamma 2.657709E-01, time 2.930ms
[INFO   ] DREAMPlace - full step 11.953 ms
[DEBUG  ] dreamplace.ops.weighted_average_wirelength.weighted_average_wirelength - wirelength forward 0.062 ms
[DEBUG  ] dreamplace.ops.electric_potential.electric_potential - density forward 0.974 ms
[DEBUG  ] dreamplace.ops.electric_potential.electric_potential - density backward 0.352 ms
[DEBUG  ] dreamplace.ops.weighted_average_wirelength.weighted_average_wirelength - wirelength backward 0.110 ms
[INFO   ] DREAMPlace - optimizer step 8.998 ms
[INFO   ] DREAMPlace - iteration  275, (  13,  7,  1), Obj 2.116828E+03, NetCrossing 2.591E+01, NetCrossingWeight 1.000000E+00, DensityWeight 1.186416E-04, HPWL 2.030248E+03, Overflow 3.448896E-01, MaxDensity 6.008E+00, MacroOverlap 4.126E+01, MacroOverlapWeight 8.000000E-06, gamma 2.657709E-01, time 2.939ms
[INFO   ] DREAMPlace - full step 12.403 ms
[INFO   ] DREAMPlace - Lsub stopping criteria: 1 and 2116.83 > 2106.23 * 0.999
[DEBUG  ] dreamplace.ops.weighted_average_wirelength.weighted_average_wirelength - wirelength forward 0.064 ms
[DEBUG  ] dreamplace.ops.electric_potential.electric_potential - density forward 1.002 ms
[DEBUG  ] dreamplace.ops.electric_potential.electric_potential - density backward 0.352 ms
[DEBUG  ] dreamplace.ops.weighted_average_wirelength.weighted_average_wirelength - wirelength backward 0.127 ms
[INFO   ] DREAMPlace - optimizer step 9.111 ms
[INFO   ] DREAMPlace - iteration  276, (  13,  8,  0), Obj 1.968514E+03, NetCrossing 2.837E+01, NetCrossingWeight 1.000000E+00, DensityWeight 1.220224E-04, HPWL 1.880976E+03, Overflow 3.469011E-01, MaxDensity 5.703E+00, MacroOverlap 3.418E+01, MacroOverlapWeight 8.000000E-06, gamma 2.657709E-01, time 3.010ms
[INFO   ] DREAMPlace - full step 12.588 ms
[DEBUG  ] dreamplace.ops.weighted_average_wirelength.weighted_average_wirelength - wirelength forward 0.063 ms
[DEBUG  ] dreamplace.ops.electric_potential.electric_potential - density forward 0.995 ms
[DEBUG  ] dreamplace.ops.electric_potential.electric_potential - density backward 0.338 ms
[DEBUG  ] dreamplace.ops.weighted_average_wirelength.weighted_average_wirelength - wirelength backward 0.117 ms
[INFO   ] DREAMPlace - optimizer step 9.274 ms
[INFO   ] DREAMPlace - iteration  277, (  13,  8,  1), Obj 2.248041E+03, NetCrossing 9.248E+00, NetCrossingWeight 1.000000E+00, DensityWeight 1.220224E-04, HPWL 2.177919E+03, Overflow 3.381838E-01, MaxDensity 5.095E+00, MacroOverlap 2.864E+01, MacroOverlapWeight 8.000000E-06, gamma 2.657709E-01, time 2.960ms
[INFO   ] DREAMPlace - full step 12.706 ms
[INFO   ] DREAMPlace - Lsub stopping criteria: 1 and 2248.04 > 1968.51 * 0.999
[DEBUG  ] dreamplace.ops.weighted_average_wirelength.weighted_average_wirelength - wirelength forward 0.065 ms
[DEBUG  ] dreamplace.ops.electric_potential.electric_potential - density forward 1.006 ms
[DEBUG  ] dreamplace.ops.electric_potential.electric_potential - density backward 0.360 ms
[DEBUG  ] dreamplace.ops.weighted_average_wirelength.weighted_average_wirelength - wirelength backward 0.128 ms
[INFO   ] DREAMPlace - optimizer step 9.473 ms
[INFO   ] DREAMPlace - iteration  278, (  13,  9,  0), Obj 2.050260E+03, NetCrossing 1.630E+01, NetCrossingWeight 1.000000E+00, DensityWeight 1.272418E-04, HPWL 1.981014E+03, Overflow 3.441009E-01, MaxDensity 4.561E+00, MacroOverlap 3.109E+01, MacroOverlapWeight 8.000000E-06, gamma 2.657709E-01, time 3.009ms
[INFO   ] DREAMPlace - full step 12.953 ms
[DEBUG  ] dreamplace.ops.weighted_average_wirelength.weighted_average_wirelength - wirelength forward 0.060 ms
[DEBUG  ] dreamplace.ops.electric_potential.electric_potential - density forward 0.947 ms
[DEBUG  ] dreamplace.ops.electric_potential.electric_potential - density backward 0.365 ms
[DEBUG  ] dreamplace.ops.weighted_average_wirelength.weighted_average_wirelength - wirelength backward 0.102 ms
[INFO   ] DREAMPlace - optimizer step 9.056 ms
[INFO   ] DREAMPlace - iteration  279, (  13,  9,  1), Obj 2.183076E+03, NetCrossing 1.712E+01, NetCrossingWeight 1.000000E+00, DensityWeight 1.272418E-04, HPWL 2.113173E+03, Overflow 3.386485E-01, MaxDensity 4.867E+00, MacroOverlap 3.391E+01, MacroOverlapWeight 8.000000E-06, gamma 2.657709E-01, time 3.010ms
[INFO   ] DREAMPlace - full step 12.523 ms
[INFO   ] DREAMPlace - Lsub stopping criteria: 1 and 2183.08 > 2050.26 * 0.999
[DEBUG  ] dreamplace.ops.weighted_average_wirelength.weighted_average_wirelength - wirelength forward 0.064 ms
[DEBUG  ] dreamplace.ops.electric_potential.electric_potential - density forward 1.004 ms
[DEBUG  ] dreamplace.ops.electric_potential.electric_potential - density backward 0.252 ms
[DEBUG  ] dreamplace.ops.weighted_average_wirelength.weighted_average_wirelength - wirelength backward 0.072 ms
[INFO   ] DREAMPlace - optimizer step 7.584 ms
[INFO   ] DREAMPlace - iteration  280, (  14,  0,  0), Obj 2.227842E+03, NetCrossing 1.394E+01, NetCrossingWeight 1.000000E+00, DensityWeight 1.308415E-04, HPWL 2.164660E+03, Overflow 3.289519E-01, MaxDensity 5.376E+00, MacroOverlap 2.486E+01, MacroOverlapWeight 8.000000E-06, gamma 2.405975E-01, time 2.914ms
[INFO   ] DREAMPlace - full step 10.967 ms
[DEBUG  ] dreamplace.ops.weighted_average_wirelength.weighted_average_wirelength - wirelength forward 0.063 ms
[DEBUG  ] dreamplace.ops.electric_potential.electric_potential - density forward 0.925 ms
[DEBUG  ] dreamplace.ops.electric_potential.electric_potential - density backward 0.299 ms
[DEBUG  ] dreamplace.ops.weighted_average_wirelength.weighted_average_wirelength - wirelength backward 0.097 ms
[INFO   ] DREAMPlace - optimizer step 8.291 ms
[INFO   ] DREAMPlace - iteration  281, (  14,  0,  1), Obj 2.115348E+03, NetCrossing 1.345E+01, NetCrossingWeight 1.000000E+00, DensityWeight 1.308415E-04, HPWL 2.047165E+03, Overflow 3.394712E-01, MaxDensity 6.054E+00, MacroOverlap 2.516E+01, MacroOverlapWeight 8.000000E-06, gamma 2.405975E-01, time 3.004ms
[INFO   ] DREAMPlace - full step 11.768 ms
[DEBUG  ] dreamplace.ops.weighted_average_wirelength.weighted_average_wirelength - wirelength forward 0.059 ms
[DEBUG  ] dreamplace.ops.electric_potential.electric_potential - density forward 4.215 ms
[DEBUG  ] dreamplace.ops.electric_potential.electric_potential - density backward 0.344 ms
[DEBUG  ] dreamplace.ops.weighted_average_wirelength.weighted_average_wirelength - wirelength backward 0.117 ms
[INFO   ] DREAMPlace - optimizer step 12.234 ms
[INFO   ] DREAMPlace - iteration  282, (  14,  1,  0), Obj 2.078278E+03, NetCrossing 1.447E+01, NetCrossingWeight 1.000000E+00, DensityWeight 1.345295E-04, HPWL 2.012021E+03, Overflow 3.388945E-01, MaxDensity 6.090E+00, MacroOverlap 3.145E+01, MacroOverlapWeight 8.000000E-06, gamma 2.405975E-01, time 2.914ms
[INFO   ] DREAMPlace - full step 15.593 ms
[DEBUG  ] dreamplace.ops.weighted_average_wirelength.weighted_average_wirelength - wirelength forward 0.060 ms
[DEBUG  ] dreamplace.ops.electric_potential.electric_potential - density forward 1.036 ms
[DEBUG  ] dreamplace.ops.electric_potential.electric_potential - density backward 0.338 ms
[DEBUG  ] dreamplace.ops.weighted_average_wirelength.weighted_average_wirelength - wirelength backward 0.073 ms
[INFO   ] DREAMPlace - optimizer step 8.816 ms
[INFO   ] DREAMPlace - iteration  283, (  14,  1,  1), Obj 2.155714E+03, NetCrossing 1.272E+01, NetCrossingWeight 1.000000E+00, DensityWeight 1.345295E-04, HPWL 2.087249E+03, Overflow 3.453545E-01, MaxDensity 6.705E+00, MacroOverlap 2.369E+01, MacroOverlapWeight 8.000000E-06, gamma 2.405975E-01, time 3.283ms
[INFO   ] DREAMPlace - full step 12.542 ms
[INFO   ] DREAMPlace - Lsub stopping criteria: 1 and 2155.71 > 2078.28 * 0.999
[DEBUG  ] dreamplace.ops.weighted_average_wirelength.weighted_average_wirelength - wirelength forward 0.062 ms
[DEBUG  ] dreamplace.ops.electric_potential.electric_potential - density forward 2.338 ms
[DEBUG  ] dreamplace.ops.electric_potential.electric_potential - density backward 0.257 ms
[DEBUG  ] dreamplace.ops.weighted_average_wirelength.weighted_average_wirelength - wirelength backward 0.098 ms
[INFO   ] DREAMPlace - optimizer step 9.237 ms
[INFO   ] DREAMPlace - iteration  284, (  14,  2,  0), Obj 2.081499E+03, NetCrossing 1.598E+01, NetCrossingWeight 1.000000E+00, DensityWeight 1.402853E-04, HPWL 2.012594E+03, Overflow 3.331676E-01, MaxDensity 6.691E+00, MacroOverlap 2.214E+01, MacroOverlapWeight 8.000000E-06, gamma 2.405975E-01, time 2.894ms
[INFO   ] DREAMPlace - full step 12.570 ms
[DEBUG  ] dreamplace.ops.weighted_average_wirelength.weighted_average_wirelength - wirelength forward 0.059 ms
[DEBUG  ] dreamplace.ops.electric_potential.electric_potential - density forward 0.958 ms
[DEBUG  ] dreamplace.ops.electric_potential.electric_potential - density backward 0.306 ms
[DEBUG  ] dreamplace.ops.weighted_average_wirelength.weighted_average_wirelength - wirelength backward 0.103 ms
[INFO   ] DREAMPlace - optimizer step 8.321 ms
[INFO   ] DREAMPlace - iteration  285, (  14,  2,  1), Obj 2.142936E+03, NetCrossing 1.068E+01, NetCrossingWeight 1.000000E+00, DensityWeight 1.402853E-04, HPWL 2.073974E+03, Overflow 3.383995E-01, MaxDensity 5.901E+00, MacroOverlap 3.236E+01, MacroOverlapWeight 8.000000E-06, gamma 2.405975E-01, time 2.921ms
[INFO   ] DREAMPlace - full step 11.685 ms
[INFO   ] DREAMPlace - Lsub stopping criteria: 1 and 2142.94 > 2081.5 * 0.999
[DEBUG  ] dreamplace.ops.weighted_average_wirelength.weighted_average_wirelength - wirelength forward 0.061 ms
[DEBUG  ] dreamplace.ops.electric_potential.electric_potential - density forward 0.967 ms
[DEBUG  ] dreamplace.ops.electric_potential.electric_potential - density backward 0.315 ms
[DEBUG  ] dreamplace.ops.weighted_average_wirelength.weighted_average_wirelength - wirelength backward 0.108 ms
[INFO   ] DREAMPlace - optimizer step 8.594 ms
[INFO   ] DREAMPlace - iteration  286, (  14,  3,  0), Obj 1.966396E+03, NetCrossing 9.723E+00, NetCrossingWeight 1.000000E+00, DensityWeight 1.442106E-04, HPWL 1.901653E+03, Overflow 3.409806E-01, MaxDensity 6.359E+00, MacroOverlap 2.800E+01, MacroOverlapWeight 8.000000E-06, gamma 2.405975E-01, time 2.895ms
[INFO   ] DREAMPlace - full step 11.934 ms
[DEBUG  ] dreamplace.ops.weighted_average_wirelength.weighted_average_wirelength - wirelength forward 0.063 ms
[DEBUG  ] dreamplace.ops.electric_potential.electric_potential - density forward 0.978 ms
[DEBUG  ] dreamplace.ops.electric_potential.electric_potential - density backward 0.327 ms
[DEBUG  ] dreamplace.ops.weighted_average_wirelength.weighted_average_wirelength - wirelength backward 0.109 ms
[INFO   ] DREAMPlace - optimizer step 8.844 ms
[INFO   ] DREAMPlace - iteration  287, (  14,  3,  1), Obj 2.078336E+03, NetCrossing 1.826E+01, NetCrossingWeight 1.000000E+00, DensityWeight 1.442106E-04, HPWL 2.002198E+03, Overflow 3.346893E-01, MaxDensity 6.150E+00, MacroOverlap 3.215E+01, MacroOverlapWeight 8.000000E-06, gamma 2.405975E-01, time 2.937ms
[INFO   ] DREAMPlace - full step 12.236 ms
[INFO   ] DREAMPlace - Lsub stopping criteria: 1 and 2078.34 > 1966.4 * 0.999
[DEBUG  ] dreamplace.ops.weighted_average_wirelength.weighted_average_wirelength - wirelength forward 0.063 ms
[DEBUG  ] dreamplace.ops.electric_potential.electric_potential - density forward 0.986 ms
[DEBUG  ] dreamplace.ops.electric_potential.electric_potential - density backward 0.353 ms
[DEBUG  ] dreamplace.ops.weighted_average_wirelength.weighted_average_wirelength - wirelength backward 0.125 ms
[INFO   ] DREAMPlace - optimizer step 9.193 ms
[INFO   ] DREAMPlace - iteration  288, (  14,  4,  0), Obj 2.115678E+03, NetCrossing 1.864E+01, NetCrossingWeight 1.000000E+00, DensityWeight 1.482311E-04, HPWL 2.038002E+03, Overflow 3.439572E-01, MaxDensity 6.444E+00, MacroOverlap 4.315E+01, MacroOverlapWeight 8.000000E-06, gamma 2.405975E-01, time 2.968ms
[INFO   ] DREAMPlace - full step 12.614 ms
[DEBUG  ] dreamplace.ops.weighted_average_wirelength.weighted_average_wirelength - wirelength forward 0.065 ms
[DEBUG  ] dreamplace.ops.electric_potential.electric_potential - density forward 1.005 ms
[DEBUG  ] dreamplace.ops.electric_potential.electric_potential - density backward 0.354 ms
[DEBUG  ] dreamplace.ops.weighted_average_wirelength.weighted_average_wirelength - wirelength backward 0.126 ms
[INFO   ] DREAMPlace - optimizer step 9.516 ms
[INFO   ] DREAMPlace - iteration  289, (  14,  4,  1), Obj 2.132430E+03, NetCrossing 7.544E+00, NetCrossingWeight 1.000000E+00, DensityWeight 1.482311E-04, HPWL 2.065526E+03, Overflow 3.307148E-01, MaxDensity 5.745E+00, MacroOverlap 3.145E+01, MacroOverlapWeight 8.000000E-06, gamma 2.405975E-01, time 2.991ms
[INFO   ] DREAMPlace - full step 12.996 ms
[INFO   ] DREAMPlace - Lsub stopping criteria: 1 and 2132.43 > 2115.68 * 0.999
[DEBUG  ] dreamplace.ops.weighted_average_wirelength.weighted_average_wirelength - wirelength forward 0.059 ms
[DEBUG  ] dreamplace.ops.electric_potential.electric_potential - density forward 0.939 ms
[DEBUG  ] dreamplace.ops.electric_potential.electric_potential - density backward 0.248 ms
[DEBUG  ] dreamplace.ops.weighted_average_wirelength.weighted_average_wirelength - wirelength backward 0.073 ms
[INFO   ] DREAMPlace - optimizer step 7.478 ms
[INFO   ] DREAMPlace - iteration  290, (  14,  5,  0), Obj 2.314554E+03, NetCrossing 7.419E+00, NetCrossingWeight 1.000000E+00, DensityWeight 1.545727E-04, HPWL 2.246149E+03, Overflow 3.293282E-01, MaxDensity 6.399E+00, MacroOverlap 3.233E+01, MacroOverlapWeight 8.000000E-06, gamma 2.405975E-01, time 3.016ms
[INFO   ] DREAMPlace - full step 10.952 ms
[DEBUG  ] dreamplace.ops.weighted_average_wirelength.weighted_average_wirelength - wirelength forward 0.060 ms
[DEBUG  ] dreamplace.ops.electric_potential.electric_potential - density forward 0.945 ms
[DEBUG  ] dreamplace.ops.electric_potential.electric_potential - density backward 0.317 ms
[DEBUG  ] dreamplace.ops.weighted_average_wirelength.weighted_average_wirelength - wirelength backward 0.096 ms
[INFO   ] DREAMPlace - optimizer step 8.275 ms
[INFO   ] DREAMPlace - iteration  291, (  14,  5,  1), Obj 2.082024E+03, NetCrossing 1.768E+01, NetCrossingWeight 1.000000E+00, DensityWeight 1.545727E-04, HPWL 2.000410E+03, Overflow 3.263315E-01, MaxDensity 5.448E+00, MacroOverlap 2.893E+01, MacroOverlapWeight 8.000000E-06, gamma 2.405975E-01, time 2.859ms
[INFO   ] DREAMPlace - full step 11.579 ms
[DEBUG  ] dreamplace.ops.weighted_average_wirelength.weighted_average_wirelength - wirelength forward 0.057 ms
[DEBUG  ] dreamplace.ops.electric_potential.electric_potential - density forward 0.939 ms
[DEBUG  ] dreamplace.ops.electric_potential.electric_potential - density backward 0.305 ms
[DEBUG  ] dreamplace.ops.weighted_average_wirelength.weighted_average_wirelength - wirelength backward 0.102 ms
[INFO   ] DREAMPlace - optimizer step 8.451 ms
[INFO   ] DREAMPlace - iteration  292, (  14,  6,  0), Obj 2.193588E+03, NetCrossing 1.655E+01, NetCrossingWeight 1.000000E+00, DensityWeight 1.588502E-04, HPWL 2.116430E+03, Overflow 3.271635E-01, MaxDensity 5.807E+00, MacroOverlap 2.723E+01, MacroOverlapWeight 8.000000E-06, gamma 2.405975E-01, time 2.905ms
[INFO   ] DREAMPlace - full step 11.812 ms
[DEBUG  ] dreamplace.ops.weighted_average_wirelength.weighted_average_wirelength - wirelength forward 0.060 ms
[DEBUG  ] dreamplace.ops.electric_potential.electric_potential - density forward 0.963 ms
[DEBUG  ] dreamplace.ops.electric_potential.electric_potential - density backward 0.328 ms
[DEBUG  ] dreamplace.ops.weighted_average_wirelength.weighted_average_wirelength - wirelength backward 0.109 ms
[INFO   ] DREAMPlace - optimizer step 8.819 ms
[INFO   ] DREAMPlace - iteration  293, (  14,  6,  1), Obj 2.341572E+03, NetCrossing 1.518E+01, NetCrossingWeight 1.000000E+00, DensityWeight 1.588502E-04, HPWL 2.261636E+03, Overflow 3.257017E-01, MaxDensity 5.103E+00, MacroOverlap 2.972E+01, MacroOverlapWeight 8.000000E-06, gamma 2.405975E-01, time 2.908ms
[INFO   ] DREAMPlace - full step 12.191 ms
[INFO   ] DREAMPlace - Lsub stopping criteria: 1 and 2341.57 > 2193.59 * 0.999
[DEBUG  ] dreamplace.ops.weighted_average_wirelength.weighted_average_wirelength - wirelength forward 0.062 ms
[DEBUG  ] dreamplace.ops.electric_potential.electric_potential - density forward 0.983 ms
[DEBUG  ] dreamplace.ops.electric_potential.electric_potential - density backward 0.317 ms
[DEBUG  ] dreamplace.ops.weighted_average_wirelength.weighted_average_wirelength - wirelength backward 0.102 ms
[INFO   ] DREAMPlace - optimizer step 8.674 ms
[INFO   ] DREAMPlace - iteration  294, (  14,  7,  0), Obj 2.069777E+03, NetCrossing 1.965E+01, NetCrossingWeight 1.000000E+00, DensityWeight 1.656431E-04, HPWL 1.984840E+03, Overflow 3.309678E-01, MaxDensity 5.431E+00, MacroOverlap 3.070E+01, MacroOverlapWeight 8.000000E-06, gamma 2.405975E-01, time 2.945ms
[INFO   ] DREAMPlace - full step 12.076 ms
[DEBUG  ] dreamplace.ops.weighted_average_wirelength.weighted_average_wirelength - wirelength forward 0.063 ms
[DEBUG  ] dreamplace.ops.electric_potential.electric_potential - density forward 0.969 ms
[DEBUG  ] dreamplace.ops.electric_potential.electric_potential - density backward 0.330 ms
[DEBUG  ] dreamplace.ops.weighted_average_wirelength.weighted_average_wirelength - wirelength backward 0.108 ms
[INFO   ] DREAMPlace - optimizer step 8.779 ms
[INFO   ] DREAMPlace - iteration  295, (  14,  7,  1), Obj 2.147948E+03, NetCrossing 1.550E+01, NetCrossingWeight 1.000000E+00, DensityWeight 1.656431E-04, HPWL 2.062240E+03, Overflow 3.169941E-01, MaxDensity 6.072E+00, MacroOverlap 2.679E+01, MacroOverlapWeight 8.000000E-06, gamma 2.405975E-01, time 2.954ms
[INFO   ] DREAMPlace - full step 12.200 ms
[INFO   ] DREAMPlace - Lsub stopping criteria: 1 and 2147.95 > 2069.78 * 0.999
[DEBUG  ] dreamplace.ops.weighted_average_wirelength.weighted_average_wirelength - wirelength forward 0.062 ms
[DEBUG  ] dreamplace.ops.electric_potential.electric_potential - density forward 0.967 ms
[DEBUG  ] dreamplace.ops.electric_potential.electric_potential - density backward 0.330 ms
[DEBUG  ] dreamplace.ops.weighted_average_wirelength.weighted_average_wirelength - wirelength backward 0.115 ms
[INFO   ] DREAMPlace - optimizer step 8.806 ms
[INFO   ] DREAMPlace - iteration  296, (  14,  8,  0), Obj 2.108515E+03, NetCrossing 1.966E+01, NetCrossingWeight 1.000000E+00, DensityWeight 1.701930E-04, HPWL 2.016730E+03, Overflow 3.305493E-01, MaxDensity 5.910E+00, MacroOverlap 2.631E+01, MacroOverlapWeight 8.000000E-06, gamma 2.405975E-01, time 2.977ms
[INFO   ] DREAMPlace - full step 12.254 ms
[DEBUG  ] dreamplace.ops.weighted_average_wirelength.weighted_average_wirelength - wirelength forward 0.063 ms
[DEBUG  ] dreamplace.ops.electric_potential.electric_potential - density forward 0.985 ms
[DEBUG  ] dreamplace.ops.electric_potential.electric_potential - density backward 0.360 ms
[DEBUG  ] dreamplace.ops.weighted_average_wirelength.weighted_average_wirelength - wirelength backward 0.111 ms
[INFO   ] DREAMPlace - optimizer step 9.094 ms
[INFO   ] DREAMPlace - iteration  297, (  14,  8,  1), Obj 2.232645E+03, NetCrossing 1.036E+01, NetCrossingWeight 1.000000E+00, DensityWeight 1.701930E-04, HPWL 2.147031E+03, Overflow 3.198974E-01, MaxDensity 5.983E+00, MacroOverlap 2.405E+01, MacroOverlapWeight 8.000000E-06, gamma 2.405975E-01, time 2.969ms
[INFO   ] DREAMPlace - full step 12.530 ms
[INFO   ] DREAMPlace - Lsub stopping criteria: 1 and 2232.64 > 2108.51 * 0.999
[DEBUG  ] dreamplace.ops.weighted_average_wirelength.weighted_average_wirelength - wirelength forward 0.065 ms
[DEBUG  ] dreamplace.ops.electric_potential.electric_potential - density forward 0.996 ms
[DEBUG  ] dreamplace.ops.electric_potential.electric_potential - density backward 0.359 ms
[DEBUG  ] dreamplace.ops.weighted_average_wirelength.weighted_average_wirelength - wirelength backward 0.125 ms
[INFO   ] DREAMPlace - optimizer step 9.205 ms
[INFO   ] DREAMPlace - iteration  298, (  14,  9,  0), Obj 2.002858E+03, NetCrossing 1.346E+01, NetCrossingWeight 1.000000E+00, DensityWeight 1.774738E-04, HPWL 1.915975E+03, Overflow 3.274913E-01, MaxDensity 5.799E+00, MacroOverlap 2.824E+01, MacroOverlapWeight 8.000000E-06, gamma 2.405975E-01, time 2.983ms
[INFO   ] DREAMPlace - full step 12.650 ms
[DEBUG  ] dreamplace.ops.weighted_average_wirelength.weighted_average_wirelength - wirelength forward 0.066 ms
[DEBUG  ] dreamplace.ops.electric_potential.electric_potential - density forward 1.004 ms
[DEBUG  ] dreamplace.ops.electric_potential.electric_potential - density backward 0.348 ms
[DEBUG  ] dreamplace.ops.weighted_average_wirelength.weighted_average_wirelength - wirelength backward 0.116 ms
[INFO   ] DREAMPlace - optimizer step 9.370 ms
[INFO   ] DREAMPlace - iteration  299, (  14,  9,  1), Obj 2.071386E+03, NetCrossing 1.565E+01, NetCrossingWeight 1.000000E+00, DensityWeight 1.774738E-04, HPWL 1.974635E+03, Overflow 3.319382E-01, MaxDensity 6.573E+00, MacroOverlap 2.664E+01, MacroOverlapWeight 8.000000E-06, gamma 2.405975E-01, time 3.009ms
[INFO   ] DREAMPlace - full step 12.869 ms
[INFO   ] DREAMPlace - Lsub stopping criteria: 1 and 2071.39 > 2002.86 * 0.999
[INFO   ] DREAMPlace - plotting to ./results/reproduce-may20/small-8/ET095_A00/run-2_0_0/ET095_A00/plot/iter0300.png takes 0.038 seconds
[DEBUG  ] dreamplace.ops.weighted_average_wirelength.weighted_average_wirelength - wirelength forward 0.084 ms
[DEBUG  ] dreamplace.ops.electric_potential.electric_potential - density forward 1.066 ms
[DEBUG  ] dreamplace.ops.electric_potential.electric_potential - density backward 0.360 ms
[DEBUG  ] dreamplace.ops.weighted_average_wirelength.weighted_average_wirelength - wirelength backward 0.123 ms
[INFO   ] DREAMPlace - optimizer step 9.685 ms
[INFO   ] DREAMPlace - iteration  300, (  15,  0,  0), Obj 2.096895E+03, NetCrossing 6.285E+00, NetCrossingWeight 1.000000E+00, DensityWeight 1.823121E-04, HPWL 2.016235E+03, Overflow 3.121141E-01, MaxDensity 5.448E+00, MacroOverlap 1.516E+01, MacroOverlapWeight 8.000000E-06, gamma 2.324766E-01, time 3.005ms
[INFO   ] DREAMPlace - full step 51.676 ms
[DEBUG  ] dreamplace.ops.weighted_average_wirelength.weighted_average_wirelength - wirelength forward 0.070 ms
[DEBUG  ] dreamplace.ops.electric_potential.electric_potential - density forward 1.000 ms
[DEBUG  ] dreamplace.ops.electric_potential.electric_potential - density backward 0.380 ms
[DEBUG  ] dreamplace.ops.weighted_average_wirelength.weighted_average_wirelength - wirelength backward 0.114 ms
[INFO   ] DREAMPlace - optimizer step 9.391 ms
[INFO   ] DREAMPlace - iteration  301, (  15,  0,  1), Obj 2.062375E+03, NetCrossing 9.999E+00, NetCrossingWeight 1.000000E+00, DensityWeight 1.823121E-04, HPWL 1.980300E+03, Overflow 3.137821E-01, MaxDensity 4.312E+00, MacroOverlap 1.970E+01, MacroOverlapWeight 8.000000E-06, gamma 2.324766E-01, time 2.980ms
[INFO   ] DREAMPlace - full step 12.869 ms
[DEBUG  ] dreamplace.ops.weighted_average_wirelength.weighted_average_wirelength - wirelength forward 0.068 ms
[DEBUG  ] dreamplace.ops.electric_potential.electric_potential - density forward 1.037 ms
[DEBUG  ] dreamplace.ops.electric_potential.electric_potential - density backward 0.361 ms
[DEBUG  ] dreamplace.ops.weighted_average_wirelength.weighted_average_wirelength - wirelength backward 0.130 ms
[INFO   ] DREAMPlace - optimizer step 9.305 ms
[INFO   ] DREAMPlace - iteration  302, (  15,  1,  0), Obj 2.038645E+03, NetCrossing 1.432E+01, NetCrossingWeight 1.000000E+00, DensityWeight 1.901128E-04, HPWL 1.945565E+03, Overflow 3.179645E-01, MaxDensity 6.240E+00, MacroOverlap 1.957E+01, MacroOverlapWeight 8.000000E-06, gamma 2.324766E-01, time 2.997ms
[INFO   ] DREAMPlace - full step 12.800 ms
[DEBUG  ] dreamplace.ops.weighted_average_wirelength.weighted_average_wirelength - wirelength forward 0.067 ms
[DEBUG  ] dreamplace.ops.electric_potential.electric_potential - density forward 1.032 ms
[DEBUG  ] dreamplace.ops.electric_potential.electric_potential - density backward 0.365 ms
[DEBUG  ] dreamplace.ops.weighted_average_wirelength.weighted_average_wirelength - wirelength backward 0.127 ms
[INFO   ] DREAMPlace - optimizer step 9.594 ms
[INFO   ] DREAMPlace - iteration  303, (  15,  1,  1), Obj 2.103081E+03, NetCrossing 1.583E+01, NetCrossingWeight 1.000000E+00, DensityWeight 1.901128E-04, HPWL 2.010773E+03, Overflow 3.126480E-01, MaxDensity 4.932E+00, MacroOverlap 2.229E+01, MacroOverlapWeight 8.000000E-06, gamma 2.324766E-01, time 3.119ms
[INFO   ] DREAMPlace - full step 13.226 ms
[INFO   ] DREAMPlace - Lsub stopping criteria: 1 and 2103.08 > 2038.64 * 0.999
[DEBUG  ] dreamplace.ops.weighted_average_wirelength.weighted_average_wirelength - wirelength forward 0.067 ms
[DEBUG  ] dreamplace.ops.electric_potential.electric_potential - density forward 1.042 ms
[DEBUG  ] dreamplace.ops.electric_potential.electric_potential - density backward 0.358 ms
[DEBUG  ] dreamplace.ops.weighted_average_wirelength.weighted_average_wirelength - wirelength backward 0.125 ms
[INFO   ] DREAMPlace - optimizer step 9.486 ms
[INFO   ] DREAMPlace - iteration  304, (  15,  2,  0), Obj 1.933111E+03, NetCrossing 1.728E+01, NetCrossingWeight 1.000000E+00, DensityWeight 1.982468E-04, HPWL 1.842564E+03, Overflow 3.052856E-01, MaxDensity 4.819E+00, MacroOverlap 1.816E+01, MacroOverlapWeight 8.000000E-06, gamma 2.324766E-01, time 3.059ms
[INFO   ] DREAMPlace - full step 13.031 ms
[DEBUG  ] dreamplace.ops.weighted_average_wirelength.weighted_average_wirelength - wirelength forward 0.062 ms
[DEBUG  ] dreamplace.ops.electric_potential.electric_potential - density forward 0.976 ms
[DEBUG  ] dreamplace.ops.electric_potential.electric_potential - density backward 0.275 ms
[DEBUG  ] dreamplace.ops.weighted_average_wirelength.weighted_average_wirelength - wirelength backward 0.080 ms
[INFO   ] DREAMPlace - optimizer step 7.823 ms
[INFO   ] DREAMPlace - iteration  305, (  15,  2,  1), Obj 1.950586E+03, NetCrossing 1.639E+01, NetCrossingWeight 1.000000E+00, DensityWeight 1.982468E-04, HPWL 1.860440E+03, Overflow 3.076071E-01, MaxDensity 5.142E+00, MacroOverlap 1.819E+01, MacroOverlapWeight 8.000000E-06, gamma 2.324766E-01, time 2.979ms
[INFO   ] DREAMPlace - full step 11.275 ms
[INFO   ] DREAMPlace - Lsub stopping criteria: 1 and 1950.59 > 1933.11 * 0.999
[DEBUG  ] dreamplace.ops.weighted_average_wirelength.weighted_average_wirelength - wirelength forward 0.069 ms
[DEBUG  ] dreamplace.ops.electric_potential.electric_potential - density forward 1.081 ms
[DEBUG  ] dreamplace.ops.electric_potential.electric_potential - density backward 0.323 ms
[DEBUG  ] dreamplace.ops.weighted_average_wirelength.weighted_average_wirelength - wirelength backward 0.117 ms
[INFO   ] DREAMPlace - optimizer step 8.883 ms
[INFO   ] DREAMPlace - iteration  306, (  15,  3,  0), Obj 1.845938E+03, NetCrossing 1.010E+01, NetCrossingWeight 1.000000E+00, DensityWeight 2.035903E-04, HPWL 1.769426E+03, Overflow 2.985182E-01, MaxDensity 5.640E+00, MacroOverlap 1.573E+01, MacroOverlapWeight 8.000000E-06, gamma 2.324766E-01, time 3.104ms
[INFO   ] DREAMPlace - full step 12.463 ms
[DEBUG  ] dreamplace.ops.weighted_average_wirelength.weighted_average_wirelength - wirelength forward 0.064 ms
[DEBUG  ] dreamplace.ops.electric_potential.electric_potential - density forward 0.987 ms
[DEBUG  ] dreamplace.ops.electric_potential.electric_potential - density backward 0.340 ms
[DEBUG  ] dreamplace.ops.weighted_average_wirelength.weighted_average_wirelength - wirelength backward 0.109 ms
[INFO   ] DREAMPlace - optimizer step 8.789 ms
[INFO   ] DREAMPlace - iteration  307, (  15,  3,  1), Obj 1.967186E+03, NetCrossing 7.957E+00, NetCrossingWeight 1.000000E+00, DensityWeight 2.035903E-04, HPWL 1.892354E+03, Overflow 2.989208E-01, MaxDensity 4.684E+00, MacroOverlap 1.959E+01, MacroOverlapWeight 8.000000E-06, gamma 2.324766E-01, time 2.926ms
[INFO   ] DREAMPlace - full step 12.196 ms
[INFO   ] DREAMPlace - Lsub stopping criteria: 1 and 1967.19 > 1845.94 * 0.999
[DEBUG  ] dreamplace.ops.weighted_average_wirelength.weighted_average_wirelength - wirelength forward 0.063 ms
[DEBUG  ] dreamplace.ops.electric_potential.electric_potential - density forward 0.982 ms
[DEBUG  ] dreamplace.ops.electric_potential.electric_potential - density backward 0.329 ms
[DEBUG  ] dreamplace.ops.weighted_average_wirelength.weighted_average_wirelength - wirelength backward 0.117 ms
[INFO   ] DREAMPlace - optimizer step 8.918 ms
[INFO   ] DREAMPlace - iteration  308, (  15,  4,  0), Obj 1.868006E+03, NetCrossing 1.509E+01, NetCrossingWeight 1.000000E+00, DensityWeight 2.123010E-04, HPWL 1.794560E+03, Overflow 2.883502E-01, MaxDensity 5.162E+00, MacroOverlap 1.574E+01, MacroOverlapWeight 8.000000E-06, gamma 2.324766E-01, time 2.944ms
[INFO   ] DREAMPlace - full step 12.347 ms
[DEBUG  ] dreamplace.ops.weighted_average_wirelength.weighted_average_wirelength - wirelength forward 0.064 ms
[DEBUG  ] dreamplace.ops.electric_potential.electric_potential - density forward 0.998 ms
[DEBUG  ] dreamplace.ops.electric_potential.electric_potential - density backward 0.364 ms
[DEBUG  ] dreamplace.ops.weighted_average_wirelength.weighted_average_wirelength - wirelength backward 0.119 ms
[INFO   ] DREAMPlace - optimizer step 9.276 ms
[INFO   ] DREAMPlace - iteration  309, (  15,  4,  1), Obj 1.946772E+03, NetCrossing 1.418E+01, NetCrossingWeight 1.000000E+00, DensityWeight 2.123010E-04, HPWL 1.879844E+03, Overflow 2.781426E-01, MaxDensity 4.600E+00, MacroOverlap 1.309E+01, MacroOverlapWeight 8.000000E-06, gamma 2.324766E-01, time 2.964ms
[INFO   ] DREAMPlace - full step 12.744 ms
[INFO   ] DREAMPlace - Lsub stopping criteria: 1 and 1946.77 > 1868.01 * 0.999
[DEBUG  ] dreamplace.ops.weighted_average_wirelength.weighted_average_wirelength - wirelength forward 0.069 ms
[DEBUG  ] dreamplace.ops.electric_potential.electric_potential - density forward 1.114 ms
[DEBUG  ] dreamplace.ops.electric_potential.electric_potential - density backward 0.365 ms
[DEBUG  ] dreamplace.ops.weighted_average_wirelength.weighted_average_wirelength - wirelength backward 0.149 ms
[INFO   ] DREAMPlace - optimizer step 9.764 ms
[INFO   ] DREAMPlace - iteration  310, (  15,  5,  0), Obj 1.917303E+03, NetCrossing 1.268E+01, NetCrossingWeight 1.000000E+00, DensityWeight 2.179797E-04, HPWL 1.860288E+03, Overflow 2.671440E-01, MaxDensity 4.659E+00, MacroOverlap 1.094E+01, MacroOverlapWeight 8.000000E-06, gamma 2.324766E-01, time 3.160ms
[INFO   ] DREAMPlace - full step 13.456 ms
[DEBUG  ] dreamplace.ops.weighted_average_wirelength.weighted_average_wirelength - wirelength forward 0.066 ms
[DEBUG  ] dreamplace.ops.electric_potential.electric_potential - density forward 1.219 ms
[DEBUG  ] dreamplace.ops.electric_potential.electric_potential - density backward 0.313 ms
[DEBUG  ] dreamplace.ops.weighted_average_wirelength.weighted_average_wirelength - wirelength backward 0.118 ms
[INFO   ] DREAMPlace - optimizer step 8.658 ms
[INFO   ] DREAMPlace - iteration  311, (  15,  5,  1), Obj 1.847745E+03, NetCrossing 1.216E+01, NetCrossingWeight 1.000000E+00, DensityWeight 2.179797E-04, HPWL 1.793971E+03, Overflow 2.715144E-01, MaxDensity 4.144E+00, MacroOverlap 8.844E+00, MacroOverlapWeight 8.000000E-06, gamma 2.324766E-01, time 3.257ms
[INFO   ] DREAMPlace - full step 12.456 ms
[DEBUG  ] dreamplace.ops.weighted_average_wirelength.weighted_average_wirelength - wirelength forward 0.070 ms
[DEBUG  ] dreamplace.ops.electric_potential.electric_potential - density forward 1.104 ms
[DEBUG  ] dreamplace.ops.electric_potential.electric_potential - density backward 0.375 ms
[DEBUG  ] dreamplace.ops.weighted_average_wirelength.weighted_average_wirelength - wirelength backward 0.124 ms
[INFO   ] DREAMPlace - optimizer step 9.551 ms
[INFO   ] DREAMPlace - iteration  312, (  15,  6,  0), Obj 2.032746E+03, NetCrossing 1.234E+01, NetCrossingWeight 1.000000E+00, DensityWeight 2.237880E-04, HPWL 1.983829E+03, Overflow 2.571347E-01, MaxDensity 4.062E+00, MacroOverlap 1.081E+01, MacroOverlapWeight 8.000000E-06, gamma 2.324766E-01, time 3.129ms
[INFO   ] DREAMPlace - full step 13.211 ms
[DEBUG  ] dreamplace.ops.weighted_average_wirelength.weighted_average_wirelength - wirelength forward 0.069 ms
[DEBUG  ] dreamplace.ops.electric_potential.electric_potential - density forward 1.143 ms
[DEBUG  ] dreamplace.ops.electric_potential.electric_potential - density backward 0.390 ms
[DEBUG  ] dreamplace.ops.weighted_average_wirelength.weighted_average_wirelength - wirelength backward 0.147 ms
[INFO   ] DREAMPlace - optimizer step 9.998 ms
[INFO   ] DREAMPlace - iteration  313, (  15,  6,  1), Obj 2.172077E+03, NetCrossing 1.469E+01, NetCrossingWeight 1.000000E+00, DensityWeight 2.237880E-04, HPWL 2.125149E+03, Overflow 2.527437E-01, MaxDensity 5.629E+00, MacroOverlap 1.124E+01, MacroOverlapWeight 8.000000E-06, gamma 2.324766E-01, time 3.194ms
[INFO   ] DREAMPlace - full step 13.755 ms
[INFO   ] DREAMPlace - Lsub stopping criteria: 1 and 2172.08 > 2032.75 * 0.999
[DEBUG  ] dreamplace.ops.weighted_average_wirelength.weighted_average_wirelength - wirelength forward 0.064 ms
[DEBUG  ] dreamplace.ops.electric_potential.electric_potential - density forward 1.054 ms
[DEBUG  ] dreamplace.ops.electric_potential.electric_potential - density backward 0.305 ms
[DEBUG  ] dreamplace.ops.weighted_average_wirelength.weighted_average_wirelength - wirelength backward 0.083 ms
[INFO   ] DREAMPlace - optimizer step 9.020 ms
[INFO   ] DREAMPlace - iteration  314, (  15,  7,  0), Obj 2.121889E+03, NetCrossing 1.770E+01, NetCrossingWeight 1.000000E+00, DensityWeight 2.333565E-04, HPWL 2.075265E+03, Overflow 2.446486E-01, MaxDensity 4.425E+00, MacroOverlap 1.086E+01, MacroOverlapWeight 8.000000E-06, gamma 2.324766E-01, time 3.092ms
[INFO   ] DREAMPlace - full step 12.614 ms
[DEBUG  ] dreamplace.ops.weighted_average_wirelength.weighted_average_wirelength - wirelength forward 0.067 ms
[DEBUG  ] dreamplace.ops.electric_potential.electric_potential - density forward 1.063 ms
[DEBUG  ] dreamplace.ops.electric_potential.electric_potential - density backward 0.301 ms
[DEBUG  ] dreamplace.ops.weighted_average_wirelength.weighted_average_wirelength - wirelength backward 0.111 ms
[INFO   ] DREAMPlace - optimizer step 8.478 ms
[INFO   ] DREAMPlace - iteration  315, (  15,  7,  1), Obj 2.284853E+03, NetCrossing 1.121E+01, NetCrossingWeight 1.000000E+00, DensityWeight 2.333565E-04, HPWL 2.244927E+03, Overflow 2.321388E-01, MaxDensity 3.491E+00, MacroOverlap 8.359E+00, MacroOverlapWeight 8.000000E-06, gamma 2.324766E-01, time 3.003ms
[INFO   ] DREAMPlace - full step 12.010 ms
[INFO   ] DREAMPlace - Lsub stopping criteria: 1 and 2284.85 > 2121.89 * 0.999
[DEBUG  ] dreamplace.ops.weighted_average_wirelength.weighted_average_wirelength - wirelength forward 0.067 ms
[DEBUG  ] dreamplace.ops.electric_potential.electric_potential - density forward 1.031 ms
[DEBUG  ] dreamplace.ops.electric_potential.electric_potential - density backward 0.376 ms
[DEBUG  ] dreamplace.ops.weighted_average_wirelength.weighted_average_wirelength - wirelength backward 0.122 ms
[INFO   ] DREAMPlace - optimizer step 9.228 ms
[INFO   ] DREAMPlace - iteration  316, (  15,  8,  0), Obj 2.205928E+03, NetCrossing 1.420E+01, NetCrossingWeight 1.000000E+00, DensityWeight 2.433387E-04, HPWL 2.164562E+03, Overflow 2.344912E-01, MaxDensity 4.713E+00, MacroOverlap 9.660E+00, MacroOverlapWeight 8.000000E-06, gamma 2.324766E-01, time 3.098ms
[INFO   ] DREAMPlace - full step 12.816 ms
[DEBUG  ] dreamplace.ops.weighted_average_wirelength.weighted_average_wirelength - wirelength forward 0.064 ms
[DEBUG  ] dreamplace.ops.electric_potential.electric_potential - density forward 1.005 ms
[DEBUG  ] dreamplace.ops.electric_potential.electric_potential - density backward 0.360 ms
[DEBUG  ] dreamplace.ops.weighted_average_wirelength.weighted_average_wirelength - wirelength backward 0.118 ms
[INFO   ] DREAMPlace - optimizer step 9.179 ms
[INFO   ] DREAMPlace - iteration  317, (  15,  8,  1), Obj 2.128115E+03, NetCrossing 9.744E+00, NetCrossingWeight 1.000000E+00, DensityWeight 2.433387E-04, HPWL 2.087883E+03, Overflow 2.451973E-01, MaxDensity 3.708E+00, MacroOverlap 1.021E+01, MacroOverlapWeight 8.000000E-06, gamma 2.324766E-01, time 2.981ms
[INFO   ] DREAMPlace - full step 12.643 ms
[DEBUG  ] dreamplace.ops.weighted_average_wirelength.weighted_average_wirelength - wirelength forward 0.062 ms
[DEBUG  ] dreamplace.ops.electric_potential.electric_potential - density forward 0.955 ms
[DEBUG  ] dreamplace.ops.electric_potential.electric_potential - density backward 0.270 ms
[DEBUG  ] dreamplace.ops.weighted_average_wirelength.weighted_average_wirelength - wirelength backward 0.074 ms
[INFO   ] DREAMPlace - optimizer step 7.501 ms
[INFO   ] DREAMPlace - iteration  318, (  15,  9,  0), Obj 2.277435E+03, NetCrossing 1.729E+01, NetCrossingWeight 1.000000E+00, DensityWeight 2.497477E-04, HPWL 2.236603E+03, Overflow 2.302880E-01, MaxDensity 3.657E+00, MacroOverlap 8.070E+00, MacroOverlapWeight 8.000000E-06, gamma 2.324766E-01, time 2.930ms
[INFO   ] DREAMPlace - full step 10.893 ms
[DEBUG  ] dreamplace.ops.weighted_average_wirelength.weighted_average_wirelength - wirelength forward 0.059 ms
[DEBUG  ] dreamplace.ops.electric_potential.electric_potential - density forward 0.949 ms
[DEBUG  ] dreamplace.ops.electric_potential.electric_potential - density backward 0.331 ms
[DEBUG  ] dreamplace.ops.weighted_average_wirelength.weighted_average_wirelength - wirelength backward 0.097 ms
[INFO   ] DREAMPlace - optimizer step 8.292 ms
[INFO   ] DREAMPlace - iteration  319, (  15,  9,  1), Obj 2.090511E+03, NetCrossing 1.250E+01, NetCrossingWeight 1.000000E+00, DensityWeight 2.497477E-04, HPWL 2.051844E+03, Overflow 2.258885E-01, MaxDensity 4.016E+00, MacroOverlap 7.537E+00, MacroOverlapWeight 8.000000E-06, gamma 2.324766E-01, time 2.831ms
[INFO   ] DREAMPlace - full step 11.580 ms
[DEBUG  ] dreamplace.ops.weighted_average_wirelength.weighted_average_wirelength - wirelength forward 0.059 ms
[DEBUG  ] dreamplace.ops.electric_potential.electric_potential - density forward 0.979 ms
[DEBUG  ] dreamplace.ops.electric_potential.electric_potential - density backward 0.331 ms
[DEBUG  ] dreamplace.ops.weighted_average_wirelength.weighted_average_wirelength - wirelength backward 0.105 ms
[INFO   ] DREAMPlace - optimizer step 8.681 ms
[INFO   ] DREAMPlace - iteration  320, (  16,  0,  0), Obj 2.243036E+03, NetCrossing 1.248E+01, NetCrossingWeight 1.000000E+00, DensityWeight 2.562999E-04, HPWL 2.204856E+03, Overflow 2.364435E-01, MaxDensity 4.001E+00, MacroOverlap 9.489E+00, MacroOverlapWeight 8.000000E-06, gamma 1.351180E-01, time 2.832ms
[INFO   ] DREAMPlace - full step 11.950 ms
[DEBUG  ] dreamplace.ops.weighted_average_wirelength.weighted_average_wirelength - wirelength forward 0.062 ms
[DEBUG  ] dreamplace.ops.electric_potential.electric_potential - density forward 0.989 ms
[DEBUG  ] dreamplace.ops.electric_potential.electric_potential - density backward 0.341 ms
[DEBUG  ] dreamplace.ops.weighted_average_wirelength.weighted_average_wirelength - wirelength backward 0.111 ms
[INFO   ] DREAMPlace - optimizer step 8.929 ms
[INFO   ] DREAMPlace - iteration  321, (  16,  0,  1), Obj 2.194673E+03, NetCrossing 1.102E+01, NetCrossingWeight 1.000000E+00, DensityWeight 2.562999E-04, HPWL 2.156626E+03, Overflow 2.275712E-01, MaxDensity 3.945E+00, MacroOverlap 7.788E+00, MacroOverlapWeight 8.000000E-06, gamma 1.351180E-01, time 2.934ms
[INFO   ] DREAMPlace - full step 12.353 ms
[DEBUG  ] dreamplace.ops.weighted_average_wirelength.weighted_average_wirelength - wirelength forward 0.064 ms
[DEBUG  ] dreamplace.ops.electric_potential.electric_potential - density forward 1.007 ms
[DEBUG  ] dreamplace.ops.electric_potential.electric_potential - density backward 0.343 ms
[DEBUG  ] dreamplace.ops.weighted_average_wirelength.weighted_average_wirelength - wirelength backward 0.104 ms
[INFO   ] DREAMPlace - optimizer step 8.790 ms
[INFO   ] DREAMPlace - iteration  322, (  16,  1,  0), Obj 2.255428E+03, NetCrossing 1.363E+01, NetCrossingWeight 1.000000E+00, DensityWeight 2.672640E-04, HPWL 2.214556E+03, Overflow 2.204308E-01, MaxDensity 4.015E+00, MacroOverlap 8.008E+00, MacroOverlapWeight 8.000000E-06, gamma 1.351180E-01, time 2.946ms
[INFO   ] DREAMPlace - full step 12.237 ms
[DEBUG  ] dreamplace.ops.weighted_average_wirelength.weighted_average_wirelength - wirelength forward 0.065 ms
[DEBUG  ] dreamplace.ops.electric_potential.electric_potential - density forward 0.978 ms
[DEBUG  ] dreamplace.ops.electric_potential.electric_potential - density backward 0.340 ms
[DEBUG  ] dreamplace.ops.weighted_average_wirelength.weighted_average_wirelength - wirelength backward 0.125 ms
[INFO   ] DREAMPlace - optimizer step 8.823 ms
[INFO   ] DREAMPlace - iteration  323, (  16,  1,  1), Obj 2.248967E+03, NetCrossing 1.831E+01, NetCrossingWeight 1.000000E+00, DensityWeight 2.672640E-04, HPWL 2.199441E+03, Overflow 2.339857E-01, MaxDensity 3.241E+00, MacroOverlap 8.425E+00, MacroOverlapWeight 8.000000E-06, gamma 1.351180E-01, time 2.974ms
[INFO   ] DREAMPlace - full step 12.269 ms
[DEBUG  ] dreamplace.ops.weighted_average_wirelength.weighted_average_wirelength - wirelength forward 0.064 ms
[DEBUG  ] dreamplace.ops.electric_potential.electric_potential - density forward 1.002 ms
[DEBUG  ] dreamplace.ops.electric_potential.electric_potential - density backward 0.399 ms
[DEBUG  ] dreamplace.ops.weighted_average_wirelength.weighted_average_wirelength - wirelength backward 0.116 ms
[INFO   ] DREAMPlace - optimizer step 9.366 ms
[INFO   ] DREAMPlace - iteration  324, (  16,  2,  0), Obj 2.198823E+03, NetCrossing 1.075E+01, NetCrossingWeight 1.000000E+00, DensityWeight 2.786986E-04, HPWL 2.158396E+03, Overflow 2.207894E-01, MaxDensity 3.632E+00, MacroOverlap 6.641E+00, MacroOverlapWeight 8.000000E-06, gamma 1.351180E-01, time 2.933ms
[INFO   ] DREAMPlace - full step 12.756 ms
[DEBUG  ] dreamplace.ops.weighted_average_wirelength.weighted_average_wirelength - wirelength forward 0.065 ms
[DEBUG  ] dreamplace.ops.electric_potential.electric_potential - density forward 1.024 ms
[DEBUG  ] dreamplace.ops.electric_potential.electric_potential - density backward 0.362 ms
[DEBUG  ] dreamplace.ops.weighted_average_wirelength.weighted_average_wirelength - wirelength backward 0.116 ms
[INFO   ] DREAMPlace - optimizer step 9.290 ms
[INFO   ] DREAMPlace - iteration  325, (  16,  2,  1), Obj 2.264050E+03, NetCrossing 2.540E+01, NetCrossingWeight 1.000000E+00, DensityWeight 2.786986E-04, HPWL 2.206319E+03, Overflow 2.302006E-01, MaxDensity 3.617E+00, MacroOverlap 7.256E+00, MacroOverlapWeight 8.000000E-06, gamma 1.351180E-01, time 2.998ms
[INFO   ] DREAMPlace - full step 12.764 ms
[INFO   ] DREAMPlace - Lsub stopping criteria: 1 and 2264.05 > 2198.82 * 0.999
[DEBUG  ] dreamplace.ops.weighted_average_wirelength.weighted_average_wirelength - wirelength forward 0.066 ms
[DEBUG  ] dreamplace.ops.electric_potential.electric_potential - density forward 1.004 ms
[DEBUG  ] dreamplace.ops.electric_potential.electric_potential - density backward 0.374 ms
[DEBUG  ] dreamplace.ops.weighted_average_wirelength.weighted_average_wirelength - wirelength backward 0.125 ms
[INFO   ] DREAMPlace - optimizer step 9.551 ms
[INFO   ] DREAMPlace - iteration  326, (  16,  3,  0), Obj 2.267188E+03, NetCrossing 9.477E+00, NetCrossingWeight 1.000000E+00, DensityWeight 2.906233E-04, HPWL 2.223700E+03, Overflow 2.326867E-01, MaxDensity 4.484E+00, MacroOverlap 8.603E+00, MacroOverlapWeight 8.000000E-06, gamma 1.351180E-01, time 2.998ms
[INFO   ] DREAMPlace - full step 13.032 ms
[DEBUG  ] dreamplace.ops.weighted_average_wirelength.weighted_average_wirelength - wirelength forward 0.067 ms
[DEBUG  ] dreamplace.ops.electric_potential.electric_potential - density forward 1.029 ms
[DEBUG  ] dreamplace.ops.electric_potential.electric_potential - density backward 0.379 ms
[DEBUG  ] dreamplace.ops.weighted_average_wirelength.weighted_average_wirelength - wirelength backward 0.077 ms
[INFO   ] DREAMPlace - optimizer step 9.324 ms
[INFO   ] DREAMPlace - iteration  327, (  16,  3,  1), Obj 2.239323E+03, NetCrossing 7.675E+00, NetCrossingWeight 1.000000E+00, DensityWeight 2.906233E-04, HPWL 2.191166E+03, Overflow 2.410893E-01, MaxDensity 4.300E+00, MacroOverlap 1.136E+01, MacroOverlapWeight 8.000000E-06, gamma 1.351180E-01, time 3.046ms
[INFO   ] DREAMPlace - full step 12.856 ms
[DEBUG  ] dreamplace.ops.weighted_average_wirelength.weighted_average_wirelength - wirelength forward 0.058 ms
[DEBUG  ] dreamplace.ops.electric_potential.electric_potential - density forward 0.931 ms
[DEBUG  ] dreamplace.ops.electric_potential.electric_potential - density backward 0.278 ms
[DEBUG  ] dreamplace.ops.weighted_average_wirelength.weighted_average_wirelength - wirelength backward 0.077 ms
[INFO   ] DREAMPlace - optimizer step 7.548 ms
[INFO   ] DREAMPlace - iteration  328, (  16,  4,  0), Obj 2.063317E+03, NetCrossing 6.357E+00, NetCrossingWeight 1.000000E+00, DensityWeight 2.981287E-04, HPWL 2.014245E+03, Overflow 2.383668E-01, MaxDensity 4.543E+00, MacroOverlap 9.970E+00, MacroOverlapWeight 8.000000E-06, gamma 1.351180E-01, time 2.968ms
[INFO   ] DREAMPlace - full step 10.962 ms
[DEBUG  ] dreamplace.ops.weighted_average_wirelength.weighted_average_wirelength - wirelength forward 0.059 ms
[DEBUG  ] dreamplace.ops.electric_potential.electric_potential - density forward 0.939 ms
[DEBUG  ] dreamplace.ops.electric_potential.electric_potential - density backward 0.302 ms
[DEBUG  ] dreamplace.ops.weighted_average_wirelength.weighted_average_wirelength - wirelength backward 0.097 ms
[INFO   ] DREAMPlace - optimizer step 8.267 ms
[INFO   ] DREAMPlace - iteration  329, (  16,  4,  1), Obj 2.345432E+03, NetCrossing 8.600E+00, NetCrossingWeight 1.000000E+00, DensityWeight 2.981287E-04, HPWL 2.292881E+03, Overflow 2.390500E-01, MaxDensity 4.035E+00, MacroOverlap 1.027E+01, MacroOverlapWeight 8.000000E-06, gamma 1.351180E-01, time 2.834ms
[INFO   ] DREAMPlace - full step 11.549 ms
[INFO   ] DREAMPlace - Lsub stopping criteria: 1 and 2345.43 > 2063.32 * 0.999
[DEBUG  ] dreamplace.ops.weighted_average_wirelength.weighted_average_wirelength - wirelength forward 0.071 ms
[DEBUG  ] dreamplace.ops.electric_potential.electric_potential - density forward 0.943 ms
[DEBUG  ] dreamplace.ops.electric_potential.electric_potential - density backward 0.332 ms
[DEBUG  ] dreamplace.ops.weighted_average_wirelength.weighted_average_wirelength - wirelength backward 0.103 ms
[INFO   ] DREAMPlace - optimizer step 8.489 ms
[INFO   ] DREAMPlace - iteration  330, (  16,  5,  0), Obj 2.053908E+03, NetCrossing 1.975E+01, NetCrossingWeight 1.000000E+00, DensityWeight 3.108821E-04, HPWL 1.988817E+03, Overflow 2.525275E-01, MaxDensity 4.904E+00, MacroOverlap 1.302E+01, MacroOverlapWeight 8.000000E-06, gamma 1.351180E-01, time 2.870ms
[INFO   ] DREAMPlace - full step 11.797 ms
[DEBUG  ] dreamplace.ops.weighted_average_wirelength.weighted_average_wirelength - wirelength forward 0.072 ms
[DEBUG  ] dreamplace.ops.electric_potential.electric_potential - density forward 0.972 ms
[DEBUG  ] dreamplace.ops.electric_potential.electric_potential - density backward 0.352 ms
[DEBUG  ] dreamplace.ops.weighted_average_wirelength.weighted_average_wirelength - wirelength backward 0.109 ms
[INFO   ] DREAMPlace - optimizer step 8.827 ms
[INFO   ] DREAMPlace - iteration  331, (  16,  5,  1), Obj 2.082250E+03, NetCrossing 7.814E+00, NetCrossingWeight 1.000000E+00, DensityWeight 3.108821E-04, HPWL 2.027005E+03, Overflow 2.476533E-01, MaxDensity 4.050E+00, MacroOverlap 8.925E+00, MacroOverlapWeight 8.000000E-06, gamma 1.351180E-01, time 2.850ms
[INFO   ] DREAMPlace - full step 12.133 ms
[INFO   ] DREAMPlace - Lsub stopping criteria: 1 and 2082.25 > 2053.91 * 0.999
[DEBUG  ] dreamplace.ops.weighted_average_wirelength.weighted_average_wirelength - wirelength forward 0.063 ms
[DEBUG  ] dreamplace.ops.electric_potential.electric_potential - density forward 0.984 ms
[DEBUG  ] dreamplace.ops.electric_potential.electric_potential - density backward 0.321 ms
[DEBUG  ] dreamplace.ops.weighted_average_wirelength.weighted_average_wirelength - wirelength backward 0.125 ms
[INFO   ] DREAMPlace - optimizer step 8.712 ms
[INFO   ] DREAMPlace - iteration  332, (  16,  6,  0), Obj 1.937844E+03, NetCrossing 1.246E+01, NetCrossingWeight 1.000000E+00, DensityWeight 3.188469E-04, HPWL 1.878109E+03, Overflow 2.538761E-01, MaxDensity 3.694E+00, MacroOverlap 1.040E+01, MacroOverlapWeight 8.000000E-06, gamma 1.351180E-01, time 2.942ms
[INFO   ] DREAMPlace - full step 12.106 ms
[DEBUG  ] dreamplace.ops.weighted_average_wirelength.weighted_average_wirelength - wirelength forward 0.062 ms
[DEBUG  ] dreamplace.ops.electric_potential.electric_potential - density forward 0.963 ms
[DEBUG  ] dreamplace.ops.electric_potential.electric_potential - density backward 0.372 ms
[DEBUG  ] dreamplace.ops.weighted_average_wirelength.weighted_average_wirelength - wirelength backward 0.109 ms
[INFO   ] DREAMPlace - optimizer step 9.014 ms
[INFO   ] DREAMPlace - iteration  333, (  16,  6,  1), Obj 2.080822E+03, NetCrossing 7.601E+00, NetCrossingWeight 1.000000E+00, DensityWeight 3.188469E-04, HPWL 2.023544E+03, Overflow 2.580630E-01, MaxDensity 4.689E+00, MacroOverlap 9.912E+00, MacroOverlapWeight 8.000000E-06, gamma 1.351180E-01, time 2.975ms
[INFO   ] DREAMPlace - full step 12.466 ms
[INFO   ] DREAMPlace - Lsub stopping criteria: 1 and 2080.82 > 1937.84 * 0.999
[DEBUG  ] dreamplace.ops.weighted_average_wirelength.weighted_average_wirelength - wirelength forward 0.063 ms
[DEBUG  ] dreamplace.ops.electric_potential.electric_potential - density forward 0.988 ms
[DEBUG  ] dreamplace.ops.electric_potential.electric_potential - density backward 0.351 ms
[DEBUG  ] dreamplace.ops.weighted_average_wirelength.weighted_average_wirelength - wirelength backward 0.117 ms
[INFO   ] DREAMPlace - optimizer step 8.989 ms
[INFO   ] DREAMPlace - iteration  334, (  16,  7,  0), Obj 2.066943E+03, NetCrossing 6.985E+00, NetCrossingWeight 1.000000E+00, DensityWeight 3.269830E-04, HPWL 2.014349E+03, Overflow 2.494853E-01, MaxDensity 4.546E+00, MacroOverlap 7.814E+00, MacroOverlapWeight 8.000000E-06, gamma 1.351180E-01, time 2.952ms
[INFO   ] DREAMPlace - full step 12.395 ms
[DEBUG  ] dreamplace.ops.weighted_average_wirelength.weighted_average_wirelength - wirelength forward 0.063 ms
[DEBUG  ] dreamplace.ops.electric_potential.electric_potential - density forward 0.993 ms
[DEBUG  ] dreamplace.ops.electric_potential.electric_potential - density backward 0.370 ms
[DEBUG  ] dreamplace.ops.weighted_average_wirelength.weighted_average_wirelength - wirelength backward 0.118 ms
[INFO   ] DREAMPlace - optimizer step 9.164 ms
[INFO   ] DREAMPlace - iteration  335, (  16,  7,  1), Obj 1.968194E+03, NetCrossing 1.737E+01, NetCrossingWeight 1.000000E+00, DensityWeight 3.269830E-04, HPWL 1.901765E+03, Overflow 2.571604E-01, MaxDensity 3.632E+00, MacroOverlap 1.195E+01, MacroOverlapWeight 8.000000E-06, gamma 1.351180E-01, time 2.972ms
[INFO   ] DREAMPlace - full step 12.601 ms
[DEBUG  ] dreamplace.ops.weighted_average_wirelength.weighted_average_wirelength - wirelength forward 0.065 ms
[DEBUG  ] dreamplace.ops.electric_potential.electric_potential - density forward 1.002 ms
[DEBUG  ] dreamplace.ops.electric_potential.electric_potential - density backward 0.387 ms
[DEBUG  ] dreamplace.ops.weighted_average_wirelength.weighted_average_wirelength - wirelength backward 0.127 ms
[INFO   ] DREAMPlace - optimizer step 9.525 ms
[INFO   ] DREAMPlace - iteration  336, (  16,  8,  0), Obj 2.053839E+03, NetCrossing 2.160E+01, NetCrossingWeight 1.000000E+00, DensityWeight 3.352931E-04, HPWL 1.989025E+03, Overflow 2.408995E-01, MaxDensity 4.248E+00, MacroOverlap 8.053E+00, MacroOverlapWeight 8.000000E-06, gamma 1.351180E-01, time 2.994ms
[INFO   ] DREAMPlace - full step 12.987 ms
[DEBUG  ] dreamplace.ops.weighted_average_wirelength.weighted_average_wirelength - wirelength forward 0.061 ms
[DEBUG  ] dreamplace.ops.electric_potential.electric_potential - density forward 0.943 ms
[DEBUG  ] dreamplace.ops.electric_potential.electric_potential - density backward 0.381 ms
[DEBUG  ] dreamplace.ops.weighted_average_wirelength.weighted_average_wirelength - wirelength backward 0.070 ms
[INFO   ] DREAMPlace - optimizer step 8.968 ms
[INFO   ] DREAMPlace - iteration  337, (  16,  8,  1), Obj 2.013271E+03, NetCrossing 7.551E+00, NetCrossingWeight 1.000000E+00, DensityWeight 3.352931E-04, HPWL 1.963967E+03, Overflow 2.374399E-01, MaxDensity 4.195E+00, MacroOverlap 7.424E+00, MacroOverlapWeight 8.000000E-06, gamma 1.351180E-01, time 3.001ms
[INFO   ] DREAMPlace - full step 12.424 ms
[DEBUG  ] dreamplace.ops.weighted_average_wirelength.weighted_average_wirelength - wirelength forward 0.064 ms
[DEBUG  ] dreamplace.ops.electric_potential.electric_potential - density forward 0.983 ms
[DEBUG  ] dreamplace.ops.electric_potential.electric_potential - density backward 0.265 ms
[DEBUG  ] dreamplace.ops.weighted_average_wirelength.weighted_average_wirelength - wirelength backward 0.070 ms
[INFO   ] DREAMPlace - optimizer step 7.600 ms
[INFO   ] DREAMPlace - iteration  338, (  16,  9,  0), Obj 2.071352E+03, NetCrossing 8.346E+00, NetCrossingWeight 1.000000E+00, DensityWeight 3.496376E-04, HPWL 2.022806E+03, Overflow 2.381241E-01, MaxDensity 4.360E+00, MacroOverlap 8.722E+00, MacroOverlapWeight 8.000000E-06, gamma 1.351180E-01, time 2.905ms
[INFO   ] DREAMPlace - full step 10.956 ms
[DEBUG  ] dreamplace.ops.weighted_average_wirelength.weighted_average_wirelength - wirelength forward 0.064 ms
[DEBUG  ] dreamplace.ops.electric_potential.electric_potential - density forward 0.931 ms
[DEBUG  ] dreamplace.ops.electric_potential.electric_potential - density backward 0.325 ms
[DEBUG  ] dreamplace.ops.weighted_average_wirelength.weighted_average_wirelength - wirelength backward 0.091 ms
[INFO   ] DREAMPlace - optimizer step 8.114 ms
[INFO   ] DREAMPlace - iteration  339, (  16,  9,  1), Obj 2.082445E+03, NetCrossing 1.558E+01, NetCrossingWeight 1.000000E+00, DensityWeight 3.496376E-04, HPWL 2.027986E+03, Overflow 2.482276E-01, MaxDensity 4.117E+00, MacroOverlap 9.126E+00, MacroOverlapWeight 8.000000E-06, gamma 1.351180E-01, time 2.955ms
[INFO   ] DREAMPlace - full step 11.519 ms
[INFO   ] DREAMPlace - Lsub stopping criteria: 1 and 2082.45 > 2071.35 * 0.999
[DEBUG  ] dreamplace.ops.weighted_average_wirelength.weighted_average_wirelength - wirelength forward 0.058 ms
[DEBUG  ] dreamplace.ops.electric_potential.electric_potential - density forward 0.956 ms
[DEBUG  ] dreamplace.ops.electric_potential.electric_potential - density backward 0.329 ms
[DEBUG  ] dreamplace.ops.weighted_average_wirelength.weighted_average_wirelength - wirelength backward 0.101 ms
[INFO   ] DREAMPlace - optimizer step 8.560 ms
[INFO   ] DREAMPlace - iteration  340, (  17,  0,  0), Obj 2.046321E+03, NetCrossing 8.575E+00, NetCrossingWeight 1.000000E+00, DensityWeight 3.645958E-04, HPWL 1.997216E+03, Overflow 2.366311E-01, MaxDensity 4.493E+00, MacroOverlap 8.890E+00, MacroOverlapWeight 8.000000E-06, gamma 1.514801E-01, time 2.847ms
[INFO   ] DREAMPlace - full step 11.849 ms
[DEBUG  ] dreamplace.ops.weighted_average_wirelength.weighted_average_wirelength - wirelength forward 0.060 ms
[DEBUG  ] dreamplace.ops.electric_potential.electric_potential - density forward 0.964 ms
[DEBUG  ] dreamplace.ops.electric_potential.electric_potential - density backward 0.358 ms
[DEBUG  ] dreamplace.ops.weighted_average_wirelength.weighted_average_wirelength - wirelength backward 0.109 ms
[INFO   ] DREAMPlace - optimizer step 8.812 ms
[INFO   ] DREAMPlace - iteration  341, (  17,  0,  1), Obj 2.209823E+03, NetCrossing 8.374E+00, NetCrossingWeight 1.000000E+00, DensityWeight 3.645958E-04, HPWL 2.161064E+03, Overflow 2.460678E-01, MaxDensity 3.471E+00, MacroOverlap 1.085E+01, MacroOverlapWeight 8.000000E-06, gamma 1.514801E-01, time 2.890ms
[INFO   ] DREAMPlace - full step 12.159 ms
[INFO   ] DREAMPlace - Lsub stopping criteria: 1 and 2209.82 > 2046.32 * 0.999
[DEBUG  ] dreamplace.ops.weighted_average_wirelength.weighted_average_wirelength - wirelength forward 0.064 ms
[DEBUG  ] dreamplace.ops.electric_potential.electric_potential - density forward 0.985 ms
[DEBUG  ] dreamplace.ops.electric_potential.electric_potential - density backward 0.327 ms
[DEBUG  ] dreamplace.ops.weighted_average_wirelength.weighted_average_wirelength - wirelength backward 0.104 ms
[INFO   ] DREAMPlace - optimizer step 8.676 ms
[INFO   ] DREAMPlace - iteration  342, (  17,  1,  0), Obj 2.232343E+03, NetCrossing 7.630E+00, NetCrossingWeight 1.000000E+00, DensityWeight 3.801916E-04, HPWL 2.186685E+03, Overflow 2.329579E-01, MaxDensity 3.483E+00, MacroOverlap 9.924E+00, MacroOverlapWeight 8.000000E-06, gamma 1.514801E-01, time 3.026ms
[INFO   ] DREAMPlace - full step 12.158 ms
[DEBUG  ] dreamplace.ops.weighted_average_wirelength.weighted_average_wirelength - wirelength forward 0.063 ms
[DEBUG  ] dreamplace.ops.electric_potential.electric_potential - density forward 0.967 ms
[DEBUG  ] dreamplace.ops.electric_potential.electric_potential - density backward 0.356 ms
[DEBUG  ] dreamplace.ops.weighted_average_wirelength.weighted_average_wirelength - wirelength backward 0.110 ms
[INFO   ] DREAMPlace - optimizer step 8.972 ms
[INFO   ] DREAMPlace - iteration  343, (  17,  1,  1), Obj 2.120899E+03, NetCrossing 1.137E+01, NetCrossingWeight 1.000000E+00, DensityWeight 3.801916E-04, HPWL 2.071201E+03, Overflow 2.361563E-01, MaxDensity 3.773E+00, MacroOverlap 1.079E+01, MacroOverlapWeight 8.000000E-06, gamma 1.514801E-01, time 3.069ms
[INFO   ] DREAMPlace - full step 12.500 ms
[DEBUG  ] dreamplace.ops.weighted_average_wirelength.weighted_average_wirelength - wirelength forward 0.064 ms
[DEBUG  ] dreamplace.ops.electric_potential.electric_potential - density forward 0.993 ms
[DEBUG  ] dreamplace.ops.electric_potential.electric_potential - density backward 0.353 ms
[DEBUG  ] dreamplace.ops.weighted_average_wirelength.weighted_average_wirelength - wirelength backward 0.117 ms
[INFO   ] DREAMPlace - optimizer step 8.998 ms
[INFO   ] DREAMPlace - iteration  344, (  17,  2,  0), Obj 2.017013E+03, NetCrossing 3.187E+00, NetCrossingWeight 1.000000E+00, DensityWeight 3.896982E-04, HPWL 1.973790E+03, Overflow 2.410346E-01, MaxDensity 3.212E+00, MacroOverlap 1.026E+01, MacroOverlapWeight 8.000000E-06, gamma 1.514801E-01, time 2.957ms
[INFO   ] DREAMPlace - full step 12.405 ms
[DEBUG  ] dreamplace.ops.weighted_average_wirelength.weighted_average_wirelength - wirelength forward 0.063 ms
[DEBUG  ] dreamplace.ops.electric_potential.electric_potential - density forward 1.001 ms
[DEBUG  ] dreamplace.ops.electric_potential.electric_potential - density backward 0.351 ms
[DEBUG  ] dreamplace.ops.weighted_average_wirelength.weighted_average_wirelength - wirelength backward 0.117 ms
[INFO   ] DREAMPlace - optimizer step 9.144 ms
[INFO   ] DREAMPlace - iteration  345, (  17,  2,  1), Obj 1.998274E+03, NetCrossing 1.208E+01, NetCrossingWeight 1.000000E+00, DensityWeight 3.896982E-04, HPWL 1.947390E+03, Overflow 2.354426E-01, MaxDensity 3.632E+00, MacroOverlap 8.785E+00, MacroOverlapWeight 8.000000E-06, gamma 1.514801E-01, time 2.977ms
[INFO   ] DREAMPlace - full step 12.589 ms
[DEBUG  ] dreamplace.ops.weighted_average_wirelength.weighted_average_wirelength - wirelength forward 0.065 ms
[DEBUG  ] dreamplace.ops.electric_potential.electric_potential - density forward 1.000 ms
[DEBUG  ] dreamplace.ops.electric_potential.electric_potential - density backward 0.345 ms
[DEBUG  ] dreamplace.ops.weighted_average_wirelength.weighted_average_wirelength - wirelength backward 0.118 ms
[INFO   ] DREAMPlace - optimizer step 9.226 ms
[INFO   ] DREAMPlace - iteration  346, (  17,  3,  0), Obj 2.160793E+03, NetCrossing 2.497E+01, NetCrossingWeight 1.000000E+00, DensityWeight 3.994025E-04, HPWL 2.098969E+03, Overflow 2.396357E-01, MaxDensity 3.751E+00, MacroOverlap 8.898E+00, MacroOverlapWeight 8.000000E-06, gamma 1.514801E-01, time 3.020ms
[INFO   ] DREAMPlace - full step 12.723 ms
[DEBUG  ] dreamplace.ops.weighted_average_wirelength.weighted_average_wirelength - wirelength forward 0.064 ms
[DEBUG  ] dreamplace.ops.electric_potential.electric_potential - density forward 0.925 ms
[DEBUG  ] dreamplace.ops.electric_potential.electric_potential - density backward 0.282 ms
[DEBUG  ] dreamplace.ops.weighted_average_wirelength.weighted_average_wirelength - wirelength backward 0.080 ms
[INFO   ] DREAMPlace - optimizer step 7.691 ms
[INFO   ] DREAMPlace - iteration  347, (  17,  3,  1), Obj 2.056644E+03, NetCrossing 1.581E+01, NetCrossingWeight 1.000000E+00, DensityWeight 3.994025E-04, HPWL 2.006935E+03, Overflow 2.319284E-01, MaxDensity 3.930E+00, MacroOverlap 8.091E+00, MacroOverlapWeight 8.000000E-06, gamma 1.514801E-01, time 3.006ms
[INFO   ] DREAMPlace - full step 11.152 ms
[DEBUG  ] dreamplace.ops.weighted_average_wirelength.weighted_average_wirelength - wirelength forward 0.058 ms
[DEBUG  ] dreamplace.ops.electric_potential.electric_potential - density forward 0.925 ms
[DEBUG  ] dreamplace.ops.electric_potential.electric_potential - density backward 0.333 ms
[DEBUG  ] dreamplace.ops.weighted_average_wirelength.weighted_average_wirelength - wirelength backward 0.103 ms
[INFO   ] DREAMPlace - optimizer step 8.440 ms
[INFO   ] DREAMPlace - iteration  348, (  17,  4,  0), Obj 2.225094E+03, NetCrossing 2.042E+01, NetCrossingWeight 1.000000E+00, DensityWeight 4.164899E-04, HPWL 2.167739E+03, Overflow 2.339457E-01, MaxDensity 4.182E+00, MacroOverlap 1.109E+01, MacroOverlapWeight 8.000000E-06, gamma 1.514801E-01, time 2.837ms
[INFO   ] DREAMPlace - full step 11.700 ms
[DEBUG  ] dreamplace.ops.weighted_average_wirelength.weighted_average_wirelength - wirelength forward 0.058 ms
[DEBUG  ] dreamplace.ops.electric_potential.electric_potential - density forward 0.950 ms
[DEBUG  ] dreamplace.ops.electric_potential.electric_potential - density backward 0.346 ms
[DEBUG  ] dreamplace.ops.weighted_average_wirelength.weighted_average_wirelength - wirelength backward 0.110 ms
[INFO   ] DREAMPlace - optimizer step 8.769 ms
[INFO   ] DREAMPlace - iteration  349, (  17,  4,  1), Obj 2.060578E+03, NetCrossing 1.245E+01, NetCrossingWeight 1.000000E+00, DensityWeight 4.164899E-04, HPWL 2.010612E+03, Overflow 2.332294E-01, MaxDensity 4.579E+00, MacroOverlap 1.109E+01, MacroOverlapWeight 8.000000E-06, gamma 1.514801E-01, time 2.840ms
[INFO   ] DREAMPlace - full step 12.052 ms
[DEBUG  ] dreamplace.ops.weighted_average_wirelength.weighted_average_wirelength - wirelength forward 0.062 ms
[DEBUG  ] dreamplace.ops.electric_potential.electric_potential - density forward 0.975 ms
[DEBUG  ] dreamplace.ops.electric_potential.electric_potential - density backward 0.331 ms
[DEBUG  ] dreamplace.ops.weighted_average_wirelength.weighted_average_wirelength - wirelength backward 0.102 ms
[INFO   ] DREAMPlace - optimizer step 8.593 ms
[INFO   ] DREAMPlace - iteration  350, (  17,  5,  0), Obj 2.045103E+03, NetCrossing 1.490E+01, NetCrossingWeight 1.000000E+00, DensityWeight 4.343105E-04, HPWL 1.994727E+03, Overflow 2.340268E-01, MaxDensity 4.447E+00, MacroOverlap 8.672E+00, MacroOverlapWeight 8.000000E-06, gamma 1.514801E-01, time 2.897ms
[INFO   ] DREAMPlace - full step 11.947 ms
[DEBUG  ] dreamplace.ops.weighted_average_wirelength.weighted_average_wirelength - wirelength forward 0.061 ms
[DEBUG  ] dreamplace.ops.electric_potential.electric_potential - density forward 1.112 ms
[DEBUG  ] dreamplace.ops.electric_potential.electric_potential - density backward 0.344 ms
[DEBUG  ] dreamplace.ops.weighted_average_wirelength.weighted_average_wirelength - wirelength backward 0.110 ms
[INFO   ] DREAMPlace - optimizer step 9.007 ms
[INFO   ] DREAMPlace - iteration  351, (  17,  5,  1), Obj 1.869157E+03, NetCrossing 1.135E+01, NetCrossingWeight 1.000000E+00, DensityWeight 4.343105E-04, HPWL 1.817145E+03, Overflow 2.366854E-01, MaxDensity 4.238E+00, MacroOverlap 9.661E+00, MacroOverlapWeight 8.000000E-06, gamma 1.514801E-01, time 3.001ms
[INFO   ] DREAMPlace - full step 12.487 ms
[DEBUG  ] dreamplace.ops.weighted_average_wirelength.weighted_average_wirelength - wirelength forward 0.062 ms
[DEBUG  ] dreamplace.ops.electric_potential.electric_potential - density forward 0.987 ms
[DEBUG  ] dreamplace.ops.electric_potential.electric_potential - density backward 0.311 ms
[DEBUG  ] dreamplace.ops.weighted_average_wirelength.weighted_average_wirelength - wirelength backward 0.102 ms
[INFO   ] DREAMPlace - optimizer step 8.657 ms
[INFO   ] DREAMPlace - iteration  352, (  17,  6,  0), Obj 2.034509E+03, NetCrossing 9.528E+00, NetCrossingWeight 1.000000E+00, DensityWeight 4.449922E-04, HPWL 1.989043E+03, Overflow 2.218103E-01, MaxDensity 4.609E+00, MacroOverlap 6.835E+00, MacroOverlapWeight 8.000000E-06, gamma 1.514801E-01, time 2.918ms
[INFO   ] DREAMPlace - full step 12.033 ms
[DEBUG  ] dreamplace.ops.weighted_average_wirelength.weighted_average_wirelength - wirelength forward 0.062 ms
[DEBUG  ] dreamplace.ops.electric_potential.electric_potential - density forward 1.058 ms
[DEBUG  ] dreamplace.ops.electric_potential.electric_potential - density backward 0.346 ms
[DEBUG  ] dreamplace.ops.weighted_average_wirelength.weighted_average_wirelength - wirelength backward 0.109 ms
[INFO   ] DREAMPlace - optimizer step 8.959 ms
[INFO   ] DREAMPlace - iteration  353, (  17,  6,  1), Obj 1.948536E+03, NetCrossing 1.260E+01, NetCrossingWeight 1.000000E+00, DensityWeight 4.449922E-04, HPWL 1.894915E+03, Overflow 2.390153E-01, MaxDensity 4.550E+00, MacroOverlap 1.008E+01, MacroOverlapWeight 8.000000E-06, gamma 1.514801E-01, time 2.995ms
[INFO   ] DREAMPlace - full step 12.413 ms
[DEBUG  ] dreamplace.ops.weighted_average_wirelength.weighted_average_wirelength - wirelength forward 0.063 ms
[DEBUG  ] dreamplace.ops.electric_potential.electric_potential - density forward 1.070 ms
[DEBUG  ] dreamplace.ops.electric_potential.electric_potential - density backward 0.396 ms
[DEBUG  ] dreamplace.ops.weighted_average_wirelength.weighted_average_wirelength - wirelength backward 0.126 ms
[INFO   ] DREAMPlace - optimizer step 9.419 ms
[INFO   ] DREAMPlace - iteration  354, (  17,  7,  0), Obj 1.892626E+03, NetCrossing 8.190E+00, NetCrossingWeight 1.000000E+00, DensityWeight 4.640293E-04, HPWL 1.847489E+03, Overflow 2.315570E-01, MaxDensity 4.729E+00, MacroOverlap 7.077E+00, MacroOverlapWeight 8.000000E-06, gamma 1.514801E-01, time 2.974ms
[INFO   ] DREAMPlace - full step 12.846 ms
[DEBUG  ] dreamplace.ops.weighted_average_wirelength.weighted_average_wirelength - wirelength forward 0.065 ms
[DEBUG  ] dreamplace.ops.electric_potential.electric_potential - density forward 1.224 ms
[DEBUG  ] dreamplace.ops.electric_potential.electric_potential - density backward 0.392 ms
[DEBUG  ] dreamplace.ops.weighted_average_wirelength.weighted_average_wirelength - wirelength backward 0.127 ms
[INFO   ] DREAMPlace - optimizer step 9.856 ms
[INFO   ] DREAMPlace - iteration  355, (  17,  7,  1), Obj 1.781799E+03, NetCrossing 8.918E+00, NetCrossingWeight 1.000000E+00, DensityWeight 4.640293E-04, HPWL 1.734554E+03, Overflow 2.369137E-01, MaxDensity 5.325E+00, MacroOverlap 8.311E+00, MacroOverlapWeight 8.000000E-06, gamma 1.514801E-01, time 3.165ms
[INFO   ] DREAMPlace - full step 13.495 ms
[DEBUG  ] dreamplace.ops.weighted_average_wirelength.weighted_average_wirelength - wirelength forward 0.067 ms
[DEBUG  ] dreamplace.ops.electric_potential.electric_potential - density forward 1.232 ms
[DEBUG  ] dreamplace.ops.electric_potential.electric_potential - density backward 0.398 ms
[DEBUG  ] dreamplace.ops.weighted_average_wirelength.weighted_average_wirelength - wirelength backward 0.079 ms
[INFO   ] DREAMPlace - optimizer step 9.589 ms
[INFO   ] DREAMPlace - iteration  356, (  17,  8,  0), Obj 1.829297E+03, NetCrossing 9.682E+00, NetCrossingWeight 1.000000E+00, DensityWeight 4.753468E-04, HPWL 1.785347E+03, Overflow 2.347407E-01, MaxDensity 3.901E+00, MacroOverlap 6.308E+00, MacroOverlapWeight 8.000000E-06, gamma 1.514801E-01, time 3.218ms
[INFO   ] DREAMPlace - full step 13.276 ms
[DEBUG  ] dreamplace.ops.weighted_average_wirelength.weighted_average_wirelength - wirelength forward 0.060 ms
[DEBUG  ] dreamplace.ops.electric_potential.electric_potential - density forward 1.033 ms
[DEBUG  ] dreamplace.ops.electric_potential.electric_potential - density backward 0.301 ms
[DEBUG  ] dreamplace.ops.weighted_average_wirelength.weighted_average_wirelength - wirelength backward 0.079 ms
[INFO   ] DREAMPlace - optimizer step 7.802 ms
[INFO   ] DREAMPlace - iteration  357, (  17,  8,  1), Obj 1.828048E+03, NetCrossing 6.661E+00, NetCrossingWeight 1.000000E+00, DensityWeight 4.753468E-04, HPWL 1.785108E+03, Overflow 2.371744E-01, MaxDensity 4.637E+00, MacroOverlap 7.721E+00, MacroOverlapWeight 8.000000E-06, gamma 1.514801E-01, time 3.101ms
[INFO   ] DREAMPlace - full step 11.364 ms
[INFO   ] DREAMPlace - Lsub stopping criteria: 1 and 1828.05 > 1829.3 * 0.999
[DEBUG  ] dreamplace.ops.weighted_average_wirelength.weighted_average_wirelength - wirelength forward 0.058 ms
[DEBUG  ] dreamplace.ops.electric_potential.electric_potential - density forward 0.935 ms
[DEBUG  ] dreamplace.ops.electric_potential.electric_potential - density backward 0.331 ms
[DEBUG  ] dreamplace.ops.weighted_average_wirelength.weighted_average_wirelength - wirelength backward 0.103 ms
[INFO   ] DREAMPlace - optimizer step 8.439 ms
[INFO   ] DREAMPlace - iteration  358, (  17,  9,  0), Obj 1.839634E+03, NetCrossing 1.304E+01, NetCrossingWeight 1.000000E+00, DensityWeight 4.956837E-04, HPWL 1.789914E+03, Overflow 2.385898E-01, MaxDensity 4.591E+00, MacroOverlap 9.480E+00, MacroOverlapWeight 8.000000E-06, gamma 1.514801E-01, time 2.882ms
[INFO   ] DREAMPlace - full step 11.748 ms
[DEBUG  ] dreamplace.ops.weighted_average_wirelength.weighted_average_wirelength - wirelength forward 0.061 ms
[DEBUG  ] dreamplace.ops.electric_potential.electric_potential - density forward 0.957 ms
[DEBUG  ] dreamplace.ops.electric_potential.electric_potential - density backward 0.352 ms
[DEBUG  ] dreamplace.ops.weighted_average_wirelength.weighted_average_wirelength - wirelength backward 0.101 ms
[INFO   ] DREAMPlace - optimizer step 8.693 ms
[INFO   ] DREAMPlace - iteration  359, (  17,  9,  1), Obj 1.862958E+03, NetCrossing 2.061E+01, NetCrossingWeight 1.000000E+00, DensityWeight 4.956837E-04, HPWL 1.805336E+03, Overflow 2.462533E-01, MaxDensity 3.664E+00, MacroOverlap 8.715E+00, MacroOverlapWeight 8.000000E-06, gamma 1.514801E-01, time 2.891ms
[INFO   ] DREAMPlace - full step 12.028 ms
[INFO   ] DREAMPlace - Lsub stopping criteria: 1 and 1862.96 > 1839.63 * 0.999
[DEBUG  ] dreamplace.ops.weighted_average_wirelength.weighted_average_wirelength - wirelength forward 0.063 ms
[DEBUG  ] dreamplace.ops.electric_potential.electric_potential - density forward 1.455 ms
[DEBUG  ] dreamplace.ops.electric_potential.electric_potential - density backward 0.359 ms
[DEBUG  ] dreamplace.ops.weighted_average_wirelength.weighted_average_wirelength - wirelength backward 0.117 ms
[INFO   ] DREAMPlace - optimizer step 9.282 ms
[INFO   ] DREAMPlace - iteration  360, (  18,  0,  0), Obj 1.792522E+03, NetCrossing 1.311E+01, NetCrossingWeight 1.000000E+00, DensityWeight 5.168921E-04, HPWL 1.740831E+03, Overflow 2.416022E-01, MaxDensity 4.132E+00, MacroOverlap 7.497E+00, MacroOverlapWeight 8.000000E-06, gamma 1.499576E-01, time 2.931ms
[INFO   ] DREAMPlace - full step 12.658 ms
[DEBUG  ] dreamplace.ops.weighted_average_wirelength.weighted_average_wirelength - wirelength forward 0.063 ms
[DEBUG  ] dreamplace.ops.electric_potential.electric_potential - density forward 0.984 ms
[DEBUG  ] dreamplace.ops.electric_potential.electric_potential - density backward 0.388 ms
[DEBUG  ] dreamplace.ops.weighted_average_wirelength.weighted_average_wirelength - wirelength backward 0.126 ms
[INFO   ] DREAMPlace - optimizer step 9.380 ms
[INFO   ] DREAMPlace - iteration  361, (  18,  0,  1), Obj 1.737807E+03, NetCrossing 1.762E+01, NetCrossingWeight 1.000000E+00, DensityWeight 5.168921E-04, HPWL 1.681995E+03, Overflow 2.401707E-01, MaxDensity 4.493E+00, MacroOverlap 6.527E+00, MacroOverlapWeight 8.000000E-06, gamma 1.499576E-01, time 3.446ms
[INFO   ] DREAMPlace - full step 13.288 ms
[DEBUG  ] dreamplace.ops.weighted_average_wirelength.weighted_average_wirelength - wirelength forward 0.065 ms
[DEBUG  ] dreamplace.ops.electric_potential.electric_potential - density forward 1.005 ms
[DEBUG  ] dreamplace.ops.electric_potential.electric_potential - density backward 0.396 ms
[DEBUG  ] dreamplace.ops.weighted_average_wirelength.weighted_average_wirelength - wirelength backward 0.079 ms
[INFO   ] DREAMPlace - optimizer step 9.420 ms
[INFO   ] DREAMPlace - iteration  362, (  18,  1,  0), Obj 1.810054E+03, NetCrossing 1.009E+01, NetCrossingWeight 1.000000E+00, DensityWeight 5.293401E-04, HPWL 1.758664E+03, Overflow 2.403230E-01, MaxDensity 4.593E+00, MacroOverlap 9.081E+00, MacroOverlapWeight 8.000000E-06, gamma 1.499576E-01, time 2.992ms
[INFO   ] DREAMPlace - full step 12.872 ms
[DEBUG  ] dreamplace.ops.weighted_average_wirelength.weighted_average_wirelength - wirelength forward 0.064 ms
[DEBUG  ] dreamplace.ops.electric_potential.electric_potential - density forward 0.989 ms
[DEBUG  ] dreamplace.ops.electric_potential.electric_potential - density backward 0.294 ms
[DEBUG  ] dreamplace.ops.weighted_average_wirelength.weighted_average_wirelength - wirelength backward 0.075 ms
[INFO   ] DREAMPlace - optimizer step 7.790 ms
[INFO   ] DREAMPlace - iteration  363, (  18,  1,  1), Obj 1.889853E+03, NetCrossing 1.895E+01, NetCrossingWeight 1.000000E+00, DensityWeight 5.293401E-04, HPWL 1.824626E+03, Overflow 2.378558E-01, MaxDensity 5.819E+00, MacroOverlap 7.674E+00, MacroOverlapWeight 8.000000E-06, gamma 1.499576E-01, time 3.022ms
[INFO   ] DREAMPlace - full step 11.284 ms
[INFO   ] DREAMPlace - Lsub stopping criteria: 1 and 1889.85 > 1810.05 * 0.999
[DEBUG  ] dreamplace.ops.weighted_average_wirelength.weighted_average_wirelength - wirelength forward 0.070 ms
[DEBUG  ] dreamplace.ops.electric_potential.electric_potential - density forward 0.930 ms
[DEBUG  ] dreamplace.ops.electric_potential.electric_potential - density backward 0.335 ms
[DEBUG  ] dreamplace.ops.weighted_average_wirelength.weighted_average_wirelength - wirelength backward 0.098 ms
[INFO   ] DREAMPlace - optimizer step 8.296 ms
[INFO   ] DREAMPlace - iteration  364, (  18,  2,  0), Obj 1.745718E+03, NetCrossing 1.834E+01, NetCrossingWeight 1.000000E+00, DensityWeight 5.519824E-04, HPWL 1.685431E+03, Overflow 2.330850E-01, MaxDensity 4.413E+00, MacroOverlap 7.002E+00, MacroOverlapWeight 8.000000E-06, gamma 1.499576E-01, time 2.942ms
[INFO   ] DREAMPlace - full step 11.677 ms
[DEBUG  ] dreamplace.ops.weighted_average_wirelength.weighted_average_wirelength - wirelength forward 0.077 ms
[DEBUG  ] dreamplace.ops.electric_potential.electric_potential - density forward 1.125 ms
[DEBUG  ] dreamplace.ops.electric_potential.electric_potential - density backward 0.360 ms
[DEBUG  ] dreamplace.ops.weighted_average_wirelength.weighted_average_wirelength - wirelength backward 0.109 ms
[INFO   ] DREAMPlace - optimizer step 8.869 ms
[INFO   ] DREAMPlace - iteration  365, (  18,  2,  1), Obj 1.737536E+03, NetCrossing 1.198E+01, NetCrossingWeight 1.000000E+00, DensityWeight 5.519824E-04, HPWL 1.679129E+03, Overflow 2.297083E-01, MaxDensity 3.632E+00, MacroOverlap 6.485E+00, MacroOverlapWeight 8.000000E-06, gamma 1.499576E-01, time 2.840ms
[INFO   ] DREAMPlace - full step 12.164 ms
[DEBUG  ] dreamplace.ops.weighted_average_wirelength.weighted_average_wirelength - wirelength forward 0.063 ms
[DEBUG  ] dreamplace.ops.electric_potential.electric_potential - density forward 0.971 ms
[DEBUG  ] dreamplace.ops.electric_potential.electric_potential - density backward 0.349 ms
[DEBUG  ] dreamplace.ops.weighted_average_wirelength.weighted_average_wirelength - wirelength backward 0.120 ms
[INFO   ] DREAMPlace - optimizer step 8.620 ms
[INFO   ] DREAMPlace - iteration  366, (  18,  3,  0), Obj 1.809080E+03, NetCrossing 7.039E+00, NetCrossingWeight 1.000000E+00, DensityWeight 5.651624E-04, HPWL 1.756736E+03, Overflow 2.311930E-01, MaxDensity 3.632E+00, MacroOverlap 6.974E+00, MacroOverlapWeight 8.000000E-06, gamma 1.499576E-01, time 2.855ms
[INFO   ] DREAMPlace - full step 11.916 ms
[DEBUG  ] dreamplace.ops.weighted_average_wirelength.weighted_average_wirelength - wirelength forward 0.062 ms
[DEBUG  ] dreamplace.ops.electric_potential.electric_potential - density forward 1.091 ms
[DEBUG  ] dreamplace.ops.electric_potential.electric_potential - density backward 0.345 ms
[DEBUG  ] dreamplace.ops.weighted_average_wirelength.weighted_average_wirelength - wirelength backward 0.109 ms
[INFO   ] DREAMPlace - optimizer step 8.921 ms
[INFO   ] DREAMPlace - iteration  367, (  18,  3,  1), Obj 1.765117E+03, NetCrossing 4.598E+00, NetCrossingWeight 1.000000E+00, DensityWeight 5.651624E-04, HPWL 1.712597E+03, Overflow 2.322412E-01, MaxDensity 4.781E+00, MacroOverlap 6.676E+00, MacroOverlapWeight 8.000000E-06, gamma 1.499576E-01, time 2.935ms
[INFO   ] DREAMPlace - full step 12.314 ms
[DEBUG  ] dreamplace.ops.weighted_average_wirelength.weighted_average_wirelength - wirelength forward 0.064 ms
[DEBUG  ] dreamplace.ops.electric_potential.electric_potential - density forward 1.076 ms
[DEBUG  ] dreamplace.ops.electric_potential.electric_potential - density backward 0.385 ms
[DEBUG  ] dreamplace.ops.weighted_average_wirelength.weighted_average_wirelength - wirelength backward 0.127 ms
[INFO   ] DREAMPlace - optimizer step 9.208 ms
[INFO   ] DREAMPlace - iteration  368, (  18,  4,  0), Obj 1.688060E+03, NetCrossing 1.601E+01, NetCrossingWeight 1.000000E+00, DensityWeight 5.893428E-04, HPWL 1.623238E+03, Overflow 2.311541E-01, MaxDensity 4.164E+00, MacroOverlap 6.123E+00, MacroOverlapWeight 8.000000E-06, gamma 1.499576E-01, time 2.958ms
[INFO   ] DREAMPlace - full step 12.621 ms
[DEBUG  ] dreamplace.ops.weighted_average_wirelength.weighted_average_wirelength - wirelength forward 0.064 ms
[DEBUG  ] dreamplace.ops.electric_potential.electric_potential - density forward 1.098 ms
[DEBUG  ] dreamplace.ops.electric_potential.electric_potential - density backward 0.373 ms
[DEBUG  ] dreamplace.ops.weighted_average_wirelength.weighted_average_wirelength - wirelength backward 0.117 ms
[INFO   ] DREAMPlace - optimizer step 9.432 ms
[INFO   ] DREAMPlace - iteration  369, (  18,  4,  1), Obj 1.727268E+03, NetCrossing 1.010E+01, NetCrossingWeight 1.000000E+00, DensityWeight 5.893428E-04, HPWL 1.664942E+03, Overflow 2.331640E-01, MaxDensity 3.447E+00, MacroOverlap 8.136E+00, MacroOverlapWeight 8.000000E-06, gamma 1.499576E-01, time 2.976ms
[INFO   ] DREAMPlace - full step 12.875 ms
[INFO   ] DREAMPlace - Lsub stopping criteria: 1 and 1727.27 > 1688.06 * 0.999
[DEBUG  ] dreamplace.ops.weighted_average_wirelength.weighted_average_wirelength - wirelength forward 0.065 ms
[DEBUG  ] dreamplace.ops.electric_potential.electric_potential - density forward 1.126 ms
[DEBUG  ] dreamplace.ops.electric_potential.electric_potential - density backward 0.380 ms
[DEBUG  ] dreamplace.ops.weighted_average_wirelength.weighted_average_wirelength - wirelength backward 0.124 ms
[INFO   ] DREAMPlace - optimizer step 9.620 ms
[INFO   ] DREAMPlace - iteration  370, (  18,  5,  0), Obj 1.961441E+03, NetCrossing 1.510E+01, NetCrossingWeight 1.000000E+00, DensityWeight 6.032942E-04, HPWL 1.898012E+03, Overflow 2.254369E-01, MaxDensity 4.238E+00, MacroOverlap 6.910E+00, MacroOverlapWeight 8.000000E-06, gamma 1.499576E-01, time 2.987ms
[INFO   ] DREAMPlace - full step 13.073 ms
[DEBUG  ] dreamplace.ops.weighted_average_wirelength.weighted_average_wirelength - wirelength forward 0.076 ms
[DEBUG  ] dreamplace.ops.electric_potential.electric_potential - density forward 0.952 ms
[DEBUG  ] dreamplace.ops.electric_potential.electric_potential - density backward 0.385 ms
[DEBUG  ] dreamplace.ops.weighted_average_wirelength.weighted_average_wirelength - wirelength backward 0.071 ms
[INFO   ] DREAMPlace - optimizer step 9.088 ms
[INFO   ] DREAMPlace - iteration  371, (  18,  5,  1), Obj 1.698809E+03, NetCrossing 1.303E+01, NetCrossingWeight 1.000000E+00, DensityWeight 6.032942E-04, HPWL 1.635850E+03, Overflow 2.319359E-01, MaxDensity 4.011E+00, MacroOverlap 7.843E+00, MacroOverlapWeight 8.000000E-06, gamma 1.499576E-01, time 2.992ms
[INFO   ] DREAMPlace - full step 12.547 ms
[DEBUG  ] dreamplace.ops.weighted_average_wirelength.weighted_average_wirelength - wirelength forward 0.063 ms
[DEBUG  ] dreamplace.ops.electric_potential.electric_potential - density forward 1.059 ms
[DEBUG  ] dreamplace.ops.electric_potential.electric_potential - density backward 0.252 ms
[DEBUG  ] dreamplace.ops.weighted_average_wirelength.weighted_average_wirelength - wirelength backward 0.070 ms
[INFO   ] DREAMPlace - optimizer step 7.681 ms
[INFO   ] DREAMPlace - iteration  372, (  18,  6,  0), Obj 1.902450E+03, NetCrossing 8.365E+00, NetCrossingWeight 1.000000E+00, DensityWeight 6.175141E-04, HPWL 1.844031E+03, Overflow 2.398905E-01, MaxDensity 4.006E+00, MacroOverlap 9.776E+00, MacroOverlapWeight 8.000000E-06, gamma 1.499576E-01, time 2.915ms
[INFO   ] DREAMPlace - full step 11.051 ms
[DEBUG  ] dreamplace.ops.weighted_average_wirelength.weighted_average_wirelength - wirelength forward 0.063 ms
[DEBUG  ] dreamplace.ops.electric_potential.electric_potential - density forward 0.929 ms
[DEBUG  ] dreamplace.ops.electric_potential.electric_potential - density backward 0.297 ms
[DEBUG  ] dreamplace.ops.weighted_average_wirelength.weighted_average_wirelength - wirelength backward 0.091 ms
[INFO   ] DREAMPlace - optimizer step 8.142 ms
[INFO   ] DREAMPlace - iteration  373, (  18,  6,  1), Obj 1.862711E+03, NetCrossing 5.992E+00, NetCrossingWeight 1.000000E+00, DensityWeight 6.175141E-04, HPWL 1.812084E+03, Overflow 2.240921E-01, MaxDensity 3.760E+00, MacroOverlap 6.481E+00, MacroOverlapWeight 8.000000E-06, gamma 1.499576E-01, time 2.955ms
[INFO   ] DREAMPlace - full step 11.566 ms
[DEBUG  ] dreamplace.ops.weighted_average_wirelength.weighted_average_wirelength - wirelength forward 0.075 ms
[DEBUG  ] dreamplace.ops.electric_potential.electric_potential - density forward 0.952 ms
[DEBUG  ] dreamplace.ops.electric_potential.electric_potential - density backward 0.313 ms
[DEBUG  ] dreamplace.ops.weighted_average_wirelength.weighted_average_wirelength - wirelength backward 0.101 ms
[INFO   ] DREAMPlace - optimizer step 8.562 ms
[INFO   ] DREAMPlace - iteration  374, (  18,  7,  0), Obj 1.975931E+03, NetCrossing 6.242E+00, NetCrossingWeight 1.000000E+00, DensityWeight 6.439260E-04, HPWL 1.924599E+03, Overflow 2.254825E-01, MaxDensity 3.675E+00, MacroOverlap 6.006E+00, MacroOverlapWeight 8.000000E-06, gamma 1.499576E-01, time 2.819ms
[INFO   ] DREAMPlace - full step 11.819 ms
[DEBUG  ] dreamplace.ops.weighted_average_wirelength.weighted_average_wirelength - wirelength forward 0.063 ms
[DEBUG  ] dreamplace.ops.electric_potential.electric_potential - density forward 0.966 ms
[DEBUG  ] dreamplace.ops.electric_potential.electric_potential - density backward 0.325 ms
[DEBUG  ] dreamplace.ops.weighted_average_wirelength.weighted_average_wirelength - wirelength backward 0.108 ms
[INFO   ] DREAMPlace - optimizer step 8.771 ms
[INFO   ] DREAMPlace - iteration  375, (  18,  7,  1), Obj 1.851972E+03, NetCrossing 1.008E+01, NetCrossingWeight 1.000000E+00, DensityWeight 6.439260E-04, HPWL 1.799589E+03, Overflow 2.261807E-01, MaxDensity 3.748E+00, MacroOverlap 5.993E+00, MacroOverlapWeight 8.000000E-06, gamma 1.499576E-01, time 2.883ms
[INFO   ] DREAMPlace - full step 12.114 ms
[DEBUG  ] dreamplace.ops.weighted_average_wirelength.weighted_average_wirelength - wirelength forward 0.074 ms
[DEBUG  ] dreamplace.ops.electric_potential.electric_potential - density forward 0.983 ms
[DEBUG  ] dreamplace.ops.electric_potential.electric_potential - density backward 0.330 ms
[DEBUG  ] dreamplace.ops.weighted_average_wirelength.weighted_average_wirelength - wirelength backward 0.120 ms
[INFO   ] DREAMPlace - optimizer step 8.700 ms
[INFO   ] DREAMPlace - iteration  376, (  18,  8,  0), Obj 1.854744E+03, NetCrossing 1.278E+01, NetCrossingWeight 1.000000E+00, DensityWeight 6.589718E-04, HPWL 1.800811E+03, Overflow 2.237878E-01, MaxDensity 3.754E+00, MacroOverlap 7.006E+00, MacroOverlapWeight 8.000000E-06, gamma 1.499576E-01, time 2.944ms
[INFO   ] DREAMPlace - full step 12.095 ms
[DEBUG  ] dreamplace.ops.weighted_average_wirelength.weighted_average_wirelength - wirelength forward 0.062 ms
[DEBUG  ] dreamplace.ops.electric_potential.electric_potential - density forward 0.965 ms
[DEBUG  ] dreamplace.ops.electric_potential.electric_potential - density backward 0.359 ms
[DEBUG  ] dreamplace.ops.weighted_average_wirelength.weighted_average_wirelength - wirelength backward 0.108 ms
[INFO   ] DREAMPlace - optimizer step 8.995 ms
[INFO   ] DREAMPlace - iteration  377, (  18,  8,  1), Obj 1.803142E+03, NetCrossing 1.126E+01, NetCrossingWeight 1.000000E+00, DensityWeight 6.589718E-04, HPWL 1.748807E+03, Overflow 2.214914E-01, MaxDensity 4.404E+00, MacroOverlap 6.803E+00, MacroOverlapWeight 8.000000E-06, gamma 1.499576E-01, time 3.058ms
[INFO   ] DREAMPlace - full step 12.527 ms
[DEBUG  ] dreamplace.ops.weighted_average_wirelength.weighted_average_wirelength - wirelength forward 0.063 ms
[DEBUG  ] dreamplace.ops.electric_potential.electric_potential - density forward 0.992 ms
[DEBUG  ] dreamplace.ops.electric_potential.electric_potential - density backward 0.367 ms
[DEBUG  ] dreamplace.ops.weighted_average_wirelength.weighted_average_wirelength - wirelength backward 0.118 ms
[INFO   ] DREAMPlace - optimizer step 9.028 ms
[INFO   ] DREAMPlace - iteration  378, (  18,  9,  0), Obj 1.822687E+03, NetCrossing 9.811E+00, NetCrossingWeight 1.000000E+00, DensityWeight 6.743018E-04, HPWL 1.770086E+03, Overflow 2.249500E-01, MaxDensity 4.224E+00, MacroOverlap 6.011E+00, MacroOverlapWeight 8.000000E-06, gamma 1.499576E-01, time 2.943ms
[INFO   ] DREAMPlace - full step 12.425 ms
[DEBUG  ] dreamplace.ops.weighted_average_wirelength.weighted_average_wirelength - wirelength forward 0.063 ms
[DEBUG  ] dreamplace.ops.electric_potential.electric_potential - density forward 0.991 ms
[DEBUG  ] dreamplace.ops.electric_potential.electric_potential - density backward 0.377 ms
[DEBUG  ] dreamplace.ops.weighted_average_wirelength.weighted_average_wirelength - wirelength backward 0.117 ms
[INFO   ] DREAMPlace - optimizer step 9.163 ms
[INFO   ] DREAMPlace - iteration  379, (  18,  9,  1), Obj 1.803836E+03, NetCrossing 1.311E+01, NetCrossingWeight 1.000000E+00, DensityWeight 6.743018E-04, HPWL 1.748602E+03, Overflow 2.214637E-01, MaxDensity 4.223E+00, MacroOverlap 6.192E+00, MacroOverlapWeight 8.000000E-06, gamma 1.499576E-01, time 2.975ms
[INFO   ] DREAMPlace - full step 12.604 ms
[DEBUG  ] dreamplace.ops.weighted_average_wirelength.weighted_average_wirelength - wirelength forward 0.065 ms
[DEBUG  ] dreamplace.ops.electric_potential.electric_potential - density forward 1.006 ms
[DEBUG  ] dreamplace.ops.electric_potential.electric_potential - density backward 0.384 ms
[DEBUG  ] dreamplace.ops.weighted_average_wirelength.weighted_average_wirelength - wirelength backward 0.124 ms
[INFO   ] DREAMPlace - optimizer step 9.473 ms
[INFO   ] DREAMPlace - iteration  380, (  19,  0,  0), Obj 1.781559E+03, NetCrossing 5.885E+00, NetCrossingWeight 1.000000E+00, DensityWeight 6.899195E-04, HPWL 1.735691E+03, Overflow 2.310739E-01, MaxDensity 3.709E+00, MacroOverlap 6.218E+00, MacroOverlapWeight 8.000000E-06, gamma 1.320931E-01, time 3.002ms
[INFO   ] DREAMPlace - full step 12.953 ms
[DEBUG  ] dreamplace.ops.weighted_average_wirelength.weighted_average_wirelength - wirelength forward 0.066 ms
[DEBUG  ] dreamplace.ops.electric_potential.electric_potential - density forward 1.024 ms
[DEBUG  ] dreamplace.ops.electric_potential.electric_potential - density backward 0.397 ms
[DEBUG  ] dreamplace.ops.weighted_average_wirelength.weighted_average_wirelength - wirelength backward 0.073 ms
[INFO   ] DREAMPlace - optimizer step 9.368 ms
[INFO   ] DREAMPlace - iteration  381, (  19,  0,  1), Obj 1.856977E+03, NetCrossing 1.033E+01, NetCrossingWeight 1.000000E+00, DensityWeight 6.899195E-04, HPWL 1.805433E+03, Overflow 2.303132E-01, MaxDensity 4.070E+00, MacroOverlap 7.176E+00, MacroOverlapWeight 8.000000E-06, gamma 1.320931E-01, time 3.038ms
[INFO   ] DREAMPlace - full step 12.894 ms
[INFO   ] DREAMPlace - Lsub stopping criteria: 1 and 1856.98 > 1781.56 * 0.999
[DEBUG  ] dreamplace.ops.weighted_average_wirelength.weighted_average_wirelength - wirelength forward 0.061 ms
[DEBUG  ] dreamplace.ops.electric_potential.electric_potential - density forward 0.954 ms
[DEBUG  ] dreamplace.ops.electric_potential.electric_potential - density backward 0.284 ms
[DEBUG  ] dreamplace.ops.weighted_average_wirelength.weighted_average_wirelength - wirelength backward 0.075 ms
[INFO   ] DREAMPlace - optimizer step 7.517 ms
[INFO   ] DREAMPlace - iteration  382, (  19,  1,  0), Obj 1.700460E+03, NetCrossing 8.684E+00, NetCrossingWeight 1.000000E+00, DensityWeight 7.194360E-04, HPWL 1.648544E+03, Overflow 2.251908E-01, MaxDensity 4.215E+00, MacroOverlap 5.568E+00, MacroOverlapWeight 8.000000E-06, gamma 1.320931E-01, time 2.981ms
[INFO   ] DREAMPlace - full step 10.956 ms
[DEBUG  ] dreamplace.ops.weighted_average_wirelength.weighted_average_wirelength - wirelength forward 0.059 ms
[DEBUG  ] dreamplace.ops.electric_potential.electric_potential - density forward 0.926 ms
[DEBUG  ] dreamplace.ops.electric_potential.electric_potential - density backward 0.328 ms
[DEBUG  ] dreamplace.ops.weighted_average_wirelength.weighted_average_wirelength - wirelength backward 0.096 ms
[INFO   ] DREAMPlace - optimizer step 8.280 ms
[INFO   ] DREAMPlace - iteration  383, (  19,  1,  1), Obj 1.754964E+03, NetCrossing 1.318E+01, NetCrossingWeight 1.000000E+00, DensityWeight 7.194360E-04, HPWL 1.693665E+03, Overflow 2.303880E-01, MaxDensity 4.228E+00, MacroOverlap 6.331E+00, MacroOverlapWeight 8.000000E-06, gamma 1.320931E-01, time 2.885ms
[INFO   ] DREAMPlace - full step 11.608 ms
[INFO   ] DREAMPlace - Lsub stopping criteria: 1 and 1754.96 > 1700.46 * 0.999
[DEBUG  ] dreamplace.ops.weighted_average_wirelength.weighted_average_wirelength - wirelength forward 0.059 ms
[DEBUG  ] dreamplace.ops.electric_potential.electric_potential - density forward 0.940 ms
[DEBUG  ] dreamplace.ops.electric_potential.electric_potential - density backward 0.339 ms
[DEBUG  ] dreamplace.ops.weighted_average_wirelength.weighted_average_wirelength - wirelength backward 0.102 ms
[INFO   ] DREAMPlace - optimizer step 8.420 ms
[INFO   ] DREAMPlace - iteration  384, (  19,  2,  0), Obj 1.749648E+03, NetCrossing 9.630E+00, NetCrossingWeight 1.000000E+00, DensityWeight 7.359518E-04, HPWL 1.690595E+03, Overflow 2.320502E-01, MaxDensity 4.966E+00, MacroOverlap 7.972E+00, MacroOverlapWeight 8.000000E-06, gamma 1.320931E-01, time 2.887ms
[INFO   ] DREAMPlace - full step 11.743 ms
[DEBUG  ] dreamplace.ops.weighted_average_wirelength.weighted_average_wirelength - wirelength forward 0.059 ms
[DEBUG  ] dreamplace.ops.electric_potential.electric_potential - density forward 0.954 ms
[DEBUG  ] dreamplace.ops.electric_potential.electric_potential - density backward 0.349 ms
[DEBUG  ] dreamplace.ops.weighted_average_wirelength.weighted_average_wirelength - wirelength backward 0.109 ms
[INFO   ] DREAMPlace - optimizer step 8.757 ms
[INFO   ] DREAMPlace - iteration  385, (  19,  2,  1), Obj 1.741838E+03, NetCrossing 1.189E+01, NetCrossingWeight 1.000000E+00, DensityWeight 7.359518E-04, HPWL 1.679031E+03, Overflow 2.323013E-01, MaxDensity 4.238E+00, MacroOverlap 7.120E+00, MacroOverlapWeight 8.000000E-06, gamma 1.320931E-01, time 2.906ms
[INFO   ] DREAMPlace - full step 12.111 ms
[DEBUG  ] dreamplace.ops.weighted_average_wirelength.weighted_average_wirelength - wirelength forward 0.061 ms
[DEBUG  ] dreamplace.ops.electric_potential.electric_potential - density forward 0.967 ms
[DEBUG  ] dreamplace.ops.electric_potential.electric_potential - density backward 0.336 ms
[DEBUG  ] dreamplace.ops.weighted_average_wirelength.weighted_average_wirelength - wirelength backward 0.103 ms
[INFO   ] DREAMPlace - optimizer step 8.590 ms
[INFO   ] DREAMPlace - iteration  386, (  19,  3,  0), Obj 1.828222E+03, NetCrossing 1.820E+01, NetCrossingWeight 1.000000E+00, DensityWeight 7.527713E-04, HPWL 1.762890E+03, Overflow 2.283983E-01, MaxDensity 5.236E+00, MacroOverlap 6.932E+00, MacroOverlapWeight 8.000000E-06, gamma 1.320931E-01, time 2.903ms
[INFO   ] DREAMPlace - full step 11.936 ms
[DEBUG  ] dreamplace.ops.weighted_average_wirelength.weighted_average_wirelength - wirelength forward 0.062 ms
[DEBUG  ] dreamplace.ops.electric_potential.electric_potential - density forward 0.970 ms
[DEBUG  ] dreamplace.ops.electric_potential.electric_potential - density backward 0.370 ms
[DEBUG  ] dreamplace.ops.weighted_average_wirelength.weighted_average_wirelength - wirelength backward 0.110 ms
[INFO   ] DREAMPlace - optimizer step 9.000 ms
[INFO   ] DREAMPlace - iteration  387, (  19,  3,  1), Obj 1.739106E+03, NetCrossing 1.242E+01, NetCrossingWeight 1.000000E+00, DensityWeight 7.527713E-04, HPWL 1.682560E+03, Overflow 2.230339E-01, MaxDensity 3.892E+00, MacroOverlap 7.606E+00, MacroOverlapWeight 8.000000E-06, gamma 1.320931E-01, time 2.980ms
[INFO   ] DREAMPlace - full step 12.453 ms
[DEBUG  ] dreamplace.ops.weighted_average_wirelength.weighted_average_wirelength - wirelength forward 0.063 ms
[DEBUG  ] dreamplace.ops.electric_potential.electric_potential - density forward 0.996 ms
[DEBUG  ] dreamplace.ops.electric_potential.electric_potential - density backward 0.367 ms
[DEBUG  ] dreamplace.ops.weighted_average_wirelength.weighted_average_wirelength - wirelength backward 0.115 ms
[INFO   ] DREAMPlace - optimizer step 8.998 ms
[INFO   ] DREAMPlace - iteration  388, (  19,  4,  0), Obj 1.732068E+03, NetCrossing 1.499E+01, NetCrossingWeight 1.000000E+00, DensityWeight 7.849807E-04, HPWL 1.672308E+03, Overflow 2.290360E-01, MaxDensity 4.536E+00, MacroOverlap 6.746E+00, MacroOverlapWeight 8.000000E-06, gamma 1.320931E-01, time 2.946ms
[INFO   ] DREAMPlace - full step 12.400 ms
[DEBUG  ] dreamplace.ops.weighted_average_wirelength.weighted_average_wirelength - wirelength forward 0.064 ms
[DEBUG  ] dreamplace.ops.electric_potential.electric_potential - density forward 0.989 ms
[DEBUG  ] dreamplace.ops.electric_potential.electric_potential - density backward 0.388 ms
[DEBUG  ] dreamplace.ops.weighted_average_wirelength.weighted_average_wirelength - wirelength backward 0.117 ms
[INFO   ] DREAMPlace - optimizer step 9.164 ms
[INFO   ] DREAMPlace - iteration  389, (  19,  4,  1), Obj 1.778117E+03, NetCrossing 1.303E+01, NetCrossingWeight 1.000000E+00, DensityWeight 7.849807E-04, HPWL 1.719821E+03, Overflow 2.262103E-01, MaxDensity 3.632E+00, MacroOverlap 6.862E+00, MacroOverlapWeight 8.000000E-06, gamma 1.320931E-01, time 2.980ms
[INFO   ] DREAMPlace - full step 12.610 ms
[INFO   ] DREAMPlace - Lsub stopping criteria: 1 and 1778.12 > 1732.07 * 0.999
[DEBUG  ] dreamplace.ops.weighted_average_wirelength.weighted_average_wirelength - wirelength forward 0.065 ms
[DEBUG  ] dreamplace.ops.electric_potential.electric_potential - density forward 0.994 ms
[DEBUG  ] dreamplace.ops.electric_potential.electric_potential - density backward 0.370 ms
[DEBUG  ] dreamplace.ops.weighted_average_wirelength.weighted_average_wirelength - wirelength backward 0.116 ms
[INFO   ] DREAMPlace - optimizer step 9.212 ms
[INFO   ] DREAMPlace - iteration  390, (  19,  5,  0), Obj 1.735726E+03, NetCrossing 1.011E+01, NetCrossingWeight 1.000000E+00, DensityWeight 8.185657E-04, HPWL 1.679584E+03, Overflow 2.238191E-01, MaxDensity 4.518E+00, MacroOverlap 5.696E+00, MacroOverlapWeight 8.000000E-06, gamma 1.320931E-01, time 2.993ms
[INFO   ] DREAMPlace - full step 12.682 ms
[DEBUG  ] dreamplace.ops.weighted_average_wirelength.weighted_average_wirelength - wirelength forward 0.065 ms
[DEBUG  ] dreamplace.ops.electric_potential.electric_potential - density forward 1.001 ms
[DEBUG  ] dreamplace.ops.electric_potential.electric_potential - density backward 0.303 ms
[DEBUG  ] dreamplace.ops.weighted_average_wirelength.weighted_average_wirelength - wirelength backward 0.080 ms
[INFO   ] DREAMPlace - optimizer step 7.990 ms
[INFO   ] DREAMPlace - iteration  391, (  19,  5,  1), Obj 1.786569E+03, NetCrossing 3.918E+00, NetCrossingWeight 1.000000E+00, DensityWeight 8.185657E-04, HPWL 1.734404E+03, Overflow 2.222504E-01, MaxDensity 4.820E+00, MacroOverlap 6.425E+00, MacroOverlapWeight 8.000000E-06, gamma 1.320931E-01, time 3.045ms
[INFO   ] DREAMPlace - full step 11.508 ms
[INFO   ] DREAMPlace - Lsub stopping criteria: 1 and 1786.57 > 1735.73 * 0.999
[DEBUG  ] dreamplace.ops.weighted_average_wirelength.weighted_average_wirelength - wirelength forward 0.059 ms
[DEBUG  ] dreamplace.ops.electric_potential.electric_potential - density forward 0.926 ms
[DEBUG  ] dreamplace.ops.electric_potential.electric_potential - density backward 0.334 ms
[DEBUG  ] dreamplace.ops.weighted_average_wirelength.weighted_average_wirelength - wirelength backward 0.102 ms
[INFO   ] DREAMPlace - optimizer step 8.388 ms
[INFO   ] DREAMPlace - iteration  392, (  19,  6,  0), Obj 1.683751E+03, NetCrossing 8.351E+00, NetCrossingWeight 1.000000E+00, DensityWeight 8.535894E-04, HPWL 1.621680E+03, Overflow 2.296039E-01, MaxDensity 5.265E+00, MacroOverlap 6.983E+00, MacroOverlapWeight 8.000000E-06, gamma 1.320931E-01, time 2.812ms
[INFO   ] DREAMPlace - full step 11.650 ms
[DEBUG  ] dreamplace.ops.weighted_average_wirelength.weighted_average_wirelength - wirelength forward 0.061 ms
[DEBUG  ] dreamplace.ops.electric_potential.electric_potential - density forward 0.949 ms
[DEBUG  ] dreamplace.ops.electric_potential.electric_potential - density backward 0.350 ms
[DEBUG  ] dreamplace.ops.weighted_average_wirelength.weighted_average_wirelength - wirelength backward 0.109 ms
[INFO   ] DREAMPlace - optimizer step 8.734 ms
[INFO   ] DREAMPlace - iteration  393, (  19,  6,  1), Obj 1.742012E+03, NetCrossing 1.067E+01, NetCrossingWeight 1.000000E+00, DensityWeight 8.535894E-04, HPWL 1.675166E+03, Overflow 2.220517E-01, MaxDensity 4.426E+00, MacroOverlap 5.208E+00, MacroOverlapWeight 8.000000E-06, gamma 1.320931E-01, time 2.893ms
[INFO   ] DREAMPlace - full step 12.090 ms
[INFO   ] DREAMPlace - Lsub stopping criteria: 1 and 1742.01 > 1683.75 * 0.999
[DEBUG  ] dreamplace.ops.weighted_average_wirelength.weighted_average_wirelength - wirelength forward 0.062 ms
[DEBUG  ] dreamplace.ops.electric_potential.electric_potential - density forward 0.929 ms
[DEBUG  ] dreamplace.ops.electric_potential.electric_potential - density backward 0.353 ms
[DEBUG  ] dreamplace.ops.weighted_average_wirelength.weighted_average_wirelength - wirelength backward 0.103 ms
[INFO   ] DREAMPlace - optimizer step 8.441 ms
[INFO   ] DREAMPlace - iteration  394, (  19,  7,  0), Obj 1.818247E+03, NetCrossing 8.033E+00, NetCrossingWeight 1.000000E+00, DensityWeight 8.727483E-04, HPWL 1.759515E+03, Overflow 2.194470E-01, MaxDensity 4.591E+00, MacroOverlap 6.886E+00, MacroOverlapWeight 8.000000E-06, gamma 1.320931E-01, time 2.869ms
[INFO   ] DREAMPlace - full step 11.774 ms
[DEBUG  ] dreamplace.ops.weighted_average_wirelength.weighted_average_wirelength - wirelength forward 0.059 ms
[DEBUG  ] dreamplace.ops.electric_potential.electric_potential - density forward 1.013 ms
[DEBUG  ] dreamplace.ops.electric_potential.electric_potential - density backward 0.348 ms
[DEBUG  ] dreamplace.ops.weighted_average_wirelength.weighted_average_wirelength - wirelength backward 0.109 ms
[INFO   ] DREAMPlace - optimizer step 8.856 ms
[INFO   ] DREAMPlace - iteration  395, (  19,  7,  1), Obj 1.829114E+03, NetCrossing 8.085E+00, NetCrossingWeight 1.000000E+00, DensityWeight 8.727483E-04, HPWL 1.771707E+03, Overflow 2.166692E-01, MaxDensity 5.222E+00, MacroOverlap 5.282E+00, MacroOverlapWeight 8.000000E-06, gamma 1.320931E-01, time 2.975ms
[INFO   ] DREAMPlace - full step 12.295 ms
[INFO   ] DREAMPlace - Lsub stopping criteria: 1 and 1829.11 > 1818.25 * 0.999
[DEBUG  ] dreamplace.ops.weighted_average_wirelength.weighted_average_wirelength - wirelength forward 0.062 ms
[DEBUG  ] dreamplace.ops.electric_potential.electric_potential - density forward 0.985 ms
[DEBUG  ] dreamplace.ops.electric_potential.electric_potential - density backward 0.337 ms
[DEBUG  ] dreamplace.ops.weighted_average_wirelength.weighted_average_wirelength - wirelength backward 0.104 ms
[INFO   ] DREAMPlace - optimizer step 8.651 ms
[INFO   ] DREAMPlace - iteration  396, (  19,  8,  0), Obj 1.806959E+03, NetCrossing 6.401E+00, NetCrossingWeight 1.000000E+00, DensityWeight 9.100836E-04, HPWL 1.748881E+03, Overflow 2.156253E-01, MaxDensity 4.076E+00, MacroOverlap 5.998E+00, MacroOverlapWeight 8.000000E-06, gamma 1.320931E-01, time 2.909ms
[INFO   ] DREAMPlace - full step 12.024 ms
[DEBUG  ] dreamplace.ops.weighted_average_wirelength.weighted_average_wirelength - wirelength forward 0.062 ms
[DEBUG  ] dreamplace.ops.electric_potential.electric_potential - density forward 1.059 ms
[DEBUG  ] dreamplace.ops.electric_potential.electric_potential - density backward 0.383 ms
[DEBUG  ] dreamplace.ops.weighted_average_wirelength.weighted_average_wirelength - wirelength backward 0.117 ms
[INFO   ] DREAMPlace - optimizer step 9.196 ms
[INFO   ] DREAMPlace - iteration  397, (  19,  8,  1), Obj 1.836080E+03, NetCrossing 1.091E+01, NetCrossingWeight 1.000000E+00, DensityWeight 9.100836E-04, HPWL 1.771015E+03, Overflow 2.198961E-01, MaxDensity 3.659E+00, MacroOverlap 6.014E+00, MacroOverlapWeight 8.000000E-06, gamma 1.320931E-01, time 2.958ms
[INFO   ] DREAMPlace - full step 12.610 ms
[INFO   ] DREAMPlace - Lsub stopping criteria: 1 and 1836.08 > 1806.96 * 0.999
[DEBUG  ] dreamplace.ops.weighted_average_wirelength.weighted_average_wirelength - wirelength forward 0.065 ms
[DEBUG  ] dreamplace.ops.electric_potential.electric_potential - density forward 1.009 ms
[DEBUG  ] dreamplace.ops.electric_potential.electric_potential - density backward 0.376 ms
[DEBUG  ] dreamplace.ops.weighted_average_wirelength.weighted_average_wirelength - wirelength backward 0.127 ms
[INFO   ] DREAMPlace - optimizer step 9.350 ms
[INFO   ] DREAMPlace - iteration  398, (  19,  9,  0), Obj 1.786519E+03, NetCrossing 1.156E+01, NetCrossingWeight 1.000000E+00, DensityWeight 9.303244E-04, HPWL 1.727026E+03, Overflow 2.191106E-01, MaxDensity 4.238E+00, MacroOverlap 4.981E+00, MacroOverlapWeight 8.000000E-06, gamma 1.320931E-01, time 2.962ms
[INFO   ] DREAMPlace - full step 12.772 ms
[DEBUG  ] dreamplace.ops.weighted_average_wirelength.weighted_average_wirelength - wirelength forward 0.065 ms
[DEBUG  ] dreamplace.ops.electric_potential.electric_potential - density forward 1.000 ms
[DEBUG  ] dreamplace.ops.electric_potential.electric_potential - density backward 0.358 ms
[DEBUG  ] dreamplace.ops.weighted_average_wirelength.weighted_average_wirelength - wirelength backward 0.117 ms
[INFO   ] DREAMPlace - optimizer step 9.326 ms
[INFO   ] DREAMPlace - iteration  399, (  19,  9,  1), Obj 1.774773E+03, NetCrossing 1.343E+01, NetCrossingWeight 1.000000E+00, DensityWeight 9.303244E-04, HPWL 1.710387E+03, Overflow 2.265317E-01, MaxDensity 3.852E+00, MacroOverlap 6.234E+00, MacroOverlapWeight 8.000000E-06, gamma 1.320931E-01, time 3.008ms
[INFO   ] DREAMPlace - full step 12.811 ms
[INFO   ] DREAMPlace - plotting to ./results/reproduce-may20/small-8/ET095_A00/run-2_0_0/ET095_A00/plot/iter0400.png takes 0.037 seconds
[DEBUG  ] dreamplace.ops.weighted_average_wirelength.weighted_average_wirelength - wirelength forward 0.067 ms
[DEBUG  ] dreamplace.ops.electric_potential.electric_potential - density forward 0.997 ms
[DEBUG  ] dreamplace.ops.electric_potential.electric_potential - density backward 0.399 ms
[DEBUG  ] dreamplace.ops.weighted_average_wirelength.weighted_average_wirelength - wirelength backward 0.128 ms
[INFO   ] DREAMPlace - optimizer step 9.377 ms
[INFO   ] DREAMPlace - iteration  400, (  20,  0,  0), Obj 1.705636E+03, NetCrossing 1.904E+01, NetCrossingWeight 1.000000E+00, DensityWeight 9.509204E-04, HPWL 1.638488E+03, Overflow 2.183690E-01, MaxDensity 4.909E+00, MacroOverlap 4.945E+00, MacroOverlapWeight 8.000000E-06, gamma 1.355634E-01, time 2.990ms
[INFO   ] DREAMPlace - full step 50.228 ms
[DEBUG  ] dreamplace.ops.weighted_average_wirelength.weighted_average_wirelength - wirelength forward 0.061 ms
[DEBUG  ] dreamplace.ops.electric_potential.electric_potential - density forward 0.972 ms
[DEBUG  ] dreamplace.ops.electric_potential.electric_potential - density backward 0.345 ms
[DEBUG  ] dreamplace.ops.weighted_average_wirelength.weighted_average_wirelength - wirelength backward 0.111 ms
[INFO   ] DREAMPlace - optimizer step 9.115 ms
[INFO   ] DREAMPlace - iteration  401, (  20,  0,  1), Obj 1.734204E+03, NetCrossing 8.697E+00, NetCrossingWeight 1.000000E+00, DensityWeight 9.509204E-04, HPWL 1.671882E+03, Overflow 2.207555E-01, MaxDensity 4.168E+00, MacroOverlap 6.401E+00, MacroOverlapWeight 8.000000E-06, gamma 1.355634E-01, time 2.921ms
[INFO   ] DREAMPlace - full step 12.498 ms
[INFO   ] DREAMPlace - Lsub stopping criteria: 1 and 1734.2 > 1705.64 * 0.999
[DEBUG  ] dreamplace.ops.weighted_average_wirelength.weighted_average_wirelength - wirelength forward 0.065 ms
[DEBUG  ] dreamplace.ops.electric_potential.electric_potential - density forward 1.011 ms
[DEBUG  ] dreamplace.ops.electric_potential.electric_potential - density backward 0.325 ms
[DEBUG  ] dreamplace.ops.weighted_average_wirelength.weighted_average_wirelength - wirelength backward 0.110 ms
[INFO   ] DREAMPlace - optimizer step 8.939 ms
[INFO   ] DREAMPlace - iteration  402, (  20,  1,  0), Obj 1.660033E+03, NetCrossing 1.014E+01, NetCrossingWeight 1.000000E+00, DensityWeight 9.718750E-04, HPWL 1.596515E+03, Overflow 2.253924E-01, MaxDensity 3.682E+00, MacroOverlap 4.819E+00, MacroOverlapWeight 8.000000E-06, gamma 1.355634E-01, time 2.975ms
[INFO   ] DREAMPlace - full step 12.378 ms
[DEBUG  ] dreamplace.ops.weighted_average_wirelength.weighted_average_wirelength - wirelength forward 0.064 ms
[DEBUG  ] dreamplace.ops.electric_potential.electric_potential - density forward 1.125 ms
[DEBUG  ] dreamplace.ops.electric_potential.electric_potential - density backward 0.312 ms
[DEBUG  ] dreamplace.ops.weighted_average_wirelength.weighted_average_wirelength - wirelength backward 0.081 ms
[INFO   ] DREAMPlace - optimizer step 8.111 ms
[INFO   ] DREAMPlace - iteration  403, (  20,  1,  1), Obj 1.709891E+03, NetCrossing 1.189E+01, NetCrossingWeight 1.000000E+00, DensityWeight 9.718750E-04, HPWL 1.647418E+03, Overflow 2.221275E-01, MaxDensity 4.599E+00, MacroOverlap 4.830E+00, MacroOverlapWeight 8.000000E-06, gamma 1.355634E-01, time 2.967ms
[INFO   ] DREAMPlace - full step 11.562 ms
[INFO   ] DREAMPlace - Lsub stopping criteria: 1 and 1709.89 > 1660.03 * 0.999
[DEBUG  ] dreamplace.ops.weighted_average_wirelength.weighted_average_wirelength - wirelength forward 0.059 ms
[DEBUG  ] dreamplace.ops.electric_potential.electric_potential - density forward 0.949 ms
[DEBUG  ] dreamplace.ops.electric_potential.electric_potential - density backward 0.336 ms
[DEBUG  ] dreamplace.ops.weighted_average_wirelength.weighted_average_wirelength - wirelength backward 0.105 ms
[DEBUG  ] dreamplace.ops.weighted_average_wirelength.weighted_average_wirelength - wirelength forward 0.063 ms
[DEBUG  ] dreamplace.ops.electric_potential.electric_potential - density forward 0.980 ms
[DEBUG  ] dreamplace.ops.electric_potential.electric_potential - density backward 0.345 ms
[DEBUG  ] dreamplace.ops.weighted_average_wirelength.weighted_average_wirelength - wirelength backward 0.112 ms
[INFO   ] DREAMPlace - optimizer step 17.224 ms
[INFO   ] DREAMPlace - iteration  404, (  20,  2,  0), Obj 1.600302E+03, NetCrossing 1.343E+01, NetCrossingWeight 1.000000E+00, DensityWeight 9.931922E-04, HPWL 1.536395E+03, Overflow 2.211736E-01, MaxDensity 4.393E+00, MacroOverlap 4.973E+00, MacroOverlapWeight 8.000000E-06, gamma 1.355634E-01, time 2.863ms
[INFO   ] DREAMPlace - full step 20.554 ms
[DEBUG  ] dreamplace.ops.weighted_average_wirelength.weighted_average_wirelength - wirelength forward 0.061 ms
[DEBUG  ] dreamplace.ops.electric_potential.electric_potential - density forward 0.986 ms
[DEBUG  ] dreamplace.ops.electric_potential.electric_potential - density backward 0.354 ms
[DEBUG  ] dreamplace.ops.weighted_average_wirelength.weighted_average_wirelength - wirelength backward 0.112 ms
[INFO   ] DREAMPlace - optimizer step 8.904 ms
[INFO   ] DREAMPlace - iteration  405, (  20,  2,  1), Obj 1.645551E+03, NetCrossing 1.021E+01, NetCrossingWeight 1.000000E+00, DensityWeight 9.931922E-04, HPWL 1.584156E+03, Overflow 2.246219E-01, MaxDensity 4.085E+00, MacroOverlap 5.353E+00, MacroOverlapWeight 8.000000E-06, gamma 1.355634E-01, time 2.905ms
[INFO   ] DREAMPlace - full step 12.280 ms
[INFO   ] DREAMPlace - Lsub stopping criteria: 1 and 1645.55 > 1600.3 * 0.999
[DEBUG  ] dreamplace.ops.weighted_average_wirelength.weighted_average_wirelength - wirelength forward 0.065 ms
[DEBUG  ] dreamplace.ops.electric_potential.electric_potential - density forward 1.003 ms
[DEBUG  ] dreamplace.ops.electric_potential.electric_potential - density backward 0.298 ms
[DEBUG  ] dreamplace.ops.weighted_average_wirelength.weighted_average_wirelength - wirelength backward 0.105 ms
[INFO   ] DREAMPlace - optimizer step 8.329 ms
[INFO   ] DREAMPlace - iteration  406, (  20,  3,  0), Obj 1.585782E+03, NetCrossing 7.492E+00, NetCrossingWeight 1.000000E+00, DensityWeight 1.014975E-03, HPWL 1.527202E+03, Overflow 2.248256E-01, MaxDensity 4.206E+00, MacroOverlap 4.544E+00, MacroOverlapWeight 8.000000E-06, gamma 1.355634E-01, time 2.976ms
[INFO   ] DREAMPlace - full step 11.775 ms
[DEBUG  ] dreamplace.ops.weighted_average_wirelength.weighted_average_wirelength - wirelength forward 0.061 ms
[DEBUG  ] dreamplace.ops.electric_potential.electric_potential - density forward 0.951 ms
[DEBUG  ] dreamplace.ops.electric_potential.electric_potential - density backward 0.345 ms
[DEBUG  ] dreamplace.ops.weighted_average_wirelength.weighted_average_wirelength - wirelength backward 0.110 ms
[INFO   ] DREAMPlace - optimizer step 8.698 ms
[INFO   ] DREAMPlace - iteration  407, (  20,  3,  1), Obj 1.748141E+03, NetCrossing 9.060E+00, NetCrossingWeight 1.000000E+00, DensityWeight 1.014975E-03, HPWL 1.686550E+03, Overflow 2.153653E-01, MaxDensity 4.157E+00, MacroOverlap 4.255E+00, MacroOverlapWeight 8.000000E-06, gamma 1.355634E-01, time 2.987ms
[INFO   ] DREAMPlace - full step 12.170 ms
[INFO   ] DREAMPlace - Lsub stopping criteria: 1 and 1748.14 > 1585.78 * 0.999
[DEBUG  ] dreamplace.ops.weighted_average_wirelength.weighted_average_wirelength - wirelength forward 0.063 ms
[DEBUG  ] dreamplace.ops.electric_potential.electric_potential - density forward 0.979 ms
[DEBUG  ] dreamplace.ops.electric_potential.electric_potential - density backward 0.374 ms
[DEBUG  ] dreamplace.ops.weighted_average_wirelength.weighted_average_wirelength - wirelength backward 0.118 ms
[INFO   ] DREAMPlace - optimizer step 8.945 ms
[INFO   ] DREAMPlace - iteration  408, (  20,  4,  0), Obj 1.717180E+03, NetCrossing 1.024E+01, NetCrossingWeight 1.000000E+00, DensityWeight 1.058394E-03, HPWL 1.660978E+03, Overflow 2.126560E-01, MaxDensity 3.615E+00, MacroOverlap 4.010E+00, MacroOverlapWeight 8.000000E-06, gamma 1.355634E-01, time 2.942ms
[INFO   ] DREAMPlace - full step 12.362 ms
[DEBUG  ] dreamplace.ops.weighted_average_wirelength.weighted_average_wirelength - wirelength forward 0.064 ms
[DEBUG  ] dreamplace.ops.electric_potential.electric_potential - density forward 1.010 ms
[DEBUG  ] dreamplace.ops.electric_potential.electric_potential - density backward 0.366 ms
[DEBUG  ] dreamplace.ops.weighted_average_wirelength.weighted_average_wirelength - wirelength backward 0.118 ms
[INFO   ] DREAMPlace - optimizer step 9.202 ms
[INFO   ] DREAMPlace - iteration  409, (  20,  4,  1), Obj 1.725200E+03, NetCrossing 9.475E+00, NetCrossingWeight 1.000000E+00, DensityWeight 1.058394E-03, HPWL 1.667192E+03, Overflow 2.186926E-01, MaxDensity 3.870E+00, MacroOverlap 4.373E+00, MacroOverlapWeight 8.000000E-06, gamma 1.355634E-01, time 2.989ms
[INFO   ] DREAMPlace - full step 12.671 ms
[INFO   ] DREAMPlace - Lsub stopping criteria: 1 and 1725.2 > 1717.18 * 0.999
[DEBUG  ] dreamplace.ops.weighted_average_wirelength.weighted_average_wirelength - wirelength forward 0.066 ms
[DEBUG  ] dreamplace.ops.electric_potential.electric_potential - density forward 1.020 ms
[DEBUG  ] dreamplace.ops.electric_potential.electric_potential - density backward 0.375 ms
[DEBUG  ] dreamplace.ops.weighted_average_wirelength.weighted_average_wirelength - wirelength backward 0.119 ms
[INFO   ] DREAMPlace - optimizer step 9.366 ms
[INFO   ] DREAMPlace - iteration  410, (  20,  5,  0), Obj 1.684819E+03, NetCrossing 9.753E+00, NetCrossingWeight 1.000000E+00, DensityWeight 1.081607E-03, HPWL 1.630023E+03, Overflow 2.047614E-01, MaxDensity 3.478E+00, MacroOverlap 3.374E+00, MacroOverlapWeight 8.000000E-06, gamma 1.355634E-01, time 3.036ms
[INFO   ] DREAMPlace - full step 12.905 ms
[DEBUG  ] dreamplace.ops.weighted_average_wirelength.weighted_average_wirelength - wirelength forward 0.067 ms
[DEBUG  ] dreamplace.ops.electric_potential.electric_potential - density forward 1.015 ms
[DEBUG  ] dreamplace.ops.electric_potential.electric_potential - density backward 0.300 ms
[DEBUG  ] dreamplace.ops.weighted_average_wirelength.weighted_average_wirelength - wirelength backward 0.086 ms
[INFO   ] DREAMPlace - optimizer step 8.186 ms
[INFO   ] DREAMPlace - iteration  411, (  20,  5,  1), Obj 1.796081E+03, NetCrossing 1.189E+01, NetCrossingWeight 1.000000E+00, DensityWeight 1.081607E-03, HPWL 1.735414E+03, Overflow 2.171227E-01, MaxDensity 4.199E+00, MacroOverlap 4.248E+00, MacroOverlapWeight 8.000000E-06, gamma 1.355634E-01, time 3.052ms
[INFO   ] DREAMPlace - full step 11.721 ms
[INFO   ] DREAMPlace - Lsub stopping criteria: 1 and 1796.08 > 1684.82 * 0.999
[DEBUG  ] dreamplace.ops.weighted_average_wirelength.weighted_average_wirelength - wirelength forward 0.060 ms
[DEBUG  ] dreamplace.ops.electric_potential.electric_potential - density forward 0.941 ms
[DEBUG  ] dreamplace.ops.electric_potential.electric_potential - density backward 0.339 ms
[DEBUG  ] dreamplace.ops.weighted_average_wirelength.weighted_average_wirelength - wirelength backward 0.103 ms
[INFO   ] DREAMPlace - optimizer step 8.812 ms
[INFO   ] DREAMPlace - iteration  412, (  20,  6,  0), Obj 1.774912E+03, NetCrossing 1.330E+01, NetCrossingWeight 1.000000E+00, DensityWeight 1.127880E-03, HPWL 1.720891E+03, Overflow 2.097706E-01, MaxDensity 3.786E+00, MacroOverlap 3.614E+00, MacroOverlapWeight 8.000000E-06, gamma 1.355634E-01, time 2.876ms
[INFO   ] DREAMPlace - full step 12.122 ms
[DEBUG  ] dreamplace.ops.weighted_average_wirelength.weighted_average_wirelength - wirelength forward 0.059 ms
[DEBUG  ] dreamplace.ops.electric_potential.electric_potential - density forward 0.937 ms
[DEBUG  ] dreamplace.ops.electric_potential.electric_potential - density backward 0.347 ms
[DEBUG  ] dreamplace.ops.weighted_average_wirelength.weighted_average_wirelength - wirelength backward 0.104 ms
[INFO   ] DREAMPlace - optimizer step 8.517 ms
[INFO   ] DREAMPlace - iteration  413, (  20,  6,  1), Obj 1.726696E+03, NetCrossing 1.335E+01, NetCrossingWeight 1.000000E+00, DensityWeight 1.127880E-03, HPWL 1.660127E+03, Overflow 2.121763E-01, MaxDensity 4.133E+00, MacroOverlap 4.510E+00, MacroOverlapWeight 8.000000E-06, gamma 1.355634E-01, time 2.870ms
[INFO   ] DREAMPlace - full step 11.833 ms
[DEBUG  ] dreamplace.ops.weighted_average_wirelength.weighted_average_wirelength - wirelength forward 0.059 ms
[DEBUG  ] dreamplace.ops.electric_potential.electric_potential - density forward 0.963 ms
[DEBUG  ] dreamplace.ops.electric_potential.electric_potential - density backward 0.359 ms
[DEBUG  ] dreamplace.ops.weighted_average_wirelength.weighted_average_wirelength - wirelength backward 0.103 ms
[INFO   ] DREAMPlace - optimizer step 8.615 ms
[INFO   ] DREAMPlace - iteration  414, (  20,  7,  0), Obj 1.741207E+03, NetCrossing 1.378E+01, NetCrossingWeight 1.000000E+00, DensityWeight 1.152617E-03, HPWL 1.676844E+03, Overflow 2.061068E-01, MaxDensity 3.616E+00, MacroOverlap 4.491E+00, MacroOverlapWeight 8.000000E-06, gamma 1.355634E-01, time 2.884ms
[INFO   ] DREAMPlace - full step 11.960 ms
[DEBUG  ] dreamplace.ops.weighted_average_wirelength.weighted_average_wirelength - wirelength forward 0.060 ms
[DEBUG  ] dreamplace.ops.electric_potential.electric_potential - density forward 0.984 ms
[DEBUG  ] dreamplace.ops.electric_potential.electric_potential - density backward 0.370 ms
[DEBUG  ] dreamplace.ops.weighted_average_wirelength.weighted_average_wirelength - wirelength backward 0.131 ms
[INFO   ] DREAMPlace - optimizer step 8.890 ms
[INFO   ] DREAMPlace - iteration  415, (  20,  7,  1), Obj 1.726136E+03, NetCrossing 8.301E+00, NetCrossingWeight 1.000000E+00, DensityWeight 1.152617E-03, HPWL 1.668956E+03, Overflow 2.124733E-01, MaxDensity 4.133E+00, MacroOverlap 4.767E+00, MacroOverlapWeight 8.000000E-06, gamma 1.355634E-01, time 2.915ms
[INFO   ] DREAMPlace - full step 12.259 ms
[DEBUG  ] dreamplace.ops.weighted_average_wirelength.weighted_average_wirelength - wirelength forward 0.063 ms
[DEBUG  ] dreamplace.ops.electric_potential.electric_potential - density forward 0.986 ms
[DEBUG  ] dreamplace.ops.electric_potential.electric_potential - density backward 0.349 ms
[DEBUG  ] dreamplace.ops.weighted_average_wirelength.weighted_average_wirelength - wirelength backward 0.128 ms
[INFO   ] DREAMPlace - optimizer step 9.063 ms
[INFO   ] DREAMPlace - iteration  416, (  20,  8,  0), Obj 1.689117E+03, NetCrossing 6.385E+00, NetCrossingWeight 1.000000E+00, DensityWeight 1.201934E-03, HPWL 1.627708E+03, Overflow 2.194527E-01, MaxDensity 3.945E+00, MacroOverlap 4.685E+00, MacroOverlapWeight 8.000000E-06, gamma 1.355634E-01, time 2.953ms
[INFO   ] DREAMPlace - full step 12.477 ms
[DEBUG  ] dreamplace.ops.weighted_average_wirelength.weighted_average_wirelength - wirelength forward 0.064 ms
[DEBUG  ] dreamplace.ops.electric_potential.electric_potential - density forward 1.154 ms
[DEBUG  ] dreamplace.ops.electric_potential.electric_potential - density backward 0.368 ms
[DEBUG  ] dreamplace.ops.weighted_average_wirelength.weighted_average_wirelength - wirelength backward 0.119 ms
[INFO   ] DREAMPlace - optimizer step 9.573 ms
[INFO   ] DREAMPlace - iteration  417, (  20,  8,  1), Obj 1.937986E+03, NetCrossing 6.819E+00, NetCrossingWeight 1.000000E+00, DensityWeight 1.201934E-03, HPWL 1.873669E+03, Overflow 2.132812E-01, MaxDensity 3.909E+00, MacroOverlap 5.803E+00, MacroOverlapWeight 8.000000E-06, gamma 1.355634E-01, time 2.988ms
[INFO   ] DREAMPlace - full step 13.032 ms
[INFO   ] DREAMPlace - Lsub stopping criteria: 1 and 1937.99 > 1689.12 * 0.999
[DEBUG  ] dreamplace.ops.weighted_average_wirelength.weighted_average_wirelength - wirelength forward 0.067 ms
[DEBUG  ] dreamplace.ops.electric_potential.electric_potential - density forward 1.157 ms
[DEBUG  ] dreamplace.ops.electric_potential.electric_potential - density backward 0.382 ms
[DEBUG  ] dreamplace.ops.weighted_average_wirelength.weighted_average_wirelength - wirelength backward 0.126 ms
[INFO   ] DREAMPlace - optimizer step 9.756 ms
[INFO   ] DREAMPlace - iteration  418, (  20,  9,  0), Obj 2.053524E+03, NetCrossing 8.482E+00, NetCrossingWeight 1.000000E+00, DensityWeight 1.253339E-03, HPWL 1.996847E+03, Overflow 1.952678E-01, MaxDensity 3.807E+00, MacroOverlap 3.489E+00, MacroOverlapWeight 8.000000E-06, gamma 1.355634E-01, time 3.042ms
[INFO   ] DREAMPlace - full step 13.299 ms
[DEBUG  ] dreamplace.ops.weighted_average_wirelength.weighted_average_wirelength - wirelength forward 0.068 ms
[DEBUG  ] dreamplace.ops.electric_potential.electric_potential - density forward 1.143 ms
[DEBUG  ] dreamplace.ops.electric_potential.electric_potential - density backward 0.372 ms
[DEBUG  ] dreamplace.ops.weighted_average_wirelength.weighted_average_wirelength - wirelength backward 0.077 ms
[INFO   ] DREAMPlace - optimizer step 9.276 ms
[INFO   ] DREAMPlace - iteration  419, (  20,  9,  1), Obj 2.004348E+03, NetCrossing 9.903E+00, NetCrossingWeight 1.000000E+00, DensityWeight 1.253339E-03, HPWL 1.942308E+03, Overflow 1.991864E-01, MaxDensity 3.211E+00, MacroOverlap 4.625E+00, MacroOverlapWeight 8.000000E-06, gamma 1.355634E-01, time 3.107ms
[INFO   ] DREAMPlace - full step 12.840 ms
[DEBUG  ] dreamplace.ops.weighted_average_wirelength.weighted_average_wirelength - wirelength forward 0.059 ms
[DEBUG  ] dreamplace.ops.electric_potential.electric_potential - density forward 0.948 ms
[DEBUG  ] dreamplace.ops.electric_potential.electric_potential - density backward 0.284 ms
[DEBUG  ] dreamplace.ops.weighted_average_wirelength.weighted_average_wirelength - wirelength backward 0.078 ms
[INFO   ] DREAMPlace - optimizer step 7.612 ms
[INFO   ] DREAMPlace - iteration  420, (  21,  0,  0), Obj 1.968971E+03, NetCrossing 1.178E+01, NetCrossingWeight 1.000000E+00, DensityWeight 1.306959E-03, HPWL 1.903657E+03, Overflow 2.046961E-01, MaxDensity 3.648E+00, MacroOverlap 4.583E+00, MacroOverlapWeight 8.000000E-06, gamma 1.178624E-01, time 2.932ms
[INFO   ] DREAMPlace - full step 10.973 ms
[DEBUG  ] dreamplace.ops.weighted_average_wirelength.weighted_average_wirelength - wirelength forward 0.058 ms
[DEBUG  ] dreamplace.ops.electric_potential.electric_potential - density forward 0.938 ms
[DEBUG  ] dreamplace.ops.electric_potential.electric_potential - density backward 0.326 ms
[DEBUG  ] dreamplace.ops.weighted_average_wirelength.weighted_average_wirelength - wirelength backward 0.096 ms
[INFO   ] DREAMPlace - optimizer step 8.257 ms
[INFO   ] DREAMPlace - iteration  421, (  21,  0,  1), Obj 1.962629E+03, NetCrossing 7.436E+00, NetCrossingWeight 1.000000E+00, DensityWeight 1.306959E-03, HPWL 1.898171E+03, Overflow 2.041748E-01, MaxDensity 3.528E+00, MacroOverlap 3.980E+00, MacroOverlapWeight 8.000000E-06, gamma 1.178624E-01, time 2.871ms
[INFO   ] DREAMPlace - full step 11.569 ms
[DEBUG  ] dreamplace.ops.weighted_average_wirelength.weighted_average_wirelength - wirelength forward 0.059 ms
[DEBUG  ] dreamplace.ops.electric_potential.electric_potential - density forward 1.196 ms
[DEBUG  ] dreamplace.ops.electric_potential.electric_potential - density backward 0.362 ms
[DEBUG  ] dreamplace.ops.weighted_average_wirelength.weighted_average_wirelength - wirelength backward 0.118 ms
[INFO   ] DREAMPlace - optimizer step 9.959 ms
[INFO   ] DREAMPlace - iteration  422, (  21,  1,  0), Obj 1.971847E+03, NetCrossing 1.298E+01, NetCrossingWeight 1.000000E+00, DensityWeight 1.335624E-03, HPWL 1.904935E+03, Overflow 2.087184E-01, MaxDensity 3.098E+00, MacroOverlap 4.560E+00, MacroOverlapWeight 8.000000E-06, gamma 1.178624E-01, time 2.874ms
[INFO   ] DREAMPlace - full step 13.277 ms
[DEBUG  ] dreamplace.ops.weighted_average_wirelength.weighted_average_wirelength - wirelength forward 0.063 ms
[DEBUG  ] dreamplace.ops.electric_potential.electric_potential - density forward 0.991 ms
[DEBUG  ] dreamplace.ops.electric_potential.electric_potential - density backward 0.368 ms
[DEBUG  ] dreamplace.ops.weighted_average_wirelength.weighted_average_wirelength - wirelength backward 0.110 ms
[INFO   ] DREAMPlace - optimizer step 9.097 ms
[INFO   ] DREAMPlace - iteration  423, (  21,  1,  1), Obj 1.961350E+03, NetCrossing 8.729E+00, NetCrossingWeight 1.000000E+00, DensityWeight 1.335624E-03, HPWL 1.900087E+03, Overflow 1.984193E-01, MaxDensity 3.574E+00, MacroOverlap 4.672E+00, MacroOverlapWeight 8.000000E-06, gamma 1.178624E-01, time 2.936ms
[INFO   ] DREAMPlace - full step 12.499 ms
[DEBUG  ] dreamplace.ops.weighted_average_wirelength.weighted_average_wirelength - wirelength forward 0.063 ms
[DEBUG  ] dreamplace.ops.electric_potential.electric_potential - density forward 0.993 ms
[DEBUG  ] dreamplace.ops.electric_potential.electric_potential - density backward 0.403 ms
[DEBUG  ] dreamplace.ops.weighted_average_wirelength.weighted_average_wirelength - wirelength backward 0.126 ms
[INFO   ] DREAMPlace - optimizer step 9.311 ms
[INFO   ] DREAMPlace - iteration  424, (  21,  2,  0), Obj 2.008877E+03, NetCrossing 8.801E+00, NetCrossingWeight 1.000000E+00, DensityWeight 1.392772E-03, HPWL 1.949758E+03, Overflow 1.956498E-01, MaxDensity 4.161E+00, MacroOverlap 3.527E+00, MacroOverlapWeight 8.000000E-06, gamma 1.178624E-01, time 3.019ms
[INFO   ] DREAMPlace - full step 12.785 ms
[DEBUG  ] dreamplace.ops.weighted_average_wirelength.weighted_average_wirelength - wirelength forward 0.065 ms
[DEBUG  ] dreamplace.ops.electric_potential.electric_potential - density forward 1.011 ms
[DEBUG  ] dreamplace.ops.electric_potential.electric_potential - density backward 0.363 ms
[DEBUG  ] dreamplace.ops.weighted_average_wirelength.weighted_average_wirelength - wirelength backward 0.142 ms
[INFO   ] DREAMPlace - optimizer step 9.502 ms
[INFO   ] DREAMPlace - iteration  425, (  21,  2,  1), Obj 2.206371E+03, NetCrossing 5.152E+00, NetCrossingWeight 1.000000E+00, DensityWeight 1.392772E-03, HPWL 2.161161E+03, Overflow 1.908954E-01, MaxDensity 3.054E+00, MacroOverlap 3.045E+00, MacroOverlapWeight 8.000000E-06, gamma 1.178624E-01, time 3.007ms
[INFO   ] DREAMPlace - full step 13.016 ms
[INFO   ] DREAMPlace - Lsub stopping criteria: 1 and 2206.37 > 2008.88 * 0.999
[DEBUG  ] dreamplace.ops.weighted_average_wirelength.weighted_average_wirelength - wirelength forward 0.060 ms
[DEBUG  ] dreamplace.ops.electric_potential.electric_potential - density forward 0.954 ms
[DEBUG  ] dreamplace.ops.electric_potential.electric_potential - density backward 0.284 ms
[DEBUG  ] dreamplace.ops.weighted_average_wirelength.weighted_average_wirelength - wirelength backward 0.074 ms
[INFO   ] DREAMPlace - optimizer step 7.612 ms
[INFO   ] DREAMPlace - iteration  426, (  21,  3,  0), Obj 2.378274E+03, NetCrossing 1.622E+00, NetCrossingWeight 1.000000E+00, DensityWeight 1.452332E-03, HPWL 2.326667E+03, Overflow 2.015869E-01, MaxDensity 3.807E+00, MacroOverlap 5.448E+00, MacroOverlapWeight 8.000000E-06, gamma 1.178624E-01, time 3.024ms
[INFO   ] DREAMPlace - full step 11.083 ms
[DEBUG  ] dreamplace.ops.weighted_average_wirelength.weighted_average_wirelength - wirelength forward 0.061 ms
[DEBUG  ] dreamplace.ops.electric_potential.electric_potential - density forward 0.950 ms
[DEBUG  ] dreamplace.ops.electric_potential.electric_potential - density backward 0.342 ms
[DEBUG  ] dreamplace.ops.weighted_average_wirelength.weighted_average_wirelength - wirelength backward 0.097 ms
[INFO   ] DREAMPlace - optimizer step 8.382 ms
[INFO   ] DREAMPlace - iteration  427, (  21,  3,  1), Obj 2.273281E+03, NetCrossing 4.069E+00, NetCrossingWeight 1.000000E+00, DensityWeight 1.452332E-03, HPWL 2.216243E+03, Overflow 1.932891E-01, MaxDensity 3.555E+00, MacroOverlap 4.667E+00, MacroOverlapWeight 8.000000E-06, gamma 1.178624E-01, time 2.883ms
[INFO   ] DREAMPlace - full step 11.712 ms
[DEBUG  ] dreamplace.ops.weighted_average_wirelength.weighted_average_wirelength - wirelength forward 0.085 ms
[DEBUG  ] dreamplace.ops.electric_potential.electric_potential - density forward 0.954 ms
[DEBUG  ] dreamplace.ops.electric_potential.electric_potential - density backward 0.316 ms
[DEBUG  ] dreamplace.ops.weighted_average_wirelength.weighted_average_wirelength - wirelength backward 0.102 ms
[INFO   ] DREAMPlace - optimizer step 8.505 ms
[INFO   ] DREAMPlace - iteration  428, (  21,  4,  0), Obj 2.271190E+03, NetCrossing 8.020E+00, NetCrossingWeight 1.000000E+00, DensityWeight 1.514466E-03, HPWL 2.213727E+03, Overflow 1.971475E-01, MaxDensity 3.334E+00, MacroOverlap 4.671E+00, MacroOverlapWeight 8.000000E-06, gamma 1.178624E-01, time 2.825ms
[INFO   ] DREAMPlace - full step 11.766 ms
[DEBUG  ] dreamplace.ops.weighted_average_wirelength.weighted_average_wirelength - wirelength forward 0.069 ms
[DEBUG  ] dreamplace.ops.electric_potential.electric_potential - density forward 1.038 ms
[DEBUG  ] dreamplace.ops.electric_potential.electric_potential - density backward 0.370 ms
[DEBUG  ] dreamplace.ops.weighted_average_wirelength.weighted_average_wirelength - wirelength backward 0.110 ms
[INFO   ] DREAMPlace - optimizer step 8.914 ms
[INFO   ] DREAMPlace - iteration  429, (  21,  4,  1), Obj 2.180466E+03, NetCrossing 7.656E+00, NetCrossingWeight 1.000000E+00, DensityWeight 1.514466E-03, HPWL 2.118361E+03, Overflow 1.967262E-01, MaxDensity 3.247E+00, MacroOverlap 6.620E+00, MacroOverlapWeight 8.000000E-06, gamma 1.178624E-01, time 2.935ms
[INFO   ] DREAMPlace - full step 12.308 ms
[DEBUG  ] dreamplace.ops.weighted_average_wirelength.weighted_average_wirelength - wirelength forward 0.064 ms
[DEBUG  ] dreamplace.ops.electric_potential.electric_potential - density forward 0.996 ms
[DEBUG  ] dreamplace.ops.electric_potential.electric_potential - density backward 0.348 ms
[DEBUG  ] dreamplace.ops.weighted_average_wirelength.weighted_average_wirelength - wirelength backward 0.126 ms
[INFO   ] DREAMPlace - optimizer step 9.059 ms
[INFO   ] DREAMPlace - iteration  430, (  21,  5,  0), Obj 2.250522E+03, NetCrossing 4.312E+00, NetCrossingWeight 1.000000E+00, DensityWeight 1.547682E-03, HPWL 2.197142E+03, Overflow 1.891505E-01, MaxDensity 3.027E+00, MacroOverlap 4.857E+00, MacroOverlapWeight 8.000000E-06, gamma 1.178624E-01, time 2.976ms
[INFO   ] DREAMPlace - full step 12.512 ms
[DEBUG  ] dreamplace.ops.weighted_average_wirelength.weighted_average_wirelength - wirelength forward 0.064 ms
[DEBUG  ] dreamplace.ops.electric_potential.electric_potential - density forward 1.123 ms
[DEBUG  ] dreamplace.ops.electric_potential.electric_potential - density backward 0.382 ms
[DEBUG  ] dreamplace.ops.weighted_average_wirelength.weighted_average_wirelength - wirelength backward 0.116 ms
[INFO   ] DREAMPlace - optimizer step 9.525 ms
[INFO   ] DREAMPlace - iteration  431, (  21,  5,  1), Obj 2.133328E+03, NetCrossing 6.173E+00, NetCrossingWeight 1.000000E+00, DensityWeight 1.547682E-03, HPWL 2.074888E+03, Overflow 1.895197E-01, MaxDensity 3.027E+00, MacroOverlap 5.145E+00, MacroOverlapWeight 8.000000E-06, gamma 1.178624E-01, time 3.065ms
[INFO   ] DREAMPlace - full step 13.057 ms
[DEBUG  ] dreamplace.ops.weighted_average_wirelength.weighted_average_wirelength - wirelength forward 0.067 ms
[DEBUG  ] dreamplace.ops.electric_potential.electric_potential - density forward 1.044 ms
[DEBUG  ] dreamplace.ops.electric_potential.electric_potential - density backward 0.382 ms
[DEBUG  ] dreamplace.ops.weighted_average_wirelength.weighted_average_wirelength - wirelength backward 0.127 ms
[INFO   ] DREAMPlace - optimizer step 9.600 ms
[INFO   ] DREAMPlace - iteration  432, (  21,  6,  0), Obj 2.179648E+03, NetCrossing 6.140E+00, NetCrossingWeight 1.000000E+00, DensityWeight 1.581626E-03, HPWL 2.116854E+03, Overflow 1.898680E-01, MaxDensity 3.632E+00, MacroOverlap 5.335E+00, MacroOverlapWeight 8.000000E-06, gamma 1.178624E-01, time 3.038ms
[INFO   ] DREAMPlace - full step 13.123 ms
[DEBUG  ] dreamplace.ops.weighted_average_wirelength.weighted_average_wirelength - wirelength forward 0.068 ms
[DEBUG  ] dreamplace.ops.electric_potential.electric_potential - density forward 1.138 ms
[DEBUG  ] dreamplace.ops.electric_potential.electric_potential - density backward 0.392 ms
[DEBUG  ] dreamplace.ops.weighted_average_wirelength.weighted_average_wirelength - wirelength backward 0.077 ms
[INFO   ] DREAMPlace - optimizer step 9.357 ms
[INFO   ] DREAMPlace - iteration  433, (  21,  6,  1), Obj 2.369993E+03, NetCrossing 2.835E+00, NetCrossingWeight 1.000000E+00, DensityWeight 1.581626E-03, HPWL 2.307595E+03, Overflow 1.937315E-01, MaxDensity 3.632E+00, MacroOverlap 5.896E+00, MacroOverlapWeight 8.000000E-06, gamma 1.178624E-01, time 3.221ms
[INFO   ] DREAMPlace - full step 13.042 ms
[INFO   ] DREAMPlace - Lsub stopping criteria: 1 and 2369.99 > 2179.65 * 0.999
[DEBUG  ] dreamplace.ops.weighted_average_wirelength.weighted_average_wirelength - wirelength forward 0.063 ms
[DEBUG  ] dreamplace.ops.electric_potential.electric_potential - density forward 1.009 ms
[DEBUG  ] dreamplace.ops.electric_potential.electric_potential - density backward 0.315 ms
[DEBUG  ] dreamplace.ops.weighted_average_wirelength.weighted_average_wirelength - wirelength backward 0.115 ms
[INFO   ] DREAMPlace - optimizer step 7.929 ms
[INFO   ] DREAMPlace - iteration  434, (  21,  7,  0), Obj 2.340623E+03, NetCrossing 7.651E+00, NetCrossingWeight 1.000000E+00, DensityWeight 1.649266E-03, HPWL 2.281598E+03, Overflow 1.884279E-01, MaxDensity 3.204E+00, MacroOverlap 5.206E+00, MacroOverlapWeight 8.000000E-06, gamma 1.178624E-01, time 2.945ms
[INFO   ] DREAMPlace - full step 11.345 ms
[DEBUG  ] dreamplace.ops.weighted_average_wirelength.weighted_average_wirelength - wirelength forward 0.059 ms
[DEBUG  ] dreamplace.ops.electric_potential.electric_potential - density forward 3.175 ms
[DEBUG  ] dreamplace.ops.electric_potential.electric_potential - density backward 0.386 ms
[DEBUG  ] dreamplace.ops.weighted_average_wirelength.weighted_average_wirelength - wirelength backward 0.118 ms
[INFO   ] DREAMPlace - optimizer step 11.142 ms
[INFO   ] DREAMPlace - iteration  435, (  21,  7,  1), Obj 2.568696E+03, NetCrossing 1.200E+01, NetCrossingWeight 1.000000E+00, DensityWeight 1.649266E-03, HPWL 2.508074E+03, Overflow 1.792689E-01, MaxDensity 3.355E+00, MacroOverlap 3.875E+00, MacroOverlapWeight 8.000000E-06, gamma 1.178624E-01, time 2.962ms
[INFO   ] DREAMPlace - full step 14.572 ms
[INFO   ] DREAMPlace - Lsub stopping criteria: 1 and 2568.7 > 2340.62 * 0.999
[DEBUG  ] dreamplace.ops.weighted_average_wirelength.weighted_average_wirelength - wirelength forward 0.063 ms
[DEBUG  ] dreamplace.ops.electric_potential.electric_potential - density forward 1.146 ms
[DEBUG  ] dreamplace.ops.electric_potential.electric_potential - density backward 0.398 ms
[DEBUG  ] dreamplace.ops.weighted_average_wirelength.weighted_average_wirelength - wirelength backward 0.126 ms
[INFO   ] DREAMPlace - optimizer step 9.509 ms
[INFO   ] DREAMPlace - iteration  436, (  21,  8,  0), Obj 2.314471E+03, NetCrossing 9.307E+00, NetCrossingWeight 1.000000E+00, DensityWeight 1.719804E-03, HPWL 2.256639E+03, Overflow 1.798388E-01, MaxDensity 2.763E+00, MacroOverlap 3.342E+00, MacroOverlapWeight 8.000000E-06, gamma 1.178624E-01, time 5.711ms
[INFO   ] DREAMPlace - full step 15.661 ms
[DEBUG  ] dreamplace.ops.weighted_average_wirelength.weighted_average_wirelength - wirelength forward 0.058 ms
[DEBUG  ] dreamplace.ops.electric_potential.electric_potential - density forward 2.285 ms
[DEBUG  ] dreamplace.ops.electric_potential.electric_potential - density backward 0.381 ms
[DEBUG  ] dreamplace.ops.weighted_average_wirelength.weighted_average_wirelength - wirelength backward 0.081 ms
[INFO   ] DREAMPlace - optimizer step 10.354 ms
[INFO   ] DREAMPlace - iteration  437, (  21,  8,  1), Obj 2.267737E+03, NetCrossing 1.013E+01, NetCrossingWeight 1.000000E+00, DensityWeight 1.719804E-03, HPWL 2.200264E+03, Overflow 1.861187E-01, MaxDensity 3.533E+00, MacroOverlap 4.289E+00, MacroOverlapWeight 8.000000E-06, gamma 1.178624E-01, time 2.859ms
[INFO   ] DREAMPlace - full step 13.666 ms
[DEBUG  ] dreamplace.ops.weighted_average_wirelength.weighted_average_wirelength - wirelength forward 0.061 ms
[DEBUG  ] dreamplace.ops.electric_potential.electric_potential - density forward 1.151 ms
[DEBUG  ] dreamplace.ops.electric_potential.electric_potential - density backward 0.298 ms
[DEBUG  ] dreamplace.ops.weighted_average_wirelength.weighted_average_wirelength - wirelength backward 0.110 ms
[INFO   ] DREAMPlace - optimizer step 8.284 ms
[INFO   ] DREAMPlace - iteration  438, (  21,  9,  0), Obj 2.228346E+03, NetCrossing 4.244E+00, NetCrossingWeight 1.000000E+00, DensityWeight 1.757523E-03, HPWL 2.176263E+03, Overflow 1.836498E-01, MaxDensity 3.000E+00, MacroOverlap 4.585E+00, MacroOverlapWeight 8.000000E-06, gamma 1.178624E-01, time 2.990ms
[INFO   ] DREAMPlace - full step 11.723 ms
[DEBUG  ] dreamplace.ops.weighted_average_wirelength.weighted_average_wirelength - wirelength forward 0.064 ms
[DEBUG  ] dreamplace.ops.electric_potential.electric_potential - density forward 1.014 ms
[DEBUG  ] dreamplace.ops.electric_potential.electric_potential - density backward 0.391 ms
[DEBUG  ] dreamplace.ops.weighted_average_wirelength.weighted_average_wirelength - wirelength backward 0.108 ms
[INFO   ] DREAMPlace - optimizer step 8.862 ms
[INFO   ] DREAMPlace - iteration  439, (  21,  9,  1), Obj 2.514540E+03, NetCrossing 4.665E+00, NetCrossingWeight 1.000000E+00, DensityWeight 1.757523E-03, HPWL 2.464528E+03, Overflow 1.814965E-01, MaxDensity 3.027E+00, MacroOverlap 5.785E+00, MacroOverlapWeight 8.000000E-06, gamma 1.178624E-01, time 2.989ms
[INFO   ] DREAMPlace - full step 12.300 ms
[INFO   ] DREAMPlace - Lsub stopping criteria: 1 and 2514.54 > 2228.35 * 0.999
[DEBUG  ] dreamplace.ops.weighted_average_wirelength.weighted_average_wirelength - wirelength forward 0.059 ms
[DEBUG  ] dreamplace.ops.electric_potential.electric_potential - density forward 1.115 ms
[DEBUG  ] dreamplace.ops.electric_potential.electric_potential - density backward 0.408 ms
[DEBUG  ] dreamplace.ops.weighted_average_wirelength.weighted_average_wirelength - wirelength backward 0.126 ms
[INFO   ] DREAMPlace - optimizer step 9.210 ms
[INFO   ] DREAMPlace - iteration  440, (  22,  0,  0), Obj 2.437619E+03, NetCrossing 6.859E+00, NetCrossingWeight 1.000000E+00, DensityWeight 1.832680E-03, HPWL 2.386525E+03, Overflow 1.750357E-01, MaxDensity 3.161E+00, MacroOverlap 3.048E+00, MacroOverlapWeight 8.000000E-06, gamma 1.076625E-01, time 2.839ms
[INFO   ] DREAMPlace - full step 12.511 ms
[DEBUG  ] dreamplace.ops.weighted_average_wirelength.weighted_average_wirelength - wirelength forward 0.063 ms
[DEBUG  ] dreamplace.ops.electric_potential.electric_potential - density forward 1.000 ms
[DEBUG  ] dreamplace.ops.electric_potential.electric_potential - density backward 0.374 ms
[DEBUG  ] dreamplace.ops.weighted_average_wirelength.weighted_average_wirelength - wirelength backward 0.118 ms
[INFO   ] DREAMPlace - optimizer step 9.320 ms
[INFO   ] DREAMPlace - iteration  441, (  22,  0,  1), Obj 2.328326E+03, NetCrossing 1.382E+01, NetCrossingWeight 1.000000E+00, DensityWeight 1.832680E-03, HPWL 2.264073E+03, Overflow 1.911237E-01, MaxDensity 3.632E+00, MacroOverlap 3.409E+00, MacroOverlapWeight 8.000000E-06, gamma 1.076625E-01, time 3.004ms
[INFO   ] DREAMPlace - full step 12.788 ms
[DEBUG  ] dreamplace.ops.weighted_average_wirelength.weighted_average_wirelength - wirelength forward 0.063 ms
[DEBUG  ] dreamplace.ops.electric_potential.electric_potential - density forward 1.054 ms
[DEBUG  ] dreamplace.ops.electric_potential.electric_potential - density backward 0.384 ms
[DEBUG  ] dreamplace.ops.weighted_average_wirelength.weighted_average_wirelength - wirelength backward 0.118 ms
[DEBUG  ] dreamplace.ops.weighted_average_wirelength.weighted_average_wirelength - wirelength forward 0.066 ms
[DEBUG  ] dreamplace.ops.electric_potential.electric_potential - density forward 1.069 ms
[DEBUG  ] dreamplace.ops.electric_potential.electric_potential - density backward 0.308 ms
[DEBUG  ] dreamplace.ops.weighted_average_wirelength.weighted_average_wirelength - wirelength backward 0.076 ms
[INFO   ] DREAMPlace - optimizer step 17.127 ms
[INFO   ] DREAMPlace - iteration  442, (  22,  1,  0), Obj 2.470511E+03, NetCrossing 9.230E+00, NetCrossingWeight 1.000000E+00, DensityWeight 1.872874E-03, HPWL 2.408956E+03, Overflow 1.856146E-01, MaxDensity 3.948E+00, MacroOverlap 3.246E+00, MacroOverlapWeight 8.000000E-06, gamma 1.076625E-01, time 2.973ms
[INFO   ] DREAMPlace - full step 20.573 ms
[DEBUG  ] dreamplace.ops.weighted_average_wirelength.weighted_average_wirelength - wirelength forward 0.065 ms
[DEBUG  ] dreamplace.ops.electric_potential.electric_potential - density forward 1.009 ms
[DEBUG  ] dreamplace.ops.electric_potential.electric_potential - density backward 0.290 ms
[DEBUG  ] dreamplace.ops.weighted_average_wirelength.weighted_average_wirelength - wirelength backward 0.077 ms
[INFO   ] DREAMPlace - optimizer step 7.813 ms
[INFO   ] DREAMPlace - iteration  443, (  22,  1,  1), Obj 2.275882E+03, NetCrossing 1.961E+01, NetCrossingWeight 1.000000E+00, DensityWeight 1.872874E-03, HPWL 2.203095E+03, Overflow 1.836280E-01, MaxDensity 3.027E+00, MacroOverlap 2.980E+00, MacroOverlapWeight 8.000000E-06, gamma 1.076625E-01, time 3.018ms
[INFO   ] DREAMPlace - full step 11.299 ms
[DEBUG  ] dreamplace.ops.weighted_average_wirelength.weighted_average_wirelength - wirelength forward 0.058 ms
[DEBUG  ] dreamplace.ops.electric_potential.electric_potential - density forward 0.928 ms
[DEBUG  ] dreamplace.ops.electric_potential.electric_potential - density backward 0.328 ms
[DEBUG  ] dreamplace.ops.weighted_average_wirelength.weighted_average_wirelength - wirelength backward 0.092 ms
[INFO   ] DREAMPlace - optimizer step 8.100 ms
[INFO   ] DREAMPlace - iteration  444, (  22,  2,  0), Obj 2.291539E+03, NetCrossing 1.900E+01, NetCrossingWeight 1.000000E+00, DensityWeight 1.913951E-03, HPWL 2.212695E+03, Overflow 1.997294E-01, MaxDensity 3.617E+00, MacroOverlap 4.948E+00, MacroOverlapWeight 8.000000E-06, gamma 1.076625E-01, time 2.852ms
[INFO   ] DREAMPlace - full step 11.396 ms
[DEBUG  ] dreamplace.ops.weighted_average_wirelength.weighted_average_wirelength - wirelength forward 0.059 ms
[DEBUG  ] dreamplace.ops.electric_potential.electric_potential - density forward 0.932 ms
[DEBUG  ] dreamplace.ops.electric_potential.electric_potential - density backward 0.359 ms
[DEBUG  ] dreamplace.ops.weighted_average_wirelength.weighted_average_wirelength - wirelength backward 0.101 ms
[INFO   ] DREAMPlace - optimizer step 8.464 ms
[INFO   ] DREAMPlace - iteration  445, (  22,  2,  1), Obj 2.366364E+03, NetCrossing 8.709E+00, NetCrossingWeight 1.000000E+00, DensityWeight 1.913951E-03, HPWL 2.312847E+03, Overflow 1.751627E-01, MaxDensity 2.916E+00, MacroOverlap 2.611E+00, MacroOverlapWeight 8.000000E-06, gamma 1.076625E-01, time 2.931ms
[INFO   ] DREAMPlace - full step 11.848 ms
[INFO   ] DREAMPlace - Lsub stopping criteria: 1 and 2366.36 > 2291.54 * 0.999
[DEBUG  ] dreamplace.ops.weighted_average_wirelength.weighted_average_wirelength - wirelength forward 0.062 ms
[DEBUG  ] dreamplace.ops.electric_potential.electric_potential - density forward 0.958 ms
[DEBUG  ] dreamplace.ops.electric_potential.electric_potential - density backward 0.341 ms
[DEBUG  ] dreamplace.ops.weighted_average_wirelength.weighted_average_wirelength - wirelength backward 0.103 ms
[INFO   ] DREAMPlace - optimizer step 8.549 ms
[INFO   ] DREAMPlace - iteration  446, (  22,  3,  0), Obj 2.277068E+03, NetCrossing 1.337E+01, NetCrossingWeight 1.000000E+00, DensityWeight 1.995825E-03, HPWL 2.202445E+03, Overflow 1.888142E-01, MaxDensity 3.673E+00, MacroOverlap 3.445E+00, MacroOverlapWeight 8.000000E-06, gamma 1.076625E-01, time 2.946ms
[INFO   ] DREAMPlace - full step 11.952 ms
[DEBUG  ] dreamplace.ops.weighted_average_wirelength.weighted_average_wirelength - wirelength forward 0.062 ms
[DEBUG  ] dreamplace.ops.electric_potential.electric_potential - density forward 0.957 ms
[DEBUG  ] dreamplace.ops.electric_potential.electric_potential - density backward 0.380 ms
[DEBUG  ] dreamplace.ops.weighted_average_wirelength.weighted_average_wirelength - wirelength backward 0.110 ms
[INFO   ] DREAMPlace - optimizer step 8.846 ms
[INFO   ] DREAMPlace - iteration  447, (  22,  3,  1), Obj 2.208474E+03, NetCrossing 1.242E+01, NetCrossingWeight 1.000000E+00, DensityWeight 1.995825E-03, HPWL 2.139026E+03, Overflow 1.817814E-01, MaxDensity 3.408E+00, MacroOverlap 3.442E+00, MacroOverlapWeight 8.000000E-06, gamma 1.076625E-01, time 2.913ms
[INFO   ] DREAMPlace - full step 12.218 ms
[DEBUG  ] dreamplace.ops.weighted_average_wirelength.weighted_average_wirelength - wirelength forward 0.063 ms
[DEBUG  ] dreamplace.ops.electric_potential.electric_potential - density forward 0.975 ms
[DEBUG  ] dreamplace.ops.electric_potential.electric_potential - density backward 0.342 ms
[DEBUG  ] dreamplace.ops.weighted_average_wirelength.weighted_average_wirelength - wirelength backward 0.102 ms
[INFO   ] DREAMPlace - optimizer step 8.604 ms
[INFO   ] DREAMPlace - iteration  448, (  22,  4,  0), Obj 2.299896E+03, NetCrossing 4.656E+00, NetCrossingWeight 1.000000E+00, DensityWeight 2.039598E-03, HPWL 2.246022E+03, Overflow 1.716776E-01, MaxDensity 2.851E+00, MacroOverlap 3.410E+00, MacroOverlapWeight 8.000000E-06, gamma 1.076625E-01, time 2.943ms
[INFO   ] DREAMPlace - full step 12.032 ms
[DEBUG  ] dreamplace.ops.weighted_average_wirelength.weighted_average_wirelength - wirelength forward 0.063 ms
[DEBUG  ] dreamplace.ops.electric_potential.electric_potential - density forward 0.997 ms
[DEBUG  ] dreamplace.ops.electric_potential.electric_potential - density backward 0.350 ms
[DEBUG  ] dreamplace.ops.weighted_average_wirelength.weighted_average_wirelength - wirelength backward 0.117 ms
[INFO   ] DREAMPlace - optimizer step 9.117 ms
[INFO   ] DREAMPlace - iteration  449, (  22,  4,  1), Obj 2.245920E+03, NetCrossing 7.582E+00, NetCrossingWeight 1.000000E+00, DensityWeight 2.039598E-03, HPWL 2.181890E+03, Overflow 1.780353E-01, MaxDensity 3.027E+00, MacroOverlap 3.314E+00, MacroOverlapWeight 8.000000E-06, gamma 1.076625E-01, time 3.019ms
[INFO   ] DREAMPlace - full step 12.603 ms
[DEBUG  ] dreamplace.ops.weighted_average_wirelength.weighted_average_wirelength - wirelength forward 0.063 ms
[DEBUG  ] dreamplace.ops.electric_potential.electric_potential - density forward 1.193 ms
[DEBUG  ] dreamplace.ops.electric_potential.electric_potential - density backward 0.366 ms
[DEBUG  ] dreamplace.ops.weighted_average_wirelength.weighted_average_wirelength - wirelength backward 0.126 ms
[INFO   ] DREAMPlace - optimizer step 9.445 ms
[INFO   ] DREAMPlace - iteration  450, (  22,  5,  0), Obj 2.288703E+03, NetCrossing 1.161E+01, NetCrossingWeight 1.000000E+00, DensityWeight 2.126860E-03, HPWL 2.226607E+03, Overflow 1.748251E-01, MaxDensity 2.707E+00, MacroOverlap 2.332E+00, MacroOverlapWeight 8.000000E-06, gamma 1.076625E-01, time 2.943ms
[INFO   ] DREAMPlace - full step 12.844 ms
[DEBUG  ] dreamplace.ops.weighted_average_wirelength.weighted_average_wirelength - wirelength forward 0.065 ms
[DEBUG  ] dreamplace.ops.electric_potential.electric_potential - density forward 1.026 ms
[DEBUG  ] dreamplace.ops.electric_potential.electric_potential - density backward 0.370 ms
[DEBUG  ] dreamplace.ops.weighted_average_wirelength.weighted_average_wirelength - wirelength backward 0.117 ms
[INFO   ] DREAMPlace - optimizer step 9.350 ms
[INFO   ] DREAMPlace - iteration  451, (  22,  5,  1), Obj 2.216515E+03, NetCrossing 9.286E+00, NetCrossingWeight 1.000000E+00, DensityWeight 2.126860E-03, HPWL 2.152165E+03, Overflow 1.809804E-01, MaxDensity 3.402E+00, MacroOverlap 3.777E+00, MacroOverlapWeight 8.000000E-06, gamma 1.076625E-01, time 2.977ms
[INFO   ] DREAMPlace - full step 12.801 ms
[DEBUG  ] dreamplace.ops.weighted_average_wirelength.weighted_average_wirelength - wirelength forward 0.064 ms
[DEBUG  ] dreamplace.ops.electric_potential.electric_potential - density forward 1.063 ms
[DEBUG  ] dreamplace.ops.electric_potential.electric_potential - density backward 0.375 ms
[DEBUG  ] dreamplace.ops.weighted_average_wirelength.weighted_average_wirelength - wirelength backward 0.118 ms
[INFO   ] DREAMPlace - optimizer step 9.326 ms
[INFO   ] DREAMPlace - iteration  452, (  22,  6,  0), Obj 2.182821E+03, NetCrossing 6.521E+00, NetCrossingWeight 1.000000E+00, DensityWeight 2.173507E-03, HPWL 2.121655E+03, Overflow 1.821448E-01, MaxDensity 3.493E+00, MacroOverlap 3.183E+00, MacroOverlapWeight 8.000000E-06, gamma 1.076625E-01, time 3.006ms
[INFO   ] DREAMPlace - full step 12.841 ms
[DEBUG  ] dreamplace.ops.weighted_average_wirelength.weighted_average_wirelength - wirelength forward 0.065 ms
[DEBUG  ] dreamplace.ops.electric_potential.electric_potential - density forward 1.142 ms
[DEBUG  ] dreamplace.ops.electric_potential.electric_potential - density backward 0.296 ms
[DEBUG  ] dreamplace.ops.weighted_average_wirelength.weighted_average_wirelength - wirelength backward 0.077 ms
[INFO   ] DREAMPlace - optimizer step 8.050 ms
[INFO   ] DREAMPlace - iteration  453, (  22,  6,  1), Obj 2.162404E+03, NetCrossing 5.445E+00, NetCrossingWeight 1.000000E+00, DensityWeight 2.173507E-03, HPWL 2.094210E+03, Overflow 1.857339E-01, MaxDensity 3.473E+00, MacroOverlap 3.516E+00, MacroOverlapWeight 8.000000E-06, gamma 1.076625E-01, time 3.134ms
[INFO   ] DREAMPlace - full step 11.667 ms
[DEBUG  ] dreamplace.ops.weighted_average_wirelength.weighted_average_wirelength - wirelength forward 0.059 ms
[DEBUG  ] dreamplace.ops.electric_potential.electric_potential - density forward 0.932 ms
[DEBUG  ] dreamplace.ops.electric_potential.electric_potential - density backward 0.331 ms
[DEBUG  ] dreamplace.ops.weighted_average_wirelength.weighted_average_wirelength - wirelength backward 0.097 ms
[INFO   ] DREAMPlace - optimizer step 8.259 ms
[INFO   ] DREAMPlace - iteration  454, (  22,  7,  0), Obj 2.188603E+03, NetCrossing 9.984E+00, NetCrossingWeight 1.000000E+00, DensityWeight 2.221177E-03, HPWL 2.120420E+03, Overflow 1.826725E-01, MaxDensity 2.539E+00, MacroOverlap 3.474E+00, MacroOverlapWeight 8.000000E-06, gamma 1.076625E-01, time 3.079ms
[INFO   ] DREAMPlace - full step 11.800 ms
[DEBUG  ] dreamplace.ops.weighted_average_wirelength.weighted_average_wirelength - wirelength forward 0.060 ms
[DEBUG  ] dreamplace.ops.electric_potential.electric_potential - density forward 0.947 ms
[DEBUG  ] dreamplace.ops.electric_potential.electric_potential - density backward 0.371 ms
[DEBUG  ] dreamplace.ops.weighted_average_wirelength.weighted_average_wirelength - wirelength backward 0.110 ms
[INFO   ] DREAMPlace - optimizer step 8.701 ms
[INFO   ] DREAMPlace - iteration  455, (  22,  7,  1), Obj 2.060400E+03, NetCrossing 1.185E+01, NetCrossingWeight 1.000000E+00, DensityWeight 2.221177E-03, HPWL 1.990822E+03, Overflow 1.771045E-01, MaxDensity 2.979E+00, MacroOverlap 2.833E+00, MacroOverlapWeight 8.000000E-06, gamma 1.076625E-01, time 2.835ms
[INFO   ] DREAMPlace - full step 11.980 ms
[DEBUG  ] dreamplace.ops.weighted_average_wirelength.weighted_average_wirelength - wirelength forward 0.072 ms
[DEBUG  ] dreamplace.ops.electric_potential.electric_potential - density forward 1.034 ms
[DEBUG  ] dreamplace.ops.electric_potential.electric_potential - density backward 0.336 ms
[DEBUG  ] dreamplace.ops.weighted_average_wirelength.weighted_average_wirelength - wirelength backward 0.120 ms
[INFO   ] DREAMPlace - optimizer step 8.671 ms
[INFO   ] DREAMPlace - iteration  456, (  22,  8,  0), Obj 2.286095E+03, NetCrossing 7.537E+00, NetCrossingWeight 1.000000E+00, DensityWeight 2.269892E-03, HPWL 2.226882E+03, Overflow 1.827570E-01, MaxDensity 2.722E+00, MacroOverlap 3.579E+00, MacroOverlapWeight 8.000000E-06, gamma 1.076625E-01, time 2.918ms
[INFO   ] DREAMPlace - full step 12.043 ms
[DEBUG  ] dreamplace.ops.weighted_average_wirelength.weighted_average_wirelength - wirelength forward 0.062 ms
[DEBUG  ] dreamplace.ops.electric_potential.electric_potential - density forward 1.069 ms
[DEBUG  ] dreamplace.ops.electric_potential.electric_potential - density backward 0.371 ms
[DEBUG  ] dreamplace.ops.weighted_average_wirelength.weighted_average_wirelength - wirelength backward 0.118 ms
[INFO   ] DREAMPlace - optimizer step 9.200 ms
[INFO   ] DREAMPlace - iteration  457, (  22,  8,  1), Obj 2.128702E+03, NetCrossing 4.425E+00, NetCrossingWeight 1.000000E+00, DensityWeight 2.269892E-03, HPWL 2.070968E+03, Overflow 1.825261E-01, MaxDensity 3.027E+00, MacroOverlap 3.787E+00, MacroOverlapWeight 8.000000E-06, gamma 1.076625E-01, time 3.004ms
[INFO   ] DREAMPlace - full step 12.664 ms
[DEBUG  ] dreamplace.ops.weighted_average_wirelength.weighted_average_wirelength - wirelength forward 0.064 ms
[DEBUG  ] dreamplace.ops.electric_potential.electric_potential - density forward 1.020 ms
[DEBUG  ] dreamplace.ops.electric_potential.electric_potential - density backward 0.367 ms
[DEBUG  ] dreamplace.ops.weighted_average_wirelength.weighted_average_wirelength - wirelength backward 0.118 ms
[INFO   ] DREAMPlace - optimizer step 9.206 ms
[INFO   ] DREAMPlace - iteration  458, (  22,  9,  0), Obj 2.204736E+03, NetCrossing 6.794E+00, NetCrossingWeight 1.000000E+00, DensityWeight 2.367000E-03, HPWL 2.146171E+03, Overflow 1.732423E-01, MaxDensity 2.955E+00, MacroOverlap 3.498E+00, MacroOverlapWeight 8.000000E-06, gamma 1.076625E-01, time 2.946ms
[INFO   ] DREAMPlace - full step 12.611 ms
[DEBUG  ] dreamplace.ops.weighted_average_wirelength.weighted_average_wirelength - wirelength forward 0.066 ms
[DEBUG  ] dreamplace.ops.electric_potential.electric_potential - density forward 1.001 ms
[DEBUG  ] dreamplace.ops.electric_potential.electric_potential - density backward 0.345 ms
[DEBUG  ] dreamplace.ops.weighted_average_wirelength.weighted_average_wirelength - wirelength backward 0.116 ms
[INFO   ] DREAMPlace - optimizer step 9.296 ms
[INFO   ] DREAMPlace - iteration  459, (  22,  9,  1), Obj 2.323577E+03, NetCrossing 1.468E+01, NetCrossingWeight 1.000000E+00, DensityWeight 2.367000E-03, HPWL 2.261279E+03, Overflow 1.669895E-01, MaxDensity 3.153E+00, MacroOverlap 2.447E+00, MacroOverlapWeight 8.000000E-06, gamma 1.076625E-01, time 3.030ms
[INFO   ] DREAMPlace - full step 12.823 ms
[INFO   ] DREAMPlace - Lsub stopping criteria: 1 and 2323.58 > 2204.74 * 0.999
[DEBUG  ] dreamplace.ops.weighted_average_wirelength.weighted_average_wirelength - wirelength forward 0.066 ms
[DEBUG  ] dreamplace.ops.electric_potential.electric_potential - density forward 1.005 ms
[DEBUG  ] dreamplace.ops.electric_potential.electric_potential - density backward 0.368 ms
[DEBUG  ] dreamplace.ops.weighted_average_wirelength.weighted_average_wirelength - wirelength backward 0.134 ms
[INFO   ] DREAMPlace - optimizer step 9.249 ms
[INFO   ] DREAMPlace - iteration  460, (  23,  0,  0), Obj 2.178467E+03, NetCrossing 8.115E+00, NetCrossingWeight 1.000000E+00, DensityWeight 2.468236E-03, HPWL 2.120601E+03, Overflow 1.676168E-01, MaxDensity 3.573E+00, MacroOverlap 3.024E+00, MacroOverlapWeight 8.000000E-06, gamma 9.996010E-02, time 3.013ms
[INFO   ] DREAMPlace - full step 12.728 ms
[DEBUG  ] dreamplace.ops.weighted_average_wirelength.weighted_average_wirelength - wirelength forward 0.058 ms
[DEBUG  ] dreamplace.ops.electric_potential.electric_potential - density forward 0.932 ms
[DEBUG  ] dreamplace.ops.electric_potential.electric_potential - density backward 0.316 ms
[DEBUG  ] dreamplace.ops.weighted_average_wirelength.weighted_average_wirelength - wirelength backward 0.080 ms
[INFO   ] DREAMPlace - optimizer step 7.719 ms
[INFO   ] DREAMPlace - iteration  461, (  23,  0,  1), Obj 2.015551E+03, NetCrossing 6.272E+00, NetCrossingWeight 1.000000E+00, DensityWeight 2.468236E-03, HPWL 1.947540E+03, Overflow 1.824443E-01, MaxDensity 3.608E+00, MacroOverlap 3.605E+00, MacroOverlapWeight 8.000000E-06, gamma 9.996010E-02, time 3.032ms
[INFO   ] DREAMPlace - full step 11.207 ms
[DEBUG  ] dreamplace.ops.weighted_average_wirelength.weighted_average_wirelength - wirelength forward 0.067 ms
[DEBUG  ] dreamplace.ops.electric_potential.electric_potential - density forward 1.025 ms
[DEBUG  ] dreamplace.ops.electric_potential.electric_potential - density backward 0.330 ms
[DEBUG  ] dreamplace.ops.weighted_average_wirelength.weighted_average_wirelength - wirelength backward 0.098 ms
[INFO   ] DREAMPlace - optimizer step 8.420 ms
[INFO   ] DREAMPlace - iteration  462, (  23,  1,  0), Obj 2.055324E+03, NetCrossing 9.528E+00, NetCrossingWeight 1.000000E+00, DensityWeight 2.522370E-03, HPWL 1.987401E+03, Overflow 1.755143E-01, MaxDensity 3.031E+00, MacroOverlap 3.165E+00, MacroOverlapWeight 8.000000E-06, gamma 9.996010E-02, time 2.909ms
[INFO   ] DREAMPlace - full step 11.764 ms
[DEBUG  ] dreamplace.ops.weighted_average_wirelength.weighted_average_wirelength - wirelength forward 0.060 ms
[DEBUG  ] dreamplace.ops.electric_potential.electric_potential - density forward 0.955 ms
[DEBUG  ] dreamplace.ops.electric_potential.electric_potential - density backward 0.362 ms
[DEBUG  ] dreamplace.ops.weighted_average_wirelength.weighted_average_wirelength - wirelength backward 0.103 ms
[INFO   ] DREAMPlace - optimizer step 8.554 ms
[INFO   ] DREAMPlace - iteration  463, (  23,  1,  1), Obj 2.090708E+03, NetCrossing 9.641E+00, NetCrossingWeight 1.000000E+00, DensityWeight 2.522370E-03, HPWL 2.025638E+03, Overflow 1.709837E-01, MaxDensity 3.478E+00, MacroOverlap 2.713E+00, MacroOverlapWeight 8.000000E-06, gamma 9.996010E-02, time 2.825ms
[INFO   ] DREAMPlace - full step 11.838 ms
[INFO   ] DREAMPlace - Lsub stopping criteria: 1 and 2090.71 > 2055.32 * 0.999
[DEBUG  ] dreamplace.ops.weighted_average_wirelength.weighted_average_wirelength - wirelength forward 0.061 ms
[DEBUG  ] dreamplace.ops.electric_potential.electric_potential - density forward 0.985 ms
[DEBUG  ] dreamplace.ops.electric_potential.electric_potential - density backward 0.346 ms
[DEBUG  ] dreamplace.ops.weighted_average_wirelength.weighted_average_wirelength - wirelength backward 0.103 ms
[INFO   ] DREAMPlace - optimizer step 8.654 ms
[INFO   ] DREAMPlace - iteration  464, (  23,  2,  0), Obj 2.144367E+03, NetCrossing 1.086E+01, NetCrossingWeight 1.000000E+00, DensityWeight 2.630279E-03, HPWL 2.078794E+03, Overflow 1.731319E-01, MaxDensity 3.444E+00, MacroOverlap 3.279E+00, MacroOverlapWeight 8.000000E-06, gamma 9.996010E-02, time 2.954ms
[INFO   ] DREAMPlace - full step 12.060 ms
[DEBUG  ] dreamplace.ops.weighted_average_wirelength.weighted_average_wirelength - wirelength forward 0.062 ms
[DEBUG  ] dreamplace.ops.electric_potential.electric_potential - density forward 0.970 ms
[DEBUG  ] dreamplace.ops.electric_potential.electric_potential - density backward 0.357 ms
[DEBUG  ] dreamplace.ops.weighted_average_wirelength.weighted_average_wirelength - wirelength backward 0.113 ms
[INFO   ] DREAMPlace - optimizer step 8.869 ms
[INFO   ] DREAMPlace - iteration  465, (  23,  2,  1), Obj 2.171978E+03, NetCrossing 3.789E+00, NetCrossingWeight 1.000000E+00, DensityWeight 2.630279E-03, HPWL 2.112773E+03, Overflow 1.734117E-01, MaxDensity 3.632E+00, MacroOverlap 2.343E+00, MacroOverlapWeight 8.000000E-06, gamma 9.996010E-02, time 2.945ms
[INFO   ] DREAMPlace - full step 12.272 ms
[INFO   ] DREAMPlace - Lsub stopping criteria: 1 and 2171.98 > 2144.37 * 0.999
[DEBUG  ] dreamplace.ops.weighted_average_wirelength.weighted_average_wirelength - wirelength forward 0.064 ms
[DEBUG  ] dreamplace.ops.electric_potential.electric_potential - density forward 0.989 ms
[DEBUG  ] dreamplace.ops.electric_potential.electric_potential - density backward 0.351 ms
[DEBUG  ] dreamplace.ops.weighted_average_wirelength.weighted_average_wirelength - wirelength backward 0.126 ms
[DEBUG  ] dreamplace.ops.weighted_average_wirelength.weighted_average_wirelength - wirelength forward 0.066 ms
[DEBUG  ] dreamplace.ops.electric_potential.electric_potential - density forward 1.006 ms
[DEBUG  ] dreamplace.ops.electric_potential.electric_potential - density backward 0.398 ms
[DEBUG  ] dreamplace.ops.weighted_average_wirelength.weighted_average_wirelength - wirelength backward 0.126 ms
[INFO   ] DREAMPlace - optimizer step 18.359 ms
[INFO   ] DREAMPlace - iteration  466, (  23,  3,  0), Obj 2.136711E+03, NetCrossing 1.391E+00, NetCrossingWeight 1.000000E+00, DensityWeight 2.742802E-03, HPWL 2.081357E+03, Overflow 1.627302E-01, MaxDensity 3.928E+00, MacroOverlap 2.044E+00, MacroOverlapWeight 8.000000E-06, gamma 9.996010E-02, time 2.953ms
[INFO   ] DREAMPlace - full step 21.817 ms
[DEBUG  ] dreamplace.ops.weighted_average_wirelength.weighted_average_wirelength - wirelength forward 0.062 ms
[DEBUG  ] dreamplace.ops.electric_potential.electric_potential - density forward 1.021 ms
[DEBUG  ] dreamplace.ops.electric_potential.electric_potential - density backward 0.265 ms
[DEBUG  ] dreamplace.ops.weighted_average_wirelength.weighted_average_wirelength - wirelength backward 0.064 ms
[INFO   ] DREAMPlace - optimizer step 7.538 ms
[INFO   ] DREAMPlace - iteration  467, (  23,  3,  1), Obj 1.956829E+03, NetCrossing 5.083E+00, NetCrossingWeight 1.000000E+00, DensityWeight 2.742802E-03, HPWL 1.884429E+03, Overflow 1.810553E-01, MaxDensity 3.238E+00, MacroOverlap 3.224E+00, MacroOverlapWeight 8.000000E-06, gamma 9.996010E-02, time 2.961ms
[INFO   ] DREAMPlace - full step 10.976 ms
[DEBUG  ] dreamplace.ops.weighted_average_wirelength.weighted_average_wirelength - wirelength forward 0.067 ms
[DEBUG  ] dreamplace.ops.electric_potential.electric_potential - density forward 0.996 ms
[DEBUG  ] dreamplace.ops.electric_potential.electric_potential - density backward 0.339 ms
[DEBUG  ] dreamplace.ops.weighted_average_wirelength.weighted_average_wirelength - wirelength backward 0.103 ms
[INFO   ] DREAMPlace - optimizer step 8.367 ms
[INFO   ] DREAMPlace - iteration  468, (  23,  4,  0), Obj 2.145533E+03, NetCrossing 3.751E+00, NetCrossingWeight 1.000000E+00, DensityWeight 2.802958E-03, HPWL 2.089105E+03, Overflow 1.695132E-01, MaxDensity 3.027E+00, MacroOverlap 2.606E+00, MacroOverlapWeight 8.000000E-06, gamma 9.996010E-02, time 3.060ms
[INFO   ] DREAMPlace - full step 11.873 ms
[DEBUG  ] dreamplace.ops.weighted_average_wirelength.weighted_average_wirelength - wirelength forward 0.059 ms
[DEBUG  ] dreamplace.ops.electric_potential.electric_potential - density forward 1.001 ms
[DEBUG  ] dreamplace.ops.electric_potential.electric_potential - density backward 0.344 ms
[DEBUG  ] dreamplace.ops.weighted_average_wirelength.weighted_average_wirelength - wirelength backward 0.103 ms
[INFO   ] DREAMPlace - optimizer step 8.583 ms
[INFO   ] DREAMPlace - iteration  469, (  23,  4,  1), Obj 2.099369E+03, NetCrossing 9.874E+00, NetCrossingWeight 1.000000E+00, DensityWeight 2.802958E-03, HPWL 2.027682E+03, Overflow 1.737399E-01, MaxDensity 3.027E+00, MacroOverlap 3.067E+00, MacroOverlapWeight 8.000000E-06, gamma 9.996010E-02, time 2.860ms
[INFO   ] DREAMPlace - full step 11.888 ms
[DEBUG  ] dreamplace.ops.weighted_average_wirelength.weighted_average_wirelength - wirelength forward 0.061 ms
[DEBUG  ] dreamplace.ops.electric_potential.electric_potential - density forward 0.982 ms
[DEBUG  ] dreamplace.ops.electric_potential.electric_potential - density backward 0.378 ms
[DEBUG  ] dreamplace.ops.weighted_average_wirelength.weighted_average_wirelength - wirelength backward 0.108 ms
[INFO   ] DREAMPlace - optimizer step 8.735 ms
[INFO   ] DREAMPlace - iteration  470, (  23,  5,  0), Obj 1.980990E+03, NetCrossing 9.112E+00, NetCrossingWeight 1.000000E+00, DensityWeight 2.922853E-03, HPWL 1.900443E+03, Overflow 1.887744E-01, MaxDensity 3.027E+00, MacroOverlap 3.047E+00, MacroOverlapWeight 8.000000E-06, gamma 9.996010E-02, time 2.905ms
[INFO   ] DREAMPlace - full step 12.084 ms
[DEBUG  ] dreamplace.ops.weighted_average_wirelength.weighted_average_wirelength - wirelength forward 0.062 ms
[DEBUG  ] dreamplace.ops.electric_potential.electric_potential - density forward 0.971 ms
[DEBUG  ] dreamplace.ops.electric_potential.electric_potential - density backward 0.354 ms
[DEBUG  ] dreamplace.ops.weighted_average_wirelength.weighted_average_wirelength - wirelength backward 0.110 ms
[INFO   ] DREAMPlace - optimizer step 8.835 ms
[INFO   ] DREAMPlace - iteration  471, (  23,  5,  1), Obj 2.023453E+03, NetCrossing 8.993E+00, NetCrossingWeight 1.000000E+00, DensityWeight 2.922853E-03, HPWL 1.950932E+03, Overflow 1.736213E-01, MaxDensity 3.632E+00, MacroOverlap 2.121E+00, MacroOverlapWeight 8.000000E-06, gamma 9.996010E-02, time 2.920ms
[INFO   ] DREAMPlace - full step 12.232 ms
[INFO   ] DREAMPlace - Lsub stopping criteria: 1 and 2023.45 > 1980.99 * 0.999
[DEBUG  ] dreamplace.ops.weighted_average_wirelength.weighted_average_wirelength - wirelength forward 0.062 ms
[DEBUG  ] dreamplace.ops.electric_potential.electric_potential - density forward 0.986 ms
[DEBUG  ] dreamplace.ops.electric_potential.electric_potential - density backward 0.378 ms
[DEBUG  ] dreamplace.ops.weighted_average_wirelength.weighted_average_wirelength - wirelength backward 0.109 ms
[INFO   ] DREAMPlace - optimizer step 8.919 ms
[INFO   ] DREAMPlace - iteration  472, (  23,  6,  0), Obj 1.997098E+03, NetCrossing 6.870E+00, NetCrossingWeight 1.000000E+00, DensityWeight 2.986957E-03, HPWL 1.925820E+03, Overflow 1.714112E-01, MaxDensity 2.998E+00, MacroOverlap 2.336E+00, MacroOverlapWeight 8.000000E-06, gamma 9.996010E-02, time 2.935ms
[INFO   ] DREAMPlace - full step 12.324 ms
[DEBUG  ] dreamplace.ops.weighted_average_wirelength.weighted_average_wirelength - wirelength forward 0.065 ms
[DEBUG  ] dreamplace.ops.electric_potential.electric_potential - density forward 1.079 ms
[DEBUG  ] dreamplace.ops.electric_potential.electric_potential - density backward 0.297 ms
[DEBUG  ] dreamplace.ops.weighted_average_wirelength.weighted_average_wirelength - wirelength backward 0.078 ms
[DEBUG  ] dreamplace.ops.weighted_average_wirelength.weighted_average_wirelength - wirelength forward 0.066 ms
[DEBUG  ] dreamplace.ops.electric_potential.electric_potential - density forward 0.998 ms
[DEBUG  ] dreamplace.ops.electric_potential.electric_potential - density backward 0.337 ms
[DEBUG  ] dreamplace.ops.weighted_average_wirelength.weighted_average_wirelength - wirelength backward 0.103 ms
[INFO   ] DREAMPlace - optimizer step 16.553 ms
[INFO   ] DREAMPlace - iteration  473, (  23,  6,  1), Obj 1.978097E+03, NetCrossing 4.300E+00, NetCrossingWeight 1.000000E+00, DensityWeight 2.986957E-03, HPWL 1.914895E+03, Overflow 1.697247E-01, MaxDensity 2.421E+00, MacroOverlap 2.528E+00, MacroOverlapWeight 8.000000E-06, gamma 9.996010E-02, time 3.024ms
[INFO   ] DREAMPlace - full step 20.055 ms
[DEBUG  ] dreamplace.ops.weighted_average_wirelength.weighted_average_wirelength - wirelength forward 0.059 ms
[DEBUG  ] dreamplace.ops.electric_potential.electric_potential - density forward 0.981 ms
[DEBUG  ] dreamplace.ops.electric_potential.electric_potential - density backward 0.345 ms
[DEBUG  ] dreamplace.ops.weighted_average_wirelength.weighted_average_wirelength - wirelength backward 0.103 ms
[INFO   ] DREAMPlace - optimizer step 8.519 ms
[INFO   ] DREAMPlace - iteration  474, (  23,  7,  0), Obj 2.012872E+03, NetCrossing 4.929E+00, NetCrossingWeight 1.000000E+00, DensityWeight 3.052468E-03, HPWL 1.940656E+03, Overflow 1.751189E-01, MaxDensity 3.027E+00, MacroOverlap 3.210E+00, MacroOverlapWeight 8.000000E-06, gamma 9.996010E-02, time 2.877ms
[INFO   ] DREAMPlace - full step 11.840 ms
[DEBUG  ] dreamplace.ops.weighted_average_wirelength.weighted_average_wirelength - wirelength forward 0.061 ms
[DEBUG  ] dreamplace.ops.electric_potential.electric_potential - density forward 0.971 ms
[DEBUG  ] dreamplace.ops.electric_potential.electric_potential - density backward 0.329 ms
[DEBUG  ] dreamplace.ops.weighted_average_wirelength.weighted_average_wirelength - wirelength backward 0.093 ms
[INFO   ] DREAMPlace - optimizer step 8.235 ms
[INFO   ] DREAMPlace - iteration  475, (  23,  7,  1), Obj 2.007764E+03, NetCrossing 7.291E+00, NetCrossingWeight 1.000000E+00, DensityWeight 3.052468E-03, HPWL 1.947030E+03, Overflow 1.711426E-01, MaxDensity 3.536E+00, MacroOverlap 1.841E+00, MacroOverlapWeight 8.000000E-06, gamma 9.996010E-02, time 2.894ms
[INFO   ] DREAMPlace - full step 11.586 ms
[DEBUG  ] dreamplace.ops.weighted_average_wirelength.weighted_average_wirelength - wirelength forward 0.062 ms
[DEBUG  ] dreamplace.ops.electric_potential.electric_potential - density forward 0.975 ms
[DEBUG  ] dreamplace.ops.electric_potential.electric_potential - density backward 0.358 ms
[DEBUG  ] dreamplace.ops.weighted_average_wirelength.weighted_average_wirelength - wirelength backward 0.110 ms
[INFO   ] DREAMPlace - optimizer step 8.859 ms
[INFO   ] DREAMPlace - iteration  476, (  23,  8,  0), Obj 1.957548E+03, NetCrossing 4.994E+00, NetCrossingWeight 1.000000E+00, DensityWeight 3.183068E-03, HPWL 1.892172E+03, Overflow 1.707152E-01, MaxDensity 3.027E+00, MacroOverlap 2.123E+00, MacroOverlapWeight 8.000000E-06, gamma 9.996010E-02, time 2.918ms
[INFO   ] DREAMPlace - full step 12.221 ms
[DEBUG  ] dreamplace.ops.weighted_average_wirelength.weighted_average_wirelength - wirelength forward 0.069 ms
[DEBUG  ] dreamplace.ops.electric_potential.electric_potential - density forward 0.940 ms
[DEBUG  ] dreamplace.ops.electric_potential.electric_potential - density backward 0.376 ms
[DEBUG  ] dreamplace.ops.weighted_average_wirelength.weighted_average_wirelength - wirelength backward 0.110 ms
[INFO   ] DREAMPlace - optimizer step 8.796 ms
[INFO   ] DREAMPlace - iteration  477, (  23,  8,  1), Obj 1.985552E+03, NetCrossing 5.439E+00, NetCrossingWeight 1.000000E+00, DensityWeight 3.183068E-03, HPWL 1.914974E+03, Overflow 1.711161E-01, MaxDensity 3.027E+00, MacroOverlap 3.032E+00, MacroOverlapWeight 8.000000E-06, gamma 9.996010E-02, time 2.854ms
[INFO   ] DREAMPlace - full step 12.112 ms
[INFO   ] DREAMPlace - Lsub stopping criteria: 1 and 1985.55 > 1957.55 * 0.999
[DEBUG  ] dreamplace.ops.weighted_average_wirelength.weighted_average_wirelength - wirelength forward 0.062 ms
[DEBUG  ] dreamplace.ops.electric_potential.electric_potential - density forward 1.022 ms
[DEBUG  ] dreamplace.ops.electric_potential.electric_potential - density backward 0.361 ms
[DEBUG  ] dreamplace.ops.weighted_average_wirelength.weighted_average_wirelength - wirelength backward 0.103 ms
[INFO   ] DREAMPlace - optimizer step 8.757 ms
[INFO   ] DREAMPlace - iteration  478, (  23,  9,  0), Obj 2.172510E+03, NetCrossing 7.266E+00, NetCrossingWeight 1.000000E+00, DensityWeight 3.252879E-03, HPWL 2.111707E+03, Overflow 1.589192E-01, MaxDensity 3.026E+00, MacroOverlap 2.559E+00, MacroOverlapWeight 8.000000E-06, gamma 9.996010E-02, time 2.936ms
[INFO   ] DREAMPlace - full step 12.177 ms
[DEBUG  ] dreamplace.ops.weighted_average_wirelength.weighted_average_wirelength - wirelength forward 0.064 ms
[DEBUG  ] dreamplace.ops.electric_potential.electric_potential - density forward 1.150 ms
[DEBUG  ] dreamplace.ops.electric_potential.electric_potential - density backward 0.365 ms
[DEBUG  ] dreamplace.ops.weighted_average_wirelength.weighted_average_wirelength - wirelength backward 0.118 ms
[INFO   ] DREAMPlace - optimizer step 9.309 ms
[INFO   ] DREAMPlace - iteration  479, (  23,  9,  1), Obj 2.031171E+03, NetCrossing 6.478E+00, NetCrossingWeight 1.000000E+00, DensityWeight 3.252879E-03, HPWL 1.959514E+03, Overflow 1.695040E-01, MaxDensity 3.632E+00, MacroOverlap 2.206E+00, MacroOverlapWeight 8.000000E-06, gamma 9.996010E-02, time 2.997ms
[INFO   ] DREAMPlace - full step 12.768 ms
[DEBUG  ] dreamplace.ops.weighted_average_wirelength.weighted_average_wirelength - wirelength forward 0.062 ms
[DEBUG  ] dreamplace.ops.electric_potential.electric_potential - density forward 1.117 ms
[DEBUG  ] dreamplace.ops.electric_potential.electric_potential - density backward 0.388 ms
[DEBUG  ] dreamplace.ops.weighted_average_wirelength.weighted_average_wirelength - wirelength backward 0.128 ms
[INFO   ] DREAMPlace - optimizer step 9.521 ms
[INFO   ] DREAMPlace - iteration  480, (  24,  0,  0), Obj 2.145174E+03, NetCrossing 1.203E+01, NetCrossingWeight 1.000000E+00, DensityWeight 3.392050E-03, HPWL 2.076427E+03, Overflow 1.642988E-01, MaxDensity 2.831E+00, MacroOverlap 1.821E+00, MacroOverlapWeight 8.000000E-06, gamma 1.012545E-01, time 2.928ms
[INFO   ] DREAMPlace - full step 12.910 ms
[DEBUG  ] dreamplace.ops.weighted_average_wirelength.weighted_average_wirelength - wirelength forward 0.066 ms
[DEBUG  ] dreamplace.ops.electric_potential.electric_potential - density forward 1.027 ms
[DEBUG  ] dreamplace.ops.electric_potential.electric_potential - density backward 0.389 ms
[DEBUG  ] dreamplace.ops.weighted_average_wirelength.weighted_average_wirelength - wirelength backward 0.126 ms
[INFO   ] DREAMPlace - optimizer step 9.666 ms
[INFO   ] DREAMPlace - iteration  481, (  24,  0,  1), Obj 2.167391E+03, NetCrossing 2.330E+00, NetCrossingWeight 1.000000E+00, DensityWeight 3.392050E-03, HPWL 2.104809E+03, Overflow 1.720647E-01, MaxDensity 3.314E+00, MacroOverlap 2.863E+00, MacroOverlapWeight 8.000000E-06, gamma 1.012545E-01, time 3.003ms
[INFO   ] DREAMPlace - full step 13.156 ms
[INFO   ] DREAMPlace - Lsub stopping criteria: 1 and 2167.39 > 2145.17 * 0.999
[DEBUG  ] dreamplace.ops.weighted_average_wirelength.weighted_average_wirelength - wirelength forward 0.067 ms
[DEBUG  ] dreamplace.ops.electric_potential.electric_potential - density forward 1.028 ms
[DEBUG  ] dreamplace.ops.electric_potential.electric_potential - density backward 0.291 ms
[DEBUG  ] dreamplace.ops.weighted_average_wirelength.weighted_average_wirelength - wirelength backward 0.073 ms
[INFO   ] DREAMPlace - optimizer step 7.927 ms
[INFO   ] DREAMPlace - iteration  482, (  24,  1,  0), Obj 2.076291E+03, NetCrossing 3.479E+00, NetCrossingWeight 1.000000E+00, DensityWeight 3.537143E-03, HPWL 2.018094E+03, Overflow 1.612539E-01, MaxDensity 2.554E+00, MacroOverlap 2.246E+00, MacroOverlapWeight 8.000000E-06, gamma 1.012545E-01, time 3.064ms
[INFO   ] DREAMPlace - full step 11.476 ms
[DEBUG  ] dreamplace.ops.weighted_average_wirelength.weighted_average_wirelength - wirelength forward 0.059 ms
[DEBUG  ] dreamplace.ops.electric_potential.electric_potential - density forward 0.942 ms
[DEBUG  ] dreamplace.ops.electric_potential.electric_potential - density backward 0.333 ms
[DEBUG  ] dreamplace.ops.weighted_average_wirelength.weighted_average_wirelength - wirelength backward 0.097 ms
[INFO   ] DREAMPlace - optimizer step 8.358 ms
[INFO   ] DREAMPlace - iteration  483, (  24,  1,  1), Obj 2.145965E+03, NetCrossing 5.506E+00, NetCrossingWeight 1.000000E+00, DensityWeight 3.537143E-03, HPWL 2.075700E+03, Overflow 1.636480E-01, MaxDensity 3.027E+00, MacroOverlap 2.932E+00, MacroOverlapWeight 8.000000E-06, gamma 1.012545E-01, time 3.034ms
[INFO   ] DREAMPlace - full step 11.871 ms
[INFO   ] DREAMPlace - Lsub stopping criteria: 1 and 2145.96 > 2076.29 * 0.999
[DEBUG  ] dreamplace.ops.weighted_average_wirelength.weighted_average_wirelength - wirelength forward 0.059 ms
[DEBUG  ] dreamplace.ops.electric_potential.electric_potential - density forward 0.961 ms
[DEBUG  ] dreamplace.ops.electric_potential.electric_potential - density backward 0.364 ms
[DEBUG  ] dreamplace.ops.weighted_average_wirelength.weighted_average_wirelength - wirelength backward 0.103 ms
[INFO   ] DREAMPlace - optimizer step 8.561 ms
[INFO   ] DREAMPlace - iteration  484, (  24,  2,  0), Obj 2.096898E+03, NetCrossing 8.683E+00, NetCrossingWeight 1.000000E+00, DensityWeight 3.614720E-03, HPWL 2.027909E+03, Overflow 1.601377E-01, MaxDensity 3.027E+00, MacroOverlap 2.336E+00, MacroOverlapWeight 8.000000E-06, gamma 1.012545E-01, time 2.866ms
[INFO   ] DREAMPlace - full step 11.864 ms
[DEBUG  ] dreamplace.ops.weighted_average_wirelength.weighted_average_wirelength - wirelength forward 0.062 ms
[DEBUG  ] dreamplace.ops.electric_potential.electric_potential - density forward 0.979 ms
[DEBUG  ] dreamplace.ops.electric_potential.electric_potential - density backward 0.357 ms
[DEBUG  ] dreamplace.ops.weighted_average_wirelength.weighted_average_wirelength - wirelength backward 0.111 ms
[INFO   ] DREAMPlace - optimizer step 8.880 ms
[INFO   ] DREAMPlace - iteration  485, (  24,  2,  1), Obj 2.291020E+03, NetCrossing 5.556E+00, NetCrossingWeight 1.000000E+00, DensityWeight 3.614720E-03, HPWL 2.230347E+03, Overflow 1.540643E-01, MaxDensity 3.027E+00, MacroOverlap 2.349E+00, MacroOverlapWeight 8.000000E-06, gamma 1.012545E-01, time 2.895ms
[INFO   ] DREAMPlace - full step 12.253 ms
[INFO   ] DREAMPlace - Lsub stopping criteria: 1 and 2291.02 > 2096.9 * 0.999
[DEBUG  ] dreamplace.ops.weighted_average_wirelength.weighted_average_wirelength - wirelength forward 0.064 ms
[DEBUG  ] dreamplace.ops.electric_potential.electric_potential - density forward 0.994 ms
[DEBUG  ] dreamplace.ops.electric_potential.electric_potential - density backward 0.358 ms
[DEBUG  ] dreamplace.ops.weighted_average_wirelength.weighted_average_wirelength - wirelength backward 0.128 ms
[INFO   ] DREAMPlace - optimizer step 9.126 ms
[INFO   ] DREAMPlace - iteration  486, (  24,  3,  0), Obj 2.137816E+03, NetCrossing 4.598E+00, NetCrossingWeight 1.000000E+00, DensityWeight 3.769334E-03, HPWL 2.076793E+03, Overflow 1.542821E-01, MaxDensity 3.027E+00, MacroOverlap 2.837E+00, MacroOverlapWeight 8.000000E-06, gamma 1.012545E-01, time 2.965ms
[INFO   ] DREAMPlace - full step 12.544 ms
[DEBUG  ] dreamplace.ops.weighted_average_wirelength.weighted_average_wirelength - wirelength forward 0.064 ms
[DEBUG  ] dreamplace.ops.electric_potential.electric_potential - density forward 1.006 ms
[DEBUG  ] dreamplace.ops.electric_potential.electric_potential - density backward 0.389 ms
[DEBUG  ] dreamplace.ops.weighted_average_wirelength.weighted_average_wirelength - wirelength backward 0.121 ms
[INFO   ] DREAMPlace - optimizer step 9.453 ms
[INFO   ] DREAMPlace - iteration  487, (  24,  3,  1), Obj 2.275727E+03, NetCrossing 1.319E+01, NetCrossingWeight 1.000000E+00, DensityWeight 3.769334E-03, HPWL 2.199532E+03, Overflow 1.535490E-01, MaxDensity 3.013E+00, MacroOverlap 2.901E+00, MacroOverlapWeight 8.000000E-06, gamma 1.012545E-01, time 2.973ms
[INFO   ] DREAMPlace - full step 12.917 ms
[INFO   ] DREAMPlace - Lsub stopping criteria: 1 and 2275.73 > 2137.82 * 0.999
[DEBUG  ] dreamplace.ops.weighted_average_wirelength.weighted_average_wirelength - wirelength forward 0.067 ms
[DEBUG  ] dreamplace.ops.electric_potential.electric_potential - density forward 1.062 ms
[DEBUG  ] dreamplace.ops.electric_potential.electric_potential - density backward 0.411 ms
[DEBUG  ] dreamplace.ops.weighted_average_wirelength.weighted_average_wirelength - wirelength backward 0.125 ms
[INFO   ] DREAMPlace - optimizer step 9.638 ms
[INFO   ] DREAMPlace - iteration  488, (  24,  4,  0), Obj 2.153745E+03, NetCrossing 8.180E+00, NetCrossingWeight 1.000000E+00, DensityWeight 3.852004E-03, HPWL 2.084951E+03, Overflow 1.567094E-01, MaxDensity 3.027E+00, MacroOverlap 2.248E+00, MacroOverlapWeight 8.000000E-06, gamma 1.012545E-01, time 3.030ms
[INFO   ] DREAMPlace - full step 13.148 ms
[DEBUG  ] dreamplace.ops.weighted_average_wirelength.weighted_average_wirelength - wirelength forward 0.072 ms
[DEBUG  ] dreamplace.ops.electric_potential.electric_potential - density forward 1.061 ms
[DEBUG  ] dreamplace.ops.electric_potential.electric_potential - density backward 0.410 ms
[DEBUG  ] dreamplace.ops.weighted_average_wirelength.weighted_average_wirelength - wirelength backward 0.074 ms
[INFO   ] DREAMPlace - optimizer step 9.160 ms
[INFO   ] DREAMPlace - iteration  489, (  24,  4,  1), Obj 2.245524E+03, NetCrossing 6.941E+00, NetCrossingWeight 1.000000E+00, DensityWeight 3.852004E-03, HPWL 2.187896E+03, Overflow 1.475789E-01, MaxDensity 2.421E+00, MacroOverlap 1.905E+00, MacroOverlapWeight 8.000000E-06, gamma 1.012545E-01, time 3.038ms
[INFO   ] DREAMPlace - full step 12.680 ms
[INFO   ] DREAMPlace - Lsub stopping criteria: 1 and 2245.52 > 2153.75 * 0.999
[DEBUG  ] dreamplace.ops.weighted_average_wirelength.weighted_average_wirelength - wirelength forward 0.065 ms
[DEBUG  ] dreamplace.ops.electric_potential.electric_potential - density forward 0.997 ms
[DEBUG  ] dreamplace.ops.electric_potential.electric_potential - density backward 0.285 ms
[DEBUG  ] dreamplace.ops.weighted_average_wirelength.weighted_average_wirelength - wirelength backward 0.084 ms
[INFO   ] DREAMPlace - optimizer step 7.692 ms
[INFO   ] DREAMPlace - iteration  490, (  24,  5,  0), Obj 2.120365E+03, NetCrossing 7.588E+00, NetCrossingWeight 1.000000E+00, DensityWeight 3.936487E-03, HPWL 2.061345E+03, Overflow 1.473713E-01, MaxDensity 2.421E+00, MacroOverlap 1.720E+00, MacroOverlapWeight 8.000000E-06, gamma 1.012545E-01, time 2.985ms
[INFO   ] DREAMPlace - full step 11.144 ms
[DEBUG  ] dreamplace.ops.weighted_average_wirelength.weighted_average_wirelength - wirelength forward 0.058 ms
[DEBUG  ] dreamplace.ops.electric_potential.electric_potential - density forward 1.050 ms
[DEBUG  ] dreamplace.ops.electric_potential.electric_potential - density backward 0.334 ms
[DEBUG  ] dreamplace.ops.weighted_average_wirelength.weighted_average_wirelength - wirelength backward 0.096 ms
[INFO   ] DREAMPlace - optimizer step 8.410 ms
[INFO   ] DREAMPlace - iteration  491, (  24,  5,  1), Obj 2.170288E+03, NetCrossing 4.383E+00, NetCrossingWeight 1.000000E+00, DensityWeight 3.936487E-03, HPWL 2.086231E+03, Overflow 1.633017E-01, MaxDensity 3.027E+00, MacroOverlap 3.440E+00, MacroOverlapWeight 8.000000E-06, gamma 1.012545E-01, time 2.975ms
[INFO   ] DREAMPlace - full step 11.841 ms
[INFO   ] DREAMPlace - Lsub stopping criteria: 1 and 2170.29 > 2120.37 * 0.999
[DEBUG  ] dreamplace.ops.weighted_average_wirelength.weighted_average_wirelength - wirelength forward 0.060 ms
[DEBUG  ] dreamplace.ops.electric_potential.electric_potential - density forward 0.947 ms
[DEBUG  ] dreamplace.ops.electric_potential.electric_potential - density backward 0.350 ms
[DEBUG  ] dreamplace.ops.weighted_average_wirelength.weighted_average_wirelength - wirelength backward 0.117 ms
[INFO   ] DREAMPlace - optimizer step 8.487 ms
[INFO   ] DREAMPlace - iteration  492, (  24,  6,  0), Obj 2.080337E+03, NetCrossing 6.414E+00, NetCrossingWeight 1.000000E+00, DensityWeight 4.022823E-03, HPWL 2.019895E+03, Overflow 1.548881E-01, MaxDensity 3.027E+00, MacroOverlap 1.480E+00, MacroOverlapWeight 8.000000E-06, gamma 1.012545E-01, time 2.855ms
[INFO   ] DREAMPlace - full step 11.774 ms
[DEBUG  ] dreamplace.ops.weighted_average_wirelength.weighted_average_wirelength - wirelength forward 0.060 ms
[DEBUG  ] dreamplace.ops.electric_potential.electric_potential - density forward 1.052 ms
[DEBUG  ] dreamplace.ops.electric_potential.electric_potential - density backward 0.359 ms
[DEBUG  ] dreamplace.ops.weighted_average_wirelength.weighted_average_wirelength - wirelength backward 0.110 ms
[INFO   ] DREAMPlace - optimizer step 8.840 ms
[INFO   ] DREAMPlace - iteration  493, (  24,  6,  1), Obj 2.174476E+03, NetCrossing 1.444E+01, NetCrossingWeight 1.000000E+00, DensityWeight 4.022823E-03, HPWL 2.101193E+03, Overflow 1.567363E-01, MaxDensity 2.809E+00, MacroOverlap 2.160E+00, MacroOverlapWeight 8.000000E-06, gamma 1.012545E-01, time 2.904ms
[INFO   ] DREAMPlace - full step 12.199 ms
[INFO   ] DREAMPlace - Lsub stopping criteria: 1 and 2174.48 > 2080.34 * 0.999
[DEBUG  ] dreamplace.ops.weighted_average_wirelength.weighted_average_wirelength - wirelength forward 0.062 ms
[DEBUG  ] dreamplace.ops.electric_potential.electric_potential - density forward 0.974 ms
[DEBUG  ] dreamplace.ops.electric_potential.electric_potential - density backward 0.354 ms
[DEBUG  ] dreamplace.ops.weighted_average_wirelength.weighted_average_wirelength - wirelength backward 0.118 ms
[INFO   ] DREAMPlace - optimizer step 8.914 ms
[INFO   ] DREAMPlace - iteration  494, (  24,  7,  0), Obj 2.222273E+03, NetCrossing 1.274E+01, NetCrossingWeight 1.000000E+00, DensityWeight 4.194946E-03, HPWL 2.153627E+03, Overflow 1.487096E-01, MaxDensity 2.381E+00, MacroOverlap 1.914E+00, MacroOverlapWeight 8.000000E-06, gamma 1.012545E-01, time 2.916ms
[INFO   ] DREAMPlace - full step 12.275 ms
[DEBUG  ] dreamplace.ops.weighted_average_wirelength.weighted_average_wirelength - wirelength forward 0.064 ms
[DEBUG  ] dreamplace.ops.electric_potential.electric_potential - density forward 0.996 ms
[DEBUG  ] dreamplace.ops.electric_potential.electric_potential - density backward 0.418 ms
[DEBUG  ] dreamplace.ops.weighted_average_wirelength.weighted_average_wirelength - wirelength backward 0.111 ms
[INFO   ] DREAMPlace - optimizer step 9.483 ms
[INFO   ] DREAMPlace - iteration  495, (  24,  7,  1), Obj 2.153155E+03, NetCrossing 7.393E+00, NetCrossingWeight 1.000000E+00, DensityWeight 4.194946E-03, HPWL 2.084147E+03, Overflow 1.591003E-01, MaxDensity 2.567E+00, MacroOverlap 1.381E+00, MacroOverlapWeight 8.000000E-06, gamma 1.012545E-01, time 2.963ms
[INFO   ] DREAMPlace - full step 12.910 ms
[DEBUG  ] dreamplace.ops.weighted_average_wirelength.weighted_average_wirelength - wirelength forward 0.064 ms
[DEBUG  ] dreamplace.ops.electric_potential.electric_potential - density forward 1.003 ms
[DEBUG  ] dreamplace.ops.electric_potential.electric_potential - density backward 0.401 ms
[DEBUG  ] dreamplace.ops.weighted_average_wirelength.weighted_average_wirelength - wirelength backward 0.127 ms
[INFO   ] DREAMPlace - optimizer step 9.371 ms
[INFO   ] DREAMPlace - iteration  496, (  24,  8,  0), Obj 2.216414E+03, NetCrossing 8.256E+00, NetCrossingWeight 1.000000E+00, DensityWeight 4.286950E-03, HPWL 2.144226E+03, Overflow 1.592784E-01, MaxDensity 3.071E+00, MacroOverlap 1.822E+00, MacroOverlapWeight 8.000000E-06, gamma 1.012545E-01, time 3.010ms
[INFO   ] DREAMPlace - full step 12.870 ms
[DEBUG  ] dreamplace.ops.weighted_average_wirelength.weighted_average_wirelength - wirelength forward 0.065 ms
[DEBUG  ] dreamplace.ops.electric_potential.electric_potential - density forward 1.009 ms
[DEBUG  ] dreamplace.ops.electric_potential.electric_potential - density backward 0.392 ms
[DEBUG  ] dreamplace.ops.weighted_average_wirelength.weighted_average_wirelength - wirelength backward 0.129 ms
[INFO   ] DREAMPlace - optimizer step 9.459 ms
[INFO   ] DREAMPlace - iteration  497, (  24,  8,  1), Obj 2.167777E+03, NetCrossing 1.583E+01, NetCrossingWeight 1.000000E+00, DensityWeight 4.286950E-03, HPWL 2.094295E+03, Overflow 1.552100E-01, MaxDensity 2.770E+00, MacroOverlap 1.780E+00, MacroOverlapWeight 8.000000E-06, gamma 1.012545E-01, time 2.990ms
[INFO   ] DREAMPlace - full step 12.934 ms
[DEBUG  ] dreamplace.ops.weighted_average_wirelength.weighted_average_wirelength - wirelength forward 0.060 ms
[DEBUG  ] dreamplace.ops.electric_potential.electric_potential - density forward 0.986 ms
[DEBUG  ] dreamplace.ops.electric_potential.electric_potential - density backward 0.279 ms
[DEBUG  ] dreamplace.ops.weighted_average_wirelength.weighted_average_wirelength - wirelength backward 0.073 ms
[INFO   ] DREAMPlace - optimizer step 7.588 ms
[INFO   ] DREAMPlace - iteration  498, (  24,  9,  0), Obj 2.122586E+03, NetCrossing 4.923E+00, NetCrossingWeight 1.000000E+00, DensityWeight 4.470376E-03, HPWL 2.056782E+03, Overflow 1.555768E-01, MaxDensity 2.652E+00, MacroOverlap 2.577E+00, MacroOverlapWeight 8.000000E-06, gamma 1.012545E-01, time 2.991ms
[INFO   ] DREAMPlace - full step 11.034 ms
[DEBUG  ] dreamplace.ops.weighted_average_wirelength.weighted_average_wirelength - wirelength forward 0.072 ms
[DEBUG  ] dreamplace.ops.electric_potential.electric_potential - density forward 0.936 ms
[DEBUG  ] dreamplace.ops.electric_potential.electric_potential - density backward 0.360 ms
[DEBUG  ] dreamplace.ops.weighted_average_wirelength.weighted_average_wirelength - wirelength backward 0.098 ms
[INFO   ] DREAMPlace - optimizer step 8.329 ms
[INFO   ] DREAMPlace - iteration  499, (  24,  9,  1), Obj 2.175218E+03, NetCrossing 3.790E+00, NetCrossingWeight 1.000000E+00, DensityWeight 4.470376E-03, HPWL 2.104886E+03, Overflow 1.568368E-01, MaxDensity 2.401E+00, MacroOverlap 2.402E+00, MacroOverlapWeight 8.000000E-06, gamma 1.012545E-01, time 2.865ms
[INFO   ] DREAMPlace - full step 11.635 ms
[INFO   ] DREAMPlace - Lsub stopping criteria: 1 and 2175.22 > 2122.59 * 0.999
[INFO   ] DREAMPlace - plotting to ./results/reproduce-may20/small-8/ET095_A00/run-2_0_0/ET095_A00/plot/iter0500.png takes 0.037 seconds
[DEBUG  ] dreamplace.ops.weighted_average_wirelength.weighted_average_wirelength - wirelength forward 0.068 ms
[DEBUG  ] dreamplace.ops.electric_potential.electric_potential - density forward 0.998 ms
[DEBUG  ] dreamplace.ops.electric_potential.electric_potential - density backward 0.367 ms
[DEBUG  ] dreamplace.ops.weighted_average_wirelength.weighted_average_wirelength - wirelength backward 0.119 ms
[INFO   ] DREAMPlace - optimizer step 8.961 ms
[INFO   ] DREAMPlace - iteration  500, (  25,  0,  0), Obj 2.169099E+03, NetCrossing 7.320E+00, NetCrossingWeight 1.000000E+00, DensityWeight 4.661650E-03, HPWL 2.099448E+03, Overflow 1.567245E-01, MaxDensity 3.329E+00, MacroOverlap 2.362E+00, MacroOverlapWeight 8.000000E-06, gamma 9.489974E-02, time 2.971ms
[INFO   ] DREAMPlace - full step 49.719 ms
[DEBUG  ] dreamplace.ops.weighted_average_wirelength.weighted_average_wirelength - wirelength forward 0.060 ms
[DEBUG  ] dreamplace.ops.electric_potential.electric_potential - density forward 0.964 ms
[DEBUG  ] dreamplace.ops.electric_potential.electric_potential - density backward 0.385 ms
[DEBUG  ] dreamplace.ops.weighted_average_wirelength.weighted_average_wirelength - wirelength backward 0.111 ms
[INFO   ] DREAMPlace - optimizer step 8.945 ms
[INFO   ] DREAMPlace - iteration  501, (  25,  0,  1), Obj 2.158271E+03, NetCrossing 5.105E+00, NetCrossingWeight 1.000000E+00, DensityWeight 4.661650E-03, HPWL 2.088791E+03, Overflow 1.480414E-01, MaxDensity 3.511E+00, MacroOverlap 1.773E+00, MacroOverlapWeight 8.000000E-06, gamma 9.489974E-02, time 2.958ms
[INFO   ] DREAMPlace - full step 12.361 ms
[DEBUG  ] dreamplace.ops.weighted_average_wirelength.weighted_average_wirelength - wirelength forward 0.062 ms
[DEBUG  ] dreamplace.ops.electric_potential.electric_potential - density forward 0.958 ms
[DEBUG  ] dreamplace.ops.electric_potential.electric_potential - density backward 0.375 ms
[DEBUG  ] dreamplace.ops.weighted_average_wirelength.weighted_average_wirelength - wirelength backward 0.117 ms
[INFO   ] DREAMPlace - optimizer step 8.959 ms
[INFO   ] DREAMPlace - iteration  502, (  25,  1,  0), Obj 2.165348E+03, NetCrossing 6.434E+00, NetCrossingWeight 1.000000E+00, DensityWeight 4.763891E-03, HPWL 2.097178E+03, Overflow 1.439441E-01, MaxDensity 2.939E+00, MacroOverlap 1.689E+00, MacroOverlapWeight 8.000000E-06, gamma 9.489974E-02, time 2.937ms
[INFO   ] DREAMPlace - full step 12.376 ms
[DEBUG  ] dreamplace.ops.weighted_average_wirelength.weighted_average_wirelength - wirelength forward 0.063 ms
[DEBUG  ] dreamplace.ops.electric_potential.electric_potential - density forward 0.988 ms
[DEBUG  ] dreamplace.ops.electric_potential.electric_potential - density backward 0.392 ms
[DEBUG  ] dreamplace.ops.weighted_average_wirelength.weighted_average_wirelength - wirelength backward 0.117 ms
[INFO   ] DREAMPlace - optimizer step 9.226 ms
[INFO   ] DREAMPlace - iteration  503, (  25,  1,  1), Obj 2.173342E+03, NetCrossing 4.158E+00, NetCrossingWeight 1.000000E+00, DensityWeight 4.763891E-03, HPWL 2.104685E+03, Overflow 1.441627E-01, MaxDensity 3.359E+00, MacroOverlap 2.024E+00, MacroOverlapWeight 8.000000E-06, gamma 9.489974E-02, time 3.015ms
[INFO   ] DREAMPlace - full step 12.719 ms
[INFO   ] DREAMPlace - Lsub stopping criteria: 1 and 2173.34 > 2165.35 * 0.999
[DEBUG  ] dreamplace.ops.weighted_average_wirelength.weighted_average_wirelength - wirelength forward 0.064 ms
[DEBUG  ] dreamplace.ops.electric_potential.electric_potential - density forward 0.987 ms
[DEBUG  ] dreamplace.ops.electric_potential.electric_potential - density backward 0.311 ms
[DEBUG  ] dreamplace.ops.weighted_average_wirelength.weighted_average_wirelength - wirelength backward 0.073 ms
[INFO   ] DREAMPlace - optimizer step 7.749 ms
[INFO   ] DREAMPlace - iteration  504, (  25,  2,  0), Obj 2.141195E+03, NetCrossing 4.029E+00, NetCrossingWeight 1.000000E+00, DensityWeight 4.967721E-03, HPWL 2.081949E+03, Overflow 1.504077E-01, MaxDensity 2.771E+00, MacroOverlap 1.960E+00, MacroOverlapWeight 8.000000E-06, gamma 9.489974E-02, time 2.958ms
[INFO   ] DREAMPlace - full step 11.206 ms
[DEBUG  ] dreamplace.ops.weighted_average_wirelength.weighted_average_wirelength - wirelength forward 0.062 ms
[DEBUG  ] dreamplace.ops.electric_potential.electric_potential - density forward 0.987 ms
[DEBUG  ] dreamplace.ops.electric_potential.electric_potential - density backward 0.336 ms
[DEBUG  ] dreamplace.ops.weighted_average_wirelength.weighted_average_wirelength - wirelength backward 0.096 ms
[INFO   ] DREAMPlace - optimizer step 8.496 ms
[INFO   ] DREAMPlace - iteration  505, (  25,  2,  1), Obj 2.195282E+03, NetCrossing 6.747E+00, NetCrossingWeight 1.000000E+00, DensityWeight 4.967721E-03, HPWL 2.127492E+03, Overflow 1.475940E-01, MaxDensity 2.668E+00, MacroOverlap 1.607E+00, MacroOverlapWeight 8.000000E-06, gamma 9.489974E-02, time 3.025ms
[INFO   ] DREAMPlace - full step 11.994 ms
[INFO   ] DREAMPlace - Lsub stopping criteria: 1 and 2195.28 > 2141.19 * 0.999
[DEBUG  ] dreamplace.ops.weighted_average_wirelength.weighted_average_wirelength - wirelength forward 0.060 ms
[DEBUG  ] dreamplace.ops.electric_potential.electric_potential - density forward 0.952 ms
[DEBUG  ] dreamplace.ops.electric_potential.electric_potential - density backward 0.381 ms
[DEBUG  ] dreamplace.ops.weighted_average_wirelength.weighted_average_wirelength - wirelength backward 0.109 ms
[INFO   ] DREAMPlace - optimizer step 8.728 ms
[INFO   ] DREAMPlace - iteration  506, (  25,  3,  0), Obj 2.214914E+03, NetCrossing 1.014E+01, NetCrossingWeight 1.000000E+00, DensityWeight 5.180269E-03, HPWL 2.147470E+03, Overflow 1.462480E-01, MaxDensity 2.892E+00, MacroOverlap 1.667E+00, MacroOverlapWeight 8.000000E-06, gamma 9.489974E-02, time 2.839ms
[INFO   ] DREAMPlace - full step 12.002 ms
[DEBUG  ] dreamplace.ops.weighted_average_wirelength.weighted_average_wirelength - wirelength forward 0.061 ms
[DEBUG  ] dreamplace.ops.electric_potential.electric_potential - density forward 1.066 ms
[DEBUG  ] dreamplace.ops.electric_potential.electric_potential - density backward 0.348 ms
[DEBUG  ] dreamplace.ops.weighted_average_wirelength.weighted_average_wirelength - wirelength backward 0.102 ms
[INFO   ] DREAMPlace - optimizer step 8.667 ms
[INFO   ] DREAMPlace - iteration  507, (  25,  3,  1), Obj 2.078990E+03, NetCrossing 5.404E+00, NetCrossingWeight 1.000000E+00, DensityWeight 5.180269E-03, HPWL 1.997723E+03, Overflow 1.574886E-01, MaxDensity 2.647E+00, MacroOverlap 2.242E+00, MacroOverlapWeight 8.000000E-06, gamma 9.489974E-02, time 2.885ms
[INFO   ] DREAMPlace - full step 12.017 ms
[DEBUG  ] dreamplace.ops.weighted_average_wirelength.weighted_average_wirelength - wirelength forward 0.062 ms
[DEBUG  ] dreamplace.ops.electric_potential.electric_potential - density forward 0.990 ms
[DEBUG  ] dreamplace.ops.electric_potential.electric_potential - density backward 0.378 ms
[DEBUG  ] dreamplace.ops.weighted_average_wirelength.weighted_average_wirelength - wirelength backward 0.109 ms
[INFO   ] DREAMPlace - optimizer step 8.875 ms
[INFO   ] DREAMPlace - iteration  508, (  25,  4,  0), Obj 2.277630E+03, NetCrossing 7.285E+00, NetCrossingWeight 1.000000E+00, DensityWeight 5.293884E-03, HPWL 2.207851E+03, Overflow 1.472071E-01, MaxDensity 2.879E+00, MacroOverlap 1.755E+00, MacroOverlapWeight 8.000000E-06, gamma 9.489974E-02, time 2.941ms
[INFO   ] DREAMPlace - full step 12.264 ms
[DEBUG  ] dreamplace.ops.weighted_average_wirelength.weighted_average_wirelength - wirelength forward 0.063 ms
[DEBUG  ] dreamplace.ops.electric_potential.electric_potential - density forward 1.186 ms
[DEBUG  ] dreamplace.ops.electric_potential.electric_potential - density backward 0.410 ms
[DEBUG  ] dreamplace.ops.weighted_average_wirelength.weighted_average_wirelength - wirelength backward 0.117 ms
[INFO   ] DREAMPlace - optimizer step 9.462 ms
[INFO   ] DREAMPlace - iteration  509, (  25,  4,  1), Obj 2.092246E+03, NetCrossing 6.526E+00, NetCrossingWeight 1.000000E+00, DensityWeight 5.293884E-03, HPWL 2.021100E+03, Overflow 1.439363E-01, MaxDensity 3.027E+00, MacroOverlap 1.374E+00, MacroOverlapWeight 8.000000E-06, gamma 9.489974E-02, time 2.994ms
[INFO   ] DREAMPlace - full step 12.941 ms
[DEBUG  ] dreamplace.ops.weighted_average_wirelength.weighted_average_wirelength - wirelength forward 0.065 ms
[DEBUG  ] dreamplace.ops.electric_potential.electric_potential - density forward 2.506 ms
[DEBUG  ] dreamplace.ops.electric_potential.electric_potential - density backward 0.371 ms
[DEBUG  ] dreamplace.ops.weighted_average_wirelength.weighted_average_wirelength - wirelength backward 0.119 ms
[INFO   ] DREAMPlace - optimizer step 10.742 ms
[INFO   ] DREAMPlace - iteration  510, (  25,  5,  0), Obj 2.166393E+03, NetCrossing 1.081E+01, NetCrossingWeight 1.000000E+00, DensityWeight 5.520387E-03, HPWL 2.086875E+03, Overflow 1.535071E-01, MaxDensity 2.933E+00, MacroOverlap 1.945E+00, MacroOverlapWeight 8.000000E-06, gamma 9.489974E-02, time 3.324ms
[INFO   ] DREAMPlace - full step 14.528 ms
[DEBUG  ] dreamplace.ops.weighted_average_wirelength.weighted_average_wirelength - wirelength forward 0.066 ms
[DEBUG  ] dreamplace.ops.electric_potential.electric_potential - density forward 1.249 ms
[DEBUG  ] dreamplace.ops.electric_potential.electric_potential - density backward 0.364 ms
[DEBUG  ] dreamplace.ops.weighted_average_wirelength.weighted_average_wirelength - wirelength backward 0.102 ms
[INFO   ] DREAMPlace - optimizer step 9.105 ms
[INFO   ] DREAMPlace - iteration  511, (  25,  5,  1), Obj 2.267907E+03, NetCrossing 6.548E+00, NetCrossingWeight 1.000000E+00, DensityWeight 5.520387E-03, HPWL 2.197606E+03, Overflow 1.474286E-01, MaxDensity 2.958E+00, MacroOverlap 1.271E+00, MacroOverlapWeight 8.000000E-06, gamma 9.489974E-02, time 5.719ms
[INFO   ] DREAMPlace - full step 15.305 ms
[INFO   ] DREAMPlace - Lsub stopping criteria: 1 and 2267.91 > 2166.39 * 0.999
[DEBUG  ] dreamplace.ops.weighted_average_wirelength.weighted_average_wirelength - wirelength forward 0.060 ms
[DEBUG  ] dreamplace.ops.electric_potential.electric_potential - density forward 2.199 ms
[DEBUG  ] dreamplace.ops.electric_potential.electric_potential - density backward 0.391 ms
[DEBUG  ] dreamplace.ops.weighted_average_wirelength.weighted_average_wirelength - wirelength backward 0.127 ms
[INFO   ] DREAMPlace - optimizer step 10.424 ms
[INFO   ] DREAMPlace - iteration  512, (  25,  6,  0), Obj 2.089247E+03, NetCrossing 8.089E+00, NetCrossingWeight 1.000000E+00, DensityWeight 5.756501E-03, HPWL 2.013144E+03, Overflow 1.545286E-01, MaxDensity 3.027E+00, MacroOverlap 1.550E+00, MacroOverlapWeight 8.000000E-06, gamma 9.489974E-02, time 3.052ms
[INFO   ] DREAMPlace - full step 13.921 ms
[DEBUG  ] dreamplace.ops.weighted_average_wirelength.weighted_average_wirelength - wirelength forward 0.063 ms
[DEBUG  ] dreamplace.ops.electric_potential.electric_potential - density forward 0.986 ms
[DEBUG  ] dreamplace.ops.electric_potential.electric_potential - density backward 0.372 ms
[DEBUG  ] dreamplace.ops.weighted_average_wirelength.weighted_average_wirelength - wirelength backward 0.118 ms
[INFO   ] DREAMPlace - optimizer step 9.350 ms
[INFO   ] DREAMPlace - iteration  513, (  25,  6,  1), Obj 2.221816E+03, NetCrossing 6.154E+00, NetCrossingWeight 1.000000E+00, DensityWeight 5.756501E-03, HPWL 2.134774E+03, Overflow 1.563927E-01, MaxDensity 3.027E+00, MacroOverlap 1.799E+00, MacroOverlapWeight 8.000000E-06, gamma 9.489974E-02, time 2.999ms
[INFO   ] DREAMPlace - full step 12.807 ms
[INFO   ] DREAMPlace - Lsub stopping criteria: 1 and 2221.82 > 2089.25 * 0.999
[DEBUG  ] dreamplace.ops.weighted_average_wirelength.weighted_average_wirelength - wirelength forward 0.065 ms
[DEBUG  ] dreamplace.ops.electric_potential.electric_potential - density forward 1.004 ms
[DEBUG  ] dreamplace.ops.electric_potential.electric_potential - density backward 0.344 ms
[DEBUG  ] dreamplace.ops.weighted_average_wirelength.weighted_average_wirelength - wirelength backward 0.117 ms
[INFO   ] DREAMPlace - optimizer step 9.214 ms
[INFO   ] DREAMPlace - iteration  514, (  25,  7,  0), Obj 2.141049E+03, NetCrossing 1.146E+01, NetCrossingWeight 1.000000E+00, DensityWeight 5.882754E-03, HPWL 2.063857E+03, Overflow 1.491042E-01, MaxDensity 2.948E+00, MacroOverlap 1.348E+00, MacroOverlapWeight 8.000000E-06, gamma 9.489974E-02, time 2.998ms
[INFO   ] DREAMPlace - full step 12.673 ms
[DEBUG  ] dreamplace.ops.weighted_average_wirelength.weighted_average_wirelength - wirelength forward 0.064 ms
[DEBUG  ] dreamplace.ops.electric_potential.electric_potential - density forward 0.989 ms
[DEBUG  ] dreamplace.ops.electric_potential.electric_potential - density backward 0.291 ms
[DEBUG  ] dreamplace.ops.weighted_average_wirelength.weighted_average_wirelength - wirelength backward 0.076 ms
[INFO   ] DREAMPlace - optimizer step 7.879 ms
[INFO   ] DREAMPlace - iteration  515, (  25,  7,  1), Obj 2.316947E+03, NetCrossing 1.268E+01, NetCrossingWeight 1.000000E+00, DensityWeight 5.882754E-03, HPWL 2.238187E+03, Overflow 1.424870E-01, MaxDensity 2.829E+00, MacroOverlap 2.069E+00, MacroOverlapWeight 8.000000E-06, gamma 9.489974E-02, time 2.962ms
[INFO   ] DREAMPlace - full step 11.345 ms
[INFO   ] DREAMPlace - Lsub stopping criteria: 1 and 2316.95 > 2141.05 * 0.999
[DEBUG  ] dreamplace.ops.weighted_average_wirelength.weighted_average_wirelength - wirelength forward 0.064 ms
[DEBUG  ] dreamplace.ops.electric_potential.electric_potential - density forward 1.064 ms
[DEBUG  ] dreamplace.ops.electric_potential.electric_potential - density backward 0.329 ms
[DEBUG  ] dreamplace.ops.weighted_average_wirelength.weighted_average_wirelength - wirelength backward 0.098 ms
[INFO   ] DREAMPlace - optimizer step 8.484 ms
[INFO   ] DREAMPlace - iteration  516, (  25,  8,  0), Obj 2.247286E+03, NetCrossing 9.078E+00, NetCrossingWeight 1.000000E+00, DensityWeight 6.134408E-03, HPWL 2.181390E+03, Overflow 1.415687E-01, MaxDensity 3.027E+00, MacroOverlap 1.166E+00, MacroOverlapWeight 8.000000E-06, gamma 9.489974E-02, time 2.958ms
[INFO   ] DREAMPlace - full step 11.906 ms
[DEBUG  ] dreamplace.ops.weighted_average_wirelength.weighted_average_wirelength - wirelength forward 0.060 ms
[DEBUG  ] dreamplace.ops.electric_potential.electric_potential - density forward 0.960 ms
[DEBUG  ] dreamplace.ops.electric_potential.electric_potential - density backward 0.354 ms
[DEBUG  ] dreamplace.ops.weighted_average_wirelength.weighted_average_wirelength - wirelength backward 0.109 ms
[INFO   ] DREAMPlace - optimizer step 8.780 ms
[INFO   ] DREAMPlace - iteration  517, (  25,  8,  1), Obj 2.153496E+03, NetCrossing 6.417E+00, NetCrossingWeight 1.000000E+00, DensityWeight 6.134408E-03, HPWL 2.070736E+03, Overflow 1.498196E-01, MaxDensity 3.027E+00, MacroOverlap 1.682E+00, MacroOverlapWeight 8.000000E-06, gamma 9.489974E-02, time 2.851ms
[INFO   ] DREAMPlace - full step 12.081 ms
[DEBUG  ] dreamplace.ops.weighted_average_wirelength.weighted_average_wirelength - wirelength forward 0.062 ms
[DEBUG  ] dreamplace.ops.electric_potential.electric_potential - density forward 0.968 ms
[DEBUG  ] dreamplace.ops.electric_potential.electric_potential - density backward 0.373 ms
[DEBUG  ] dreamplace.ops.weighted_average_wirelength.weighted_average_wirelength - wirelength backward 0.107 ms
[INFO   ] DREAMPlace - optimizer step 8.625 ms
[INFO   ] DREAMPlace - iteration  518, (  25,  9,  0), Obj 2.311201E+03, NetCrossing 4.954E+00, NetCrossingWeight 1.000000E+00, DensityWeight 6.268949E-03, HPWL 2.234524E+03, Overflow 1.464560E-01, MaxDensity 2.878E+00, MacroOverlap 1.442E+00, MacroOverlapWeight 8.000000E-06, gamma 9.489974E-02, time 2.900ms
[INFO   ] DREAMPlace - full step 11.971 ms
[DEBUG  ] dreamplace.ops.weighted_average_wirelength.weighted_average_wirelength - wirelength forward 0.062 ms
[DEBUG  ] dreamplace.ops.electric_potential.electric_potential - density forward 0.973 ms
[DEBUG  ] dreamplace.ops.electric_potential.electric_potential - density backward 0.396 ms
[DEBUG  ] dreamplace.ops.weighted_average_wirelength.weighted_average_wirelength - wirelength backward 0.108 ms
[INFO   ] DREAMPlace - optimizer step 9.096 ms
[INFO   ] DREAMPlace - iteration  519, (  25,  9,  1), Obj 2.255639E+03, NetCrossing 9.103E+00, NetCrossingWeight 1.000000E+00, DensityWeight 6.268949E-03, HPWL 2.188842E+03, Overflow 1.399598E-01, MaxDensity 3.027E+00, MacroOverlap 1.105E+00, MacroOverlapWeight 8.000000E-06, gamma 9.489974E-02, time 2.937ms
[INFO   ] DREAMPlace - full step 12.530 ms
[DEBUG  ] dreamplace.ops.weighted_average_wirelength.weighted_average_wirelength - wirelength forward 0.066 ms
[DEBUG  ] dreamplace.ops.electric_potential.electric_potential - density forward 1.017 ms
[DEBUG  ] dreamplace.ops.electric_potential.electric_potential - density backward 0.417 ms
[DEBUG  ] dreamplace.ops.weighted_average_wirelength.weighted_average_wirelength - wirelength backward 0.126 ms
[INFO   ] DREAMPlace - optimizer step 9.286 ms
[INFO   ] DREAMPlace - iteration  520, (  26,  0,  0), Obj 2.202589E+03, NetCrossing 5.157E+00, NetCrossingWeight 1.000000E+00, DensityWeight 6.537115E-03, HPWL 2.115894E+03, Overflow 1.549764E-01, MaxDensity 3.027E+00, MacroOverlap 1.960E+00, MacroOverlapWeight 8.000000E-06, gamma 8.704838E-02, time 2.986ms
[INFO   ] DREAMPlace - full step 12.745 ms
[DEBUG  ] dreamplace.ops.weighted_average_wirelength.weighted_average_wirelength - wirelength forward 0.065 ms
[DEBUG  ] dreamplace.ops.electric_potential.electric_potential - density forward 1.001 ms
[DEBUG  ] dreamplace.ops.electric_potential.electric_potential - density backward 0.376 ms
[DEBUG  ] dreamplace.ops.weighted_average_wirelength.weighted_average_wirelength - wirelength backward 0.118 ms
[INFO   ] DREAMPlace - optimizer step 9.392 ms
[INFO   ] DREAMPlace - iteration  521, (  26,  0,  1), Obj 2.103117E+03, NetCrossing 6.524E+00, NetCrossingWeight 1.000000E+00, DensityWeight 6.537115E-03, HPWL 2.026526E+03, Overflow 1.459200E-01, MaxDensity 2.421E+00, MacroOverlap 1.291E+00, MacroOverlapWeight 8.000000E-06, gamma 8.704838E-02, time 3.082ms
[INFO   ] DREAMPlace - full step 12.953 ms
[DEBUG  ] dreamplace.ops.weighted_average_wirelength.weighted_average_wirelength - wirelength forward 0.065 ms
[DEBUG  ] dreamplace.ops.electric_potential.electric_potential - density forward 1.001 ms
[DEBUG  ] dreamplace.ops.electric_potential.electric_potential - density backward 0.372 ms
[DEBUG  ] dreamplace.ops.weighted_average_wirelength.weighted_average_wirelength - wirelength backward 0.118 ms
[DEBUG  ] dreamplace.ops.weighted_average_wirelength.weighted_average_wirelength - wirelength forward 0.065 ms
[DEBUG  ] dreamplace.ops.electric_potential.electric_potential - density forward 0.992 ms
[DEBUG  ] dreamplace.ops.electric_potential.electric_potential - density backward 0.293 ms
[DEBUG  ] dreamplace.ops.weighted_average_wirelength.weighted_average_wirelength - wirelength backward 0.077 ms
[DEBUG  ] dreamplace.ops.weighted_average_wirelength.weighted_average_wirelength - wirelength forward 0.065 ms
[DEBUG  ] dreamplace.ops.electric_potential.electric_potential - density forward 0.986 ms
[DEBUG  ] dreamplace.ops.electric_potential.electric_potential - density backward 0.293 ms
[DEBUG  ] dreamplace.ops.weighted_average_wirelength.weighted_average_wirelength - wirelength backward 0.076 ms
[INFO   ] DREAMPlace - optimizer step 24.519 ms
[INFO   ] DREAMPlace - iteration  522, (  26,  1,  0), Obj 2.128588E+03, NetCrossing 8.306E+00, NetCrossingWeight 1.000000E+00, DensityWeight 6.680489E-03, HPWL 2.051941E+03, Overflow 1.505339E-01, MaxDensity 3.011E+00, MacroOverlap 1.349E+00, MacroOverlapWeight 8.000000E-06, gamma 8.704838E-02, time 2.987ms
[INFO   ] DREAMPlace - full step 27.966 ms
[DEBUG  ] dreamplace.ops.weighted_average_wirelength.weighted_average_wirelength - wirelength forward 0.058 ms
[DEBUG  ] dreamplace.ops.electric_potential.electric_potential - density forward 0.980 ms
[DEBUG  ] dreamplace.ops.electric_potential.electric_potential - density backward 0.328 ms
[DEBUG  ] dreamplace.ops.weighted_average_wirelength.weighted_average_wirelength - wirelength backward 0.084 ms
[INFO   ] DREAMPlace - optimizer step 7.872 ms
[INFO   ] DREAMPlace - iteration  523, (  26,  1,  1), Obj 2.041249E+03, NetCrossing 8.699E+00, NetCrossingWeight 1.000000E+00, DensityWeight 6.680489E-03, HPWL 1.964081E+03, Overflow 1.459727E-01, MaxDensity 2.789E+00, MacroOverlap 1.230E+00, MacroOverlapWeight 8.000000E-06, gamma 8.704838E-02, time 2.839ms
[INFO   ] DREAMPlace - full step 11.156 ms
[DEBUG  ] dreamplace.ops.weighted_average_wirelength.weighted_average_wirelength - wirelength forward 0.059 ms
[DEBUG  ] dreamplace.ops.electric_potential.electric_potential - density forward 0.925 ms
[DEBUG  ] dreamplace.ops.electric_potential.electric_potential - density backward 0.328 ms
[DEBUG  ] dreamplace.ops.weighted_average_wirelength.weighted_average_wirelength - wirelength backward 0.097 ms
[INFO   ] DREAMPlace - optimizer step 8.253 ms
[INFO   ] DREAMPlace - iteration  524, (  26,  2,  0), Obj 2.071896E+03, NetCrossing 1.017E+01, NetCrossingWeight 1.000000E+00, DensityWeight 6.827007E-03, HPWL 1.996381E+03, Overflow 1.413751E-01, MaxDensity 2.786E+00, MacroOverlap 1.392E+00, MacroOverlapWeight 8.000000E-06, gamma 8.704838E-02, time 2.848ms
[INFO   ] DREAMPlace - full step 11.533 ms
[DEBUG  ] dreamplace.ops.weighted_average_wirelength.weighted_average_wirelength - wirelength forward 0.059 ms
[DEBUG  ] dreamplace.ops.electric_potential.electric_potential - density forward 0.956 ms
[DEBUG  ] dreamplace.ops.electric_potential.electric_potential - density backward 0.359 ms
[DEBUG  ] dreamplace.ops.weighted_average_wirelength.weighted_average_wirelength - wirelength backward 0.104 ms
[INFO   ] DREAMPlace - optimizer step 8.605 ms
[INFO   ] DREAMPlace - iteration  525, (  26,  2,  1), Obj 2.262651E+03, NetCrossing 1.105E+01, NetCrossingWeight 1.000000E+00, DensityWeight 6.827007E-03, HPWL 2.176038E+03, Overflow 1.498448E-01, MaxDensity 2.685E+00, MacroOverlap 1.601E+00, MacroOverlapWeight 8.000000E-06, gamma 8.704838E-02, time 2.847ms
[INFO   ] DREAMPlace - full step 11.900 ms
[INFO   ] DREAMPlace - Lsub stopping criteria: 1 and 2262.65 > 2071.9 * 0.999
[DEBUG  ] dreamplace.ops.weighted_average_wirelength.weighted_average_wirelength - wirelength forward 0.061 ms
[DEBUG  ] dreamplace.ops.electric_potential.electric_potential - density forward 1.067 ms
[DEBUG  ] dreamplace.ops.electric_potential.electric_potential - density backward 0.367 ms
[DEBUG  ] dreamplace.ops.weighted_average_wirelength.weighted_average_wirelength - wirelength backward 0.102 ms
[INFO   ] DREAMPlace - optimizer step 8.759 ms
[INFO   ] DREAMPlace - iteration  526, (  26,  3,  0), Obj 2.212064E+03, NetCrossing 8.589E+00, NetCrossingWeight 1.000000E+00, DensityWeight 7.118984E-03, HPWL 2.134323E+03, Overflow 1.461771E-01, MaxDensity 2.583E+00, MacroOverlap 1.223E+00, MacroOverlapWeight 8.000000E-06, gamma 8.704838E-02, time 2.901ms
[INFO   ] DREAMPlace - full step 12.101 ms
[DEBUG  ] dreamplace.ops.weighted_average_wirelength.weighted_average_wirelength - wirelength forward 0.062 ms
[DEBUG  ] dreamplace.ops.electric_potential.electric_potential - density forward 2.194 ms
[DEBUG  ] dreamplace.ops.electric_potential.electric_potential - density backward 0.382 ms
[DEBUG  ] dreamplace.ops.weighted_average_wirelength.weighted_average_wirelength - wirelength backward 0.126 ms
[INFO   ] DREAMPlace - optimizer step 10.066 ms
[INFO   ] DREAMPlace - iteration  527, (  26,  3,  1), Obj 2.227768E+03, NetCrossing 8.504E+00, NetCrossingWeight 1.000000E+00, DensityWeight 7.118984E-03, HPWL 2.141210E+03, Overflow 1.447973E-01, MaxDensity 3.343E+00, MacroOverlap 1.121E+00, MacroOverlapWeight 8.000000E-06, gamma 8.704838E-02, time 2.900ms
[INFO   ] DREAMPlace - full step 13.418 ms
[INFO   ] DREAMPlace - Lsub stopping criteria: 1 and 2227.77 > 2212.06 * 0.999
[DEBUG  ] dreamplace.ops.weighted_average_wirelength.weighted_average_wirelength - wirelength forward 0.062 ms
[DEBUG  ] dreamplace.ops.electric_potential.electric_potential - density forward 0.978 ms
[DEBUG  ] dreamplace.ops.electric_potential.electric_potential - density backward 0.412 ms
[DEBUG  ] dreamplace.ops.weighted_average_wirelength.weighted_average_wirelength - wirelength backward 0.118 ms
[INFO   ] DREAMPlace - optimizer step 9.176 ms
[INFO   ] DREAMPlace - iteration  528, (  26,  4,  0), Obj 2.321923E+03, NetCrossing 6.358E+00, NetCrossingWeight 1.000000E+00, DensityWeight 7.275119E-03, HPWL 2.247030E+03, Overflow 1.397963E-01, MaxDensity 2.421E+00, MacroOverlap 1.482E+00, MacroOverlapWeight 8.000000E-06, gamma 8.704838E-02, time 2.904ms
[INFO   ] DREAMPlace - full step 12.555 ms
[DEBUG  ] dreamplace.ops.weighted_average_wirelength.weighted_average_wirelength - wirelength forward 0.064 ms
[DEBUG  ] dreamplace.ops.electric_potential.electric_potential - density forward 1.026 ms
[DEBUG  ] dreamplace.ops.electric_potential.electric_potential - density backward 0.403 ms
[DEBUG  ] dreamplace.ops.weighted_average_wirelength.weighted_average_wirelength - wirelength backward 0.118 ms
[INFO   ] DREAMPlace - optimizer step 9.332 ms
[INFO   ] DREAMPlace - iteration  529, (  26,  4,  1), Obj 2.295170E+03, NetCrossing 1.408E+01, NetCrossingWeight 1.000000E+00, DensityWeight 7.275119E-03, HPWL 2.205750E+03, Overflow 1.426978E-01, MaxDensity 2.876E+00, MacroOverlap 1.304E+00, MacroOverlapWeight 8.000000E-06, gamma 8.704838E-02, time 3.016ms
[INFO   ] DREAMPlace - full step 12.824 ms
[DEBUG  ] dreamplace.ops.weighted_average_wirelength.weighted_average_wirelength - wirelength forward 0.065 ms
[DEBUG  ] dreamplace.ops.electric_potential.electric_potential - density forward 1.007 ms
[DEBUG  ] dreamplace.ops.electric_potential.electric_potential - density backward 0.387 ms
[DEBUG  ] dreamplace.ops.weighted_average_wirelength.weighted_average_wirelength - wirelength backward 0.126 ms
[INFO   ] DREAMPlace - optimizer step 9.517 ms
[INFO   ] DREAMPlace - iteration  530, (  26,  5,  0), Obj 2.341871E+03, NetCrossing 7.959E+00, NetCrossingWeight 1.000000E+00, DensityWeight 7.586363E-03, HPWL 2.265168E+03, Overflow 1.338194E-01, MaxDensity 3.036E+00, MacroOverlap 9.360E-01, MacroOverlapWeight 8.000000E-06, gamma 8.704838E-02, time 3.015ms
[INFO   ] DREAMPlace - full step 13.027 ms
[DEBUG  ] dreamplace.ops.weighted_average_wirelength.weighted_average_wirelength - wirelength forward 0.067 ms
[DEBUG  ] dreamplace.ops.electric_potential.electric_potential - density forward 1.022 ms
[DEBUG  ] dreamplace.ops.electric_potential.electric_potential - density backward 0.412 ms
[DEBUG  ] dreamplace.ops.weighted_average_wirelength.weighted_average_wirelength - wirelength backward 0.083 ms
[INFO   ] DREAMPlace - optimizer step 10.143 ms
[INFO   ] DREAMPlace - iteration  531, (  26,  5,  1), Obj 2.219925E+03, NetCrossing 9.385E+00, NetCrossingWeight 1.000000E+00, DensityWeight 7.586363E-03, HPWL 2.128941E+03, Overflow 1.416903E-01, MaxDensity 2.669E+00, MacroOverlap 1.496E+00, MacroOverlapWeight 8.000000E-06, gamma 8.704838E-02, time 3.006ms
[INFO   ] DREAMPlace - full step 13.631 ms
[DEBUG  ] dreamplace.ops.weighted_average_wirelength.weighted_average_wirelength - wirelength forward 0.064 ms
[DEBUG  ] dreamplace.ops.electric_potential.electric_potential - density forward 0.994 ms
[DEBUG  ] dreamplace.ops.electric_potential.electric_potential - density backward 0.313 ms
[DEBUG  ] dreamplace.ops.weighted_average_wirelength.weighted_average_wirelength - wirelength backward 0.102 ms
[INFO   ] DREAMPlace - optimizer step 8.306 ms
[INFO   ] DREAMPlace - iteration  532, (  26,  6,  0), Obj 2.452651E+03, NetCrossing 4.003E+00, NetCrossingWeight 1.000000E+00, DensityWeight 7.752749E-03, HPWL 2.378315E+03, Overflow 1.401836E-01, MaxDensity 2.838E+00, MacroOverlap 1.276E+00, MacroOverlapWeight 8.000000E-06, gamma 8.704838E-02, time 3.041ms
[INFO   ] DREAMPlace - full step 11.816 ms
[DEBUG  ] dreamplace.ops.weighted_average_wirelength.weighted_average_wirelength - wirelength forward 0.061 ms
[DEBUG  ] dreamplace.ops.electric_potential.electric_potential - density forward 0.963 ms
[DEBUG  ] dreamplace.ops.electric_potential.electric_potential - density backward 0.364 ms
[DEBUG  ] dreamplace.ops.weighted_average_wirelength.weighted_average_wirelength - wirelength backward 0.109 ms
[INFO   ] DREAMPlace - optimizer step 8.632 ms
[INFO   ] DREAMPlace - iteration  533, (  26,  6,  1), Obj 2.347336E+03, NetCrossing 7.351E+00, NetCrossingWeight 1.000000E+00, DensityWeight 7.752749E-03, HPWL 2.261864E+03, Overflow 1.424553E-01, MaxDensity 2.868E+00, MacroOverlap 1.437E+00, MacroOverlapWeight 8.000000E-06, gamma 8.704838E-02, time 2.935ms
[INFO   ] DREAMPlace - full step 12.019 ms
[DEBUG  ] dreamplace.ops.weighted_average_wirelength.weighted_average_wirelength - wirelength forward 0.063 ms
[DEBUG  ] dreamplace.ops.electric_potential.electric_potential - density forward 0.972 ms
[DEBUG  ] dreamplace.ops.electric_potential.electric_potential - density backward 0.383 ms
[DEBUG  ] dreamplace.ops.weighted_average_wirelength.weighted_average_wirelength - wirelength backward 0.118 ms
[INFO   ] DREAMPlace - optimizer step 9.067 ms
[INFO   ] DREAMPlace - iteration  534, (  26,  7,  0), Obj 2.372484E+03, NetCrossing 3.614E+00, NetCrossingWeight 1.000000E+00, DensityWeight 8.084377E-03, HPWL 2.289831E+03, Overflow 1.392539E-01, MaxDensity 2.760E+00, MacroOverlap 1.499E+00, MacroOverlapWeight 8.000000E-06, gamma 8.704838E-02, time 2.915ms
[INFO   ] DREAMPlace - full step 12.426 ms
[DEBUG  ] dreamplace.ops.weighted_average_wirelength.weighted_average_wirelength - wirelength forward 0.064 ms
[DEBUG  ] dreamplace.ops.electric_potential.electric_potential - density forward 0.989 ms
[DEBUG  ] dreamplace.ops.electric_potential.electric_potential - density backward 0.382 ms
[DEBUG  ] dreamplace.ops.weighted_average_wirelength.weighted_average_wirelength - wirelength backward 0.118 ms
[INFO   ] DREAMPlace - optimizer step 9.276 ms
[INFO   ] DREAMPlace - iteration  535, (  26,  7,  1), Obj 2.419785E+03, NetCrossing 5.625E+00, NetCrossingWeight 1.000000E+00, DensityWeight 8.084377E-03, HPWL 2.340363E+03, Overflow 1.294059E-01, MaxDensity 2.565E+00, MacroOverlap 1.189E+00, MacroOverlapWeight 8.000000E-06, gamma 8.704838E-02, time 2.970ms
[INFO   ] DREAMPlace - full step 12.743 ms
[INFO   ] DREAMPlace - Lsub stopping criteria: 1 and 2419.79 > 2372.48 * 0.999
[DEBUG  ] dreamplace.ops.weighted_average_wirelength.weighted_average_wirelength - wirelength forward 0.067 ms
[DEBUG  ] dreamplace.ops.electric_potential.electric_potential - density forward 1.005 ms
[DEBUG  ] dreamplace.ops.electric_potential.electric_potential - density backward 0.374 ms
[DEBUG  ] dreamplace.ops.weighted_average_wirelength.weighted_average_wirelength - wirelength backward 0.119 ms
[INFO   ] DREAMPlace - optimizer step 9.309 ms
[INFO   ] DREAMPlace - iteration  536, (  26,  8,  0), Obj 2.301868E+03, NetCrossing 8.683E+00, NetCrossingWeight 1.000000E+00, DensityWeight 8.430231E-03, HPWL 2.217998E+03, Overflow 1.340824E-01, MaxDensity 2.421E+00, MacroOverlap 1.042E+00, MacroOverlapWeight 8.000000E-06, gamma 8.704838E-02, time 3.004ms
[INFO   ] DREAMPlace - full step 12.777 ms
[DEBUG  ] dreamplace.ops.weighted_average_wirelength.weighted_average_wirelength - wirelength forward 0.060 ms
[DEBUG  ] dreamplace.ops.electric_potential.electric_potential - density forward 0.941 ms
[DEBUG  ] dreamplace.ops.electric_potential.electric_potential - density backward 0.269 ms
[DEBUG  ] dreamplace.ops.weighted_average_wirelength.weighted_average_wirelength - wirelength backward 0.077 ms
[INFO   ] DREAMPlace - optimizer step 7.590 ms
[INFO   ] DREAMPlace - iteration  537, (  26,  8,  1), Obj 2.363196E+03, NetCrossing 1.058E+01, NetCrossingWeight 1.000000E+00, DensityWeight 8.430231E-03, HPWL 2.276843E+03, Overflow 1.420882E-01, MaxDensity 2.949E+00, MacroOverlap 1.356E+00, MacroOverlapWeight 8.000000E-06, gamma 8.704838E-02, time 3.008ms
[INFO   ] DREAMPlace - full step 11.066 ms
[INFO   ] DREAMPlace - Lsub stopping criteria: 1 and 2363.2 > 2301.87 * 0.999
[DEBUG  ] dreamplace.ops.weighted_average_wirelength.weighted_average_wirelength - wirelength forward 0.058 ms
[DEBUG  ] dreamplace.ops.electric_potential.electric_potential - density forward 0.945 ms
[DEBUG  ] dreamplace.ops.electric_potential.electric_potential - density backward 0.344 ms
[DEBUG  ] dreamplace.ops.weighted_average_wirelength.weighted_average_wirelength - wirelength backward 0.098 ms
[INFO   ] DREAMPlace - optimizer step 8.351 ms
[INFO   ] DREAMPlace - iteration  538, (  26,  9,  0), Obj 2.270954E+03, NetCrossing 9.837E+00, NetCrossingWeight 1.000000E+00, DensityWeight 8.615125E-03, HPWL 2.189004E+03, Overflow 1.397279E-01, MaxDensity 2.421E+00, MacroOverlap 1.138E+00, MacroOverlapWeight 8.000000E-06, gamma 8.704838E-02, time 2.830ms
[INFO   ] DREAMPlace - full step 11.613 ms
[DEBUG  ] dreamplace.ops.weighted_average_wirelength.weighted_average_wirelength - wirelength forward 0.058 ms
[DEBUG  ] dreamplace.ops.electric_potential.electric_potential - density forward 0.949 ms
[DEBUG  ] dreamplace.ops.electric_potential.electric_potential - density backward 0.352 ms
[DEBUG  ] dreamplace.ops.weighted_average_wirelength.weighted_average_wirelength - wirelength backward 0.102 ms
[INFO   ] DREAMPlace - optimizer step 8.524 ms
[INFO   ] DREAMPlace - iteration  539, (  26,  9,  1), Obj 2.406816E+03, NetCrossing 9.313E+00, NetCrossingWeight 1.000000E+00, DensityWeight 8.615125E-03, HPWL 2.325743E+03, Overflow 1.310688E-01, MaxDensity 2.421E+00, MacroOverlap 9.780E-01, MacroOverlapWeight 8.000000E-06, gamma 8.704838E-02, time 2.841ms
[INFO   ] DREAMPlace - full step 11.832 ms
[INFO   ] DREAMPlace - Lsub stopping criteria: 1 and 2406.82 > 2270.95 * 0.999
[DEBUG  ] dreamplace.ops.weighted_average_wirelength.weighted_average_wirelength - wirelength forward 0.060 ms
[DEBUG  ] dreamplace.ops.electric_potential.electric_potential - density forward 0.958 ms
[DEBUG  ] dreamplace.ops.electric_potential.electric_potential - density backward 0.319 ms
[DEBUG  ] dreamplace.ops.weighted_average_wirelength.weighted_average_wirelength - wirelength backward 0.103 ms
[INFO   ] DREAMPlace - optimizer step 8.515 ms
[INFO   ] DREAMPlace - iteration  540, (  27,  0,  0), Obj 2.275094E+03, NetCrossing 8.019E+00, NetCrossingWeight 1.000000E+00, DensityWeight 8.983709E-03, HPWL 2.192517E+03, Overflow 1.367062E-01, MaxDensity 2.421E+00, MacroOverlap 1.039E+00, MacroOverlapWeight 8.000000E-06, gamma 8.317690E-02, time 2.894ms
[INFO   ] DREAMPlace - full step 11.857 ms
[DEBUG  ] dreamplace.ops.weighted_average_wirelength.weighted_average_wirelength - wirelength forward 0.061 ms
[DEBUG  ] dreamplace.ops.electric_potential.electric_potential - density forward 0.972 ms
[DEBUG  ] dreamplace.ops.electric_potential.electric_potential - density backward 0.357 ms
[DEBUG  ] dreamplace.ops.weighted_average_wirelength.weighted_average_wirelength - wirelength backward 0.113 ms
[INFO   ] DREAMPlace - optimizer step 8.876 ms
[INFO   ] DREAMPlace - iteration  541, (  27,  0,  1), Obj 2.225452E+03, NetCrossing 1.022E+01, NetCrossingWeight 1.000000E+00, DensityWeight 8.983709E-03, HPWL 2.129875E+03, Overflow 1.435834E-01, MaxDensity 2.421E+00, MacroOverlap 1.205E+00, MacroOverlapWeight 8.000000E-06, gamma 8.317690E-02, time 2.898ms
[INFO   ] DREAMPlace - full step 12.232 ms
[DEBUG  ] dreamplace.ops.weighted_average_wirelength.weighted_average_wirelength - wirelength forward 0.064 ms
[DEBUG  ] dreamplace.ops.electric_potential.electric_potential - density forward 0.994 ms
[DEBUG  ] dreamplace.ops.electric_potential.electric_potential - density backward 0.360 ms
[DEBUG  ] dreamplace.ops.weighted_average_wirelength.weighted_average_wirelength - wirelength backward 0.119 ms
[INFO   ] DREAMPlace - optimizer step 8.983 ms
[INFO   ] DREAMPlace - iteration  542, (  27,  1,  0), Obj 2.266516E+03, NetCrossing 5.131E+00, NetCrossingWeight 1.000000E+00, DensityWeight 9.180741E-03, HPWL 2.188234E+03, Overflow 1.409480E-01, MaxDensity 3.027E+00, MacroOverlap 1.107E+00, MacroOverlapWeight 8.000000E-06, gamma 8.317690E-02, time 2.939ms
[INFO   ] DREAMPlace - full step 12.383 ms
[DEBUG  ] dreamplace.ops.weighted_average_wirelength.weighted_average_wirelength - wirelength forward 0.064 ms
[DEBUG  ] dreamplace.ops.electric_potential.electric_potential - density forward 1.004 ms
[DEBUG  ] dreamplace.ops.electric_potential.electric_potential - density backward 0.366 ms
[DEBUG  ] dreamplace.ops.weighted_average_wirelength.weighted_average_wirelength - wirelength backward 0.110 ms
[INFO   ] DREAMPlace - optimizer step 9.140 ms
[INFO   ] DREAMPlace - iteration  543, (  27,  1,  1), Obj 2.155116E+03, NetCrossing 9.462E+00, NetCrossingWeight 1.000000E+00, DensityWeight 9.180741E-03, HPWL 2.054090E+03, Overflow 1.433591E-01, MaxDensity 2.924E+00, MacroOverlap 1.304E+00, MacroOverlapWeight 8.000000E-06, gamma 8.317690E-02, time 2.979ms
[INFO   ] DREAMPlace - full step 12.589 ms
[DEBUG  ] dreamplace.ops.weighted_average_wirelength.weighted_average_wirelength - wirelength forward 0.066 ms
[DEBUG  ] dreamplace.ops.electric_potential.electric_potential - density forward 1.042 ms
[DEBUG  ] dreamplace.ops.electric_potential.electric_potential - density backward 0.366 ms
[DEBUG  ] dreamplace.ops.weighted_average_wirelength.weighted_average_wirelength - wirelength backward 0.126 ms
[INFO   ] DREAMPlace - optimizer step 9.337 ms
[INFO   ] DREAMPlace - iteration  544, (  27,  2,  0), Obj 2.277289E+03, NetCrossing 7.912E+00, NetCrossingWeight 1.000000E+00, DensityWeight 9.382095E-03, HPWL 2.199533E+03, Overflow 1.370962E-01, MaxDensity 2.191E+00, MacroOverlap 9.440E-01, MacroOverlapWeight 8.000000E-06, gamma 8.317690E-02, time 3.018ms
[INFO   ] DREAMPlace - full step 12.821 ms
[DEBUG  ] dreamplace.ops.weighted_average_wirelength.weighted_average_wirelength - wirelength forward 0.065 ms
[DEBUG  ] dreamplace.ops.electric_potential.electric_potential - density forward 1.016 ms
[DEBUG  ] dreamplace.ops.electric_potential.electric_potential - density backward 0.344 ms
[DEBUG  ] dreamplace.ops.weighted_average_wirelength.weighted_average_wirelength - wirelength backward 0.118 ms
[INFO   ] DREAMPlace - optimizer step 9.363 ms
[INFO   ] DREAMPlace - iteration  545, (  27,  2,  1), Obj 2.350345E+03, NetCrossing 1.032E+01, NetCrossingWeight 1.000000E+00, DensityWeight 9.382095E-03, HPWL 2.262209E+03, Overflow 1.330389E-01, MaxDensity 2.968E+00, MacroOverlap 9.275E-01, MacroOverlapWeight 8.000000E-06, gamma 8.317690E-02, time 3.007ms
[INFO   ] DREAMPlace - full step 12.855 ms
[INFO   ] DREAMPlace - Lsub stopping criteria: 1 and 2350.35 > 2277.29 * 0.999
[DEBUG  ] dreamplace.ops.weighted_average_wirelength.weighted_average_wirelength - wirelength forward 0.061 ms
[DEBUG  ] dreamplace.ops.electric_potential.electric_potential - density forward 0.979 ms
[DEBUG  ] dreamplace.ops.electric_potential.electric_potential - density backward 0.376 ms
[DEBUG  ] dreamplace.ops.weighted_average_wirelength.weighted_average_wirelength - wirelength backward 0.111 ms
[INFO   ] DREAMPlace - optimizer step 8.944 ms
[INFO   ] DREAMPlace - iteration  546, (  27,  3,  0), Obj 2.250183E+03, NetCrossing 6.097E+00, NetCrossingWeight 1.000000E+00, DensityWeight 9.783352E-03, HPWL 2.162005E+03, Overflow 1.340737E-01, MaxDensity 2.328E+00, MacroOverlap 8.768E-01, MacroOverlapWeight 8.000000E-06, gamma 8.317690E-02, time 3.020ms
[INFO   ] DREAMPlace - full step 12.414 ms
[DEBUG  ] dreamplace.ops.weighted_average_wirelength.weighted_average_wirelength - wirelength forward 0.063 ms
[DEBUG  ] dreamplace.ops.electric_potential.electric_potential - density forward 0.984 ms
[DEBUG  ] dreamplace.ops.electric_potential.electric_potential - density backward 0.271 ms
[DEBUG  ] dreamplace.ops.weighted_average_wirelength.weighted_average_wirelength - wirelength backward 0.077 ms
[INFO   ] DREAMPlace - optimizer step 7.807 ms
[INFO   ] DREAMPlace - iteration  547, (  27,  3,  1), Obj 2.249249E+03, NetCrossing 1.085E+01, NetCrossingWeight 1.000000E+00, DensityWeight 9.783352E-03, HPWL 2.154193E+03, Overflow 1.399277E-01, MaxDensity 2.421E+00, MacroOverlap 1.028E+00, MacroOverlapWeight 8.000000E-06, gamma 8.317690E-02, time 2.914ms
[INFO   ] DREAMPlace - full step 11.184 ms
[INFO   ] DREAMPlace - Lsub stopping criteria: 1 and 2249.25 > 2250.18 * 0.999
[DEBUG  ] dreamplace.ops.weighted_average_wirelength.weighted_average_wirelength - wirelength forward 0.061 ms
[DEBUG  ] dreamplace.ops.electric_potential.electric_potential - density forward 0.947 ms
[DEBUG  ] dreamplace.ops.electric_potential.electric_potential - density backward 0.338 ms
[DEBUG  ] dreamplace.ops.weighted_average_wirelength.weighted_average_wirelength - wirelength backward 0.098 ms
[INFO   ] DREAMPlace - optimizer step 8.353 ms
[INFO   ] DREAMPlace - iteration  548, (  27,  4,  0), Obj 2.293482E+03, NetCrossing 1.118E+01, NetCrossingWeight 1.000000E+00, DensityWeight 9.997923E-03, HPWL 2.204256E+03, Overflow 1.341090E-01, MaxDensity 2.421E+00, MacroOverlap 8.366E-01, MacroOverlapWeight 8.000000E-06, gamma 8.317690E-02, time 2.972ms
[INFO   ] DREAMPlace - full step 11.779 ms
[DEBUG  ] dreamplace.ops.weighted_average_wirelength.weighted_average_wirelength - wirelength forward 0.060 ms
[DEBUG  ] dreamplace.ops.electric_potential.electric_potential - density forward 0.972 ms
[DEBUG  ] dreamplace.ops.electric_potential.electric_potential - density backward 0.333 ms
[DEBUG  ] dreamplace.ops.weighted_average_wirelength.weighted_average_wirelength - wirelength backward 0.110 ms
[INFO   ] DREAMPlace - optimizer step 8.821 ms
[INFO   ] DREAMPlace - iteration  549, (  27,  4,  1), Obj 2.244860E+03, NetCrossing 7.554E+00, NetCrossingWeight 1.000000E+00, DensityWeight 9.997923E-03, HPWL 2.154662E+03, Overflow 1.393514E-01, MaxDensity 2.421E+00, MacroOverlap 8.388E-01, MacroOverlapWeight 8.000000E-06, gamma 8.317690E-02, time 2.844ms
[INFO   ] DREAMPlace - full step 12.130 ms
[DEBUG  ] dreamplace.ops.weighted_average_wirelength.weighted_average_wirelength - wirelength forward 0.063 ms
[DEBUG  ] dreamplace.ops.electric_potential.electric_potential - density forward 0.986 ms
[DEBUG  ] dreamplace.ops.electric_potential.electric_potential - density backward 0.347 ms
[DEBUG  ] dreamplace.ops.weighted_average_wirelength.weighted_average_wirelength - wirelength backward 0.119 ms
[INFO   ] DREAMPlace - optimizer step 8.692 ms
[INFO   ] DREAMPlace - iteration  550, (  27,  5,  0), Obj 2.271260E+03, NetCrossing 1.001E+01, NetCrossingWeight 1.000000E+00, DensityWeight 1.042571E-02, HPWL 2.187503E+03, Overflow 1.332048E-01, MaxDensity 2.804E+00, MacroOverlap 8.847E-01, MacroOverlapWeight 8.000000E-06, gamma 8.317690E-02, time 2.934ms
[INFO   ] DREAMPlace - full step 12.076 ms
[DEBUG  ] dreamplace.ops.weighted_average_wirelength.weighted_average_wirelength - wirelength forward 0.064 ms
[DEBUG  ] dreamplace.ops.electric_potential.electric_potential - density forward 0.986 ms
[DEBUG  ] dreamplace.ops.electric_potential.electric_potential - density backward 0.399 ms
[DEBUG  ] dreamplace.ops.weighted_average_wirelength.weighted_average_wirelength - wirelength backward 0.110 ms
[INFO   ] DREAMPlace - optimizer step 9.125 ms
[INFO   ] DREAMPlace - iteration  551, (  27,  5,  1), Obj 2.281254E+03, NetCrossing 1.154E+01, NetCrossingWeight 1.000000E+00, DensityWeight 1.042571E-02, HPWL 2.186030E+03, Overflow 1.350026E-01, MaxDensity 2.421E+00, MacroOverlap 9.018E-01, MacroOverlapWeight 8.000000E-06, gamma 8.317690E-02, time 2.949ms
[INFO   ] DREAMPlace - full step 12.538 ms
[INFO   ] DREAMPlace - Lsub stopping criteria: 1 and 2281.25 > 2271.26 * 0.999
[DEBUG  ] dreamplace.ops.weighted_average_wirelength.weighted_average_wirelength - wirelength forward 0.066 ms
[DEBUG  ] dreamplace.ops.electric_potential.electric_potential - density forward 1.035 ms
[DEBUG  ] dreamplace.ops.electric_potential.electric_potential - density backward 0.368 ms
[DEBUG  ] dreamplace.ops.weighted_average_wirelength.weighted_average_wirelength - wirelength backward 0.128 ms
[INFO   ] DREAMPlace - optimizer step 9.299 ms
[INFO   ] DREAMPlace - iteration  552, (  27,  6,  0), Obj 2.290976E+03, NetCrossing 8.624E+00, NetCrossingWeight 1.000000E+00, DensityWeight 1.087178E-02, HPWL 2.199148E+03, Overflow 1.374034E-01, MaxDensity 2.944E+00, MacroOverlap 8.419E-01, MacroOverlapWeight 8.000000E-06, gamma 8.317690E-02, time 2.990ms
[INFO   ] DREAMPlace - full step 12.758 ms
[DEBUG  ] dreamplace.ops.weighted_average_wirelength.weighted_average_wirelength - wirelength forward 0.066 ms
[DEBUG  ] dreamplace.ops.electric_potential.electric_potential - density forward 1.012 ms
[DEBUG  ] dreamplace.ops.electric_potential.electric_potential - density backward 0.392 ms
[DEBUG  ] dreamplace.ops.weighted_average_wirelength.weighted_average_wirelength - wirelength backward 0.127 ms
[INFO   ] DREAMPlace - optimizer step 9.614 ms
[INFO   ] DREAMPlace - iteration  553, (  27,  6,  1), Obj 2.307209E+03, NetCrossing 8.731E+00, NetCrossingWeight 1.000000E+00, DensityWeight 1.087178E-02, HPWL 2.212843E+03, Overflow 1.309645E-01, MaxDensity 2.428E+00, MacroOverlap 9.744E-01, MacroOverlapWeight 8.000000E-06, gamma 8.317690E-02, time 3.015ms
[INFO   ] DREAMPlace - full step 13.116 ms
[INFO   ] DREAMPlace - Lsub stopping criteria: 1 and 2307.21 > 2290.98 * 0.999
[DEBUG  ] dreamplace.ops.weighted_average_wirelength.weighted_average_wirelength - wirelength forward 0.060 ms
[DEBUG  ] dreamplace.ops.electric_potential.electric_potential - density forward 0.951 ms
[DEBUG  ] dreamplace.ops.electric_potential.electric_potential - density backward 0.292 ms
[DEBUG  ] dreamplace.ops.weighted_average_wirelength.weighted_average_wirelength - wirelength backward 0.077 ms
[INFO   ] DREAMPlace - optimizer step 7.680 ms
[INFO   ] DREAMPlace - iteration  554, (  27,  7,  0), Obj 2.275540E+03, NetCrossing 6.314E+00, NetCrossingWeight 1.000000E+00, DensityWeight 1.133693E-02, HPWL 2.188842E+03, Overflow 1.304239E-01, MaxDensity 2.539E+00, MacroOverlap 8.729E-01, MacroOverlapWeight 8.000000E-06, gamma 8.317690E-02, time 3.129ms
[INFO   ] DREAMPlace - full step 11.268 ms
[DEBUG  ] dreamplace.ops.weighted_average_wirelength.weighted_average_wirelength - wirelength forward 0.059 ms
[DEBUG  ] dreamplace.ops.electric_potential.electric_potential - density forward 0.939 ms
[DEBUG  ] dreamplace.ops.electric_potential.electric_potential - density backward 0.309 ms
[DEBUG  ] dreamplace.ops.weighted_average_wirelength.weighted_average_wirelength - wirelength backward 0.097 ms
[INFO   ] DREAMPlace - optimizer step 8.262 ms
[INFO   ] DREAMPlace - iteration  555, (  27,  7,  1), Obj 2.295503E+03, NetCrossing 6.556E+00, NetCrossingWeight 1.000000E+00, DensityWeight 1.133693E-02, HPWL 2.211908E+03, Overflow 1.277384E-01, MaxDensity 2.421E+00, MacroOverlap 6.129E-01, MacroOverlapWeight 8.000000E-06, gamma 8.317690E-02, time 2.872ms
[INFO   ] DREAMPlace - full step 11.595 ms
[INFO   ] DREAMPlace - Lsub stopping criteria: 1 and 2295.5 > 2275.54 * 0.999
[DEBUG  ] dreamplace.ops.weighted_average_wirelength.weighted_average_wirelength - wirelength forward 0.057 ms
[DEBUG  ] dreamplace.ops.electric_potential.electric_potential - density forward 0.958 ms
[DEBUG  ] dreamplace.ops.electric_potential.electric_potential - density backward 0.349 ms
[DEBUG  ] dreamplace.ops.weighted_average_wirelength.weighted_average_wirelength - wirelength backward 0.103 ms
[INFO   ] DREAMPlace - optimizer step 8.540 ms
[INFO   ] DREAMPlace - iteration  556, (  27,  8,  0), Obj 2.210239E+03, NetCrossing 6.591E+00, NetCrossingWeight 1.000000E+00, DensityWeight 1.158558E-02, HPWL 2.121770E+03, Overflow 1.282013E-01, MaxDensity 2.421E+00, MacroOverlap 6.555E-01, MacroOverlapWeight 8.000000E-06, gamma 8.317690E-02, time 2.872ms
[INFO   ] DREAMPlace - full step 11.849 ms
[DEBUG  ] dreamplace.ops.weighted_average_wirelength.weighted_average_wirelength - wirelength forward 0.060 ms
[DEBUG  ] dreamplace.ops.electric_potential.electric_potential - density forward 1.274 ms
[DEBUG  ] dreamplace.ops.electric_potential.electric_potential - density backward 0.383 ms
[DEBUG  ] dreamplace.ops.weighted_average_wirelength.weighted_average_wirelength - wirelength backward 0.110 ms
[INFO   ] DREAMPlace - optimizer step 9.197 ms
[INFO   ] DREAMPlace - iteration  557, (  27,  8,  1), Obj 2.226313E+03, NetCrossing 1.140E+01, NetCrossingWeight 1.000000E+00, DensityWeight 1.158558E-02, HPWL 2.140486E+03, Overflow 1.258480E-01, MaxDensity 2.052E+00, MacroOverlap 7.819E-01, MacroOverlapWeight 8.000000E-06, gamma 8.317690E-02, time 2.943ms
[INFO   ] DREAMPlace - full step 12.614 ms
[INFO   ] DREAMPlace - Lsub stopping criteria: 1 and 2226.31 > 2210.24 * 0.999
[DEBUG  ] dreamplace.ops.weighted_average_wirelength.weighted_average_wirelength - wirelength forward 0.062 ms
[DEBUG  ] dreamplace.ops.electric_potential.electric_potential - density forward 0.986 ms
[DEBUG  ] dreamplace.ops.electric_potential.electric_potential - density backward 0.348 ms
[DEBUG  ] dreamplace.ops.weighted_average_wirelength.weighted_average_wirelength - wirelength backward 0.107 ms
[INFO   ] DREAMPlace - optimizer step 8.659 ms
[INFO   ] DREAMPlace - iteration  558, (  27,  9,  0), Obj 2.310274E+03, NetCrossing 2.132E+01, NetCrossingWeight 1.000000E+00, DensityWeight 1.183968E-02, HPWL 2.213250E+03, Overflow 1.258147E-01, MaxDensity 2.421E+00, MacroOverlap 8.984E-01, MacroOverlapWeight 8.000000E-06, gamma 8.317690E-02, time 2.909ms
[INFO   ] DREAMPlace - full step 12.036 ms
[DEBUG  ] dreamplace.ops.weighted_average_wirelength.weighted_average_wirelength - wirelength forward 0.063 ms
[DEBUG  ] dreamplace.ops.electric_potential.electric_potential - density forward 0.988 ms
[DEBUG  ] dreamplace.ops.electric_potential.electric_potential - density backward 0.372 ms
[DEBUG  ] dreamplace.ops.weighted_average_wirelength.weighted_average_wirelength - wirelength backward 0.110 ms
[INFO   ] DREAMPlace - optimizer step 9.090 ms
[INFO   ] DREAMPlace - iteration  559, (  27,  9,  1), Obj 2.218609E+03, NetCrossing 2.035E+01, NetCrossingWeight 1.000000E+00, DensityWeight 1.183968E-02, HPWL 2.126094E+03, Overflow 1.264999E-01, MaxDensity 2.421E+00, MacroOverlap 8.496E-01, MacroOverlapWeight 8.000000E-06, gamma 8.317690E-02, time 2.946ms
[INFO   ] DREAMPlace - full step 12.495 ms
[DEBUG  ] dreamplace.ops.weighted_average_wirelength.weighted_average_wirelength - wirelength forward 0.065 ms
[DEBUG  ] dreamplace.ops.electric_potential.electric_potential - density forward 1.220 ms
[DEBUG  ] dreamplace.ops.electric_potential.electric_potential - density backward 0.395 ms
[DEBUG  ] dreamplace.ops.weighted_average_wirelength.weighted_average_wirelength - wirelength backward 0.124 ms
[INFO   ] DREAMPlace - optimizer step 9.504 ms
[INFO   ] DREAMPlace - iteration  560, (  28,  0,  0), Obj 2.210679E+03, NetCrossing 1.051E+01, NetCrossingWeight 1.000000E+00, DensityWeight 1.209935E-02, HPWL 2.113947E+03, Overflow 1.333236E-01, MaxDensity 2.319E+00, MacroOverlap 1.014E+00, MacroOverlapWeight 8.000000E-06, gamma 8.125494E-02, time 3.098ms
[INFO   ] DREAMPlace - full step 13.063 ms
[DEBUG  ] dreamplace.ops.weighted_average_wirelength.weighted_average_wirelength - wirelength forward 0.065 ms
[DEBUG  ] dreamplace.ops.electric_potential.electric_potential - density forward 1.178 ms
[DEBUG  ] dreamplace.ops.electric_potential.electric_potential - density backward 0.393 ms
[DEBUG  ] dreamplace.ops.weighted_average_wirelength.weighted_average_wirelength - wirelength backward 0.128 ms
[INFO   ] DREAMPlace - optimizer step 9.805 ms
[INFO   ] DREAMPlace - iteration  561, (  28,  0,  1), Obj 2.186062E+03, NetCrossing 9.121E+00, NetCrossingWeight 1.000000E+00, DensityWeight 1.209935E-02, HPWL 2.101170E+03, Overflow 1.257367E-01, MaxDensity 2.546E+00, MacroOverlap 8.512E-01, MacroOverlapWeight 8.000000E-06, gamma 8.125494E-02, time 3.145ms
[INFO   ] DREAMPlace - full step 13.468 ms
[DEBUG  ] dreamplace.ops.weighted_average_wirelength.weighted_average_wirelength - wirelength forward 0.060 ms
[DEBUG  ] dreamplace.ops.electric_potential.electric_potential - density forward 1.163 ms
[DEBUG  ] dreamplace.ops.electric_potential.electric_potential - density backward 0.412 ms
[DEBUG  ] dreamplace.ops.weighted_average_wirelength.weighted_average_wirelength - wirelength backward 0.076 ms
[INFO   ] DREAMPlace - optimizer step 9.116 ms
[INFO   ] DREAMPlace - iteration  562, (  28,  1,  0), Obj 2.171133E+03, NetCrossing 8.031E+00, NetCrossingWeight 1.000000E+00, DensityWeight 1.236471E-02, HPWL 2.083284E+03, Overflow 1.286585E-01, MaxDensity 2.421E+00, MacroOverlap 6.525E-01, MacroOverlapWeight 8.000000E-06, gamma 8.125494E-02, time 3.093ms
[INFO   ] DREAMPlace - full step 12.658 ms
[DEBUG  ] dreamplace.ops.weighted_average_wirelength.weighted_average_wirelength - wirelength forward 0.062 ms
[DEBUG  ] dreamplace.ops.electric_potential.electric_potential - density forward 0.994 ms
[DEBUG  ] dreamplace.ops.electric_potential.electric_potential - density backward 0.296 ms
[DEBUG  ] dreamplace.ops.weighted_average_wirelength.weighted_average_wirelength - wirelength backward 0.088 ms
[INFO   ] DREAMPlace - optimizer step 7.734 ms
[INFO   ] DREAMPlace - iteration  563, (  28,  1,  1), Obj 2.172071E+03, NetCrossing 5.804E+00, NetCrossingWeight 1.000000E+00, DensityWeight 1.236471E-02, HPWL 2.083401E+03, Overflow 1.263880E-01, MaxDensity 2.421E+00, MacroOverlap 7.823E-01, MacroOverlapWeight 8.000000E-06, gamma 8.125494E-02, time 2.926ms
[INFO   ] DREAMPlace - full step 11.114 ms
[INFO   ] DREAMPlace - Lsub stopping criteria: 1 and 2172.07 > 2171.13 * 0.999
[DEBUG  ] dreamplace.ops.weighted_average_wirelength.weighted_average_wirelength - wirelength forward 0.059 ms
[DEBUG  ] dreamplace.ops.electric_potential.electric_potential - density forward 1.025 ms
[DEBUG  ] dreamplace.ops.electric_potential.electric_potential - density backward 0.323 ms
[DEBUG  ] dreamplace.ops.weighted_average_wirelength.weighted_average_wirelength - wirelength backward 0.107 ms
[INFO   ] DREAMPlace - optimizer step 8.224 ms
[INFO   ] DREAMPlace - iteration  564, (  28,  2,  0), Obj 2.246550E+03, NetCrossing 9.425E+00, NetCrossingWeight 1.000000E+00, DensityWeight 1.263590E-02, HPWL 2.165501E+03, Overflow 1.192628E-01, MaxDensity 2.318E+00, MacroOverlap 5.797E-01, MacroOverlapWeight 8.000000E-06, gamma 8.125494E-02, time 3.011ms
[INFO   ] DREAMPlace - full step 11.693 ms
[DEBUG  ] dreamplace.ops.weighted_average_wirelength.weighted_average_wirelength - wirelength forward 0.060 ms
[DEBUG  ] dreamplace.ops.electric_potential.electric_potential - density forward 0.953 ms
[DEBUG  ] dreamplace.ops.electric_potential.electric_potential - density backward 0.350 ms
[DEBUG  ] dreamplace.ops.weighted_average_wirelength.weighted_average_wirelength - wirelength backward 0.104 ms
[INFO   ] DREAMPlace - optimizer step 8.518 ms
[INFO   ] DREAMPlace - iteration  565, (  28,  2,  1), Obj 2.197856E+03, NetCrossing 6.649E+00, NetCrossingWeight 1.000000E+00, DensityWeight 1.263590E-02, HPWL 2.110910E+03, Overflow 1.171404E-01, MaxDensity 2.666E+00, MacroOverlap 6.335E-01, MacroOverlapWeight 8.000000E-06, gamma 8.125494E-02, time 2.850ms
[INFO   ] DREAMPlace - full step 11.829 ms
[DEBUG  ] dreamplace.ops.weighted_average_wirelength.weighted_average_wirelength - wirelength forward 0.062 ms
[DEBUG  ] dreamplace.ops.electric_potential.electric_potential - density forward 0.970 ms
[DEBUG  ] dreamplace.ops.electric_potential.electric_potential - density backward 0.353 ms
[DEBUG  ] dreamplace.ops.weighted_average_wirelength.weighted_average_wirelength - wirelength backward 0.116 ms
[INFO   ] DREAMPlace - optimizer step 8.624 ms
[INFO   ] DREAMPlace - iteration  566, (  28,  3,  0), Obj 2.140069E+03, NetCrossing 6.152E+00, NetCrossingWeight 1.000000E+00, DensityWeight 1.317653E-02, HPWL 2.045886E+03, Overflow 1.236908E-01, MaxDensity 2.350E+00, MacroOverlap 7.228E-01, MacroOverlapWeight 8.000000E-06, gamma 8.125494E-02, time 2.903ms
[INFO   ] DREAMPlace - full step 11.975 ms
[DEBUG  ] dreamplace.ops.weighted_average_wirelength.weighted_average_wirelength - wirelength forward 0.062 ms
[DEBUG  ] dreamplace.ops.electric_potential.electric_potential - density forward 1.092 ms
[DEBUG  ] dreamplace.ops.electric_potential.electric_potential - density backward 0.362 ms
[DEBUG  ] dreamplace.ops.weighted_average_wirelength.weighted_average_wirelength - wirelength backward 0.119 ms
[INFO   ] DREAMPlace - optimizer step 9.059 ms
[INFO   ] DREAMPlace - iteration  567, (  28,  3,  1), Obj 2.184112E+03, NetCrossing 1.228E+01, NetCrossingWeight 1.000000E+00, DensityWeight 1.317653E-02, HPWL 2.089346E+03, Overflow 1.192575E-01, MaxDensity 2.421E+00, MacroOverlap 6.148E-01, MacroOverlapWeight 8.000000E-06, gamma 8.125494E-02, time 2.934ms
[INFO   ] DREAMPlace - full step 12.457 ms
[INFO   ] DREAMPlace - Lsub stopping criteria: 1 and 2184.11 > 2140.07 * 0.999
[DEBUG  ] dreamplace.ops.weighted_average_wirelength.weighted_average_wirelength - wirelength forward 0.064 ms
[DEBUG  ] dreamplace.ops.electric_potential.electric_potential - density forward 1.013 ms
[DEBUG  ] dreamplace.ops.electric_potential.electric_potential - density backward 0.424 ms
[DEBUG  ] dreamplace.ops.weighted_average_wirelength.weighted_average_wirelength - wirelength backward 0.125 ms
[INFO   ] DREAMPlace - optimizer step 9.420 ms
[INFO   ] DREAMPlace - iteration  568, (  28,  4,  0), Obj 2.138773E+03, NetCrossing 1.004E+01, NetCrossingWeight 1.000000E+00, DensityWeight 1.346552E-02, HPWL 2.056102E+03, Overflow 1.202738E-01, MaxDensity 2.421E+00, MacroOverlap 5.334E-01, MacroOverlapWeight 8.000000E-06, gamma 8.125494E-02, time 2.975ms
[INFO   ] DREAMPlace - full step 12.853 ms
[DEBUG  ] dreamplace.ops.weighted_average_wirelength.weighted_average_wirelength - wirelength forward 0.066 ms
[DEBUG  ] dreamplace.ops.electric_potential.electric_potential - density forward 1.015 ms
[DEBUG  ] dreamplace.ops.electric_potential.electric_potential - density backward 0.391 ms
[DEBUG  ] dreamplace.ops.weighted_average_wirelength.weighted_average_wirelength - wirelength backward 0.128 ms
[INFO   ] DREAMPlace - optimizer step 9.655 ms
[INFO   ] DREAMPlace - iteration  569, (  28,  4,  1), Obj 2.185586E+03, NetCrossing 1.064E+01, NetCrossingWeight 1.000000E+00, DensityWeight 1.346552E-02, HPWL 2.094942E+03, Overflow 1.222369E-01, MaxDensity 2.421E+00, MacroOverlap 5.599E-01, MacroOverlapWeight 8.000000E-06, gamma 8.125494E-02, time 3.021ms
[INFO   ] DREAMPlace - full step 13.174 ms
[INFO   ] DREAMPlace - Lsub stopping criteria: 1 and 2185.59 > 2138.77 * 0.999
[DEBUG  ] dreamplace.ops.weighted_average_wirelength.weighted_average_wirelength - wirelength forward 0.063 ms
[DEBUG  ] dreamplace.ops.electric_potential.electric_potential - density forward 0.976 ms
[DEBUG  ] dreamplace.ops.electric_potential.electric_potential - density backward 0.397 ms
[DEBUG  ] dreamplace.ops.weighted_average_wirelength.weighted_average_wirelength - wirelength backward 0.077 ms
[INFO   ] DREAMPlace - optimizer step 9.233 ms
[INFO   ] DREAMPlace - iteration  570, (  28,  5,  0), Obj 2.163930E+03, NetCrossing 9.039E+00, NetCrossingWeight 1.000000E+00, DensityWeight 1.404168E-02, HPWL 2.086896E+03, Overflow 1.181841E-01, MaxDensity 2.421E+00, MacroOverlap 4.689E-01, MacroOverlapWeight 8.000000E-06, gamma 8.125494E-02, time 3.019ms
[INFO   ] DREAMPlace - full step 12.712 ms
[DEBUG  ] dreamplace.ops.weighted_average_wirelength.weighted_average_wirelength - wirelength forward 0.065 ms
[DEBUG  ] dreamplace.ops.electric_potential.electric_potential - density forward 0.999 ms
[DEBUG  ] dreamplace.ops.electric_potential.electric_potential - density backward 0.298 ms
[DEBUG  ] dreamplace.ops.weighted_average_wirelength.weighted_average_wirelength - wirelength backward 0.076 ms
[INFO   ] DREAMPlace - optimizer step 7.848 ms
[INFO   ] DREAMPlace - iteration  571, (  28,  5,  1), Obj 2.185258E+03, NetCrossing 8.972E+00, NetCrossingWeight 1.000000E+00, DensityWeight 1.404168E-02, HPWL 2.094185E+03, Overflow 1.153547E-01, MaxDensity 2.289E+00, MacroOverlap 5.329E-01, MacroOverlapWeight 8.000000E-06, gamma 8.125494E-02, time 2.935ms
[INFO   ] DREAMPlace - full step 11.286 ms
[INFO   ] DREAMPlace - Lsub stopping criteria: 1 and 2185.26 > 2163.93 * 0.999
[DEBUG  ] dreamplace.ops.weighted_average_wirelength.weighted_average_wirelength - wirelength forward 0.060 ms
[DEBUG  ] dreamplace.ops.electric_potential.electric_potential - density forward 0.961 ms
[DEBUG  ] dreamplace.ops.electric_potential.electric_potential - density backward 0.365 ms
[DEBUG  ] dreamplace.ops.weighted_average_wirelength.weighted_average_wirelength - wirelength backward 0.111 ms
[INFO   ] DREAMPlace - optimizer step 8.334 ms
[INFO   ] DREAMPlace - iteration  572, (  28,  6,  0), Obj 2.176573E+03, NetCrossing 1.107E+01, NetCrossingWeight 1.000000E+00, DensityWeight 1.434964E-02, HPWL 2.095384E+03, Overflow 1.158309E-01, MaxDensity 2.120E+00, MacroOverlap 4.811E-01, MacroOverlapWeight 8.000000E-06, gamma 8.125494E-02, time 2.987ms
[INFO   ] DREAMPlace - full step 11.761 ms
[DEBUG  ] dreamplace.ops.weighted_average_wirelength.weighted_average_wirelength - wirelength forward 0.062 ms
[DEBUG  ] dreamplace.ops.electric_potential.electric_potential - density forward 1.087 ms
[DEBUG  ] dreamplace.ops.electric_potential.electric_potential - density backward 0.394 ms
[DEBUG  ] dreamplace.ops.weighted_average_wirelength.weighted_average_wirelength - wirelength backward 0.109 ms
[INFO   ] DREAMPlace - optimizer step 8.964 ms
[INFO   ] DREAMPlace - iteration  573, (  28,  6,  1), Obj 2.128579E+03, NetCrossing 6.305E+00, NetCrossingWeight 1.000000E+00, DensityWeight 1.434964E-02, HPWL 2.036368E+03, Overflow 1.212234E-01, MaxDensity 2.417E+00, MacroOverlap 5.438E-01, MacroOverlapWeight 8.000000E-06, gamma 8.125494E-02, time 2.851ms
[INFO   ] DREAMPlace - full step 12.266 ms
[DEBUG  ] dreamplace.ops.weighted_average_wirelength.weighted_average_wirelength - wirelength forward 0.062 ms
[DEBUG  ] dreamplace.ops.electric_potential.electric_potential - density forward 1.046 ms
[DEBUG  ] dreamplace.ops.electric_potential.electric_potential - density backward 0.390 ms
[DEBUG  ] dreamplace.ops.weighted_average_wirelength.weighted_average_wirelength - wirelength backward 0.118 ms
[INFO   ] DREAMPlace - optimizer step 9.046 ms
[INFO   ] DREAMPlace - iteration  574, (  28,  7,  0), Obj 2.164363E+03, NetCrossing 6.792E+00, NetCrossingWeight 1.000000E+00, DensityWeight 1.466436E-02, HPWL 2.080384E+03, Overflow 1.251430E-01, MaxDensity 2.421E+00, MacroOverlap 6.054E-01, MacroOverlapWeight 8.000000E-06, gamma 8.125494E-02, time 2.940ms
[INFO   ] DREAMPlace - full step 12.439 ms
[DEBUG  ] dreamplace.ops.weighted_average_wirelength.weighted_average_wirelength - wirelength forward 0.064 ms
[DEBUG  ] dreamplace.ops.electric_potential.electric_potential - density forward 1.009 ms
[DEBUG  ] dreamplace.ops.electric_potential.electric_potential - density backward 0.376 ms
[DEBUG  ] dreamplace.ops.weighted_average_wirelength.weighted_average_wirelength - wirelength backward 0.119 ms
[INFO   ] DREAMPlace - optimizer step 9.220 ms
[INFO   ] DREAMPlace - iteration  575, (  28,  7,  1), Obj 2.128571E+03, NetCrossing 9.489E+00, NetCrossingWeight 1.000000E+00, DensityWeight 1.466436E-02, HPWL 2.042391E+03, Overflow 1.213717E-01, MaxDensity 1.816E+00, MacroOverlap 5.211E-01, MacroOverlapWeight 8.000000E-06, gamma 8.125494E-02, time 2.977ms
[INFO   ] DREAMPlace - full step 12.668 ms
[DEBUG  ] dreamplace.ops.weighted_average_wirelength.weighted_average_wirelength - wirelength forward 0.066 ms
[DEBUG  ] dreamplace.ops.electric_potential.electric_potential - density forward 1.028 ms
[DEBUG  ] dreamplace.ops.electric_potential.electric_potential - density backward 0.478 ms
[DEBUG  ] dreamplace.ops.weighted_average_wirelength.weighted_average_wirelength - wirelength backward 0.128 ms
[INFO   ] DREAMPlace - optimizer step 10.059 ms
[INFO   ] DREAMPlace - iteration  576, (  28,  8,  0), Obj 2.147067E+03, NetCrossing 6.676E+00, NetCrossingWeight 1.000000E+00, DensityWeight 1.529181E-02, HPWL 2.063560E+03, Overflow 1.212281E-01, MaxDensity 2.421E+00, MacroOverlap 6.452E-01, MacroOverlapWeight 8.000000E-06, gamma 8.125494E-02, time 3.015ms
[INFO   ] DREAMPlace - full step 13.557 ms
[DEBUG  ] dreamplace.ops.weighted_average_wirelength.weighted_average_wirelength - wirelength forward 0.063 ms
[DEBUG  ] dreamplace.ops.electric_potential.electric_potential - density forward 1.027 ms
[DEBUG  ] dreamplace.ops.electric_potential.electric_potential - density backward 0.400 ms
[DEBUG  ] dreamplace.ops.weighted_average_wirelength.weighted_average_wirelength - wirelength backward 0.074 ms
[INFO   ] DREAMPlace - optimizer step 9.163 ms
[INFO   ] DREAMPlace - iteration  577, (  28,  8,  1), Obj 2.124097E+03, NetCrossing 5.613E+00, NetCrossingWeight 1.000000E+00, DensityWeight 1.529181E-02, HPWL 2.030747E+03, Overflow 1.227663E-01, MaxDensity 2.288E+00, MacroOverlap 6.666E-01, MacroOverlapWeight 8.000000E-06, gamma 8.125494E-02, time 3.019ms
[INFO   ] DREAMPlace - full step 12.654 ms
[DEBUG  ] dreamplace.ops.weighted_average_wirelength.weighted_average_wirelength - wirelength forward 0.065 ms
[DEBUG  ] dreamplace.ops.electric_potential.electric_potential - density forward 1.111 ms
[DEBUG  ] dreamplace.ops.electric_potential.electric_potential - density backward 0.312 ms
[DEBUG  ] dreamplace.ops.weighted_average_wirelength.weighted_average_wirelength - wirelength backward 0.073 ms
[INFO   ] DREAMPlace - optimizer step 7.920 ms
[INFO   ] DREAMPlace - iteration  578, (  28,  9,  0), Obj 2.175843E+03, NetCrossing 5.991E+00, NetCrossingWeight 1.000000E+00, DensityWeight 1.562720E-02, HPWL 2.093187E+03, Overflow 1.165819E-01, MaxDensity 2.787E+00, MacroOverlap 4.882E-01, MacroOverlapWeight 8.000000E-06, gamma 8.125494E-02, time 2.961ms
[INFO   ] DREAMPlace - full step 11.345 ms
[DEBUG  ] dreamplace.ops.weighted_average_wirelength.weighted_average_wirelength - wirelength forward 0.059 ms
[DEBUG  ] dreamplace.ops.electric_potential.electric_potential - density forward 1.029 ms
[DEBUG  ] dreamplace.ops.electric_potential.electric_potential - density backward 0.363 ms
[DEBUG  ] dreamplace.ops.weighted_average_wirelength.weighted_average_wirelength - wirelength backward 0.101 ms
[INFO   ] DREAMPlace - optimizer step 8.401 ms
[INFO   ] DREAMPlace - iteration  579, (  28,  9,  1), Obj 2.161323E+03, NetCrossing 7.098E+00, NetCrossingWeight 1.000000E+00, DensityWeight 1.562720E-02, HPWL 2.078280E+03, Overflow 1.137746E-01, MaxDensity 1.816E+00, MacroOverlap 4.729E-01, MacroOverlapWeight 8.000000E-06, gamma 8.125494E-02, time 2.993ms
[INFO   ] DREAMPlace - full step 11.868 ms
[DEBUG  ] dreamplace.ops.weighted_average_wirelength.weighted_average_wirelength - wirelength forward 0.062 ms
[DEBUG  ] dreamplace.ops.electric_potential.electric_potential - density forward 1.073 ms
[DEBUG  ] dreamplace.ops.electric_potential.electric_potential - density backward 0.376 ms
[DEBUG  ] dreamplace.ops.weighted_average_wirelength.weighted_average_wirelength - wirelength backward 0.117 ms
[INFO   ] DREAMPlace - optimizer step 8.816 ms
[INFO   ] DREAMPlace - iteration  580, (  29,  0,  0), Obj 2.158422E+03, NetCrossing 7.184E+00, NetCrossingWeight 1.000000E+00, DensityWeight 1.629578E-02, HPWL 2.078135E+03, Overflow 1.116233E-01, MaxDensity 2.018E+00, MacroOverlap 5.007E-01, MacroOverlapWeight 8.000000E-06, gamma 7.613273E-02, time 2.879ms
[INFO   ] DREAMPlace - full step 12.157 ms
[DEBUG  ] dreamplace.ops.weighted_average_wirelength.weighted_average_wirelength - wirelength forward 0.062 ms
[DEBUG  ] dreamplace.ops.electric_potential.electric_potential - density forward 1.107 ms
[DEBUG  ] dreamplace.ops.electric_potential.electric_potential - density backward 0.402 ms
[DEBUG  ] dreamplace.ops.weighted_average_wirelength.weighted_average_wirelength - wirelength backward 0.116 ms
[INFO   ] DREAMPlace - optimizer step 9.260 ms
[INFO   ] DREAMPlace - iteration  581, (  29,  0,  1), Obj 2.117307E+03, NetCrossing 1.061E+01, NetCrossingWeight 1.000000E+00, DensityWeight 1.629578E-02, HPWL 2.025076E+03, Overflow 1.166349E-01, MaxDensity 1.816E+00, MacroOverlap 4.502E-01, MacroOverlapWeight 8.000000E-06, gamma 7.613273E-02, time 2.982ms
[INFO   ] DREAMPlace - full step 12.705 ms
[DEBUG  ] dreamplace.ops.weighted_average_wirelength.weighted_average_wirelength - wirelength forward 0.064 ms
[DEBUG  ] dreamplace.ops.electric_potential.electric_potential - density forward 0.996 ms
[DEBUG  ] dreamplace.ops.electric_potential.electric_potential - density backward 0.415 ms
[DEBUG  ] dreamplace.ops.weighted_average_wirelength.weighted_average_wirelength - wirelength backward 0.126 ms
[INFO   ] DREAMPlace - optimizer step 9.423 ms
[INFO   ] DREAMPlace - iteration  582, (  29,  1,  0), Obj 2.136551E+03, NetCrossing 1.070E+01, NetCrossingWeight 1.000000E+00, DensityWeight 1.665318E-02, HPWL 2.052880E+03, Overflow 1.144640E-01, MaxDensity 2.421E+00, MacroOverlap 4.460E-01, MacroOverlapWeight 8.000000E-06, gamma 7.613273E-02, time 3.023ms
[INFO   ] DREAMPlace - full step 12.905 ms
[DEBUG  ] dreamplace.ops.weighted_average_wirelength.weighted_average_wirelength - wirelength forward 0.066 ms
[DEBUG  ] dreamplace.ops.electric_potential.electric_potential - density forward 1.011 ms
[DEBUG  ] dreamplace.ops.electric_potential.electric_potential - density backward 0.425 ms
[DEBUG  ] dreamplace.ops.weighted_average_wirelength.weighted_average_wirelength - wirelength backward 0.126 ms
[INFO   ] DREAMPlace - optimizer step 9.569 ms
[INFO   ] DREAMPlace - iteration  583, (  29,  1,  1), Obj 2.108644E+03, NetCrossing 1.201E+01, NetCrossingWeight 1.000000E+00, DensityWeight 1.665318E-02, HPWL 2.014538E+03, Overflow 1.173160E-01, MaxDensity 2.163E+00, MacroOverlap 3.906E-01, MacroOverlapWeight 8.000000E-06, gamma 7.613273E-02, time 3.024ms
[INFO   ] DREAMPlace - full step 13.071 ms
[DEBUG  ] dreamplace.ops.weighted_average_wirelength.weighted_average_wirelength - wirelength forward 0.060 ms
[DEBUG  ] dreamplace.ops.electric_potential.electric_potential - density forward 0.955 ms
[DEBUG  ] dreamplace.ops.electric_potential.electric_potential - density backward 0.288 ms
[DEBUG  ] dreamplace.ops.weighted_average_wirelength.weighted_average_wirelength - wirelength backward 0.074 ms
[INFO   ] DREAMPlace - optimizer step 7.549 ms
[INFO   ] DREAMPlace - iteration  584, (  29,  2,  0), Obj 2.131794E+03, NetCrossing 1.327E+01, NetCrossingWeight 1.000000E+00, DensityWeight 1.701843E-02, HPWL 2.041273E+03, Overflow 1.153314E-01, MaxDensity 1.869E+00, MacroOverlap 5.380E-01, MacroOverlapWeight 8.000000E-06, gamma 7.613273E-02, time 3.014ms
[INFO   ] DREAMPlace - full step 11.022 ms
[DEBUG  ] dreamplace.ops.weighted_average_wirelength.weighted_average_wirelength - wirelength forward 0.059 ms
[DEBUG  ] dreamplace.ops.electric_potential.electric_potential - density forward 0.935 ms
[DEBUG  ] dreamplace.ops.electric_potential.electric_potential - density backward 0.332 ms
[DEBUG  ] dreamplace.ops.weighted_average_wirelength.weighted_average_wirelength - wirelength backward 0.097 ms
[INFO   ] DREAMPlace - optimizer step 8.271 ms
[INFO   ] DREAMPlace - iteration  585, (  29,  2,  1), Obj 2.086731E+03, NetCrossing 8.962E+00, NetCrossingWeight 1.000000E+00, DensityWeight 1.701843E-02, HPWL 1.994360E+03, Overflow 1.149659E-01, MaxDensity 1.816E+00, MacroOverlap 3.972E-01, MacroOverlapWeight 8.000000E-06, gamma 7.613273E-02, time 2.875ms
[INFO   ] DREAMPlace - full step 11.584 ms
[DEBUG  ] dreamplace.ops.weighted_average_wirelength.weighted_average_wirelength - wirelength forward 0.058 ms
[DEBUG  ] dreamplace.ops.electric_potential.electric_potential - density forward 0.947 ms
[DEBUG  ] dreamplace.ops.electric_potential.electric_potential - density backward 0.345 ms
[DEBUG  ] dreamplace.ops.weighted_average_wirelength.weighted_average_wirelength - wirelength backward 0.103 ms
[INFO   ] DREAMPlace - optimizer step 8.498 ms
[INFO   ] DREAMPlace - iteration  586, (  29,  3,  0), Obj 2.123893E+03, NetCrossing 8.355E+00, NetCrossingWeight 1.000000E+00, DensityWeight 1.739168E-02, HPWL 2.030557E+03, Overflow 1.131583E-01, MaxDensity 2.843E+00, MacroOverlap 4.680E-01, MacroOverlapWeight 8.000000E-06, gamma 7.613273E-02, time 2.945ms
[INFO   ] DREAMPlace - full step 11.897 ms
[DEBUG  ] dreamplace.ops.weighted_average_wirelength.weighted_average_wirelength - wirelength forward 0.060 ms
[DEBUG  ] dreamplace.ops.electric_potential.electric_potential - density forward 1.206 ms
[DEBUG  ] dreamplace.ops.electric_potential.electric_potential - density backward 0.392 ms
[DEBUG  ] dreamplace.ops.weighted_average_wirelength.weighted_average_wirelength - wirelength backward 0.110 ms
[INFO   ] DREAMPlace - optimizer step 9.080 ms
[INFO   ] DREAMPlace - iteration  587, (  29,  3,  1), Obj 2.128946E+03, NetCrossing 5.600E+00, NetCrossingWeight 1.000000E+00, DensityWeight 1.739168E-02, HPWL 2.038774E+03, Overflow 1.115624E-01, MaxDensity 2.035E+00, MacroOverlap 4.816E-01, MacroOverlapWeight 8.000000E-06, gamma 7.613273E-02, time 2.891ms
[INFO   ] DREAMPlace - full step 12.463 ms
[INFO   ] DREAMPlace - Lsub stopping criteria: 1 and 2128.95 > 2123.89 * 0.999
[DEBUG  ] dreamplace.ops.weighted_average_wirelength.weighted_average_wirelength - wirelength forward 0.064 ms
[DEBUG  ] dreamplace.ops.electric_potential.electric_potential - density forward 4.500 ms
[DEBUG  ] dreamplace.ops.electric_potential.electric_potential - density backward 0.347 ms
[DEBUG  ] dreamplace.ops.weighted_average_wirelength.weighted_average_wirelength - wirelength backward 0.103 ms
[INFO   ] DREAMPlace - optimizer step 12.231 ms
[INFO   ] DREAMPlace - iteration  588, (  29,  4,  0), Obj 2.162535E+03, NetCrossing 5.885E+00, NetCrossingWeight 1.000000E+00, DensityWeight 1.813576E-02, HPWL 2.083346E+03, Overflow 1.065313E-01, MaxDensity 1.985E+00, MacroOverlap 3.787E-01, MacroOverlapWeight 8.000000E-06, gamma 7.613273E-02, time 2.987ms
[INFO   ] DREAMPlace - full step 15.701 ms
[DEBUG  ] dreamplace.ops.weighted_average_wirelength.weighted_average_wirelength - wirelength forward 0.058 ms
[DEBUG  ] dreamplace.ops.electric_potential.electric_potential - density forward 1.061 ms
[DEBUG  ] dreamplace.ops.electric_potential.electric_potential - density backward 0.393 ms
[DEBUG  ] dreamplace.ops.weighted_average_wirelength.weighted_average_wirelength - wirelength backward 0.126 ms
[INFO   ] DREAMPlace - optimizer step 9.300 ms
[INFO   ] DREAMPlace - iteration  589, (  29,  4,  1), Obj 2.115478E+03, NetCrossing 6.098E+00, NetCrossingWeight 1.000000E+00, DensityWeight 1.813576E-02, HPWL 2.026858E+03, Overflow 1.127394E-01, MaxDensity 2.030E+00, MacroOverlap 4.007E-01, MacroOverlapWeight 8.000000E-06, gamma 7.613273E-02, time 5.134ms
[INFO   ] DREAMPlace - full step 14.887 ms
[DEBUG  ] dreamplace.ops.weighted_average_wirelength.weighted_average_wirelength - wirelength forward 0.062 ms
[DEBUG  ] dreamplace.ops.electric_potential.electric_potential - density forward 2.819 ms
[DEBUG  ] dreamplace.ops.electric_potential.electric_potential - density backward 0.332 ms
[DEBUG  ] dreamplace.ops.weighted_average_wirelength.weighted_average_wirelength - wirelength backward 0.096 ms
[INFO   ] DREAMPlace - optimizer step 10.967 ms
[INFO   ] DREAMPlace - iteration  590, (  29,  5,  0), Obj 2.125935E+03, NetCrossing 6.057E+00, NetCrossingWeight 1.000000E+00, DensityWeight 1.853352E-02, HPWL 2.039057E+03, Overflow 1.087773E-01, MaxDensity 2.341E+00, MacroOverlap 3.535E-01, MacroOverlapWeight 8.000000E-06, gamma 7.613273E-02, time 2.912ms
[INFO   ] DREAMPlace - full step 14.339 ms
[DEBUG  ] dreamplace.ops.weighted_average_wirelength.weighted_average_wirelength - wirelength forward 0.060 ms
[DEBUG  ] dreamplace.ops.electric_potential.electric_potential - density forward 0.938 ms
[DEBUG  ] dreamplace.ops.electric_potential.electric_potential - density backward 0.352 ms
[DEBUG  ] dreamplace.ops.weighted_average_wirelength.weighted_average_wirelength - wirelength backward 0.104 ms
[INFO   ] DREAMPlace - optimizer step 8.335 ms
[INFO   ] DREAMPlace - iteration  591, (  29,  5,  1), Obj 2.091553E+03, NetCrossing 6.880E+00, NetCrossingWeight 1.000000E+00, DensityWeight 1.853352E-02, HPWL 2.001437E+03, Overflow 1.099757E-01, MaxDensity 2.294E+00, MacroOverlap 4.239E-01, MacroOverlapWeight 8.000000E-06, gamma 7.613273E-02, time 2.895ms
[INFO   ] DREAMPlace - full step 11.676 ms
[DEBUG  ] dreamplace.ops.weighted_average_wirelength.weighted_average_wirelength - wirelength forward 0.061 ms
[DEBUG  ] dreamplace.ops.electric_potential.electric_potential - density forward 0.970 ms
[DEBUG  ] dreamplace.ops.electric_potential.electric_potential - density backward 0.365 ms
[DEBUG  ] dreamplace.ops.weighted_average_wirelength.weighted_average_wirelength - wirelength backward 0.110 ms
[INFO   ] DREAMPlace - optimizer step 8.675 ms
[INFO   ] DREAMPlace - iteration  592, (  29,  6,  0), Obj 2.152305E+03, NetCrossing 6.686E+00, NetCrossingWeight 1.000000E+00, DensityWeight 1.894000E-02, HPWL 2.070753E+03, Overflow 1.063908E-01, MaxDensity 1.816E+00, MacroOverlap 4.030E-01, MacroOverlapWeight 8.000000E-06, gamma 7.613273E-02, time 2.867ms
[INFO   ] DREAMPlace - full step 11.998 ms
[DEBUG  ] dreamplace.ops.weighted_average_wirelength.weighted_average_wirelength - wirelength forward 0.062 ms
[DEBUG  ] dreamplace.ops.electric_potential.electric_potential - density forward 0.985 ms
[DEBUG  ] dreamplace.ops.electric_potential.electric_potential - density backward 0.320 ms
[DEBUG  ] dreamplace.ops.weighted_average_wirelength.weighted_average_wirelength - wirelength backward 0.091 ms
[INFO   ] DREAMPlace - optimizer step 8.648 ms
[INFO   ] DREAMPlace - iteration  593, (  29,  6,  1), Obj 2.117520E+03, NetCrossing 7.747E+00, NetCrossingWeight 1.000000E+00, DensityWeight 1.894000E-02, HPWL 2.032053E+03, Overflow 1.068124E-01, MaxDensity 1.835E+00, MacroOverlap 3.746E-01, MacroOverlapWeight 8.000000E-06, gamma 7.613273E-02, time 2.934ms
[INFO   ] DREAMPlace - full step 12.046 ms
[DEBUG  ] dreamplace.ops.weighted_average_wirelength.weighted_average_wirelength - wirelength forward 0.062 ms
[DEBUG  ] dreamplace.ops.electric_potential.electric_potential - density forward 0.972 ms
[DEBUG  ] dreamplace.ops.electric_potential.electric_potential - density backward 0.383 ms
[DEBUG  ] dreamplace.ops.weighted_average_wirelength.weighted_average_wirelength - wirelength backward 0.111 ms
[INFO   ] DREAMPlace - optimizer step 8.683 ms
[INFO   ] DREAMPlace - iteration  594, (  29,  7,  0), Obj 2.097080E+03, NetCrossing 6.821E+00, NetCrossingWeight 1.000000E+00, DensityWeight 1.975035E-02, HPWL 2.015492E+03, Overflow 1.069240E-01, MaxDensity 1.898E+00, MacroOverlap 3.890E-01, MacroOverlapWeight 8.000000E-06, gamma 7.613273E-02, time 2.980ms
[INFO   ] DREAMPlace - full step 12.112 ms
[DEBUG  ] dreamplace.ops.weighted_average_wirelength.weighted_average_wirelength - wirelength forward 0.062 ms
[DEBUG  ] dreamplace.ops.electric_potential.electric_potential - density forward 0.973 ms
[DEBUG  ] dreamplace.ops.electric_potential.electric_potential - density backward 0.363 ms
[DEBUG  ] dreamplace.ops.weighted_average_wirelength.weighted_average_wirelength - wirelength backward 0.110 ms
[INFO   ] DREAMPlace - optimizer step 8.884 ms
[INFO   ] DREAMPlace - iteration  595, (  29,  7,  1), Obj 2.099475E+03, NetCrossing 6.719E+00, NetCrossingWeight 1.000000E+00, DensityWeight 1.975035E-02, HPWL 2.011507E+03, Overflow 1.048265E-01, MaxDensity 1.987E+00, MacroOverlap 3.965E-01, MacroOverlapWeight 8.000000E-06, gamma 7.613273E-02, time 3.021ms
[INFO   ] DREAMPlace - full step 12.390 ms
[INFO   ] DREAMPlace - Lsub stopping criteria: 1 and 2099.48 > 2097.08 * 0.999
[DEBUG  ] dreamplace.ops.weighted_average_wirelength.weighted_average_wirelength - wirelength forward 0.063 ms
[DEBUG  ] dreamplace.ops.electric_potential.electric_potential - density forward 0.988 ms
[DEBUG  ] dreamplace.ops.electric_potential.electric_potential - density backward 0.362 ms
[DEBUG  ] dreamplace.ops.weighted_average_wirelength.weighted_average_wirelength - wirelength backward 0.109 ms
[INFO   ] DREAMPlace - optimizer step 8.909 ms
[INFO   ] DREAMPlace - iteration  596, (  29,  8,  0), Obj 2.132837E+03, NetCrossing 6.509E+00, NetCrossingWeight 1.000000E+00, DensityWeight 2.018352E-02, HPWL 2.056957E+03, Overflow 9.929934E-02, MaxDensity 1.816E+00, MacroOverlap 3.241E-01, MacroOverlapWeight 8.000000E-06, gamma 7.613273E-02, time 2.968ms
[INFO   ] DREAMPlace - full step 12.372 ms
[DEBUG  ] dreamplace.ops.weighted_average_wirelength.weighted_average_wirelength - wirelength forward 0.064 ms
[DEBUG  ] dreamplace.ops.electric_potential.electric_potential - density forward 0.936 ms
[DEBUG  ] dreamplace.ops.electric_potential.electric_potential - density backward 0.300 ms
[DEBUG  ] dreamplace.ops.weighted_average_wirelength.weighted_average_wirelength - wirelength backward 0.080 ms
[INFO   ] DREAMPlace - optimizer step 7.717 ms
[INFO   ] DREAMPlace - iteration  597, (  29,  8,  1), Obj 2.140619E+03, NetCrossing 8.071E+00, NetCrossingWeight 1.000000E+00, DensityWeight 2.018352E-02, HPWL 2.060562E+03, Overflow 1.035209E-01, MaxDensity 2.025E+00, MacroOverlap 3.549E-01, MacroOverlapWeight 8.000000E-06, gamma 7.613273E-02, time 2.965ms
[INFO   ] DREAMPlace - full step 11.148 ms
[INFO   ] DREAMPlace - Lsub stopping criteria: 1 and 2140.62 > 2132.84 * 0.999
[DEBUG  ] dreamplace.ops.weighted_average_wirelength.weighted_average_wirelength - wirelength forward 0.059 ms
[DEBUG  ] dreamplace.ops.electric_potential.electric_potential - density forward 0.930 ms
[DEBUG  ] dreamplace.ops.electric_potential.electric_potential - density backward 0.347 ms
[DEBUG  ] dreamplace.ops.weighted_average_wirelength.weighted_average_wirelength - wirelength backward 0.102 ms
[INFO   ] DREAMPlace - optimizer step 8.453 ms
[INFO   ] DREAMPlace - iteration  598, (  29,  9,  0), Obj 2.152933E+03, NetCrossing 7.313E+00, NetCrossingWeight 1.000000E+00, DensityWeight 2.104704E-02, HPWL 2.074678E+03, Overflow 1.014771E-01, MaxDensity 1.925E+00, MacroOverlap 3.034E-01, MacroOverlapWeight 8.000000E-06, gamma 7.613273E-02, time 2.846ms
[INFO   ] DREAMPlace - full step 11.727 ms
[DEBUG  ] dreamplace.ops.weighted_average_wirelength.weighted_average_wirelength - wirelength forward 0.058 ms
[DEBUG  ] dreamplace.ops.electric_potential.electric_potential - density forward 1.076 ms
[DEBUG  ] dreamplace.ops.electric_potential.electric_potential - density backward 0.355 ms
[DEBUG  ] dreamplace.ops.weighted_average_wirelength.weighted_average_wirelength - wirelength backward 0.110 ms
[INFO   ] DREAMPlace - optimizer step 8.873 ms
[INFO   ] DREAMPlace - iteration  599, (  29,  9,  1), Obj 2.140334E+03, NetCrossing 8.482E+00, NetCrossingWeight 1.000000E+00, DensityWeight 2.104704E-02, HPWL 2.060087E+03, Overflow 1.007737E-01, MaxDensity 1.830E+00, MacroOverlap 2.897E-01, MacroOverlapWeight 8.000000E-06, gamma 7.613273E-02, time 2.826ms
[INFO   ] DREAMPlace - full step 12.156 ms
[INFO   ] DREAMPlace - plotting to ./results/reproduce-may20/small-8/ET095_A00/run-2_0_0/ET095_A00/plot/iter0600.png takes 0.037 seconds
[DEBUG  ] dreamplace.ops.weighted_average_wirelength.weighted_average_wirelength - wirelength forward 0.068 ms
[DEBUG  ] dreamplace.ops.electric_potential.electric_potential - density forward 0.981 ms
[DEBUG  ] dreamplace.ops.electric_potential.electric_potential - density backward 0.346 ms
[DEBUG  ] dreamplace.ops.weighted_average_wirelength.weighted_average_wirelength - wirelength backward 0.119 ms
[INFO   ] DREAMPlace - optimizer step 8.866 ms
[INFO   ] DREAMPlace - iteration  600, (  30,  0,  0), Obj 2.124096E+03, NetCrossing 7.913E+00, NetCrossingWeight 1.000000E+00, DensityWeight 2.150865E-02, HPWL 2.041641E+03, Overflow 1.046406E-01, MaxDensity 1.816E+00, MacroOverlap 3.025E-01, MacroOverlapWeight 8.000000E-06, gamma 7.123286E-02, time 2.926ms
[INFO   ] DREAMPlace - full step 49.427 ms
[DEBUG  ] dreamplace.ops.weighted_average_wirelength.weighted_average_wirelength - wirelength forward 0.059 ms
[DEBUG  ] dreamplace.ops.electric_potential.electric_potential - density forward 0.998 ms
[DEBUG  ] dreamplace.ops.electric_potential.electric_potential - density backward 0.398 ms
[DEBUG  ] dreamplace.ops.weighted_average_wirelength.weighted_average_wirelength - wirelength backward 0.111 ms
[INFO   ] DREAMPlace - optimizer step 9.105 ms
[INFO   ] DREAMPlace - iteration  601, (  30,  0,  1), Obj 2.110585E+03, NetCrossing 8.678E+00, NetCrossingWeight 1.000000E+00, DensityWeight 2.150865E-02, HPWL 2.026101E+03, Overflow 1.038061E-01, MaxDensity 2.250E+00, MacroOverlap 3.242E-01, MacroOverlapWeight 8.000000E-06, gamma 7.123286E-02, time 2.859ms
[INFO   ] DREAMPlace - full step 12.436 ms
[DEBUG  ] dreamplace.ops.weighted_average_wirelength.weighted_average_wirelength - wirelength forward 0.062 ms
[DEBUG  ] dreamplace.ops.electric_potential.electric_potential - density forward 1.011 ms
[DEBUG  ] dreamplace.ops.electric_potential.electric_potential - density backward 0.374 ms
[DEBUG  ] dreamplace.ops.weighted_average_wirelength.weighted_average_wirelength - wirelength backward 0.117 ms
[INFO   ] DREAMPlace - optimizer step 9.075 ms
[INFO   ] DREAMPlace - iteration  602, (  30,  1,  0), Obj 2.156330E+03, NetCrossing 9.116E+00, NetCrossingWeight 1.000000E+00, DensityWeight 2.198038E-02, HPWL 2.073216E+03, Overflow 1.076517E-01, MaxDensity 1.816E+00, MacroOverlap 4.621E-01, MacroOverlapWeight 8.000000E-06, gamma 7.123286E-02, time 2.934ms
[INFO   ] DREAMPlace - full step 12.491 ms
[DEBUG  ] dreamplace.ops.weighted_average_wirelength.weighted_average_wirelength - wirelength forward 0.063 ms
[DEBUG  ] dreamplace.ops.electric_potential.electric_potential - density forward 0.987 ms
[DEBUG  ] dreamplace.ops.electric_potential.electric_potential - density backward 0.371 ms
[DEBUG  ] dreamplace.ops.weighted_average_wirelength.weighted_average_wirelength - wirelength backward 0.117 ms
[INFO   ] DREAMPlace - optimizer step 9.198 ms
[INFO   ] DREAMPlace - iteration  603, (  30,  1,  1), Obj 2.105145E+03, NetCrossing 9.393E+00, NetCrossingWeight 1.000000E+00, DensityWeight 2.198038E-02, HPWL 2.020155E+03, Overflow 1.042060E-01, MaxDensity 1.816E+00, MacroOverlap 4.172E-01, MacroOverlapWeight 8.000000E-06, gamma 7.123286E-02, time 2.962ms
[INFO   ] DREAMPlace - full step 12.633 ms
[DEBUG  ] dreamplace.ops.weighted_average_wirelength.weighted_average_wirelength - wirelength forward 0.064 ms
[DEBUG  ] dreamplace.ops.electric_potential.electric_potential - density forward 1.011 ms
[DEBUG  ] dreamplace.ops.electric_potential.electric_potential - density backward 0.402 ms
[DEBUG  ] dreamplace.ops.weighted_average_wirelength.weighted_average_wirelength - wirelength backward 0.117 ms
[INFO   ] DREAMPlace - optimizer step 9.303 ms
[INFO   ] DREAMPlace - iteration  604, (  30,  2,  0), Obj 2.125522E+03, NetCrossing 1.085E+01, NetCrossingWeight 1.000000E+00, DensityWeight 2.246246E-02, HPWL 2.038878E+03, Overflow 1.060037E-01, MaxDensity 1.816E+00, MacroOverlap 4.137E-01, MacroOverlapWeight 8.000000E-06, gamma 7.123286E-02, time 2.961ms
[INFO   ] DREAMPlace - full step 12.742 ms
[DEBUG  ] dreamplace.ops.weighted_average_wirelength.weighted_average_wirelength - wirelength forward 0.066 ms
[DEBUG  ] dreamplace.ops.electric_potential.electric_potential - density forward 1.079 ms
[DEBUG  ] dreamplace.ops.electric_potential.electric_potential - density backward 0.290 ms
[DEBUG  ] dreamplace.ops.weighted_average_wirelength.weighted_average_wirelength - wirelength backward 0.076 ms
[INFO   ] DREAMPlace - optimizer step 7.968 ms
[INFO   ] DREAMPlace - iteration  605, (  30,  2,  1), Obj 2.106913E+03, NetCrossing 1.088E+01, NetCrossingWeight 1.000000E+00, DensityWeight 2.246246E-02, HPWL 2.017901E+03, Overflow 1.082418E-01, MaxDensity 1.931E+00, MacroOverlap 3.620E-01, MacroOverlapWeight 8.000000E-06, gamma 7.123286E-02, time 3.016ms
[INFO   ] DREAMPlace - full step 11.471 ms
[DEBUG  ] dreamplace.ops.weighted_average_wirelength.weighted_average_wirelength - wirelength forward 0.066 ms
[DEBUG  ] dreamplace.ops.electric_potential.electric_potential - density forward 0.948 ms
[DEBUG  ] dreamplace.ops.electric_potential.electric_potential - density backward 0.364 ms
[DEBUG  ] dreamplace.ops.weighted_average_wirelength.weighted_average_wirelength - wirelength backward 0.097 ms
[INFO   ] DREAMPlace - optimizer step 8.427 ms
[INFO   ] DREAMPlace - iteration  606, (  30,  3,  0), Obj 2.118358E+03, NetCrossing 8.569E+00, NetCrossingWeight 1.000000E+00, DensityWeight 2.295511E-02, HPWL 2.033782E+03, Overflow 1.023268E-01, MaxDensity 1.816E+00, MacroOverlap 2.819E-01, MacroOverlapWeight 8.000000E-06, gamma 7.123286E-02, time 2.994ms
[INFO   ] DREAMPlace - full step 11.875 ms
[DEBUG  ] dreamplace.ops.weighted_average_wirelength.weighted_average_wirelength - wirelength forward 0.057 ms
[DEBUG  ] dreamplace.ops.electric_potential.electric_potential - density forward 0.969 ms
[DEBUG  ] dreamplace.ops.electric_potential.electric_potential - density backward 0.388 ms
[DEBUG  ] dreamplace.ops.weighted_average_wirelength.weighted_average_wirelength - wirelength backward 0.110 ms
[INFO   ] DREAMPlace - optimizer step 8.828 ms
[INFO   ] DREAMPlace - iteration  607, (  30,  3,  1), Obj 2.115240E+03, NetCrossing 8.703E+00, NetCrossingWeight 1.000000E+00, DensityWeight 2.295511E-02, HPWL 2.030827E+03, Overflow 1.025867E-01, MaxDensity 1.816E+00, MacroOverlap 3.071E-01, MacroOverlapWeight 8.000000E-06, gamma 7.123286E-02, time 2.859ms
[INFO   ] DREAMPlace - full step 12.136 ms
[DEBUG  ] dreamplace.ops.weighted_average_wirelength.weighted_average_wirelength - wirelength forward 0.062 ms
[DEBUG  ] dreamplace.ops.electric_potential.electric_potential - density forward 1.009 ms
[DEBUG  ] dreamplace.ops.electric_potential.electric_potential - density backward 0.378 ms
[DEBUG  ] dreamplace.ops.weighted_average_wirelength.weighted_average_wirelength - wirelength backward 0.104 ms
[INFO   ] DREAMPlace - optimizer step 8.707 ms
[INFO   ] DREAMPlace - iteration  608, (  30,  4,  0), Obj 2.120537E+03, NetCrossing 8.694E+00, NetCrossingWeight 1.000000E+00, DensityWeight 2.393729E-02, HPWL 2.037146E+03, Overflow 1.027180E-01, MaxDensity 1.816E+00, MacroOverlap 2.892E-01, MacroOverlapWeight 8.000000E-06, gamma 7.123286E-02, time 2.940ms
[INFO   ] DREAMPlace - full step 12.094 ms
[DEBUG  ] dreamplace.ops.weighted_average_wirelength.weighted_average_wirelength - wirelength forward 0.062 ms
[DEBUG  ] dreamplace.ops.electric_potential.electric_potential - density forward 0.980 ms
[DEBUG  ] dreamplace.ops.electric_potential.electric_potential - density backward 0.404 ms
[DEBUG  ] dreamplace.ops.weighted_average_wirelength.weighted_average_wirelength - wirelength backward 0.109 ms
[INFO   ] DREAMPlace - optimizer step 9.063 ms
[INFO   ] DREAMPlace - iteration  609, (  30,  4,  1), Obj 2.102527E+03, NetCrossing 8.907E+00, NetCrossingWeight 1.000000E+00, DensityWeight 2.393729E-02, HPWL 2.014837E+03, Overflow 1.009339E-01, MaxDensity 1.816E+00, MacroOverlap 2.924E-01, MacroOverlapWeight 8.000000E-06, gamma 7.123286E-02, time 2.949ms
[INFO   ] DREAMPlace - full step 12.474 ms
[DEBUG  ] dreamplace.ops.weighted_average_wirelength.weighted_average_wirelength - wirelength forward 0.065 ms
[DEBUG  ] dreamplace.ops.electric_potential.electric_potential - density forward 1.015 ms
[DEBUG  ] dreamplace.ops.electric_potential.electric_potential - density backward 0.407 ms
[DEBUG  ] dreamplace.ops.weighted_average_wirelength.weighted_average_wirelength - wirelength backward 0.125 ms
[INFO   ] DREAMPlace - optimizer step 9.219 ms
[INFO   ] DREAMPlace - iteration  610, (  30,  5,  0), Obj 2.124984E+03, NetCrossing 6.193E+00, NetCrossingWeight 1.000000E+00, DensityWeight 2.446229E-02, HPWL 2.040346E+03, Overflow 9.914052E-02, MaxDensity 1.816E+00, MacroOverlap 3.521E-01, MacroOverlapWeight 8.000000E-06, gamma 7.123286E-02, time 3.099ms
[INFO   ] DREAMPlace - full step 12.802 ms
[DEBUG  ] dreamplace.ops.weighted_average_wirelength.weighted_average_wirelength - wirelength forward 0.066 ms
[DEBUG  ] dreamplace.ops.electric_potential.electric_potential - density forward 1.007 ms
[DEBUG  ] dreamplace.ops.electric_potential.electric_potential - density backward 0.393 ms
[DEBUG  ] dreamplace.ops.weighted_average_wirelength.weighted_average_wirelength - wirelength backward 0.126 ms
[INFO   ] DREAMPlace - optimizer step 9.562 ms
[INFO   ] DREAMPlace - iteration  611, (  30,  5,  1), Obj 2.119051E+03, NetCrossing 8.300E+00, NetCrossingWeight 1.000000E+00, DensityWeight 2.446229E-02, HPWL 2.033649E+03, Overflow 9.833773E-02, MaxDensity 1.816E+00, MacroOverlap 3.056E-01, MacroOverlapWeight 8.000000E-06, gamma 7.123286E-02, time 3.079ms
[INFO   ] DREAMPlace - full step 13.155 ms
[DEBUG  ] dreamplace.ops.weighted_average_wirelength.weighted_average_wirelength - wirelength forward 0.067 ms
[DEBUG  ] dreamplace.ops.electric_potential.electric_potential - density forward 1.057 ms
[DEBUG  ] dreamplace.ops.electric_potential.electric_potential - density backward 0.422 ms
[DEBUG  ] dreamplace.ops.weighted_average_wirelength.weighted_average_wirelength - wirelength backward 0.080 ms
[INFO   ] DREAMPlace - optimizer step 9.294 ms
[INFO   ] DREAMPlace - iteration  612, (  30,  6,  0), Obj 2.124908E+03, NetCrossing 7.412E+00, NetCrossingWeight 1.000000E+00, DensityWeight 2.550894E-02, HPWL 2.044471E+03, Overflow 9.667577E-02, MaxDensity 1.816E+00, MacroOverlap 2.719E-01, MacroOverlapWeight 8.000000E-06, gamma 7.123286E-02, time 3.111ms
[INFO   ] DREAMPlace - full step 12.887 ms
[DEBUG  ] dreamplace.ops.weighted_average_wirelength.weighted_average_wirelength - wirelength forward 0.061 ms
[DEBUG  ] dreamplace.ops.electric_potential.electric_potential - density forward 0.962 ms
[DEBUG  ] dreamplace.ops.electric_potential.electric_potential - density backward 0.336 ms
[DEBUG  ] dreamplace.ops.weighted_average_wirelength.weighted_average_wirelength - wirelength backward 0.080 ms
[INFO   ] DREAMPlace - optimizer step 7.844 ms
[INFO   ] DREAMPlace - iteration  613, (  30,  6,  1), Obj 2.156714E+03, NetCrossing 7.502E+00, NetCrossingWeight 1.000000E+00, DensityWeight 2.550894E-02, HPWL 2.080673E+03, Overflow 9.212970E-02, MaxDensity 1.816E+00, MacroOverlap 2.337E-01, MacroOverlapWeight 8.000000E-06, gamma 7.123286E-02, time 2.956ms
[INFO   ] DREAMPlace - full step 11.275 ms
[INFO   ] DREAMPlace - Lsub stopping criteria: 1 and 2156.71 > 2124.91 * 0.999
[INFO   ] DREAMPlace - Llambda stopping criteria: 6 and (( 0.0921297 < 0.1 and 2080.67 > 2033.65 ) or 1.8158 < 1.0)
[DEBUG  ] dreamplace.ops.weighted_average_wirelength.weighted_average_wirelength - wirelength forward 0.058 ms
[DEBUG  ] dreamplace.ops.electric_potential.electric_potential - density forward 0.943 ms
[DEBUG  ] dreamplace.ops.electric_potential.electric_potential - density backward 0.335 ms
[DEBUG  ] dreamplace.ops.weighted_average_wirelength.weighted_average_wirelength - wirelength backward 0.117 ms
[INFO   ] DREAMPlace - optimizer step 8.259 ms
[INFO   ] DREAMPlace - iteration  614, (  31,  0,  0), Obj 2.133062E+03, NetCrossing 6.628E+00, NetCrossingWeight 1.000000E+00, DensityWeight 2.660030E-02, HPWL 2.058218E+03, Overflow 9.284056E-02, MaxDensity 1.816E+00, MacroOverlap 2.717E-01, MacroOverlapWeight 8.000000E-06, gamma 6.815089E-02, time 2.970ms
[INFO   ] DREAMPlace - full step 11.659 ms
[DEBUG  ] dreamplace.ops.weighted_average_wirelength.weighted_average_wirelength - wirelength forward 0.060 ms
[DEBUG  ] dreamplace.ops.electric_potential.electric_potential - density forward 0.948 ms
[DEBUG  ] dreamplace.ops.electric_potential.electric_potential - density backward 0.363 ms
[DEBUG  ] dreamplace.ops.weighted_average_wirelength.weighted_average_wirelength - wirelength backward 0.112 ms
[INFO   ] DREAMPlace - optimizer step 8.732 ms
[INFO   ] DREAMPlace - iteration  615, (  31,  0,  1), Obj 2.142781E+03, NetCrossing 7.186E+00, NetCrossingWeight 1.000000E+00, DensityWeight 2.660030E-02, HPWL 2.058547E+03, Overflow 9.500444E-02, MaxDensity 1.816E+00, MacroOverlap 2.635E-01, MacroOverlapWeight 8.000000E-06, gamma 6.815089E-02, time 2.853ms
[INFO   ] DREAMPlace - full step 12.029 ms
[INFO   ] DREAMPlace - Lsub stopping criteria: 1 and 2142.78 > 2133.06 * 0.999
[DEBUG  ] dreamplace.ops.weighted_average_wirelength.weighted_average_wirelength - wirelength forward 0.062 ms
[DEBUG  ] dreamplace.ops.electric_potential.electric_potential - density forward 1.194 ms
[DEBUG  ] dreamplace.ops.electric_potential.electric_potential - density backward 0.351 ms
[DEBUG  ] dreamplace.ops.weighted_average_wirelength.weighted_average_wirelength - wirelength backward 0.116 ms
[INFO   ] DREAMPlace - optimizer step 8.926 ms
[INFO   ] DREAMPlace - iteration  616, (  31,  1,  0), Obj 2.131008E+03, NetCrossing 6.742E+00, NetCrossingWeight 1.000000E+00, DensityWeight 2.718370E-02, HPWL 2.048358E+03, Overflow 9.341678E-02, MaxDensity 1.816E+00, MacroOverlap 2.478E-01, MacroOverlapWeight 8.000000E-06, gamma 6.815089E-02, time 2.881ms
[INFO   ] DREAMPlace - full step 12.260 ms
[DEBUG  ] dreamplace.ops.weighted_average_wirelength.weighted_average_wirelength - wirelength forward 0.062 ms
[DEBUG  ] dreamplace.ops.electric_potential.electric_potential - density forward 1.174 ms
[DEBUG  ] dreamplace.ops.electric_potential.electric_potential - density backward 0.382 ms
[DEBUG  ] dreamplace.ops.weighted_average_wirelength.weighted_average_wirelength - wirelength backward 0.118 ms
[INFO   ] DREAMPlace - optimizer step 9.336 ms
[INFO   ] DREAMPlace - iteration  617, (  31,  1,  1), Obj 2.134115E+03, NetCrossing 5.754E+00, NetCrossingWeight 1.000000E+00, DensityWeight 2.718370E-02, HPWL 2.051924E+03, Overflow 9.056641E-02, MaxDensity 1.816E+00, MacroOverlap 2.504E-01, MacroOverlapWeight 8.000000E-06, gamma 6.815089E-02, time 3.048ms
[INFO   ] DREAMPlace - full step 12.863 ms
[INFO   ] DREAMPlace - Lsub stopping criteria: 1 and 2134.11 > 2131.01 * 0.999
[DEBUG  ] dreamplace.ops.weighted_average_wirelength.weighted_average_wirelength - wirelength forward 0.066 ms
[DEBUG  ] dreamplace.ops.electric_potential.electric_potential - density forward 1.142 ms
[DEBUG  ] dreamplace.ops.electric_potential.electric_potential - density backward 0.364 ms
[DEBUG  ] dreamplace.ops.weighted_average_wirelength.weighted_average_wirelength - wirelength backward 0.126 ms
[INFO   ] DREAMPlace - optimizer step 9.612 ms
[INFO   ] DREAMPlace - iteration  618, (  31,  2,  0), Obj 2.132668E+03, NetCrossing 7.453E+00, NetCrossingWeight 1.000000E+00, DensityWeight 2.777990E-02, HPWL 2.050673E+03, Overflow 9.012060E-02, MaxDensity 1.816E+00, MacroOverlap 2.840E-01, MacroOverlapWeight 8.000000E-06, gamma 6.815089E-02, time 3.020ms
[INFO   ] DREAMPlace - full step 13.130 ms
[DEBUG  ] dreamplace.ops.weighted_average_wirelength.weighted_average_wirelength - wirelength forward 0.065 ms
[DEBUG  ] dreamplace.ops.electric_potential.electric_potential - density forward 1.015 ms
[DEBUG  ] dreamplace.ops.electric_potential.electric_potential - density backward 0.366 ms
[DEBUG  ] dreamplace.ops.weighted_average_wirelength.weighted_average_wirelength - wirelength backward 0.128 ms
[INFO   ] DREAMPlace - optimizer step 9.460 ms
[INFO   ] DREAMPlace - iteration  619, (  31,  2,  1), Obj 2.133565E+03, NetCrossing 8.183E+00, NetCrossingWeight 1.000000E+00, DensityWeight 2.777990E-02, HPWL 2.048614E+03, Overflow 9.065473E-02, MaxDensity 1.816E+00, MacroOverlap 2.486E-01, MacroOverlapWeight 8.000000E-06, gamma 6.815089E-02, time 3.014ms
[INFO   ] DREAMPlace - full step 12.947 ms
[INFO   ] DREAMPlace - Lsub stopping criteria: 1 and 2133.56 > 2132.67 * 0.999
[DEBUG  ] dreamplace.ops.weighted_average_wirelength.weighted_average_wirelength - wirelength forward 0.061 ms
[DEBUG  ] dreamplace.ops.electric_potential.electric_potential - density forward 0.972 ms
[DEBUG  ] dreamplace.ops.electric_potential.electric_potential - density backward 0.261 ms
[DEBUG  ] dreamplace.ops.weighted_average_wirelength.weighted_average_wirelength - wirelength backward 0.074 ms
[INFO   ] DREAMPlace - optimizer step 7.525 ms
[INFO   ] DREAMPlace - iteration  620, (  31,  3,  0), Obj 2.142648E+03, NetCrossing 7.736E+00, NetCrossingWeight 1.000000E+00, DensityWeight 2.838918E-02, HPWL 2.061262E+03, Overflow 8.943196E-02, MaxDensity 1.816E+00, MacroOverlap 2.237E-01, MacroOverlapWeight 8.000000E-06, gamma 6.815089E-02, time 3.018ms
[INFO   ] DREAMPlace - full step 11.015 ms
[DEBUG  ] dreamplace.ops.weighted_average_wirelength.weighted_average_wirelength - wirelength forward 0.061 ms
[DEBUG  ] dreamplace.ops.electric_potential.electric_potential - density forward 0.947 ms
[DEBUG  ] dreamplace.ops.electric_potential.electric_potential - density backward 0.313 ms
[DEBUG  ] dreamplace.ops.weighted_average_wirelength.weighted_average_wirelength - wirelength backward 0.098 ms
[INFO   ] DREAMPlace - optimizer step 8.280 ms
[INFO   ] DREAMPlace - iteration  621, (  31,  3,  1), Obj 2.129719E+03, NetCrossing 8.742E+00, NetCrossingWeight 1.000000E+00, DensityWeight 2.838918E-02, HPWL 2.044636E+03, Overflow 9.154993E-02, MaxDensity 1.833E+00, MacroOverlap 2.288E-01, MacroOverlapWeight 8.000000E-06, gamma 6.815089E-02, time 2.854ms
[INFO   ] DREAMPlace - full step 11.579 ms
[DEBUG  ] dreamplace.ops.weighted_average_wirelength.weighted_average_wirelength - wirelength forward 0.057 ms
[DEBUG  ] dreamplace.ops.electric_potential.electric_potential - density forward 0.949 ms
[DEBUG  ] dreamplace.ops.electric_potential.electric_potential - density backward 0.319 ms
[DEBUG  ] dreamplace.ops.weighted_average_wirelength.weighted_average_wirelength - wirelength backward 0.103 ms
[INFO   ] DREAMPlace - optimizer step 8.528 ms
[INFO   ] DREAMPlace - iteration  622, (  31,  4,  0), Obj 2.125459E+03, NetCrossing 9.078E+00, NetCrossingWeight 1.000000E+00, DensityWeight 2.901181E-02, HPWL 2.043509E+03, Overflow 8.966973E-02, MaxDensity 1.816E+00, MacroOverlap 2.069E-01, MacroOverlapWeight 8.000000E-06, gamma 6.815089E-02, time 2.839ms
[INFO   ] DREAMPlace - full step 11.809 ms
[DEBUG  ] dreamplace.ops.weighted_average_wirelength.weighted_average_wirelength - wirelength forward 0.060 ms
[DEBUG  ] dreamplace.ops.electric_potential.electric_potential - density forward 0.980 ms
[DEBUG  ] dreamplace.ops.electric_potential.electric_potential - density backward 0.333 ms
[DEBUG  ] dreamplace.ops.weighted_average_wirelength.weighted_average_wirelength - wirelength backward 0.109 ms
[INFO   ] DREAMPlace - optimizer step 8.830 ms
[INFO   ] DREAMPlace - iteration  623, (  31,  4,  1), Obj 2.151520E+03, NetCrossing 7.949E+00, NetCrossingWeight 1.000000E+00, DensityWeight 2.901181E-02, HPWL 2.070078E+03, Overflow 9.247535E-02, MaxDensity 1.816E+00, MacroOverlap 2.667E-01, MacroOverlapWeight 8.000000E-06, gamma 6.815089E-02, time 2.858ms
[INFO   ] DREAMPlace - full step 12.141 ms
[INFO   ] DREAMPlace - Lsub stopping criteria: 1 and 2151.52 > 2125.46 * 0.999
[INFO   ] DREAMPlace - Llambda stopping criteria: 4 and (( 0.0924754 < 0.1 and 2070.08 > 2044.64 ) or 1.81611 < 1.0)
[DEBUG  ] dreamplace.ops.weighted_average_wirelength.weighted_average_wirelength - wirelength forward 0.063 ms
[DEBUG  ] dreamplace.ops.electric_potential.electric_potential - density forward 1.080 ms
[DEBUG  ] dreamplace.ops.electric_potential.electric_potential - density backward 0.320 ms
[DEBUG  ] dreamplace.ops.weighted_average_wirelength.weighted_average_wirelength - wirelength backward 0.117 ms
[INFO   ] DREAMPlace - optimizer step 8.815 ms
[INFO   ] DREAMPlace - iteration  624, (  32,  0,  0), Obj 2.132618E+03, NetCrossing 8.838E+00, NetCrossingWeight 1.000000E+00, DensityWeight 3.025310E-02, HPWL 2.051246E+03, Overflow 8.913036E-02, MaxDensity 1.816E+00, MacroOverlap 2.203E-01, MacroOverlapWeight 8.000000E-06, gamma 6.827152E-02, time 2.904ms
[INFO   ] DREAMPlace - full step 12.188 ms
[DEBUG  ] dreamplace.ops.weighted_average_wirelength.weighted_average_wirelength - wirelength forward 0.061 ms
[DEBUG  ] dreamplace.ops.electric_potential.electric_potential - density forward 1.187 ms
[DEBUG  ] dreamplace.ops.electric_potential.electric_potential - density backward 0.348 ms
[DEBUG  ] dreamplace.ops.weighted_average_wirelength.weighted_average_wirelength - wirelength backward 0.117 ms
[DEBUG  ] dreamplace.ops.weighted_average_wirelength.weighted_average_wirelength - wirelength forward 0.064 ms
[DEBUG  ] dreamplace.ops.electric_potential.electric_potential - density forward 1.021 ms
[DEBUG  ] dreamplace.ops.electric_potential.electric_potential - density backward 0.345 ms
[DEBUG  ] dreamplace.ops.weighted_average_wirelength.weighted_average_wirelength - wirelength backward 0.118 ms
[INFO   ] DREAMPlace - optimizer step 18.338 ms
[INFO   ] DREAMPlace - iteration  625, (  32,  0,  1), Obj 2.147009E+03, NetCrossing 7.308E+00, NetCrossingWeight 1.000000E+00, DensityWeight 3.025310E-02, HPWL 2.064220E+03, Overflow 8.671466E-02, MaxDensity 1.816E+00, MacroOverlap 2.130E-01, MacroOverlapWeight 8.000000E-06, gamma 6.827152E-02, time 2.928ms
[INFO   ] DREAMPlace - full step 21.770 ms
[INFO   ] DREAMPlace - Lsub stopping criteria: 1 and 2147.01 > 2132.62 * 0.999
[DEBUG  ] dreamplace.ops.weighted_average_wirelength.weighted_average_wirelength - wirelength forward 0.064 ms
[DEBUG  ] dreamplace.ops.electric_potential.electric_potential - density forward 1.004 ms
[DEBUG  ] dreamplace.ops.electric_potential.electric_potential - density backward 0.243 ms
[DEBUG  ] dreamplace.ops.weighted_average_wirelength.weighted_average_wirelength - wirelength backward 0.064 ms
[DEBUG  ] dreamplace.ops.weighted_average_wirelength.weighted_average_wirelength - wirelength forward 0.067 ms
[DEBUG  ] dreamplace.ops.electric_potential.electric_potential - density forward 1.031 ms
[DEBUG  ] dreamplace.ops.electric_potential.electric_potential - density backward 0.288 ms
[DEBUG  ] dreamplace.ops.weighted_average_wirelength.weighted_average_wirelength - wirelength backward 0.087 ms
[INFO   ] DREAMPlace - optimizer step 15.532 ms
[INFO   ] DREAMPlace - iteration  626, (  32,  1,  0), Obj 2.132192E+03, NetCrossing 7.776E+00, NetCrossingWeight 1.000000E+00, DensityWeight 3.091662E-02, HPWL 2.055067E+03, Overflow 8.481469E-02, MaxDensity 1.816E+00, MacroOverlap 1.940E-01, MacroOverlapWeight 8.000000E-06, gamma 6.827152E-02, time 3.057ms
[INFO   ] DREAMPlace - full step 19.058 ms
[DEBUG  ] dreamplace.ops.weighted_average_wirelength.weighted_average_wirelength - wirelength forward 0.060 ms
[DEBUG  ] dreamplace.ops.electric_potential.electric_potential - density forward 0.942 ms
[DEBUG  ] dreamplace.ops.electric_potential.electric_potential - density backward 0.324 ms
[DEBUG  ] dreamplace.ops.weighted_average_wirelength.weighted_average_wirelength - wirelength backward 0.103 ms
[DEBUG  ] dreamplace.ops.weighted_average_wirelength.weighted_average_wirelength - wirelength forward 0.061 ms
[DEBUG  ] dreamplace.ops.electric_potential.electric_potential - density forward 0.961 ms
[DEBUG  ] dreamplace.ops.electric_potential.electric_potential - density backward 0.319 ms
[DEBUG  ] dreamplace.ops.weighted_average_wirelength.weighted_average_wirelength - wirelength backward 0.103 ms
[INFO   ] DREAMPlace - optimizer step 16.547 ms
[INFO   ] DREAMPlace - iteration  627, (  32,  1,  1), Obj 2.171771E+03, NetCrossing 8.421E+00, NetCrossingWeight 1.000000E+00, DensityWeight 3.091662E-02, HPWL 2.083908E+03, Overflow 8.915222E-02, MaxDensity 1.816E+00, MacroOverlap 2.359E-01, MacroOverlapWeight 8.000000E-06, gamma 6.827152E-02, time 2.849ms
[INFO   ] DREAMPlace - full step 19.835 ms
[INFO   ] DREAMPlace - Lsub stopping criteria: 1 and 2171.77 > 2132.19 * 0.999
[INFO   ] DREAMPlace - Llambda stopping criteria: 1 and (( 0.0891522 < 0.1 and 2083.91 > 2064.22 ) or 1.81611 < 1.0)
[DEBUG  ] dreamplace.ops.weighted_average_wirelength.weighted_average_wirelength - wirelength forward 0.069 ms
[DEBUG  ] dreamplace.ops.electric_potential.electric_potential - density forward 1.066 ms
[DEBUG  ] dreamplace.ops.electric_potential.electric_potential - density backward 0.373 ms
[DEBUG  ] dreamplace.ops.weighted_average_wirelength.weighted_average_wirelength - wirelength backward 0.110 ms
[DEBUG  ] dreamplace.ops.weighted_average_wirelength.weighted_average_wirelength - wirelength forward 0.072 ms
[DEBUG  ] dreamplace.ops.electric_potential.electric_potential - density forward 0.998 ms
[DEBUG  ] dreamplace.ops.electric_potential.electric_potential - density backward 0.371 ms
[DEBUG  ] dreamplace.ops.weighted_average_wirelength.weighted_average_wirelength - wirelength backward 0.130 ms
[INFO   ] DREAMPlace - optimizer step 18.004 ms
[INFO   ] DREAMPlace - iteration  628, (  33,  0,  0), Obj 2.162124E+03, NetCrossing 8.236E+00, NetCrossingWeight 1.000000E+00, DensityWeight 3.223943E-02, HPWL 2.080357E+03, Overflow 8.839481E-02, MaxDensity 1.816E+00, MacroOverlap 2.334E-01, MacroOverlapWeight 8.000000E-06, gamma 6.712046E-02, time 3.202ms
[INFO   ] DREAMPlace - full step 21.656 ms
[DEBUG  ] dreamplace.ops.weighted_average_wirelength.weighted_average_wirelength - wirelength forward 0.064 ms
[DEBUG  ] dreamplace.ops.electric_potential.electric_potential - density forward 1.175 ms
[DEBUG  ] dreamplace.ops.electric_potential.electric_potential - density backward 0.231 ms
[DEBUG  ] dreamplace.ops.weighted_average_wirelength.weighted_average_wirelength - wirelength backward 0.059 ms
[INFO   ] DREAMPlace - optimizer step 7.418 ms
[INFO   ] DREAMPlace - iteration  629, (  33,  0,  1), Obj 2.161013E+03, NetCrossing 7.201E+00, NetCrossingWeight 1.000000E+00, DensityWeight 3.223943E-02, HPWL 2.076555E+03, Overflow 8.579631E-02, MaxDensity 1.816E+00, MacroOverlap 1.995E-01, MacroOverlapWeight 8.000000E-06, gamma 6.712046E-02, time 3.050ms
[INFO   ] DREAMPlace - full step 10.959 ms
[INFO   ] DREAMPlace - Lsub stopping criteria: 1 and 2161.01 > 2162.12 * 0.999
[DEBUG  ] dreamplace.ops.weighted_average_wirelength.weighted_average_wirelength - wirelength forward 0.063 ms
[DEBUG  ] dreamplace.ops.electric_potential.electric_potential - density forward 0.945 ms
[DEBUG  ] dreamplace.ops.electric_potential.electric_potential - density backward 0.280 ms
[DEBUG  ] dreamplace.ops.weighted_average_wirelength.weighted_average_wirelength - wirelength backward 0.084 ms
[INFO   ] DREAMPlace - optimizer step 7.835 ms
[INFO   ] DREAMPlace - iteration  630, (  33,  1,  0), Obj 2.142343E+03, NetCrossing 6.538E+00, NetCrossingWeight 1.000000E+00, DensityWeight 3.294651E-02, HPWL 2.061131E+03, Overflow 8.611480E-02, MaxDensity 1.816E+00, MacroOverlap 2.183E-01, MacroOverlapWeight 8.000000E-06, gamma 6.712046E-02, time 2.976ms
[INFO   ] DREAMPlace - full step 11.270 ms
[DEBUG  ] dreamplace.ops.weighted_average_wirelength.weighted_average_wirelength - wirelength forward 0.058 ms
[DEBUG  ] dreamplace.ops.electric_potential.electric_potential - density forward 1.035 ms
[DEBUG  ] dreamplace.ops.electric_potential.electric_potential - density backward 0.316 ms
[DEBUG  ] dreamplace.ops.weighted_average_wirelength.weighted_average_wirelength - wirelength backward 0.103 ms
[INFO   ] DREAMPlace - optimizer step 8.522 ms
[INFO   ] DREAMPlace - iteration  631, (  33,  1,  1), Obj 2.165903E+03, NetCrossing 7.210E+00, NetCrossingWeight 1.000000E+00, DensityWeight 3.294651E-02, HPWL 2.083832E+03, Overflow 8.583114E-02, MaxDensity 1.727E+00, MacroOverlap 2.136E-01, MacroOverlapWeight 8.000000E-06, gamma 6.712046E-02, time 2.872ms
[INFO   ] DREAMPlace - full step 11.842 ms
[INFO   ] DREAMPlace - Lsub stopping criteria: 1 and 2165.9 > 2142.34 * 0.999
[INFO   ] DREAMPlace - Llambda stopping criteria: 1 and (( 0.0858311 < 0.1 and 2083.83 > 2076.56 ) or 1.72668 < 1.0)
[DEBUG  ] dreamplace.ops.weighted_average_wirelength.weighted_average_wirelength - wirelength forward 0.058 ms
[DEBUG  ] dreamplace.ops.electric_potential.electric_potential - density forward 1.023 ms
[DEBUG  ] dreamplace.ops.electric_potential.electric_potential - density backward 0.332 ms
[DEBUG  ] dreamplace.ops.weighted_average_wirelength.weighted_average_wirelength - wirelength backward 0.109 ms
[INFO   ] DREAMPlace - optimizer step 8.838 ms
[INFO   ] DREAMPlace - iteration  632, (  34,  0,  0), Obj 2.151940E+03, NetCrossing 6.840E+00, NetCrossingWeight 1.000000E+00, DensityWeight 3.435620E-02, HPWL 2.068335E+03, Overflow 8.518261E-02, MaxDensity 1.816E+00, MacroOverlap 2.055E-01, MacroOverlapWeight 8.000000E-06, gamma 6.598947E-02, time 2.913ms
[INFO   ] DREAMPlace - full step 12.191 ms
[DEBUG  ] dreamplace.ops.weighted_average_wirelength.weighted_average_wirelength - wirelength forward 0.062 ms
[DEBUG  ] dreamplace.ops.electric_potential.electric_potential - density forward 0.982 ms
[DEBUG  ] dreamplace.ops.electric_potential.electric_potential - density backward 0.330 ms
[DEBUG  ] dreamplace.ops.weighted_average_wirelength.weighted_average_wirelength - wirelength backward 0.109 ms
[INFO   ] DREAMPlace - optimizer step 8.852 ms
[INFO   ] DREAMPlace - iteration  633, (  34,  0,  1), Obj 2.153688E+03, NetCrossing 6.672E+00, NetCrossingWeight 1.000000E+00, DensityWeight 3.435620E-02, HPWL 2.070120E+03, Overflow 8.473131E-02, MaxDensity 1.780E+00, MacroOverlap 2.283E-01, MacroOverlapWeight 8.000000E-06, gamma 6.598947E-02, time 2.895ms
[INFO   ] DREAMPlace - full step 12.232 ms
[INFO   ] DREAMPlace - Lsub stopping criteria: 1 and 2153.69 > 2151.94 * 0.999
[DEBUG  ] dreamplace.ops.weighted_average_wirelength.weighted_average_wirelength - wirelength forward 0.064 ms
[DEBUG  ] dreamplace.ops.electric_potential.electric_potential - density forward 0.991 ms
[DEBUG  ] dreamplace.ops.electric_potential.electric_potential - density backward 0.318 ms
[DEBUG  ] dreamplace.ops.weighted_average_wirelength.weighted_average_wirelength - wirelength backward 0.104 ms
[INFO   ] DREAMPlace - optimizer step 8.749 ms
[INFO   ] DREAMPlace - iteration  634, (  34,  1,  0), Obj 2.155897E+03, NetCrossing 6.361E+00, NetCrossingWeight 1.000000E+00, DensityWeight 3.510971E-02, HPWL 2.074243E+03, Overflow 8.061245E-02, MaxDensity 1.635E+00, MacroOverlap 1.786E-01, MacroOverlapWeight 8.000000E-06, gamma 6.598947E-02, time 2.926ms
[INFO   ] DREAMPlace - full step 12.171 ms
[DEBUG  ] dreamplace.ops.weighted_average_wirelength.weighted_average_wirelength - wirelength forward 0.064 ms
[DEBUG  ] dreamplace.ops.electric_potential.electric_potential - density forward 0.973 ms
[DEBUG  ] dreamplace.ops.electric_potential.electric_potential - density backward 0.347 ms
[DEBUG  ] dreamplace.ops.weighted_average_wirelength.weighted_average_wirelength - wirelength backward 0.109 ms
[INFO   ] DREAMPlace - optimizer step 8.968 ms
[INFO   ] DREAMPlace - iteration  635, (  34,  1,  1), Obj 2.171363E+03, NetCrossing 7.755E+00, NetCrossingWeight 1.000000E+00, DensityWeight 3.510971E-02, HPWL 2.089886E+03, Overflow 8.020544E-02, MaxDensity 1.507E+00, MacroOverlap 1.773E-01, MacroOverlapWeight 8.000000E-06, gamma 6.598947E-02, time 2.970ms
[INFO   ] DREAMPlace - full step 12.421 ms
[INFO   ] DREAMPlace - Lsub stopping criteria: 1 and 2171.36 > 2155.9 * 0.999
[INFO   ] DREAMPlace - Llambda stopping criteria: 1 and (( 0.0802054 < 0.1 and 2089.89 > 2070.12 ) or 1.50722 < 1.0)
[DEBUG  ] dreamplace.ops.weighted_average_wirelength.weighted_average_wirelength - wirelength forward 0.064 ms
[DEBUG  ] dreamplace.ops.electric_potential.electric_potential - density forward 1.005 ms
[DEBUG  ] dreamplace.ops.electric_potential.electric_potential - density backward 0.361 ms
[DEBUG  ] dreamplace.ops.weighted_average_wirelength.weighted_average_wirelength - wirelength backward 0.127 ms
[INFO   ] DREAMPlace - optimizer step 9.171 ms
[INFO   ] DREAMPlace - iteration  636, (  35,  0,  0), Obj 2.166306E+03, NetCrossing 8.453E+00, NetCrossingWeight 1.000000E+00, DensityWeight 3.661191E-02, HPWL 2.086966E+03, Overflow 8.070646E-02, MaxDensity 1.577E+00, MacroOverlap 1.642E-01, MacroOverlapWeight 8.000000E-06, gamma 6.411699E-02, time 2.970ms
[INFO   ] DREAMPlace - full step 12.593 ms
[DEBUG  ] dreamplace.ops.weighted_average_wirelength.weighted_average_wirelength - wirelength forward 0.066 ms
[DEBUG  ] dreamplace.ops.electric_potential.electric_potential - density forward 1.020 ms
[DEBUG  ] dreamplace.ops.electric_potential.electric_potential - density backward 0.365 ms
[DEBUG  ] dreamplace.ops.weighted_average_wirelength.weighted_average_wirelength - wirelength backward 0.127 ms
[INFO   ] DREAMPlace - optimizer step 9.606 ms
[INFO   ] DREAMPlace - iteration  637, (  35,  0,  1), Obj 2.178543E+03, NetCrossing 5.507E+00, NetCrossingWeight 1.000000E+00, DensityWeight 3.661191E-02, HPWL 2.096578E+03, Overflow 7.843132E-02, MaxDensity 1.715E+00, MacroOverlap 1.695E-01, MacroOverlapWeight 8.000000E-06, gamma 6.411699E-02, time 2.996ms
[INFO   ] DREAMPlace - full step 13.127 ms
[INFO   ] DREAMPlace - Lsub stopping criteria: 1 and 2178.54 > 2166.31 * 0.999
[DEBUG  ] dreamplace.ops.weighted_average_wirelength.weighted_average_wirelength - wirelength forward 0.066 ms
[DEBUG  ] dreamplace.ops.electric_potential.electric_potential - density forward 0.955 ms
[DEBUG  ] dreamplace.ops.electric_potential.electric_potential - density backward 0.267 ms
[DEBUG  ] dreamplace.ops.weighted_average_wirelength.weighted_average_wirelength - wirelength backward 0.076 ms
[INFO   ] DREAMPlace - optimizer step 7.687 ms
[INFO   ] DREAMPlace - iteration  638, (  35,  1,  0), Obj 2.181913E+03, NetCrossing 6.186E+00, NetCrossingWeight 1.000000E+00, DensityWeight 3.817844E-02, HPWL 2.103194E+03, Overflow 8.127419E-02, MaxDensity 1.816E+00, MacroOverlap 1.740E-01, MacroOverlapWeight 8.000000E-06, gamma 6.411699E-02, time 3.005ms
[INFO   ] DREAMPlace - full step 11.151 ms
[DEBUG  ] dreamplace.ops.weighted_average_wirelength.weighted_average_wirelength - wirelength forward 0.061 ms
[DEBUG  ] dreamplace.ops.electric_potential.electric_potential - density forward 1.046 ms
[DEBUG  ] dreamplace.ops.electric_potential.electric_potential - density backward 0.308 ms
[DEBUG  ] dreamplace.ops.weighted_average_wirelength.weighted_average_wirelength - wirelength backward 0.098 ms
[INFO   ] DREAMPlace - optimizer step 8.458 ms
[INFO   ] DREAMPlace - iteration  639, (  35,  1,  1), Obj 2.196980E+03, NetCrossing 7.126E+00, NetCrossingWeight 1.000000E+00, DensityWeight 3.817844E-02, HPWL 2.115093E+03, Overflow 7.832180E-02, MaxDensity 1.728E+00, MacroOverlap 1.651E-01, MacroOverlapWeight 8.000000E-06, gamma 6.411699E-02, time 2.866ms
[INFO   ] DREAMPlace - full step 11.796 ms
[INFO   ] DREAMPlace - Lsub stopping criteria: 1 and 2196.98 > 2181.91 * 0.999
[INFO   ] DREAMPlace - Llambda stopping criteria: 1 and (( 0.0783218 < 0.1 and 2115.09 > 2096.58 ) or 1.7279 < 1.0)
[DEBUG  ] dreamplace.ops.weighted_average_wirelength.weighted_average_wirelength - wirelength forward 0.059 ms
[DEBUG  ] dreamplace.ops.electric_potential.electric_potential - density forward 0.966 ms
[DEBUG  ] dreamplace.ops.electric_potential.electric_potential - density backward 0.332 ms
[DEBUG  ] dreamplace.ops.weighted_average_wirelength.weighted_average_wirelength - wirelength backward 0.108 ms
[INFO   ] DREAMPlace - optimizer step 9.861 ms
[INFO   ] DREAMPlace - iteration  640, (  36,  0,  0), Obj 2.190764E+03, NetCrossing 6.341E+00, NetCrossingWeight 1.000000E+00, DensityWeight 3.981195E-02, HPWL 2.113735E+03, Overflow 7.655352E-02, MaxDensity 1.431E+00, MacroOverlap 1.510E-01, MacroOverlapWeight 8.000000E-06, gamma 6.350198E-02, time 2.825ms
[INFO   ] DREAMPlace - full step 13.142 ms
[DEBUG  ] dreamplace.ops.weighted_average_wirelength.weighted_average_wirelength - wirelength forward 0.065 ms
[DEBUG  ] dreamplace.ops.electric_potential.electric_potential - density forward 1.153 ms
[DEBUG  ] dreamplace.ops.electric_potential.electric_potential - density backward 0.352 ms
[DEBUG  ] dreamplace.ops.weighted_average_wirelength.weighted_average_wirelength - wirelength backward 0.118 ms
[INFO   ] DREAMPlace - optimizer step 9.075 ms
[INFO   ] DREAMPlace - iteration  641, (  36,  0,  1), Obj 2.193358E+03, NetCrossing 6.727E+00, NetCrossingWeight 1.000000E+00, DensityWeight 3.981195E-02, HPWL 2.110166E+03, Overflow 7.726011E-02, MaxDensity 1.816E+00, MacroOverlap 1.425E-01, MacroOverlapWeight 8.000000E-06, gamma 6.350198E-02, time 3.081ms
[INFO   ] DREAMPlace - full step 12.625 ms
[INFO   ] DREAMPlace - Lsub stopping criteria: 1 and 2193.36 > 2190.76 * 0.999
[DEBUG  ] dreamplace.ops.weighted_average_wirelength.weighted_average_wirelength - wirelength forward 0.064 ms
[DEBUG  ] dreamplace.ops.electric_potential.electric_potential - density forward 1.008 ms
[DEBUG  ] dreamplace.ops.electric_potential.electric_potential - density backward 0.368 ms
[DEBUG  ] dreamplace.ops.weighted_average_wirelength.weighted_average_wirelength - wirelength backward 0.125 ms
[INFO   ] DREAMPlace - optimizer step 9.341 ms
[INFO   ] DREAMPlace - iteration  642, (  36,  1,  0), Obj 2.206160E+03, NetCrossing 7.135E+00, NetCrossingWeight 1.000000E+00, DensityWeight 4.068512E-02, HPWL 2.127068E+03, Overflow 7.579979E-02, MaxDensity 1.732E+00, MacroOverlap 1.291E-01, MacroOverlapWeight 8.000000E-06, gamma 6.350198E-02, time 3.098ms
[INFO   ] DREAMPlace - full step 12.932 ms
[DEBUG  ] dreamplace.ops.weighted_average_wirelength.weighted_average_wirelength - wirelength forward 0.066 ms
[DEBUG  ] dreamplace.ops.electric_potential.electric_potential - density forward 1.098 ms
[DEBUG  ] dreamplace.ops.electric_potential.electric_potential - density backward 0.369 ms
[DEBUG  ] dreamplace.ops.weighted_average_wirelength.weighted_average_wirelength - wirelength backward 0.126 ms
[INFO   ] DREAMPlace - optimizer step 9.587 ms
[INFO   ] DREAMPlace - iteration  643, (  36,  1,  1), Obj 2.200859E+03, NetCrossing 6.384E+00, NetCrossingWeight 1.000000E+00, DensityWeight 4.068512E-02, HPWL 2.120563E+03, Overflow 7.707164E-02, MaxDensity 1.816E+00, MacroOverlap 1.421E-01, MacroOverlapWeight 8.000000E-06, gamma 6.350198E-02, time 3.002ms
[INFO   ] DREAMPlace - full step 13.067 ms
[INFO   ] DREAMPlace - Llambda stopping criteria: 1 and (( 0.0770716 < 0.1 and 2120.56 > 2110.17 ) or 1.81611 < 1.0)
[DEBUG  ] dreamplace.ops.weighted_average_wirelength.weighted_average_wirelength - wirelength forward 0.061 ms
[DEBUG  ] dreamplace.ops.electric_potential.electric_potential - density forward 1.015 ms
[DEBUG  ] dreamplace.ops.electric_potential.electric_potential - density backward 0.382 ms
[DEBUG  ] dreamplace.ops.weighted_average_wirelength.weighted_average_wirelength - wirelength backward 0.077 ms
[INFO   ] DREAMPlace - optimizer step 8.898 ms
[INFO   ] DREAMPlace - iteration  644, (  37,  0,  0), Obj 2.207022E+03, NetCrossing 7.636E+00, NetCrossingWeight 1.000000E+00, DensityWeight 4.242592E-02, HPWL 2.127783E+03, Overflow 7.553359E-02, MaxDensity 1.717E+00, MacroOverlap 1.244E-01, MacroOverlapWeight 8.000000E-06, gamma 6.309706E-02, time 2.986ms
[INFO   ] DREAMPlace - full step 12.347 ms
[DEBUG  ] dreamplace.ops.weighted_average_wirelength.weighted_average_wirelength - wirelength forward 0.062 ms
[DEBUG  ] dreamplace.ops.electric_potential.electric_potential - density forward 0.998 ms
[DEBUG  ] dreamplace.ops.electric_potential.electric_potential - density backward 0.273 ms
[DEBUG  ] dreamplace.ops.weighted_average_wirelength.weighted_average_wirelength - wirelength backward 0.087 ms
[INFO   ] DREAMPlace - optimizer step 7.743 ms
[INFO   ] DREAMPlace - iteration  645, (  37,  0,  1), Obj 2.206067E+03, NetCrossing 6.357E+00, NetCrossingWeight 1.000000E+00, DensityWeight 4.242592E-02, HPWL 2.124666E+03, Overflow 7.621016E-02, MaxDensity 1.764E+00, MacroOverlap 1.402E-01, MacroOverlapWeight 8.000000E-06, gamma 6.309706E-02, time 2.934ms
[INFO   ] DREAMPlace - full step 11.127 ms
[INFO   ] DREAMPlace - Lsub stopping criteria: 1 and 2206.07 > 2207.02 * 0.999
[DEBUG  ] dreamplace.ops.weighted_average_wirelength.weighted_average_wirelength - wirelength forward 0.059 ms
[DEBUG  ] dreamplace.ops.electric_potential.electric_potential - density forward 0.985 ms
[DEBUG  ] dreamplace.ops.electric_potential.electric_potential - density backward 0.298 ms
[DEBUG  ] dreamplace.ops.weighted_average_wirelength.weighted_average_wirelength - wirelength backward 0.093 ms
[INFO   ] DREAMPlace - optimizer step 8.092 ms
[INFO   ] DREAMPlace - iteration  646, (  37,  1,  0), Obj 2.211028E+03, NetCrossing 6.914E+00, NetCrossingWeight 1.000000E+00, DensityWeight 4.424123E-02, HPWL 2.131051E+03, Overflow 7.685241E-02, MaxDensity 1.808E+00, MacroOverlap 1.310E-01, MacroOverlapWeight 8.000000E-06, gamma 6.309706E-02, time 2.925ms
[INFO   ] DREAMPlace - full step 11.460 ms
[DEBUG  ] dreamplace.ops.weighted_average_wirelength.weighted_average_wirelength - wirelength forward 0.059 ms
[DEBUG  ] dreamplace.ops.electric_potential.electric_potential - density forward 0.952 ms
[DEBUG  ] dreamplace.ops.electric_potential.electric_potential - density backward 0.321 ms
[DEBUG  ] dreamplace.ops.weighted_average_wirelength.weighted_average_wirelength - wirelength backward 0.103 ms
[INFO   ] DREAMPlace - optimizer step 8.502 ms
[INFO   ] DREAMPlace - iteration  647, (  37,  1,  1), Obj 2.225233E+03, NetCrossing 8.137E+00, NetCrossingWeight 1.000000E+00, DensityWeight 4.424123E-02, HPWL 2.144472E+03, Overflow 7.439158E-02, MaxDensity 1.730E+00, MacroOverlap 1.147E-01, MacroOverlapWeight 8.000000E-06, gamma 6.309706E-02, time 2.826ms
[INFO   ] DREAMPlace - full step 11.798 ms
[INFO   ] DREAMPlace - Lsub stopping criteria: 1 and 2225.23 > 2211.03 * 0.999
[INFO   ] DREAMPlace - Llambda stopping criteria: 1 and (( 0.0743916 < 0.1 and 2144.47 > 2124.67 ) or 1.72974 < 1.0)
[DEBUG  ] dreamplace.ops.weighted_average_wirelength.weighted_average_wirelength - wirelength forward 0.061 ms
[DEBUG  ] dreamplace.ops.electric_potential.electric_potential - density forward 0.993 ms
[DEBUG  ] dreamplace.ops.electric_potential.electric_potential - density backward 0.319 ms
[DEBUG  ] dreamplace.ops.weighted_average_wirelength.weighted_average_wirelength - wirelength backward 0.117 ms
[INFO   ] DREAMPlace - optimizer step 8.616 ms
[INFO   ] DREAMPlace - iteration  648, (  38,  0,  0), Obj 2.217842E+03, NetCrossing 6.226E+00, NetCrossingWeight 1.000000E+00, DensityWeight 4.613414E-02, HPWL 2.141478E+03, Overflow 7.448497E-02, MaxDensity 1.657E+00, MacroOverlap 1.144E-01, MacroOverlapWeight 8.000000E-06, gamma 6.223768E-02, time 2.954ms
[INFO   ] DREAMPlace - full step 12.012 ms
[DEBUG  ] dreamplace.ops.weighted_average_wirelength.weighted_average_wirelength - wirelength forward 0.062 ms
[DEBUG  ] dreamplace.ops.electric_potential.electric_potential - density forward 0.975 ms
[DEBUG  ] dreamplace.ops.electric_potential.electric_potential - density backward 0.346 ms
[DEBUG  ] dreamplace.ops.weighted_average_wirelength.weighted_average_wirelength - wirelength backward 0.109 ms
[INFO   ] DREAMPlace - optimizer step 8.979 ms
[INFO   ] DREAMPlace - iteration  649, (  38,  0,  1), Obj 2.220787E+03, NetCrossing 7.633E+00, NetCrossingWeight 1.000000E+00, DensityWeight 4.613414E-02, HPWL 2.139643E+03, Overflow 7.382076E-02, MaxDensity 1.551E+00, MacroOverlap 1.183E-01, MacroOverlapWeight 8.000000E-06, gamma 6.223768E-02, time 2.918ms
[INFO   ] DREAMPlace - full step 12.375 ms
[INFO   ] DREAMPlace - Lsub stopping criteria: 1 and 2220.79 > 2217.84 * 0.999
[DEBUG  ] dreamplace.ops.weighted_average_wirelength.weighted_average_wirelength - wirelength forward 0.063 ms
[DEBUG  ] dreamplace.ops.electric_potential.electric_potential - density forward 0.999 ms
[DEBUG  ] dreamplace.ops.electric_potential.electric_potential - density backward 0.363 ms
[DEBUG  ] dreamplace.ops.weighted_average_wirelength.weighted_average_wirelength - wirelength backward 0.124 ms
[INFO   ] DREAMPlace - optimizer step 9.155 ms
[INFO   ] DREAMPlace - iteration  650, (  38,  1,  0), Obj 2.234209E+03, NetCrossing 8.052E+00, NetCrossingWeight 1.000000E+00, DensityWeight 4.714596E-02, HPWL 2.154472E+03, Overflow 7.329750E-02, MaxDensity 1.623E+00, MacroOverlap 1.186E-01, MacroOverlapWeight 8.000000E-06, gamma 6.223768E-02, time 2.959ms
[INFO   ] DREAMPlace - full step 12.597 ms
[DEBUG  ] dreamplace.ops.weighted_average_wirelength.weighted_average_wirelength - wirelength forward 0.065 ms
[DEBUG  ] dreamplace.ops.electric_potential.electric_potential - density forward 1.006 ms
[DEBUG  ] dreamplace.ops.electric_potential.electric_potential - density backward 0.346 ms
[DEBUG  ] dreamplace.ops.weighted_average_wirelength.weighted_average_wirelength - wirelength backward 0.117 ms
[INFO   ] DREAMPlace - optimizer step 9.338 ms
[INFO   ] DREAMPlace - iteration  651, (  38,  1,  1), Obj 2.218212E+03, NetCrossing 6.510E+00, NetCrossingWeight 1.000000E+00, DensityWeight 4.714596E-02, HPWL 2.136574E+03, Overflow 7.234768E-02, MaxDensity 1.622E+00, MacroOverlap 1.119E-01, MacroOverlapWeight 8.000000E-06, gamma 6.223768E-02, time 3.041ms
[INFO   ] DREAMPlace - full step 12.871 ms
[DEBUG  ] dreamplace.ops.weighted_average_wirelength.weighted_average_wirelength - wirelength forward 0.065 ms
[DEBUG  ] dreamplace.ops.electric_potential.electric_potential - density forward 1.006 ms
[DEBUG  ] dreamplace.ops.electric_potential.electric_potential - density backward 0.350 ms
[DEBUG  ] dreamplace.ops.weighted_average_wirelength.weighted_average_wirelength - wirelength backward 0.117 ms
[INFO   ] DREAMPlace - optimizer step 9.248 ms
[INFO   ] DREAMPlace - iteration  652, (  38,  2,  0), Obj 2.220402E+03, NetCrossing 6.775E+00, NetCrossingWeight 1.000000E+00, DensityWeight 4.817998E-02, HPWL 2.142612E+03, Overflow 7.304092E-02, MaxDensity 1.651E+00, MacroOverlap 1.057E-01, MacroOverlapWeight 8.000000E-06, gamma 6.223768E-02, time 2.991ms
[INFO   ] DREAMPlace - full step 12.725 ms
[DEBUG  ] dreamplace.ops.weighted_average_wirelength.weighted_average_wirelength - wirelength forward 0.066 ms
[DEBUG  ] dreamplace.ops.electric_potential.electric_potential - density forward 1.009 ms
[DEBUG  ] dreamplace.ops.electric_potential.electric_potential - density backward 0.308 ms
[DEBUG  ] dreamplace.ops.weighted_average_wirelength.weighted_average_wirelength - wirelength backward 0.076 ms
[INFO   ] DREAMPlace - optimizer step 8.212 ms
[INFO   ] DREAMPlace - iteration  653, (  38,  2,  1), Obj 2.229174E+03, NetCrossing 8.091E+00, NetCrossingWeight 1.000000E+00, DensityWeight 4.817998E-02, HPWL 2.147790E+03, Overflow 7.342923E-02, MaxDensity 1.690E+00, MacroOverlap 1.205E-01, MacroOverlapWeight 8.000000E-06, gamma 6.223768E-02, time 2.988ms
[INFO   ] DREAMPlace - full step 11.685 ms
[INFO   ] DREAMPlace - Lsub stopping criteria: 1 and 2229.17 > 2220.4 * 0.999
[INFO   ] DREAMPlace - Llambda stopping criteria: 2 and (( 0.0734292 < 0.1 and 2147.79 > 2136.57 ) or 1.69032 < 1.0)
[DEBUG  ] dreamplace.ops.weighted_average_wirelength.weighted_average_wirelength - wirelength forward 0.058 ms
[DEBUG  ] dreamplace.ops.electric_potential.electric_potential - density forward 0.930 ms
[DEBUG  ] dreamplace.ops.electric_potential.electric_potential - density backward 0.314 ms
[DEBUG  ] dreamplace.ops.weighted_average_wirelength.weighted_average_wirelength - wirelength backward 0.096 ms
[INFO   ] DREAMPlace - optimizer step 8.232 ms
[INFO   ] DREAMPlace - iteration  654, (  39,  0,  0), Obj 2.239011E+03, NetCrossing 5.385E+00, NetCrossingWeight 1.000000E+00, DensityWeight 5.024146E-02, HPWL 2.162073E+03, Overflow 7.217021E-02, MaxDensity 1.644E+00, MacroOverlap 1.059E-01, MacroOverlapWeight 8.000000E-06, gamma 6.193197E-02, time 3.008ms
[INFO   ] DREAMPlace - full step 11.698 ms
[DEBUG  ] dreamplace.ops.weighted_average_wirelength.weighted_average_wirelength - wirelength forward 0.058 ms
[DEBUG  ] dreamplace.ops.electric_potential.electric_potential - density forward 0.952 ms
[DEBUG  ] dreamplace.ops.electric_potential.electric_potential - density backward 0.363 ms
[DEBUG  ] dreamplace.ops.weighted_average_wirelength.weighted_average_wirelength - wirelength backward 0.110 ms
[INFO   ] DREAMPlace - optimizer step 8.698 ms
[INFO   ] DREAMPlace - iteration  655, (  39,  0,  1), Obj 2.214844E+03, NetCrossing 7.172E+00, NetCrossingWeight 1.000000E+00, DensityWeight 5.024146E-02, HPWL 2.132651E+03, Overflow 7.262143E-02, MaxDensity 1.648E+00, MacroOverlap 1.235E-01, MacroOverlapWeight 8.000000E-06, gamma 6.193197E-02, time 2.822ms
[INFO   ] DREAMPlace - full step 11.965 ms
[DEBUG  ] dreamplace.ops.weighted_average_wirelength.weighted_average_wirelength - wirelength forward 0.062 ms
[DEBUG  ] dreamplace.ops.electric_potential.electric_potential - density forward 0.973 ms
[DEBUG  ] dreamplace.ops.electric_potential.electric_potential - density backward 0.359 ms
[DEBUG  ] dreamplace.ops.weighted_average_wirelength.weighted_average_wirelength - wirelength backward 0.117 ms
[INFO   ] DREAMPlace - optimizer step 8.622 ms
[INFO   ] DREAMPlace - iteration  656, (  39,  1,  0), Obj 2.231658E+03, NetCrossing 5.518E+00, NetCrossingWeight 1.000000E+00, DensityWeight 5.134336E-02, HPWL 2.150411E+03, Overflow 7.195512E-02, MaxDensity 1.578E+00, MacroOverlap 1.167E-01, MacroOverlapWeight 8.000000E-06, gamma 6.193197E-02, time 2.865ms
[INFO   ] DREAMPlace - full step 11.954 ms
[DEBUG  ] dreamplace.ops.weighted_average_wirelength.weighted_average_wirelength - wirelength forward 0.061 ms
[DEBUG  ] dreamplace.ops.electric_potential.electric_potential - density forward 0.978 ms
[DEBUG  ] dreamplace.ops.electric_potential.electric_potential - density backward 0.397 ms
[DEBUG  ] dreamplace.ops.weighted_average_wirelength.weighted_average_wirelength - wirelength backward 0.110 ms
[INFO   ] DREAMPlace - optimizer step 8.847 ms
[INFO   ] DREAMPlace - iteration  657, (  39,  1,  1), Obj 2.229747E+03, NetCrossing 6.646E+00, NetCrossingWeight 1.000000E+00, DensityWeight 5.134336E-02, HPWL 2.147116E+03, Overflow 7.059476E-02, MaxDensity 1.693E+00, MacroOverlap 1.090E-01, MacroOverlapWeight 8.000000E-06, gamma 6.193197E-02, time 2.946ms
[INFO   ] DREAMPlace - full step 12.281 ms
[INFO   ] DREAMPlace - Lsub stopping criteria: 1 and 2229.75 > 2231.66 * 0.999
[INFO   ] DREAMPlace - Llambda stopping criteria: 1 and (( 0.0705948 < 0.1 and 2147.12 > 2132.65 ) or 1.69286 < 1.0)
[DEBUG  ] dreamplace.ops.weighted_average_wirelength.weighted_average_wirelength - wirelength forward 0.063 ms
[DEBUG  ] dreamplace.ops.electric_potential.electric_potential - density forward 0.999 ms
[DEBUG  ] dreamplace.ops.electric_potential.electric_potential - density backward 0.431 ms
[DEBUG  ] dreamplace.ops.weighted_average_wirelength.weighted_average_wirelength - wirelength backward 0.126 ms
[INFO   ] DREAMPlace - optimizer step 9.168 ms
[INFO   ] DREAMPlace - iteration  658, (  40,  0,  0), Obj 2.234150E+03, NetCrossing 6.871E+00, NetCrossingWeight 1.000000E+00, DensityWeight 5.354018E-02, HPWL 2.152652E+03, Overflow 6.811552E-02, MaxDensity 1.602E+00, MacroOverlap 1.112E-01, MacroOverlapWeight 8.000000E-06, gamma 6.104023E-02, time 2.962ms
[INFO   ] DREAMPlace - full step 12.626 ms
[DEBUG  ] dreamplace.ops.weighted_average_wirelength.weighted_average_wirelength - wirelength forward 0.065 ms
[DEBUG  ] dreamplace.ops.electric_potential.electric_potential - density forward 1.008 ms
[DEBUG  ] dreamplace.ops.electric_potential.electric_potential - density backward 0.408 ms
[DEBUG  ] dreamplace.ops.weighted_average_wirelength.weighted_average_wirelength - wirelength backward 0.117 ms
[INFO   ] DREAMPlace - optimizer step 9.395 ms
[INFO   ] DREAMPlace - iteration  659, (  40,  0,  1), Obj 2.240363E+03, NetCrossing 7.381E+00, NetCrossingWeight 1.000000E+00, DensityWeight 5.354018E-02, HPWL 2.156450E+03, Overflow 6.891660E-02, MaxDensity 1.703E+00, MacroOverlap 1.012E-01, MacroOverlapWeight 8.000000E-06, gamma 6.104023E-02, time 3.039ms
[INFO   ] DREAMPlace - full step 12.911 ms
[INFO   ] DREAMPlace - Lsub stopping criteria: 1 and 2240.36 > 2234.15 * 0.999
[DEBUG  ] dreamplace.ops.weighted_average_wirelength.weighted_average_wirelength - wirelength forward 0.065 ms
[DEBUG  ] dreamplace.ops.electric_potential.electric_potential - density forward 0.946 ms
[DEBUG  ] dreamplace.ops.electric_potential.electric_potential - density backward 0.408 ms
[DEBUG  ] dreamplace.ops.weighted_average_wirelength.weighted_average_wirelength - wirelength backward 0.117 ms
[INFO   ] DREAMPlace - optimizer step 9.068 ms
[INFO   ] DREAMPlace - iteration  660, (  40,  1,  0), Obj 2.238965E+03, NetCrossing 6.687E+00, NetCrossingWeight 1.000000E+00, DensityWeight 5.583100E-02, HPWL 2.154148E+03, Overflow 6.951724E-02, MaxDensity 1.678E+00, MacroOverlap 1.143E-01, MacroOverlapWeight 8.000000E-06, gamma 6.104023E-02, time 2.998ms
[INFO   ] DREAMPlace - full step 12.527 ms
[DEBUG  ] dreamplace.ops.weighted_average_wirelength.weighted_average_wirelength - wirelength forward 0.060 ms
[DEBUG  ] dreamplace.ops.electric_potential.electric_potential - density forward 0.988 ms
[DEBUG  ] dreamplace.ops.electric_potential.electric_potential - density backward 0.334 ms
[DEBUG  ] dreamplace.ops.weighted_average_wirelength.weighted_average_wirelength - wirelength backward 0.074 ms
[INFO   ] DREAMPlace - optimizer step 7.735 ms
[INFO   ] DREAMPlace - iteration  661, (  40,  1,  1), Obj 2.248537E+03, NetCrossing 7.116E+00, NetCrossingWeight 1.000000E+00, DensityWeight 5.583100E-02, HPWL 2.161620E+03, Overflow 7.070801E-02, MaxDensity 1.549E+00, MacroOverlap 1.316E-01, MacroOverlapWeight 8.000000E-06, gamma 6.104023E-02, time 2.850ms
[INFO   ] DREAMPlace - full step 11.045 ms
[INFO   ] DREAMPlace - Lsub stopping criteria: 1 and 2248.54 > 2238.97 * 0.999
[INFO   ] DREAMPlace - Llambda stopping criteria: 1 and (( 0.070708 < 0.1 and 2161.62 > 2156.45 ) or 1.54919 < 1.0)
[DEBUG  ] dreamplace.ops.weighted_average_wirelength.weighted_average_wirelength - wirelength forward 0.065 ms
[DEBUG  ] dreamplace.ops.electric_potential.electric_potential - density forward 0.938 ms
[DEBUG  ] dreamplace.ops.electric_potential.electric_potential - density backward 0.372 ms
[DEBUG  ] dreamplace.ops.weighted_average_wirelength.weighted_average_wirelength - wirelength backward 0.096 ms
[INFO   ] DREAMPlace - optimizer step 8.389 ms
[INFO   ] DREAMPlace - iteration  662, (  41,  0,  0), Obj 2.246934E+03, NetCrossing 6.625E+00, NetCrossingWeight 1.000000E+00, DensityWeight 5.821988E-02, HPWL 2.162635E+03, Overflow 7.019073E-02, MaxDensity 1.627E+00, MacroOverlap 1.141E-01, MacroOverlapWeight 8.000000E-06, gamma 6.107560E-02, time 2.973ms
[INFO   ] DREAMPlace - full step 11.808 ms
[DEBUG  ] dreamplace.ops.weighted_average_wirelength.weighted_average_wirelength - wirelength forward 0.058 ms
[DEBUG  ] dreamplace.ops.electric_potential.electric_potential - density forward 3.682 ms
[DEBUG  ] dreamplace.ops.electric_potential.electric_potential - density backward 0.410 ms
[DEBUG  ] dreamplace.ops.weighted_average_wirelength.weighted_average_wirelength - wirelength backward 0.118 ms
[INFO   ] DREAMPlace - optimizer step 11.685 ms
[INFO   ] DREAMPlace - iteration  663, (  41,  0,  1), Obj 2.249160E+03, NetCrossing 6.405E+00, NetCrossingWeight 1.000000E+00, DensityWeight 5.821988E-02, HPWL 2.163193E+03, Overflow 6.774689E-02, MaxDensity 1.492E+00, MacroOverlap 9.724E-02, MacroOverlapWeight 8.000000E-06, gamma 6.107560E-02, time 2.827ms
[INFO   ] DREAMPlace - full step 14.983 ms
[INFO   ] DREAMPlace - Lsub stopping criteria: 1 and 2249.16 > 2246.93 * 0.999
[DEBUG  ] dreamplace.ops.weighted_average_wirelength.weighted_average_wirelength - wirelength forward 0.063 ms
[DEBUG  ] dreamplace.ops.electric_potential.electric_potential - density forward 0.992 ms
[DEBUG  ] dreamplace.ops.electric_potential.electric_potential - density backward 0.412 ms
[DEBUG  ] dreamplace.ops.weighted_average_wirelength.weighted_average_wirelength - wirelength backward 0.118 ms
[INFO   ] DREAMPlace - optimizer step 9.182 ms
[INFO   ] DREAMPlace - iteration  664, (  41,  1,  0), Obj 2.265847E+03, NetCrossing 6.653E+00, NetCrossingWeight 1.000000E+00, DensityWeight 6.071098E-02, HPWL 2.183382E+03, Overflow 6.688533E-02, MaxDensity 1.780E+00, MacroOverlap 9.941E-02, MacroOverlapWeight 8.000000E-06, gamma 6.107560E-02, time 3.535ms
[INFO   ] DREAMPlace - full step 13.191 ms
[DEBUG  ] dreamplace.ops.weighted_average_wirelength.weighted_average_wirelength - wirelength forward 0.064 ms
[DEBUG  ] dreamplace.ops.electric_potential.electric_potential - density forward 0.984 ms
[DEBUG  ] dreamplace.ops.electric_potential.electric_potential - density backward 0.339 ms
[DEBUG  ] dreamplace.ops.weighted_average_wirelength.weighted_average_wirelength - wirelength backward 0.081 ms
[INFO   ] DREAMPlace - optimizer step 7.969 ms
[INFO   ] DREAMPlace - iteration  665, (  41,  1,  1), Obj 2.267378E+03, NetCrossing 6.145E+00, NetCrossingWeight 1.000000E+00, DensityWeight 6.071098E-02, HPWL 2.182446E+03, Overflow 6.693006E-02, MaxDensity 1.614E+00, MacroOverlap 9.061E-02, MacroOverlapWeight 8.000000E-06, gamma 6.107560E-02, time 3.071ms
[INFO   ] DREAMPlace - full step 11.510 ms
[INFO   ] DREAMPlace - Lsub stopping criteria: 1 and 2267.38 > 2265.85 * 0.999
[INFO   ] DREAMPlace - Llambda stopping criteria: 1 and (( 0.0669301 < 0.1 and 2182.45 > 2163.19 ) or 1.61357 < 1.0)
[DEBUG  ] dreamplace.ops.weighted_average_wirelength.weighted_average_wirelength - wirelength forward 0.058 ms
[DEBUG  ] dreamplace.ops.electric_potential.electric_potential - density forward 0.932 ms
[DEBUG  ] dreamplace.ops.electric_potential.electric_potential - density backward 0.342 ms
[DEBUG  ] dreamplace.ops.weighted_average_wirelength.weighted_average_wirelength - wirelength backward 0.112 ms
[INFO   ] DREAMPlace - optimizer step 8.262 ms
[INFO   ] DREAMPlace - iteration  666, (  42,  0,  0), Obj 2.268811E+03, NetCrossing 6.188E+00, NetCrossingWeight 1.000000E+00, DensityWeight 6.330857E-02, HPWL 2.185336E+03, Overflow 6.673658E-02, MaxDensity 1.696E+00, MacroOverlap 8.240E-02, MacroOverlapWeight 8.000000E-06, gamma 5.990628E-02, time 2.975ms
[INFO   ] DREAMPlace - full step 11.713 ms
[DEBUG  ] dreamplace.ops.weighted_average_wirelength.weighted_average_wirelength - wirelength forward 0.060 ms
[DEBUG  ] dreamplace.ops.electric_potential.electric_potential - density forward 0.949 ms
[DEBUG  ] dreamplace.ops.electric_potential.electric_potential - density backward 0.365 ms
[DEBUG  ] dreamplace.ops.weighted_average_wirelength.weighted_average_wirelength - wirelength backward 0.111 ms
[INFO   ] DREAMPlace - optimizer step 8.707 ms
[INFO   ] DREAMPlace - iteration  667, (  42,  0,  1), Obj 2.280165E+03, NetCrossing 7.512E+00, NetCrossingWeight 1.000000E+00, DensityWeight 6.330857E-02, HPWL 2.193975E+03, Overflow 6.719580E-02, MaxDensity 1.479E+00, MacroOverlap 7.774E-02, MacroOverlapWeight 8.000000E-06, gamma 5.990628E-02, time 2.900ms
[INFO   ] DREAMPlace - full step 12.058 ms
[INFO   ] DREAMPlace - Lsub stopping criteria: 1 and 2280.16 > 2268.81 * 0.999
[DEBUG  ] dreamplace.ops.weighted_average_wirelength.weighted_average_wirelength - wirelength forward 0.062 ms
[DEBUG  ] dreamplace.ops.electric_potential.electric_potential - density forward 0.982 ms
[DEBUG  ] dreamplace.ops.electric_potential.electric_potential - density backward 0.355 ms
[DEBUG  ] dreamplace.ops.weighted_average_wirelength.weighted_average_wirelength - wirelength backward 0.119 ms
[INFO   ] DREAMPlace - optimizer step 8.721 ms
[INFO   ] DREAMPlace - iteration  668, (  42,  1,  0), Obj 2.272876E+03, NetCrossing 6.359E+00, NetCrossingWeight 1.000000E+00, DensityWeight 6.601734E-02, HPWL 2.187931E+03, Overflow 6.580908E-02, MaxDensity 1.539E+00, MacroOverlap 7.650E-02, MacroOverlapWeight 8.000000E-06, gamma 5.990628E-02, time 2.895ms
[INFO   ] DREAMPlace - full step 12.082 ms
[DEBUG  ] dreamplace.ops.weighted_average_wirelength.weighted_average_wirelength - wirelength forward 0.062 ms
[DEBUG  ] dreamplace.ops.electric_potential.electric_potential - density forward 1.016 ms
[DEBUG  ] dreamplace.ops.electric_potential.electric_potential - density backward 0.394 ms
[DEBUG  ] dreamplace.ops.weighted_average_wirelength.weighted_average_wirelength - wirelength backward 0.110 ms
[INFO   ] DREAMPlace - optimizer step 9.085 ms
[INFO   ] DREAMPlace - iteration  669, (  42,  1,  1), Obj 2.271118E+03, NetCrossing 7.888E+00, NetCrossingWeight 1.000000E+00, DensityWeight 6.601734E-02, HPWL 2.182026E+03, Overflow 6.492541E-02, MaxDensity 1.478E+00, MacroOverlap 7.954E-02, MacroOverlapWeight 8.000000E-06, gamma 5.990628E-02, time 2.918ms
[INFO   ] DREAMPlace - full step 12.482 ms
[INFO   ] DREAMPlace - Lsub stopping criteria: 1 and 2271.12 > 2272.88 * 0.999
[DEBUG  ] dreamplace.ops.weighted_average_wirelength.weighted_average_wirelength - wirelength forward 0.065 ms
[DEBUG  ] dreamplace.ops.electric_potential.electric_potential - density forward 1.008 ms
[DEBUG  ] dreamplace.ops.electric_potential.electric_potential - density backward 0.398 ms
[DEBUG  ] dreamplace.ops.weighted_average_wirelength.weighted_average_wirelength - wirelength backward 0.127 ms
[INFO   ] DREAMPlace - optimizer step 9.306 ms
[INFO   ] DREAMPlace - iteration  670, (  42,  2,  0), Obj 2.278302E+03, NetCrossing 6.330E+00, NetCrossingWeight 1.000000E+00, DensityWeight 6.746525E-02, HPWL 2.191573E+03, Overflow 6.431069E-02, MaxDensity 1.594E+00, MacroOverlap 8.243E-02, MacroOverlapWeight 8.000000E-06, gamma 5.990628E-02, time 2.978ms
[INFO   ] DREAMPlace - full step 12.767 ms
[DEBUG  ] dreamplace.ops.weighted_average_wirelength.weighted_average_wirelength - wirelength forward 0.067 ms
[DEBUG  ] dreamplace.ops.electric_potential.electric_potential - density forward 1.005 ms
[DEBUG  ] dreamplace.ops.electric_potential.electric_potential - density backward 0.378 ms
[DEBUG  ] dreamplace.ops.weighted_average_wirelength.weighted_average_wirelength - wirelength backward 0.117 ms
[INFO   ] DREAMPlace - optimizer step 9.357 ms
[INFO   ] DREAMPlace - iteration  671, (  42,  2,  1), Obj 2.283975E+03, NetCrossing 7.514E+00, NetCrossingWeight 1.000000E+00, DensityWeight 6.746525E-02, HPWL 2.196672E+03, Overflow 6.356716E-02, MaxDensity 1.564E+00, MacroOverlap 7.689E-02, MacroOverlapWeight 8.000000E-06, gamma 5.990628E-02, time 3.000ms
[INFO   ] DREAMPlace - full step 12.876 ms
[INFO   ] DREAMPlace - Lsub stopping criteria: 1 and 2283.97 > 2278.3 * 0.999
[INFO   ] DREAMPlace - Llambda stopping criteria: 2 and (( 0.0635672 < 0.1 and 2196.67 > 2182.03 ) or 1.56387 < 1.0)
[DEBUG  ] dreamplace.ops.weighted_average_wirelength.weighted_average_wirelength - wirelength forward 0.061 ms
[DEBUG  ] dreamplace.ops.electric_potential.electric_potential - density forward 0.946 ms
[DEBUG  ] dreamplace.ops.electric_potential.electric_potential - density backward 0.383 ms
[DEBUG  ] dreamplace.ops.weighted_average_wirelength.weighted_average_wirelength - wirelength backward 0.094 ms
[INFO   ] DREAMPlace - optimizer step 8.867 ms
[INFO   ] DREAMPlace - iteration  672, (  43,  0,  0), Obj 2.292933E+03, NetCrossing 7.401E+00, NetCrossingWeight 1.000000E+00, DensityWeight 7.035186E-02, HPWL 2.207496E+03, Overflow 6.266633E-02, MaxDensity 1.455E+00, MacroOverlap 6.694E-02, MacroOverlapWeight 8.000000E-06, gamma 5.888426E-02, time 3.035ms
[INFO   ] DREAMPlace - full step 12.368 ms
[DEBUG  ] dreamplace.ops.weighted_average_wirelength.weighted_average_wirelength - wirelength forward 0.062 ms
[DEBUG  ] dreamplace.ops.electric_potential.electric_potential - density forward 0.977 ms
[DEBUG  ] dreamplace.ops.electric_potential.electric_potential - density backward 0.306 ms
[DEBUG  ] dreamplace.ops.weighted_average_wirelength.weighted_average_wirelength - wirelength backward 0.079 ms
[INFO   ] DREAMPlace - optimizer step 7.887 ms
[INFO   ] DREAMPlace - iteration  673, (  43,  0,  1), Obj 2.291578E+03, NetCrossing 7.436E+00, NetCrossingWeight 1.000000E+00, DensityWeight 7.035186E-02, HPWL 2.205980E+03, Overflow 6.246992E-02, MaxDensity 1.516E+00, MacroOverlap 6.679E-02, MacroOverlapWeight 8.000000E-06, gamma 5.888426E-02, time 2.940ms
[INFO   ] DREAMPlace - full step 11.305 ms
[INFO   ] DREAMPlace - Lsub stopping criteria: 1 and 2291.58 > 2292.93 * 0.999
[DEBUG  ] dreamplace.ops.weighted_average_wirelength.weighted_average_wirelength - wirelength forward 0.059 ms
[DEBUG  ] dreamplace.ops.electric_potential.electric_potential - density forward 0.939 ms
[DEBUG  ] dreamplace.ops.electric_potential.electric_potential - density backward 0.342 ms
[DEBUG  ] dreamplace.ops.weighted_average_wirelength.weighted_average_wirelength - wirelength backward 0.097 ms
[INFO   ] DREAMPlace - optimizer step 8.240 ms
[INFO   ] DREAMPlace - iteration  674, (  43,  1,  0), Obj 2.292774E+03, NetCrossing 5.800E+00, NetCrossingWeight 1.000000E+00, DensityWeight 7.336202E-02, HPWL 2.204407E+03, Overflow 6.268684E-02, MaxDensity 1.533E+00, MacroOverlap 6.733E-02, MacroOverlapWeight 8.000000E-06, gamma 5.888426E-02, time 2.934ms
[INFO   ] DREAMPlace - full step 11.616 ms
[DEBUG  ] dreamplace.ops.weighted_average_wirelength.weighted_average_wirelength - wirelength forward 0.062 ms
[DEBUG  ] dreamplace.ops.electric_potential.electric_potential - density forward 0.973 ms
[DEBUG  ] dreamplace.ops.electric_potential.electric_potential - density backward 0.364 ms
[DEBUG  ] dreamplace.ops.weighted_average_wirelength.weighted_average_wirelength - wirelength backward 0.109 ms
[INFO   ] DREAMPlace - optimizer step 8.783 ms
[INFO   ] DREAMPlace - iteration  675, (  43,  1,  1), Obj 2.304314E+03, NetCrossing 6.595E+00, NetCrossingWeight 1.000000E+00, DensityWeight 7.336202E-02, HPWL 2.215233E+03, Overflow 6.240600E-02, MaxDensity 1.581E+00, MacroOverlap 6.451E-02, MacroOverlapWeight 8.000000E-06, gamma 5.888426E-02, time 2.823ms
[INFO   ] DREAMPlace - full step 12.074 ms
[INFO   ] DREAMPlace - Lsub stopping criteria: 1 and 2304.31 > 2292.77 * 0.999
[INFO   ] DREAMPlace - Llambda stopping criteria: 1 and (( 0.062406 < 0.1 and 2215.23 > 2205.98 ) or 1.58094 < 1.0)
[DEBUG  ] dreamplace.ops.weighted_average_wirelength.weighted_average_wirelength - wirelength forward 0.065 ms
[DEBUG  ] dreamplace.ops.electric_potential.electric_potential - density forward 1.171 ms
[DEBUG  ] dreamplace.ops.electric_potential.electric_potential - density backward 0.355 ms
[DEBUG  ] dreamplace.ops.weighted_average_wirelength.weighted_average_wirelength - wirelength backward 0.119 ms
[INFO   ] DREAMPlace - optimizer step 9.102 ms
[INFO   ] DREAMPlace - iteration  676, (  44,  0,  0), Obj 2.308047E+03, NetCrossing 7.265E+00, NetCrossingWeight 1.000000E+00, DensityWeight 7.650096E-02, HPWL 2.222106E+03, Overflow 6.159395E-02, MaxDensity 1.592E+00, MacroOverlap 6.022E-02, MacroOverlapWeight 8.000000E-06, gamma 5.853543E-02, time 3.000ms
[INFO   ] DREAMPlace - full step 12.586 ms
[DEBUG  ] dreamplace.ops.weighted_average_wirelength.weighted_average_wirelength - wirelength forward 0.065 ms
[DEBUG  ] dreamplace.ops.electric_potential.electric_potential - density forward 1.176 ms
[DEBUG  ] dreamplace.ops.electric_potential.electric_potential - density backward 0.399 ms
[DEBUG  ] dreamplace.ops.weighted_average_wirelength.weighted_average_wirelength - wirelength backward 0.126 ms
[INFO   ] DREAMPlace - optimizer step 9.595 ms
[INFO   ] DREAMPlace - iteration  677, (  44,  0,  1), Obj 2.314852E+03, NetCrossing 6.384E+00, NetCrossingWeight 1.000000E+00, DensityWeight 7.650096E-02, HPWL 2.224290E+03, Overflow 6.103184E-02, MaxDensity 1.628E+00, MacroOverlap 6.081E-02, MacroOverlapWeight 8.000000E-06, gamma 5.853543E-02, time 2.994ms
[INFO   ] DREAMPlace - full step 13.087 ms
[INFO   ] DREAMPlace - Lsub stopping criteria: 1 and 2314.85 > 2308.05 * 0.999
[DEBUG  ] dreamplace.ops.weighted_average_wirelength.weighted_average_wirelength - wirelength forward 0.065 ms
[DEBUG  ] dreamplace.ops.electric_potential.electric_potential - density forward 1.022 ms
[DEBUG  ] dreamplace.ops.electric_potential.electric_potential - density backward 0.397 ms
[DEBUG  ] dreamplace.ops.weighted_average_wirelength.weighted_average_wirelength - wirelength backward 0.126 ms
[INFO   ] DREAMPlace - optimizer step 9.573 ms
[INFO   ] DREAMPlace - iteration  678, (  44,  1,  0), Obj 2.318334E+03, NetCrossing 5.911E+00, NetCrossingWeight 1.000000E+00, DensityWeight 7.977422E-02, HPWL 2.231937E+03, Overflow 5.962292E-02, MaxDensity 1.661E+00, MacroOverlap 5.915E-02, MacroOverlapWeight 8.000000E-06, gamma 5.853543E-02, time 3.046ms
[INFO   ] DREAMPlace - full step 13.117 ms
[DEBUG  ] dreamplace.ops.weighted_average_wirelength.weighted_average_wirelength - wirelength forward 0.060 ms
[DEBUG  ] dreamplace.ops.electric_potential.electric_potential - density forward 0.952 ms
[DEBUG  ] dreamplace.ops.electric_potential.electric_potential - density backward 0.399 ms
[DEBUG  ] dreamplace.ops.weighted_average_wirelength.weighted_average_wirelength - wirelength backward 0.070 ms
[INFO   ] DREAMPlace - optimizer step 9.047 ms
[INFO   ] DREAMPlace - iteration  679, (  44,  1,  1), Obj 2.325044E+03, NetCrossing 6.933E+00, NetCrossingWeight 1.000000E+00, DensityWeight 7.977422E-02, HPWL 2.236714E+03, Overflow 5.922785E-02, MaxDensity 1.671E+00, MacroOverlap 5.436E-02, MacroOverlapWeight 8.000000E-06, gamma 5.853543E-02, time 3.014ms
[INFO   ] DREAMPlace - full step 12.542 ms
[INFO   ] DREAMPlace - Lsub stopping criteria: 1 and 2325.04 > 2318.33 * 0.999
[INFO   ] DREAMPlace - Llambda stopping criteria: 1 and (( 0.0592278 < 0.1 and 2236.71 > 2224.29 ) or 1.67115 < 1.0)
[DEBUG  ] dreamplace.ops.weighted_average_wirelength.weighted_average_wirelength - wirelength forward 0.064 ms
[DEBUG  ] dreamplace.ops.electric_potential.electric_potential - density forward 1.062 ms
[DEBUG  ] dreamplace.ops.electric_potential.electric_potential - density backward 0.290 ms
[DEBUG  ] dreamplace.ops.weighted_average_wirelength.weighted_average_wirelength - wirelength backward 0.098 ms
[INFO   ] DREAMPlace - optimizer step 7.868 ms
[INFO   ] DREAMPlace - iteration  680, (  45,  0,  0), Obj 2.327045E+03, NetCrossing 6.433E+00, NetCrossingWeight 1.000000E+00, DensityWeight 8.318751E-02, HPWL 2.240379E+03, Overflow 5.983768E-02, MaxDensity 1.695E+00, MacroOverlap 5.323E-02, MacroOverlapWeight 8.000000E-06, gamma 5.759121E-02, time 2.927ms
[INFO   ] DREAMPlace - full step 11.245 ms
[DEBUG  ] dreamplace.ops.weighted_average_wirelength.weighted_average_wirelength - wirelength forward 0.061 ms
[DEBUG  ] dreamplace.ops.electric_potential.electric_potential - density forward 1.112 ms
[DEBUG  ] dreamplace.ops.electric_potential.electric_potential - density backward 0.371 ms
[DEBUG  ] dreamplace.ops.weighted_average_wirelength.weighted_average_wirelength - wirelength backward 0.109 ms
[INFO   ] DREAMPlace - optimizer step 8.548 ms
[INFO   ] DREAMPlace - iteration  681, (  45,  0,  1), Obj 2.326104E+03, NetCrossing 6.170E+00, NetCrossingWeight 1.000000E+00, DensityWeight 8.318751E-02, HPWL 2.233498E+03, Overflow 5.953390E-02, MaxDensity 1.651E+00, MacroOverlap 5.357E-02, MacroOverlapWeight 8.000000E-06, gamma 5.759121E-02, time 3.036ms
[INFO   ] DREAMPlace - full step 12.034 ms
[INFO   ] DREAMPlace - Lsub stopping criteria: 1 and 2326.1 > 2327.05 * 0.999
[DEBUG  ] dreamplace.ops.weighted_average_wirelength.weighted_average_wirelength - wirelength forward 0.062 ms
[DEBUG  ] dreamplace.ops.electric_potential.electric_potential - density forward 1.027 ms
[DEBUG  ] dreamplace.ops.electric_potential.electric_potential - density backward 0.412 ms
[DEBUG  ] dreamplace.ops.weighted_average_wirelength.weighted_average_wirelength - wirelength backward 0.117 ms
[INFO   ] DREAMPlace - optimizer step 8.990 ms
[INFO   ] DREAMPlace - iteration  682, (  45,  1,  0), Obj 2.334591E+03, NetCrossing 6.360E+00, NetCrossingWeight 1.000000E+00, DensityWeight 8.501200E-02, HPWL 2.244495E+03, Overflow 5.891012E-02, MaxDensity 1.666E+00, MacroOverlap 4.864E-02, MacroOverlapWeight 8.000000E-06, gamma 5.759121E-02, time 2.941ms
[INFO   ] DREAMPlace - full step 12.395 ms
[DEBUG  ] dreamplace.ops.weighted_average_wirelength.weighted_average_wirelength - wirelength forward 0.062 ms
[DEBUG  ] dreamplace.ops.electric_potential.electric_potential - density forward 0.992 ms
[DEBUG  ] dreamplace.ops.electric_potential.electric_potential - density backward 0.367 ms
[DEBUG  ] dreamplace.ops.weighted_average_wirelength.weighted_average_wirelength - wirelength backward 0.110 ms
[INFO   ] DREAMPlace - optimizer step 9.025 ms
[INFO   ] DREAMPlace - iteration  683, (  45,  1,  1), Obj 2.337919E+03, NetCrossing 5.526E+00, NetCrossingWeight 1.000000E+00, DensityWeight 8.501200E-02, HPWL 2.246598E+03, Overflow 5.896209E-02, MaxDensity 1.665E+00, MacroOverlap 4.840E-02, MacroOverlapWeight 8.000000E-06, gamma 5.759121E-02, time 2.931ms
[INFO   ] DREAMPlace - full step 12.413 ms
[INFO   ] DREAMPlace - Lsub stopping criteria: 1 and 2337.92 > 2334.59 * 0.999
[INFO   ] DREAMPlace - Llambda stopping criteria: 1 and (( 0.0589621 < 0.1 and 2246.6 > 2233.5 ) or 1.66511 < 1.0)
[DEBUG  ] dreamplace.ops.weighted_average_wirelength.weighted_average_wirelength - wirelength forward 0.064 ms
[DEBUG  ] dreamplace.ops.electric_potential.electric_potential - density forward 0.999 ms
[DEBUG  ] dreamplace.ops.electric_potential.electric_potential - density backward 0.430 ms
[DEBUG  ] dreamplace.ops.weighted_average_wirelength.weighted_average_wirelength - wirelength backward 0.128 ms
[INFO   ] DREAMPlace - optimizer step 9.379 ms
[INFO   ] DREAMPlace - iteration  684, (  46,  0,  0), Obj 2.342057E+03, NetCrossing 6.331E+00, NetCrossingWeight 1.000000E+00, DensityWeight 8.864940E-02, HPWL 2.252436E+03, Overflow 5.769608E-02, MaxDensity 1.683E+00, MacroOverlap 4.578E-02, MacroOverlapWeight 8.000000E-06, gamma 5.751296E-02, time 2.961ms
[INFO   ] DREAMPlace - full step 12.830 ms
[DEBUG  ] dreamplace.ops.weighted_average_wirelength.weighted_average_wirelength - wirelength forward 0.065 ms
[DEBUG  ] dreamplace.ops.electric_potential.electric_potential - density forward 1.009 ms
[DEBUG  ] dreamplace.ops.electric_potential.electric_potential - density backward 0.432 ms
[DEBUG  ] dreamplace.ops.weighted_average_wirelength.weighted_average_wirelength - wirelength backward 0.126 ms
[INFO   ] DREAMPlace - optimizer step 9.518 ms
[INFO   ] DREAMPlace - iteration  685, (  46,  0,  1), Obj 2.339190E+03, NetCrossing 6.198E+00, NetCrossingWeight 1.000000E+00, DensityWeight 8.864940E-02, HPWL 2.248104E+03, Overflow 5.776568E-02, MaxDensity 1.751E+00, MacroOverlap 4.700E-02, MacroOverlapWeight 8.000000E-06, gamma 5.751296E-02, time 2.982ms
[INFO   ] DREAMPlace - full step 12.986 ms
[DEBUG  ] dreamplace.ops.weighted_average_wirelength.weighted_average_wirelength - wirelength forward 0.061 ms
[DEBUG  ] dreamplace.ops.electric_potential.electric_potential - density forward 0.952 ms
[DEBUG  ] dreamplace.ops.electric_potential.electric_potential - density backward 0.329 ms
[DEBUG  ] dreamplace.ops.weighted_average_wirelength.weighted_average_wirelength - wirelength backward 0.073 ms
[INFO   ] DREAMPlace - optimizer step 7.608 ms
[INFO   ] DREAMPlace - iteration  686, (  46,  1,  0), Obj 2.348026E+03, NetCrossing 7.091E+00, NetCrossingWeight 1.000000E+00, DensityWeight 9.244252E-02, HPWL 2.256875E+03, Overflow 5.749685E-02, MaxDensity 1.690E+00, MacroOverlap 4.337E-02, MacroOverlapWeight 8.000000E-06, gamma 5.751296E-02, time 2.999ms
[INFO   ] DREAMPlace - full step 11.090 ms
[DEBUG  ] dreamplace.ops.weighted_average_wirelength.weighted_average_wirelength - wirelength forward 0.060 ms
[DEBUG  ] dreamplace.ops.electric_potential.electric_potential - density forward 1.066 ms
[DEBUG  ] dreamplace.ops.electric_potential.electric_potential - density backward 0.376 ms
[DEBUG  ] dreamplace.ops.weighted_average_wirelength.weighted_average_wirelength - wirelength backward 0.096 ms
[INFO   ] DREAMPlace - optimizer step 8.575 ms
[INFO   ] DREAMPlace - iteration  687, (  46,  1,  1), Obj 2.352909E+03, NetCrossing 7.039E+00, NetCrossingWeight 1.000000E+00, DensityWeight 9.244252E-02, HPWL 2.259656E+03, Overflow 5.680325E-02, MaxDensity 1.602E+00, MacroOverlap 3.919E-02, MacroOverlapWeight 8.000000E-06, gamma 5.751296E-02, time 2.976ms
[INFO   ] DREAMPlace - full step 12.012 ms
[INFO   ] DREAMPlace - Lsub stopping criteria: 1 and 2352.91 > 2348.03 * 0.999
[INFO   ] DREAMPlace - Llambda stopping criteria: 1 and (( 0.0568033 < 0.1 and 2259.66 > 2248.1 ) or 1.60192 < 1.0)
[DEBUG  ] dreamplace.ops.weighted_average_wirelength.weighted_average_wirelength - wirelength forward 0.060 ms
[DEBUG  ] dreamplace.ops.electric_potential.electric_potential - density forward 0.963 ms
[DEBUG  ] dreamplace.ops.electric_potential.electric_potential - density backward 0.400 ms
[DEBUG  ] dreamplace.ops.weighted_average_wirelength.weighted_average_wirelength - wirelength backward 0.117 ms
[INFO   ] DREAMPlace - optimizer step 8.797 ms
[INFO   ] DREAMPlace - iteration  688, (  47,  0,  0), Obj 2.353274E+03, NetCrossing 5.916E+00, NetCrossingWeight 1.000000E+00, DensityWeight 9.639785E-02, HPWL 2.260174E+03, Overflow 5.669796E-02, MaxDensity 1.546E+00, MacroOverlap 3.945E-02, MacroOverlapWeight 8.000000E-06, gamma 5.688113E-02, time 2.857ms
[INFO   ] DREAMPlace - full step 12.102 ms
[DEBUG  ] dreamplace.ops.weighted_average_wirelength.weighted_average_wirelength - wirelength forward 0.063 ms
[DEBUG  ] dreamplace.ops.electric_potential.electric_potential - density forward 0.980 ms
[DEBUG  ] dreamplace.ops.electric_potential.electric_potential - density backward 0.381 ms
[DEBUG  ] dreamplace.ops.weighted_average_wirelength.weighted_average_wirelength - wirelength backward 0.104 ms
[INFO   ] DREAMPlace - optimizer step 8.920 ms
[INFO   ] DREAMPlace - iteration  689, (  47,  0,  1), Obj 2.354939E+03, NetCrossing 5.826E+00, NetCrossingWeight 1.000000E+00, DensityWeight 9.639785E-02, HPWL 2.259612E+03, Overflow 5.688379E-02, MaxDensity 1.546E+00, MacroOverlap 3.937E-02, MacroOverlapWeight 8.000000E-06, gamma 5.688113E-02, time 2.881ms
[INFO   ] DREAMPlace - full step 12.254 ms
[INFO   ] DREAMPlace - Lsub stopping criteria: 1 and 2354.94 > 2353.27 * 0.999
[DEBUG  ] dreamplace.ops.weighted_average_wirelength.weighted_average_wirelength - wirelength forward 0.064 ms
[DEBUG  ] dreamplace.ops.electric_potential.electric_potential - density forward 1.000 ms
[DEBUG  ] dreamplace.ops.electric_potential.electric_potential - density backward 0.381 ms
[DEBUG  ] dreamplace.ops.weighted_average_wirelength.weighted_average_wirelength - wirelength backward 0.119 ms
[INFO   ] DREAMPlace - optimizer step 8.969 ms
[INFO   ] DREAMPlace - iteration  690, (  47,  1,  0), Obj 2.358158E+03, NetCrossing 6.430E+00, NetCrossingWeight 1.000000E+00, DensityWeight 9.851208E-02, HPWL 2.262864E+03, Overflow 5.628163E-02, MaxDensity 1.500E+00, MacroOverlap 3.804E-02, MacroOverlapWeight 8.000000E-06, gamma 5.688113E-02, time 2.962ms
[INFO   ] DREAMPlace - full step 12.423 ms
[DEBUG  ] dreamplace.ops.weighted_average_wirelength.weighted_average_wirelength - wirelength forward 0.063 ms
[DEBUG  ] dreamplace.ops.electric_potential.electric_potential - density forward 1.106 ms
[DEBUG  ] dreamplace.ops.electric_potential.electric_potential - density backward 0.413 ms
[DEBUG  ] dreamplace.ops.weighted_average_wirelength.weighted_average_wirelength - wirelength backward 0.117 ms
[INFO   ] DREAMPlace - optimizer step 9.369 ms
[INFO   ] DREAMPlace - iteration  691, (  47,  1,  1), Obj 2.365041E+03, NetCrossing 6.647E+00, NetCrossingWeight 1.000000E+00, DensityWeight 9.851208E-02, HPWL 2.268615E+03, Overflow 5.580103E-02, MaxDensity 1.485E+00, MacroOverlap 3.561E-02, MacroOverlapWeight 8.000000E-06, gamma 5.688113E-02, time 2.971ms
[INFO   ] DREAMPlace - full step 12.828 ms
[INFO   ] DREAMPlace - Lsub stopping criteria: 1 and 2365.04 > 2358.16 * 0.999
[INFO   ] DREAMPlace - Llambda stopping criteria: 1 and (( 0.055801 < 0.1 and 2268.62 > 2259.61 ) or 1.48474 < 1.0)
[DEBUG  ] dreamplace.ops.weighted_average_wirelength.weighted_average_wirelength - wirelength forward 0.066 ms
[DEBUG  ] dreamplace.ops.electric_potential.electric_potential - density forward 1.019 ms
[DEBUG  ] dreamplace.ops.electric_potential.electric_potential - density backward 0.381 ms
[DEBUG  ] dreamplace.ops.weighted_average_wirelength.weighted_average_wirelength - wirelength backward 0.118 ms
[INFO   ] DREAMPlace - optimizer step 9.263 ms
[INFO   ] DREAMPlace - iteration  692, (  48,  0,  0), Obj 2.365124E+03, NetCrossing 6.086E+00, NetCrossingWeight 1.000000E+00, DensityWeight 1.027271E-01, HPWL 2.270370E+03, Overflow 5.577728E-02, MaxDensity 1.518E+00, MacroOverlap 3.325E-02, MacroOverlapWeight 8.000000E-06, gamma 5.659018E-02, time 3.006ms
[INFO   ] DREAMPlace - full step 12.753 ms
[DEBUG  ] dreamplace.ops.weighted_average_wirelength.weighted_average_wirelength - wirelength forward 0.065 ms
[DEBUG  ] dreamplace.ops.electric_potential.electric_potential - density forward 1.022 ms
[DEBUG  ] dreamplace.ops.electric_potential.electric_potential - density backward 0.310 ms
[DEBUG  ] dreamplace.ops.weighted_average_wirelength.weighted_average_wirelength - wirelength backward 0.082 ms
[INFO   ] DREAMPlace - optimizer step 8.062 ms
[INFO   ] DREAMPlace - iteration  693, (  48,  0,  1), Obj 2.369909E+03, NetCrossing 5.748E+00, NetCrossingWeight 1.000000E+00, DensityWeight 1.027271E-01, HPWL 2.271759E+03, Overflow 5.567035E-02, MaxDensity 1.531E+00, MacroOverlap 3.253E-02, MacroOverlapWeight 8.000000E-06, gamma 5.659018E-02, time 2.999ms
[INFO   ] DREAMPlace - full step 11.565 ms
[INFO   ] DREAMPlace - Lsub stopping criteria: 1 and 2369.91 > 2365.12 * 0.999
[DEBUG  ] dreamplace.ops.weighted_average_wirelength.weighted_average_wirelength - wirelength forward 0.061 ms
[DEBUG  ] dreamplace.ops.electric_potential.electric_potential - density forward 0.973 ms
[DEBUG  ] dreamplace.ops.electric_potential.electric_potential - density backward 0.359 ms
[DEBUG  ] dreamplace.ops.weighted_average_wirelength.weighted_average_wirelength - wirelength backward 0.117 ms
[INFO   ] DREAMPlace - optimizer step 8.605 ms
[INFO   ] DREAMPlace - iteration  694, (  48,  1,  0), Obj 2.382240E+03, NetCrossing 6.537E+00, NetCrossingWeight 1.000000E+00, DensityWeight 1.071226E-01, HPWL 2.285886E+03, Overflow 5.512524E-02, MaxDensity 1.529E+00, MacroOverlap 3.166E-02, MacroOverlapWeight 8.000000E-06, gamma 5.659018E-02, time 2.877ms
[INFO   ] DREAMPlace - full step 11.953 ms
[DEBUG  ] dreamplace.ops.weighted_average_wirelength.weighted_average_wirelength - wirelength forward 0.061 ms
[DEBUG  ] dreamplace.ops.electric_potential.electric_potential - density forward 0.961 ms
[DEBUG  ] dreamplace.ops.electric_potential.electric_potential - density backward 0.367 ms
[DEBUG  ] dreamplace.ops.weighted_average_wirelength.weighted_average_wirelength - wirelength backward 0.112 ms
[INFO   ] DREAMPlace - optimizer step 8.823 ms
[INFO   ] DREAMPlace - iteration  695, (  48,  1,  1), Obj 2.375413E+03, NetCrossing 5.984E+00, NetCrossingWeight 1.000000E+00, DensityWeight 1.071226E-01, HPWL 2.276665E+03, Overflow 5.438396E-02, MaxDensity 1.498E+00, MacroOverlap 2.985E-02, MacroOverlapWeight 8.000000E-06, gamma 5.659018E-02, time 2.896ms
[INFO   ] DREAMPlace - full step 12.195 ms
[INFO   ] DREAMPlace - Llambda stopping criteria: 1 and (( 0.054384 < 0.1 and 2276.66 > 2271.76 ) or 1.4982 < 1.0)
[DEBUG  ] dreamplace.ops.weighted_average_wirelength.weighted_average_wirelength - wirelength forward 0.064 ms
[DEBUG  ] dreamplace.ops.electric_potential.electric_potential - density forward 1.105 ms
[DEBUG  ] dreamplace.ops.electric_potential.electric_potential - density backward 0.375 ms
[DEBUG  ] dreamplace.ops.weighted_average_wirelength.weighted_average_wirelength - wirelength backward 0.134 ms
[INFO   ] DREAMPlace - optimizer step 9.284 ms
[INFO   ] DREAMPlace - iteration  696, (  49,  0,  0), Obj 2.380034E+03, NetCrossing 6.509E+00, NetCrossingWeight 1.000000E+00, DensityWeight 1.117061E-01, HPWL 2.281086E+03, Overflow 5.360770E-02, MaxDensity 1.463E+00, MacroOverlap 2.841E-02, MacroOverlapWeight 8.000000E-06, gamma 5.618133E-02, time 2.907ms
[INFO   ] DREAMPlace - full step 12.674 ms
[DEBUG  ] dreamplace.ops.weighted_average_wirelength.weighted_average_wirelength - wirelength forward 0.067 ms
[DEBUG  ] dreamplace.ops.electric_potential.electric_potential - density forward 1.040 ms
[DEBUG  ] dreamplace.ops.electric_potential.electric_potential - density backward 0.403 ms
[DEBUG  ] dreamplace.ops.weighted_average_wirelength.weighted_average_wirelength - wirelength backward 0.126 ms
[INFO   ] DREAMPlace - optimizer step 9.630 ms
[INFO   ] DREAMPlace - iteration  697, (  49,  0,  1), Obj 2.383434E+03, NetCrossing 7.242E+00, NetCrossingWeight 1.000000E+00, DensityWeight 1.117061E-01, HPWL 2.281704E+03, Overflow 5.322581E-02, MaxDensity 1.401E+00, MacroOverlap 2.782E-02, MacroOverlapWeight 8.000000E-06, gamma 5.618133E-02, time 3.012ms
[INFO   ] DREAMPlace - full step 13.154 ms
[INFO   ] DREAMPlace - Lsub stopping criteria: 1 and 2383.43 > 2380.03 * 0.999
[DEBUG  ] dreamplace.ops.weighted_average_wirelength.weighted_average_wirelength - wirelength forward 0.066 ms
[DEBUG  ] dreamplace.ops.electric_potential.electric_potential - density forward 1.048 ms
[DEBUG  ] dreamplace.ops.electric_potential.electric_potential - density backward 0.405 ms
[DEBUG  ] dreamplace.ops.weighted_average_wirelength.weighted_average_wirelength - wirelength backward 0.079 ms
[INFO   ] DREAMPlace - optimizer step 9.414 ms
[INFO   ] DREAMPlace - iteration  698, (  49,  1,  0), Obj 2.393789E+03, NetCrossing 5.893E+00, NetCrossingWeight 1.000000E+00, DensityWeight 1.164857E-01, HPWL 2.293789E+03, Overflow 5.296322E-02, MaxDensity 1.344E+00, MacroOverlap 2.595E-02, MacroOverlapWeight 8.000000E-06, gamma 5.618133E-02, time 3.003ms
[INFO   ] DREAMPlace - full step 12.911 ms
[DEBUG  ] dreamplace.ops.weighted_average_wirelength.weighted_average_wirelength - wirelength forward 0.060 ms
[DEBUG  ] dreamplace.ops.electric_potential.electric_potential - density forward 1.088 ms
[DEBUG  ] dreamplace.ops.electric_potential.electric_potential - density backward 0.303 ms
[DEBUG  ] dreamplace.ops.weighted_average_wirelength.weighted_average_wirelength - wirelength backward 0.077 ms
[INFO   ] DREAMPlace - optimizer step 7.875 ms
[INFO   ] DREAMPlace - iteration  699, (  49,  1,  1), Obj 2.393929E+03, NetCrossing 7.840E+00, NetCrossingWeight 1.000000E+00, DensityWeight 1.164857E-01, HPWL 2.292034E+03, Overflow 5.206660E-02, MaxDensity 1.336E+00, MacroOverlap 2.363E-02, MacroOverlapWeight 8.000000E-06, gamma 5.618133E-02, time 3.025ms
[INFO   ] DREAMPlace - full step 11.385 ms
[INFO   ] DREAMPlace - Lsub stopping criteria: 1 and 2393.93 > 2393.79 * 0.999
[INFO   ] DREAMPlace - Llambda stopping criteria: 1 and (( 0.0520666 < 0.1 and 2292.03 > 2281.7 ) or 1.33595 < 1.0)
[INFO   ] DREAMPlace - plotting to ./results/reproduce-may20/small-8/ET095_A00/run-2_0_0/ET095_A00/plot/iter0700.png takes 0.037 seconds
[DEBUG  ] dreamplace.ops.weighted_average_wirelength.weighted_average_wirelength - wirelength forward 0.092 ms
[DEBUG  ] dreamplace.ops.electric_potential.electric_potential - density forward 1.095 ms
[DEBUG  ] dreamplace.ops.electric_potential.electric_potential - density backward 0.383 ms
[DEBUG  ] dreamplace.ops.weighted_average_wirelength.weighted_average_wirelength - wirelength backward 0.113 ms
[INFO   ] DREAMPlace - optimizer step 9.477 ms
[INFO   ] DREAMPlace - iteration  700, (  50,  0,  0), Obj 2.399933E+03, NetCrossing 6.002E+00, NetCrossingWeight 1.000000E+00, DensityWeight 1.214698E-01, HPWL 2.299434E+03, Overflow 5.147332E-02, MaxDensity 1.361E+00, MacroOverlap 2.096E-02, MacroOverlapWeight 8.000000E-06, gamma 5.551910E-02, time 2.873ms
[INFO   ] DREAMPlace - full step 50.202 ms
[DEBUG  ] dreamplace.ops.weighted_average_wirelength.weighted_average_wirelength - wirelength forward 0.060 ms
[DEBUG  ] dreamplace.ops.electric_potential.electric_potential - density forward 0.969 ms
[DEBUG  ] dreamplace.ops.electric_potential.electric_potential - density backward 0.379 ms
[DEBUG  ] dreamplace.ops.weighted_average_wirelength.weighted_average_wirelength - wirelength backward 0.116 ms
[INFO   ] DREAMPlace - optimizer step 8.955 ms
[INFO   ] DREAMPlace - iteration  701, (  50,  0,  1), Obj 2.405328E+03, NetCrossing 5.778E+00, NetCrossingWeight 1.000000E+00, DensityWeight 1.214698E-01, HPWL 2.302075E+03, Overflow 5.041203E-02, MaxDensity 1.486E+00, MacroOverlap 1.923E-02, MacroOverlapWeight 8.000000E-06, gamma 5.551910E-02, time 2.942ms
[INFO   ] DREAMPlace - full step 12.420 ms
[INFO   ] DREAMPlace - Lsub stopping criteria: 1 and 2405.33 > 2399.93 * 0.999
[DEBUG  ] dreamplace.ops.weighted_average_wirelength.weighted_average_wirelength - wirelength forward 0.067 ms
[DEBUG  ] dreamplace.ops.electric_potential.electric_potential - density forward 1.093 ms
[DEBUG  ] dreamplace.ops.electric_potential.electric_potential - density backward 0.320 ms
[DEBUG  ] dreamplace.ops.weighted_average_wirelength.weighted_average_wirelength - wirelength backward 0.085 ms
[INFO   ] DREAMPlace - optimizer step 8.368 ms
[INFO   ] DREAMPlace - iteration  702, (  50,  1,  0), Obj 2.409702E+03, NetCrossing 6.726E+00, NetCrossingWeight 1.000000E+00, DensityWeight 1.266671E-01, HPWL 2.308997E+03, Overflow 5.052024E-02, MaxDensity 1.498E+00, MacroOverlap 1.746E-02, MacroOverlapWeight 8.000000E-06, gamma 5.551910E-02, time 3.140ms
[INFO   ] DREAMPlace - full step 12.033 ms
[DEBUG  ] dreamplace.ops.weighted_average_wirelength.weighted_average_wirelength - wirelength forward 0.070 ms
[DEBUG  ] dreamplace.ops.electric_potential.electric_potential - density forward 1.089 ms
[DEBUG  ] dreamplace.ops.electric_potential.electric_potential - density backward 0.363 ms
[DEBUG  ] dreamplace.ops.weighted_average_wirelength.weighted_average_wirelength - wirelength backward 0.106 ms
[INFO   ] DREAMPlace - optimizer step 9.049 ms
[INFO   ] DREAMPlace - iteration  703, (  50,  1,  1), Obj 2.419558E+03, NetCrossing 6.327E+00, NetCrossingWeight 1.000000E+00, DensityWeight 1.266671E-01, HPWL 2.316619E+03, Overflow 4.924951E-02, MaxDensity 1.500E+00, MacroOverlap 1.600E-02, MacroOverlapWeight 8.000000E-06, gamma 5.551910E-02, time 3.217ms
[INFO   ] DREAMPlace - full step 12.796 ms
[INFO   ] DREAMPlace - Lsub stopping criteria: 1 and 2419.56 > 2409.7 * 0.999
[INFO   ] DREAMPlace - Llambda stopping criteria: 1 and (( 0.0492495 < 0.1 and 2316.62 > 2302.08 ) or 1.49972 < 1.0)
[DEBUG  ] dreamplace.ops.weighted_average_wirelength.weighted_average_wirelength - wirelength forward 0.070 ms
[DEBUG  ] dreamplace.ops.electric_potential.electric_potential - density forward 1.118 ms
[DEBUG  ] dreamplace.ops.electric_potential.electric_potential - density backward 0.404 ms
[DEBUG  ] dreamplace.ops.weighted_average_wirelength.weighted_average_wirelength - wirelength backward 0.128 ms
[INFO   ] DREAMPlace - optimizer step 9.629 ms
[INFO   ] DREAMPlace - iteration  704, (  51,  0,  0), Obj 2.421454E+03, NetCrossing 7.097E+00, NetCrossingWeight 1.000000E+00, DensityWeight 1.320868E-01, HPWL 2.318529E+03, Overflow 4.871921E-02, MaxDensity 1.480E+00, MacroOverlap 1.492E-02, MacroOverlapWeight 8.000000E-06, gamma 5.472454E-02, time 3.180ms
[INFO   ] DREAMPlace - full step 13.356 ms
[DEBUG  ] dreamplace.ops.weighted_average_wirelength.weighted_average_wirelength - wirelength forward 0.070 ms
[DEBUG  ] dreamplace.ops.electric_potential.electric_potential - density forward 1.119 ms
[DEBUG  ] dreamplace.ops.electric_potential.electric_potential - density backward 0.402 ms
[DEBUG  ] dreamplace.ops.weighted_average_wirelength.weighted_average_wirelength - wirelength backward 0.127 ms
[INFO   ] DREAMPlace - optimizer step 9.833 ms
[INFO   ] DREAMPlace - iteration  705, (  51,  0,  1), Obj 2.429590E+03, NetCrossing 5.439E+00, NetCrossingWeight 1.000000E+00, DensityWeight 1.320868E-01, HPWL 2.324837E+03, Overflow 4.806998E-02, MaxDensity 1.461E+00, MacroOverlap 1.361E-02, MacroOverlapWeight 8.000000E-06, gamma 5.472454E-02, time 3.239ms
[INFO   ] DREAMPlace - full step 13.635 ms
[INFO   ] DREAMPlace - Lsub stopping criteria: 1 and 2429.59 > 2421.45 * 0.999
[DEBUG  ] dreamplace.ops.weighted_average_wirelength.weighted_average_wirelength - wirelength forward 0.072 ms
[DEBUG  ] dreamplace.ops.electric_potential.electric_potential - density forward 1.111 ms
[DEBUG  ] dreamplace.ops.electric_potential.electric_potential - density backward 0.323 ms
[DEBUG  ] dreamplace.ops.weighted_average_wirelength.weighted_average_wirelength - wirelength backward 0.106 ms
[INFO   ] DREAMPlace - optimizer step 8.390 ms
[INFO   ] DREAMPlace - iteration  706, (  51,  1,  0), Obj 2.430290E+03, NetCrossing 5.866E+00, NetCrossingWeight 1.000000E+00, DensityWeight 1.377384E-01, HPWL 2.326149E+03, Overflow 4.767061E-02, MaxDensity 1.426E+00, MacroOverlap 1.272E-02, MacroOverlapWeight 8.000000E-06, gamma 5.472454E-02, time 3.184ms
[INFO   ] DREAMPlace - full step 12.121 ms
[DEBUG  ] dreamplace.ops.weighted_average_wirelength.weighted_average_wirelength - wirelength forward 0.062 ms
[DEBUG  ] dreamplace.ops.electric_potential.electric_potential - density forward 1.017 ms
[DEBUG  ] dreamplace.ops.electric_potential.electric_potential - density backward 0.386 ms
[DEBUG  ] dreamplace.ops.weighted_average_wirelength.weighted_average_wirelength - wirelength backward 0.115 ms
[INFO   ] DREAMPlace - optimizer step 8.792 ms
[INFO   ] DREAMPlace - iteration  707, (  51,  1,  1), Obj 2.436361E+03, NetCrossing 6.066E+00, NetCrossingWeight 1.000000E+00, DensityWeight 1.377384E-01, HPWL 2.329345E+03, Overflow 4.758313E-02, MaxDensity 1.401E+00, MacroOverlap 1.199E-02, MacroOverlapWeight 8.000000E-06, gamma 5.472454E-02, time 3.098ms
[INFO   ] DREAMPlace - full step 12.385 ms
[INFO   ] DREAMPlace - Lsub stopping criteria: 1 and 2436.36 > 2430.29 * 0.999
[INFO   ] DREAMPlace - Llambda stopping criteria: 1 and (( 0.0475831 < 0.1 and 2329.34 > 2324.84 ) or 1.40097 < 1.0)
[DEBUG  ] dreamplace.ops.weighted_average_wirelength.weighted_average_wirelength - wirelength forward 0.071 ms
[DEBUG  ] dreamplace.ops.electric_potential.electric_potential - density forward 1.073 ms
[DEBUG  ] dreamplace.ops.electric_potential.electric_potential - density backward 0.396 ms
[DEBUG  ] dreamplace.ops.weighted_average_wirelength.weighted_average_wirelength - wirelength backward 0.124 ms
[INFO   ] DREAMPlace - optimizer step 9.474 ms
[INFO   ] DREAMPlace - iteration  708, (  52,  0,  0), Obj 2.440930E+03, NetCrossing 6.183E+00, NetCrossingWeight 1.000000E+00, DensityWeight 1.436320E-01, HPWL 2.336191E+03, Overflow 4.691526E-02, MaxDensity 1.347E+00, MacroOverlap 1.062E-02, MacroOverlapWeight 8.000000E-06, gamma 5.425992E-02, time 3.152ms
[INFO   ] DREAMPlace - full step 13.124 ms
[DEBUG  ] dreamplace.ops.weighted_average_wirelength.weighted_average_wirelength - wirelength forward 0.067 ms
[DEBUG  ] dreamplace.ops.electric_potential.electric_potential - density forward 1.044 ms
[DEBUG  ] dreamplace.ops.electric_potential.electric_potential - density backward 0.388 ms
[DEBUG  ] dreamplace.ops.weighted_average_wirelength.weighted_average_wirelength - wirelength backward 0.119 ms
[INFO   ] DREAMPlace - optimizer step 9.314 ms
[INFO   ] DREAMPlace - iteration  709, (  52,  0,  1), Obj 2.446049E+03, NetCrossing 7.097E+00, NetCrossingWeight 1.000000E+00, DensityWeight 1.436320E-01, HPWL 2.338030E+03, Overflow 4.683816E-02, MaxDensity 1.498E+00, MacroOverlap 9.775E-03, MacroOverlapWeight 8.000000E-06, gamma 5.425992E-02, time 3.044ms
[INFO   ] DREAMPlace - full step 12.884 ms
[INFO   ] DREAMPlace - Lsub stopping criteria: 1 and 2446.05 > 2440.93 * 0.999
[DEBUG  ] dreamplace.ops.weighted_average_wirelength.weighted_average_wirelength - wirelength forward 0.065 ms
[DEBUG  ] dreamplace.ops.electric_potential.electric_potential - density forward 1.107 ms
[DEBUG  ] dreamplace.ops.electric_potential.electric_potential - density backward 0.298 ms
[DEBUG  ] dreamplace.ops.weighted_average_wirelength.weighted_average_wirelength - wirelength backward 0.074 ms
[INFO   ] DREAMPlace - optimizer step 7.873 ms
[INFO   ] DREAMPlace - iteration  710, (  52,  1,  0), Obj 2.449659E+03, NetCrossing 6.975E+00, NetCrossingWeight 1.000000E+00, DensityWeight 1.497776E-01, HPWL 2.342732E+03, Overflow 4.603694E-02, MaxDensity 1.477E+00, MacroOverlap 9.075E-03, MacroOverlapWeight 8.000000E-06, gamma 5.425992E-02, time 3.055ms
[INFO   ] DREAMPlace - full step 11.435 ms
[DEBUG  ] dreamplace.ops.weighted_average_wirelength.weighted_average_wirelength - wirelength forward 0.060 ms
[DEBUG  ] dreamplace.ops.electric_potential.electric_potential - density forward 0.957 ms
[DEBUG  ] dreamplace.ops.electric_potential.electric_potential - density backward 0.378 ms
[DEBUG  ] dreamplace.ops.weighted_average_wirelength.weighted_average_wirelength - wirelength backward 0.097 ms
[INFO   ] DREAMPlace - optimizer step 8.357 ms
[INFO   ] DREAMPlace - iteration  711, (  52,  1,  1), Obj 2.454133E+03, NetCrossing 6.618E+00, NetCrossingWeight 1.000000E+00, DensityWeight 1.497776E-01, HPWL 2.344103E+03, Overflow 4.574438E-02, MaxDensity 1.425E+00, MacroOverlap 8.339E-03, MacroOverlapWeight 8.000000E-06, gamma 5.425992E-02, time 2.990ms
[INFO   ] DREAMPlace - full step 11.822 ms
[INFO   ] DREAMPlace - Lsub stopping criteria: 1 and 2454.13 > 2449.66 * 0.999
[INFO   ] DREAMPlace - Llambda stopping criteria: 1 and (( 0.0457444 < 0.1 and 2344.1 > 2338.03 ) or 1.42526 < 1.0)
[DEBUG  ] dreamplace.ops.weighted_average_wirelength.weighted_average_wirelength - wirelength forward 0.061 ms
[DEBUG  ] dreamplace.ops.electric_potential.electric_potential - density forward 0.975 ms
[DEBUG  ] dreamplace.ops.electric_potential.electric_potential - density backward 0.395 ms
[DEBUG  ] dreamplace.ops.weighted_average_wirelength.weighted_average_wirelength - wirelength backward 0.119 ms
[INFO   ] DREAMPlace - optimizer step 8.752 ms
[INFO   ] DREAMPlace - iteration  712, (  53,  0,  0), Obj 2.460389E+03, NetCrossing 6.283E+00, NetCrossingWeight 1.000000E+00, DensityWeight 1.561862E-01, HPWL 2.351316E+03, Overflow 4.543808E-02, MaxDensity 1.262E+00, MacroOverlap 7.956E-03, MacroOverlapWeight 8.000000E-06, gamma 5.375180E-02, time 2.887ms
[INFO   ] DREAMPlace - full step 12.112 ms
[DEBUG  ] dreamplace.ops.weighted_average_wirelength.weighted_average_wirelength - wirelength forward 0.066 ms
[DEBUG  ] dreamplace.ops.electric_potential.electric_potential - density forward 1.042 ms
[DEBUG  ] dreamplace.ops.electric_potential.electric_potential - density backward 0.444 ms
[DEBUG  ] dreamplace.ops.weighted_average_wirelength.weighted_average_wirelength - wirelength backward 0.129 ms
[INFO   ] DREAMPlace - optimizer step 9.532 ms
[INFO   ] DREAMPlace - iteration  713, (  53,  0,  1), Obj 2.463438E+03, NetCrossing 6.365E+00, NetCrossingWeight 1.000000E+00, DensityWeight 1.561862E-01, HPWL 2.352140E+03, Overflow 4.511790E-02, MaxDensity 1.290E+00, MacroOverlap 7.255E-03, MacroOverlapWeight 8.000000E-06, gamma 5.375180E-02, time 3.108ms
[INFO   ] DREAMPlace - full step 13.159 ms
[INFO   ] DREAMPlace - Lsub stopping criteria: 1 and 2463.44 > 2460.39 * 0.999
[DEBUG  ] dreamplace.ops.weighted_average_wirelength.weighted_average_wirelength - wirelength forward 0.068 ms
[DEBUG  ] dreamplace.ops.electric_potential.electric_potential - density forward 1.055 ms
[DEBUG  ] dreamplace.ops.electric_potential.electric_potential - density backward 0.441 ms
[DEBUG  ] dreamplace.ops.weighted_average_wirelength.weighted_average_wirelength - wirelength backward 0.128 ms
[INFO   ] DREAMPlace - optimizer step 9.780 ms
[INFO   ] DREAMPlace - iteration  714, (  53,  1,  0), Obj 2.466302E+03, NetCrossing 5.986E+00, NetCrossingWeight 1.000000E+00, DensityWeight 1.628689E-01, HPWL 2.354589E+03, Overflow 4.503905E-02, MaxDensity 1.284E+00, MacroOverlap 7.048E-03, MacroOverlapWeight 8.000000E-06, gamma 5.375180E-02, time 3.048ms
[INFO   ] DREAMPlace - full step 13.333 ms
[DEBUG  ] dreamplace.ops.weighted_average_wirelength.weighted_average_wirelength - wirelength forward 0.062 ms
[DEBUG  ] dreamplace.ops.electric_potential.electric_potential - density forward 0.987 ms
[DEBUG  ] dreamplace.ops.electric_potential.electric_potential - density backward 0.437 ms
[DEBUG  ] dreamplace.ops.weighted_average_wirelength.weighted_average_wirelength - wirelength backward 0.072 ms
[INFO   ] DREAMPlace - optimizer step 9.127 ms
[INFO   ] DREAMPlace - iteration  715, (  53,  1,  1), Obj 2.470574E+03, NetCrossing 7.134E+00, NetCrossingWeight 1.000000E+00, DensityWeight 1.628689E-01, HPWL 2.356131E+03, Overflow 4.498944E-02, MaxDensity 1.344E+00, MacroOverlap 6.827E-03, MacroOverlapWeight 8.000000E-06, gamma 5.375180E-02, time 3.110ms
[INFO   ] DREAMPlace - full step 12.723 ms
[INFO   ] DREAMPlace - Lsub stopping criteria: 1 and 2470.57 > 2466.3 * 0.999
[INFO   ] DREAMPlace - Llambda stopping criteria: 1 and (( 0.0449894 < 0.1 and 2356.13 > 2352.14 ) or 1.3443 < 1.0)
[DEBUG  ] dreamplace.ops.weighted_average_wirelength.weighted_average_wirelength - wirelength forward 0.064 ms
[DEBUG  ] dreamplace.ops.electric_potential.electric_potential - density forward 1.016 ms
[DEBUG  ] dreamplace.ops.electric_potential.electric_potential - density backward 0.332 ms
[DEBUG  ] dreamplace.ops.weighted_average_wirelength.weighted_average_wirelength - wirelength backward 0.098 ms
[INFO   ] DREAMPlace - optimizer step 7.845 ms
[INFO   ] DREAMPlace - iteration  716, (  54,  0,  0), Obj 2.477203E+03, NetCrossing 5.367E+00, NetCrossingWeight 1.000000E+00, DensityWeight 1.698377E-01, HPWL 2.362145E+03, Overflow 4.425983E-02, MaxDensity 1.322E+00, MacroOverlap 6.370E-03, MacroOverlapWeight 8.000000E-06, gamma 5.354456E-02, time 2.971ms
[INFO   ] DREAMPlace - full step 11.290 ms
[DEBUG  ] dreamplace.ops.weighted_average_wirelength.weighted_average_wirelength - wirelength forward 0.058 ms
[DEBUG  ] dreamplace.ops.electric_potential.electric_potential - density forward 1.056 ms
[DEBUG  ] dreamplace.ops.electric_potential.electric_potential - density backward 0.380 ms
[DEBUG  ] dreamplace.ops.weighted_average_wirelength.weighted_average_wirelength - wirelength backward 0.097 ms
[INFO   ] DREAMPlace - optimizer step 8.412 ms
[INFO   ] DREAMPlace - iteration  717, (  54,  0,  1), Obj 2.479643E+03, NetCrossing 6.534E+00, NetCrossingWeight 1.000000E+00, DensityWeight 1.698377E-01, HPWL 2.362241E+03, Overflow 4.424412E-02, MaxDensity 1.311E+00, MacroOverlap 6.129E-03, MacroOverlapWeight 8.000000E-06, gamma 5.354456E-02, time 2.967ms
[INFO   ] DREAMPlace - full step 11.842 ms
[INFO   ] DREAMPlace - Lsub stopping criteria: 1 and 2479.64 > 2477.2 * 0.999
[DEBUG  ] dreamplace.ops.weighted_average_wirelength.weighted_average_wirelength - wirelength forward 0.060 ms
[DEBUG  ] dreamplace.ops.electric_potential.electric_potential - density forward 0.950 ms
[DEBUG  ] dreamplace.ops.electric_potential.electric_potential - density backward 0.396 ms
[DEBUG  ] dreamplace.ops.weighted_average_wirelength.weighted_average_wirelength - wirelength backward 0.102 ms
[INFO   ] DREAMPlace - optimizer step 8.543 ms
[INFO   ] DREAMPlace - iteration  718, (  54,  1,  0), Obj 2.483221E+03, NetCrossing 6.583E+00, NetCrossingWeight 1.000000E+00, DensityWeight 1.771047E-01, HPWL 2.365777E+03, Overflow 4.390565E-02, MaxDensity 1.316E+00, MacroOverlap 5.963E-03, MacroOverlapWeight 8.000000E-06, gamma 5.354456E-02, time 2.851ms
[INFO   ] DREAMPlace - full step 11.868 ms
[DEBUG  ] dreamplace.ops.weighted_average_wirelength.weighted_average_wirelength - wirelength forward 0.060 ms
[DEBUG  ] dreamplace.ops.electric_potential.electric_potential - density forward 0.971 ms
[DEBUG  ] dreamplace.ops.electric_potential.electric_potential - density backward 0.403 ms
[DEBUG  ] dreamplace.ops.weighted_average_wirelength.weighted_average_wirelength - wirelength backward 0.102 ms
[INFO   ] DREAMPlace - optimizer step 8.787 ms
[INFO   ] DREAMPlace - iteration  719, (  54,  1,  1), Obj 2.487658E+03, NetCrossing 5.950E+00, NetCrossingWeight 1.000000E+00, DensityWeight 1.771047E-01, HPWL 2.367772E+03, Overflow 4.334937E-02, MaxDensity 1.389E+00, MacroOverlap 5.574E-03, MacroOverlapWeight 8.000000E-06, gamma 5.354456E-02, time 2.881ms
[INFO   ] DREAMPlace - full step 12.147 ms
[INFO   ] DREAMPlace - Lsub stopping criteria: 1 and 2487.66 > 2483.22 * 0.999
[INFO   ] DREAMPlace - Llambda stopping criteria: 1 and (( 0.0433494 < 0.1 and 2367.77 > 2362.24 ) or 1.38932 < 1.0)
[DEBUG  ] dreamplace.ops.weighted_average_wirelength.weighted_average_wirelength - wirelength forward 0.062 ms
[DEBUG  ] dreamplace.ops.electric_potential.electric_potential - density forward 0.985 ms
[DEBUG  ] dreamplace.ops.electric_potential.electric_potential - density backward 0.420 ms
[DEBUG  ] dreamplace.ops.weighted_average_wirelength.weighted_average_wirelength - wirelength backward 0.117 ms
[INFO   ] DREAMPlace - optimizer step 8.866 ms
[INFO   ] DREAMPlace - iteration  720, (  55,  0,  0), Obj 2.490621E+03, NetCrossing 6.790E+00, NetCrossingWeight 1.000000E+00, DensityWeight 1.846825E-01, HPWL 2.371100E+03, Overflow 4.302610E-02, MaxDensity 1.339E+00, MacroOverlap 5.364E-03, MacroOverlapWeight 8.000000E-06, gamma 5.309710E-02, time 2.909ms
[INFO   ] DREAMPlace - full step 12.241 ms
[DEBUG  ] dreamplace.ops.weighted_average_wirelength.weighted_average_wirelength - wirelength forward 0.063 ms
[DEBUG  ] dreamplace.ops.electric_potential.electric_potential - density forward 1.006 ms
[DEBUG  ] dreamplace.ops.electric_potential.electric_potential - density backward 0.418 ms
[DEBUG  ] dreamplace.ops.weighted_average_wirelength.weighted_average_wirelength - wirelength backward 0.116 ms
[INFO   ] DREAMPlace - optimizer step 9.287 ms
[INFO   ] DREAMPlace - iteration  721, (  55,  0,  1), Obj 2.494789E+03, NetCrossing 5.923E+00, NetCrossingWeight 1.000000E+00, DensityWeight 1.846825E-01, HPWL 2.371780E+03, Overflow 4.237421E-02, MaxDensity 1.383E+00, MacroOverlap 5.153E-03, MacroOverlapWeight 8.000000E-06, gamma 5.309710E-02, time 2.961ms
[INFO   ] DREAMPlace - full step 12.741 ms
[INFO   ] DREAMPlace - Lsub stopping criteria: 1 and 2494.79 > 2490.62 * 0.999
[DEBUG  ] dreamplace.ops.weighted_average_wirelength.weighted_average_wirelength - wirelength forward 0.065 ms
[DEBUG  ] dreamplace.ops.electric_potential.electric_potential - density forward 1.008 ms
[DEBUG  ] dreamplace.ops.electric_potential.electric_potential - density backward 0.420 ms
[DEBUG  ] dreamplace.ops.weighted_average_wirelength.weighted_average_wirelength - wirelength backward 0.118 ms
[INFO   ] DREAMPlace - optimizer step 9.315 ms
[INFO   ] DREAMPlace - iteration  722, (  55,  1,  0), Obj 2.500987E+03, NetCrossing 6.964E+00, NetCrossingWeight 1.000000E+00, DensityWeight 1.925846E-01, HPWL 2.376738E+03, Overflow 4.198205E-02, MaxDensity 1.305E+00, MacroOverlap 4.877E-03, MacroOverlapWeight 8.000000E-06, gamma 5.309710E-02, time 3.004ms
[INFO   ] DREAMPlace - full step 12.809 ms
[DEBUG  ] dreamplace.ops.weighted_average_wirelength.weighted_average_wirelength - wirelength forward 0.064 ms
[DEBUG  ] dreamplace.ops.electric_potential.electric_potential - density forward 1.010 ms
[DEBUG  ] dreamplace.ops.electric_potential.electric_potential - density backward 0.340 ms
[DEBUG  ] dreamplace.ops.weighted_average_wirelength.weighted_average_wirelength - wirelength backward 0.076 ms
[INFO   ] DREAMPlace - optimizer step 7.948 ms
[INFO   ] DREAMPlace - iteration  723, (  55,  1,  1), Obj 2.505737E+03, NetCrossing 5.390E+00, NetCrossingWeight 1.000000E+00, DensityWeight 1.925846E-01, HPWL 2.377762E+03, Overflow 4.163515E-02, MaxDensity 1.287E+00, MacroOverlap 4.790E-03, MacroOverlapWeight 8.000000E-06, gamma 5.309710E-02, time 3.059ms
[INFO   ] DREAMPlace - full step 11.524 ms
[INFO   ] DREAMPlace - Lsub stopping criteria: 1 and 2505.74 > 2500.99 * 0.999
[INFO   ] DREAMPlace - Llambda stopping criteria: 1 and (( 0.0416351 < 0.1 and 2377.76 > 2371.78 ) or 1.28721 < 1.0)
[DEBUG  ] dreamplace.ops.weighted_average_wirelength.weighted_average_wirelength - wirelength forward 0.059 ms
[DEBUG  ] dreamplace.ops.electric_potential.electric_potential - density forward 0.934 ms
[DEBUG  ] dreamplace.ops.electric_potential.electric_potential - density backward 0.343 ms
[DEBUG  ] dreamplace.ops.weighted_average_wirelength.weighted_average_wirelength - wirelength backward 0.097 ms
[INFO   ] DREAMPlace - optimizer step 8.311 ms
[INFO   ] DREAMPlace - iteration  724, (  56,  0,  0), Obj 2.507833E+03, NetCrossing 6.935E+00, NetCrossingWeight 1.000000E+00, DensityWeight 2.008248E-01, HPWL 2.381031E+03, Overflow 4.130086E-02, MaxDensity 1.273E+00, MacroOverlap 4.605E-03, MacroOverlapWeight 8.000000E-06, gamma 5.263339E-02, time 3.000ms
[INFO   ] DREAMPlace - full step 11.779 ms
[DEBUG  ] dreamplace.ops.weighted_average_wirelength.weighted_average_wirelength - wirelength forward 0.060 ms
[DEBUG  ] dreamplace.ops.electric_potential.electric_potential - density forward 0.950 ms
[DEBUG  ] dreamplace.ops.electric_potential.electric_potential - density backward 0.405 ms
[DEBUG  ] dreamplace.ops.weighted_average_wirelength.weighted_average_wirelength - wirelength backward 0.110 ms
[INFO   ] DREAMPlace - optimizer step 8.757 ms
[INFO   ] DREAMPlace - iteration  725, (  56,  0,  1), Obj 2.514222E+03, NetCrossing 5.987E+00, NetCrossingWeight 1.000000E+00, DensityWeight 2.008248E-01, HPWL 2.382262E+03, Overflow 4.095504E-02, MaxDensity 1.211E+00, MacroOverlap 4.419E-03, MacroOverlapWeight 8.000000E-06, gamma 5.263339E-02, time 2.821ms
[INFO   ] DREAMPlace - full step 12.041 ms
[INFO   ] DREAMPlace - Lsub stopping criteria: 1 and 2514.22 > 2507.83 * 0.999
[DEBUG  ] dreamplace.ops.weighted_average_wirelength.weighted_average_wirelength - wirelength forward 0.062 ms
[DEBUG  ] dreamplace.ops.electric_potential.electric_potential - density forward 1.161 ms
[DEBUG  ] dreamplace.ops.electric_potential.electric_potential - density backward 0.357 ms
[DEBUG  ] dreamplace.ops.weighted_average_wirelength.weighted_average_wirelength - wirelength backward 0.125 ms
[INFO   ] DREAMPlace - optimizer step 8.904 ms
[INFO   ] DREAMPlace - iteration  726, (  56,  1,  0), Obj 2.520652E+03, NetCrossing 6.242E+00, NetCrossingWeight 1.000000E+00, DensityWeight 2.094177E-01, HPWL 2.389433E+03, Overflow 4.054433E-02, MaxDensity 1.211E+00, MacroOverlap 4.208E-03, MacroOverlapWeight 8.000000E-06, gamma 5.263339E-02, time 2.963ms
[INFO   ] DREAMPlace - full step 12.334 ms
[DEBUG  ] dreamplace.ops.weighted_average_wirelength.weighted_average_wirelength - wirelength forward 0.062 ms
[DEBUG  ] dreamplace.ops.electric_potential.electric_potential - density forward 1.096 ms
[DEBUG  ] dreamplace.ops.electric_potential.electric_potential - density backward 0.386 ms
[DEBUG  ] dreamplace.ops.weighted_average_wirelength.weighted_average_wirelength - wirelength backward 0.127 ms
[INFO   ] DREAMPlace - optimizer step 9.376 ms
[INFO   ] DREAMPlace - iteration  727, (  56,  1,  1), Obj 2.522846E+03, NetCrossing 5.866E+00, NetCrossingWeight 1.000000E+00, DensityWeight 2.094177E-01, HPWL 2.389135E+03, Overflow 4.022758E-02, MaxDensity 1.211E+00, MacroOverlap 4.060E-03, MacroOverlapWeight 8.000000E-06, gamma 5.263339E-02, time 3.151ms
[INFO   ] DREAMPlace - full step 13.007 ms
[INFO   ] DREAMPlace - Lsub stopping criteria: 1 and 2522.85 > 2520.65 * 0.999
[INFO   ] DREAMPlace - Llambda stopping criteria: 1 and (( 0.0402276 < 0.1 and 2389.13 > 2382.26 ) or 1.21074 < 1.0)
[DEBUG  ] dreamplace.ops.weighted_average_wirelength.weighted_average_wirelength - wirelength forward 0.065 ms
[DEBUG  ] dreamplace.ops.electric_potential.electric_potential - density forward 1.014 ms
[DEBUG  ] dreamplace.ops.electric_potential.electric_potential - density backward 0.402 ms
[DEBUG  ] dreamplace.ops.weighted_average_wirelength.weighted_average_wirelength - wirelength backward 0.127 ms
[INFO   ] DREAMPlace - optimizer step 9.594 ms
[INFO   ] DREAMPlace - iteration  728, (  57,  0,  0), Obj 2.526321E+03, NetCrossing 6.804E+00, NetCrossingWeight 1.000000E+00, DensityWeight 2.183781E-01, HPWL 2.392924E+03, Overflow 3.952307E-02, MaxDensity 1.219E+00, MacroOverlap 3.916E-03, MacroOverlapWeight 8.000000E-06, gamma 5.225567E-02, time 3.112ms
[INFO   ] DREAMPlace - full step 13.192 ms
[DEBUG  ] dreamplace.ops.weighted_average_wirelength.weighted_average_wirelength - wirelength forward 0.065 ms
[DEBUG  ] dreamplace.ops.electric_potential.electric_potential - density forward 0.968 ms
[DEBUG  ] dreamplace.ops.electric_potential.electric_potential - density backward 0.317 ms
[DEBUG  ] dreamplace.ops.weighted_average_wirelength.weighted_average_wirelength - wirelength backward 0.084 ms
[INFO   ] DREAMPlace - optimizer step 7.992 ms
[INFO   ] DREAMPlace - iteration  729, (  57,  0,  1), Obj 2.532271E+03, NetCrossing 6.873E+00, NetCrossingWeight 1.000000E+00, DensityWeight 2.183781E-01, HPWL 2.394741E+03, Overflow 3.903640E-02, MaxDensity 1.211E+00, MacroOverlap 3.794E-03, MacroOverlapWeight 8.000000E-06, gamma 5.225567E-02, time 3.026ms
[INFO   ] DREAMPlace - full step 11.515 ms
[INFO   ] DREAMPlace - Lsub stopping criteria: 1 and 2532.27 > 2526.32 * 0.999
[DEBUG  ] dreamplace.ops.weighted_average_wirelength.weighted_average_wirelength - wirelength forward 0.061 ms
[DEBUG  ] dreamplace.ops.electric_potential.electric_potential - density forward 1.143 ms
[DEBUG  ] dreamplace.ops.electric_potential.electric_potential - density backward 0.355 ms
[DEBUG  ] dreamplace.ops.weighted_average_wirelength.weighted_average_wirelength - wirelength backward 0.103 ms
[INFO   ] DREAMPlace - optimizer step 8.729 ms
[INFO   ] DREAMPlace - iteration  730, (  57,  1,  0), Obj 2.537138E+03, NetCrossing 6.987E+00, NetCrossingWeight 1.000000E+00, DensityWeight 2.277219E-01, HPWL 2.397715E+03, Overflow 3.900084E-02, MaxDensity 1.229E+00, MacroOverlap 3.681E-03, MacroOverlapWeight 8.000000E-06, gamma 5.225567E-02, time 2.891ms
[INFO   ] DREAMPlace - full step 12.081 ms
[DEBUG  ] dreamplace.ops.weighted_average_wirelength.weighted_average_wirelength - wirelength forward 0.058 ms
[DEBUG  ] dreamplace.ops.electric_potential.electric_potential - density forward 0.986 ms
[DEBUG  ] dreamplace.ops.electric_potential.electric_potential - density backward 0.423 ms
[DEBUG  ] dreamplace.ops.weighted_average_wirelength.weighted_average_wirelength - wirelength backward 0.113 ms
[INFO   ] DREAMPlace - optimizer step 9.206 ms
[INFO   ] DREAMPlace - iteration  731, (  57,  1,  1), Obj 2.541701E+03, NetCrossing 6.927E+00, NetCrossingWeight 1.000000E+00, DensityWeight 2.277219E-01, HPWL 2.399421E+03, Overflow 3.825776E-02, MaxDensity 1.211E+00, MacroOverlap 3.531E-03, MacroOverlapWeight 8.000000E-06, gamma 5.225567E-02, time 2.834ms
[INFO   ] DREAMPlace - full step 12.504 ms
[INFO   ] DREAMPlace - Lsub stopping criteria: 1 and 2541.7 > 2537.14 * 0.999
[INFO   ] DREAMPlace - Llambda stopping criteria: 1 and (( 0.0382578 < 0.1 and 2399.42 > 2394.74 ) or 1.21074 < 1.0)
[DEBUG  ] dreamplace.ops.weighted_average_wirelength.weighted_average_wirelength - wirelength forward 0.063 ms
[DEBUG  ] dreamplace.ops.electric_potential.electric_potential - density forward 1.300 ms
[DEBUG  ] dreamplace.ops.electric_potential.electric_potential - density backward 0.390 ms
[DEBUG  ] dreamplace.ops.weighted_average_wirelength.weighted_average_wirelength - wirelength backward 0.119 ms
[INFO   ] DREAMPlace - optimizer step 9.309 ms
[INFO   ] DREAMPlace - iteration  732, (  58,  0,  0), Obj 2.545626E+03, NetCrossing 5.940E+00, NetCrossingWeight 1.000000E+00, DensityWeight 2.374656E-01, HPWL 2.403190E+03, Overflow 3.797334E-02, MaxDensity 1.218E+00, MacroOverlap 3.422E-03, MacroOverlapWeight 8.000000E-06, gamma 5.173161E-02, time 3.092ms
[INFO   ] DREAMPlace - full step 12.881 ms
[DEBUG  ] dreamplace.ops.weighted_average_wirelength.weighted_average_wirelength - wirelength forward 0.064 ms
[DEBUG  ] dreamplace.ops.electric_potential.electric_potential - density forward 1.095 ms
[DEBUG  ] dreamplace.ops.electric_potential.electric_potential - density backward 0.409 ms
[DEBUG  ] dreamplace.ops.weighted_average_wirelength.weighted_average_wirelength - wirelength backward 0.126 ms
[INFO   ] DREAMPlace - optimizer step 9.596 ms
[INFO   ] DREAMPlace - iteration  733, (  58,  0,  1), Obj 2.551150E+03, NetCrossing 6.981E+00, NetCrossingWeight 1.000000E+00, DensityWeight 2.374656E-01, HPWL 2.405524E+03, Overflow 3.762235E-02, MaxDensity 1.211E+00, MacroOverlap 3.280E-03, MacroOverlapWeight 8.000000E-06, gamma 5.173161E-02, time 3.097ms
[INFO   ] DREAMPlace - full step 13.184 ms
[INFO   ] DREAMPlace - Lsub stopping criteria: 1 and 2551.15 > 2545.63 * 0.999
[DEBUG  ] dreamplace.ops.weighted_average_wirelength.weighted_average_wirelength - wirelength forward 0.077 ms
[DEBUG  ] dreamplace.ops.electric_potential.electric_potential - density forward 1.078 ms
[DEBUG  ] dreamplace.ops.electric_potential.electric_potential - density backward 0.407 ms
[DEBUG  ] dreamplace.ops.weighted_average_wirelength.weighted_average_wirelength - wirelength backward 0.081 ms
[INFO   ] DREAMPlace - optimizer step 9.562 ms
[INFO   ] DREAMPlace - iteration  734, (  58,  1,  0), Obj 2.553845E+03, NetCrossing 6.276E+00, NetCrossingWeight 1.000000E+00, DensityWeight 2.476261E-01, HPWL 2.407771E+03, Overflow 3.753413E-02, MaxDensity 1.211E+00, MacroOverlap 3.231E-03, MacroOverlapWeight 8.000000E-06, gamma 5.173161E-02, time 3.068ms
[INFO   ] DREAMPlace - full step 13.145 ms
[DEBUG  ] dreamplace.ops.weighted_average_wirelength.weighted_average_wirelength - wirelength forward 0.061 ms
[DEBUG  ] dreamplace.ops.electric_potential.electric_potential - density forward 1.126 ms
[DEBUG  ] dreamplace.ops.electric_potential.electric_potential - density backward 0.314 ms
[DEBUG  ] dreamplace.ops.weighted_average_wirelength.weighted_average_wirelength - wirelength backward 0.082 ms
[INFO   ] DREAMPlace - optimizer step 7.919 ms
[INFO   ] DREAMPlace - iteration  735, (  58,  1,  1), Obj 2.563187E+03, NetCrossing 6.283E+00, NetCrossingWeight 1.000000E+00, DensityWeight 2.476261E-01, HPWL 2.412177E+03, Overflow 3.705959E-02, MaxDensity 1.211E+00, MacroOverlap 3.072E-03, MacroOverlapWeight 8.000000E-06, gamma 5.173161E-02, time 3.044ms
[INFO   ] DREAMPlace - full step 11.446 ms
[INFO   ] DREAMPlace - Lsub stopping criteria: 1 and 2563.19 > 2553.85 * 0.999
[INFO   ] DREAMPlace - Llambda stopping criteria: 1 and (( 0.0370596 < 0.1 and 2412.18 > 2405.52 ) or 1.21074 < 1.0)
[DEBUG  ] dreamplace.ops.weighted_average_wirelength.weighted_average_wirelength - wirelength forward 0.059 ms
[DEBUG  ] dreamplace.ops.electric_potential.electric_potential - density forward 0.944 ms
[DEBUG  ] dreamplace.ops.electric_potential.electric_potential - density backward 0.347 ms
[DEBUG  ] dreamplace.ops.weighted_average_wirelength.weighted_average_wirelength - wirelength backward 0.110 ms
[INFO   ] DREAMPlace - optimizer step 8.402 ms
[INFO   ] DREAMPlace - iteration  736, (  59,  0,  0), Obj 2.563874E+03, NetCrossing 7.087E+00, NetCrossingWeight 1.000000E+00, DensityWeight 2.582214E-01, HPWL 2.413950E+03, Overflow 3.692439E-02, MaxDensity 1.211E+00, MacroOverlap 3.008E-03, MacroOverlapWeight 8.000000E-06, gamma 5.141544E-02, time 2.871ms
[INFO   ] DREAMPlace - full step 11.723 ms
[DEBUG  ] dreamplace.ops.weighted_average_wirelength.weighted_average_wirelength - wirelength forward 0.062 ms
[DEBUG  ] dreamplace.ops.electric_potential.electric_potential - density forward 0.973 ms
[DEBUG  ] dreamplace.ops.electric_potential.electric_potential - density backward 0.371 ms
[DEBUG  ] dreamplace.ops.weighted_average_wirelength.weighted_average_wirelength - wirelength backward 0.103 ms
[INFO   ] DREAMPlace - optimizer step 8.731 ms
[INFO   ] DREAMPlace - iteration  737, (  59,  0,  1), Obj 2.572749E+03, NetCrossing 6.292E+00, NetCrossingWeight 1.000000E+00, DensityWeight 2.582214E-01, HPWL 2.416167E+03, Overflow 3.652335E-02, MaxDensity 1.211E+00, MacroOverlap 2.859E-03, MacroOverlapWeight 8.000000E-06, gamma 5.141544E-02, time 2.878ms
[INFO   ] DREAMPlace - full step 12.080 ms
[INFO   ] DREAMPlace - Lsub stopping criteria: 1 and 2572.75 > 2563.87 * 0.999
[DEBUG  ] dreamplace.ops.weighted_average_wirelength.weighted_average_wirelength - wirelength forward 0.063 ms
[DEBUG  ] dreamplace.ops.electric_potential.electric_potential - density forward 1.597 ms
[DEBUG  ] dreamplace.ops.electric_potential.electric_potential - density backward 0.386 ms
[DEBUG  ] dreamplace.ops.weighted_average_wirelength.weighted_average_wirelength - wirelength backward 0.118 ms
[INFO   ] DREAMPlace - optimizer step 9.484 ms
[INFO   ] DREAMPlace - iteration  738, (  59,  1,  0), Obj 2.574621E+03, NetCrossing 5.966E+00, NetCrossingWeight 1.000000E+00, DensityWeight 2.692701E-01, HPWL 2.419530E+03, Overflow 3.602100E-02, MaxDensity 1.211E+00, MacroOverlap 2.743E-03, MacroOverlapWeight 8.000000E-06, gamma 5.141544E-02, time 2.938ms
[INFO   ] DREAMPlace - full step 12.897 ms
[DEBUG  ] dreamplace.ops.weighted_average_wirelength.weighted_average_wirelength - wirelength forward 0.065 ms
[DEBUG  ] dreamplace.ops.electric_potential.electric_potential - density forward 2.577 ms
[DEBUG  ] dreamplace.ops.electric_potential.electric_potential - density backward 0.386 ms
[DEBUG  ] dreamplace.ops.weighted_average_wirelength.weighted_average_wirelength - wirelength backward 0.128 ms
[INFO   ] DREAMPlace - optimizer step 10.740 ms
[INFO   ] DREAMPlace - iteration  739, (  59,  1,  1), Obj 2.583271E+03, NetCrossing 6.192E+00, NetCrossingWeight 1.000000E+00, DensityWeight 2.692701E-01, HPWL 2.421708E+03, Overflow 3.584401E-02, MaxDensity 1.211E+00, MacroOverlap 2.619E-03, MacroOverlapWeight 8.000000E-06, gamma 5.141544E-02, time 2.983ms
[INFO   ] DREAMPlace - full step 14.204 ms
[INFO   ] DREAMPlace - Lsub stopping criteria: 1 and 2583.27 > 2574.62 * 0.999
[INFO   ] DREAMPlace - Llambda stopping criteria: 1 and (( 0.035844 < 0.1 and 2421.71 > 2416.17 ) or 1.21074 < 1.0)
[DEBUG  ] dreamplace.ops.weighted_average_wirelength.weighted_average_wirelength - wirelength forward 0.062 ms
[DEBUG  ] dreamplace.ops.electric_potential.electric_potential - density forward 1.141 ms
[DEBUG  ] dreamplace.ops.electric_potential.electric_potential - density backward 0.354 ms
[DEBUG  ] dreamplace.ops.weighted_average_wirelength.weighted_average_wirelength - wirelength backward 0.111 ms
[INFO   ] DREAMPlace - optimizer step 8.539 ms
[INFO   ] DREAMPlace - iteration  740, (  60,  0,  0), Obj 2.583588E+03, NetCrossing 6.902E+00, NetCrossingWeight 1.000000E+00, DensityWeight 2.807915E-01, HPWL 2.424101E+03, Overflow 3.547165E-02, MaxDensity 1.212E+00, MacroOverlap 2.504E-03, MacroOverlapWeight 8.000000E-06, gamma 5.109663E-02, time 2.932ms
[INFO   ] DREAMPlace - full step 11.939 ms
[DEBUG  ] dreamplace.ops.weighted_average_wirelength.weighted_average_wirelength - wirelength forward 0.058 ms
[DEBUG  ] dreamplace.ops.electric_potential.electric_potential - density forward 0.956 ms
[DEBUG  ] dreamplace.ops.electric_potential.electric_potential - density backward 0.402 ms
[DEBUG  ] dreamplace.ops.weighted_average_wirelength.weighted_average_wirelength - wirelength backward 0.117 ms
[INFO   ] DREAMPlace - optimizer step 8.811 ms
[INFO   ] DREAMPlace - iteration  741, (  60,  0,  1), Obj 2.589981E+03, NetCrossing 5.905E+00, NetCrossingWeight 1.000000E+00, DensityWeight 2.807915E-01, HPWL 2.425781E+03, Overflow 3.525760E-02, MaxDensity 1.218E+00, MacroOverlap 2.412E-03, MacroOverlapWeight 8.000000E-06, gamma 5.109663E-02, time 3.459ms
[INFO   ] DREAMPlace - full step 12.732 ms
[INFO   ] DREAMPlace - Lsub stopping criteria: 1 and 2589.98 > 2583.59 * 0.999
[DEBUG  ] dreamplace.ops.weighted_average_wirelength.weighted_average_wirelength - wirelength forward 0.063 ms
[DEBUG  ] dreamplace.ops.electric_potential.electric_potential - density forward 0.973 ms
[DEBUG  ] dreamplace.ops.electric_potential.electric_potential - density backward 0.408 ms
[DEBUG  ] dreamplace.ops.weighted_average_wirelength.weighted_average_wirelength - wirelength backward 0.126 ms
[INFO   ] DREAMPlace - optimizer step 9.303 ms
[INFO   ] DREAMPlace - iteration  742, (  60,  1,  0), Obj 2.592052E+03, NetCrossing 6.154E+00, NetCrossingWeight 1.000000E+00, DensityWeight 2.928059E-01, HPWL 2.429213E+03, Overflow 3.514756E-02, MaxDensity 1.221E+00, MacroOverlap 2.361E-03, MacroOverlapWeight 8.000000E-06, gamma 5.109663E-02, time 3.099ms
[INFO   ] DREAMPlace - full step 12.867 ms
[DEBUG  ] dreamplace.ops.weighted_average_wirelength.weighted_average_wirelength - wirelength forward 0.065 ms
[DEBUG  ] dreamplace.ops.electric_potential.electric_potential - density forward 1.004 ms
[DEBUG  ] dreamplace.ops.electric_potential.electric_potential - density backward 0.403 ms
[DEBUG  ] dreamplace.ops.weighted_average_wirelength.weighted_average_wirelength - wirelength backward 0.127 ms
[INFO   ] DREAMPlace - optimizer step 9.453 ms
[INFO   ] DREAMPlace - iteration  743, (  60,  1,  1), Obj 2.599941E+03, NetCrossing 6.445E+00, NetCrossingWeight 1.000000E+00, DensityWeight 2.928059E-01, HPWL 2.430382E+03, Overflow 3.487291E-02, MaxDensity 1.211E+00, MacroOverlap 2.293E-03, MacroOverlapWeight 8.000000E-06, gamma 5.109663E-02, time 3.075ms
[INFO   ] DREAMPlace - full step 13.024 ms
[INFO   ] DREAMPlace - Lsub stopping criteria: 1 and 2599.94 > 2592.05 * 0.999
[INFO   ] DREAMPlace - Llambda stopping criteria: 1 and (( 0.0348729 < 0.1 and 2430.38 > 2425.78 ) or 1.21074 < 1.0)
[DEBUG  ] dreamplace.ops.weighted_average_wirelength.weighted_average_wirelength - wirelength forward 0.061 ms
[DEBUG  ] dreamplace.ops.electric_potential.electric_potential - density forward 0.947 ms
[DEBUG  ] dreamplace.ops.electric_potential.electric_potential - density backward 0.304 ms
[DEBUG  ] dreamplace.ops.weighted_average_wirelength.weighted_average_wirelength - wirelength backward 0.073 ms
[INFO   ] DREAMPlace - optimizer step 7.556 ms
[INFO   ] DREAMPlace - iteration  744, (  61,  0,  0), Obj 2.602043E+03, NetCrossing 6.918E+00, NetCrossingWeight 1.000000E+00, DensityWeight 3.053343E-01, HPWL 2.433970E+03, Overflow 3.449979E-02, MaxDensity 1.211E+00, MacroOverlap 2.221E-03, MacroOverlapWeight 8.000000E-06, gamma 5.084335E-02, time 3.081ms
[INFO   ] DREAMPlace - full step 11.102 ms
[DEBUG  ] dreamplace.ops.weighted_average_wirelength.weighted_average_wirelength - wirelength forward 0.060 ms
[DEBUG  ] dreamplace.ops.electric_potential.electric_potential - density forward 0.935 ms
[DEBUG  ] dreamplace.ops.electric_potential.electric_potential - density backward 0.345 ms
[DEBUG  ] dreamplace.ops.weighted_average_wirelength.weighted_average_wirelength - wirelength backward 0.097 ms
[INFO   ] DREAMPlace - optimizer step 8.308 ms
[INFO   ] DREAMPlace - iteration  745, (  61,  0,  1), Obj 2.609021E+03, NetCrossing 6.122E+00, NetCrossingWeight 1.000000E+00, DensityWeight 3.053343E-01, HPWL 2.435015E+03, Overflow 3.429059E-02, MaxDensity 1.211E+00, MacroOverlap 2.171E-03, MacroOverlapWeight 8.000000E-06, gamma 5.084335E-02, time 2.950ms
[INFO   ] DREAMPlace - full step 11.716 ms
[INFO   ] DREAMPlace - Lsub stopping criteria: 1 and 2609.02 > 2602.04 * 0.999
[DEBUG  ] dreamplace.ops.weighted_average_wirelength.weighted_average_wirelength - wirelength forward 0.059 ms
[DEBUG  ] dreamplace.ops.electric_potential.electric_potential - density forward 0.961 ms
[DEBUG  ] dreamplace.ops.electric_potential.electric_potential - density backward 0.360 ms
[DEBUG  ] dreamplace.ops.weighted_average_wirelength.weighted_average_wirelength - wirelength backward 0.105 ms
[INFO   ] DREAMPlace - optimizer step 8.568 ms
[INFO   ] DREAMPlace - iteration  746, (  61,  1,  0), Obj 2.612533E+03, NetCrossing 6.682E+00, NetCrossingWeight 1.000000E+00, DensityWeight 3.183988E-01, HPWL 2.438502E+03, Overflow 3.391409E-02, MaxDensity 1.211E+00, MacroOverlap 2.097E-03, MacroOverlapWeight 8.000000E-06, gamma 5.084335E-02, time 2.837ms
[INFO   ] DREAMPlace - full step 11.867 ms
[DEBUG  ] dreamplace.ops.weighted_average_wirelength.weighted_average_wirelength - wirelength forward 0.063 ms
[DEBUG  ] dreamplace.ops.electric_potential.electric_potential - density forward 1.022 ms
[DEBUG  ] dreamplace.ops.electric_potential.electric_potential - density backward 0.371 ms
[DEBUG  ] dreamplace.ops.weighted_average_wirelength.weighted_average_wirelength - wirelength backward 0.111 ms
[INFO   ] DREAMPlace - optimizer step 8.945 ms
[INFO   ] DREAMPlace - iteration  747, (  61,  1,  1), Obj 2.619353E+03, NetCrossing 7.044E+00, NetCrossingWeight 1.000000E+00, DensityWeight 3.183988E-01, HPWL 2.439515E+03, Overflow 3.378003E-02, MaxDensity 1.216E+00, MacroOverlap 2.063E-03, MacroOverlapWeight 8.000000E-06, gamma 5.084335E-02, time 2.971ms
[INFO   ] DREAMPlace - full step 12.392 ms
[INFO   ] DREAMPlace - Lsub stopping criteria: 1 and 2619.35 > 2612.53 * 0.999
[INFO   ] DREAMPlace - Llambda stopping criteria: 1 and (( 0.03378 < 0.1 and 2439.52 > 2435.02 ) or 1.2161 < 1.0)
[DEBUG  ] dreamplace.ops.weighted_average_wirelength.weighted_average_wirelength - wirelength forward 0.063 ms
[DEBUG  ] dreamplace.ops.electric_potential.electric_potential - density forward 1.000 ms
[DEBUG  ] dreamplace.ops.electric_potential.electric_potential - density backward 0.389 ms
[DEBUG  ] dreamplace.ops.weighted_average_wirelength.weighted_average_wirelength - wirelength backward 0.126 ms
[INFO   ] DREAMPlace - optimizer step 9.258 ms
[INFO   ] DREAMPlace - iteration  748, (  62,  0,  0), Obj 2.623171E+03, NetCrossing 6.107E+00, NetCrossingWeight 1.000000E+00, DensityWeight 3.320224E-01, HPWL 2.442280E+03, Overflow 3.338769E-02, MaxDensity 1.211E+00, MacroOverlap 1.994E-03, MacroOverlapWeight 8.000000E-06, gamma 5.055982E-02, time 2.932ms
[INFO   ] DREAMPlace - full step 12.659 ms
[DEBUG  ] dreamplace.ops.weighted_average_wirelength.weighted_average_wirelength - wirelength forward 0.063 ms
[DEBUG  ] dreamplace.ops.electric_potential.electric_potential - density forward 1.111 ms
[DEBUG  ] dreamplace.ops.electric_potential.electric_potential - density backward 0.405 ms
[DEBUG  ] dreamplace.ops.weighted_average_wirelength.weighted_average_wirelength - wirelength backward 0.126 ms
[INFO   ] DREAMPlace - optimizer step 9.620 ms
[INFO   ] DREAMPlace - iteration  749, (  62,  0,  1), Obj 2.629586E+03, NetCrossing 6.127E+00, NetCrossingWeight 1.000000E+00, DensityWeight 3.320224E-01, HPWL 2.442904E+03, Overflow 3.342447E-02, MaxDensity 1.211E+00, MacroOverlap 1.957E-03, MacroOverlapWeight 8.000000E-06, gamma 5.055982E-02, time 3.066ms
[INFO   ] DREAMPlace - full step 13.165 ms
[INFO   ] DREAMPlace - Lsub stopping criteria: 1 and 2629.59 > 2623.17 * 0.999
[DEBUG  ] dreamplace.ops.weighted_average_wirelength.weighted_average_wirelength - wirelength forward 0.065 ms
[DEBUG  ] dreamplace.ops.electric_potential.electric_potential - density forward 1.202 ms
[DEBUG  ] dreamplace.ops.electric_potential.electric_potential - density backward 0.402 ms
[DEBUG  ] dreamplace.ops.weighted_average_wirelength.weighted_average_wirelength - wirelength backward 0.106 ms
[INFO   ] DREAMPlace - optimizer step 9.574 ms
[INFO   ] DREAMPlace - iteration  750, (  62,  1,  0), Obj 2.633224E+03, NetCrossing 6.574E+00, NetCrossingWeight 1.000000E+00, DensityWeight 3.462288E-01, HPWL 2.445944E+03, Overflow 3.336271E-02, MaxDensity 1.211E+00, MacroOverlap 1.894E-03, MacroOverlapWeight 8.000000E-06, gamma 5.055982E-02, time 3.048ms
[INFO   ] DREAMPlace - full step 13.112 ms
[DEBUG  ] dreamplace.ops.weighted_average_wirelength.weighted_average_wirelength - wirelength forward 0.060 ms
[DEBUG  ] dreamplace.ops.electric_potential.electric_potential - density forward 1.005 ms
[DEBUG  ] dreamplace.ops.electric_potential.electric_potential - density backward 0.313 ms
[DEBUG  ] dreamplace.ops.weighted_average_wirelength.weighted_average_wirelength - wirelength backward 0.081 ms
[INFO   ] DREAMPlace - optimizer step 7.750 ms
[INFO   ] DREAMPlace - iteration  751, (  62,  1,  1), Obj 2.638297E+03, NetCrossing 5.237E+00, NetCrossingWeight 1.000000E+00, DensityWeight 3.462288E-01, HPWL 2.445426E+03, Overflow 3.314416E-02, MaxDensity 1.211E+00, MacroOverlap 1.821E-03, MacroOverlapWeight 8.000000E-06, gamma 5.055982E-02, time 3.120ms
[INFO   ] DREAMPlace - full step 11.353 ms
[INFO   ] DREAMPlace - Lsub stopping criteria: 1 and 2638.3 > 2633.22 * 0.999
[INFO   ] DREAMPlace - Llambda stopping criteria: 1 and (( 0.0331442 < 0.1 and 2445.43 > 2442.9 ) or 1.21074 < 1.0)
[DEBUG  ] dreamplace.ops.weighted_average_wirelength.weighted_average_wirelength - wirelength forward 0.058 ms
[DEBUG  ] dreamplace.ops.electric_potential.electric_potential - density forward 0.937 ms
[DEBUG  ] dreamplace.ops.electric_potential.electric_potential - density backward 0.347 ms
[DEBUG  ] dreamplace.ops.weighted_average_wirelength.weighted_average_wirelength - wirelength backward 0.110 ms
[INFO   ] DREAMPlace - optimizer step 8.228 ms
[INFO   ] DREAMPlace - iteration  752, (  63,  0,  0), Obj 2.640370E+03, NetCrossing 5.895E+00, NetCrossingWeight 1.000000E+00, DensityWeight 3.610432E-01, HPWL 2.447552E+03, Overflow 3.309018E-02, MaxDensity 1.211E+00, MacroOverlap 1.770E-03, MacroOverlapWeight 8.000000E-06, gamma 5.039559E-02, time 2.872ms
[INFO   ] DREAMPlace - full step 11.547 ms
[DEBUG  ] dreamplace.ops.weighted_average_wirelength.weighted_average_wirelength - wirelength forward 0.060 ms
[DEBUG  ] dreamplace.ops.electric_potential.electric_potential - density forward 0.945 ms
[DEBUG  ] dreamplace.ops.electric_potential.electric_potential - density backward 0.370 ms
[DEBUG  ] dreamplace.ops.weighted_average_wirelength.weighted_average_wirelength - wirelength backward 0.120 ms
[INFO   ] DREAMPlace - optimizer step 8.683 ms
[INFO   ] DREAMPlace - iteration  753, (  63,  0,  1), Obj 2.647414E+03, NetCrossing 5.912E+00, NetCrossingWeight 1.000000E+00, DensityWeight 3.610432E-01, HPWL 2.448273E+03, Overflow 3.295354E-02, MaxDensity 1.211E+00, MacroOverlap 1.703E-03, MacroOverlapWeight 8.000000E-06, gamma 5.039559E-02, time 2.871ms
[INFO   ] DREAMPlace - full step 12.011 ms
[INFO   ] DREAMPlace - Lsub stopping criteria: 1 and 2647.41 > 2640.37 * 0.999
[DEBUG  ] dreamplace.ops.weighted_average_wirelength.weighted_average_wirelength - wirelength forward 0.062 ms
[DEBUG  ] dreamplace.ops.electric_potential.electric_potential - density forward 1.107 ms
[DEBUG  ] dreamplace.ops.electric_potential.electric_potential - density backward 0.362 ms
[DEBUG  ] dreamplace.ops.weighted_average_wirelength.weighted_average_wirelength - wirelength backward 0.118 ms
[INFO   ] DREAMPlace - optimizer step 8.862 ms
[INFO   ] DREAMPlace - iteration  754, (  63,  1,  0), Obj 2.649977E+03, NetCrossing 6.387E+00, NetCrossingWeight 1.000000E+00, DensityWeight 3.764914E-01, HPWL 2.449794E+03, Overflow 3.296528E-02, MaxDensity 1.211E+00, MacroOverlap 1.666E-03, MacroOverlapWeight 8.000000E-06, gamma 5.039559E-02, time 2.975ms
[INFO   ] DREAMPlace - full step 12.283 ms
[DEBUG  ] dreamplace.ops.weighted_average_wirelength.weighted_average_wirelength - wirelength forward 0.062 ms
[DEBUG  ] dreamplace.ops.electric_potential.electric_potential - density forward 1.101 ms
[DEBUG  ] dreamplace.ops.electric_potential.electric_potential - density backward 0.377 ms
[DEBUG  ] dreamplace.ops.weighted_average_wirelength.weighted_average_wirelength - wirelength backward 0.110 ms
[INFO   ] DREAMPlace - optimizer step 9.207 ms
[INFO   ] DREAMPlace - iteration  755, (  63,  1,  1), Obj 2.656442E+03, NetCrossing 6.905E+00, NetCrossingWeight 1.000000E+00, DensityWeight 3.764914E-01, HPWL 2.450433E+03, Overflow 3.292224E-02, MaxDensity 1.211E+00, MacroOverlap 1.618E-03, MacroOverlapWeight 8.000000E-06, gamma 5.039559E-02, time 2.925ms
[INFO   ] DREAMPlace - full step 12.611 ms
[INFO   ] DREAMPlace - Lsub stopping criteria: 1 and 2656.44 > 2649.98 * 0.999
[INFO   ] DREAMPlace - Llambda stopping criteria: 1 and (( 0.0329222 < 0.1 and 2450.43 > 2448.27 ) or 1.21074 < 1.0)
[DEBUG  ] dreamplace.ops.weighted_average_wirelength.weighted_average_wirelength - wirelength forward 0.063 ms
[DEBUG  ] dreamplace.ops.electric_potential.electric_potential - density forward 1.001 ms
[DEBUG  ] dreamplace.ops.electric_potential.electric_potential - density backward 0.440 ms
[DEBUG  ] dreamplace.ops.weighted_average_wirelength.weighted_average_wirelength - wirelength backward 0.126 ms
[INFO   ] DREAMPlace - optimizer step 9.338 ms
[INFO   ] DREAMPlace - iteration  756, (  64,  0,  0), Obj 2.660193E+03, NetCrossing 6.214E+00, NetCrossingWeight 1.000000E+00, DensityWeight 3.926007E-01, HPWL 2.453379E+03, Overflow 3.255669E-02, MaxDensity 1.211E+00, MacroOverlap 1.566E-03, MacroOverlapWeight 8.000000E-06, gamma 5.033839E-02, time 2.962ms
[INFO   ] DREAMPlace - full step 12.790 ms
[DEBUG  ] dreamplace.ops.weighted_average_wirelength.weighted_average_wirelength - wirelength forward 0.065 ms
[DEBUG  ] dreamplace.ops.electric_potential.electric_potential - density forward 1.009 ms
[DEBUG  ] dreamplace.ops.electric_potential.electric_potential - density backward 0.423 ms
[DEBUG  ] dreamplace.ops.weighted_average_wirelength.weighted_average_wirelength - wirelength backward 0.119 ms
[INFO   ] DREAMPlace - optimizer step 9.310 ms
[INFO   ] DREAMPlace - iteration  757, (  64,  0,  1), Obj 2.668906E+03, NetCrossing 7.445E+00, NetCrossingWeight 1.000000E+00, DensityWeight 3.926007E-01, HPWL 2.453817E+03, Overflow 3.260813E-02, MaxDensity 1.211E+00, MacroOverlap 1.556E-03, MacroOverlapWeight 8.000000E-06, gamma 5.033839E-02, time 3.012ms
[INFO   ] DREAMPlace - full step 12.811 ms
[INFO   ] DREAMPlace - Lsub stopping criteria: 1 and 2668.91 > 2660.19 * 0.999
[DEBUG  ] dreamplace.ops.weighted_average_wirelength.weighted_average_wirelength - wirelength forward 0.060 ms
[DEBUG  ] dreamplace.ops.electric_potential.electric_potential - density forward 0.963 ms
[DEBUG  ] dreamplace.ops.electric_potential.electric_potential - density backward 0.426 ms
[DEBUG  ] dreamplace.ops.weighted_average_wirelength.weighted_average_wirelength - wirelength backward 0.074 ms
[INFO   ] DREAMPlace - optimizer step 8.704 ms
[INFO   ] DREAMPlace - iteration  758, (  64,  1,  0), Obj 2.669812E+03, NetCrossing 7.578E+00, NetCrossingWeight 1.000000E+00, DensityWeight 4.093991E-01, HPWL 2.455502E+03, Overflow 3.213488E-02, MaxDensity 1.211E+00, MacroOverlap 1.491E-03, MacroOverlapWeight 8.000000E-06, gamma 5.033839E-02, time 2.995ms
[INFO   ] DREAMPlace - full step 12.167 ms
[DEBUG  ] dreamplace.ops.weighted_average_wirelength.weighted_average_wirelength - wirelength forward 0.062 ms
[DEBUG  ] dreamplace.ops.electric_potential.electric_potential - density forward 1.137 ms
[DEBUG  ] dreamplace.ops.electric_potential.electric_potential - density backward 0.340 ms
[DEBUG  ] dreamplace.ops.weighted_average_wirelength.weighted_average_wirelength - wirelength backward 0.075 ms
[INFO   ] DREAMPlace - optimizer step 7.892 ms
[INFO   ] DREAMPlace - iteration  759, (  64,  1,  1), Obj 2.679355E+03, NetCrossing 6.002E+00, NetCrossingWeight 1.000000E+00, DensityWeight 4.093991E-01, HPWL 2.456664E+03, Overflow 3.206190E-02, MaxDensity 1.211E+00, MacroOverlap 1.478E-03, MacroOverlapWeight 8.000000E-06, gamma 5.033839E-02, time 2.984ms
[INFO   ] DREAMPlace - full step 11.350 ms
[INFO   ] DREAMPlace - Lsub stopping criteria: 1 and 2679.35 > 2669.81 * 0.999
[INFO   ] DREAMPlace - Llambda stopping criteria: 1 and (( 0.0320619 < 0.1 and 2456.66 > 2453.82 ) or 1.21074 < 1.0)
[DEBUG  ] dreamplace.ops.weighted_average_wirelength.weighted_average_wirelength - wirelength forward 0.058 ms
[DEBUG  ] dreamplace.ops.electric_potential.electric_potential - density forward 0.971 ms
[DEBUG  ] dreamplace.ops.electric_potential.electric_potential - density backward 0.376 ms
[DEBUG  ] dreamplace.ops.weighted_average_wirelength.weighted_average_wirelength - wirelength backward 0.109 ms
[INFO   ] DREAMPlace - optimizer step 8.233 ms
[INFO   ] DREAMPlace - iteration  760, (  65,  0,  0), Obj 2.681115E+03, NetCrossing 6.011E+00, NetCrossingWeight 1.000000E+00, DensityWeight 4.269164E-01, HPWL 2.458874E+03, Overflow 3.165280E-02, MaxDensity 1.211E+00, MacroOverlap 1.447E-03, MacroOverlapWeight 8.000000E-06, gamma 5.011728E-02, time 2.918ms
[INFO   ] DREAMPlace - full step 11.601 ms
[DEBUG  ] dreamplace.ops.weighted_average_wirelength.weighted_average_wirelength - wirelength forward 0.059 ms
[DEBUG  ] dreamplace.ops.electric_potential.electric_potential - density forward 0.996 ms
[DEBUG  ] dreamplace.ops.electric_potential.electric_potential - density backward 0.409 ms
[DEBUG  ] dreamplace.ops.weighted_average_wirelength.weighted_average_wirelength - wirelength backward 0.103 ms
[INFO   ] DREAMPlace - optimizer step 8.783 ms
[INFO   ] DREAMPlace - iteration  761, (  65,  0,  1), Obj 2.688866E+03, NetCrossing 6.006E+00, NetCrossingWeight 1.000000E+00, DensityWeight 4.269164E-01, HPWL 2.459759E+03, Overflow 3.162328E-02, MaxDensity 1.211E+00, MacroOverlap 1.421E-03, MacroOverlapWeight 8.000000E-06, gamma 5.011728E-02, time 2.911ms
[INFO   ] DREAMPlace - full step 12.151 ms
[INFO   ] DREAMPlace - Lsub stopping criteria: 1 and 2688.87 > 2681.12 * 0.999
[DEBUG  ] dreamplace.ops.weighted_average_wirelength.weighted_average_wirelength - wirelength forward 0.062 ms
[DEBUG  ] dreamplace.ops.electric_potential.electric_potential - density forward 0.975 ms
[DEBUG  ] dreamplace.ops.electric_potential.electric_potential - density backward 0.397 ms
[DEBUG  ] dreamplace.ops.weighted_average_wirelength.weighted_average_wirelength - wirelength backward 0.118 ms
[INFO   ] DREAMPlace - optimizer step 8.735 ms
[INFO   ] DREAMPlace - iteration  762, (  65,  1,  0), Obj 2.691741E+03, NetCrossing 6.012E+00, NetCrossingWeight 1.000000E+00, DensityWeight 4.451831E-01, HPWL 2.460671E+03, Overflow 3.138814E-02, MaxDensity 1.211E+00, MacroOverlap 1.403E-03, MacroOverlapWeight 8.000000E-06, gamma 5.011728E-02, time 2.901ms
[INFO   ] DREAMPlace - full step 12.104 ms
[DEBUG  ] dreamplace.ops.weighted_average_wirelength.weighted_average_wirelength - wirelength forward 0.061 ms
[DEBUG  ] dreamplace.ops.electric_potential.electric_potential - density forward 0.983 ms
[DEBUG  ] dreamplace.ops.electric_potential.electric_potential - density backward 0.425 ms
[DEBUG  ] dreamplace.ops.weighted_average_wirelength.weighted_average_wirelength - wirelength backward 0.109 ms
[INFO   ] DREAMPlace - optimizer step 9.104 ms
[INFO   ] DREAMPlace - iteration  763, (  65,  1,  1), Obj 2.699486E+03, NetCrossing 7.268E+00, NetCrossingWeight 1.000000E+00, DensityWeight 4.451831E-01, HPWL 2.462236E+03, Overflow 3.127024E-02, MaxDensity 1.234E+00, MacroOverlap 1.389E-03, MacroOverlapWeight 8.000000E-06, gamma 5.011728E-02, time 2.970ms
[INFO   ] DREAMPlace - full step 12.551 ms
[INFO   ] DREAMPlace - Lsub stopping criteria: 1 and 2699.49 > 2691.74 * 0.999
[INFO   ] DREAMPlace - Llambda stopping criteria: 1 and (( 0.0312702 < 0.1 and 2462.24 > 2459.76 ) or 1.23394 < 1.0)
[DEBUG  ] dreamplace.ops.weighted_average_wirelength.weighted_average_wirelength - wirelength forward 0.065 ms
[DEBUG  ] dreamplace.ops.electric_potential.electric_potential - density forward 1.001 ms
[DEBUG  ] dreamplace.ops.electric_potential.electric_potential - density backward 0.443 ms
[DEBUG  ] dreamplace.ops.weighted_average_wirelength.weighted_average_wirelength - wirelength backward 0.128 ms
[INFO   ] DREAMPlace - optimizer step 9.487 ms
[INFO   ] DREAMPlace - iteration  764, (  66,  0,  0), Obj 2.703352E+03, NetCrossing 6.255E+00, NetCrossingWeight 1.000000E+00, DensityWeight 4.642315E-01, HPWL 2.464356E+03, Overflow 3.109668E-02, MaxDensity 1.211E+00, MacroOverlap 1.369E-03, MacroOverlapWeight 8.000000E-06, gamma 4.991467E-02, time 3.030ms
[INFO   ] DREAMPlace - full step 13.009 ms
[DEBUG  ] dreamplace.ops.weighted_average_wirelength.weighted_average_wirelength - wirelength forward 0.063 ms
[DEBUG  ] dreamplace.ops.electric_potential.electric_potential - density forward 1.006 ms
[DEBUG  ] dreamplace.ops.electric_potential.electric_potential - density backward 0.440 ms
[DEBUG  ] dreamplace.ops.weighted_average_wirelength.weighted_average_wirelength - wirelength backward 0.129 ms
[INFO   ] DREAMPlace - optimizer step 9.565 ms
[INFO   ] DREAMPlace - iteration  765, (  66,  0,  1), Obj 2.713268E+03, NetCrossing 6.413E+00, NetCrossingWeight 1.000000E+00, DensityWeight 4.642315E-01, HPWL 2.466297E+03, Overflow 3.094948E-02, MaxDensity 1.211E+00, MacroOverlap 1.343E-03, MacroOverlapWeight 8.000000E-06, gamma 4.991467E-02, time 2.992ms
[INFO   ] DREAMPlace - full step 13.062 ms
[INFO   ] DREAMPlace - Lsub stopping criteria: 1 and 2713.27 > 2703.35 * 0.999
[DEBUG  ] dreamplace.ops.weighted_average_wirelength.weighted_average_wirelength - wirelength forward 0.061 ms
[DEBUG  ] dreamplace.ops.electric_potential.electric_potential - density forward 1.117 ms
[DEBUG  ] dreamplace.ops.electric_potential.electric_potential - density backward 0.340 ms
[DEBUG  ] dreamplace.ops.weighted_average_wirelength.weighted_average_wirelength - wirelength backward 0.075 ms
[INFO   ] DREAMPlace - optimizer step 7.772 ms
[INFO   ] DREAMPlace - iteration  766, (  66,  1,  0), Obj 2.713762E+03, NetCrossing 6.632E+00, NetCrossingWeight 1.000000E+00, DensityWeight 4.840949E-01, HPWL 2.468019E+03, Overflow 3.072345E-02, MaxDensity 1.211E+00, MacroOverlap 1.334E-03, MacroOverlapWeight 8.000000E-06, gamma 4.991467E-02, time 3.093ms
[INFO   ] DREAMPlace - full step 11.339 ms
[DEBUG  ] dreamplace.ops.weighted_average_wirelength.weighted_average_wirelength - wirelength forward 0.068 ms
[DEBUG  ] dreamplace.ops.electric_potential.electric_potential - density forward 0.951 ms
[DEBUG  ] dreamplace.ops.electric_potential.electric_potential - density backward 0.385 ms
[DEBUG  ] dreamplace.ops.weighted_average_wirelength.weighted_average_wirelength - wirelength backward 0.097 ms
[INFO   ] DREAMPlace - optimizer step 8.314 ms
[INFO   ] DREAMPlace - iteration  767, (  66,  1,  1), Obj 2.724908E+03, NetCrossing 6.249E+00, NetCrossingWeight 1.000000E+00, DensityWeight 4.840949E-01, HPWL 2.469966E+03, Overflow 3.056321E-02, MaxDensity 1.211E+00, MacroOverlap 1.300E-03, MacroOverlapWeight 8.000000E-06, gamma 4.991467E-02, time 2.911ms
[INFO   ] DREAMPlace - full step 11.696 ms
[INFO   ] DREAMPlace - Lsub stopping criteria: 1 and 2724.91 > 2713.76 * 0.999
[INFO   ] DREAMPlace - Llambda stopping criteria: 1 and (( 0.0305632 < 0.1 and 2469.97 > 2466.3 ) or 1.21074 < 1.0)
[DEBUG  ] dreamplace.ops.weighted_average_wirelength.weighted_average_wirelength - wirelength forward 0.060 ms
[DEBUG  ] dreamplace.ops.electric_potential.electric_potential - density forward 0.941 ms
[DEBUG  ] dreamplace.ops.electric_potential.electric_potential - density backward 0.396 ms
[DEBUG  ] dreamplace.ops.weighted_average_wirelength.weighted_average_wirelength - wirelength backward 0.102 ms
[INFO   ] DREAMPlace - optimizer step 8.512 ms
[INFO   ] DREAMPlace - iteration  768, (  67,  0,  0), Obj 2.729229E+03, NetCrossing 7.314E+00, NetCrossingWeight 1.000000E+00, DensityWeight 5.048082E-01, HPWL 2.472516E+03, Overflow 3.032986E-02, MaxDensity 1.211E+00, MacroOverlap 1.271E-03, MacroOverlapWeight 8.000000E-06, gamma 4.973442E-02, time 2.850ms
[INFO   ] DREAMPlace - full step 11.809 ms
[DEBUG  ] dreamplace.ops.weighted_average_wirelength.weighted_average_wirelength - wirelength forward 0.060 ms
[DEBUG  ] dreamplace.ops.electric_potential.electric_potential - density forward 0.962 ms
[DEBUG  ] dreamplace.ops.electric_potential.electric_potential - density backward 0.409 ms
[DEBUG  ] dreamplace.ops.weighted_average_wirelength.weighted_average_wirelength - wirelength backward 0.103 ms
[INFO   ] DREAMPlace - optimizer step 8.821 ms
[INFO   ] DREAMPlace - iteration  769, (  67,  0,  1), Obj 2.737661E+03, NetCrossing 6.862E+00, NetCrossingWeight 1.000000E+00, DensityWeight 5.048082E-01, HPWL 2.474567E+03, Overflow 3.012547E-02, MaxDensity 1.217E+00, MacroOverlap 1.239E-03, MacroOverlapWeight 8.000000E-06, gamma 4.973442E-02, time 2.876ms
[INFO   ] DREAMPlace - full step 12.161 ms
[INFO   ] DREAMPlace - Lsub stopping criteria: 1 and 2737.66 > 2729.23 * 0.999
[DEBUG  ] dreamplace.ops.weighted_average_wirelength.weighted_average_wirelength - wirelength forward 0.062 ms
[DEBUG  ] dreamplace.ops.electric_potential.electric_potential - density forward 1.112 ms
[DEBUG  ] dreamplace.ops.electric_potential.electric_potential - density backward 0.411 ms
[DEBUG  ] dreamplace.ops.weighted_average_wirelength.weighted_average_wirelength - wirelength backward 0.118 ms
[INFO   ] DREAMPlace - optimizer step 9.023 ms
[INFO   ] DREAMPlace - iteration  770, (  67,  1,  0), Obj 2.742197E+03, NetCrossing 5.992E+00, NetCrossingWeight 1.000000E+00, DensityWeight 5.264077E-01, HPWL 2.477448E+03, Overflow 2.988281E-02, MaxDensity 1.225E+00, MacroOverlap 1.189E-03, MacroOverlapWeight 8.000000E-06, gamma 4.973442E-02, time 2.925ms
[INFO   ] DREAMPlace - full step 12.419 ms
[DEBUG  ] dreamplace.ops.weighted_average_wirelength.weighted_average_wirelength - wirelength forward 0.063 ms
[DEBUG  ] dreamplace.ops.electric_potential.electric_potential - density forward 1.004 ms
[DEBUG  ] dreamplace.ops.electric_potential.electric_potential - density backward 0.387 ms
[DEBUG  ] dreamplace.ops.weighted_average_wirelength.weighted_average_wirelength - wirelength backward 0.118 ms
[INFO   ] DREAMPlace - optimizer step 9.210 ms
[INFO   ] DREAMPlace - iteration  771, (  67,  1,  1), Obj 2.753017E+03, NetCrossing 7.544E+00, NetCrossingWeight 1.000000E+00, DensityWeight 5.264077E-01, HPWL 2.479700E+03, Overflow 2.958292E-02, MaxDensity 1.233E+00, MacroOverlap 1.149E-03, MacroOverlapWeight 8.000000E-06, gamma 4.973442E-02, time 2.985ms
[INFO   ] DREAMPlace - full step 12.682 ms
[INFO   ] DREAMPlace - Lsub stopping criteria: 1 and 2753.02 > 2742.2 * 0.999
[INFO   ] DREAMPlace - Llambda stopping criteria: 1 and (( 0.0295829 < 0.1 and 2479.7 > 2474.57 ) or 1.23266 < 1.0)
[DEBUG  ] dreamplace.ops.weighted_average_wirelength.weighted_average_wirelength - wirelength forward 0.066 ms
[DEBUG  ] dreamplace.ops.electric_potential.electric_potential - density forward 1.014 ms
[DEBUG  ] dreamplace.ops.electric_potential.electric_potential - density backward 0.405 ms
[DEBUG  ] dreamplace.ops.weighted_average_wirelength.weighted_average_wirelength - wirelength backward 0.126 ms
[INFO   ] DREAMPlace - optimizer step 9.634 ms
[INFO   ] DREAMPlace - iteration  772, (  68,  0,  0), Obj 2.757139E+03, NetCrossing 5.461E+00, NetCrossingWeight 1.000000E+00, DensityWeight 5.489314E-01, HPWL 2.482542E+03, Overflow 2.927291E-02, MaxDensity 1.239E+00, MacroOverlap 1.102E-03, MacroOverlapWeight 8.000000E-06, gamma 4.948558E-02, time 2.992ms
[INFO   ] DREAMPlace - full step 13.119 ms
[DEBUG  ] dreamplace.ops.weighted_average_wirelength.weighted_average_wirelength - wirelength forward 0.066 ms
[DEBUG  ] dreamplace.ops.electric_potential.electric_potential - density forward 0.971 ms
[DEBUG  ] dreamplace.ops.electric_potential.electric_potential - density backward 0.407 ms
[DEBUG  ] dreamplace.ops.weighted_average_wirelength.weighted_average_wirelength - wirelength backward 0.074 ms
[INFO   ] DREAMPlace - optimizer step 9.002 ms
[INFO   ] DREAMPlace - iteration  773, (  68,  0,  1), Obj 2.768028E+03, NetCrossing 6.802E+00, NetCrossingWeight 1.000000E+00, DensityWeight 5.489314E-01, HPWL 2.485201E+03, Overflow 2.915998E-02, MaxDensity 1.247E+00, MacroOverlap 1.058E-03, MacroOverlapWeight 8.000000E-06, gamma 4.948558E-02, time 3.014ms
[INFO   ] DREAMPlace - full step 12.499 ms
[INFO   ] DREAMPlace - Lsub stopping criteria: 1 and 2768.03 > 2757.14 * 0.999
[DEBUG  ] dreamplace.ops.weighted_average_wirelength.weighted_average_wirelength - wirelength forward 0.064 ms
[DEBUG  ] dreamplace.ops.electric_potential.electric_potential - density forward 1.121 ms
[DEBUG  ] dreamplace.ops.electric_potential.electric_potential - density backward 0.303 ms
[DEBUG  ] dreamplace.ops.weighted_average_wirelength.weighted_average_wirelength - wirelength backward 0.075 ms
[INFO   ] DREAMPlace - optimizer step 7.904 ms
[INFO   ] DREAMPlace - iteration  774, (  68,  1,  0), Obj 2.773084E+03, NetCrossing 6.597E+00, NetCrossingWeight 1.000000E+00, DensityWeight 5.724188E-01, HPWL 2.487810E+03, Overflow 2.889138E-02, MaxDensity 1.253E+00, MacroOverlap 1.016E-03, MacroOverlapWeight 8.000000E-06, gamma 4.948558E-02, time 2.940ms
[INFO   ] DREAMPlace - full step 11.327 ms
[DEBUG  ] dreamplace.ops.weighted_average_wirelength.weighted_average_wirelength - wirelength forward 0.059 ms
[DEBUG  ] dreamplace.ops.electric_potential.electric_potential - density forward 1.048 ms
[DEBUG  ] dreamplace.ops.electric_potential.electric_potential - density backward 0.348 ms
[DEBUG  ] dreamplace.ops.weighted_average_wirelength.weighted_average_wirelength - wirelength backward 0.114 ms
[INFO   ] DREAMPlace - optimizer step 8.380 ms
[INFO   ] DREAMPlace - iteration  775, (  68,  1,  1), Obj 2.783333E+03, NetCrossing 6.146E+00, NetCrossingWeight 1.000000E+00, DensityWeight 5.724188E-01, HPWL 2.489979E+03, Overflow 2.877602E-02, MaxDensity 1.260E+00, MacroOverlap 9.814E-04, MacroOverlapWeight 8.000000E-06, gamma 4.948558E-02, time 2.967ms
[INFO   ] DREAMPlace - full step 11.821 ms
[INFO   ] DREAMPlace - Lsub stopping criteria: 1 and 2783.33 > 2773.08 * 0.999
[INFO   ] DREAMPlace - Llambda stopping criteria: 1 and (( 0.028776 < 0.1 and 2489.98 > 2485.2 ) or 1.26032 < 1.0)
[DEBUG  ] dreamplace.ops.weighted_average_wirelength.weighted_average_wirelength - wirelength forward 0.061 ms
[DEBUG  ] dreamplace.ops.electric_potential.electric_potential - density forward 0.980 ms
[DEBUG  ] dreamplace.ops.electric_potential.electric_potential - density backward 0.362 ms
[DEBUG  ] dreamplace.ops.weighted_average_wirelength.weighted_average_wirelength - wirelength backward 0.119 ms
[INFO   ] DREAMPlace - optimizer step 8.634 ms
[INFO   ] DREAMPlace - iteration  776, (  69,  0,  0), Obj 2.789501E+03, NetCrossing 7.502E+00, NetCrossingWeight 1.000000E+00, DensityWeight 5.969112E-01, HPWL 2.492939E+03, Overflow 2.854457E-02, MaxDensity 1.262E+00, MacroOverlap 9.485E-04, MacroOverlapWeight 8.000000E-06, gamma 4.928169E-02, time 2.887ms
[INFO   ] DREAMPlace - full step 11.978 ms
[DEBUG  ] dreamplace.ops.weighted_average_wirelength.weighted_average_wirelength - wirelength forward 0.062 ms
[DEBUG  ] dreamplace.ops.electric_potential.electric_potential - density forward 0.983 ms
[DEBUG  ] dreamplace.ops.electric_potential.electric_potential - density backward 0.413 ms
[DEBUG  ] dreamplace.ops.weighted_average_wirelength.weighted_average_wirelength - wirelength backward 0.109 ms
[INFO   ] DREAMPlace - optimizer step 9.070 ms
[INFO   ] DREAMPlace - iteration  777, (  69,  0,  1), Obj 2.801241E+03, NetCrossing 6.801E+00, NetCrossingWeight 1.000000E+00, DensityWeight 5.969112E-01, HPWL 2.495261E+03, Overflow 2.845892E-02, MaxDensity 1.260E+00, MacroOverlap 9.141E-04, MacroOverlapWeight 8.000000E-06, gamma 4.928169E-02, time 2.922ms
[INFO   ] DREAMPlace - full step 12.470 ms
[INFO   ] DREAMPlace - Lsub stopping criteria: 1 and 2801.24 > 2789.5 * 0.999
[DEBUG  ] dreamplace.ops.weighted_average_wirelength.weighted_average_wirelength - wirelength forward 0.065 ms
[DEBUG  ] dreamplace.ops.electric_potential.electric_potential - density forward 1.063 ms
[DEBUG  ] dreamplace.ops.electric_potential.electric_potential - density backward 0.406 ms
[DEBUG  ] dreamplace.ops.weighted_average_wirelength.weighted_average_wirelength - wirelength backward 0.127 ms
[INFO   ] DREAMPlace - optimizer step 9.281 ms
[INFO   ] DREAMPlace - iteration  778, (  69,  1,  0), Obj 2.804686E+03, NetCrossing 6.795E+00, NetCrossingWeight 1.000000E+00, DensityWeight 6.224515E-01, HPWL 2.497877E+03, Overflow 2.829546E-02, MaxDensity 1.243E+00, MacroOverlap 8.834E-04, MacroOverlapWeight 8.000000E-06, gamma 4.928169E-02, time 2.973ms
[INFO   ] DREAMPlace - full step 12.733 ms
[DEBUG  ] dreamplace.ops.weighted_average_wirelength.weighted_average_wirelength - wirelength forward 0.064 ms
[DEBUG  ] dreamplace.ops.electric_potential.electric_potential - density forward 1.016 ms
[DEBUG  ] dreamplace.ops.electric_potential.electric_potential - density backward 0.387 ms
[DEBUG  ] dreamplace.ops.weighted_average_wirelength.weighted_average_wirelength - wirelength backward 0.117 ms
[INFO   ] DREAMPlace - optimizer step 9.387 ms
[INFO   ] DREAMPlace - iteration  779, (  69,  1,  1), Obj 2.815575E+03, NetCrossing 6.306E+00, NetCrossingWeight 1.000000E+00, DensityWeight 6.224515E-01, HPWL 2.499636E+03, Overflow 2.816818E-02, MaxDensity 1.222E+00, MacroOverlap 8.522E-04, MacroOverlapWeight 8.000000E-06, gamma 4.928169E-02, time 3.001ms
[INFO   ] DREAMPlace - full step 12.902 ms
[INFO   ] DREAMPlace - Lsub stopping criteria: 1 and 2815.57 > 2804.69 * 0.999
[INFO   ] DREAMPlace - Llambda stopping criteria: 1 and (( 0.0281682 < 0.1 and 2499.64 > 2495.26 ) or 1.22187 < 1.0)
[DEBUG  ] dreamplace.ops.weighted_average_wirelength.weighted_average_wirelength - wirelength forward 0.060 ms
[DEBUG  ] dreamplace.ops.electric_potential.electric_potential - density forward 0.948 ms
[DEBUG  ] dreamplace.ops.electric_potential.electric_potential - density backward 0.386 ms
[DEBUG  ] dreamplace.ops.weighted_average_wirelength.weighted_average_wirelength - wirelength backward 0.077 ms
[INFO   ] DREAMPlace - optimizer step 8.815 ms
[INFO   ] DREAMPlace - iteration  780, (  70,  0,  0), Obj 2.821424E+03, NetCrossing 6.534E+00, NetCrossingWeight 1.000000E+00, DensityWeight 6.490848E-01, HPWL 2.502346E+03, Overflow 2.793342E-02, MaxDensity 1.211E+00, MacroOverlap 8.210E-04, MacroOverlapWeight 8.000000E-06, gamma 4.912864E-02, time 3.029ms
[INFO   ] DREAMPlace - full step 12.307 ms
[DEBUG  ] dreamplace.ops.weighted_average_wirelength.weighted_average_wirelength - wirelength forward 0.061 ms
[DEBUG  ] dreamplace.ops.electric_potential.electric_potential - density forward 0.979 ms
[DEBUG  ] dreamplace.ops.electric_potential.electric_potential - density backward 0.307 ms
[DEBUG  ] dreamplace.ops.weighted_average_wirelength.weighted_average_wirelength - wirelength backward 0.076 ms
[INFO   ] DREAMPlace - optimizer step 7.826 ms
[INFO   ] DREAMPlace - iteration  781, (  70,  0,  1), Obj 2.833433E+03, NetCrossing 7.238E+00, NetCrossingWeight 1.000000E+00, DensityWeight 6.490848E-01, HPWL 2.504410E+03, Overflow 2.778928E-02, MaxDensity 1.211E+00, MacroOverlap 7.884E-04, MacroOverlapWeight 8.000000E-06, gamma 4.912864E-02, time 2.883ms
[INFO   ] DREAMPlace - full step 11.188 ms
[INFO   ] DREAMPlace - Lsub stopping criteria: 1 and 2833.43 > 2821.42 * 0.999
[DEBUG  ] dreamplace.ops.weighted_average_wirelength.weighted_average_wirelength - wirelength forward 0.062 ms
[DEBUG  ] dreamplace.ops.electric_potential.electric_potential - density forward 0.932 ms
[DEBUG  ] dreamplace.ops.electric_potential.electric_potential - density backward 0.337 ms
[DEBUG  ] dreamplace.ops.weighted_average_wirelength.weighted_average_wirelength - wirelength backward 0.092 ms
[INFO   ] DREAMPlace - optimizer step 8.158 ms
[INFO   ] DREAMPlace - iteration  782, (  70,  1,  0), Obj 2.836759E+03, NetCrossing 6.306E+00, NetCrossingWeight 1.000000E+00, DensityWeight 6.768575E-01, HPWL 2.506841E+03, Overflow 2.763611E-02, MaxDensity 1.211E+00, MacroOverlap 7.605E-04, MacroOverlapWeight 8.000000E-06, gamma 4.912864E-02, time 2.925ms
[INFO   ] DREAMPlace - full step 11.562 ms
[DEBUG  ] dreamplace.ops.weighted_average_wirelength.weighted_average_wirelength - wirelength forward 0.057 ms
[DEBUG  ] dreamplace.ops.electric_potential.electric_potential - density forward 0.948 ms
[DEBUG  ] dreamplace.ops.electric_potential.electric_potential - density backward 0.359 ms
[DEBUG  ] dreamplace.ops.weighted_average_wirelength.weighted_average_wirelength - wirelength backward 0.103 ms
[INFO   ] DREAMPlace - optimizer step 8.576 ms
[INFO   ] DREAMPlace - iteration  783, (  70,  1,  1), Obj 2.850860E+03, NetCrossing 7.474E+00, NetCrossingWeight 1.000000E+00, DensityWeight 6.768575E-01, HPWL 2.508960E+03, Overflow 2.750523E-02, MaxDensity 1.214E+00, MacroOverlap 7.308E-04, MacroOverlapWeight 8.000000E-06, gamma 4.912864E-02, time 2.834ms
[INFO   ] DREAMPlace - full step 11.883 ms
[INFO   ] DREAMPlace - Lsub stopping criteria: 1 and 2850.86 > 2836.76 * 0.999
[INFO   ] DREAMPlace - Llambda stopping criteria: 1 and (( 0.0275052 < 0.1 and 2508.96 > 2504.41 ) or 1.21438 < 1.0)
[DEBUG  ] dreamplace.ops.weighted_average_wirelength.weighted_average_wirelength - wirelength forward 0.062 ms
[DEBUG  ] dreamplace.ops.electric_potential.electric_potential - density forward 0.968 ms
[DEBUG  ] dreamplace.ops.electric_potential.electric_potential - density backward 0.372 ms
[DEBUG  ] dreamplace.ops.weighted_average_wirelength.weighted_average_wirelength - wirelength backward 0.108 ms
[INFO   ] DREAMPlace - optimizer step 8.840 ms
[INFO   ] DREAMPlace - iteration  784, (  71,  0,  0), Obj 2.852985E+03, NetCrossing 6.048E+00, NetCrossingWeight 1.000000E+00, DensityWeight 7.058187E-01, HPWL 2.511504E+03, Overflow 2.730455E-02, MaxDensity 1.217E+00, MacroOverlap 7.054E-04, MacroOverlapWeight 8.000000E-06, gamma 4.896228E-02, time 2.861ms
[INFO   ] DREAMPlace - full step 12.178 ms
[DEBUG  ] dreamplace.ops.weighted_average_wirelength.weighted_average_wirelength - wirelength forward 0.064 ms
[DEBUG  ] dreamplace.ops.electric_potential.electric_potential - density forward 0.988 ms
[DEBUG  ] dreamplace.ops.electric_potential.electric_potential - density backward 0.400 ms
[DEBUG  ] dreamplace.ops.weighted_average_wirelength.weighted_average_wirelength - wirelength backward 0.117 ms
[INFO   ] DREAMPlace - optimizer step 9.225 ms
[INFO   ] DREAMPlace - iteration  785, (  71,  0,  1), Obj 2.865968E+03, NetCrossing 6.752E+00, NetCrossingWeight 1.000000E+00, DensityWeight 7.058187E-01, HPWL 2.513750E+03, Overflow 2.714015E-02, MaxDensity 1.226E+00, MacroOverlap 6.792E-04, MacroOverlapWeight 8.000000E-06, gamma 4.896228E-02, time 3.006ms
[INFO   ] DREAMPlace - full step 12.716 ms
[INFO   ] DREAMPlace - Lsub stopping criteria: 1 and 2865.97 > 2852.98 * 0.999
[DEBUG  ] dreamplace.ops.weighted_average_wirelength.weighted_average_wirelength - wirelength forward 0.065 ms
[DEBUG  ] dreamplace.ops.electric_potential.electric_potential - density forward 1.005 ms
[DEBUG  ] dreamplace.ops.electric_potential.electric_potential - density backward 0.410 ms
[DEBUG  ] dreamplace.ops.weighted_average_wirelength.weighted_average_wirelength - wirelength backward 0.127 ms
[INFO   ] DREAMPlace - optimizer step 9.449 ms
[INFO   ] DREAMPlace - iteration  786, (  71,  1,  0), Obj 2.871352E+03, NetCrossing 6.057E+00, NetCrossingWeight 1.000000E+00, DensityWeight 7.360190E-01, HPWL 2.516325E+03, Overflow 2.695142E-02, MaxDensity 1.220E+00, MacroOverlap 6.589E-04, MacroOverlapWeight 8.000000E-06, gamma 4.896228E-02, time 3.032ms
[INFO   ] DREAMPlace - full step 12.969 ms
[DEBUG  ] dreamplace.ops.weighted_average_wirelength.weighted_average_wirelength - wirelength forward 0.065 ms
[DEBUG  ] dreamplace.ops.electric_potential.electric_potential - density forward 1.005 ms
[DEBUG  ] dreamplace.ops.electric_potential.electric_potential - density backward 0.385 ms
[DEBUG  ] dreamplace.ops.weighted_average_wirelength.weighted_average_wirelength - wirelength backward 0.117 ms
[INFO   ] DREAMPlace - optimizer step 9.351 ms
[INFO   ] DREAMPlace - iteration  787, (  71,  1,  1), Obj 2.885260E+03, NetCrossing 6.605E+00, NetCrossingWeight 1.000000E+00, DensityWeight 7.360190E-01, HPWL 2.518332E+03, Overflow 2.680298E-02, MaxDensity 1.215E+00, MacroOverlap 6.383E-04, MacroOverlapWeight 8.000000E-06, gamma 4.896228E-02, time 3.027ms
[INFO   ] DREAMPlace - full step 12.881 ms
[INFO   ] DREAMPlace - Lsub stopping criteria: 1 and 2885.26 > 2871.35 * 0.999
[INFO   ] DREAMPlace - Llambda stopping criteria: 1 and (( 0.026803 < 0.1 and 2518.33 > 2513.75 ) or 1.21459 < 1.0)
[DEBUG  ] dreamplace.ops.weighted_average_wirelength.weighted_average_wirelength - wirelength forward 0.065 ms
[DEBUG  ] dreamplace.ops.electric_potential.electric_potential - density forward 1.058 ms
[DEBUG  ] dreamplace.ops.electric_potential.electric_potential - density backward 0.386 ms
[DEBUG  ] dreamplace.ops.weighted_average_wirelength.weighted_average_wirelength - wirelength backward 0.080 ms
[INFO   ] DREAMPlace - optimizer step 8.918 ms
[INFO   ] DREAMPlace - iteration  788, (  72,  0,  0), Obj 2.887664E+03, NetCrossing 6.757E+00, NetCrossingWeight 1.000000E+00, DensityWeight 7.675114E-01, HPWL 2.520680E+03, Overflow 2.661285E-02, MaxDensity 1.226E+00, MacroOverlap 6.217E-04, MacroOverlapWeight 8.000000E-06, gamma 4.878666E-02, time 3.058ms
[INFO   ] DREAMPlace - full step 12.434 ms
[DEBUG  ] dreamplace.ops.weighted_average_wirelength.weighted_average_wirelength - wirelength forward 0.058 ms
[DEBUG  ] dreamplace.ops.electric_potential.electric_potential - density forward 1.068 ms
[DEBUG  ] dreamplace.ops.electric_potential.electric_potential - density backward 0.313 ms
[DEBUG  ] dreamplace.ops.weighted_average_wirelength.weighted_average_wirelength - wirelength backward 0.079 ms
[INFO   ] DREAMPlace - optimizer step 7.854 ms
[INFO   ] DREAMPlace - iteration  789, (  72,  0,  1), Obj 2.902101E+03, NetCrossing 6.057E+00, NetCrossingWeight 1.000000E+00, DensityWeight 7.675114E-01, HPWL 2.522518E+03, Overflow 2.647229E-02, MaxDensity 1.240E+00, MacroOverlap 6.043E-04, MacroOverlapWeight 8.000000E-06, gamma 4.878666E-02, time 2.872ms
[INFO   ] DREAMPlace - full step 11.184 ms
[INFO   ] DREAMPlace - Lsub stopping criteria: 1 and 2902.1 > 2887.66 * 0.999
[DEBUG  ] dreamplace.ops.weighted_average_wirelength.weighted_average_wirelength - wirelength forward 0.059 ms
[DEBUG  ] dreamplace.ops.electric_potential.electric_potential - density forward 0.934 ms
[DEBUG  ] dreamplace.ops.electric_potential.electric_potential - density backward 0.346 ms
[DEBUG  ] dreamplace.ops.weighted_average_wirelength.weighted_average_wirelength - wirelength backward 0.097 ms
[INFO   ] DREAMPlace - optimizer step 8.286 ms
[INFO   ] DREAMPlace - iteration  790, (  72,  1,  0), Obj 2.905513E+03, NetCrossing 7.471E+00, NetCrossingWeight 1.000000E+00, DensityWeight 8.003514E-01, HPWL 2.524643E+03, Overflow 2.627907E-02, MaxDensity 1.254E+00, MacroOverlap 5.904E-04, MacroOverlapWeight 8.000000E-06, gamma 4.878666E-02, time 2.837ms
[INFO   ] DREAMPlace - full step 11.576 ms
[DEBUG  ] dreamplace.ops.weighted_average_wirelength.weighted_average_wirelength - wirelength forward 0.059 ms
[DEBUG  ] dreamplace.ops.electric_potential.electric_potential - density forward 0.947 ms
[DEBUG  ] dreamplace.ops.electric_potential.electric_potential - density backward 0.359 ms
[DEBUG  ] dreamplace.ops.weighted_average_wirelength.weighted_average_wirelength - wirelength backward 0.103 ms
[INFO   ] DREAMPlace - optimizer step 8.524 ms
[INFO   ] DREAMPlace - iteration  791, (  72,  1,  1), Obj 2.920822E+03, NetCrossing 6.077E+00, NetCrossingWeight 1.000000E+00, DensityWeight 8.003514E-01, HPWL 2.526377E+03, Overflow 2.610373E-02, MaxDensity 1.266E+00, MacroOverlap 5.765E-04, MacroOverlapWeight 8.000000E-06, gamma 4.878666E-02, time 2.861ms
[INFO   ] DREAMPlace - full step 11.844 ms
[INFO   ] DREAMPlace - Lsub stopping criteria: 1 and 2920.82 > 2905.51 * 0.999
[INFO   ] DREAMPlace - Llambda stopping criteria: 1 and (( 0.0261037 < 0.1 and 2526.38 > 2522.52 ) or 1.26598 < 1.0)
[DEBUG  ] dreamplace.ops.weighted_average_wirelength.weighted_average_wirelength - wirelength forward 0.061 ms
[DEBUG  ] dreamplace.ops.electric_potential.electric_potential - density forward 0.999 ms
[DEBUG  ] dreamplace.ops.electric_potential.electric_potential - density backward 0.357 ms
[DEBUG  ] dreamplace.ops.weighted_average_wirelength.weighted_average_wirelength - wirelength backward 0.118 ms
[INFO   ] DREAMPlace - optimizer step 8.641 ms
[INFO   ] DREAMPlace - iteration  792, (  73,  0,  0), Obj 2.924489E+03, NetCrossing 6.339E+00, NetCrossingWeight 1.000000E+00, DensityWeight 8.345966E-01, HPWL 2.528263E+03, Overflow 2.591167E-02, MaxDensity 1.277E+00, MacroOverlap 5.636E-04, MacroOverlapWeight 8.000000E-06, gamma 4.861240E-02, time 2.893ms
[INFO   ] DREAMPlace - full step 11.990 ms
[DEBUG  ] dreamplace.ops.weighted_average_wirelength.weighted_average_wirelength - wirelength forward 0.064 ms
[DEBUG  ] dreamplace.ops.electric_potential.electric_potential - density forward 1.050 ms
[DEBUG  ] dreamplace.ops.electric_potential.electric_potential - density backward 0.409 ms
[DEBUG  ] dreamplace.ops.weighted_average_wirelength.weighted_average_wirelength - wirelength backward 0.117 ms
[INFO   ] DREAMPlace - optimizer step 9.295 ms
[INFO   ] DREAMPlace - iteration  793, (  73,  0,  1), Obj 2.941039E+03, NetCrossing 6.107E+00, NetCrossingWeight 1.000000E+00, DensityWeight 8.345966E-01, HPWL 2.529965E+03, Overflow 2.574221E-02, MaxDensity 1.286E+00, MacroOverlap 5.513E-04, MacroOverlapWeight 8.000000E-06, gamma 4.861240E-02, time 2.959ms
[INFO   ] DREAMPlace - full step 12.727 ms
[INFO   ] DREAMPlace - Lsub stopping criteria: 1 and 2941.04 > 2924.49 * 0.999
[DEBUG  ] dreamplace.ops.weighted_average_wirelength.weighted_average_wirelength - wirelength forward 0.063 ms
[DEBUG  ] dreamplace.ops.electric_potential.electric_potential - density forward 0.993 ms
[DEBUG  ] dreamplace.ops.electric_potential.electric_potential - density backward 0.406 ms
[DEBUG  ] dreamplace.ops.weighted_average_wirelength.weighted_average_wirelength - wirelength backward 0.129 ms
[INFO   ] DREAMPlace - optimizer step 9.369 ms
[INFO   ] DREAMPlace - iteration  794, (  73,  1,  0), Obj 2.943757E+03, NetCrossing 6.122E+00, NetCrossingWeight 1.000000E+00, DensityWeight 8.703071E-01, HPWL 2.531695E+03, Overflow 2.552101E-02, MaxDensity 1.266E+00, MacroOverlap 5.389E-04, MacroOverlapWeight 8.000000E-06, gamma 4.861240E-02, time 2.966ms
[INFO   ] DREAMPlace - full step 12.831 ms
[DEBUG  ] dreamplace.ops.weighted_average_wirelength.weighted_average_wirelength - wirelength forward 0.067 ms
[DEBUG  ] dreamplace.ops.electric_potential.electric_potential - density forward 1.028 ms
[DEBUG  ] dreamplace.ops.electric_potential.electric_potential - density backward 0.404 ms
[DEBUG  ] dreamplace.ops.weighted_average_wirelength.weighted_average_wirelength - wirelength backward 0.127 ms
[INFO   ] DREAMPlace - optimizer step 9.710 ms
[INFO   ] DREAMPlace - iteration  795, (  73,  1,  1), Obj 2.959504E+03, NetCrossing 6.519E+00, NetCrossingWeight 1.000000E+00, DensityWeight 8.703071E-01, HPWL 2.533271E+03, Overflow 2.534913E-02, MaxDensity 1.245E+00, MacroOverlap 5.267E-04, MacroOverlapWeight 8.000000E-06, gamma 4.861240E-02, time 3.049ms
[INFO   ] DREAMPlace - full step 13.269 ms
[INFO   ] DREAMPlace - Lsub stopping criteria: 1 and 2959.5 > 2943.76 * 0.999
[INFO   ] DREAMPlace - Llambda stopping criteria: 1 and (( 0.0253491 < 0.1 and 2533.27 > 2529.96 ) or 1.24458 < 1.0)
[DEBUG  ] dreamplace.ops.weighted_average_wirelength.weighted_average_wirelength - wirelength forward 0.061 ms
[DEBUG  ] dreamplace.ops.electric_potential.electric_potential - density forward 1.104 ms
[DEBUG  ] dreamplace.ops.electric_potential.electric_potential - density backward 0.308 ms
[DEBUG  ] dreamplace.ops.weighted_average_wirelength.weighted_average_wirelength - wirelength backward 0.076 ms
[INFO   ] DREAMPlace - optimizer step 7.841 ms
[INFO   ] DREAMPlace - iteration  796, (  74,  0,  0), Obj 2.963028E+03, NetCrossing 5.500E+00, NetCrossingWeight 1.000000E+00, DensityWeight 9.075455E-01, HPWL 2.534876E+03, Overflow 2.510457E-02, MaxDensity 1.232E+00, MacroOverlap 5.137E-04, MacroOverlapWeight 8.000000E-06, gamma 4.842507E-02, time 3.062ms
[INFO   ] DREAMPlace - full step 11.385 ms
[DEBUG  ] dreamplace.ops.weighted_average_wirelength.weighted_average_wirelength - wirelength forward 0.070 ms
[DEBUG  ] dreamplace.ops.electric_potential.electric_potential - density forward 0.941 ms
[DEBUG  ] dreamplace.ops.electric_potential.electric_potential - density backward 0.350 ms
[DEBUG  ] dreamplace.ops.weighted_average_wirelength.weighted_average_wirelength - wirelength backward 0.097 ms
[INFO   ] DREAMPlace - optimizer step 8.312 ms
[INFO   ] DREAMPlace - iteration  797, (  74,  0,  1), Obj 2.979229E+03, NetCrossing 6.415E+00, NetCrossingWeight 1.000000E+00, DensityWeight 9.075455E-01, HPWL 2.536480E+03, Overflow 2.492708E-02, MaxDensity 1.222E+00, MacroOverlap 5.015E-04, MacroOverlapWeight 8.000000E-06, gamma 4.842507E-02, time 2.899ms
[INFO   ] DREAMPlace - full step 11.686 ms
[INFO   ] DREAMPlace - Lsub stopping criteria: 1 and 2979.23 > 2963.03 * 0.999
[DEBUG  ] dreamplace.ops.weighted_average_wirelength.weighted_average_wirelength - wirelength forward 0.061 ms
[DEBUG  ] dreamplace.ops.electric_potential.electric_potential - density forward 0.962 ms
[DEBUG  ] dreamplace.ops.electric_potential.electric_potential - density backward 0.359 ms
[DEBUG  ] dreamplace.ops.weighted_average_wirelength.weighted_average_wirelength - wirelength backward 0.104 ms
[INFO   ] DREAMPlace - optimizer step 8.571 ms
[INFO   ] DREAMPlace - iteration  798, (  74,  1,  0), Obj 2.982805E+03, NetCrossing 6.425E+00, NetCrossingWeight 1.000000E+00, DensityWeight 9.463773E-01, HPWL 2.538156E+03, Overflow 2.472829E-02, MaxDensity 1.223E+00, MacroOverlap 4.880E-04, MacroOverlapWeight 8.000000E-06, gamma 4.842507E-02, time 2.919ms
[INFO   ] DREAMPlace - full step 11.955 ms
[DEBUG  ] dreamplace.ops.weighted_average_wirelength.weighted_average_wirelength - wirelength forward 0.062 ms
[DEBUG  ] dreamplace.ops.electric_potential.electric_potential - density forward 1.092 ms
[DEBUG  ] dreamplace.ops.electric_potential.electric_potential - density backward 0.372 ms
[DEBUG  ] dreamplace.ops.weighted_average_wirelength.weighted_average_wirelength - wirelength backward 0.109 ms
[INFO   ] DREAMPlace - optimizer step 8.902 ms
[INFO   ] DREAMPlace - iteration  799, (  74,  1,  1), Obj 2.999419E+03, NetCrossing 6.196E+00, NetCrossingWeight 1.000000E+00, DensityWeight 9.463773E-01, HPWL 2.539750E+03, Overflow 2.457746E-02, MaxDensity 1.211E+00, MacroOverlap 4.755E-04, MacroOverlapWeight 8.000000E-06, gamma 4.842507E-02, time 3.014ms
[INFO   ] DREAMPlace - full step 12.390 ms
[INFO   ] DREAMPlace - Lsub stopping criteria: 1 and 2999.42 > 2982.8 * 0.999
[INFO   ] DREAMPlace - Llambda stopping criteria: 1 and (( 0.0245775 < 0.1 and 2539.75 > 2536.48 ) or 1.21074 < 1.0)
[INFO   ] DREAMPlace - plotting to ./results/reproduce-may20/small-8/ET095_A00/run-2_0_0/ET095_A00/plot/iter0800.png takes 0.038 seconds
[DEBUG  ] dreamplace.ops.weighted_average_wirelength.weighted_average_wirelength - wirelength forward 0.098 ms
[DEBUG  ] dreamplace.ops.electric_potential.electric_potential - density forward 1.130 ms
[DEBUG  ] dreamplace.ops.electric_potential.electric_potential - density backward 0.409 ms
[DEBUG  ] dreamplace.ops.weighted_average_wirelength.weighted_average_wirelength - wirelength backward 0.136 ms
[INFO   ] DREAMPlace - optimizer step 10.052 ms
[INFO   ] DREAMPlace - iteration  800, (  75,  0,  0), Obj 3.004928E+03, NetCrossing 6.095E+00, NetCrossingWeight 1.000000E+00, DensityWeight 9.868705E-01, HPWL 2.541599E+03, Overflow 2.437524E-02, MaxDensity 1.211E+00, MacroOverlap 4.624E-04, MacroOverlapWeight 8.000000E-06, gamma 4.823424E-02, time 2.995ms
[INFO   ] DREAMPlace - full step 52.225 ms
[DEBUG  ] dreamplace.ops.weighted_average_wirelength.weighted_average_wirelength - wirelength forward 0.063 ms
[DEBUG  ] dreamplace.ops.electric_potential.electric_potential - density forward 1.022 ms
[DEBUG  ] dreamplace.ops.electric_potential.electric_potential - density backward 0.386 ms
[DEBUG  ] dreamplace.ops.weighted_average_wirelength.weighted_average_wirelength - wirelength backward 0.118 ms
[INFO   ] DREAMPlace - optimizer step 9.357 ms
[INFO   ] DREAMPlace - iteration  801, (  75,  0,  1), Obj 3.021120E+03, NetCrossing 6.452E+00, NetCrossingWeight 1.000000E+00, DensityWeight 9.868705E-01, HPWL 2.543078E+03, Overflow 2.420777E-02, MaxDensity 1.223E+00, MacroOverlap 4.513E-04, MacroOverlapWeight 8.000000E-06, gamma 4.823424E-02, time 3.030ms
[INFO   ] DREAMPlace - full step 12.897 ms
[INFO   ] DREAMPlace - Lsub stopping criteria: 1 and 3021.12 > 3004.93 * 0.999
[DEBUG  ] dreamplace.ops.weighted_average_wirelength.weighted_average_wirelength - wirelength forward 0.064 ms
[DEBUG  ] dreamplace.ops.electric_potential.electric_potential - density forward 1.010 ms
[DEBUG  ] dreamplace.ops.electric_potential.electric_potential - density backward 0.386 ms
[DEBUG  ] dreamplace.ops.weighted_average_wirelength.weighted_average_wirelength - wirelength backward 0.118 ms
[INFO   ] DREAMPlace - optimizer step 9.242 ms
[INFO   ] DREAMPlace - iteration  802, (  75,  1,  0), Obj 3.025878E+03, NetCrossing 6.917E+00, NetCrossingWeight 1.000000E+00, DensityWeight 1.029096E+00, HPWL 2.544871E+03, Overflow 2.403933E-02, MaxDensity 1.246E+00, MacroOverlap 4.397E-04, MacroOverlapWeight 8.000000E-06, gamma 4.823424E-02, time 2.983ms
[INFO   ] DREAMPlace - full step 12.721 ms
[DEBUG  ] dreamplace.ops.weighted_average_wirelength.weighted_average_wirelength - wirelength forward 0.067 ms
[DEBUG  ] dreamplace.ops.electric_potential.electric_potential - density forward 0.955 ms
[DEBUG  ] dreamplace.ops.electric_potential.electric_potential - density backward 0.312 ms
[DEBUG  ] dreamplace.ops.weighted_average_wirelength.weighted_average_wirelength - wirelength backward 0.082 ms
[INFO   ] DREAMPlace - optimizer step 7.795 ms
[INFO   ] DREAMPlace - iteration  803, (  75,  1,  1), Obj 3.043850E+03, NetCrossing 7.162E+00, NetCrossingWeight 1.000000E+00, DensityWeight 1.029096E+00, HPWL 2.546341E+03, Overflow 2.393971E-02, MaxDensity 1.236E+00, MacroOverlap 4.314E-04, MacroOverlapWeight 8.000000E-06, gamma 4.823424E-02, time 2.996ms
[INFO   ] DREAMPlace - full step 11.281 ms
[INFO   ] DREAMPlace - Lsub stopping criteria: 1 and 3043.85 > 3025.88 * 0.999
[INFO   ] DREAMPlace - Llambda stopping criteria: 1 and (( 0.0239397 < 0.1 and 2546.34 > 2543.08 ) or 1.23618 < 1.0)
[DEBUG  ] dreamplace.ops.weighted_average_wirelength.weighted_average_wirelength - wirelength forward 0.068 ms
[DEBUG  ] dreamplace.ops.electric_potential.electric_potential - density forward 1.041 ms
[DEBUG  ] dreamplace.ops.electric_potential.electric_potential - density backward 0.357 ms
[DEBUG  ] dreamplace.ops.weighted_average_wirelength.weighted_average_wirelength - wirelength backward 0.102 ms
[INFO   ] DREAMPlace - optimizer step 8.659 ms
[INFO   ] DREAMPlace - iteration  804, (  76,  0,  0), Obj 3.046980E+03, NetCrossing 6.554E+00, NetCrossingWeight 1.000000E+00, DensityWeight 1.073129E+00, HPWL 2.548065E+03, Overflow 2.381566E-02, MaxDensity 1.224E+00, MacroOverlap 4.225E-04, MacroOverlapWeight 8.000000E-06, gamma 4.807708E-02, time 3.113ms
[INFO   ] DREAMPlace - full step 12.262 ms
[DEBUG  ] dreamplace.ops.weighted_average_wirelength.weighted_average_wirelength - wirelength forward 0.061 ms
[DEBUG  ] dreamplace.ops.electric_potential.electric_potential - density forward 0.994 ms
[DEBUG  ] dreamplace.ops.electric_potential.electric_potential - density backward 0.374 ms
[DEBUG  ] dreamplace.ops.weighted_average_wirelength.weighted_average_wirelength - wirelength backward 0.113 ms
[INFO   ] DREAMPlace - optimizer step 8.879 ms
[INFO   ] DREAMPlace - iteration  805, (  76,  0,  1), Obj 3.065377E+03, NetCrossing 5.315E+00, NetCrossingWeight 1.000000E+00, DensityWeight 1.073129E+00, HPWL 2.549334E+03, Overflow 2.373984E-02, MaxDensity 1.211E+00, MacroOverlap 4.166E-04, MacroOverlapWeight 8.000000E-06, gamma 4.807708E-02, time 2.912ms
[INFO   ] DREAMPlace - full step 12.276 ms
[INFO   ] DREAMPlace - Lsub stopping criteria: 1 and 3065.38 > 3046.98 * 0.999
[DEBUG  ] dreamplace.ops.weighted_average_wirelength.weighted_average_wirelength - wirelength forward 0.062 ms
[DEBUG  ] dreamplace.ops.electric_potential.electric_potential - density forward 0.986 ms
[DEBUG  ] dreamplace.ops.electric_potential.electric_potential - density backward 0.371 ms
[DEBUG  ] dreamplace.ops.weighted_average_wirelength.weighted_average_wirelength - wirelength backward 0.118 ms
[INFO   ] DREAMPlace - optimizer step 8.914 ms
[INFO   ] DREAMPlace - iteration  806, (  76,  1,  0), Obj 3.069559E+03, NetCrossing 7.159E+00, NetCrossingWeight 1.000000E+00, DensityWeight 1.119046E+00, HPWL 2.550886E+03, Overflow 2.365435E-02, MaxDensity 1.211E+00, MacroOverlap 4.100E-04, MacroOverlapWeight 8.000000E-06, gamma 4.807708E-02, time 2.935ms
[INFO   ] DREAMPlace - full step 12.323 ms
[DEBUG  ] dreamplace.ops.weighted_average_wirelength.weighted_average_wirelength - wirelength forward 0.063 ms
[DEBUG  ] dreamplace.ops.electric_potential.electric_potential - density forward 1.014 ms
[DEBUG  ] dreamplace.ops.electric_potential.electric_potential - density backward 0.483 ms
[DEBUG  ] dreamplace.ops.weighted_average_wirelength.weighted_average_wirelength - wirelength backward 0.120 ms
[INFO   ] DREAMPlace - optimizer step 9.737 ms
[INFO   ] DREAMPlace - iteration  807, (  76,  1,  1), Obj 3.089359E+03, NetCrossing 6.452E+00, NetCrossingWeight 1.000000E+00, DensityWeight 1.119046E+00, HPWL 2.552027E+03, Overflow 2.358982E-02, MaxDensity 1.211E+00, MacroOverlap 4.055E-04, MacroOverlapWeight 8.000000E-06, gamma 4.807708E-02, time 2.977ms
[INFO   ] DREAMPlace - full step 13.211 ms
[INFO   ] DREAMPlace - Lsub stopping criteria: 1 and 3089.36 > 3069.56 * 0.999
[INFO   ] DREAMPlace - Llambda stopping criteria: 1 and (( 0.0235898 < 0.1 and 2552.03 > 2549.33 ) or 1.21074 < 1.0)
[DEBUG  ] dreamplace.ops.weighted_average_wirelength.weighted_average_wirelength - wirelength forward 0.073 ms
[DEBUG  ] dreamplace.ops.electric_potential.electric_potential - density forward 1.150 ms
[DEBUG  ] dreamplace.ops.electric_potential.electric_potential - density backward 0.415 ms
[DEBUG  ] dreamplace.ops.weighted_average_wirelength.weighted_average_wirelength - wirelength backward 0.128 ms
[INFO   ] DREAMPlace - optimizer step 9.897 ms
[INFO   ] DREAMPlace - iteration  808, (  77,  0,  0), Obj 3.093023E+03, NetCrossing 6.452E+00, NetCrossingWeight 1.000000E+00, DensityWeight 1.166927E+00, HPWL 2.553531E+03, Overflow 2.348650E-02, MaxDensity 1.211E+00, MacroOverlap 3.993E-04, MacroOverlapWeight 8.000000E-06, gamma 4.799109E-02, time 3.253ms
[INFO   ] DREAMPlace - full step 13.708 ms
[DEBUG  ] dreamplace.ops.weighted_average_wirelength.weighted_average_wirelength - wirelength forward 0.071 ms
[DEBUG  ] dreamplace.ops.electric_potential.electric_potential - density forward 1.127 ms
[DEBUG  ] dreamplace.ops.electric_potential.electric_potential - density backward 0.412 ms
[DEBUG  ] dreamplace.ops.weighted_average_wirelength.weighted_average_wirelength - wirelength backward 0.118 ms
[INFO   ] DREAMPlace - optimizer step 9.202 ms
[INFO   ] DREAMPlace - iteration  809, (  77,  0,  1), Obj 3.113117E+03, NetCrossing 7.577E+00, NetCrossingWeight 1.000000E+00, DensityWeight 1.166927E+00, HPWL 2.554622E+03, Overflow 2.343637E-02, MaxDensity 1.211E+00, MacroOverlap 3.951E-04, MacroOverlapWeight 8.000000E-06, gamma 4.799109E-02, time 3.289ms
[INFO   ] DREAMPlace - full step 13.045 ms
[INFO   ] DREAMPlace - Lsub stopping criteria: 1 and 3113.12 > 3093.02 * 0.999
[DEBUG  ] dreamplace.ops.weighted_average_wirelength.weighted_average_wirelength - wirelength forward 0.073 ms
[DEBUG  ] dreamplace.ops.electric_potential.electric_potential - density forward 1.114 ms
[DEBUG  ] dreamplace.ops.electric_potential.electric_potential - density backward 0.445 ms
[DEBUG  ] dreamplace.ops.weighted_average_wirelength.weighted_average_wirelength - wirelength backward 0.128 ms
[INFO   ] DREAMPlace - optimizer step 9.872 ms
[INFO   ] DREAMPlace - iteration  810, (  77,  1,  0), Obj 3.118367E+03, NetCrossing 7.001E+00, NetCrossingWeight 1.000000E+00, DensityWeight 1.216857E+00, HPWL 2.556128E+03, Overflow 2.335644E-02, MaxDensity 1.211E+00, MacroOverlap 3.896E-04, MacroOverlapWeight 8.000000E-06, gamma 4.799109E-02, time 3.228ms
[INFO   ] DREAMPlace - full step 13.657 ms
[DEBUG  ] dreamplace.ops.weighted_average_wirelength.weighted_average_wirelength - wirelength forward 0.070 ms
[DEBUG  ] dreamplace.ops.electric_potential.electric_potential - density forward 1.097 ms
[DEBUG  ] dreamplace.ops.electric_potential.electric_potential - density backward 0.458 ms
[DEBUG  ] dreamplace.ops.weighted_average_wirelength.weighted_average_wirelength - wirelength backward 0.088 ms
[INFO   ] DREAMPlace - optimizer step 9.426 ms
[INFO   ] DREAMPlace - iteration  811, (  77,  1,  1), Obj 3.138519E+03, NetCrossing 6.574E+00, NetCrossingWeight 1.000000E+00, DensityWeight 1.216857E+00, HPWL 2.557201E+03, Overflow 2.330059E-02, MaxDensity 1.211E+00, MacroOverlap 3.861E-04, MacroOverlapWeight 8.000000E-06, gamma 4.799109E-02, time 3.222ms
[INFO   ] DREAMPlace - full step 13.205 ms
[INFO   ] DREAMPlace - Lsub stopping criteria: 1 and 3138.52 > 3118.37 * 0.999
[INFO   ] DREAMPlace - Llambda stopping criteria: 1 and (( 0.0233006 < 0.1 and 2557.2 > 2554.62 ) or 1.21074 < 1.0)
[DEBUG  ] dreamplace.ops.weighted_average_wirelength.weighted_average_wirelength - wirelength forward 0.067 ms
[DEBUG  ] dreamplace.ops.electric_potential.electric_potential - density forward 1.062 ms
[DEBUG  ] dreamplace.ops.electric_potential.electric_potential - density backward 0.409 ms
[DEBUG  ] dreamplace.ops.weighted_average_wirelength.weighted_average_wirelength - wirelength backward 0.106 ms
[INFO   ] DREAMPlace - optimizer step 8.574 ms
[INFO   ] DREAMPlace - iteration  812, (  78,  0,  0), Obj 3.142312E+03, NetCrossing 6.808E+00, NetCrossingWeight 1.000000E+00, DensityWeight 1.268924E+00, HPWL 2.558648E+03, Overflow 2.320973E-02, MaxDensity 1.211E+00, MacroOverlap 3.810E-04, MacroOverlapWeight 8.000000E-06, gamma 4.792012E-02, time 3.054ms
[INFO   ] DREAMPlace - full step 12.159 ms
[DEBUG  ] dreamplace.ops.weighted_average_wirelength.weighted_average_wirelength - wirelength forward 0.065 ms
[DEBUG  ] dreamplace.ops.electric_potential.electric_potential - density forward 1.069 ms
[DEBUG  ] dreamplace.ops.electric_potential.electric_potential - density backward 0.443 ms
[DEBUG  ] dreamplace.ops.weighted_average_wirelength.weighted_average_wirelength - wirelength backward 0.118 ms
[INFO   ] DREAMPlace - optimizer step 9.154 ms
[INFO   ] DREAMPlace - iteration  813, (  78,  0,  1), Obj 3.164815E+03, NetCrossing 6.458E+00, NetCrossingWeight 1.000000E+00, DensityWeight 1.268924E+00, HPWL 2.559638E+03, Overflow 2.317675E-02, MaxDensity 1.211E+00, MacroOverlap 3.779E-04, MacroOverlapWeight 8.000000E-06, gamma 4.792012E-02, time 2.992ms
[INFO   ] DREAMPlace - full step 12.663 ms
[INFO   ] DREAMPlace - Lsub stopping criteria: 1 and 3164.82 > 3142.31 * 0.999
[DEBUG  ] dreamplace.ops.weighted_average_wirelength.weighted_average_wirelength - wirelength forward 0.077 ms
[DEBUG  ] dreamplace.ops.electric_potential.electric_potential - density forward 3.417 ms
[DEBUG  ] dreamplace.ops.electric_potential.electric_potential - density backward 0.437 ms
[DEBUG  ] dreamplace.ops.weighted_average_wirelength.weighted_average_wirelength - wirelength backward 0.122 ms
[INFO   ] DREAMPlace - optimizer step 11.812 ms
[INFO   ] DREAMPlace - iteration  814, (  78,  1,  0), Obj 3.169157E+03, NetCrossing 6.232E+00, NetCrossingWeight 1.000000E+00, DensityWeight 1.323219E+00, HPWL 2.560919E+03, Overflow 2.310746E-02, MaxDensity 1.211E+00, MacroOverlap 3.732E-04, MacroOverlapWeight 8.000000E-06, gamma 4.792012E-02, time 3.244ms
[INFO   ] DREAMPlace - full step 15.573 ms
[DEBUG  ] dreamplace.ops.weighted_average_wirelength.weighted_average_wirelength - wirelength forward 0.061 ms
[DEBUG  ] dreamplace.ops.electric_potential.electric_potential - density forward 1.130 ms
[DEBUG  ] dreamplace.ops.electric_potential.electric_potential - density backward 0.427 ms
[DEBUG  ] dreamplace.ops.weighted_average_wirelength.weighted_average_wirelength - wirelength backward 0.118 ms
[INFO   ] DREAMPlace - optimizer step 9.311 ms
[INFO   ] DREAMPlace - iteration  815, (  78,  1,  1), Obj 3.193198E+03, NetCrossing 6.239E+00, NetCrossingWeight 1.000000E+00, DensityWeight 1.323219E+00, HPWL 2.561917E+03, Overflow 2.306109E-02, MaxDensity 1.211E+00, MacroOverlap 3.687E-04, MacroOverlapWeight 8.000000E-06, gamma 4.792012E-02, time 2.991ms
[INFO   ] DREAMPlace - full step 12.793 ms
[INFO   ] DREAMPlace - Lsub stopping criteria: 1 and 3193.2 > 3169.16 * 0.999
[INFO   ] DREAMPlace - Llambda stopping criteria: 1 and (( 0.0230611 < 0.1 and 2561.92 > 2559.64 ) or 1.21074 < 1.0)
[DEBUG  ] dreamplace.ops.weighted_average_wirelength.weighted_average_wirelength - wirelength forward 0.063 ms
[DEBUG  ] dreamplace.ops.electric_potential.electric_potential - density forward 5.420 ms
[DEBUG  ] dreamplace.ops.electric_potential.electric_potential - density backward 0.339 ms
[DEBUG  ] dreamplace.ops.weighted_average_wirelength.weighted_average_wirelength - wirelength backward 0.076 ms
[INFO   ] DREAMPlace - optimizer step 12.226 ms
[INFO   ] DREAMPlace - iteration  816, (  79,  0,  0), Obj 3.197746E+03, NetCrossing 7.419E+00, NetCrossingWeight 1.000000E+00, DensityWeight 1.379836E+00, HPWL 2.563332E+03, Overflow 2.297764E-02, MaxDensity 1.211E+00, MacroOverlap 3.629E-04, MacroOverlapWeight 8.000000E-06, gamma 4.786143E-02, time 3.035ms
[INFO   ] DREAMPlace - full step 15.743 ms
[DEBUG  ] dreamplace.ops.weighted_average_wirelength.weighted_average_wirelength - wirelength forward 0.058 ms
[DEBUG  ] dreamplace.ops.electric_potential.electric_potential - density forward 0.953 ms
[DEBUG  ] dreamplace.ops.electric_potential.electric_potential - density backward 0.383 ms
[DEBUG  ] dreamplace.ops.weighted_average_wirelength.weighted_average_wirelength - wirelength backward 0.114 ms
[INFO   ] DREAMPlace - optimizer step 8.406 ms
[INFO   ] DREAMPlace - iteration  817, (  79,  0,  1), Obj 3.220687E+03, NetCrossing 6.813E+00, NetCrossingWeight 1.000000E+00, DensityWeight 1.379836E+00, HPWL 2.564437E+03, Overflow 2.292618E-02, MaxDensity 1.211E+00, MacroOverlap 3.578E-04, MacroOverlapWeight 8.000000E-06, gamma 4.786143E-02, time 2.998ms
[INFO   ] DREAMPlace - full step 11.892 ms
[INFO   ] DREAMPlace - Lsub stopping criteria: 1 and 3220.69 > 3197.75 * 0.999
[DEBUG  ] dreamplace.ops.weighted_average_wirelength.weighted_average_wirelength - wirelength forward 0.063 ms
[DEBUG  ] dreamplace.ops.electric_potential.electric_potential - density forward 1.030 ms
[DEBUG  ] dreamplace.ops.electric_potential.electric_potential - density backward 0.400 ms
[DEBUG  ] dreamplace.ops.weighted_average_wirelength.weighted_average_wirelength - wirelength backward 0.120 ms
[INFO   ] DREAMPlace - optimizer step 8.944 ms
[INFO   ] DREAMPlace - iteration  818, (  79,  1,  0), Obj 3.226581E+03, NetCrossing 7.252E+00, NetCrossingWeight 1.000000E+00, DensityWeight 1.438876E+00, HPWL 2.565727E+03, Overflow 2.284590E-02, MaxDensity 1.211E+00, MacroOverlap 3.526E-04, MacroOverlapWeight 8.000000E-06, gamma 4.786143E-02, time 2.985ms
[INFO   ] DREAMPlace - full step 12.410 ms
[DEBUG  ] dreamplace.ops.weighted_average_wirelength.weighted_average_wirelength - wirelength forward 0.063 ms
[DEBUG  ] dreamplace.ops.electric_potential.electric_potential - density forward 1.022 ms
[DEBUG  ] dreamplace.ops.electric_potential.electric_potential - density backward 0.431 ms
[DEBUG  ] dreamplace.ops.weighted_average_wirelength.weighted_average_wirelength - wirelength backward 0.119 ms
[INFO   ] DREAMPlace - optimizer step 9.310 ms
[INFO   ] DREAMPlace - iteration  819, (  79,  1,  1), Obj 3.250245E+03, NetCrossing 7.283E+00, NetCrossingWeight 1.000000E+00, DensityWeight 1.438876E+00, HPWL 2.566756E+03, Overflow 2.278031E-02, MaxDensity 1.211E+00, MacroOverlap 3.478E-04, MacroOverlapWeight 8.000000E-06, gamma 4.786143E-02, time 2.968ms
[INFO   ] DREAMPlace - full step 12.774 ms
[INFO   ] DREAMPlace - Lsub stopping criteria: 1 and 3250.24 > 3226.58 * 0.999
[INFO   ] DREAMPlace - Llambda stopping criteria: 1 and (( 0.0227803 < 0.1 and 2566.76 > 2564.44 ) or 1.21074 < 1.0)
[DEBUG  ] dreamplace.ops.weighted_average_wirelength.weighted_average_wirelength - wirelength forward 0.066 ms
[DEBUG  ] dreamplace.ops.electric_potential.electric_potential - density forward 1.020 ms
[DEBUG  ] dreamplace.ops.electric_potential.electric_potential - density backward 0.427 ms
[DEBUG  ] dreamplace.ops.weighted_average_wirelength.weighted_average_wirelength - wirelength backward 0.119 ms
[INFO   ] DREAMPlace - optimizer step 9.332 ms
[INFO   ] DREAMPlace - iteration  820, (  80,  0,  0), Obj 3.253980E+03, NetCrossing 5.585E+00, NetCrossingWeight 1.000000E+00, DensityWeight 1.500443E+00, HPWL 2.567894E+03, Overflow 2.270162E-02, MaxDensity 1.211E+00, MacroOverlap 3.432E-04, MacroOverlapWeight 8.000000E-06, gamma 4.779273E-02, time 2.999ms
[INFO   ] DREAMPlace - full step 12.832 ms
[DEBUG  ] dreamplace.ops.weighted_average_wirelength.weighted_average_wirelength - wirelength forward 0.066 ms
[DEBUG  ] dreamplace.ops.electric_potential.electric_potential - density forward 1.024 ms
[DEBUG  ] dreamplace.ops.electric_potential.electric_potential - density backward 0.359 ms
[DEBUG  ] dreamplace.ops.weighted_average_wirelength.weighted_average_wirelength - wirelength backward 0.084 ms
[INFO   ] DREAMPlace - optimizer step 8.240 ms
[INFO   ] DREAMPlace - iteration  821, (  80,  0,  1), Obj 3.278425E+03, NetCrossing 6.931E+00, NetCrossingWeight 1.000000E+00, DensityWeight 1.500443E+00, HPWL 2.568723E+03, Overflow 2.265610E-02, MaxDensity 1.211E+00, MacroOverlap 3.391E-04, MacroOverlapWeight 8.000000E-06, gamma 4.779273E-02, time 2.996ms
[INFO   ] DREAMPlace - full step 11.755 ms
[INFO   ] DREAMPlace - Lsub stopping criteria: 1 and 3278.43 > 3253.98 * 0.999
[DEBUG  ] dreamplace.ops.weighted_average_wirelength.weighted_average_wirelength - wirelength forward 0.076 ms
[DEBUG  ] dreamplace.ops.electric_potential.electric_potential - density forward 1.043 ms
[DEBUG  ] dreamplace.ops.electric_potential.electric_potential - density backward 0.393 ms
[DEBUG  ] dreamplace.ops.weighted_average_wirelength.weighted_average_wirelength - wirelength backward 0.101 ms
[INFO   ] DREAMPlace - optimizer step 8.694 ms
[INFO   ] DREAMPlace - iteration  822, (  80,  1,  0), Obj 3.284135E+03, NetCrossing 6.276E+00, NetCrossingWeight 1.000000E+00, DensityWeight 1.564643E+00, HPWL 2.569715E+03, Overflow 2.260326E-02, MaxDensity 1.211E+00, MacroOverlap 3.347E-04, MacroOverlapWeight 8.000000E-06, gamma 4.779273E-02, time 3.000ms
[INFO   ] DREAMPlace - full step 12.165 ms
[DEBUG  ] dreamplace.ops.weighted_average_wirelength.weighted_average_wirelength - wirelength forward 0.058 ms
[DEBUG  ] dreamplace.ops.electric_potential.electric_potential - density forward 1.008 ms
[DEBUG  ] dreamplace.ops.electric_potential.electric_potential - density backward 0.407 ms
[DEBUG  ] dreamplace.ops.weighted_average_wirelength.weighted_average_wirelength - wirelength backward 0.109 ms
[INFO   ] DREAMPlace - optimizer step 8.893 ms
[INFO   ] DREAMPlace - iteration  823, (  80,  1,  1), Obj 3.309412E+03, NetCrossing 6.277E+00, NetCrossingWeight 1.000000E+00, DensityWeight 1.564643E+00, HPWL 2.570527E+03, Overflow 2.259369E-02, MaxDensity 1.211E+00, MacroOverlap 3.310E-04, MacroOverlapWeight 8.000000E-06, gamma 4.779273E-02, time 2.850ms
[INFO   ] DREAMPlace - full step 12.203 ms
[INFO   ] DREAMPlace - Lsub stopping criteria: 1 and 3309.41 > 3284.14 * 0.999
[INFO   ] DREAMPlace - Llambda stopping criteria: 1 and (( 0.0225937 < 0.1 and 2570.53 > 2568.72 ) or 1.21074 < 1.0)
[DEBUG  ] dreamplace.ops.weighted_average_wirelength.weighted_average_wirelength - wirelength forward 0.062 ms
[DEBUG  ] dreamplace.ops.electric_potential.electric_potential - density forward 0.991 ms
[DEBUG  ] dreamplace.ops.electric_potential.electric_potential - density backward 0.409 ms
[DEBUG  ] dreamplace.ops.weighted_average_wirelength.weighted_average_wirelength - wirelength backward 0.127 ms
[INFO   ] DREAMPlace - optimizer step 9.114 ms
[INFO   ] DREAMPlace - iteration  824, (  81,  0,  0), Obj 3.316375E+03, NetCrossing 6.386E+00, NetCrossingWeight 1.000000E+00, DensityWeight 1.631591E+00, HPWL 2.571457E+03, Overflow 2.258860E-02, MaxDensity 1.211E+00, MacroOverlap 3.279E-04, MacroOverlapWeight 8.000000E-06, gamma 4.774711E-02, time 2.914ms
[INFO   ] DREAMPlace - full step 12.495 ms
[DEBUG  ] dreamplace.ops.weighted_average_wirelength.weighted_average_wirelength - wirelength forward 0.062 ms
[DEBUG  ] dreamplace.ops.electric_potential.electric_potential - density forward 0.999 ms
[DEBUG  ] dreamplace.ops.electric_potential.electric_potential - density backward 0.422 ms
[DEBUG  ] dreamplace.ops.weighted_average_wirelength.weighted_average_wirelength - wirelength backward 0.118 ms
[INFO   ] DREAMPlace - optimizer step 9.429 ms
[INFO   ] DREAMPlace - iteration  825, (  81,  0,  1), Obj 3.342301E+03, NetCrossing 6.507E+00, NetCrossingWeight 1.000000E+00, DensityWeight 1.631591E+00, HPWL 2.572303E+03, Overflow 2.259069E-02, MaxDensity 1.211E+00, MacroOverlap 3.254E-04, MacroOverlapWeight 8.000000E-06, gamma 4.774711E-02, time 2.960ms
[INFO   ] DREAMPlace - full step 12.852 ms
[INFO   ] DREAMPlace - Lsub stopping criteria: 1 and 3342.3 > 3316.38 * 0.999
[DEBUG  ] dreamplace.ops.weighted_average_wirelength.weighted_average_wirelength - wirelength forward 0.064 ms
[DEBUG  ] dreamplace.ops.electric_potential.electric_potential - density forward 1.013 ms
[DEBUG  ] dreamplace.ops.electric_potential.electric_potential - density backward 0.440 ms
[DEBUG  ] dreamplace.ops.weighted_average_wirelength.weighted_average_wirelength - wirelength backward 0.124 ms
[INFO   ] DREAMPlace - optimizer step 9.555 ms
[INFO   ] DREAMPlace - iteration  826, (  81,  1,  0), Obj 3.347372E+03, NetCrossing 7.032E+00, NetCrossingWeight 1.000000E+00, DensityWeight 1.701404E+00, HPWL 2.573283E+03, Overflow 2.260158E-02, MaxDensity 1.211E+00, MacroOverlap 3.235E-04, MacroOverlapWeight 8.000000E-06, gamma 4.774711E-02, time 2.996ms
[INFO   ] DREAMPlace - full step 13.043 ms
[DEBUG  ] dreamplace.ops.weighted_average_wirelength.weighted_average_wirelength - wirelength forward 0.066 ms
[DEBUG  ] dreamplace.ops.electric_potential.electric_potential - density forward 1.065 ms
[DEBUG  ] dreamplace.ops.electric_potential.electric_potential - density backward 0.439 ms
[DEBUG  ] dreamplace.ops.weighted_average_wirelength.weighted_average_wirelength - wirelength backward 0.077 ms
[INFO   ] DREAMPlace - optimizer step 9.487 ms
[INFO   ] DREAMPlace - iteration  827, (  81,  1,  1), Obj 3.374731E+03, NetCrossing 6.265E+00, NetCrossingWeight 1.000000E+00, DensityWeight 1.701404E+00, HPWL 2.574143E+03, Overflow 2.263315E-02, MaxDensity 1.211E+00, MacroOverlap 3.222E-04, MacroOverlapWeight 8.000000E-06, gamma 4.774711E-02, time 3.073ms
[INFO   ] DREAMPlace - full step 13.046 ms
[INFO   ] DREAMPlace - Lsub stopping criteria: 1 and 3374.73 > 3347.37 * 0.999
[INFO   ] DREAMPlace - Llambda stopping criteria: 1 and (( 0.0226332 < 0.1 and 2574.14 > 2572.3 ) or 1.21074 < 1.0)
[DEBUG  ] dreamplace.ops.weighted_average_wirelength.weighted_average_wirelength - wirelength forward 0.059 ms
[DEBUG  ] dreamplace.ops.electric_potential.electric_potential - density forward 1.076 ms
[DEBUG  ] dreamplace.ops.electric_potential.electric_potential - density backward 0.342 ms
[DEBUG  ] dreamplace.ops.weighted_average_wirelength.weighted_average_wirelength - wirelength backward 0.102 ms
[INFO   ] DREAMPlace - optimizer step 8.008 ms
[INFO   ] DREAMPlace - iteration  828, (  82,  0,  0), Obj 3.381215E+03, NetCrossing 6.557E+00, NetCrossingWeight 1.000000E+00, DensityWeight 1.774203E+00, HPWL 2.575153E+03, Overflow 2.265311E-02, MaxDensity 1.211E+00, MacroOverlap 3.211E-04, MacroOverlapWeight 8.000000E-06, gamma 4.775675E-02, time 2.976ms
[INFO   ] DREAMPlace - full step 11.435 ms
[DEBUG  ] dreamplace.ops.weighted_average_wirelength.weighted_average_wirelength - wirelength forward 0.058 ms
[DEBUG  ] dreamplace.ops.electric_potential.electric_potential - density forward 0.931 ms
[DEBUG  ] dreamplace.ops.electric_potential.electric_potential - density backward 0.392 ms
[DEBUG  ] dreamplace.ops.weighted_average_wirelength.weighted_average_wirelength - wirelength backward 0.103 ms
[INFO   ] DREAMPlace - optimizer step 8.468 ms
[INFO   ] DREAMPlace - iteration  829, (  82,  0,  1), Obj 3.408292E+03, NetCrossing 6.785E+00, NetCrossingWeight 1.000000E+00, DensityWeight 1.774203E+00, HPWL 2.576067E+03, Overflow 2.266845E-02, MaxDensity 1.211E+00, MacroOverlap 3.204E-04, MacroOverlapWeight 8.000000E-06, gamma 4.775675E-02, time 2.872ms
[INFO   ] DREAMPlace - full step 11.780 ms
[INFO   ] DREAMPlace - Lsub stopping criteria: 1 and 3408.29 > 3381.22 * 0.999
[DEBUG  ] dreamplace.ops.weighted_average_wirelength.weighted_average_wirelength - wirelength forward 0.062 ms
[DEBUG  ] dreamplace.ops.electric_potential.electric_potential - density forward 0.972 ms
[DEBUG  ] dreamplace.ops.electric_potential.electric_potential - density backward 0.400 ms
[DEBUG  ] dreamplace.ops.weighted_average_wirelength.weighted_average_wirelength - wirelength backward 0.111 ms
[INFO   ] DREAMPlace - optimizer step 8.725 ms
[INFO   ] DREAMPlace - iteration  830, (  82,  1,  0), Obj 3.414384E+03, NetCrossing 8.004E+00, NetCrossingWeight 1.000000E+00, DensityWeight 1.850117E+00, HPWL 2.577141E+03, Overflow 2.265218E-02, MaxDensity 1.211E+00, MacroOverlap 3.192E-04, MacroOverlapWeight 8.000000E-06, gamma 4.775675E-02, time 2.855ms
[INFO   ] DREAMPlace - full step 12.020 ms
[DEBUG  ] dreamplace.ops.weighted_average_wirelength.weighted_average_wirelength - wirelength forward 0.062 ms
[DEBUG  ] dreamplace.ops.electric_potential.electric_potential - density forward 1.036 ms
[DEBUG  ] dreamplace.ops.electric_potential.electric_potential - density backward 0.432 ms
[DEBUG  ] dreamplace.ops.weighted_average_wirelength.weighted_average_wirelength - wirelength backward 0.116 ms
[INFO   ] DREAMPlace - optimizer step 9.104 ms
[INFO   ] DREAMPlace - iteration  831, (  82,  1,  1), Obj 3.444863E+03, NetCrossing 6.722E+00, NetCrossingWeight 1.000000E+00, DensityWeight 1.850117E+00, HPWL 2.578173E+03, Overflow 2.262536E-02, MaxDensity 1.211E+00, MacroOverlap 3.177E-04, MacroOverlapWeight 8.000000E-06, gamma 4.775675E-02, time 2.969ms
[INFO   ] DREAMPlace - full step 12.528 ms
[INFO   ] DREAMPlace - Lsub stopping criteria: 1 and 3444.86 > 3414.38 * 0.999
[INFO   ] DREAMPlace - Llambda stopping criteria: 1 and (( 0.0226254 < 0.1 and 2578.17 > 2576.07 ) or 1.21074 < 1.0)
[DEBUG  ] dreamplace.ops.weighted_average_wirelength.weighted_average_wirelength - wirelength forward 0.063 ms
[DEBUG  ] dreamplace.ops.electric_potential.electric_potential - density forward 1.000 ms
[DEBUG  ] dreamplace.ops.electric_potential.electric_potential - density backward 0.438 ms
[DEBUG  ] dreamplace.ops.weighted_average_wirelength.weighted_average_wirelength - wirelength backward 0.126 ms
[INFO   ] DREAMPlace - optimizer step 9.426 ms
[INFO   ] DREAMPlace - iteration  832, (  83,  0,  0), Obj 3.449845E+03, NetCrossing 6.242E+00, NetCrossingWeight 1.000000E+00, DensityWeight 1.929280E+00, HPWL 2.579345E+03, Overflow 2.259965E-02, MaxDensity 1.211E+00, MacroOverlap 3.158E-04, MacroOverlapWeight 8.000000E-06, gamma 4.775484E-02, time 2.953ms
[INFO   ] DREAMPlace - full step 12.845 ms
[DEBUG  ] dreamplace.ops.weighted_average_wirelength.weighted_average_wirelength - wirelength forward 0.064 ms
[DEBUG  ] dreamplace.ops.electric_potential.electric_potential - density forward 1.019 ms
[DEBUG  ] dreamplace.ops.electric_potential.electric_potential - density backward 0.439 ms
[DEBUG  ] dreamplace.ops.weighted_average_wirelength.weighted_average_wirelength - wirelength backward 0.127 ms
[INFO   ] DREAMPlace - optimizer step 9.589 ms
[INFO   ] DREAMPlace - iteration  833, (  83,  0,  1), Obj 3.481466E+03, NetCrossing 6.540E+00, NetCrossingWeight 1.000000E+00, DensityWeight 1.929280E+00, HPWL 2.580470E+03, Overflow 2.258667E-02, MaxDensity 1.211E+00, MacroOverlap 3.137E-04, MacroOverlapWeight 8.000000E-06, gamma 4.775484E-02, time 2.979ms
[INFO   ] DREAMPlace - full step 13.063 ms
[INFO   ] DREAMPlace - Lsub stopping criteria: 1 and 3481.47 > 3449.85 * 0.999
[DEBUG  ] dreamplace.ops.weighted_average_wirelength.weighted_average_wirelength - wirelength forward 0.059 ms
[DEBUG  ] dreamplace.ops.electric_potential.electric_potential - density forward 0.951 ms
[DEBUG  ] dreamplace.ops.electric_potential.electric_potential - density backward 0.337 ms
[DEBUG  ] dreamplace.ops.weighted_average_wirelength.weighted_average_wirelength - wirelength backward 0.073 ms
[INFO   ] DREAMPlace - optimizer step 7.613 ms
[INFO   ] DREAMPlace - iteration  834, (  83,  1,  0), Obj 3.489950E+03, NetCrossing 7.473E+00, NetCrossingWeight 1.000000E+00, DensityWeight 2.011829E+00, HPWL 2.581727E+03, Overflow 2.255496E-02, MaxDensity 1.211E+00, MacroOverlap 3.114E-04, MacroOverlapWeight 8.000000E-06, gamma 4.775484E-02, time 2.979ms
[INFO   ] DREAMPlace - full step 11.064 ms
[DEBUG  ] dreamplace.ops.weighted_average_wirelength.weighted_average_wirelength - wirelength forward 0.060 ms
[DEBUG  ] dreamplace.ops.electric_potential.electric_potential - density forward 1.014 ms
[DEBUG  ] dreamplace.ops.electric_potential.electric_potential - density backward 0.382 ms
[DEBUG  ] dreamplace.ops.weighted_average_wirelength.weighted_average_wirelength - wirelength backward 0.097 ms
[INFO   ] DREAMPlace - optimizer step 8.453 ms
[INFO   ] DREAMPlace - iteration  835, (  83,  1,  1), Obj 3.523160E+03, NetCrossing 6.473E+00, NetCrossingWeight 1.000000E+00, DensityWeight 2.011829E+00, HPWL 2.582842E+03, Overflow 2.253430E-02, MaxDensity 1.211E+00, MacroOverlap 3.089E-04, MacroOverlapWeight 8.000000E-06, gamma 4.775484E-02, time 2.852ms
[INFO   ] DREAMPlace - full step 11.764 ms
[INFO   ] DREAMPlace - Lsub stopping criteria: 1 and 3523.16 > 3489.95 * 0.999
[INFO   ] DREAMPlace - Llambda stopping criteria: 1 and (( 0.0225343 < 0.1 and 2582.84 > 2580.47 ) or 1.21074 < 1.0)
[DEBUG  ] dreamplace.ops.weighted_average_wirelength.weighted_average_wirelength - wirelength forward 0.070 ms
[DEBUG  ] dreamplace.ops.electric_potential.electric_potential - density forward 0.969 ms
[DEBUG  ] dreamplace.ops.electric_potential.electric_potential - density backward 0.395 ms
[DEBUG  ] dreamplace.ops.weighted_average_wirelength.weighted_average_wirelength - wirelength backward 0.119 ms
[INFO   ] DREAMPlace - optimizer step 8.607 ms
[INFO   ] DREAMPlace - iteration  836, (  84,  0,  0), Obj 3.526663E+03, NetCrossing 7.932E+00, NetCrossingWeight 1.000000E+00, DensityWeight 2.097911E+00, HPWL 2.584071E+03, Overflow 2.249558E-02, MaxDensity 1.211E+00, MacroOverlap 3.061E-04, MacroOverlapWeight 8.000000E-06, gamma 4.773260E-02, time 2.839ms
[INFO   ] DREAMPlace - full step 11.899 ms
[DEBUG  ] dreamplace.ops.weighted_average_wirelength.weighted_average_wirelength - wirelength forward 0.062 ms
[DEBUG  ] dreamplace.ops.electric_potential.electric_potential - density forward 0.968 ms
[DEBUG  ] dreamplace.ops.electric_potential.electric_potential - density backward 0.405 ms
[DEBUG  ] dreamplace.ops.weighted_average_wirelength.weighted_average_wirelength - wirelength backward 0.109 ms
[INFO   ] DREAMPlace - optimizer step 8.849 ms
[INFO   ] DREAMPlace - iteration  837, (  84,  0,  1), Obj 3.559773E+03, NetCrossing 5.570E+00, NetCrossingWeight 1.000000E+00, DensityWeight 2.097911E+00, HPWL 2.585256E+03, Overflow 2.245400E-02, MaxDensity 1.211E+00, MacroOverlap 3.028E-04, MacroOverlapWeight 8.000000E-06, gamma 4.773260E-02, time 2.894ms
[INFO   ] DREAMPlace - full step 12.215 ms
[INFO   ] DREAMPlace - Lsub stopping criteria: 1 and 3559.77 > 3526.66 * 0.999
[DEBUG  ] dreamplace.ops.weighted_average_wirelength.weighted_average_wirelength - wirelength forward 0.063 ms
[DEBUG  ] dreamplace.ops.electric_potential.electric_potential - density forward 0.988 ms
[DEBUG  ] dreamplace.ops.electric_potential.electric_potential - density backward 0.422 ms
[DEBUG  ] dreamplace.ops.weighted_average_wirelength.weighted_average_wirelength - wirelength backward 0.117 ms
[INFO   ] DREAMPlace - optimizer step 9.058 ms
[INFO   ] DREAMPlace - iteration  838, (  84,  1,  0), Obj 3.567042E+03, NetCrossing 6.391E+00, NetCrossingWeight 1.000000E+00, DensityWeight 2.187676E+00, HPWL 2.586556E+03, Overflow 2.239091E-02, MaxDensity 1.211E+00, MacroOverlap 2.996E-04, MacroOverlapWeight 8.000000E-06, gamma 4.773260E-02, time 2.956ms
[INFO   ] DREAMPlace - full step 12.496 ms
[DEBUG  ] dreamplace.ops.weighted_average_wirelength.weighted_average_wirelength - wirelength forward 0.063 ms
[DEBUG  ] dreamplace.ops.electric_potential.electric_potential - density forward 0.997 ms
[DEBUG  ] dreamplace.ops.electric_potential.electric_potential - density backward 0.422 ms
[DEBUG  ] dreamplace.ops.weighted_average_wirelength.weighted_average_wirelength - wirelength backward 0.119 ms
[INFO   ] DREAMPlace - optimizer step 9.243 ms
[INFO   ] DREAMPlace - iteration  839, (  84,  1,  1), Obj 3.604181E+03, NetCrossing 6.272E+00, NetCrossingWeight 1.000000E+00, DensityWeight 2.187676E+00, HPWL 2.587680E+03, Overflow 2.233073E-02, MaxDensity 1.211E+00, MacroOverlap 2.960E-04, MacroOverlapWeight 8.000000E-06, gamma 4.773260E-02, time 2.965ms
[INFO   ] DREAMPlace - full step 12.696 ms
[INFO   ] DREAMPlace - Lsub stopping criteria: 1 and 3604.18 > 3567.04 * 0.999
[INFO   ] DREAMPlace - Llambda stopping criteria: 1 and (( 0.0223307 < 0.1 and 2587.68 > 2585.26 ) or 1.21074 < 1.0)
[DEBUG  ] dreamplace.ops.weighted_average_wirelength.weighted_average_wirelength - wirelength forward 0.064 ms
[DEBUG  ] dreamplace.ops.electric_potential.electric_potential - density forward 1.020 ms
[DEBUG  ] dreamplace.ops.electric_potential.electric_potential - density backward 0.438 ms
[DEBUG  ] dreamplace.ops.weighted_average_wirelength.weighted_average_wirelength - wirelength backward 0.126 ms
[INFO   ] DREAMPlace - optimizer step 9.607 ms
[INFO   ] DREAMPlace - iteration  840, (  85,  0,  0), Obj 3.612163E+03, NetCrossing 7.479E+00, NetCrossingWeight 1.000000E+00, DensityWeight 2.281282E+00, HPWL 2.588799E+03, Overflow 2.225070E-02, MaxDensity 1.211E+00, MacroOverlap 2.928E-04, MacroOverlapWeight 8.000000E-06, gamma 4.768290E-02, time 3.004ms
[INFO   ] DREAMPlace - full step 13.107 ms
[DEBUG  ] dreamplace.ops.weighted_average_wirelength.weighted_average_wirelength - wirelength forward 0.060 ms
[DEBUG  ] dreamplace.ops.electric_potential.electric_potential - density forward 0.953 ms
[DEBUG  ] dreamplace.ops.electric_potential.electric_potential - density backward 0.438 ms
[DEBUG  ] dreamplace.ops.weighted_average_wirelength.weighted_average_wirelength - wirelength backward 0.071 ms
[INFO   ] DREAMPlace - optimizer step 9.022 ms
[INFO   ] DREAMPlace - iteration  841, (  85,  0,  1), Obj 3.646875E+03, NetCrossing 6.475E+00, NetCrossingWeight 1.000000E+00, DensityWeight 2.281282E+00, HPWL 2.589729E+03, Overflow 2.218043E-02, MaxDensity 1.211E+00, MacroOverlap 2.898E-04, MacroOverlapWeight 8.000000E-06, gamma 4.768290E-02, time 3.039ms
[INFO   ] DREAMPlace - full step 12.535 ms
[INFO   ] DREAMPlace - Lsub stopping criteria: 1 and 3646.88 > 3612.16 * 0.999
[DEBUG  ] dreamplace.ops.weighted_average_wirelength.weighted_average_wirelength - wirelength forward 0.063 ms
[DEBUG  ] dreamplace.ops.electric_potential.electric_potential - density forward 1.132 ms
[DEBUG  ] dreamplace.ops.electric_potential.electric_potential - density backward 0.333 ms
[DEBUG  ] dreamplace.ops.weighted_average_wirelength.weighted_average_wirelength - wirelength backward 0.073 ms
[INFO   ] DREAMPlace - optimizer step 7.801 ms
[INFO   ] DREAMPlace - iteration  842, (  85,  1,  0), Obj 3.654405E+03, NetCrossing 7.172E+00, NetCrossingWeight 1.000000E+00, DensityWeight 2.378893E+00, HPWL 2.590559E+03, Overflow 2.211341E-02, MaxDensity 1.211E+00, MacroOverlap 2.871E-04, MacroOverlapWeight 8.000000E-06, gamma 4.768290E-02, time 2.946ms
[INFO   ] DREAMPlace - full step 11.219 ms
[DEBUG  ] dreamplace.ops.weighted_average_wirelength.weighted_average_wirelength - wirelength forward 0.058 ms
[DEBUG  ] dreamplace.ops.electric_potential.electric_potential - density forward 1.034 ms
[DEBUG  ] dreamplace.ops.electric_potential.electric_potential - density backward 0.381 ms
[DEBUG  ] dreamplace.ops.weighted_average_wirelength.weighted_average_wirelength - wirelength backward 0.098 ms
[INFO   ] DREAMPlace - optimizer step 8.380 ms
[INFO   ] DREAMPlace - iteration  843, (  85,  1,  1), Obj 3.693303E+03, NetCrossing 7.473E+00, NetCrossingWeight 1.000000E+00, DensityWeight 2.378893E+00, HPWL 2.591158E+03, Overflow 2.205897E-02, MaxDensity 1.211E+00, MacroOverlap 2.850E-04, MacroOverlapWeight 8.000000E-06, gamma 4.768290E-02, time 2.975ms
[INFO   ] DREAMPlace - full step 11.817 ms
[INFO   ] DREAMPlace - Lsub stopping criteria: 1 and 3693.3 > 3654.41 * 0.999
[INFO   ] DREAMPlace - Llambda stopping criteria: 1 and (( 0.022059 < 0.1 and 2591.16 > 2589.73 ) or 1.21074 < 1.0)
[DEBUG  ] dreamplace.ops.weighted_average_wirelength.weighted_average_wirelength - wirelength forward 0.060 ms
[DEBUG  ] dreamplace.ops.electric_potential.electric_potential - density forward 1.044 ms
[DEBUG  ] dreamplace.ops.electric_potential.electric_potential - density backward 0.392 ms
[DEBUG  ] dreamplace.ops.weighted_average_wirelength.weighted_average_wirelength - wirelength backward 0.119 ms
[INFO   ] DREAMPlace - optimizer step 8.716 ms
[INFO   ] DREAMPlace - iteration  844, (  86,  0,  0), Obj 3.699372E+03, NetCrossing 6.769E+00, NetCrossingWeight 1.000000E+00, DensityWeight 2.480681E+00, HPWL 2.591686E+03, Overflow 2.201292E-02, MaxDensity 1.211E+00, MacroOverlap 2.834E-04, MacroOverlapWeight 8.000000E-06, gamma 4.761664E-02, time 2.876ms
[INFO   ] DREAMPlace - full step 12.042 ms
[DEBUG  ] dreamplace.ops.weighted_average_wirelength.weighted_average_wirelength - wirelength forward 0.061 ms
[DEBUG  ] dreamplace.ops.electric_potential.electric_potential - density forward 0.959 ms
[DEBUG  ] dreamplace.ops.electric_potential.electric_potential - density backward 0.422 ms
[DEBUG  ] dreamplace.ops.weighted_average_wirelength.weighted_average_wirelength - wirelength backward 0.102 ms
[INFO   ] DREAMPlace - optimizer step 8.981 ms
[INFO   ] DREAMPlace - iteration  845, (  86,  0,  1), Obj 3.741624E+03, NetCrossing 8.117E+00, NetCrossingWeight 1.000000E+00, DensityWeight 2.480681E+00, HPWL 2.591974E+03, Overflow 2.197886E-02, MaxDensity 1.211E+00, MacroOverlap 2.826E-04, MacroOverlapWeight 8.000000E-06, gamma 4.761664E-02, time 2.888ms
[INFO   ] DREAMPlace - full step 12.332 ms
[INFO   ] DREAMPlace - Lsub stopping criteria: 1 and 3741.62 > 3699.37 * 0.999
[DEBUG  ] dreamplace.ops.weighted_average_wirelength.weighted_average_wirelength - wirelength forward 0.063 ms
[DEBUG  ] dreamplace.ops.electric_potential.electric_potential - density forward 1.097 ms
[DEBUG  ] dreamplace.ops.electric_potential.electric_potential - density backward 0.432 ms
[DEBUG  ] dreamplace.ops.weighted_average_wirelength.weighted_average_wirelength - wirelength backward 0.117 ms
[INFO   ] DREAMPlace - optimizer step 9.045 ms
[INFO   ] DREAMPlace - iteration  846, (  86,  1,  0), Obj 3.746363E+03, NetCrossing 6.456E+00, NetCrossingWeight 1.000000E+00, DensityWeight 2.586824E+00, HPWL 2.592286E+03, Overflow 2.191406E-02, MaxDensity 1.211E+00, MacroOverlap 2.820E-04, MacroOverlapWeight 8.000000E-06, gamma 4.761664E-02, time 2.944ms
[INFO   ] DREAMPlace - full step 12.470 ms
[DEBUG  ] dreamplace.ops.weighted_average_wirelength.weighted_average_wirelength - wirelength forward 0.063 ms
[DEBUG  ] dreamplace.ops.electric_potential.electric_potential - density forward 0.983 ms
[DEBUG  ] dreamplace.ops.electric_potential.electric_potential - density backward 0.422 ms
[DEBUG  ] dreamplace.ops.weighted_average_wirelength.weighted_average_wirelength - wirelength backward 0.116 ms
[INFO   ] DREAMPlace - optimizer step 9.228 ms
[INFO   ] DREAMPlace - iteration  847, (  86,  1,  1), Obj 3.792250E+03, NetCrossing 6.754E+00, NetCrossingWeight 1.000000E+00, DensityWeight 2.586824E+00, HPWL 2.592386E+03, Overflow 2.187442E-02, MaxDensity 1.211E+00, MacroOverlap 2.821E-04, MacroOverlapWeight 8.000000E-06, gamma 4.761664E-02, time 2.968ms
[INFO   ] DREAMPlace - full step 12.685 ms
[INFO   ] DREAMPlace - Lsub stopping criteria: 1 and 3792.25 > 3746.36 * 0.999
[INFO   ] DREAMPlace - Llambda stopping criteria: 1 and (( 0.0218744 < 0.1 and 2592.39 > 2591.97 ) or 1.21074 < 1.0)
[DEBUG  ] dreamplace.ops.weighted_average_wirelength.weighted_average_wirelength - wirelength forward 0.066 ms
[DEBUG  ] dreamplace.ops.electric_potential.electric_potential - density forward 1.010 ms
[DEBUG  ] dreamplace.ops.electric_potential.electric_potential - density backward 0.423 ms
[DEBUG  ] dreamplace.ops.weighted_average_wirelength.weighted_average_wirelength - wirelength backward 0.134 ms
[INFO   ] DREAMPlace - optimizer step 9.273 ms
[INFO   ] DREAMPlace - iteration  848, (  87,  0,  0), Obj 3.796136E+03, NetCrossing 7.669E+00, NetCrossingWeight 1.000000E+00, DensityWeight 2.697509E+00, HPWL 2.592596E+03, Overflow 2.182288E-02, MaxDensity 1.211E+00, MacroOverlap 2.821E-04, MacroOverlapWeight 8.000000E-06, gamma 4.757170E-02, time 2.992ms
[INFO   ] DREAMPlace - full step 12.749 ms
[DEBUG  ] dreamplace.ops.weighted_average_wirelength.weighted_average_wirelength - wirelength forward 0.062 ms
[DEBUG  ] dreamplace.ops.electric_potential.electric_potential - density forward 1.113 ms
[DEBUG  ] dreamplace.ops.electric_potential.electric_potential - density backward 0.349 ms
[DEBUG  ] dreamplace.ops.weighted_average_wirelength.weighted_average_wirelength - wirelength backward 0.081 ms
[INFO   ] DREAMPlace - optimizer step 8.042 ms
[INFO   ] DREAMPlace - iteration  849, (  87,  0,  1), Obj 3.841871E+03, NetCrossing 6.437E+00, NetCrossingWeight 1.000000E+00, DensityWeight 2.697509E+00, HPWL 2.592593E+03, Overflow 2.179670E-02, MaxDensity 1.211E+00, MacroOverlap 2.830E-04, MacroOverlapWeight 8.000000E-06, gamma 4.757170E-02, time 2.935ms
[INFO   ] DREAMPlace - full step 11.462 ms
[INFO   ] DREAMPlace - Lsub stopping criteria: 1 and 3841.87 > 3796.14 * 0.999
[DEBUG  ] dreamplace.ops.weighted_average_wirelength.weighted_average_wirelength - wirelength forward 0.072 ms
[DEBUG  ] dreamplace.ops.electric_potential.electric_potential - density forward 0.930 ms
[DEBUG  ] dreamplace.ops.electric_potential.electric_potential - density backward 0.381 ms
[DEBUG  ] dreamplace.ops.weighted_average_wirelength.weighted_average_wirelength - wirelength backward 0.097 ms
[INFO   ] DREAMPlace - optimizer step 8.337 ms
[INFO   ] DREAMPlace - iteration  850, (  87,  1,  0), Obj 3.848837E+03, NetCrossing 6.738E+00, NetCrossingWeight 1.000000E+00, DensityWeight 2.812930E+00, HPWL 2.592783E+03, Overflow 2.176697E-02, MaxDensity 1.211E+00, MacroOverlap 2.835E-04, MacroOverlapWeight 8.000000E-06, gamma 4.757170E-02, time 2.932ms
[INFO   ] DREAMPlace - full step 11.736 ms
[DEBUG  ] dreamplace.ops.weighted_average_wirelength.weighted_average_wirelength - wirelength forward 0.058 ms
[DEBUG  ] dreamplace.ops.electric_potential.electric_potential - density forward 0.957 ms
[DEBUG  ] dreamplace.ops.electric_potential.electric_potential - density backward 0.407 ms
[DEBUG  ] dreamplace.ops.weighted_average_wirelength.weighted_average_wirelength - wirelength backward 0.108 ms
[INFO   ] DREAMPlace - optimizer step 8.843 ms
[INFO   ] DREAMPlace - iteration  851, (  87,  1,  1), Obj 3.896761E+03, NetCrossing 7.124E+00, NetCrossingWeight 1.000000E+00, DensityWeight 2.812930E+00, HPWL 2.592760E+03, Overflow 2.176470E-02, MaxDensity 1.211E+00, MacroOverlap 2.850E-04, MacroOverlapWeight 8.000000E-06, gamma 4.757170E-02, time 2.831ms
[INFO   ] DREAMPlace - full step 12.134 ms
[INFO   ] DREAMPlace - Lsub stopping criteria: 1 and 3896.76 > 3848.84 * 0.999
[INFO   ] DREAMPlace - Llambda stopping criteria: 1 and (( 0.0217647 < 0.1 and 2592.76 > 2592.59 ) or 1.21074 < 1.0)
[DEBUG  ] dreamplace.ops.weighted_average_wirelength.weighted_average_wirelength - wirelength forward 0.062 ms
[DEBUG  ] dreamplace.ops.electric_potential.electric_potential - density forward 0.973 ms
[DEBUG  ] dreamplace.ops.electric_potential.electric_potential - density backward 0.394 ms
[DEBUG  ] dreamplace.ops.weighted_average_wirelength.weighted_average_wirelength - wirelength backward 0.116 ms
[INFO   ] DREAMPlace - optimizer step 8.702 ms
[INFO   ] DREAMPlace - iteration  852, (  88,  0,  0), Obj 3.903823E+03, NetCrossing 6.188E+00, NetCrossingWeight 1.000000E+00, DensityWeight 2.933290E+00, HPWL 2.592987E+03, Overflow 2.174186E-02, MaxDensity 1.211E+00, MacroOverlap 2.860E-04, MacroOverlapWeight 8.000000E-06, gamma 4.754499E-02, time 2.912ms
[INFO   ] DREAMPlace - full step 12.078 ms
[DEBUG  ] dreamplace.ops.weighted_average_wirelength.weighted_average_wirelength - wirelength forward 0.062 ms
[DEBUG  ] dreamplace.ops.electric_potential.electric_potential - density forward 0.967 ms
[DEBUG  ] dreamplace.ops.electric_potential.electric_potential - density backward 0.438 ms
[DEBUG  ] dreamplace.ops.weighted_average_wirelength.weighted_average_wirelength - wirelength backward 0.109 ms
[INFO   ] DREAMPlace - optimizer step 9.062 ms
[INFO   ] DREAMPlace - iteration  853, (  88,  0,  1), Obj 3.949772E+03, NetCrossing 6.730E+00, NetCrossingWeight 1.000000E+00, DensityWeight 2.933290E+00, HPWL 2.593076E+03, Overflow 2.171517E-02, MaxDensity 1.211E+00, MacroOverlap 2.878E-04, MacroOverlapWeight 8.000000E-06, gamma 4.754499E-02, time 2.950ms
[INFO   ] DREAMPlace - full step 12.488 ms
[INFO   ] DREAMPlace - Lsub stopping criteria: 1 and 3949.77 > 3903.82 * 0.999
[DEBUG  ] dreamplace.ops.weighted_average_wirelength.weighted_average_wirelength - wirelength forward 0.066 ms
[DEBUG  ] dreamplace.ops.electric_potential.electric_potential - density forward 1.005 ms
[DEBUG  ] dreamplace.ops.electric_potential.electric_potential - density backward 0.440 ms
[DEBUG  ] dreamplace.ops.weighted_average_wirelength.weighted_average_wirelength - wirelength backward 0.126 ms
[INFO   ] DREAMPlace - optimizer step 9.410 ms
[INFO   ] DREAMPlace - iteration  854, (  88,  1,  0), Obj 3.958385E+03, NetCrossing 6.418E+00, NetCrossingWeight 1.000000E+00, DensityWeight 3.058800E+00, HPWL 2.593433E+03, Overflow 2.166879E-02, MaxDensity 1.211E+00, MacroOverlap 2.889E-04, MacroOverlapWeight 8.000000E-06, gamma 4.754499E-02, time 3.147ms
[INFO   ] DREAMPlace - full step 13.049 ms
[DEBUG  ] dreamplace.ops.weighted_average_wirelength.weighted_average_wirelength - wirelength forward 0.067 ms
[DEBUG  ] dreamplace.ops.electric_potential.electric_potential - density forward 1.025 ms
[DEBUG  ] dreamplace.ops.electric_potential.electric_potential - density backward 0.439 ms
[DEBUG  ] dreamplace.ops.weighted_average_wirelength.weighted_average_wirelength - wirelength backward 0.127 ms
[INFO   ] DREAMPlace - optimizer step 9.617 ms
[INFO   ] DREAMPlace - iteration  855, (  88,  1,  1), Obj 4.006727E+03, NetCrossing 6.185E+00, NetCrossingWeight 1.000000E+00, DensityWeight 3.058800E+00, HPWL 2.593780E+03, Overflow 2.161446E-02, MaxDensity 1.211E+00, MacroOverlap 2.903E-04, MacroOverlapWeight 8.000000E-06, gamma 4.754499E-02, time 3.081ms
[INFO   ] DREAMPlace - full step 13.201 ms
[INFO   ] DREAMPlace - Lsub stopping criteria: 1 and 4006.73 > 3958.38 * 0.999
[INFO   ] DREAMPlace - Llambda stopping criteria: 1 and (( 0.0216145 < 0.1 and 2593.78 > 2593.08 ) or 1.21074 < 1.0)
[DEBUG  ] dreamplace.ops.weighted_average_wirelength.weighted_average_wirelength - wirelength forward 0.061 ms
[DEBUG  ] dreamplace.ops.electric_potential.electric_potential - density forward 0.962 ms
[DEBUG  ] dreamplace.ops.electric_potential.electric_potential - density backward 0.347 ms
[DEBUG  ] dreamplace.ops.weighted_average_wirelength.weighted_average_wirelength - wirelength backward 0.076 ms
[INFO   ] DREAMPlace - optimizer step 7.644 ms
[INFO   ] DREAMPlace - iteration  856, (  89,  0,  0), Obj 4.015553E+03, NetCrossing 5.283E+00, NetCrossingWeight 1.000000E+00, DensityWeight 3.189680E+00, HPWL 2.594272E+03, Overflow 2.153816E-02, MaxDensity 1.211E+00, MacroOverlap 2.908E-04, MacroOverlapWeight 8.000000E-06, gamma 4.750846E-02, time 2.979ms
[INFO   ] DREAMPlace - full step 11.097 ms
[DEBUG  ] dreamplace.ops.weighted_average_wirelength.weighted_average_wirelength - wirelength forward 0.060 ms
[DEBUG  ] dreamplace.ops.electric_potential.electric_potential - density forward 0.934 ms
[DEBUG  ] dreamplace.ops.electric_potential.electric_potential - density backward 0.384 ms
[DEBUG  ] dreamplace.ops.weighted_average_wirelength.weighted_average_wirelength - wirelength backward 0.097 ms
[INFO   ] DREAMPlace - optimizer step 8.390 ms
[INFO   ] DREAMPlace - iteration  857, (  89,  0,  1), Obj 4.066766E+03, NetCrossing 6.412E+00, NetCrossingWeight 1.000000E+00, DensityWeight 3.189680E+00, HPWL 2.594705E+03, Overflow 2.146435E-02, MaxDensity 1.211E+00, MacroOverlap 2.915E-04, MacroOverlapWeight 8.000000E-06, gamma 4.750846E-02, time 2.857ms
[INFO   ] DREAMPlace - full step 11.733 ms
[INFO   ] DREAMPlace - Lsub stopping criteria: 1 and 4066.77 > 4015.55 * 0.999
[DEBUG  ] dreamplace.ops.weighted_average_wirelength.weighted_average_wirelength - wirelength forward 0.061 ms
[DEBUG  ] dreamplace.ops.electric_potential.electric_potential - density forward 0.954 ms
[DEBUG  ] dreamplace.ops.electric_potential.electric_potential - density backward 0.394 ms
[DEBUG  ] dreamplace.ops.weighted_average_wirelength.weighted_average_wirelength - wirelength backward 0.117 ms
[INFO   ] DREAMPlace - optimizer step 8.592 ms
[INFO   ] DREAMPlace - iteration  858, (  89,  1,  0), Obj 4.074641E+03, NetCrossing 6.859E+00, NetCrossingWeight 1.000000E+00, DensityWeight 3.326159E+00, HPWL 2.595249E+03, Overflow 2.139116E-02, MaxDensity 1.211E+00, MacroOverlap 2.916E-04, MacroOverlapWeight 8.000000E-06, gamma 4.750846E-02, time 2.852ms
[INFO   ] DREAMPlace - full step 11.910 ms
[DEBUG  ] dreamplace.ops.weighted_average_wirelength.weighted_average_wirelength - wirelength forward 0.062 ms
[DEBUG  ] dreamplace.ops.electric_potential.electric_potential - density forward 0.969 ms
[DEBUG  ] dreamplace.ops.electric_potential.electric_potential - density backward 0.408 ms
[DEBUG  ] dreamplace.ops.weighted_average_wirelength.weighted_average_wirelength - wirelength backward 0.109 ms
[INFO   ] DREAMPlace - optimizer step 8.852 ms
[INFO   ] DREAMPlace - iteration  859, (  89,  1,  1), Obj 4.125218E+03, NetCrossing 6.890E+00, NetCrossingWeight 1.000000E+00, DensityWeight 3.326159E+00, HPWL 2.595757E+03, Overflow 2.133210E-02, MaxDensity 1.211E+00, MacroOverlap 2.918E-04, MacroOverlapWeight 8.000000E-06, gamma 4.750846E-02, time 2.958ms
[INFO   ] DREAMPlace - full step 12.305 ms
[INFO   ] DREAMPlace - Lsub stopping criteria: 1 and 4125.22 > 4074.64 * 0.999
[INFO   ] DREAMPlace - Llambda stopping criteria: 1 and (( 0.0213321 < 0.1 and 2595.76 > 2594.71 ) or 1.21074 < 1.0)
[DEBUG  ] dreamplace.ops.weighted_average_wirelength.weighted_average_wirelength - wirelength forward 0.064 ms
[DEBUG  ] dreamplace.ops.electric_potential.electric_potential - density forward 1.003 ms
[DEBUG  ] dreamplace.ops.electric_potential.electric_potential - density backward 0.450 ms
[DEBUG  ] dreamplace.ops.weighted_average_wirelength.weighted_average_wirelength - wirelength backward 0.126 ms
[INFO   ] DREAMPlace - optimizer step 9.196 ms
[INFO   ] DREAMPlace - iteration  860, (  90,  0,  0), Obj 4.135075E+03, NetCrossing 6.423E+00, NetCrossingWeight 1.000000E+00, DensityWeight 3.468479E+00, HPWL 2.596344E+03, Overflow 2.129043E-02, MaxDensity 1.211E+00, MacroOverlap 2.912E-04, MacroOverlapWeight 8.000000E-06, gamma 4.743987E-02, time 2.952ms
[INFO   ] DREAMPlace - full step 12.625 ms
[DEBUG  ] dreamplace.ops.weighted_average_wirelength.weighted_average_wirelength - wirelength forward 0.066 ms
[DEBUG  ] dreamplace.ops.electric_potential.electric_potential - density forward 1.008 ms
[DEBUG  ] dreamplace.ops.electric_potential.electric_potential - density backward 0.422 ms
[DEBUG  ] dreamplace.ops.weighted_average_wirelength.weighted_average_wirelength - wirelength backward 0.117 ms
[INFO   ] DREAMPlace - optimizer step 9.447 ms
[INFO   ] DREAMPlace - iteration  861, (  90,  0,  1), Obj 4.191435E+03, NetCrossing 6.196E+00, NetCrossingWeight 1.000000E+00, DensityWeight 3.468479E+00, HPWL 2.596899E+03, Overflow 2.125411E-02, MaxDensity 1.211E+00, MacroOverlap 2.905E-04, MacroOverlapWeight 8.000000E-06, gamma 4.743987E-02, time 3.018ms
[INFO   ] DREAMPlace - full step 12.960 ms
[INFO   ] DREAMPlace - Lsub stopping criteria: 1 and 4191.44 > 4135.08 * 0.999
[DEBUG  ] dreamplace.ops.weighted_average_wirelength.weighted_average_wirelength - wirelength forward 0.067 ms
[DEBUG  ] dreamplace.ops.electric_potential.electric_potential - density forward 1.040 ms
[DEBUG  ] dreamplace.ops.electric_potential.electric_potential - density backward 0.425 ms
[DEBUG  ] dreamplace.ops.weighted_average_wirelength.weighted_average_wirelength - wirelength backward 0.114 ms
[INFO   ] DREAMPlace - optimizer step 9.818 ms
[INFO   ] DREAMPlace - iteration  862, (  90,  1,  0), Obj 4.202622E+03, NetCrossing 6.426E+00, NetCrossingWeight 1.000000E+00, DensityWeight 3.616888E+00, HPWL 2.597570E+03, Overflow 2.122962E-02, MaxDensity 1.211E+00, MacroOverlap 2.889E-04, MacroOverlapWeight 8.000000E-06, gamma 4.743987E-02, time 3.027ms
[INFO   ] DREAMPlace - full step 13.344 ms
[DEBUG  ] dreamplace.ops.weighted_average_wirelength.weighted_average_wirelength - wirelength forward 0.058 ms
[DEBUG  ] dreamplace.ops.electric_potential.electric_potential - density forward 0.936 ms
[DEBUG  ] dreamplace.ops.electric_potential.electric_potential - density backward 0.356 ms
[DEBUG  ] dreamplace.ops.weighted_average_wirelength.weighted_average_wirelength - wirelength backward 0.084 ms
[INFO   ] DREAMPlace - optimizer step 7.799 ms
[INFO   ] DREAMPlace - iteration  863, (  90,  1,  1), Obj 4.261098E+03, NetCrossing 7.457E+00, NetCrossingWeight 1.000000E+00, DensityWeight 3.616888E+00, HPWL 2.598161E+03, Overflow 2.120605E-02, MaxDensity 1.211E+00, MacroOverlap 2.872E-04, MacroOverlapWeight 8.000000E-06, gamma 4.743987E-02, time 3.014ms
[INFO   ] DREAMPlace - full step 11.287 ms
[INFO   ] DREAMPlace - Lsub stopping criteria: 1 and 4261.1 > 4202.62 * 0.999
[INFO   ] DREAMPlace - Llambda stopping criteria: 1 and (( 0.021206 < 0.1 and 2598.16 > 2596.9 ) or 1.21074 < 1.0)
[DEBUG  ] dreamplace.ops.weighted_average_wirelength.weighted_average_wirelength - wirelength forward 0.058 ms
[DEBUG  ] dreamplace.ops.electric_potential.electric_potential - density forward 0.935 ms
[DEBUG  ] dreamplace.ops.electric_potential.electric_potential - density backward 0.382 ms
[DEBUG  ] dreamplace.ops.weighted_average_wirelength.weighted_average_wirelength - wirelength backward 0.099 ms
[INFO   ] DREAMPlace - optimizer step 8.306 ms
[INFO   ] DREAMPlace - iteration  864, (  91,  0,  0), Obj 4.275091E+03, NetCrossing 6.203E+00, NetCrossingWeight 1.000000E+00, DensityWeight 3.771647E+00, HPWL 2.598854E+03, Overflow 2.117859E-02, MaxDensity 1.211E+00, MacroOverlap 2.850E-04, MacroOverlapWeight 8.000000E-06, gamma 4.740928E-02, time 2.834ms
[INFO   ] DREAMPlace - full step 11.583 ms
[DEBUG  ] dreamplace.ops.weighted_average_wirelength.weighted_average_wirelength - wirelength forward 0.061 ms
[DEBUG  ] dreamplace.ops.electric_potential.electric_potential - density forward 0.962 ms
[DEBUG  ] dreamplace.ops.electric_potential.electric_potential - density backward 0.406 ms
[DEBUG  ] dreamplace.ops.weighted_average_wirelength.weighted_average_wirelength - wirelength backward 0.102 ms
[INFO   ] DREAMPlace - optimizer step 8.774 ms
[INFO   ] DREAMPlace - iteration  865, (  91,  0,  1), Obj 4.335104E+03, NetCrossing 7.130E+00, NetCrossingWeight 1.000000E+00, DensityWeight 3.771647E+00, HPWL 2.599415E+03, Overflow 2.116549E-02, MaxDensity 1.211E+00, MacroOverlap 2.828E-04, MacroOverlapWeight 8.000000E-06, gamma 4.740928E-02, time 2.901ms
[INFO   ] DREAMPlace - full step 12.137 ms
[INFO   ] DREAMPlace - Lsub stopping criteria: 1 and 4335.1 > 4275.09 * 0.999
[DEBUG  ] dreamplace.ops.weighted_average_wirelength.weighted_average_wirelength - wirelength forward 0.061 ms
[DEBUG  ] dreamplace.ops.electric_potential.electric_potential - density forward 1.001 ms
[DEBUG  ] dreamplace.ops.electric_potential.electric_potential - density backward 0.396 ms
[DEBUG  ] dreamplace.ops.weighted_average_wirelength.weighted_average_wirelength - wirelength backward 0.120 ms
[INFO   ] DREAMPlace - optimizer step 8.876 ms
[INFO   ] DREAMPlace - iteration  866, (  91,  1,  0), Obj 4.346209E+03, NetCrossing 5.936E+00, NetCrossingWeight 1.000000E+00, DensityWeight 3.933028E+00, HPWL 2.600036E+03, Overflow 2.114462E-02, MaxDensity 1.211E+00, MacroOverlap 2.800E-04, MacroOverlapWeight 8.000000E-06, gamma 4.740928E-02, time 3.012ms
[INFO   ] DREAMPlace - full step 12.370 ms
[DEBUG  ] dreamplace.ops.weighted_average_wirelength.weighted_average_wirelength - wirelength forward 0.064 ms
[DEBUG  ] dreamplace.ops.electric_potential.electric_potential - density forward 0.997 ms
[DEBUG  ] dreamplace.ops.electric_potential.electric_potential - density backward 0.424 ms
[DEBUG  ] dreamplace.ops.weighted_average_wirelength.weighted_average_wirelength - wirelength backward 0.117 ms
[INFO   ] DREAMPlace - optimizer step 9.228 ms
[INFO   ] DREAMPlace - iteration  867, (  91,  1,  1), Obj 4.408893E+03, NetCrossing 6.439E+00, NetCrossingWeight 1.000000E+00, DensityWeight 3.933028E+00, HPWL 2.600462E+03, Overflow 2.114436E-02, MaxDensity 1.211E+00, MacroOverlap 2.775E-04, MacroOverlapWeight 8.000000E-06, gamma 4.740928E-02, time 2.966ms
[INFO   ] DREAMPlace - full step 12.679 ms
[INFO   ] DREAMPlace - Lsub stopping criteria: 1 and 4408.89 > 4346.21 * 0.999
[INFO   ] DREAMPlace - Llambda stopping criteria: 1 and (( 0.0211444 < 0.1 and 2600.46 > 2599.42 ) or 1.21074 < 1.0)
[DEBUG  ] dreamplace.ops.weighted_average_wirelength.weighted_average_wirelength - wirelength forward 0.066 ms
[DEBUG  ] dreamplace.ops.electric_potential.electric_potential - density forward 1.001 ms
[DEBUG  ] dreamplace.ops.electric_potential.electric_potential - density backward 0.422 ms
[DEBUG  ] dreamplace.ops.weighted_average_wirelength.weighted_average_wirelength - wirelength backward 0.118 ms
[INFO   ] DREAMPlace - optimizer step 9.322 ms
[INFO   ] DREAMPlace - iteration  868, (  92,  0,  0), Obj 4.423459E+03, NetCrossing 6.444E+00, NetCrossingWeight 1.000000E+00, DensityWeight 4.101314E+00, HPWL 2.601000E+03, Overflow 2.112591E-02, MaxDensity 1.211E+00, MacroOverlap 2.745E-04, MacroOverlapWeight 8.000000E-06, gamma 4.739431E-02, time 2.989ms
[INFO   ] DREAMPlace - full step 12.814 ms
[DEBUG  ] dreamplace.ops.weighted_average_wirelength.weighted_average_wirelength - wirelength forward 0.074 ms
[DEBUG  ] dreamplace.ops.electric_potential.electric_potential - density forward 0.941 ms
[DEBUG  ] dreamplace.ops.electric_potential.electric_potential - density backward 0.354 ms
[DEBUG  ] dreamplace.ops.weighted_average_wirelength.weighted_average_wirelength - wirelength backward 0.085 ms
[INFO   ] DREAMPlace - optimizer step 7.962 ms
[INFO   ] DREAMPlace - iteration  869, (  92,  0,  1), Obj 4.491065E+03, NetCrossing 7.809E+00, NetCrossingWeight 1.000000E+00, DensityWeight 4.101314E+00, HPWL 2.601479E+03, Overflow 2.111856E-02, MaxDensity 1.211E+00, MacroOverlap 2.718E-04, MacroOverlapWeight 8.000000E-06, gamma 4.739431E-02, time 3.037ms
[INFO   ] DREAMPlace - full step 11.488 ms
[INFO   ] DREAMPlace - Lsub stopping criteria: 1 and 4491.07 > 4423.46 * 0.999
[DEBUG  ] dreamplace.ops.weighted_average_wirelength.weighted_average_wirelength - wirelength forward 0.061 ms
[DEBUG  ] dreamplace.ops.electric_potential.electric_potential - density forward 0.932 ms
[DEBUG  ] dreamplace.ops.electric_potential.electric_potential - density backward 0.393 ms
[DEBUG  ] dreamplace.ops.weighted_average_wirelength.weighted_average_wirelength - wirelength backward 0.103 ms
[INFO   ] DREAMPlace - optimizer step 8.522 ms
[INFO   ] DREAMPlace - iteration  870, (  92,  1,  0), Obj 4.505560E+03, NetCrossing 6.786E+00, NetCrossingWeight 1.000000E+00, DensityWeight 4.276801E+00, HPWL 2.602160E+03, Overflow 2.108484E-02, MaxDensity 1.211E+00, MacroOverlap 2.689E-04, MacroOverlapWeight 8.000000E-06, gamma 4.739431E-02, time 2.889ms
[INFO   ] DREAMPlace - full step 11.876 ms
[DEBUG  ] dreamplace.ops.weighted_average_wirelength.weighted_average_wirelength - wirelength forward 0.058 ms
[DEBUG  ] dreamplace.ops.electric_potential.electric_potential - density forward 1.000 ms
[DEBUG  ] dreamplace.ops.electric_potential.electric_potential - density backward 0.413 ms
[DEBUG  ] dreamplace.ops.weighted_average_wirelength.weighted_average_wirelength - wirelength backward 0.109 ms
[INFO   ] DREAMPlace - optimizer step 8.855 ms
[INFO   ] DREAMPlace - iteration  871, (  92,  1,  1), Obj 4.574219E+03, NetCrossing 5.961E+00, NetCrossingWeight 1.000000E+00, DensityWeight 4.276801E+00, HPWL 2.602734E+03, Overflow 2.105250E-02, MaxDensity 1.211E+00, MacroOverlap 2.662E-04, MacroOverlapWeight 8.000000E-06, gamma 4.739431E-02, time 2.831ms
[INFO   ] DREAMPlace - full step 12.154 ms
[INFO   ] DREAMPlace - Lsub stopping criteria: 1 and 4574.22 > 4505.56 * 0.999
[INFO   ] DREAMPlace - Llambda stopping criteria: 1 and (( 0.0210525 < 0.1 and 2602.73 > 2601.48 ) or 1.21074 < 1.0)
[DEBUG  ] dreamplace.ops.weighted_average_wirelength.weighted_average_wirelength - wirelength forward 0.062 ms
[DEBUG  ] dreamplace.ops.electric_potential.electric_potential - density forward 0.974 ms
[DEBUG  ] dreamplace.ops.electric_potential.electric_potential - density backward 0.394 ms
[DEBUG  ] dreamplace.ops.weighted_average_wirelength.weighted_average_wirelength - wirelength backward 0.106 ms
[INFO   ] DREAMPlace - optimizer step 8.655 ms
[INFO   ] DREAMPlace - iteration  872, (  93,  0,  0), Obj 4.589240E+03, NetCrossing 6.562E+00, NetCrossingWeight 1.000000E+00, DensityWeight 4.459796E+00, HPWL 2.603539E+03, Overflow 2.100035E-02, MaxDensity 1.211E+00, MacroOverlap 2.633E-04, MacroOverlapWeight 8.000000E-06, gamma 4.737205E-02, time 2.991ms
[INFO   ] DREAMPlace - full step 12.123 ms
[DEBUG  ] dreamplace.ops.weighted_average_wirelength.weighted_average_wirelength - wirelength forward 0.063 ms
[DEBUG  ] dreamplace.ops.electric_potential.electric_potential - density forward 0.971 ms
[DEBUG  ] dreamplace.ops.electric_potential.electric_potential - density backward 0.422 ms
[DEBUG  ] dreamplace.ops.weighted_average_wirelength.weighted_average_wirelength - wirelength backward 0.110 ms
[INFO   ] DREAMPlace - optimizer step 9.070 ms
[INFO   ] DREAMPlace - iteration  873, (  93,  0,  1), Obj 4.659270E+03, NetCrossing 6.557E+00, NetCrossingWeight 1.000000E+00, DensityWeight 4.459796E+00, HPWL 2.604207E+03, Overflow 2.096800E-02, MaxDensity 1.211E+00, MacroOverlap 2.604E-04, MacroOverlapWeight 8.000000E-06, gamma 4.737205E-02, time 2.953ms
[INFO   ] DREAMPlace - full step 12.520 ms
[INFO   ] DREAMPlace - Lsub stopping criteria: 1 and 4659.27 > 4589.24 * 0.999
[DEBUG  ] dreamplace.ops.weighted_average_wirelength.weighted_average_wirelength - wirelength forward 0.065 ms
[DEBUG  ] dreamplace.ops.electric_potential.electric_potential - density forward 1.036 ms
[DEBUG  ] dreamplace.ops.electric_potential.electric_potential - density backward 0.440 ms
[DEBUG  ] dreamplace.ops.weighted_average_wirelength.weighted_average_wirelength - wirelength backward 0.127 ms
[INFO   ] DREAMPlace - optimizer step 9.305 ms
[INFO   ] DREAMPlace - iteration  874, (  93,  1,  0), Obj 4.670334E+03, NetCrossing 6.455E+00, NetCrossingWeight 1.000000E+00, DensityWeight 4.650621E+00, HPWL 2.605065E+03, Overflow 2.091608E-02, MaxDensity 1.211E+00, MacroOverlap 2.575E-04, MacroOverlapWeight 8.000000E-06, gamma 4.737205E-02, time 2.969ms
[INFO   ] DREAMPlace - full step 12.761 ms
[DEBUG  ] dreamplace.ops.weighted_average_wirelength.weighted_average_wirelength - wirelength forward 0.065 ms
[DEBUG  ] dreamplace.ops.electric_potential.electric_potential - density forward 1.004 ms
[DEBUG  ] dreamplace.ops.electric_potential.electric_potential - density backward 0.420 ms
[DEBUG  ] dreamplace.ops.weighted_average_wirelength.weighted_average_wirelength - wirelength backward 0.116 ms
[INFO   ] DREAMPlace - optimizer step 9.402 ms
[INFO   ] DREAMPlace - iteration  875, (  93,  1,  1), Obj 4.745595E+03, NetCrossing 7.151E+00, NetCrossingWeight 1.000000E+00, DensityWeight 4.650621E+00, HPWL 2.605763E+03, Overflow 2.088818E-02, MaxDensity 1.211E+00, MacroOverlap 2.549E-04, MacroOverlapWeight 8.000000E-06, gamma 4.737205E-02, time 3.005ms
[INFO   ] DREAMPlace - full step 12.903 ms
[INFO   ] DREAMPlace - Lsub stopping criteria: 1 and 4745.59 > 4670.33 * 0.999
[INFO   ] DREAMPlace - Llambda stopping criteria: 1 and (( 0.0208882 < 0.1 and 2605.76 > 2604.21 ) or 1.21074 < 1.0)
[DEBUG  ] dreamplace.ops.weighted_average_wirelength.weighted_average_wirelength - wirelength forward 0.065 ms
[DEBUG  ] dreamplace.ops.electric_potential.electric_potential - density forward 1.008 ms
[DEBUG  ] dreamplace.ops.electric_potential.electric_potential - density backward 0.421 ms
[DEBUG  ] dreamplace.ops.weighted_average_wirelength.weighted_average_wirelength - wirelength backward 0.079 ms
[INFO   ] DREAMPlace - optimizer step 9.111 ms
[INFO   ] DREAMPlace - iteration  876, (  94,  0,  0), Obj 4.757838E+03, NetCrossing 6.225E+00, NetCrossingWeight 1.000000E+00, DensityWeight 4.849612E+00, HPWL 2.606620E+03, Overflow 2.083485E-02, MaxDensity 1.211E+00, MacroOverlap 2.524E-04, MacroOverlapWeight 8.000000E-06, gamma 4.733224E-02, time 3.022ms
[INFO   ] DREAMPlace - full step 12.600 ms
[DEBUG  ] dreamplace.ops.weighted_average_wirelength.weighted_average_wirelength - wirelength forward 0.061 ms
[DEBUG  ] dreamplace.ops.electric_potential.electric_potential - density forward 0.951 ms
[DEBUG  ] dreamplace.ops.electric_potential.electric_potential - density backward 0.348 ms
[DEBUG  ] dreamplace.ops.weighted_average_wirelength.weighted_average_wirelength - wirelength backward 0.080 ms
[INFO   ] DREAMPlace - optimizer step 7.805 ms
[INFO   ] DREAMPlace - iteration  877, (  94,  0,  1), Obj 4.838848E+03, NetCrossing 8.195E+00, NetCrossingWeight 1.000000E+00, DensityWeight 4.849612E+00, HPWL 2.607318E+03, Overflow 2.080162E-02, MaxDensity 1.211E+00, MacroOverlap 2.502E-04, MacroOverlapWeight 8.000000E-06, gamma 4.733224E-02, time 2.923ms
[INFO   ] DREAMPlace - full step 11.200 ms
[INFO   ] DREAMPlace - Lsub stopping criteria: 1 and 4838.85 > 4757.84 * 0.999
[DEBUG  ] dreamplace.ops.weighted_average_wirelength.weighted_average_wirelength - wirelength forward 0.059 ms
[DEBUG  ] dreamplace.ops.electric_potential.electric_potential - density forward 0.932 ms
[DEBUG  ] dreamplace.ops.electric_potential.electric_potential - density backward 0.381 ms
[DEBUG  ] dreamplace.ops.weighted_average_wirelength.weighted_average_wirelength - wirelength backward 0.098 ms
[INFO   ] DREAMPlace - optimizer step 8.351 ms
[INFO   ] DREAMPlace - iteration  878, (  94,  1,  0), Obj 4.849257E+03, NetCrossing 7.472E+00, NetCrossingWeight 1.000000E+00, DensityWeight 5.057117E+00, HPWL 2.608127E+03, Overflow 2.075398E-02, MaxDensity 1.211E+00, MacroOverlap 2.481E-04, MacroOverlapWeight 8.000000E-06, gamma 4.733224E-02, time 2.944ms
[INFO   ] DREAMPlace - full step 11.755 ms
[DEBUG  ] dreamplace.ops.weighted_average_wirelength.weighted_average_wirelength - wirelength forward 0.060 ms
[DEBUG  ] dreamplace.ops.electric_potential.electric_potential - density forward 0.958 ms
[DEBUG  ] dreamplace.ops.electric_potential.electric_potential - density backward 0.395 ms
[DEBUG  ] dreamplace.ops.weighted_average_wirelength.weighted_average_wirelength - wirelength backward 0.103 ms
[INFO   ] DREAMPlace - optimizer step 8.598 ms
[INFO   ] DREAMPlace - iteration  879, (  94,  1,  1), Obj 4.930553E+03, NetCrossing 6.561E+00, NetCrossingWeight 1.000000E+00, DensityWeight 5.057117E+00, HPWL 2.608752E+03, Overflow 2.073173E-02, MaxDensity 1.211E+00, MacroOverlap 2.466E-04, MacroOverlapWeight 8.000000E-06, gamma 4.733224E-02, time 2.866ms
[INFO   ] DREAMPlace - full step 11.931 ms
[INFO   ] DREAMPlace - Lsub stopping criteria: 1 and 4930.55 > 4849.26 * 0.999
[INFO   ] DREAMPlace - Llambda stopping criteria: 1 and (( 0.0207317 < 0.1 and 2608.75 > 2607.32 ) or 1.21074 < 1.0)
[DEBUG  ] dreamplace.ops.weighted_average_wirelength.weighted_average_wirelength - wirelength forward 0.063 ms
[DEBUG  ] dreamplace.ops.electric_potential.electric_potential - density forward 0.974 ms
[DEBUG  ] dreamplace.ops.electric_potential.electric_potential - density backward 0.451 ms
[DEBUG  ] dreamplace.ops.weighted_average_wirelength.weighted_average_wirelength - wirelength backward 0.117 ms
[INFO   ] DREAMPlace - optimizer step 9.063 ms
[INFO   ] DREAMPlace - iteration  880, (  95,  0,  0), Obj 4.941143E+03, NetCrossing 7.164E+00, NetCrossingWeight 1.000000E+00, DensityWeight 5.273500E+00, HPWL 2.609689E+03, Overflow 2.068224E-02, MaxDensity 1.211E+00, MacroOverlap 2.448E-04, MacroOverlapWeight 8.000000E-06, gamma 4.729435E-02, time 2.974ms
[INFO   ] DREAMPlace - full step 12.508 ms
[DEBUG  ] dreamplace.ops.weighted_average_wirelength.weighted_average_wirelength - wirelength forward 0.064 ms
[DEBUG  ] dreamplace.ops.electric_potential.electric_potential - density forward 0.996 ms
[DEBUG  ] dreamplace.ops.electric_potential.electric_potential - density backward 0.422 ms
[DEBUG  ] dreamplace.ops.weighted_average_wirelength.weighted_average_wirelength - wirelength backward 0.110 ms
[INFO   ] DREAMPlace - optimizer step 9.145 ms
[INFO   ] DREAMPlace - iteration  881, (  95,  0,  1), Obj 5.023866E+03, NetCrossing 6.795E+00, NetCrossingWeight 1.000000E+00, DensityWeight 5.273500E+00, HPWL 2.610513E+03, Overflow 2.065482E-02, MaxDensity 1.211E+00, MacroOverlap 2.437E-04, MacroOverlapWeight 8.000000E-06, gamma 4.729435E-02, time 2.964ms
[INFO   ] DREAMPlace - full step 12.593 ms
[INFO   ] DREAMPlace - Lsub stopping criteria: 1 and 5023.87 > 4941.14 * 0.999
[DEBUG  ] dreamplace.ops.weighted_average_wirelength.weighted_average_wirelength - wirelength forward 0.066 ms
[DEBUG  ] dreamplace.ops.electric_potential.electric_potential - density forward 1.007 ms
[DEBUG  ] dreamplace.ops.electric_potential.electric_potential - density backward 0.439 ms
[DEBUG  ] dreamplace.ops.weighted_average_wirelength.weighted_average_wirelength - wirelength backward 0.127 ms
[INFO   ] DREAMPlace - optimizer step 9.411 ms
[INFO   ] DREAMPlace - iteration  882, (  95,  1,  0), Obj 5.037451E+03, NetCrossing 7.648E+00, NetCrossingWeight 1.000000E+00, DensityWeight 5.499142E+00, HPWL 2.611475E+03, Overflow 2.059394E-02, MaxDensity 1.211E+00, MacroOverlap 2.423E-04, MacroOverlapWeight 8.000000E-06, gamma 4.729435E-02, time 3.007ms
[INFO   ] DREAMPlace - full step 12.911 ms
[DEBUG  ] dreamplace.ops.weighted_average_wirelength.weighted_average_wirelength - wirelength forward 0.065 ms
[DEBUG  ] dreamplace.ops.electric_potential.electric_potential - density forward 1.003 ms
[DEBUG  ] dreamplace.ops.electric_potential.electric_potential - density backward 0.432 ms
[DEBUG  ] dreamplace.ops.weighted_average_wirelength.weighted_average_wirelength - wirelength backward 0.117 ms
[INFO   ] DREAMPlace - optimizer step 9.349 ms
[INFO   ] DREAMPlace - iteration  883, (  95,  1,  1), Obj 5.120266E+03, NetCrossing 6.798E+00, NetCrossingWeight 1.000000E+00, DensityWeight 5.499142E+00, HPWL 2.612297E+03, Overflow 2.055651E-02, MaxDensity 1.211E+00, MacroOverlap 2.416E-04, MacroOverlapWeight 8.000000E-06, gamma 4.729435E-02, time 3.043ms
[INFO   ] DREAMPlace - full step 12.905 ms
[INFO   ] DREAMPlace - Lsub stopping criteria: 1 and 5120.27 > 5037.45 * 0.999
[INFO   ] DREAMPlace - Llambda stopping criteria: 1 and (( 0.0205565 < 0.1 and 2612.3 > 2610.51 ) or 1.21074 < 1.0)
[DEBUG  ] dreamplace.ops.weighted_average_wirelength.weighted_average_wirelength - wirelength forward 0.060 ms
[DEBUG  ] dreamplace.ops.electric_potential.electric_potential - density forward 0.944 ms
[DEBUG  ] dreamplace.ops.electric_potential.electric_potential - density backward 0.443 ms
[DEBUG  ] dreamplace.ops.weighted_average_wirelength.weighted_average_wirelength - wirelength backward 0.079 ms
[INFO   ] DREAMPlace - optimizer step 8.791 ms
[INFO   ] DREAMPlace - iteration  884, (  96,  0,  0), Obj 5.138376E+03, NetCrossing 7.884E+00, NetCrossingWeight 1.000000E+00, DensityWeight 5.734439E+00, HPWL 2.613261E+03, Overflow 2.051176E-02, MaxDensity 1.211E+00, MacroOverlap 2.405E-04, MacroOverlapWeight 8.000000E-06, gamma 4.725198E-02, time 3.158ms
[INFO   ] DREAMPlace - full step 12.411 ms
[DEBUG  ] dreamplace.ops.weighted_average_wirelength.weighted_average_wirelength - wirelength forward 0.063 ms
[DEBUG  ] dreamplace.ops.electric_potential.electric_potential - density forward 0.986 ms
[DEBUG  ] dreamplace.ops.electric_potential.electric_potential - density backward 0.350 ms
[DEBUG  ] dreamplace.ops.weighted_average_wirelength.weighted_average_wirelength - wirelength backward 0.080 ms
[INFO   ] DREAMPlace - optimizer step 7.913 ms
[INFO   ] DREAMPlace - iteration  885, (  96,  0,  1), Obj 5.224649E+03, NetCrossing 6.482E+00, NetCrossingWeight 1.000000E+00, DensityWeight 5.734439E+00, HPWL 2.614198E+03, Overflow 2.049680E-02, MaxDensity 1.211E+00, MacroOverlap 2.396E-04, MacroOverlapWeight 8.000000E-06, gamma 4.725198E-02, time 3.014ms
[INFO   ] DREAMPlace - full step 11.398 ms
[INFO   ] DREAMPlace - Lsub stopping criteria: 1 and 5224.65 > 5138.38 * 0.999
[DEBUG  ] dreamplace.ops.weighted_average_wirelength.weighted_average_wirelength - wirelength forward 0.058 ms
[DEBUG  ] dreamplace.ops.electric_potential.electric_potential - density forward 0.934 ms
[DEBUG  ] dreamplace.ops.electric_potential.electric_potential - density backward 0.383 ms
[DEBUG  ] dreamplace.ops.weighted_average_wirelength.weighted_average_wirelength - wirelength backward 0.109 ms
[INFO   ] DREAMPlace - optimizer step 8.329 ms
[INFO   ] DREAMPlace - iteration  886, (  96,  1,  0), Obj 5.244755E+03, NetCrossing 5.720E+00, NetCrossingWeight 1.000000E+00, DensityWeight 5.979803E+00, HPWL 2.615253E+03, Overflow 2.046534E-02, MaxDensity 1.211E+00, MacroOverlap 2.386E-04, MacroOverlapWeight 8.000000E-06, gamma 4.725198E-02, time 2.947ms
[INFO   ] DREAMPlace - full step 11.735 ms
[DEBUG  ] dreamplace.ops.weighted_average_wirelength.weighted_average_wirelength - wirelength forward 0.061 ms
[DEBUG  ] dreamplace.ops.electric_potential.electric_potential - density forward 1.180 ms
[DEBUG  ] dreamplace.ops.electric_potential.electric_potential - density backward 0.416 ms
[DEBUG  ] dreamplace.ops.weighted_average_wirelength.weighted_average_wirelength - wirelength backward 0.111 ms
[INFO   ] DREAMPlace - optimizer step 9.113 ms
[INFO   ] DREAMPlace - iteration  887, (  96,  1,  1), Obj 5.332908E+03, NetCrossing 6.258E+00, NetCrossingWeight 1.000000E+00, DensityWeight 5.979803E+00, HPWL 2.616221E+03, Overflow 2.045596E-02, MaxDensity 1.211E+00, MacroOverlap 2.376E-04, MacroOverlapWeight 8.000000E-06, gamma 4.725198E-02, time 2.891ms
[INFO   ] DREAMPlace - full step 12.472 ms
[INFO   ] DREAMPlace - Lsub stopping criteria: 1 and 5332.91 > 5244.76 * 0.999
[INFO   ] DREAMPlace - Llambda stopping criteria: 1 and (( 0.020456 < 0.1 and 2616.22 > 2614.2 ) or 1.21074 < 1.0)
[DEBUG  ] dreamplace.ops.weighted_average_wirelength.weighted_average_wirelength - wirelength forward 0.062 ms
[DEBUG  ] dreamplace.ops.electric_potential.electric_potential - density forward 1.099 ms
[DEBUG  ] dreamplace.ops.electric_potential.electric_potential - density backward 0.441 ms
[DEBUG  ] dreamplace.ops.weighted_average_wirelength.weighted_average_wirelength - wirelength backward 0.127 ms
[INFO   ] DREAMPlace - optimizer step 9.310 ms
[INFO   ] DREAMPlace - iteration  888, (  97,  0,  0), Obj 5.355143E+03, NetCrossing 6.265E+00, NetCrossingWeight 1.000000E+00, DensityWeight 6.235666E+00, HPWL 2.617226E+03, Overflow 2.045452E-02, MaxDensity 1.211E+00, MacroOverlap 2.362E-04, MacroOverlapWeight 8.000000E-06, gamma 4.722768E-02, time 2.939ms
[INFO   ] DREAMPlace - full step 12.716 ms
[DEBUG  ] dreamplace.ops.weighted_average_wirelength.weighted_average_wirelength - wirelength forward 0.064 ms
[DEBUG  ] dreamplace.ops.electric_potential.electric_potential - density forward 0.990 ms
[DEBUG  ] dreamplace.ops.electric_potential.electric_potential - density backward 0.424 ms
[DEBUG  ] dreamplace.ops.weighted_average_wirelength.weighted_average_wirelength - wirelength backward 0.117 ms
[INFO   ] DREAMPlace - optimizer step 9.370 ms
[INFO   ] DREAMPlace - iteration  889, (  97,  0,  1), Obj 5.450502E+03, NetCrossing 6.272E+00, NetCrossingWeight 1.000000E+00, DensityWeight 6.235666E+00, HPWL 2.618267E+03, Overflow 2.044802E-02, MaxDensity 1.211E+00, MacroOverlap 2.343E-04, MacroOverlapWeight 8.000000E-06, gamma 4.722768E-02, time 2.955ms
[INFO   ] DREAMPlace - full step 12.825 ms
[INFO   ] DREAMPlace - Lsub stopping criteria: 1 and 5450.5 > 5355.14 * 0.999
[DEBUG  ] dreamplace.ops.weighted_average_wirelength.weighted_average_wirelength - wirelength forward 0.066 ms
[DEBUG  ] dreamplace.ops.electric_potential.electric_potential - density forward 1.005 ms
[DEBUG  ] dreamplace.ops.electric_potential.electric_potential - density backward 0.431 ms
[DEBUG  ] dreamplace.ops.weighted_average_wirelength.weighted_average_wirelength - wirelength backward 0.076 ms
[INFO   ] DREAMPlace - optimizer step 9.072 ms
[INFO   ] DREAMPlace - iteration  890, (  97,  1,  0), Obj 5.476123E+03, NetCrossing 6.282E+00, NetCrossingWeight 1.000000E+00, DensityWeight 6.502476E+00, HPWL 2.619367E+03, Overflow 2.043469E-02, MaxDensity 1.211E+00, MacroOverlap 2.318E-04, MacroOverlapWeight 8.000000E-06, gamma 4.722768E-02, time 3.036ms
[INFO   ] DREAMPlace - full step 12.600 ms
[DEBUG  ] dreamplace.ops.weighted_average_wirelength.weighted_average_wirelength - wirelength forward 0.059 ms
[DEBUG  ] dreamplace.ops.electric_potential.electric_potential - density forward 1.069 ms
[DEBUG  ] dreamplace.ops.electric_potential.electric_potential - density backward 0.343 ms
[DEBUG  ] dreamplace.ops.weighted_average_wirelength.weighted_average_wirelength - wirelength backward 0.077 ms
[INFO   ] DREAMPlace - optimizer step 7.734 ms
[INFO   ] DREAMPlace - iteration  891, (  97,  1,  1), Obj 5.573237E+03, NetCrossing 7.293E+00, NetCrossingWeight 1.000000E+00, DensityWeight 6.502476E+00, HPWL 2.620514E+03, Overflow 2.041729E-02, MaxDensity 1.211E+00, MacroOverlap 2.291E-04, MacroOverlapWeight 8.000000E-06, gamma 4.722768E-02, time 3.090ms
[INFO   ] DREAMPlace - full step 11.298 ms
[INFO   ] DREAMPlace - Lsub stopping criteria: 1 and 5573.24 > 5476.12 * 0.999
[INFO   ] DREAMPlace - Llambda stopping criteria: 1 and (( 0.0204173 < 0.1 and 2620.51 > 2618.27 ) or 1.21074 < 1.0)
[DEBUG  ] dreamplace.ops.weighted_average_wirelength.weighted_average_wirelength - wirelength forward 0.058 ms
[DEBUG  ] dreamplace.ops.electric_potential.electric_potential - density forward 0.940 ms
[DEBUG  ] dreamplace.ops.electric_potential.electric_potential - density backward 0.388 ms
[DEBUG  ] dreamplace.ops.weighted_average_wirelength.weighted_average_wirelength - wirelength backward 0.113 ms
[INFO   ] DREAMPlace - optimizer step 8.293 ms
[INFO   ] DREAMPlace - iteration  892, (  98,  0,  0), Obj 5.596923E+03, NetCrossing 6.539E+00, NetCrossingWeight 1.000000E+00, DensityWeight 6.780703E+00, HPWL 2.621763E+03, Overflow 2.038422E-02, MaxDensity 1.211E+00, MacroOverlap 2.261E-04, MacroOverlapWeight 8.000000E-06, gamma 4.721833E-02, time 2.830ms
[INFO   ] DREAMPlace - full step 11.567 ms
[DEBUG  ] dreamplace.ops.weighted_average_wirelength.weighted_average_wirelength - wirelength forward 0.070 ms
[DEBUG  ] dreamplace.ops.electric_potential.electric_potential - density forward 4.596 ms
[DEBUG  ] dreamplace.ops.electric_potential.electric_potential - density backward 0.409 ms
[DEBUG  ] dreamplace.ops.weighted_average_wirelength.weighted_average_wirelength - wirelength backward 0.110 ms
[INFO   ] DREAMPlace - optimizer step 12.403 ms
[INFO   ] DREAMPlace - iteration  893, (  98,  0,  1), Obj 5.698855E+03, NetCrossing 6.548E+00, NetCrossingWeight 1.000000E+00, DensityWeight 6.780703E+00, HPWL 2.623053E+03, Overflow 2.036200E-02, MaxDensity 1.211E+00, MacroOverlap 2.228E-04, MacroOverlapWeight 8.000000E-06, gamma 4.721833E-02, time 2.849ms
[INFO   ] DREAMPlace - full step 15.729 ms
[INFO   ] DREAMPlace - Lsub stopping criteria: 1 and 5698.85 > 5596.92 * 0.999
[DEBUG  ] dreamplace.ops.weighted_average_wirelength.weighted_average_wirelength - wirelength forward 0.059 ms
[DEBUG  ] dreamplace.ops.electric_potential.electric_potential - density forward 1.133 ms
[DEBUG  ] dreamplace.ops.electric_potential.electric_potential - density backward 0.424 ms
[DEBUG  ] dreamplace.ops.weighted_average_wirelength.weighted_average_wirelength - wirelength backward 0.127 ms
[INFO   ] DREAMPlace - optimizer step 9.284 ms
[INFO   ] DREAMPlace - iteration  894, (  98,  1,  0), Obj 5.728636E+03, NetCrossing 6.317E+00, NetCrossingWeight 1.000000E+00, DensityWeight 7.070834E+00, HPWL 2.624337E+03, Overflow 2.032095E-02, MaxDensity 1.211E+00, MacroOverlap 2.197E-04, MacroOverlapWeight 8.000000E-06, gamma 4.721833E-02, time 3.215ms
[INFO   ] DREAMPlace - full step 12.950 ms
[DEBUG  ] dreamplace.ops.weighted_average_wirelength.weighted_average_wirelength - wirelength forward 0.063 ms
[DEBUG  ] dreamplace.ops.electric_potential.electric_potential - density forward 1.128 ms
[DEBUG  ] dreamplace.ops.electric_potential.electric_potential - density backward 0.425 ms
[DEBUG  ] dreamplace.ops.weighted_average_wirelength.weighted_average_wirelength - wirelength backward 0.118 ms
[INFO   ] DREAMPlace - optimizer step 9.537 ms
[INFO   ] DREAMPlace - iteration  895, (  98,  1,  1), Obj 5.836975E+03, NetCrossing 7.638E+00, NetCrossingWeight 1.000000E+00, DensityWeight 7.070834E+00, HPWL 2.625668E+03, Overflow 2.028192E-02, MaxDensity 1.211E+00, MacroOverlap 2.163E-04, MacroOverlapWeight 8.000000E-06, gamma 4.721833E-02, time 2.905ms
[INFO   ] DREAMPlace - full step 12.910 ms
[INFO   ] DREAMPlace - Lsub stopping criteria: 1 and 5836.97 > 5728.64 * 0.999
[INFO   ] DREAMPlace - Llambda stopping criteria: 1 and (( 0.0202819 < 0.1 and 2625.67 > 2623.05 ) or 1.21074 < 1.0)
[DEBUG  ] dreamplace.ops.weighted_average_wirelength.weighted_average_wirelength - wirelength forward 0.066 ms
[DEBUG  ] dreamplace.ops.electric_potential.electric_potential - density forward 1.013 ms
[DEBUG  ] dreamplace.ops.electric_potential.electric_potential - density backward 0.441 ms
[DEBUG  ] dreamplace.ops.weighted_average_wirelength.weighted_average_wirelength - wirelength backward 0.126 ms
[INFO   ] DREAMPlace - optimizer step 9.541 ms
[INFO   ] DREAMPlace - iteration  896, (  99,  0,  0), Obj 5.869515E+03, NetCrossing 7.265E+00, NetCrossingWeight 1.000000E+00, DensityWeight 7.373379E+00, HPWL 2.627020E+03, Overflow 2.024977E-02, MaxDensity 1.211E+00, MacroOverlap 2.130E-04, MacroOverlapWeight 8.000000E-06, gamma 4.718563E-02, time 3.033ms
[INFO   ] DREAMPlace - full step 13.059 ms
[DEBUG  ] dreamplace.ops.weighted_average_wirelength.weighted_average_wirelength - wirelength forward 0.060 ms
[DEBUG  ] dreamplace.ops.electric_potential.electric_potential - density forward 1.061 ms
[DEBUG  ] dreamplace.ops.electric_potential.electric_potential - density backward 0.443 ms
[DEBUG  ] dreamplace.ops.weighted_average_wirelength.weighted_average_wirelength - wirelength backward 0.074 ms
[INFO   ] DREAMPlace - optimizer step 9.128 ms
[INFO   ] DREAMPlace - iteration  897, (  99,  0,  1), Obj 5.984404E+03, NetCrossing 6.885E+00, NetCrossingWeight 1.000000E+00, DensityWeight 7.373379E+00, HPWL 2.628461E+03, Overflow 2.019412E-02, MaxDensity 1.211E+00, MacroOverlap 2.095E-04, MacroOverlapWeight 8.000000E-06, gamma 4.718563E-02, time 3.046ms
[INFO   ] DREAMPlace - full step 12.652 ms
[INFO   ] DREAMPlace - Lsub stopping criteria: 1 and 5984.4 > 5869.52 * 0.999
[DEBUG  ] dreamplace.ops.weighted_average_wirelength.weighted_average_wirelength - wirelength forward 0.064 ms
[DEBUG  ] dreamplace.ops.electric_potential.electric_potential - density forward 1.284 ms
[DEBUG  ] dreamplace.ops.electric_potential.electric_potential - density backward 0.340 ms
[DEBUG  ] dreamplace.ops.weighted_average_wirelength.weighted_average_wirelength - wirelength backward 0.098 ms
[INFO   ] DREAMPlace - optimizer step 8.225 ms
[INFO   ] DREAMPlace - iteration  898, (  99,  1,  0), Obj 6.011741E+03, NetCrossing 6.582E+00, NetCrossingWeight 1.000000E+00, DensityWeight 7.688869E+00, HPWL 2.629937E+03, Overflow 2.011076E-02, MaxDensity 1.211E+00, MacroOverlap 2.063E-04, MacroOverlapWeight 8.000000E-06, gamma 4.718563E-02, time 2.988ms
[INFO   ] DREAMPlace - full step 11.689 ms
[DEBUG  ] dreamplace.ops.weighted_average_wirelength.weighted_average_wirelength - wirelength forward 0.059 ms
[DEBUG  ] dreamplace.ops.electric_potential.electric_potential - density forward 1.055 ms
[DEBUG  ] dreamplace.ops.electric_potential.electric_potential - density backward 0.388 ms
[DEBUG  ] dreamplace.ops.weighted_average_wirelength.weighted_average_wirelength - wirelength backward 0.111 ms
[INFO   ] DREAMPlace - optimizer step 8.700 ms
[INFO   ] DREAMPlace - iteration  899, (  99,  1,  1), Obj 6.131808E+03, NetCrossing 6.345E+00, NetCrossingWeight 1.000000E+00, DensityWeight 7.688869E+00, HPWL 2.631473E+03, Overflow 2.002238E-02, MaxDensity 1.211E+00, MacroOverlap 2.029E-04, MacroOverlapWeight 8.000000E-06, gamma 4.718563E-02, time 2.964ms
[INFO   ] DREAMPlace - full step 12.135 ms
[INFO   ] DREAMPlace - Lsub stopping criteria: 1 and 6131.81 > 6011.74 * 0.999
[INFO   ] DREAMPlace - Llambda stopping criteria: 1 and (( 0.0200224 < 0.1 and 2631.47 > 2628.46 ) or 1.21074 < 1.0)
[INFO   ] DREAMPlace - plotting to ./results/reproduce-may20/small-8/ET095_A00/run-2_0_0/ET095_A00/plot/iter0900.png takes 0.041 seconds
[DEBUG  ] dreamplace.ops.weighted_average_wirelength.weighted_average_wirelength - wirelength forward 0.085 ms
[DEBUG  ] dreamplace.ops.electric_potential.electric_potential - density forward 1.112 ms
[DEBUG  ] dreamplace.ops.electric_potential.electric_potential - density backward 0.458 ms
[DEBUG  ] dreamplace.ops.weighted_average_wirelength.weighted_average_wirelength - wirelength backward 0.108 ms
[INFO   ] DREAMPlace - optimizer step 9.926 ms
[INFO   ] DREAMPlace - iteration  900, ( 100,  0,  0), Obj 6.157366E+03, NetCrossing 6.350E+00, NetCrossingWeight 1.000000E+00, DensityWeight 8.017858E+00, HPWL 2.632993E+03, Overflow 1.994102E-02, MaxDensity 1.211E+00, MacroOverlap 1.999E-04, MacroOverlapWeight 8.000000E-06, gamma 4.712301E-02, time 2.909ms
[INFO   ] DREAMPlace - full step 55.011 ms
[DEBUG  ] dreamplace.ops.weighted_average_wirelength.weighted_average_wirelength - wirelength forward 0.062 ms
[DEBUG  ] dreamplace.ops.electric_potential.electric_potential - density forward 1.098 ms
[DEBUG  ] dreamplace.ops.electric_potential.electric_potential - density backward 0.407 ms
[DEBUG  ] dreamplace.ops.weighted_average_wirelength.weighted_average_wirelength - wirelength backward 0.122 ms
[INFO   ] DREAMPlace - optimizer step 9.047 ms
[INFO   ] DREAMPlace - iteration  901, ( 100,  0,  1), Obj 6.280326E+03, NetCrossing 7.589E+00, NetCrossingWeight 1.000000E+00, DensityWeight 8.017858E+00, HPWL 2.634596E+03, Overflow 1.985244E-02, MaxDensity 1.211E+00, MacroOverlap 1.966E-04, MacroOverlapWeight 8.000000E-06, gamma 4.712301E-02, time 3.011ms
[INFO   ] DREAMPlace - full step 12.577 ms
[INFO   ] DREAMPlace - Lsub stopping criteria: 1 and 6280.33 > 6157.37 * 0.999
[DEBUG  ] dreamplace.ops.weighted_average_wirelength.weighted_average_wirelength - wirelength forward 0.066 ms
[DEBUG  ] dreamplace.ops.electric_potential.electric_potential - density forward 1.044 ms
[DEBUG  ] dreamplace.ops.electric_potential.electric_potential - density backward 0.456 ms
[DEBUG  ] dreamplace.ops.weighted_average_wirelength.weighted_average_wirelength - wirelength backward 0.130 ms
[INFO   ] DREAMPlace - optimizer step 9.574 ms
[INFO   ] DREAMPlace - iteration  902, ( 100,  1,  0), Obj 6.302465E+03, NetCrossing 6.895E+00, NetCrossingWeight 1.000000E+00, DensityWeight 8.360923E+00, HPWL 2.636208E+03, Overflow 1.978638E-02, MaxDensity 1.211E+00, MacroOverlap 1.936E-04, MacroOverlapWeight 8.000000E-06, gamma 4.712301E-02, time 3.079ms
[INFO   ] DREAMPlace - full step 13.155 ms
[DEBUG  ] dreamplace.ops.weighted_average_wirelength.weighted_average_wirelength - wirelength forward 0.066 ms
[DEBUG  ] dreamplace.ops.electric_potential.electric_potential - density forward 1.057 ms
[DEBUG  ] dreamplace.ops.electric_potential.electric_potential - density backward 0.450 ms
[DEBUG  ] dreamplace.ops.weighted_average_wirelength.weighted_average_wirelength - wirelength backward 0.140 ms
[INFO   ] DREAMPlace - optimizer step 9.739 ms
[INFO   ] DREAMPlace - iteration  903, ( 100,  1,  1), Obj 6.425153E+03, NetCrossing 7.110E+00, NetCrossingWeight 1.000000E+00, DensityWeight 8.360923E+00, HPWL 2.637810E+03, Overflow 1.970529E-02, MaxDensity 1.211E+00, MacroOverlap 1.904E-04, MacroOverlapWeight 8.000000E-06, gamma 4.712301E-02, time 3.007ms
[INFO   ] DREAMPlace - full step 13.259 ms
[INFO   ] DREAMPlace - Lsub stopping criteria: 1 and 6425.15 > 6302.47 * 0.999
[INFO   ] DREAMPlace - Llambda stopping criteria: 1 and (( 0.0197053 < 0.1 and 2637.81 > 2634.6 ) or 1.21074 < 1.0)
[DEBUG  ] dreamplace.ops.weighted_average_wirelength.weighted_average_wirelength - wirelength forward 0.068 ms
[DEBUG  ] dreamplace.ops.electric_potential.electric_potential - density forward 1.056 ms
[DEBUG  ] dreamplace.ops.electric_potential.electric_potential - density backward 0.358 ms
[DEBUG  ] dreamplace.ops.weighted_average_wirelength.weighted_average_wirelength - wirelength backward 0.082 ms
[INFO   ] DREAMPlace - optimizer step 8.173 ms
[INFO   ] DREAMPlace - iteration  904, ( 101,  0,  0), Obj 6.443718E+03, NetCrossing 7.346E+00, NetCrossingWeight 1.000000E+00, DensityWeight 8.718667E+00, HPWL 2.639438E+03, Overflow 1.960486E-02, MaxDensity 1.211E+00, MacroOverlap 1.874E-04, MacroOverlapWeight 8.000000E-06, gamma 4.704661E-02, time 3.166ms
[INFO   ] DREAMPlace - full step 11.841 ms
[DEBUG  ] dreamplace.ops.weighted_average_wirelength.weighted_average_wirelength - wirelength forward 0.059 ms
[DEBUG  ] dreamplace.ops.electric_potential.electric_potential - density forward 0.958 ms
[DEBUG  ] dreamplace.ops.electric_potential.electric_potential - density backward 0.385 ms
[DEBUG  ] dreamplace.ops.weighted_average_wirelength.weighted_average_wirelength - wirelength backward 0.099 ms
[INFO   ] DREAMPlace - optimizer step 8.295 ms
[INFO   ] DREAMPlace - iteration  905, ( 101,  0,  1), Obj 6.576251E+03, NetCrossing 6.348E+00, NetCrossingWeight 1.000000E+00, DensityWeight 8.718667E+00, HPWL 2.641049E+03, Overflow 1.949662E-02, MaxDensity 1.211E+00, MacroOverlap 1.845E-04, MacroOverlapWeight 8.000000E-06, gamma 4.704661E-02, time 3.046ms
[INFO   ] DREAMPlace - full step 11.814 ms
[INFO   ] DREAMPlace - Lsub stopping criteria: 1 and 6576.25 > 6443.72 * 0.999
[DEBUG  ] dreamplace.ops.weighted_average_wirelength.weighted_average_wirelength - wirelength forward 0.060 ms
[DEBUG  ] dreamplace.ops.electric_potential.electric_potential - density forward 1.030 ms
[DEBUG  ] dreamplace.ops.electric_potential.electric_potential - density backward 0.388 ms
[DEBUG  ] dreamplace.ops.weighted_average_wirelength.weighted_average_wirelength - wirelength backward 0.099 ms
[INFO   ] DREAMPlace - optimizer step 8.465 ms
[INFO   ] DREAMPlace - iteration  906, ( 101,  1,  0), Obj 6.598066E+03, NetCrossing 7.769E+00, NetCrossingWeight 1.000000E+00, DensityWeight 9.091719E+00, HPWL 2.642557E+03, Overflow 1.941140E-02, MaxDensity 1.211E+00, MacroOverlap 1.819E-04, MacroOverlapWeight 8.000000E-06, gamma 4.704661E-02, time 2.933ms
[INFO   ] DREAMPlace - full step 11.872 ms
[DEBUG  ] dreamplace.ops.weighted_average_wirelength.weighted_average_wirelength - wirelength forward 0.062 ms
[DEBUG  ] dreamplace.ops.electric_potential.electric_potential - density forward 0.986 ms
[DEBUG  ] dreamplace.ops.electric_potential.electric_potential - density backward 0.385 ms
[DEBUG  ] dreamplace.ops.weighted_average_wirelength.weighted_average_wirelength - wirelength backward 0.111 ms
[INFO   ] DREAMPlace - optimizer step 8.502 ms
[INFO   ] DREAMPlace - iteration  907, ( 101,  1,  1), Obj 6.732817E+03, NetCrossing 6.992E+00, NetCrossingWeight 1.000000E+00, DensityWeight 9.091719E+00, HPWL 2.644038E+03, Overflow 1.932985E-02, MaxDensity 1.211E+00, MacroOverlap 1.793E-04, MacroOverlapWeight 8.000000E-06, gamma 4.704661E-02, time 2.905ms
[INFO   ] DREAMPlace - full step 11.892 ms
[INFO   ] DREAMPlace - Lsub stopping criteria: 1 and 6732.82 > 6598.07 * 0.999
[INFO   ] DREAMPlace - Llambda stopping criteria: 1 and (( 0.0193298 < 0.1 and 2644.04 > 2641.05 ) or 1.21074 < 1.0)
[INFO   ] DREAMPlace - Lgamma stopping criteria: 101 > 100 and (( 0.0193298 < 0.1 and 2644.04 > 2637.81 ) or 1.21074 < 1.0)
[INFO   ] DREAMPlace - optimizer nesterov takes 12.149 seconds
[INFO   ] DREAMPlace - plotting to ./results/reproduce-may20/small-8/ET095_A00/run-2_0_0/ET095_A00/plot/iter9999.png takes 0.037 seconds
[INFO   ] DREAMPlace - plotting to ./results/reproduce-may20/small-8/ET095_A00/run-2_0_0/ET095_A00/plot/iter0908.png takes 0.037 seconds
[INFO   ] DREAMPlace - Start legalization
[INFO   ] DREAMPlace - legalization takes 0.011 seconds
[INFO   ] DREAMPlace - iteration  908, HPWL 2.897000E+03, time 0.210ms
[INFO   ] DREAMPlace - plotting to ./results/reproduce-may20/small-8/ET095_A00/run-2_0_0/ET095_A00/plot/iter0909.png takes 0.036 seconds
[INFO   ] DREAMPlace - plotting to ./results/reproduce-may20/small-8/ET095_A00/run-2_0_0/ET095_A00/plot/iter0909.png takes 0.041 seconds
[INFO   ] DREAMPlace - rsmt computation takes 0.058 seconds
[INFO   ] DREAMPlace - flute rsmt 3.054000E+03
[INFO   ] DREAMPlace - unweighted hpwl 2.897000E+03
[INFO   ] DREAMPlace - net crossing 7
[INFO   ] DREAMPlace - non-linear placement takes 13.04 seconds
[INFO   ] DREAMPlace - writing to ./results/reproduce-may20/small-8/ET095_A00/run-2_0_0/ET095_A00/ET095_A00.gp.pl
[INFO   ] DREAMPlace - writing to ./results/reproduce-may20/small-8/ET095_A00/run-2_0_0/ET095_A00/ET095_A00.gp.pl
[INFO   ] DREAMPlace - write_pl takes 0.001 seconds
[INFO   ] DREAMPlace - write SolutionFileFormat.BOOKSHELF takes 0.001 seconds
[INFO   ] DREAMPlace - writing congestion maps to ./results/reproduce-may20/small-8/ET095_A00/run-2_0_0/ET095_A00
[INFO   ] DREAMPlace - max horizontal congestion: 0.741253
[INFO   ] DREAMPlace - max vertical congestion: 0.906513
[DEBUG  ] matplotlib.colorbar - locator: <matplotlib.colorbar._ColorbarAutoLocator object at 0x7ff45c3dfca0>
[DEBUG  ] matplotlib.colorbar - Using auto colorbar locator <matplotlib.colorbar._ColorbarAutoLocator object at 0x7ff45c3dfca0> on colorbar
[DEBUG  ] matplotlib.colorbar - Setting pcolormesh
[DEBUG  ] matplotlib.colorbar - locator: <matplotlib.colorbar._ColorbarAutoLocator object at 0x7ff45c0de820>
[DEBUG  ] matplotlib.colorbar - Using auto colorbar locator <matplotlib.colorbar._ColorbarAutoLocator object at 0x7ff45c0de820> on colorbar
[DEBUG  ] matplotlib.colorbar - Setting pcolormesh
[INFO   ] DREAMPlace - Congestion score 0.034011971205472946
[INFO   ] DREAMPlace - congestion extraction takes 2.752 seconds
[INFO   ] DREAMPlace - placement takes 15.800 seconds
[INFO   ] DREAMPlace - Final PPA: {'rsmt': 3054.0, 'hpwl': 2897.0, 'congestion': 0.034011971205472946, 'density': 0.605368869320722, 'net_crossing': 7.215649604797363, 'iteration': 908, 'objective': 6732.81689453125, 'overflow': 0.019329847767949104, 'max_density': 1.210737705230713}
[DEBUG  ] hpbandster.run_0.worker.cadce23de8a9.2829873 - WORKER: done with job (2, 0, 0), trying to register it.
[INFO   ] hpbandster.run_0.worker.cadce23de8a9.2829873 - WORKER: registered result for job (2, 0, 0) with dispatcher
[INFO   ] hpbandster.run_0.worker.cadce23de8a9.2829873 - WORKER: start processing job (5, 0, 0)
[DEBUG  ] hpbandster.run_0.worker.cadce23de8a9.2829873 - WORKER: args: ()
[DEBUG  ] hpbandster.run_0.worker.cadce23de8a9.2829873 - WORKER: kwargs: {'config': {'GP_learning_rate': 0.008129027834005563, 'GP_learning_rate_decay': 0.9969619217508494, 'GP_num_bins_x': 512, 'GP_num_bins_y': 1024, 'GP_optimizer': 'adam', 'GP_wirelength': 'weighted_average', 'RePlAce_LOWER_PCOF': 0.9104056448351028, 'RePlAce_UPPER_PCOF': 1.0631450231208195, 'RePlAce_ref_hpwl': 426060, 'density_weight': 0.0012318468982878232, 'gamma': 0.26477852000684565, 'init_loc_perc_x': 0.23767285825285572, 'init_loc_perc_y': 0.5383894661021131, 'macro_halo_x': 5, 'macro_halo_y': 6, 'risa_weights': 0, 'stop_overflow': 0.06447905841788582, 'target_density': 0.8761969643131706}, 'budget': 1.0, 'working_directory': '.'}
