[INFO   ] DREAMPlace - parameters = {'aux_input': '/pcb-benchmark/small-5/bookshelf/PB201_A00.aux', 'lef_input': '', 'def_input': '', 'verilog_input': '', 'gpu': 1, 'gpu_id': 0, 'num_bins_x': 512, 'num_bins_y': 512, 'global_place_stages': [{'num_bins_x': 256, 'num_bins_y': 256, 'iteration': 3000, 'learning_rate': 0.00987307063227493, 'wirelength': 'weighted_average', 'optimizer': 'nesterov', 'Llambda_density_weight_iteration': 10, 'Lsub_iteration': 2, 'learning_rate_decay': 0.9976331661222486}], 'target_density': 0.617503234530003, 'density_weight': 0.05999940233576088, 'net_crossing_flag': True, 'net_crossing_weight': 10, 'random_seed': 1000, 'result_dir': './results/tuner-small/small-5/PB201_A00/run-0_0_6', 'scale_factor': 1.0, 'ignore_net_weight': 10, 'shift_factor': [0, 0], 'ignore_net_degree': 100, 'gp_noise_ratio': 0.025, 'enable_fillers': 1, 'global_place_flag': 1, 'legalize_flag': 0, 'detailed_place_flag': 0, 'stop_overflow': 0.06512146134008849, 'dtype': 'float32', 'detailed_place_engine': '', 'detailed_place_command': '', 'plot_flag': 1, 'RePlAce_ref_hpwl': 536958, 'RePlAce_LOWER_PCOF': 0.939641246674425, 'RePlAce_UPPER_PCOF': 1.1260639050718804, 'gamma': 0.2523480828552902, 'RePlAce_skip_energy_flag': 0, 'random_center_init_flag': 1, 'init_loc_perc_x': 0.7414834788056357, 'init_loc_perc_y': 0.7334894532765874, 'sort_nets_by_degree': 0, 'num_threads': 8, 'dump_global_place_solution_flag': 0, 'dump_legalize_solution_flag': 0, 'routability_opt_flag': 0, 'route_num_bins_x': 512, 'route_num_bins_y': 512, 'node_area_adjust_overflow': 0.15, 'max_num_area_adjust': 3, 'adjust_nctugr_area_flag': 0, 'adjust_rudy_area_flag': 0, 'adjust_pin_area_flag': 0, 'area_adjust_stop_ratio': 0.01, 'route_area_adjust_stop_ratio': 0.01, 'pin_area_adjust_stop_ratio': 0.05, 'unit_horizontal_capacity': 1.5625, 'unit_vertical_capacity': 1.45, 'unit_pin_capacity': 0.058, 'max_route_opt_adjust_rate': 2.0, 'route_opt_adjust_exponent': 2.0, 'pin_stretch_ratio': 1.414213562, 'max_pin_opt_adjust_rate': 1.5, 'deterministic_flag': 1, 'get_congestion_map': 1, 'macro_halo_x': 4, 'macro_halo_y': 7, 'macro_overlap_flag': True, 'macro_overlap_weight': 8e-06, 'macro_overlap_mult_weight': 1, 'macro_padding_x': 0, 'macro_padding_y': 0, 'bndry_padding_x': 0, 'bndry_padding_y': 0, 'pin_density': -1, 'route_info_input': 'default', 'evaluate_pl': 0, 'risa_weights': 0, 'proj_name': 'default', 'create_gif': False, 'enable_rotation': True}
[INFO   ] DREAMPlace - setting up raw database takes 0.00 seconds
[INFO   ] DREAMPlace - set shift_factor = (0, 0), as original row bbox = (0, 0, 225, 194)
[INFO   ] DREAMPlace - set scale_factor = 1, as site_width = 1
[INFO   ] DREAMPlace - shift coordinate system by (0, 0), scale coordinate system by 1
[INFO   ] DREAMPlace - detect movable macros 41, area 20988, reduce those area from movable_area
[INFO   ] DREAMPlace - 
================================= Benchmark Statistics =================================
#nodes = 41, #terminals = 0, # terminal_NIs = 0, #movable = 41, #nets = 49
die area = (0, 0, 225, 194) 43650
row height = 1, site width = 1
num_bins = 512x512, bin sizes = 0.439453x0.378906
#pins = 105, #movable_pins = 105
total_movable_node_area = 20988, total_fixed_node_area = 0, total_space_area = 43650
total_movable_node_area = 0, total_fixed_node_area = 20988, total_space_area = 22662
utilization = 0, target_density = 0.617503
use placeable_area = 22662 to compute fillers
total_filler_node_area = 13993.9, #fillers = 779, filler sizes = 17.9722x1
========================================================================================
[INFO   ] DREAMPlace - setting up placement database takes 0.00 seconds
[INFO   ] DREAMPlace - move cells to location (166.83378273126803, 142.29695393565797) with random noise
[DEBUG  ] DREAMPlace - prepare init_pos takes 0.00 seconds
[INFO   ] DREAMPlace - Using Torch GPU device # 0: Tesla V100-DGXS-32GB
[DEBUG  ] DREAMPlace - build pos takes 0.00 seconds
[DEBUG  ] DREAMPlace - build orient_logits takes 0.00 seconds
[WARNING] DREAMPlace - net weights are all the same, ignored
[DEBUG  ] DREAMPlace - build data_collections takes 0.00 seconds
[DEBUG  ] DREAMPlace - build op_collections takes 0.00 seconds
[INFO   ] DREAMPlace - POWVFILE = /AutoDMP/thirdparty/NCTUgr.ICCAD2012/POWV9.dat
[INFO   ] DREAMPlace - POSTFILE = /AutoDMP/thirdparty/NCTUgr.ICCAD2012/POST9.dat
[DEBUG  ] DREAMPlace - build BasicPlace ops takes 0.00 seconds
[INFO   ] DREAMPlace - non-linear placement initialization takes 0.00 seconds
[INFO   ] DREAMPlace - 256x256 bins #bins 256x256, bin sizes 0.878906x0.757812, max_num_bins = 94, padding = 0
[INFO   ] dreamplace.ops.electric_potential.electric_potential - regard 41 cells as movable macros in global placement
[WARNING] DREAMPlace - quadratic density penalty is disabled, density weight update is forced to be based on HPWL
[INFO   ] DREAMPlace - use nesterov optimizer
[INFO   ] DREAMPlace - add 2.5% noise
[DEBUG  ] dreamplace.ops.weighted_average_wirelength.weighted_average_wirelength - wirelength forward 0.163 ms
[INFO   ] dreamplace.ops.electric_potential.electric_potential - fixed density map: average 0, max 0, bin area 0.666046
[DEBUG  ] dreamplace.ops.electric_potential.electric_potential - density forward 2.517 ms
[DEBUG  ] dreamplace.ops.electric_potential.electric_potential - density backward 0.395 ms
[DEBUG  ] dreamplace.ops.weighted_average_wirelength.weighted_average_wirelength - wirelength backward 0.122 ms
[DEBUG  ] dreamplace.ops.weighted_average_wirelength.weighted_average_wirelength - wirelength forward 0.124 ms
[DEBUG  ] dreamplace.ops.electric_potential.electric_potential - density forward 1.128 ms
[DEBUG  ] dreamplace.ops.electric_potential.electric_potential - density backward 0.387 ms
[DEBUG  ] dreamplace.ops.weighted_average_wirelength.weighted_average_wirelength - wirelength backward 0.120 ms
[INFO   ] DREAMPlace - nesterov initialization takes 0.0334191 seconds
[DEBUG  ] dreamplace.ops.weighted_average_wirelength.weighted_average_wirelength - wirelength forward 0.120 ms
[DEBUG  ] dreamplace.ops.weighted_average_wirelength.weighted_average_wirelength - wirelength backward 0.115 ms
[DEBUG  ] dreamplace.ops.electric_potential.electric_potential - density forward 1.037 ms
[DEBUG  ] dreamplace.ops.electric_potential.electric_potential - density backward 0.399 ms
[INFO   ] DREAMPlace - density_weight = 3.334300E-06
[INFO   ] DREAMPlace - macro_overlap_weight = 8.000000E-06
[INFO   ] DREAMPlace - plotting to ./results/tuner-small/small-5/PB201_A00/run-0_0_6/PB201_A00/plot/iter0000.png takes 0.058 seconds
[DEBUG  ] dreamplace.ops.weighted_average_wirelength.weighted_average_wirelength - wirelength forward 0.168 ms
[DEBUG  ] dreamplace.ops.electric_potential.electric_potential - density forward 1.207 ms
[DEBUG  ] dreamplace.ops.electric_potential.electric_potential - density backward 0.416 ms
[DEBUG  ] dreamplace.ops.weighted_average_wirelength.weighted_average_wirelength - wirelength backward 0.120 ms
[DEBUG  ] dreamplace.ops.weighted_average_wirelength.weighted_average_wirelength - wirelength forward 0.104 ms
[DEBUG  ] dreamplace.ops.electric_potential.electric_potential - density forward 1.071 ms
[DEBUG  ] dreamplace.ops.electric_potential.electric_potential - density backward 0.379 ms
[DEBUG  ] dreamplace.ops.weighted_average_wirelength.weighted_average_wirelength - wirelength backward 0.113 ms
[DEBUG  ] dreamplace.ops.weighted_average_wirelength.weighted_average_wirelength - wirelength forward 0.129 ms
[DEBUG  ] dreamplace.ops.electric_potential.electric_potential - density forward 1.195 ms
[DEBUG  ] dreamplace.ops.electric_potential.electric_potential - density backward 0.403 ms
[DEBUG  ] dreamplace.ops.weighted_average_wirelength.weighted_average_wirelength - wirelength backward 0.133 ms
[DEBUG  ] dreamplace.ops.weighted_average_wirelength.weighted_average_wirelength - wirelength forward 0.145 ms
[DEBUG  ] dreamplace.ops.electric_potential.electric_potential - density forward 1.152 ms
[DEBUG  ] dreamplace.ops.electric_potential.electric_potential - density backward 0.391 ms
[DEBUG  ] dreamplace.ops.weighted_average_wirelength.weighted_average_wirelength - wirelength backward 0.118 ms
[INFO   ] DREAMPlace - optimizer step 39.386 ms
[INFO   ] DREAMPlace - iteration    0, (   0,  0,  0), Obj 1.342778E+03, NetCrossing 2.532E+01, NetCrossingWeight 1.000000E+01, DensityWeight 0.000000E+00, HPWL 1.012193E+03, Overflow 4.875769E-01, MaxDensity 2.532E+01, MacroOverlap 1.596E+03, MacroOverlapWeight 0.000000E+00, gamma 4.130229E+00, time 2.265ms
[INFO   ] DREAMPlace - full step 104.951 ms
[DEBUG  ] dreamplace.ops.weighted_average_wirelength.weighted_average_wirelength - wirelength forward 0.141 ms
[DEBUG  ] dreamplace.ops.electric_potential.electric_potential - density forward 1.168 ms
[DEBUG  ] dreamplace.ops.electric_potential.electric_potential - density backward 0.402 ms
[DEBUG  ] dreamplace.ops.weighted_average_wirelength.weighted_average_wirelength - wirelength backward 0.123 ms
[INFO   ] DREAMPlace - optimizer step 8.961 ms
[INFO   ] DREAMPlace - iteration    1, (   0,  0,  1), Obj 1.060848E+03, NetCrossing 2.445E+01, NetCrossingWeight 1.000000E+01, DensityWeight 3.334300E-06, HPWL 7.761231E+02, Overflow 4.865862E-01, MaxDensity 2.532E+01, MacroOverlap 8.297E+02, MacroOverlapWeight 8.000000E-06, gamma 4.130229E+00, time 3.888ms
[INFO   ] DREAMPlace - full step 13.880 ms
[DEBUG  ] dreamplace.ops.weighted_average_wirelength.weighted_average_wirelength - wirelength forward 0.129 ms
[DEBUG  ] dreamplace.ops.electric_potential.electric_potential - density forward 1.167 ms
[DEBUG  ] dreamplace.ops.electric_potential.electric_potential - density backward 0.373 ms
[DEBUG  ] dreamplace.ops.weighted_average_wirelength.weighted_average_wirelength - wirelength backward 0.124 ms
[DEBUG  ] dreamplace.ops.weighted_average_wirelength.weighted_average_wirelength - wirelength forward 0.125 ms
[DEBUG  ] dreamplace.ops.electric_potential.electric_potential - density forward 1.150 ms
[DEBUG  ] dreamplace.ops.electric_potential.electric_potential - density backward 0.378 ms
[DEBUG  ] dreamplace.ops.weighted_average_wirelength.weighted_average_wirelength - wirelength backward 0.118 ms
[INFO   ] DREAMPlace - optimizer step 18.228 ms
[INFO   ] DREAMPlace - iteration    2, (   0,  1,  0), Obj 8.172822E+02, NetCrossing 2.144E+01, NetCrossingWeight 1.000000E+01, DensityWeight 3.334300E-06, HPWL 5.856577E+02, Overflow 4.857686E-01, MaxDensity 1.729E+01, MacroOverlap 3.296E+02, MacroOverlapWeight 8.000000E-06, gamma 4.130229E+00, time 2.631ms
[INFO   ] DREAMPlace - full step 21.881 ms
[DEBUG  ] dreamplace.ops.weighted_average_wirelength.weighted_average_wirelength - wirelength forward 0.131 ms
[DEBUG  ] dreamplace.ops.electric_potential.electric_potential - density forward 1.126 ms
[DEBUG  ] dreamplace.ops.electric_potential.electric_potential - density backward 0.371 ms
[DEBUG  ] dreamplace.ops.weighted_average_wirelength.weighted_average_wirelength - wirelength backward 0.120 ms
[DEBUG  ] dreamplace.ops.weighted_average_wirelength.weighted_average_wirelength - wirelength forward 0.125 ms
[DEBUG  ] dreamplace.ops.electric_potential.electric_potential - density forward 1.155 ms
[DEBUG  ] dreamplace.ops.electric_potential.electric_potential - density backward 0.364 ms
[DEBUG  ] dreamplace.ops.weighted_average_wirelength.weighted_average_wirelength - wirelength backward 0.123 ms
[INFO   ] DREAMPlace - optimizer step 17.029 ms
[INFO   ] DREAMPlace - iteration    3, (   0,  1,  1), Obj 6.697170E+02, NetCrossing 2.814E+01, NetCrossingWeight 1.000000E+01, DensityWeight 3.334300E-06, HPWL 4.528932E+02, Overflow 4.770206E-01, MaxDensity 1.142E+01, MacroOverlap 1.569E+02, MacroOverlapWeight 8.000000E-06, gamma 4.130229E+00, time 2.591ms
[INFO   ] DREAMPlace - full step 20.629 ms
[DEBUG  ] dreamplace.ops.weighted_average_wirelength.weighted_average_wirelength - wirelength forward 0.125 ms
[DEBUG  ] dreamplace.ops.electric_potential.electric_potential - density forward 1.112 ms
[DEBUG  ] dreamplace.ops.electric_potential.electric_potential - density backward 0.366 ms
[DEBUG  ] dreamplace.ops.weighted_average_wirelength.weighted_average_wirelength - wirelength backward 0.124 ms
[DEBUG  ] dreamplace.ops.weighted_average_wirelength.weighted_average_wirelength - wirelength forward 0.122 ms
[DEBUG  ] dreamplace.ops.electric_potential.electric_potential - density forward 1.250 ms
[DEBUG  ] dreamplace.ops.electric_potential.electric_potential - density backward 0.371 ms
[DEBUG  ] dreamplace.ops.weighted_average_wirelength.weighted_average_wirelength - wirelength backward 0.124 ms
[INFO   ] DREAMPlace - optimizer step 17.469 ms
[INFO   ] DREAMPlace - iteration    4, (   0,  2,  0), Obj 6.022872E+02, NetCrossing 2.961E+01, NetCrossingWeight 1.000000E+01, DensityWeight 3.753885E-06, HPWL 3.907353E+02, Overflow 4.782997E-01, MaxDensity 9.508E+00, MacroOverlap 1.343E+02, MacroOverlapWeight 8.000000E-06, gamma 4.130229E+00, time 2.599ms
[INFO   ] DREAMPlace - full step 21.061 ms
[DEBUG  ] dreamplace.ops.weighted_average_wirelength.weighted_average_wirelength - wirelength forward 0.111 ms
[DEBUG  ] dreamplace.ops.electric_potential.electric_potential - density forward 0.907 ms
[DEBUG  ] dreamplace.ops.electric_potential.electric_potential - density backward 0.374 ms
[DEBUG  ] dreamplace.ops.weighted_average_wirelength.weighted_average_wirelength - wirelength backward 0.121 ms
[DEBUG  ] dreamplace.ops.weighted_average_wirelength.weighted_average_wirelength - wirelength forward 0.126 ms
[DEBUG  ] dreamplace.ops.electric_potential.electric_potential - density forward 1.142 ms
[DEBUG  ] dreamplace.ops.electric_potential.electric_potential - density backward 0.373 ms
[DEBUG  ] dreamplace.ops.weighted_average_wirelength.weighted_average_wirelength - wirelength backward 0.124 ms
[INFO   ] DREAMPlace - optimizer step 17.905 ms
[INFO   ] DREAMPlace - iteration    5, (   0,  2,  1), Obj 6.011151E+02, NetCrossing 3.028E+01, NetCrossingWeight 1.000000E+01, DensityWeight 3.753885E-06, HPWL 3.484174E+02, Overflow 4.739704E-01, MaxDensity 8.028E+00, MacroOverlap 9.997E+01, MacroOverlapWeight 8.000000E-06, gamma 4.130229E+00, time 3.098ms
[INFO   ] DREAMPlace - full step 22.041 ms
[DEBUG  ] dreamplace.ops.weighted_average_wirelength.weighted_average_wirelength - wirelength forward 0.145 ms
[DEBUG  ] dreamplace.ops.electric_potential.electric_potential - density forward 1.135 ms
[DEBUG  ] dreamplace.ops.electric_potential.electric_potential - density backward 0.371 ms
[DEBUG  ] dreamplace.ops.weighted_average_wirelength.weighted_average_wirelength - wirelength backward 0.119 ms
[INFO   ] DREAMPlace - optimizer step 8.768 ms
[INFO   ] DREAMPlace - iteration    6, (   0,  3,  0), Obj 5.740752E+02, NetCrossing 3.109E+01, NetCrossingWeight 1.000000E+01, DensityWeight 4.225846E-06, HPWL 3.272720E+02, Overflow 4.707717E-01, MaxDensity 8.028E+00, MacroOverlap 9.116E+01, MacroOverlapWeight 8.000000E-06, gamma 4.130229E+00, time 2.685ms
[INFO   ] DREAMPlace - full step 12.478 ms
[DEBUG  ] dreamplace.ops.weighted_average_wirelength.weighted_average_wirelength - wirelength forward 0.133 ms
[DEBUG  ] dreamplace.ops.electric_potential.electric_potential - density forward 1.171 ms
[DEBUG  ] dreamplace.ops.electric_potential.electric_potential - density backward 0.312 ms
[DEBUG  ] dreamplace.ops.weighted_average_wirelength.weighted_average_wirelength - wirelength backward 0.090 ms
[DEBUG  ] dreamplace.ops.weighted_average_wirelength.weighted_average_wirelength - wirelength forward 0.127 ms
[DEBUG  ] dreamplace.ops.electric_potential.electric_potential - density forward 1.158 ms
[DEBUG  ] dreamplace.ops.electric_potential.electric_potential - density backward 0.362 ms
[DEBUG  ] dreamplace.ops.weighted_average_wirelength.weighted_average_wirelength - wirelength backward 0.124 ms
[INFO   ] DREAMPlace - optimizer step 16.823 ms
[INFO   ] DREAMPlace - iteration    7, (   0,  3,  1), Obj 6.010460E+02, NetCrossing 3.060E+01, NetCrossingWeight 1.000000E+01, DensityWeight 4.225846E-06, HPWL 3.046487E+02, Overflow 4.667089E-01, MaxDensity 7.021E+00, MacroOverlap 7.700E+01, MacroOverlapWeight 8.000000E-06, gamma 4.130229E+00, time 2.669ms
[INFO   ] DREAMPlace - full step 20.506 ms
[INFO   ] DREAMPlace - Lsub stopping criteria: 1 and 601.046 > 574.075 * 0.999
[DEBUG  ] dreamplace.ops.weighted_average_wirelength.weighted_average_wirelength - wirelength forward 0.145 ms
[DEBUG  ] dreamplace.ops.electric_potential.electric_potential - density forward 1.161 ms
[DEBUG  ] dreamplace.ops.electric_potential.electric_potential - density backward 0.367 ms
[DEBUG  ] dreamplace.ops.weighted_average_wirelength.weighted_average_wirelength - wirelength backward 0.122 ms
[INFO   ] DREAMPlace - optimizer step 8.814 ms
[INFO   ] DREAMPlace - iteration    8, (   0,  4,  0), Obj 5.899510E+02, NetCrossing 3.204E+01, NetCrossingWeight 1.000000E+01, DensityWeight 4.756669E-06, HPWL 2.959115E+02, Overflow 4.662004E-01, MaxDensity 7.094E+00, MacroOverlap 7.448E+01, MacroOverlapWeight 8.000000E-06, gamma 4.130229E+00, time 2.648ms
[INFO   ] DREAMPlace - full step 12.477 ms
[DEBUG  ] dreamplace.ops.weighted_average_wirelength.weighted_average_wirelength - wirelength forward 0.131 ms
[DEBUG  ] dreamplace.ops.electric_potential.electric_potential - density forward 1.141 ms
[DEBUG  ] dreamplace.ops.electric_potential.electric_potential - density backward 0.389 ms
[DEBUG  ] dreamplace.ops.weighted_average_wirelength.weighted_average_wirelength - wirelength backward 0.134 ms
[DEBUG  ] dreamplace.ops.weighted_average_wirelength.weighted_average_wirelength - wirelength forward 0.126 ms
[DEBUG  ] dreamplace.ops.electric_potential.electric_potential - density forward 1.165 ms
[DEBUG  ] dreamplace.ops.electric_potential.electric_potential - density backward 0.366 ms
[DEBUG  ] dreamplace.ops.weighted_average_wirelength.weighted_average_wirelength - wirelength backward 0.123 ms
[INFO   ] DREAMPlace - optimizer step 17.546 ms
[INFO   ] DREAMPlace - iteration    9, (   0,  4,  1), Obj 6.317739E+02, NetCrossing 3.069E+01, NetCrossingWeight 1.000000E+01, DensityWeight 4.756669E-06, HPWL 2.952137E+02, Overflow 4.632199E-01, MaxDensity 7.071E+00, MacroOverlap 6.921E+01, MacroOverlapWeight 8.000000E-06, gamma 4.130229E+00, time 2.645ms
[INFO   ] DREAMPlace - full step 21.198 ms
[INFO   ] DREAMPlace - Lsub stopping criteria: 1 and 631.774 > 589.951 * 0.999
[DEBUG  ] dreamplace.ops.weighted_average_wirelength.weighted_average_wirelength - wirelength forward 0.125 ms
[DEBUG  ] dreamplace.ops.electric_potential.electric_potential - density forward 1.113 ms
[DEBUG  ] dreamplace.ops.electric_potential.electric_potential - density backward 0.382 ms
[DEBUG  ] dreamplace.ops.weighted_average_wirelength.weighted_average_wirelength - wirelength backward 0.128 ms
[INFO   ] DREAMPlace - optimizer step 8.682 ms
[INFO   ] DREAMPlace - iteration   10, (   0,  5,  0), Obj 6.284500E+02, NetCrossing 3.061E+01, NetCrossingWeight 1.000000E+01, DensityWeight 5.353636E-06, HPWL 2.935045E+02, Overflow 4.635610E-01, MaxDensity 7.141E+00, MacroOverlap 6.798E+01, MacroOverlapWeight 8.000000E-06, gamma 4.130229E+00, time 2.518ms
[INFO   ] DREAMPlace - full step 12.141 ms
[DEBUG  ] dreamplace.ops.weighted_average_wirelength.weighted_average_wirelength - wirelength forward 0.128 ms
[DEBUG  ] dreamplace.ops.electric_potential.electric_potential - density forward 1.098 ms
[DEBUG  ] dreamplace.ops.electric_potential.electric_potential - density backward 0.374 ms
[DEBUG  ] dreamplace.ops.weighted_average_wirelength.weighted_average_wirelength - wirelength backward 0.125 ms
[INFO   ] DREAMPlace - optimizer step 8.572 ms
[INFO   ] DREAMPlace - iteration   11, (   0,  5,  1), Obj 6.771820E+02, NetCrossing 3.050E+01, NetCrossingWeight 1.000000E+01, DensityWeight 5.353636E-06, HPWL 2.926321E+02, Overflow 4.626182E-01, MaxDensity 7.179E+00, MacroOverlap 6.646E+01, MacroOverlapWeight 8.000000E-06, gamma 4.130229E+00, time 2.562ms
[INFO   ] DREAMPlace - full step 12.145 ms
[INFO   ] DREAMPlace - Lsub stopping criteria: 1 and 677.182 > 628.45 * 0.999
[DEBUG  ] dreamplace.ops.weighted_average_wirelength.weighted_average_wirelength - wirelength forward 0.129 ms
[DEBUG  ] dreamplace.ops.electric_potential.electric_potential - density forward 1.105 ms
[DEBUG  ] dreamplace.ops.electric_potential.electric_potential - density backward 0.373 ms
[DEBUG  ] dreamplace.ops.weighted_average_wirelength.weighted_average_wirelength - wirelength backward 0.121 ms
[DEBUG  ] dreamplace.ops.weighted_average_wirelength.weighted_average_wirelength - wirelength forward 0.132 ms
[DEBUG  ] dreamplace.ops.electric_potential.electric_potential - density forward 1.159 ms
[DEBUG  ] dreamplace.ops.electric_potential.electric_potential - density backward 0.367 ms
[DEBUG  ] dreamplace.ops.weighted_average_wirelength.weighted_average_wirelength - wirelength backward 0.115 ms
[INFO   ] DREAMPlace - optimizer step 17.027 ms
[INFO   ] DREAMPlace - iteration   12, (   0,  6,  0), Obj 6.748421E+02, NetCrossing 3.041E+01, NetCrossingWeight 1.000000E+01, DensityWeight 6.024920E-06, HPWL 2.913071E+02, Overflow 4.637820E-01, MaxDensity 6.965E+00, MacroOverlap 6.652E+01, MacroOverlapWeight 8.000000E-06, gamma 4.130229E+00, time 2.537ms
[INFO   ] DREAMPlace - full step 20.520 ms
[DEBUG  ] dreamplace.ops.weighted_average_wirelength.weighted_average_wirelength - wirelength forward 0.123 ms
[DEBUG  ] dreamplace.ops.electric_potential.electric_potential - density forward 1.084 ms
[DEBUG  ] dreamplace.ops.electric_potential.electric_potential - density backward 0.310 ms
[DEBUG  ] dreamplace.ops.weighted_average_wirelength.weighted_average_wirelength - wirelength backward 0.095 ms
[INFO   ] DREAMPlace - optimizer step 7.705 ms
[INFO   ] DREAMPlace - iteration   13, (   0,  6,  1), Obj 7.289788E+02, NetCrossing 2.981E+01, NetCrossingWeight 1.000000E+01, DensityWeight 6.024920E-06, HPWL 2.904077E+02, Overflow 4.633527E-01, MaxDensity 7.386E+00, MacroOverlap 6.632E+01, MacroOverlapWeight 8.000000E-06, gamma 4.130229E+00, time 2.659ms
[INFO   ] DREAMPlace - full step 11.359 ms
[INFO   ] DREAMPlace - Lsub stopping criteria: 1 and 728.979 > 674.842 * 0.999
[DEBUG  ] dreamplace.ops.weighted_average_wirelength.weighted_average_wirelength - wirelength forward 0.095 ms
[DEBUG  ] dreamplace.ops.electric_potential.electric_potential - density forward 0.918 ms
[DEBUG  ] dreamplace.ops.electric_potential.electric_potential - density backward 0.375 ms
[DEBUG  ] dreamplace.ops.weighted_average_wirelength.weighted_average_wirelength - wirelength backward 0.120 ms
[DEBUG  ] dreamplace.ops.weighted_average_wirelength.weighted_average_wirelength - wirelength forward 0.141 ms
[DEBUG  ] dreamplace.ops.electric_potential.electric_potential - density forward 1.201 ms
[DEBUG  ] dreamplace.ops.electric_potential.electric_potential - density backward 0.365 ms
[DEBUG  ] dreamplace.ops.weighted_average_wirelength.weighted_average_wirelength - wirelength backward 0.120 ms
[INFO   ] DREAMPlace - optimizer step 17.615 ms
[INFO   ] DREAMPlace - iteration   14, (   0,  7,  0), Obj 7.261378E+02, NetCrossing 3.022E+01, NetCrossingWeight 1.000000E+01, DensityWeight 6.779697E-06, HPWL 2.897799E+02, Overflow 4.649571E-01, MaxDensity 7.702E+00, MacroOverlap 6.718E+01, MacroOverlapWeight 8.000000E-06, gamma 4.130229E+00, time 2.200ms
[INFO   ] DREAMPlace - full step 20.865 ms
[DEBUG  ] dreamplace.ops.weighted_average_wirelength.weighted_average_wirelength - wirelength forward 0.130 ms
[DEBUG  ] dreamplace.ops.electric_potential.electric_potential - density forward 1.124 ms
[DEBUG  ] dreamplace.ops.electric_potential.electric_potential - density backward 0.361 ms
[DEBUG  ] dreamplace.ops.weighted_average_wirelength.weighted_average_wirelength - wirelength backward 0.116 ms
[INFO   ] DREAMPlace - optimizer step 8.566 ms
[INFO   ] DREAMPlace - iteration   15, (   0,  7,  1), Obj 7.855840E+02, NetCrossing 2.895E+01, NetCrossingWeight 1.000000E+01, DensityWeight 6.779697E-06, HPWL 2.878673E+02, Overflow 4.646318E-01, MaxDensity 7.410E+00, MacroOverlap 6.679E+01, MacroOverlapWeight 8.000000E-06, gamma 4.130229E+00, time 2.666ms
[INFO   ] DREAMPlace - full step 12.286 ms
[INFO   ] DREAMPlace - Lsub stopping criteria: 1 and 785.584 > 726.138 * 0.999
[DEBUG  ] dreamplace.ops.weighted_average_wirelength.weighted_average_wirelength - wirelength forward 0.130 ms
[DEBUG  ] dreamplace.ops.electric_potential.electric_potential - density forward 1.148 ms
[DEBUG  ] dreamplace.ops.electric_potential.electric_potential - density backward 0.359 ms
[DEBUG  ] dreamplace.ops.weighted_average_wirelength.weighted_average_wirelength - wirelength backward 0.114 ms
[INFO   ] DREAMPlace - optimizer step 8.589 ms
[INFO   ] DREAMPlace - iteration   16, (   0,  8,  0), Obj 7.813419E+02, NetCrossing 2.877E+01, NetCrossingWeight 1.000000E+01, DensityWeight 7.628266E-06, HPWL 2.866207E+02, Overflow 4.661210E-01, MaxDensity 7.266E+00, MacroOverlap 6.730E+01, MacroOverlapWeight 8.000000E-06, gamma 4.130229E+00, time 2.648ms
[INFO   ] DREAMPlace - full step 12.187 ms
[DEBUG  ] dreamplace.ops.weighted_average_wirelength.weighted_average_wirelength - wirelength forward 0.129 ms
[DEBUG  ] dreamplace.ops.electric_potential.electric_potential - density forward 1.141 ms
[DEBUG  ] dreamplace.ops.electric_potential.electric_potential - density backward 0.357 ms
[DEBUG  ] dreamplace.ops.weighted_average_wirelength.weighted_average_wirelength - wirelength backward 0.115 ms
[INFO   ] DREAMPlace - optimizer step 8.534 ms
[INFO   ] DREAMPlace - iteration   17, (   0,  8,  1), Obj 8.463412E+02, NetCrossing 2.905E+01, NetCrossingWeight 1.000000E+01, DensityWeight 7.628266E-06, HPWL 2.873269E+02, Overflow 4.654326E-01, MaxDensity 7.055E+00, MacroOverlap 6.621E+01, MacroOverlapWeight 8.000000E-06, gamma 4.130229E+00, time 2.605ms
[INFO   ] DREAMPlace - full step 12.091 ms
[INFO   ] DREAMPlace - Lsub stopping criteria: 1 and 846.341 > 781.342 * 0.999
[DEBUG  ] dreamplace.ops.weighted_average_wirelength.weighted_average_wirelength - wirelength forward 0.129 ms
[DEBUG  ] dreamplace.ops.electric_potential.electric_potential - density forward 1.151 ms
[DEBUG  ] dreamplace.ops.electric_potential.electric_potential - density backward 0.354 ms
[DEBUG  ] dreamplace.ops.weighted_average_wirelength.weighted_average_wirelength - wirelength backward 0.117 ms
[INFO   ] DREAMPlace - optimizer step 8.557 ms
[INFO   ] DREAMPlace - iteration   18, (   0,  9,  0), Obj 8.403700E+02, NetCrossing 2.913E+01, NetCrossingWeight 1.000000E+01, DensityWeight 8.582188E-06, HPWL 2.887001E+02, Overflow 4.665389E-01, MaxDensity 7.226E+00, MacroOverlap 6.601E+01, MacroOverlapWeight 8.000000E-06, gamma 4.130229E+00, time 2.612ms
[INFO   ] DREAMPlace - full step 12.164 ms
[DEBUG  ] dreamplace.ops.weighted_average_wirelength.weighted_average_wirelength - wirelength forward 0.139 ms
[DEBUG  ] dreamplace.ops.electric_potential.electric_potential - density forward 1.137 ms
[DEBUG  ] dreamplace.ops.electric_potential.electric_potential - density backward 0.361 ms
[DEBUG  ] dreamplace.ops.weighted_average_wirelength.weighted_average_wirelength - wirelength backward 0.118 ms
[INFO   ] DREAMPlace - optimizer step 8.533 ms
[INFO   ] DREAMPlace - iteration   19, (   0,  9,  1), Obj 9.094723E+02, NetCrossing 2.904E+01, NetCrossingWeight 1.000000E+01, DensityWeight 8.582188E-06, HPWL 2.894536E+02, Overflow 4.653096E-01, MaxDensity 6.793E+00, MacroOverlap 6.386E+01, MacroOverlapWeight 8.000000E-06, gamma 4.130229E+00, time 2.591ms
[INFO   ] DREAMPlace - full step 12.111 ms
[INFO   ] DREAMPlace - Lsub stopping criteria: 1 and 909.472 > 840.37 * 0.999
[DEBUG  ] dreamplace.ops.weighted_average_wirelength.weighted_average_wirelength - wirelength forward 0.132 ms
[DEBUG  ] dreamplace.ops.electric_potential.electric_potential - density forward 1.128 ms
[DEBUG  ] dreamplace.ops.electric_potential.electric_potential - density backward 0.361 ms
[DEBUG  ] dreamplace.ops.weighted_average_wirelength.weighted_average_wirelength - wirelength backward 0.117 ms
[DEBUG  ] dreamplace.ops.weighted_average_wirelength.weighted_average_wirelength - wirelength forward 0.128 ms
[DEBUG  ] dreamplace.ops.electric_potential.electric_potential - density forward 1.161 ms
[DEBUG  ] dreamplace.ops.electric_potential.electric_potential - density backward 0.359 ms
[DEBUG  ] dreamplace.ops.weighted_average_wirelength.weighted_average_wirelength - wirelength backward 0.118 ms
[INFO   ] DREAMPlace - optimizer step 16.883 ms
[INFO   ] DREAMPlace - iteration   20, (   1,  0,  0), Obj 9.002659E+02, NetCrossing 2.839E+01, NetCrossingWeight 1.000000E+01, DensityWeight 9.664087E-06, HPWL 2.898016E+02, Overflow 4.660569E-01, MaxDensity 6.780E+00, MacroOverlap 6.298E+01, MacroOverlapWeight 8.000000E-06, gamma 2.677771E-01, time 2.636ms
[INFO   ] DREAMPlace - full step 20.518 ms
[DEBUG  ] dreamplace.ops.weighted_average_wirelength.weighted_average_wirelength - wirelength forward 0.133 ms
[DEBUG  ] dreamplace.ops.electric_potential.electric_potential - density forward 1.144 ms
[DEBUG  ] dreamplace.ops.electric_potential.electric_potential - density backward 0.365 ms
[DEBUG  ] dreamplace.ops.weighted_average_wirelength.weighted_average_wirelength - wirelength backward 0.123 ms
[DEBUG  ] dreamplace.ops.weighted_average_wirelength.weighted_average_wirelength - wirelength forward 0.125 ms
[DEBUG  ] dreamplace.ops.electric_potential.electric_potential - density forward 1.171 ms
[DEBUG  ] dreamplace.ops.electric_potential.electric_potential - density backward 0.355 ms
[DEBUG  ] dreamplace.ops.weighted_average_wirelength.weighted_average_wirelength - wirelength backward 0.122 ms
[DEBUG  ] dreamplace.ops.weighted_average_wirelength.weighted_average_wirelength - wirelength forward 0.125 ms
[DEBUG  ] dreamplace.ops.electric_potential.electric_potential - density forward 1.137 ms
[DEBUG  ] dreamplace.ops.electric_potential.electric_potential - density backward 0.363 ms
[DEBUG  ] dreamplace.ops.weighted_average_wirelength.weighted_average_wirelength - wirelength backward 0.120 ms
[DEBUG  ] dreamplace.ops.weighted_average_wirelength.weighted_average_wirelength - wirelength forward 0.124 ms
[DEBUG  ] dreamplace.ops.electric_potential.electric_potential - density forward 1.121 ms
[DEBUG  ] dreamplace.ops.electric_potential.electric_potential - density backward 0.359 ms
[DEBUG  ] dreamplace.ops.weighted_average_wirelength.weighted_average_wirelength - wirelength backward 0.125 ms
[DEBUG  ] dreamplace.ops.weighted_average_wirelength.weighted_average_wirelength - wirelength forward 0.122 ms
[DEBUG  ] dreamplace.ops.electric_potential.electric_potential - density forward 1.131 ms
[DEBUG  ] dreamplace.ops.electric_potential.electric_potential - density backward 0.357 ms
[DEBUG  ] dreamplace.ops.weighted_average_wirelength.weighted_average_wirelength - wirelength backward 0.120 ms
[DEBUG  ] dreamplace.ops.weighted_average_wirelength.weighted_average_wirelength - wirelength forward 0.121 ms
[DEBUG  ] dreamplace.ops.electric_potential.electric_potential - density forward 1.078 ms
[DEBUG  ] dreamplace.ops.electric_potential.electric_potential - density backward 0.350 ms
[DEBUG  ] dreamplace.ops.weighted_average_wirelength.weighted_average_wirelength - wirelength backward 0.118 ms
[INFO   ] DREAMPlace - optimizer step 49.408 ms
[INFO   ] DREAMPlace - iteration   21, (   1,  0,  1), Obj 1.037164E+03, NetCrossing 2.880E+01, NetCrossingWeight 1.000000E+01, DensityWeight 9.664087E-06, HPWL 2.833486E+02, Overflow 4.657699E-01, MaxDensity 6.478E+00, MacroOverlap 6.118E+01, MacroOverlapWeight 8.000000E-06, gamma 2.677771E-01, time 2.655ms
[INFO   ] DREAMPlace - full step 53.003 ms
[INFO   ] DREAMPlace - Lsub stopping criteria: 1 and 1037.16 > 900.266 * 0.999
[DEBUG  ] dreamplace.ops.weighted_average_wirelength.weighted_average_wirelength - wirelength forward 0.119 ms
[DEBUG  ] dreamplace.ops.electric_potential.electric_potential - density forward 1.069 ms
[DEBUG  ] dreamplace.ops.electric_potential.electric_potential - density backward 0.357 ms
[DEBUG  ] dreamplace.ops.weighted_average_wirelength.weighted_average_wirelength - wirelength backward 0.118 ms
[INFO   ] DREAMPlace - optimizer step 8.252 ms
[INFO   ] DREAMPlace - iteration   22, (   1,  1,  0), Obj 1.047904E+03, NetCrossing 2.889E+01, NetCrossingWeight 1.000000E+01, DensityWeight 1.087041E-05, HPWL 3.005414E+02, Overflow 4.666270E-01, MaxDensity 6.177E+00, MacroOverlap 6.100E+01, MacroOverlapWeight 8.000000E-06, gamma 2.677771E-01, time 2.489ms
[INFO   ] DREAMPlace - full step 11.644 ms
[DEBUG  ] dreamplace.ops.weighted_average_wirelength.weighted_average_wirelength - wirelength forward 0.124 ms
[DEBUG  ] dreamplace.ops.electric_potential.electric_potential - density forward 1.096 ms
[DEBUG  ] dreamplace.ops.electric_potential.electric_potential - density backward 0.364 ms
[DEBUG  ] dreamplace.ops.weighted_average_wirelength.weighted_average_wirelength - wirelength backward 0.123 ms
[DEBUG  ] dreamplace.ops.weighted_average_wirelength.weighted_average_wirelength - wirelength forward 0.119 ms
[DEBUG  ] dreamplace.ops.electric_potential.electric_potential - density forward 1.109 ms
[DEBUG  ] dreamplace.ops.electric_potential.electric_potential - density backward 0.297 ms
[DEBUG  ] dreamplace.ops.weighted_average_wirelength.weighted_average_wirelength - wirelength backward 0.090 ms
[INFO   ] DREAMPlace - optimizer step 15.540 ms
[INFO   ] DREAMPlace - iteration   23, (   1,  1,  1), Obj 1.127156E+03, NetCrossing 2.869E+01, NetCrossingWeight 1.000000E+01, DensityWeight 1.087041E-05, HPWL 2.957899E+02, Overflow 4.663521E-01, MaxDensity 6.793E+00, MacroOverlap 5.992E+01, MacroOverlapWeight 8.000000E-06, gamma 2.677771E-01, time 2.507ms
[INFO   ] DREAMPlace - full step 18.976 ms
[INFO   ] DREAMPlace - Lsub stopping criteria: 1 and 1127.16 > 1047.9 * 0.999
[DEBUG  ] dreamplace.ops.weighted_average_wirelength.weighted_average_wirelength - wirelength forward 0.122 ms
[DEBUG  ] dreamplace.ops.electric_potential.electric_potential - density forward 1.087 ms
[DEBUG  ] dreamplace.ops.electric_potential.electric_potential - density backward 0.300 ms
[DEBUG  ] dreamplace.ops.weighted_average_wirelength.weighted_average_wirelength - wirelength backward 0.090 ms
[INFO   ] DREAMPlace - optimizer step 7.540 ms
[INFO   ] DREAMPlace - iteration   24, (   1,  2,  0), Obj 1.113449E+03, NetCrossing 2.890E+01, NetCrossingWeight 1.000000E+01, DensityWeight 1.224075E-05, HPWL 2.916365E+02, Overflow 4.664833E-01, MaxDensity 6.641E+00, MacroOverlap 5.860E+01, MacroOverlapWeight 8.000000E-06, gamma 2.677771E-01, time 2.495ms
[INFO   ] DREAMPlace - full step 10.976 ms
[DEBUG  ] dreamplace.ops.weighted_average_wirelength.weighted_average_wirelength - wirelength forward 0.118 ms
[DEBUG  ] dreamplace.ops.electric_potential.electric_potential - density forward 1.084 ms
[DEBUG  ] dreamplace.ops.electric_potential.electric_potential - density backward 0.301 ms
[DEBUG  ] dreamplace.ops.weighted_average_wirelength.weighted_average_wirelength - wirelength backward 0.091 ms
[INFO   ] DREAMPlace - optimizer step 7.464 ms
[INFO   ] DREAMPlace - iteration   25, (   1,  2,  1), Obj 1.208675E+03, NetCrossing 2.868E+01, NetCrossingWeight 1.000000E+01, DensityWeight 1.224075E-05, HPWL 2.931440E+02, Overflow 4.643636E-01, MaxDensity 6.536E+00, MacroOverlap 5.737E+01, MacroOverlapWeight 8.000000E-06, gamma 2.677771E-01, time 2.493ms
[INFO   ] DREAMPlace - full step 10.870 ms
[INFO   ] DREAMPlace - Lsub stopping criteria: 1 and 1208.68 > 1113.45 * 0.999
[DEBUG  ] dreamplace.ops.weighted_average_wirelength.weighted_average_wirelength - wirelength forward 0.130 ms
[DEBUG  ] dreamplace.ops.electric_potential.electric_potential - density forward 1.083 ms
[DEBUG  ] dreamplace.ops.electric_potential.electric_potential - density backward 0.365 ms
[DEBUG  ] dreamplace.ops.weighted_average_wirelength.weighted_average_wirelength - wirelength backward 0.115 ms
[INFO   ] DREAMPlace - optimizer step 8.070 ms
[INFO   ] DREAMPlace - iteration   26, (   1,  3,  0), Obj 1.195351E+03, NetCrossing 2.862E+01, NetCrossingWeight 1.000000E+01, DensityWeight 1.376596E-05, HPWL 2.912605E+02, Overflow 4.639402E-01, MaxDensity 6.245E+00, MacroOverlap 5.610E+01, MacroOverlapWeight 8.000000E-06, gamma 2.677771E-01, time 2.498ms
[INFO   ] DREAMPlace - full step 11.505 ms
[DEBUG  ] dreamplace.ops.weighted_average_wirelength.weighted_average_wirelength - wirelength forward 0.123 ms
[DEBUG  ] dreamplace.ops.electric_potential.electric_potential - density forward 1.077 ms
[DEBUG  ] dreamplace.ops.electric_potential.electric_potential - density backward 0.404 ms
[DEBUG  ] dreamplace.ops.weighted_average_wirelength.weighted_average_wirelength - wirelength backward 0.136 ms
[DEBUG  ] dreamplace.ops.weighted_average_wirelength.weighted_average_wirelength - wirelength forward 0.118 ms
[DEBUG  ] dreamplace.ops.electric_potential.electric_potential - density forward 1.086 ms
[DEBUG  ] dreamplace.ops.electric_potential.electric_potential - density backward 0.401 ms
[DEBUG  ] dreamplace.ops.weighted_average_wirelength.weighted_average_wirelength - wirelength backward 0.128 ms
[INFO   ] DREAMPlace - optimizer step 16.843 ms
[INFO   ] DREAMPlace - iteration   27, (   1,  3,  1), Obj 1.297535E+03, NetCrossing 2.904E+01, NetCrossingWeight 1.000000E+01, DensityWeight 1.376596E-05, HPWL 2.926819E+02, Overflow 4.610435E-01, MaxDensity 6.793E+00, MacroOverlap 5.461E+01, MacroOverlapWeight 8.000000E-06, gamma 2.677771E-01, time 2.493ms
[INFO   ] DREAMPlace - full step 20.293 ms
[INFO   ] DREAMPlace - Lsub stopping criteria: 1 and 1297.54 > 1195.35 * 0.999
[DEBUG  ] dreamplace.ops.weighted_average_wirelength.weighted_average_wirelength - wirelength forward 0.125 ms
[DEBUG  ] dreamplace.ops.electric_potential.electric_potential - density forward 0.953 ms
[DEBUG  ] dreamplace.ops.electric_potential.electric_potential - density backward 0.484 ms
[DEBUG  ] dreamplace.ops.weighted_average_wirelength.weighted_average_wirelength - wirelength backward 0.185 ms
[INFO   ] DREAMPlace - optimizer step 9.088 ms
[INFO   ] DREAMPlace - iteration   28, (   1,  4,  0), Obj 1.277884E+03, NetCrossing 2.884E+01, NetCrossingWeight 1.000000E+01, DensityWeight 1.547966E-05, HPWL 2.869335E+02, Overflow 4.601613E-01, MaxDensity 6.431E+00, MacroOverlap 5.321E+01, MacroOverlapWeight 8.000000E-06, gamma 2.677771E-01, time 2.510ms
[INFO   ] DREAMPlace - full step 12.437 ms
[DEBUG  ] dreamplace.ops.weighted_average_wirelength.weighted_average_wirelength - wirelength forward 0.094 ms
[DEBUG  ] dreamplace.ops.electric_potential.electric_potential - density forward 0.897 ms
[DEBUG  ] dreamplace.ops.electric_potential.electric_potential - density backward 0.346 ms
[DEBUG  ] dreamplace.ops.weighted_average_wirelength.weighted_average_wirelength - wirelength backward 0.116 ms
[INFO   ] DREAMPlace - optimizer step 7.030 ms
[INFO   ] DREAMPlace - iteration   29, (   1,  4,  1), Obj 1.396780E+03, NetCrossing 2.899E+01, NetCrossingWeight 1.000000E+01, DensityWeight 1.547966E-05, HPWL 2.952652E+02, Overflow 4.573338E-01, MaxDensity 6.416E+00, MacroOverlap 5.138E+01, MacroOverlapWeight 8.000000E-06, gamma 2.677771E-01, time 2.044ms
[INFO   ] DREAMPlace - full step 9.843 ms
[INFO   ] DREAMPlace - Lsub stopping criteria: 1 and 1396.78 > 1277.88 * 0.999
[DEBUG  ] dreamplace.ops.weighted_average_wirelength.weighted_average_wirelength - wirelength forward 0.092 ms
[DEBUG  ] dreamplace.ops.electric_potential.electric_potential - density forward 0.843 ms
[DEBUG  ] dreamplace.ops.electric_potential.electric_potential - density backward 0.351 ms
[DEBUG  ] dreamplace.ops.weighted_average_wirelength.weighted_average_wirelength - wirelength backward 0.114 ms
[DEBUG  ] dreamplace.ops.weighted_average_wirelength.weighted_average_wirelength - wirelength forward 0.093 ms
[DEBUG  ] dreamplace.ops.electric_potential.electric_potential - density forward 0.864 ms
[DEBUG  ] dreamplace.ops.electric_potential.electric_potential - density backward 0.349 ms
[DEBUG  ] dreamplace.ops.weighted_average_wirelength.weighted_average_wirelength - wirelength backward 0.118 ms
[INFO   ] DREAMPlace - optimizer step 13.957 ms
[INFO   ] DREAMPlace - iteration   30, (   1,  5,  0), Obj 1.380546E+03, NetCrossing 2.922E+01, NetCrossingWeight 1.000000E+01, DensityWeight 1.743108E-05, HPWL 2.930882E+02, Overflow 4.561478E-01, MaxDensity 5.705E+00, MacroOverlap 5.050E+01, MacroOverlapWeight 8.000000E-06, gamma 2.677771E-01, time 2.025ms
[INFO   ] DREAMPlace - full step 16.749 ms
[DEBUG  ] dreamplace.ops.weighted_average_wirelength.weighted_average_wirelength - wirelength forward 0.095 ms
[DEBUG  ] dreamplace.ops.electric_potential.electric_potential - density forward 0.874 ms
[DEBUG  ] dreamplace.ops.electric_potential.electric_potential - density backward 0.306 ms
[DEBUG  ] dreamplace.ops.weighted_average_wirelength.weighted_average_wirelength - wirelength backward 0.092 ms
[INFO   ] DREAMPlace - optimizer step 6.578 ms
[INFO   ] DREAMPlace - iteration   31, (   1,  5,  1), Obj 1.507704E+03, NetCrossing 2.937E+01, NetCrossingWeight 1.000000E+01, DensityWeight 1.743108E-05, HPWL 2.954126E+02, Overflow 4.536399E-01, MaxDensity 6.120E+00, MacroOverlap 4.958E+01, MacroOverlapWeight 8.000000E-06, gamma 2.677771E-01, time 2.090ms
[INFO   ] DREAMPlace - full step 9.451 ms
[INFO   ] DREAMPlace - Lsub stopping criteria: 1 and 1507.7 > 1380.55 * 0.999
[DEBUG  ] dreamplace.ops.weighted_average_wirelength.weighted_average_wirelength - wirelength forward 0.093 ms
[DEBUG  ] dreamplace.ops.electric_potential.electric_potential - density forward 0.860 ms
[DEBUG  ] dreamplace.ops.electric_potential.electric_potential - density backward 0.355 ms
[DEBUG  ] dreamplace.ops.weighted_average_wirelength.weighted_average_wirelength - wirelength backward 0.119 ms
[INFO   ] DREAMPlace - optimizer step 7.333 ms
[INFO   ] DREAMPlace - iteration   32, (   1,  6,  0), Obj 1.489093E+03, NetCrossing 2.906E+01, NetCrossingWeight 1.000000E+01, DensityWeight 1.962851E-05, HPWL 2.905298E+02, Overflow 4.529918E-01, MaxDensity 6.134E+00, MacroOverlap 4.949E+01, MacroOverlapWeight 8.000000E-06, gamma 2.677771E-01, time 2.015ms
[INFO   ] DREAMPlace - full step 10.099 ms
[DEBUG  ] dreamplace.ops.weighted_average_wirelength.weighted_average_wirelength - wirelength forward 0.106 ms
[DEBUG  ] dreamplace.ops.electric_potential.electric_potential - density forward 1.042 ms
[DEBUG  ] dreamplace.ops.electric_potential.electric_potential - density backward 0.376 ms
[DEBUG  ] dreamplace.ops.weighted_average_wirelength.weighted_average_wirelength - wirelength backward 0.125 ms
[INFO   ] DREAMPlace - optimizer step 7.976 ms
[INFO   ] DREAMPlace - iteration   33, (   1,  6,  1), Obj 1.633072E+03, NetCrossing 2.954E+01, NetCrossingWeight 1.000000E+01, DensityWeight 1.962851E-05, HPWL 2.934052E+02, Overflow 4.520743E-01, MaxDensity 7.116E+00, MacroOverlap 4.983E+01, MacroOverlapWeight 8.000000E-06, gamma 2.677771E-01, time 2.068ms
[INFO   ] DREAMPlace - full step 10.927 ms
[INFO   ] DREAMPlace - Lsub stopping criteria: 1 and 1633.07 > 1489.09 * 0.999
[DEBUG  ] dreamplace.ops.weighted_average_wirelength.weighted_average_wirelength - wirelength forward 0.125 ms
[DEBUG  ] dreamplace.ops.electric_potential.electric_potential - density forward 1.106 ms
[DEBUG  ] dreamplace.ops.electric_potential.electric_potential - density backward 0.360 ms
[DEBUG  ] dreamplace.ops.weighted_average_wirelength.weighted_average_wirelength - wirelength backward 0.118 ms
[INFO   ] DREAMPlace - optimizer step 8.384 ms
[INFO   ] DREAMPlace - iteration   34, (   1,  7,  0), Obj 1.613623E+03, NetCrossing 2.959E+01, NetCrossingWeight 1.000000E+01, DensityWeight 2.206541E-05, HPWL 2.919865E+02, Overflow 4.509456E-01, MaxDensity 7.616E+00, MacroOverlap 4.820E+01, MacroOverlapWeight 8.000000E-06, gamma 2.677771E-01, time 2.557ms
[INFO   ] DREAMPlace - full step 11.897 ms
[DEBUG  ] dreamplace.ops.weighted_average_wirelength.weighted_average_wirelength - wirelength forward 0.126 ms
[DEBUG  ] dreamplace.ops.electric_potential.electric_potential - density forward 1.101 ms
[DEBUG  ] dreamplace.ops.electric_potential.electric_potential - density backward 0.319 ms
[DEBUG  ] dreamplace.ops.weighted_average_wirelength.weighted_average_wirelength - wirelength backward 0.098 ms
[INFO   ] DREAMPlace - optimizer step 7.893 ms
[INFO   ] DREAMPlace - iteration   35, (   1,  7,  1), Obj 1.761811E+03, NetCrossing 2.926E+01, NetCrossingWeight 1.000000E+01, DensityWeight 2.206541E-05, HPWL 2.913193E+02, Overflow 4.486984E-01, MaxDensity 7.892E+00, MacroOverlap 4.823E+01, MacroOverlapWeight 8.000000E-06, gamma 2.677771E-01, time 2.643ms
[INFO   ] DREAMPlace - full step 11.411 ms
[INFO   ] DREAMPlace - Lsub stopping criteria: 1 and 1761.81 > 1613.62 * 0.999
[DEBUG  ] dreamplace.ops.weighted_average_wirelength.weighted_average_wirelength - wirelength forward 0.094 ms
[DEBUG  ] dreamplace.ops.electric_potential.electric_potential - density forward 0.886 ms
[DEBUG  ] dreamplace.ops.electric_potential.electric_potential - density backward 0.366 ms
[DEBUG  ] dreamplace.ops.weighted_average_wirelength.weighted_average_wirelength - wirelength backward 0.129 ms
[INFO   ] DREAMPlace - optimizer step 7.370 ms
[INFO   ] DREAMPlace - iteration   36, (   1,  8,  0), Obj 1.742473E+03, NetCrossing 2.986E+01, NetCrossingWeight 1.000000E+01, DensityWeight 2.480237E-05, HPWL 2.930028E+02, Overflow 4.490787E-01, MaxDensity 7.883E+00, MacroOverlap 4.730E+01, MacroOverlapWeight 8.000000E-06, gamma 2.677771E-01, time 2.070ms
[INFO   ] DREAMPlace - full step 10.166 ms
[DEBUG  ] dreamplace.ops.weighted_average_wirelength.weighted_average_wirelength - wirelength forward 0.120 ms
[DEBUG  ] dreamplace.ops.electric_potential.electric_potential - density forward 1.123 ms
[DEBUG  ] dreamplace.ops.electric_potential.electric_potential - density backward 0.397 ms
[DEBUG  ] dreamplace.ops.weighted_average_wirelength.weighted_average_wirelength - wirelength backward 0.121 ms
[INFO   ] DREAMPlace - optimizer step 9.432 ms
[INFO   ] DREAMPlace - iteration   37, (   1,  8,  1), Obj 1.908529E+03, NetCrossing 2.993E+01, NetCrossingWeight 1.000000E+01, DensityWeight 2.480237E-05, HPWL 3.006808E+02, Overflow 4.457632E-01, MaxDensity 8.028E+00, MacroOverlap 4.652E+01, MacroOverlapWeight 8.000000E-06, gamma 2.677771E-01, time 2.185ms
[INFO   ] DREAMPlace - full step 12.553 ms
[INFO   ] DREAMPlace - Lsub stopping criteria: 1 and 1908.53 > 1742.47 * 0.999
[DEBUG  ] dreamplace.ops.weighted_average_wirelength.weighted_average_wirelength - wirelength forward 0.143 ms
[DEBUG  ] dreamplace.ops.electric_potential.electric_potential - density forward 1.224 ms
[DEBUG  ] dreamplace.ops.electric_potential.electric_potential - density backward 0.314 ms
[DEBUG  ] dreamplace.ops.weighted_average_wirelength.weighted_average_wirelength - wirelength backward 0.092 ms
[INFO   ] DREAMPlace - optimizer step 8.327 ms
[INFO   ] DREAMPlace - iteration   38, (   1,  9,  0), Obj 1.882945E+03, NetCrossing 3.024E+01, NetCrossingWeight 1.000000E+01, DensityWeight 2.792900E-05, HPWL 2.979706E+02, Overflow 4.461232E-01, MaxDensity 8.028E+00, MacroOverlap 4.589E+01, MacroOverlapWeight 8.000000E-06, gamma 2.677771E-01, time 2.826ms
[INFO   ] DREAMPlace - full step 12.113 ms
[DEBUG  ] dreamplace.ops.weighted_average_wirelength.weighted_average_wirelength - wirelength forward 0.129 ms
[DEBUG  ] dreamplace.ops.electric_potential.electric_potential - density forward 1.657 ms
[DEBUG  ] dreamplace.ops.electric_potential.electric_potential - density backward 0.364 ms
[DEBUG  ] dreamplace.ops.weighted_average_wirelength.weighted_average_wirelength - wirelength backward 0.134 ms
[INFO   ] DREAMPlace - optimizer step 10.169 ms
[INFO   ] DREAMPlace - iteration   39, (   1,  9,  1), Obj 2.055825E+03, NetCrossing 3.162E+01, NetCrossingWeight 1.000000E+01, DensityWeight 2.792900E-05, HPWL 2.979692E+02, Overflow 4.441663E-01, MaxDensity 8.028E+00, MacroOverlap 4.505E+01, MacroOverlapWeight 8.000000E-06, gamma 2.677771E-01, time 2.651ms
[INFO   ] DREAMPlace - full step 13.855 ms
[INFO   ] DREAMPlace - Lsub stopping criteria: 1 and 2055.83 > 1882.95 * 0.999
[DEBUG  ] dreamplace.ops.weighted_average_wirelength.weighted_average_wirelength - wirelength forward 0.124 ms
[DEBUG  ] dreamplace.ops.electric_potential.electric_potential - density forward 1.318 ms
[DEBUG  ] dreamplace.ops.electric_potential.electric_potential - density backward 0.365 ms
[DEBUG  ] dreamplace.ops.weighted_average_wirelength.weighted_average_wirelength - wirelength backward 0.120 ms
[INFO   ] DREAMPlace - optimizer step 8.653 ms
[INFO   ] DREAMPlace - iteration   40, (   2,  0,  0), Obj 2.025854E+03, NetCrossing 3.215E+01, NetCrossingWeight 1.000000E+01, DensityWeight 3.138700E-05, HPWL 2.999171E+02, Overflow 4.427170E-01, MaxDensity 7.410E+00, MacroOverlap 4.431E+01, MacroOverlapWeight 8.000000E-06, gamma 2.403190E-01, time 2.556ms
[INFO   ] DREAMPlace - full step 12.295 ms
[DEBUG  ] dreamplace.ops.weighted_average_wirelength.weighted_average_wirelength - wirelength forward 0.109 ms
[DEBUG  ] dreamplace.ops.electric_potential.electric_potential - density forward 0.942 ms
[DEBUG  ] dreamplace.ops.electric_potential.electric_potential - density backward 0.357 ms
[DEBUG  ] dreamplace.ops.weighted_average_wirelength.weighted_average_wirelength - wirelength backward 0.117 ms
[INFO   ] DREAMPlace - optimizer step 8.221 ms
[INFO   ] DREAMPlace - iteration   41, (   2,  0,  1), Obj 2.213861E+03, NetCrossing 3.131E+01, NetCrossingWeight 1.000000E+01, DensityWeight 3.138700E-05, HPWL 3.067032E+02, Overflow 4.389257E-01, MaxDensity 7.410E+00, MacroOverlap 4.385E+01, MacroOverlapWeight 8.000000E-06, gamma 2.403190E-01, time 2.742ms
[INFO   ] DREAMPlace - full step 12.153 ms
[INFO   ] DREAMPlace - Lsub stopping criteria: 1 and 2213.86 > 2025.85 * 0.999
[DEBUG  ] dreamplace.ops.weighted_average_wirelength.weighted_average_wirelength - wirelength forward 0.105 ms
[DEBUG  ] dreamplace.ops.electric_potential.electric_potential - density forward 1.369 ms
[DEBUG  ] dreamplace.ops.electric_potential.electric_potential - density backward 0.357 ms
[DEBUG  ] dreamplace.ops.weighted_average_wirelength.weighted_average_wirelength - wirelength backward 0.117 ms
[INFO   ] DREAMPlace - optimizer step 9.009 ms
[INFO   ] DREAMPlace - iteration   42, (   2,  1,  0), Obj 2.174000E+03, NetCrossing 3.225E+01, NetCrossingWeight 1.000000E+01, DensityWeight 3.534370E-05, HPWL 3.125233E+02, Overflow 4.366612E-01, MaxDensity 7.410E+00, MacroOverlap 4.121E+01, MacroOverlapWeight 8.000000E-06, gamma 2.403190E-01, time 3.005ms
[INFO   ] DREAMPlace - full step 13.082 ms
[DEBUG  ] dreamplace.ops.weighted_average_wirelength.weighted_average_wirelength - wirelength forward 0.132 ms
[DEBUG  ] dreamplace.ops.electric_potential.electric_potential - density forward 1.177 ms
[DEBUG  ] dreamplace.ops.electric_potential.electric_potential - density backward 0.385 ms
[DEBUG  ] dreamplace.ops.weighted_average_wirelength.weighted_average_wirelength - wirelength backward 0.120 ms
[INFO   ] DREAMPlace - optimizer step 11.271 ms
[INFO   ] DREAMPlace - iteration   43, (   2,  1,  1), Obj 2.354902E+03, NetCrossing 3.259E+01, NetCrossingWeight 1.000000E+01, DensityWeight 3.534370E-05, HPWL 3.035788E+02, Overflow 4.332552E-01, MaxDensity 7.410E+00, MacroOverlap 4.081E+01, MacroOverlapWeight 8.000000E-06, gamma 2.403190E-01, time 2.709ms
[INFO   ] DREAMPlace - full step 14.991 ms
[INFO   ] DREAMPlace - Lsub stopping criteria: 1 and 2354.9 > 2174 * 0.999
[DEBUG  ] dreamplace.ops.weighted_average_wirelength.weighted_average_wirelength - wirelength forward 0.129 ms
[DEBUG  ] dreamplace.ops.electric_potential.electric_potential - density forward 1.164 ms
[DEBUG  ] dreamplace.ops.electric_potential.electric_potential - density backward 0.367 ms
[DEBUG  ] dreamplace.ops.weighted_average_wirelength.weighted_average_wirelength - wirelength backward 0.121 ms
[INFO   ] DREAMPlace - optimizer step 8.714 ms
[INFO   ] DREAMPlace - iteration   44, (   2,  2,  0), Obj 2.321503E+03, NetCrossing 3.385E+01, NetCrossingWeight 1.000000E+01, DensityWeight 3.971179E-05, HPWL 3.279401E+02, Overflow 4.268149E-01, MaxDensity 7.410E+00, MacroOverlap 3.957E+01, MacroOverlapWeight 8.000000E-06, gamma 2.403190E-01, time 2.649ms
[INFO   ] DREAMPlace - full step 12.365 ms
[DEBUG  ] dreamplace.ops.weighted_average_wirelength.weighted_average_wirelength - wirelength forward 0.126 ms
[DEBUG  ] dreamplace.ops.electric_potential.electric_potential - density forward 1.109 ms
[DEBUG  ] dreamplace.ops.electric_potential.electric_potential - density backward 0.358 ms
[DEBUG  ] dreamplace.ops.weighted_average_wirelength.weighted_average_wirelength - wirelength backward 0.117 ms
[INFO   ] DREAMPlace - optimizer step 8.469 ms
[INFO   ] DREAMPlace - iteration   45, (   2,  2,  1), Obj 2.500962E+03, NetCrossing 3.333E+01, NetCrossingWeight 1.000000E+01, DensityWeight 3.971179E-05, HPWL 3.363534E+02, Overflow 4.237724E-01, MaxDensity 6.793E+00, MacroOverlap 3.507E+01, MacroOverlapWeight 8.000000E-06, gamma 2.403190E-01, time 2.641ms
[INFO   ] DREAMPlace - full step 12.098 ms
[INFO   ] DREAMPlace - Lsub stopping criteria: 1 and 2500.96 > 2321.5 * 0.999
[DEBUG  ] dreamplace.ops.weighted_average_wirelength.weighted_average_wirelength - wirelength forward 0.121 ms
[DEBUG  ] dreamplace.ops.electric_potential.electric_potential - density forward 1.198 ms
[DEBUG  ] dreamplace.ops.electric_potential.electric_potential - density backward 0.359 ms
[DEBUG  ] dreamplace.ops.weighted_average_wirelength.weighted_average_wirelength - wirelength backward 0.108 ms
[INFO   ] DREAMPlace - optimizer step 8.373 ms
[INFO   ] DREAMPlace - iteration   46, (   2,  3,  0), Obj 2.422065E+03, NetCrossing 3.140E+01, NetCrossingWeight 1.000000E+01, DensityWeight 4.471770E-05, HPWL 3.353646E+02, Overflow 4.208635E-01, MaxDensity 6.793E+00, MacroOverlap 3.554E+01, MacroOverlapWeight 8.000000E-06, gamma 2.403190E-01, time 2.499ms
[INFO   ] DREAMPlace - full step 11.848 ms
[DEBUG  ] dreamplace.ops.weighted_average_wirelength.weighted_average_wirelength - wirelength forward 0.132 ms
[DEBUG  ] dreamplace.ops.electric_potential.electric_potential - density forward 1.179 ms
[DEBUG  ] dreamplace.ops.electric_potential.electric_potential - density backward 0.366 ms
[DEBUG  ] dreamplace.ops.weighted_average_wirelength.weighted_average_wirelength - wirelength backward 0.115 ms
[INFO   ] DREAMPlace - optimizer step 8.716 ms
[INFO   ] DREAMPlace - iteration   47, (   2,  3,  1), Obj 2.593220E+03, NetCrossing 3.288E+01, NetCrossingWeight 1.000000E+01, DensityWeight 4.471770E-05, HPWL 3.632220E+02, Overflow 4.126694E-01, MaxDensity 6.793E+00, MacroOverlap 2.867E+01, MacroOverlapWeight 8.000000E-06, gamma 2.403190E-01, time 2.640ms
[INFO   ] DREAMPlace - full step 12.354 ms
[INFO   ] DREAMPlace - Lsub stopping criteria: 1 and 2593.22 > 2422.06 * 0.999
[DEBUG  ] dreamplace.ops.weighted_average_wirelength.weighted_average_wirelength - wirelength forward 0.128 ms
[DEBUG  ] dreamplace.ops.electric_potential.electric_potential - density forward 1.115 ms
[DEBUG  ] dreamplace.ops.electric_potential.electric_potential - density backward 0.374 ms
[DEBUG  ] dreamplace.ops.weighted_average_wirelength.weighted_average_wirelength - wirelength backward 0.113 ms
[INFO   ] DREAMPlace - optimizer step 8.390 ms
[INFO   ] DREAMPlace - iteration   48, (   2,  4,  0), Obj 2.470278E+03, NetCrossing 2.952E+01, NetCrossingWeight 1.000000E+01, DensityWeight 5.035469E-05, HPWL 3.750635E+02, Overflow 4.077152E-01, MaxDensity 6.611E+00, MacroOverlap 2.711E+01, MacroOverlapWeight 8.000000E-06, gamma 2.403190E-01, time 2.618ms
[INFO   ] DREAMPlace - full step 12.011 ms
[DEBUG  ] dreamplace.ops.weighted_average_wirelength.weighted_average_wirelength - wirelength forward 0.124 ms
[DEBUG  ] dreamplace.ops.electric_potential.electric_potential - density forward 1.113 ms
[DEBUG  ] dreamplace.ops.electric_potential.electric_potential - density backward 0.374 ms
[DEBUG  ] dreamplace.ops.weighted_average_wirelength.weighted_average_wirelength - wirelength backward 0.120 ms
[INFO   ] DREAMPlace - optimizer step 8.526 ms
[INFO   ] DREAMPlace - iteration   49, (   2,  4,  1), Obj 2.596967E+03, NetCrossing 2.871E+01, NetCrossingWeight 1.000000E+01, DensityWeight 5.035469E-05, HPWL 4.278135E+02, Overflow 3.902562E-01, MaxDensity 5.637E+00, MacroOverlap 2.264E+01, MacroOverlapWeight 8.000000E-06, gamma 2.403190E-01, time 2.551ms
[INFO   ] DREAMPlace - full step 12.094 ms
[INFO   ] DREAMPlace - Lsub stopping criteria: 1 and 2596.97 > 2470.28 * 0.999
[DEBUG  ] dreamplace.ops.weighted_average_wirelength.weighted_average_wirelength - wirelength forward 0.131 ms
[DEBUG  ] dreamplace.ops.electric_potential.electric_potential - density forward 1.154 ms
[DEBUG  ] dreamplace.ops.electric_potential.electric_potential - density backward 0.383 ms
[DEBUG  ] dreamplace.ops.weighted_average_wirelength.weighted_average_wirelength - wirelength backward 0.119 ms
[INFO   ] DREAMPlace - optimizer step 8.709 ms
[INFO   ] DREAMPlace - iteration   50, (   2,  5,  0), Obj 2.396628E+03, NetCrossing 2.727E+01, NetCrossingWeight 1.000000E+01, DensityWeight 5.670179E-05, HPWL 4.354392E+02, Overflow 3.838427E-01, MaxDensity 4.940E+00, MacroOverlap 1.841E+01, MacroOverlapWeight 8.000000E-06, gamma 2.403190E-01, time 2.692ms
[INFO   ] DREAMPlace - full step 12.453 ms
[DEBUG  ] dreamplace.ops.weighted_average_wirelength.weighted_average_wirelength - wirelength forward 0.129 ms
[DEBUG  ] dreamplace.ops.electric_potential.electric_potential - density forward 1.166 ms
[DEBUG  ] dreamplace.ops.electric_potential.electric_potential - density backward 0.384 ms
[DEBUG  ] dreamplace.ops.weighted_average_wirelength.weighted_average_wirelength - wirelength backward 0.120 ms
[INFO   ] DREAMPlace - optimizer step 8.666 ms
[INFO   ] DREAMPlace - iteration   51, (   2,  5,  1), Obj 2.438292E+03, NetCrossing 2.837E+01, NetCrossingWeight 1.000000E+01, DensityWeight 5.670179E-05, HPWL 4.834048E+02, Overflow 3.650150E-01, MaxDensity 5.558E+00, MacroOverlap 1.600E+01, MacroOverlapWeight 8.000000E-06, gamma 2.403190E-01, time 2.642ms
[INFO   ] DREAMPlace - full step 12.324 ms
[INFO   ] DREAMPlace - Lsub stopping criteria: 1 and 2438.29 > 2396.63 * 0.999
[DEBUG  ] dreamplace.ops.weighted_average_wirelength.weighted_average_wirelength - wirelength forward 0.132 ms
[DEBUG  ] dreamplace.ops.electric_potential.electric_potential - density forward 1.148 ms
[DEBUG  ] dreamplace.ops.electric_potential.electric_potential - density backward 0.379 ms
[DEBUG  ] dreamplace.ops.weighted_average_wirelength.weighted_average_wirelength - wirelength backward 0.119 ms
[INFO   ] DREAMPlace - optimizer step 8.708 ms
[INFO   ] DREAMPlace - iteration   52, (   2,  6,  0), Obj 2.182009E+03, NetCrossing 2.694E+01, NetCrossingWeight 1.000000E+01, DensityWeight 6.384905E-05, HPWL 5.100762E+02, Overflow 3.544427E-01, MaxDensity 4.940E+00, MacroOverlap 1.253E+01, MacroOverlapWeight 8.000000E-06, gamma 2.403190E-01, time 2.650ms
[INFO   ] DREAMPlace - full step 12.362 ms
[DEBUG  ] dreamplace.ops.weighted_average_wirelength.weighted_average_wirelength - wirelength forward 0.126 ms
[DEBUG  ] dreamplace.ops.electric_potential.electric_potential - density forward 1.154 ms
[DEBUG  ] dreamplace.ops.electric_potential.electric_potential - density backward 0.400 ms
[DEBUG  ] dreamplace.ops.weighted_average_wirelength.weighted_average_wirelength - wirelength backward 0.121 ms
[INFO   ] DREAMPlace - optimizer step 8.727 ms
[INFO   ] DREAMPlace - iteration   53, (   2,  6,  1), Obj 2.194959E+03, NetCrossing 2.661E+01, NetCrossingWeight 1.000000E+01, DensityWeight 6.384905E-05, HPWL 5.428840E+02, Overflow 3.528837E-01, MaxDensity 4.885E+00, MacroOverlap 1.283E+01, MacroOverlapWeight 8.000000E-06, gamma 2.403190E-01, time 2.644ms
[INFO   ] DREAMPlace - full step 12.425 ms
[INFO   ] DREAMPlace - Lsub stopping criteria: 1 and 2194.96 > 2182.01 * 0.999
[DEBUG  ] dreamplace.ops.weighted_average_wirelength.weighted_average_wirelength - wirelength forward 0.133 ms
[DEBUG  ] dreamplace.ops.electric_potential.electric_potential - density forward 1.186 ms
[DEBUG  ] dreamplace.ops.electric_potential.electric_potential - density backward 0.390 ms
[DEBUG  ] dreamplace.ops.weighted_average_wirelength.weighted_average_wirelength - wirelength backward 0.119 ms
[INFO   ] DREAMPlace - optimizer step 8.851 ms
[INFO   ] DREAMPlace - iteration   54, (   2,  7,  0), Obj 2.089699E+03, NetCrossing 2.385E+01, NetCrossingWeight 1.000000E+01, DensityWeight 7.189717E-05, HPWL 6.239054E+02, Overflow 3.436806E-01, MaxDensity 5.674E+00, MacroOverlap 1.799E+01, MacroOverlapWeight 8.000000E-06, gamma 2.403190E-01, time 2.703ms
[INFO   ] DREAMPlace - full step 12.588 ms
[DEBUG  ] dreamplace.ops.weighted_average_wirelength.weighted_average_wirelength - wirelength forward 0.134 ms
[DEBUG  ] dreamplace.ops.electric_potential.electric_potential - density forward 1.189 ms
[DEBUG  ] dreamplace.ops.electric_potential.electric_potential - density backward 0.363 ms
[DEBUG  ] dreamplace.ops.weighted_average_wirelength.weighted_average_wirelength - wirelength backward 0.142 ms
[INFO   ] DREAMPlace - optimizer step 8.279 ms
[INFO   ] DREAMPlace - iteration   55, (   2,  7,  1), Obj 2.064739E+03, NetCrossing 2.410E+01, NetCrossingWeight 1.000000E+01, DensityWeight 7.189717E-05, HPWL 6.526152E+02, Overflow 3.390124E-01, MaxDensity 4.079E+00, MacroOverlap 1.362E+01, MacroOverlapWeight 8.000000E-06, gamma 2.403190E-01, time 2.683ms
[INFO   ] DREAMPlace - full step 12.021 ms
[DEBUG  ] dreamplace.ops.weighted_average_wirelength.weighted_average_wirelength - wirelength forward 0.127 ms
[DEBUG  ] dreamplace.ops.electric_potential.electric_potential - density forward 1.174 ms
[DEBUG  ] dreamplace.ops.electric_potential.electric_potential - density backward 0.428 ms
[DEBUG  ] dreamplace.ops.weighted_average_wirelength.weighted_average_wirelength - wirelength backward 0.141 ms
[INFO   ] DREAMPlace - optimizer step 9.315 ms
[INFO   ] DREAMPlace - iteration   56, (   2,  8,  0), Obj 1.860755E+03, NetCrossing 2.582E+01, NetCrossingWeight 1.000000E+01, DensityWeight 8.095885E-05, HPWL 7.111917E+02, Overflow 3.267161E-01, MaxDensity 4.323E+00, MacroOverlap 9.918E+00, MacroOverlapWeight 8.000000E-06, gamma 2.403190E-01, time 2.613ms
[INFO   ] DREAMPlace - full step 12.920 ms
[DEBUG  ] dreamplace.ops.weighted_average_wirelength.weighted_average_wirelength - wirelength forward 0.131 ms
[DEBUG  ] dreamplace.ops.electric_potential.electric_potential - density forward 1.164 ms
[DEBUG  ] dreamplace.ops.electric_potential.electric_potential - density backward 0.406 ms
[DEBUG  ] dreamplace.ops.weighted_average_wirelength.weighted_average_wirelength - wirelength backward 0.123 ms
[INFO   ] DREAMPlace - optimizer step 8.872 ms
[INFO   ] DREAMPlace - iteration   57, (   2,  8,  1), Obj 1.909946E+03, NetCrossing 2.412E+01, NetCrossingWeight 1.000000E+01, DensityWeight 8.095885E-05, HPWL 7.154995E+02, Overflow 3.084702E-01, MaxDensity 4.519E+00, MacroOverlap 1.158E+01, MacroOverlapWeight 8.000000E-06, gamma 2.403190E-01, time 2.652ms
[INFO   ] DREAMPlace - full step 12.539 ms
[INFO   ] DREAMPlace - Lsub stopping criteria: 1 and 1909.95 > 1860.76 * 0.999
[DEBUG  ] dreamplace.ops.weighted_average_wirelength.weighted_average_wirelength - wirelength forward 0.127 ms
[DEBUG  ] dreamplace.ops.electric_potential.electric_potential - density forward 1.140 ms
[DEBUG  ] dreamplace.ops.electric_potential.electric_potential - density backward 0.409 ms
[DEBUG  ] dreamplace.ops.weighted_average_wirelength.weighted_average_wirelength - wirelength backward 0.123 ms
[INFO   ] DREAMPlace - optimizer step 8.652 ms
[INFO   ] DREAMPlace - iteration   58, (   2,  9,  0), Obj 1.768997E+03, NetCrossing 2.045E+01, NetCrossingWeight 1.000000E+01, DensityWeight 9.116357E-05, HPWL 8.092551E+02, Overflow 2.828190E-01, MaxDensity 3.698E+00, MacroOverlap 7.091E+00, MacroOverlapWeight 8.000000E-06, gamma 2.403190E-01, time 2.611ms
[INFO   ] DREAMPlace - full step 12.252 ms
[DEBUG  ] dreamplace.ops.weighted_average_wirelength.weighted_average_wirelength - wirelength forward 0.122 ms
[DEBUG  ] dreamplace.ops.electric_potential.electric_potential - density forward 1.102 ms
[DEBUG  ] dreamplace.ops.electric_potential.electric_potential - density backward 0.396 ms
[DEBUG  ] dreamplace.ops.weighted_average_wirelength.weighted_average_wirelength - wirelength backward 0.124 ms
[INFO   ] DREAMPlace - optimizer step 8.635 ms
[INFO   ] DREAMPlace - iteration   59, (   2,  9,  1), Obj 1.805574E+03, NetCrossing 2.245E+01, NetCrossingWeight 1.000000E+01, DensityWeight 9.116357E-05, HPWL 8.251279E+02, Overflow 2.986470E-01, MaxDensity 4.940E+00, MacroOverlap 9.179E+00, MacroOverlapWeight 8.000000E-06, gamma 2.403190E-01, time 2.564ms
[INFO   ] DREAMPlace - full step 12.147 ms
[INFO   ] DREAMPlace - Lsub stopping criteria: 1 and 1805.57 > 1769 * 0.999
[DEBUG  ] dreamplace.ops.weighted_average_wirelength.weighted_average_wirelength - wirelength forward 0.134 ms
[DEBUG  ] dreamplace.ops.electric_potential.electric_potential - density forward 1.173 ms
[DEBUG  ] dreamplace.ops.electric_potential.electric_potential - density backward 0.400 ms
[DEBUG  ] dreamplace.ops.weighted_average_wirelength.weighted_average_wirelength - wirelength backward 0.124 ms
[INFO   ] DREAMPlace - optimizer step 8.888 ms
[INFO   ] DREAMPlace - iteration   60, (   3,  0,  0), Obj 1.824597E+03, NetCrossing 2.374E+01, NetCrossingWeight 1.000000E+01, DensityWeight 1.026535E-04, HPWL 9.382544E+02, Overflow 2.751569E-01, MaxDensity 3.705E+00, MacroOverlap 7.441E+00, MacroOverlapWeight 8.000000E-06, gamma 1.141331E-01, time 2.625ms
[INFO   ] DREAMPlace - full step 12.592 ms
[DEBUG  ] dreamplace.ops.weighted_average_wirelength.weighted_average_wirelength - wirelength forward 0.145 ms
[DEBUG  ] dreamplace.ops.electric_potential.electric_potential - density forward 1.169 ms
[DEBUG  ] dreamplace.ops.electric_potential.electric_potential - density backward 0.403 ms
[DEBUG  ] dreamplace.ops.weighted_average_wirelength.weighted_average_wirelength - wirelength backward 0.122 ms
[INFO   ] DREAMPlace - optimizer step 8.739 ms
[INFO   ] DREAMPlace - iteration   61, (   3,  0,  1), Obj 1.840020E+03, NetCrossing 2.115E+01, NetCrossingWeight 1.000000E+01, DensityWeight 1.026535E-04, HPWL 1.072918E+03, Overflow 2.574494E-01, MaxDensity 3.705E+00, MacroOverlap 4.051E+00, MacroOverlapWeight 8.000000E-06, gamma 1.141331E-01, time 2.647ms
[INFO   ] DREAMPlace - full step 12.401 ms
[INFO   ] DREAMPlace - Lsub stopping criteria: 1 and 1840.02 > 1824.6 * 0.999
[DEBUG  ] dreamplace.ops.weighted_average_wirelength.weighted_average_wirelength - wirelength forward 0.134 ms
[DEBUG  ] dreamplace.ops.electric_potential.electric_potential - density forward 1.149 ms
[DEBUG  ] dreamplace.ops.electric_potential.electric_potential - density backward 0.391 ms
[DEBUG  ] dreamplace.ops.weighted_average_wirelength.weighted_average_wirelength - wirelength backward 0.126 ms
[INFO   ] DREAMPlace - optimizer step 8.594 ms
[INFO   ] DREAMPlace - iteration   62, (   3,  1,  0), Obj 1.699366E+03, NetCrossing 1.958E+01, NetCrossingWeight 1.000000E+01, DensityWeight 1.155881E-04, HPWL 9.714728E+02, Overflow 2.662525E-01, MaxDensity 3.160E+00, MacroOverlap 6.218E+00, MacroOverlapWeight 8.000000E-06, gamma 1.141331E-01, time 2.668ms
[INFO   ] DREAMPlace - full step 12.203 ms
[DEBUG  ] dreamplace.ops.weighted_average_wirelength.weighted_average_wirelength - wirelength forward 0.132 ms
[DEBUG  ] dreamplace.ops.electric_potential.electric_potential - density forward 1.135 ms
[DEBUG  ] dreamplace.ops.electric_potential.electric_potential - density backward 0.409 ms
[DEBUG  ] dreamplace.ops.weighted_average_wirelength.weighted_average_wirelength - wirelength backward 0.128 ms
[INFO   ] DREAMPlace - optimizer step 8.772 ms
[INFO   ] DREAMPlace - iteration   63, (   3,  1,  1), Obj 1.595594E+03, NetCrossing 2.046E+01, NetCrossingWeight 1.000000E+01, DensityWeight 1.155881E-04, HPWL 9.373007E+02, Overflow 2.445143E-01, MaxDensity 3.705E+00, MacroOverlap 3.477E+00, MacroOverlapWeight 8.000000E-06, gamma 1.141331E-01, time 2.666ms
[INFO   ] DREAMPlace - full step 12.453 ms
[DEBUG  ] dreamplace.ops.weighted_average_wirelength.weighted_average_wirelength - wirelength forward 0.133 ms
[DEBUG  ] dreamplace.ops.electric_potential.electric_potential - density forward 1.189 ms
[DEBUG  ] dreamplace.ops.electric_potential.electric_potential - density backward 0.428 ms
[DEBUG  ] dreamplace.ops.weighted_average_wirelength.weighted_average_wirelength - wirelength backward 0.127 ms
[INFO   ] DREAMPlace - optimizer step 9.125 ms
[INFO   ] DREAMPlace - iteration   64, (   3,  2,  0), Obj 1.663946E+03, NetCrossing 2.253E+01, NetCrossingWeight 1.000000E+01, DensityWeight 1.297437E-04, HPWL 1.151165E+03, Overflow 2.536009E-01, MaxDensity 3.088E+00, MacroOverlap 5.123E+00, MacroOverlapWeight 8.000000E-06, gamma 1.141331E-01, time 2.702ms
[INFO   ] DREAMPlace - full step 12.820 ms
[DEBUG  ] dreamplace.ops.weighted_average_wirelength.weighted_average_wirelength - wirelength forward 0.148 ms
[DEBUG  ] dreamplace.ops.electric_potential.electric_potential - density forward 1.159 ms
[DEBUG  ] dreamplace.ops.electric_potential.electric_potential - density backward 0.405 ms
[DEBUG  ] dreamplace.ops.weighted_average_wirelength.weighted_average_wirelength - wirelength backward 0.127 ms
[INFO   ] DREAMPlace - optimizer step 9.221 ms
[INFO   ] DREAMPlace - iteration   65, (   3,  2,  1), Obj 1.732262E+03, NetCrossing 2.537E+01, NetCrossingWeight 1.000000E+01, DensityWeight 1.297437E-04, HPWL 1.081135E+03, Overflow 2.634746E-01, MaxDensity 4.588E+00, MacroOverlap 6.333E+00, MacroOverlapWeight 8.000000E-06, gamma 1.141331E-01, time 2.697ms
[INFO   ] DREAMPlace - full step 12.980 ms
[INFO   ] DREAMPlace - Lsub stopping criteria: 1 and 1732.26 > 1663.95 * 0.999
[DEBUG  ] dreamplace.ops.weighted_average_wirelength.weighted_average_wirelength - wirelength forward 0.132 ms
[DEBUG  ] dreamplace.ops.electric_potential.electric_potential - density forward 1.170 ms
[DEBUG  ] dreamplace.ops.electric_potential.electric_potential - density backward 0.401 ms
[DEBUG  ] dreamplace.ops.weighted_average_wirelength.weighted_average_wirelength - wirelength backward 0.126 ms
[INFO   ] DREAMPlace - optimizer step 8.918 ms
[INFO   ] DREAMPlace - iteration   66, (   3,  3,  0), Obj 1.740304E+03, NetCrossing 1.827E+01, NetCrossingWeight 1.000000E+01, DensityWeight 1.460951E-04, HPWL 1.257476E+03, Overflow 2.504255E-01, MaxDensity 3.088E+00, MacroOverlap 3.617E+00, MacroOverlapWeight 8.000000E-06, gamma 1.141331E-01, time 2.718ms
[INFO   ] DREAMPlace - full step 12.530 ms
[DEBUG  ] dreamplace.ops.weighted_average_wirelength.weighted_average_wirelength - wirelength forward 0.099 ms
[DEBUG  ] dreamplace.ops.electric_potential.electric_potential - density forward 0.905 ms
[DEBUG  ] dreamplace.ops.electric_potential.electric_potential - density backward 0.351 ms
[DEBUG  ] dreamplace.ops.weighted_average_wirelength.weighted_average_wirelength - wirelength backward 0.093 ms
[INFO   ] DREAMPlace - optimizer step 6.765 ms
[INFO   ] DREAMPlace - iteration   67, (   3,  3,  1), Obj 1.928834E+03, NetCrossing 2.050E+01, NetCrossingWeight 1.000000E+01, DensityWeight 1.460951E-04, HPWL 1.410987E+03, Overflow 2.388946E-01, MaxDensity 3.088E+00, MacroOverlap 4.779E+00, MacroOverlapWeight 8.000000E-06, gamma 1.141331E-01, time 2.176ms
[INFO   ] DREAMPlace - full step 9.763 ms
[INFO   ] DREAMPlace - Lsub stopping criteria: 1 and 1928.83 > 1740.3 * 0.999
[DEBUG  ] dreamplace.ops.weighted_average_wirelength.weighted_average_wirelength - wirelength forward 0.102 ms
[DEBUG  ] dreamplace.ops.electric_potential.electric_potential - density forward 1.232 ms
[DEBUG  ] dreamplace.ops.electric_potential.electric_potential - density backward 0.407 ms
[DEBUG  ] dreamplace.ops.weighted_average_wirelength.weighted_average_wirelength - wirelength backward 0.118 ms
[INFO   ] DREAMPlace - optimizer step 9.211 ms
[INFO   ] DREAMPlace - iteration   68, (   3,  4,  0), Obj 1.667500E+03, NetCrossing 2.577E+01, NetCrossingWeight 1.000000E+01, DensityWeight 1.645004E-04, HPWL 1.136428E+03, Overflow 2.548234E-01, MaxDensity 3.434E+00, MacroOverlap 4.035E+00, MacroOverlapWeight 8.000000E-06, gamma 1.141331E-01, time 2.140ms
[INFO   ] DREAMPlace - full step 12.337 ms
[DEBUG  ] dreamplace.ops.weighted_average_wirelength.weighted_average_wirelength - wirelength forward 0.135 ms
[DEBUG  ] dreamplace.ops.electric_potential.electric_potential - density forward 1.420 ms
[DEBUG  ] dreamplace.ops.electric_potential.electric_potential - density backward 0.406 ms
[DEBUG  ] dreamplace.ops.weighted_average_wirelength.weighted_average_wirelength - wirelength backward 0.124 ms
[INFO   ] DREAMPlace - optimizer step 10.119 ms
[INFO   ] DREAMPlace - iteration   69, (   3,  4,  1), Obj 1.916340E+03, NetCrossing 2.796E+01, NetCrossingWeight 1.000000E+01, DensityWeight 1.645004E-04, HPWL 1.154029E+03, Overflow 2.662308E-01, MaxDensity 3.088E+00, MacroOverlap 4.619E+00, MacroOverlapWeight 8.000000E-06, gamma 1.141331E-01, time 3.283ms
[INFO   ] DREAMPlace - full step 14.626 ms
[INFO   ] DREAMPlace - Lsub stopping criteria: 1 and 1916.34 > 1667.5 * 0.999
[DEBUG  ] dreamplace.ops.weighted_average_wirelength.weighted_average_wirelength - wirelength forward 0.166 ms
[DEBUG  ] dreamplace.ops.electric_potential.electric_potential - density forward 1.295 ms
[DEBUG  ] dreamplace.ops.electric_potential.electric_potential - density backward 0.361 ms
[DEBUG  ] dreamplace.ops.weighted_average_wirelength.weighted_average_wirelength - wirelength backward 0.095 ms
[INFO   ] DREAMPlace - optimizer step 9.478 ms
[INFO   ] DREAMPlace - iteration   70, (   3,  5,  0), Obj 1.963007E+03, NetCrossing 2.361E+01, NetCrossingWeight 1.000000E+01, DensityWeight 1.845907E-04, HPWL 1.175396E+03, Overflow 2.589767E-01, MaxDensity 3.705E+00, MacroOverlap 6.939E+00, MacroOverlapWeight 8.000000E-06, gamma 1.141331E-01, time 3.336ms
[INFO   ] DREAMPlace - full step 13.805 ms
[DEBUG  ] dreamplace.ops.weighted_average_wirelength.weighted_average_wirelength - wirelength forward 0.126 ms
[DEBUG  ] dreamplace.ops.electric_potential.electric_potential - density forward 1.153 ms
[DEBUG  ] dreamplace.ops.electric_potential.electric_potential - density backward 0.356 ms
[DEBUG  ] dreamplace.ops.weighted_average_wirelength.weighted_average_wirelength - wirelength backward 0.118 ms
[INFO   ] DREAMPlace - optimizer step 7.939 ms
[INFO   ] DREAMPlace - iteration   71, (   3,  5,  1), Obj 1.927170E+03, NetCrossing 3.101E+01, NetCrossingWeight 1.000000E+01, DensityWeight 1.845907E-04, HPWL 1.278025E+03, Overflow 2.326126E-01, MaxDensity 3.705E+00, MacroOverlap 2.982E+00, MacroOverlapWeight 8.000000E-06, gamma 1.141331E-01, time 2.163ms
[INFO   ] DREAMPlace - full step 11.140 ms
[DEBUG  ] dreamplace.ops.weighted_average_wirelength.weighted_average_wirelength - wirelength forward 0.104 ms
[DEBUG  ] dreamplace.ops.electric_potential.electric_potential - density forward 0.977 ms
[DEBUG  ] dreamplace.ops.electric_potential.electric_potential - density backward 0.365 ms
[DEBUG  ] dreamplace.ops.weighted_average_wirelength.weighted_average_wirelength - wirelength backward 0.104 ms
[INFO   ] DREAMPlace - optimizer step 7.753 ms
[INFO   ] DREAMPlace - iteration   72, (   3,  6,  0), Obj 1.783801E+03, NetCrossing 2.275E+01, NetCrossingWeight 1.000000E+01, DensityWeight 2.078552E-04, HPWL 1.096588E+03, Overflow 2.293530E-01, MaxDensity 3.069E+00, MacroOverlap 3.918E+00, MacroOverlapWeight 8.000000E-06, gamma 1.141331E-01, time 2.210ms
[INFO   ] DREAMPlace - full step 10.873 ms
[DEBUG  ] dreamplace.ops.weighted_average_wirelength.weighted_average_wirelength - wirelength forward 0.097 ms
[DEBUG  ] dreamplace.ops.electric_potential.electric_potential - density forward 1.288 ms
[DEBUG  ] dreamplace.ops.electric_potential.electric_potential - density backward 0.401 ms
[DEBUG  ] dreamplace.ops.weighted_average_wirelength.weighted_average_wirelength - wirelength backward 0.138 ms
[DEBUG  ] dreamplace.ops.weighted_average_wirelength.weighted_average_wirelength - wirelength forward 0.127 ms
[DEBUG  ] dreamplace.ops.electric_potential.electric_potential - density forward 1.123 ms
[DEBUG  ] dreamplace.ops.electric_potential.electric_potential - density backward 0.343 ms
[DEBUG  ] dreamplace.ops.weighted_average_wirelength.weighted_average_wirelength - wirelength backward 0.088 ms
[INFO   ] DREAMPlace - optimizer step 16.513 ms
[INFO   ] DREAMPlace - iteration   73, (   3,  6,  1), Obj 1.942752E+03, NetCrossing 2.844E+01, NetCrossingWeight 1.000000E+01, DensityWeight 2.078552E-04, HPWL 1.074676E+03, Overflow 2.548137E-01, MaxDensity 3.269E+00, MacroOverlap 5.069E+00, MacroOverlapWeight 8.000000E-06, gamma 1.141331E-01, time 2.135ms
[INFO   ] DREAMPlace - full step 19.397 ms
[INFO   ] DREAMPlace - Lsub stopping criteria: 1 and 1942.75 > 1783.8 * 0.999
[DEBUG  ] dreamplace.ops.weighted_average_wirelength.weighted_average_wirelength - wirelength forward 0.146 ms
[DEBUG  ] dreamplace.ops.electric_potential.electric_potential - density forward 1.287 ms
[DEBUG  ] dreamplace.ops.electric_potential.electric_potential - density backward 0.388 ms
[DEBUG  ] dreamplace.ops.weighted_average_wirelength.weighted_average_wirelength - wirelength backward 0.116 ms
[INFO   ] DREAMPlace - optimizer step 9.348 ms
[INFO   ] DREAMPlace - iteration   74, (   3,  7,  0), Obj 1.705254E+03, NetCrossing 2.089E+01, NetCrossingWeight 1.000000E+01, DensityWeight 2.331938E-04, HPWL 1.025554E+03, Overflow 2.442569E-01, MaxDensity 2.470E+00, MacroOverlap 4.087E+00, MacroOverlapWeight 8.000000E-06, gamma 1.141331E-01, time 2.124ms
[INFO   ] DREAMPlace - full step 12.238 ms
[DEBUG  ] dreamplace.ops.weighted_average_wirelength.weighted_average_wirelength - wirelength forward 0.096 ms
[DEBUG  ] dreamplace.ops.electric_potential.electric_potential - density forward 1.293 ms
[DEBUG  ] dreamplace.ops.electric_potential.electric_potential - density backward 0.398 ms
[DEBUG  ] dreamplace.ops.weighted_average_wirelength.weighted_average_wirelength - wirelength backward 0.129 ms
[INFO   ] DREAMPlace - optimizer step 8.385 ms
[INFO   ] DREAMPlace - iteration   75, (   3,  7,  1), Obj 1.892480E+03, NetCrossing 1.973E+01, NetCrossingWeight 1.000000E+01, DensityWeight 2.331938E-04, HPWL 1.195985E+03, Overflow 2.345043E-01, MaxDensity 4.010E+00, MacroOverlap 3.787E+00, MacroOverlapWeight 8.000000E-06, gamma 1.141331E-01, time 2.127ms
[INFO   ] DREAMPlace - full step 11.271 ms
[INFO   ] DREAMPlace - Lsub stopping criteria: 1 and 1892.48 > 1705.25 * 0.999
[DEBUG  ] dreamplace.ops.weighted_average_wirelength.weighted_average_wirelength - wirelength forward 0.124 ms
[DEBUG  ] dreamplace.ops.electric_potential.electric_potential - density forward 1.290 ms
[DEBUG  ] dreamplace.ops.electric_potential.electric_potential - density backward 0.438 ms
[DEBUG  ] dreamplace.ops.weighted_average_wirelength.weighted_average_wirelength - wirelength backward 0.140 ms
[INFO   ] DREAMPlace - optimizer step 8.934 ms
[INFO   ] DREAMPlace - iteration   76, (   3,  8,  0), Obj 1.763224E+03, NetCrossing 2.108E+01, NetCrossingWeight 1.000000E+01, DensityWeight 2.625841E-04, HPWL 1.058761E+03, Overflow 2.429746E-01, MaxDensity 4.323E+00, MacroOverlap 4.304E+00, MacroOverlapWeight 8.000000E-06, gamma 1.141331E-01, time 2.096ms
[INFO   ] DREAMPlace - full step 11.813 ms
[DEBUG  ] dreamplace.ops.weighted_average_wirelength.weighted_average_wirelength - wirelength forward 0.124 ms
[DEBUG  ] dreamplace.ops.electric_potential.electric_potential - density forward 1.160 ms
[DEBUG  ] dreamplace.ops.electric_potential.electric_potential - density backward 0.344 ms
[DEBUG  ] dreamplace.ops.weighted_average_wirelength.weighted_average_wirelength - wirelength backward 0.089 ms
[INFO   ] DREAMPlace - optimizer step 8.619 ms
[INFO   ] DREAMPlace - iteration   77, (   3,  8,  1), Obj 1.792388E+03, NetCrossing 2.038E+01, NetCrossingWeight 1.000000E+01, DensityWeight 2.625841E-04, HPWL 1.282646E+03, Overflow 2.202975E-01, MaxDensity 3.088E+00, MacroOverlap 2.320E+00, MacroOverlapWeight 8.000000E-06, gamma 1.141331E-01, time 2.584ms
[INFO   ] DREAMPlace - full step 12.216 ms
[INFO   ] DREAMPlace - Lsub stopping criteria: 1 and 1792.39 > 1763.22 * 0.999
[DEBUG  ] dreamplace.ops.weighted_average_wirelength.weighted_average_wirelength - wirelength forward 0.124 ms
[DEBUG  ] dreamplace.ops.electric_potential.electric_potential - density forward 1.100 ms
[DEBUG  ] dreamplace.ops.electric_potential.electric_potential - density backward 0.374 ms
[DEBUG  ] dreamplace.ops.weighted_average_wirelength.weighted_average_wirelength - wirelength backward 0.101 ms
[INFO   ] DREAMPlace - optimizer step 7.905 ms
[INFO   ] DREAMPlace - iteration   78, (   3,  9,  0), Obj 1.878962E+03, NetCrossing 2.125E+01, NetCrossingWeight 1.000000E+01, DensityWeight 2.956809E-04, HPWL 1.123320E+03, Overflow 2.473374E-01, MaxDensity 3.705E+00, MacroOverlap 4.758E+00, MacroOverlapWeight 8.000000E-06, gamma 1.141331E-01, time 2.587ms
[INFO   ] DREAMPlace - full step 11.426 ms
[DEBUG  ] dreamplace.ops.weighted_average_wirelength.weighted_average_wirelength - wirelength forward 0.122 ms
[DEBUG  ] dreamplace.ops.electric_potential.electric_potential - density forward 1.133 ms
[DEBUG  ] dreamplace.ops.electric_potential.electric_potential - density backward 0.358 ms
[DEBUG  ] dreamplace.ops.weighted_average_wirelength.weighted_average_wirelength - wirelength backward 0.093 ms
[INFO   ] DREAMPlace - optimizer step 7.864 ms
[INFO   ] DREAMPlace - iteration   79, (   3,  9,  1), Obj 1.651015E+03, NetCrossing 2.060E+01, NetCrossingWeight 1.000000E+01, DensityWeight 2.956809E-04, HPWL 1.082975E+03, Overflow 2.305243E-01, MaxDensity 2.920E+00, MacroOverlap 2.357E+00, MacroOverlapWeight 8.000000E-06, gamma 1.141331E-01, time 2.573ms
[INFO   ] DREAMPlace - full step 11.408 ms
[DEBUG  ] dreamplace.ops.weighted_average_wirelength.weighted_average_wirelength - wirelength forward 0.125 ms
[DEBUG  ] dreamplace.ops.electric_potential.electric_potential - density forward 1.140 ms
[DEBUG  ] dreamplace.ops.electric_potential.electric_potential - density backward 0.452 ms
[DEBUG  ] dreamplace.ops.weighted_average_wirelength.weighted_average_wirelength - wirelength backward 0.149 ms
[DEBUG  ] dreamplace.ops.weighted_average_wirelength.weighted_average_wirelength - wirelength forward 0.124 ms
[DEBUG  ] dreamplace.ops.electric_potential.electric_potential - density forward 1.127 ms
[DEBUG  ] dreamplace.ops.electric_potential.electric_potential - density backward 0.397 ms
[DEBUG  ] dreamplace.ops.weighted_average_wirelength.weighted_average_wirelength - wirelength backward 0.126 ms
[INFO   ] DREAMPlace - optimizer step 17.739 ms
[INFO   ] DREAMPlace - iteration   80, (   4,  0,  0), Obj 1.632905E+03, NetCrossing 2.539E+01, NetCrossingWeight 1.000000E+01, DensityWeight 3.316263E-04, HPWL 1.188070E+03, Overflow 1.934133E-01, MaxDensity 2.900E+00, MacroOverlap 1.178E+00, MacroOverlapWeight 8.000000E-06, gamma 8.054303E-02, time 2.589ms
[INFO   ] DREAMPlace - full step 21.311 ms
[DEBUG  ] dreamplace.ops.weighted_average_wirelength.weighted_average_wirelength - wirelength forward 0.122 ms
[DEBUG  ] dreamplace.ops.electric_potential.electric_potential - density forward 1.094 ms
[DEBUG  ] dreamplace.ops.electric_potential.electric_potential - density backward 0.569 ms
[DEBUG  ] dreamplace.ops.weighted_average_wirelength.weighted_average_wirelength - wirelength backward 0.186 ms
[INFO   ] DREAMPlace - optimizer step 11.366 ms
[INFO   ] DREAMPlace - iteration   81, (   4,  0,  1), Obj 1.940443E+03, NetCrossing 1.851E+01, NetCrossingWeight 1.000000E+01, DensityWeight 3.316263E-04, HPWL 1.086617E+03, Overflow 2.390123E-01, MaxDensity 3.088E+00, MacroOverlap 3.460E+00, MacroOverlapWeight 8.000000E-06, gamma 8.054303E-02, time 2.575ms
[INFO   ] DREAMPlace - full step 14.883 ms
[INFO   ] DREAMPlace - Lsub stopping criteria: 1 and 1940.44 > 1632.91 * 0.999
[DEBUG  ] dreamplace.ops.weighted_average_wirelength.weighted_average_wirelength - wirelength forward 0.128 ms
[DEBUG  ] dreamplace.ops.electric_potential.electric_potential - density forward 1.110 ms
[DEBUG  ] dreamplace.ops.electric_potential.electric_potential - density backward 0.391 ms
[DEBUG  ] dreamplace.ops.weighted_average_wirelength.weighted_average_wirelength - wirelength backward 0.132 ms
[INFO   ] DREAMPlace - optimizer step 8.663 ms
[INFO   ] DREAMPlace - iteration   82, (   4,  1,  0), Obj 1.785868E+03, NetCrossing 1.969E+01, NetCrossingWeight 1.000000E+01, DensityWeight 3.734322E-04, HPWL 1.298529E+03, Overflow 1.874980E-01, MaxDensity 3.088E+00, MacroOverlap 1.569E+00, MacroOverlapWeight 8.000000E-06, gamma 8.054303E-02, time 2.646ms
[INFO   ] DREAMPlace - full step 12.301 ms
[DEBUG  ] dreamplace.ops.weighted_average_wirelength.weighted_average_wirelength - wirelength forward 0.124 ms
[DEBUG  ] dreamplace.ops.electric_potential.electric_potential - density forward 1.115 ms
[DEBUG  ] dreamplace.ops.electric_potential.electric_potential - density backward 0.392 ms
[DEBUG  ] dreamplace.ops.weighted_average_wirelength.weighted_average_wirelength - wirelength backward 0.108 ms
[INFO   ] DREAMPlace - optimizer step 8.147 ms
[INFO   ] DREAMPlace - iteration   83, (   4,  1,  1), Obj 1.913847E+03, NetCrossing 1.965E+01, NetCrossingWeight 1.000000E+01, DensityWeight 3.734322E-04, HPWL 1.155156E+03, Overflow 2.283626E-01, MaxDensity 3.088E+00, MacroOverlap 2.876E+00, MacroOverlapWeight 8.000000E-06, gamma 8.054303E-02, time 2.604ms
[INFO   ] DREAMPlace - full step 11.663 ms
[INFO   ] DREAMPlace - Lsub stopping criteria: 1 and 1913.85 > 1785.87 * 0.999
[DEBUG  ] dreamplace.ops.weighted_average_wirelength.weighted_average_wirelength - wirelength forward 0.121 ms
[DEBUG  ] dreamplace.ops.electric_potential.electric_potential - density forward 1.096 ms
[DEBUG  ] dreamplace.ops.electric_potential.electric_potential - density backward 0.455 ms
[DEBUG  ] dreamplace.ops.weighted_average_wirelength.weighted_average_wirelength - wirelength backward 0.192 ms
[INFO   ] DREAMPlace - optimizer step 9.023 ms
[INFO   ] DREAMPlace - iteration   84, (   4,  2,  0), Obj 1.648755E+03, NetCrossing 2.000E+01, NetCrossingWeight 1.000000E+01, DensityWeight 4.205022E-04, HPWL 1.201150E+03, Overflow 2.054214E-01, MaxDensity 3.088E+00, MacroOverlap 1.467E+00, MacroOverlapWeight 8.000000E-06, gamma 8.054303E-02, time 2.560ms
[INFO   ] DREAMPlace - full step 12.498 ms
[DEBUG  ] dreamplace.ops.weighted_average_wirelength.weighted_average_wirelength - wirelength forward 0.127 ms
[DEBUG  ] dreamplace.ops.electric_potential.electric_potential - density forward 1.155 ms
[DEBUG  ] dreamplace.ops.electric_potential.electric_potential - density backward 0.399 ms
[DEBUG  ] dreamplace.ops.weighted_average_wirelength.weighted_average_wirelength - wirelength backward 0.118 ms
[INFO   ] DREAMPlace - optimizer step 8.561 ms
[INFO   ] DREAMPlace - iteration   85, (   4,  2,  1), Obj 1.957140E+03, NetCrossing 2.193E+01, NetCrossingWeight 1.000000E+01, DensityWeight 4.205022E-04, HPWL 1.176135E+03, Overflow 2.163075E-01, MaxDensity 3.705E+00, MacroOverlap 2.864E+00, MacroOverlapWeight 8.000000E-06, gamma 8.054303E-02, time 2.634ms
[INFO   ] DREAMPlace - full step 12.128 ms
[INFO   ] DREAMPlace - Lsub stopping criteria: 1 and 1957.14 > 1648.76 * 0.999
[DEBUG  ] dreamplace.ops.weighted_average_wirelength.weighted_average_wirelength - wirelength forward 0.123 ms
[DEBUG  ] dreamplace.ops.electric_potential.electric_potential - density forward 1.117 ms
[DEBUG  ] dreamplace.ops.electric_potential.electric_potential - density backward 0.432 ms
[DEBUG  ] dreamplace.ops.weighted_average_wirelength.weighted_average_wirelength - wirelength backward 0.137 ms
[DEBUG  ] dreamplace.ops.weighted_average_wirelength.weighted_average_wirelength - wirelength forward 0.121 ms
[DEBUG  ] dreamplace.ops.electric_potential.electric_potential - density forward 1.132 ms
[DEBUG  ] dreamplace.ops.electric_potential.electric_potential - density backward 0.403 ms
[DEBUG  ] dreamplace.ops.weighted_average_wirelength.weighted_average_wirelength - wirelength backward 0.133 ms
[DEBUG  ] dreamplace.ops.weighted_average_wirelength.weighted_average_wirelength - wirelength forward 0.120 ms
[DEBUG  ] dreamplace.ops.electric_potential.electric_potential - density forward 1.108 ms
[DEBUG  ] dreamplace.ops.electric_potential.electric_potential - density backward 0.343 ms
[DEBUG  ] dreamplace.ops.weighted_average_wirelength.weighted_average_wirelength - wirelength backward 0.087 ms
[INFO   ] DREAMPlace - optimizer step 25.075 ms
[INFO   ] DREAMPlace - iteration   86, (   4,  3,  0), Obj 1.593450E+03, NetCrossing 2.084E+01, NetCrossingWeight 1.000000E+01, DensityWeight 4.735101E-04, HPWL 1.085374E+03, Overflow 1.979109E-01, MaxDensity 2.470E+00, MacroOverlap 1.237E+00, MacroOverlapWeight 8.000000E-06, gamma 8.054303E-02, time 2.562ms
[INFO   ] DREAMPlace - full step 28.594 ms
[DEBUG  ] dreamplace.ops.weighted_average_wirelength.weighted_average_wirelength - wirelength forward 0.125 ms
[DEBUG  ] dreamplace.ops.electric_potential.electric_potential - density forward 1.115 ms
[DEBUG  ] dreamplace.ops.electric_potential.electric_potential - density backward 0.437 ms
[DEBUG  ] dreamplace.ops.weighted_average_wirelength.weighted_average_wirelength - wirelength backward 0.137 ms
[INFO   ] DREAMPlace - optimizer step 9.682 ms
[INFO   ] DREAMPlace - iteration   87, (   4,  3,  1), Obj 1.827904E+03, NetCrossing 1.948E+01, NetCrossingWeight 1.000000E+01, DensityWeight 4.735101E-04, HPWL 1.075583E+03, Overflow 1.994743E-01, MaxDensity 3.088E+00, MacroOverlap 2.484E+00, MacroOverlapWeight 8.000000E-06, gamma 8.054303E-02, time 2.574ms
[INFO   ] DREAMPlace - full step 13.186 ms
[INFO   ] DREAMPlace - Lsub stopping criteria: 1 and 1827.9 > 1593.45 * 0.999
[DEBUG  ] dreamplace.ops.weighted_average_wirelength.weighted_average_wirelength - wirelength forward 0.122 ms
[DEBUG  ] dreamplace.ops.electric_potential.electric_potential - density forward 1.114 ms
[DEBUG  ] dreamplace.ops.electric_potential.electric_potential - density backward 0.408 ms
[DEBUG  ] dreamplace.ops.weighted_average_wirelength.weighted_average_wirelength - wirelength backward 0.121 ms
[INFO   ] DREAMPlace - optimizer step 8.373 ms
[INFO   ] DREAMPlace - iteration   88, (   4,  4,  0), Obj 1.684414E+03, NetCrossing 2.128E+01, NetCrossingWeight 1.000000E+01, DensityWeight 5.308616E-04, HPWL 1.014749E+03, Overflow 2.368244E-01, MaxDensity 2.470E+00, MacroOverlap 1.887E+00, MacroOverlapWeight 8.000000E-06, gamma 8.054303E-02, time 2.569ms
[INFO   ] DREAMPlace - full step 11.853 ms
[DEBUG  ] dreamplace.ops.weighted_average_wirelength.weighted_average_wirelength - wirelength forward 0.122 ms
[DEBUG  ] dreamplace.ops.electric_potential.electric_potential - density forward 1.127 ms
[DEBUG  ] dreamplace.ops.electric_potential.electric_potential - density backward 0.336 ms
[DEBUG  ] dreamplace.ops.weighted_average_wirelength.weighted_average_wirelength - wirelength backward 0.098 ms
[INFO   ] DREAMPlace - optimizer step 7.664 ms
[INFO   ] DREAMPlace - iteration   89, (   4,  4,  1), Obj 1.941581E+03, NetCrossing 1.796E+01, NetCrossingWeight 1.000000E+01, DensityWeight 5.308616E-04, HPWL 1.057388E+03, Overflow 2.135890E-01, MaxDensity 3.088E+00, MacroOverlap 1.723E+00, MacroOverlapWeight 8.000000E-06, gamma 8.054303E-02, time 2.598ms
[INFO   ] DREAMPlace - full step 11.183 ms
[INFO   ] DREAMPlace - Lsub stopping criteria: 1 and 1941.58 > 1684.41 * 0.999
[DEBUG  ] dreamplace.ops.weighted_average_wirelength.weighted_average_wirelength - wirelength forward 0.121 ms
[DEBUG  ] dreamplace.ops.electric_potential.electric_potential - density forward 1.115 ms
[DEBUG  ] dreamplace.ops.electric_potential.electric_potential - density backward 0.357 ms
[DEBUG  ] dreamplace.ops.weighted_average_wirelength.weighted_average_wirelength - wirelength backward 0.105 ms
[INFO   ] DREAMPlace - optimizer step 7.764 ms
[INFO   ] DREAMPlace - iteration   90, (   4,  5,  0), Obj 1.747724E+03, NetCrossing 1.941E+01, NetCrossingWeight 1.000000E+01, DensityWeight 5.950999E-04, HPWL 1.026450E+03, Overflow 2.201052E-01, MaxDensity 3.698E+00, MacroOverlap 1.840E+00, MacroOverlapWeight 8.000000E-06, gamma 8.054303E-02, time 2.550ms
[INFO   ] DREAMPlace - full step 11.219 ms
[DEBUG  ] dreamplace.ops.weighted_average_wirelength.weighted_average_wirelength - wirelength forward 0.129 ms
[DEBUG  ] dreamplace.ops.electric_potential.electric_potential - density forward 1.104 ms
[DEBUG  ] dreamplace.ops.electric_potential.electric_potential - density backward 0.369 ms
[DEBUG  ] dreamplace.ops.weighted_average_wirelength.weighted_average_wirelength - wirelength backward 0.121 ms
[DEBUG  ] dreamplace.ops.weighted_average_wirelength.weighted_average_wirelength - wirelength forward 0.119 ms
[DEBUG  ] dreamplace.ops.electric_potential.electric_potential - density forward 1.078 ms
[DEBUG  ] dreamplace.ops.electric_potential.electric_potential - density backward 0.386 ms
[DEBUG  ] dreamplace.ops.weighted_average_wirelength.weighted_average_wirelength - wirelength backward 0.109 ms
[INFO   ] DREAMPlace - optimizer step 15.567 ms
[INFO   ] DREAMPlace - iteration   91, (   4,  5,  1), Obj 1.836608E+03, NetCrossing 1.938E+01, NetCrossingWeight 1.000000E+01, DensityWeight 5.950999E-04, HPWL 1.183651E+03, Overflow 1.960838E-01, MaxDensity 3.088E+00, MacroOverlap 2.451E+00, MacroOverlapWeight 8.000000E-06, gamma 8.054303E-02, time 2.553ms
[INFO   ] DREAMPlace - full step 18.926 ms
[INFO   ] DREAMPlace - Lsub stopping criteria: 1 and 1836.61 > 1747.72 * 0.999
[DEBUG  ] dreamplace.ops.weighted_average_wirelength.weighted_average_wirelength - wirelength forward 0.094 ms
[DEBUG  ] dreamplace.ops.electric_potential.electric_potential - density forward 0.874 ms
[DEBUG  ] dreamplace.ops.electric_potential.electric_potential - density backward 0.499 ms
[DEBUG  ] dreamplace.ops.weighted_average_wirelength.weighted_average_wirelength - wirelength backward 0.191 ms
[INFO   ] DREAMPlace - optimizer step 8.936 ms
[INFO   ] DREAMPlace - iteration   92, (   4,  6,  0), Obj 1.827073E+03, NetCrossing 2.085E+01, NetCrossingWeight 1.000000E+01, DensityWeight 6.701019E-04, HPWL 1.113507E+03, Overflow 1.865855E-01, MaxDensity 2.881E+00, MacroOverlap 2.196E+00, MacroOverlapWeight 8.000000E-06, gamma 8.054303E-02, time 2.039ms
[INFO   ] DREAMPlace - full step 11.771 ms
[DEBUG  ] dreamplace.ops.weighted_average_wirelength.weighted_average_wirelength - wirelength forward 0.095 ms
[DEBUG  ] dreamplace.ops.electric_potential.electric_potential - density forward 0.879 ms
[DEBUG  ] dreamplace.ops.electric_potential.electric_potential - density backward 0.398 ms
[DEBUG  ] dreamplace.ops.weighted_average_wirelength.weighted_average_wirelength - wirelength backward 0.118 ms
[INFO   ] DREAMPlace - optimizer step 7.310 ms
[INFO   ] DREAMPlace - iteration   93, (   4,  6,  1), Obj 1.697848E+03, NetCrossing 2.206E+01, NetCrossingWeight 1.000000E+01, DensityWeight 6.701019E-04, HPWL 1.078900E+03, Overflow 1.752175E-01, MaxDensity 2.470E+00, MacroOverlap 8.350E-01, MacroOverlapWeight 8.000000E-06, gamma 8.054303E-02, time 2.040ms
[INFO   ] DREAMPlace - full step 10.128 ms
[DEBUG  ] dreamplace.ops.weighted_average_wirelength.weighted_average_wirelength - wirelength forward 0.097 ms
[DEBUG  ] dreamplace.ops.electric_potential.electric_potential - density forward 0.900 ms
[DEBUG  ] dreamplace.ops.electric_potential.electric_potential - density backward 0.399 ms
[DEBUG  ] dreamplace.ops.weighted_average_wirelength.weighted_average_wirelength - wirelength backward 0.118 ms
[INFO   ] DREAMPlace - optimizer step 7.280 ms
[INFO   ] DREAMPlace - iteration   94, (   4,  7,  0), Obj 1.698795E+03, NetCrossing 1.891E+01, NetCrossingWeight 1.000000E+01, DensityWeight 7.510392E-04, HPWL 1.115255E+03, Overflow 1.745517E-01, MaxDensity 2.174E+00, MacroOverlap 1.017E+00, MacroOverlapWeight 8.000000E-06, gamma 8.054303E-02, time 2.064ms
[INFO   ] DREAMPlace - full step 10.114 ms
[DEBUG  ] dreamplace.ops.weighted_average_wirelength.weighted_average_wirelength - wirelength forward 0.095 ms
[DEBUG  ] dreamplace.ops.electric_potential.electric_potential - density forward 0.881 ms
[DEBUG  ] dreamplace.ops.electric_potential.electric_potential - density backward 0.403 ms
[DEBUG  ] dreamplace.ops.weighted_average_wirelength.weighted_average_wirelength - wirelength backward 0.116 ms
[INFO   ] DREAMPlace - optimizer step 7.279 ms
[INFO   ] DREAMPlace - iteration   95, (   4,  7,  1), Obj 1.786360E+03, NetCrossing 1.836E+01, NetCrossingWeight 1.000000E+01, DensityWeight 7.510392E-04, HPWL 1.097841E+03, Overflow 1.927578E-01, MaxDensity 3.088E+00, MacroOverlap 7.805E-01, MacroOverlapWeight 8.000000E-06, gamma 8.054303E-02, time 2.065ms
[INFO   ] DREAMPlace - full step 10.084 ms
[INFO   ] DREAMPlace - Lsub stopping criteria: 1 and 1786.36 > 1698.79 * 0.999
[DEBUG  ] dreamplace.ops.weighted_average_wirelength.weighted_average_wirelength - wirelength forward 0.096 ms
[DEBUG  ] dreamplace.ops.electric_potential.electric_potential - density forward 0.884 ms
[DEBUG  ] dreamplace.ops.electric_potential.electric_potential - density backward 0.392 ms
[DEBUG  ] dreamplace.ops.weighted_average_wirelength.weighted_average_wirelength - wirelength backward 0.119 ms
[INFO   ] DREAMPlace - optimizer step 7.260 ms
[INFO   ] DREAMPlace - iteration   96, (   4,  8,  0), Obj 1.765766E+03, NetCrossing 1.792E+01, NetCrossingWeight 1.000000E+01, DensityWeight 8.457146E-04, HPWL 1.030566E+03, Overflow 1.932935E-01, MaxDensity 2.470E+00, MacroOverlap 1.115E+00, MacroOverlapWeight 8.000000E-06, gamma 8.054303E-02, time 2.065ms
[INFO   ] DREAMPlace - full step 10.055 ms
[DEBUG  ] dreamplace.ops.weighted_average_wirelength.weighted_average_wirelength - wirelength forward 0.097 ms
[DEBUG  ] dreamplace.ops.electric_potential.electric_potential - density forward 0.897 ms
[DEBUG  ] dreamplace.ops.electric_potential.electric_potential - density backward 0.397 ms
[DEBUG  ] dreamplace.ops.weighted_average_wirelength.weighted_average_wirelength - wirelength backward 0.114 ms
[INFO   ] DREAMPlace - optimizer step 7.238 ms
[INFO   ] DREAMPlace - iteration   97, (   4,  8,  1), Obj 1.745725E+03, NetCrossing 1.925E+01, NetCrossingWeight 1.000000E+01, DensityWeight 8.457146E-04, HPWL 1.056160E+03, Overflow 1.888172E-01, MaxDensity 2.470E+00, MacroOverlap 8.991E-01, MacroOverlapWeight 8.000000E-06, gamma 8.054303E-02, time 2.082ms
[INFO   ] DREAMPlace - full step 10.109 ms
[DEBUG  ] dreamplace.ops.weighted_average_wirelength.weighted_average_wirelength - wirelength forward 0.094 ms
[DEBUG  ] dreamplace.ops.electric_potential.electric_potential - density forward 0.867 ms
[DEBUG  ] dreamplace.ops.electric_potential.electric_potential - density backward 0.403 ms
[DEBUG  ] dreamplace.ops.weighted_average_wirelength.weighted_average_wirelength - wirelength backward 0.114 ms
[INFO   ] DREAMPlace - optimizer step 7.177 ms
[INFO   ] DREAMPlace - iteration   98, (   4,  9,  0), Obj 1.725837E+03, NetCrossing 2.027E+01, NetCrossingWeight 1.000000E+01, DensityWeight 9.476735E-04, HPWL 1.062397E+03, Overflow 1.871779E-01, MaxDensity 3.088E+00, MacroOverlap 9.189E-01, MacroOverlapWeight 8.000000E-06, gamma 8.054303E-02, time 2.056ms
[INFO   ] DREAMPlace - full step 9.972 ms
[DEBUG  ] dreamplace.ops.weighted_average_wirelength.weighted_average_wirelength - wirelength forward 0.101 ms
[DEBUG  ] dreamplace.ops.electric_potential.electric_potential - density forward 0.886 ms
[DEBUG  ] dreamplace.ops.electric_potential.electric_potential - density backward 0.397 ms
[DEBUG  ] dreamplace.ops.weighted_average_wirelength.weighted_average_wirelength - wirelength backward 0.117 ms
[INFO   ] DREAMPlace - optimizer step 7.233 ms
[INFO   ] DREAMPlace - iteration   99, (   4,  9,  1), Obj 1.705181E+03, NetCrossing 1.898E+01, NetCrossingWeight 1.000000E+01, DensityWeight 9.476735E-04, HPWL 1.184510E+03, Overflow 1.557810E-01, MaxDensity 3.088E+00, MacroOverlap 3.941E-01, MacroOverlapWeight 8.000000E-06, gamma 8.054303E-02, time 2.030ms
[INFO   ] DREAMPlace - full step 10.035 ms
[INFO   ] DREAMPlace - plotting to ./results/tuner-small/small-5/PB201_A00/run-0_0_6/PB201_A00/plot/iter0100.png takes 0.050 seconds
[DEBUG  ] dreamplace.ops.weighted_average_wirelength.weighted_average_wirelength - wirelength forward 0.122 ms
[DEBUG  ] dreamplace.ops.electric_potential.electric_potential - density forward 0.904 ms
[DEBUG  ] dreamplace.ops.electric_potential.electric_potential - density backward 0.408 ms
[DEBUG  ] dreamplace.ops.weighted_average_wirelength.weighted_average_wirelength - wirelength backward 0.118 ms
[INFO   ] DREAMPlace - optimizer step 7.695 ms
[INFO   ] DREAMPlace - iteration  100, (   5,  0,  0), Obj 1.663081E+03, NetCrossing 1.778E+01, NetCrossingWeight 1.000000E+01, DensityWeight 1.067111E-03, HPWL 1.158269E+03, Overflow 1.447418E-01, MaxDensity 2.369E+00, MacroOverlap 4.392E-01, MacroOverlapWeight 8.000000E-06, gamma 5.494548E-02, time 2.091ms
[INFO   ] DREAMPlace - full step 62.377 ms
[DEBUG  ] dreamplace.ops.weighted_average_wirelength.weighted_average_wirelength - wirelength forward 0.095 ms
[DEBUG  ] dreamplace.ops.electric_potential.electric_potential - density forward 0.896 ms
[DEBUG  ] dreamplace.ops.electric_potential.electric_potential - density backward 0.403 ms
[DEBUG  ] dreamplace.ops.weighted_average_wirelength.weighted_average_wirelength - wirelength backward 0.119 ms
[INFO   ] DREAMPlace - optimizer step 7.349 ms
[INFO   ] DREAMPlace - iteration  101, (   5,  0,  1), Obj 1.850646E+03, NetCrossing 1.747E+01, NetCrossingWeight 1.000000E+01, DensityWeight 1.067111E-03, HPWL 1.095250E+03, Overflow 1.776042E-01, MaxDensity 2.470E+00, MacroOverlap 7.771E-01, MacroOverlapWeight 8.000000E-06, gamma 5.494548E-02, time 2.124ms
[INFO   ] DREAMPlace - full step 10.231 ms
[INFO   ] DREAMPlace - Lsub stopping criteria: 1 and 1850.65 > 1663.08 * 0.999
[DEBUG  ] dreamplace.ops.weighted_average_wirelength.weighted_average_wirelength - wirelength forward 0.096 ms
[DEBUG  ] dreamplace.ops.electric_potential.electric_potential - density forward 0.887 ms
[DEBUG  ] dreamplace.ops.electric_potential.electric_potential - density backward 0.399 ms
[DEBUG  ] dreamplace.ops.weighted_average_wirelength.weighted_average_wirelength - wirelength backward 0.116 ms
[INFO   ] DREAMPlace - optimizer step 7.365 ms
[INFO   ] DREAMPlace - iteration  102, (   5,  1,  0), Obj 1.935621E+03, NetCrossing 1.593E+01, NetCrossingWeight 1.000000E+01, DensityWeight 1.195522E-03, HPWL 1.246139E+03, Overflow 1.724978E-01, MaxDensity 1.853E+00, MacroOverlap 1.058E+00, MacroOverlapWeight 8.000000E-06, gamma 5.494548E-02, time 2.067ms
[INFO   ] DREAMPlace - full step 10.176 ms
[DEBUG  ] dreamplace.ops.weighted_average_wirelength.weighted_average_wirelength - wirelength forward 0.096 ms
[DEBUG  ] dreamplace.ops.electric_potential.electric_potential - density forward 0.897 ms
[DEBUG  ] dreamplace.ops.electric_potential.electric_potential - density backward 0.412 ms
[DEBUG  ] dreamplace.ops.weighted_average_wirelength.weighted_average_wirelength - wirelength backward 0.117 ms
[INFO   ] DREAMPlace - optimizer step 7.392 ms
[INFO   ] DREAMPlace - iteration  103, (   5,  1,  1), Obj 1.972957E+03, NetCrossing 1.839E+01, NetCrossingWeight 1.000000E+01, DensityWeight 1.195522E-03, HPWL 1.121474E+03, Overflow 1.774172E-01, MaxDensity 2.470E+00, MacroOverlap 9.409E-01, MacroOverlapWeight 8.000000E-06, gamma 5.494548E-02, time 2.158ms
[INFO   ] DREAMPlace - full step 10.304 ms
[INFO   ] DREAMPlace - Lsub stopping criteria: 1 and 1972.96 > 1935.62 * 0.999
[DEBUG  ] dreamplace.ops.weighted_average_wirelength.weighted_average_wirelength - wirelength forward 0.096 ms
[DEBUG  ] dreamplace.ops.electric_potential.electric_potential - density forward 0.896 ms
[DEBUG  ] dreamplace.ops.electric_potential.electric_potential - density backward 0.402 ms
[DEBUG  ] dreamplace.ops.weighted_average_wirelength.weighted_average_wirelength - wirelength backward 0.115 ms
[INFO   ] DREAMPlace - optimizer step 7.308 ms
[INFO   ] DREAMPlace - iteration  104, (   5,  2,  0), Obj 1.787277E+03, NetCrossing 1.994E+01, NetCrossingWeight 1.000000E+01, DensityWeight 1.346226E-03, HPWL 1.329354E+03, Overflow 1.380261E-01, MaxDensity 2.470E+00, MacroOverlap 4.843E-01, MacroOverlapWeight 8.000000E-06, gamma 5.494548E-02, time 2.100ms
[INFO   ] DREAMPlace - full step 10.203 ms
[DEBUG  ] dreamplace.ops.weighted_average_wirelength.weighted_average_wirelength - wirelength forward 0.095 ms
[DEBUG  ] dreamplace.ops.electric_potential.electric_potential - density forward 0.918 ms
[DEBUG  ] dreamplace.ops.electric_potential.electric_potential - density backward 0.401 ms
[DEBUG  ] dreamplace.ops.weighted_average_wirelength.weighted_average_wirelength - wirelength backward 0.117 ms
[DEBUG  ] dreamplace.ops.weighted_average_wirelength.weighted_average_wirelength - wirelength forward 0.119 ms
[DEBUG  ] dreamplace.ops.electric_potential.electric_potential - density forward 1.083 ms
[DEBUG  ] dreamplace.ops.electric_potential.electric_potential - density backward 0.401 ms
[DEBUG  ] dreamplace.ops.weighted_average_wirelength.weighted_average_wirelength - wirelength backward 0.116 ms
[INFO   ] DREAMPlace - optimizer step 15.244 ms
[INFO   ] DREAMPlace - iteration  105, (   5,  2,  1), Obj 2.135758E+03, NetCrossing 2.004E+01, NetCrossingWeight 1.000000E+01, DensityWeight 1.346226E-03, HPWL 1.157317E+03, Overflow 1.569039E-01, MaxDensity 2.470E+00, MacroOverlap 5.753E-01, MacroOverlapWeight 8.000000E-06, gamma 5.494548E-02, time 2.100ms
[INFO   ] DREAMPlace - full step 18.102 ms
[INFO   ] DREAMPlace - Lsub stopping criteria: 1 and 2135.76 > 1787.28 * 0.999
[DEBUG  ] dreamplace.ops.weighted_average_wirelength.weighted_average_wirelength - wirelength forward 0.100 ms
[DEBUG  ] dreamplace.ops.electric_potential.electric_potential - density forward 0.923 ms
[DEBUG  ] dreamplace.ops.electric_potential.electric_potential - density backward 0.413 ms
[DEBUG  ] dreamplace.ops.weighted_average_wirelength.weighted_average_wirelength - wirelength backward 0.119 ms
[INFO   ] DREAMPlace - optimizer step 7.703 ms
[INFO   ] DREAMPlace - iteration  106, (   5,  3,  0), Obj 1.795359E+03, NetCrossing 2.084E+01, NetCrossingWeight 1.000000E+01, DensityWeight 1.515925E-03, HPWL 1.233587E+03, Overflow 1.488251E-01, MaxDensity 2.470E+00, MacroOverlap 4.383E-01, MacroOverlapWeight 8.000000E-06, gamma 5.494548E-02, time 2.170ms
[INFO   ] DREAMPlace - full step 10.756 ms
[DEBUG  ] dreamplace.ops.weighted_average_wirelength.weighted_average_wirelength - wirelength forward 0.117 ms
[DEBUG  ] dreamplace.ops.electric_potential.electric_potential - density forward 1.036 ms
[DEBUG  ] dreamplace.ops.electric_potential.electric_potential - density backward 0.409 ms
[DEBUG  ] dreamplace.ops.weighted_average_wirelength.weighted_average_wirelength - wirelength backward 0.117 ms
[INFO   ] DREAMPlace - optimizer step 8.085 ms
[INFO   ] DREAMPlace - iteration  107, (   5,  3,  1), Obj 1.915032E+03, NetCrossing 1.871E+01, NetCrossingWeight 1.000000E+01, DensityWeight 1.515925E-03, HPWL 1.122377E+03, Overflow 1.615459E-01, MaxDensity 1.853E+00, MacroOverlap 4.723E-01, MacroOverlapWeight 8.000000E-06, gamma 5.494548E-02, time 2.638ms
[INFO   ] DREAMPlace - full step 11.558 ms
[INFO   ] DREAMPlace - Lsub stopping criteria: 1 and 1915.03 > 1795.36 * 0.999
[DEBUG  ] dreamplace.ops.weighted_average_wirelength.weighted_average_wirelength - wirelength forward 0.136 ms
[DEBUG  ] dreamplace.ops.electric_potential.electric_potential - density forward 1.188 ms
[DEBUG  ] dreamplace.ops.electric_potential.electric_potential - density backward 0.416 ms
[DEBUG  ] dreamplace.ops.weighted_average_wirelength.weighted_average_wirelength - wirelength backward 0.119 ms
[INFO   ] DREAMPlace - optimizer step 8.803 ms
[INFO   ] DREAMPlace - iteration  108, (   5,  4,  0), Obj 1.791241E+03, NetCrossing 2.247E+01, NetCrossingWeight 1.000000E+01, DensityWeight 1.697835E-03, HPWL 1.176955E+03, Overflow 1.376448E-01, MaxDensity 2.470E+00, MacroOverlap 3.673E-01, MacroOverlapWeight 8.000000E-06, gamma 5.494548E-02, time 2.519ms
[INFO   ] DREAMPlace - full step 12.262 ms
[DEBUG  ] dreamplace.ops.weighted_average_wirelength.weighted_average_wirelength - wirelength forward 0.122 ms
[DEBUG  ] dreamplace.ops.electric_potential.electric_potential - density forward 1.342 ms
[DEBUG  ] dreamplace.ops.electric_potential.electric_potential - density backward 0.398 ms
[DEBUG  ] dreamplace.ops.weighted_average_wirelength.weighted_average_wirelength - wirelength backward 0.119 ms
[INFO   ] DREAMPlace - optimizer step 9.764 ms
[INFO   ] DREAMPlace - iteration  109, (   5,  4,  1), Obj 1.823451E+03, NetCrossing 1.788E+01, NetCrossingWeight 1.000000E+01, DensityWeight 1.697835E-03, HPWL 1.152407E+03, Overflow 1.392027E-01, MaxDensity 1.853E+00, MacroOverlap 3.804E-01, MacroOverlapWeight 8.000000E-06, gamma 5.494548E-02, time 2.559ms
[INFO   ] DREAMPlace - full step 13.253 ms
[INFO   ] DREAMPlace - Lsub stopping criteria: 1 and 1823.45 > 1791.24 * 0.999
[DEBUG  ] dreamplace.ops.weighted_average_wirelength.weighted_average_wirelength - wirelength forward 0.121 ms
[DEBUG  ] dreamplace.ops.electric_potential.electric_potential - density forward 1.118 ms
[DEBUG  ] dreamplace.ops.electric_potential.electric_potential - density backward 0.404 ms
[DEBUG  ] dreamplace.ops.weighted_average_wirelength.weighted_average_wirelength - wirelength backward 0.118 ms
[INFO   ] DREAMPlace - optimizer step 8.467 ms
[INFO   ] DREAMPlace - iteration  110, (   5,  5,  0), Obj 1.660325E+03, NetCrossing 1.869E+01, NetCrossingWeight 1.000000E+01, DensityWeight 1.911858E-03, HPWL 1.197595E+03, Overflow 1.223452E-01, MaxDensity 1.853E+00, MacroOverlap 1.997E-01, MacroOverlapWeight 8.000000E-06, gamma 5.494548E-02, time 2.500ms
[INFO   ] DREAMPlace - full step 11.830 ms
[DEBUG  ] dreamplace.ops.weighted_average_wirelength.weighted_average_wirelength - wirelength forward 0.152 ms
[DEBUG  ] dreamplace.ops.electric_potential.electric_potential - density forward 0.912 ms
[DEBUG  ] dreamplace.ops.electric_potential.electric_potential - density backward 0.417 ms
[DEBUG  ] dreamplace.ops.weighted_average_wirelength.weighted_average_wirelength - wirelength backward 0.120 ms
[INFO   ] DREAMPlace - optimizer step 7.999 ms
[INFO   ] DREAMPlace - iteration  111, (   5,  5,  1), Obj 1.862577E+03, NetCrossing 1.813E+01, NetCrossingWeight 1.000000E+01, DensityWeight 1.911858E-03, HPWL 1.227209E+03, Overflow 1.351935E-01, MaxDensity 2.470E+00, MacroOverlap 3.680E-01, MacroOverlapWeight 8.000000E-06, gamma 5.494548E-02, time 3.012ms
[INFO   ] DREAMPlace - full step 11.825 ms
[INFO   ] DREAMPlace - Lsub stopping criteria: 1 and 1862.58 > 1660.33 * 0.999
[DEBUG  ] dreamplace.ops.weighted_average_wirelength.weighted_average_wirelength - wirelength forward 0.097 ms
[DEBUG  ] dreamplace.ops.electric_potential.electric_potential - density forward 1.294 ms
[DEBUG  ] dreamplace.ops.electric_potential.electric_potential - density backward 0.356 ms
[DEBUG  ] dreamplace.ops.weighted_average_wirelength.weighted_average_wirelength - wirelength backward 0.089 ms
[INFO   ] DREAMPlace - optimizer step 8.000 ms
[INFO   ] DREAMPlace - iteration  112, (   5,  6,  0), Obj 1.887946E+03, NetCrossing 1.768E+01, NetCrossingWeight 1.000000E+01, DensityWeight 2.152839E-03, HPWL 1.161029E+03, Overflow 1.472630E-01, MaxDensity 2.390E+00, MacroOverlap 3.973E-01, MacroOverlapWeight 8.000000E-06, gamma 5.494548E-02, time 2.109ms
[INFO   ] DREAMPlace - full step 10.983 ms
[DEBUG  ] dreamplace.ops.weighted_average_wirelength.weighted_average_wirelength - wirelength forward 0.130 ms
[DEBUG  ] dreamplace.ops.electric_potential.electric_potential - density forward 1.111 ms
[DEBUG  ] dreamplace.ops.electric_potential.electric_potential - density backward 0.412 ms
[DEBUG  ] dreamplace.ops.weighted_average_wirelength.weighted_average_wirelength - wirelength backward 0.118 ms
[INFO   ] DREAMPlace - optimizer step 8.847 ms
[INFO   ] DREAMPlace - iteration  113, (   5,  6,  1), Obj 1.872556E+03, NetCrossing 1.925E+01, NetCrossingWeight 1.000000E+01, DensityWeight 2.152839E-03, HPWL 1.222352E+03, Overflow 1.363267E-01, MaxDensity 1.853E+00, MacroOverlap 2.714E-01, MacroOverlapWeight 8.000000E-06, gamma 5.494548E-02, time 2.548ms
[INFO   ] DREAMPlace - full step 12.350 ms
[DEBUG  ] dreamplace.ops.weighted_average_wirelength.weighted_average_wirelength - wirelength forward 0.129 ms
[DEBUG  ] dreamplace.ops.electric_potential.electric_potential - density forward 1.131 ms
[DEBUG  ] dreamplace.ops.electric_potential.electric_potential - density backward 0.362 ms
[DEBUG  ] dreamplace.ops.weighted_average_wirelength.weighted_average_wirelength - wirelength backward 0.095 ms
[DEBUG  ] dreamplace.ops.weighted_average_wirelength.weighted_average_wirelength - wirelength forward 0.140 ms
[DEBUG  ] dreamplace.ops.electric_potential.electric_potential - density forward 1.257 ms
[DEBUG  ] dreamplace.ops.electric_potential.electric_potential - density backward 0.454 ms
[DEBUG  ] dreamplace.ops.weighted_average_wirelength.weighted_average_wirelength - wirelength backward 0.152 ms
[INFO   ] DREAMPlace - optimizer step 17.805 ms
[INFO   ] DREAMPlace - iteration  114, (   5,  7,  0), Obj 1.884797E+03, NetCrossing 2.027E+01, NetCrossingWeight 1.000000E+01, DensityWeight 2.410454E-03, HPWL 1.197465E+03, Overflow 1.361825E-01, MaxDensity 2.470E+00, MacroOverlap 2.733E-01, MacroOverlapWeight 8.000000E-06, gamma 5.494548E-02, time 2.598ms
[INFO   ] DREAMPlace - full step 21.350 ms
[DEBUG  ] dreamplace.ops.weighted_average_wirelength.weighted_average_wirelength - wirelength forward 0.126 ms
[DEBUG  ] dreamplace.ops.electric_potential.electric_potential - density forward 1.127 ms
[DEBUG  ] dreamplace.ops.electric_potential.electric_potential - density backward 0.439 ms
[DEBUG  ] dreamplace.ops.weighted_average_wirelength.weighted_average_wirelength - wirelength backward 0.122 ms
[DEBUG  ] dreamplace.ops.weighted_average_wirelength.weighted_average_wirelength - wirelength forward 0.141 ms
[DEBUG  ] dreamplace.ops.electric_potential.electric_potential - density forward 1.160 ms
[DEBUG  ] dreamplace.ops.electric_potential.electric_potential - density backward 0.415 ms
[DEBUG  ] dreamplace.ops.weighted_average_wirelength.weighted_average_wirelength - wirelength backward 0.126 ms
[INFO   ] DREAMPlace - optimizer step 23.243 ms
[INFO   ] DREAMPlace - iteration  115, (   5,  7,  1), Obj 1.872689E+03, NetCrossing 1.696E+01, NetCrossingWeight 1.000000E+01, DensityWeight 2.410454E-03, HPWL 1.247466E+03, Overflow 1.164299E-01, MaxDensity 2.127E+00, MacroOverlap 2.370E-01, MacroOverlapWeight 8.000000E-06, gamma 5.494548E-02, time 2.596ms
[INFO   ] DREAMPlace - full step 26.878 ms
[DEBUG  ] dreamplace.ops.weighted_average_wirelength.weighted_average_wirelength - wirelength forward 0.129 ms
[DEBUG  ] dreamplace.ops.electric_potential.electric_potential - density forward 1.155 ms
[DEBUG  ] dreamplace.ops.electric_potential.electric_potential - density backward 0.418 ms
[DEBUG  ] dreamplace.ops.weighted_average_wirelength.weighted_average_wirelength - wirelength backward 0.125 ms
[INFO   ] DREAMPlace - optimizer step 8.804 ms
[INFO   ] DREAMPlace - iteration  116, (   5,  8,  0), Obj 1.839184E+03, NetCrossing 1.603E+01, NetCrossingWeight 1.000000E+01, DensityWeight 2.714310E-03, HPWL 1.236038E+03, Overflow 1.161081E-01, MaxDensity 1.853E+00, MacroOverlap 1.852E-01, MacroOverlapWeight 8.000000E-06, gamma 5.494548E-02, time 2.601ms
[INFO   ] DREAMPlace - full step 12.373 ms
[DEBUG  ] dreamplace.ops.weighted_average_wirelength.weighted_average_wirelength - wirelength forward 0.124 ms
[DEBUG  ] dreamplace.ops.electric_potential.electric_potential - density forward 1.131 ms
[DEBUG  ] dreamplace.ops.electric_potential.electric_potential - density backward 0.393 ms
[DEBUG  ] dreamplace.ops.weighted_average_wirelength.weighted_average_wirelength - wirelength backward 0.115 ms
[INFO   ] DREAMPlace - optimizer step 8.249 ms
[INFO   ] DREAMPlace - iteration  117, (   5,  8,  1), Obj 1.809594E+03, NetCrossing 1.741E+01, NetCrossingWeight 1.000000E+01, DensityWeight 2.714310E-03, HPWL 1.248059E+03, Overflow 1.035388E-01, MaxDensity 1.853E+00, MacroOverlap 1.680E-01, MacroOverlapWeight 8.000000E-06, gamma 5.494548E-02, time 2.603ms
[INFO   ] DREAMPlace - full step 11.822 ms
[DEBUG  ] dreamplace.ops.weighted_average_wirelength.weighted_average_wirelength - wirelength forward 0.124 ms
[DEBUG  ] dreamplace.ops.electric_potential.electric_potential - density forward 1.119 ms
[DEBUG  ] dreamplace.ops.electric_potential.electric_potential - density backward 0.446 ms
[DEBUG  ] dreamplace.ops.weighted_average_wirelength.weighted_average_wirelength - wirelength backward 0.135 ms
[INFO   ] DREAMPlace - optimizer step 9.428 ms
[INFO   ] DREAMPlace - iteration  118, (   5,  9,  0), Obj 1.765403E+03, NetCrossing 1.678E+01, NetCrossingWeight 1.000000E+01, DensityWeight 3.056487E-03, HPWL 1.253501E+03, Overflow 1.115326E-01, MaxDensity 2.365E+00, MacroOverlap 1.566E-01, MacroOverlapWeight 8.000000E-06, gamma 5.494548E-02, time 2.608ms
[INFO   ] DREAMPlace - full step 12.865 ms
[DEBUG  ] dreamplace.ops.weighted_average_wirelength.weighted_average_wirelength - wirelength forward 0.105 ms
[DEBUG  ] dreamplace.ops.electric_potential.electric_potential - density forward 1.134 ms
[DEBUG  ] dreamplace.ops.electric_potential.electric_potential - density backward 0.408 ms
[DEBUG  ] dreamplace.ops.weighted_average_wirelength.weighted_average_wirelength - wirelength backward 0.119 ms
[DEBUG  ] dreamplace.ops.weighted_average_wirelength.weighted_average_wirelength - wirelength forward 0.098 ms
[DEBUG  ] dreamplace.ops.electric_potential.electric_potential - density forward 0.916 ms
[DEBUG  ] dreamplace.ops.electric_potential.electric_potential - density backward 0.408 ms
[DEBUG  ] dreamplace.ops.weighted_average_wirelength.weighted_average_wirelength - wirelength backward 0.124 ms
[INFO   ] DREAMPlace - optimizer step 16.163 ms
[INFO   ] DREAMPlace - iteration  119, (   5,  9,  1), Obj 1.921697E+03, NetCrossing 1.766E+01, NetCrossingWeight 1.000000E+01, DensityWeight 3.056487E-03, HPWL 1.195483E+03, Overflow 1.230349E-01, MaxDensity 1.853E+00, MacroOverlap 1.979E-01, MacroOverlapWeight 8.000000E-06, gamma 5.494548E-02, time 2.610ms
[INFO   ] DREAMPlace - full step 19.732 ms
[INFO   ] DREAMPlace - Lsub stopping criteria: 1 and 1921.7 > 1765.4 * 0.999
[DEBUG  ] dreamplace.ops.weighted_average_wirelength.weighted_average_wirelength - wirelength forward 0.161 ms
[DEBUG  ] dreamplace.ops.electric_potential.electric_potential - density forward 1.201 ms
[DEBUG  ] dreamplace.ops.electric_potential.electric_potential - density backward 0.413 ms
[DEBUG  ] dreamplace.ops.weighted_average_wirelength.weighted_average_wirelength - wirelength backward 0.124 ms
[INFO   ] DREAMPlace - optimizer step 9.387 ms
[INFO   ] DREAMPlace - iteration  120, (   6,  0,  0), Obj 1.768538E+03, NetCrossing 1.729E+01, NetCrossingWeight 1.000000E+01, DensityWeight 3.421209E-03, HPWL 1.242494E+03, Overflow 1.151110E-01, MaxDensity 1.853E+00, MacroOverlap 1.753E-01, MacroOverlapWeight 8.000000E-06, gamma 4.646893E-02, time 2.929ms
[INFO   ] DREAMPlace - full step 13.171 ms
[DEBUG  ] dreamplace.ops.weighted_average_wirelength.weighted_average_wirelength - wirelength forward 0.096 ms
[DEBUG  ] dreamplace.ops.electric_potential.electric_potential - density forward 0.891 ms
[DEBUG  ] dreamplace.ops.electric_potential.electric_potential - density backward 0.349 ms
[DEBUG  ] dreamplace.ops.weighted_average_wirelength.weighted_average_wirelength - wirelength backward 0.091 ms
[INFO   ] DREAMPlace - optimizer step 6.572 ms
[INFO   ] DREAMPlace - iteration  121, (   6,  0,  1), Obj 1.969125E+03, NetCrossing 1.661E+01, NetCrossingWeight 1.000000E+01, DensityWeight 3.421209E-03, HPWL 1.173978E+03, Overflow 1.216068E-01, MaxDensity 1.853E+00, MacroOverlap 1.981E-01, MacroOverlapWeight 8.000000E-06, gamma 4.646893E-02, time 2.080ms
[INFO   ] DREAMPlace - full step 9.394 ms
[INFO   ] DREAMPlace - Lsub stopping criteria: 1 and 1969.12 > 1768.54 * 0.999
[DEBUG  ] dreamplace.ops.weighted_average_wirelength.weighted_average_wirelength - wirelength forward 0.138 ms
[DEBUG  ] dreamplace.ops.electric_potential.electric_potential - density forward 1.321 ms
[DEBUG  ] dreamplace.ops.electric_potential.electric_potential - density backward 0.414 ms
[DEBUG  ] dreamplace.ops.weighted_average_wirelength.weighted_average_wirelength - wirelength backward 0.125 ms
[DEBUG  ] dreamplace.ops.weighted_average_wirelength.weighted_average_wirelength - wirelength forward 0.097 ms
[DEBUG  ] dreamplace.ops.electric_potential.electric_potential - density forward 1.169 ms
[DEBUG  ] dreamplace.ops.electric_potential.electric_potential - density backward 0.423 ms
[DEBUG  ] dreamplace.ops.weighted_average_wirelength.weighted_average_wirelength - wirelength backward 0.134 ms
[INFO   ] DREAMPlace - optimizer step 17.074 ms
[INFO   ] DREAMPlace - iteration  122, (   6,  1,  0), Obj 1.670969E+03, NetCrossing 1.855E+01, NetCrossingWeight 1.000000E+01, DensityWeight 3.829070E-03, HPWL 1.249201E+03, Overflow 9.384899E-02, MaxDensity 2.303E+00, MacroOverlap 1.097E-01, MacroOverlapWeight 8.000000E-06, gamma 4.646893E-02, time 2.942ms
[INFO   ] DREAMPlace - full step 20.932 ms
[DEBUG  ] dreamplace.ops.weighted_average_wirelength.weighted_average_wirelength - wirelength forward 0.142 ms
[DEBUG  ] dreamplace.ops.electric_potential.electric_potential - density forward 1.308 ms
[DEBUG  ] dreamplace.ops.electric_potential.electric_potential - density backward 0.431 ms
[DEBUG  ] dreamplace.ops.weighted_average_wirelength.weighted_average_wirelength - wirelength backward 0.093 ms
[INFO   ] DREAMPlace - optimizer step 9.518 ms
[INFO   ] DREAMPlace - iteration  123, (   6,  1,  1), Obj 1.836649E+03, NetCrossing 1.945E+01, NetCrossingWeight 1.000000E+01, DensityWeight 3.829070E-03, HPWL 1.196834E+03, Overflow 9.944118E-02, MaxDensity 1.853E+00, MacroOverlap 1.500E-01, MacroOverlapWeight 8.000000E-06, gamma 4.646893E-02, time 2.103ms
[INFO   ] DREAMPlace - full step 12.471 ms
[INFO   ] DREAMPlace - Lsub stopping criteria: 1 and 1836.65 > 1670.97 * 0.999
[DEBUG  ] dreamplace.ops.weighted_average_wirelength.weighted_average_wirelength - wirelength forward 0.123 ms
[DEBUG  ] dreamplace.ops.electric_potential.electric_potential - density forward 1.120 ms
[DEBUG  ] dreamplace.ops.electric_potential.electric_potential - density backward 0.406 ms
[DEBUG  ] dreamplace.ops.weighted_average_wirelength.weighted_average_wirelength - wirelength backward 0.128 ms
[DEBUG  ] dreamplace.ops.weighted_average_wirelength.weighted_average_wirelength - wirelength forward 0.123 ms
[DEBUG  ] dreamplace.ops.electric_potential.electric_potential - density forward 1.118 ms
[DEBUG  ] dreamplace.ops.electric_potential.electric_potential - density backward 0.348 ms
[DEBUG  ] dreamplace.ops.weighted_average_wirelength.weighted_average_wirelength - wirelength backward 0.090 ms
[INFO   ] DREAMPlace - optimizer step 16.220 ms
[INFO   ] DREAMPlace - iteration  124, (   6,  2,  0), Obj 1.645336E+03, NetCrossing 1.863E+01, NetCrossingWeight 1.000000E+01, DensityWeight 4.311756E-03, HPWL 1.273168E+03, Overflow 8.129400E-02, MaxDensity 1.853E+00, MacroOverlap 6.431E-02, MacroOverlapWeight 8.000000E-06, gamma 4.646893E-02, time 2.565ms
[INFO   ] DREAMPlace - full step 19.767 ms
[DEBUG  ] dreamplace.ops.weighted_average_wirelength.weighted_average_wirelength - wirelength forward 0.124 ms
[DEBUG  ] dreamplace.ops.electric_potential.electric_potential - density forward 1.125 ms
[DEBUG  ] dreamplace.ops.electric_potential.electric_potential - density backward 0.413 ms
[DEBUG  ] dreamplace.ops.weighted_average_wirelength.weighted_average_wirelength - wirelength backward 0.120 ms
[INFO   ] DREAMPlace - optimizer step 8.677 ms
[INFO   ] DREAMPlace - iteration  125, (   6,  2,  1), Obj 1.814288E+03, NetCrossing 1.914E+01, NetCrossingWeight 1.000000E+01, DensityWeight 4.311756E-03, HPWL 1.204080E+03, Overflow 9.374492E-02, MaxDensity 1.853E+00, MacroOverlap 1.143E-01, MacroOverlapWeight 8.000000E-06, gamma 4.646893E-02, time 2.579ms
[INFO   ] DREAMPlace - full step 12.221 ms
[INFO   ] DREAMPlace - Lsub stopping criteria: 1 and 1814.29 > 1645.34 * 0.999
[DEBUG  ] dreamplace.ops.weighted_average_wirelength.weighted_average_wirelength - wirelength forward 0.143 ms
[DEBUG  ] dreamplace.ops.electric_potential.electric_potential - density forward 1.173 ms
[DEBUG  ] dreamplace.ops.electric_potential.electric_potential - density backward 0.407 ms
[DEBUG  ] dreamplace.ops.weighted_average_wirelength.weighted_average_wirelength - wirelength backward 0.121 ms
[INFO   ] DREAMPlace - optimizer step 8.572 ms
[INFO   ] DREAMPlace - iteration  126, (   6,  3,  0), Obj 1.711875E+03, NetCrossing 1.767E+01, NetCrossingWeight 1.000000E+01, DensityWeight 4.855305E-03, HPWL 1.243937E+03, Overflow 8.860227E-02, MaxDensity 1.853E+00, MacroOverlap 8.673E-02, MacroOverlapWeight 8.000000E-06, gamma 4.646893E-02, time 2.772ms
[INFO   ] DREAMPlace - full step 12.344 ms
[DEBUG  ] dreamplace.ops.weighted_average_wirelength.weighted_average_wirelength - wirelength forward 0.129 ms
[DEBUG  ] dreamplace.ops.electric_potential.electric_potential - density forward 1.146 ms
[DEBUG  ] dreamplace.ops.electric_potential.electric_potential - density backward 0.428 ms
[DEBUG  ] dreamplace.ops.weighted_average_wirelength.weighted_average_wirelength - wirelength backward 0.131 ms
[INFO   ] DREAMPlace - optimizer step 8.772 ms
[INFO   ] DREAMPlace - iteration  127, (   6,  3,  1), Obj 1.769765E+03, NetCrossing 1.826E+01, NetCrossingWeight 1.000000E+01, DensityWeight 4.855305E-03, HPWL 1.214687E+03, Overflow 8.871998E-02, MaxDensity 1.853E+00, MacroOverlap 8.212E-02, MacroOverlapWeight 8.000000E-06, gamma 4.646893E-02, time 2.654ms
[INFO   ] DREAMPlace - full step 12.391 ms
[INFO   ] DREAMPlace - Lsub stopping criteria: 1 and 1769.76 > 1711.87 * 0.999
[DEBUG  ] dreamplace.ops.weighted_average_wirelength.weighted_average_wirelength - wirelength forward 0.133 ms
[DEBUG  ] dreamplace.ops.electric_potential.electric_potential - density forward 1.184 ms
[DEBUG  ] dreamplace.ops.electric_potential.electric_potential - density backward 0.421 ms
[DEBUG  ] dreamplace.ops.weighted_average_wirelength.weighted_average_wirelength - wirelength backward 0.120 ms
[DEBUG  ] dreamplace.ops.weighted_average_wirelength.weighted_average_wirelength - wirelength forward 0.132 ms
[DEBUG  ] dreamplace.ops.electric_potential.electric_potential - density forward 1.181 ms
[DEBUG  ] dreamplace.ops.electric_potential.electric_potential - density backward 0.416 ms
[DEBUG  ] dreamplace.ops.weighted_average_wirelength.weighted_average_wirelength - wirelength backward 0.117 ms
[INFO   ] DREAMPlace - optimizer step 17.448 ms
[INFO   ] DREAMPlace - iteration  128, (   6,  4,  0), Obj 1.670545E+03, NetCrossing 1.882E+01, NetCrossingWeight 1.000000E+01, DensityWeight 5.467371E-03, HPWL 1.245869E+03, Overflow 8.380003E-02, MaxDensity 1.853E+00, MacroOverlap 5.940E-02, MacroOverlapWeight 8.000000E-06, gamma 4.646893E-02, time 2.707ms
[INFO   ] DREAMPlace - full step 21.126 ms
[DEBUG  ] dreamplace.ops.weighted_average_wirelength.weighted_average_wirelength - wirelength forward 0.133 ms
[DEBUG  ] dreamplace.ops.electric_potential.electric_potential - density forward 1.156 ms
[DEBUG  ] dreamplace.ops.electric_potential.electric_potential - density backward 0.413 ms
[DEBUG  ] dreamplace.ops.weighted_average_wirelength.weighted_average_wirelength - wirelength backward 0.120 ms
[INFO   ] DREAMPlace - optimizer step 8.791 ms
[INFO   ] DREAMPlace - iteration  129, (   6,  4,  1), Obj 1.766202E+03, NetCrossing 1.851E+01, NetCrossingWeight 1.000000E+01, DensityWeight 5.467371E-03, HPWL 1.235401E+03, Overflow 8.161395E-02, MaxDensity 1.853E+00, MacroOverlap 4.417E-02, MacroOverlapWeight 8.000000E-06, gamma 4.646893E-02, time 2.683ms
[INFO   ] DREAMPlace - full step 12.436 ms
[INFO   ] DREAMPlace - Lsub stopping criteria: 1 and 1766.2 > 1670.54 * 0.999
[DEBUG  ] dreamplace.ops.weighted_average_wirelength.weighted_average_wirelength - wirelength forward 0.133 ms
[DEBUG  ] dreamplace.ops.electric_potential.electric_potential - density forward 1.170 ms
[DEBUG  ] dreamplace.ops.electric_potential.electric_potential - density backward 0.442 ms
[DEBUG  ] dreamplace.ops.weighted_average_wirelength.weighted_average_wirelength - wirelength backward 0.120 ms
[DEBUG  ] dreamplace.ops.weighted_average_wirelength.weighted_average_wirelength - wirelength forward 0.124 ms
[DEBUG  ] dreamplace.ops.electric_potential.electric_potential - density forward 1.211 ms
[DEBUG  ] dreamplace.ops.electric_potential.electric_potential - density backward 0.433 ms
[DEBUG  ] dreamplace.ops.weighted_average_wirelength.weighted_average_wirelength - wirelength backward 0.132 ms
[INFO   ] DREAMPlace - optimizer step 17.890 ms
[INFO   ] DREAMPlace - iteration  130, (   6,  5,  0), Obj 1.668932E+03, NetCrossing 1.804E+01, NetCrossingWeight 1.000000E+01, DensityWeight 6.156581E-03, HPWL 1.257710E+03, Overflow 7.645795E-02, MaxDensity 1.853E+00, MacroOverlap 3.726E-02, MacroOverlapWeight 8.000000E-06, gamma 4.646893E-02, time 2.702ms
[INFO   ] DREAMPlace - full step 21.638 ms
[DEBUG  ] dreamplace.ops.weighted_average_wirelength.weighted_average_wirelength - wirelength forward 0.142 ms
[DEBUG  ] dreamplace.ops.electric_potential.electric_potential - density forward 1.219 ms
[DEBUG  ] dreamplace.ops.electric_potential.electric_potential - density backward 0.373 ms
[DEBUG  ] dreamplace.ops.weighted_average_wirelength.weighted_average_wirelength - wirelength backward 0.098 ms
[INFO   ] DREAMPlace - optimizer step 10.333 ms
[INFO   ] DREAMPlace - iteration  131, (   6,  5,  1), Obj 1.730470E+03, NetCrossing 1.879E+01, NetCrossingWeight 1.000000E+01, DensityWeight 6.156581E-03, HPWL 1.230814E+03, Overflow 7.321510E-02, MaxDensity 1.853E+00, MacroOverlap 3.625E-02, MacroOverlapWeight 8.000000E-06, gamma 4.646893E-02, time 2.862ms
[INFO   ] DREAMPlace - full step 14.269 ms
[INFO   ] DREAMPlace - Lsub stopping criteria: 1 and 1730.47 > 1668.93 * 0.999
[DEBUG  ] dreamplace.ops.weighted_average_wirelength.weighted_average_wirelength - wirelength forward 0.136 ms
[DEBUG  ] dreamplace.ops.electric_potential.electric_potential - density forward 1.185 ms
[DEBUG  ] dreamplace.ops.electric_potential.electric_potential - density backward 0.421 ms
[DEBUG  ] dreamplace.ops.weighted_average_wirelength.weighted_average_wirelength - wirelength backward 0.128 ms
[DEBUG  ] dreamplace.ops.weighted_average_wirelength.weighted_average_wirelength - wirelength forward 0.127 ms
[DEBUG  ] dreamplace.ops.electric_potential.electric_potential - density forward 1.139 ms
[DEBUG  ] dreamplace.ops.electric_potential.electric_potential - density backward 0.414 ms
[DEBUG  ] dreamplace.ops.weighted_average_wirelength.weighted_average_wirelength - wirelength backward 0.129 ms
[INFO   ] DREAMPlace - optimizer step 17.592 ms
[INFO   ] DREAMPlace - iteration  132, (   6,  6,  0), Obj 1.671717E+03, NetCrossing 1.897E+01, NetCrossingWeight 1.000000E+01, DensityWeight 6.887097E-03, HPWL 1.264455E+03, Overflow 7.069997E-02, MaxDensity 1.728E+00, MacroOverlap 3.724E-02, MacroOverlapWeight 8.000000E-06, gamma 4.646893E-02, time 2.689ms
[INFO   ] DREAMPlace - full step 21.281 ms
[DEBUG  ] dreamplace.ops.weighted_average_wirelength.weighted_average_wirelength - wirelength forward 0.144 ms
[DEBUG  ] dreamplace.ops.electric_potential.electric_potential - density forward 1.137 ms
[DEBUG  ] dreamplace.ops.electric_potential.electric_potential - density backward 0.412 ms
[DEBUG  ] dreamplace.ops.weighted_average_wirelength.weighted_average_wirelength - wirelength backward 0.117 ms
[INFO   ] DREAMPlace - optimizer step 8.668 ms
[INFO   ] DREAMPlace - iteration  133, (   6,  6,  1), Obj 1.737368E+03, NetCrossing 1.879E+01, NetCrossingWeight 1.000000E+01, DensityWeight 6.887097E-03, HPWL 1.244987E+03, Overflow 6.788935E-02, MaxDensity 1.853E+00, MacroOverlap 3.266E-02, MacroOverlapWeight 8.000000E-06, gamma 4.646893E-02, time 2.636ms
[INFO   ] DREAMPlace - full step 12.353 ms
[INFO   ] DREAMPlace - Lsub stopping criteria: 1 and 1737.37 > 1671.72 * 0.999
[DEBUG  ] dreamplace.ops.weighted_average_wirelength.weighted_average_wirelength - wirelength forward 0.133 ms
[DEBUG  ] dreamplace.ops.electric_potential.electric_potential - density forward 1.156 ms
[DEBUG  ] dreamplace.ops.electric_potential.electric_potential - density backward 0.426 ms
[DEBUG  ] dreamplace.ops.weighted_average_wirelength.weighted_average_wirelength - wirelength backward 0.126 ms
[DEBUG  ] dreamplace.ops.weighted_average_wirelength.weighted_average_wirelength - wirelength forward 0.129 ms
[DEBUG  ] dreamplace.ops.electric_potential.electric_potential - density forward 1.188 ms
[DEBUG  ] dreamplace.ops.electric_potential.electric_potential - density backward 0.437 ms
[DEBUG  ] dreamplace.ops.weighted_average_wirelength.weighted_average_wirelength - wirelength backward 0.121 ms
[INFO   ] DREAMPlace - optimizer step 17.421 ms
[INFO   ] DREAMPlace - iteration  134, (   6,  7,  0), Obj 1.665531E+03, NetCrossing 1.947E+01, NetCrossingWeight 1.000000E+01, DensityWeight 7.755288E-03, HPWL 1.261538E+03, Overflow 6.634321E-02, MaxDensity 1.853E+00, MacroOverlap 2.376E-02, MacroOverlapWeight 8.000000E-06, gamma 4.646893E-02, time 2.749ms
[INFO   ] DREAMPlace - full step 21.197 ms
[DEBUG  ] dreamplace.ops.weighted_average_wirelength.weighted_average_wirelength - wirelength forward 0.132 ms
[DEBUG  ] dreamplace.ops.electric_potential.electric_potential - density forward 1.161 ms
[DEBUG  ] dreamplace.ops.electric_potential.electric_potential - density backward 0.427 ms
[DEBUG  ] dreamplace.ops.weighted_average_wirelength.weighted_average_wirelength - wirelength backward 0.128 ms
[DEBUG  ] dreamplace.ops.weighted_average_wirelength.weighted_average_wirelength - wirelength forward 0.131 ms
[DEBUG  ] dreamplace.ops.electric_potential.electric_potential - density forward 1.158 ms
[DEBUG  ] dreamplace.ops.electric_potential.electric_potential - density backward 0.427 ms
[DEBUG  ] dreamplace.ops.weighted_average_wirelength.weighted_average_wirelength - wirelength backward 0.128 ms
[INFO   ] DREAMPlace - optimizer step 17.565 ms
[INFO   ] DREAMPlace - iteration  135, (   6,  7,  1), Obj 1.703426E+03, NetCrossing 1.962E+01, NetCrossingWeight 1.000000E+01, DensityWeight 7.755288E-03, HPWL 1.254966E+03, Overflow 6.379225E-02, MaxDensity 1.853E+00, MacroOverlap 1.813E-02, MacroOverlapWeight 8.000000E-06, gamma 4.646893E-02, time 2.682ms
[INFO   ] DREAMPlace - full step 21.277 ms
[INFO   ] DREAMPlace - Lsub stopping criteria: 1 and 1703.43 > 1665.53 * 0.999
[INFO   ] DREAMPlace - Llambda stopping criteria: 7 and (( 0.0637923 < 0.1 and 1254.97 > 1244.99 ) or 1.85251 < 1.0)
[DEBUG  ] dreamplace.ops.weighted_average_wirelength.weighted_average_wirelength - wirelength forward 0.143 ms
[DEBUG  ] dreamplace.ops.electric_potential.electric_potential - density forward 1.182 ms
[DEBUG  ] dreamplace.ops.electric_potential.electric_potential - density backward 0.431 ms
[DEBUG  ] dreamplace.ops.weighted_average_wirelength.weighted_average_wirelength - wirelength backward 0.113 ms
[INFO   ] DREAMPlace - optimizer step 8.912 ms
[INFO   ] DREAMPlace - iteration  136, (   7,  0,  0), Obj 1.663530E+03, NetCrossing 2.037E+01, NetCrossingWeight 1.000000E+01, DensityWeight 8.732931E-03, HPWL 1.277853E+03, Overflow 6.075861E-02, MaxDensity 1.853E+00, MacroOverlap 1.992E-02, MacroOverlapWeight 8.000000E-06, gamma 3.431725E-02, time 2.772ms
[INFO   ] DREAMPlace - full step 12.686 ms
[DEBUG  ] dreamplace.ops.weighted_average_wirelength.weighted_average_wirelength - wirelength forward 0.132 ms
[DEBUG  ] dreamplace.ops.electric_potential.electric_potential - density forward 1.164 ms
[DEBUG  ] dreamplace.ops.electric_potential.electric_potential - density backward 0.419 ms
[DEBUG  ] dreamplace.ops.weighted_average_wirelength.weighted_average_wirelength - wirelength backward 0.121 ms
[INFO   ] DREAMPlace - optimizer step 8.764 ms
[INFO   ] DREAMPlace - iteration  137, (   7,  0,  1), Obj 1.738568E+03, NetCrossing 2.071E+01, NetCrossingWeight 1.000000E+01, DensityWeight 8.732931E-03, HPWL 1.251848E+03, Overflow 6.270964E-02, MaxDensity 1.853E+00, MacroOverlap 2.259E-02, MacroOverlapWeight 8.000000E-06, gamma 3.431725E-02, time 2.659ms
[INFO   ] DREAMPlace - full step 12.375 ms
[INFO   ] DREAMPlace - Lsub stopping criteria: 1 and 1738.57 > 1663.53 * 0.999
[DEBUG  ] dreamplace.ops.weighted_average_wirelength.weighted_average_wirelength - wirelength forward 0.128 ms
[DEBUG  ] dreamplace.ops.electric_potential.electric_potential - density forward 1.147 ms
[DEBUG  ] dreamplace.ops.electric_potential.electric_potential - density backward 0.360 ms
[DEBUG  ] dreamplace.ops.weighted_average_wirelength.weighted_average_wirelength - wirelength backward 0.093 ms
[DEBUG  ] dreamplace.ops.weighted_average_wirelength.weighted_average_wirelength - wirelength forward 0.126 ms
[DEBUG  ] dreamplace.ops.electric_potential.electric_potential - density forward 1.140 ms
[DEBUG  ] dreamplace.ops.electric_potential.electric_potential - density backward 0.370 ms
[DEBUG  ] dreamplace.ops.weighted_average_wirelength.weighted_average_wirelength - wirelength backward 0.088 ms
[INFO   ] DREAMPlace - optimizer step 15.424 ms
[INFO   ] DREAMPlace - iteration  138, (   7,  1,  0), Obj 1.698743E+03, NetCrossing 1.989E+01, NetCrossingWeight 1.000000E+01, DensityWeight 9.766215E-03, HPWL 1.276742E+03, Overflow 5.956821E-02, MaxDensity 1.853E+00, MacroOverlap 2.079E-02, MacroOverlapWeight 8.000000E-06, gamma 3.431725E-02, time 2.652ms
[INFO   ] DREAMPlace - full step 19.064 ms
[DEBUG  ] dreamplace.ops.weighted_average_wirelength.weighted_average_wirelength - wirelength forward 0.126 ms
[DEBUG  ] dreamplace.ops.electric_potential.electric_potential - density forward 1.134 ms
[DEBUG  ] dreamplace.ops.electric_potential.electric_potential - density backward 0.399 ms
[DEBUG  ] dreamplace.ops.weighted_average_wirelength.weighted_average_wirelength - wirelength backward 0.112 ms
[INFO   ] DREAMPlace - optimizer step 8.461 ms
[INFO   ] DREAMPlace - iteration  139, (   7,  1,  1), Obj 1.739042E+03, NetCrossing 2.017E+01, NetCrossingWeight 1.000000E+01, DensityWeight 9.766215E-03, HPWL 1.259978E+03, Overflow 5.957707E-02, MaxDensity 1.853E+00, MacroOverlap 1.988E-02, MacroOverlapWeight 8.000000E-06, gamma 3.431725E-02, time 2.597ms
[INFO   ] DREAMPlace - full step 11.991 ms
[INFO   ] DREAMPlace - Lsub stopping criteria: 1 and 1739.04 > 1698.74 * 0.999
[INFO   ] DREAMPlace - Llambda stopping criteria: 1 and (( 0.0595771 < 0.1 and 1259.98 > 1251.85 ) or 1.85251 < 1.0)
[DEBUG  ] dreamplace.ops.weighted_average_wirelength.weighted_average_wirelength - wirelength forward 0.141 ms
[DEBUG  ] dreamplace.ops.electric_potential.electric_potential - density forward 1.145 ms
[DEBUG  ] dreamplace.ops.electric_potential.electric_potential - density backward 0.360 ms
[DEBUG  ] dreamplace.ops.weighted_average_wirelength.weighted_average_wirelength - wirelength backward 0.093 ms
[DEBUG  ] dreamplace.ops.weighted_average_wirelength.weighted_average_wirelength - wirelength forward 0.125 ms
[DEBUG  ] dreamplace.ops.electric_potential.electric_potential - density forward 1.150 ms
[DEBUG  ] dreamplace.ops.electric_potential.electric_potential - density backward 0.410 ms
[DEBUG  ] dreamplace.ops.weighted_average_wirelength.weighted_average_wirelength - wirelength backward 0.119 ms
[INFO   ] DREAMPlace - optimizer step 16.772 ms
[INFO   ] DREAMPlace - iteration  140, (   8,  0,  0), Obj 1.699807E+03, NetCrossing 2.062E+01, NetCrossingWeight 1.000000E+01, DensityWeight 1.099736E-02, HPWL 1.271748E+03, Overflow 5.841465E-02, MaxDensity 1.853E+00, MacroOverlap 1.592E-02, MacroOverlapWeight 8.000000E-06, gamma 3.358500E-02, time 2.618ms
[INFO   ] DREAMPlace - full step 20.387 ms
[DEBUG  ] dreamplace.ops.weighted_average_wirelength.weighted_average_wirelength - wirelength forward 0.131 ms
[DEBUG  ] dreamplace.ops.electric_potential.electric_potential - density forward 1.149 ms
[DEBUG  ] dreamplace.ops.electric_potential.electric_potential - density backward 0.427 ms
[DEBUG  ] dreamplace.ops.weighted_average_wirelength.weighted_average_wirelength - wirelength backward 0.126 ms
[INFO   ] DREAMPlace - optimizer step 8.873 ms
[INFO   ] DREAMPlace - iteration  141, (   8,  0,  1), Obj 1.725803E+03, NetCrossing 1.996E+01, NetCrossingWeight 1.000000E+01, DensityWeight 1.099736E-02, HPWL 1.275076E+03, Overflow 5.675199E-02, MaxDensity 1.817E+00, MacroOverlap 1.258E-02, MacroOverlapWeight 8.000000E-06, gamma 3.358500E-02, time 2.629ms
[INFO   ] DREAMPlace - full step 12.510 ms
[INFO   ] DREAMPlace - Lsub stopping criteria: 1 and 1725.8 > 1699.81 * 0.999
[DEBUG  ] dreamplace.ops.weighted_average_wirelength.weighted_average_wirelength - wirelength forward 0.126 ms
[DEBUG  ] dreamplace.ops.electric_potential.electric_potential - density forward 1.125 ms
[DEBUG  ] dreamplace.ops.electric_potential.electric_potential - density backward 0.462 ms
[DEBUG  ] dreamplace.ops.weighted_average_wirelength.weighted_average_wirelength - wirelength backward 0.144 ms
[DEBUG  ] dreamplace.ops.weighted_average_wirelength.weighted_average_wirelength - wirelength forward 0.124 ms
[DEBUG  ] dreamplace.ops.electric_potential.electric_potential - density forward 1.149 ms
[DEBUG  ] dreamplace.ops.electric_potential.electric_potential - density backward 0.559 ms
[DEBUG  ] dreamplace.ops.weighted_average_wirelength.weighted_average_wirelength - wirelength backward 0.197 ms
[INFO   ] DREAMPlace - optimizer step 19.282 ms
[INFO   ] DREAMPlace - iteration  142, (   8,  1,  0), Obj 1.696202E+03, NetCrossing 1.976E+01, NetCrossingWeight 1.000000E+01, DensityWeight 1.238369E-02, HPWL 1.285129E+03, Overflow 5.449875E-02, MaxDensity 1.853E+00, MacroOverlap 9.515E-03, MacroOverlapWeight 8.000000E-06, gamma 3.358500E-02, time 2.627ms
[INFO   ] DREAMPlace - full step 22.914 ms
[DEBUG  ] dreamplace.ops.weighted_average_wirelength.weighted_average_wirelength - wirelength forward 0.132 ms
[DEBUG  ] dreamplace.ops.electric_potential.electric_potential - density forward 1.144 ms
[DEBUG  ] dreamplace.ops.electric_potential.electric_potential - density backward 0.422 ms
[DEBUG  ] dreamplace.ops.weighted_average_wirelength.weighted_average_wirelength - wirelength backward 0.119 ms
[INFO   ] DREAMPlace - optimizer step 8.646 ms
[INFO   ] DREAMPlace - iteration  143, (   8,  1,  1), Obj 1.731605E+03, NetCrossing 1.965E+01, NetCrossingWeight 1.000000E+01, DensityWeight 1.238369E-02, HPWL 1.281649E+03, Overflow 5.447778E-02, MaxDensity 1.853E+00, MacroOverlap 8.859E-03, MacroOverlapWeight 8.000000E-06, gamma 3.358500E-02, time 2.649ms
[INFO   ] DREAMPlace - full step 12.304 ms
[INFO   ] DREAMPlace - Lsub stopping criteria: 1 and 1731.61 > 1696.2 * 0.999
[INFO   ] DREAMPlace - Llambda stopping criteria: 1 and (( 0.0544778 < 0.1 and 1281.65 > 1275.08 ) or 1.85251 < 1.0)
[DEBUG  ] dreamplace.ops.weighted_average_wirelength.weighted_average_wirelength - wirelength forward 0.128 ms
[DEBUG  ] dreamplace.ops.electric_potential.electric_potential - density forward 1.129 ms
[DEBUG  ] dreamplace.ops.electric_potential.electric_potential - density backward 0.455 ms
[DEBUG  ] dreamplace.ops.weighted_average_wirelength.weighted_average_wirelength - wirelength backward 0.140 ms
[DEBUG  ] dreamplace.ops.weighted_average_wirelength.weighted_average_wirelength - wirelength forward 0.128 ms
[DEBUG  ] dreamplace.ops.electric_potential.electric_potential - density forward 1.143 ms
[DEBUG  ] dreamplace.ops.electric_potential.electric_potential - density backward 0.419 ms
[DEBUG  ] dreamplace.ops.weighted_average_wirelength.weighted_average_wirelength - wirelength backward 0.114 ms
[INFO   ] DREAMPlace - optimizer step 17.396 ms
[INFO   ] DREAMPlace - iteration  144, (   9,  0,  0), Obj 1.707473E+03, NetCrossing 1.915E+01, NetCrossingWeight 1.000000E+01, DensityWeight 1.394481E-02, HPWL 1.291437E+03, Overflow 5.407772E-02, MaxDensity 1.853E+00, MacroOverlap 6.726E-03, MacroOverlapWeight 8.000000E-06, gamma 3.272002E-02, time 2.651ms
[INFO   ] DREAMPlace - full step 21.058 ms
[DEBUG  ] dreamplace.ops.weighted_average_wirelength.weighted_average_wirelength - wirelength forward 0.140 ms
[DEBUG  ] dreamplace.ops.electric_potential.electric_potential - density forward 1.148 ms
[DEBUG  ] dreamplace.ops.electric_potential.electric_potential - density backward 0.419 ms
[DEBUG  ] dreamplace.ops.weighted_average_wirelength.weighted_average_wirelength - wirelength backward 0.121 ms
[INFO   ] DREAMPlace - optimizer step 8.645 ms
[INFO   ] DREAMPlace - iteration  145, (   9,  0,  1), Obj 1.724341E+03, NetCrossing 1.990E+01, NetCrossingWeight 1.000000E+01, DensityWeight 1.394481E-02, HPWL 1.298665E+03, Overflow 5.108926E-02, MaxDensity 1.853E+00, MacroOverlap 5.297E-03, MacroOverlapWeight 8.000000E-06, gamma 3.272002E-02, time 2.652ms
[INFO   ] DREAMPlace - full step 12.333 ms
[INFO   ] DREAMPlace - Lsub stopping criteria: 1 and 1724.34 > 1707.47 * 0.999
[DEBUG  ] dreamplace.ops.weighted_average_wirelength.weighted_average_wirelength - wirelength forward 0.129 ms
[DEBUG  ] dreamplace.ops.electric_potential.electric_potential - density forward 1.148 ms
[DEBUG  ] dreamplace.ops.electric_potential.electric_potential - density backward 0.422 ms
[DEBUG  ] dreamplace.ops.weighted_average_wirelength.weighted_average_wirelength - wirelength backward 0.126 ms
[DEBUG  ] dreamplace.ops.weighted_average_wirelength.weighted_average_wirelength - wirelength forward 0.124 ms
[DEBUG  ] dreamplace.ops.electric_potential.electric_potential - density forward 1.140 ms
[DEBUG  ] dreamplace.ops.electric_potential.electric_potential - density backward 0.423 ms
[DEBUG  ] dreamplace.ops.weighted_average_wirelength.weighted_average_wirelength - wirelength backward 0.121 ms
[INFO   ] DREAMPlace - optimizer step 17.156 ms
[INFO   ] DREAMPlace - iteration  146, (   9,  1,  0), Obj 1.697043E+03, NetCrossing 1.940E+01, NetCrossingWeight 1.000000E+01, DensityWeight 1.570269E-02, HPWL 1.309661E+03, Overflow 4.974606E-02, MaxDensity 1.853E+00, MacroOverlap 4.434E-03, MacroOverlapWeight 8.000000E-06, gamma 3.272002E-02, time 2.631ms
[INFO   ] DREAMPlace - full step 20.775 ms
[DEBUG  ] dreamplace.ops.weighted_average_wirelength.weighted_average_wirelength - wirelength forward 0.130 ms
[DEBUG  ] dreamplace.ops.electric_potential.electric_potential - density forward 1.148 ms
[DEBUG  ] dreamplace.ops.electric_potential.electric_potential - density backward 0.424 ms
[DEBUG  ] dreamplace.ops.weighted_average_wirelength.weighted_average_wirelength - wirelength backward 0.117 ms
[INFO   ] DREAMPlace - optimizer step 8.728 ms
[INFO   ] DREAMPlace - iteration  147, (   9,  1,  1), Obj 1.716247E+03, NetCrossing 1.959E+01, NetCrossingWeight 1.000000E+01, DensityWeight 1.570269E-02, HPWL 1.305905E+03, Overflow 4.884975E-02, MaxDensity 1.853E+00, MacroOverlap 4.022E-03, MacroOverlapWeight 8.000000E-06, gamma 3.272002E-02, time 2.644ms
[INFO   ] DREAMPlace - full step 12.376 ms
[INFO   ] DREAMPlace - Lsub stopping criteria: 1 and 1716.25 > 1697.04 * 0.999
[INFO   ] DREAMPlace - Llambda stopping criteria: 1 and (( 0.0488498 < 0.1 and 1305.9 > 1298.67 ) or 1.85251 < 1.0)
[DEBUG  ] dreamplace.ops.weighted_average_wirelength.weighted_average_wirelength - wirelength forward 0.156 ms
[DEBUG  ] dreamplace.ops.electric_potential.electric_potential - density forward 1.131 ms
[DEBUG  ] dreamplace.ops.electric_potential.electric_potential - density backward 0.372 ms
[DEBUG  ] dreamplace.ops.weighted_average_wirelength.weighted_average_wirelength - wirelength backward 0.155 ms
[INFO   ] DREAMPlace - optimizer step 10.361 ms
[INFO   ] DREAMPlace - iteration  148, (  10,  0,  0), Obj 1.699728E+03, NetCrossing 1.930E+01, NetCrossingWeight 1.000000E+01, DensityWeight 1.768220E-02, HPWL 1.316688E+03, Overflow 4.673824E-02, MaxDensity 1.853E+00, MacroOverlap 3.351E-03, MacroOverlapWeight 8.000000E-06, gamma 3.179119E-02, time 2.629ms
[INFO   ] DREAMPlace - full step 13.988 ms
[DEBUG  ] dreamplace.ops.weighted_average_wirelength.weighted_average_wirelength - wirelength forward 0.125 ms
[DEBUG  ] dreamplace.ops.electric_potential.electric_potential - density forward 1.122 ms
[DEBUG  ] dreamplace.ops.electric_potential.electric_potential - density backward 0.458 ms
[DEBUG  ] dreamplace.ops.weighted_average_wirelength.weighted_average_wirelength - wirelength backward 0.157 ms
[DEBUG  ] dreamplace.ops.weighted_average_wirelength.weighted_average_wirelength - wirelength forward 0.128 ms
[DEBUG  ] dreamplace.ops.electric_potential.electric_potential - density forward 1.148 ms
[DEBUG  ] dreamplace.ops.electric_potential.electric_potential - density backward 0.381 ms
[DEBUG  ] dreamplace.ops.weighted_average_wirelength.weighted_average_wirelength - wirelength backward 0.105 ms
[INFO   ] DREAMPlace - optimizer step 16.506 ms
[INFO   ] DREAMPlace - iteration  149, (  10,  0,  1), Obj 1.744082E+03, NetCrossing 1.943E+01, NetCrossingWeight 1.000000E+01, DensityWeight 1.768220E-02, HPWL 1.316549E+03, Overflow 4.718174E-02, MaxDensity 1.722E+00, MacroOverlap 3.584E-03, MacroOverlapWeight 8.000000E-06, gamma 3.179119E-02, time 2.585ms
[INFO   ] DREAMPlace - full step 20.024 ms
[INFO   ] DREAMPlace - Lsub stopping criteria: 1 and 1744.08 > 1699.73 * 0.999
[DEBUG  ] dreamplace.ops.weighted_average_wirelength.weighted_average_wirelength - wirelength forward 0.124 ms
[DEBUG  ] dreamplace.ops.electric_potential.electric_potential - density forward 1.111 ms
[DEBUG  ] dreamplace.ops.electric_potential.electric_potential - density backward 0.475 ms
[DEBUG  ] dreamplace.ops.weighted_average_wirelength.weighted_average_wirelength - wirelength backward 0.175 ms
[INFO   ] DREAMPlace - optimizer step 8.793 ms
[INFO   ] DREAMPlace - iteration  150, (  10,  1,  0), Obj 1.711106E+03, NetCrossing 1.945E+01, NetCrossingWeight 1.000000E+01, DensityWeight 1.991124E-02, HPWL 1.319191E+03, Overflow 4.550787E-02, MaxDensity 1.469E+00, MacroOverlap 2.885E-03, MacroOverlapWeight 8.000000E-06, gamma 3.179119E-02, time 2.595ms
[INFO   ] DREAMPlace - full step 12.368 ms
[DEBUG  ] dreamplace.ops.weighted_average_wirelength.weighted_average_wirelength - wirelength forward 0.120 ms
[DEBUG  ] dreamplace.ops.electric_potential.electric_potential - density forward 1.096 ms
[DEBUG  ] dreamplace.ops.electric_potential.electric_potential - density backward 0.408 ms
[DEBUG  ] dreamplace.ops.weighted_average_wirelength.weighted_average_wirelength - wirelength backward 0.118 ms
[DEBUG  ] dreamplace.ops.weighted_average_wirelength.weighted_average_wirelength - wirelength forward 0.148 ms
[DEBUG  ] dreamplace.ops.electric_potential.electric_potential - density forward 1.139 ms
[DEBUG  ] dreamplace.ops.electric_potential.electric_potential - density backward 0.396 ms
[DEBUG  ] dreamplace.ops.weighted_average_wirelength.weighted_average_wirelength - wirelength backward 0.110 ms
[INFO   ] DREAMPlace - optimizer step 16.323 ms
[INFO   ] DREAMPlace - iteration  151, (  10,  1,  1), Obj 1.745358E+03, NetCrossing 1.950E+01, NetCrossingWeight 1.000000E+01, DensityWeight 1.991124E-02, HPWL 1.320722E+03, Overflow 4.384627E-02, MaxDensity 1.562E+00, MacroOverlap 2.495E-03, MacroOverlapWeight 8.000000E-06, gamma 3.179119E-02, time 2.534ms
[INFO   ] DREAMPlace - full step 19.893 ms
[INFO   ] DREAMPlace - Lsub stopping criteria: 1 and 1745.36 > 1711.11 * 0.999
[INFO   ] DREAMPlace - Llambda stopping criteria: 1 and (( 0.0438463 < 0.1 and 1320.72 > 1316.55 ) or 1.5616 < 1.0)
[DEBUG  ] dreamplace.ops.weighted_average_wirelength.weighted_average_wirelength - wirelength forward 0.127 ms
[DEBUG  ] dreamplace.ops.electric_potential.electric_potential - density forward 1.124 ms
[DEBUG  ] dreamplace.ops.electric_potential.electric_potential - density backward 0.561 ms
[DEBUG  ] dreamplace.ops.weighted_average_wirelength.weighted_average_wirelength - wirelength backward 0.185 ms
[INFO   ] DREAMPlace - optimizer step 10.396 ms
[INFO   ] DREAMPlace - iteration  152, (  11,  0,  0), Obj 1.727078E+03, NetCrossing 1.967E+01, NetCrossingWeight 1.000000E+01, DensityWeight 2.242131E-02, HPWL 1.327255E+03, Overflow 4.142097E-02, MaxDensity 1.235E+00, MacroOverlap 2.195E-03, MacroOverlapWeight 8.000000E-06, gamma 3.098761E-02, time 2.640ms
[INFO   ] DREAMPlace - full step 14.031 ms
[DEBUG  ] dreamplace.ops.weighted_average_wirelength.weighted_average_wirelength - wirelength forward 0.125 ms
[DEBUG  ] dreamplace.ops.electric_potential.electric_potential - density forward 1.126 ms
[DEBUG  ] dreamplace.ops.electric_potential.electric_potential - density backward 0.413 ms
[DEBUG  ] dreamplace.ops.weighted_average_wirelength.weighted_average_wirelength - wirelength backward 0.118 ms
[INFO   ] DREAMPlace - optimizer step 8.542 ms
[INFO   ] DREAMPlace - iteration  153, (  11,  0,  1), Obj 1.759105E+03, NetCrossing 1.955E+01, NetCrossingWeight 1.000000E+01, DensityWeight 2.242131E-02, HPWL 1.325902E+03, Overflow 4.052310E-02, MaxDensity 1.564E+00, MacroOverlap 1.825E-03, MacroOverlapWeight 8.000000E-06, gamma 3.098761E-02, time 2.627ms
[INFO   ] DREAMPlace - full step 12.162 ms
[INFO   ] DREAMPlace - Lsub stopping criteria: 1 and 1759.1 > 1727.08 * 0.999
[DEBUG  ] dreamplace.ops.weighted_average_wirelength.weighted_average_wirelength - wirelength forward 0.124 ms
[DEBUG  ] dreamplace.ops.electric_potential.electric_potential - density forward 1.104 ms
[DEBUG  ] dreamplace.ops.electric_potential.electric_potential - density backward 0.422 ms
[DEBUG  ] dreamplace.ops.weighted_average_wirelength.weighted_average_wirelength - wirelength backward 0.126 ms
[INFO   ] DREAMPlace - optimizer step 8.715 ms
[INFO   ] DREAMPlace - iteration  154, (  11,  1,  0), Obj 1.744143E+03, NetCrossing 1.953E+01, NetCrossingWeight 1.000000E+01, DensityWeight 2.524780E-02, HPWL 1.327094E+03, Overflow 3.900509E-02, MaxDensity 1.509E+00, MacroOverlap 1.653E-03, MacroOverlapWeight 8.000000E-06, gamma 3.098761E-02, time 2.567ms
[INFO   ] DREAMPlace - full step 12.244 ms
[DEBUG  ] dreamplace.ops.weighted_average_wirelength.weighted_average_wirelength - wirelength forward 0.124 ms
[DEBUG  ] dreamplace.ops.electric_potential.electric_potential - density forward 1.105 ms
[DEBUG  ] dreamplace.ops.electric_potential.electric_potential - density backward 0.415 ms
[DEBUG  ] dreamplace.ops.weighted_average_wirelength.weighted_average_wirelength - wirelength backward 0.120 ms
[INFO   ] DREAMPlace - optimizer step 8.564 ms
[INFO   ] DREAMPlace - iteration  155, (  11,  1,  1), Obj 1.775821E+03, NetCrossing 1.948E+01, NetCrossingWeight 1.000000E+01, DensityWeight 2.524780E-02, HPWL 1.331025E+03, Overflow 3.695675E-02, MaxDensity 1.451E+00, MacroOverlap 1.338E-03, MacroOverlapWeight 8.000000E-06, gamma 3.098761E-02, time 2.564ms
[INFO   ] DREAMPlace - full step 12.109 ms
[INFO   ] DREAMPlace - Lsub stopping criteria: 1 and 1775.82 > 1744.14 * 0.999
[INFO   ] DREAMPlace - Llambda stopping criteria: 1 and (( 0.0369568 < 0.1 and 1331.02 > 1325.9 ) or 1.45121 < 1.0)
[DEBUG  ] dreamplace.ops.weighted_average_wirelength.weighted_average_wirelength - wirelength forward 0.123 ms
[DEBUG  ] dreamplace.ops.electric_potential.electric_potential - density forward 1.128 ms
[DEBUG  ] dreamplace.ops.electric_potential.electric_potential - density backward 0.422 ms
[DEBUG  ] dreamplace.ops.weighted_average_wirelength.weighted_average_wirelength - wirelength backward 0.141 ms
[INFO   ] DREAMPlace - optimizer step 8.754 ms
[INFO   ] DREAMPlace - iteration  156, (  12,  0,  0), Obj 1.755705E+03, NetCrossing 2.031E+01, NetCrossingWeight 1.000000E+01, DensityWeight 2.843061E-02, HPWL 1.336901E+03, Overflow 3.531131E-02, MaxDensity 1.305E+00, MacroOverlap 1.175E-03, MacroOverlapWeight 8.000000E-06, gamma 2.991424E-02, time 2.599ms
[INFO   ] DREAMPlace - full step 12.321 ms
[DEBUG  ] dreamplace.ops.weighted_average_wirelength.weighted_average_wirelength - wirelength forward 0.123 ms
[DEBUG  ] dreamplace.ops.electric_potential.electric_potential - density forward 1.142 ms
[DEBUG  ] dreamplace.ops.electric_potential.electric_potential - density backward 0.416 ms
[DEBUG  ] dreamplace.ops.weighted_average_wirelength.weighted_average_wirelength - wirelength backward 0.121 ms
[INFO   ] DREAMPlace - optimizer step 8.617 ms
[INFO   ] DREAMPlace - iteration  157, (  12,  0,  1), Obj 1.780153E+03, NetCrossing 2.018E+01, NetCrossingWeight 1.000000E+01, DensityWeight 2.843061E-02, HPWL 1.340632E+03, Overflow 3.407317E-02, MaxDensity 1.235E+00, MacroOverlap 1.041E-03, MacroOverlapWeight 8.000000E-06, gamma 2.991424E-02, time 2.562ms
[INFO   ] DREAMPlace - full step 12.151 ms
[INFO   ] DREAMPlace - Lsub stopping criteria: 1 and 1780.15 > 1755.7 * 0.999
[DEBUG  ] dreamplace.ops.weighted_average_wirelength.weighted_average_wirelength - wirelength forward 0.125 ms
[DEBUG  ] dreamplace.ops.electric_potential.electric_potential - density forward 1.152 ms
[DEBUG  ] dreamplace.ops.electric_potential.electric_potential - density backward 0.367 ms
[DEBUG  ] dreamplace.ops.weighted_average_wirelength.weighted_average_wirelength - wirelength backward 0.142 ms
[INFO   ] DREAMPlace - optimizer step 8.019 ms
[INFO   ] DREAMPlace - iteration  158, (  12,  1,  0), Obj 1.771665E+03, NetCrossing 1.987E+01, NetCrossingWeight 1.000000E+01, DensityWeight 3.201461E-02, HPWL 1.344242E+03, Overflow 3.343789E-02, MaxDensity 1.487E+00, MacroOverlap 1.001E-03, MacroOverlapWeight 8.000000E-06, gamma 2.991424E-02, time 2.613ms
[INFO   ] DREAMPlace - full step 11.624 ms
[DEBUG  ] dreamplace.ops.weighted_average_wirelength.weighted_average_wirelength - wirelength forward 0.126 ms
[DEBUG  ] dreamplace.ops.electric_potential.electric_potential - density forward 1.153 ms
[DEBUG  ] dreamplace.ops.electric_potential.electric_potential - density backward 0.405 ms
[DEBUG  ] dreamplace.ops.weighted_average_wirelength.weighted_average_wirelength - wirelength backward 0.109 ms
[INFO   ] DREAMPlace - optimizer step 8.612 ms
[INFO   ] DREAMPlace - iteration  159, (  12,  1,  1), Obj 1.808944E+03, NetCrossing 1.990E+01, NetCrossingWeight 1.000000E+01, DensityWeight 3.201461E-02, HPWL 1.345844E+03, Overflow 3.287502E-02, MaxDensity 1.530E+00, MacroOverlap 9.133E-04, MacroOverlapWeight 8.000000E-06, gamma 2.991424E-02, time 2.616ms
[INFO   ] DREAMPlace - full step 12.248 ms
[INFO   ] DREAMPlace - Lsub stopping criteria: 1 and 1808.94 > 1771.67 * 0.999
[INFO   ] DREAMPlace - Llambda stopping criteria: 1 and (( 0.032875 < 0.1 and 1345.84 > 1340.63 ) or 1.53042 < 1.0)
[DEBUG  ] dreamplace.ops.weighted_average_wirelength.weighted_average_wirelength - wirelength forward 0.130 ms
[DEBUG  ] dreamplace.ops.electric_potential.electric_potential - density forward 1.119 ms
[DEBUG  ] dreamplace.ops.electric_potential.electric_potential - density backward 0.521 ms
[DEBUG  ] dreamplace.ops.weighted_average_wirelength.weighted_average_wirelength - wirelength backward 0.172 ms
[INFO   ] DREAMPlace - optimizer step 10.038 ms
[INFO   ] DREAMPlace - iteration  160, (  13,  0,  0), Obj 1.800230E+03, NetCrossing 1.973E+01, NetCrossingWeight 1.000000E+01, DensityWeight 3.605046E-02, HPWL 1.350928E+03, Overflow 3.222433E-02, MaxDensity 1.692E+00, MacroOverlap 8.259E-04, MacroOverlapWeight 8.000000E-06, gamma 2.929594E-02, time 2.638ms
[INFO   ] DREAMPlace - full step 13.652 ms
[DEBUG  ] dreamplace.ops.weighted_average_wirelength.weighted_average_wirelength - wirelength forward 0.126 ms
[DEBUG  ] dreamplace.ops.electric_potential.electric_potential - density forward 1.130 ms
[DEBUG  ] dreamplace.ops.electric_potential.electric_potential - density backward 0.414 ms
[DEBUG  ] dreamplace.ops.weighted_average_wirelength.weighted_average_wirelength - wirelength backward 0.118 ms
[INFO   ] DREAMPlace - optimizer step 8.571 ms
[INFO   ] DREAMPlace - iteration  161, (  13,  0,  1), Obj 1.836848E+03, NetCrossing 1.970E+01, NetCrossingWeight 1.000000E+01, DensityWeight 3.605046E-02, HPWL 1.352915E+03, Overflow 3.162041E-02, MaxDensity 1.588E+00, MacroOverlap 7.669E-04, MacroOverlapWeight 8.000000E-06, gamma 2.929594E-02, time 2.607ms
[INFO   ] DREAMPlace - full step 12.121 ms
[INFO   ] DREAMPlace - Lsub stopping criteria: 1 and 1836.85 > 1800.23 * 0.999
[DEBUG  ] dreamplace.ops.weighted_average_wirelength.weighted_average_wirelength - wirelength forward 0.149 ms
[DEBUG  ] dreamplace.ops.electric_potential.electric_potential - density forward 0.944 ms
[DEBUG  ] dreamplace.ops.electric_potential.electric_potential - density backward 0.418 ms
[DEBUG  ] dreamplace.ops.weighted_average_wirelength.weighted_average_wirelength - wirelength backward 0.120 ms
[INFO   ] DREAMPlace - optimizer step 9.079 ms
[INFO   ] DREAMPlace - iteration  162, (  13,  1,  0), Obj 1.823968E+03, NetCrossing 1.963E+01, NetCrossingWeight 1.000000E+01, DensityWeight 4.059505E-02, HPWL 1.355472E+03, Overflow 3.092775E-02, MaxDensity 1.266E+00, MacroOverlap 6.884E-04, MacroOverlapWeight 8.000000E-06, gamma 2.929594E-02, time 2.743ms
[INFO   ] DREAMPlace - full step 12.871 ms
[DEBUG  ] dreamplace.ops.weighted_average_wirelength.weighted_average_wirelength - wirelength forward 0.152 ms
[DEBUG  ] dreamplace.ops.electric_potential.electric_potential - density forward 1.227 ms
[DEBUG  ] dreamplace.ops.electric_potential.electric_potential - density backward 0.359 ms
[DEBUG  ] dreamplace.ops.weighted_average_wirelength.weighted_average_wirelength - wirelength backward 0.088 ms
[INFO   ] DREAMPlace - optimizer step 7.749 ms
[INFO   ] DREAMPlace - iteration  163, (  13,  1,  1), Obj 1.860811E+03, NetCrossing 1.958E+01, NetCrossingWeight 1.000000E+01, DensityWeight 4.059505E-02, HPWL 1.356279E+03, Overflow 3.047048E-02, MaxDensity 1.358E+00, MacroOverlap 6.762E-04, MacroOverlapWeight 8.000000E-06, gamma 2.929594E-02, time 2.554ms
[INFO   ] DREAMPlace - full step 11.226 ms
[INFO   ] DREAMPlace - Lsub stopping criteria: 1 and 1860.81 > 1823.97 * 0.999
[INFO   ] DREAMPlace - Llambda stopping criteria: 1 and (( 0.0304705 < 0.1 and 1356.28 > 1352.92 ) or 1.35823 < 1.0)
[DEBUG  ] dreamplace.ops.weighted_average_wirelength.weighted_average_wirelength - wirelength forward 0.111 ms
[DEBUG  ] dreamplace.ops.electric_potential.electric_potential - density forward 1.112 ms
[DEBUG  ] dreamplace.ops.electric_potential.electric_potential - density backward 0.416 ms
[DEBUG  ] dreamplace.ops.weighted_average_wirelength.weighted_average_wirelength - wirelength backward 0.114 ms
[INFO   ] DREAMPlace - optimizer step 8.880 ms
[INFO   ] DREAMPlace - iteration  164, (  14,  0,  0), Obj 1.855306E+03, NetCrossing 1.884E+01, NetCrossingWeight 1.000000E+01, DensityWeight 4.571259E-02, HPWL 1.359695E+03, Overflow 3.005618E-02, MaxDensity 1.544E+00, MacroOverlap 6.196E-04, MacroOverlapWeight 8.000000E-06, gamma 2.893770E-02, time 2.389ms
[INFO   ] DREAMPlace - full step 12.276 ms
[DEBUG  ] dreamplace.ops.weighted_average_wirelength.weighted_average_wirelength - wirelength forward 0.155 ms
[DEBUG  ] dreamplace.ops.electric_potential.electric_potential - density forward 1.326 ms
[DEBUG  ] dreamplace.ops.electric_potential.electric_potential - density backward 0.425 ms
[DEBUG  ] dreamplace.ops.weighted_average_wirelength.weighted_average_wirelength - wirelength backward 0.117 ms
[INFO   ] DREAMPlace - optimizer step 9.534 ms
[INFO   ] DREAMPlace - iteration  165, (  14,  0,  1), Obj 1.907095E+03, NetCrossing 1.866E+01, NetCrossingWeight 1.000000E+01, DensityWeight 4.571259E-02, HPWL 1.359099E+03, Overflow 2.970105E-02, MaxDensity 1.470E+00, MacroOverlap 6.068E-04, MacroOverlapWeight 8.000000E-06, gamma 2.893770E-02, time 3.093ms
[INFO   ] DREAMPlace - full step 13.739 ms
[INFO   ] DREAMPlace - Lsub stopping criteria: 1 and 1907.1 > 1855.31 * 0.999
[DEBUG  ] dreamplace.ops.weighted_average_wirelength.weighted_average_wirelength - wirelength forward 0.117 ms
[DEBUG  ] dreamplace.ops.electric_potential.electric_potential - density forward 1.011 ms
[DEBUG  ] dreamplace.ops.electric_potential.electric_potential - density backward 0.414 ms
[DEBUG  ] dreamplace.ops.weighted_average_wirelength.weighted_average_wirelength - wirelength backward 0.114 ms
[INFO   ] DREAMPlace - optimizer step 8.018 ms
[INFO   ] DREAMPlace - iteration  166, (  14,  1,  0), Obj 1.892291E+03, NetCrossing 1.848E+01, NetCrossingWeight 1.000000E+01, DensityWeight 5.147527E-02, HPWL 1.362030E+03, Overflow 2.855004E-02, MaxDensity 1.280E+00, MacroOverlap 5.354E-04, MacroOverlapWeight 8.000000E-06, gamma 2.893770E-02, time 2.211ms
[INFO   ] DREAMPlace - full step 11.080 ms
[DEBUG  ] dreamplace.ops.weighted_average_wirelength.weighted_average_wirelength - wirelength forward 0.148 ms
[DEBUG  ] dreamplace.ops.electric_potential.electric_potential - density forward 1.154 ms
[DEBUG  ] dreamplace.ops.electric_potential.electric_potential - density backward 0.422 ms
[DEBUG  ] dreamplace.ops.weighted_average_wirelength.weighted_average_wirelength - wirelength backward 0.124 ms
[INFO   ] DREAMPlace - optimizer step 8.744 ms
[INFO   ] DREAMPlace - iteration  167, (  14,  1,  1), Obj 1.939929E+03, NetCrossing 1.876E+01, NetCrossingWeight 1.000000E+01, DensityWeight 5.147527E-02, HPWL 1.363125E+03, Overflow 2.817926E-02, MaxDensity 1.235E+00, MacroOverlap 5.218E-04, MacroOverlapWeight 8.000000E-06, gamma 2.893770E-02, time 2.622ms
[INFO   ] DREAMPlace - full step 12.400 ms
[INFO   ] DREAMPlace - Lsub stopping criteria: 1 and 1939.93 > 1892.29 * 0.999
[INFO   ] DREAMPlace - Llambda stopping criteria: 1 and (( 0.0281793 < 0.1 and 1363.13 > 1359.1 ) or 1.23501 < 1.0)
[DEBUG  ] dreamplace.ops.weighted_average_wirelength.weighted_average_wirelength - wirelength forward 0.117 ms
[DEBUG  ] dreamplace.ops.electric_potential.electric_potential - density forward 1.050 ms
[DEBUG  ] dreamplace.ops.electric_potential.electric_potential - density backward 0.437 ms
[DEBUG  ] dreamplace.ops.weighted_average_wirelength.weighted_average_wirelength - wirelength backward 0.139 ms
[INFO   ] DREAMPlace - optimizer step 8.714 ms
[INFO   ] DREAMPlace - iteration  168, (  15,  0,  0), Obj 1.927412E+03, NetCrossing 1.882E+01, NetCrossingWeight 1.000000E+01, DensityWeight 5.796440E-02, HPWL 1.365278E+03, Overflow 2.697868E-02, MaxDensity 1.265E+00, MacroOverlap 4.523E-04, MacroOverlapWeight 8.000000E-06, gamma 2.860042E-02, time 2.464ms
[INFO   ] DREAMPlace - full step 12.222 ms
[DEBUG  ] dreamplace.ops.weighted_average_wirelength.weighted_average_wirelength - wirelength forward 0.096 ms
[DEBUG  ] dreamplace.ops.electric_potential.electric_potential - density forward 0.894 ms
[DEBUG  ] dreamplace.ops.electric_potential.electric_potential - density backward 0.428 ms
[DEBUG  ] dreamplace.ops.weighted_average_wirelength.weighted_average_wirelength - wirelength backward 0.121 ms
[INFO   ] DREAMPlace - optimizer step 7.804 ms
[INFO   ] DREAMPlace - iteration  169, (  15,  0,  1), Obj 1.984544E+03, NetCrossing 1.885E+01, NetCrossingWeight 1.000000E+01, DensityWeight 5.796440E-02, HPWL 1.367505E+03, Overflow 2.615878E-02, MaxDensity 1.322E+00, MacroOverlap 4.126E-04, MacroOverlapWeight 8.000000E-06, gamma 2.860042E-02, time 2.522ms
[INFO   ] DREAMPlace - full step 11.297 ms
[INFO   ] DREAMPlace - Lsub stopping criteria: 1 and 1984.54 > 1927.41 * 0.999
[DEBUG  ] dreamplace.ops.weighted_average_wirelength.weighted_average_wirelength - wirelength forward 0.095 ms
[DEBUG  ] dreamplace.ops.electric_potential.electric_potential - density forward 0.877 ms
[DEBUG  ] dreamplace.ops.electric_potential.electric_potential - density backward 0.355 ms
[DEBUG  ] dreamplace.ops.weighted_average_wirelength.weighted_average_wirelength - wirelength backward 0.092 ms
[INFO   ] DREAMPlace - optimizer step 6.512 ms
[INFO   ] DREAMPlace - iteration  170, (  15,  1,  0), Obj 1.974673E+03, NetCrossing 1.871E+01, NetCrossingWeight 1.000000E+01, DensityWeight 6.527156E-02, HPWL 1.369572E+03, Overflow 2.559611E-02, MaxDensity 1.338E+00, MacroOverlap 3.913E-04, MacroOverlapWeight 8.000000E-06, gamma 2.860042E-02, time 2.097ms
[INFO   ] DREAMPlace - full step 9.406 ms
[DEBUG  ] dreamplace.ops.weighted_average_wirelength.weighted_average_wirelength - wirelength forward 0.144 ms
[DEBUG  ] dreamplace.ops.electric_potential.electric_potential - density forward 0.896 ms
[DEBUG  ] dreamplace.ops.electric_potential.electric_potential - density backward 0.388 ms
[DEBUG  ] dreamplace.ops.weighted_average_wirelength.weighted_average_wirelength - wirelength backward 0.093 ms
[INFO   ] DREAMPlace - optimizer step 7.034 ms
[INFO   ] DREAMPlace - iteration  171, (  15,  1,  1), Obj 2.036738E+03, NetCrossing 1.802E+01, NetCrossingWeight 1.000000E+01, DensityWeight 6.527156E-02, HPWL 1.368860E+03, Overflow 2.519063E-02, MaxDensity 1.292E+00, MacroOverlap 3.741E-04, MacroOverlapWeight 8.000000E-06, gamma 2.860042E-02, time 2.915ms
[INFO   ] DREAMPlace - full step 10.767 ms
[INFO   ] DREAMPlace - Lsub stopping criteria: 1 and 2036.74 > 1974.67 * 0.999
[INFO   ] DREAMPlace - Llambda stopping criteria: 1 and (( 0.0251906 < 0.1 and 1368.86 > 1367.5 ) or 1.29224 < 1.0)
[DEBUG  ] dreamplace.ops.weighted_average_wirelength.weighted_average_wirelength - wirelength forward 0.104 ms
[DEBUG  ] dreamplace.ops.electric_potential.electric_potential - density forward 1.172 ms
[DEBUG  ] dreamplace.ops.electric_potential.electric_potential - density backward 0.423 ms
[DEBUG  ] dreamplace.ops.weighted_average_wirelength.weighted_average_wirelength - wirelength backward 0.118 ms
[INFO   ] DREAMPlace - optimizer step 8.830 ms
[INFO   ] DREAMPlace - iteration  172, (  16,  0,  0), Obj 2.026357E+03, NetCrossing 1.843E+01, NetCrossingWeight 1.000000E+01, DensityWeight 7.349993E-02, HPWL 1.371671E+03, Overflow 2.444740E-02, MaxDensity 1.318E+00, MacroOverlap 3.465E-04, MacroOverlapWeight 8.000000E-06, gamma 2.816638E-02, time 2.136ms
[INFO   ] DREAMPlace - full step 11.761 ms
[DEBUG  ] dreamplace.ops.weighted_average_wirelength.weighted_average_wirelength - wirelength forward 0.142 ms
[DEBUG  ] dreamplace.ops.electric_potential.electric_potential - density forward 1.234 ms
[DEBUG  ] dreamplace.ops.electric_potential.electric_potential - density backward 0.417 ms
[DEBUG  ] dreamplace.ops.weighted_average_wirelength.weighted_average_wirelength - wirelength backward 0.113 ms
[INFO   ] DREAMPlace - optimizer step 8.537 ms
[INFO   ] DREAMPlace - iteration  173, (  16,  0,  1), Obj 2.086397E+03, NetCrossing 1.900E+01, NetCrossingWeight 1.000000E+01, DensityWeight 7.349993E-02, HPWL 1.371936E+03, Overflow 2.390050E-02, MaxDensity 1.245E+00, MacroOverlap 3.213E-04, MacroOverlapWeight 8.000000E-06, gamma 2.816638E-02, time 2.380ms
[INFO   ] DREAMPlace - full step 11.950 ms
[INFO   ] DREAMPlace - Lsub stopping criteria: 1 and 2086.4 > 2026.36 * 0.999
[DEBUG  ] dreamplace.ops.weighted_average_wirelength.weighted_average_wirelength - wirelength forward 0.099 ms
[DEBUG  ] dreamplace.ops.electric_potential.electric_potential - density forward 0.923 ms
[DEBUG  ] dreamplace.ops.electric_potential.electric_potential - density backward 0.426 ms
[DEBUG  ] dreamplace.ops.weighted_average_wirelength.weighted_average_wirelength - wirelength backward 0.124 ms
[INFO   ] DREAMPlace - optimizer step 8.477 ms
[INFO   ] DREAMPlace - iteration  174, (  16,  1,  0), Obj 2.076468E+03, NetCrossing 1.896E+01, NetCrossingWeight 1.000000E+01, DensityWeight 8.276556E-02, HPWL 1.374465E+03, Overflow 2.313513E-02, MaxDensity 1.250E+00, MacroOverlap 2.877E-04, MacroOverlapWeight 8.000000E-06, gamma 2.816638E-02, time 2.074ms
[INFO   ] DREAMPlace - full step 11.376 ms
[DEBUG  ] dreamplace.ops.weighted_average_wirelength.weighted_average_wirelength - wirelength forward 0.150 ms
[DEBUG  ] dreamplace.ops.electric_potential.electric_potential - density forward 1.108 ms
[DEBUG  ] dreamplace.ops.electric_potential.electric_potential - density backward 0.419 ms
[DEBUG  ] dreamplace.ops.weighted_average_wirelength.weighted_average_wirelength - wirelength backward 0.121 ms
[INFO   ] DREAMPlace - optimizer step 8.672 ms
[INFO   ] DREAMPlace - iteration  175, (  16,  1,  1), Obj 2.148526E+03, NetCrossing 1.901E+01, NetCrossingWeight 1.000000E+01, DensityWeight 8.276556E-02, HPWL 1.375762E+03, Overflow 2.259468E-02, MaxDensity 1.238E+00, MacroOverlap 2.649E-04, MacroOverlapWeight 8.000000E-06, gamma 2.816638E-02, time 2.829ms
[INFO   ] DREAMPlace - full step 12.420 ms
[INFO   ] DREAMPlace - Lsub stopping criteria: 1 and 2148.53 > 2076.47 * 0.999
[INFO   ] DREAMPlace - Llambda stopping criteria: 1 and (( 0.0225947 < 0.1 and 1375.76 > 1371.94 ) or 1.23832 < 1.0)
[DEBUG  ] dreamplace.ops.weighted_average_wirelength.weighted_average_wirelength - wirelength forward 0.097 ms
[DEBUG  ] dreamplace.ops.electric_potential.electric_potential - density forward 1.108 ms
[DEBUG  ] dreamplace.ops.electric_potential.electric_potential - density backward 0.442 ms
[DEBUG  ] dreamplace.ops.weighted_average_wirelength.weighted_average_wirelength - wirelength backward 0.139 ms
[INFO   ] DREAMPlace - optimizer step 8.220 ms
[INFO   ] DREAMPlace - iteration  176, (  17,  0,  0), Obj 2.135284E+03, NetCrossing 1.912E+01, NetCrossingWeight 1.000000E+01, DensityWeight 9.319923E-02, HPWL 1.378856E+03, Overflow 2.188211E-02, MaxDensity 1.241E+00, MacroOverlap 2.383E-04, MacroOverlapWeight 8.000000E-06, gamma 2.779471E-02, time 2.485ms
[INFO   ] DREAMPlace - full step 11.608 ms
[DEBUG  ] dreamplace.ops.weighted_average_wirelength.weighted_average_wirelength - wirelength forward 0.130 ms
[DEBUG  ] dreamplace.ops.electric_potential.electric_potential - density forward 1.150 ms
[DEBUG  ] dreamplace.ops.electric_potential.electric_potential - density backward 0.372 ms
[DEBUG  ] dreamplace.ops.weighted_average_wirelength.weighted_average_wirelength - wirelength backward 0.140 ms
[INFO   ] DREAMPlace - optimizer step 9.028 ms
[INFO   ] DREAMPlace - iteration  177, (  17,  0,  1), Obj 2.200827E+03, NetCrossing 1.911E+01, NetCrossingWeight 1.000000E+01, DensityWeight 9.319923E-02, HPWL 1.379804E+03, Overflow 2.160194E-02, MaxDensity 1.235E+00, MacroOverlap 2.220E-04, MacroOverlapWeight 8.000000E-06, gamma 2.779471E-02, time 2.634ms
[INFO   ] DREAMPlace - full step 12.700 ms
[INFO   ] DREAMPlace - Lsub stopping criteria: 1 and 2200.83 > 2135.28 * 0.999
[DEBUG  ] dreamplace.ops.weighted_average_wirelength.weighted_average_wirelength - wirelength forward 0.143 ms
[DEBUG  ] dreamplace.ops.electric_potential.electric_potential - density forward 1.324 ms
[DEBUG  ] dreamplace.ops.electric_potential.electric_potential - density backward 0.440 ms
[DEBUG  ] dreamplace.ops.weighted_average_wirelength.weighted_average_wirelength - wirelength backward 0.122 ms
[INFO   ] DREAMPlace - optimizer step 9.920 ms
[INFO   ] DREAMPlace - iteration  178, (  17,  1,  0), Obj 2.190140E+03, NetCrossing 1.903E+01, NetCrossingWeight 1.000000E+01, DensityWeight 1.049482E-01, HPWL 1.382760E+03, Overflow 2.093817E-02, MaxDensity 1.235E+00, MacroOverlap 1.991E-04, MacroOverlapWeight 8.000000E-06, gamma 2.779471E-02, time 3.231ms
[INFO   ] DREAMPlace - full step 14.302 ms
[DEBUG  ] dreamplace.ops.weighted_average_wirelength.weighted_average_wirelength - wirelength forward 0.154 ms
[DEBUG  ] dreamplace.ops.electric_potential.electric_potential - density forward 1.013 ms
[DEBUG  ] dreamplace.ops.electric_potential.electric_potential - density backward 0.415 ms
[DEBUG  ] dreamplace.ops.weighted_average_wirelength.weighted_average_wirelength - wirelength backward 0.114 ms
[INFO   ] DREAMPlace - optimizer step 8.375 ms
[INFO   ] DREAMPlace - iteration  179, (  17,  1,  1), Obj 2.263149E+03, NetCrossing 1.900E+01, NetCrossingWeight 1.000000E+01, DensityWeight 1.049482E-01, HPWL 1.383756E+03, Overflow 2.070996E-02, MaxDensity 1.235E+00, MacroOverlap 1.877E-04, MacroOverlapWeight 8.000000E-06, gamma 2.779471E-02, time 3.111ms
[INFO   ] DREAMPlace - full step 12.570 ms
[INFO   ] DREAMPlace - Lsub stopping criteria: 1 and 2263.15 > 2190.14 * 0.999
[INFO   ] DREAMPlace - Llambda stopping criteria: 1 and (( 0.02071 < 0.1 and 1383.76 > 1379.8 ) or 1.23501 < 1.0)
[DEBUG  ] dreamplace.ops.weighted_average_wirelength.weighted_average_wirelength - wirelength forward 0.158 ms
[DEBUG  ] dreamplace.ops.electric_potential.electric_potential - density forward 1.344 ms
[DEBUG  ] dreamplace.ops.electric_potential.electric_potential - density backward 0.414 ms
[DEBUG  ] dreamplace.ops.weighted_average_wirelength.weighted_average_wirelength - wirelength backward 0.115 ms
[INFO   ] DREAMPlace - optimizer step 9.324 ms
[INFO   ] DREAMPlace - iteration  180, (  18,  0,  0), Obj 2.251915E+03, NetCrossing 1.908E+01, NetCrossingWeight 1.000000E+01, DensityWeight 1.181783E-01, HPWL 1.386207E+03, Overflow 2.010042E-02, MaxDensity 1.235E+00, MacroOverlap 1.712E-04, MacroOverlapWeight 8.000000E-06, gamma 2.752796E-02, time 2.982ms
[INFO   ] DREAMPlace - full step 13.240 ms
[DEBUG  ] dreamplace.ops.weighted_average_wirelength.weighted_average_wirelength - wirelength forward 0.095 ms
[DEBUG  ] dreamplace.ops.electric_potential.electric_potential - density forward 1.040 ms
[DEBUG  ] dreamplace.ops.electric_potential.electric_potential - density backward 0.421 ms
[DEBUG  ] dreamplace.ops.weighted_average_wirelength.weighted_average_wirelength - wirelength backward 0.116 ms
[INFO   ] DREAMPlace - optimizer step 7.759 ms
[INFO   ] DREAMPlace - iteration  181, (  18,  0,  1), Obj 2.332876E+03, NetCrossing 1.911E+01, NetCrossingWeight 1.000000E+01, DensityWeight 1.181783E-01, HPWL 1.387931E+03, Overflow 1.983938E-02, MaxDensity 1.235E+00, MacroOverlap 1.630E-04, MacroOverlapWeight 8.000000E-06, gamma 2.752796E-02, time 2.101ms
[INFO   ] DREAMPlace - full step 10.738 ms
[INFO   ] DREAMPlace - Lsub stopping criteria: 1 and 2332.88 > 2251.92 * 0.999
[DEBUG  ] dreamplace.ops.weighted_average_wirelength.weighted_average_wirelength - wirelength forward 0.135 ms
[DEBUG  ] dreamplace.ops.electric_potential.electric_potential - density forward 1.238 ms
[DEBUG  ] dreamplace.ops.electric_potential.electric_potential - density backward 0.417 ms
[DEBUG  ] dreamplace.ops.weighted_average_wirelength.weighted_average_wirelength - wirelength backward 0.115 ms
[INFO   ] DREAMPlace - optimizer step 8.991 ms
[INFO   ] DREAMPlace - iteration  182, (  18,  1,  0), Obj 2.323977E+03, NetCrossing 1.910E+01, NetCrossingWeight 1.000000E+01, DensityWeight 1.330762E-01, HPWL 1.390541E+03, Overflow 1.922590E-02, MaxDensity 1.235E+00, MacroOverlap 1.508E-04, MacroOverlapWeight 8.000000E-06, gamma 2.752796E-02, time 2.738ms
[INFO   ] DREAMPlace - full step 12.783 ms
[DEBUG  ] dreamplace.ops.weighted_average_wirelength.weighted_average_wirelength - wirelength forward 0.100 ms
[DEBUG  ] dreamplace.ops.electric_potential.electric_potential - density forward 1.292 ms
[DEBUG  ] dreamplace.ops.electric_potential.electric_potential - density backward 0.428 ms
[DEBUG  ] dreamplace.ops.weighted_average_wirelength.weighted_average_wirelength - wirelength backward 0.118 ms
[INFO   ] DREAMPlace - optimizer step 8.700 ms
[INFO   ] DREAMPlace - iteration  183, (  18,  1,  1), Obj 2.409185E+03, NetCrossing 1.895E+01, NetCrossingWeight 1.000000E+01, DensityWeight 1.330762E-01, HPWL 1.392296E+03, Overflow 1.900617E-02, MaxDensity 1.235E+00, MacroOverlap 1.440E-04, MacroOverlapWeight 8.000000E-06, gamma 2.752796E-02, time 2.871ms
[INFO   ] DREAMPlace - full step 12.600 ms
[INFO   ] DREAMPlace - Lsub stopping criteria: 1 and 2409.18 > 2323.98 * 0.999
[INFO   ] DREAMPlace - Llambda stopping criteria: 1 and (( 0.0190062 < 0.1 and 1392.3 > 1387.93 ) or 1.23501 < 1.0)
[DEBUG  ] dreamplace.ops.weighted_average_wirelength.weighted_average_wirelength - wirelength forward 0.143 ms
[DEBUG  ] dreamplace.ops.electric_potential.electric_potential - density forward 1.008 ms
[DEBUG  ] dreamplace.ops.electric_potential.electric_potential - density backward 0.402 ms
[DEBUG  ] dreamplace.ops.weighted_average_wirelength.weighted_average_wirelength - wirelength backward 0.108 ms
[INFO   ] DREAMPlace - optimizer step 8.519 ms
[INFO   ] DREAMPlace - iteration  184, (  19,  0,  0), Obj 2.400297E+03, NetCrossing 1.922E+01, NetCrossingWeight 1.000000E+01, DensityWeight 1.498522E-01, HPWL 1.395643E+03, Overflow 1.859838E-02, MaxDensity 1.235E+00, MacroOverlap 1.361E-04, MacroOverlapWeight 8.000000E-06, gamma 2.728901E-02, time 2.483ms
[INFO   ] DREAMPlace - full step 11.964 ms
[DEBUG  ] dreamplace.ops.weighted_average_wirelength.weighted_average_wirelength - wirelength forward 0.144 ms
[DEBUG  ] dreamplace.ops.electric_potential.electric_potential - density forward 1.196 ms
[DEBUG  ] dreamplace.ops.electric_potential.electric_potential - density backward 0.405 ms
[DEBUG  ] dreamplace.ops.weighted_average_wirelength.weighted_average_wirelength - wirelength backward 0.115 ms
[INFO   ] DREAMPlace - optimizer step 8.699 ms
[INFO   ] DREAMPlace - iteration  185, (  19,  0,  1), Obj 2.493539E+03, NetCrossing 1.919E+01, NetCrossingWeight 1.000000E+01, DensityWeight 1.498522E-01, HPWL 1.398244E+03, Overflow 1.830770E-02, MaxDensity 1.235E+00, MacroOverlap 1.306E-04, MacroOverlapWeight 8.000000E-06, gamma 2.728901E-02, time 2.754ms
[INFO   ] DREAMPlace - full step 12.335 ms
[INFO   ] DREAMPlace - Lsub stopping criteria: 1 and 2493.54 > 2400.3 * 0.999
[DEBUG  ] dreamplace.ops.weighted_average_wirelength.weighted_average_wirelength - wirelength forward 0.142 ms
[DEBUG  ] dreamplace.ops.electric_potential.electric_potential - density forward 1.068 ms
[DEBUG  ] dreamplace.ops.electric_potential.electric_potential - density backward 0.411 ms
[DEBUG  ] dreamplace.ops.weighted_average_wirelength.weighted_average_wirelength - wirelength backward 0.116 ms
[INFO   ] DREAMPlace - optimizer step 8.703 ms
[INFO   ] DREAMPlace - iteration  186, (  19,  1,  0), Obj 2.483037E+03, NetCrossing 1.939E+01, NetCrossingWeight 1.000000E+01, DensityWeight 1.687429E-01, HPWL 1.401687E+03, Overflow 1.806512E-02, MaxDensity 1.235E+00, MacroOverlap 1.241E-04, MacroOverlapWeight 8.000000E-06, gamma 2.728901E-02, time 2.555ms
[INFO   ] DREAMPlace - full step 12.161 ms
[DEBUG  ] dreamplace.ops.weighted_average_wirelength.weighted_average_wirelength - wirelength forward 0.139 ms
[DEBUG  ] dreamplace.ops.electric_potential.electric_potential - density forward 1.273 ms
[DEBUG  ] dreamplace.ops.electric_potential.electric_potential - density backward 0.406 ms
[DEBUG  ] dreamplace.ops.weighted_average_wirelength.weighted_average_wirelength - wirelength backward 0.113 ms
[INFO   ] DREAMPlace - optimizer step 8.509 ms
[INFO   ] DREAMPlace - iteration  187, (  19,  1,  1), Obj 2.583602E+03, NetCrossing 1.934E+01, NetCrossingWeight 1.000000E+01, DensityWeight 1.687429E-01, HPWL 1.404274E+03, Overflow 1.809171E-02, MaxDensity 1.235E+00, MacroOverlap 1.192E-04, MacroOverlapWeight 8.000000E-06, gamma 2.728901E-02, time 2.718ms
[INFO   ] DREAMPlace - full step 12.134 ms
[INFO   ] DREAMPlace - Lsub stopping criteria: 1 and 2583.6 > 2483.04 * 0.999
[INFO   ] DREAMPlace - Llambda stopping criteria: 1 and (( 0.0180917 < 0.1 and 1404.27 > 1398.24 ) or 1.23501 < 1.0)
[DEBUG  ] dreamplace.ops.weighted_average_wirelength.weighted_average_wirelength - wirelength forward 0.142 ms
[DEBUG  ] dreamplace.ops.electric_potential.electric_potential - density forward 1.282 ms
[DEBUG  ] dreamplace.ops.electric_potential.electric_potential - density backward 0.400 ms
[DEBUG  ] dreamplace.ops.weighted_average_wirelength.weighted_average_wirelength - wirelength backward 0.105 ms
[INFO   ] DREAMPlace - optimizer step 8.293 ms
[INFO   ] DREAMPlace - iteration  188, (  20,  0,  0), Obj 2.573804E+03, NetCrossing 1.938E+01, NetCrossingWeight 1.000000E+01, DensityWeight 1.900150E-01, HPWL 1.407345E+03, Overflow 1.788494E-02, MaxDensity 1.235E+00, MacroOverlap 1.130E-04, MacroOverlapWeight 8.000000E-06, gamma 2.716162E-02, time 2.431ms
[INFO   ] DREAMPlace - full step 11.773 ms
[DEBUG  ] dreamplace.ops.weighted_average_wirelength.weighted_average_wirelength - wirelength forward 0.129 ms
[DEBUG  ] dreamplace.ops.electric_potential.electric_potential - density forward 1.155 ms
[DEBUG  ] dreamplace.ops.electric_potential.electric_potential - density backward 0.427 ms
[DEBUG  ] dreamplace.ops.weighted_average_wirelength.weighted_average_wirelength - wirelength backward 0.124 ms
[INFO   ] DREAMPlace - optimizer step 8.838 ms
[INFO   ] DREAMPlace - iteration  189, (  20,  0,  1), Obj 2.686408E+03, NetCrossing 1.955E+01, NetCrossingWeight 1.000000E+01, DensityWeight 1.900150E-01, HPWL 1.409875E+03, Overflow 1.778362E-02, MaxDensity 1.235E+00, MacroOverlap 1.084E-04, MacroOverlapWeight 8.000000E-06, gamma 2.716162E-02, time 2.523ms
[INFO   ] DREAMPlace - full step 12.293 ms
[INFO   ] DREAMPlace - Lsub stopping criteria: 1 and 2686.41 > 2573.8 * 0.999
[DEBUG  ] dreamplace.ops.weighted_average_wirelength.weighted_average_wirelength - wirelength forward 0.129 ms
[DEBUG  ] dreamplace.ops.electric_potential.electric_potential - density forward 1.131 ms
[DEBUG  ] dreamplace.ops.electric_potential.electric_potential - density backward 0.446 ms
[DEBUG  ] dreamplace.ops.weighted_average_wirelength.weighted_average_wirelength - wirelength backward 0.140 ms
[INFO   ] DREAMPlace - optimizer step 9.336 ms
[INFO   ] DREAMPlace - iteration  190, (  20,  1,  0), Obj 2.675469E+03, NetCrossing 1.946E+01, NetCrossingWeight 1.000000E+01, DensityWeight 2.139688E-01, HPWL 1.412695E+03, Overflow 1.754171E-02, MaxDensity 1.235E+00, MacroOverlap 1.041E-04, MacroOverlapWeight 8.000000E-06, gamma 2.716162E-02, time 2.575ms
[INFO   ] DREAMPlace - full step 12.947 ms
[DEBUG  ] dreamplace.ops.weighted_average_wirelength.weighted_average_wirelength - wirelength forward 0.132 ms
[DEBUG  ] dreamplace.ops.electric_potential.electric_potential - density forward 1.159 ms
[DEBUG  ] dreamplace.ops.electric_potential.electric_potential - density backward 0.415 ms
[DEBUG  ] dreamplace.ops.weighted_average_wirelength.weighted_average_wirelength - wirelength backward 0.116 ms
[INFO   ] DREAMPlace - optimizer step 8.793 ms
[INFO   ] DREAMPlace - iteration  191, (  20,  1,  1), Obj 2.794960E+03, NetCrossing 1.947E+01, NetCrossingWeight 1.000000E+01, DensityWeight 2.139688E-01, HPWL 1.415294E+03, Overflow 1.725152E-02, MaxDensity 1.235E+00, MacroOverlap 1.009E-04, MacroOverlapWeight 8.000000E-06, gamma 2.716162E-02, time 2.670ms
[INFO   ] DREAMPlace - full step 12.494 ms
[INFO   ] DREAMPlace - Lsub stopping criteria: 1 and 2794.96 > 2675.47 * 0.999
[INFO   ] DREAMPlace - Llambda stopping criteria: 1 and (( 0.0172515 < 0.1 and 1415.29 > 1409.87 ) or 1.23501 < 1.0)
[DEBUG  ] dreamplace.ops.weighted_average_wirelength.weighted_average_wirelength - wirelength forward 0.132 ms
[DEBUG  ] dreamplace.ops.electric_potential.electric_potential - density forward 1.177 ms
[DEBUG  ] dreamplace.ops.electric_potential.electric_potential - density backward 0.365 ms
[DEBUG  ] dreamplace.ops.weighted_average_wirelength.weighted_average_wirelength - wirelength backward 0.090 ms
[INFO   ] DREAMPlace - optimizer step 7.957 ms
[INFO   ] DREAMPlace - iteration  192, (  21,  0,  0), Obj 2.788312E+03, NetCrossing 1.947E+01, NetCrossingWeight 1.000000E+01, DensityWeight 2.409423E-01, HPWL 1.418108E+03, Overflow 1.697603E-02, MaxDensity 1.235E+00, MacroOverlap 9.915E-05, MacroOverlapWeight 8.000000E-06, gamma 2.704509E-02, time 2.728ms
[INFO   ] DREAMPlace - full step 11.691 ms
[DEBUG  ] dreamplace.ops.weighted_average_wirelength.weighted_average_wirelength - wirelength forward 0.129 ms
[DEBUG  ] dreamplace.ops.electric_potential.electric_potential - density forward 1.152 ms
[DEBUG  ] dreamplace.ops.electric_potential.electric_potential - density backward 0.452 ms
[DEBUG  ] dreamplace.ops.weighted_average_wirelength.weighted_average_wirelength - wirelength backward 0.144 ms
[INFO   ] DREAMPlace - optimizer step 9.515 ms
[INFO   ] DREAMPlace - iteration  193, (  21,  0,  1), Obj 2.925980E+03, NetCrossing 1.976E+01, NetCrossingWeight 1.000000E+01, DensityWeight 2.409423E-01, HPWL 1.420498E+03, Overflow 1.682962E-02, MaxDensity 1.235E+00, MacroOverlap 9.840E-05, MacroOverlapWeight 8.000000E-06, gamma 2.704509E-02, time 2.620ms
[INFO   ] DREAMPlace - full step 13.212 ms
[INFO   ] DREAMPlace - Lsub stopping criteria: 1 and 2925.98 > 2788.31 * 0.999
[DEBUG  ] dreamplace.ops.weighted_average_wirelength.weighted_average_wirelength - wirelength forward 0.159 ms
[DEBUG  ] dreamplace.ops.electric_potential.electric_potential - density forward 1.313 ms
[DEBUG  ] dreamplace.ops.electric_potential.electric_potential - density backward 0.442 ms
[DEBUG  ] dreamplace.ops.weighted_average_wirelength.weighted_average_wirelength - wirelength backward 0.129 ms
[INFO   ] DREAMPlace - optimizer step 9.988 ms
[INFO   ] DREAMPlace - iteration  194, (  21,  1,  0), Obj 2.914268E+03, NetCrossing 1.976E+01, NetCrossingWeight 1.000000E+01, DensityWeight 2.713161E-01, HPWL 1.423214E+03, Overflow 1.662483E-02, MaxDensity 1.235E+00, MacroOverlap 9.885E-05, MacroOverlapWeight 8.000000E-06, gamma 2.704509E-02, time 3.137ms
[INFO   ] DREAMPlace - full step 14.296 ms
[DEBUG  ] dreamplace.ops.weighted_average_wirelength.weighted_average_wirelength - wirelength forward 0.099 ms
[DEBUG  ] dreamplace.ops.electric_potential.electric_potential - density forward 0.924 ms
[DEBUG  ] dreamplace.ops.electric_potential.electric_potential - density backward 0.432 ms
[DEBUG  ] dreamplace.ops.weighted_average_wirelength.weighted_average_wirelength - wirelength backward 0.126 ms
[INFO   ] DREAMPlace - optimizer step 7.717 ms
[INFO   ] DREAMPlace - iteration  195, (  21,  1,  1), Obj 3.062773E+03, NetCrossing 1.984E+01, NetCrossingWeight 1.000000E+01, DensityWeight 2.713161E-01, HPWL 1.425804E+03, Overflow 1.642550E-02, MaxDensity 1.235E+00, MacroOverlap 9.965E-05, MacroOverlapWeight 8.000000E-06, gamma 2.704509E-02, time 2.302ms
[INFO   ] DREAMPlace - full step 10.990 ms
[INFO   ] DREAMPlace - Lsub stopping criteria: 1 and 3062.77 > 2914.27 * 0.999
[INFO   ] DREAMPlace - Llambda stopping criteria: 1 and (( 0.0164255 < 0.1 and 1425.8 > 1420.5 ) or 1.23501 < 1.0)
[DEBUG  ] dreamplace.ops.weighted_average_wirelength.weighted_average_wirelength - wirelength forward 0.141 ms
[DEBUG  ] dreamplace.ops.electric_potential.electric_potential - density forward 1.116 ms
[DEBUG  ] dreamplace.ops.electric_potential.electric_potential - density backward 0.424 ms
[DEBUG  ] dreamplace.ops.weighted_average_wirelength.weighted_average_wirelength - wirelength backward 0.118 ms
[INFO   ] DREAMPlace - optimizer step 8.503 ms
[INFO   ] DREAMPlace - iteration  196, (  22,  0,  0), Obj 3.058351E+03, NetCrossing 1.986E+01, NetCrossingWeight 1.000000E+01, DensityWeight 3.055189E-01, HPWL 1.428500E+03, Overflow 1.629156E-02, MaxDensity 1.235E+00, MacroOverlap 1.012E-04, MacroOverlapWeight 8.000000E-06, gamma 2.693103E-02, time 2.140ms
[INFO   ] DREAMPlace - full step 11.439 ms
[DEBUG  ] dreamplace.ops.weighted_average_wirelength.weighted_average_wirelength - wirelength forward 0.105 ms
[DEBUG  ] dreamplace.ops.electric_potential.electric_potential - density forward 0.906 ms
[DEBUG  ] dreamplace.ops.electric_potential.electric_potential - density backward 0.412 ms
[DEBUG  ] dreamplace.ops.weighted_average_wirelength.weighted_average_wirelength - wirelength backward 0.117 ms
[INFO   ] DREAMPlace - optimizer step 7.508 ms
[INFO   ] DREAMPlace - iteration  197, (  22,  0,  1), Obj 3.217108E+03, NetCrossing 1.988E+01, NetCrossingWeight 1.000000E+01, DensityWeight 3.055189E-01, HPWL 1.430998E+03, Overflow 1.615837E-02, MaxDensity 1.235E+00, MacroOverlap 1.024E-04, MacroOverlapWeight 8.000000E-06, gamma 2.693103E-02, time 2.349ms
[INFO   ] DREAMPlace - full step 10.730 ms
[INFO   ] DREAMPlace - Lsub stopping criteria: 1 and 3217.11 > 3058.35 * 0.999
[DEBUG  ] dreamplace.ops.weighted_average_wirelength.weighted_average_wirelength - wirelength forward 0.098 ms
[DEBUG  ] dreamplace.ops.electric_potential.electric_potential - density forward 0.913 ms
[DEBUG  ] dreamplace.ops.electric_potential.electric_potential - density backward 0.419 ms
[DEBUG  ] dreamplace.ops.weighted_average_wirelength.weighted_average_wirelength - wirelength backward 0.119 ms
[INFO   ] DREAMPlace - optimizer step 7.906 ms
[INFO   ] DREAMPlace - iteration  198, (  22,  1,  0), Obj 3.199656E+03, NetCrossing 1.993E+01, NetCrossingWeight 1.000000E+01, DensityWeight 3.440334E-01, HPWL 1.433557E+03, Overflow 1.607074E-02, MaxDensity 1.235E+00, MacroOverlap 1.026E-04, MacroOverlapWeight 8.000000E-06, gamma 2.693103E-02, time 2.198ms
[INFO   ] DREAMPlace - full step 10.971 ms
[DEBUG  ] dreamplace.ops.weighted_average_wirelength.weighted_average_wirelength - wirelength forward 0.100 ms
[DEBUG  ] dreamplace.ops.electric_potential.electric_potential - density forward 1.051 ms
[DEBUG  ] dreamplace.ops.electric_potential.electric_potential - density backward 0.416 ms
[DEBUG  ] dreamplace.ops.weighted_average_wirelength.weighted_average_wirelength - wirelength backward 0.115 ms
[INFO   ] DREAMPlace - optimizer step 7.996 ms
[INFO   ] DREAMPlace - iteration  199, (  22,  1,  1), Obj 3.381766E+03, NetCrossing 1.993E+01, NetCrossingWeight 1.000000E+01, DensityWeight 3.440334E-01, HPWL 1.435900E+03, Overflow 1.593833E-02, MaxDensity 1.235E+00, MacroOverlap 1.017E-04, MacroOverlapWeight 8.000000E-06, gamma 2.693103E-02, time 2.527ms
[INFO   ] DREAMPlace - full step 11.343 ms
[INFO   ] DREAMPlace - Lsub stopping criteria: 1 and 3381.77 > 3199.66 * 0.999
[INFO   ] DREAMPlace - Llambda stopping criteria: 1 and (( 0.0159383 < 0.1 and 1435.9 > 1431 ) or 1.23501 < 1.0)
[INFO   ] DREAMPlace - plotting to ./results/tuner-small/small-5/PB201_A00/run-0_0_6/PB201_A00/plot/iter0200.png takes 0.062 seconds
[DEBUG  ] dreamplace.ops.weighted_average_wirelength.weighted_average_wirelength - wirelength forward 0.159 ms
[DEBUG  ] dreamplace.ops.electric_potential.electric_potential - density forward 1.215 ms
[DEBUG  ] dreamplace.ops.electric_potential.electric_potential - density backward 0.425 ms
[DEBUG  ] dreamplace.ops.weighted_average_wirelength.weighted_average_wirelength - wirelength backward 0.120 ms
[INFO   ] DREAMPlace - optimizer step 9.292 ms
[INFO   ] DREAMPlace - iteration  200, (  23,  0,  0), Obj 3.368506E+03, NetCrossing 2.008E+01, NetCrossingWeight 1.000000E+01, DensityWeight 3.874032E-01, HPWL 1.438176E+03, Overflow 1.580702E-02, MaxDensity 1.235E+00, MacroOverlap 1.001E-04, MacroOverlapWeight 8.000000E-06, gamma 2.686398E-02, time 2.279ms
[INFO   ] DREAMPlace - full step 75.140 ms
[DEBUG  ] dreamplace.ops.weighted_average_wirelength.weighted_average_wirelength - wirelength forward 0.133 ms
[DEBUG  ] dreamplace.ops.electric_potential.electric_potential - density forward 1.167 ms
[DEBUG  ] dreamplace.ops.electric_potential.electric_potential - density backward 0.413 ms
[DEBUG  ] dreamplace.ops.weighted_average_wirelength.weighted_average_wirelength - wirelength backward 0.125 ms
[INFO   ] DREAMPlace - optimizer step 8.849 ms
[INFO   ] DREAMPlace - iteration  201, (  23,  0,  1), Obj 3.572300E+03, NetCrossing 1.997E+01, NetCrossingWeight 1.000000E+01, DensityWeight 3.874032E-01, HPWL 1.440009E+03, Overflow 1.574050E-02, MaxDensity 1.235E+00, MacroOverlap 9.853E-05, MacroOverlapWeight 8.000000E-06, gamma 2.686398E-02, time 2.778ms
[INFO   ] DREAMPlace - full step 12.669 ms
[INFO   ] DREAMPlace - Lsub stopping criteria: 1 and 3572.3 > 3368.51 * 0.999
[DEBUG  ] dreamplace.ops.weighted_average_wirelength.weighted_average_wirelength - wirelength forward 0.133 ms
[DEBUG  ] dreamplace.ops.electric_potential.electric_potential - density forward 1.180 ms
[DEBUG  ] dreamplace.ops.electric_potential.electric_potential - density backward 0.366 ms
[DEBUG  ] dreamplace.ops.weighted_average_wirelength.weighted_average_wirelength - wirelength backward 0.095 ms
[INFO   ] DREAMPlace - optimizer step 8.166 ms
[INFO   ] DREAMPlace - iteration  202, (  23,  1,  0), Obj 3.572578E+03, NetCrossing 2.007E+01, NetCrossingWeight 1.000000E+01, DensityWeight 4.362404E-01, HPWL 1.441955E+03, Overflow 1.564324E-02, MaxDensity 1.235E+00, MacroOverlap 9.646E-05, MacroOverlapWeight 8.000000E-06, gamma 2.686398E-02, time 2.765ms
[INFO   ] DREAMPlace - full step 11.953 ms
[DEBUG  ] dreamplace.ops.weighted_average_wirelength.weighted_average_wirelength - wirelength forward 0.132 ms
[DEBUG  ] dreamplace.ops.electric_potential.electric_potential - density forward 1.230 ms
[DEBUG  ] dreamplace.ops.electric_potential.electric_potential - density backward 0.404 ms
[DEBUG  ] dreamplace.ops.weighted_average_wirelength.weighted_average_wirelength - wirelength backward 0.118 ms
[INFO   ] DREAMPlace - optimizer step 8.664 ms
[INFO   ] DREAMPlace - iteration  203, (  23,  1,  1), Obj 3.784391E+03, NetCrossing 1.993E+01, NetCrossingWeight 1.000000E+01, DensityWeight 4.362404E-01, HPWL 1.443573E+03, Overflow 1.558318E-02, MaxDensity 1.235E+00, MacroOverlap 9.482E-05, MacroOverlapWeight 8.000000E-06, gamma 2.686398E-02, time 2.770ms
[INFO   ] DREAMPlace - full step 12.465 ms
[INFO   ] DREAMPlace - Lsub stopping criteria: 1 and 3784.39 > 3572.58 * 0.999
[INFO   ] DREAMPlace - Llambda stopping criteria: 1 and (( 0.0155832 < 0.1 and 1443.57 > 1440.01 ) or 1.23501 < 1.0)
[DEBUG  ] dreamplace.ops.weighted_average_wirelength.weighted_average_wirelength - wirelength forward 0.134 ms
[DEBUG  ] dreamplace.ops.electric_potential.electric_potential - density forward 1.187 ms
[DEBUG  ] dreamplace.ops.electric_potential.electric_potential - density backward 0.410 ms
[DEBUG  ] dreamplace.ops.weighted_average_wirelength.weighted_average_wirelength - wirelength backward 0.119 ms
[INFO   ] DREAMPlace - optimizer step 8.857 ms
[INFO   ] DREAMPlace - iteration  204, (  24,  0,  0), Obj 3.775943E+03, NetCrossing 2.004E+01, NetCrossingWeight 1.000000E+01, DensityWeight 4.912343E-01, HPWL 1.445530E+03, Overflow 1.553851E-02, MaxDensity 1.235E+00, MacroOverlap 9.226E-05, MacroOverlapWeight 8.000000E-06, gamma 2.681520E-02, time 2.806ms
[INFO   ] DREAMPlace - full step 12.702 ms
[DEBUG  ] dreamplace.ops.weighted_average_wirelength.weighted_average_wirelength - wirelength forward 0.134 ms
[DEBUG  ] dreamplace.ops.electric_potential.electric_potential - density forward 1.202 ms
[DEBUG  ] dreamplace.ops.electric_potential.electric_potential - density backward 0.438 ms
[DEBUG  ] dreamplace.ops.weighted_average_wirelength.weighted_average_wirelength - wirelength backward 0.134 ms
[INFO   ] DREAMPlace - optimizer step 9.163 ms
[INFO   ] DREAMPlace - iteration  205, (  24,  0,  1), Obj 4.007338E+03, NetCrossing 1.981E+01, NetCrossingWeight 1.000000E+01, DensityWeight 4.912343E-01, HPWL 1.446990E+03, Overflow 1.549710E-02, MaxDensity 1.235E+00, MacroOverlap 9.018E-05, MacroOverlapWeight 8.000000E-06, gamma 2.681520E-02, time 2.841ms
[INFO   ] DREAMPlace - full step 13.037 ms
[INFO   ] DREAMPlace - Lsub stopping criteria: 1 and 4007.34 > 3775.94 * 0.999
[DEBUG  ] dreamplace.ops.weighted_average_wirelength.weighted_average_wirelength - wirelength forward 0.152 ms
[DEBUG  ] dreamplace.ops.electric_potential.electric_potential - density forward 1.213 ms
[DEBUG  ] dreamplace.ops.electric_potential.electric_potential - density backward 0.579 ms
[DEBUG  ] dreamplace.ops.weighted_average_wirelength.weighted_average_wirelength - wirelength backward 0.191 ms
[INFO   ] DREAMPlace - optimizer step 11.093 ms
[INFO   ] DREAMPlace - iteration  206, (  24,  1,  0), Obj 4.008806E+03, NetCrossing 1.996E+01, NetCrossingWeight 1.000000E+01, DensityWeight 5.531608E-01, HPWL 1.448711E+03, Overflow 1.538512E-02, MaxDensity 1.235E+00, MacroOverlap 8.766E-05, MacroOverlapWeight 8.000000E-06, gamma 2.681520E-02, time 2.779ms
[INFO   ] DREAMPlace - full step 14.910 ms
[DEBUG  ] dreamplace.ops.weighted_average_wirelength.weighted_average_wirelength - wirelength forward 0.151 ms
[DEBUG  ] dreamplace.ops.electric_potential.electric_potential - density forward 1.234 ms
[DEBUG  ] dreamplace.ops.electric_potential.electric_potential - density backward 0.405 ms
[DEBUG  ] dreamplace.ops.weighted_average_wirelength.weighted_average_wirelength - wirelength backward 0.111 ms
[INFO   ] DREAMPlace - optimizer step 8.918 ms
[INFO   ] DREAMPlace - iteration  207, (  24,  1,  1), Obj 4.274843E+03, NetCrossing 1.973E+01, NetCrossingWeight 1.000000E+01, DensityWeight 5.531608E-01, HPWL 1.450311E+03, Overflow 1.527111E-02, MaxDensity 1.235E+00, MacroOverlap 8.520E-05, MacroOverlapWeight 8.000000E-06, gamma 2.681520E-02, time 2.851ms
[INFO   ] DREAMPlace - full step 12.809 ms
[INFO   ] DREAMPlace - Lsub stopping criteria: 1 and 4274.84 > 4008.81 * 0.999
[INFO   ] DREAMPlace - Llambda stopping criteria: 1 and (( 0.0152711 < 0.1 and 1450.31 > 1446.99 ) or 1.23501 < 1.0)
[DEBUG  ] dreamplace.ops.weighted_average_wirelength.weighted_average_wirelength - wirelength forward 0.139 ms
[DEBUG  ] dreamplace.ops.electric_potential.electric_potential - density forward 1.250 ms
[DEBUG  ] dreamplace.ops.electric_potential.electric_potential - density backward 0.416 ms
[DEBUG  ] dreamplace.ops.weighted_average_wirelength.weighted_average_wirelength - wirelength backward 0.114 ms
[INFO   ] DREAMPlace - optimizer step 9.501 ms
[INFO   ] DREAMPlace - iteration  208, (  25,  0,  0), Obj 4.267540E+03, NetCrossing 1.987E+01, NetCrossingWeight 1.000000E+01, DensityWeight 6.228939E-01, HPWL 1.451911E+03, Overflow 1.516238E-02, MaxDensity 1.235E+00, MacroOverlap 8.270E-05, MacroOverlapWeight 8.000000E-06, gamma 2.677242E-02, time 2.885ms
[INFO   ] DREAMPlace - full step 13.441 ms
[DEBUG  ] dreamplace.ops.weighted_average_wirelength.weighted_average_wirelength - wirelength forward 0.134 ms
[DEBUG  ] dreamplace.ops.electric_potential.electric_potential - density forward 1.204 ms
[DEBUG  ] dreamplace.ops.electric_potential.electric_potential - density backward 0.410 ms
[DEBUG  ] dreamplace.ops.weighted_average_wirelength.weighted_average_wirelength - wirelength backward 0.114 ms
[INFO   ] DREAMPlace - optimizer step 8.890 ms
[INFO   ] DREAMPlace - iteration  209, (  25,  0,  1), Obj 4.569062E+03, NetCrossing 1.954E+01, NetCrossingWeight 1.000000E+01, DensityWeight 6.228939E-01, HPWL 1.453321E+03, Overflow 1.505792E-02, MaxDensity 1.235E+00, MacroOverlap 8.059E-05, MacroOverlapWeight 8.000000E-06, gamma 2.677242E-02, time 2.796ms
[INFO   ] DREAMPlace - full step 12.745 ms
[INFO   ] DREAMPlace - Lsub stopping criteria: 1 and 4569.06 > 4267.54 * 0.999
[DEBUG  ] dreamplace.ops.weighted_average_wirelength.weighted_average_wirelength - wirelength forward 0.136 ms
[DEBUG  ] dreamplace.ops.electric_potential.electric_potential - density forward 1.203 ms
[DEBUG  ] dreamplace.ops.electric_potential.electric_potential - density backward 0.400 ms
[DEBUG  ] dreamplace.ops.weighted_average_wirelength.weighted_average_wirelength - wirelength backward 0.112 ms
[INFO   ] DREAMPlace - optimizer step 8.851 ms
[INFO   ] DREAMPlace - iteration  210, (  25,  1,  0), Obj 4.571611E+03, NetCrossing 1.970E+01, NetCrossingWeight 1.000000E+01, DensityWeight 7.014179E-01, HPWL 1.454708E+03, Overflow 1.494110E-02, MaxDensity 1.235E+00, MacroOverlap 7.906E-05, MacroOverlapWeight 8.000000E-06, gamma 2.677242E-02, time 2.793ms
[INFO   ] DREAMPlace - full step 12.673 ms
[DEBUG  ] dreamplace.ops.weighted_average_wirelength.weighted_average_wirelength - wirelength forward 0.131 ms
[DEBUG  ] dreamplace.ops.electric_potential.electric_potential - density forward 1.210 ms
[DEBUG  ] dreamplace.ops.electric_potential.electric_potential - density backward 0.408 ms
[DEBUG  ] dreamplace.ops.weighted_average_wirelength.weighted_average_wirelength - wirelength backward 0.112 ms
[INFO   ] DREAMPlace - optimizer step 8.794 ms
[INFO   ] DREAMPlace - iteration  211, (  25,  1,  1), Obj 4.914517E+03, NetCrossing 1.952E+01, NetCrossingWeight 1.000000E+01, DensityWeight 7.014179E-01, HPWL 1.456064E+03, Overflow 1.485705E-02, MaxDensity 1.235E+00, MacroOverlap 7.738E-05, MacroOverlapWeight 8.000000E-06, gamma 2.677242E-02, time 2.780ms
[INFO   ] DREAMPlace - full step 12.599 ms
[INFO   ] DREAMPlace - Lsub stopping criteria: 1 and 4914.52 > 4571.61 * 0.999
[INFO   ] DREAMPlace - Llambda stopping criteria: 1 and (( 0.014857 < 0.1 and 1456.06 > 1453.32 ) or 1.23501 < 1.0)
[DEBUG  ] dreamplace.ops.weighted_average_wirelength.weighted_average_wirelength - wirelength forward 0.134 ms
[DEBUG  ] dreamplace.ops.electric_potential.electric_potential - density forward 1.207 ms
[DEBUG  ] dreamplace.ops.electric_potential.electric_potential - density backward 0.407 ms
[DEBUG  ] dreamplace.ops.weighted_average_wirelength.weighted_average_wirelength - wirelength backward 0.120 ms
[INFO   ] DREAMPlace - optimizer step 8.934 ms
[INFO   ] DREAMPlace - iteration  212, (  26,  0,  0), Obj 4.894965E+03, NetCrossing 1.940E+01, NetCrossingWeight 1.000000E+01, DensityWeight 7.898409E-01, HPWL 1.457362E+03, Overflow 1.478799E-02, MaxDensity 1.235E+00, MacroOverlap 7.556E-05, MacroOverlapWeight 8.000000E-06, gamma 2.671576E-02, time 2.719ms
[INFO   ] DREAMPlace - full step 12.756 ms
[DEBUG  ] dreamplace.ops.weighted_average_wirelength.weighted_average_wirelength - wirelength forward 0.143 ms
[DEBUG  ] dreamplace.ops.electric_potential.electric_potential - density forward 1.203 ms
[DEBUG  ] dreamplace.ops.electric_potential.electric_potential - density backward 0.403 ms
[DEBUG  ] dreamplace.ops.weighted_average_wirelength.weighted_average_wirelength - wirelength backward 0.117 ms
[INFO   ] DREAMPlace - optimizer step 8.931 ms
[INFO   ] DREAMPlace - iteration  213, (  26,  0,  1), Obj 5.266413E+03, NetCrossing 1.950E+01, NetCrossingWeight 1.000000E+01, DensityWeight 7.898409E-01, HPWL 1.458515E+03, Overflow 1.475173E-02, MaxDensity 1.235E+00, MacroOverlap 7.350E-05, MacroOverlapWeight 8.000000E-06, gamma 2.671576E-02, time 2.798ms
[INFO   ] DREAMPlace - full step 12.777 ms
[INFO   ] DREAMPlace - Lsub stopping criteria: 1 and 5266.41 > 4894.96 * 0.999
[DEBUG  ] dreamplace.ops.weighted_average_wirelength.weighted_average_wirelength - wirelength forward 0.134 ms
[DEBUG  ] dreamplace.ops.electric_potential.electric_potential - density forward 1.189 ms
[DEBUG  ] dreamplace.ops.electric_potential.electric_potential - density backward 0.409 ms
[DEBUG  ] dreamplace.ops.weighted_average_wirelength.weighted_average_wirelength - wirelength backward 0.114 ms
[INFO   ] DREAMPlace - optimizer step 8.764 ms
[INFO   ] DREAMPlace - iteration  214, (  26,  1,  0), Obj 5.264357E+03, NetCrossing 1.954E+01, NetCrossingWeight 1.000000E+01, DensityWeight 8.894109E-01, HPWL 1.459671E+03, Overflow 1.473425E-02, MaxDensity 1.235E+00, MacroOverlap 7.157E-05, MacroOverlapWeight 8.000000E-06, gamma 2.671576E-02, time 2.778ms
[INFO   ] DREAMPlace - full step 12.564 ms
[DEBUG  ] dreamplace.ops.weighted_average_wirelength.weighted_average_wirelength - wirelength forward 0.136 ms
[DEBUG  ] dreamplace.ops.electric_potential.electric_potential - density forward 1.233 ms
[DEBUG  ] dreamplace.ops.electric_potential.electric_potential - density backward 0.426 ms
[DEBUG  ] dreamplace.ops.weighted_average_wirelength.weighted_average_wirelength - wirelength backward 0.126 ms
[INFO   ] DREAMPlace - optimizer step 9.197 ms
[INFO   ] DREAMPlace - iteration  215, (  26,  1,  1), Obj 5.693699E+03, NetCrossing 1.952E+01, NetCrossingWeight 1.000000E+01, DensityWeight 8.894109E-01, HPWL 1.460859E+03, Overflow 1.470324E-02, MaxDensity 1.235E+00, MacroOverlap 6.953E-05, MacroOverlapWeight 8.000000E-06, gamma 2.671576E-02, time 2.737ms
[INFO   ] DREAMPlace - full step 12.995 ms
[INFO   ] DREAMPlace - Lsub stopping criteria: 1 and 5693.7 > 5264.36 * 0.999
[INFO   ] DREAMPlace - Llambda stopping criteria: 1 and (( 0.0147032 < 0.1 and 1460.86 > 1458.52 ) or 1.23501 < 1.0)
[DEBUG  ] dreamplace.ops.weighted_average_wirelength.weighted_average_wirelength - wirelength forward 0.134 ms
[DEBUG  ] dreamplace.ops.electric_potential.electric_potential - density forward 1.163 ms
[DEBUG  ] dreamplace.ops.electric_potential.electric_potential - density backward 0.419 ms
[DEBUG  ] dreamplace.ops.weighted_average_wirelength.weighted_average_wirelength - wirelength backward 0.122 ms
[INFO   ] DREAMPlace - optimizer step 8.949 ms
[INFO   ] DREAMPlace - iteration  216, (  27,  0,  0), Obj 5.686085E+03, NetCrossing 1.931E+01, NetCrossingWeight 1.000000E+01, DensityWeight 1.001533E+00, HPWL 1.461851E+03, Overflow 1.465618E-02, MaxDensity 1.235E+00, MacroOverlap 6.762E-05, MacroOverlapWeight 8.000000E-06, gamma 2.669474E-02, time 2.803ms
[INFO   ] DREAMPlace - full step 12.798 ms
[DEBUG  ] dreamplace.ops.weighted_average_wirelength.weighted_average_wirelength - wirelength forward 0.136 ms
[DEBUG  ] dreamplace.ops.electric_potential.electric_potential - density forward 1.190 ms
[DEBUG  ] dreamplace.ops.electric_potential.electric_potential - density backward 0.419 ms
[DEBUG  ] dreamplace.ops.weighted_average_wirelength.weighted_average_wirelength - wirelength backward 0.124 ms
[INFO   ] DREAMPlace - optimizer step 8.893 ms
[INFO   ] DREAMPlace - iteration  217, (  27,  0,  1), Obj 6.151448E+03, NetCrossing 1.934E+01, NetCrossingWeight 1.000000E+01, DensityWeight 1.001533E+00, HPWL 1.462822E+03, Overflow 1.460991E-02, MaxDensity 1.235E+00, MacroOverlap 6.561E-05, MacroOverlapWeight 8.000000E-06, gamma 2.669474E-02, time 2.704ms
[INFO   ] DREAMPlace - full step 12.626 ms
[INFO   ] DREAMPlace - Lsub stopping criteria: 1 and 6151.45 > 5686.09 * 0.999
[DEBUG  ] dreamplace.ops.weighted_average_wirelength.weighted_average_wirelength - wirelength forward 0.128 ms
[DEBUG  ] dreamplace.ops.electric_potential.electric_potential - density forward 1.141 ms
[DEBUG  ] dreamplace.ops.electric_potential.electric_potential - density backward 0.424 ms
[DEBUG  ] dreamplace.ops.weighted_average_wirelength.weighted_average_wirelength - wirelength backward 0.123 ms
[INFO   ] DREAMPlace - optimizer step 8.747 ms
[INFO   ] DREAMPlace - iteration  218, (  27,  1,  0), Obj 6.181070E+03, NetCrossing 1.931E+01, NetCrossingWeight 1.000000E+01, DensityWeight 1.127789E+00, HPWL 1.463793E+03, Overflow 1.459566E-02, MaxDensity 1.235E+00, MacroOverlap 6.368E-05, MacroOverlapWeight 8.000000E-06, gamma 2.669474E-02, time 2.632ms
[INFO   ] DREAMPlace - full step 12.380 ms
[DEBUG  ] dreamplace.ops.weighted_average_wirelength.weighted_average_wirelength - wirelength forward 0.131 ms
[DEBUG  ] dreamplace.ops.electric_potential.electric_potential - density forward 1.143 ms
[DEBUG  ] dreamplace.ops.electric_potential.electric_potential - density backward 0.436 ms
[DEBUG  ] dreamplace.ops.weighted_average_wirelength.weighted_average_wirelength - wirelength backward 0.128 ms
[INFO   ] DREAMPlace - optimizer step 12.544 ms
[INFO   ] DREAMPlace - iteration  219, (  27,  1,  1), Obj 6.706023E+03, NetCrossing 1.917E+01, NetCrossingWeight 1.000000E+01, DensityWeight 1.127789E+00, HPWL 1.464595E+03, Overflow 1.468429E-02, MaxDensity 1.235E+00, MacroOverlap 6.233E-05, MacroOverlapWeight 8.000000E-06, gamma 2.669474E-02, time 2.729ms
[INFO   ] DREAMPlace - full step 16.290 ms
[INFO   ] DREAMPlace - Lsub stopping criteria: 1 and 6706.02 > 6181.07 * 0.999
[INFO   ] DREAMPlace - Llambda stopping criteria: 1 and (( 0.0146843 < 0.1 and 1464.6 > 1462.82 ) or 1.23501 < 1.0)
[DEBUG  ] dreamplace.ops.weighted_average_wirelength.weighted_average_wirelength - wirelength forward 0.138 ms
[DEBUG  ] dreamplace.ops.electric_potential.electric_potential - density forward 1.207 ms
[DEBUG  ] dreamplace.ops.electric_potential.electric_potential - density backward 0.429 ms
[DEBUG  ] dreamplace.ops.weighted_average_wirelength.weighted_average_wirelength - wirelength backward 0.122 ms
[INFO   ] DREAMPlace - optimizer step 9.381 ms
[INFO   ] DREAMPlace - iteration  220, (  28,  0,  0), Obj 6.726256E+03, NetCrossing 1.817E+01, NetCrossingWeight 1.000000E+01, DensityWeight 1.269963E+00, HPWL 1.465379E+03, Overflow 1.473668E-02, MaxDensity 1.235E+00, MacroOverlap 6.109E-05, MacroOverlapWeight 8.000000E-06, gamma 2.669215E-02, time 2.728ms
[INFO   ] DREAMPlace - full step 13.164 ms
[DEBUG  ] dreamplace.ops.weighted_average_wirelength.weighted_average_wirelength - wirelength forward 0.104 ms
[DEBUG  ] dreamplace.ops.electric_potential.electric_potential - density forward 1.324 ms
[DEBUG  ] dreamplace.ops.electric_potential.electric_potential - density backward 0.422 ms
[DEBUG  ] dreamplace.ops.weighted_average_wirelength.weighted_average_wirelength - wirelength backward 0.127 ms
[INFO   ] DREAMPlace - optimizer step 9.246 ms
[INFO   ] DREAMPlace - iteration  221, (  28,  0,  1), Obj 7.323955E+03, NetCrossing 1.897E+01, NetCrossingWeight 1.000000E+01, DensityWeight 1.269963E+00, HPWL 1.466127E+03, Overflow 1.478035E-02, MaxDensity 1.235E+00, MacroOverlap 6.036E-05, MacroOverlapWeight 8.000000E-06, gamma 2.669215E-02, time 2.962ms
[INFO   ] DREAMPlace - full step 13.228 ms
[INFO   ] DREAMPlace - Lsub stopping criteria: 1 and 7323.96 > 6726.26 * 0.999
[DEBUG  ] dreamplace.ops.weighted_average_wirelength.weighted_average_wirelength - wirelength forward 0.131 ms
[DEBUG  ] dreamplace.ops.electric_potential.electric_potential - density forward 1.170 ms
[DEBUG  ] dreamplace.ops.electric_potential.electric_potential - density backward 0.414 ms
[DEBUG  ] dreamplace.ops.weighted_average_wirelength.weighted_average_wirelength - wirelength backward 0.121 ms
[INFO   ] DREAMPlace - optimizer step 8.771 ms
[INFO   ] DREAMPlace - iteration  222, (  28,  1,  0), Obj 7.310577E+03, NetCrossing 1.876E+01, NetCrossingWeight 1.000000E+01, DensityWeight 1.430059E+00, HPWL 1.466949E+03, Overflow 1.477236E-02, MaxDensity 1.235E+00, MacroOverlap 5.951E-05, MacroOverlapWeight 8.000000E-06, gamma 2.669215E-02, time 2.664ms
[INFO   ] DREAMPlace - full step 12.399 ms
[DEBUG  ] dreamplace.ops.weighted_average_wirelength.weighted_average_wirelength - wirelength forward 0.131 ms
[DEBUG  ] dreamplace.ops.electric_potential.electric_potential - density forward 1.143 ms
[DEBUG  ] dreamplace.ops.electric_potential.electric_potential - density backward 0.418 ms
[DEBUG  ] dreamplace.ops.weighted_average_wirelength.weighted_average_wirelength - wirelength backward 0.122 ms
[INFO   ] DREAMPlace - optimizer step 8.662 ms
[INFO   ] DREAMPlace - iteration  223, (  28,  1,  1), Obj 7.985855E+03, NetCrossing 1.846E+01, NetCrossingWeight 1.000000E+01, DensityWeight 1.430059E+00, HPWL 1.467851E+03, Overflow 1.476121E-02, MaxDensity 1.235E+00, MacroOverlap 5.879E-05, MacroOverlapWeight 8.000000E-06, gamma 2.669215E-02, time 2.621ms
[INFO   ] DREAMPlace - full step 12.235 ms
[INFO   ] DREAMPlace - Lsub stopping criteria: 1 and 7985.86 > 7310.58 * 0.999
[INFO   ] DREAMPlace - Llambda stopping criteria: 1 and (( 0.0147612 < 0.1 and 1467.85 > 1466.13 ) or 1.23501 < 1.0)
[DEBUG  ] dreamplace.ops.weighted_average_wirelength.weighted_average_wirelength - wirelength forward 0.130 ms
[DEBUG  ] dreamplace.ops.electric_potential.electric_potential - density forward 1.154 ms
[DEBUG  ] dreamplace.ops.electric_potential.electric_potential - density backward 0.418 ms
[DEBUG  ] dreamplace.ops.weighted_average_wirelength.weighted_average_wirelength - wirelength backward 0.122 ms
[INFO   ] DREAMPlace - optimizer step 8.735 ms
[INFO   ] DREAMPlace - iteration  224, (  29,  0,  0), Obj 8.000791E+03, NetCrossing 1.904E+01, NetCrossingWeight 1.000000E+01, DensityWeight 1.610337E+00, HPWL 1.468824E+03, Overflow 1.473244E-02, MaxDensity 1.235E+00, MacroOverlap 5.806E-05, MacroOverlapWeight 8.000000E-06, gamma 2.670266E-02, time 2.627ms
[INFO   ] DREAMPlace - full step 12.342 ms
[DEBUG  ] dreamplace.ops.weighted_average_wirelength.weighted_average_wirelength - wirelength forward 0.131 ms
[DEBUG  ] dreamplace.ops.electric_potential.electric_potential - density forward 1.156 ms
[DEBUG  ] dreamplace.ops.electric_potential.electric_potential - density backward 0.417 ms
[DEBUG  ] dreamplace.ops.weighted_average_wirelength.weighted_average_wirelength - wirelength backward 0.122 ms
[INFO   ] DREAMPlace - optimizer step 9.062 ms
[INFO   ] DREAMPlace - iteration  225, (  29,  0,  1), Obj 8.705649E+03, NetCrossing 1.907E+01, NetCrossingWeight 1.000000E+01, DensityWeight 1.610337E+00, HPWL 1.469912E+03, Overflow 1.469370E-02, MaxDensity 1.235E+00, MacroOverlap 5.725E-05, MacroOverlapWeight 8.000000E-06, gamma 2.670266E-02, time 2.634ms
[INFO   ] DREAMPlace - full step 12.674 ms
[INFO   ] DREAMPlace - Lsub stopping criteria: 1 and 8705.65 > 8000.79 * 0.999
[DEBUG  ] dreamplace.ops.weighted_average_wirelength.weighted_average_wirelength - wirelength forward 0.137 ms
[DEBUG  ] dreamplace.ops.electric_potential.electric_potential - density forward 1.155 ms
[DEBUG  ] dreamplace.ops.electric_potential.electric_potential - density backward 0.413 ms
[DEBUG  ] dreamplace.ops.weighted_average_wirelength.weighted_average_wirelength - wirelength backward 0.121 ms
[INFO   ] DREAMPlace - optimizer step 8.811 ms
[INFO   ] DREAMPlace - iteration  226, (  29,  1,  0), Obj 8.712390E+03, NetCrossing 1.853E+01, NetCrossingWeight 1.000000E+01, DensityWeight 1.813341E+00, HPWL 1.471086E+03, Overflow 1.464480E-02, MaxDensity 1.235E+00, MacroOverlap 5.623E-05, MacroOverlapWeight 8.000000E-06, gamma 2.670266E-02, time 2.673ms
[INFO   ] DREAMPlace - full step 12.486 ms
[DEBUG  ] dreamplace.ops.weighted_average_wirelength.weighted_average_wirelength - wirelength forward 0.097 ms
[DEBUG  ] dreamplace.ops.electric_potential.electric_potential - density forward 0.888 ms
[DEBUG  ] dreamplace.ops.electric_potential.electric_potential - density backward 0.408 ms
[DEBUG  ] dreamplace.ops.weighted_average_wirelength.weighted_average_wirelength - wirelength backward 0.120 ms
[INFO   ] DREAMPlace - optimizer step 7.437 ms
[INFO   ] DREAMPlace - iteration  227, (  29,  1,  1), Obj 9.514884E+03, NetCrossing 1.886E+01, NetCrossingWeight 1.000000E+01, DensityWeight 1.813341E+00, HPWL 1.472256E+03, Overflow 1.459345E-02, MaxDensity 1.235E+00, MacroOverlap 5.509E-05, MacroOverlapWeight 8.000000E-06, gamma 2.670266E-02, time 2.482ms
[INFO   ] DREAMPlace - full step 10.777 ms
[INFO   ] DREAMPlace - Lsub stopping criteria: 1 and 9514.88 > 8712.39 * 0.999
[INFO   ] DREAMPlace - Llambda stopping criteria: 1 and (( 0.0145935 < 0.1 and 1472.26 > 1469.91 ) or 1.23501 < 1.0)
[DEBUG  ] dreamplace.ops.weighted_average_wirelength.weighted_average_wirelength - wirelength forward 0.101 ms
[DEBUG  ] dreamplace.ops.electric_potential.electric_potential - density forward 0.915 ms
[DEBUG  ] dreamplace.ops.electric_potential.electric_potential - density backward 0.416 ms
[DEBUG  ] dreamplace.ops.weighted_average_wirelength.weighted_average_wirelength - wirelength backward 0.123 ms
[INFO   ] DREAMPlace - optimizer step 7.526 ms
[INFO   ] DREAMPlace - iteration  228, (  30,  0,  0), Obj 9.533705E+03, NetCrossing 1.918E+01, NetCrossingWeight 1.000000E+01, DensityWeight 2.041937E+00, HPWL 1.473572E+03, Overflow 1.453758E-02, MaxDensity 1.235E+00, MacroOverlap 5.378E-05, MacroOverlapWeight 8.000000E-06, gamma 2.667974E-02, time 2.147ms
[INFO   ] DREAMPlace - full step 10.458 ms
[DEBUG  ] dreamplace.ops.weighted_average_wirelength.weighted_average_wirelength - wirelength forward 0.095 ms
[DEBUG  ] dreamplace.ops.electric_potential.electric_potential - density forward 0.881 ms
[DEBUG  ] dreamplace.ops.electric_potential.electric_potential - density backward 0.407 ms
[DEBUG  ] dreamplace.ops.weighted_average_wirelength.weighted_average_wirelength - wirelength backward 0.118 ms
[INFO   ] DREAMPlace - optimizer step 7.403 ms
[INFO   ] DREAMPlace - iteration  229, (  30,  0,  1), Obj 1.042911E+04, NetCrossing 1.924E+01, NetCrossingWeight 1.000000E+01, DensityWeight 2.041937E+00, HPWL 1.474829E+03, Overflow 1.445289E-02, MaxDensity 1.235E+00, MacroOverlap 5.241E-05, MacroOverlapWeight 8.000000E-06, gamma 2.667974E-02, time 2.090ms
[INFO   ] DREAMPlace - full step 10.276 ms
[INFO   ] DREAMPlace - Lsub stopping criteria: 1 and 10429.1 > 9533.71 * 0.999
[DEBUG  ] dreamplace.ops.weighted_average_wirelength.weighted_average_wirelength - wirelength forward 0.096 ms
[DEBUG  ] dreamplace.ops.electric_potential.electric_potential - density forward 0.938 ms
[DEBUG  ] dreamplace.ops.electric_potential.electric_potential - density backward 0.382 ms
[DEBUG  ] dreamplace.ops.weighted_average_wirelength.weighted_average_wirelength - wirelength backward 0.125 ms
[INFO   ] DREAMPlace - optimizer step 6.896 ms
[INFO   ] DREAMPlace - iteration  230, (  30,  1,  0), Obj 1.040613E+04, NetCrossing 1.869E+01, NetCrossingWeight 1.000000E+01, DensityWeight 2.299351E+00, HPWL 1.476223E+03, Overflow 1.435149E-02, MaxDensity 1.235E+00, MacroOverlap 5.101E-05, MacroOverlapWeight 8.000000E-06, gamma 2.667974E-02, time 2.118ms
[INFO   ] DREAMPlace - full step 9.786 ms
[DEBUG  ] dreamplace.ops.weighted_average_wirelength.weighted_average_wirelength - wirelength forward 0.095 ms
[DEBUG  ] dreamplace.ops.electric_potential.electric_potential - density forward 0.903 ms
[DEBUG  ] dreamplace.ops.electric_potential.electric_potential - density backward 0.465 ms
[DEBUG  ] dreamplace.ops.weighted_average_wirelength.weighted_average_wirelength - wirelength backward 0.123 ms
[INFO   ] DREAMPlace - optimizer step 8.348 ms
[INFO   ] DREAMPlace - iteration  231, (  30,  1,  1), Obj 1.143781E+04, NetCrossing 1.933E+01, NetCrossingWeight 1.000000E+01, DensityWeight 2.299351E+00, HPWL 1.477538E+03, Overflow 1.427078E-02, MaxDensity 1.235E+00, MacroOverlap 4.956E-05, MacroOverlapWeight 8.000000E-06, gamma 2.667974E-02, time 2.082ms
[INFO   ] DREAMPlace - full step 11.431 ms
[INFO   ] DREAMPlace - Lsub stopping criteria: 1 and 11437.8 > 10406.1 * 0.999
[INFO   ] DREAMPlace - Llambda stopping criteria: 1 and (( 0.0142708 < 0.1 and 1477.54 > 1474.83 ) or 1.23501 < 1.0)
[DEBUG  ] dreamplace.ops.weighted_average_wirelength.weighted_average_wirelength - wirelength forward 0.127 ms
[DEBUG  ] dreamplace.ops.electric_potential.electric_potential - density forward 1.104 ms
[DEBUG  ] dreamplace.ops.electric_potential.electric_potential - density backward 0.424 ms
[DEBUG  ] dreamplace.ops.weighted_average_wirelength.weighted_average_wirelength - wirelength backward 0.121 ms
[INFO   ] DREAMPlace - optimizer step 8.991 ms
[INFO   ] DREAMPlace - iteration  232, (  31,  0,  0), Obj 1.139506E+04, NetCrossing 1.935E+01, NetCrossingWeight 1.000000E+01, DensityWeight 2.589214E+00, HPWL 1.479016E+03, Overflow 1.418686E-02, MaxDensity 1.235E+00, MacroOverlap 4.815E-05, MacroOverlapWeight 8.000000E-06, gamma 2.663574E-02, time 2.557ms
[INFO   ] DREAMPlace - full step 12.531 ms
[DEBUG  ] dreamplace.ops.weighted_average_wirelength.weighted_average_wirelength - wirelength forward 0.139 ms
[DEBUG  ] dreamplace.ops.electric_potential.electric_potential - density forward 1.271 ms
[DEBUG  ] dreamplace.ops.electric_potential.electric_potential - density backward 0.416 ms
[DEBUG  ] dreamplace.ops.weighted_average_wirelength.weighted_average_wirelength - wirelength backward 0.124 ms
[INFO   ] DREAMPlace - optimizer step 9.043 ms
[INFO   ] DREAMPlace - iteration  233, (  31,  0,  1), Obj 1.254946E+04, NetCrossing 1.962E+01, NetCrossingWeight 1.000000E+01, DensityWeight 2.589214E+00, HPWL 1.480364E+03, Overflow 1.411658E-02, MaxDensity 1.235E+00, MacroOverlap 4.673E-05, MacroOverlapWeight 8.000000E-06, gamma 2.663574E-02, time 2.557ms
[INFO   ] DREAMPlace - full step 12.515 ms
[INFO   ] DREAMPlace - Lsub stopping criteria: 1 and 12549.5 > 11395.1 * 0.999
[DEBUG  ] dreamplace.ops.weighted_average_wirelength.weighted_average_wirelength - wirelength forward 0.097 ms
[DEBUG  ] dreamplace.ops.electric_potential.electric_potential - density forward 0.889 ms
[DEBUG  ] dreamplace.ops.electric_potential.electric_potential - density backward 0.422 ms
[DEBUG  ] dreamplace.ops.weighted_average_wirelength.weighted_average_wirelength - wirelength backward 0.127 ms
[INFO   ] DREAMPlace - optimizer step 7.617 ms
[INFO   ] DREAMPlace - iteration  234, (  31,  1,  0), Obj 1.252831E+04, NetCrossing 1.931E+01, NetCrossingWeight 1.000000E+01, DensityWeight 2.915619E+00, HPWL 1.481768E+03, Overflow 1.404275E-02, MaxDensity 1.235E+00, MacroOverlap 4.552E-05, MacroOverlapWeight 8.000000E-06, gamma 2.663574E-02, time 2.124ms
[INFO   ] DREAMPlace - full step 10.697 ms
[DEBUG  ] dreamplace.ops.weighted_average_wirelength.weighted_average_wirelength - wirelength forward 0.131 ms
[DEBUG  ] dreamplace.ops.electric_potential.electric_potential - density forward 1.121 ms
[DEBUG  ] dreamplace.ops.electric_potential.electric_potential - density backward 0.413 ms
[DEBUG  ] dreamplace.ops.weighted_average_wirelength.weighted_average_wirelength - wirelength backward 0.121 ms
[INFO   ] DREAMPlace - optimizer step 8.774 ms
[INFO   ] DREAMPlace - iteration  235, (  31,  1,  1), Obj 1.378714E+04, NetCrossing 1.976E+01, NetCrossingWeight 1.000000E+01, DensityWeight 2.915619E+00, HPWL 1.483086E+03, Overflow 1.397117E-02, MaxDensity 1.235E+00, MacroOverlap 4.420E-05, MacroOverlapWeight 8.000000E-06, gamma 2.663574E-02, time 2.976ms
[INFO   ] DREAMPlace - full step 12.828 ms
[INFO   ] DREAMPlace - Lsub stopping criteria: 1 and 13787.1 > 12528.3 * 0.999
[INFO   ] DREAMPlace - Llambda stopping criteria: 1 and (( 0.0139712 < 0.1 and 1483.09 > 1480.36 ) or 1.23501 < 1.0)
[DEBUG  ] dreamplace.ops.weighted_average_wirelength.weighted_average_wirelength - wirelength forward 0.124 ms
[DEBUG  ] dreamplace.ops.electric_potential.electric_potential - density forward 1.187 ms
[DEBUG  ] dreamplace.ops.electric_potential.electric_potential - density backward 0.429 ms
[DEBUG  ] dreamplace.ops.weighted_average_wirelength.weighted_average_wirelength - wirelength backward 0.128 ms
[INFO   ] DREAMPlace - optimizer step 9.162 ms
[INFO   ] DREAMPlace - iteration  236, (  32,  0,  0), Obj 1.373615E+04, NetCrossing 1.980E+01, NetCrossingWeight 1.000000E+01, DensityWeight 3.283171E+00, HPWL 1.484348E+03, Overflow 1.391009E-02, MaxDensity 1.235E+00, MacroOverlap 4.317E-05, MacroOverlapWeight 8.000000E-06, gamma 2.659493E-02, time 2.515ms
[INFO   ] DREAMPlace - full step 12.664 ms
[DEBUG  ] dreamplace.ops.weighted_average_wirelength.weighted_average_wirelength - wirelength forward 0.125 ms
[DEBUG  ] dreamplace.ops.electric_potential.electric_potential - density forward 1.142 ms
[DEBUG  ] dreamplace.ops.electric_potential.electric_potential - density backward 0.428 ms
[DEBUG  ] dreamplace.ops.weighted_average_wirelength.weighted_average_wirelength - wirelength backward 0.142 ms
[INFO   ] DREAMPlace - optimizer step 8.851 ms
[INFO   ] DREAMPlace - iteration  237, (  32,  0,  1), Obj 1.513291E+04, NetCrossing 2.005E+01, NetCrossingWeight 1.000000E+01, DensityWeight 3.283171E+00, HPWL 1.485490E+03, Overflow 1.385928E-02, MaxDensity 1.235E+00, MacroOverlap 4.218E-05, MacroOverlapWeight 8.000000E-06, gamma 2.659493E-02, time 2.465ms
[INFO   ] DREAMPlace - full step 12.310 ms
[INFO   ] DREAMPlace - Lsub stopping criteria: 1 and 15132.9 > 13736.1 * 0.999
[DEBUG  ] dreamplace.ops.weighted_average_wirelength.weighted_average_wirelength - wirelength forward 0.128 ms
[DEBUG  ] dreamplace.ops.electric_potential.electric_potential - density forward 1.134 ms
[DEBUG  ] dreamplace.ops.electric_potential.electric_potential - density backward 0.419 ms
[DEBUG  ] dreamplace.ops.weighted_average_wirelength.weighted_average_wirelength - wirelength backward 0.125 ms
[INFO   ] DREAMPlace - optimizer step 9.355 ms
[INFO   ] DREAMPlace - iteration  238, (  32,  1,  0), Obj 1.509787E+04, NetCrossing 1.974E+01, NetCrossingWeight 1.000000E+01, DensityWeight 3.697059E+00, HPWL 1.486525E+03, Overflow 1.382258E-02, MaxDensity 1.235E+00, MacroOverlap 4.148E-05, MacroOverlapWeight 8.000000E-06, gamma 2.659493E-02, time 2.611ms
[INFO   ] DREAMPlace - full step 12.945 ms
[DEBUG  ] dreamplace.ops.weighted_average_wirelength.weighted_average_wirelength - wirelength forward 0.123 ms
[DEBUG  ] dreamplace.ops.electric_potential.electric_potential - density forward 1.108 ms
[DEBUG  ] dreamplace.ops.electric_potential.electric_potential - density backward 0.352 ms
[DEBUG  ] dreamplace.ops.weighted_average_wirelength.weighted_average_wirelength - wirelength backward 0.090 ms
[INFO   ] DREAMPlace - optimizer step 7.263 ms
[INFO   ] DREAMPlace - iteration  239, (  32,  1,  1), Obj 1.678547E+04, NetCrossing 2.024E+01, NetCrossingWeight 1.000000E+01, DensityWeight 3.697059E+00, HPWL 1.487439E+03, Overflow 1.381707E-02, MaxDensity 1.235E+00, MacroOverlap 4.084E-05, MacroOverlapWeight 8.000000E-06, gamma 2.659493E-02, time 2.592ms
[INFO   ] DREAMPlace - full step 10.817 ms
[INFO   ] DREAMPlace - Lsub stopping criteria: 1 and 16785.5 > 15097.9 * 0.999
[INFO   ] DREAMPlace - Llambda stopping criteria: 1 and (( 0.0138171 < 0.1 and 1487.44 > 1485.49 ) or 1.23501 < 1.0)
[DEBUG  ] dreamplace.ops.weighted_average_wirelength.weighted_average_wirelength - wirelength forward 0.125 ms
[DEBUG  ] dreamplace.ops.electric_potential.electric_potential - density forward 1.110 ms
[DEBUG  ] dreamplace.ops.electric_potential.electric_potential - density backward 0.448 ms
[DEBUG  ] dreamplace.ops.weighted_average_wirelength.weighted_average_wirelength - wirelength backward 0.125 ms
[INFO   ] DREAMPlace - optimizer step 8.611 ms
[INFO   ] DREAMPlace - iteration  240, (  33,  0,  0), Obj 1.680096E+04, NetCrossing 2.021E+01, NetCrossingWeight 1.000000E+01, DensityWeight 4.163123E+00, HPWL 1.488352E+03, Overflow 1.381209E-02, MaxDensity 1.235E+00, MacroOverlap 4.038E-05, MacroOverlapWeight 8.000000E-06, gamma 2.657397E-02, time 2.624ms
[INFO   ] DREAMPlace - full step 12.130 ms
[DEBUG  ] dreamplace.ops.weighted_average_wirelength.weighted_average_wirelength - wirelength forward 0.123 ms
[DEBUG  ] dreamplace.ops.electric_potential.electric_potential - density forward 1.112 ms
[DEBUG  ] dreamplace.ops.electric_potential.electric_potential - density backward 0.361 ms
[DEBUG  ] dreamplace.ops.weighted_average_wirelength.weighted_average_wirelength - wirelength backward 0.090 ms
[INFO   ] DREAMPlace - optimizer step 7.859 ms
[INFO   ] DREAMPlace - iteration  241, (  33,  0,  1), Obj 1.861311E+04, NetCrossing 2.030E+01, NetCrossingWeight 1.000000E+01, DensityWeight 4.163123E+00, HPWL 1.489343E+03, Overflow 1.381103E-02, MaxDensity 1.235E+00, MacroOverlap 3.996E-05, MacroOverlapWeight 8.000000E-06, gamma 2.657397E-02, time 2.336ms
[INFO   ] DREAMPlace - full step 11.123 ms
[INFO   ] DREAMPlace - Lsub stopping criteria: 1 and 18613.1 > 16801 * 0.999
[DEBUG  ] dreamplace.ops.weighted_average_wirelength.weighted_average_wirelength - wirelength forward 0.128 ms
[DEBUG  ] dreamplace.ops.electric_potential.electric_potential - density forward 1.114 ms
[DEBUG  ] dreamplace.ops.electric_potential.electric_potential - density backward 0.422 ms
[DEBUG  ] dreamplace.ops.weighted_average_wirelength.weighted_average_wirelength - wirelength backward 0.130 ms
[INFO   ] DREAMPlace - optimizer step 8.519 ms
[INFO   ] DREAMPlace - iteration  242, (  33,  1,  0), Obj 1.868516E+04, NetCrossing 2.037E+01, NetCrossingWeight 1.000000E+01, DensityWeight 4.687940E+00, HPWL 1.490297E+03, Overflow 1.380871E-02, MaxDensity 1.235E+00, MacroOverlap 3.964E-05, MacroOverlapWeight 8.000000E-06, gamma 2.657397E-02, time 2.606ms
[INFO   ] DREAMPlace - full step 12.109 ms
[DEBUG  ] dreamplace.ops.weighted_average_wirelength.weighted_average_wirelength - wirelength forward 0.124 ms
[DEBUG  ] dreamplace.ops.electric_potential.electric_potential - density forward 1.157 ms
[DEBUG  ] dreamplace.ops.electric_potential.electric_potential - density backward 0.443 ms
[DEBUG  ] dreamplace.ops.weighted_average_wirelength.weighted_average_wirelength - wirelength backward 0.133 ms
[INFO   ] DREAMPlace - optimizer step 9.512 ms
[INFO   ] DREAMPlace - iteration  243, (  33,  1,  1), Obj 2.072378E+04, NetCrossing 2.045E+01, NetCrossingWeight 1.000000E+01, DensityWeight 4.687940E+00, HPWL 1.491195E+03, Overflow 1.379239E-02, MaxDensity 1.235E+00, MacroOverlap 3.938E-05, MacroOverlapWeight 8.000000E-06, gamma 2.657397E-02, time 2.589ms
[INFO   ] DREAMPlace - full step 13.071 ms
[INFO   ] DREAMPlace - Lsub stopping criteria: 1 and 20723.8 > 18685.2 * 0.999
[INFO   ] DREAMPlace - Llambda stopping criteria: 1 and (( 0.0137924 < 0.1 and 1491.2 > 1489.34 ) or 1.23501 < 1.0)
[DEBUG  ] dreamplace.ops.weighted_average_wirelength.weighted_average_wirelength - wirelength forward 0.123 ms
[DEBUG  ] dreamplace.ops.electric_potential.electric_potential - density forward 1.129 ms
[DEBUG  ] dreamplace.ops.electric_potential.electric_potential - density backward 0.356 ms
[DEBUG  ] dreamplace.ops.weighted_average_wirelength.weighted_average_wirelength - wirelength backward 0.090 ms
[INFO   ] DREAMPlace - optimizer step 7.709 ms
[INFO   ] DREAMPlace - iteration  244, (  34,  0,  0), Obj 2.075642E+04, NetCrossing 2.044E+01, NetCrossingWeight 1.000000E+01, DensityWeight 5.278918E+00, HPWL 1.492043E+03, Overflow 1.378005E-02, MaxDensity 1.235E+00, MacroOverlap 3.904E-05, MacroOverlapWeight 8.000000E-06, gamma 2.657062E-02, time 2.599ms
[INFO   ] DREAMPlace - full step 11.301 ms
[DEBUG  ] dreamplace.ops.weighted_average_wirelength.weighted_average_wirelength - wirelength forward 0.124 ms
[DEBUG  ] dreamplace.ops.electric_potential.electric_potential - density forward 1.123 ms
[DEBUG  ] dreamplace.ops.electric_potential.electric_potential - density backward 0.353 ms
[DEBUG  ] dreamplace.ops.weighted_average_wirelength.weighted_average_wirelength - wirelength backward 0.124 ms
[INFO   ] DREAMPlace - optimizer step 7.800 ms
[INFO   ] DREAMPlace - iteration  245, (  34,  0,  1), Obj 2.298324E+04, NetCrossing 2.049E+01, NetCrossingWeight 1.000000E+01, DensityWeight 5.278918E+00, HPWL 1.492757E+03, Overflow 1.378241E-02, MaxDensity 1.235E+00, MacroOverlap 3.876E-05, MacroOverlapWeight 8.000000E-06, gamma 2.657062E-02, time 2.559ms
[INFO   ] DREAMPlace - full step 11.268 ms
[INFO   ] DREAMPlace - Lsub stopping criteria: 1 and 22983.2 > 20756.4 * 0.999
[DEBUG  ] dreamplace.ops.weighted_average_wirelength.weighted_average_wirelength - wirelength forward 0.123 ms
[DEBUG  ] dreamplace.ops.electric_potential.electric_potential - density forward 1.109 ms
[DEBUG  ] dreamplace.ops.electric_potential.electric_potential - density backward 0.471 ms
[DEBUG  ] dreamplace.ops.weighted_average_wirelength.weighted_average_wirelength - wirelength backward 0.147 ms
[INFO   ] DREAMPlace - optimizer step 9.427 ms
[INFO   ] DREAMPlace - iteration  246, (  34,  1,  0), Obj 2.302362E+04, NetCrossing 2.047E+01, NetCrossingWeight 1.000000E+01, DensityWeight 5.944397E+00, HPWL 1.493364E+03, Overflow 1.377538E-02, MaxDensity 1.235E+00, MacroOverlap 3.845E-05, MacroOverlapWeight 8.000000E-06, gamma 2.657062E-02, time 2.578ms
[INFO   ] DREAMPlace - full step 12.964 ms
[DEBUG  ] dreamplace.ops.weighted_average_wirelength.weighted_average_wirelength - wirelength forward 0.127 ms
[DEBUG  ] dreamplace.ops.electric_potential.electric_potential - density forward 1.118 ms
[DEBUG  ] dreamplace.ops.electric_potential.electric_potential - density backward 0.410 ms
[DEBUG  ] dreamplace.ops.weighted_average_wirelength.weighted_average_wirelength - wirelength backward 0.112 ms
[INFO   ] DREAMPlace - optimizer step 8.521 ms
[INFO   ] DREAMPlace - iteration  247, (  34,  1,  1), Obj 2.556748E+04, NetCrossing 2.003E+01, NetCrossingWeight 1.000000E+01, DensityWeight 5.944397E+00, HPWL 1.493861E+03, Overflow 1.378012E-02, MaxDensity 1.235E+00, MacroOverlap 3.822E-05, MacroOverlapWeight 8.000000E-06, gamma 2.657062E-02, time 2.546ms
[INFO   ] DREAMPlace - full step 11.890 ms
[INFO   ] DREAMPlace - Lsub stopping criteria: 1 and 25567.5 > 23023.6 * 0.999
[INFO   ] DREAMPlace - Llambda stopping criteria: 1 and (( 0.0137801 < 0.1 and 1493.86 > 1492.76 ) or 1.23501 < 1.0)
[DEBUG  ] dreamplace.ops.weighted_average_wirelength.weighted_average_wirelength - wirelength forward 0.097 ms
[DEBUG  ] dreamplace.ops.electric_potential.electric_potential - density forward 0.909 ms
[DEBUG  ] dreamplace.ops.electric_potential.electric_potential - density backward 0.356 ms
[DEBUG  ] dreamplace.ops.weighted_average_wirelength.weighted_average_wirelength - wirelength backward 0.090 ms
[INFO   ] DREAMPlace - optimizer step 6.631 ms
[INFO   ] DREAMPlace - iteration  248, (  35,  0,  0), Obj 2.565793E+04, NetCrossing 2.050E+01, NetCrossingWeight 1.000000E+01, DensityWeight 6.693770E+00, HPWL 1.494275E+03, Overflow 1.376059E-02, MaxDensity 1.235E+00, MacroOverlap 3.795E-05, MacroOverlapWeight 8.000000E-06, gamma 2.656895E-02, time 2.155ms
[INFO   ] DREAMPlace - full step 9.609 ms
[DEBUG  ] dreamplace.ops.weighted_average_wirelength.weighted_average_wirelength - wirelength forward 0.099 ms
[DEBUG  ] dreamplace.ops.electric_potential.electric_potential - density forward 0.901 ms
[DEBUG  ] dreamplace.ops.electric_potential.electric_potential - density backward 0.398 ms
[DEBUG  ] dreamplace.ops.weighted_average_wirelength.weighted_average_wirelength - wirelength backward 0.112 ms
[INFO   ] DREAMPlace - optimizer step 7.752 ms
[INFO   ] DREAMPlace - iteration  249, (  35,  0,  1), Obj 2.848430E+04, NetCrossing 2.053E+01, NetCrossingWeight 1.000000E+01, DensityWeight 6.693770E+00, HPWL 1.494606E+03, Overflow 1.375233E-02, MaxDensity 1.235E+00, MacroOverlap 3.775E-05, MacroOverlapWeight 8.000000E-06, gamma 2.656895E-02, time 2.571ms
[INFO   ] DREAMPlace - full step 11.412 ms
[INFO   ] DREAMPlace - Lsub stopping criteria: 1 and 28484.3 > 25657.9 * 0.999
[DEBUG  ] dreamplace.ops.weighted_average_wirelength.weighted_average_wirelength - wirelength forward 0.148 ms
[DEBUG  ] dreamplace.ops.electric_potential.electric_potential - density forward 1.341 ms
[DEBUG  ] dreamplace.ops.electric_potential.electric_potential - density backward 0.403 ms
[DEBUG  ] dreamplace.ops.weighted_average_wirelength.weighted_average_wirelength - wirelength backward 0.118 ms
[INFO   ] DREAMPlace - optimizer step 9.058 ms
[INFO   ] DREAMPlace - iteration  250, (  35,  1,  0), Obj 2.852857E+04, NetCrossing 2.054E+01, NetCrossingWeight 1.000000E+01, DensityWeight 7.537613E+00, HPWL 1.494886E+03, Overflow 1.372840E-02, MaxDensity 1.235E+00, MacroOverlap 3.755E-05, MacroOverlapWeight 8.000000E-06, gamma 2.656895E-02, time 2.967ms
[INFO   ] DREAMPlace - full step 13.192 ms
[DEBUG  ] dreamplace.ops.weighted_average_wirelength.weighted_average_wirelength - wirelength forward 0.161 ms
[DEBUG  ] dreamplace.ops.electric_potential.electric_potential - density forward 1.027 ms
[DEBUG  ] dreamplace.ops.electric_potential.electric_potential - density backward 0.424 ms
[DEBUG  ] dreamplace.ops.weighted_average_wirelength.weighted_average_wirelength - wirelength backward 0.135 ms
[INFO   ] DREAMPlace - optimizer step 8.868 ms
[INFO   ] DREAMPlace - iteration  251, (  35,  1,  1), Obj 3.172313E+04, NetCrossing 2.057E+01, NetCrossingWeight 1.000000E+01, DensityWeight 7.537613E+00, HPWL 1.495146E+03, Overflow 1.371605E-02, MaxDensity 1.235E+00, MacroOverlap 3.741E-05, MacroOverlapWeight 8.000000E-06, gamma 2.656895E-02, time 3.101ms
[INFO   ] DREAMPlace - full step 13.108 ms
[INFO   ] DREAMPlace - Lsub stopping criteria: 1 and 31723.1 > 28528.6 * 0.999
[INFO   ] DREAMPlace - Llambda stopping criteria: 1 and (( 0.0137161 < 0.1 and 1495.15 > 1494.61 ) or 1.23501 < 1.0)
[DEBUG  ] dreamplace.ops.weighted_average_wirelength.weighted_average_wirelength - wirelength forward 0.152 ms
[DEBUG  ] dreamplace.ops.electric_potential.electric_potential - density forward 1.207 ms
[DEBUG  ] dreamplace.ops.electric_potential.electric_potential - density backward 0.405 ms
[DEBUG  ] dreamplace.ops.weighted_average_wirelength.weighted_average_wirelength - wirelength backward 0.118 ms
[INFO   ] DREAMPlace - optimizer step 8.466 ms
[INFO   ] DREAMPlace - iteration  252, (  36,  0,  0), Obj 3.175724E+04, NetCrossing 2.057E+01, NetCrossingWeight 1.000000E+01, DensityWeight 8.487833E+00, HPWL 1.495405E+03, Overflow 1.370145E-02, MaxDensity 1.235E+00, MacroOverlap 3.727E-05, MacroOverlapWeight 8.000000E-06, gamma 2.656023E-02, time 2.985ms
[INFO   ] DREAMPlace - full step 12.552 ms
[DEBUG  ] dreamplace.ops.weighted_average_wirelength.weighted_average_wirelength - wirelength forward 0.149 ms
[DEBUG  ] dreamplace.ops.electric_potential.electric_potential - density forward 1.346 ms
[DEBUG  ] dreamplace.ops.electric_potential.electric_potential - density backward 0.418 ms
[DEBUG  ] dreamplace.ops.weighted_average_wirelength.weighted_average_wirelength - wirelength backward 0.126 ms
[INFO   ] DREAMPlace - optimizer step 9.709 ms
[INFO   ] DREAMPlace - iteration  253, (  36,  0,  1), Obj 3.532643E+04, NetCrossing 2.061E+01, NetCrossingWeight 1.000000E+01, DensityWeight 8.487833E+00, HPWL 1.495595E+03, Overflow 1.372407E-02, MaxDensity 1.235E+00, MacroOverlap 3.723E-05, MacroOverlapWeight 8.000000E-06, gamma 2.656023E-02, time 3.127ms
[INFO   ] DREAMPlace - full step 13.915 ms
[INFO   ] DREAMPlace - Lsub stopping criteria: 1 and 35326.4 > 31757.2 * 0.999
[DEBUG  ] dreamplace.ops.weighted_average_wirelength.weighted_average_wirelength - wirelength forward 0.156 ms
[DEBUG  ] dreamplace.ops.electric_potential.electric_potential - density forward 0.922 ms
[DEBUG  ] dreamplace.ops.electric_potential.electric_potential - density backward 0.400 ms
[DEBUG  ] dreamplace.ops.weighted_average_wirelength.weighted_average_wirelength - wirelength backward 0.111 ms
[INFO   ] DREAMPlace - optimizer step 8.139 ms
[INFO   ] DREAMPlace - iteration  254, (  36,  1,  0), Obj 3.541907E+04, NetCrossing 2.055E+01, NetCrossingWeight 1.000000E+01, DensityWeight 9.557841E+00, HPWL 1.495781E+03, Overflow 1.373472E-02, MaxDensity 1.235E+00, MacroOverlap 3.714E-05, MacroOverlapWeight 8.000000E-06, gamma 2.656023E-02, time 3.052ms
[INFO   ] DREAMPlace - full step 12.320 ms
[DEBUG  ] dreamplace.ops.weighted_average_wirelength.weighted_average_wirelength - wirelength forward 0.105 ms
[DEBUG  ] dreamplace.ops.electric_potential.electric_potential - density forward 0.906 ms
[DEBUG  ] dreamplace.ops.electric_potential.electric_potential - density backward 0.413 ms
[DEBUG  ] dreamplace.ops.weighted_average_wirelength.weighted_average_wirelength - wirelength backward 0.133 ms
[INFO   ] DREAMPlace - optimizer step 8.744 ms
[INFO   ] DREAMPlace - iteration  255, (  36,  1,  1), Obj 3.940060E+04, NetCrossing 2.058E+01, NetCrossingWeight 1.000000E+01, DensityWeight 9.557841E+00, HPWL 1.495935E+03, Overflow 1.374421E-02, MaxDensity 1.235E+00, MacroOverlap 3.711E-05, MacroOverlapWeight 8.000000E-06, gamma 2.656023E-02, time 2.736ms
[INFO   ] DREAMPlace - full step 12.565 ms
[INFO   ] DREAMPlace - Lsub stopping criteria: 1 and 39400.6 > 35419.1 * 0.999
[INFO   ] DREAMPlace - Llambda stopping criteria: 1 and (( 0.0137442 < 0.1 and 1495.93 > 1495.59 ) or 1.23501 < 1.0)
[DEBUG  ] dreamplace.ops.weighted_average_wirelength.weighted_average_wirelength - wirelength forward 0.100 ms
[DEBUG  ] dreamplace.ops.electric_potential.electric_potential - density forward 0.932 ms
[DEBUG  ] dreamplace.ops.electric_potential.electric_potential - density backward 0.409 ms
[DEBUG  ] dreamplace.ops.weighted_average_wirelength.weighted_average_wirelength - wirelength backward 0.117 ms
[INFO   ] DREAMPlace - optimizer step 8.514 ms
[INFO   ] DREAMPlace - iteration  256, (  37,  0,  0), Obj 3.936455E+04, NetCrossing 2.053E+01, NetCrossingWeight 1.000000E+01, DensityWeight 1.076274E+01, HPWL 1.496089E+03, Overflow 1.375660E-02, MaxDensity 1.235E+00, MacroOverlap 3.705E-05, MacroOverlapWeight 8.000000E-06, gamma 2.656406E-02, time 2.179ms
[INFO   ] DREAMPlace - full step 11.647 ms
[DEBUG  ] dreamplace.ops.weighted_average_wirelength.weighted_average_wirelength - wirelength forward 0.115 ms
[DEBUG  ] dreamplace.ops.electric_potential.electric_potential - density forward 1.051 ms
[DEBUG  ] dreamplace.ops.electric_potential.electric_potential - density backward 0.413 ms
[DEBUG  ] dreamplace.ops.weighted_average_wirelength.weighted_average_wirelength - wirelength backward 0.117 ms
[INFO   ] DREAMPlace - optimizer step 8.347 ms
[INFO   ] DREAMPlace - iteration  257, (  37,  0,  1), Obj 4.386869E+04, NetCrossing 1.964E+01, NetCrossingWeight 1.000000E+01, DensityWeight 1.076274E+01, HPWL 1.496270E+03, Overflow 1.379733E-02, MaxDensity 1.235E+00, MacroOverlap 3.702E-05, MacroOverlapWeight 8.000000E-06, gamma 2.656406E-02, time 3.006ms
[INFO   ] DREAMPlace - full step 12.462 ms
[INFO   ] DREAMPlace - Lsub stopping criteria: 1 and 43868.7 > 39364.5 * 0.999
[DEBUG  ] dreamplace.ops.weighted_average_wirelength.weighted_average_wirelength - wirelength forward 0.104 ms
[DEBUG  ] dreamplace.ops.electric_potential.electric_potential - density forward 0.919 ms
[DEBUG  ] dreamplace.ops.electric_potential.electric_potential - density backward 0.407 ms
[DEBUG  ] dreamplace.ops.weighted_average_wirelength.weighted_average_wirelength - wirelength backward 0.126 ms
[INFO   ] DREAMPlace - optimizer step 7.759 ms
[INFO   ] DREAMPlace - iteration  258, (  37,  1,  0), Obj 4.404523E+04, NetCrossing 2.050E+01, NetCrossingWeight 1.000000E+01, DensityWeight 1.211953E+01, HPWL 1.496418E+03, Overflow 1.383568E-02, MaxDensity 1.235E+00, MacroOverlap 3.698E-05, MacroOverlapWeight 8.000000E-06, gamma 2.656406E-02, time 2.429ms
[INFO   ] DREAMPlace - full step 11.216 ms
[DEBUG  ] dreamplace.ops.weighted_average_wirelength.weighted_average_wirelength - wirelength forward 0.135 ms
[DEBUG  ] dreamplace.ops.electric_potential.electric_potential - density forward 1.180 ms
[DEBUG  ] dreamplace.ops.electric_potential.electric_potential - density backward 0.362 ms
[DEBUG  ] dreamplace.ops.weighted_average_wirelength.weighted_average_wirelength - wirelength backward 0.092 ms
[INFO   ] DREAMPlace - optimizer step 8.153 ms
[INFO   ] DREAMPlace - iteration  259, (  37,  1,  1), Obj 4.891733E+04, NetCrossing 1.961E+01, NetCrossingWeight 1.000000E+01, DensityWeight 1.211953E+01, HPWL 1.496547E+03, Overflow 1.384539E-02, MaxDensity 1.235E+00, MacroOverlap 3.690E-05, MacroOverlapWeight 8.000000E-06, gamma 2.656406E-02, time 2.719ms
[INFO   ] DREAMPlace - full step 11.943 ms
[INFO   ] DREAMPlace - Lsub stopping criteria: 1 and 48917.3 > 44045.2 * 0.999
[INFO   ] DREAMPlace - Llambda stopping criteria: 1 and (( 0.0138454 < 0.1 and 1496.55 > 1496.27 ) or 1.23501 < 1.0)
[DEBUG  ] dreamplace.ops.weighted_average_wirelength.weighted_average_wirelength - wirelength forward 0.129 ms
[DEBUG  ] dreamplace.ops.electric_potential.electric_potential - density forward 1.168 ms
[DEBUG  ] dreamplace.ops.electric_potential.electric_potential - density backward 0.415 ms
[DEBUG  ] dreamplace.ops.weighted_average_wirelength.weighted_average_wirelength - wirelength backward 0.120 ms
[INFO   ] DREAMPlace - optimizer step 8.664 ms
[INFO   ] DREAMPlace - iteration  260, (  38,  0,  0), Obj 4.891046E+04, NetCrossing 2.051E+01, NetCrossingWeight 1.000000E+01, DensityWeight 1.364737E+01, HPWL 1.496739E+03, Overflow 1.386349E-02, MaxDensity 1.235E+00, MacroOverlap 3.682E-05, MacroOverlapWeight 8.000000E-06, gamma 2.657782E-02, time 2.712ms
[INFO   ] DREAMPlace - full step 12.354 ms
[DEBUG  ] dreamplace.ops.weighted_average_wirelength.weighted_average_wirelength - wirelength forward 0.131 ms
[DEBUG  ] dreamplace.ops.electric_potential.electric_potential - density forward 1.174 ms
[DEBUG  ] dreamplace.ops.electric_potential.electric_potential - density backward 0.363 ms
[DEBUG  ] dreamplace.ops.weighted_average_wirelength.weighted_average_wirelength - wirelength backward 0.094 ms
[INFO   ] DREAMPlace - optimizer step 8.094 ms
[INFO   ] DREAMPlace - iteration  261, (  38,  0,  1), Obj 5.457736E+04, NetCrossing 2.050E+01, NetCrossingWeight 1.000000E+01, DensityWeight 1.364737E+01, HPWL 1.496961E+03, Overflow 1.387596E-02, MaxDensity 1.235E+00, MacroOverlap 3.674E-05, MacroOverlapWeight 8.000000E-06, gamma 2.657782E-02, time 2.734ms
[INFO   ] DREAMPlace - full step 11.811 ms
[INFO   ] DREAMPlace - Lsub stopping criteria: 1 and 54577.4 > 48910.5 * 0.999
[DEBUG  ] dreamplace.ops.weighted_average_wirelength.weighted_average_wirelength - wirelength forward 0.129 ms
[DEBUG  ] dreamplace.ops.electric_potential.electric_potential - density forward 1.180 ms
[DEBUG  ] dreamplace.ops.electric_potential.electric_potential - density backward 0.361 ms
[DEBUG  ] dreamplace.ops.weighted_average_wirelength.weighted_average_wirelength - wirelength backward 0.095 ms
[INFO   ] DREAMPlace - optimizer step 8.283 ms
[INFO   ] DREAMPlace - iteration  262, (  38,  1,  0), Obj 5.463177E+04, NetCrossing 2.045E+01, NetCrossingWeight 1.000000E+01, DensityWeight 1.536781E+01, HPWL 1.497148E+03, Overflow 1.389447E-02, MaxDensity 1.235E+00, MacroOverlap 3.664E-05, MacroOverlapWeight 8.000000E-06, gamma 2.657782E-02, time 2.709ms
[INFO   ] DREAMPlace - full step 11.957 ms
[DEBUG  ] dreamplace.ops.weighted_average_wirelength.weighted_average_wirelength - wirelength forward 0.128 ms
[DEBUG  ] dreamplace.ops.electric_potential.electric_potential - density forward 1.179 ms
[DEBUG  ] dreamplace.ops.electric_potential.electric_potential - density backward 0.434 ms
[DEBUG  ] dreamplace.ops.weighted_average_wirelength.weighted_average_wirelength - wirelength backward 0.125 ms
[INFO   ] DREAMPlace - optimizer step 9.577 ms
[INFO   ] DREAMPlace - iteration  263, (  38,  1,  1), Obj 6.085934E+04, NetCrossing 2.050E+01, NetCrossingWeight 1.000000E+01, DensityWeight 1.536781E+01, HPWL 1.497391E+03, Overflow 1.389583E-02, MaxDensity 1.235E+00, MacroOverlap 3.656E-05, MacroOverlapWeight 8.000000E-06, gamma 2.657782E-02, time 2.675ms
[INFO   ] DREAMPlace - full step 13.201 ms
[INFO   ] DREAMPlace - Lsub stopping criteria: 1 and 60859.3 > 54631.8 * 0.999
[INFO   ] DREAMPlace - Llambda stopping criteria: 1 and (( 0.0138958 < 0.1 and 1497.39 > 1496.96 ) or 1.23501 < 1.0)
[DEBUG  ] dreamplace.ops.weighted_average_wirelength.weighted_average_wirelength - wirelength forward 0.123 ms
[DEBUG  ] dreamplace.ops.electric_potential.electric_potential - density forward 1.075 ms
[DEBUG  ] dreamplace.ops.electric_potential.electric_potential - density backward 0.430 ms
[DEBUG  ] dreamplace.ops.weighted_average_wirelength.weighted_average_wirelength - wirelength backward 0.124 ms
[INFO   ] DREAMPlace - optimizer step 9.403 ms
[INFO   ] DREAMPlace - iteration  264, (  39,  0,  0), Obj 6.096471E+04, NetCrossing 2.047E+01, NetCrossingWeight 1.000000E+01, DensityWeight 1.730513E+01, HPWL 1.497598E+03, Overflow 1.388347E-02, MaxDensity 1.235E+00, MacroOverlap 3.649E-05, MacroOverlapWeight 8.000000E-06, gamma 2.658468E-02, time 2.509ms
[INFO   ] DREAMPlace - full step 12.805 ms
[DEBUG  ] dreamplace.ops.weighted_average_wirelength.weighted_average_wirelength - wirelength forward 0.118 ms
[DEBUG  ] dreamplace.ops.electric_potential.electric_potential - density forward 1.055 ms
[DEBUG  ] dreamplace.ops.electric_potential.electric_potential - density backward 0.414 ms
[DEBUG  ] dreamplace.ops.weighted_average_wirelength.weighted_average_wirelength - wirelength backward 0.124 ms
[INFO   ] DREAMPlace - optimizer step 8.188 ms
[INFO   ] DREAMPlace - iteration  265, (  39,  0,  1), Obj 6.798906E+04, NetCrossing 2.044E+01, NetCrossingWeight 1.000000E+01, DensityWeight 1.730513E+01, HPWL 1.497809E+03, Overflow 1.385271E-02, MaxDensity 1.235E+00, MacroOverlap 3.643E-05, MacroOverlapWeight 8.000000E-06, gamma 2.658468E-02, time 2.444ms
[INFO   ] DREAMPlace - full step 11.518 ms
[INFO   ] DREAMPlace - Lsub stopping criteria: 1 and 67989.1 > 60964.7 * 0.999
[DEBUG  ] dreamplace.ops.weighted_average_wirelength.weighted_average_wirelength - wirelength forward 0.117 ms
[DEBUG  ] dreamplace.ops.electric_potential.electric_potential - density forward 1.059 ms
[DEBUG  ] dreamplace.ops.electric_potential.electric_potential - density backward 0.428 ms
[DEBUG  ] dreamplace.ops.weighted_average_wirelength.weighted_average_wirelength - wirelength backward 0.124 ms
[INFO   ] DREAMPlace - optimizer step 8.205 ms
[INFO   ] DREAMPlace - iteration  266, (  39,  1,  0), Obj 6.815520E+04, NetCrossing 1.983E+01, NetCrossingWeight 1.000000E+01, DensityWeight 1.948668E+01, HPWL 1.498010E+03, Overflow 1.382913E-02, MaxDensity 1.235E+00, MacroOverlap 3.639E-05, MacroOverlapWeight 8.000000E-06, gamma 2.658468E-02, time 2.461ms
[INFO   ] DREAMPlace - full step 11.540 ms
[DEBUG  ] dreamplace.ops.weighted_average_wirelength.weighted_average_wirelength - wirelength forward 0.115 ms
[DEBUG  ] dreamplace.ops.electric_potential.electric_potential - density forward 1.049 ms
[DEBUG  ] dreamplace.ops.electric_potential.electric_potential - density backward 0.418 ms
[DEBUG  ] dreamplace.ops.weighted_average_wirelength.weighted_average_wirelength - wirelength backward 0.121 ms
[INFO   ] DREAMPlace - optimizer step 8.326 ms
[INFO   ] DREAMPlace - iteration  267, (  39,  1,  1), Obj 7.602872E+04, NetCrossing 2.042E+01, NetCrossingWeight 1.000000E+01, DensityWeight 1.948668E+01, HPWL 1.498226E+03, Overflow 1.382677E-02, MaxDensity 1.235E+00, MacroOverlap 3.642E-05, MacroOverlapWeight 8.000000E-06, gamma 2.658468E-02, time 2.419ms
[INFO   ] DREAMPlace - full step 11.708 ms
[INFO   ] DREAMPlace - Lsub stopping criteria: 1 and 76028.7 > 68155.2 * 0.999
[INFO   ] DREAMPlace - Llambda stopping criteria: 1 and (( 0.0138268 < 0.1 and 1498.23 > 1497.81 ) or 1.23501 < 1.0)
[DEBUG  ] dreamplace.ops.weighted_average_wirelength.weighted_average_wirelength - wirelength forward 0.141 ms
[DEBUG  ] dreamplace.ops.electric_potential.electric_potential - density forward 1.241 ms
[DEBUG  ] dreamplace.ops.electric_potential.electric_potential - density backward 0.414 ms
[DEBUG  ] dreamplace.ops.weighted_average_wirelength.weighted_average_wirelength - wirelength backward 0.119 ms
[INFO   ] DREAMPlace - optimizer step 9.147 ms
[INFO   ] DREAMPlace - iteration  268, (  40,  0,  0), Obj 7.628119E+04, NetCrossing 2.042E+01, NetCrossingWeight 1.000000E+01, DensityWeight 2.194325E+01, HPWL 1.498417E+03, Overflow 1.382655E-02, MaxDensity 1.235E+00, MacroOverlap 3.641E-05, MacroOverlapWeight 8.000000E-06, gamma 2.657529E-02, time 2.906ms
[INFO   ] DREAMPlace - full step 13.139 ms
[DEBUG  ] dreamplace.ops.weighted_average_wirelength.weighted_average_wirelength - wirelength forward 0.142 ms
[DEBUG  ] dreamplace.ops.electric_potential.electric_potential - density forward 1.116 ms
[DEBUG  ] dreamplace.ops.electric_potential.electric_potential - density backward 0.409 ms
[DEBUG  ] dreamplace.ops.weighted_average_wirelength.weighted_average_wirelength - wirelength backward 0.118 ms
[INFO   ] DREAMPlace - optimizer step 8.749 ms
[INFO   ] DREAMPlace - iteration  269, (  40,  0,  1), Obj 8.533845E+04, NetCrossing 2.039E+01, NetCrossingWeight 1.000000E+01, DensityWeight 2.194325E+01, HPWL 1.498628E+03, Overflow 1.384054E-02, MaxDensity 1.235E+00, MacroOverlap 3.643E-05, MacroOverlapWeight 8.000000E-06, gamma 2.657529E-02, time 2.841ms
[INFO   ] DREAMPlace - full step 12.623 ms
[INFO   ] DREAMPlace - Lsub stopping criteria: 1 and 85338.5 > 76281.2 * 0.999
[DEBUG  ] dreamplace.ops.weighted_average_wirelength.weighted_average_wirelength - wirelength forward 0.140 ms
[DEBUG  ] dreamplace.ops.electric_potential.electric_potential - density forward 1.201 ms
[DEBUG  ] dreamplace.ops.electric_potential.electric_potential - density backward 0.433 ms
[DEBUG  ] dreamplace.ops.weighted_average_wirelength.weighted_average_wirelength - wirelength backward 0.121 ms
[INFO   ] DREAMPlace - optimizer step 8.912 ms
[INFO   ] DREAMPlace - iteration  270, (  40,  1,  0), Obj 8.531906E+04, NetCrossing 2.014E+01, NetCrossingWeight 1.000000E+01, DensityWeight 2.470950E+01, HPWL 1.498820E+03, Overflow 1.384270E-02, MaxDensity 1.235E+00, MacroOverlap 3.645E-05, MacroOverlapWeight 8.000000E-06, gamma 2.657529E-02, time 2.677ms
[INFO   ] DREAMPlace - full step 12.566 ms
[DEBUG  ] dreamplace.ops.weighted_average_wirelength.weighted_average_wirelength - wirelength forward 0.127 ms
[DEBUG  ] dreamplace.ops.electric_potential.electric_potential - density forward 1.146 ms
[DEBUG  ] dreamplace.ops.electric_potential.electric_potential - density backward 0.416 ms
[DEBUG  ] dreamplace.ops.weighted_average_wirelength.weighted_average_wirelength - wirelength backward 0.119 ms
[INFO   ] DREAMPlace - optimizer step 8.754 ms
[INFO   ] DREAMPlace - iteration  271, (  40,  1,  1), Obj 9.532506E+04, NetCrossing 2.040E+01, NetCrossingWeight 1.000000E+01, DensityWeight 2.470950E+01, HPWL 1.499056E+03, Overflow 1.384432E-02, MaxDensity 1.235E+00, MacroOverlap 3.647E-05, MacroOverlapWeight 8.000000E-06, gamma 2.657529E-02, time 2.703ms
[INFO   ] DREAMPlace - full step 12.411 ms
[INFO   ] DREAMPlace - Lsub stopping criteria: 1 and 95325.1 > 85319.1 * 0.999
[INFO   ] DREAMPlace - Llambda stopping criteria: 1 and (( 0.0138443 < 0.1 and 1499.06 > 1498.63 ) or 1.23501 < 1.0)
[DEBUG  ] dreamplace.ops.weighted_average_wirelength.weighted_average_wirelength - wirelength forward 0.127 ms
[DEBUG  ] dreamplace.ops.electric_potential.electric_potential - density forward 1.143 ms
[DEBUG  ] dreamplace.ops.electric_potential.electric_potential - density backward 0.413 ms
[DEBUG  ] dreamplace.ops.weighted_average_wirelength.weighted_average_wirelength - wirelength backward 0.120 ms
[INFO   ] DREAMPlace - optimizer step 8.697 ms
[INFO   ] DREAMPlace - iteration  272, (  41,  0,  0), Obj 9.552629E+04, NetCrossing 2.045E+01, NetCrossingWeight 1.000000E+01, DensityWeight 2.782448E+01, HPWL 1.499274E+03, Overflow 1.386408E-02, MaxDensity 1.235E+00, MacroOverlap 3.654E-05, MacroOverlapWeight 8.000000E-06, gamma 2.657768E-02, time 2.660ms
[INFO   ] DREAMPlace - full step 12.293 ms
[DEBUG  ] dreamplace.ops.weighted_average_wirelength.weighted_average_wirelength - wirelength forward 0.130 ms
[DEBUG  ] dreamplace.ops.electric_potential.electric_potential - density forward 1.160 ms
[DEBUG  ] dreamplace.ops.electric_potential.electric_potential - density backward 0.399 ms
[DEBUG  ] dreamplace.ops.weighted_average_wirelength.weighted_average_wirelength - wirelength backward 0.118 ms
[INFO   ] DREAMPlace - optimizer step 8.579 ms
[INFO   ] DREAMPlace - iteration  273, (  41,  0,  1), Obj 1.068618E+05, NetCrossing 2.048E+01, NetCrossingWeight 1.000000E+01, DensityWeight 2.782448E+01, HPWL 1.499614E+03, Overflow 1.387865E-02, MaxDensity 1.235E+00, MacroOverlap 3.655E-05, MacroOverlapWeight 8.000000E-06, gamma 2.657768E-02, time 2.684ms
[INFO   ] DREAMPlace - full step 12.292 ms
[INFO   ] DREAMPlace - Lsub stopping criteria: 1 and 106862 > 95526.3 * 0.999
[DEBUG  ] dreamplace.ops.weighted_average_wirelength.weighted_average_wirelength - wirelength forward 0.129 ms
[DEBUG  ] dreamplace.ops.electric_potential.electric_potential - density forward 1.185 ms
[DEBUG  ] dreamplace.ops.electric_potential.electric_potential - density backward 0.514 ms
[DEBUG  ] dreamplace.ops.weighted_average_wirelength.weighted_average_wirelength - wirelength backward 0.165 ms
[INFO   ] DREAMPlace - optimizer step 10.196 ms
[INFO   ] DREAMPlace - iteration  274, (  41,  1,  0), Obj 1.068023E+05, NetCrossing 2.054E+01, NetCrossingWeight 1.000000E+01, DensityWeight 3.133214E+01, HPWL 1.499876E+03, Overflow 1.387952E-02, MaxDensity 1.235E+00, MacroOverlap 3.661E-05, MacroOverlapWeight 8.000000E-06, gamma 2.657768E-02, time 2.687ms
[INFO   ] DREAMPlace - full step 13.861 ms
[DEBUG  ] dreamplace.ops.weighted_average_wirelength.weighted_average_wirelength - wirelength forward 0.127 ms
[DEBUG  ] dreamplace.ops.electric_potential.electric_potential - density forward 1.145 ms
[DEBUG  ] dreamplace.ops.electric_potential.electric_potential - density backward 0.413 ms
[DEBUG  ] dreamplace.ops.weighted_average_wirelength.weighted_average_wirelength - wirelength backward 0.115 ms
[INFO   ] DREAMPlace - optimizer step 8.695 ms
[INFO   ] DREAMPlace - iteration  275, (  41,  1,  1), Obj 1.194237E+05, NetCrossing 2.055E+01, NetCrossingWeight 1.000000E+01, DensityWeight 3.133214E+01, HPWL 1.500132E+03, Overflow 1.386787E-02, MaxDensity 1.235E+00, MacroOverlap 3.662E-05, MacroOverlapWeight 8.000000E-06, gamma 2.657768E-02, time 2.686ms
[INFO   ] DREAMPlace - full step 12.346 ms
[INFO   ] DREAMPlace - Lsub stopping criteria: 1 and 119424 > 106802 * 0.999
[INFO   ] DREAMPlace - Llambda stopping criteria: 1 and (( 0.0138679 < 0.1 and 1500.13 > 1499.61 ) or 1.23501 < 1.0)
[DEBUG  ] dreamplace.ops.weighted_average_wirelength.weighted_average_wirelength - wirelength forward 0.133 ms
[DEBUG  ] dreamplace.ops.electric_potential.electric_potential - density forward 1.188 ms
[DEBUG  ] dreamplace.ops.electric_potential.electric_potential - density backward 0.416 ms
[DEBUG  ] dreamplace.ops.weighted_average_wirelength.weighted_average_wirelength - wirelength backward 0.113 ms
[INFO   ] DREAMPlace - optimizer step 8.811 ms
[INFO   ] DREAMPlace - iteration  276, (  42,  0,  0), Obj 1.195060E+05, NetCrossing 2.060E+01, NetCrossingWeight 1.000000E+01, DensityWeight 3.528199E+01, HPWL 1.500351E+03, Overflow 1.385077E-02, MaxDensity 1.235E+00, MacroOverlap 3.661E-05, MacroOverlapWeight 8.000000E-06, gamma 2.658088E-02, time 2.707ms
[INFO   ] DREAMPlace - full step 12.466 ms
[DEBUG  ] dreamplace.ops.weighted_average_wirelength.weighted_average_wirelength - wirelength forward 0.130 ms
[DEBUG  ] dreamplace.ops.electric_potential.electric_potential - density forward 1.159 ms
[DEBUG  ] dreamplace.ops.electric_potential.electric_potential - density backward 0.408 ms
[DEBUG  ] dreamplace.ops.weighted_average_wirelength.weighted_average_wirelength - wirelength backward 0.120 ms
[INFO   ] DREAMPlace - optimizer step 8.660 ms
[INFO   ] DREAMPlace - iteration  277, (  42,  0,  1), Obj 1.336052E+05, NetCrossing 2.056E+01, NetCrossingWeight 1.000000E+01, DensityWeight 3.528199E+01, HPWL 1.500566E+03, Overflow 1.381981E-02, MaxDensity 1.235E+00, MacroOverlap 3.662E-05, MacroOverlapWeight 8.000000E-06, gamma 2.658088E-02, time 2.705ms
[INFO   ] DREAMPlace - full step 12.320 ms
[INFO   ] DREAMPlace - Lsub stopping criteria: 1 and 133605 > 119506 * 0.999
[DEBUG  ] dreamplace.ops.weighted_average_wirelength.weighted_average_wirelength - wirelength forward 0.127 ms
[DEBUG  ] dreamplace.ops.electric_potential.electric_potential - density forward 1.155 ms
[DEBUG  ] dreamplace.ops.electric_potential.electric_potential - density backward 0.406 ms
[DEBUG  ] dreamplace.ops.weighted_average_wirelength.weighted_average_wirelength - wirelength backward 0.115 ms
[INFO   ] DREAMPlace - optimizer step 8.947 ms
[INFO   ] DREAMPlace - iteration  278, (  42,  1,  0), Obj 1.336927E+05, NetCrossing 2.067E+01, NetCrossingWeight 1.000000E+01, DensityWeight 3.972977E+01, HPWL 1.500755E+03, Overflow 1.378868E-02, MaxDensity 1.235E+00, MacroOverlap 3.655E-05, MacroOverlapWeight 8.000000E-06, gamma 2.658088E-02, time 2.644ms
[INFO   ] DREAMPlace - full step 12.537 ms
[DEBUG  ] dreamplace.ops.weighted_average_wirelength.weighted_average_wirelength - wirelength forward 0.126 ms
[DEBUG  ] dreamplace.ops.electric_potential.electric_potential - density forward 1.147 ms
[DEBUG  ] dreamplace.ops.electric_potential.electric_potential - density backward 0.411 ms
[DEBUG  ] dreamplace.ops.weighted_average_wirelength.weighted_average_wirelength - wirelength backward 0.132 ms
[INFO   ] DREAMPlace - optimizer step 8.644 ms
[INFO   ] DREAMPlace - iteration  279, (  42,  1,  1), Obj 1.493708E+05, NetCrossing 2.066E+01, NetCrossingWeight 1.000000E+01, DensityWeight 3.972977E+01, HPWL 1.501008E+03, Overflow 1.376984E-02, MaxDensity 1.235E+00, MacroOverlap 3.652E-05, MacroOverlapWeight 8.000000E-06, gamma 2.658088E-02, time 2.654ms
[INFO   ] DREAMPlace - full step 12.266 ms
[INFO   ] DREAMPlace - Lsub stopping criteria: 1 and 149371 > 133693 * 0.999
[INFO   ] DREAMPlace - Llambda stopping criteria: 1 and (( 0.0137698 < 0.1 and 1501.01 > 1500.57 ) or 1.23501 < 1.0)
[DEBUG  ] dreamplace.ops.weighted_average_wirelength.weighted_average_wirelength - wirelength forward 0.127 ms
[DEBUG  ] dreamplace.ops.electric_potential.electric_potential - density forward 1.175 ms
[DEBUG  ] dreamplace.ops.electric_potential.electric_potential - density backward 0.411 ms
[DEBUG  ] dreamplace.ops.weighted_average_wirelength.weighted_average_wirelength - wirelength backward 0.119 ms
[INFO   ] DREAMPlace - optimizer step 8.701 ms
[INFO   ] DREAMPlace - iteration  280, (  43,  0,  0), Obj 1.492057E+05, NetCrossing 2.071E+01, NetCrossingWeight 1.000000E+01, DensityWeight 4.473825E+01, HPWL 1.501292E+03, Overflow 1.374367E-02, MaxDensity 1.235E+00, MacroOverlap 3.646E-05, MacroOverlapWeight 8.000000E-06, gamma 2.656755E-02, time 2.653ms
[INFO   ] DREAMPlace - full step 12.299 ms
[DEBUG  ] dreamplace.ops.weighted_average_wirelength.weighted_average_wirelength - wirelength forward 0.127 ms
[DEBUG  ] dreamplace.ops.electric_potential.electric_potential - density forward 1.151 ms
[DEBUG  ] dreamplace.ops.electric_potential.electric_potential - density backward 0.409 ms
[DEBUG  ] dreamplace.ops.weighted_average_wirelength.weighted_average_wirelength - wirelength backward 0.117 ms
[INFO   ] DREAMPlace - optimizer step 8.642 ms
[INFO   ] DREAMPlace - iteration  281, (  43,  0,  1), Obj 1.669923E+05, NetCrossing 1.974E+01, NetCrossingWeight 1.000000E+01, DensityWeight 4.473825E+01, HPWL 1.501599E+03, Overflow 1.370248E-02, MaxDensity 1.235E+00, MacroOverlap 3.643E-05, MacroOverlapWeight 8.000000E-06, gamma 2.656755E-02, time 2.672ms
[INFO   ] DREAMPlace - full step 12.278 ms
[INFO   ] DREAMPlace - Lsub stopping criteria: 1 and 166992 > 149206 * 0.999
[DEBUG  ] dreamplace.ops.weighted_average_wirelength.weighted_average_wirelength - wirelength forward 0.130 ms
[DEBUG  ] dreamplace.ops.electric_potential.electric_potential - density forward 1.152 ms
[DEBUG  ] dreamplace.ops.electric_potential.electric_potential - density backward 0.406 ms
[DEBUG  ] dreamplace.ops.weighted_average_wirelength.weighted_average_wirelength - wirelength backward 0.112 ms
[INFO   ] DREAMPlace - optimizer step 8.642 ms
[INFO   ] DREAMPlace - iteration  282, (  43,  1,  0), Obj 1.671278E+05, NetCrossing 2.067E+01, NetCrossingWeight 1.000000E+01, DensityWeight 5.037813E+01, HPWL 1.501866E+03, Overflow 1.366356E-02, MaxDensity 1.235E+00, MacroOverlap 3.634E-05, MacroOverlapWeight 8.000000E-06, gamma 2.656755E-02, time 2.688ms
[INFO   ] DREAMPlace - full step 12.338 ms
[DEBUG  ] dreamplace.ops.weighted_average_wirelength.weighted_average_wirelength - wirelength forward 0.128 ms
[DEBUG  ] dreamplace.ops.electric_potential.electric_potential - density forward 1.150 ms
[DEBUG  ] dreamplace.ops.electric_potential.electric_potential - density backward 0.352 ms
[DEBUG  ] dreamplace.ops.weighted_average_wirelength.weighted_average_wirelength - wirelength backward 0.091 ms
[INFO   ] DREAMPlace - optimizer step 7.906 ms
[INFO   ] DREAMPlace - iteration  283, (  43,  1,  1), Obj 1.873510E+05, NetCrossing 2.070E+01, NetCrossingWeight 1.000000E+01, DensityWeight 5.037813E+01, HPWL 1.502144E+03, Overflow 1.362741E-02, MaxDensity 1.235E+00, MacroOverlap 3.627E-05, MacroOverlapWeight 8.000000E-06, gamma 2.656755E-02, time 2.655ms
[INFO   ] DREAMPlace - full step 11.552 ms
[INFO   ] DREAMPlace - Lsub stopping criteria: 1 and 187351 > 167128 * 0.999
[INFO   ] DREAMPlace - Llambda stopping criteria: 1 and (( 0.0136274 < 0.1 and 1502.14 > 1501.6 ) or 1.23501 < 1.0)
[DEBUG  ] dreamplace.ops.weighted_average_wirelength.weighted_average_wirelength - wirelength forward 0.132 ms
[DEBUG  ] dreamplace.ops.electric_potential.electric_potential - density forward 1.179 ms
[DEBUG  ] dreamplace.ops.electric_potential.electric_potential - density backward 0.466 ms
[DEBUG  ] dreamplace.ops.weighted_average_wirelength.weighted_average_wirelength - wirelength backward 0.147 ms
[INFO   ] DREAMPlace - optimizer step 9.475 ms
[INFO   ] DREAMPlace - iteration  284, (  44,  0,  0), Obj 1.877334E+05, NetCrossing 2.073E+01, NetCrossingWeight 1.000000E+01, DensityWeight 5.672899E+01, HPWL 1.502373E+03, Overflow 1.359764E-02, MaxDensity 1.235E+00, MacroOverlap 3.619E-05, MacroOverlapWeight 8.000000E-06, gamma 2.654819E-02, time 2.722ms
[INFO   ] DREAMPlace - full step 13.199 ms
[DEBUG  ] dreamplace.ops.weighted_average_wirelength.weighted_average_wirelength - wirelength forward 0.131 ms
[DEBUG  ] dreamplace.ops.electric_potential.electric_potential - density forward 1.157 ms
[DEBUG  ] dreamplace.ops.electric_potential.electric_potential - density backward 0.404 ms
[DEBUG  ] dreamplace.ops.weighted_average_wirelength.weighted_average_wirelength - wirelength backward 0.113 ms
[INFO   ] DREAMPlace - optimizer step 8.520 ms
[INFO   ] DREAMPlace - iteration  285, (  44,  0,  1), Obj 2.095607E+05, NetCrossing 2.071E+01, NetCrossingWeight 1.000000E+01, DensityWeight 5.672899E+01, HPWL 1.502631E+03, Overflow 1.356047E-02, MaxDensity 1.235E+00, MacroOverlap 3.613E-05, MacroOverlapWeight 8.000000E-06, gamma 2.654819E-02, time 2.668ms
[INFO   ] DREAMPlace - full step 12.198 ms
[INFO   ] DREAMPlace - Lsub stopping criteria: 1 and 209561 > 187733 * 0.999
[DEBUG  ] dreamplace.ops.weighted_average_wirelength.weighted_average_wirelength - wirelength forward 0.135 ms
[DEBUG  ] dreamplace.ops.electric_potential.electric_potential - density forward 1.148 ms
[DEBUG  ] dreamplace.ops.electric_potential.electric_potential - density backward 0.400 ms
[DEBUG  ] dreamplace.ops.weighted_average_wirelength.weighted_average_wirelength - wirelength backward 0.114 ms
[INFO   ] DREAMPlace - optimizer step 8.549 ms
[INFO   ] DREAMPlace - iteration  286, (  44,  1,  0), Obj 2.099524E+05, NetCrossing 2.076E+01, NetCrossingWeight 1.000000E+01, DensityWeight 6.388047E+01, HPWL 1.502889E+03, Overflow 1.354446E-02, MaxDensity 1.235E+00, MacroOverlap 3.607E-05, MacroOverlapWeight 8.000000E-06, gamma 2.654819E-02, time 2.659ms
[INFO   ] DREAMPlace - full step 12.204 ms
[DEBUG  ] dreamplace.ops.weighted_average_wirelength.weighted_average_wirelength - wirelength forward 0.128 ms
[DEBUG  ] dreamplace.ops.electric_potential.electric_potential - density forward 1.158 ms
[DEBUG  ] dreamplace.ops.electric_potential.electric_potential - density backward 0.415 ms
[DEBUG  ] dreamplace.ops.weighted_average_wirelength.weighted_average_wirelength - wirelength backward 0.118 ms
[INFO   ] DREAMPlace - optimizer step 8.602 ms
[INFO   ] DREAMPlace - iteration  287, (  44,  1,  1), Obj 2.347241E+05, NetCrossing 2.073E+01, NetCrossingWeight 1.000000E+01, DensityWeight 6.388047E+01, HPWL 1.503205E+03, Overflow 1.354812E-02, MaxDensity 1.235E+00, MacroOverlap 3.606E-05, MacroOverlapWeight 8.000000E-06, gamma 2.654819E-02, time 2.635ms
[INFO   ] DREAMPlace - full step 12.242 ms
[INFO   ] DREAMPlace - Lsub stopping criteria: 1 and 234724 > 209952 * 0.999
[INFO   ] DREAMPlace - Llambda stopping criteria: 1 and (( 0.0135481 < 0.1 and 1503.2 > 1502.63 ) or 1.23501 < 1.0)
[DEBUG  ] dreamplace.ops.weighted_average_wirelength.weighted_average_wirelength - wirelength forward 0.127 ms
[DEBUG  ] dreamplace.ops.electric_potential.electric_potential - density forward 1.157 ms
[DEBUG  ] dreamplace.ops.electric_potential.electric_potential - density backward 0.414 ms
[DEBUG  ] dreamplace.ops.weighted_average_wirelength.weighted_average_wirelength - wirelength backward 0.118 ms
[INFO   ] DREAMPlace - optimizer step 8.133 ms
[INFO   ] DREAMPlace - iteration  288, (  45,  0,  0), Obj 2.360627E+05, NetCrossing 2.076E+01, NetCrossingWeight 1.000000E+01, DensityWeight 7.193348E+01, HPWL 1.503482E+03, Overflow 1.355414E-02, MaxDensity 1.235E+00, MacroOverlap 3.603E-05, MacroOverlapWeight 8.000000E-06, gamma 2.653743E-02, time 2.667ms
[INFO   ] DREAMPlace - full step 11.765 ms
[DEBUG  ] dreamplace.ops.weighted_average_wirelength.weighted_average_wirelength - wirelength forward 0.128 ms
[DEBUG  ] dreamplace.ops.electric_potential.electric_potential - density forward 1.162 ms
[DEBUG  ] dreamplace.ops.electric_potential.electric_potential - density backward 0.432 ms
[DEBUG  ] dreamplace.ops.weighted_average_wirelength.weighted_average_wirelength - wirelength backward 0.125 ms
[INFO   ] DREAMPlace - optimizer step 8.170 ms
[INFO   ] DREAMPlace - iteration  289, (  45,  0,  1), Obj 2.631232E+05, NetCrossing 2.078E+01, NetCrossingWeight 1.000000E+01, DensityWeight 7.193348E+01, HPWL 1.503761E+03, Overflow 1.355655E-02, MaxDensity 1.235E+00, MacroOverlap 3.595E-05, MacroOverlapWeight 8.000000E-06, gamma 2.653743E-02, time 2.623ms
[INFO   ] DREAMPlace - full step 11.741 ms
[INFO   ] DREAMPlace - Lsub stopping criteria: 1 and 263123 > 236063 * 0.999
[DEBUG  ] dreamplace.ops.weighted_average_wirelength.weighted_average_wirelength - wirelength forward 0.130 ms
[DEBUG  ] dreamplace.ops.electric_potential.electric_potential - density forward 1.162 ms
[DEBUG  ] dreamplace.ops.electric_potential.electric_potential - density backward 0.430 ms
[DEBUG  ] dreamplace.ops.weighted_average_wirelength.weighted_average_wirelength - wirelength backward 0.128 ms
[INFO   ] DREAMPlace - optimizer step 9.231 ms
[INFO   ] DREAMPlace - iteration  290, (  45,  1,  0), Obj 2.641031E+05, NetCrossing 2.081E+01, NetCrossingWeight 1.000000E+01, DensityWeight 8.100169E+01, HPWL 1.503978E+03, Overflow 1.357314E-02, MaxDensity 1.235E+00, MacroOverlap 3.586E-05, MacroOverlapWeight 8.000000E-06, gamma 2.653743E-02, time 2.608ms
[INFO   ] DREAMPlace - full step 12.780 ms
[DEBUG  ] dreamplace.ops.weighted_average_wirelength.weighted_average_wirelength - wirelength forward 0.129 ms
[DEBUG  ] dreamplace.ops.electric_potential.electric_potential - density forward 1.129 ms
[DEBUG  ] dreamplace.ops.electric_potential.electric_potential - density backward 0.420 ms
[DEBUG  ] dreamplace.ops.weighted_average_wirelength.weighted_average_wirelength - wirelength backward 0.126 ms
[INFO   ] DREAMPlace - optimizer step 8.814 ms
[INFO   ] DREAMPlace - iteration  291, (  45,  1,  1), Obj 2.952030E+05, NetCrossing 2.082E+01, NetCrossingWeight 1.000000E+01, DensityWeight 8.100169E+01, HPWL 1.504209E+03, Overflow 1.358493E-02, MaxDensity 1.235E+00, MacroOverlap 3.578E-05, MacroOverlapWeight 8.000000E-06, gamma 2.653743E-02, time 2.593ms
[INFO   ] DREAMPlace - full step 12.395 ms
[INFO   ] DREAMPlace - Lsub stopping criteria: 1 and 295203 > 264103 * 0.999
[INFO   ] DREAMPlace - Llambda stopping criteria: 1 and (( 0.0135849 < 0.1 and 1504.21 > 1503.76 ) or 1.23501 < 1.0)
[DEBUG  ] dreamplace.ops.weighted_average_wirelength.weighted_average_wirelength - wirelength forward 0.128 ms
[DEBUG  ] dreamplace.ops.electric_potential.electric_potential - density forward 1.131 ms
[DEBUG  ] dreamplace.ops.electric_potential.electric_potential - density backward 0.442 ms
[DEBUG  ] dreamplace.ops.weighted_average_wirelength.weighted_average_wirelength - wirelength backward 0.126 ms
[INFO   ] DREAMPlace - optimizer step 8.861 ms
[INFO   ] DREAMPlace - iteration  292, (  46,  0,  0), Obj 2.957785E+05, NetCrossing 2.086E+01, NetCrossingWeight 1.000000E+01, DensityWeight 9.121307E+01, HPWL 1.504391E+03, Overflow 1.358927E-02, MaxDensity 1.235E+00, MacroOverlap 3.573E-05, MacroOverlapWeight 8.000000E-06, gamma 2.654242E-02, time 2.631ms
[INFO   ] DREAMPlace - full step 12.428 ms
[DEBUG  ] dreamplace.ops.weighted_average_wirelength.weighted_average_wirelength - wirelength forward 0.128 ms
[DEBUG  ] dreamplace.ops.electric_potential.electric_potential - density forward 1.157 ms
[DEBUG  ] dreamplace.ops.electric_potential.electric_potential - density backward 0.421 ms
[DEBUG  ] dreamplace.ops.weighted_average_wirelength.weighted_average_wirelength - wirelength backward 0.126 ms
[INFO   ] DREAMPlace - optimizer step 8.837 ms
[INFO   ] DREAMPlace - iteration  293, (  46,  0,  1), Obj 3.298091E+05, NetCrossing 2.087E+01, NetCrossingWeight 1.000000E+01, DensityWeight 9.121307E+01, HPWL 1.504580E+03, Overflow 1.359713E-02, MaxDensity 1.235E+00, MacroOverlap 3.575E-05, MacroOverlapWeight 8.000000E-06, gamma 2.654242E-02, time 2.656ms
[INFO   ] DREAMPlace - full step 12.446 ms
[INFO   ] DREAMPlace - Lsub stopping criteria: 1 and 329809 > 295779 * 0.999
[DEBUG  ] dreamplace.ops.weighted_average_wirelength.weighted_average_wirelength - wirelength forward 0.125 ms
[DEBUG  ] dreamplace.ops.electric_potential.electric_potential - density forward 1.110 ms
[DEBUG  ] dreamplace.ops.electric_potential.electric_potential - density backward 0.354 ms
[DEBUG  ] dreamplace.ops.weighted_average_wirelength.weighted_average_wirelength - wirelength backward 0.090 ms
[INFO   ] DREAMPlace - optimizer step 8.317 ms
[INFO   ] DREAMPlace - iteration  294, (  46,  1,  0), Obj 3.311517E+05, NetCrossing 2.091E+01, NetCrossingWeight 1.000000E+01, DensityWeight 1.027117E+02, HPWL 1.504726E+03, Overflow 1.360815E-02, MaxDensity 1.235E+00, MacroOverlap 3.579E-05, MacroOverlapWeight 8.000000E-06, gamma 2.654242E-02, time 2.582ms
[INFO   ] DREAMPlace - full step 11.843 ms
[DEBUG  ] dreamplace.ops.weighted_average_wirelength.weighted_average_wirelength - wirelength forward 0.122 ms
[DEBUG  ] dreamplace.ops.electric_potential.electric_potential - density forward 1.097 ms
[DEBUG  ] dreamplace.ops.electric_potential.electric_potential - density backward 0.363 ms
[DEBUG  ] dreamplace.ops.weighted_average_wirelength.weighted_average_wirelength - wirelength backward 0.094 ms
[INFO   ] DREAMPlace - optimizer step 7.833 ms
[INFO   ] DREAMPlace - iteration  295, (  46,  1,  1), Obj 3.697202E+05, NetCrossing 2.092E+01, NetCrossingWeight 1.000000E+01, DensityWeight 1.027117E+02, HPWL 1.504850E+03, Overflow 1.362813E-02, MaxDensity 1.235E+00, MacroOverlap 3.587E-05, MacroOverlapWeight 8.000000E-06, gamma 2.654242E-02, time 2.562ms
[INFO   ] DREAMPlace - full step 11.332 ms
[INFO   ] DREAMPlace - Lsub stopping criteria: 1 and 369720 > 331152 * 0.999
[INFO   ] DREAMPlace - Llambda stopping criteria: 1 and (( 0.0136281 < 0.1 and 1504.85 > 1504.58 ) or 1.23501 < 1.0)
[DEBUG  ] dreamplace.ops.weighted_average_wirelength.weighted_average_wirelength - wirelength forward 0.130 ms
[DEBUG  ] dreamplace.ops.electric_potential.electric_potential - density forward 1.155 ms
[DEBUG  ] dreamplace.ops.electric_potential.electric_potential - density backward 0.398 ms
[DEBUG  ] dreamplace.ops.weighted_average_wirelength.weighted_average_wirelength - wirelength backward 0.115 ms
[INFO   ] DREAMPlace - optimizer step 8.547 ms
[INFO   ] DREAMPlace - iteration  296, (  47,  0,  0), Obj 3.700819E+05, NetCrossing 2.094E+01, NetCrossingWeight 1.000000E+01, DensityWeight 1.156600E+02, HPWL 1.504905E+03, Overflow 1.365180E-02, MaxDensity 1.235E+00, MacroOverlap 3.595E-05, MacroOverlapWeight 8.000000E-06, gamma 2.654830E-02, time 2.593ms
[INFO   ] DREAMPlace - full step 12.078 ms
[DEBUG  ] dreamplace.ops.weighted_average_wirelength.weighted_average_wirelength - wirelength forward 0.125 ms
[DEBUG  ] dreamplace.ops.electric_potential.electric_potential - density forward 1.123 ms
[DEBUG  ] dreamplace.ops.electric_potential.electric_potential - density backward 0.413 ms
[DEBUG  ] dreamplace.ops.weighted_average_wirelength.weighted_average_wirelength - wirelength backward 0.123 ms
[INFO   ] DREAMPlace - optimizer step 8.757 ms
[INFO   ] DREAMPlace - iteration  297, (  47,  0,  1), Obj 4.135435E+05, NetCrossing 2.095E+01, NetCrossingWeight 1.000000E+01, DensityWeight 1.156600E+02, HPWL 1.504918E+03, Overflow 1.367641E-02, MaxDensity 1.235E+00, MacroOverlap 3.602E-05, MacroOverlapWeight 8.000000E-06, gamma 2.654830E-02, time 2.597ms
[INFO   ] DREAMPlace - full step 12.304 ms
[INFO   ] DREAMPlace - Lsub stopping criteria: 1 and 413544 > 370082 * 0.999
[DEBUG  ] dreamplace.ops.weighted_average_wirelength.weighted_average_wirelength - wirelength forward 0.128 ms
[DEBUG  ] dreamplace.ops.electric_potential.electric_potential - density forward 1.155 ms
[DEBUG  ] dreamplace.ops.electric_potential.electric_potential - density backward 0.459 ms
[DEBUG  ] dreamplace.ops.weighted_average_wirelength.weighted_average_wirelength - wirelength backward 0.136 ms
[INFO   ] DREAMPlace - optimizer step 9.259 ms
[INFO   ] DREAMPlace - iteration  298, (  47,  1,  0), Obj 4.150738E+05, NetCrossing 2.094E+01, NetCrossingWeight 1.000000E+01, DensityWeight 1.302406E+02, HPWL 1.504888E+03, Overflow 1.370029E-02, MaxDensity 1.235E+00, MacroOverlap 3.608E-05, MacroOverlapWeight 8.000000E-06, gamma 2.654830E-02, time 2.650ms
[INFO   ] DREAMPlace - full step 12.845 ms
[DEBUG  ] dreamplace.ops.weighted_average_wirelength.weighted_average_wirelength - wirelength forward 0.124 ms
[DEBUG  ] dreamplace.ops.electric_potential.electric_potential - density forward 1.139 ms
[DEBUG  ] dreamplace.ops.electric_potential.electric_potential - density backward 0.408 ms
[DEBUG  ] dreamplace.ops.weighted_average_wirelength.weighted_average_wirelength - wirelength backward 0.116 ms
[INFO   ] DREAMPlace - optimizer step 8.430 ms
[INFO   ] DREAMPlace - iteration  299, (  47,  1,  1), Obj 4.642231E+05, NetCrossing 2.093E+01, NetCrossingWeight 1.000000E+01, DensityWeight 1.302406E+02, HPWL 1.504818E+03, Overflow 1.371904E-02, MaxDensity 1.235E+00, MacroOverlap 3.611E-05, MacroOverlapWeight 8.000000E-06, gamma 2.654830E-02, time 2.597ms
[INFO   ] DREAMPlace - full step 11.964 ms
[INFO   ] DREAMPlace - Lsub stopping criteria: 1 and 464223 > 415074 * 0.999
[INFO   ] DREAMPlace - plotting to ./results/tuner-small/small-5/PB201_A00/run-0_0_6/PB201_A00/plot/iter0300.png takes 0.056 seconds
[DEBUG  ] dreamplace.ops.weighted_average_wirelength.weighted_average_wirelength - wirelength forward 0.154 ms
[DEBUG  ] dreamplace.ops.electric_potential.electric_potential - density forward 1.150 ms
[DEBUG  ] dreamplace.ops.electric_potential.electric_potential - density backward 0.481 ms
[DEBUG  ] dreamplace.ops.weighted_average_wirelength.weighted_average_wirelength - wirelength backward 0.172 ms
[INFO   ] DREAMPlace - optimizer step 10.339 ms
[INFO   ] DREAMPlace - iteration  300, (  47,  2,  0), Obj 4.650592E+05, NetCrossing 2.091E+01, NetCrossingWeight 1.000000E+01, DensityWeight 1.444756E+02, HPWL 1.504751E+03, Overflow 1.373013E-02, MaxDensity 1.235E+00, MacroOverlap 3.616E-05, MacroOverlapWeight 8.000000E-06, gamma 2.654830E-02, time 2.599ms
[INFO   ] DREAMPlace - full step 70.572 ms
[DEBUG  ] dreamplace.ops.weighted_average_wirelength.weighted_average_wirelength - wirelength forward 0.127 ms
[DEBUG  ] dreamplace.ops.electric_potential.electric_potential - density forward 1.158 ms
[DEBUG  ] dreamplace.ops.electric_potential.electric_potential - density backward 0.359 ms
[DEBUG  ] dreamplace.ops.weighted_average_wirelength.weighted_average_wirelength - wirelength backward 0.088 ms
[INFO   ] DREAMPlace - optimizer step 7.912 ms
[INFO   ] DREAMPlace - iteration  301, (  47,  2,  1), Obj 5.122781E+05, NetCrossing 2.090E+01, NetCrossingWeight 1.000000E+01, DensityWeight 1.444756E+02, HPWL 1.504692E+03, Overflow 1.372598E-02, MaxDensity 1.235E+00, MacroOverlap 3.619E-05, MacroOverlapWeight 8.000000E-06, gamma 2.654830E-02, time 2.691ms
[INFO   ] DREAMPlace - full step 11.615 ms
[INFO   ] DREAMPlace - Lsub stopping criteria: 1 and 512278 > 465059 * 0.999
[DEBUG  ] dreamplace.ops.weighted_average_wirelength.weighted_average_wirelength - wirelength forward 0.125 ms
[DEBUG  ] dreamplace.ops.electric_potential.electric_potential - density forward 1.145 ms
[DEBUG  ] dreamplace.ops.electric_potential.electric_potential - density backward 0.463 ms
[DEBUG  ] dreamplace.ops.weighted_average_wirelength.weighted_average_wirelength - wirelength backward 0.165 ms
[INFO   ] DREAMPlace - optimizer step 9.474 ms
[INFO   ] DREAMPlace - iteration  302, (  47,  3,  0), Obj 5.117995E+05, NetCrossing 2.086E+01, NetCrossingWeight 1.000000E+01, DensityWeight 1.602505E+02, HPWL 1.504631E+03, Overflow 1.371429E-02, MaxDensity 1.235E+00, MacroOverlap 3.622E-05, MacroOverlapWeight 8.000000E-06, gamma 2.654830E-02, time 2.626ms
[INFO   ] DREAMPlace - full step 13.050 ms
[DEBUG  ] dreamplace.ops.weighted_average_wirelength.weighted_average_wirelength - wirelength forward 0.129 ms
[DEBUG  ] dreamplace.ops.electric_potential.electric_potential - density forward 1.158 ms
[DEBUG  ] dreamplace.ops.electric_potential.electric_potential - density backward 0.411 ms
[DEBUG  ] dreamplace.ops.weighted_average_wirelength.weighted_average_wirelength - wirelength backward 0.132 ms
[INFO   ] DREAMPlace - optimizer step 9.018 ms
[INFO   ] DREAMPlace - iteration  303, (  47,  3,  1), Obj 5.647788E+05, NetCrossing 2.083E+01, NetCrossingWeight 1.000000E+01, DensityWeight 1.602505E+02, HPWL 1.504583E+03, Overflow 1.369528E-02, MaxDensity 1.235E+00, MacroOverlap 3.623E-05, MacroOverlapWeight 8.000000E-06, gamma 2.654830E-02, time 2.658ms
[INFO   ] DREAMPlace - full step 12.595 ms
[INFO   ] DREAMPlace - Lsub stopping criteria: 1 and 564779 > 511799 * 0.999
[DEBUG  ] dreamplace.ops.weighted_average_wirelength.weighted_average_wirelength - wirelength forward 0.118 ms
[DEBUG  ] dreamplace.ops.electric_potential.electric_potential - density forward 1.062 ms
[DEBUG  ] dreamplace.ops.electric_potential.electric_potential - density backward 0.367 ms
[DEBUG  ] dreamplace.ops.weighted_average_wirelength.weighted_average_wirelength - wirelength backward 0.092 ms
[INFO   ] DREAMPlace - optimizer step 7.906 ms
[INFO   ] DREAMPlace - iteration  304, (  47,  4,  0), Obj 5.648378E+05, NetCrossing 2.080E+01, NetCrossingWeight 1.000000E+01, DensityWeight 1.777300E+02, HPWL 1.504546E+03, Overflow 1.367629E-02, MaxDensity 1.235E+00, MacroOverlap 3.621E-05, MacroOverlapWeight 8.000000E-06, gamma 2.654830E-02, time 2.476ms
[INFO   ] DREAMPlace - full step 11.338 ms
[DEBUG  ] dreamplace.ops.weighted_average_wirelength.weighted_average_wirelength - wirelength forward 0.094 ms
[DEBUG  ] dreamplace.ops.electric_potential.electric_potential - density forward 0.885 ms
[DEBUG  ] dreamplace.ops.electric_potential.electric_potential - density backward 0.465 ms
[DEBUG  ] dreamplace.ops.weighted_average_wirelength.weighted_average_wirelength - wirelength backward 0.142 ms
[INFO   ] DREAMPlace - optimizer step 8.158 ms
[INFO   ] DREAMPlace - iteration  305, (  47,  4,  1), Obj 6.234975E+05, NetCrossing 2.074E+01, NetCrossingWeight 1.000000E+01, DensityWeight 1.777300E+02, HPWL 1.504613E+03, Overflow 1.365822E-02, MaxDensity 1.235E+00, MacroOverlap 3.615E-05, MacroOverlapWeight 8.000000E-06, gamma 2.654830E-02, time 2.097ms
[INFO   ] DREAMPlace - full step 11.014 ms
[INFO   ] DREAMPlace - Lsub stopping criteria: 1 and 623498 > 564838 * 0.999
[INFO   ] DREAMPlace - Llambda stopping criteria: 4 and (( 0.0136582 < 0.1 and 1504.61 > 1504.58 ) or 1.23501 < 1.0)
[DEBUG  ] dreamplace.ops.weighted_average_wirelength.weighted_average_wirelength - wirelength forward 0.094 ms
[DEBUG  ] dreamplace.ops.electric_potential.electric_potential - density forward 0.885 ms
[DEBUG  ] dreamplace.ops.electric_potential.electric_potential - density backward 0.405 ms
[DEBUG  ] dreamplace.ops.weighted_average_wirelength.weighted_average_wirelength - wirelength backward 0.110 ms
[INFO   ] DREAMPlace - optimizer step 7.271 ms
[INFO   ] DREAMPlace - iteration  306, (  48,  0,  0), Obj 6.244599E+05, NetCrossing 2.071E+01, NetCrossingWeight 1.000000E+01, DensityWeight 2.001354E+02, HPWL 1.504696E+03, Overflow 1.364415E-02, MaxDensity 1.235E+00, MacroOverlap 3.604E-05, MacroOverlapWeight 8.000000E-06, gamma 2.655238E-02, time 2.045ms
[INFO   ] DREAMPlace - full step 10.039 ms
[DEBUG  ] dreamplace.ops.weighted_average_wirelength.weighted_average_wirelength - wirelength forward 0.092 ms
[DEBUG  ] dreamplace.ops.electric_potential.electric_potential - density forward 0.891 ms
[DEBUG  ] dreamplace.ops.electric_potential.electric_potential - density backward 0.355 ms
[DEBUG  ] dreamplace.ops.weighted_average_wirelength.weighted_average_wirelength - wirelength backward 0.089 ms
[INFO   ] DREAMPlace - optimizer step 6.511 ms
[INFO   ] DREAMPlace - iteration  307, (  48,  0,  1), Obj 6.985331E+05, NetCrossing 2.065E+01, NetCrossingWeight 1.000000E+01, DensityWeight 2.001354E+02, HPWL 1.504786E+03, Overflow 1.362978E-02, MaxDensity 1.235E+00, MacroOverlap 3.592E-05, MacroOverlapWeight 8.000000E-06, gamma 2.655238E-02, time 2.057ms
[INFO   ] DREAMPlace - full step 9.412 ms
[INFO   ] DREAMPlace - Lsub stopping criteria: 1 and 698533 > 624460 * 0.999
[DEBUG  ] dreamplace.ops.weighted_average_wirelength.weighted_average_wirelength - wirelength forward 0.110 ms
[DEBUG  ] dreamplace.ops.electric_potential.electric_potential - density forward 1.010 ms
[DEBUG  ] dreamplace.ops.electric_potential.electric_potential - density backward 0.381 ms
[DEBUG  ] dreamplace.ops.weighted_average_wirelength.weighted_average_wirelength - wirelength backward 0.100 ms
[INFO   ] DREAMPlace - optimizer step 8.678 ms
[INFO   ] DREAMPlace - iteration  308, (  48,  1,  0), Obj 6.997257E+05, NetCrossing 2.001E+01, NetCrossingWeight 1.000000E+01, DensityWeight 2.253652E+02, HPWL 1.504919E+03, Overflow 1.361697E-02, MaxDensity 1.235E+00, MacroOverlap 3.577E-05, MacroOverlapWeight 8.000000E-06, gamma 2.655238E-02, time 2.408ms
[INFO   ] DREAMPlace - full step 11.986 ms
[DEBUG  ] dreamplace.ops.weighted_average_wirelength.weighted_average_wirelength - wirelength forward 0.123 ms
[DEBUG  ] dreamplace.ops.electric_potential.electric_potential - density forward 1.135 ms
[DEBUG  ] dreamplace.ops.electric_potential.electric_potential - density backward 0.362 ms
[DEBUG  ] dreamplace.ops.weighted_average_wirelength.weighted_average_wirelength - wirelength backward 0.089 ms
[INFO   ] DREAMPlace - optimizer step 7.790 ms
[INFO   ] DREAMPlace - iteration  309, (  48,  1,  1), Obj 7.833021E+05, NetCrossing 2.056E+01, NetCrossingWeight 1.000000E+01, DensityWeight 2.253652E+02, HPWL 1.505083E+03, Overflow 1.361475E-02, MaxDensity 1.235E+00, MacroOverlap 3.562E-05, MacroOverlapWeight 8.000000E-06, gamma 2.655238E-02, time 2.599ms
[INFO   ] DREAMPlace - full step 11.321 ms
[INFO   ] DREAMPlace - Lsub stopping criteria: 1 and 783302 > 699726 * 0.999
[INFO   ] DREAMPlace - Llambda stopping criteria: 1 and (( 0.0136148 < 0.1 and 1505.08 > 1504.79 ) or 1.23501 < 1.0)
[DEBUG  ] dreamplace.ops.weighted_average_wirelength.weighted_average_wirelength - wirelength forward 0.126 ms
[DEBUG  ] dreamplace.ops.electric_potential.electric_potential - density forward 1.120 ms
[DEBUG  ] dreamplace.ops.electric_potential.electric_potential - density backward 0.366 ms
[DEBUG  ] dreamplace.ops.weighted_average_wirelength.weighted_average_wirelength - wirelength backward 0.091 ms
[INFO   ] DREAMPlace - optimizer step 8.461 ms
[INFO   ] DREAMPlace - iteration  310, (  49,  0,  0), Obj 7.841508E+05, NetCrossing 2.051E+01, NetCrossingWeight 1.000000E+01, DensityWeight 2.537757E+02, HPWL 1.505235E+03, Overflow 1.361366E-02, MaxDensity 1.235E+00, MacroOverlap 3.543E-05, MacroOverlapWeight 8.000000E-06, gamma 2.654647E-02, time 2.602ms
[INFO   ] DREAMPlace - full step 11.987 ms
[DEBUG  ] dreamplace.ops.weighted_average_wirelength.weighted_average_wirelength - wirelength forward 0.129 ms
[DEBUG  ] dreamplace.ops.electric_potential.electric_potential - density forward 1.172 ms
[DEBUG  ] dreamplace.ops.electric_potential.electric_potential - density backward 0.396 ms
[DEBUG  ] dreamplace.ops.weighted_average_wirelength.weighted_average_wirelength - wirelength backward 0.092 ms
[INFO   ] DREAMPlace - optimizer step 8.972 ms
[INFO   ] DREAMPlace - iteration  311, (  49,  0,  1), Obj 8.800491E+05, NetCrossing 2.049E+01, NetCrossingWeight 1.000000E+01, DensityWeight 2.537757E+02, HPWL 1.505379E+03, Overflow 1.361506E-02, MaxDensity 1.235E+00, MacroOverlap 3.527E-05, MacroOverlapWeight 8.000000E-06, gamma 2.654647E-02, time 2.665ms
[INFO   ] DREAMPlace - full step 12.512 ms
[INFO   ] DREAMPlace - Lsub stopping criteria: 1 and 880049 > 784151 * 0.999
[DEBUG  ] dreamplace.ops.weighted_average_wirelength.weighted_average_wirelength - wirelength forward 0.146 ms
[DEBUG  ] dreamplace.ops.electric_potential.electric_potential - density forward 1.038 ms
[DEBUG  ] dreamplace.ops.electric_potential.electric_potential - density backward 0.367 ms
[DEBUG  ] dreamplace.ops.weighted_average_wirelength.weighted_average_wirelength - wirelength backward 0.088 ms
[INFO   ] DREAMPlace - optimizer step 8.902 ms
[INFO   ] DREAMPlace - iteration  312, (  49,  1,  0), Obj 8.813599E+05, NetCrossing 2.043E+01, NetCrossingWeight 1.000000E+01, DensityWeight 2.857676E+02, HPWL 1.505505E+03, Overflow 1.361419E-02, MaxDensity 1.235E+00, MacroOverlap 3.508E-05, MacroOverlapWeight 8.000000E-06, gamma 2.654647E-02, time 2.508ms
[INFO   ] DREAMPlace - full step 12.314 ms
[DEBUG  ] dreamplace.ops.weighted_average_wirelength.weighted_average_wirelength - wirelength forward 0.147 ms
[DEBUG  ] dreamplace.ops.electric_potential.electric_potential - density forward 1.035 ms
[DEBUG  ] dreamplace.ops.electric_potential.electric_potential - density backward 0.440 ms
[DEBUG  ] dreamplace.ops.weighted_average_wirelength.weighted_average_wirelength - wirelength backward 0.111 ms
[INFO   ] DREAMPlace - optimizer step 9.575 ms
[INFO   ] DREAMPlace - iteration  313, (  49,  1,  1), Obj 9.885891E+05, NetCrossing 2.041E+01, NetCrossingWeight 1.000000E+01, DensityWeight 2.857676E+02, HPWL 1.505644E+03, Overflow 1.361597E-02, MaxDensity 1.235E+00, MacroOverlap 3.492E-05, MacroOverlapWeight 8.000000E-06, gamma 2.654647E-02, time 2.611ms
[INFO   ] DREAMPlace - full step 13.303 ms
[INFO   ] DREAMPlace - Lsub stopping criteria: 1 and 988589 > 881360 * 0.999
[INFO   ] DREAMPlace - Llambda stopping criteria: 1 and (( 0.013616 < 0.1 and 1505.64 > 1505.38 ) or 1.23501 < 1.0)
[DEBUG  ] dreamplace.ops.weighted_average_wirelength.weighted_average_wirelength - wirelength forward 0.147 ms
[DEBUG  ] dreamplace.ops.electric_potential.electric_potential - density forward 1.131 ms
[DEBUG  ] dreamplace.ops.electric_potential.electric_potential - density backward 0.427 ms
[DEBUG  ] dreamplace.ops.weighted_average_wirelength.weighted_average_wirelength - wirelength backward 0.122 ms
[INFO   ] DREAMPlace - optimizer step 9.403 ms
[INFO   ] DREAMPlace - iteration  314, (  50,  0,  0), Obj 9.878641E+05, NetCrossing 2.035E+01, NetCrossingWeight 1.000000E+01, DensityWeight 3.217926E+02, HPWL 1.505747E+03, Overflow 1.361466E-02, MaxDensity 1.235E+00, MacroOverlap 3.476E-05, MacroOverlapWeight 8.000000E-06, gamma 2.654664E-02, time 2.834ms
[INFO   ] DREAMPlace - full step 13.107 ms
[DEBUG  ] dreamplace.ops.weighted_average_wirelength.weighted_average_wirelength - wirelength forward 0.145 ms
[DEBUG  ] dreamplace.ops.electric_potential.electric_potential - density forward 1.005 ms
[DEBUG  ] dreamplace.ops.electric_potential.electric_potential - density backward 0.448 ms
[DEBUG  ] dreamplace.ops.weighted_average_wirelength.weighted_average_wirelength - wirelength backward 0.123 ms
[INFO   ] DREAMPlace - optimizer step 9.606 ms
[INFO   ] DREAMPlace - iteration  315, (  50,  0,  1), Obj 1.109729E+06, NetCrossing 2.018E+01, NetCrossingWeight 1.000000E+01, DensityWeight 3.217926E+02, HPWL 1.505853E+03, Overflow 1.360768E-02, MaxDensity 1.235E+00, MacroOverlap 3.463E-05, MacroOverlapWeight 8.000000E-06, gamma 2.654664E-02, time 2.460ms
[INFO   ] DREAMPlace - full step 13.149 ms
[INFO   ] DREAMPlace - Lsub stopping criteria: 1 and 1.10973e+06 > 987864 * 0.999
[DEBUG  ] dreamplace.ops.weighted_average_wirelength.weighted_average_wirelength - wirelength forward 0.101 ms
[DEBUG  ] dreamplace.ops.electric_potential.electric_potential - density forward 1.308 ms
[DEBUG  ] dreamplace.ops.electric_potential.electric_potential - density backward 0.438 ms
[DEBUG  ] dreamplace.ops.weighted_average_wirelength.weighted_average_wirelength - wirelength backward 0.135 ms
[INFO   ] DREAMPlace - optimizer step 9.127 ms
[INFO   ] DREAMPlace - iteration  316, (  50,  1,  0), Obj 1.111752E+06, NetCrossing 2.027E+01, NetCrossingWeight 1.000000E+01, DensityWeight 3.623590E+02, HPWL 1.505897E+03, Overflow 1.359806E-02, MaxDensity 1.235E+00, MacroOverlap 3.451E-05, MacroOverlapWeight 8.000000E-06, gamma 2.654664E-02, time 2.951ms
[INFO   ] DREAMPlace - full step 13.108 ms
[DEBUG  ] dreamplace.ops.weighted_average_wirelength.weighted_average_wirelength - wirelength forward 0.149 ms
[DEBUG  ] dreamplace.ops.electric_potential.electric_potential - density forward 1.078 ms
[DEBUG  ] dreamplace.ops.electric_potential.electric_potential - density backward 0.438 ms
[DEBUG  ] dreamplace.ops.weighted_average_wirelength.weighted_average_wirelength - wirelength backward 0.145 ms
[INFO   ] DREAMPlace - optimizer step 9.678 ms
[INFO   ] DREAMPlace - iteration  317, (  50,  1,  1), Obj 1.247468E+06, NetCrossing 2.032E+01, NetCrossingWeight 1.000000E+01, DensityWeight 3.623590E+02, HPWL 1.505950E+03, Overflow 1.358745E-02, MaxDensity 1.235E+00, MacroOverlap 3.444E-05, MacroOverlapWeight 8.000000E-06, gamma 2.654664E-02, time 2.707ms
[INFO   ] DREAMPlace - full step 13.479 ms
[INFO   ] DREAMPlace - Lsub stopping criteria: 1 and 1.24747e+06 > 1.11175e+06 * 0.999
[INFO   ] DREAMPlace - Llambda stopping criteria: 1 and (( 0.0135875 < 0.1 and 1505.95 > 1505.85 ) or 1.23501 < 1.0)
[DEBUG  ] dreamplace.ops.weighted_average_wirelength.weighted_average_wirelength - wirelength forward 0.095 ms
[DEBUG  ] dreamplace.ops.electric_potential.electric_potential - density forward 1.318 ms
[DEBUG  ] dreamplace.ops.electric_potential.electric_potential - density backward 0.426 ms
[DEBUG  ] dreamplace.ops.weighted_average_wirelength.weighted_average_wirelength - wirelength backward 0.133 ms
[INFO   ] DREAMPlace - optimizer step 8.054 ms
[INFO   ] DREAMPlace - iteration  318, (  51,  0,  0), Obj 1.246634E+06, NetCrossing 2.029E+01, NetCrossingWeight 1.000000E+01, DensityWeight 4.080395E+02, HPWL 1.505961E+03, Overflow 1.357377E-02, MaxDensity 1.235E+00, MacroOverlap 3.439E-05, MacroOverlapWeight 8.000000E-06, gamma 2.654276E-02, time 2.813ms
[INFO   ] DREAMPlace - full step 11.791 ms
[DEBUG  ] dreamplace.ops.weighted_average_wirelength.weighted_average_wirelength - wirelength forward 0.097 ms
[DEBUG  ] dreamplace.ops.electric_potential.electric_potential - density forward 1.304 ms
[DEBUG  ] dreamplace.ops.electric_potential.electric_potential - density backward 0.359 ms
[DEBUG  ] dreamplace.ops.weighted_average_wirelength.weighted_average_wirelength - wirelength backward 0.129 ms
[INFO   ] DREAMPlace - optimizer step 8.140 ms
[INFO   ] DREAMPlace - iteration  319, (  51,  0,  1), Obj 1.398070E+06, NetCrossing 2.029E+01, NetCrossingWeight 1.000000E+01, DensityWeight 4.080395E+02, HPWL 1.505989E+03, Overflow 1.356013E-02, MaxDensity 1.235E+00, MacroOverlap 3.437E-05, MacroOverlapWeight 8.000000E-06, gamma 2.654276E-02, time 2.856ms
[INFO   ] DREAMPlace - full step 12.043 ms
[INFO   ] DREAMPlace - Lsub stopping criteria: 1 and 1.39807e+06 > 1.24663e+06 * 0.999
[DEBUG  ] dreamplace.ops.weighted_average_wirelength.weighted_average_wirelength - wirelength forward 0.145 ms
[DEBUG  ] dreamplace.ops.electric_potential.electric_potential - density forward 1.058 ms
[DEBUG  ] dreamplace.ops.electric_potential.electric_potential - density backward 0.360 ms
[DEBUG  ] dreamplace.ops.weighted_average_wirelength.weighted_average_wirelength - wirelength backward 0.088 ms
[INFO   ] DREAMPlace - optimizer step 8.386 ms
[INFO   ] DREAMPlace - iteration  320, (  51,  1,  0), Obj 1.395412E+06, NetCrossing 2.029E+01, NetCrossingWeight 1.000000E+01, DensityWeight 4.594785E+02, HPWL 1.505969E+03, Overflow 1.354656E-02, MaxDensity 1.235E+00, MacroOverlap 3.437E-05, MacroOverlapWeight 8.000000E-06, gamma 2.654276E-02, time 2.707ms
[INFO   ] DREAMPlace - full step 12.014 ms
[DEBUG  ] dreamplace.ops.weighted_average_wirelength.weighted_average_wirelength - wirelength forward 0.096 ms
[DEBUG  ] dreamplace.ops.electric_potential.electric_potential - density forward 1.285 ms
[DEBUG  ] dreamplace.ops.electric_potential.electric_potential - density backward 0.356 ms
[DEBUG  ] dreamplace.ops.weighted_average_wirelength.weighted_average_wirelength - wirelength backward 0.087 ms
[INFO   ] DREAMPlace - optimizer step 7.237 ms
[INFO   ] DREAMPlace - iteration  321, (  51,  1,  1), Obj 1.567015E+06, NetCrossing 1.970E+01, NetCrossingWeight 1.000000E+01, DensityWeight 4.594785E+02, HPWL 1.505975E+03, Overflow 1.353465E-02, MaxDensity 1.235E+00, MacroOverlap 3.440E-05, MacroOverlapWeight 8.000000E-06, gamma 2.654276E-02, time 2.763ms
[INFO   ] DREAMPlace - full step 10.985 ms
[INFO   ] DREAMPlace - Lsub stopping criteria: 1 and 1.56702e+06 > 1.39541e+06 * 0.999
[DEBUG  ] dreamplace.ops.weighted_average_wirelength.weighted_average_wirelength - wirelength forward 0.094 ms
[DEBUG  ] dreamplace.ops.electric_potential.electric_potential - density forward 0.893 ms
[DEBUG  ] dreamplace.ops.electric_potential.electric_potential - density backward 0.382 ms
[DEBUG  ] dreamplace.ops.weighted_average_wirelength.weighted_average_wirelength - wirelength backward 0.093 ms
[INFO   ] DREAMPlace - optimizer step 6.613 ms
[INFO   ] DREAMPlace - iteration  322, (  51,  2,  0), Obj 1.564803E+06, NetCrossing 2.022E+01, NetCrossingWeight 1.000000E+01, DensityWeight 5.091383E+02, HPWL 1.505929E+03, Overflow 1.353334E-02, MaxDensity 1.235E+00, MacroOverlap 3.445E-05, MacroOverlapWeight 8.000000E-06, gamma 2.654276E-02, time 2.026ms
[INFO   ] DREAMPlace - full step 9.394 ms
[DEBUG  ] dreamplace.ops.weighted_average_wirelength.weighted_average_wirelength - wirelength forward 0.093 ms
[DEBUG  ] dreamplace.ops.electric_potential.electric_potential - density forward 0.880 ms
[DEBUG  ] dreamplace.ops.electric_potential.electric_potential - density backward 0.433 ms
[DEBUG  ] dreamplace.ops.weighted_average_wirelength.weighted_average_wirelength - wirelength backward 0.127 ms
[INFO   ] DREAMPlace - optimizer step 7.563 ms
[INFO   ] DREAMPlace - iteration  323, (  51,  2,  1), Obj 1.729104E+06, NetCrossing 2.033E+01, NetCrossingWeight 1.000000E+01, DensityWeight 5.091383E+02, HPWL 1.505909E+03, Overflow 1.352820E-02, MaxDensity 1.235E+00, MacroOverlap 3.450E-05, MacroOverlapWeight 8.000000E-06, gamma 2.654276E-02, time 2.042ms
[INFO   ] DREAMPlace - full step 10.394 ms
[INFO   ] DREAMPlace - Lsub stopping criteria: 1 and 1.7291e+06 > 1.5648e+06 * 0.999
[DEBUG  ] dreamplace.ops.weighted_average_wirelength.weighted_average_wirelength - wirelength forward 0.092 ms
[DEBUG  ] dreamplace.ops.electric_potential.electric_potential - density forward 0.857 ms
[DEBUG  ] dreamplace.ops.electric_potential.electric_potential - density backward 0.424 ms
[DEBUG  ] dreamplace.ops.weighted_average_wirelength.weighted_average_wirelength - wirelength backward 0.125 ms
[INFO   ] DREAMPlace - optimizer step 7.444 ms
[INFO   ] DREAMPlace - iteration  324, (  51,  3,  0), Obj 1.727993E+06, NetCrossing 2.028E+01, NetCrossingWeight 1.000000E+01, DensityWeight 5.641088E+02, HPWL 1.505893E+03, Overflow 1.353418E-02, MaxDensity 1.235E+00, MacroOverlap 3.455E-05, MacroOverlapWeight 8.000000E-06, gamma 2.654276E-02, time 1.994ms
[INFO   ] DREAMPlace - full step 10.144 ms
[DEBUG  ] dreamplace.ops.weighted_average_wirelength.weighted_average_wirelength - wirelength forward 0.093 ms
[DEBUG  ] dreamplace.ops.electric_potential.electric_potential - density forward 0.870 ms
[DEBUG  ] dreamplace.ops.electric_potential.electric_potential - density backward 0.434 ms
[DEBUG  ] dreamplace.ops.weighted_average_wirelength.weighted_average_wirelength - wirelength backward 0.116 ms
[INFO   ] DREAMPlace - optimizer step 8.225 ms
[INFO   ] DREAMPlace - iteration  325, (  51,  3,  1), Obj 1.908350E+06, NetCrossing 2.029E+01, NetCrossingWeight 1.000000E+01, DensityWeight 5.641088E+02, HPWL 1.505932E+03, Overflow 1.353726E-02, MaxDensity 1.235E+00, MacroOverlap 3.459E-05, MacroOverlapWeight 8.000000E-06, gamma 2.654276E-02, time 2.026ms
[INFO   ] DREAMPlace - full step 11.000 ms
[INFO   ] DREAMPlace - Lsub stopping criteria: 1 and 1.90835e+06 > 1.72799e+06 * 0.999
[INFO   ] DREAMPlace - Llambda stopping criteria: 3 and (( 0.0135373 < 0.1 and 1505.93 > 1505.91 ) or 1.23501 < 1.0)
[DEBUG  ] dreamplace.ops.weighted_average_wirelength.weighted_average_wirelength - wirelength forward 0.096 ms
[DEBUG  ] dreamplace.ops.electric_potential.electric_potential - density forward 0.895 ms
[DEBUG  ] dreamplace.ops.electric_potential.electric_potential - density backward 0.363 ms
[DEBUG  ] dreamplace.ops.weighted_average_wirelength.weighted_average_wirelength - wirelength backward 0.093 ms
[INFO   ] DREAMPlace - optimizer step 6.588 ms
[INFO   ] DREAMPlace - iteration  326, (  52,  0,  0), Obj 1.908014E+06, NetCrossing 2.022E+01, NetCrossingWeight 1.000000E+01, DensityWeight 6.352226E+02, HPWL 1.505930E+03, Overflow 1.355146E-02, MaxDensity 1.235E+00, MacroOverlap 3.464E-05, MacroOverlapWeight 8.000000E-06, gamma 2.653595E-02, time 2.044ms
[INFO   ] DREAMPlace - full step 9.359 ms
[DEBUG  ] dreamplace.ops.weighted_average_wirelength.weighted_average_wirelength - wirelength forward 0.093 ms
[DEBUG  ] dreamplace.ops.electric_potential.electric_potential - density forward 0.860 ms
[DEBUG  ] dreamplace.ops.electric_potential.electric_potential - density backward 0.408 ms
[DEBUG  ] dreamplace.ops.weighted_average_wirelength.weighted_average_wirelength - wirelength backward 0.115 ms
[INFO   ] DREAMPlace - optimizer step 7.150 ms
[INFO   ] DREAMPlace - iteration  327, (  52,  0,  1), Obj 2.142556E+06, NetCrossing 2.034E+01, NetCrossingWeight 1.000000E+01, DensityWeight 6.352226E+02, HPWL 1.505948E+03, Overflow 1.356408E-02, MaxDensity 1.235E+00, MacroOverlap 3.466E-05, MacroOverlapWeight 8.000000E-06, gamma 2.653595E-02, time 2.044ms
[INFO   ] DREAMPlace - full step 9.929 ms
[INFO   ] DREAMPlace - Lsub stopping criteria: 1 and 2.14256e+06 > 1.90801e+06 * 0.999
[DEBUG  ] dreamplace.ops.weighted_average_wirelength.weighted_average_wirelength - wirelength forward 0.093 ms
[DEBUG  ] dreamplace.ops.electric_potential.electric_potential - density forward 1.030 ms
[DEBUG  ] dreamplace.ops.electric_potential.electric_potential - density backward 0.367 ms
[DEBUG  ] dreamplace.ops.weighted_average_wirelength.weighted_average_wirelength - wirelength backward 0.094 ms
[INFO   ] DREAMPlace - optimizer step 7.572 ms
[INFO   ] DREAMPlace - iteration  328, (  52,  1,  0), Obj 2.145093E+06, NetCrossing 2.022E+01, NetCrossingWeight 1.000000E+01, DensityWeight 7.153013E+02, HPWL 1.505932E+03, Overflow 1.358827E-02, MaxDensity 1.235E+00, MacroOverlap 3.469E-05, MacroOverlapWeight 8.000000E-06, gamma 2.653595E-02, time 2.025ms
[INFO   ] DREAMPlace - full step 10.491 ms
[DEBUG  ] dreamplace.ops.weighted_average_wirelength.weighted_average_wirelength - wirelength forward 0.137 ms
[DEBUG  ] dreamplace.ops.electric_potential.electric_potential - density forward 1.172 ms
[DEBUG  ] dreamplace.ops.electric_potential.electric_potential - density backward 0.360 ms
[DEBUG  ] dreamplace.ops.weighted_average_wirelength.weighted_average_wirelength - wirelength backward 0.113 ms
[INFO   ] DREAMPlace - optimizer step 8.154 ms
[INFO   ] DREAMPlace - iteration  329, (  52,  1,  1), Obj 2.402418E+06, NetCrossing 2.034E+01, NetCrossingWeight 1.000000E+01, DensityWeight 7.153013E+02, HPWL 1.505928E+03, Overflow 1.361517E-02, MaxDensity 1.235E+00, MacroOverlap 3.469E-05, MacroOverlapWeight 8.000000E-06, gamma 2.653595E-02, time 2.725ms
[INFO   ] DREAMPlace - full step 11.891 ms
[INFO   ] DREAMPlace - Lsub stopping criteria: 1 and 2.40242e+06 > 2.14509e+06 * 0.999
[DEBUG  ] dreamplace.ops.weighted_average_wirelength.weighted_average_wirelength - wirelength forward 0.127 ms
[DEBUG  ] dreamplace.ops.electric_potential.electric_potential - density forward 1.178 ms
[DEBUG  ] dreamplace.ops.electric_potential.electric_potential - density backward 0.390 ms
[DEBUG  ] dreamplace.ops.weighted_average_wirelength.weighted_average_wirelength - wirelength backward 0.108 ms
[INFO   ] DREAMPlace - optimizer step 8.601 ms
[INFO   ] DREAMPlace - iteration  330, (  52,  2,  0), Obj 2.399767E+06, NetCrossing 2.027E+01, NetCrossingWeight 1.000000E+01, DensityWeight 7.922930E+02, HPWL 1.505889E+03, Overflow 1.365839E-02, MaxDensity 1.235E+00, MacroOverlap 3.471E-05, MacroOverlapWeight 8.000000E-06, gamma 2.653595E-02, time 2.643ms
[INFO   ] DREAMPlace - full step 12.188 ms
[DEBUG  ] dreamplace.ops.weighted_average_wirelength.weighted_average_wirelength - wirelength forward 0.127 ms
[DEBUG  ] dreamplace.ops.electric_potential.electric_potential - density forward 1.176 ms
[DEBUG  ] dreamplace.ops.electric_potential.electric_potential - density backward 0.429 ms
[DEBUG  ] dreamplace.ops.weighted_average_wirelength.weighted_average_wirelength - wirelength backward 0.127 ms
[INFO   ] DREAMPlace - optimizer step 9.167 ms
[INFO   ] DREAMPlace - iteration  331, (  52,  2,  1), Obj 2.650754E+06, NetCrossing 2.028E+01, NetCrossingWeight 1.000000E+01, DensityWeight 7.922930E+02, HPWL 1.505852E+03, Overflow 1.370023E-02, MaxDensity 1.235E+00, MacroOverlap 3.471E-05, MacroOverlapWeight 8.000000E-06, gamma 2.653595E-02, time 2.688ms
[INFO   ] DREAMPlace - full step 12.843 ms
[INFO   ] DREAMPlace - Lsub stopping criteria: 1 and 2.65075e+06 > 2.39977e+06 * 0.999
[DEBUG  ] dreamplace.ops.weighted_average_wirelength.weighted_average_wirelength - wirelength forward 0.133 ms
[DEBUG  ] dreamplace.ops.electric_potential.electric_potential - density forward 1.153 ms
[DEBUG  ] dreamplace.ops.electric_potential.electric_potential - density backward 0.422 ms
[DEBUG  ] dreamplace.ops.weighted_average_wirelength.weighted_average_wirelength - wirelength backward 0.123 ms
[INFO   ] DREAMPlace - optimizer step 8.872 ms
[INFO   ] DREAMPlace - iteration  332, (  52,  3,  0), Obj 2.652107E+06, NetCrossing 2.025E+01, NetCrossingWeight 1.000000E+01, DensityWeight 8.774840E+02, HPWL 1.505779E+03, Overflow 1.374576E-02, MaxDensity 1.235E+00, MacroOverlap 3.473E-05, MacroOverlapWeight 8.000000E-06, gamma 2.653595E-02, time 2.684ms
[INFO   ] DREAMPlace - full step 12.521 ms
[DEBUG  ] dreamplace.ops.weighted_average_wirelength.weighted_average_wirelength - wirelength forward 0.129 ms
[DEBUG  ] dreamplace.ops.electric_potential.electric_potential - density forward 1.165 ms
[DEBUG  ] dreamplace.ops.electric_potential.electric_potential - density backward 0.427 ms
[DEBUG  ] dreamplace.ops.weighted_average_wirelength.weighted_average_wirelength - wirelength backward 0.126 ms
[INFO   ] DREAMPlace - optimizer step 8.867 ms
[INFO   ] DREAMPlace - iteration  333, (  52,  3,  1), Obj 2.924600E+06, NetCrossing 2.030E+01, NetCrossingWeight 1.000000E+01, DensityWeight 8.774840E+02, HPWL 1.505714E+03, Overflow 1.379203E-02, MaxDensity 1.235E+00, MacroOverlap 3.474E-05, MacroOverlapWeight 8.000000E-06, gamma 2.653595E-02, time 2.718ms
[INFO   ] DREAMPlace - full step 12.548 ms
[INFO   ] DREAMPlace - Lsub stopping criteria: 1 and 2.9246e+06 > 2.65211e+06 * 0.999
[DEBUG  ] dreamplace.ops.weighted_average_wirelength.weighted_average_wirelength - wirelength forward 0.137 ms
[DEBUG  ] dreamplace.ops.electric_potential.electric_potential - density forward 1.197 ms
[DEBUG  ] dreamplace.ops.electric_potential.electric_potential - density backward 0.424 ms
[DEBUG  ] dreamplace.ops.weighted_average_wirelength.weighted_average_wirelength - wirelength backward 0.127 ms
[INFO   ] DREAMPlace - optimizer step 9.037 ms
[INFO   ] DREAMPlace - iteration  334, (  52,  4,  0), Obj 2.927819E+06, NetCrossing 2.023E+01, NetCrossingWeight 1.000000E+01, DensityWeight 9.717380E+02, HPWL 1.505630E+03, Overflow 1.383475E-02, MaxDensity 1.235E+00, MacroOverlap 3.476E-05, MacroOverlapWeight 8.000000E-06, gamma 2.653595E-02, time 2.671ms
[INFO   ] DREAMPlace - full step 12.673 ms
[DEBUG  ] dreamplace.ops.weighted_average_wirelength.weighted_average_wirelength - wirelength forward 0.129 ms
[DEBUG  ] dreamplace.ops.electric_potential.electric_potential - density forward 1.130 ms
[DEBUG  ] dreamplace.ops.electric_potential.electric_potential - density backward 0.437 ms
[DEBUG  ] dreamplace.ops.weighted_average_wirelength.weighted_average_wirelength - wirelength backward 0.127 ms
[INFO   ] DREAMPlace - optimizer step 9.090 ms
[INFO   ] DREAMPlace - iteration  335, (  52,  4,  1), Obj 3.228128E+06, NetCrossing 2.028E+01, NetCrossingWeight 1.000000E+01, DensityWeight 9.717380E+02, HPWL 1.505552E+03, Overflow 1.387443E-02, MaxDensity 1.235E+00, MacroOverlap 3.477E-05, MacroOverlapWeight 8.000000E-06, gamma 2.653595E-02, time 2.638ms
[INFO   ] DREAMPlace - full step 12.733 ms
[INFO   ] DREAMPlace - Lsub stopping criteria: 1 and 3.22813e+06 > 2.92782e+06 * 0.999
[DEBUG  ] dreamplace.ops.weighted_average_wirelength.weighted_average_wirelength - wirelength forward 0.133 ms
[DEBUG  ] dreamplace.ops.electric_potential.electric_potential - density forward 1.156 ms
[DEBUG  ] dreamplace.ops.electric_potential.electric_potential - density backward 0.416 ms
[DEBUG  ] dreamplace.ops.weighted_average_wirelength.weighted_average_wirelength - wirelength backward 0.118 ms
[INFO   ] DREAMPlace - optimizer step 8.733 ms
[INFO   ] DREAMPlace - iteration  336, (  52,  5,  0), Obj 3.228326E+06, NetCrossing 2.021E+01, NetCrossingWeight 1.000000E+01, DensityWeight 1.076009E+03, HPWL 1.505455E+03, Overflow 1.391301E-02, MaxDensity 1.235E+00, MacroOverlap 3.479E-05, MacroOverlapWeight 8.000000E-06, gamma 2.653595E-02, time 2.693ms
[INFO   ] DREAMPlace - full step 12.389 ms
[DEBUG  ] dreamplace.ops.weighted_average_wirelength.weighted_average_wirelength - wirelength forward 0.130 ms
[DEBUG  ] dreamplace.ops.electric_potential.electric_potential - density forward 1.140 ms
[DEBUG  ] dreamplace.ops.electric_potential.electric_potential - density backward 0.429 ms
[DEBUG  ] dreamplace.ops.weighted_average_wirelength.weighted_average_wirelength - wirelength backward 0.128 ms
[INFO   ] DREAMPlace - optimizer step 8.938 ms
[INFO   ] DREAMPlace - iteration  337, (  52,  5,  1), Obj 3.563182E+06, NetCrossing 2.025E+01, NetCrossingWeight 1.000000E+01, DensityWeight 1.076009E+03, HPWL 1.505363E+03, Overflow 1.394698E-02, MaxDensity 1.235E+00, MacroOverlap 3.481E-05, MacroOverlapWeight 8.000000E-06, gamma 2.653595E-02, time 2.648ms
[INFO   ] DREAMPlace - full step 12.552 ms
[INFO   ] DREAMPlace - Lsub stopping criteria: 1 and 3.56318e+06 > 3.22833e+06 * 0.999
[DEBUG  ] dreamplace.ops.weighted_average_wirelength.weighted_average_wirelength - wirelength forward 0.135 ms
[DEBUG  ] dreamplace.ops.electric_potential.electric_potential - density forward 6.018 ms
[DEBUG  ] dreamplace.ops.electric_potential.electric_potential - density backward 0.434 ms
[DEBUG  ] dreamplace.ops.weighted_average_wirelength.weighted_average_wirelength - wirelength backward 0.128 ms
[INFO   ] DREAMPlace - optimizer step 13.992 ms
[INFO   ] DREAMPlace - iteration  338, (  52,  6,  0), Obj 3.569253E+06, NetCrossing 2.020E+01, NetCrossingWeight 1.000000E+01, DensityWeight 1.191349E+03, HPWL 1.505259E+03, Overflow 1.398265E-02, MaxDensity 1.235E+00, MacroOverlap 3.483E-05, MacroOverlapWeight 8.000000E-06, gamma 2.653595E-02, time 2.667ms
[INFO   ] DREAMPlace - full step 17.634 ms
[DEBUG  ] dreamplace.ops.weighted_average_wirelength.weighted_average_wirelength - wirelength forward 0.131 ms
[DEBUG  ] dreamplace.ops.electric_potential.electric_potential - density forward 1.190 ms
[DEBUG  ] dreamplace.ops.electric_potential.electric_potential - density backward 0.432 ms
[DEBUG  ] dreamplace.ops.weighted_average_wirelength.weighted_average_wirelength - wirelength backward 0.121 ms
[INFO   ] DREAMPlace - optimizer step 9.326 ms
[INFO   ] DREAMPlace - iteration  339, (  52,  6,  1), Obj 3.932938E+06, NetCrossing 2.021E+01, NetCrossingWeight 1.000000E+01, DensityWeight 1.191349E+03, HPWL 1.505153E+03, Overflow 1.401515E-02, MaxDensity 1.235E+00, MacroOverlap 3.485E-05, MacroOverlapWeight 8.000000E-06, gamma 2.653595E-02, time 2.653ms
[INFO   ] DREAMPlace - full step 12.977 ms
[INFO   ] DREAMPlace - Lsub stopping criteria: 1 and 3.93294e+06 > 3.56925e+06 * 0.999
[DEBUG  ] dreamplace.ops.weighted_average_wirelength.weighted_average_wirelength - wirelength forward 0.130 ms
[DEBUG  ] dreamplace.ops.electric_potential.electric_potential - density forward 1.149 ms
[DEBUG  ] dreamplace.ops.electric_potential.electric_potential - density backward 0.417 ms
[DEBUG  ] dreamplace.ops.weighted_average_wirelength.weighted_average_wirelength - wirelength backward 0.118 ms
[INFO   ] DREAMPlace - optimizer step 8.728 ms
[INFO   ] DREAMPlace - iteration  340, (  52,  7,  0), Obj 3.932440E+06, NetCrossing 2.019E+01, NetCrossingWeight 1.000000E+01, DensityWeight 1.318920E+03, HPWL 1.505037E+03, Overflow 1.404110E-02, MaxDensity 1.235E+00, MacroOverlap 3.488E-05, MacroOverlapWeight 8.000000E-06, gamma 2.653595E-02, time 2.581ms
[INFO   ] DREAMPlace - full step 12.252 ms
[DEBUG  ] dreamplace.ops.weighted_average_wirelength.weighted_average_wirelength - wirelength forward 0.129 ms
[DEBUG  ] dreamplace.ops.electric_potential.electric_potential - density forward 1.137 ms
[DEBUG  ] dreamplace.ops.electric_potential.electric_potential - density backward 0.413 ms
[DEBUG  ] dreamplace.ops.weighted_average_wirelength.weighted_average_wirelength - wirelength backward 0.113 ms
[INFO   ] DREAMPlace - optimizer step 11.073 ms
[INFO   ] DREAMPlace - iteration  341, (  52,  7,  1), Obj 4.335987E+06, NetCrossing 2.019E+01, NetCrossingWeight 1.000000E+01, DensityWeight 1.318920E+03, HPWL 1.504909E+03, Overflow 1.406367E-02, MaxDensity 1.235E+00, MacroOverlap 3.491E-05, MacroOverlapWeight 8.000000E-06, gamma 2.653595E-02, time 2.641ms
[INFO   ] DREAMPlace - full step 14.719 ms
[INFO   ] DREAMPlace - Lsub stopping criteria: 1 and 4.33599e+06 > 3.93244e+06 * 0.999
[DEBUG  ] dreamplace.ops.weighted_average_wirelength.weighted_average_wirelength - wirelength forward 0.136 ms
[DEBUG  ] dreamplace.ops.electric_potential.electric_potential - density forward 1.164 ms
[DEBUG  ] dreamplace.ops.electric_potential.electric_potential - density backward 0.420 ms
[DEBUG  ] dreamplace.ops.weighted_average_wirelength.weighted_average_wirelength - wirelength backward 0.119 ms
[INFO   ] DREAMPlace - optimizer step 8.784 ms
[INFO   ] DREAMPlace - iteration  342, (  52,  8,  0), Obj 4.339768E+06, NetCrossing 2.015E+01, NetCrossingWeight 1.000000E+01, DensityWeight 1.460006E+03, HPWL 1.504770E+03, Overflow 1.408187E-02, MaxDensity 1.235E+00, MacroOverlap 3.495E-05, MacroOverlapWeight 8.000000E-06, gamma 2.653595E-02, time 2.642ms
[INFO   ] DREAMPlace - full step 12.403 ms
[DEBUG  ] dreamplace.ops.weighted_average_wirelength.weighted_average_wirelength - wirelength forward 0.129 ms
[DEBUG  ] dreamplace.ops.electric_potential.electric_potential - density forward 1.161 ms
[DEBUG  ] dreamplace.ops.electric_potential.electric_potential - density backward 0.410 ms
[DEBUG  ] dreamplace.ops.weighted_average_wirelength.weighted_average_wirelength - wirelength backward 0.113 ms
[INFO   ] DREAMPlace - optimizer step 8.609 ms
[INFO   ] DREAMPlace - iteration  343, (  52,  8,  1), Obj 4.783032E+06, NetCrossing 2.012E+01, NetCrossingWeight 1.000000E+01, DensityWeight 1.460006E+03, HPWL 1.504628E+03, Overflow 1.409480E-02, MaxDensity 1.235E+00, MacroOverlap 3.499E-05, MacroOverlapWeight 8.000000E-06, gamma 2.653595E-02, time 2.608ms
[INFO   ] DREAMPlace - full step 12.209 ms
[INFO   ] DREAMPlace - Lsub stopping criteria: 1 and 4.78303e+06 > 4.33977e+06 * 0.999
[DEBUG  ] dreamplace.ops.weighted_average_wirelength.weighted_average_wirelength - wirelength forward 0.131 ms
[DEBUG  ] dreamplace.ops.electric_potential.electric_potential - density forward 1.145 ms
[DEBUG  ] dreamplace.ops.electric_potential.electric_potential - density backward 0.438 ms
[DEBUG  ] dreamplace.ops.weighted_average_wirelength.weighted_average_wirelength - wirelength backward 0.150 ms
[INFO   ] DREAMPlace - optimizer step 9.185 ms
[INFO   ] DREAMPlace - iteration  344, (  52,  9,  0), Obj 4.788620E+06, NetCrossing 2.016E+01, NetCrossingWeight 1.000000E+01, DensityWeight 1.616023E+03, HPWL 1.504469E+03, Overflow 1.410447E-02, MaxDensity 1.235E+00, MacroOverlap 3.503E-05, MacroOverlapWeight 8.000000E-06, gamma 2.653595E-02, time 2.587ms
[INFO   ] DREAMPlace - full step 12.780 ms
[DEBUG  ] dreamplace.ops.weighted_average_wirelength.weighted_average_wirelength - wirelength forward 0.125 ms
[DEBUG  ] dreamplace.ops.electric_potential.electric_potential - density forward 1.104 ms
[DEBUG  ] dreamplace.ops.electric_potential.electric_potential - density backward 0.409 ms
[DEBUG  ] dreamplace.ops.weighted_average_wirelength.weighted_average_wirelength - wirelength backward 0.119 ms
[INFO   ] DREAMPlace - optimizer step 8.471 ms
[INFO   ] DREAMPlace - iteration  345, (  52,  9,  1), Obj 5.283077E+06, NetCrossing 2.010E+01, NetCrossingWeight 1.000000E+01, DensityWeight 1.616023E+03, HPWL 1.504312E+03, Overflow 1.410700E-02, MaxDensity 1.235E+00, MacroOverlap 3.505E-05, MacroOverlapWeight 8.000000E-06, gamma 2.653595E-02, time 2.576ms
[INFO   ] DREAMPlace - full step 11.984 ms
[INFO   ] DREAMPlace - Lsub stopping criteria: 1 and 5.28308e+06 > 4.78862e+06 * 0.999
[DEBUG  ] dreamplace.ops.weighted_average_wirelength.weighted_average_wirelength - wirelength forward 0.133 ms
[DEBUG  ] dreamplace.ops.electric_potential.electric_potential - density forward 1.134 ms
[DEBUG  ] dreamplace.ops.electric_potential.electric_potential - density backward 0.418 ms
[DEBUG  ] dreamplace.ops.weighted_average_wirelength.weighted_average_wirelength - wirelength backward 0.121 ms
[INFO   ] DREAMPlace - optimizer step 8.768 ms
[INFO   ] DREAMPlace - iteration  346, (  53,  0,  0), Obj 5.284297E+06, NetCrossing 2.014E+01, NetCrossingWeight 1.000000E+01, DensityWeight 1.788533E+03, HPWL 1.504144E+03, Overflow 1.410905E-02, MaxDensity 1.235E+00, MacroOverlap 3.507E-05, MacroOverlapWeight 8.000000E-06, gamma 2.661342E-02, time 2.562ms
[INFO   ] DREAMPlace - full step 12.271 ms
[DEBUG  ] dreamplace.ops.weighted_average_wirelength.weighted_average_wirelength - wirelength forward 0.126 ms
[DEBUG  ] dreamplace.ops.electric_potential.electric_potential - density forward 1.107 ms
[DEBUG  ] dreamplace.ops.electric_potential.electric_potential - density backward 0.416 ms
[DEBUG  ] dreamplace.ops.weighted_average_wirelength.weighted_average_wirelength - wirelength backward 0.117 ms
[INFO   ] DREAMPlace - optimizer step 9.148 ms
[INFO   ] DREAMPlace - iteration  347, (  53,  0,  1), Obj 5.822936E+06, NetCrossing 2.011E+01, NetCrossingWeight 1.000000E+01, DensityWeight 1.788533E+03, HPWL 1.503980E+03, Overflow 1.410481E-02, MaxDensity 1.235E+00, MacroOverlap 3.506E-05, MacroOverlapWeight 8.000000E-06, gamma 2.661342E-02, time 2.568ms
[INFO   ] DREAMPlace - full step 12.695 ms
[INFO   ] DREAMPlace - Lsub stopping criteria: 1 and 5.82294e+06 > 5.2843e+06 * 0.999
[DEBUG  ] dreamplace.ops.weighted_average_wirelength.weighted_average_wirelength - wirelength forward 0.125 ms
[DEBUG  ] dreamplace.ops.electric_potential.electric_potential - density forward 1.096 ms
[DEBUG  ] dreamplace.ops.electric_potential.electric_potential - density backward 0.414 ms
[DEBUG  ] dreamplace.ops.weighted_average_wirelength.weighted_average_wirelength - wirelength backward 0.116 ms
[INFO   ] DREAMPlace - optimizer step 9.037 ms
[INFO   ] DREAMPlace - iteration  348, (  53,  1,  0), Obj 5.827930E+06, NetCrossing 2.011E+01, NetCrossingWeight 1.000000E+01, DensityWeight 1.979260E+03, HPWL 1.503808E+03, Overflow 1.409945E-02, MaxDensity 1.235E+00, MacroOverlap 3.507E-05, MacroOverlapWeight 8.000000E-06, gamma 2.661342E-02, time 2.520ms
[INFO   ] DREAMPlace - full step 12.484 ms
[DEBUG  ] dreamplace.ops.weighted_average_wirelength.weighted_average_wirelength - wirelength forward 0.142 ms
[DEBUG  ] dreamplace.ops.electric_potential.electric_potential - density forward 1.136 ms
[DEBUG  ] dreamplace.ops.electric_potential.electric_potential - density backward 0.412 ms
[DEBUG  ] dreamplace.ops.weighted_average_wirelength.weighted_average_wirelength - wirelength backward 0.119 ms
[INFO   ] DREAMPlace - optimizer step 8.809 ms
[INFO   ] DREAMPlace - iteration  349, (  53,  1,  1), Obj 6.426892E+06, NetCrossing 2.005E+01, NetCrossingWeight 1.000000E+01, DensityWeight 1.979260E+03, HPWL 1.503635E+03, Overflow 1.408875E-02, MaxDensity 1.235E+00, MacroOverlap 3.505E-05, MacroOverlapWeight 8.000000E-06, gamma 2.661342E-02, time 6.083ms
[INFO   ] DREAMPlace - full step 15.938 ms
[INFO   ] DREAMPlace - Lsub stopping criteria: 1 and 6.42689e+06 > 5.82793e+06 * 0.999
[DEBUG  ] dreamplace.ops.weighted_average_wirelength.weighted_average_wirelength - wirelength forward 0.127 ms
[DEBUG  ] dreamplace.ops.electric_potential.electric_potential - density forward 1.179 ms
[DEBUG  ] dreamplace.ops.electric_potential.electric_potential - density backward 0.417 ms
[DEBUG  ] dreamplace.ops.weighted_average_wirelength.weighted_average_wirelength - wirelength backward 0.128 ms
[INFO   ] DREAMPlace - optimizer step 14.395 ms
[INFO   ] DREAMPlace - iteration  350, (  53,  2,  0), Obj 6.435123E+06, NetCrossing 2.007E+01, NetCrossingWeight 1.000000E+01, DensityWeight 2.190107E+03, HPWL 1.503458E+03, Overflow 1.407839E-02, MaxDensity 1.235E+00, MacroOverlap 3.504E-05, MacroOverlapWeight 8.000000E-06, gamma 2.661342E-02, time 2.682ms
[INFO   ] DREAMPlace - full step 18.135 ms
[DEBUG  ] dreamplace.ops.weighted_average_wirelength.weighted_average_wirelength - wirelength forward 0.137 ms
[DEBUG  ] dreamplace.ops.electric_potential.electric_potential - density forward 1.190 ms
[DEBUG  ] dreamplace.ops.electric_potential.electric_potential - density backward 0.429 ms
[DEBUG  ] dreamplace.ops.weighted_average_wirelength.weighted_average_wirelength - wirelength backward 0.120 ms
[INFO   ] DREAMPlace - optimizer step 8.994 ms
[INFO   ] DREAMPlace - iteration  351, (  53,  2,  1), Obj 7.097739E+06, NetCrossing 2.004E+01, NetCrossingWeight 1.000000E+01, DensityWeight 2.190107E+03, HPWL 1.503273E+03, Overflow 1.407130E-02, MaxDensity 1.235E+00, MacroOverlap 3.503E-05, MacroOverlapWeight 8.000000E-06, gamma 2.661342E-02, time 2.740ms
[INFO   ] DREAMPlace - full step 12.750 ms
[INFO   ] DREAMPlace - Lsub stopping criteria: 1 and 7.09774e+06 > 6.43512e+06 * 0.999
[DEBUG  ] dreamplace.ops.weighted_average_wirelength.weighted_average_wirelength - wirelength forward 0.135 ms
[DEBUG  ] dreamplace.ops.electric_potential.electric_potential - density forward 1.137 ms
[DEBUG  ] dreamplace.ops.electric_potential.electric_potential - density backward 0.420 ms
[DEBUG  ] dreamplace.ops.weighted_average_wirelength.weighted_average_wirelength - wirelength backward 0.121 ms
[INFO   ] DREAMPlace - optimizer step 8.676 ms
[INFO   ] DREAMPlace - iteration  352, (  53,  3,  0), Obj 7.104946E+06, NetCrossing 2.009E+01, NetCrossingWeight 1.000000E+01, DensityWeight 2.423173E+03, HPWL 1.503092E+03, Overflow 1.406906E-02, MaxDensity 1.235E+00, MacroOverlap 3.503E-05, MacroOverlapWeight 8.000000E-06, gamma 2.661342E-02, time 2.632ms
[INFO   ] DREAMPlace - full step 12.274 ms
[DEBUG  ] dreamplace.ops.weighted_average_wirelength.weighted_average_wirelength - wirelength forward 0.130 ms
[DEBUG  ] dreamplace.ops.electric_potential.electric_potential - density forward 1.167 ms
[DEBUG  ] dreamplace.ops.electric_potential.electric_potential - density backward 0.423 ms
[DEBUG  ] dreamplace.ops.weighted_average_wirelength.weighted_average_wirelength - wirelength backward 0.125 ms
[INFO   ] DREAMPlace - optimizer step 9.071 ms
[INFO   ] DREAMPlace - iteration  353, (  53,  3,  1), Obj 7.835625E+06, NetCrossing 2.007E+01, NetCrossingWeight 1.000000E+01, DensityWeight 2.423173E+03, HPWL 1.502905E+03, Overflow 1.407476E-02, MaxDensity 1.235E+00, MacroOverlap 3.503E-05, MacroOverlapWeight 8.000000E-06, gamma 2.661342E-02, time 2.645ms
[INFO   ] DREAMPlace - full step 12.661 ms
[INFO   ] DREAMPlace - Lsub stopping criteria: 1 and 7.83562e+06 > 7.10495e+06 * 0.999
[DEBUG  ] dreamplace.ops.weighted_average_wirelength.weighted_average_wirelength - wirelength forward 0.134 ms
[DEBUG  ] dreamplace.ops.electric_potential.electric_potential - density forward 1.086 ms
[DEBUG  ] dreamplace.ops.electric_potential.electric_potential - density backward 0.412 ms
[DEBUG  ] dreamplace.ops.weighted_average_wirelength.weighted_average_wirelength - wirelength backward 0.116 ms
[INFO   ] DREAMPlace - optimizer step 13.355 ms
[INFO   ] DREAMPlace - iteration  354, (  53,  4,  0), Obj 7.843798E+06, NetCrossing 2.009E+01, NetCrossingWeight 1.000000E+01, DensityWeight 2.680773E+03, HPWL 1.502721E+03, Overflow 1.408602E-02, MaxDensity 1.235E+00, MacroOverlap 3.506E-05, MacroOverlapWeight 8.000000E-06, gamma 2.661342E-02, time 2.524ms
[INFO   ] DREAMPlace - full step 16.843 ms
[DEBUG  ] dreamplace.ops.weighted_average_wirelength.weighted_average_wirelength - wirelength forward 0.123 ms
[DEBUG  ] dreamplace.ops.electric_potential.electric_potential - density forward 1.104 ms
[DEBUG  ] dreamplace.ops.electric_potential.electric_potential - density backward 0.429 ms
[DEBUG  ] dreamplace.ops.weighted_average_wirelength.weighted_average_wirelength - wirelength backward 0.125 ms
[INFO   ] DREAMPlace - optimizer step 8.555 ms
[INFO   ] DREAMPlace - iteration  355, (  53,  4,  1), Obj 8.656497E+06, NetCrossing 2.007E+01, NetCrossingWeight 1.000000E+01, DensityWeight 2.680773E+03, HPWL 1.502535E+03, Overflow 1.410051E-02, MaxDensity 1.235E+00, MacroOverlap 3.509E-05, MacroOverlapWeight 8.000000E-06, gamma 2.661342E-02, time 2.602ms
[INFO   ] DREAMPlace - full step 12.114 ms
[INFO   ] DREAMPlace - Lsub stopping criteria: 1 and 8.6565e+06 > 7.8438e+06 * 0.999
[DEBUG  ] dreamplace.ops.weighted_average_wirelength.weighted_average_wirelength - wirelength forward 0.138 ms
[DEBUG  ] dreamplace.ops.electric_potential.electric_potential - density forward 1.132 ms
[DEBUG  ] dreamplace.ops.electric_potential.electric_potential - density backward 0.428 ms
[DEBUG  ] dreamplace.ops.weighted_average_wirelength.weighted_average_wirelength - wirelength backward 0.118 ms
[INFO   ] DREAMPlace - optimizer step 8.730 ms
[INFO   ] DREAMPlace - iteration  356, (  53,  5,  0), Obj 8.666606E+06, NetCrossing 1.953E+01, NetCrossingWeight 1.000000E+01, DensityWeight 2.965461E+03, HPWL 1.502350E+03, Overflow 1.411919E-02, MaxDensity 1.235E+00, MacroOverlap 3.514E-05, MacroOverlapWeight 8.000000E-06, gamma 2.661342E-02, time 6.463ms
[INFO   ] DREAMPlace - full step 16.122 ms
[DEBUG  ] dreamplace.ops.weighted_average_wirelength.weighted_average_wirelength - wirelength forward 0.129 ms
[DEBUG  ] dreamplace.ops.electric_potential.electric_potential - density forward 1.149 ms
[DEBUG  ] dreamplace.ops.electric_potential.electric_potential - density backward 0.435 ms
[DEBUG  ] dreamplace.ops.weighted_average_wirelength.weighted_average_wirelength - wirelength backward 0.121 ms
[INFO   ] DREAMPlace - optimizer step 14.546 ms
[INFO   ] DREAMPlace - iteration  357, (  53,  5,  1), Obj 9.568100E+06, NetCrossing 1.998E+01, NetCrossingWeight 1.000000E+01, DensityWeight 2.965461E+03, HPWL 1.502165E+03, Overflow 1.414204E-02, MaxDensity 1.235E+00, MacroOverlap 3.518E-05, MacroOverlapWeight 8.000000E-06, gamma 2.661342E-02, time 2.585ms
[INFO   ] DREAMPlace - full step 18.120 ms
[INFO   ] DREAMPlace - Lsub stopping criteria: 1 and 9.5681e+06 > 8.66661e+06 * 0.999
[DEBUG  ] dreamplace.ops.weighted_average_wirelength.weighted_average_wirelength - wirelength forward 0.132 ms
[DEBUG  ] dreamplace.ops.electric_potential.electric_potential - density forward 1.165 ms
[DEBUG  ] dreamplace.ops.electric_potential.electric_potential - density backward 0.416 ms
[DEBUG  ] dreamplace.ops.weighted_average_wirelength.weighted_average_wirelength - wirelength backward 0.118 ms
[INFO   ] DREAMPlace - optimizer step 8.736 ms
[INFO   ] DREAMPlace - iteration  358, (  53,  6,  0), Obj 9.574221E+06, NetCrossing 2.011E+01, NetCrossingWeight 1.000000E+01, DensityWeight 3.280053E+03, HPWL 1.501990E+03, Overflow 1.416441E-02, MaxDensity 1.235E+00, MacroOverlap 3.523E-05, MacroOverlapWeight 8.000000E-06, gamma 2.661342E-02, time 2.672ms
[INFO   ] DREAMPlace - full step 12.367 ms
[DEBUG  ] dreamplace.ops.weighted_average_wirelength.weighted_average_wirelength - wirelength forward 0.127 ms
[DEBUG  ] dreamplace.ops.electric_potential.electric_potential - density forward 1.176 ms
[DEBUG  ] dreamplace.ops.electric_potential.electric_potential - density backward 0.409 ms
[DEBUG  ] dreamplace.ops.weighted_average_wirelength.weighted_average_wirelength - wirelength backward 0.129 ms
[INFO   ] DREAMPlace - optimizer step 8.790 ms
[INFO   ] DREAMPlace - iteration  359, (  53,  6,  1), Obj 1.057084E+07, NetCrossing 2.000E+01, NetCrossingWeight 1.000000E+01, DensityWeight 3.280053E+03, HPWL 1.501836E+03, Overflow 1.418760E-02, MaxDensity 1.235E+00, MacroOverlap 3.528E-05, MacroOverlapWeight 8.000000E-06, gamma 2.661342E-02, time 2.699ms
[INFO   ] DREAMPlace - full step 12.449 ms
[INFO   ] DREAMPlace - Lsub stopping criteria: 1 and 1.05708e+07 > 9.57422e+06 * 0.999
[DEBUG  ] dreamplace.ops.weighted_average_wirelength.weighted_average_wirelength - wirelength forward 0.137 ms
[DEBUG  ] dreamplace.ops.electric_potential.electric_potential - density forward 1.148 ms
[DEBUG  ] dreamplace.ops.electric_potential.electric_potential - density backward 0.421 ms
[DEBUG  ] dreamplace.ops.weighted_average_wirelength.weighted_average_wirelength - wirelength backward 0.119 ms
[INFO   ] DREAMPlace - optimizer step 8.739 ms
[INFO   ] DREAMPlace - iteration  360, (  53,  7,  0), Obj 1.057450E+07, NetCrossing 2.000E+01, NetCrossingWeight 1.000000E+01, DensityWeight 3.627658E+03, HPWL 1.501707E+03, Overflow 1.421088E-02, MaxDensity 1.235E+00, MacroOverlap 3.532E-05, MacroOverlapWeight 8.000000E-06, gamma 2.661342E-02, time 2.631ms
[INFO   ] DREAMPlace - full step 12.363 ms
[DEBUG  ] dreamplace.ops.weighted_average_wirelength.weighted_average_wirelength - wirelength forward 0.127 ms
[DEBUG  ] dreamplace.ops.electric_potential.electric_potential - density forward 1.164 ms
[DEBUG  ] dreamplace.ops.electric_potential.electric_potential - density backward 0.412 ms
[DEBUG  ] dreamplace.ops.weighted_average_wirelength.weighted_average_wirelength - wirelength backward 0.115 ms
[INFO   ] DREAMPlace - optimizer step 8.715 ms
[INFO   ] DREAMPlace - iteration  361, (  53,  7,  1), Obj 1.167456E+07, NetCrossing 2.002E+01, NetCrossingWeight 1.000000E+01, DensityWeight 3.627658E+03, HPWL 1.501590E+03, Overflow 1.423387E-02, MaxDensity 1.235E+00, MacroOverlap 3.535E-05, MacroOverlapWeight 8.000000E-06, gamma 2.661342E-02, time 2.640ms
[INFO   ] DREAMPlace - full step 12.327 ms
[INFO   ] DREAMPlace - Lsub stopping criteria: 1 and 1.16746e+07 > 1.05745e+07 * 0.999
[DEBUG  ] dreamplace.ops.weighted_average_wirelength.weighted_average_wirelength - wirelength forward 0.132 ms
[DEBUG  ] dreamplace.ops.electric_potential.electric_potential - density forward 1.175 ms
[DEBUG  ] dreamplace.ops.electric_potential.electric_potential - density backward 0.418 ms
[DEBUG  ] dreamplace.ops.weighted_average_wirelength.weighted_average_wirelength - wirelength backward 0.131 ms
[INFO   ] DREAMPlace - optimizer step 8.851 ms
[INFO   ] DREAMPlace - iteration  362, (  53,  8,  0), Obj 1.167154E+07, NetCrossing 2.004E+01, NetCrossingWeight 1.000000E+01, DensityWeight 4.011698E+03, HPWL 1.501483E+03, Overflow 1.425469E-02, MaxDensity 1.235E+00, MacroOverlap 3.539E-05, MacroOverlapWeight 8.000000E-06, gamma 2.661342E-02, time 2.666ms
[INFO   ] DREAMPlace - full step 12.474 ms
[DEBUG  ] dreamplace.ops.weighted_average_wirelength.weighted_average_wirelength - wirelength forward 0.129 ms
[DEBUG  ] dreamplace.ops.electric_potential.electric_potential - density forward 1.163 ms
[DEBUG  ] dreamplace.ops.electric_potential.electric_potential - density backward 0.416 ms
[DEBUG  ] dreamplace.ops.weighted_average_wirelength.weighted_average_wirelength - wirelength backward 0.117 ms
[INFO   ] DREAMPlace - optimizer step 8.643 ms
[INFO   ] DREAMPlace - iteration  363, (  53,  8,  1), Obj 1.288745E+07, NetCrossing 2.005E+01, NetCrossingWeight 1.000000E+01, DensityWeight 4.011698E+03, HPWL 1.501399E+03, Overflow 1.426898E-02, MaxDensity 1.235E+00, MacroOverlap 3.542E-05, MacroOverlapWeight 8.000000E-06, gamma 2.661342E-02, time 2.648ms
[INFO   ] DREAMPlace - full step 12.268 ms
[INFO   ] DREAMPlace - Lsub stopping criteria: 1 and 1.28874e+07 > 1.16715e+07 * 0.999
[DEBUG  ] dreamplace.ops.weighted_average_wirelength.weighted_average_wirelength - wirelength forward 0.129 ms
[DEBUG  ] dreamplace.ops.electric_potential.electric_potential - density forward 1.147 ms
[DEBUG  ] dreamplace.ops.electric_potential.electric_potential - density backward 0.410 ms
[DEBUG  ] dreamplace.ops.weighted_average_wirelength.weighted_average_wirelength - wirelength backward 0.114 ms
[INFO   ] DREAMPlace - optimizer step 8.653 ms
[INFO   ] DREAMPlace - iteration  364, (  53,  9,  0), Obj 1.288942E+07, NetCrossing 2.007E+01, NetCrossingWeight 1.000000E+01, DensityWeight 4.435951E+03, HPWL 1.501333E+03, Overflow 1.427710E-02, MaxDensity 1.235E+00, MacroOverlap 3.545E-05, MacroOverlapWeight 8.000000E-06, gamma 2.661342E-02, time 2.654ms
[INFO   ] DREAMPlace - full step 12.294 ms
[DEBUG  ] dreamplace.ops.weighted_average_wirelength.weighted_average_wirelength - wirelength forward 0.129 ms
[DEBUG  ] dreamplace.ops.electric_potential.electric_potential - density forward 1.130 ms
[DEBUG  ] dreamplace.ops.electric_potential.electric_potential - density backward 0.409 ms
[DEBUG  ] dreamplace.ops.weighted_average_wirelength.weighted_average_wirelength - wirelength backward 0.117 ms
[INFO   ] DREAMPlace - optimizer step 8.614 ms
[INFO   ] DREAMPlace - iteration  365, (  53,  9,  1), Obj 1.423160E+07, NetCrossing 2.018E+01, NetCrossingWeight 1.000000E+01, DensityWeight 4.435951E+03, HPWL 1.501291E+03, Overflow 1.428099E-02, MaxDensity 1.235E+00, MacroOverlap 3.548E-05, MacroOverlapWeight 8.000000E-06, gamma 2.661342E-02, time 2.606ms
[INFO   ] DREAMPlace - full step 12.170 ms
[INFO   ] DREAMPlace - Lsub stopping criteria: 1 and 1.42316e+07 > 1.28894e+07 * 0.999
[DEBUG  ] dreamplace.ops.weighted_average_wirelength.weighted_average_wirelength - wirelength forward 0.131 ms
[DEBUG  ] dreamplace.ops.electric_potential.electric_potential - density forward 1.143 ms
[DEBUG  ] dreamplace.ops.electric_potential.electric_potential - density backward 0.412 ms
[DEBUG  ] dreamplace.ops.weighted_average_wirelength.weighted_average_wirelength - wirelength backward 0.115 ms
[INFO   ] DREAMPlace - optimizer step 8.709 ms
[INFO   ] DREAMPlace - iteration  366, (  54,  0,  0), Obj 1.422849E+07, NetCrossing 2.019E+01, NetCrossingWeight 1.000000E+01, DensityWeight 4.904580E+03, HPWL 1.501286E+03, Overflow 1.428016E-02, MaxDensity 1.235E+00, MacroOverlap 3.549E-05, MacroOverlapWeight 8.000000E-06, gamma 2.663713E-02, time 2.661ms
[INFO   ] DREAMPlace - full step 12.322 ms
[DEBUG  ] dreamplace.ops.weighted_average_wirelength.weighted_average_wirelength - wirelength forward 0.125 ms
[DEBUG  ] dreamplace.ops.electric_potential.electric_potential - density forward 1.159 ms
[DEBUG  ] dreamplace.ops.electric_potential.electric_potential - density backward 0.414 ms
[DEBUG  ] dreamplace.ops.weighted_average_wirelength.weighted_average_wirelength - wirelength backward 0.117 ms
[INFO   ] DREAMPlace - optimizer step 8.721 ms
[INFO   ] DREAMPlace - iteration  367, (  54,  0,  1), Obj 1.571987E+07, NetCrossing 2.020E+01, NetCrossingWeight 1.000000E+01, DensityWeight 4.904580E+03, HPWL 1.501313E+03, Overflow 1.428013E-02, MaxDensity 1.235E+00, MacroOverlap 3.552E-05, MacroOverlapWeight 8.000000E-06, gamma 2.663713E-02, time 2.660ms
[INFO   ] DREAMPlace - full step 12.359 ms
[INFO   ] DREAMPlace - Lsub stopping criteria: 1 and 1.57199e+07 > 1.42285e+07 * 0.999
[DEBUG  ] dreamplace.ops.weighted_average_wirelength.weighted_average_wirelength - wirelength forward 0.129 ms
[DEBUG  ] dreamplace.ops.electric_potential.electric_potential - density forward 1.145 ms
[DEBUG  ] dreamplace.ops.electric_potential.electric_potential - density backward 0.413 ms
[DEBUG  ] dreamplace.ops.weighted_average_wirelength.weighted_average_wirelength - wirelength backward 0.114 ms
[INFO   ] DREAMPlace - optimizer step 8.680 ms
[INFO   ] DREAMPlace - iteration  368, (  54,  1,  0), Obj 1.571777E+07, NetCrossing 2.020E+01, NetCrossingWeight 1.000000E+01, DensityWeight 5.522870E+03, HPWL 1.501369E+03, Overflow 1.427353E-02, MaxDensity 1.235E+00, MacroOverlap 3.553E-05, MacroOverlapWeight 8.000000E-06, gamma 2.663713E-02, time 2.668ms
[INFO   ] DREAMPlace - full step 12.335 ms
[DEBUG  ] dreamplace.ops.weighted_average_wirelength.weighted_average_wirelength - wirelength forward 0.124 ms
[DEBUG  ] dreamplace.ops.electric_potential.electric_potential - density forward 1.122 ms
[DEBUG  ] dreamplace.ops.electric_potential.electric_potential - density backward 0.404 ms
[DEBUG  ] dreamplace.ops.weighted_average_wirelength.weighted_average_wirelength - wirelength backward 0.116 ms
[INFO   ] DREAMPlace - optimizer step 8.479 ms
[INFO   ] DREAMPlace - iteration  369, (  54,  1,  1), Obj 1.767275E+07, NetCrossing 2.021E+01, NetCrossingWeight 1.000000E+01, DensityWeight 5.522870E+03, HPWL 1.501449E+03, Overflow 1.426742E-02, MaxDensity 1.235E+00, MacroOverlap 3.555E-05, MacroOverlapWeight 8.000000E-06, gamma 2.663713E-02, time 2.568ms
[INFO   ] DREAMPlace - full step 12.028 ms
[INFO   ] DREAMPlace - Lsub stopping criteria: 1 and 1.76727e+07 > 1.57178e+07 * 0.999
[INFO   ] DREAMPlace - Llambda stopping criteria: 1 and (( 0.0142674 < 0.1 and 1501.45 > 1501.31 ) or 1.23501 < 1.0)
[DEBUG  ] dreamplace.ops.weighted_average_wirelength.weighted_average_wirelength - wirelength forward 0.123 ms
[DEBUG  ] dreamplace.ops.electric_potential.electric_potential - density forward 1.121 ms
[DEBUG  ] dreamplace.ops.electric_potential.electric_potential - density backward 0.415 ms
[DEBUG  ] dreamplace.ops.weighted_average_wirelength.weighted_average_wirelength - wirelength backward 0.130 ms
[INFO   ] DREAMPlace - optimizer step 8.509 ms
[INFO   ] DREAMPlace - iteration  370, (  55,  0,  0), Obj 1.766707E+07, NetCrossing 2.021E+01, NetCrossingWeight 1.000000E+01, DensityWeight 6.219105E+03, HPWL 1.501552E+03, Overflow 1.425753E-02, MaxDensity 1.235E+00, MacroOverlap 3.555E-05, MacroOverlapWeight 8.000000E-06, gamma 2.663528E-02, time 2.604ms
[INFO   ] DREAMPlace - full step 12.050 ms
[DEBUG  ] dreamplace.ops.weighted_average_wirelength.weighted_average_wirelength - wirelength forward 0.125 ms
[DEBUG  ] dreamplace.ops.electric_potential.electric_potential - density forward 1.120 ms
[DEBUG  ] dreamplace.ops.electric_potential.electric_potential - density backward 0.405 ms
[DEBUG  ] dreamplace.ops.weighted_average_wirelength.weighted_average_wirelength - wirelength backward 0.113 ms
[INFO   ] DREAMPlace - optimizer step 8.278 ms
[INFO   ] DREAMPlace - iteration  371, (  55,  0,  1), Obj 1.985699E+07, NetCrossing 2.022E+01, NetCrossingWeight 1.000000E+01, DensityWeight 6.219105E+03, HPWL 1.501677E+03, Overflow 1.424783E-02, MaxDensity 1.235E+00, MacroOverlap 3.556E-05, MacroOverlapWeight 8.000000E-06, gamma 2.663528E-02, time 2.629ms
[INFO   ] DREAMPlace - full step 11.734 ms
[INFO   ] DREAMPlace - Lsub stopping criteria: 1 and 1.9857e+07 > 1.76671e+07 * 0.999
[DEBUG  ] dreamplace.ops.weighted_average_wirelength.weighted_average_wirelength - wirelength forward 0.093 ms
[DEBUG  ] dreamplace.ops.electric_potential.electric_potential - density forward 0.888 ms
[DEBUG  ] dreamplace.ops.electric_potential.electric_potential - density backward 0.401 ms
[DEBUG  ] dreamplace.ops.weighted_average_wirelength.weighted_average_wirelength - wirelength backward 0.112 ms
[INFO   ] DREAMPlace - optimizer step 7.249 ms
[INFO   ] DREAMPlace - iteration  372, (  55,  1,  0), Obj 1.982497E+07, NetCrossing 2.020E+01, NetCrossingWeight 1.000000E+01, DensityWeight 7.003110E+03, HPWL 1.501823E+03, Overflow 1.423889E-02, MaxDensity 1.235E+00, MacroOverlap 3.555E-05, MacroOverlapWeight 8.000000E-06, gamma 2.663528E-02, time 2.083ms
[INFO   ] DREAMPlace - full step 10.085 ms
[DEBUG  ] dreamplace.ops.weighted_average_wirelength.weighted_average_wirelength - wirelength forward 0.095 ms
[DEBUG  ] dreamplace.ops.electric_potential.electric_potential - density forward 0.900 ms
[DEBUG  ] dreamplace.ops.electric_potential.electric_potential - density backward 0.401 ms
[DEBUG  ] dreamplace.ops.weighted_average_wirelength.weighted_average_wirelength - wirelength backward 0.111 ms
[INFO   ] DREAMPlace - optimizer step 7.227 ms
[INFO   ] DREAMPlace - iteration  373, (  55,  1,  1), Obj 2.229699E+07, NetCrossing 2.021E+01, NetCrossingWeight 1.000000E+01, DensityWeight 7.003110E+03, HPWL 1.501984E+03, Overflow 1.422950E-02, MaxDensity 1.235E+00, MacroOverlap 3.554E-05, MacroOverlapWeight 8.000000E-06, gamma 2.663528E-02, time 2.061ms
[INFO   ] DREAMPlace - full step 10.072 ms
[INFO   ] DREAMPlace - Lsub stopping criteria: 1 and 2.2297e+07 > 1.9825e+07 * 0.999
[INFO   ] DREAMPlace - Llambda stopping criteria: 1 and (( 0.0142295 < 0.1 and 1501.98 > 1501.68 ) or 1.23501 < 1.0)
[DEBUG  ] dreamplace.ops.weighted_average_wirelength.weighted_average_wirelength - wirelength forward 0.097 ms
[DEBUG  ] dreamplace.ops.electric_potential.electric_potential - density forward 0.912 ms
[DEBUG  ] dreamplace.ops.electric_potential.electric_potential - density backward 0.421 ms
[DEBUG  ] dreamplace.ops.weighted_average_wirelength.weighted_average_wirelength - wirelength backward 0.113 ms
[INFO   ] DREAMPlace - optimizer step 7.388 ms
[INFO   ] DREAMPlace - iteration  374, (  56,  0,  0), Obj 2.229021E+07, NetCrossing 2.018E+01, NetCrossingWeight 1.000000E+01, DensityWeight 7.885950E+03, HPWL 1.502149E+03, Overflow 1.421952E-02, MaxDensity 1.235E+00, MacroOverlap 3.551E-05, MacroOverlapWeight 8.000000E-06, gamma 2.663011E-02, time 2.070ms
[INFO   ] DREAMPlace - full step 10.192 ms
[DEBUG  ] dreamplace.ops.weighted_average_wirelength.weighted_average_wirelength - wirelength forward 0.097 ms
[DEBUG  ] dreamplace.ops.electric_potential.electric_potential - density forward 0.898 ms
[DEBUG  ] dreamplace.ops.electric_potential.electric_potential - density backward 0.401 ms
[DEBUG  ] dreamplace.ops.weighted_average_wirelength.weighted_average_wirelength - wirelength backward 0.113 ms
[INFO   ] DREAMPlace - optimizer step 7.691 ms
[INFO   ] DREAMPlace - iteration  375, (  56,  0,  1), Obj 2.508048E+07, NetCrossing 2.020E+01, NetCrossingWeight 1.000000E+01, DensityWeight 7.885950E+03, HPWL 1.502319E+03, Overflow 1.420874E-02, MaxDensity 1.235E+00, MacroOverlap 3.548E-05, MacroOverlapWeight 8.000000E-06, gamma 2.663011E-02, time 2.113ms
[INFO   ] DREAMPlace - full step 10.774 ms
[INFO   ] DREAMPlace - Lsub stopping criteria: 1 and 2.50805e+07 > 2.22902e+07 * 0.999
[DEBUG  ] dreamplace.ops.weighted_average_wirelength.weighted_average_wirelength - wirelength forward 0.096 ms
[DEBUG  ] dreamplace.ops.electric_potential.electric_potential - density forward 0.889 ms
[DEBUG  ] dreamplace.ops.electric_potential.electric_potential - density backward 0.400 ms
[DEBUG  ] dreamplace.ops.weighted_average_wirelength.weighted_average_wirelength - wirelength backward 0.114 ms
[INFO   ] DREAMPlace - optimizer step 7.233 ms
[INFO   ] DREAMPlace - iteration  376, (  56,  1,  0), Obj 2.507362E+07, NetCrossing 2.017E+01, NetCrossingWeight 1.000000E+01, DensityWeight 8.880084E+03, HPWL 1.502479E+03, Overflow 1.419683E-02, MaxDensity 1.235E+00, MacroOverlap 3.544E-05, MacroOverlapWeight 8.000000E-06, gamma 2.663011E-02, time 2.462ms
[INFO   ] DREAMPlace - full step 10.485 ms
[DEBUG  ] dreamplace.ops.weighted_average_wirelength.weighted_average_wirelength - wirelength forward 0.095 ms
[DEBUG  ] dreamplace.ops.electric_potential.electric_potential - density forward 1.073 ms
[DEBUG  ] dreamplace.ops.electric_potential.electric_potential - density backward 0.402 ms
[DEBUG  ] dreamplace.ops.weighted_average_wirelength.weighted_average_wirelength - wirelength backward 0.114 ms
[INFO   ] DREAMPlace - optimizer step 8.368 ms
[INFO   ] DREAMPlace - iteration  377, (  56,  1,  1), Obj 2.820949E+07, NetCrossing 2.018E+01, NetCrossingWeight 1.000000E+01, DensityWeight 8.880084E+03, HPWL 1.502651E+03, Overflow 1.418443E-02, MaxDensity 1.235E+00, MacroOverlap 3.540E-05, MacroOverlapWeight 8.000000E-06, gamma 2.663011E-02, time 2.073ms
[INFO   ] DREAMPlace - full step 11.200 ms
[INFO   ] DREAMPlace - Lsub stopping criteria: 1 and 2.82095e+07 > 2.50736e+07 * 0.999
[INFO   ] DREAMPlace - Llambda stopping criteria: 1 and (( 0.0141844 < 0.1 and 1502.65 > 1502.32 ) or 1.23501 < 1.0)
[DEBUG  ] dreamplace.ops.weighted_average_wirelength.weighted_average_wirelength - wirelength forward 0.097 ms
[DEBUG  ] dreamplace.ops.electric_potential.electric_potential - density forward 0.911 ms
[DEBUG  ] dreamplace.ops.electric_potential.electric_potential - density backward 0.545 ms
[DEBUG  ] dreamplace.ops.weighted_average_wirelength.weighted_average_wirelength - wirelength backward 0.178 ms
[INFO   ] DREAMPlace - optimizer step 9.902 ms
[INFO   ] DREAMPlace - iteration  378, (  57,  0,  0), Obj 2.821010E+07, NetCrossing 2.015E+01, NetCrossingWeight 1.000000E+01, DensityWeight 9.999542E+03, HPWL 1.502814E+03, Overflow 1.416973E-02, MaxDensity 1.235E+00, MacroOverlap 3.535E-05, MacroOverlapWeight 8.000000E-06, gamma 2.662397E-02, time 2.086ms
[INFO   ] DREAMPlace - full step 12.753 ms
[DEBUG  ] dreamplace.ops.weighted_average_wirelength.weighted_average_wirelength - wirelength forward 0.097 ms
[DEBUG  ] dreamplace.ops.electric_potential.electric_potential - density forward 0.906 ms
[DEBUG  ] dreamplace.ops.electric_potential.electric_potential - density backward 0.422 ms
[DEBUG  ] dreamplace.ops.weighted_average_wirelength.weighted_average_wirelength - wirelength backward 0.145 ms
[INFO   ] DREAMPlace - optimizer step 7.249 ms
[INFO   ] DREAMPlace - iteration  379, (  57,  0,  1), Obj 3.170980E+07, NetCrossing 2.016E+01, NetCrossingWeight 1.000000E+01, DensityWeight 9.999542E+03, HPWL 1.502990E+03, Overflow 1.415230E-02, MaxDensity 1.235E+00, MacroOverlap 3.527E-05, MacroOverlapWeight 8.000000E-06, gamma 2.662397E-02, time 2.181ms
[INFO   ] DREAMPlace - full step 10.347 ms
[INFO   ] DREAMPlace - Lsub stopping criteria: 1 and 3.17098e+07 > 2.82101e+07 * 0.999
[DEBUG  ] dreamplace.ops.weighted_average_wirelength.weighted_average_wirelength - wirelength forward 0.125 ms
[DEBUG  ] dreamplace.ops.electric_potential.electric_potential - density forward 1.134 ms
[DEBUG  ] dreamplace.ops.electric_potential.electric_potential - density backward 0.410 ms
[DEBUG  ] dreamplace.ops.weighted_average_wirelength.weighted_average_wirelength - wirelength backward 0.113 ms
[INFO   ] DREAMPlace - optimizer step 8.502 ms
[INFO   ] DREAMPlace - iteration  380, (  57,  1,  0), Obj 3.172044E+07, NetCrossing 2.014E+01, NetCrossingWeight 1.000000E+01, DensityWeight 1.126012E+04, HPWL 1.503156E+03, Overflow 1.413435E-02, MaxDensity 1.235E+00, MacroOverlap 3.520E-05, MacroOverlapWeight 8.000000E-06, gamma 2.662397E-02, time 2.599ms
[INFO   ] DREAMPlace - full step 12.055 ms
[DEBUG  ] dreamplace.ops.weighted_average_wirelength.weighted_average_wirelength - wirelength forward 0.126 ms
[DEBUG  ] dreamplace.ops.electric_potential.electric_potential - density forward 1.130 ms
[DEBUG  ] dreamplace.ops.electric_potential.electric_potential - density backward 0.363 ms
[DEBUG  ] dreamplace.ops.weighted_average_wirelength.weighted_average_wirelength - wirelength backward 0.090 ms
[INFO   ] DREAMPlace - optimizer step 7.876 ms
[INFO   ] DREAMPlace - iteration  381, (  57,  1,  1), Obj 3.564846E+07, NetCrossing 2.013E+01, NetCrossingWeight 1.000000E+01, DensityWeight 1.126012E+04, HPWL 1.503330E+03, Overflow 1.411434E-02, MaxDensity 1.235E+00, MacroOverlap 3.512E-05, MacroOverlapWeight 8.000000E-06, gamma 2.662397E-02, time 2.590ms
[INFO   ] DREAMPlace - full step 11.420 ms
[INFO   ] DREAMPlace - Lsub stopping criteria: 1 and 3.56485e+07 > 3.17204e+07 * 0.999
[INFO   ] DREAMPlace - Llambda stopping criteria: 1 and (( 0.0141143 < 0.1 and 1503.33 > 1502.99 ) or 1.23501 < 1.0)
[DEBUG  ] dreamplace.ops.weighted_average_wirelength.weighted_average_wirelength - wirelength forward 0.129 ms
[DEBUG  ] dreamplace.ops.electric_potential.electric_potential - density forward 1.144 ms
[DEBUG  ] dreamplace.ops.electric_potential.electric_potential - density backward 0.405 ms
[DEBUG  ] dreamplace.ops.weighted_average_wirelength.weighted_average_wirelength - wirelength backward 0.124 ms
[INFO   ] DREAMPlace - optimizer step 8.375 ms
[INFO   ] DREAMPlace - iteration  382, (  58,  0,  0), Obj 3.568817E+07, NetCrossing 2.011E+01, NetCrossingWeight 1.000000E+01, DensityWeight 1.267962E+04, HPWL 1.503495E+03, Overflow 1.409318E-02, MaxDensity 1.235E+00, MacroOverlap 3.504E-05, MacroOverlapWeight 8.000000E-06, gamma 2.661442E-02, time 2.611ms
[INFO   ] DREAMPlace - full step 11.974 ms
[DEBUG  ] dreamplace.ops.weighted_average_wirelength.weighted_average_wirelength - wirelength forward 0.125 ms
[DEBUG  ] dreamplace.ops.electric_potential.electric_potential - density forward 1.143 ms
[DEBUG  ] dreamplace.ops.electric_potential.electric_potential - density backward 0.375 ms
[DEBUG  ] dreamplace.ops.weighted_average_wirelength.weighted_average_wirelength - wirelength backward 0.095 ms
[INFO   ] DREAMPlace - optimizer step 8.013 ms
[INFO   ] DREAMPlace - iteration  383, (  58,  0,  1), Obj 4.009231E+07, NetCrossing 2.016E+01, NetCrossingWeight 1.000000E+01, DensityWeight 1.267962E+04, HPWL 1.503659E+03, Overflow 1.406976E-02, MaxDensity 1.235E+00, MacroOverlap 3.496E-05, MacroOverlapWeight 8.000000E-06, gamma 2.661442E-02, time 2.610ms
[INFO   ] DREAMPlace - full step 11.576 ms
[INFO   ] DREAMPlace - Lsub stopping criteria: 1 and 4.00923e+07 > 3.56882e+07 * 0.999
[DEBUG  ] dreamplace.ops.weighted_average_wirelength.weighted_average_wirelength - wirelength forward 0.128 ms
[DEBUG  ] dreamplace.ops.electric_potential.electric_potential - density forward 1.125 ms
[DEBUG  ] dreamplace.ops.electric_potential.electric_potential - density backward 0.437 ms
[DEBUG  ] dreamplace.ops.weighted_average_wirelength.weighted_average_wirelength - wirelength backward 0.118 ms
[INFO   ] DREAMPlace - optimizer step 9.275 ms
[INFO   ] DREAMPlace - iteration  384, (  58,  1,  0), Obj 4.012703E+07, NetCrossing 2.013E+01, NetCrossingWeight 1.000000E+01, DensityWeight 1.427806E+04, HPWL 1.503811E+03, Overflow 1.404419E-02, MaxDensity 1.235E+00, MacroOverlap 3.490E-05, MacroOverlapWeight 8.000000E-06, gamma 2.661442E-02, time 2.586ms
[INFO   ] DREAMPlace - full step 12.804 ms
[DEBUG  ] dreamplace.ops.weighted_average_wirelength.weighted_average_wirelength - wirelength forward 0.126 ms
[DEBUG  ] dreamplace.ops.electric_potential.electric_potential - density forward 1.144 ms
[DEBUG  ] dreamplace.ops.electric_potential.electric_potential - density backward 0.414 ms
[DEBUG  ] dreamplace.ops.weighted_average_wirelength.weighted_average_wirelength - wirelength backward 0.111 ms
[INFO   ] DREAMPlace - optimizer step 8.422 ms
[INFO   ] DREAMPlace - iteration  385, (  58,  1,  1), Obj 4.509214E+07, NetCrossing 2.014E+01, NetCrossingWeight 1.000000E+01, DensityWeight 1.427806E+04, HPWL 1.503966E+03, Overflow 1.401635E-02, MaxDensity 1.235E+00, MacroOverlap 3.483E-05, MacroOverlapWeight 8.000000E-06, gamma 2.661442E-02, time 2.576ms
[INFO   ] DREAMPlace - full step 11.970 ms
[INFO   ] DREAMPlace - Lsub stopping criteria: 1 and 4.50921e+07 > 4.0127e+07 * 0.999
[INFO   ] DREAMPlace - Llambda stopping criteria: 1 and (( 0.0140163 < 0.1 and 1503.97 > 1503.66 ) or 1.23501 < 1.0)
[DEBUG  ] dreamplace.ops.weighted_average_wirelength.weighted_average_wirelength - wirelength forward 0.131 ms
[DEBUG  ] dreamplace.ops.electric_potential.electric_potential - density forward 1.154 ms
[DEBUG  ] dreamplace.ops.electric_potential.electric_potential - density backward 0.363 ms
[DEBUG  ] dreamplace.ops.weighted_average_wirelength.weighted_average_wirelength - wirelength backward 0.089 ms
[INFO   ] DREAMPlace - optimizer step 7.939 ms
[INFO   ] DREAMPlace - iteration  386, (  59,  0,  0), Obj 4.512343E+07, NetCrossing 2.010E+01, NetCrossingWeight 1.000000E+01, DensityWeight 1.607801E+04, HPWL 1.504116E+03, Overflow 1.399001E-02, MaxDensity 1.235E+00, MacroOverlap 3.476E-05, MacroOverlapWeight 8.000000E-06, gamma 2.660108E-02, time 2.663ms
[INFO   ] DREAMPlace - full step 11.575 ms
[DEBUG  ] dreamplace.ops.weighted_average_wirelength.weighted_average_wirelength - wirelength forward 0.129 ms
[DEBUG  ] dreamplace.ops.electric_potential.electric_potential - density forward 1.169 ms
[DEBUG  ] dreamplace.ops.electric_potential.electric_potential - density backward 0.439 ms
[DEBUG  ] dreamplace.ops.weighted_average_wirelength.weighted_average_wirelength - wirelength backward 0.125 ms
[INFO   ] DREAMPlace - optimizer step 8.902 ms
[INFO   ] DREAMPlace - iteration  387, (  59,  0,  1), Obj 5.069729E+07, NetCrossing 2.011E+01, NetCrossingWeight 1.000000E+01, DensityWeight 1.607801E+04, HPWL 1.504247E+03, Overflow 1.396589E-02, MaxDensity 1.235E+00, MacroOverlap 3.470E-05, MacroOverlapWeight 8.000000E-06, gamma 2.660108E-02, time 2.610ms
[INFO   ] DREAMPlace - full step 12.529 ms
[INFO   ] DREAMPlace - Lsub stopping criteria: 1 and 5.06973e+07 > 4.51234e+07 * 0.999
[DEBUG  ] dreamplace.ops.weighted_average_wirelength.weighted_average_wirelength - wirelength forward 0.129 ms
[DEBUG  ] dreamplace.ops.electric_potential.electric_potential - density forward 1.140 ms
[DEBUG  ] dreamplace.ops.electric_potential.electric_potential - density backward 0.438 ms
[DEBUG  ] dreamplace.ops.weighted_average_wirelength.weighted_average_wirelength - wirelength backward 0.113 ms
[INFO   ] DREAMPlace - optimizer step 8.996 ms
[INFO   ] DREAMPlace - iteration  388, (  59,  1,  0), Obj 5.072228E+07, NetCrossing 2.008E+01, NetCrossingWeight 1.000000E+01, DensityWeight 1.810487E+04, HPWL 1.504360E+03, Overflow 1.394499E-02, MaxDensity 1.235E+00, MacroOverlap 3.464E-05, MacroOverlapWeight 8.000000E-06, gamma 2.660108E-02, time 2.601ms
[INFO   ] DREAMPlace - full step 12.540 ms
[DEBUG  ] dreamplace.ops.weighted_average_wirelength.weighted_average_wirelength - wirelength forward 0.127 ms
[DEBUG  ] dreamplace.ops.electric_potential.electric_potential - density forward 1.181 ms
[DEBUG  ] dreamplace.ops.electric_potential.electric_potential - density backward 0.417 ms
[DEBUG  ] dreamplace.ops.weighted_average_wirelength.weighted_average_wirelength - wirelength backward 0.114 ms
[INFO   ] DREAMPlace - optimizer step 8.637 ms
[INFO   ] DREAMPlace - iteration  389, (  59,  1,  1), Obj 5.700996E+07, NetCrossing 2.008E+01, NetCrossingWeight 1.000000E+01, DensityWeight 1.810487E+04, HPWL 1.504457E+03, Overflow 1.392647E-02, MaxDensity 1.235E+00, MacroOverlap 3.458E-05, MacroOverlapWeight 8.000000E-06, gamma 2.660108E-02, time 2.634ms
[INFO   ] DREAMPlace - full step 12.192 ms
[INFO   ] DREAMPlace - Lsub stopping criteria: 1 and 5.701e+07 > 5.07223e+07 * 0.999
[INFO   ] DREAMPlace - Llambda stopping criteria: 1 and (( 0.0139265 < 0.1 and 1504.46 > 1504.25 ) or 1.23501 < 1.0)
[DEBUG  ] dreamplace.ops.weighted_average_wirelength.weighted_average_wirelength - wirelength forward 0.124 ms
[DEBUG  ] dreamplace.ops.electric_potential.electric_potential - density forward 1.137 ms
[DEBUG  ] dreamplace.ops.electric_potential.electric_potential - density backward 0.419 ms
[DEBUG  ] dreamplace.ops.weighted_average_wirelength.weighted_average_wirelength - wirelength backward 0.114 ms
[INFO   ] DREAMPlace - optimizer step 8.577 ms
[INFO   ] DREAMPlace - iteration  390, (  60,  0,  0), Obj 5.704836E+07, NetCrossing 1.993E+01, NetCrossingWeight 1.000000E+01, DensityWeight 2.038724E+04, HPWL 1.504539E+03, Overflow 1.391339E-02, MaxDensity 1.235E+00, MacroOverlap 3.455E-05, MacroOverlapWeight 8.000000E-06, gamma 2.658885E-02, time 2.593ms
[INFO   ] DREAMPlace - full step 12.136 ms
[DEBUG  ] dreamplace.ops.weighted_average_wirelength.weighted_average_wirelength - wirelength forward 0.128 ms
[DEBUG  ] dreamplace.ops.electric_potential.electric_potential - density forward 1.116 ms
[DEBUG  ] dreamplace.ops.electric_potential.electric_potential - density backward 0.368 ms
[DEBUG  ] dreamplace.ops.weighted_average_wirelength.weighted_average_wirelength - wirelength backward 0.090 ms
[INFO   ] DREAMPlace - optimizer step 7.789 ms
[INFO   ] DREAMPlace - iteration  391, (  60,  0,  1), Obj 6.413211E+07, NetCrossing 2.005E+01, NetCrossingWeight 1.000000E+01, DensityWeight 2.038724E+04, HPWL 1.504601E+03, Overflow 1.390408E-02, MaxDensity 1.235E+00, MacroOverlap 3.450E-05, MacroOverlapWeight 8.000000E-06, gamma 2.658885E-02, time 2.571ms
[INFO   ] DREAMPlace - full step 11.299 ms
[INFO   ] DREAMPlace - Lsub stopping criteria: 1 and 6.41321e+07 > 5.70484e+07 * 0.999
[DEBUG  ] dreamplace.ops.weighted_average_wirelength.weighted_average_wirelength - wirelength forward 0.124 ms
[DEBUG  ] dreamplace.ops.electric_potential.electric_potential - density forward 1.113 ms
[DEBUG  ] dreamplace.ops.electric_potential.electric_potential - density backward 0.360 ms
[DEBUG  ] dreamplace.ops.weighted_average_wirelength.weighted_average_wirelength - wirelength backward 0.089 ms
[INFO   ] DREAMPlace - optimizer step 7.775 ms
[INFO   ] DREAMPlace - iteration  392, (  60,  1,  0), Obj 6.419749E+07, NetCrossing 1.990E+01, NetCrossingWeight 1.000000E+01, DensityWeight 2.295734E+04, HPWL 1.504663E+03, Overflow 1.390046E-02, MaxDensity 1.235E+00, MacroOverlap 3.448E-05, MacroOverlapWeight 8.000000E-06, gamma 2.658885E-02, time 2.519ms
[INFO   ] DREAMPlace - full step 11.223 ms
[DEBUG  ] dreamplace.ops.weighted_average_wirelength.weighted_average_wirelength - wirelength forward 0.128 ms
[DEBUG  ] dreamplace.ops.electric_potential.electric_potential - density forward 1.150 ms
[DEBUG  ] dreamplace.ops.electric_potential.electric_potential - density backward 0.418 ms
[DEBUG  ] dreamplace.ops.weighted_average_wirelength.weighted_average_wirelength - wirelength backward 0.167 ms
[INFO   ] DREAMPlace - optimizer step 8.706 ms
[INFO   ] DREAMPlace - iteration  393, (  60,  1,  1), Obj 7.218846E+07, NetCrossing 1.991E+01, NetCrossingWeight 1.000000E+01, DensityWeight 2.295734E+04, HPWL 1.504716E+03, Overflow 1.389955E-02, MaxDensity 1.235E+00, MacroOverlap 3.445E-05, MacroOverlapWeight 8.000000E-06, gamma 2.658885E-02, time 2.622ms
[INFO   ] DREAMPlace - full step 12.321 ms
[INFO   ] DREAMPlace - Lsub stopping criteria: 1 and 7.21885e+07 > 6.41975e+07 * 0.999
[INFO   ] DREAMPlace - Llambda stopping criteria: 1 and (( 0.0138995 < 0.1 and 1504.72 > 1504.6 ) or 1.23501 < 1.0)
[DEBUG  ] dreamplace.ops.weighted_average_wirelength.weighted_average_wirelength - wirelength forward 0.129 ms
[DEBUG  ] dreamplace.ops.electric_potential.electric_potential - density forward 1.129 ms
[DEBUG  ] dreamplace.ops.electric_potential.electric_potential - density backward 0.420 ms
[DEBUG  ] dreamplace.ops.weighted_average_wirelength.weighted_average_wirelength - wirelength backward 0.115 ms
[INFO   ] DREAMPlace - optimizer step 8.616 ms
[INFO   ] DREAMPlace - iteration  394, (  61,  0,  0), Obj 7.225586E+07, NetCrossing 1.988E+01, NetCrossingWeight 1.000000E+01, DensityWeight 2.585143E+04, HPWL 1.504755E+03, Overflow 1.390237E-02, MaxDensity 1.235E+00, MacroOverlap 3.443E-05, MacroOverlapWeight 8.000000E-06, gamma 2.658518E-02, time 2.714ms
[INFO   ] DREAMPlace - full step 12.264 ms
[DEBUG  ] dreamplace.ops.weighted_average_wirelength.weighted_average_wirelength - wirelength forward 0.122 ms
[DEBUG  ] dreamplace.ops.electric_potential.electric_potential - density forward 1.138 ms
[DEBUG  ] dreamplace.ops.electric_potential.electric_potential - density backward 0.362 ms
[DEBUG  ] dreamplace.ops.weighted_average_wirelength.weighted_average_wirelength - wirelength backward 0.085 ms
[INFO   ] DREAMPlace - optimizer step 7.734 ms
[INFO   ] DREAMPlace - iteration  395, (  61,  0,  1), Obj 8.123948E+07, NetCrossing 1.989E+01, NetCrossingWeight 1.000000E+01, DensityWeight 2.585143E+04, HPWL 1.504779E+03, Overflow 1.390678E-02, MaxDensity 1.235E+00, MacroOverlap 3.442E-05, MacroOverlapWeight 8.000000E-06, gamma 2.658518E-02, time 2.550ms
[INFO   ] DREAMPlace - full step 11.209 ms
[INFO   ] DREAMPlace - Lsub stopping criteria: 1 and 8.12395e+07 > 7.22559e+07 * 0.999
[DEBUG  ] dreamplace.ops.weighted_average_wirelength.weighted_average_wirelength - wirelength forward 0.124 ms
[DEBUG  ] dreamplace.ops.electric_potential.electric_potential - density forward 1.072 ms
[DEBUG  ] dreamplace.ops.electric_potential.electric_potential - density backward 0.429 ms
[DEBUG  ] dreamplace.ops.weighted_average_wirelength.weighted_average_wirelength - wirelength backward 0.115 ms
[INFO   ] DREAMPlace - optimizer step 8.537 ms
[INFO   ] DREAMPlace - iteration  396, (  61,  1,  0), Obj 8.131158E+07, NetCrossing 1.986E+01, NetCrossingWeight 1.000000E+01, DensityWeight 2.911036E+04, HPWL 1.504788E+03, Overflow 1.391349E-02, MaxDensity 1.235E+00, MacroOverlap 3.441E-05, MacroOverlapWeight 8.000000E-06, gamma 2.658518E-02, time 2.445ms
[INFO   ] DREAMPlace - full step 11.932 ms
[DEBUG  ] dreamplace.ops.weighted_average_wirelength.weighted_average_wirelength - wirelength forward 0.134 ms
[DEBUG  ] dreamplace.ops.electric_potential.electric_potential - density forward 1.146 ms
[DEBUG  ] dreamplace.ops.electric_potential.electric_potential - density backward 0.422 ms
[DEBUG  ] dreamplace.ops.weighted_average_wirelength.weighted_average_wirelength - wirelength backward 0.115 ms
[INFO   ] DREAMPlace - optimizer step 10.730 ms
[INFO   ] DREAMPlace - iteration  397, (  61,  1,  1), Obj 9.143390E+07, NetCrossing 1.988E+01, NetCrossingWeight 1.000000E+01, DensityWeight 2.911036E+04, HPWL 1.504801E+03, Overflow 1.392087E-02, MaxDensity 1.235E+00, MacroOverlap 3.440E-05, MacroOverlapWeight 8.000000E-06, gamma 2.658518E-02, time 2.625ms
[INFO   ] DREAMPlace - full step 14.400 ms
[INFO   ] DREAMPlace - Lsub stopping criteria: 1 and 9.14339e+07 > 8.13116e+07 * 0.999
[INFO   ] DREAMPlace - Llambda stopping criteria: 1 and (( 0.0139209 < 0.1 and 1504.8 > 1504.78 ) or 1.23501 < 1.0)
[DEBUG  ] dreamplace.ops.weighted_average_wirelength.weighted_average_wirelength - wirelength forward 0.148 ms
[DEBUG  ] dreamplace.ops.electric_potential.electric_potential - density forward 1.350 ms
[DEBUG  ] dreamplace.ops.electric_potential.electric_potential - density backward 0.416 ms
[DEBUG  ] dreamplace.ops.weighted_average_wirelength.weighted_average_wirelength - wirelength backward 0.115 ms
[INFO   ] DREAMPlace - optimizer step 10.228 ms
[INFO   ] DREAMPlace - iteration  398, (  62,  0,  0), Obj 9.152416E+07, NetCrossing 1.986E+01, NetCrossingWeight 1.000000E+01, DensityWeight 3.278013E+04, HPWL 1.504830E+03, Overflow 1.392797E-02, MaxDensity 1.235E+00, MacroOverlap 3.441E-05, MacroOverlapWeight 8.000000E-06, gamma 2.658809E-02, time 2.905ms
[INFO   ] DREAMPlace - full step 14.174 ms
[DEBUG  ] dreamplace.ops.weighted_average_wirelength.weighted_average_wirelength - wirelength forward 0.135 ms
[DEBUG  ] dreamplace.ops.electric_potential.electric_potential - density forward 1.198 ms
[DEBUG  ] dreamplace.ops.electric_potential.electric_potential - density backward 0.415 ms
[DEBUG  ] dreamplace.ops.weighted_average_wirelength.weighted_average_wirelength - wirelength backward 0.117 ms
[INFO   ] DREAMPlace - optimizer step 8.882 ms
[INFO   ] DREAMPlace - iteration  399, (  62,  0,  1), Obj 1.029034E+08, NetCrossing 1.988E+01, NetCrossingWeight 1.000000E+01, DensityWeight 3.278013E+04, HPWL 1.504853E+03, Overflow 1.393481E-02, MaxDensity 1.235E+00, MacroOverlap 3.441E-05, MacroOverlapWeight 8.000000E-06, gamma 2.658809E-02, time 2.757ms
[INFO   ] DREAMPlace - full step 12.623 ms
[INFO   ] DREAMPlace - Lsub stopping criteria: 1 and 1.02903e+08 > 9.15242e+07 * 0.999
[INFO   ] DREAMPlace - plotting to ./results/tuner-small/small-5/PB201_A00/run-0_0_6/PB201_A00/plot/iter0400.png takes 0.082 seconds
[DEBUG  ] dreamplace.ops.weighted_average_wirelength.weighted_average_wirelength - wirelength forward 0.163 ms
[DEBUG  ] dreamplace.ops.electric_potential.electric_potential - density forward 1.247 ms
[DEBUG  ] dreamplace.ops.electric_potential.electric_potential - density backward 0.434 ms
[DEBUG  ] dreamplace.ops.weighted_average_wirelength.weighted_average_wirelength - wirelength backward 0.125 ms
[INFO   ] DREAMPlace - optimizer step 9.551 ms
[INFO   ] DREAMPlace - iteration  400, (  62,  1,  0), Obj 1.029326E+08, NetCrossing 1.986E+01, NetCrossingWeight 1.000000E+01, DensityWeight 3.691252E+04, HPWL 1.504859E+03, Overflow 1.394047E-02, MaxDensity 1.235E+00, MacroOverlap 3.441E-05, MacroOverlapWeight 8.000000E-06, gamma 2.658809E-02, time 2.429ms
[INFO   ] DREAMPlace - full step 95.751 ms
[DEBUG  ] dreamplace.ops.weighted_average_wirelength.weighted_average_wirelength - wirelength forward 0.140 ms
[DEBUG  ] dreamplace.ops.electric_potential.electric_potential - density forward 1.224 ms
[DEBUG  ] dreamplace.ops.electric_potential.electric_potential - density backward 0.393 ms
[DEBUG  ] dreamplace.ops.weighted_average_wirelength.weighted_average_wirelength - wirelength backward 0.108 ms
[INFO   ] DREAMPlace - optimizer step 8.458 ms
[INFO   ] DREAMPlace - iteration  401, (  62,  1,  1), Obj 1.157111E+08, NetCrossing 1.989E+01, NetCrossingWeight 1.000000E+01, DensityWeight 3.691252E+04, HPWL 1.504858E+03, Overflow 1.394756E-02, MaxDensity 1.235E+00, MacroOverlap 3.441E-05, MacroOverlapWeight 8.000000E-06, gamma 2.658809E-02, time 2.763ms
[INFO   ] DREAMPlace - full step 12.238 ms
[INFO   ] DREAMPlace - Lsub stopping criteria: 1 and 1.15711e+08 > 1.02933e+08 * 0.999
[INFO   ] DREAMPlace - Llambda stopping criteria: 1 and (( 0.0139476 < 0.1 and 1504.86 > 1504.85 ) or 1.23501 < 1.0)
[DEBUG  ] dreamplace.ops.weighted_average_wirelength.weighted_average_wirelength - wirelength forward 0.144 ms
[DEBUG  ] dreamplace.ops.electric_potential.electric_potential - density forward 1.178 ms
[DEBUG  ] dreamplace.ops.electric_potential.electric_potential - density backward 0.430 ms
[DEBUG  ] dreamplace.ops.weighted_average_wirelength.weighted_average_wirelength - wirelength backward 0.121 ms
[INFO   ] DREAMPlace - optimizer step 9.035 ms
[INFO   ] DREAMPlace - iteration  402, (  63,  0,  0), Obj 1.157753E+08, NetCrossing 1.988E+01, NetCrossingWeight 1.000000E+01, DensityWeight 4.156586E+04, HPWL 1.504846E+03, Overflow 1.395283E-02, MaxDensity 1.235E+00, MacroOverlap 3.441E-05, MacroOverlapWeight 8.000000E-06, gamma 2.659172E-02, time 4.951ms
[INFO   ] DREAMPlace - full step 14.993 ms
[DEBUG  ] dreamplace.ops.weighted_average_wirelength.weighted_average_wirelength - wirelength forward 0.127 ms
[DEBUG  ] dreamplace.ops.electric_potential.electric_potential - density forward 1.175 ms
[DEBUG  ] dreamplace.ops.electric_potential.electric_potential - density backward 0.417 ms
[DEBUG  ] dreamplace.ops.weighted_average_wirelength.weighted_average_wirelength - wirelength backward 0.117 ms
[INFO   ] DREAMPlace - optimizer step 8.755 ms
[INFO   ] DREAMPlace - iteration  403, (  63,  0,  1), Obj 1.301665E+08, NetCrossing 1.991E+01, NetCrossingWeight 1.000000E+01, DensityWeight 4.156586E+04, HPWL 1.504829E+03, Overflow 1.395725E-02, MaxDensity 1.235E+00, MacroOverlap 3.441E-05, MacroOverlapWeight 8.000000E-06, gamma 2.659172E-02, time 2.615ms
[INFO   ] DREAMPlace - full step 12.322 ms
[INFO   ] DREAMPlace - Lsub stopping criteria: 1 and 1.30167e+08 > 1.15775e+08 * 0.999
[DEBUG  ] dreamplace.ops.weighted_average_wirelength.weighted_average_wirelength - wirelength forward 0.132 ms
[DEBUG  ] dreamplace.ops.electric_potential.electric_potential - density forward 1.132 ms
[DEBUG  ] dreamplace.ops.electric_potential.electric_potential - density backward 0.425 ms
[DEBUG  ] dreamplace.ops.weighted_average_wirelength.weighted_average_wirelength - wirelength backward 0.121 ms
[INFO   ] DREAMPlace - optimizer step 8.946 ms
[INFO   ] DREAMPlace - iteration  404, (  63,  1,  0), Obj 1.302506E+08, NetCrossing 1.990E+01, NetCrossingWeight 1.000000E+01, DensityWeight 4.586977E+04, HPWL 1.504801E+03, Overflow 1.396061E-02, MaxDensity 1.235E+00, MacroOverlap 3.442E-05, MacroOverlapWeight 8.000000E-06, gamma 2.659172E-02, time 2.627ms
[INFO   ] DREAMPlace - full step 12.607 ms
[DEBUG  ] dreamplace.ops.weighted_average_wirelength.weighted_average_wirelength - wirelength forward 0.096 ms
[DEBUG  ] dreamplace.ops.electric_potential.electric_potential - density forward 0.884 ms
[DEBUG  ] dreamplace.ops.electric_potential.electric_potential - density backward 0.418 ms
[DEBUG  ] dreamplace.ops.weighted_average_wirelength.weighted_average_wirelength - wirelength backward 0.121 ms
[INFO   ] DREAMPlace - optimizer step 7.466 ms
[INFO   ] DREAMPlace - iteration  405, (  63,  1,  1), Obj 1.435273E+08, NetCrossing 2.004E+01, NetCrossingWeight 1.000000E+01, DensityWeight 4.586977E+04, HPWL 1.504772E+03, Overflow 1.396362E-02, MaxDensity 1.235E+00, MacroOverlap 3.441E-05, MacroOverlapWeight 8.000000E-06, gamma 2.659172E-02, time 2.583ms
[INFO   ] DREAMPlace - full step 10.860 ms
[INFO   ] DREAMPlace - Lsub stopping criteria: 1 and 1.43527e+08 > 1.30251e+08 * 0.999
[DEBUG  ] dreamplace.ops.weighted_average_wirelength.weighted_average_wirelength - wirelength forward 0.092 ms
[DEBUG  ] dreamplace.ops.electric_potential.electric_potential - density forward 1.260 ms
[DEBUG  ] dreamplace.ops.electric_potential.electric_potential - density backward 0.416 ms
[DEBUG  ] dreamplace.ops.weighted_average_wirelength.weighted_average_wirelength - wirelength backward 0.119 ms
[INFO   ] DREAMPlace - optimizer step 8.594 ms
[INFO   ] DREAMPlace - iteration  406, (  63,  2,  0), Obj 1.435953E+08, NetCrossing 2.003E+01, NetCrossingWeight 1.000000E+01, DensityWeight 5.061925E+04, HPWL 1.504734E+03, Overflow 1.396561E-02, MaxDensity 1.235E+00, MacroOverlap 3.441E-05, MacroOverlapWeight 8.000000E-06, gamma 2.659172E-02, time 2.045ms
[INFO   ] DREAMPlace - full step 11.378 ms
[DEBUG  ] dreamplace.ops.weighted_average_wirelength.weighted_average_wirelength - wirelength forward 0.094 ms
[DEBUG  ] dreamplace.ops.electric_potential.electric_potential - density forward 0.906 ms
[DEBUG  ] dreamplace.ops.electric_potential.electric_potential - density backward 0.367 ms
[DEBUG  ] dreamplace.ops.weighted_average_wirelength.weighted_average_wirelength - wirelength backward 0.091 ms
[INFO   ] DREAMPlace - optimizer step 6.961 ms
[INFO   ] DREAMPlace - iteration  407, (  63,  2,  1), Obj 1.582910E+08, NetCrossing 2.006E+01, NetCrossingWeight 1.000000E+01, DensityWeight 5.061925E+04, HPWL 1.504694E+03, Overflow 1.396736E-02, MaxDensity 1.235E+00, MacroOverlap 3.440E-05, MacroOverlapWeight 8.000000E-06, gamma 2.659172E-02, time 2.064ms
[INFO   ] DREAMPlace - full step 9.901 ms
[INFO   ] DREAMPlace - Lsub stopping criteria: 1 and 1.58291e+08 > 1.43595e+08 * 0.999
[DEBUG  ] dreamplace.ops.weighted_average_wirelength.weighted_average_wirelength - wirelength forward 0.095 ms
[DEBUG  ] dreamplace.ops.electric_potential.electric_potential - density forward 0.900 ms
[DEBUG  ] dreamplace.ops.electric_potential.electric_potential - density backward 0.377 ms
[DEBUG  ] dreamplace.ops.weighted_average_wirelength.weighted_average_wirelength - wirelength backward 0.098 ms
[INFO   ] DREAMPlace - optimizer step 7.531 ms
[INFO   ] DREAMPlace - iteration  408, (  63,  3,  0), Obj 1.583958E+08, NetCrossing 2.005E+01, NetCrossingWeight 1.000000E+01, DensityWeight 5.586050E+04, HPWL 1.504645E+03, Overflow 1.396858E-02, MaxDensity 1.235E+00, MacroOverlap 3.440E-05, MacroOverlapWeight 8.000000E-06, gamma 2.659172E-02, time 2.922ms
[INFO   ] DREAMPlace - full step 11.522 ms
[DEBUG  ] dreamplace.ops.weighted_average_wirelength.weighted_average_wirelength - wirelength forward 0.145 ms
[DEBUG  ] dreamplace.ops.electric_potential.electric_potential - density forward 1.301 ms
[DEBUG  ] dreamplace.ops.electric_potential.electric_potential - density backward 0.412 ms
[DEBUG  ] dreamplace.ops.weighted_average_wirelength.weighted_average_wirelength - wirelength backward 0.117 ms
[INFO   ] DREAMPlace - optimizer step 8.713 ms
[INFO   ] DREAMPlace - iteration  409, (  63,  3,  1), Obj 1.746075E+08, NetCrossing 2.008E+01, NetCrossingWeight 1.000000E+01, DensityWeight 5.586050E+04, HPWL 1.504593E+03, Overflow 1.397123E-02, MaxDensity 1.235E+00, MacroOverlap 3.439E-05, MacroOverlapWeight 8.000000E-06, gamma 2.659172E-02, time 2.911ms
[INFO   ] DREAMPlace - full step 12.624 ms
[INFO   ] DREAMPlace - Lsub stopping criteria: 1 and 1.74608e+08 > 1.58396e+08 * 0.999
[DEBUG  ] dreamplace.ops.weighted_average_wirelength.weighted_average_wirelength - wirelength forward 0.101 ms
[DEBUG  ] dreamplace.ops.electric_potential.electric_potential - density forward 0.887 ms
[DEBUG  ] dreamplace.ops.electric_potential.electric_potential - density backward 0.477 ms
[DEBUG  ] dreamplace.ops.weighted_average_wirelength.weighted_average_wirelength - wirelength backward 0.145 ms
[INFO   ] DREAMPlace - optimizer step 8.900 ms
[INFO   ] DREAMPlace - iteration  410, (  63,  4,  0), Obj 1.746658E+08, NetCrossing 2.007E+01, NetCrossingWeight 1.000000E+01, DensityWeight 6.164445E+04, HPWL 1.504535E+03, Overflow 1.397313E-02, MaxDensity 1.235E+00, MacroOverlap 3.439E-05, MacroOverlapWeight 8.000000E-06, gamma 2.659172E-02, time 2.964ms
[INFO   ] DREAMPlace - full step 12.904 ms
[DEBUG  ] dreamplace.ops.weighted_average_wirelength.weighted_average_wirelength - wirelength forward 0.181 ms
[DEBUG  ] dreamplace.ops.electric_potential.electric_potential - density forward 1.258 ms
[DEBUG  ] dreamplace.ops.electric_potential.electric_potential - density backward 0.426 ms
[DEBUG  ] dreamplace.ops.weighted_average_wirelength.weighted_average_wirelength - wirelength backward 0.127 ms
[INFO   ] DREAMPlace - optimizer step 9.984 ms
[INFO   ] DREAMPlace - iteration  411, (  63,  4,  1), Obj 1.925686E+08, NetCrossing 2.009E+01, NetCrossingWeight 1.000000E+01, DensityWeight 6.164445E+04, HPWL 1.504478E+03, Overflow 1.397643E-02, MaxDensity 1.235E+00, MacroOverlap 3.438E-05, MacroOverlapWeight 8.000000E-06, gamma 2.659172E-02, time 4.172ms
[INFO   ] DREAMPlace - full step 15.396 ms
[INFO   ] DREAMPlace - Lsub stopping criteria: 1 and 1.92569e+08 > 1.74666e+08 * 0.999
[DEBUG  ] dreamplace.ops.weighted_average_wirelength.weighted_average_wirelength - wirelength forward 0.097 ms
[DEBUG  ] dreamplace.ops.electric_potential.electric_potential - density forward 0.961 ms
[DEBUG  ] dreamplace.ops.electric_potential.electric_potential - density backward 0.419 ms
[DEBUG  ] dreamplace.ops.weighted_average_wirelength.weighted_average_wirelength - wirelength backward 0.126 ms
[INFO   ] DREAMPlace - optimizer step 7.680 ms
[INFO   ] DREAMPlace - iteration  412, (  63,  5,  0), Obj 1.926321E+08, NetCrossing 2.008E+01, NetCrossingWeight 1.000000E+01, DensityWeight 6.802728E+04, HPWL 1.504422E+03, Overflow 1.397867E-02, MaxDensity 1.235E+00, MacroOverlap 3.437E-05, MacroOverlapWeight 8.000000E-06, gamma 2.659172E-02, time 2.930ms
[INFO   ] DREAMPlace - full step 11.547 ms
[DEBUG  ] dreamplace.ops.weighted_average_wirelength.weighted_average_wirelength - wirelength forward 0.095 ms
[DEBUG  ] dreamplace.ops.electric_potential.electric_potential - density forward 1.019 ms
[DEBUG  ] dreamplace.ops.electric_potential.electric_potential - density backward 0.423 ms
[DEBUG  ] dreamplace.ops.weighted_average_wirelength.weighted_average_wirelength - wirelength backward 0.124 ms
[INFO   ] DREAMPlace - optimizer step 8.558 ms
[INFO   ] DREAMPlace - iteration  413, (  63,  5,  1), Obj 2.123983E+08, NetCrossing 2.009E+01, NetCrossingWeight 1.000000E+01, DensityWeight 6.802728E+04, HPWL 1.504371E+03, Overflow 1.398220E-02, MaxDensity 1.235E+00, MacroOverlap 3.436E-05, MacroOverlapWeight 8.000000E-06, gamma 2.659172E-02, time 2.109ms
[INFO   ] DREAMPlace - full step 11.397 ms
[INFO   ] DREAMPlace - Lsub stopping criteria: 1 and 2.12398e+08 > 1.92632e+08 * 0.999
[DEBUG  ] dreamplace.ops.weighted_average_wirelength.weighted_average_wirelength - wirelength forward 0.093 ms
[DEBUG  ] dreamplace.ops.electric_potential.electric_potential - density forward 0.870 ms
[DEBUG  ] dreamplace.ops.electric_potential.electric_potential - density backward 0.357 ms
[DEBUG  ] dreamplace.ops.weighted_average_wirelength.weighted_average_wirelength - wirelength backward 0.092 ms
[INFO   ] DREAMPlace - optimizer step 6.541 ms
[INFO   ] DREAMPlace - iteration  414, (  63,  6,  0), Obj 2.124758E+08, NetCrossing 2.009E+01, NetCrossingWeight 1.000000E+01, DensityWeight 7.507101E+04, HPWL 1.504319E+03, Overflow 1.398466E-02, MaxDensity 1.235E+00, MacroOverlap 3.435E-05, MacroOverlapWeight 8.000000E-06, gamma 2.659172E-02, time 2.084ms
[INFO   ] DREAMPlace - full step 9.349 ms
[DEBUG  ] dreamplace.ops.weighted_average_wirelength.weighted_average_wirelength - wirelength forward 0.122 ms
[DEBUG  ] dreamplace.ops.electric_potential.electric_potential - density forward 1.015 ms
[DEBUG  ] dreamplace.ops.electric_potential.electric_potential - density backward 0.395 ms
[DEBUG  ] dreamplace.ops.weighted_average_wirelength.weighted_average_wirelength - wirelength backward 0.111 ms
[INFO   ] DREAMPlace - optimizer step 7.287 ms
[INFO   ] DREAMPlace - iteration  415, (  63,  6,  1), Obj 2.342284E+08, NetCrossing 2.011E+01, NetCrossingWeight 1.000000E+01, DensityWeight 7.507101E+04, HPWL 1.504271E+03, Overflow 1.398862E-02, MaxDensity 1.235E+00, MacroOverlap 3.434E-05, MacroOverlapWeight 8.000000E-06, gamma 2.659172E-02, time 2.924ms
[INFO   ] DREAMPlace - full step 11.133 ms
[INFO   ] DREAMPlace - Lsub stopping criteria: 1 and 2.34228e+08 > 2.12476e+08 * 0.999
[DEBUG  ] dreamplace.ops.weighted_average_wirelength.weighted_average_wirelength - wirelength forward 0.093 ms
[DEBUG  ] dreamplace.ops.electric_potential.electric_potential - density forward 0.865 ms
[DEBUG  ] dreamplace.ops.electric_potential.electric_potential - density backward 0.394 ms
[DEBUG  ] dreamplace.ops.weighted_average_wirelength.weighted_average_wirelength - wirelength backward 0.110 ms
[INFO   ] DREAMPlace - optimizer step 7.177 ms
[INFO   ] DREAMPlace - iteration  416, (  63,  7,  0), Obj 2.343058E+08, NetCrossing 2.011E+01, NetCrossingWeight 1.000000E+01, DensityWeight 8.284406E+04, HPWL 1.504226E+03, Overflow 1.399174E-02, MaxDensity 1.235E+00, MacroOverlap 3.434E-05, MacroOverlapWeight 8.000000E-06, gamma 2.659172E-02, time 2.047ms
[INFO   ] DREAMPlace - full step 10.134 ms
[DEBUG  ] dreamplace.ops.weighted_average_wirelength.weighted_average_wirelength - wirelength forward 0.092 ms
[DEBUG  ] dreamplace.ops.electric_potential.electric_potential - density forward 0.879 ms
[DEBUG  ] dreamplace.ops.electric_potential.electric_potential - density backward 0.412 ms
[DEBUG  ] dreamplace.ops.weighted_average_wirelength.weighted_average_wirelength - wirelength backward 0.118 ms
[INFO   ] DREAMPlace - optimizer step 7.334 ms
[INFO   ] DREAMPlace - iteration  417, (  63,  7,  1), Obj 2.583248E+08, NetCrossing 2.013E+01, NetCrossingWeight 1.000000E+01, DensityWeight 8.284406E+04, HPWL 1.504185E+03, Overflow 1.399502E-02, MaxDensity 1.235E+00, MacroOverlap 3.432E-05, MacroOverlapWeight 8.000000E-06, gamma 2.659172E-02, time 2.047ms
[INFO   ] DREAMPlace - full step 10.163 ms
[INFO   ] DREAMPlace - Lsub stopping criteria: 1 and 2.58325e+08 > 2.34306e+08 * 0.999
[DEBUG  ] dreamplace.ops.weighted_average_wirelength.weighted_average_wirelength - wirelength forward 0.141 ms
[DEBUG  ] dreamplace.ops.electric_potential.electric_potential - density forward 1.069 ms
[DEBUG  ] dreamplace.ops.electric_potential.electric_potential - density backward 0.436 ms
[DEBUG  ] dreamplace.ops.weighted_average_wirelength.weighted_average_wirelength - wirelength backward 0.132 ms
[INFO   ] DREAMPlace - optimizer step 8.611 ms
[INFO   ] DREAMPlace - iteration  418, (  63,  8,  0), Obj 2.583691E+08, NetCrossing 2.013E+01, NetCrossingWeight 1.000000E+01, DensityWeight 9.142196E+04, HPWL 1.504151E+03, Overflow 1.399601E-02, MaxDensity 1.235E+00, MacroOverlap 3.431E-05, MacroOverlapWeight 8.000000E-06, gamma 2.659172E-02, time 2.714ms
[INFO   ] DREAMPlace - full step 12.081 ms
[DEBUG  ] dreamplace.ops.weighted_average_wirelength.weighted_average_wirelength - wirelength forward 0.091 ms
[DEBUG  ] dreamplace.ops.electric_potential.electric_potential - density forward 0.859 ms
[DEBUG  ] dreamplace.ops.electric_potential.electric_potential - density backward 0.465 ms
[DEBUG  ] dreamplace.ops.weighted_average_wirelength.weighted_average_wirelength - wirelength backward 0.148 ms
[INFO   ] DREAMPlace - optimizer step 8.174 ms
[INFO   ] DREAMPlace - iteration  419, (  63,  8,  1), Obj 2.848722E+08, NetCrossing 2.014E+01, NetCrossingWeight 1.000000E+01, DensityWeight 9.142196E+04, HPWL 1.504125E+03, Overflow 1.399637E-02, MaxDensity 1.235E+00, MacroOverlap 3.429E-05, MacroOverlapWeight 8.000000E-06, gamma 2.659172E-02, time 2.077ms
[INFO   ] DREAMPlace - full step 11.150 ms
[INFO   ] DREAMPlace - Lsub stopping criteria: 1 and 2.84872e+08 > 2.58369e+08 * 0.999
[DEBUG  ] dreamplace.ops.weighted_average_wirelength.weighted_average_wirelength - wirelength forward 0.093 ms
[DEBUG  ] dreamplace.ops.electric_potential.electric_potential - density forward 0.892 ms
[DEBUG  ] dreamplace.ops.electric_potential.electric_potential - density backward 0.441 ms
[DEBUG  ] dreamplace.ops.weighted_average_wirelength.weighted_average_wirelength - wirelength backward 0.143 ms
[INFO   ] DREAMPlace - optimizer step 7.699 ms
[INFO   ] DREAMPlace - iteration  420, (  63,  9,  0), Obj 2.850533E+08, NetCrossing 2.014E+01, NetCrossingWeight 1.000000E+01, DensityWeight 1.008880E+05, HPWL 1.504108E+03, Overflow 1.399458E-02, MaxDensity 1.235E+00, MacroOverlap 3.427E-05, MacroOverlapWeight 8.000000E-06, gamma 2.659172E-02, time 2.038ms
[INFO   ] DREAMPlace - full step 10.545 ms
[DEBUG  ] dreamplace.ops.weighted_average_wirelength.weighted_average_wirelength - wirelength forward 0.119 ms
[DEBUG  ] dreamplace.ops.electric_potential.electric_potential - density forward 1.257 ms
[DEBUG  ] dreamplace.ops.electric_potential.electric_potential - density backward 0.469 ms
[DEBUG  ] dreamplace.ops.weighted_average_wirelength.weighted_average_wirelength - wirelength backward 0.151 ms
[INFO   ] DREAMPlace - optimizer step 8.718 ms
[INFO   ] DREAMPlace - iteration  421, (  63,  9,  1), Obj 3.143243E+08, NetCrossing 2.003E+01, NetCrossingWeight 1.000000E+01, DensityWeight 1.008880E+05, HPWL 1.504098E+03, Overflow 1.399324E-02, MaxDensity 1.235E+00, MacroOverlap 3.426E-05, MacroOverlapWeight 8.000000E-06, gamma 2.659172E-02, time 2.840ms
[INFO   ] DREAMPlace - full step 12.326 ms
[INFO   ] DREAMPlace - Lsub stopping criteria: 1 and 3.14324e+08 > 2.85053e+08 * 0.999
[DEBUG  ] dreamplace.ops.weighted_average_wirelength.weighted_average_wirelength - wirelength forward 0.092 ms
[DEBUG  ] dreamplace.ops.electric_potential.electric_potential - density forward 0.892 ms
[DEBUG  ] dreamplace.ops.electric_potential.electric_potential - density backward 0.411 ms
[DEBUG  ] dreamplace.ops.weighted_average_wirelength.weighted_average_wirelength - wirelength backward 0.118 ms
[INFO   ] DREAMPlace - optimizer step 7.779 ms
[INFO   ] DREAMPlace - iteration  422, (  64,  0,  0), Obj 3.143457E+08, NetCrossing 2.016E+01, NetCrossingWeight 1.000000E+01, DensityWeight 1.113343E+05, HPWL 1.504097E+03, Overflow 1.399058E-02, MaxDensity 1.235E+00, MacroOverlap 3.424E-05, MacroOverlapWeight 8.000000E-06, gamma 2.659794E-02, time 2.033ms
[INFO   ] DREAMPlace - full step 10.541 ms
[DEBUG  ] dreamplace.ops.weighted_average_wirelength.weighted_average_wirelength - wirelength forward 0.093 ms
[DEBUG  ] dreamplace.ops.electric_potential.electric_potential - density forward 0.875 ms
[DEBUG  ] dreamplace.ops.electric_potential.electric_potential - density backward 0.355 ms
[DEBUG  ] dreamplace.ops.weighted_average_wirelength.weighted_average_wirelength - wirelength backward 0.088 ms
[INFO   ] DREAMPlace - optimizer step 6.485 ms
[INFO   ] DREAMPlace - iteration  423, (  64,  0,  1), Obj 3.464354E+08, NetCrossing 2.005E+01, NetCrossingWeight 1.000000E+01, DensityWeight 1.113343E+05, HPWL 1.504104E+03, Overflow 1.398783E-02, MaxDensity 1.235E+00, MacroOverlap 3.422E-05, MacroOverlapWeight 8.000000E-06, gamma 2.659794E-02, time 2.048ms
[INFO   ] DREAMPlace - full step 9.417 ms
[INFO   ] DREAMPlace - Lsub stopping criteria: 1 and 3.46435e+08 > 3.14346e+08 * 0.999
[DEBUG  ] dreamplace.ops.weighted_average_wirelength.weighted_average_wirelength - wirelength forward 0.130 ms
[DEBUG  ] dreamplace.ops.electric_potential.electric_potential - density forward 0.898 ms
[DEBUG  ] dreamplace.ops.electric_potential.electric_potential - density backward 0.398 ms
[DEBUG  ] dreamplace.ops.weighted_average_wirelength.weighted_average_wirelength - wirelength backward 0.114 ms
[INFO   ] DREAMPlace - optimizer step 7.406 ms
[INFO   ] DREAMPlace - iteration  424, (  64,  1,  0), Obj 3.463258E+08, NetCrossing 2.005E+01, NetCrossingWeight 1.000000E+01, DensityWeight 1.253695E+05, HPWL 1.504121E+03, Overflow 1.398343E-02, MaxDensity 1.235E+00, MacroOverlap 3.420E-05, MacroOverlapWeight 8.000000E-06, gamma 2.659794E-02, time 2.569ms
[INFO   ] DREAMPlace - full step 10.826 ms
[DEBUG  ] dreamplace.ops.weighted_average_wirelength.weighted_average_wirelength - wirelength forward 0.093 ms
[DEBUG  ] dreamplace.ops.electric_potential.electric_potential - density forward 1.251 ms
[DEBUG  ] dreamplace.ops.electric_potential.electric_potential - density backward 0.355 ms
[DEBUG  ] dreamplace.ops.weighted_average_wirelength.weighted_average_wirelength - wirelength backward 0.085 ms
[INFO   ] DREAMPlace - optimizer step 8.029 ms
[INFO   ] DREAMPlace - iteration  425, (  64,  1,  1), Obj 3.894021E+08, NetCrossing 2.006E+01, NetCrossingWeight 1.000000E+01, DensityWeight 1.253695E+05, HPWL 1.504146E+03, Overflow 1.398063E-02, MaxDensity 1.235E+00, MacroOverlap 3.418E-05, MacroOverlapWeight 8.000000E-06, gamma 2.659794E-02, time 2.015ms
[INFO   ] DREAMPlace - full step 10.759 ms
[INFO   ] DREAMPlace - Lsub stopping criteria: 1 and 3.89402e+08 > 3.46326e+08 * 0.999
[INFO   ] DREAMPlace - Llambda stopping criteria: 1 and (( 0.0139806 < 0.1 and 1504.15 > 1504.1 ) or 1.23501 < 1.0)
[DEBUG  ] dreamplace.ops.weighted_average_wirelength.weighted_average_wirelength - wirelength forward 0.095 ms
[DEBUG  ] dreamplace.ops.electric_potential.electric_potential - density forward 0.890 ms
[DEBUG  ] dreamplace.ops.electric_potential.electric_potential - density backward 0.415 ms
[DEBUG  ] dreamplace.ops.weighted_average_wirelength.weighted_average_wirelength - wirelength backward 0.124 ms
[INFO   ] DREAMPlace - optimizer step 7.622 ms
[INFO   ] DREAMPlace - iteration  426, (  65,  0,  0), Obj 3.894145E+08, NetCrossing 2.007E+01, NetCrossingWeight 1.000000E+01, DensityWeight 1.411741E+05, HPWL 1.504177E+03, Overflow 1.397722E-02, MaxDensity 1.235E+00, MacroOverlap 3.416E-05, MacroOverlapWeight 8.000000E-06, gamma 2.659622E-02, time 2.002ms
[INFO   ] DREAMPlace - full step 10.524 ms
[DEBUG  ] dreamplace.ops.weighted_average_wirelength.weighted_average_wirelength - wirelength forward 0.092 ms
[DEBUG  ] dreamplace.ops.electric_potential.electric_potential - density forward 0.864 ms
[DEBUG  ] dreamplace.ops.electric_potential.electric_potential - density backward 0.411 ms
[DEBUG  ] dreamplace.ops.weighted_average_wirelength.weighted_average_wirelength - wirelength backward 0.119 ms
[INFO   ] DREAMPlace - optimizer step 7.372 ms
[INFO   ] DREAMPlace - iteration  427, (  65,  0,  1), Obj 4.379382E+08, NetCrossing 2.007E+01, NetCrossingWeight 1.000000E+01, DensityWeight 1.411741E+05, HPWL 1.504217E+03, Overflow 1.397518E-02, MaxDensity 1.235E+00, MacroOverlap 3.414E-05, MacroOverlapWeight 8.000000E-06, gamma 2.659622E-02, time 2.050ms
[INFO   ] DREAMPlace - full step 10.154 ms
[INFO   ] DREAMPlace - Lsub stopping criteria: 1 and 4.37938e+08 > 3.89414e+08 * 0.999
[DEBUG  ] dreamplace.ops.weighted_average_wirelength.weighted_average_wirelength - wirelength forward 0.115 ms
[DEBUG  ] dreamplace.ops.electric_potential.electric_potential - density forward 0.966 ms
[DEBUG  ] dreamplace.ops.electric_potential.electric_potential - density backward 0.413 ms
[DEBUG  ] dreamplace.ops.weighted_average_wirelength.weighted_average_wirelength - wirelength backward 0.119 ms
[INFO   ] DREAMPlace - optimizer step 7.761 ms
[INFO   ] DREAMPlace - iteration  428, (  65,  1,  0), Obj 4.380865E+08, NetCrossing 2.008E+01, NetCrossingWeight 1.000000E+01, DensityWeight 1.589710E+05, HPWL 1.504264E+03, Overflow 1.397210E-02, MaxDensity 1.235E+00, MacroOverlap 3.413E-05, MacroOverlapWeight 8.000000E-06, gamma 2.659622E-02, time 2.814ms
[INFO   ] DREAMPlace - full step 11.410 ms
[DEBUG  ] dreamplace.ops.weighted_average_wirelength.weighted_average_wirelength - wirelength forward 0.093 ms
[DEBUG  ] dreamplace.ops.electric_potential.electric_potential - density forward 1.233 ms
[DEBUG  ] dreamplace.ops.electric_potential.electric_potential - density backward 0.399 ms
[DEBUG  ] dreamplace.ops.weighted_average_wirelength.weighted_average_wirelength - wirelength backward 0.106 ms
[INFO   ] DREAMPlace - optimizer step 8.573 ms
[INFO   ] DREAMPlace - iteration  429, (  65,  1,  1), Obj 4.926117E+08, NetCrossing 2.009E+01, NetCrossingWeight 1.000000E+01, DensityWeight 1.589710E+05, HPWL 1.504318E+03, Overflow 1.397032E-02, MaxDensity 1.235E+00, MacroOverlap 3.412E-05, MacroOverlapWeight 8.000000E-06, gamma 2.659622E-02, time 2.007ms
[INFO   ] DREAMPlace - full step 11.425 ms
[INFO   ] DREAMPlace - Lsub stopping criteria: 1 and 4.92612e+08 > 4.38086e+08 * 0.999
[INFO   ] DREAMPlace - Llambda stopping criteria: 1 and (( 0.0139703 < 0.1 and 1504.32 > 1504.22 ) or 1.23501 < 1.0)
[DEBUG  ] dreamplace.ops.weighted_average_wirelength.weighted_average_wirelength - wirelength forward 0.127 ms
[DEBUG  ] dreamplace.ops.electric_potential.electric_potential - density forward 0.980 ms
[DEBUG  ] dreamplace.ops.electric_potential.electric_potential - density backward 0.404 ms
[DEBUG  ] dreamplace.ops.weighted_average_wirelength.weighted_average_wirelength - wirelength backward 0.124 ms
[INFO   ] DREAMPlace - optimizer step 8.371 ms
[INFO   ] DREAMPlace - iteration  430, (  66,  0,  0), Obj 4.926857E+08, NetCrossing 2.010E+01, NetCrossingWeight 1.000000E+01, DensityWeight 1.790115E+05, HPWL 1.504378E+03, Overflow 1.396738E-02, MaxDensity 1.235E+00, MacroOverlap 3.410E-05, MacroOverlapWeight 8.000000E-06, gamma 2.659481E-02, time 3.308ms
[INFO   ] DREAMPlace - full step 12.607 ms
[DEBUG  ] dreamplace.ops.weighted_average_wirelength.weighted_average_wirelength - wirelength forward 0.094 ms
[DEBUG  ] dreamplace.ops.electric_potential.electric_potential - density forward 0.881 ms
[DEBUG  ] dreamplace.ops.electric_potential.electric_potential - density backward 0.352 ms
[DEBUG  ] dreamplace.ops.weighted_average_wirelength.weighted_average_wirelength - wirelength backward 0.085 ms
[INFO   ] DREAMPlace - optimizer step 6.422 ms
[INFO   ] DREAMPlace - iteration  431, (  66,  0,  1), Obj 5.541072E+08, NetCrossing 2.011E+01, NetCrossingWeight 1.000000E+01, DensityWeight 1.790115E+05, HPWL 1.504446E+03, Overflow 1.396462E-02, MaxDensity 1.235E+00, MacroOverlap 3.408E-05, MacroOverlapWeight 8.000000E-06, gamma 2.659481E-02, time 2.058ms
[INFO   ] DREAMPlace - full step 9.380 ms
[INFO   ] DREAMPlace - Lsub stopping criteria: 1 and 5.54107e+08 > 4.92686e+08 * 0.999
[DEBUG  ] dreamplace.ops.weighted_average_wirelength.weighted_average_wirelength - wirelength forward 0.140 ms
[DEBUG  ] dreamplace.ops.electric_potential.electric_potential - density forward 0.857 ms
[DEBUG  ] dreamplace.ops.electric_potential.electric_potential - density backward 0.469 ms
[DEBUG  ] dreamplace.ops.weighted_average_wirelength.weighted_average_wirelength - wirelength backward 0.182 ms
[INFO   ] DREAMPlace - optimizer step 8.420 ms
[INFO   ] DREAMPlace - iteration  432, (  66,  1,  0), Obj 5.543068E+08, NetCrossing 2.012E+01, NetCrossingWeight 1.000000E+01, DensityWeight 2.015784E+05, HPWL 1.504521E+03, Overflow 1.396112E-02, MaxDensity 1.235E+00, MacroOverlap 3.406E-05, MacroOverlapWeight 8.000000E-06, gamma 2.659481E-02, time 2.548ms
[INFO   ] DREAMPlace - full step 11.794 ms
[DEBUG  ] dreamplace.ops.weighted_average_wirelength.weighted_average_wirelength - wirelength forward 0.151 ms
[DEBUG  ] dreamplace.ops.electric_potential.electric_potential - density forward 1.257 ms
[DEBUG  ] dreamplace.ops.electric_potential.electric_potential - density backward 0.422 ms
[DEBUG  ] dreamplace.ops.weighted_average_wirelength.weighted_average_wirelength - wirelength backward 0.110 ms
[INFO   ] DREAMPlace - optimizer step 8.894 ms
[INFO   ] DREAMPlace - iteration  433, (  66,  1,  1), Obj 6.234541E+08, NetCrossing 2.012E+01, NetCrossingWeight 1.000000E+01, DensityWeight 2.015784E+05, HPWL 1.504603E+03, Overflow 1.395845E-02, MaxDensity 1.235E+00, MacroOverlap 3.405E-05, MacroOverlapWeight 8.000000E-06, gamma 2.659481E-02, time 2.041ms
[INFO   ] DREAMPlace - full step 11.657 ms
[INFO   ] DREAMPlace - Lsub stopping criteria: 1 and 6.23454e+08 > 5.54307e+08 * 0.999
[INFO   ] DREAMPlace - Llambda stopping criteria: 1 and (( 0.0139585 < 0.1 and 1504.6 > 1504.45 ) or 1.23501 < 1.0)
[DEBUG  ] dreamplace.ops.weighted_average_wirelength.weighted_average_wirelength - wirelength forward 0.094 ms
[DEBUG  ] dreamplace.ops.electric_potential.electric_potential - density forward 0.870 ms
[DEBUG  ] dreamplace.ops.electric_potential.electric_potential - density backward 0.360 ms
[DEBUG  ] dreamplace.ops.weighted_average_wirelength.weighted_average_wirelength - wirelength backward 0.089 ms
[INFO   ] DREAMPlace - optimizer step 7.712 ms
[INFO   ] DREAMPlace - iteration  434, (  67,  0,  0), Obj 6.238611E+08, NetCrossing 2.015E+01, NetCrossingWeight 1.000000E+01, DensityWeight 2.269902E+05, HPWL 1.504687E+03, Overflow 1.395586E-02, MaxDensity 1.235E+00, MacroOverlap 3.403E-05, MacroOverlapWeight 8.000000E-06, gamma 2.659320E-02, time 2.046ms
[INFO   ] DREAMPlace - full step 10.516 ms
[DEBUG  ] dreamplace.ops.weighted_average_wirelength.weighted_average_wirelength - wirelength forward 0.093 ms
[DEBUG  ] dreamplace.ops.electric_potential.electric_potential - density forward 0.877 ms
[DEBUG  ] dreamplace.ops.electric_potential.electric_potential - density backward 0.367 ms
[DEBUG  ] dreamplace.ops.weighted_average_wirelength.weighted_average_wirelength - wirelength backward 0.093 ms
[INFO   ] DREAMPlace - optimizer step 6.784 ms
[INFO   ] DREAMPlace - iteration  435, (  67,  0,  1), Obj 7.018847E+08, NetCrossing 2.014E+01, NetCrossingWeight 1.000000E+01, DensityWeight 2.269902E+05, HPWL 1.504775E+03, Overflow 1.395523E-02, MaxDensity 1.235E+00, MacroOverlap 3.401E-05, MacroOverlapWeight 8.000000E-06, gamma 2.659320E-02, time 2.023ms
[INFO   ] DREAMPlace - full step 9.533 ms
[INFO   ] DREAMPlace - Lsub stopping criteria: 1 and 7.01885e+08 > 6.23861e+08 * 0.999
[DEBUG  ] dreamplace.ops.weighted_average_wirelength.weighted_average_wirelength - wirelength forward 0.118 ms
[DEBUG  ] dreamplace.ops.electric_potential.electric_potential - density forward 0.944 ms
[DEBUG  ] dreamplace.ops.electric_potential.electric_potential - density backward 0.474 ms
[DEBUG  ] dreamplace.ops.weighted_average_wirelength.weighted_average_wirelength - wirelength backward 0.146 ms
[INFO   ] DREAMPlace - optimizer step 8.472 ms
[INFO   ] DREAMPlace - iteration  436, (  67,  1,  0), Obj 7.024827E+08, NetCrossing 2.017E+01, NetCrossingWeight 1.000000E+01, DensityWeight 2.556055E+05, HPWL 1.504861E+03, Overflow 1.395490E-02, MaxDensity 1.235E+00, MacroOverlap 3.400E-05, MacroOverlapWeight 8.000000E-06, gamma 2.659320E-02, time 2.769ms
[INFO   ] DREAMPlace - full step 12.090 ms
[DEBUG  ] dreamplace.ops.weighted_average_wirelength.weighted_average_wirelength - wirelength forward 0.093 ms
[DEBUG  ] dreamplace.ops.electric_potential.electric_potential - density forward 1.262 ms
[DEBUG  ] dreamplace.ops.electric_potential.electric_potential - density backward 0.418 ms
[DEBUG  ] dreamplace.ops.weighted_average_wirelength.weighted_average_wirelength - wirelength backward 0.111 ms
[INFO   ] DREAMPlace - optimizer step 8.130 ms
[INFO   ] DREAMPlace - iteration  437, (  67,  1,  1), Obj 7.904828E+08, NetCrossing 2.015E+01, NetCrossingWeight 1.000000E+01, DensityWeight 2.556055E+05, HPWL 1.504951E+03, Overflow 1.395531E-02, MaxDensity 1.235E+00, MacroOverlap 3.398E-05, MacroOverlapWeight 8.000000E-06, gamma 2.659320E-02, time 2.013ms
[INFO   ] DREAMPlace - full step 10.871 ms
[INFO   ] DREAMPlace - Lsub stopping criteria: 1 and 7.90483e+08 > 7.02483e+08 * 0.999
[INFO   ] DREAMPlace - Llambda stopping criteria: 1 and (( 0.0139553 < 0.1 and 1504.95 > 1504.78 ) or 1.23501 < 1.0)
[DEBUG  ] dreamplace.ops.weighted_average_wirelength.weighted_average_wirelength - wirelength forward 0.092 ms
[DEBUG  ] dreamplace.ops.electric_potential.electric_potential - density forward 0.869 ms
[DEBUG  ] dreamplace.ops.electric_potential.electric_potential - density backward 0.354 ms
[DEBUG  ] dreamplace.ops.weighted_average_wirelength.weighted_average_wirelength - wirelength backward 0.088 ms
[INFO   ] DREAMPlace - optimizer step 6.605 ms
[INFO   ] DREAMPlace - iteration  438, (  68,  0,  0), Obj 7.912645E+08, NetCrossing 2.017E+01, NetCrossingWeight 1.000000E+01, DensityWeight 2.878281E+05, HPWL 1.505037E+03, Overflow 1.395573E-02, MaxDensity 1.235E+00, MacroOverlap 3.396E-05, MacroOverlapWeight 8.000000E-06, gamma 2.659278E-02, time 2.033ms
[INFO   ] DREAMPlace - full step 9.451 ms
[DEBUG  ] dreamplace.ops.weighted_average_wirelength.weighted_average_wirelength - wirelength forward 0.092 ms
[DEBUG  ] dreamplace.ops.electric_potential.electric_potential - density forward 0.866 ms
[DEBUG  ] dreamplace.ops.electric_potential.electric_potential - density backward 0.486 ms
[DEBUG  ] dreamplace.ops.weighted_average_wirelength.weighted_average_wirelength - wirelength backward 0.170 ms
[INFO   ] DREAMPlace - optimizer step 8.013 ms
[INFO   ] DREAMPlace - iteration  439, (  68,  0,  1), Obj 8.903939E+08, NetCrossing 2.017E+01, NetCrossingWeight 1.000000E+01, DensityWeight 2.878281E+05, HPWL 1.505125E+03, Overflow 1.395700E-02, MaxDensity 1.235E+00, MacroOverlap 3.394E-05, MacroOverlapWeight 8.000000E-06, gamma 2.659278E-02, time 2.202ms
[INFO   ] DREAMPlace - full step 11.000 ms
[INFO   ] DREAMPlace - Lsub stopping criteria: 1 and 8.90394e+08 > 7.91265e+08 * 0.999
[DEBUG  ] dreamplace.ops.weighted_average_wirelength.weighted_average_wirelength - wirelength forward 0.144 ms
[DEBUG  ] dreamplace.ops.electric_potential.electric_potential - density forward 0.911 ms
[DEBUG  ] dreamplace.ops.electric_potential.electric_potential - density backward 0.420 ms
[DEBUG  ] dreamplace.ops.weighted_average_wirelength.weighted_average_wirelength - wirelength backward 0.112 ms
[INFO   ] DREAMPlace - optimizer step 8.230 ms
[INFO   ] DREAMPlace - iteration  440, (  68,  1,  0), Obj 8.912307E+08, NetCrossing 2.021E+01, NetCrossingWeight 1.000000E+01, DensityWeight 3.241129E+05, HPWL 1.505208E+03, Overflow 1.395873E-02, MaxDensity 1.235E+00, MacroOverlap 3.392E-05, MacroOverlapWeight 8.000000E-06, gamma 2.659278E-02, time 2.651ms
[INFO   ] DREAMPlace - full step 11.732 ms
[DEBUG  ] dreamplace.ops.weighted_average_wirelength.weighted_average_wirelength - wirelength forward 0.094 ms
[DEBUG  ] dreamplace.ops.electric_potential.electric_potential - density forward 0.964 ms
[DEBUG  ] dreamplace.ops.electric_potential.electric_potential - density backward 0.434 ms
[DEBUG  ] dreamplace.ops.weighted_average_wirelength.weighted_average_wirelength - wirelength backward 0.106 ms
[INFO   ] DREAMPlace - optimizer step 8.642 ms
[INFO   ] DREAMPlace - iteration  441, (  68,  1,  1), Obj 1.002783E+09, NetCrossing 2.020E+01, NetCrossingWeight 1.000000E+01, DensityWeight 3.241129E+05, HPWL 1.505290E+03, Overflow 1.396150E-02, MaxDensity 1.235E+00, MacroOverlap 3.390E-05, MacroOverlapWeight 8.000000E-06, gamma 2.659278E-02, time 2.038ms
[INFO   ] DREAMPlace - full step 11.420 ms
[INFO   ] DREAMPlace - Lsub stopping criteria: 1 and 1.00278e+09 > 8.91231e+08 * 0.999
[INFO   ] DREAMPlace - Llambda stopping criteria: 1 and (( 0.0139615 < 0.1 and 1505.29 > 1505.13 ) or 1.23501 < 1.0)
[DEBUG  ] dreamplace.ops.weighted_average_wirelength.weighted_average_wirelength - wirelength forward 0.103 ms
[DEBUG  ] dreamplace.ops.electric_potential.electric_potential - density forward 0.872 ms
[DEBUG  ] dreamplace.ops.electric_potential.electric_potential - density backward 0.416 ms
[DEBUG  ] dreamplace.ops.weighted_average_wirelength.weighted_average_wirelength - wirelength backward 0.121 ms
[INFO   ] DREAMPlace - optimizer step 7.240 ms
[INFO   ] DREAMPlace - iteration  442, (  69,  0,  0), Obj 1.003334E+09, NetCrossing 2.023E+01, NetCrossingWeight 1.000000E+01, DensityWeight 3.649718E+05, HPWL 1.505362E+03, Overflow 1.396513E-02, MaxDensity 1.235E+00, MacroOverlap 3.389E-05, MacroOverlapWeight 8.000000E-06, gamma 2.659362E-02, time 2.048ms
[INFO   ] DREAMPlace - full step 10.107 ms
[DEBUG  ] dreamplace.ops.weighted_average_wirelength.weighted_average_wirelength - wirelength forward 0.093 ms
[DEBUG  ] dreamplace.ops.electric_potential.electric_potential - density forward 0.880 ms
[DEBUG  ] dreamplace.ops.electric_potential.electric_potential - density backward 0.448 ms
[DEBUG  ] dreamplace.ops.weighted_average_wirelength.weighted_average_wirelength - wirelength backward 0.109 ms
[INFO   ] DREAMPlace - optimizer step 7.381 ms
[INFO   ] DREAMPlace - iteration  443, (  69,  0,  1), Obj 1.128901E+09, NetCrossing 2.021E+01, NetCrossingWeight 1.000000E+01, DensityWeight 3.649718E+05, HPWL 1.505432E+03, Overflow 1.396954E-02, MaxDensity 1.235E+00, MacroOverlap 3.387E-05, MacroOverlapWeight 8.000000E-06, gamma 2.659362E-02, time 2.210ms
[INFO   ] DREAMPlace - full step 10.436 ms
[INFO   ] DREAMPlace - Lsub stopping criteria: 1 and 1.1289e+09 > 1.00333e+09 * 0.999
[DEBUG  ] dreamplace.ops.weighted_average_wirelength.weighted_average_wirelength - wirelength forward 0.123 ms
[DEBUG  ] dreamplace.ops.electric_potential.electric_potential - density forward 1.138 ms
[DEBUG  ] dreamplace.ops.electric_potential.electric_potential - density backward 0.368 ms
[DEBUG  ] dreamplace.ops.weighted_average_wirelength.weighted_average_wirelength - wirelength backward 0.140 ms
[INFO   ] DREAMPlace - optimizer step 7.529 ms
[INFO   ] DREAMPlace - iteration  444, (  69,  1,  0), Obj 1.129515E+09, NetCrossing 2.025E+01, NetCrossingWeight 1.000000E+01, DensityWeight 4.109816E+05, HPWL 1.505492E+03, Overflow 1.397466E-02, MaxDensity 1.235E+00, MacroOverlap 3.386E-05, MacroOverlapWeight 8.000000E-06, gamma 2.659362E-02, time 2.950ms
[INFO   ] DREAMPlace - full step 11.233 ms
[DEBUG  ] dreamplace.ops.weighted_average_wirelength.weighted_average_wirelength - wirelength forward 0.128 ms
[DEBUG  ] dreamplace.ops.electric_potential.electric_potential - density forward 1.133 ms
[DEBUG  ] dreamplace.ops.electric_potential.electric_potential - density backward 0.360 ms
[DEBUG  ] dreamplace.ops.weighted_average_wirelength.weighted_average_wirelength - wirelength backward 0.092 ms
[INFO   ] DREAMPlace - optimizer step 8.029 ms
[INFO   ] DREAMPlace - iteration  445, (  69,  1,  1), Obj 1.271054E+09, NetCrossing 2.023E+01, NetCrossingWeight 1.000000E+01, DensityWeight 4.109816E+05, HPWL 1.505549E+03, Overflow 1.398016E-02, MaxDensity 1.235E+00, MacroOverlap 3.385E-05, MacroOverlapWeight 8.000000E-06, gamma 2.659362E-02, time 2.577ms
[INFO   ] DREAMPlace - full step 11.479 ms
[INFO   ] DREAMPlace - Lsub stopping criteria: 1 and 1.27105e+09 > 1.12951e+09 * 0.999
[INFO   ] DREAMPlace - Llambda stopping criteria: 1 and (( 0.0139802 < 0.1 and 1505.55 > 1505.43 ) or 1.23501 < 1.0)
[DEBUG  ] dreamplace.ops.weighted_average_wirelength.weighted_average_wirelength - wirelength forward 0.142 ms
[DEBUG  ] dreamplace.ops.electric_potential.electric_potential - density forward 1.155 ms
[DEBUG  ] dreamplace.ops.electric_potential.electric_potential - density backward 0.419 ms
[DEBUG  ] dreamplace.ops.weighted_average_wirelength.weighted_average_wirelength - wirelength backward 0.118 ms
[INFO   ] DREAMPlace - optimizer step 8.852 ms
[INFO   ] DREAMPlace - iteration  446, (  70,  0,  0), Obj 1.271629E+09, NetCrossing 2.025E+01, NetCrossingWeight 1.000000E+01, DensityWeight 4.627916E+05, HPWL 1.505595E+03, Overflow 1.398578E-02, MaxDensity 1.235E+00, MacroOverlap 3.384E-05, MacroOverlapWeight 8.000000E-06, gamma 2.659616E-02, time 2.711ms
[INFO   ] DREAMPlace - full step 12.524 ms
[DEBUG  ] dreamplace.ops.weighted_average_wirelength.weighted_average_wirelength - wirelength forward 0.120 ms
[DEBUG  ] dreamplace.ops.electric_potential.electric_potential - density forward 1.093 ms
[DEBUG  ] dreamplace.ops.electric_potential.electric_potential - density backward 0.411 ms
[DEBUG  ] dreamplace.ops.weighted_average_wirelength.weighted_average_wirelength - wirelength backward 0.120 ms
[INFO   ] DREAMPlace - optimizer step 9.408 ms
[INFO   ] DREAMPlace - iteration  447, (  70,  0,  1), Obj 1.431321E+09, NetCrossing 2.024E+01, NetCrossingWeight 1.000000E+01, DensityWeight 4.627916E+05, HPWL 1.505636E+03, Overflow 1.399143E-02, MaxDensity 1.235E+00, MacroOverlap 3.384E-05, MacroOverlapWeight 8.000000E-06, gamma 2.659616E-02, time 2.534ms
[INFO   ] DREAMPlace - full step 12.921 ms
[INFO   ] DREAMPlace - Lsub stopping criteria: 1 and 1.43132e+09 > 1.27163e+09 * 0.999
[DEBUG  ] dreamplace.ops.weighted_average_wirelength.weighted_average_wirelength - wirelength forward 0.131 ms
[DEBUG  ] dreamplace.ops.electric_potential.electric_potential - density forward 1.153 ms
[DEBUG  ] dreamplace.ops.electric_potential.electric_potential - density backward 0.424 ms
[DEBUG  ] dreamplace.ops.weighted_average_wirelength.weighted_average_wirelength - wirelength backward 0.118 ms
[INFO   ] DREAMPlace - optimizer step 10.211 ms
[INFO   ] DREAMPlace - iteration  448, (  70,  1,  0), Obj 1.431735E+09, NetCrossing 2.026E+01, NetCrossingWeight 1.000000E+01, DensityWeight 5.211329E+05, HPWL 1.505667E+03, Overflow 1.399768E-02, MaxDensity 1.235E+00, MacroOverlap 3.384E-05, MacroOverlapWeight 8.000000E-06, gamma 2.659616E-02, time 2.681ms
[INFO   ] DREAMPlace - full step 13.920 ms
[DEBUG  ] dreamplace.ops.weighted_average_wirelength.weighted_average_wirelength - wirelength forward 0.134 ms
[DEBUG  ] dreamplace.ops.electric_potential.electric_potential - density forward 1.168 ms
[DEBUG  ] dreamplace.ops.electric_potential.electric_potential - density backward 0.416 ms
[DEBUG  ] dreamplace.ops.weighted_average_wirelength.weighted_average_wirelength - wirelength backward 0.119 ms
[INFO   ] DREAMPlace - optimizer step 8.872 ms
[INFO   ] DREAMPlace - iteration  449, (  70,  1,  1), Obj 1.611254E+09, NetCrossing 2.025E+01, NetCrossingWeight 1.000000E+01, DensityWeight 5.211329E+05, HPWL 1.505695E+03, Overflow 1.400295E-02, MaxDensity 1.235E+00, MacroOverlap 3.384E-05, MacroOverlapWeight 8.000000E-06, gamma 2.659616E-02, time 2.727ms
[INFO   ] DREAMPlace - full step 12.598 ms
[INFO   ] DREAMPlace - Lsub stopping criteria: 1 and 1.61125e+09 > 1.43174e+09 * 0.999
[INFO   ] DREAMPlace - Llambda stopping criteria: 1 and (( 0.0140029 < 0.1 and 1505.7 > 1505.64 ) or 1.23501 < 1.0)
[DEBUG  ] dreamplace.ops.weighted_average_wirelength.weighted_average_wirelength - wirelength forward 0.132 ms
[DEBUG  ] dreamplace.ops.electric_potential.electric_potential - density forward 1.155 ms
[DEBUG  ] dreamplace.ops.electric_potential.electric_potential - density backward 0.413 ms
[DEBUG  ] dreamplace.ops.weighted_average_wirelength.weighted_average_wirelength - wirelength backward 0.115 ms
[INFO   ] DREAMPlace - optimizer step 8.702 ms
[INFO   ] DREAMPlace - iteration  450, (  71,  0,  0), Obj 1.610708E+09, NetCrossing 2.027E+01, NetCrossingWeight 1.000000E+01, DensityWeight 5.868290E+05, HPWL 1.505712E+03, Overflow 1.400826E-02, MaxDensity 1.235E+00, MacroOverlap 3.384E-05, MacroOverlapWeight 8.000000E-06, gamma 2.659926E-02, time 2.707ms
[INFO   ] DREAMPlace - full step 12.373 ms
[DEBUG  ] dreamplace.ops.weighted_average_wirelength.weighted_average_wirelength - wirelength forward 0.130 ms
[DEBUG  ] dreamplace.ops.electric_potential.electric_potential - density forward 1.143 ms
[DEBUG  ] dreamplace.ops.electric_potential.electric_potential - density backward 0.364 ms
[DEBUG  ] dreamplace.ops.weighted_average_wirelength.weighted_average_wirelength - wirelength backward 0.124 ms
[INFO   ] DREAMPlace - optimizer step 8.320 ms
[INFO   ] DREAMPlace - iteration  451, (  71,  0,  1), Obj 1.812809E+09, NetCrossing 2.025E+01, NetCrossingWeight 1.000000E+01, DensityWeight 5.868290E+05, HPWL 1.505724E+03, Overflow 1.401388E-02, MaxDensity 1.235E+00, MacroOverlap 3.384E-05, MacroOverlapWeight 8.000000E-06, gamma 2.659926E-02, time 2.673ms
[INFO   ] DREAMPlace - full step 11.964 ms
[INFO   ] DREAMPlace - Lsub stopping criteria: 1 and 1.81281e+09 > 1.61071e+09 * 0.999
[DEBUG  ] dreamplace.ops.weighted_average_wirelength.weighted_average_wirelength - wirelength forward 0.135 ms
[DEBUG  ] dreamplace.ops.electric_potential.electric_potential - density forward 1.185 ms
[DEBUG  ] dreamplace.ops.electric_potential.electric_potential - density backward 0.413 ms
[DEBUG  ] dreamplace.ops.weighted_average_wirelength.weighted_average_wirelength - wirelength backward 0.116 ms
[INFO   ] DREAMPlace - optimizer step 8.785 ms
[INFO   ] DREAMPlace - iteration  452, (  71,  1,  0), Obj 1.812593E+09, NetCrossing 2.028E+01, NetCrossingWeight 1.000000E+01, DensityWeight 6.608070E+05, HPWL 1.505730E+03, Overflow 1.401897E-02, MaxDensity 1.235E+00, MacroOverlap 3.384E-05, MacroOverlapWeight 8.000000E-06, gamma 2.659926E-02, time 2.741ms
[INFO   ] DREAMPlace - full step 12.497 ms
[DEBUG  ] dreamplace.ops.weighted_average_wirelength.weighted_average_wirelength - wirelength forward 0.129 ms
[DEBUG  ] dreamplace.ops.electric_potential.electric_potential - density forward 1.153 ms
[DEBUG  ] dreamplace.ops.electric_potential.electric_potential - density backward 0.420 ms
[DEBUG  ] dreamplace.ops.weighted_average_wirelength.weighted_average_wirelength - wirelength backward 0.115 ms
[INFO   ] DREAMPlace - optimizer step 8.803 ms
[INFO   ] DREAMPlace - iteration  453, (  71,  1,  1), Obj 2.040701E+09, NetCrossing 2.026E+01, NetCrossingWeight 1.000000E+01, DensityWeight 6.608070E+05, HPWL 1.505735E+03, Overflow 1.402277E-02, MaxDensity 1.235E+00, MacroOverlap 3.384E-05, MacroOverlapWeight 8.000000E-06, gamma 2.659926E-02, time 2.658ms
[INFO   ] DREAMPlace - full step 12.483 ms
[INFO   ] DREAMPlace - Lsub stopping criteria: 1 and 2.0407e+09 > 1.81259e+09 * 0.999
[INFO   ] DREAMPlace - Llambda stopping criteria: 1 and (( 0.0140228 < 0.1 and 1505.73 > 1505.72 ) or 1.23501 < 1.0)
[DEBUG  ] dreamplace.ops.weighted_average_wirelength.weighted_average_wirelength - wirelength forward 0.139 ms
[DEBUG  ] dreamplace.ops.electric_potential.electric_potential - density forward 1.176 ms
[DEBUG  ] dreamplace.ops.electric_potential.electric_potential - density backward 0.444 ms
[DEBUG  ] dreamplace.ops.weighted_average_wirelength.weighted_average_wirelength - wirelength backward 0.119 ms
[INFO   ] DREAMPlace - optimizer step 14.976 ms
[INFO   ] DREAMPlace - iteration  454, (  72,  0,  0), Obj 2.041002E+09, NetCrossing 2.029E+01, NetCrossingWeight 1.000000E+01, DensityWeight 7.441109E+05, HPWL 1.505736E+03, Overflow 1.402548E-02, MaxDensity 1.235E+00, MacroOverlap 3.383E-05, MacroOverlapWeight 8.000000E-06, gamma 2.660195E-02, time 2.754ms
[INFO   ] DREAMPlace - full step 18.780 ms
[DEBUG  ] dreamplace.ops.weighted_average_wirelength.weighted_average_wirelength - wirelength forward 0.135 ms
[DEBUG  ] dreamplace.ops.electric_potential.electric_potential - density forward 1.132 ms
[DEBUG  ] dreamplace.ops.electric_potential.electric_potential - density backward 0.425 ms
[DEBUG  ] dreamplace.ops.weighted_average_wirelength.weighted_average_wirelength - wirelength backward 0.126 ms
[INFO   ] DREAMPlace - optimizer step 8.829 ms
[INFO   ] DREAMPlace - iteration  455, (  72,  0,  1), Obj 2.298306E+09, NetCrossing 2.027E+01, NetCrossingWeight 1.000000E+01, DensityWeight 7.441109E+05, HPWL 1.505738E+03, Overflow 1.402675E-02, MaxDensity 1.235E+00, MacroOverlap 3.382E-05, MacroOverlapWeight 8.000000E-06, gamma 2.660195E-02, time 2.646ms
[INFO   ] DREAMPlace - full step 12.450 ms
[INFO   ] DREAMPlace - Lsub stopping criteria: 1 and 2.29831e+09 > 2.041e+09 * 0.999
[DEBUG  ] dreamplace.ops.weighted_average_wirelength.weighted_average_wirelength - wirelength forward 0.129 ms
[DEBUG  ] dreamplace.ops.electric_potential.electric_potential - density forward 1.130 ms
[DEBUG  ] dreamplace.ops.electric_potential.electric_potential - density backward 0.426 ms
[DEBUG  ] dreamplace.ops.weighted_average_wirelength.weighted_average_wirelength - wirelength backward 0.127 ms
[INFO   ] DREAMPlace - optimizer step 8.828 ms
[INFO   ] DREAMPlace - iteration  456, (  72,  1,  0), Obj 2.297364E+09, NetCrossing 2.029E+01, NetCrossingWeight 1.000000E+01, DensityWeight 8.379165E+05, HPWL 1.505738E+03, Overflow 1.402681E-02, MaxDensity 1.235E+00, MacroOverlap 3.380E-05, MacroOverlapWeight 8.000000E-06, gamma 2.660195E-02, time 2.625ms
[INFO   ] DREAMPlace - full step 12.400 ms
[DEBUG  ] dreamplace.ops.weighted_average_wirelength.weighted_average_wirelength - wirelength forward 0.141 ms
[DEBUG  ] dreamplace.ops.electric_potential.electric_potential - density forward 1.148 ms
[DEBUG  ] dreamplace.ops.electric_potential.electric_potential - density backward 0.419 ms
[DEBUG  ] dreamplace.ops.weighted_average_wirelength.weighted_average_wirelength - wirelength backward 0.120 ms
[INFO   ] DREAMPlace - optimizer step 8.842 ms
[INFO   ] DREAMPlace - iteration  457, (  72,  1,  1), Obj 2.586388E+09, NetCrossing 2.038E+01, NetCrossingWeight 1.000000E+01, DensityWeight 8.379165E+05, HPWL 1.505736E+03, Overflow 1.402552E-02, MaxDensity 1.235E+00, MacroOverlap 3.378E-05, MacroOverlapWeight 8.000000E-06, gamma 2.660195E-02, time 2.616ms
[INFO   ] DREAMPlace - full step 12.427 ms
[INFO   ] DREAMPlace - Lsub stopping criteria: 1 and 2.58639e+09 > 2.29736e+09 * 0.999
[DEBUG  ] dreamplace.ops.weighted_average_wirelength.weighted_average_wirelength - wirelength forward 0.128 ms
[DEBUG  ] dreamplace.ops.electric_potential.electric_potential - density forward 1.122 ms
[DEBUG  ] dreamplace.ops.electric_potential.electric_potential - density backward 0.417 ms
[DEBUG  ] dreamplace.ops.weighted_average_wirelength.weighted_average_wirelength - wirelength backward 0.123 ms
[INFO   ] DREAMPlace - optimizer step 8.662 ms
[INFO   ] DREAMPlace - iteration  458, (  72,  2,  0), Obj 2.585791E+09, NetCrossing 2.031E+01, NetCrossingWeight 1.000000E+01, DensityWeight 9.246766E+05, HPWL 1.505733E+03, Overflow 1.402347E-02, MaxDensity 1.235E+00, MacroOverlap 3.375E-05, MacroOverlapWeight 8.000000E-06, gamma 2.660195E-02, time 2.614ms
[INFO   ] DREAMPlace - full step 12.225 ms
[DEBUG  ] dreamplace.ops.weighted_average_wirelength.weighted_average_wirelength - wirelength forward 0.130 ms
[DEBUG  ] dreamplace.ops.electric_potential.electric_potential - density forward 1.000 ms
[DEBUG  ] dreamplace.ops.electric_potential.electric_potential - density backward 0.422 ms
[DEBUG  ] dreamplace.ops.weighted_average_wirelength.weighted_average_wirelength - wirelength backward 0.124 ms
[INFO   ] DREAMPlace - optimizer step 8.271 ms
[INFO   ] DREAMPlace - iteration  459, (  72,  2,  1), Obj 2.853208E+09, NetCrossing 2.028E+01, NetCrossingWeight 1.000000E+01, DensityWeight 9.246766E+05, HPWL 1.505732E+03, Overflow 1.402186E-02, MaxDensity 1.235E+00, MacroOverlap 3.372E-05, MacroOverlapWeight 8.000000E-06, gamma 2.660195E-02, time 2.609ms
[INFO   ] DREAMPlace - full step 11.883 ms
[INFO   ] DREAMPlace - Lsub stopping criteria: 1 and 2.85321e+09 > 2.58579e+09 * 0.999
[DEBUG  ] dreamplace.ops.weighted_average_wirelength.weighted_average_wirelength - wirelength forward 0.144 ms
[DEBUG  ] dreamplace.ops.electric_potential.electric_potential - density forward 1.209 ms
[DEBUG  ] dreamplace.ops.electric_potential.electric_potential - density backward 0.417 ms
[DEBUG  ] dreamplace.ops.weighted_average_wirelength.weighted_average_wirelength - wirelength backward 0.119 ms
[INFO   ] DREAMPlace - optimizer step 9.166 ms
[INFO   ] DREAMPlace - iteration  460, (  72,  3,  0), Obj 2.851805E+09, NetCrossing 2.032E+01, NetCrossingWeight 1.000000E+01, DensityWeight 1.020420E+06, HPWL 1.505732E+03, Overflow 1.401937E-02, MaxDensity 1.235E+00, MacroOverlap 3.368E-05, MacroOverlapWeight 8.000000E-06, gamma 2.660195E-02, time 2.849ms
[INFO   ] DREAMPlace - full step 13.016 ms
[DEBUG  ] dreamplace.ops.weighted_average_wirelength.weighted_average_wirelength - wirelength forward 0.130 ms
[DEBUG  ] dreamplace.ops.electric_potential.electric_potential - density forward 1.130 ms
[DEBUG  ] dreamplace.ops.electric_potential.electric_potential - density backward 0.434 ms
[DEBUG  ] dreamplace.ops.weighted_average_wirelength.weighted_average_wirelength - wirelength backward 0.121 ms
[INFO   ] DREAMPlace - optimizer step 8.793 ms
[INFO   ] DREAMPlace - iteration  461, (  72,  3,  1), Obj 3.145851E+09, NetCrossing 2.030E+01, NetCrossingWeight 1.000000E+01, DensityWeight 1.020420E+06, HPWL 1.505736E+03, Overflow 1.401593E-02, MaxDensity 1.235E+00, MacroOverlap 3.364E-05, MacroOverlapWeight 8.000000E-06, gamma 2.660195E-02, time 2.710ms
[INFO   ] DREAMPlace - full step 12.475 ms
[INFO   ] DREAMPlace - Lsub stopping criteria: 1 and 3.14585e+09 > 2.8518e+09 * 0.999
[INFO   ] DREAMPlace - Llambda stopping criteria: 3 and (( 0.0140159 < 0.1 and 1505.74 > 1505.73 ) or 1.23501 < 1.0)
[DEBUG  ] dreamplace.ops.weighted_average_wirelength.weighted_average_wirelength - wirelength forward 0.130 ms
[DEBUG  ] dreamplace.ops.electric_potential.electric_potential - density forward 1.147 ms
[DEBUG  ] dreamplace.ops.electric_potential.electric_potential - density backward 0.372 ms
[DEBUG  ] dreamplace.ops.weighted_average_wirelength.weighted_average_wirelength - wirelength backward 0.092 ms
[INFO   ] DREAMPlace - optimizer step 8.437 ms
[INFO   ] DREAMPlace - iteration  462, (  73,  0,  0), Obj 3.144725E+09, NetCrossing 2.034E+01, NetCrossingWeight 1.000000E+01, DensityWeight 1.149058E+06, HPWL 1.505741E+03, Overflow 1.401220E-02, MaxDensity 1.235E+00, MacroOverlap 3.360E-05, MacroOverlapWeight 8.000000E-06, gamma 2.660103E-02, time 2.648ms
[INFO   ] DREAMPlace - full step 12.126 ms
[DEBUG  ] dreamplace.ops.weighted_average_wirelength.weighted_average_wirelength - wirelength forward 0.132 ms
[DEBUG  ] dreamplace.ops.electric_potential.electric_potential - density forward 1.129 ms
[DEBUG  ] dreamplace.ops.electric_potential.electric_potential - density backward 0.416 ms
[DEBUG  ] dreamplace.ops.weighted_average_wirelength.weighted_average_wirelength - wirelength backward 0.137 ms
[INFO   ] DREAMPlace - optimizer step 10.523 ms
[INFO   ] DREAMPlace - iteration  463, (  73,  0,  1), Obj 3.539526E+09, NetCrossing 2.032E+01, NetCrossingWeight 1.000000E+01, DensityWeight 1.149058E+06, HPWL 1.505748E+03, Overflow 1.400802E-02, MaxDensity 1.235E+00, MacroOverlap 3.356E-05, MacroOverlapWeight 8.000000E-06, gamma 2.660103E-02, time 2.681ms
[INFO   ] DREAMPlace - full step 14.192 ms
[INFO   ] DREAMPlace - Lsub stopping criteria: 1 and 3.53953e+09 > 3.14472e+09 * 0.999
[DEBUG  ] dreamplace.ops.weighted_average_wirelength.weighted_average_wirelength - wirelength forward 0.146 ms
[DEBUG  ] dreamplace.ops.electric_potential.electric_potential - density forward 1.158 ms
[DEBUG  ] dreamplace.ops.electric_potential.electric_potential - density backward 0.416 ms
[DEBUG  ] dreamplace.ops.weighted_average_wirelength.weighted_average_wirelength - wirelength backward 0.117 ms
[INFO   ] DREAMPlace - optimizer step 8.825 ms
[INFO   ] DREAMPlace - iteration  464, (  73,  1,  0), Obj 3.539457E+09, NetCrossing 2.036E+01, NetCrossingWeight 1.000000E+01, DensityWeight 1.293913E+06, HPWL 1.505753E+03, Overflow 1.400384E-02, MaxDensity 1.235E+00, MacroOverlap 3.352E-05, MacroOverlapWeight 8.000000E-06, gamma 2.660103E-02, time 2.696ms
[INFO   ] DREAMPlace - full step 12.490 ms
[DEBUG  ] dreamplace.ops.weighted_average_wirelength.weighted_average_wirelength - wirelength forward 0.133 ms
[DEBUG  ] dreamplace.ops.electric_potential.electric_potential - density forward 1.169 ms
[DEBUG  ] dreamplace.ops.electric_potential.electric_potential - density backward 0.424 ms
[DEBUG  ] dreamplace.ops.weighted_average_wirelength.weighted_average_wirelength - wirelength backward 0.121 ms
[INFO   ] DREAMPlace - optimizer step 9.037 ms
[INFO   ] DREAMPlace - iteration  465, (  73,  1,  1), Obj 3.982599E+09, NetCrossing 2.034E+01, NetCrossingWeight 1.000000E+01, DensityWeight 1.293913E+06, HPWL 1.505760E+03, Overflow 1.399908E-02, MaxDensity 1.235E+00, MacroOverlap 3.347E-05, MacroOverlapWeight 8.000000E-06, gamma 2.660103E-02, time 2.706ms
[INFO   ] DREAMPlace - full step 12.735 ms
[INFO   ] DREAMPlace - Lsub stopping criteria: 1 and 3.9826e+09 > 3.53946e+09 * 0.999
[INFO   ] DREAMPlace - Llambda stopping criteria: 1 and (( 0.0139991 < 0.1 and 1505.76 > 1505.75 ) or 1.23501 < 1.0)
[DEBUG  ] dreamplace.ops.weighted_average_wirelength.weighted_average_wirelength - wirelength forward 0.134 ms
[DEBUG  ] dreamplace.ops.electric_potential.electric_potential - density forward 1.209 ms
[DEBUG  ] dreamplace.ops.electric_potential.electric_potential - density backward 0.420 ms
[DEBUG  ] dreamplace.ops.weighted_average_wirelength.weighted_average_wirelength - wirelength backward 0.124 ms
[INFO   ] DREAMPlace - optimizer step 8.940 ms
[INFO   ] DREAMPlace - iteration  466, (  74,  0,  0), Obj 3.983101E+09, NetCrossing 2.048E+01, NetCrossingWeight 1.000000E+01, DensityWeight 1.457029E+06, HPWL 1.505767E+03, Overflow 1.399422E-02, MaxDensity 1.235E+00, MacroOverlap 3.343E-05, MacroOverlapWeight 8.000000E-06, gamma 2.659873E-02, time 2.718ms
[INFO   ] DREAMPlace - full step 12.620 ms
[DEBUG  ] dreamplace.ops.weighted_average_wirelength.weighted_average_wirelength - wirelength forward 0.127 ms
[DEBUG  ] dreamplace.ops.electric_potential.electric_potential - density forward 1.148 ms
[DEBUG  ] dreamplace.ops.electric_potential.electric_potential - density backward 0.407 ms
[DEBUG  ] dreamplace.ops.weighted_average_wirelength.weighted_average_wirelength - wirelength backward 0.117 ms
[INFO   ] DREAMPlace - optimizer step 8.676 ms
[INFO   ] DREAMPlace - iteration  467, (  74,  0,  1), Obj 4.482514E+09, NetCrossing 2.038E+01, NetCrossingWeight 1.000000E+01, DensityWeight 1.457029E+06, HPWL 1.505777E+03, Overflow 1.398912E-02, MaxDensity 1.235E+00, MacroOverlap 3.339E-05, MacroOverlapWeight 8.000000E-06, gamma 2.659873E-02, time 2.699ms
[INFO   ] DREAMPlace - full step 12.409 ms
[INFO   ] DREAMPlace - Lsub stopping criteria: 1 and 4.48251e+09 > 3.9831e+09 * 0.999
[DEBUG  ] dreamplace.ops.weighted_average_wirelength.weighted_average_wirelength - wirelength forward 0.133 ms
[DEBUG  ] dreamplace.ops.electric_potential.electric_potential - density forward 1.178 ms
[DEBUG  ] dreamplace.ops.electric_potential.electric_potential - density backward 0.414 ms
[DEBUG  ] dreamplace.ops.weighted_average_wirelength.weighted_average_wirelength - wirelength backward 0.131 ms
[INFO   ] DREAMPlace - optimizer step 8.850 ms
[INFO   ] DREAMPlace - iteration  468, (  74,  1,  0), Obj 4.482345E+09, NetCrossing 2.040E+01, NetCrossingWeight 1.000000E+01, DensityWeight 1.640708E+06, HPWL 1.505784E+03, Overflow 1.398457E-02, MaxDensity 1.235E+00, MacroOverlap 3.335E-05, MacroOverlapWeight 8.000000E-06, gamma 2.659873E-02, time 2.716ms
[INFO   ] DREAMPlace - full step 12.539 ms
[DEBUG  ] dreamplace.ops.weighted_average_wirelength.weighted_average_wirelength - wirelength forward 0.129 ms
[DEBUG  ] dreamplace.ops.electric_potential.electric_potential - density forward 1.169 ms
[DEBUG  ] dreamplace.ops.electric_potential.electric_potential - density backward 0.416 ms
[DEBUG  ] dreamplace.ops.weighted_average_wirelength.weighted_average_wirelength - wirelength backward 0.119 ms
[INFO   ] DREAMPlace - optimizer step 8.805 ms
[INFO   ] DREAMPlace - iteration  469, (  74,  1,  1), Obj 5.044948E+09, NetCrossing 2.041E+01, NetCrossingWeight 1.000000E+01, DensityWeight 1.640708E+06, HPWL 1.505791E+03, Overflow 1.398035E-02, MaxDensity 1.235E+00, MacroOverlap 3.331E-05, MacroOverlapWeight 8.000000E-06, gamma 2.659873E-02, time 2.702ms
[INFO   ] DREAMPlace - full step 12.485 ms
[INFO   ] DREAMPlace - Lsub stopping criteria: 1 and 5.04495e+09 > 4.48235e+09 * 0.999
[INFO   ] DREAMPlace - Llambda stopping criteria: 1 and (( 0.0139803 < 0.1 and 1505.79 > 1505.78 ) or 1.23501 < 1.0)
[DEBUG  ] dreamplace.ops.weighted_average_wirelength.weighted_average_wirelength - wirelength forward 0.134 ms
[DEBUG  ] dreamplace.ops.electric_potential.electric_potential - density forward 1.187 ms
[DEBUG  ] dreamplace.ops.electric_potential.electric_potential - density backward 0.417 ms
[DEBUG  ] dreamplace.ops.weighted_average_wirelength.weighted_average_wirelength - wirelength backward 0.119 ms
[INFO   ] DREAMPlace - optimizer step 8.912 ms
[INFO   ] DREAMPlace - iteration  470, (  75,  0,  0), Obj 5.045371E+09, NetCrossing 2.042E+01, NetCrossingWeight 1.000000E+01, DensityWeight 1.847542E+06, HPWL 1.505796E+03, Overflow 1.397693E-02, MaxDensity 1.235E+00, MacroOverlap 3.328E-05, MacroOverlapWeight 8.000000E-06, gamma 2.659618E-02, time 2.728ms
[INFO   ] DREAMPlace - full step 12.768 ms
[DEBUG  ] dreamplace.ops.weighted_average_wirelength.weighted_average_wirelength - wirelength forward 0.136 ms
[DEBUG  ] dreamplace.ops.electric_potential.electric_potential - density forward 1.184 ms
[DEBUG  ] dreamplace.ops.electric_potential.electric_potential - density backward 0.430 ms
[DEBUG  ] dreamplace.ops.weighted_average_wirelength.weighted_average_wirelength - wirelength backward 0.125 ms
[INFO   ] DREAMPlace - optimizer step 12.805 ms
[INFO   ] DREAMPlace - iteration  471, (  75,  0,  1), Obj 5.678230E+09, NetCrossing 2.044E+01, NetCrossingWeight 1.000000E+01, DensityWeight 1.847542E+06, HPWL 1.505801E+03, Overflow 1.397353E-02, MaxDensity 1.235E+00, MacroOverlap 3.325E-05, MacroOverlapWeight 8.000000E-06, gamma 2.659618E-02, time 2.723ms
[INFO   ] DREAMPlace - full step 16.562 ms
[INFO   ] DREAMPlace - Lsub stopping criteria: 1 and 5.67823e+09 > 5.04537e+09 * 0.999
[DEBUG  ] dreamplace.ops.weighted_average_wirelength.weighted_average_wirelength - wirelength forward 0.135 ms
[DEBUG  ] dreamplace.ops.electric_potential.electric_potential - density forward 1.179 ms
[DEBUG  ] dreamplace.ops.electric_potential.electric_potential - density backward 0.422 ms
[DEBUG  ] dreamplace.ops.weighted_average_wirelength.weighted_average_wirelength - wirelength backward 0.121 ms
[INFO   ] DREAMPlace - optimizer step 8.995 ms
[INFO   ] DREAMPlace - iteration  472, (  75,  1,  0), Obj 5.678136E+09, NetCrossing 2.046E+01, NetCrossingWeight 1.000000E+01, DensityWeight 2.080450E+06, HPWL 1.505801E+03, Overflow 1.397038E-02, MaxDensity 1.235E+00, MacroOverlap 3.323E-05, MacroOverlapWeight 8.000000E-06, gamma 2.659618E-02, time 2.759ms
[INFO   ] DREAMPlace - full step 12.720 ms
[DEBUG  ] dreamplace.ops.weighted_average_wirelength.weighted_average_wirelength - wirelength forward 0.127 ms
[DEBUG  ] dreamplace.ops.electric_potential.electric_potential - density forward 1.186 ms
[DEBUG  ] dreamplace.ops.electric_potential.electric_potential - density backward 0.416 ms
[DEBUG  ] dreamplace.ops.weighted_average_wirelength.weighted_average_wirelength - wirelength backward 0.120 ms
[INFO   ] DREAMPlace - optimizer step 8.821 ms
[INFO   ] DREAMPlace - iteration  473, (  75,  1,  1), Obj 6.389508E+09, NetCrossing 2.046E+01, NetCrossingWeight 1.000000E+01, DensityWeight 2.080450E+06, HPWL 1.505800E+03, Overflow 1.396726E-02, MaxDensity 1.235E+00, MacroOverlap 3.321E-05, MacroOverlapWeight 8.000000E-06, gamma 2.659618E-02, time 2.676ms
[INFO   ] DREAMPlace - full step 12.454 ms
[INFO   ] DREAMPlace - Lsub stopping criteria: 1 and 6.38951e+09 > 5.67814e+09 * 0.999
[DEBUG  ] dreamplace.ops.weighted_average_wirelength.weighted_average_wirelength - wirelength forward 0.128 ms
[DEBUG  ] dreamplace.ops.electric_potential.electric_potential - density forward 1.158 ms
[DEBUG  ] dreamplace.ops.electric_potential.electric_potential - density backward 0.418 ms
[DEBUG  ] dreamplace.ops.weighted_average_wirelength.weighted_average_wirelength - wirelength backward 0.123 ms
[INFO   ] DREAMPlace - optimizer step 8.715 ms
[INFO   ] DREAMPlace - iteration  474, (  75,  2,  0), Obj 6.390860E+09, NetCrossing 2.057E+01, NetCrossingWeight 1.000000E+01, DensityWeight 2.295866E+06, HPWL 1.505794E+03, Overflow 1.396463E-02, MaxDensity 1.235E+00, MacroOverlap 3.320E-05, MacroOverlapWeight 8.000000E-06, gamma 2.659618E-02, time 2.662ms
[INFO   ] DREAMPlace - full step 12.228 ms
[DEBUG  ] dreamplace.ops.weighted_average_wirelength.weighted_average_wirelength - wirelength forward 0.096 ms
[DEBUG  ] dreamplace.ops.electric_potential.electric_potential - density forward 1.223 ms
[DEBUG  ] dreamplace.ops.electric_potential.electric_potential - density backward 0.430 ms
[DEBUG  ] dreamplace.ops.weighted_average_wirelength.weighted_average_wirelength - wirelength backward 0.124 ms
[INFO   ] DREAMPlace - optimizer step 9.148 ms
[INFO   ] DREAMPlace - iteration  475, (  75,  2,  1), Obj 7.048707E+09, NetCrossing 2.049E+01, NetCrossingWeight 1.000000E+01, DensityWeight 2.295866E+06, HPWL 1.505789E+03, Overflow 1.396216E-02, MaxDensity 1.235E+00, MacroOverlap 3.319E-05, MacroOverlapWeight 8.000000E-06, gamma 2.659618E-02, time 2.404ms
[INFO   ] DREAMPlace - full step 12.445 ms
[INFO   ] DREAMPlace - Lsub stopping criteria: 1 and 7.04871e+09 > 6.39086e+09 * 0.999
[DEBUG  ] dreamplace.ops.weighted_average_wirelength.weighted_average_wirelength - wirelength forward 0.132 ms
[DEBUG  ] dreamplace.ops.electric_potential.electric_potential - density forward 1.195 ms
[DEBUG  ] dreamplace.ops.electric_potential.electric_potential - density backward 0.434 ms
[DEBUG  ] dreamplace.ops.weighted_average_wirelength.weighted_average_wirelength - wirelength backward 0.134 ms
[INFO   ] DREAMPlace - optimizer step 9.357 ms
[INFO   ] DREAMPlace - iteration  476, (  75,  3,  0), Obj 7.050254E+09, NetCrossing 2.058E+01, NetCrossingWeight 1.000000E+01, DensityWeight 2.533586E+06, HPWL 1.505779E+03, Overflow 1.395974E-02, MaxDensity 1.235E+00, MacroOverlap 3.318E-05, MacroOverlapWeight 8.000000E-06, gamma 2.659618E-02, time 3.045ms
[INFO   ] DREAMPlace - full step 13.432 ms
[DEBUG  ] dreamplace.ops.weighted_average_wirelength.weighted_average_wirelength - wirelength forward 0.153 ms
[DEBUG  ] dreamplace.ops.electric_potential.electric_potential - density forward 1.257 ms
[DEBUG  ] dreamplace.ops.electric_potential.electric_potential - density backward 0.432 ms
[DEBUG  ] dreamplace.ops.weighted_average_wirelength.weighted_average_wirelength - wirelength backward 0.117 ms
[INFO   ] DREAMPlace - optimizer step 10.325 ms
[INFO   ] DREAMPlace - iteration  477, (  75,  3,  1), Obj 7.775960E+09, NetCrossing 2.060E+01, NetCrossingWeight 1.000000E+01, DensityWeight 2.533586E+06, HPWL 1.505771E+03, Overflow 1.395734E-02, MaxDensity 1.235E+00, MacroOverlap 3.318E-05, MacroOverlapWeight 8.000000E-06, gamma 2.659618E-02, time 3.084ms
[INFO   ] DREAMPlace - full step 14.369 ms
[INFO   ] DREAMPlace - Lsub stopping criteria: 1 and 7.77596e+09 > 7.05025e+09 * 0.999
[DEBUG  ] dreamplace.ops.weighted_average_wirelength.weighted_average_wirelength - wirelength forward 0.094 ms
[DEBUG  ] dreamplace.ops.electric_potential.electric_potential - density forward 0.962 ms
[DEBUG  ] dreamplace.ops.electric_potential.electric_potential - density backward 0.417 ms
[DEBUG  ] dreamplace.ops.weighted_average_wirelength.weighted_average_wirelength - wirelength backward 0.113 ms
[INFO   ] DREAMPlace - optimizer step 8.274 ms
[INFO   ] DREAMPlace - iteration  478, (  75,  4,  0), Obj 7.776535E+09, NetCrossing 2.060E+01, NetCrossingWeight 1.000000E+01, DensityWeight 2.795920E+06, HPWL 1.505760E+03, Overflow 1.395590E-02, MaxDensity 1.235E+00, MacroOverlap 3.317E-05, MacroOverlapWeight 8.000000E-06, gamma 2.659618E-02, time 2.118ms
[INFO   ] DREAMPlace - full step 11.291 ms
[DEBUG  ] dreamplace.ops.weighted_average_wirelength.weighted_average_wirelength - wirelength forward 0.096 ms
[DEBUG  ] dreamplace.ops.electric_potential.electric_potential - density forward 0.909 ms
[DEBUG  ] dreamplace.ops.electric_potential.electric_potential - density backward 0.418 ms
[DEBUG  ] dreamplace.ops.weighted_average_wirelength.weighted_average_wirelength - wirelength backward 0.119 ms
[INFO   ] DREAMPlace - optimizer step 8.171 ms
[INFO   ] DREAMPlace - iteration  479, (  75,  4,  1), Obj 8.577953E+09, NetCrossing 2.063E+01, NetCrossingWeight 1.000000E+01, DensityWeight 2.795920E+06, HPWL 1.505751E+03, Overflow 1.395452E-02, MaxDensity 1.235E+00, MacroOverlap 3.316E-05, MacroOverlapWeight 8.000000E-06, gamma 2.659618E-02, time 2.399ms
[INFO   ] DREAMPlace - full step 11.562 ms
[INFO   ] DREAMPlace - Lsub stopping criteria: 1 and 8.57795e+09 > 7.77654e+09 * 0.999
[DEBUG  ] dreamplace.ops.weighted_average_wirelength.weighted_average_wirelength - wirelength forward 0.130 ms
[DEBUG  ] dreamplace.ops.electric_potential.electric_potential - density forward 1.177 ms
[DEBUG  ] dreamplace.ops.electric_potential.electric_potential - density backward 0.415 ms
[DEBUG  ] dreamplace.ops.weighted_average_wirelength.weighted_average_wirelength - wirelength backward 0.119 ms
[INFO   ] DREAMPlace - optimizer step 8.834 ms
[INFO   ] DREAMPlace - iteration  480, (  75,  5,  0), Obj 8.582320E+09, NetCrossing 2.064E+01, NetCrossingWeight 1.000000E+01, DensityWeight 3.085417E+06, HPWL 1.505742E+03, Overflow 1.395292E-02, MaxDensity 1.235E+00, MacroOverlap 3.315E-05, MacroOverlapWeight 8.000000E-06, gamma 2.659618E-02, time 2.670ms
[INFO   ] DREAMPlace - full step 12.472 ms
[DEBUG  ] dreamplace.ops.weighted_average_wirelength.weighted_average_wirelength - wirelength forward 0.127 ms
[DEBUG  ] dreamplace.ops.electric_potential.electric_potential - density forward 1.145 ms
[DEBUG  ] dreamplace.ops.electric_potential.electric_potential - density backward 0.358 ms
[DEBUG  ] dreamplace.ops.weighted_average_wirelength.weighted_average_wirelength - wirelength backward 0.089 ms
[INFO   ] DREAMPlace - optimizer step 7.990 ms
[INFO   ] DREAMPlace - iteration  481, (  75,  5,  1), Obj 9.462754E+09, NetCrossing 2.066E+01, NetCrossingWeight 1.000000E+01, DensityWeight 3.085417E+06, HPWL 1.505734E+03, Overflow 1.395116E-02, MaxDensity 1.235E+00, MacroOverlap 3.313E-05, MacroOverlapWeight 8.000000E-06, gamma 2.659618E-02, time 2.652ms
[INFO   ] DREAMPlace - full step 11.601 ms
[INFO   ] DREAMPlace - Lsub stopping criteria: 1 and 9.46275e+09 > 8.58232e+09 * 0.999
[DEBUG  ] dreamplace.ops.weighted_average_wirelength.weighted_average_wirelength - wirelength forward 0.140 ms
[DEBUG  ] dreamplace.ops.electric_potential.electric_potential - density forward 1.142 ms
[DEBUG  ] dreamplace.ops.electric_potential.electric_potential - density backward 0.447 ms
[DEBUG  ] dreamplace.ops.weighted_average_wirelength.weighted_average_wirelength - wirelength backward 0.149 ms
[INFO   ] DREAMPlace - optimizer step 9.366 ms
[INFO   ] DREAMPlace - iteration  482, (  75,  6,  0), Obj 9.461931E+09, NetCrossing 2.057E+01, NetCrossingWeight 1.000000E+01, DensityWeight 3.404889E+06, HPWL 1.505725E+03, Overflow 1.394932E-02, MaxDensity 1.235E+00, MacroOverlap 3.311E-05, MacroOverlapWeight 8.000000E-06, gamma 2.659618E-02, time 2.681ms
[INFO   ] DREAMPlace - full step 13.005 ms
[DEBUG  ] dreamplace.ops.weighted_average_wirelength.weighted_average_wirelength - wirelength forward 0.129 ms
[DEBUG  ] dreamplace.ops.electric_potential.electric_potential - density forward 1.182 ms
[DEBUG  ] dreamplace.ops.electric_potential.electric_potential - density backward 0.365 ms
[DEBUG  ] dreamplace.ops.weighted_average_wirelength.weighted_average_wirelength - wirelength backward 0.089 ms
[INFO   ] DREAMPlace - optimizer step 8.103 ms
[INFO   ] DREAMPlace - iteration  483, (  75,  6,  1), Obj 1.043299E+10, NetCrossing 2.058E+01, NetCrossingWeight 1.000000E+01, DensityWeight 3.404889E+06, HPWL 1.505718E+03, Overflow 1.394709E-02, MaxDensity 1.235E+00, MacroOverlap 3.309E-05, MacroOverlapWeight 8.000000E-06, gamma 2.659618E-02, time 2.754ms
[INFO   ] DREAMPlace - full step 11.842 ms
[INFO   ] DREAMPlace - Lsub stopping criteria: 1 and 1.0433e+10 > 9.46193e+09 * 0.999
[DEBUG  ] dreamplace.ops.weighted_average_wirelength.weighted_average_wirelength - wirelength forward 0.131 ms
[DEBUG  ] dreamplace.ops.electric_potential.electric_potential - density forward 1.164 ms
[DEBUG  ] dreamplace.ops.electric_potential.electric_potential - density backward 0.446 ms
[DEBUG  ] dreamplace.ops.weighted_average_wirelength.weighted_average_wirelength - wirelength backward 0.142 ms
[INFO   ] DREAMPlace - optimizer step 9.418 ms
[INFO   ] DREAMPlace - iteration  484, (  75,  7,  0), Obj 1.043786E+10, NetCrossing 2.060E+01, NetCrossingWeight 1.000000E+01, DensityWeight 3.757440E+06, HPWL 1.505709E+03, Overflow 1.394448E-02, MaxDensity 1.235E+00, MacroOverlap 3.307E-05, MacroOverlapWeight 8.000000E-06, gamma 2.659618E-02, time 2.714ms
[INFO   ] DREAMPlace - full step 13.085 ms
[DEBUG  ] dreamplace.ops.weighted_average_wirelength.weighted_average_wirelength - wirelength forward 0.128 ms
[DEBUG  ] dreamplace.ops.electric_potential.electric_potential - density forward 1.164 ms
[DEBUG  ] dreamplace.ops.electric_potential.electric_potential - density backward 0.356 ms
[DEBUG  ] dreamplace.ops.weighted_average_wirelength.weighted_average_wirelength - wirelength backward 0.101 ms
[INFO   ] DREAMPlace - optimizer step 7.955 ms
[INFO   ] DREAMPlace - iteration  485, (  75,  7,  1), Obj 1.151432E+10, NetCrossing 2.062E+01, NetCrossingWeight 1.000000E+01, DensityWeight 3.757440E+06, HPWL 1.505705E+03, Overflow 1.394110E-02, MaxDensity 1.235E+00, MacroOverlap 3.304E-05, MacroOverlapWeight 8.000000E-06, gamma 2.659618E-02, time 2.712ms
[INFO   ] DREAMPlace - full step 11.627 ms
[INFO   ] DREAMPlace - Lsub stopping criteria: 1 and 1.15143e+10 > 1.04379e+10 * 0.999
[DEBUG  ] dreamplace.ops.weighted_average_wirelength.weighted_average_wirelength - wirelength forward 0.129 ms
[DEBUG  ] dreamplace.ops.electric_potential.electric_potential - density forward 1.169 ms
[DEBUG  ] dreamplace.ops.electric_potential.electric_potential - density backward 0.430 ms
[DEBUG  ] dreamplace.ops.weighted_average_wirelength.weighted_average_wirelength - wirelength backward 0.135 ms
[INFO   ] DREAMPlace - optimizer step 9.081 ms
[INFO   ] DREAMPlace - iteration  486, (  75,  8,  0), Obj 1.152578E+10, NetCrossing 2.063E+01, NetCrossingWeight 1.000000E+01, DensityWeight 4.146496E+06, HPWL 1.505700E+03, Overflow 1.393665E-02, MaxDensity 1.235E+00, MacroOverlap 3.302E-05, MacroOverlapWeight 8.000000E-06, gamma 2.659618E-02, time 2.673ms
[INFO   ] DREAMPlace - full step 12.779 ms
[DEBUG  ] dreamplace.ops.weighted_average_wirelength.weighted_average_wirelength - wirelength forward 0.133 ms
[DEBUG  ] dreamplace.ops.electric_potential.electric_potential - density forward 1.179 ms
[DEBUG  ] dreamplace.ops.electric_potential.electric_potential - density backward 0.447 ms
[DEBUG  ] dreamplace.ops.weighted_average_wirelength.weighted_average_wirelength - wirelength backward 0.152 ms
[INFO   ] DREAMPlace - optimizer step 9.486 ms
[INFO   ] DREAMPlace - iteration  487, (  75,  8,  1), Obj 1.271363E+10, NetCrossing 2.064E+01, NetCrossingWeight 1.000000E+01, DensityWeight 4.146496E+06, HPWL 1.505698E+03, Overflow 1.393160E-02, MaxDensity 1.235E+00, MacroOverlap 3.298E-05, MacroOverlapWeight 8.000000E-06, gamma 2.659618E-02, time 2.712ms
[INFO   ] DREAMPlace - full step 13.175 ms
[INFO   ] DREAMPlace - Lsub stopping criteria: 1 and 1.27136e+10 > 1.15258e+10 * 0.999
[DEBUG  ] dreamplace.ops.weighted_average_wirelength.weighted_average_wirelength - wirelength forward 0.129 ms
[DEBUG  ] dreamplace.ops.electric_potential.electric_potential - density forward 1.154 ms
[DEBUG  ] dreamplace.ops.electric_potential.electric_potential - density backward 0.426 ms
[DEBUG  ] dreamplace.ops.weighted_average_wirelength.weighted_average_wirelength - wirelength backward 0.139 ms
[INFO   ] DREAMPlace - optimizer step 9.199 ms
[INFO   ] DREAMPlace - iteration  488, (  75,  9,  0), Obj 1.272091E+10, NetCrossing 2.064E+01, NetCrossingWeight 1.000000E+01, DensityWeight 4.575835E+06, HPWL 1.505697E+03, Overflow 1.392593E-02, MaxDensity 1.235E+00, MacroOverlap 3.295E-05, MacroOverlapWeight 8.000000E-06, gamma 2.659618E-02, time 2.718ms
[INFO   ] DREAMPlace - full step 12.882 ms
[DEBUG  ] dreamplace.ops.weighted_average_wirelength.weighted_average_wirelength - wirelength forward 0.149 ms
[DEBUG  ] dreamplace.ops.electric_potential.electric_potential - density forward 1.371 ms
[DEBUG  ] dreamplace.ops.electric_potential.electric_potential - density backward 0.361 ms
[DEBUG  ] dreamplace.ops.weighted_average_wirelength.weighted_average_wirelength - wirelength backward 0.133 ms
[INFO   ] DREAMPlace - optimizer step 8.410 ms
[INFO   ] DREAMPlace - iteration  489, (  75,  9,  1), Obj 1.402698E+10, NetCrossing 2.065E+01, NetCrossingWeight 1.000000E+01, DensityWeight 4.575835E+06, HPWL 1.505700E+03, Overflow 1.391951E-02, MaxDensity 1.235E+00, MacroOverlap 3.292E-05, MacroOverlapWeight 8.000000E-06, gamma 2.659618E-02, time 2.737ms
[INFO   ] DREAMPlace - full step 12.163 ms
[INFO   ] DREAMPlace - Lsub stopping criteria: 1 and 1.4027e+10 > 1.27209e+10 * 0.999
[INFO   ] DREAMPlace - Llambda stopping criteria: 9 and (( 0.0139195 < 0.1 and 1505.7 > 1505.7 ) or 1.23501 < 1.0)
[DEBUG  ] dreamplace.ops.weighted_average_wirelength.weighted_average_wirelength - wirelength forward 0.131 ms
[DEBUG  ] dreamplace.ops.electric_potential.electric_potential - density forward 1.177 ms
[DEBUG  ] dreamplace.ops.electric_potential.electric_potential - density backward 0.457 ms
[DEBUG  ] dreamplace.ops.weighted_average_wirelength.weighted_average_wirelength - wirelength backward 0.134 ms
[INFO   ] DREAMPlace - optimizer step 9.592 ms
[INFO   ] DREAMPlace - iteration  490, (  76,  0,  0), Obj 1.403556E+10, NetCrossing 2.067E+01, NetCrossingWeight 1.000000E+01, DensityWeight 5.152683E+06, HPWL 1.505699E+03, Overflow 1.391254E-02, MaxDensity 1.235E+00, MacroOverlap 3.289E-05, MacroOverlapWeight 8.000000E-06, gamma 2.658790E-02, time 2.700ms
[INFO   ] DREAMPlace - full step 13.253 ms
[DEBUG  ] dreamplace.ops.weighted_average_wirelength.weighted_average_wirelength - wirelength forward 0.128 ms
[DEBUG  ] dreamplace.ops.electric_potential.electric_potential - density forward 1.172 ms
[DEBUG  ] dreamplace.ops.electric_potential.electric_potential - density backward 0.414 ms
[DEBUG  ] dreamplace.ops.weighted_average_wirelength.weighted_average_wirelength - wirelength backward 0.148 ms
[INFO   ] DREAMPlace - optimizer step 8.297 ms
[INFO   ] DREAMPlace - iteration  491, (  76,  0,  1), Obj 1.579470E+10, NetCrossing 2.068E+01, NetCrossingWeight 1.000000E+01, DensityWeight 5.152683E+06, HPWL 1.505704E+03, Overflow 1.390498E-02, MaxDensity 1.235E+00, MacroOverlap 3.286E-05, MacroOverlapWeight 8.000000E-06, gamma 2.658790E-02, time 2.692ms
[INFO   ] DREAMPlace - full step 12.014 ms
[INFO   ] DREAMPlace - Lsub stopping criteria: 1 and 1.57947e+10 > 1.40356e+10 * 0.999
[DEBUG  ] dreamplace.ops.weighted_average_wirelength.weighted_average_wirelength - wirelength forward 0.128 ms
[DEBUG  ] dreamplace.ops.electric_potential.electric_potential - density forward 1.148 ms
[DEBUG  ] dreamplace.ops.electric_potential.electric_potential - density backward 0.436 ms
[DEBUG  ] dreamplace.ops.weighted_average_wirelength.weighted_average_wirelength - wirelength backward 0.131 ms
[INFO   ] DREAMPlace - optimizer step 9.333 ms
[INFO   ] DREAMPlace - iteration  492, (  76,  1,  0), Obj 1.581001E+10, NetCrossing 2.068E+01, NetCrossingWeight 1.000000E+01, DensityWeight 5.802250E+06, HPWL 1.505704E+03, Overflow 1.389754E-02, MaxDensity 1.235E+00, MacroOverlap 3.283E-05, MacroOverlapWeight 8.000000E-06, gamma 2.658790E-02, time 2.668ms
[INFO   ] DREAMPlace - full step 12.981 ms
[DEBUG  ] dreamplace.ops.weighted_average_wirelength.weighted_average_wirelength - wirelength forward 0.125 ms
[DEBUG  ] dreamplace.ops.electric_potential.electric_potential - density forward 1.131 ms
[DEBUG  ] dreamplace.ops.electric_potential.electric_potential - density backward 0.363 ms
[DEBUG  ] dreamplace.ops.weighted_average_wirelength.weighted_average_wirelength - wirelength backward 0.130 ms
[INFO   ] DREAMPlace - optimizer step 8.100 ms
[INFO   ] DREAMPlace - iteration  493, (  76,  1,  1), Obj 1.779073E+10, NetCrossing 2.070E+01, NetCrossingWeight 1.000000E+01, DensityWeight 5.802250E+06, HPWL 1.505709E+03, Overflow 1.389038E-02, MaxDensity 1.235E+00, MacroOverlap 3.280E-05, MacroOverlapWeight 8.000000E-06, gamma 2.658790E-02, time 2.712ms
[INFO   ] DREAMPlace - full step 11.790 ms
[INFO   ] DREAMPlace - Lsub stopping criteria: 1 and 1.77907e+10 > 1.581e+10 * 0.999
[INFO   ] DREAMPlace - Llambda stopping criteria: 1 and (( 0.0138904 < 0.1 and 1505.71 > 1505.7 ) or 1.23501 < 1.0)
[DEBUG  ] dreamplace.ops.weighted_average_wirelength.weighted_average_wirelength - wirelength forward 0.132 ms
[DEBUG  ] dreamplace.ops.electric_potential.electric_potential - density forward 1.154 ms
[DEBUG  ] dreamplace.ops.electric_potential.electric_potential - density backward 0.470 ms
[DEBUG  ] dreamplace.ops.weighted_average_wirelength.weighted_average_wirelength - wirelength backward 0.140 ms
[INFO   ] DREAMPlace - optimizer step 9.693 ms
[INFO   ] DREAMPlace - iteration  494, (  77,  0,  0), Obj 1.780508E+10, NetCrossing 2.070E+01, NetCrossingWeight 1.000000E+01, DensityWeight 6.533705E+06, HPWL 1.505713E+03, Overflow 1.388370E-02, MaxDensity 1.235E+00, MacroOverlap 3.278E-05, MacroOverlapWeight 8.000000E-06, gamma 2.658394E-02, time 2.705ms
[INFO   ] DREAMPlace - full step 13.369 ms
[DEBUG  ] dreamplace.ops.weighted_average_wirelength.weighted_average_wirelength - wirelength forward 0.127 ms
[DEBUG  ] dreamplace.ops.electric_potential.electric_potential - density forward 1.149 ms
[DEBUG  ] dreamplace.ops.electric_potential.electric_potential - density backward 0.439 ms
[DEBUG  ] dreamplace.ops.weighted_average_wirelength.weighted_average_wirelength - wirelength backward 0.137 ms
[INFO   ] DREAMPlace - optimizer step 9.079 ms
[INFO   ] DREAMPlace - iteration  495, (  77,  0,  1), Obj 2.003811E+10, NetCrossing 2.080E+01, NetCrossingWeight 1.000000E+01, DensityWeight 6.533705E+06, HPWL 1.505721E+03, Overflow 1.387766E-02, MaxDensity 1.235E+00, MacroOverlap 3.277E-05, MacroOverlapWeight 8.000000E-06, gamma 2.658394E-02, time 2.685ms
[INFO   ] DREAMPlace - full step 12.753 ms
[INFO   ] DREAMPlace - Lsub stopping criteria: 1 and 2.00381e+10 > 1.78051e+10 * 0.999
[DEBUG  ] dreamplace.ops.weighted_average_wirelength.weighted_average_wirelength - wirelength forward 0.130 ms
[DEBUG  ] dreamplace.ops.electric_potential.electric_potential - density forward 1.165 ms
[DEBUG  ] dreamplace.ops.electric_potential.electric_potential - density backward 0.431 ms
[DEBUG  ] dreamplace.ops.weighted_average_wirelength.weighted_average_wirelength - wirelength backward 0.137 ms
[INFO   ] DREAMPlace - optimizer step 9.113 ms
[INFO   ] DREAMPlace - iteration  496, (  77,  1,  0), Obj 2.005395E+10, NetCrossing 2.080E+01, NetCrossingWeight 1.000000E+01, DensityWeight 7.357370E+06, HPWL 1.505728E+03, Overflow 1.387235E-02, MaxDensity 1.235E+00, MacroOverlap 3.276E-05, MacroOverlapWeight 8.000000E-06, gamma 2.658394E-02, time 2.687ms
[INFO   ] DREAMPlace - full step 12.770 ms
[DEBUG  ] dreamplace.ops.weighted_average_wirelength.weighted_average_wirelength - wirelength forward 0.126 ms
[DEBUG  ] dreamplace.ops.electric_potential.electric_potential - density forward 1.163 ms
[DEBUG  ] dreamplace.ops.electric_potential.electric_potential - density backward 0.362 ms
[DEBUG  ] dreamplace.ops.weighted_average_wirelength.weighted_average_wirelength - wirelength backward 0.092 ms
[INFO   ] DREAMPlace - optimizer step 7.895 ms
[INFO   ] DREAMPlace - iteration  497, (  77,  1,  1), Obj 2.256374E+10, NetCrossing 2.081E+01, NetCrossingWeight 1.000000E+01, DensityWeight 7.357370E+06, HPWL 1.505738E+03, Overflow 1.386799E-02, MaxDensity 1.235E+00, MacroOverlap 3.276E-05, MacroOverlapWeight 8.000000E-06, gamma 2.658394E-02, time 2.702ms
[INFO   ] DREAMPlace - full step 11.567 ms
[INFO   ] DREAMPlace - Lsub stopping criteria: 1 and 2.25637e+10 > 2.0054e+10 * 0.999
[INFO   ] DREAMPlace - Llambda stopping criteria: 1 and (( 0.013868 < 0.1 and 1505.74 > 1505.72 ) or 1.23501 < 1.0)
[DEBUG  ] dreamplace.ops.weighted_average_wirelength.weighted_average_wirelength - wirelength forward 0.139 ms
[DEBUG  ] dreamplace.ops.electric_potential.electric_potential - density forward 1.166 ms
[DEBUG  ] dreamplace.ops.electric_potential.electric_potential - density backward 0.417 ms
[DEBUG  ] dreamplace.ops.weighted_average_wirelength.weighted_average_wirelength - wirelength backward 0.118 ms
[INFO   ] DREAMPlace - optimizer step 8.763 ms
[INFO   ] DREAMPlace - iteration  498, (  78,  0,  0), Obj 2.257219E+10, NetCrossing 2.082E+01, NetCrossingWeight 1.000000E+01, DensityWeight 8.284868E+06, HPWL 1.505746E+03, Overflow 1.386421E-02, MaxDensity 1.235E+00, MacroOverlap 3.276E-05, MacroOverlapWeight 8.000000E-06, gamma 2.658090E-02, time 2.715ms
[INFO   ] DREAMPlace - full step 12.432 ms
[DEBUG  ] dreamplace.ops.weighted_average_wirelength.weighted_average_wirelength - wirelength forward 0.142 ms
[DEBUG  ] dreamplace.ops.electric_potential.electric_potential - density forward 1.144 ms
[DEBUG  ] dreamplace.ops.electric_potential.electric_potential - density backward 0.407 ms
[DEBUG  ] dreamplace.ops.weighted_average_wirelength.weighted_average_wirelength - wirelength backward 0.109 ms
[INFO   ] DREAMPlace - optimizer step 8.541 ms
[INFO   ] DREAMPlace - iteration  499, (  78,  0,  1), Obj 2.539371E+10, NetCrossing 2.081E+01, NetCrossingWeight 1.000000E+01, DensityWeight 8.284868E+06, HPWL 1.505757E+03, Overflow 1.386083E-02, MaxDensity 1.235E+00, MacroOverlap 3.276E-05, MacroOverlapWeight 8.000000E-06, gamma 2.658090E-02, time 2.704ms
[INFO   ] DREAMPlace - full step 12.226 ms
[INFO   ] DREAMPlace - Lsub stopping criteria: 1 and 2.53937e+10 > 2.25722e+10 * 0.999
[DEBUG  ] dreamplace.ops.weighted_average_wirelength.weighted_average_wirelength - wirelength forward 0.142 ms
[DEBUG  ] dreamplace.ops.weighted_average_wirelength.weighted_average_wirelength - wirelength backward 0.093 ms
[DEBUG  ] dreamplace.ops.weighted_average_wirelength.weighted_average_wirelength - wirelength forward 0.089 ms
[DEBUG  ] dreamplace.ops.weighted_average_wirelength.weighted_average_wirelength - wirelength backward 0.082 ms
[DEBUG  ] dreamplace.ops.weighted_average_wirelength.weighted_average_wirelength - wirelength forward 0.091 ms
[DEBUG  ] dreamplace.ops.weighted_average_wirelength.weighted_average_wirelength - wirelength backward 0.083 ms
[DEBUG  ] dreamplace.ops.weighted_average_wirelength.weighted_average_wirelength - wirelength forward 0.089 ms
[DEBUG  ] dreamplace.ops.weighted_average_wirelength.weighted_average_wirelength - wirelength backward 0.081 ms
[DEBUG  ] dreamplace.ops.weighted_average_wirelength.weighted_average_wirelength - wirelength forward 0.088 ms
[DEBUG  ] dreamplace.ops.weighted_average_wirelength.weighted_average_wirelength - wirelength backward 0.082 ms
[DEBUG  ] dreamplace.ops.weighted_average_wirelength.weighted_average_wirelength - wirelength forward 0.087 ms
[DEBUG  ] dreamplace.ops.weighted_average_wirelength.weighted_average_wirelength - wirelength backward 0.079 ms
[DEBUG  ] dreamplace.ops.weighted_average_wirelength.weighted_average_wirelength - wirelength forward 0.088 ms
[DEBUG  ] dreamplace.ops.weighted_average_wirelength.weighted_average_wirelength - wirelength backward 0.082 ms
[DEBUG  ] dreamplace.ops.weighted_average_wirelength.weighted_average_wirelength - wirelength forward 0.095 ms
[DEBUG  ] dreamplace.ops.weighted_average_wirelength.weighted_average_wirelength - wirelength backward 0.103 ms
[DEBUG  ] dreamplace.ops.weighted_average_wirelength.weighted_average_wirelength - wirelength forward 0.091 ms
[DEBUG  ] dreamplace.ops.weighted_average_wirelength.weighted_average_wirelength - wirelength backward 0.100 ms
[DEBUG  ] dreamplace.ops.weighted_average_wirelength.weighted_average_wirelength - wirelength forward 0.092 ms
[DEBUG  ] dreamplace.ops.weighted_average_wirelength.weighted_average_wirelength - wirelength backward 0.099 ms
[DEBUG  ] dreamplace.ops.weighted_average_wirelength.weighted_average_wirelength - wirelength forward 0.091 ms
[DEBUG  ] dreamplace.ops.weighted_average_wirelength.weighted_average_wirelength - wirelength backward 0.126 ms
[DEBUG  ] dreamplace.ops.weighted_average_wirelength.weighted_average_wirelength - wirelength forward 0.117 ms
[DEBUG  ] dreamplace.ops.weighted_average_wirelength.weighted_average_wirelength - wirelength backward 0.105 ms
[DEBUG  ] dreamplace.ops.weighted_average_wirelength.weighted_average_wirelength - wirelength forward 0.095 ms
[DEBUG  ] dreamplace.ops.weighted_average_wirelength.weighted_average_wirelength - wirelength backward 0.102 ms
[DEBUG  ] dreamplace.ops.weighted_average_wirelength.weighted_average_wirelength - wirelength forward 0.093 ms
[DEBUG  ] dreamplace.ops.weighted_average_wirelength.weighted_average_wirelength - wirelength backward 0.100 ms
[DEBUG  ] dreamplace.ops.weighted_average_wirelength.weighted_average_wirelength - wirelength forward 0.093 ms
[DEBUG  ] dreamplace.ops.weighted_average_wirelength.weighted_average_wirelength - wirelength backward 0.103 ms
[DEBUG  ] dreamplace.ops.weighted_average_wirelength.weighted_average_wirelength - wirelength forward 0.092 ms
[DEBUG  ] dreamplace.ops.weighted_average_wirelength.weighted_average_wirelength - wirelength backward 0.085 ms
[DEBUG  ] dreamplace.ops.weighted_average_wirelength.weighted_average_wirelength - wirelength forward 0.120 ms
[DEBUG  ] dreamplace.ops.weighted_average_wirelength.weighted_average_wirelength - wirelength backward 0.080 ms
[DEBUG  ] dreamplace.ops.weighted_average_wirelength.weighted_average_wirelength - wirelength forward 0.121 ms
[DEBUG  ] dreamplace.ops.weighted_average_wirelength.weighted_average_wirelength - wirelength backward 0.086 ms
[DEBUG  ] dreamplace.ops.weighted_average_wirelength.weighted_average_wirelength - wirelength forward 0.122 ms
[DEBUG  ] dreamplace.ops.weighted_average_wirelength.weighted_average_wirelength - wirelength backward 0.085 ms
[DEBUG  ] dreamplace.ops.weighted_average_wirelength.weighted_average_wirelength - wirelength forward 0.133 ms
[DEBUG  ] dreamplace.ops.weighted_average_wirelength.weighted_average_wirelength - wirelength backward 0.085 ms
[DEBUG  ] dreamplace.ops.weighted_average_wirelength.weighted_average_wirelength - wirelength forward 0.121 ms
[DEBUG  ] dreamplace.ops.weighted_average_wirelength.weighted_average_wirelength - wirelength backward 0.125 ms
[DEBUG  ] dreamplace.ops.weighted_average_wirelength.weighted_average_wirelength - wirelength forward 0.089 ms
[DEBUG  ] dreamplace.ops.weighted_average_wirelength.weighted_average_wirelength - wirelength backward 0.133 ms
[DEBUG  ] dreamplace.ops.weighted_average_wirelength.weighted_average_wirelength - wirelength forward 0.090 ms
[DEBUG  ] dreamplace.ops.weighted_average_wirelength.weighted_average_wirelength - wirelength backward 0.135 ms
[DEBUG  ] dreamplace.ops.weighted_average_wirelength.weighted_average_wirelength - wirelength forward 0.087 ms
[DEBUG  ] dreamplace.ops.weighted_average_wirelength.weighted_average_wirelength - wirelength backward 0.130 ms
[DEBUG  ] dreamplace.ops.weighted_average_wirelength.weighted_average_wirelength - wirelength forward 0.118 ms
[DEBUG  ] dreamplace.ops.weighted_average_wirelength.weighted_average_wirelength - wirelength backward 0.160 ms
[DEBUG  ] dreamplace.ops.weighted_average_wirelength.weighted_average_wirelength - wirelength forward 0.116 ms
[DEBUG  ] dreamplace.ops.weighted_average_wirelength.weighted_average_wirelength - wirelength backward 0.140 ms
[INFO   ] DREAMPlace - update best theta
[DEBUG  ] dreamplace.ops.weighted_average_wirelength.weighted_average_wirelength - wirelength forward 0.095 ms
[DEBUG  ] dreamplace.ops.weighted_average_wirelength.weighted_average_wirelength - wirelength backward 0.101 ms
[DEBUG  ] dreamplace.ops.weighted_average_wirelength.weighted_average_wirelength - wirelength forward 0.091 ms
[DEBUG  ] dreamplace.ops.weighted_average_wirelength.weighted_average_wirelength - wirelength backward 0.103 ms
[DEBUG  ] dreamplace.ops.weighted_average_wirelength.weighted_average_wirelength - wirelength forward 0.091 ms
[DEBUG  ] dreamplace.ops.weighted_average_wirelength.weighted_average_wirelength - wirelength backward 0.103 ms
[DEBUG  ] dreamplace.ops.weighted_average_wirelength.weighted_average_wirelength - wirelength forward 0.093 ms
[DEBUG  ] dreamplace.ops.weighted_average_wirelength.weighted_average_wirelength - wirelength backward 0.108 ms
[DEBUG  ] dreamplace.ops.weighted_average_wirelength.weighted_average_wirelength - wirelength forward 0.137 ms
[DEBUG  ] dreamplace.ops.weighted_average_wirelength.weighted_average_wirelength - wirelength backward 0.082 ms
[DEBUG  ] dreamplace.ops.weighted_average_wirelength.weighted_average_wirelength - wirelength forward 0.119 ms
[DEBUG  ] dreamplace.ops.weighted_average_wirelength.weighted_average_wirelength - wirelength backward 0.119 ms
[DEBUG  ] dreamplace.ops.weighted_average_wirelength.weighted_average_wirelength - wirelength forward 0.116 ms
[DEBUG  ] dreamplace.ops.weighted_average_wirelength.weighted_average_wirelength - wirelength backward 0.112 ms
[DEBUG  ] dreamplace.ops.weighted_average_wirelength.weighted_average_wirelength - wirelength forward 0.122 ms
[DEBUG  ] dreamplace.ops.weighted_average_wirelength.weighted_average_wirelength - wirelength backward 0.109 ms
[DEBUG  ] dreamplace.ops.weighted_average_wirelength.weighted_average_wirelength - wirelength forward 0.115 ms
[DEBUG  ] dreamplace.ops.weighted_average_wirelength.weighted_average_wirelength - wirelength backward 0.113 ms
[DEBUG  ] dreamplace.ops.weighted_average_wirelength.weighted_average_wirelength - wirelength forward 0.094 ms
[DEBUG  ] dreamplace.ops.weighted_average_wirelength.weighted_average_wirelength - wirelength backward 0.106 ms
[DEBUG  ] dreamplace.ops.weighted_average_wirelength.weighted_average_wirelength - wirelength forward 0.091 ms
[DEBUG  ] dreamplace.ops.weighted_average_wirelength.weighted_average_wirelength - wirelength backward 0.106 ms
[DEBUG  ] dreamplace.ops.weighted_average_wirelength.weighted_average_wirelength - wirelength forward 0.092 ms
[DEBUG  ] dreamplace.ops.weighted_average_wirelength.weighted_average_wirelength - wirelength backward 0.107 ms
[DEBUG  ] dreamplace.ops.weighted_average_wirelength.weighted_average_wirelength - wirelength forward 0.090 ms
[DEBUG  ] dreamplace.ops.weighted_average_wirelength.weighted_average_wirelength - wirelength backward 0.109 ms
[DEBUG  ] dreamplace.ops.weighted_average_wirelength.weighted_average_wirelength - wirelength forward 0.092 ms
[DEBUG  ] dreamplace.ops.weighted_average_wirelength.weighted_average_wirelength - wirelength backward 0.110 ms
[DEBUG  ] dreamplace.ops.weighted_average_wirelength.weighted_average_wirelength - wirelength forward 0.093 ms
[DEBUG  ] dreamplace.ops.weighted_average_wirelength.weighted_average_wirelength - wirelength backward 0.109 ms
[DEBUG  ] dreamplace.ops.weighted_average_wirelength.weighted_average_wirelength - wirelength forward 0.112 ms
[DEBUG  ] dreamplace.ops.weighted_average_wirelength.weighted_average_wirelength - wirelength backward 0.111 ms
[DEBUG  ] dreamplace.ops.weighted_average_wirelength.weighted_average_wirelength - wirelength forward 0.112 ms
[DEBUG  ] dreamplace.ops.weighted_average_wirelength.weighted_average_wirelength - wirelength backward 0.113 ms
[DEBUG  ] dreamplace.ops.weighted_average_wirelength.weighted_average_wirelength - wirelength forward 0.094 ms
[DEBUG  ] dreamplace.ops.weighted_average_wirelength.weighted_average_wirelength - wirelength backward 0.112 ms
[DEBUG  ] dreamplace.ops.weighted_average_wirelength.weighted_average_wirelength - wirelength forward 0.142 ms
[DEBUG  ] dreamplace.ops.weighted_average_wirelength.weighted_average_wirelength - wirelength backward 0.111 ms
[DEBUG  ] dreamplace.ops.weighted_average_wirelength.weighted_average_wirelength - wirelength forward 0.116 ms
[DEBUG  ] dreamplace.ops.weighted_average_wirelength.weighted_average_wirelength - wirelength backward 0.109 ms
[DEBUG  ] dreamplace.ops.weighted_average_wirelength.weighted_average_wirelength - wirelength forward 0.115 ms
[DEBUG  ] dreamplace.ops.weighted_average_wirelength.weighted_average_wirelength - wirelength backward 0.110 ms
[DEBUG  ] dreamplace.ops.weighted_average_wirelength.weighted_average_wirelength - wirelength forward 0.114 ms
[DEBUG  ] dreamplace.ops.weighted_average_wirelength.weighted_average_wirelength - wirelength backward 0.107 ms
[DEBUG  ] dreamplace.ops.weighted_average_wirelength.weighted_average_wirelength - wirelength forward 0.117 ms
[DEBUG  ] dreamplace.ops.weighted_average_wirelength.weighted_average_wirelength - wirelength backward 0.109 ms
[DEBUG  ] dreamplace.ops.weighted_average_wirelength.weighted_average_wirelength - wirelength forward 0.102 ms
[DEBUG  ] dreamplace.ops.weighted_average_wirelength.weighted_average_wirelength - wirelength backward 0.109 ms
[DEBUG  ] dreamplace.ops.weighted_average_wirelength.weighted_average_wirelength - wirelength forward 0.122 ms
[DEBUG  ] dreamplace.ops.weighted_average_wirelength.weighted_average_wirelength - wirelength backward 0.110 ms
[DEBUG  ] dreamplace.ops.weighted_average_wirelength.weighted_average_wirelength - wirelength forward 0.119 ms
[DEBUG  ] dreamplace.ops.weighted_average_wirelength.weighted_average_wirelength - wirelength backward 0.109 ms
[DEBUG  ] dreamplace.ops.weighted_average_wirelength.weighted_average_wirelength - wirelength forward 0.119 ms
[DEBUG  ] dreamplace.ops.weighted_average_wirelength.weighted_average_wirelength - wirelength backward 0.109 ms
[DEBUG  ] dreamplace.ops.weighted_average_wirelength.weighted_average_wirelength - wirelength forward 0.121 ms
[DEBUG  ] dreamplace.ops.weighted_average_wirelength.weighted_average_wirelength - wirelength backward 0.108 ms
[DEBUG  ] dreamplace.ops.weighted_average_wirelength.weighted_average_wirelength - wirelength forward 0.120 ms
[DEBUG  ] dreamplace.ops.weighted_average_wirelength.weighted_average_wirelength - wirelength backward 0.108 ms
[DEBUG  ] dreamplace.ops.weighted_average_wirelength.weighted_average_wirelength - wirelength forward 0.119 ms
[DEBUG  ] dreamplace.ops.weighted_average_wirelength.weighted_average_wirelength - wirelength backward 0.108 ms
[DEBUG  ] dreamplace.ops.weighted_average_wirelength.weighted_average_wirelength - wirelength forward 0.121 ms
[DEBUG  ] dreamplace.ops.weighted_average_wirelength.weighted_average_wirelength - wirelength backward 0.110 ms
[DEBUG  ] dreamplace.ops.weighted_average_wirelength.weighted_average_wirelength - wirelength forward 0.121 ms
[DEBUG  ] dreamplace.ops.weighted_average_wirelength.weighted_average_wirelength - wirelength backward 0.109 ms
[DEBUG  ] dreamplace.ops.weighted_average_wirelength.weighted_average_wirelength - wirelength forward 0.120 ms
[DEBUG  ] dreamplace.ops.weighted_average_wirelength.weighted_average_wirelength - wirelength backward 0.110 ms
[DEBUG  ] dreamplace.ops.weighted_average_wirelength.weighted_average_wirelength - wirelength forward 0.118 ms
[DEBUG  ] dreamplace.ops.weighted_average_wirelength.weighted_average_wirelength - wirelength backward 0.114 ms
[DEBUG  ] dreamplace.ops.weighted_average_wirelength.weighted_average_wirelength - wirelength forward 0.121 ms
[DEBUG  ] dreamplace.ops.weighted_average_wirelength.weighted_average_wirelength - wirelength backward 0.105 ms
[DEBUG  ] dreamplace.ops.weighted_average_wirelength.weighted_average_wirelength - wirelength forward 0.099 ms
[DEBUG  ] dreamplace.ops.weighted_average_wirelength.weighted_average_wirelength - wirelength backward 0.115 ms
[DEBUG  ] dreamplace.ops.weighted_average_wirelength.weighted_average_wirelength - wirelength forward 0.099 ms
[DEBUG  ] dreamplace.ops.weighted_average_wirelength.weighted_average_wirelength - wirelength backward 0.111 ms
[DEBUG  ] dreamplace.ops.weighted_average_wirelength.weighted_average_wirelength - wirelength forward 0.097 ms
[DEBUG  ] dreamplace.ops.weighted_average_wirelength.weighted_average_wirelength - wirelength backward 0.107 ms
[DEBUG  ] dreamplace.ops.weighted_average_wirelength.weighted_average_wirelength - wirelength forward 0.089 ms
[DEBUG  ] dreamplace.ops.weighted_average_wirelength.weighted_average_wirelength - wirelength backward 0.107 ms
[DEBUG  ] dreamplace.ops.weighted_average_wirelength.weighted_average_wirelength - wirelength forward 0.100 ms
[DEBUG  ] dreamplace.ops.weighted_average_wirelength.weighted_average_wirelength - wirelength backward 0.108 ms
[DEBUG  ] dreamplace.ops.weighted_average_wirelength.weighted_average_wirelength - wirelength forward 0.090 ms
[DEBUG  ] dreamplace.ops.weighted_average_wirelength.weighted_average_wirelength - wirelength backward 0.107 ms
[DEBUG  ] dreamplace.ops.weighted_average_wirelength.weighted_average_wirelength - wirelength forward 0.089 ms
[DEBUG  ] dreamplace.ops.weighted_average_wirelength.weighted_average_wirelength - wirelength backward 0.107 ms
[DEBUG  ] dreamplace.ops.weighted_average_wirelength.weighted_average_wirelength - wirelength forward 0.093 ms
[DEBUG  ] dreamplace.ops.weighted_average_wirelength.weighted_average_wirelength - wirelength backward 0.106 ms
[DEBUG  ] dreamplace.ops.weighted_average_wirelength.weighted_average_wirelength - wirelength forward 0.090 ms
[DEBUG  ] dreamplace.ops.weighted_average_wirelength.weighted_average_wirelength - wirelength backward 0.106 ms
[DEBUG  ] dreamplace.ops.weighted_average_wirelength.weighted_average_wirelength - wirelength forward 0.092 ms
[DEBUG  ] dreamplace.ops.weighted_average_wirelength.weighted_average_wirelength - wirelength backward 0.106 ms
[DEBUG  ] dreamplace.ops.weighted_average_wirelength.weighted_average_wirelength - wirelength forward 0.089 ms
[DEBUG  ] dreamplace.ops.weighted_average_wirelength.weighted_average_wirelength - wirelength backward 0.108 ms
[DEBUG  ] dreamplace.ops.weighted_average_wirelength.weighted_average_wirelength - wirelength forward 0.099 ms
[DEBUG  ] dreamplace.ops.weighted_average_wirelength.weighted_average_wirelength - wirelength backward 0.106 ms
[DEBUG  ] dreamplace.ops.weighted_average_wirelength.weighted_average_wirelength - wirelength forward 0.114 ms
[DEBUG  ] dreamplace.ops.weighted_average_wirelength.weighted_average_wirelength - wirelength backward 0.105 ms
[DEBUG  ] dreamplace.ops.weighted_average_wirelength.weighted_average_wirelength - wirelength forward 0.112 ms
[DEBUG  ] dreamplace.ops.weighted_average_wirelength.weighted_average_wirelength - wirelength backward 0.106 ms
[DEBUG  ] dreamplace.ops.weighted_average_wirelength.weighted_average_wirelength - wirelength forward 0.114 ms
[DEBUG  ] dreamplace.ops.weighted_average_wirelength.weighted_average_wirelength - wirelength backward 0.105 ms
[DEBUG  ] dreamplace.ops.weighted_average_wirelength.weighted_average_wirelength - wirelength forward 0.114 ms
[DEBUG  ] dreamplace.ops.weighted_average_wirelength.weighted_average_wirelength - wirelength backward 0.107 ms
[DEBUG  ] dreamplace.ops.weighted_average_wirelength.weighted_average_wirelength - wirelength forward 0.114 ms
[DEBUG  ] dreamplace.ops.weighted_average_wirelength.weighted_average_wirelength - wirelength backward 0.121 ms
[DEBUG  ] dreamplace.ops.weighted_average_wirelength.weighted_average_wirelength - wirelength forward 0.113 ms
[DEBUG  ] dreamplace.ops.weighted_average_wirelength.weighted_average_wirelength - wirelength backward 0.106 ms
[DEBUG  ] dreamplace.ops.weighted_average_wirelength.weighted_average_wirelength - wirelength forward 0.114 ms
[DEBUG  ] dreamplace.ops.weighted_average_wirelength.weighted_average_wirelength - wirelength backward 0.106 ms
[DEBUG  ] dreamplace.ops.weighted_average_wirelength.weighted_average_wirelength - wirelength forward 0.113 ms
[DEBUG  ] dreamplace.ops.weighted_average_wirelength.weighted_average_wirelength - wirelength backward 0.115 ms
[DEBUG  ] dreamplace.ops.weighted_average_wirelength.weighted_average_wirelength - wirelength forward 0.114 ms
[DEBUG  ] dreamplace.ops.weighted_average_wirelength.weighted_average_wirelength - wirelength backward 0.106 ms
[DEBUG  ] dreamplace.ops.weighted_average_wirelength.weighted_average_wirelength - wirelength forward 0.110 ms
[DEBUG  ] dreamplace.ops.weighted_average_wirelength.weighted_average_wirelength - wirelength backward 0.106 ms
[DEBUG  ] dreamplace.ops.weighted_average_wirelength.weighted_average_wirelength - wirelength forward 0.088 ms
[DEBUG  ] dreamplace.ops.weighted_average_wirelength.weighted_average_wirelength - wirelength backward 0.104 ms
[DEBUG  ] dreamplace.ops.weighted_average_wirelength.weighted_average_wirelength - wirelength forward 0.114 ms
[DEBUG  ] dreamplace.ops.weighted_average_wirelength.weighted_average_wirelength - wirelength backward 0.105 ms
[DEBUG  ] dreamplace.ops.weighted_average_wirelength.weighted_average_wirelength - wirelength forward 0.112 ms
[DEBUG  ] dreamplace.ops.weighted_average_wirelength.weighted_average_wirelength - wirelength backward 0.107 ms
[DEBUG  ] dreamplace.ops.weighted_average_wirelength.weighted_average_wirelength - wirelength forward 0.113 ms
[DEBUG  ] dreamplace.ops.weighted_average_wirelength.weighted_average_wirelength - wirelength backward 0.105 ms
[DEBUG  ] dreamplace.ops.weighted_average_wirelength.weighted_average_wirelength - wirelength forward 0.110 ms
[DEBUG  ] dreamplace.ops.weighted_average_wirelength.weighted_average_wirelength - wirelength backward 0.105 ms
[DEBUG  ] dreamplace.ops.weighted_average_wirelength.weighted_average_wirelength - wirelength forward 0.123 ms
[DEBUG  ] dreamplace.ops.weighted_average_wirelength.weighted_average_wirelength - wirelength backward 0.100 ms
[DEBUG  ] dreamplace.ops.weighted_average_wirelength.weighted_average_wirelength - wirelength forward 0.120 ms
[DEBUG  ] dreamplace.ops.weighted_average_wirelength.weighted_average_wirelength - wirelength backward 0.103 ms
[DEBUG  ] dreamplace.ops.weighted_average_wirelength.weighted_average_wirelength - wirelength forward 0.124 ms
[DEBUG  ] dreamplace.ops.weighted_average_wirelength.weighted_average_wirelength - wirelength backward 0.102 ms
[DEBUG  ] dreamplace.ops.weighted_average_wirelength.weighted_average_wirelength - wirelength forward 0.131 ms
[DEBUG  ] dreamplace.ops.weighted_average_wirelength.weighted_average_wirelength - wirelength backward 0.118 ms
[DEBUG  ] dreamplace.ops.weighted_average_wirelength.weighted_average_wirelength - wirelength forward 0.124 ms
[DEBUG  ] dreamplace.ops.weighted_average_wirelength.weighted_average_wirelength - wirelength backward 0.119 ms
[DEBUG  ] dreamplace.ops.weighted_average_wirelength.weighted_average_wirelength - wirelength forward 0.124 ms
[DEBUG  ] dreamplace.ops.weighted_average_wirelength.weighted_average_wirelength - wirelength backward 0.124 ms
[DEBUG  ] dreamplace.ops.weighted_average_wirelength.weighted_average_wirelength - wirelength forward 0.125 ms
[DEBUG  ] dreamplace.ops.weighted_average_wirelength.weighted_average_wirelength - wirelength backward 0.123 ms
[DEBUG  ] dreamplace.ops.weighted_average_wirelength.weighted_average_wirelength - wirelength forward 0.122 ms
[DEBUG  ] dreamplace.ops.weighted_average_wirelength.weighted_average_wirelength - wirelength backward 0.117 ms
[DEBUG  ] dreamplace.ops.weighted_average_wirelength.weighted_average_wirelength - wirelength forward 0.123 ms
[DEBUG  ] dreamplace.ops.weighted_average_wirelength.weighted_average_wirelength - wirelength backward 0.118 ms
[DEBUG  ] dreamplace.ops.weighted_average_wirelength.weighted_average_wirelength - wirelength forward 0.124 ms
[DEBUG  ] dreamplace.ops.weighted_average_wirelength.weighted_average_wirelength - wirelength backward 0.117 ms
[DEBUG  ] dreamplace.ops.weighted_average_wirelength.weighted_average_wirelength - wirelength forward 0.120 ms
[DEBUG  ] dreamplace.ops.weighted_average_wirelength.weighted_average_wirelength - wirelength backward 0.113 ms
[DEBUG  ] dreamplace.ops.weighted_average_wirelength.weighted_average_wirelength - wirelength forward 0.123 ms
[DEBUG  ] dreamplace.ops.weighted_average_wirelength.weighted_average_wirelength - wirelength backward 0.109 ms
[INFO   ] DREAMPlace - plotting to ./results/tuner-small/small-5/PB201_A00/run-0_0_6/PB201_A00/plot/iter0500.png takes 0.063 seconds
[DEBUG  ] dreamplace.ops.weighted_average_wirelength.weighted_average_wirelength - wirelength forward 0.157 ms
[DEBUG  ] dreamplace.ops.electric_potential.electric_potential - density forward 1.232 ms
[DEBUG  ] dreamplace.ops.electric_potential.electric_potential - density backward 0.423 ms
[DEBUG  ] dreamplace.ops.weighted_average_wirelength.weighted_average_wirelength - wirelength backward 0.118 ms
[INFO   ] DREAMPlace - optimizer step 9.230 ms
[INFO   ] DREAMPlace - iteration  500, (  78,  1,  0), Obj 2.540239E+10, NetCrossing 2.072E+01, NetCrossingWeight 1.000000E+01, DensityWeight 9.329292E+06, HPWL 1.502895E+03, Overflow 1.385807E-02, MaxDensity 1.235E+00, MacroOverlap 3.276E-05, MacroOverlapWeight 8.000000E-06, gamma 2.658090E-02, time 2.686ms
[INFO   ] DREAMPlace - full step 357.434 ms
[DEBUG  ] dreamplace.ops.weighted_average_wirelength.weighted_average_wirelength - wirelength forward 0.134 ms
[DEBUG  ] dreamplace.ops.electric_potential.electric_potential - density forward 1.204 ms
[DEBUG  ] dreamplace.ops.electric_potential.electric_potential - density backward 0.415 ms
[DEBUG  ] dreamplace.ops.weighted_average_wirelength.weighted_average_wirelength - wirelength backward 0.113 ms
[INFO   ] DREAMPlace - optimizer step 8.883 ms
[INFO   ] DREAMPlace - iteration  501, (  78,  1,  1), Obj 2.857721E+10, NetCrossing 2.081E+01, NetCrossingWeight 1.000000E+01, DensityWeight 9.329292E+06, HPWL 1.502900E+03, Overflow 1.385606E-02, MaxDensity 1.235E+00, MacroOverlap 3.277E-05, MacroOverlapWeight 8.000000E-06, gamma 2.658090E-02, time 2.770ms
[INFO   ] DREAMPlace - full step 12.643 ms
[INFO   ] DREAMPlace - Lsub stopping criteria: 1 and 2.85772e+10 > 2.54024e+10 * 0.999
[DEBUG  ] dreamplace.ops.weighted_average_wirelength.weighted_average_wirelength - wirelength forward 0.134 ms
[DEBUG  ] dreamplace.ops.electric_potential.electric_potential - density forward 1.206 ms
[DEBUG  ] dreamplace.ops.electric_potential.electric_potential - density backward 0.470 ms
[DEBUG  ] dreamplace.ops.weighted_average_wirelength.weighted_average_wirelength - wirelength backward 0.152 ms
[INFO   ] DREAMPlace - optimizer step 9.691 ms
[INFO   ] DREAMPlace - iteration  502, (  78,  2,  0), Obj 2.858873E+10, NetCrossing 2.081E+01, NetCrossingWeight 1.000000E+01, DensityWeight 1.029527E+07, HPWL 1.502906E+03, Overflow 1.385447E-02, MaxDensity 1.235E+00, MacroOverlap 3.278E-05, MacroOverlapWeight 8.000000E-06, gamma 2.658090E-02, time 2.699ms
[INFO   ] DREAMPlace - full step 13.358 ms
[DEBUG  ] dreamplace.ops.weighted_average_wirelength.weighted_average_wirelength - wirelength forward 0.133 ms
[DEBUG  ] dreamplace.ops.electric_potential.electric_potential - density forward 1.197 ms
[DEBUG  ] dreamplace.ops.electric_potential.electric_potential - density backward 0.481 ms
[DEBUG  ] dreamplace.ops.weighted_average_wirelength.weighted_average_wirelength - wirelength backward 0.120 ms
[INFO   ] DREAMPlace - optimizer step 9.611 ms
[INFO   ] DREAMPlace - iteration  503, (  78,  2,  1), Obj 3.151861E+10, NetCrossing 2.078E+01, NetCrossingWeight 1.000000E+01, DensityWeight 1.029527E+07, HPWL 1.502916E+03, Overflow 1.385357E-02, MaxDensity 1.235E+00, MacroOverlap 3.278E-05, MacroOverlapWeight 8.000000E-06, gamma 2.658090E-02, time 2.772ms
[INFO   ] DREAMPlace - full step 13.381 ms
[INFO   ] DREAMPlace - Lsub stopping criteria: 1 and 3.15186e+10 > 2.85887e+10 * 0.999
[INFO   ] DREAMPlace - Llambda stopping criteria: 2 and (( 0.0138536 < 0.1 and 1502.92 > 1502.9 ) or 1.23501 < 1.0)
[DEBUG  ] dreamplace.ops.weighted_average_wirelength.weighted_average_wirelength - wirelength forward 0.143 ms
[DEBUG  ] dreamplace.ops.electric_potential.electric_potential - density forward 1.202 ms
[DEBUG  ] dreamplace.ops.electric_potential.electric_potential - density backward 0.400 ms
[DEBUG  ] dreamplace.ops.weighted_average_wirelength.weighted_average_wirelength - wirelength backward 0.139 ms
[INFO   ] DREAMPlace - optimizer step 8.845 ms
[INFO   ] DREAMPlace - iteration  504, (  79,  0,  0), Obj 3.152972E+10, NetCrossing 2.080E+01, NetCrossingWeight 1.000000E+01, DensityWeight 1.159314E+07, HPWL 1.502928E+03, Overflow 1.385304E-02, MaxDensity 1.235E+00, MacroOverlap 3.279E-05, MacroOverlapWeight 8.000000E-06, gamma 2.657893E-02, time 2.768ms
[INFO   ] DREAMPlace - full step 12.594 ms
[DEBUG  ] dreamplace.ops.weighted_average_wirelength.weighted_average_wirelength - wirelength forward 0.131 ms
[DEBUG  ] dreamplace.ops.electric_potential.electric_potential - density forward 1.163 ms
[DEBUG  ] dreamplace.ops.electric_potential.electric_potential - density backward 0.384 ms
[DEBUG  ] dreamplace.ops.weighted_average_wirelength.weighted_average_wirelength - wirelength backward 0.096 ms
[INFO   ] DREAMPlace - optimizer step 8.336 ms
[INFO   ] DREAMPlace - iteration  505, (  79,  0,  1), Obj 3.547181E+10, NetCrossing 2.080E+01, NetCrossingWeight 1.000000E+01, DensityWeight 1.159314E+07, HPWL 1.502946E+03, Overflow 1.385284E-02, MaxDensity 1.235E+00, MacroOverlap 3.280E-05, MacroOverlapWeight 8.000000E-06, gamma 2.657893E-02, time 2.714ms
[INFO   ] DREAMPlace - full step 12.026 ms
[INFO   ] DREAMPlace - Lsub stopping criteria: 1 and 3.54718e+10 > 3.15297e+10 * 0.999
[DEBUG  ] dreamplace.ops.weighted_average_wirelength.weighted_average_wirelength - wirelength forward 0.136 ms
[DEBUG  ] dreamplace.ops.electric_potential.electric_potential - density forward 1.206 ms
[DEBUG  ] dreamplace.ops.electric_potential.electric_potential - density backward 0.435 ms
[DEBUG  ] dreamplace.ops.weighted_average_wirelength.weighted_average_wirelength - wirelength backward 0.128 ms
[INFO   ] DREAMPlace - optimizer step 9.155 ms
[INFO   ] DREAMPlace - iteration  506, (  79,  1,  0), Obj 3.550116E+10, NetCrossing 2.080E+01, NetCrossingWeight 1.000000E+01, DensityWeight 1.305461E+07, HPWL 1.502966E+03, Overflow 1.385314E-02, MaxDensity 1.235E+00, MacroOverlap 3.281E-05, MacroOverlapWeight 8.000000E-06, gamma 2.657893E-02, time 2.759ms
[INFO   ] DREAMPlace - full step 12.898 ms
[DEBUG  ] dreamplace.ops.weighted_average_wirelength.weighted_average_wirelength - wirelength forward 0.130 ms
[DEBUG  ] dreamplace.ops.electric_potential.electric_potential - density forward 1.175 ms
[DEBUG  ] dreamplace.ops.electric_potential.electric_potential - density backward 0.454 ms
[DEBUG  ] dreamplace.ops.weighted_average_wirelength.weighted_average_wirelength - wirelength backward 0.151 ms
[INFO   ] DREAMPlace - optimizer step 9.926 ms
[INFO   ] DREAMPlace - iteration  507, (  79,  1,  1), Obj 3.993863E+10, NetCrossing 2.078E+01, NetCrossingWeight 1.000000E+01, DensityWeight 1.305461E+07, HPWL 1.502992E+03, Overflow 1.385379E-02, MaxDensity 1.235E+00, MacroOverlap 3.282E-05, MacroOverlapWeight 8.000000E-06, gamma 2.657893E-02, time 2.715ms
[INFO   ] DREAMPlace - full step 13.651 ms
[INFO   ] DREAMPlace - Lsub stopping criteria: 1 and 3.99386e+10 > 3.55012e+10 * 0.999
[INFO   ] DREAMPlace - Llambda stopping criteria: 1 and (( 0.0138538 < 0.1 and 1502.99 > 1502.95 ) or 1.23501 < 1.0)
[DEBUG  ] dreamplace.ops.weighted_average_wirelength.weighted_average_wirelength - wirelength forward 0.139 ms
[DEBUG  ] dreamplace.ops.electric_potential.electric_potential - density forward 1.189 ms
[DEBUG  ] dreamplace.ops.electric_potential.electric_potential - density backward 0.366 ms
[DEBUG  ] dreamplace.ops.weighted_average_wirelength.weighted_average_wirelength - wirelength backward 0.093 ms
[INFO   ] DREAMPlace - optimizer step 8.245 ms
[INFO   ] DREAMPlace - iteration  508, (  80,  0,  0), Obj 3.995817E+10, NetCrossing 2.078E+01, NetCrossingWeight 1.000000E+01, DensityWeight 1.470033E+07, HPWL 1.503022E+03, Overflow 1.385467E-02, MaxDensity 1.235E+00, MacroOverlap 3.283E-05, MacroOverlapWeight 8.000000E-06, gamma 2.657896E-02, time 2.762ms
[INFO   ] DREAMPlace - full step 11.987 ms
[DEBUG  ] dreamplace.ops.weighted_average_wirelength.weighted_average_wirelength - wirelength forward 0.144 ms
[DEBUG  ] dreamplace.ops.electric_potential.electric_potential - density forward 1.212 ms
[DEBUG  ] dreamplace.ops.electric_potential.electric_potential - density backward 0.440 ms
[DEBUG  ] dreamplace.ops.weighted_average_wirelength.weighted_average_wirelength - wirelength backward 0.129 ms
[INFO   ] DREAMPlace - optimizer step 9.447 ms
[INFO   ] DREAMPlace - iteration  509, (  80,  0,  1), Obj 4.495015E+10, NetCrossing 2.079E+01, NetCrossingWeight 1.000000E+01, DensityWeight 1.470033E+07, HPWL 1.503059E+03, Overflow 1.385566E-02, MaxDensity 1.235E+00, MacroOverlap 3.284E-05, MacroOverlapWeight 8.000000E-06, gamma 2.657896E-02, time 2.828ms
[INFO   ] DREAMPlace - full step 13.285 ms
[INFO   ] DREAMPlace - Lsub stopping criteria: 1 and 4.49501e+10 > 3.99582e+10 * 0.999
[DEBUG  ] dreamplace.ops.weighted_average_wirelength.weighted_average_wirelength - wirelength forward 0.134 ms
[DEBUG  ] dreamplace.ops.electric_potential.electric_potential - density forward 1.172 ms
[DEBUG  ] dreamplace.ops.electric_potential.electric_potential - density backward 0.367 ms
[DEBUG  ] dreamplace.ops.weighted_average_wirelength.weighted_average_wirelength - wirelength backward 0.091 ms
[INFO   ] DREAMPlace - optimizer step 8.249 ms
[INFO   ] DREAMPlace - iteration  510, (  80,  1,  0), Obj 4.497703E+10, NetCrossing 2.079E+01, NetCrossingWeight 1.000000E+01, DensityWeight 1.655351E+07, HPWL 1.503102E+03, Overflow 1.385691E-02, MaxDensity 1.235E+00, MacroOverlap 3.284E-05, MacroOverlapWeight 8.000000E-06, gamma 2.657896E-02, time 2.742ms
[INFO   ] DREAMPlace - full step 11.997 ms
[DEBUG  ] dreamplace.ops.weighted_average_wirelength.weighted_average_wirelength - wirelength forward 0.134 ms
[DEBUG  ] dreamplace.ops.electric_potential.electric_potential - density forward 1.227 ms
[DEBUG  ] dreamplace.ops.electric_potential.electric_potential - density backward 0.411 ms
[DEBUG  ] dreamplace.ops.weighted_average_wirelength.weighted_average_wirelength - wirelength backward 0.121 ms
[INFO   ] DREAMPlace - optimizer step 8.682 ms
[INFO   ] DREAMPlace - iteration  511, (  80,  1,  1), Obj 5.059128E+10, NetCrossing 2.077E+01, NetCrossingWeight 1.000000E+01, DensityWeight 1.655351E+07, HPWL 1.503151E+03, Overflow 1.385821E-02, MaxDensity 1.235E+00, MacroOverlap 3.285E-05, MacroOverlapWeight 8.000000E-06, gamma 2.657896E-02, time 2.720ms
[INFO   ] DREAMPlace - full step 12.381 ms
[INFO   ] DREAMPlace - Lsub stopping criteria: 1 and 5.05913e+10 > 4.4977e+10 * 0.999
[INFO   ] DREAMPlace - Llambda stopping criteria: 1 and (( 0.0138582 < 0.1 and 1503.15 > 1503.06 ) or 1.23501 < 1.0)
[DEBUG  ] dreamplace.ops.weighted_average_wirelength.weighted_average_wirelength - wirelength forward 0.133 ms
[DEBUG  ] dreamplace.ops.electric_potential.electric_potential - density forward 1.173 ms
[DEBUG  ] dreamplace.ops.electric_potential.electric_potential - density backward 0.484 ms
[DEBUG  ] dreamplace.ops.weighted_average_wirelength.weighted_average_wirelength - wirelength backward 0.138 ms
[INFO   ] DREAMPlace - optimizer step 9.469 ms
[INFO   ] DREAMPlace - iteration  512, (  81,  0,  0), Obj 5.061965E+10, NetCrossing 2.078E+01, NetCrossingWeight 1.000000E+01, DensityWeight 1.864031E+07, HPWL 1.503206E+03, Overflow 1.385946E-02, MaxDensity 1.235E+00, MacroOverlap 3.286E-05, MacroOverlapWeight 8.000000E-06, gamma 2.657957E-02, time 2.681ms
[INFO   ] DREAMPlace - full step 13.062 ms
[DEBUG  ] dreamplace.ops.weighted_average_wirelength.weighted_average_wirelength - wirelength forward 0.098 ms
[DEBUG  ] dreamplace.ops.electric_potential.electric_potential - density forward 0.934 ms
[DEBUG  ] dreamplace.ops.electric_potential.electric_potential - density backward 0.407 ms
[DEBUG  ] dreamplace.ops.weighted_average_wirelength.weighted_average_wirelength - wirelength backward 0.115 ms
[INFO   ] DREAMPlace - optimizer step 7.801 ms
[INFO   ] DREAMPlace - iteration  513, (  81,  0,  1), Obj 5.692742E+10, NetCrossing 2.076E+01, NetCrossingWeight 1.000000E+01, DensityWeight 1.864031E+07, HPWL 1.503268E+03, Overflow 1.386055E-02, MaxDensity 1.235E+00, MacroOverlap 3.287E-05, MacroOverlapWeight 8.000000E-06, gamma 2.657957E-02, time 2.237ms
[INFO   ] DREAMPlace - full step 10.802 ms
[INFO   ] DREAMPlace - Lsub stopping criteria: 1 and 5.69274e+10 > 5.06197e+10 * 0.999
[DEBUG  ] dreamplace.ops.weighted_average_wirelength.weighted_average_wirelength - wirelength forward 0.099 ms
[DEBUG  ] dreamplace.ops.electric_potential.electric_potential - density forward 0.925 ms
[DEBUG  ] dreamplace.ops.electric_potential.electric_potential - density backward 0.372 ms
[DEBUG  ] dreamplace.ops.weighted_average_wirelength.weighted_average_wirelength - wirelength backward 0.110 ms
[INFO   ] DREAMPlace - optimizer step 6.826 ms
[INFO   ] DREAMPlace - iteration  514, (  81,  1,  0), Obj 5.695524E+10, NetCrossing 1.958E+01, NetCrossingWeight 1.000000E+01, DensityWeight 2.099018E+07, HPWL 1.503336E+03, Overflow 1.386140E-02, MaxDensity 1.235E+00, MacroOverlap 3.287E-05, MacroOverlapWeight 8.000000E-06, gamma 2.657957E-02, time 2.155ms
[INFO   ] DREAMPlace - full step 9.748 ms
[DEBUG  ] dreamplace.ops.weighted_average_wirelength.weighted_average_wirelength - wirelength forward 0.097 ms
[DEBUG  ] dreamplace.ops.electric_potential.electric_potential - density forward 0.896 ms
[DEBUG  ] dreamplace.ops.electric_potential.electric_potential - density backward 0.395 ms
[DEBUG  ] dreamplace.ops.weighted_average_wirelength.weighted_average_wirelength - wirelength backward 0.114 ms
[INFO   ] DREAMPlace - optimizer step 7.254 ms
[INFO   ] DREAMPlace - iteration  515, (  81,  1,  1), Obj 6.405075E+10, NetCrossing 2.077E+01, NetCrossingWeight 1.000000E+01, DensityWeight 2.099018E+07, HPWL 1.503412E+03, Overflow 1.386211E-02, MaxDensity 1.235E+00, MacroOverlap 3.288E-05, MacroOverlapWeight 8.000000E-06, gamma 2.657957E-02, time 2.144ms
[INFO   ] DREAMPlace - full step 10.158 ms
[INFO   ] DREAMPlace - Lsub stopping criteria: 1 and 6.40507e+10 > 5.69552e+10 * 0.999
[INFO   ] DREAMPlace - Llambda stopping criteria: 1 and (( 0.0138621 < 0.1 and 1503.41 > 1503.27 ) or 1.23501 < 1.0)
[DEBUG  ] dreamplace.ops.weighted_average_wirelength.weighted_average_wirelength - wirelength forward 0.100 ms
[DEBUG  ] dreamplace.ops.electric_potential.electric_potential - density forward 1.126 ms
[DEBUG  ] dreamplace.ops.electric_potential.electric_potential - density backward 0.491 ms
[DEBUG  ] dreamplace.ops.weighted_average_wirelength.weighted_average_wirelength - wirelength backward 0.181 ms
[INFO   ] DREAMPlace - optimizer step 9.583 ms
[INFO   ] DREAMPlace - iteration  516, (  82,  0,  0), Obj 6.408242E+10, NetCrossing 2.078E+01, NetCrossingWeight 1.000000E+01, DensityWeight 2.363628E+07, HPWL 1.503494E+03, Overflow 1.386261E-02, MaxDensity 1.235E+00, MacroOverlap 3.288E-05, MacroOverlapWeight 8.000000E-06, gamma 2.658009E-02, time 2.153ms
[INFO   ] DREAMPlace - full step 12.610 ms
[DEBUG  ] dreamplace.ops.weighted_average_wirelength.weighted_average_wirelength - wirelength forward 0.128 ms
[DEBUG  ] dreamplace.ops.electric_potential.electric_potential - density forward 1.146 ms
[DEBUG  ] dreamplace.ops.electric_potential.electric_potential - density backward 0.360 ms
[DEBUG  ] dreamplace.ops.weighted_average_wirelength.weighted_average_wirelength - wirelength backward 0.130 ms
[INFO   ] DREAMPlace - optimizer step 8.274 ms
[INFO   ] DREAMPlace - iteration  517, (  82,  0,  1), Obj 7.206340E+10, NetCrossing 2.077E+01, NetCrossingWeight 1.000000E+01, DensityWeight 2.363628E+07, HPWL 1.503584E+03, Overflow 1.386316E-02, MaxDensity 1.235E+00, MacroOverlap 3.288E-05, MacroOverlapWeight 8.000000E-06, gamma 2.658009E-02, time 2.677ms
[INFO   ] DREAMPlace - full step 11.914 ms
[INFO   ] DREAMPlace - Lsub stopping criteria: 1 and 7.20634e+10 > 6.40824e+10 * 0.999
[DEBUG  ] dreamplace.ops.weighted_average_wirelength.weighted_average_wirelength - wirelength forward 0.131 ms
[DEBUG  ] dreamplace.ops.electric_potential.electric_potential - density forward 1.186 ms
[DEBUG  ] dreamplace.ops.electric_potential.electric_potential - density backward 0.405 ms
[DEBUG  ] dreamplace.ops.weighted_average_wirelength.weighted_average_wirelength - wirelength backward 0.119 ms
[INFO   ] DREAMPlace - optimizer step 9.194 ms
[INFO   ] DREAMPlace - iteration  518, (  82,  1,  0), Obj 7.209602E+10, NetCrossing 2.067E+01, NetCrossingWeight 1.000000E+01, DensityWeight 2.661596E+07, HPWL 1.503681E+03, Overflow 1.386349E-02, MaxDensity 1.235E+00, MacroOverlap 3.288E-05, MacroOverlapWeight 8.000000E-06, gamma 2.658009E-02, time 2.729ms
[INFO   ] DREAMPlace - full step 12.882 ms
[DEBUG  ] dreamplace.ops.weighted_average_wirelength.weighted_average_wirelength - wirelength forward 0.128 ms
[DEBUG  ] dreamplace.ops.electric_potential.electric_potential - density forward 1.134 ms
[DEBUG  ] dreamplace.ops.electric_potential.electric_potential - density backward 0.452 ms
[DEBUG  ] dreamplace.ops.weighted_average_wirelength.weighted_average_wirelength - wirelength backward 0.132 ms
[INFO   ] DREAMPlace - optimizer step 9.745 ms
[INFO   ] DREAMPlace - iteration  519, (  82,  1,  1), Obj 8.107110E+10, NetCrossing 2.077E+01, NetCrossingWeight 1.000000E+01, DensityWeight 2.661596E+07, HPWL 1.503785E+03, Overflow 1.386370E-02, MaxDensity 1.235E+00, MacroOverlap 3.288E-05, MacroOverlapWeight 8.000000E-06, gamma 2.658009E-02, time 2.645ms
[INFO   ] DREAMPlace - full step 13.367 ms
[INFO   ] DREAMPlace - Lsub stopping criteria: 1 and 8.10711e+10 > 7.2096e+10 * 0.999
[INFO   ] DREAMPlace - Llambda stopping criteria: 1 and (( 0.0138637 < 0.1 and 1503.79 > 1503.58 ) or 1.23501 < 1.0)
[DEBUG  ] dreamplace.ops.weighted_average_wirelength.weighted_average_wirelength - wirelength forward 0.129 ms
[DEBUG  ] dreamplace.ops.electric_potential.electric_potential - density forward 1.162 ms
[DEBUG  ] dreamplace.ops.electric_potential.electric_potential - density backward 0.501 ms
[DEBUG  ] dreamplace.ops.weighted_average_wirelength.weighted_average_wirelength - wirelength backward 0.185 ms
[INFO   ] DREAMPlace - optimizer step 9.033 ms
[INFO   ] DREAMPlace - iteration  520, (  83,  0,  0), Obj 8.113761E+10, NetCrossing 2.067E+01, NetCrossingWeight 1.000000E+01, DensityWeight 2.997128E+07, HPWL 1.503894E+03, Overflow 1.386398E-02, MaxDensity 1.235E+00, MacroOverlap 3.287E-05, MacroOverlapWeight 8.000000E-06, gamma 2.658031E-02, time 2.681ms
[INFO   ] DREAMPlace - full step 12.658 ms
[DEBUG  ] dreamplace.ops.weighted_average_wirelength.weighted_average_wirelength - wirelength forward 0.130 ms
[DEBUG  ] dreamplace.ops.electric_potential.electric_potential - density forward 1.176 ms
[DEBUG  ] dreamplace.ops.electric_potential.electric_potential - density backward 0.370 ms
[DEBUG  ] dreamplace.ops.weighted_average_wirelength.weighted_average_wirelength - wirelength backward 0.133 ms
[INFO   ] DREAMPlace - optimizer step 9.274 ms
[INFO   ] DREAMPlace - iteration  521, (  83,  0,  1), Obj 9.126607E+10, NetCrossing 2.075E+01, NetCrossingWeight 1.000000E+01, DensityWeight 2.997128E+07, HPWL 1.504008E+03, Overflow 1.386390E-02, MaxDensity 1.235E+00, MacroOverlap 3.286E-05, MacroOverlapWeight 8.000000E-06, gamma 2.658031E-02, time 2.728ms
[INFO   ] DREAMPlace - full step 12.979 ms
[INFO   ] DREAMPlace - Lsub stopping criteria: 1 and 9.12661e+10 > 8.11376e+10 * 0.999
[DEBUG  ] dreamplace.ops.weighted_average_wirelength.weighted_average_wirelength - wirelength forward 0.124 ms
[DEBUG  ] dreamplace.ops.electric_potential.electric_potential - density forward 1.108 ms
[DEBUG  ] dreamplace.ops.electric_potential.electric_potential - density backward 0.403 ms
[DEBUG  ] dreamplace.ops.weighted_average_wirelength.weighted_average_wirelength - wirelength backward 0.116 ms
[INFO   ] DREAMPlace - optimizer step 8.615 ms
[INFO   ] DREAMPlace - iteration  522, (  83,  1,  0), Obj 9.133717E+10, NetCrossing 2.067E+01, NetCrossingWeight 1.000000E+01, DensityWeight 3.374958E+07, HPWL 1.504126E+03, Overflow 1.386308E-02, MaxDensity 1.235E+00, MacroOverlap 3.284E-05, MacroOverlapWeight 8.000000E-06, gamma 2.658031E-02, time 2.610ms
[INFO   ] DREAMPlace - full step 12.165 ms
[DEBUG  ] dreamplace.ops.weighted_average_wirelength.weighted_average_wirelength - wirelength forward 0.125 ms
[DEBUG  ] dreamplace.ops.electric_potential.electric_potential - density forward 1.104 ms
[DEBUG  ] dreamplace.ops.electric_potential.electric_potential - density backward 0.411 ms
[DEBUG  ] dreamplace.ops.weighted_average_wirelength.weighted_average_wirelength - wirelength backward 0.116 ms
[INFO   ] DREAMPlace - optimizer step 8.784 ms
[INFO   ] DREAMPlace - iteration  523, (  83,  1,  1), Obj 1.027504E+11, NetCrossing 2.077E+01, NetCrossingWeight 1.000000E+01, DensityWeight 3.374958E+07, HPWL 1.504247E+03, Overflow 1.386162E-02, MaxDensity 1.235E+00, MacroOverlap 3.283E-05, MacroOverlapWeight 8.000000E-06, gamma 2.658031E-02, time 2.568ms
[INFO   ] DREAMPlace - full step 12.287 ms
[INFO   ] DREAMPlace - Lsub stopping criteria: 1 and 1.0275e+11 > 9.13372e+10 * 0.999
[INFO   ] DREAMPlace - Llambda stopping criteria: 1 and (( 0.0138616 < 0.1 and 1504.25 > 1504.01 ) or 1.23501 < 1.0)
[DEBUG  ] dreamplace.ops.weighted_average_wirelength.weighted_average_wirelength - wirelength forward 0.125 ms
[DEBUG  ] dreamplace.ops.electric_potential.electric_potential - density forward 1.120 ms
[DEBUG  ] dreamplace.ops.electric_potential.electric_potential - density backward 0.414 ms
[DEBUG  ] dreamplace.ops.weighted_average_wirelength.weighted_average_wirelength - wirelength backward 0.122 ms
[INFO   ] DREAMPlace - optimizer step 8.726 ms
[INFO   ] DREAMPlace - iteration  524, (  84,  0,  0), Obj 1.028189E+11, NetCrossing 2.065E+01, NetCrossingWeight 1.000000E+01, DensityWeight 3.800418E+07, HPWL 1.504369E+03, Overflow 1.385951E-02, MaxDensity 1.235E+00, MacroOverlap 3.281E-05, MacroOverlapWeight 8.000000E-06, gamma 2.658003E-02, time 2.562ms
[INFO   ] DREAMPlace - full step 12.232 ms
[DEBUG  ] dreamplace.ops.weighted_average_wirelength.weighted_average_wirelength - wirelength forward 0.124 ms
[DEBUG  ] dreamplace.ops.electric_potential.electric_potential - density forward 1.084 ms
[DEBUG  ] dreamplace.ops.electric_potential.electric_potential - density backward 0.407 ms
[DEBUG  ] dreamplace.ops.weighted_average_wirelength.weighted_average_wirelength - wirelength backward 0.118 ms
[INFO   ] DREAMPlace - optimizer step 8.565 ms
[INFO   ] DREAMPlace - iteration  525, (  84,  0,  1), Obj 1.156691E+11, NetCrossing 2.077E+01, NetCrossingWeight 1.000000E+01, DensityWeight 3.800418E+07, HPWL 1.504492E+03, Overflow 1.385757E-02, MaxDensity 1.235E+00, MacroOverlap 3.279E-05, MacroOverlapWeight 8.000000E-06, gamma 2.658003E-02, time 2.558ms
[INFO   ] DREAMPlace - full step 12.070 ms
[INFO   ] DREAMPlace - Lsub stopping criteria: 1 and 1.15669e+11 > 1.02819e+11 * 0.999
[DEBUG  ] dreamplace.ops.weighted_average_wirelength.weighted_average_wirelength - wirelength forward 0.125 ms
[DEBUG  ] dreamplace.ops.electric_potential.electric_potential - density forward 1.094 ms
[DEBUG  ] dreamplace.ops.electric_potential.electric_potential - density backward 0.366 ms
[DEBUG  ] dreamplace.ops.weighted_average_wirelength.weighted_average_wirelength - wirelength backward 0.139 ms
[INFO   ] DREAMPlace - optimizer step 7.971 ms
[INFO   ] DREAMPlace - iteration  526, (  84,  1,  0), Obj 1.157355E+11, NetCrossing 2.076E+01, NetCrossingWeight 1.000000E+01, DensityWeight 4.279514E+07, HPWL 1.504613E+03, Overflow 1.385506E-02, MaxDensity 1.235E+00, MacroOverlap 3.277E-05, MacroOverlapWeight 8.000000E-06, gamma 2.658003E-02, time 2.536ms
[INFO   ] DREAMPlace - full step 11.487 ms
[DEBUG  ] dreamplace.ops.weighted_average_wirelength.weighted_average_wirelength - wirelength forward 0.134 ms
[DEBUG  ] dreamplace.ops.electric_potential.electric_potential - density forward 1.108 ms
[DEBUG  ] dreamplace.ops.electric_potential.electric_potential - density backward 0.360 ms
[DEBUG  ] dreamplace.ops.weighted_average_wirelength.weighted_average_wirelength - wirelength backward 0.093 ms
[INFO   ] DREAMPlace - optimizer step 7.785 ms
[INFO   ] DREAMPlace - iteration  527, (  84,  1,  1), Obj 1.302303E+11, NetCrossing 2.075E+01, NetCrossingWeight 1.000000E+01, DensityWeight 4.279514E+07, HPWL 1.504732E+03, Overflow 1.385159E-02, MaxDensity 1.235E+00, MacroOverlap 3.274E-05, MacroOverlapWeight 8.000000E-06, gamma 2.658003E-02, time 2.546ms
[INFO   ] DREAMPlace - full step 11.287 ms
[INFO   ] DREAMPlace - Lsub stopping criteria: 1 and 1.3023e+11 > 1.15735e+11 * 0.999
[INFO   ] DREAMPlace - Llambda stopping criteria: 1 and (( 0.0138516 < 0.1 and 1504.73 > 1504.49 ) or 1.23501 < 1.0)
[DEBUG  ] dreamplace.ops.weighted_average_wirelength.weighted_average_wirelength - wirelength forward 0.127 ms
[DEBUG  ] dreamplace.ops.electric_potential.electric_potential - density forward 1.117 ms
[DEBUG  ] dreamplace.ops.electric_potential.electric_potential - density backward 0.422 ms
[DEBUG  ] dreamplace.ops.weighted_average_wirelength.weighted_average_wirelength - wirelength backward 0.123 ms
[INFO   ] DREAMPlace - optimizer step 8.726 ms
[INFO   ] DREAMPlace - iteration  528, (  85,  0,  0), Obj 1.303010E+11, NetCrossing 2.076E+01, NetCrossingWeight 1.000000E+01, DensityWeight 4.819006E+07, HPWL 1.504846E+03, Overflow 1.385026E-02, MaxDensity 1.235E+00, MacroOverlap 3.272E-05, MacroOverlapWeight 8.000000E-06, gamma 2.657866E-02, time 2.638ms
[INFO   ] DREAMPlace - full step 12.289 ms
[DEBUG  ] dreamplace.ops.weighted_average_wirelength.weighted_average_wirelength - wirelength forward 0.122 ms
[DEBUG  ] dreamplace.ops.electric_potential.electric_potential - density forward 1.107 ms
[DEBUG  ] dreamplace.ops.electric_potential.electric_potential - density backward 0.418 ms
[DEBUG  ] dreamplace.ops.weighted_average_wirelength.weighted_average_wirelength - wirelength backward 0.122 ms
[INFO   ] DREAMPlace - optimizer step 8.674 ms
[INFO   ] DREAMPlace - iteration  529, (  85,  0,  1), Obj 1.466326E+11, NetCrossing 2.063E+01, NetCrossingWeight 1.000000E+01, DensityWeight 4.819006E+07, HPWL 1.504957E+03, Overflow 1.384812E-02, MaxDensity 1.235E+00, MacroOverlap 3.269E-05, MacroOverlapWeight 8.000000E-06, gamma 2.657866E-02, time 2.601ms
[INFO   ] DREAMPlace - full step 12.214 ms
[INFO   ] DREAMPlace - Lsub stopping criteria: 1 and 1.46633e+11 > 1.30301e+11 * 0.999
[DEBUG  ] dreamplace.ops.weighted_average_wirelength.weighted_average_wirelength - wirelength forward 0.127 ms
[DEBUG  ] dreamplace.ops.electric_potential.electric_potential - density forward 1.149 ms
[DEBUG  ] dreamplace.ops.electric_potential.electric_potential - density backward 0.409 ms
[DEBUG  ] dreamplace.ops.weighted_average_wirelength.weighted_average_wirelength - wirelength backward 0.124 ms
[INFO   ] DREAMPlace - optimizer step 8.480 ms
[INFO   ] DREAMPlace - iteration  530, (  85,  1,  0), Obj 1.467119E+11, NetCrossing 2.063E+01, NetCrossingWeight 1.000000E+01, DensityWeight 5.426509E+07, HPWL 1.505060E+03, Overflow 1.384525E-02, MaxDensity 1.235E+00, MacroOverlap 3.266E-05, MacroOverlapWeight 8.000000E-06, gamma 2.657866E-02, time 2.617ms
[INFO   ] DREAMPlace - full step 12.024 ms
[DEBUG  ] dreamplace.ops.weighted_average_wirelength.weighted_average_wirelength - wirelength forward 0.125 ms
[DEBUG  ] dreamplace.ops.electric_potential.electric_potential - density forward 1.133 ms
[DEBUG  ] dreamplace.ops.electric_potential.electric_potential - density backward 0.409 ms
[DEBUG  ] dreamplace.ops.weighted_average_wirelength.weighted_average_wirelength - wirelength backward 0.118 ms
[INFO   ] DREAMPlace - optimizer step 8.671 ms
[INFO   ] DREAMPlace - iteration  531, (  85,  1,  1), Obj 1.651284E+11, NetCrossing 2.062E+01, NetCrossingWeight 1.000000E+01, DensityWeight 5.426509E+07, HPWL 1.505158E+03, Overflow 1.384216E-02, MaxDensity 1.235E+00, MacroOverlap 3.263E-05, MacroOverlapWeight 8.000000E-06, gamma 2.657866E-02, time 2.620ms
[INFO   ] DREAMPlace - full step 12.231 ms
[INFO   ] DREAMPlace - Lsub stopping criteria: 1 and 1.65128e+11 > 1.46712e+11 * 0.999
[INFO   ] DREAMPlace - Llambda stopping criteria: 1 and (( 0.0138422 < 0.1 and 1505.16 > 1504.96 ) or 1.23501 < 1.0)
[DEBUG  ] dreamplace.ops.weighted_average_wirelength.weighted_average_wirelength - wirelength forward 0.123 ms
[DEBUG  ] dreamplace.ops.electric_potential.electric_potential - density forward 1.117 ms
[DEBUG  ] dreamplace.ops.electric_potential.electric_potential - density backward 0.409 ms
[DEBUG  ] dreamplace.ops.weighted_average_wirelength.weighted_average_wirelength - wirelength backward 0.118 ms
[INFO   ] DREAMPlace - optimizer step 8.519 ms
[INFO   ] DREAMPlace - iteration  532, (  86,  0,  0), Obj 1.652083E+11, NetCrossing 2.071E+01, NetCrossingWeight 1.000000E+01, DensityWeight 6.110596E+07, HPWL 1.505247E+03, Overflow 1.383827E-02, MaxDensity 1.235E+00, MacroOverlap 3.261E-05, MacroOverlapWeight 8.000000E-06, gamma 2.657738E-02, time 2.594ms
[INFO   ] DREAMPlace - full step 12.034 ms
[DEBUG  ] dreamplace.ops.weighted_average_wirelength.weighted_average_wirelength - wirelength forward 0.124 ms
[DEBUG  ] dreamplace.ops.electric_potential.electric_potential - density forward 1.105 ms
[DEBUG  ] dreamplace.ops.electric_potential.electric_potential - density backward 0.414 ms
[DEBUG  ] dreamplace.ops.weighted_average_wirelength.weighted_average_wirelength - wirelength backward 0.122 ms
[INFO   ] DREAMPlace - optimizer step 8.645 ms
[INFO   ] DREAMPlace - iteration  533, (  86,  0,  1), Obj 1.859584E+11, NetCrossing 2.071E+01, NetCrossingWeight 1.000000E+01, DensityWeight 6.110596E+07, HPWL 1.505329E+03, Overflow 1.383326E-02, MaxDensity 1.235E+00, MacroOverlap 3.258E-05, MacroOverlapWeight 8.000000E-06, gamma 2.657738E-02, time 2.550ms
[INFO   ] DREAMPlace - full step 12.130 ms
[INFO   ] DREAMPlace - Lsub stopping criteria: 1 and 1.85958e+11 > 1.65208e+11 * 0.999
[DEBUG  ] dreamplace.ops.weighted_average_wirelength.weighted_average_wirelength - wirelength forward 0.129 ms
[DEBUG  ] dreamplace.ops.electric_potential.electric_potential - density forward 1.147 ms
[DEBUG  ] dreamplace.ops.electric_potential.electric_potential - density backward 0.424 ms
[DEBUG  ] dreamplace.ops.weighted_average_wirelength.weighted_average_wirelength - wirelength backward 0.118 ms
[INFO   ] DREAMPlace - optimizer step 8.546 ms
[INFO   ] DREAMPlace - iteration  534, (  86,  1,  0), Obj 1.859850E+11, NetCrossing 2.070E+01, NetCrossingWeight 1.000000E+01, DensityWeight 6.880922E+07, HPWL 1.505400E+03, Overflow 1.382701E-02, MaxDensity 1.235E+00, MacroOverlap 3.256E-05, MacroOverlapWeight 8.000000E-06, gamma 2.657738E-02, time 2.633ms
[INFO   ] DREAMPlace - full step 11.999 ms
[DEBUG  ] dreamplace.ops.weighted_average_wirelength.weighted_average_wirelength - wirelength forward 0.143 ms
[DEBUG  ] dreamplace.ops.electric_potential.electric_potential - density forward 1.304 ms
[DEBUG  ] dreamplace.ops.electric_potential.electric_potential - density backward 0.412 ms
[DEBUG  ] dreamplace.ops.weighted_average_wirelength.weighted_average_wirelength - wirelength backward 0.121 ms
[INFO   ] DREAMPlace - optimizer step 9.153 ms
[INFO   ] DREAMPlace - iteration  535, (  86,  1,  1), Obj 2.093120E+11, NetCrossing 2.068E+01, NetCrossingWeight 1.000000E+01, DensityWeight 6.880922E+07, HPWL 1.505465E+03, Overflow 1.382091E-02, MaxDensity 1.235E+00, MacroOverlap 3.254E-05, MacroOverlapWeight 8.000000E-06, gamma 2.657738E-02, time 2.123ms
[INFO   ] DREAMPlace - full step 12.212 ms
[INFO   ] DREAMPlace - Lsub stopping criteria: 1 and 2.09312e+11 > 1.85985e+11 * 0.999
[INFO   ] DREAMPlace - Llambda stopping criteria: 1 and (( 0.0138209 < 0.1 and 1505.47 > 1505.33 ) or 1.23501 < 1.0)
[DEBUG  ] dreamplace.ops.weighted_average_wirelength.weighted_average_wirelength - wirelength forward 0.097 ms
[DEBUG  ] dreamplace.ops.electric_potential.electric_potential - density forward 0.890 ms
[DEBUG  ] dreamplace.ops.electric_potential.electric_potential - density backward 0.413 ms
[DEBUG  ] dreamplace.ops.weighted_average_wirelength.weighted_average_wirelength - wirelength backward 0.119 ms
[INFO   ] DREAMPlace - optimizer step 8.141 ms
[INFO   ] DREAMPlace - iteration  536, (  87,  0,  0), Obj 2.093371E+11, NetCrossing 2.067E+01, NetCrossingWeight 1.000000E+01, DensityWeight 7.748358E+07, HPWL 1.505519E+03, Overflow 1.381463E-02, MaxDensity 1.235E+00, MacroOverlap 3.254E-05, MacroOverlapWeight 8.000000E-06, gamma 2.657449E-02, time 2.336ms
[INFO   ] DREAMPlace - full step 11.537 ms
[DEBUG  ] dreamplace.ops.weighted_average_wirelength.weighted_average_wirelength - wirelength forward 0.140 ms
[DEBUG  ] dreamplace.ops.electric_potential.electric_potential - density forward 1.339 ms
[DEBUG  ] dreamplace.ops.electric_potential.electric_potential - density backward 0.411 ms
[DEBUG  ] dreamplace.ops.weighted_average_wirelength.weighted_average_wirelength - wirelength backward 0.122 ms
[INFO   ] DREAMPlace - optimizer step 9.003 ms
[INFO   ] DREAMPlace - iteration  537, (  87,  0,  1), Obj 2.356459E+11, NetCrossing 2.062E+01, NetCrossingWeight 1.000000E+01, DensityWeight 7.748358E+07, HPWL 1.505561E+03, Overflow 1.380921E-02, MaxDensity 1.235E+00, MacroOverlap 3.253E-05, MacroOverlapWeight 8.000000E-06, gamma 2.657449E-02, time 2.882ms
[INFO   ] DREAMPlace - full step 12.870 ms
[INFO   ] DREAMPlace - Lsub stopping criteria: 1 and 2.35646e+11 > 2.09337e+11 * 0.999
[DEBUG  ] dreamplace.ops.weighted_average_wirelength.weighted_average_wirelength - wirelength forward 0.144 ms
[DEBUG  ] dreamplace.ops.electric_potential.electric_potential - density forward 1.339 ms
[DEBUG  ] dreamplace.ops.electric_potential.electric_potential - density backward 0.411 ms
[DEBUG  ] dreamplace.ops.weighted_average_wirelength.weighted_average_wirelength - wirelength backward 0.114 ms
[INFO   ] DREAMPlace - optimizer step 9.063 ms
[INFO   ] DREAMPlace - iteration  538, (  87,  1,  0), Obj 2.356440E+11, NetCrossing 2.064E+01, NetCrossingWeight 1.000000E+01, DensityWeight 8.725146E+07, HPWL 1.505588E+03, Overflow 1.380536E-02, MaxDensity 1.235E+00, MacroOverlap 3.254E-05, MacroOverlapWeight 8.000000E-06, gamma 2.657449E-02, time 2.780ms
[INFO   ] DREAMPlace - full step 12.729 ms
[DEBUG  ] dreamplace.ops.weighted_average_wirelength.weighted_average_wirelength - wirelength forward 0.101 ms
[DEBUG  ] dreamplace.ops.electric_potential.electric_potential - density forward 1.332 ms
[DEBUG  ] dreamplace.ops.electric_potential.electric_potential - density backward 0.412 ms
[DEBUG  ] dreamplace.ops.weighted_average_wirelength.weighted_average_wirelength - wirelength backward 0.119 ms
[INFO   ] DREAMPlace - optimizer step 9.231 ms
[INFO   ] DREAMPlace - iteration  539, (  87,  1,  1), Obj 2.652508E+11, NetCrossing 2.060E+01, NetCrossingWeight 1.000000E+01, DensityWeight 8.725146E+07, HPWL 1.505603E+03, Overflow 1.380314E-02, MaxDensity 1.235E+00, MacroOverlap 3.255E-05, MacroOverlapWeight 8.000000E-06, gamma 2.657449E-02, time 2.108ms
[INFO   ] DREAMPlace - full step 12.196 ms
[INFO   ] DREAMPlace - Lsub stopping criteria: 1 and 2.65251e+11 > 2.35644e+11 * 0.999
[INFO   ] DREAMPlace - Llambda stopping criteria: 1 and (( 0.0138031 < 0.1 and 1505.6 > 1505.56 ) or 1.23501 < 1.0)
[DEBUG  ] dreamplace.ops.weighted_average_wirelength.weighted_average_wirelength - wirelength forward 0.097 ms
[DEBUG  ] dreamplace.ops.electric_potential.electric_potential - density forward 0.887 ms
[DEBUG  ] dreamplace.ops.electric_potential.electric_potential - density backward 0.405 ms
[DEBUG  ] dreamplace.ops.weighted_average_wirelength.weighted_average_wirelength - wirelength backward 0.114 ms
[INFO   ] DREAMPlace - optimizer step 7.510 ms
[INFO   ] DREAMPlace - iteration  540, (  88,  0,  0), Obj 2.652624E+11, NetCrossing 2.058E+01, NetCrossingWeight 1.000000E+01, DensityWeight 9.825073E+07, HPWL 1.505605E+03, Overflow 1.380238E-02, MaxDensity 1.235E+00, MacroOverlap 3.257E-05, MacroOverlapWeight 8.000000E-06, gamma 2.657207E-02, time 2.991ms
[INFO   ] DREAMPlace - full step 11.623 ms
[DEBUG  ] dreamplace.ops.weighted_average_wirelength.weighted_average_wirelength - wirelength forward 0.122 ms
[DEBUG  ] dreamplace.ops.electric_potential.electric_potential - density forward 1.269 ms
[DEBUG  ] dreamplace.ops.electric_potential.electric_potential - density backward 0.413 ms
[DEBUG  ] dreamplace.ops.weighted_average_wirelength.weighted_average_wirelength - wirelength backward 0.123 ms
[INFO   ] DREAMPlace - optimizer step 9.265 ms
[INFO   ] DREAMPlace - iteration  541, (  88,  0,  1), Obj 2.986375E+11, NetCrossing 2.056E+01, NetCrossingWeight 1.000000E+01, DensityWeight 9.825073E+07, HPWL 1.505598E+03, Overflow 1.380240E-02, MaxDensity 1.235E+00, MacroOverlap 3.260E-05, MacroOverlapWeight 8.000000E-06, gamma 2.657207E-02, time 3.035ms
[INFO   ] DREAMPlace - full step 13.185 ms
[INFO   ] DREAMPlace - Lsub stopping criteria: 1 and 2.98638e+11 > 2.65262e+11 * 0.999
[DEBUG  ] dreamplace.ops.weighted_average_wirelength.weighted_average_wirelength - wirelength forward 0.138 ms
[DEBUG  ] dreamplace.ops.electric_potential.electric_potential - density forward 1.531 ms
[DEBUG  ] dreamplace.ops.electric_potential.electric_potential - density backward 0.408 ms
[DEBUG  ] dreamplace.ops.weighted_average_wirelength.weighted_average_wirelength - wirelength backward 0.118 ms
[INFO   ] DREAMPlace - optimizer step 9.792 ms
[INFO   ] DREAMPlace - iteration  542, (  88,  1,  0), Obj 2.986817E+11, NetCrossing 2.057E+01, NetCrossingWeight 1.000000E+01, DensityWeight 1.084239E+08, HPWL 1.505579E+03, Overflow 1.380385E-02, MaxDensity 1.235E+00, MacroOverlap 3.264E-05, MacroOverlapWeight 8.000000E-06, gamma 2.657207E-02, time 3.091ms
[INFO   ] DREAMPlace - full step 13.977 ms
[DEBUG  ] dreamplace.ops.weighted_average_wirelength.weighted_average_wirelength - wirelength forward 0.095 ms
[DEBUG  ] dreamplace.ops.electric_potential.electric_potential - density forward 0.893 ms
[DEBUG  ] dreamplace.ops.electric_potential.electric_potential - density backward 0.412 ms
[DEBUG  ] dreamplace.ops.weighted_average_wirelength.weighted_average_wirelength - wirelength backward 0.120 ms
[INFO   ] DREAMPlace - optimizer step 8.684 ms
[INFO   ] DREAMPlace - iteration  543, (  88,  1,  1), Obj 3.294995E+11, NetCrossing 2.056E+01, NetCrossingWeight 1.000000E+01, DensityWeight 1.084239E+08, HPWL 1.505550E+03, Overflow 1.380694E-02, MaxDensity 1.235E+00, MacroOverlap 3.268E-05, MacroOverlapWeight 8.000000E-06, gamma 2.657207E-02, time 2.099ms
[INFO   ] DREAMPlace - full step 11.843 ms
[INFO   ] DREAMPlace - Lsub stopping criteria: 1 and 3.295e+11 > 2.98682e+11 * 0.999
[DEBUG  ] dreamplace.ops.weighted_average_wirelength.weighted_average_wirelength - wirelength forward 0.142 ms
[DEBUG  ] dreamplace.ops.electric_potential.electric_potential - density forward 0.962 ms
[DEBUG  ] dreamplace.ops.electric_potential.electric_potential - density backward 0.406 ms
[DEBUG  ] dreamplace.ops.weighted_average_wirelength.weighted_average_wirelength - wirelength backward 0.119 ms
[INFO   ] DREAMPlace - optimizer step 8.352 ms
[INFO   ] DREAMPlace - iteration  544, (  88,  2,  0), Obj 3.294606E+11, NetCrossing 2.052E+01, NetCrossingWeight 1.000000E+01, DensityWeight 1.196504E+08, HPWL 1.505511E+03, Overflow 1.381186E-02, MaxDensity 1.235E+00, MacroOverlap 3.273E-05, MacroOverlapWeight 8.000000E-06, gamma 2.657207E-02, time 2.948ms
[INFO   ] DREAMPlace - full step 12.321 ms
[DEBUG  ] dreamplace.ops.weighted_average_wirelength.weighted_average_wirelength - wirelength forward 0.146 ms
[DEBUG  ] dreamplace.ops.electric_potential.electric_potential - density forward 1.245 ms
[DEBUG  ] dreamplace.ops.electric_potential.electric_potential - density backward 0.427 ms
[DEBUG  ] dreamplace.ops.weighted_average_wirelength.weighted_average_wirelength - wirelength backward 0.116 ms
[INFO   ] DREAMPlace - optimizer step 8.911 ms
[INFO   ] DREAMPlace - iteration  545, (  88,  2,  1), Obj 3.635920E+11, NetCrossing 2.053E+01, NetCrossingWeight 1.000000E+01, DensityWeight 1.196504E+08, HPWL 1.505463E+03, Overflow 1.381751E-02, MaxDensity 1.235E+00, MacroOverlap 3.278E-05, MacroOverlapWeight 8.000000E-06, gamma 2.657207E-02, time 2.870ms
[INFO   ] DREAMPlace - full step 12.842 ms
[INFO   ] DREAMPlace - Lsub stopping criteria: 1 and 3.63592e+11 > 3.29461e+11 * 0.999
[DEBUG  ] dreamplace.ops.weighted_average_wirelength.weighted_average_wirelength - wirelength forward 0.135 ms
[DEBUG  ] dreamplace.ops.electric_potential.electric_potential - density forward 1.198 ms
[DEBUG  ] dreamplace.ops.electric_potential.electric_potential - density backward 0.538 ms
[DEBUG  ] dreamplace.ops.weighted_average_wirelength.weighted_average_wirelength - wirelength backward 0.206 ms
[INFO   ] DREAMPlace - optimizer step 10.466 ms
[INFO   ] DREAMPlace - iteration  546, (  88,  3,  0), Obj 3.635605E+11, NetCrossing 2.052E+01, NetCrossingWeight 1.000000E+01, DensityWeight 1.320393E+08, HPWL 1.505406E+03, Overflow 1.382435E-02, MaxDensity 1.235E+00, MacroOverlap 3.284E-05, MacroOverlapWeight 8.000000E-06, gamma 2.657207E-02, time 2.758ms
[INFO   ] DREAMPlace - full step 14.201 ms
[DEBUG  ] dreamplace.ops.weighted_average_wirelength.weighted_average_wirelength - wirelength forward 0.129 ms
[DEBUG  ] dreamplace.ops.electric_potential.electric_potential - density forward 1.138 ms
[DEBUG  ] dreamplace.ops.electric_potential.electric_potential - density backward 0.440 ms
[DEBUG  ] dreamplace.ops.weighted_average_wirelength.weighted_average_wirelength - wirelength backward 0.117 ms
[INFO   ] DREAMPlace - optimizer step 9.120 ms
[INFO   ] DREAMPlace - iteration  547, (  88,  3,  1), Obj 4.011773E+11, NetCrossing 2.051E+01, NetCrossingWeight 1.000000E+01, DensityWeight 1.320393E+08, HPWL 1.505342E+03, Overflow 1.383155E-02, MaxDensity 1.235E+00, MacroOverlap 3.289E-05, MacroOverlapWeight 8.000000E-06, gamma 2.657207E-02, time 2.689ms
[INFO   ] DREAMPlace - full step 12.780 ms
[INFO   ] DREAMPlace - Lsub stopping criteria: 1 and 4.01177e+11 > 3.6356e+11 * 0.999
[DEBUG  ] dreamplace.ops.weighted_average_wirelength.weighted_average_wirelength - wirelength forward 0.124 ms
[DEBUG  ] dreamplace.ops.electric_potential.electric_potential - density forward 1.116 ms
[DEBUG  ] dreamplace.ops.electric_potential.electric_potential - density backward 0.418 ms
[DEBUG  ] dreamplace.ops.weighted_average_wirelength.weighted_average_wirelength - wirelength backward 0.118 ms
[INFO   ] DREAMPlace - optimizer step 8.585 ms
[INFO   ] DREAMPlace - iteration  548, (  88,  4,  0), Obj 4.010750E+11, NetCrossing 2.047E+01, NetCrossingWeight 1.000000E+01, DensityWeight 1.457110E+08, HPWL 1.505269E+03, Overflow 1.383937E-02, MaxDensity 1.235E+00, MacroOverlap 3.295E-05, MacroOverlapWeight 8.000000E-06, gamma 2.657207E-02, time 2.639ms
[INFO   ] DREAMPlace - full step 12.166 ms
[DEBUG  ] dreamplace.ops.weighted_average_wirelength.weighted_average_wirelength - wirelength forward 0.134 ms
[DEBUG  ] dreamplace.ops.electric_potential.electric_potential - density forward 1.173 ms
[DEBUG  ] dreamplace.ops.electric_potential.electric_potential - density backward 0.434 ms
[DEBUG  ] dreamplace.ops.weighted_average_wirelength.weighted_average_wirelength - wirelength backward 0.123 ms
[INFO   ] DREAMPlace - optimizer step 8.969 ms
[INFO   ] DREAMPlace - iteration  549, (  88,  4,  1), Obj 4.426828E+11, NetCrossing 2.046E+01, NetCrossingWeight 1.000000E+01, DensityWeight 1.457110E+08, HPWL 1.505190E+03, Overflow 1.384713E-02, MaxDensity 1.235E+00, MacroOverlap 3.300E-05, MacroOverlapWeight 8.000000E-06, gamma 2.657207E-02, time 2.664ms
[INFO   ] DREAMPlace - full step 12.634 ms
[INFO   ] DREAMPlace - Lsub stopping criteria: 1 and 4.42683e+11 > 4.01075e+11 * 0.999
[DEBUG  ] dreamplace.ops.weighted_average_wirelength.weighted_average_wirelength - wirelength forward 0.131 ms
[DEBUG  ] dreamplace.ops.electric_potential.electric_potential - density forward 1.166 ms
[DEBUG  ] dreamplace.ops.electric_potential.electric_potential - density backward 0.434 ms
[DEBUG  ] dreamplace.ops.weighted_average_wirelength.weighted_average_wirelength - wirelength backward 0.120 ms
[INFO   ] DREAMPlace - optimizer step 11.562 ms
[INFO   ] DREAMPlace - iteration  550, (  88,  5,  0), Obj 4.425296E+11, NetCrossing 2.049E+01, NetCrossingWeight 1.000000E+01, DensityWeight 1.607983E+08, HPWL 1.505105E+03, Overflow 1.385522E-02, MaxDensity 1.235E+00, MacroOverlap 3.305E-05, MacroOverlapWeight 8.000000E-06, gamma 2.657207E-02, time 2.684ms
[INFO   ] DREAMPlace - full step 15.203 ms
[DEBUG  ] dreamplace.ops.weighted_average_wirelength.weighted_average_wirelength - wirelength forward 0.132 ms
[DEBUG  ] dreamplace.ops.electric_potential.electric_potential - density forward 1.179 ms
[DEBUG  ] dreamplace.ops.electric_potential.electric_potential - density backward 0.430 ms
[DEBUG  ] dreamplace.ops.weighted_average_wirelength.weighted_average_wirelength - wirelength backward 0.122 ms
[INFO   ] DREAMPlace - optimizer step 12.375 ms
[INFO   ] DREAMPlace - iteration  551, (  88,  5,  1), Obj 4.884104E+11, NetCrossing 2.048E+01, NetCrossingWeight 1.000000E+01, DensityWeight 1.607983E+08, HPWL 1.505017E+03, Overflow 1.386303E-02, MaxDensity 1.235E+00, MacroOverlap 3.310E-05, MacroOverlapWeight 8.000000E-06, gamma 2.657207E-02, time 2.576ms
[INFO   ] DREAMPlace - full step 15.938 ms
[INFO   ] DREAMPlace - Lsub stopping criteria: 1 and 4.8841e+11 > 4.4253e+11 * 0.999
[DEBUG  ] dreamplace.ops.weighted_average_wirelength.weighted_average_wirelength - wirelength forward 0.128 ms
[DEBUG  ] dreamplace.ops.electric_potential.electric_potential - density forward 1.136 ms
[DEBUG  ] dreamplace.ops.electric_potential.electric_potential - density backward 0.421 ms
[DEBUG  ] dreamplace.ops.weighted_average_wirelength.weighted_average_wirelength - wirelength backward 0.122 ms
[INFO   ] DREAMPlace - optimizer step 8.796 ms
[INFO   ] DREAMPlace - iteration  552, (  88,  6,  0), Obj 4.881824E+11, NetCrossing 2.046E+01, NetCrossingWeight 1.000000E+01, DensityWeight 1.774478E+08, HPWL 1.504927E+03, Overflow 1.387065E-02, MaxDensity 1.235E+00, MacroOverlap 3.313E-05, MacroOverlapWeight 8.000000E-06, gamma 2.657207E-02, time 2.681ms
[INFO   ] DREAMPlace - full step 12.433 ms
[DEBUG  ] dreamplace.ops.weighted_average_wirelength.weighted_average_wirelength - wirelength forward 0.140 ms
[DEBUG  ] dreamplace.ops.electric_potential.electric_potential - density forward 1.154 ms
[DEBUG  ] dreamplace.ops.electric_potential.electric_potential - density backward 0.425 ms
[DEBUG  ] dreamplace.ops.weighted_average_wirelength.weighted_average_wirelength - wirelength backward 0.128 ms
[INFO   ] DREAMPlace - optimizer step 11.492 ms
[INFO   ] DREAMPlace - iteration  553, (  88,  6,  1), Obj 5.388024E+11, NetCrossing 2.044E+01, NetCrossingWeight 1.000000E+01, DensityWeight 1.774478E+08, HPWL 1.504835E+03, Overflow 1.387742E-02, MaxDensity 1.235E+00, MacroOverlap 3.316E-05, MacroOverlapWeight 8.000000E-06, gamma 2.657207E-02, time 2.675ms
[INFO   ] DREAMPlace - full step 15.171 ms
[INFO   ] DREAMPlace - Lsub stopping criteria: 1 and 5.38802e+11 > 4.88182e+11 * 0.999
[DEBUG  ] dreamplace.ops.weighted_average_wirelength.weighted_average_wirelength - wirelength forward 0.139 ms
[DEBUG  ] dreamplace.ops.electric_potential.electric_potential - density forward 1.176 ms
[DEBUG  ] dreamplace.ops.electric_potential.electric_potential - density backward 0.431 ms
[DEBUG  ] dreamplace.ops.weighted_average_wirelength.weighted_average_wirelength - wirelength backward 0.126 ms
[INFO   ] DREAMPlace - optimizer step 12.797 ms
[INFO   ] DREAMPlace - iteration  554, (  88,  7,  0), Obj 5.386881E+11, NetCrossing 2.043E+01, NetCrossingWeight 1.000000E+01, DensityWeight 1.958212E+08, HPWL 1.504742E+03, Overflow 1.388432E-02, MaxDensity 1.235E+00, MacroOverlap 3.319E-05, MacroOverlapWeight 8.000000E-06, gamma 2.657207E-02, time 2.713ms
[INFO   ] DREAMPlace - full step 16.548 ms
[DEBUG  ] dreamplace.ops.weighted_average_wirelength.weighted_average_wirelength - wirelength forward 0.149 ms
[DEBUG  ] dreamplace.ops.electric_potential.electric_potential - density forward 1.533 ms
[DEBUG  ] dreamplace.ops.electric_potential.electric_potential - density backward 0.434 ms
[DEBUG  ] dreamplace.ops.weighted_average_wirelength.weighted_average_wirelength - wirelength backward 0.120 ms
[INFO   ] DREAMPlace - optimizer step 9.708 ms
[INFO   ] DREAMPlace - iteration  555, (  88,  7,  1), Obj 5.946868E+11, NetCrossing 2.045E+01, NetCrossingWeight 1.000000E+01, DensityWeight 1.958212E+08, HPWL 1.504649E+03, Overflow 1.389037E-02, MaxDensity 1.235E+00, MacroOverlap 3.320E-05, MacroOverlapWeight 8.000000E-06, gamma 2.657207E-02, time 2.797ms
[INFO   ] DREAMPlace - full step 13.610 ms
[INFO   ] DREAMPlace - Lsub stopping criteria: 1 and 5.94687e+11 > 5.38688e+11 * 0.999
[DEBUG  ] dreamplace.ops.weighted_average_wirelength.weighted_average_wirelength - wirelength forward 0.151 ms
[DEBUG  ] dreamplace.ops.electric_potential.electric_potential - density forward 1.248 ms
[DEBUG  ] dreamplace.ops.electric_potential.electric_potential - density backward 0.446 ms
[DEBUG  ] dreamplace.ops.weighted_average_wirelength.weighted_average_wirelength - wirelength backward 0.136 ms
[INFO   ] DREAMPlace - optimizer step 9.488 ms
[INFO   ] DREAMPlace - iteration  556, (  88,  8,  0), Obj 5.945731E+11, NetCrossing 2.042E+01, NetCrossingWeight 1.000000E+01, DensityWeight 2.160971E+08, HPWL 1.504556E+03, Overflow 1.389559E-02, MaxDensity 1.235E+00, MacroOverlap 3.321E-05, MacroOverlapWeight 8.000000E-06, gamma 2.657207E-02, time 2.546ms
[INFO   ] DREAMPlace - full step 12.982 ms
[DEBUG  ] dreamplace.ops.weighted_average_wirelength.weighted_average_wirelength - wirelength forward 0.130 ms
[DEBUG  ] dreamplace.ops.electric_potential.electric_potential - density forward 1.139 ms
[DEBUG  ] dreamplace.ops.electric_potential.electric_potential - density backward 0.421 ms
[DEBUG  ] dreamplace.ops.weighted_average_wirelength.weighted_average_wirelength - wirelength backward 0.120 ms
[INFO   ] DREAMPlace - optimizer step 11.070 ms
[INFO   ] DREAMPlace - iteration  557, (  88,  8,  1), Obj 6.564482E+11, NetCrossing 2.046E+01, NetCrossingWeight 1.000000E+01, DensityWeight 2.160971E+08, HPWL 1.504463E+03, Overflow 1.389965E-02, MaxDensity 1.235E+00, MacroOverlap 3.322E-05, MacroOverlapWeight 8.000000E-06, gamma 2.657207E-02, time 2.600ms
[INFO   ] DREAMPlace - full step 14.617 ms
[INFO   ] DREAMPlace - Lsub stopping criteria: 1 and 6.56448e+11 > 5.94573e+11 * 0.999
[DEBUG  ] dreamplace.ops.weighted_average_wirelength.weighted_average_wirelength - wirelength forward 0.126 ms
[DEBUG  ] dreamplace.ops.electric_potential.electric_potential - density forward 1.101 ms
[DEBUG  ] dreamplace.ops.electric_potential.electric_potential - density backward 0.417 ms
[DEBUG  ] dreamplace.ops.weighted_average_wirelength.weighted_average_wirelength - wirelength backward 0.119 ms
[INFO   ] DREAMPlace - optimizer step 8.564 ms
[INFO   ] DREAMPlace - iteration  558, (  88,  9,  0), Obj 6.562493E+11, NetCrossing 2.044E+01, NetCrossingWeight 1.000000E+01, DensityWeight 2.384723E+08, HPWL 1.504371E+03, Overflow 1.390323E-02, MaxDensity 1.235E+00, MacroOverlap 3.321E-05, MacroOverlapWeight 8.000000E-06, gamma 2.657207E-02, time 2.568ms
[INFO   ] DREAMPlace - full step 12.056 ms
[DEBUG  ] dreamplace.ops.weighted_average_wirelength.weighted_average_wirelength - wirelength forward 0.129 ms
[DEBUG  ] dreamplace.ops.electric_potential.electric_potential - density forward 1.148 ms
[DEBUG  ] dreamplace.ops.electric_potential.electric_potential - density backward 0.423 ms
[DEBUG  ] dreamplace.ops.weighted_average_wirelength.weighted_average_wirelength - wirelength backward 0.119 ms
[INFO   ] DREAMPlace - optimizer step 8.639 ms
[INFO   ] DREAMPlace - iteration  559, (  88,  9,  1), Obj 7.245626E+11, NetCrossing 2.045E+01, NetCrossingWeight 1.000000E+01, DensityWeight 2.384723E+08, HPWL 1.504279E+03, Overflow 1.390580E-02, MaxDensity 1.235E+00, MacroOverlap 3.320E-05, MacroOverlapWeight 8.000000E-06, gamma 2.657207E-02, time 2.617ms
[INFO   ] DREAMPlace - full step 12.200 ms
[INFO   ] DREAMPlace - Lsub stopping criteria: 1 and 7.24563e+11 > 6.56249e+11 * 0.999
[DEBUG  ] dreamplace.ops.weighted_average_wirelength.weighted_average_wirelength - wirelength forward 0.129 ms
[DEBUG  ] dreamplace.ops.electric_potential.electric_potential - density forward 1.138 ms
[DEBUG  ] dreamplace.ops.electric_potential.electric_potential - density backward 0.428 ms
[DEBUG  ] dreamplace.ops.weighted_average_wirelength.weighted_average_wirelength - wirelength backward 0.119 ms
[INFO   ] DREAMPlace - optimizer step 8.674 ms
[INFO   ] DREAMPlace - iteration  560, (  89,  0,  0), Obj 7.242762E+11, NetCrossing 2.044E+01, NetCrossingWeight 1.000000E+01, DensityWeight 2.631644E+08, HPWL 1.504192E+03, Overflow 1.390774E-02, MaxDensity 1.235E+00, MacroOverlap 3.319E-05, MacroOverlapWeight 8.000000E-06, gamma 2.658604E-02, time 2.584ms
[INFO   ] DREAMPlace - full step 12.229 ms
[DEBUG  ] dreamplace.ops.weighted_average_wirelength.weighted_average_wirelength - wirelength forward 0.126 ms
[DEBUG  ] dreamplace.ops.electric_potential.electric_potential - density forward 1.096 ms
[DEBUG  ] dreamplace.ops.electric_potential.electric_potential - density backward 0.427 ms
[DEBUG  ] dreamplace.ops.weighted_average_wirelength.weighted_average_wirelength - wirelength backward 0.122 ms
[INFO   ] DREAMPlace - optimizer step 9.131 ms
[INFO   ] DREAMPlace - iteration  561, (  89,  0,  1), Obj 7.995589E+11, NetCrossing 2.043E+01, NetCrossingWeight 1.000000E+01, DensityWeight 2.631644E+08, HPWL 1.504106E+03, Overflow 1.390719E-02, MaxDensity 1.235E+00, MacroOverlap 3.317E-05, MacroOverlapWeight 8.000000E-06, gamma 2.658604E-02, time 2.551ms
[INFO   ] DREAMPlace - full step 12.641 ms
[INFO   ] DREAMPlace - Lsub stopping criteria: 1 and 7.99559e+11 > 7.24276e+11 * 0.999
[DEBUG  ] dreamplace.ops.weighted_average_wirelength.weighted_average_wirelength - wirelength forward 0.129 ms
[DEBUG  ] dreamplace.ops.electric_potential.electric_potential - density forward 1.163 ms
[DEBUG  ] dreamplace.ops.electric_potential.electric_potential - density backward 0.443 ms
[DEBUG  ] dreamplace.ops.weighted_average_wirelength.weighted_average_wirelength - wirelength backward 0.124 ms
[INFO   ] DREAMPlace - optimizer step 8.909 ms
[INFO   ] DREAMPlace - iteration  562, (  89,  1,  0), Obj 7.990664E+11, NetCrossing 2.042E+01, NetCrossingWeight 1.000000E+01, DensityWeight 2.904132E+08, HPWL 1.504022E+03, Overflow 1.390578E-02, MaxDensity 1.235E+00, MacroOverlap 3.314E-05, MacroOverlapWeight 8.000000E-06, gamma 2.658604E-02, time 2.628ms
[INFO   ] DREAMPlace - full step 12.491 ms
[DEBUG  ] dreamplace.ops.weighted_average_wirelength.weighted_average_wirelength - wirelength forward 0.127 ms
[DEBUG  ] dreamplace.ops.electric_potential.electric_potential - density forward 1.162 ms
[DEBUG  ] dreamplace.ops.electric_potential.electric_potential - density backward 0.435 ms
[DEBUG  ] dreamplace.ops.weighted_average_wirelength.weighted_average_wirelength - wirelength backward 0.127 ms
[INFO   ] DREAMPlace - optimizer step 8.901 ms
[INFO   ] DREAMPlace - iteration  563, (  89,  1,  1), Obj 8.820220E+11, NetCrossing 2.035E+01, NetCrossingWeight 1.000000E+01, DensityWeight 2.904132E+08, HPWL 1.503939E+03, Overflow 1.390243E-02, MaxDensity 1.235E+00, MacroOverlap 3.312E-05, MacroOverlapWeight 8.000000E-06, gamma 2.658604E-02, time 2.678ms
[INFO   ] DREAMPlace - full step 12.541 ms
[INFO   ] DREAMPlace - Lsub stopping criteria: 1 and 8.82022e+11 > 7.99066e+11 * 0.999
[DEBUG  ] dreamplace.ops.weighted_average_wirelength.weighted_average_wirelength - wirelength forward 0.125 ms
[DEBUG  ] dreamplace.ops.electric_potential.electric_potential - density forward 1.116 ms
[DEBUG  ] dreamplace.ops.electric_potential.electric_potential - density backward 0.423 ms
[DEBUG  ] dreamplace.ops.weighted_average_wirelength.weighted_average_wirelength - wirelength backward 0.120 ms
[INFO   ] DREAMPlace - optimizer step 9.442 ms
[INFO   ] DREAMPlace - iteration  564, (  89,  2,  0), Obj 8.814161E+11, NetCrossing 2.045E+01, NetCrossingWeight 1.000000E+01, DensityWeight 3.204833E+08, HPWL 1.503860E+03, Overflow 1.389787E-02, MaxDensity 1.235E+00, MacroOverlap 3.308E-05, MacroOverlapWeight 8.000000E-06, gamma 2.658604E-02, time 2.558ms
[INFO   ] DREAMPlace - full step 13.012 ms
[DEBUG  ] dreamplace.ops.weighted_average_wirelength.weighted_average_wirelength - wirelength forward 0.132 ms
[DEBUG  ] dreamplace.ops.electric_potential.electric_potential - density forward 1.199 ms
[DEBUG  ] dreamplace.ops.electric_potential.electric_potential - density backward 0.423 ms
[DEBUG  ] dreamplace.ops.weighted_average_wirelength.weighted_average_wirelength - wirelength backward 0.118 ms
[INFO   ] DREAMPlace - optimizer step 8.906 ms
[INFO   ] DREAMPlace - iteration  565, (  89,  2,  1), Obj 9.727940E+11, NetCrossing 2.046E+01, NetCrossingWeight 1.000000E+01, DensityWeight 3.204833E+08, HPWL 1.503781E+03, Overflow 1.389198E-02, MaxDensity 1.235E+00, MacroOverlap 3.305E-05, MacroOverlapWeight 8.000000E-06, gamma 2.658604E-02, time 2.709ms
[INFO   ] DREAMPlace - full step 12.617 ms
[INFO   ] DREAMPlace - Lsub stopping criteria: 1 and 9.72794e+11 > 8.81416e+11 * 0.999
[DEBUG  ] dreamplace.ops.weighted_average_wirelength.weighted_average_wirelength - wirelength forward 0.097 ms
[DEBUG  ] dreamplace.ops.electric_potential.electric_potential - density forward 0.962 ms
[DEBUG  ] dreamplace.ops.electric_potential.electric_potential - density backward 0.424 ms
[DEBUG  ] dreamplace.ops.weighted_average_wirelength.weighted_average_wirelength - wirelength backward 0.120 ms
[INFO   ] DREAMPlace - optimizer step 8.801 ms
[INFO   ] DREAMPlace - iteration  566, (  89,  3,  0), Obj 9.721894E+11, NetCrossing 2.046E+01, NetCrossingWeight 1.000000E+01, DensityWeight 3.536670E+08, HPWL 1.503706E+03, Overflow 1.388548E-02, MaxDensity 1.235E+00, MacroOverlap 3.302E-05, MacroOverlapWeight 8.000000E-06, gamma 2.658604E-02, time 2.613ms
[INFO   ] DREAMPlace - full step 12.429 ms
[DEBUG  ] dreamplace.ops.weighted_average_wirelength.weighted_average_wirelength - wirelength forward 0.115 ms
[DEBUG  ] dreamplace.ops.electric_potential.electric_potential - density forward 0.913 ms
[DEBUG  ] dreamplace.ops.electric_potential.electric_potential - density backward 0.370 ms
[DEBUG  ] dreamplace.ops.weighted_average_wirelength.weighted_average_wirelength - wirelength backward 0.094 ms
[INFO   ] DREAMPlace - optimizer step 7.560 ms
[INFO   ] DREAMPlace - iteration  567, (  89,  3,  1), Obj 1.073118E+12, NetCrossing 2.044E+01, NetCrossingWeight 1.000000E+01, DensityWeight 3.536670E+08, HPWL 1.503632E+03, Overflow 1.387806E-02, MaxDensity 1.235E+00, MacroOverlap 3.298E-05, MacroOverlapWeight 8.000000E-06, gamma 2.658604E-02, time 2.120ms
[INFO   ] DREAMPlace - full step 10.537 ms
[INFO   ] DREAMPlace - Lsub stopping criteria: 1 and 1.07312e+12 > 9.72189e+11 * 0.999
[DEBUG  ] dreamplace.ops.weighted_average_wirelength.weighted_average_wirelength - wirelength forward 0.145 ms
[DEBUG  ] dreamplace.ops.electric_potential.electric_potential - density forward 1.272 ms
[DEBUG  ] dreamplace.ops.electric_potential.electric_potential - density backward 0.418 ms
[DEBUG  ] dreamplace.ops.weighted_average_wirelength.weighted_average_wirelength - wirelength backward 0.113 ms
[INFO   ] DREAMPlace - optimizer step 8.990 ms
[INFO   ] DREAMPlace - iteration  568, (  89,  4,  0), Obj 1.072534E+12, NetCrossing 2.045E+01, NetCrossingWeight 1.000000E+01, DensityWeight 3.902866E+08, HPWL 1.503561E+03, Overflow 1.387076E-02, MaxDensity 1.235E+00, MacroOverlap 3.294E-05, MacroOverlapWeight 8.000000E-06, gamma 2.658604E-02, time 2.340ms
[INFO   ] DREAMPlace - full step 12.239 ms
[DEBUG  ] dreamplace.ops.weighted_average_wirelength.weighted_average_wirelength - wirelength forward 0.126 ms
[DEBUG  ] dreamplace.ops.electric_potential.electric_potential - density forward 1.167 ms
[DEBUG  ] dreamplace.ops.electric_potential.electric_potential - density backward 0.422 ms
[DEBUG  ] dreamplace.ops.weighted_average_wirelength.weighted_average_wirelength - wirelength backward 0.122 ms
[INFO   ] DREAMPlace - optimizer step 8.857 ms
[INFO   ] DREAMPlace - iteration  569, (  89,  4,  1), Obj 1.183731E+12, NetCrossing 2.046E+01, NetCrossingWeight 1.000000E+01, DensityWeight 3.902866E+08, HPWL 1.503493E+03, Overflow 1.386291E-02, MaxDensity 1.235E+00, MacroOverlap 3.290E-05, MacroOverlapWeight 8.000000E-06, gamma 2.658604E-02, time 2.648ms
[INFO   ] DREAMPlace - full step 12.543 ms
[INFO   ] DREAMPlace - Lsub stopping criteria: 1 and 1.18373e+12 > 1.07253e+12 * 0.999
[DEBUG  ] dreamplace.ops.weighted_average_wirelength.weighted_average_wirelength - wirelength forward 0.138 ms
[DEBUG  ] dreamplace.ops.electric_potential.electric_potential - density forward 1.126 ms
[DEBUG  ] dreamplace.ops.electric_potential.electric_potential - density backward 0.436 ms
[DEBUG  ] dreamplace.ops.weighted_average_wirelength.weighted_average_wirelength - wirelength backward 0.120 ms
[INFO   ] DREAMPlace - optimizer step 11.373 ms
[INFO   ] DREAMPlace - iteration  570, (  89,  5,  0), Obj 1.182826E+12, NetCrossing 2.046E+01, NetCrossingWeight 1.000000E+01, DensityWeight 4.306980E+08, HPWL 1.503430E+03, Overflow 1.385602E-02, MaxDensity 1.235E+00, MacroOverlap 3.285E-05, MacroOverlapWeight 8.000000E-06, gamma 2.658604E-02, time 2.594ms
[INFO   ] DREAMPlace - full step 14.928 ms
[DEBUG  ] dreamplace.ops.weighted_average_wirelength.weighted_average_wirelength - wirelength forward 0.132 ms
[DEBUG  ] dreamplace.ops.electric_potential.electric_potential - density forward 1.170 ms
[DEBUG  ] dreamplace.ops.electric_potential.electric_potential - density backward 0.422 ms
[DEBUG  ] dreamplace.ops.weighted_average_wirelength.weighted_average_wirelength - wirelength backward 0.124 ms
[INFO   ] DREAMPlace - optimizer step 8.950 ms
[INFO   ] DREAMPlace - iteration  571, (  89,  5,  1), Obj 1.304982E+12, NetCrossing 2.044E+01, NetCrossingWeight 1.000000E+01, DensityWeight 4.306980E+08, HPWL 1.503370E+03, Overflow 1.384752E-02, MaxDensity 1.235E+00, MacroOverlap 3.281E-05, MacroOverlapWeight 8.000000E-06, gamma 2.658604E-02, time 2.680ms
[INFO   ] DREAMPlace - full step 12.616 ms
[INFO   ] DREAMPlace - Lsub stopping criteria: 1 and 1.30498e+12 > 1.18283e+12 * 0.999
[DEBUG  ] dreamplace.ops.weighted_average_wirelength.weighted_average_wirelength - wirelength forward 0.130 ms
[DEBUG  ] dreamplace.ops.electric_potential.electric_potential - density forward 1.141 ms
[DEBUG  ] dreamplace.ops.electric_potential.electric_potential - density backward 0.419 ms
[DEBUG  ] dreamplace.ops.weighted_average_wirelength.weighted_average_wirelength - wirelength backward 0.122 ms
[INFO   ] DREAMPlace - optimizer step 8.881 ms
[INFO   ] DREAMPlace - iteration  572, (  89,  6,  0), Obj 1.304259E+12, NetCrossing 2.046E+01, NetCrossingWeight 1.000000E+01, DensityWeight 4.752936E+08, HPWL 1.503315E+03, Overflow 1.384027E-02, MaxDensity 1.235E+00, MacroOverlap 3.276E-05, MacroOverlapWeight 8.000000E-06, gamma 2.658604E-02, time 2.636ms
[INFO   ] DREAMPlace - full step 12.485 ms
[DEBUG  ] dreamplace.ops.weighted_average_wirelength.weighted_average_wirelength - wirelength forward 0.126 ms
[DEBUG  ] dreamplace.ops.electric_potential.electric_potential - density forward 1.132 ms
[DEBUG  ] dreamplace.ops.electric_potential.electric_potential - density backward 0.413 ms
[DEBUG  ] dreamplace.ops.weighted_average_wirelength.weighted_average_wirelength - wirelength backward 0.117 ms
[INFO   ] DREAMPlace - optimizer step 8.717 ms
[INFO   ] DREAMPlace - iteration  573, (  89,  6,  1), Obj 1.439260E+12, NetCrossing 2.046E+01, NetCrossingWeight 1.000000E+01, DensityWeight 4.752936E+08, HPWL 1.503262E+03, Overflow 1.383192E-02, MaxDensity 1.235E+00, MacroOverlap 3.272E-05, MacroOverlapWeight 8.000000E-06, gamma 2.658604E-02, time 2.641ms
[INFO   ] DREAMPlace - full step 12.310 ms
[INFO   ] DREAMPlace - Lsub stopping criteria: 1 and 1.43926e+12 > 1.30426e+12 * 0.999
[DEBUG  ] dreamplace.ops.weighted_average_wirelength.weighted_average_wirelength - wirelength forward 0.132 ms
[DEBUG  ] dreamplace.ops.electric_potential.electric_potential - density forward 1.201 ms
[DEBUG  ] dreamplace.ops.electric_potential.electric_potential - density backward 0.407 ms
[DEBUG  ] dreamplace.ops.weighted_average_wirelength.weighted_average_wirelength - wirelength backward 0.116 ms
[INFO   ] DREAMPlace - optimizer step 8.719 ms
[INFO   ] DREAMPlace - iteration  574, (  89,  7,  0), Obj 1.438388E+12, NetCrossing 2.046E+01, NetCrossingWeight 1.000000E+01, DensityWeight 5.245068E+08, HPWL 1.503213E+03, Overflow 1.382420E-02, MaxDensity 1.235E+00, MacroOverlap 3.267E-05, MacroOverlapWeight 8.000000E-06, gamma 2.658604E-02, time 2.679ms
[INFO   ] DREAMPlace - full step 12.339 ms
[DEBUG  ] dreamplace.ops.weighted_average_wirelength.weighted_average_wirelength - wirelength forward 0.126 ms
[DEBUG  ] dreamplace.ops.electric_potential.electric_potential - density forward 1.152 ms
[DEBUG  ] dreamplace.ops.electric_potential.electric_potential - density backward 0.405 ms
[DEBUG  ] dreamplace.ops.weighted_average_wirelength.weighted_average_wirelength - wirelength backward 0.120 ms
[INFO   ] DREAMPlace - optimizer step 8.578 ms
[INFO   ] DREAMPlace - iteration  575, (  89,  7,  1), Obj 1.586891E+12, NetCrossing 2.046E+01, NetCrossingWeight 1.000000E+01, DensityWeight 5.245068E+08, HPWL 1.503166E+03, Overflow 1.381649E-02, MaxDensity 1.235E+00, MacroOverlap 3.264E-05, MacroOverlapWeight 8.000000E-06, gamma 2.658604E-02, time 2.630ms
[INFO   ] DREAMPlace - full step 12.161 ms
[INFO   ] DREAMPlace - Lsub stopping criteria: 1 and 1.58689e+12 > 1.43839e+12 * 0.999
[DEBUG  ] dreamplace.ops.weighted_average_wirelength.weighted_average_wirelength - wirelength forward 0.128 ms
[DEBUG  ] dreamplace.ops.electric_potential.electric_potential - density forward 1.116 ms
[DEBUG  ] dreamplace.ops.electric_potential.electric_potential - density backward 0.402 ms
[DEBUG  ] dreamplace.ops.weighted_average_wirelength.weighted_average_wirelength - wirelength backward 0.115 ms
[INFO   ] DREAMPlace - optimizer step 8.559 ms
[INFO   ] DREAMPlace - iteration  576, (  89,  8,  0), Obj 1.586454E+12, NetCrossing 2.043E+01, NetCrossingWeight 1.000000E+01, DensityWeight 5.788156E+08, HPWL 1.503123E+03, Overflow 1.380975E-02, MaxDensity 1.235E+00, MacroOverlap 3.260E-05, MacroOverlapWeight 8.000000E-06, gamma 2.658604E-02, time 2.626ms
[INFO   ] DREAMPlace - full step 12.140 ms
[DEBUG  ] dreamplace.ops.weighted_average_wirelength.weighted_average_wirelength - wirelength forward 0.137 ms
[DEBUG  ] dreamplace.ops.electric_potential.electric_potential - density forward 1.175 ms
[DEBUG  ] dreamplace.ops.electric_potential.electric_potential - density backward 0.423 ms
[DEBUG  ] dreamplace.ops.weighted_average_wirelength.weighted_average_wirelength - wirelength backward 0.117 ms
[INFO   ] DREAMPlace - optimizer step 8.878 ms
[INFO   ] DREAMPlace - iteration  577, (  89,  8,  1), Obj 1.750993E+12, NetCrossing 2.045E+01, NetCrossingWeight 1.000000E+01, DensityWeight 5.788156E+08, HPWL 1.503081E+03, Overflow 1.380257E-02, MaxDensity 1.235E+00, MacroOverlap 3.256E-05, MacroOverlapWeight 8.000000E-06, gamma 2.658604E-02, time 2.673ms
[INFO   ] DREAMPlace - full step 12.515 ms
[INFO   ] DREAMPlace - Lsub stopping criteria: 1 and 1.75099e+12 > 1.58645e+12 * 0.999
[DEBUG  ] dreamplace.ops.weighted_average_wirelength.weighted_average_wirelength - wirelength forward 0.129 ms
[DEBUG  ] dreamplace.ops.electric_potential.electric_potential - density forward 1.142 ms
[DEBUG  ] dreamplace.ops.electric_potential.electric_potential - density backward 0.425 ms
[DEBUG  ] dreamplace.ops.weighted_average_wirelength.weighted_average_wirelength - wirelength backward 0.115 ms
[INFO   ] DREAMPlace - optimizer step 8.641 ms
[INFO   ] DREAMPlace - iteration  578, (  89,  9,  0), Obj 1.751066E+12, NetCrossing 2.045E+01, NetCrossingWeight 1.000000E+01, DensityWeight 6.387477E+08, HPWL 1.503059E+03, Overflow 1.379623E-02, MaxDensity 1.235E+00, MacroOverlap 3.252E-05, MacroOverlapWeight 8.000000E-06, gamma 2.658604E-02, time 2.639ms
[INFO   ] DREAMPlace - full step 12.222 ms
[DEBUG  ] dreamplace.ops.weighted_average_wirelength.weighted_average_wirelength - wirelength forward 0.133 ms
[DEBUG  ] dreamplace.ops.electric_potential.electric_potential - density forward 1.158 ms
[DEBUG  ] dreamplace.ops.electric_potential.electric_potential - density backward 0.408 ms
[DEBUG  ] dreamplace.ops.weighted_average_wirelength.weighted_average_wirelength - wirelength backward 0.118 ms
[INFO   ] DREAMPlace - optimizer step 8.712 ms
[INFO   ] DREAMPlace - iteration  579, (  89,  9,  1), Obj 1.933082E+12, NetCrossing 2.046E+01, NetCrossingWeight 1.000000E+01, DensityWeight 6.387477E+08, HPWL 1.503066E+03, Overflow 1.379004E-02, MaxDensity 1.235E+00, MacroOverlap 3.249E-05, MacroOverlapWeight 8.000000E-06, gamma 2.658604E-02, time 2.716ms
[INFO   ] DREAMPlace - full step 12.391 ms
[INFO   ] DREAMPlace - Lsub stopping criteria: 1 and 1.93308e+12 > 1.75107e+12 * 0.999
[DEBUG  ] dreamplace.ops.weighted_average_wirelength.weighted_average_wirelength - wirelength forward 0.145 ms
[DEBUG  ] dreamplace.ops.electric_potential.electric_potential - density forward 1.129 ms
[DEBUG  ] dreamplace.ops.electric_potential.electric_potential - density backward 0.406 ms
[DEBUG  ] dreamplace.ops.weighted_average_wirelength.weighted_average_wirelength - wirelength backward 0.114 ms
[INFO   ] DREAMPlace - optimizer step 8.533 ms
[INFO   ] DREAMPlace - iteration  580, (  90,  0,  0), Obj 1.933325E+12, NetCrossing 2.044E+01, NetCrossingWeight 1.000000E+01, DensityWeight 7.048854E+08, HPWL 1.503078E+03, Overflow 1.378554E-02, MaxDensity 1.235E+00, MacroOverlap 3.245E-05, MacroOverlapWeight 8.000000E-06, gamma 2.657030E-02, time 2.743ms
[INFO   ] DREAMPlace - full step 12.235 ms
[DEBUG  ] dreamplace.ops.weighted_average_wirelength.weighted_average_wirelength - wirelength forward 0.129 ms
[DEBUG  ] dreamplace.ops.electric_potential.electric_potential - density forward 1.144 ms
[DEBUG  ] dreamplace.ops.electric_potential.electric_potential - density backward 0.413 ms
[DEBUG  ] dreamplace.ops.weighted_average_wirelength.weighted_average_wirelength - wirelength backward 0.114 ms
[INFO   ] DREAMPlace - optimizer step 8.847 ms
[INFO   ] DREAMPlace - iteration  581, (  90,  0,  1), Obj 2.134097E+12, NetCrossing 2.047E+01, NetCrossingWeight 1.000000E+01, DensityWeight 7.048854E+08, HPWL 1.503088E+03, Overflow 1.378183E-02, MaxDensity 1.235E+00, MacroOverlap 3.242E-05, MacroOverlapWeight 8.000000E-06, gamma 2.657030E-02, time 2.644ms
[INFO   ] DREAMPlace - full step 12.444 ms
[INFO   ] DREAMPlace - Lsub stopping criteria: 1 and 2.1341e+12 > 1.93333e+12 * 0.999
[DEBUG  ] dreamplace.ops.weighted_average_wirelength.weighted_average_wirelength - wirelength forward 0.124 ms
[DEBUG  ] dreamplace.ops.electric_potential.electric_potential - density forward 1.129 ms
[DEBUG  ] dreamplace.ops.electric_potential.electric_potential - density backward 0.525 ms
[DEBUG  ] dreamplace.ops.weighted_average_wirelength.weighted_average_wirelength - wirelength backward 0.117 ms
[INFO   ] DREAMPlace - optimizer step 13.301 ms
[INFO   ] DREAMPlace - iteration  582, (  90,  1,  0), Obj 2.133235E+12, NetCrossing 2.043E+01, NetCrossingWeight 1.000000E+01, DensityWeight 7.937460E+08, HPWL 1.503100E+03, Overflow 1.377961E-02, MaxDensity 1.235E+00, MacroOverlap 3.238E-05, MacroOverlapWeight 8.000000E-06, gamma 2.657030E-02, time 2.598ms
[INFO   ] DREAMPlace - full step 16.834 ms
[DEBUG  ] dreamplace.ops.weighted_average_wirelength.weighted_average_wirelength - wirelength forward 0.127 ms
[DEBUG  ] dreamplace.ops.electric_potential.electric_potential - density forward 1.154 ms
[DEBUG  ] dreamplace.ops.electric_potential.electric_potential - density backward 0.428 ms
[DEBUG  ] dreamplace.ops.weighted_average_wirelength.weighted_average_wirelength - wirelength backward 0.112 ms
[INFO   ] DREAMPlace - optimizer step 8.832 ms
[INFO   ] DREAMPlace - iteration  583, (  90,  1,  1), Obj 2.403126E+12, NetCrossing 2.047E+01, NetCrossingWeight 1.000000E+01, DensityWeight 7.937460E+08, HPWL 1.503110E+03, Overflow 1.377718E-02, MaxDensity 1.235E+00, MacroOverlap 3.235E-05, MacroOverlapWeight 8.000000E-06, gamma 2.657030E-02, time 2.604ms
[INFO   ] DREAMPlace - full step 12.298 ms
[INFO   ] DREAMPlace - Lsub stopping criteria: 1 and 2.40313e+12 > 2.13324e+12 * 0.999
[INFO   ] DREAMPlace - Llambda stopping criteria: 1 and (( 0.0137772 < 0.1 and 1503.11 > 1503.09 ) or 1.23501 < 1.0)
[DEBUG  ] dreamplace.ops.weighted_average_wirelength.weighted_average_wirelength - wirelength forward 0.165 ms
[DEBUG  ] dreamplace.ops.electric_potential.electric_potential - density forward 1.383 ms
[DEBUG  ] dreamplace.ops.electric_potential.electric_potential - density backward 0.361 ms
[DEBUG  ] dreamplace.ops.weighted_average_wirelength.weighted_average_wirelength - wirelength backward 0.092 ms
[INFO   ] DREAMPlace - optimizer step 8.533 ms
[INFO   ] DREAMPlace - iteration  584, (  91,  0,  0), Obj 2.402998E+12, NetCrossing 2.045E+01, NetCrossingWeight 1.000000E+01, DensityWeight 8.938087E+08, HPWL 1.503122E+03, Overflow 1.377552E-02, MaxDensity 1.235E+00, MacroOverlap 3.231E-05, MacroOverlapWeight 8.000000E-06, gamma 2.656855E-02, time 3.085ms
[INFO   ] DREAMPlace - full step 12.594 ms
[DEBUG  ] dreamplace.ops.weighted_average_wirelength.weighted_average_wirelength - wirelength forward 0.155 ms
[DEBUG  ] dreamplace.ops.electric_potential.electric_potential - density forward 1.008 ms
[DEBUG  ] dreamplace.ops.electric_potential.electric_potential - density backward 0.421 ms
[DEBUG  ] dreamplace.ops.weighted_average_wirelength.weighted_average_wirelength - wirelength backward 0.117 ms
[INFO   ] DREAMPlace - optimizer step 9.317 ms
[INFO   ] DREAMPlace - iteration  585, (  91,  0,  1), Obj 2.706621E+12, NetCrossing 2.048E+01, NetCrossingWeight 1.000000E+01, DensityWeight 8.938087E+08, HPWL 1.503131E+03, Overflow 1.377384E-02, MaxDensity 1.235E+00, MacroOverlap 3.228E-05, MacroOverlapWeight 8.000000E-06, gamma 2.656855E-02, time 2.665ms
[INFO   ] DREAMPlace - full step 13.061 ms
[INFO   ] DREAMPlace - Lsub stopping criteria: 1 and 2.70662e+12 > 2.403e+12 * 0.999
[DEBUG  ] dreamplace.ops.weighted_average_wirelength.weighted_average_wirelength - wirelength forward 0.136 ms
[DEBUG  ] dreamplace.ops.electric_potential.electric_potential - density forward 0.978 ms
[DEBUG  ] dreamplace.ops.electric_potential.electric_potential - density backward 0.444 ms
[DEBUG  ] dreamplace.ops.weighted_average_wirelength.weighted_average_wirelength - wirelength backward 0.129 ms
[INFO   ] DREAMPlace - optimizer step 8.613 ms
[INFO   ] DREAMPlace - iteration  586, (  91,  1,  0), Obj 2.705574E+12, NetCrossing 2.045E+01, NetCrossingWeight 1.000000E+01, DensityWeight 1.006486E+09, HPWL 1.503140E+03, Overflow 1.377297E-02, MaxDensity 1.235E+00, MacroOverlap 3.225E-05, MacroOverlapWeight 8.000000E-06, gamma 2.656855E-02, time 2.694ms
[INFO   ] DREAMPlace - full step 12.271 ms
[DEBUG  ] dreamplace.ops.weighted_average_wirelength.weighted_average_wirelength - wirelength forward 0.125 ms
[DEBUG  ] dreamplace.ops.electric_potential.electric_potential - density forward 1.157 ms
[DEBUG  ] dreamplace.ops.electric_potential.electric_potential - density backward 0.407 ms
[DEBUG  ] dreamplace.ops.weighted_average_wirelength.weighted_average_wirelength - wirelength backward 0.108 ms
[INFO   ] DREAMPlace - optimizer step 8.617 ms
[INFO   ] DREAMPlace - iteration  587, (  91,  1,  1), Obj 3.047525E+12, NetCrossing 2.048E+01, NetCrossingWeight 1.000000E+01, DensityWeight 1.006486E+09, HPWL 1.503147E+03, Overflow 1.377222E-02, MaxDensity 1.235E+00, MacroOverlap 3.223E-05, MacroOverlapWeight 8.000000E-06, gamma 2.656855E-02, time 2.591ms
[INFO   ] DREAMPlace - full step 12.203 ms
[INFO   ] DREAMPlace - Lsub stopping criteria: 1 and 3.04752e+12 > 2.70557e+12 * 0.999
[INFO   ] DREAMPlace - Llambda stopping criteria: 1 and (( 0.0137722 < 0.1 and 1503.15 > 1503.13 ) or 1.23501 < 1.0)
[DEBUG  ] dreamplace.ops.weighted_average_wirelength.weighted_average_wirelength - wirelength forward 0.125 ms
[DEBUG  ] dreamplace.ops.electric_potential.electric_potential - density forward 1.165 ms
[DEBUG  ] dreamplace.ops.electric_potential.electric_potential - density backward 0.356 ms
[DEBUG  ] dreamplace.ops.weighted_average_wirelength.weighted_average_wirelength - wirelength backward 0.087 ms
[INFO   ] DREAMPlace - optimizer step 7.927 ms
[INFO   ] DREAMPlace - iteration  588, (  92,  0,  0), Obj 3.046103E+12, NetCrossing 2.046E+01, NetCrossingWeight 1.000000E+01, DensityWeight 1.133367E+09, HPWL 1.503154E+03, Overflow 1.377102E-02, MaxDensity 1.235E+00, MacroOverlap 3.221E-05, MacroOverlapWeight 8.000000E-06, gamma 2.656787E-02, time 2.652ms
[INFO   ] DREAMPlace - full step 11.565 ms
[DEBUG  ] dreamplace.ops.weighted_average_wirelength.weighted_average_wirelength - wirelength forward 0.134 ms
[DEBUG  ] dreamplace.ops.electric_potential.electric_potential - density forward 1.178 ms
[DEBUG  ] dreamplace.ops.electric_potential.electric_potential - density backward 0.524 ms
[DEBUG  ] dreamplace.ops.weighted_average_wirelength.weighted_average_wirelength - wirelength backward 0.156 ms
[INFO   ] DREAMPlace - optimizer step 10.065 ms
[INFO   ] DREAMPlace - iteration  589, (  92,  0,  1), Obj 3.431518E+12, NetCrossing 2.048E+01, NetCrossingWeight 1.000000E+01, DensityWeight 1.133367E+09, HPWL 1.503154E+03, Overflow 1.376970E-02, MaxDensity 1.235E+00, MacroOverlap 3.220E-05, MacroOverlapWeight 8.000000E-06, gamma 2.656787E-02, time 2.667ms
[INFO   ] DREAMPlace - full step 13.742 ms
[INFO   ] DREAMPlace - Lsub stopping criteria: 1 and 3.43152e+12 > 3.0461e+12 * 0.999
[DEBUG  ] dreamplace.ops.weighted_average_wirelength.weighted_average_wirelength - wirelength forward 0.134 ms
[DEBUG  ] dreamplace.ops.electric_potential.electric_potential - density forward 1.159 ms
[DEBUG  ] dreamplace.ops.electric_potential.electric_potential - density backward 0.364 ms
[DEBUG  ] dreamplace.ops.weighted_average_wirelength.weighted_average_wirelength - wirelength backward 0.090 ms
[INFO   ] DREAMPlace - optimizer step 8.059 ms
[INFO   ] DREAMPlace - iteration  590, (  92,  1,  0), Obj 3.429167E+12, NetCrossing 2.048E+01, NetCrossingWeight 1.000000E+01, DensityWeight 1.276244E+09, HPWL 1.503153E+03, Overflow 1.377010E-02, MaxDensity 1.235E+00, MacroOverlap 3.220E-05, MacroOverlapWeight 8.000000E-06, gamma 2.656787E-02, time 2.671ms
[INFO   ] DREAMPlace - full step 11.677 ms
[DEBUG  ] dreamplace.ops.weighted_average_wirelength.weighted_average_wirelength - wirelength forward 0.128 ms
[DEBUG  ] dreamplace.ops.electric_potential.electric_potential - density forward 1.181 ms
[DEBUG  ] dreamplace.ops.electric_potential.electric_potential - density backward 0.417 ms
[DEBUG  ] dreamplace.ops.weighted_average_wirelength.weighted_average_wirelength - wirelength backward 0.114 ms
[INFO   ] DREAMPlace - optimizer step 8.665 ms
[INFO   ] DREAMPlace - iteration  591, (  92,  1,  1), Obj 3.861415E+12, NetCrossing 2.048E+01, NetCrossingWeight 1.000000E+01, DensityWeight 1.276244E+09, HPWL 1.503148E+03, Overflow 1.377279E-02, MaxDensity 1.235E+00, MacroOverlap 3.219E-05, MacroOverlapWeight 8.000000E-06, gamma 2.656787E-02, time 2.630ms
[INFO   ] DREAMPlace - full step 12.255 ms
[INFO   ] DREAMPlace - Lsub stopping criteria: 1 and 3.86142e+12 > 3.42917e+12 * 0.999
[DEBUG  ] dreamplace.ops.weighted_average_wirelength.weighted_average_wirelength - wirelength forward 0.132 ms
[DEBUG  ] dreamplace.ops.electric_potential.electric_potential - density forward 1.148 ms
[DEBUG  ] dreamplace.ops.electric_potential.electric_potential - density backward 0.491 ms
[DEBUG  ] dreamplace.ops.weighted_average_wirelength.weighted_average_wirelength - wirelength backward 0.169 ms
[INFO   ] DREAMPlace - optimizer step 10.124 ms
[INFO   ] DREAMPlace - iteration  592, (  92,  2,  0), Obj 3.858326E+12, NetCrossing 2.048E+01, NetCrossingWeight 1.000000E+01, DensityWeight 1.408390E+09, HPWL 1.503143E+03, Overflow 1.377790E-02, MaxDensity 1.235E+00, MacroOverlap 3.218E-05, MacroOverlapWeight 8.000000E-06, gamma 2.656787E-02, time 2.698ms
[INFO   ] DREAMPlace - full step 13.769 ms
[DEBUG  ] dreamplace.ops.weighted_average_wirelength.weighted_average_wirelength - wirelength forward 0.126 ms
[DEBUG  ] dreamplace.ops.electric_potential.electric_potential - density forward 1.159 ms
[DEBUG  ] dreamplace.ops.electric_potential.electric_potential - density backward 0.362 ms
[DEBUG  ] dreamplace.ops.weighted_average_wirelength.weighted_average_wirelength - wirelength backward 0.092 ms
[INFO   ] DREAMPlace - optimizer step 10.167 ms
[INFO   ] DREAMPlace - iteration  593, (  92,  2,  1), Obj 4.258655E+12, NetCrossing 2.045E+01, NetCrossingWeight 1.000000E+01, DensityWeight 1.408390E+09, HPWL 1.503136E+03, Overflow 1.378362E-02, MaxDensity 1.235E+00, MacroOverlap 3.217E-05, MacroOverlapWeight 8.000000E-06, gamma 2.656787E-02, time 2.663ms
[INFO   ] DREAMPlace - full step 13.852 ms
[INFO   ] DREAMPlace - Lsub stopping criteria: 1 and 4.25865e+12 > 3.85833e+12 * 0.999
[DEBUG  ] dreamplace.ops.weighted_average_wirelength.weighted_average_wirelength - wirelength forward 0.130 ms
[DEBUG  ] dreamplace.ops.electric_potential.electric_potential - density forward 1.150 ms
[DEBUG  ] dreamplace.ops.electric_potential.electric_potential - density backward 0.375 ms
[DEBUG  ] dreamplace.ops.weighted_average_wirelength.weighted_average_wirelength - wirelength backward 0.133 ms
[INFO   ] DREAMPlace - optimizer step 8.259 ms
[INFO   ] DREAMPlace - iteration  594, (  92,  3,  0), Obj 4.255986E+12, NetCrossing 2.047E+01, NetCrossingWeight 1.000000E+01, DensityWeight 1.554218E+09, HPWL 1.503132E+03, Overflow 1.378972E-02, MaxDensity 1.235E+00, MacroOverlap 3.215E-05, MacroOverlapWeight 8.000000E-06, gamma 2.656787E-02, time 2.668ms
[INFO   ] DREAMPlace - full step 11.896 ms
[DEBUG  ] dreamplace.ops.weighted_average_wirelength.weighted_average_wirelength - wirelength forward 0.127 ms
[DEBUG  ] dreamplace.ops.electric_potential.electric_potential - density forward 1.112 ms
[DEBUG  ] dreamplace.ops.electric_potential.electric_potential - density backward 0.502 ms
[DEBUG  ] dreamplace.ops.weighted_average_wirelength.weighted_average_wirelength - wirelength backward 0.127 ms
[INFO   ] DREAMPlace - optimizer step 9.796 ms
[INFO   ] DREAMPlace - iteration  595, (  92,  3,  1), Obj 4.700019E+12, NetCrossing 2.046E+01, NetCrossingWeight 1.000000E+01, DensityWeight 1.554218E+09, HPWL 1.503127E+03, Overflow 1.379479E-02, MaxDensity 1.235E+00, MacroOverlap 3.213E-05, MacroOverlapWeight 8.000000E-06, gamma 2.656787E-02, time 2.632ms
[INFO   ] DREAMPlace - full step 13.296 ms
[INFO   ] DREAMPlace - Lsub stopping criteria: 1 and 4.70002e+12 > 4.25599e+12 * 0.999
[DEBUG  ] dreamplace.ops.weighted_average_wirelength.weighted_average_wirelength - wirelength forward 0.099 ms
[DEBUG  ] dreamplace.ops.electric_potential.electric_potential - density forward 0.898 ms
[DEBUG  ] dreamplace.ops.electric_potential.electric_potential - density backward 0.424 ms
[DEBUG  ] dreamplace.ops.weighted_average_wirelength.weighted_average_wirelength - wirelength backward 0.131 ms
[INFO   ] DREAMPlace - optimizer step 7.733 ms
[INFO   ] DREAMPlace - iteration  596, (  92,  4,  0), Obj 4.697257E+12, NetCrossing 2.047E+01, NetCrossingWeight 1.000000E+01, DensityWeight 1.715146E+09, HPWL 1.503125E+03, Overflow 1.379847E-02, MaxDensity 1.235E+00, MacroOverlap 3.210E-05, MacroOverlapWeight 8.000000E-06, gamma 2.656787E-02, time 2.120ms
[INFO   ] DREAMPlace - full step 10.658 ms
[DEBUG  ] dreamplace.ops.weighted_average_wirelength.weighted_average_wirelength - wirelength forward 0.098 ms
[DEBUG  ] dreamplace.ops.electric_potential.electric_potential - density forward 0.911 ms
[DEBUG  ] dreamplace.ops.electric_potential.electric_potential - density backward 0.358 ms
[DEBUG  ] dreamplace.ops.weighted_average_wirelength.weighted_average_wirelength - wirelength backward 0.091 ms
[INFO   ] DREAMPlace - optimizer step 6.711 ms
[INFO   ] DREAMPlace - iteration  597, (  92,  4,  1), Obj 5.185045E+12, NetCrossing 2.047E+01, NetCrossingWeight 1.000000E+01, DensityWeight 1.715146E+09, HPWL 1.503124E+03, Overflow 1.380000E-02, MaxDensity 1.235E+00, MacroOverlap 3.208E-05, MacroOverlapWeight 8.000000E-06, gamma 2.656787E-02, time 2.347ms
[INFO   ] DREAMPlace - full step 9.818 ms
[INFO   ] DREAMPlace - Lsub stopping criteria: 1 and 5.18504e+12 > 4.69726e+12 * 0.999
[DEBUG  ] dreamplace.ops.weighted_average_wirelength.weighted_average_wirelength - wirelength forward 0.098 ms
[DEBUG  ] dreamplace.ops.electric_potential.electric_potential - density forward 0.898 ms
[DEBUG  ] dreamplace.ops.electric_potential.electric_potential - density backward 0.472 ms
[DEBUG  ] dreamplace.ops.weighted_average_wirelength.weighted_average_wirelength - wirelength backward 0.141 ms
[INFO   ] DREAMPlace - optimizer step 8.649 ms
[INFO   ] DREAMPlace - iteration  598, (  92,  5,  0), Obj 5.182433E+12, NetCrossing 2.045E+01, NetCrossingWeight 1.000000E+01, DensityWeight 1.892737E+09, HPWL 1.503125E+03, Overflow 1.380041E-02, MaxDensity 1.235E+00, MacroOverlap 3.208E-05, MacroOverlapWeight 8.000000E-06, gamma 2.656787E-02, time 2.112ms
[INFO   ] DREAMPlace - full step 11.730 ms
[DEBUG  ] dreamplace.ops.weighted_average_wirelength.weighted_average_wirelength - wirelength forward 0.118 ms
[DEBUG  ] dreamplace.ops.electric_potential.electric_potential - density forward 1.059 ms
[DEBUG  ] dreamplace.ops.electric_potential.electric_potential - density backward 0.399 ms
[DEBUG  ] dreamplace.ops.weighted_average_wirelength.weighted_average_wirelength - wirelength backward 0.125 ms
[INFO   ] DREAMPlace - optimizer step 8.124 ms
[INFO   ] DREAMPlace - iteration  599, (  92,  5,  1), Obj 5.719400E+12, NetCrossing 2.047E+01, NetCrossingWeight 1.000000E+01, DensityWeight 1.892737E+09, HPWL 1.503124E+03, Overflow 1.380004E-02, MaxDensity 1.235E+00, MacroOverlap 3.210E-05, MacroOverlapWeight 8.000000E-06, gamma 2.656787E-02, time 2.531ms
[INFO   ] DREAMPlace - full step 11.493 ms
[INFO   ] DREAMPlace - Lsub stopping criteria: 1 and 5.7194e+12 > 5.18243e+12 * 0.999
[DEBUG  ] dreamplace.ops.weighted_average_wirelength.weighted_average_wirelength - wirelength forward 0.100 ms
[DEBUG  ] dreamplace.ops.weighted_average_wirelength.weighted_average_wirelength - wirelength backward 0.123 ms
[DEBUG  ] dreamplace.ops.weighted_average_wirelength.weighted_average_wirelength - wirelength forward 0.089 ms
[DEBUG  ] dreamplace.ops.weighted_average_wirelength.weighted_average_wirelength - wirelength backward 0.114 ms
[DEBUG  ] dreamplace.ops.weighted_average_wirelength.weighted_average_wirelength - wirelength forward 0.138 ms
[DEBUG  ] dreamplace.ops.weighted_average_wirelength.weighted_average_wirelength - wirelength backward 0.091 ms
[DEBUG  ] dreamplace.ops.weighted_average_wirelength.weighted_average_wirelength - wirelength forward 0.120 ms
[DEBUG  ] dreamplace.ops.weighted_average_wirelength.weighted_average_wirelength - wirelength backward 0.146 ms
[DEBUG  ] dreamplace.ops.weighted_average_wirelength.weighted_average_wirelength - wirelength forward 0.124 ms
[DEBUG  ] dreamplace.ops.weighted_average_wirelength.weighted_average_wirelength - wirelength backward 0.129 ms
[DEBUG  ] dreamplace.ops.weighted_average_wirelength.weighted_average_wirelength - wirelength forward 0.124 ms
[DEBUG  ] dreamplace.ops.weighted_average_wirelength.weighted_average_wirelength - wirelength backward 0.088 ms
[DEBUG  ] dreamplace.ops.weighted_average_wirelength.weighted_average_wirelength - wirelength forward 0.122 ms
[DEBUG  ] dreamplace.ops.weighted_average_wirelength.weighted_average_wirelength - wirelength backward 0.090 ms
[DEBUG  ] dreamplace.ops.weighted_average_wirelength.weighted_average_wirelength - wirelength forward 0.108 ms
[DEBUG  ] dreamplace.ops.weighted_average_wirelength.weighted_average_wirelength - wirelength backward 0.089 ms
[INFO   ] DREAMPlace - update best theta
[DEBUG  ] dreamplace.ops.weighted_average_wirelength.weighted_average_wirelength - wirelength forward 0.108 ms
[DEBUG  ] dreamplace.ops.weighted_average_wirelength.weighted_average_wirelength - wirelength backward 0.141 ms
[DEBUG  ] dreamplace.ops.weighted_average_wirelength.weighted_average_wirelength - wirelength forward 0.108 ms
[DEBUG  ] dreamplace.ops.weighted_average_wirelength.weighted_average_wirelength - wirelength backward 0.144 ms
[DEBUG  ] dreamplace.ops.weighted_average_wirelength.weighted_average_wirelength - wirelength forward 0.112 ms
[DEBUG  ] dreamplace.ops.weighted_average_wirelength.weighted_average_wirelength - wirelength backward 0.094 ms
[INFO   ] DREAMPlace - update best theta
[DEBUG  ] dreamplace.ops.weighted_average_wirelength.weighted_average_wirelength - wirelength forward 0.107 ms
[DEBUG  ] dreamplace.ops.weighted_average_wirelength.weighted_average_wirelength - wirelength backward 0.092 ms
[DEBUG  ] dreamplace.ops.weighted_average_wirelength.weighted_average_wirelength - wirelength forward 0.132 ms
[DEBUG  ] dreamplace.ops.weighted_average_wirelength.weighted_average_wirelength - wirelength backward 0.091 ms
[DEBUG  ] dreamplace.ops.weighted_average_wirelength.weighted_average_wirelength - wirelength forward 0.123 ms
[DEBUG  ] dreamplace.ops.weighted_average_wirelength.weighted_average_wirelength - wirelength backward 0.091 ms
[DEBUG  ] dreamplace.ops.weighted_average_wirelength.weighted_average_wirelength - wirelength forward 0.124 ms
[DEBUG  ] dreamplace.ops.weighted_average_wirelength.weighted_average_wirelength - wirelength backward 0.182 ms
[DEBUG  ] dreamplace.ops.weighted_average_wirelength.weighted_average_wirelength - wirelength forward 0.120 ms
[DEBUG  ] dreamplace.ops.weighted_average_wirelength.weighted_average_wirelength - wirelength backward 0.191 ms
[DEBUG  ] dreamplace.ops.weighted_average_wirelength.weighted_average_wirelength - wirelength forward 0.118 ms
[DEBUG  ] dreamplace.ops.weighted_average_wirelength.weighted_average_wirelength - wirelength backward 0.180 ms
[DEBUG  ] dreamplace.ops.weighted_average_wirelength.weighted_average_wirelength - wirelength forward 0.117 ms
[DEBUG  ] dreamplace.ops.weighted_average_wirelength.weighted_average_wirelength - wirelength backward 0.120 ms
[DEBUG  ] dreamplace.ops.weighted_average_wirelength.weighted_average_wirelength - wirelength forward 0.119 ms
[DEBUG  ] dreamplace.ops.weighted_average_wirelength.weighted_average_wirelength - wirelength backward 0.106 ms
[DEBUG  ] dreamplace.ops.weighted_average_wirelength.weighted_average_wirelength - wirelength forward 0.127 ms
[DEBUG  ] dreamplace.ops.weighted_average_wirelength.weighted_average_wirelength - wirelength backward 0.166 ms
[DEBUG  ] dreamplace.ops.weighted_average_wirelength.weighted_average_wirelength - wirelength forward 0.123 ms
[DEBUG  ] dreamplace.ops.weighted_average_wirelength.weighted_average_wirelength - wirelength backward 0.151 ms
[DEBUG  ] dreamplace.ops.weighted_average_wirelength.weighted_average_wirelength - wirelength forward 0.124 ms
[DEBUG  ] dreamplace.ops.weighted_average_wirelength.weighted_average_wirelength - wirelength backward 0.109 ms
[DEBUG  ] dreamplace.ops.weighted_average_wirelength.weighted_average_wirelength - wirelength forward 0.123 ms
[DEBUG  ] dreamplace.ops.weighted_average_wirelength.weighted_average_wirelength - wirelength backward 0.110 ms
[DEBUG  ] dreamplace.ops.weighted_average_wirelength.weighted_average_wirelength - wirelength forward 0.124 ms
[DEBUG  ] dreamplace.ops.weighted_average_wirelength.weighted_average_wirelength - wirelength backward 0.147 ms
[DEBUG  ] dreamplace.ops.weighted_average_wirelength.weighted_average_wirelength - wirelength forward 0.125 ms
[DEBUG  ] dreamplace.ops.weighted_average_wirelength.weighted_average_wirelength - wirelength backward 0.145 ms
[DEBUG  ] dreamplace.ops.weighted_average_wirelength.weighted_average_wirelength - wirelength forward 0.124 ms
[DEBUG  ] dreamplace.ops.weighted_average_wirelength.weighted_average_wirelength - wirelength backward 0.163 ms
[DEBUG  ] dreamplace.ops.weighted_average_wirelength.weighted_average_wirelength - wirelength forward 0.124 ms
[DEBUG  ] dreamplace.ops.weighted_average_wirelength.weighted_average_wirelength - wirelength backward 0.115 ms
[DEBUG  ] dreamplace.ops.weighted_average_wirelength.weighted_average_wirelength - wirelength forward 0.119 ms
[DEBUG  ] dreamplace.ops.weighted_average_wirelength.weighted_average_wirelength - wirelength backward 0.113 ms
[DEBUG  ] dreamplace.ops.weighted_average_wirelength.weighted_average_wirelength - wirelength forward 0.133 ms
[DEBUG  ] dreamplace.ops.weighted_average_wirelength.weighted_average_wirelength - wirelength backward 0.114 ms
[DEBUG  ] dreamplace.ops.weighted_average_wirelength.weighted_average_wirelength - wirelength forward 0.117 ms
[DEBUG  ] dreamplace.ops.weighted_average_wirelength.weighted_average_wirelength - wirelength backward 0.116 ms
[DEBUG  ] dreamplace.ops.weighted_average_wirelength.weighted_average_wirelength - wirelength forward 0.089 ms
[DEBUG  ] dreamplace.ops.weighted_average_wirelength.weighted_average_wirelength - wirelength backward 0.112 ms
[DEBUG  ] dreamplace.ops.weighted_average_wirelength.weighted_average_wirelength - wirelength forward 0.089 ms
[DEBUG  ] dreamplace.ops.weighted_average_wirelength.weighted_average_wirelength - wirelength backward 0.112 ms
[DEBUG  ] dreamplace.ops.weighted_average_wirelength.weighted_average_wirelength - wirelength forward 0.089 ms
[DEBUG  ] dreamplace.ops.weighted_average_wirelength.weighted_average_wirelength - wirelength backward 0.112 ms
[DEBUG  ] dreamplace.ops.weighted_average_wirelength.weighted_average_wirelength - wirelength forward 0.088 ms
[DEBUG  ] dreamplace.ops.weighted_average_wirelength.weighted_average_wirelength - wirelength backward 0.112 ms
[DEBUG  ] dreamplace.ops.weighted_average_wirelength.weighted_average_wirelength - wirelength forward 0.088 ms
[DEBUG  ] dreamplace.ops.weighted_average_wirelength.weighted_average_wirelength - wirelength backward 0.113 ms
[DEBUG  ] dreamplace.ops.weighted_average_wirelength.weighted_average_wirelength - wirelength forward 0.089 ms
[DEBUG  ] dreamplace.ops.weighted_average_wirelength.weighted_average_wirelength - wirelength backward 0.113 ms
[DEBUG  ] dreamplace.ops.weighted_average_wirelength.weighted_average_wirelength - wirelength forward 0.087 ms
[DEBUG  ] dreamplace.ops.weighted_average_wirelength.weighted_average_wirelength - wirelength backward 0.113 ms
[DEBUG  ] dreamplace.ops.weighted_average_wirelength.weighted_average_wirelength - wirelength forward 0.088 ms
[DEBUG  ] dreamplace.ops.weighted_average_wirelength.weighted_average_wirelength - wirelength backward 0.114 ms
[DEBUG  ] dreamplace.ops.weighted_average_wirelength.weighted_average_wirelength - wirelength forward 0.088 ms
[DEBUG  ] dreamplace.ops.weighted_average_wirelength.weighted_average_wirelength - wirelength backward 0.111 ms
[DEBUG  ] dreamplace.ops.weighted_average_wirelength.weighted_average_wirelength - wirelength forward 0.091 ms
[DEBUG  ] dreamplace.ops.weighted_average_wirelength.weighted_average_wirelength - wirelength backward 0.111 ms
[DEBUG  ] dreamplace.ops.weighted_average_wirelength.weighted_average_wirelength - wirelength forward 0.087 ms
[DEBUG  ] dreamplace.ops.weighted_average_wirelength.weighted_average_wirelength - wirelength backward 0.112 ms
[DEBUG  ] dreamplace.ops.weighted_average_wirelength.weighted_average_wirelength - wirelength forward 0.087 ms
[DEBUG  ] dreamplace.ops.weighted_average_wirelength.weighted_average_wirelength - wirelength backward 0.111 ms
[DEBUG  ] dreamplace.ops.weighted_average_wirelength.weighted_average_wirelength - wirelength forward 0.088 ms
[DEBUG  ] dreamplace.ops.weighted_average_wirelength.weighted_average_wirelength - wirelength backward 0.112 ms
[DEBUG  ] dreamplace.ops.weighted_average_wirelength.weighted_average_wirelength - wirelength forward 0.087 ms
[DEBUG  ] dreamplace.ops.weighted_average_wirelength.weighted_average_wirelength - wirelength backward 0.112 ms
[DEBUG  ] dreamplace.ops.weighted_average_wirelength.weighted_average_wirelength - wirelength forward 0.087 ms
[DEBUG  ] dreamplace.ops.weighted_average_wirelength.weighted_average_wirelength - wirelength backward 0.112 ms
[DEBUG  ] dreamplace.ops.weighted_average_wirelength.weighted_average_wirelength - wirelength forward 0.087 ms
[DEBUG  ] dreamplace.ops.weighted_average_wirelength.weighted_average_wirelength - wirelength backward 0.110 ms
[DEBUG  ] dreamplace.ops.weighted_average_wirelength.weighted_average_wirelength - wirelength forward 0.088 ms
[DEBUG  ] dreamplace.ops.weighted_average_wirelength.weighted_average_wirelength - wirelength backward 0.108 ms
[DEBUG  ] dreamplace.ops.weighted_average_wirelength.weighted_average_wirelength - wirelength forward 0.088 ms
[DEBUG  ] dreamplace.ops.weighted_average_wirelength.weighted_average_wirelength - wirelength backward 0.109 ms
[DEBUG  ] dreamplace.ops.weighted_average_wirelength.weighted_average_wirelength - wirelength forward 0.088 ms
[DEBUG  ] dreamplace.ops.weighted_average_wirelength.weighted_average_wirelength - wirelength backward 0.109 ms
[DEBUG  ] dreamplace.ops.weighted_average_wirelength.weighted_average_wirelength - wirelength forward 0.088 ms
[DEBUG  ] dreamplace.ops.weighted_average_wirelength.weighted_average_wirelength - wirelength backward 0.109 ms
[DEBUG  ] dreamplace.ops.weighted_average_wirelength.weighted_average_wirelength - wirelength forward 0.091 ms
[DEBUG  ] dreamplace.ops.weighted_average_wirelength.weighted_average_wirelength - wirelength backward 0.109 ms
[DEBUG  ] dreamplace.ops.weighted_average_wirelength.weighted_average_wirelength - wirelength forward 0.089 ms
[DEBUG  ] dreamplace.ops.weighted_average_wirelength.weighted_average_wirelength - wirelength backward 0.110 ms
[DEBUG  ] dreamplace.ops.weighted_average_wirelength.weighted_average_wirelength - wirelength forward 0.089 ms
[DEBUG  ] dreamplace.ops.weighted_average_wirelength.weighted_average_wirelength - wirelength backward 0.111 ms
[DEBUG  ] dreamplace.ops.weighted_average_wirelength.weighted_average_wirelength - wirelength forward 0.088 ms
[DEBUG  ] dreamplace.ops.weighted_average_wirelength.weighted_average_wirelength - wirelength backward 0.111 ms
[DEBUG  ] dreamplace.ops.weighted_average_wirelength.weighted_average_wirelength - wirelength forward 0.087 ms
[DEBUG  ] dreamplace.ops.weighted_average_wirelength.weighted_average_wirelength - wirelength backward 0.110 ms
[DEBUG  ] dreamplace.ops.weighted_average_wirelength.weighted_average_wirelength - wirelength forward 0.087 ms
[DEBUG  ] dreamplace.ops.weighted_average_wirelength.weighted_average_wirelength - wirelength backward 0.109 ms
[DEBUG  ] dreamplace.ops.weighted_average_wirelength.weighted_average_wirelength - wirelength forward 0.089 ms
[DEBUG  ] dreamplace.ops.weighted_average_wirelength.weighted_average_wirelength - wirelength backward 0.109 ms
[DEBUG  ] dreamplace.ops.weighted_average_wirelength.weighted_average_wirelength - wirelength forward 0.088 ms
[DEBUG  ] dreamplace.ops.weighted_average_wirelength.weighted_average_wirelength - wirelength backward 0.110 ms
[DEBUG  ] dreamplace.ops.weighted_average_wirelength.weighted_average_wirelength - wirelength forward 0.089 ms
[DEBUG  ] dreamplace.ops.weighted_average_wirelength.weighted_average_wirelength - wirelength backward 0.124 ms
[DEBUG  ] dreamplace.ops.weighted_average_wirelength.weighted_average_wirelength - wirelength forward 0.088 ms
[DEBUG  ] dreamplace.ops.weighted_average_wirelength.weighted_average_wirelength - wirelength backward 0.112 ms
[DEBUG  ] dreamplace.ops.weighted_average_wirelength.weighted_average_wirelength - wirelength forward 0.144 ms
[DEBUG  ] dreamplace.ops.weighted_average_wirelength.weighted_average_wirelength - wirelength backward 0.111 ms
[DEBUG  ] dreamplace.ops.weighted_average_wirelength.weighted_average_wirelength - wirelength forward 0.089 ms
[DEBUG  ] dreamplace.ops.weighted_average_wirelength.weighted_average_wirelength - wirelength backward 0.110 ms
[DEBUG  ] dreamplace.ops.weighted_average_wirelength.weighted_average_wirelength - wirelength forward 0.088 ms
[DEBUG  ] dreamplace.ops.weighted_average_wirelength.weighted_average_wirelength - wirelength backward 0.110 ms
[DEBUG  ] dreamplace.ops.weighted_average_wirelength.weighted_average_wirelength - wirelength forward 0.089 ms
[DEBUG  ] dreamplace.ops.weighted_average_wirelength.weighted_average_wirelength - wirelength backward 0.110 ms
[DEBUG  ] dreamplace.ops.weighted_average_wirelength.weighted_average_wirelength - wirelength forward 0.089 ms
[DEBUG  ] dreamplace.ops.weighted_average_wirelength.weighted_average_wirelength - wirelength backward 0.109 ms
[DEBUG  ] dreamplace.ops.weighted_average_wirelength.weighted_average_wirelength - wirelength forward 0.089 ms
[DEBUG  ] dreamplace.ops.weighted_average_wirelength.weighted_average_wirelength - wirelength backward 0.109 ms
[DEBUG  ] dreamplace.ops.weighted_average_wirelength.weighted_average_wirelength - wirelength forward 0.088 ms
[DEBUG  ] dreamplace.ops.weighted_average_wirelength.weighted_average_wirelength - wirelength backward 0.122 ms
[DEBUG  ] dreamplace.ops.weighted_average_wirelength.weighted_average_wirelength - wirelength forward 0.088 ms
[DEBUG  ] dreamplace.ops.weighted_average_wirelength.weighted_average_wirelength - wirelength backward 0.110 ms
[DEBUG  ] dreamplace.ops.weighted_average_wirelength.weighted_average_wirelength - wirelength forward 0.102 ms
[DEBUG  ] dreamplace.ops.weighted_average_wirelength.weighted_average_wirelength - wirelength backward 0.109 ms
[DEBUG  ] dreamplace.ops.weighted_average_wirelength.weighted_average_wirelength - wirelength forward 0.088 ms
[DEBUG  ] dreamplace.ops.weighted_average_wirelength.weighted_average_wirelength - wirelength backward 0.108 ms
[DEBUG  ] dreamplace.ops.weighted_average_wirelength.weighted_average_wirelength - wirelength forward 0.089 ms
[DEBUG  ] dreamplace.ops.weighted_average_wirelength.weighted_average_wirelength - wirelength backward 0.109 ms
[DEBUG  ] dreamplace.ops.weighted_average_wirelength.weighted_average_wirelength - wirelength forward 0.087 ms
[DEBUG  ] dreamplace.ops.weighted_average_wirelength.weighted_average_wirelength - wirelength backward 0.109 ms
[DEBUG  ] dreamplace.ops.weighted_average_wirelength.weighted_average_wirelength - wirelength forward 0.088 ms
[DEBUG  ] dreamplace.ops.weighted_average_wirelength.weighted_average_wirelength - wirelength backward 0.109 ms
[DEBUG  ] dreamplace.ops.weighted_average_wirelength.weighted_average_wirelength - wirelength forward 0.087 ms
[DEBUG  ] dreamplace.ops.weighted_average_wirelength.weighted_average_wirelength - wirelength backward 0.109 ms
[DEBUG  ] dreamplace.ops.weighted_average_wirelength.weighted_average_wirelength - wirelength forward 0.087 ms
[DEBUG  ] dreamplace.ops.weighted_average_wirelength.weighted_average_wirelength - wirelength backward 0.108 ms
[DEBUG  ] dreamplace.ops.weighted_average_wirelength.weighted_average_wirelength - wirelength forward 0.088 ms
[DEBUG  ] dreamplace.ops.weighted_average_wirelength.weighted_average_wirelength - wirelength backward 0.109 ms
[DEBUG  ] dreamplace.ops.weighted_average_wirelength.weighted_average_wirelength - wirelength forward 0.089 ms
[DEBUG  ] dreamplace.ops.weighted_average_wirelength.weighted_average_wirelength - wirelength backward 0.110 ms
[DEBUG  ] dreamplace.ops.weighted_average_wirelength.weighted_average_wirelength - wirelength forward 0.087 ms
[DEBUG  ] dreamplace.ops.weighted_average_wirelength.weighted_average_wirelength - wirelength backward 0.110 ms
[DEBUG  ] dreamplace.ops.weighted_average_wirelength.weighted_average_wirelength - wirelength forward 0.088 ms
[DEBUG  ] dreamplace.ops.weighted_average_wirelength.weighted_average_wirelength - wirelength backward 0.109 ms
[DEBUG  ] dreamplace.ops.weighted_average_wirelength.weighted_average_wirelength - wirelength forward 0.088 ms
[DEBUG  ] dreamplace.ops.weighted_average_wirelength.weighted_average_wirelength - wirelength backward 0.108 ms
[DEBUG  ] dreamplace.ops.weighted_average_wirelength.weighted_average_wirelength - wirelength forward 0.088 ms
[DEBUG  ] dreamplace.ops.weighted_average_wirelength.weighted_average_wirelength - wirelength backward 0.109 ms
[DEBUG  ] dreamplace.ops.weighted_average_wirelength.weighted_average_wirelength - wirelength forward 0.087 ms
[DEBUG  ] dreamplace.ops.weighted_average_wirelength.weighted_average_wirelength - wirelength backward 0.108 ms
[DEBUG  ] dreamplace.ops.weighted_average_wirelength.weighted_average_wirelength - wirelength forward 0.087 ms
[DEBUG  ] dreamplace.ops.weighted_average_wirelength.weighted_average_wirelength - wirelength backward 0.108 ms
[DEBUG  ] dreamplace.ops.weighted_average_wirelength.weighted_average_wirelength - wirelength forward 0.088 ms
[DEBUG  ] dreamplace.ops.weighted_average_wirelength.weighted_average_wirelength - wirelength backward 0.108 ms
[DEBUG  ] dreamplace.ops.weighted_average_wirelength.weighted_average_wirelength - wirelength forward 0.088 ms
[DEBUG  ] dreamplace.ops.weighted_average_wirelength.weighted_average_wirelength - wirelength backward 0.108 ms
[DEBUG  ] dreamplace.ops.weighted_average_wirelength.weighted_average_wirelength - wirelength forward 0.088 ms
[DEBUG  ] dreamplace.ops.weighted_average_wirelength.weighted_average_wirelength - wirelength backward 0.109 ms
[DEBUG  ] dreamplace.ops.weighted_average_wirelength.weighted_average_wirelength - wirelength forward 0.088 ms
[DEBUG  ] dreamplace.ops.weighted_average_wirelength.weighted_average_wirelength - wirelength backward 0.109 ms
[DEBUG  ] dreamplace.ops.weighted_average_wirelength.weighted_average_wirelength - wirelength forward 0.088 ms
[DEBUG  ] dreamplace.ops.weighted_average_wirelength.weighted_average_wirelength - wirelength backward 0.109 ms
[DEBUG  ] dreamplace.ops.weighted_average_wirelength.weighted_average_wirelength - wirelength forward 0.086 ms
[DEBUG  ] dreamplace.ops.weighted_average_wirelength.weighted_average_wirelength - wirelength backward 0.110 ms
[DEBUG  ] dreamplace.ops.weighted_average_wirelength.weighted_average_wirelength - wirelength forward 0.088 ms
[DEBUG  ] dreamplace.ops.weighted_average_wirelength.weighted_average_wirelength - wirelength backward 0.108 ms
[DEBUG  ] dreamplace.ops.weighted_average_wirelength.weighted_average_wirelength - wirelength forward 0.088 ms
[DEBUG  ] dreamplace.ops.weighted_average_wirelength.weighted_average_wirelength - wirelength backward 0.110 ms
[DEBUG  ] dreamplace.ops.weighted_average_wirelength.weighted_average_wirelength - wirelength forward 0.089 ms
[DEBUG  ] dreamplace.ops.weighted_average_wirelength.weighted_average_wirelength - wirelength backward 0.110 ms
[DEBUG  ] dreamplace.ops.weighted_average_wirelength.weighted_average_wirelength - wirelength forward 0.090 ms
[DEBUG  ] dreamplace.ops.weighted_average_wirelength.weighted_average_wirelength - wirelength backward 0.132 ms
[DEBUG  ] dreamplace.ops.weighted_average_wirelength.weighted_average_wirelength - wirelength forward 0.100 ms
[DEBUG  ] dreamplace.ops.weighted_average_wirelength.weighted_average_wirelength - wirelength backward 0.109 ms
[DEBUG  ] dreamplace.ops.weighted_average_wirelength.weighted_average_wirelength - wirelength forward 0.106 ms
[DEBUG  ] dreamplace.ops.weighted_average_wirelength.weighted_average_wirelength - wirelength backward 0.109 ms
[DEBUG  ] dreamplace.ops.weighted_average_wirelength.weighted_average_wirelength - wirelength forward 0.088 ms
[DEBUG  ] dreamplace.ops.weighted_average_wirelength.weighted_average_wirelength - wirelength backward 0.108 ms
[DEBUG  ] dreamplace.ops.weighted_average_wirelength.weighted_average_wirelength - wirelength forward 0.090 ms
[DEBUG  ] dreamplace.ops.weighted_average_wirelength.weighted_average_wirelength - wirelength backward 0.108 ms
[DEBUG  ] dreamplace.ops.weighted_average_wirelength.weighted_average_wirelength - wirelength forward 0.087 ms
[DEBUG  ] dreamplace.ops.weighted_average_wirelength.weighted_average_wirelength - wirelength backward 0.115 ms
[DEBUG  ] dreamplace.ops.weighted_average_wirelength.weighted_average_wirelength - wirelength forward 0.088 ms
[DEBUG  ] dreamplace.ops.weighted_average_wirelength.weighted_average_wirelength - wirelength backward 0.107 ms
[DEBUG  ] dreamplace.ops.weighted_average_wirelength.weighted_average_wirelength - wirelength forward 0.086 ms
[DEBUG  ] dreamplace.ops.weighted_average_wirelength.weighted_average_wirelength - wirelength backward 0.108 ms
[INFO   ] DREAMPlace - plotting to ./results/tuner-small/small-5/PB201_A00/run-0_0_6/PB201_A00/plot/iter0600.png takes 0.046 seconds
[DEBUG  ] dreamplace.ops.weighted_average_wirelength.weighted_average_wirelength - wirelength forward 0.119 ms
[DEBUG  ] dreamplace.ops.electric_potential.electric_potential - density forward 0.977 ms
[DEBUG  ] dreamplace.ops.electric_potential.electric_potential - density backward 0.426 ms
[DEBUG  ] dreamplace.ops.weighted_average_wirelength.weighted_average_wirelength - wirelength backward 0.123 ms
[INFO   ] DREAMPlace - optimizer step 7.956 ms
[INFO   ] DREAMPlace - iteration  600, (  92,  6,  0), Obj 5.715419E+12, NetCrossing 2.113E+01, NetCrossingWeight 1.000000E+01, DensityWeight 2.088716E+09, HPWL 1.506057E+03, Overflow 1.380132E-02, MaxDensity 1.235E+00, MacroOverlap 3.212E-05, MacroOverlapWeight 8.000000E-06, gamma 2.656787E-02, time 2.107ms
[INFO   ] DREAMPlace - full step 321.079 ms
[DEBUG  ] dreamplace.ops.weighted_average_wirelength.weighted_average_wirelength - wirelength forward 0.093 ms
[DEBUG  ] dreamplace.ops.electric_potential.electric_potential - density forward 0.885 ms
[DEBUG  ] dreamplace.ops.electric_potential.electric_potential - density backward 0.414 ms
[DEBUG  ] dreamplace.ops.weighted_average_wirelength.weighted_average_wirelength - wirelength backward 0.122 ms
[INFO   ] DREAMPlace - optimizer step 7.411 ms
[INFO   ] DREAMPlace - iteration  601, (  92,  6,  1), Obj 6.309125E+12, NetCrossing 2.047E+01, NetCrossingWeight 1.000000E+01, DensityWeight 2.088716E+09, HPWL 1.506070E+03, Overflow 1.380378E-02, MaxDensity 1.235E+00, MacroOverlap 3.215E-05, MacroOverlapWeight 8.000000E-06, gamma 2.656787E-02, time 2.101ms
[INFO   ] DREAMPlace - full step 10.266 ms
[INFO   ] DREAMPlace - Lsub stopping criteria: 1 and 6.30912e+12 > 5.71542e+12 * 0.999
[INFO   ] DREAMPlace - Llambda stopping criteria: 6 and (( 0.0138038 < 0.1 and 1506.07 > 1503.12 ) or 1.23501 < 1.0)
[DEBUG  ] dreamplace.ops.weighted_average_wirelength.weighted_average_wirelength - wirelength forward 0.094 ms
[DEBUG  ] dreamplace.ops.electric_potential.electric_potential - density forward 0.888 ms
[DEBUG  ] dreamplace.ops.electric_potential.electric_potential - density backward 0.412 ms
[DEBUG  ] dreamplace.ops.weighted_average_wirelength.weighted_average_wirelength - wirelength backward 0.118 ms
[INFO   ] DREAMPlace - optimizer step 7.392 ms
[INFO   ] DREAMPlace - iteration  602, (  93,  0,  0), Obj 6.305576E+12, NetCrossing 2.047E+01, NetCrossingWeight 1.000000E+01, DensityWeight 2.352027E+09, HPWL 1.506081E+03, Overflow 1.380709E-02, MaxDensity 1.235E+00, MacroOverlap 3.219E-05, MacroOverlapWeight 8.000000E-06, gamma 2.657216E-02, time 2.094ms
[INFO   ] DREAMPlace - full step 10.231 ms
[DEBUG  ] dreamplace.ops.weighted_average_wirelength.weighted_average_wirelength - wirelength forward 0.093 ms
[DEBUG  ] dreamplace.ops.electric_potential.electric_potential - density forward 0.882 ms
[DEBUG  ] dreamplace.ops.electric_potential.electric_potential - density backward 0.411 ms
[DEBUG  ] dreamplace.ops.weighted_average_wirelength.weighted_average_wirelength - wirelength backward 0.120 ms
[INFO   ] DREAMPlace - optimizer step 7.358 ms
[INFO   ] DREAMPlace - iteration  603, (  93,  0,  1), Obj 7.101426E+12, NetCrossing 2.047E+01, NetCrossingWeight 1.000000E+01, DensityWeight 2.352027E+09, HPWL 1.506089E+03, Overflow 1.381196E-02, MaxDensity 1.235E+00, MacroOverlap 3.223E-05, MacroOverlapWeight 8.000000E-06, gamma 2.657216E-02, time 2.086ms
[INFO   ] DREAMPlace - full step 10.177 ms
[INFO   ] DREAMPlace - Lsub stopping criteria: 1 and 7.10143e+12 > 6.30558e+12 * 0.999
[DEBUG  ] dreamplace.ops.weighted_average_wirelength.weighted_average_wirelength - wirelength forward 0.091 ms
[DEBUG  ] dreamplace.ops.electric_potential.electric_potential - density forward 0.943 ms
[DEBUG  ] dreamplace.ops.electric_potential.electric_potential - density backward 0.405 ms
[DEBUG  ] dreamplace.ops.weighted_average_wirelength.weighted_average_wirelength - wirelength backward 0.119 ms
[INFO   ] DREAMPlace - optimizer step 7.401 ms
[INFO   ] DREAMPlace - iteration  604, (  93,  1,  0), Obj 7.099529E+12, NetCrossing 2.048E+01, NetCrossingWeight 1.000000E+01, DensityWeight 2.648532E+09, HPWL 1.506098E+03, Overflow 1.381746E-02, MaxDensity 1.235E+00, MacroOverlap 3.228E-05, MacroOverlapWeight 8.000000E-06, gamma 2.657216E-02, time 2.037ms
[INFO   ] DREAMPlace - full step 10.146 ms
[DEBUG  ] dreamplace.ops.weighted_average_wirelength.weighted_average_wirelength - wirelength forward 0.093 ms
[DEBUG  ] dreamplace.ops.electric_potential.electric_potential - density forward 0.858 ms
[DEBUG  ] dreamplace.ops.electric_potential.electric_potential - density backward 0.407 ms
[DEBUG  ] dreamplace.ops.weighted_average_wirelength.weighted_average_wirelength - wirelength backward 0.118 ms
[INFO   ] DREAMPlace - optimizer step 7.504 ms
[INFO   ] DREAMPlace - iteration  605, (  93,  1,  1), Obj 7.992331E+12, NetCrossing 2.049E+01, NetCrossingWeight 1.000000E+01, DensityWeight 2.648532E+09, HPWL 1.506108E+03, Overflow 1.382275E-02, MaxDensity 1.235E+00, MacroOverlap 3.233E-05, MacroOverlapWeight 8.000000E-06, gamma 2.657216E-02, time 2.107ms
[INFO   ] DREAMPlace - full step 10.399 ms
[INFO   ] DREAMPlace - Lsub stopping criteria: 1 and 7.99233e+12 > 7.09953e+12 * 0.999
[INFO   ] DREAMPlace - Llambda stopping criteria: 1 and (( 0.0138228 < 0.1 and 1506.11 > 1506.09 ) or 1.23501 < 1.0)
[DEBUG  ] dreamplace.ops.weighted_average_wirelength.weighted_average_wirelength - wirelength forward 0.104 ms
[DEBUG  ] dreamplace.ops.electric_potential.electric_potential - density forward 0.879 ms
[DEBUG  ] dreamplace.ops.electric_potential.electric_potential - density backward 0.412 ms
[DEBUG  ] dreamplace.ops.weighted_average_wirelength.weighted_average_wirelength - wirelength backward 0.119 ms
[INFO   ] DREAMPlace - optimizer step 7.376 ms
[INFO   ] DREAMPlace - iteration  606, (  94,  0,  0), Obj 7.986069E+12, NetCrossing 2.049E+01, NetCrossingWeight 1.000000E+01, DensityWeight 2.982417E+09, HPWL 1.506120E+03, Overflow 1.382815E-02, MaxDensity 1.235E+00, MacroOverlap 3.237E-05, MacroOverlapWeight 8.000000E-06, gamma 2.657474E-02, time 2.060ms
[INFO   ] DREAMPlace - full step 10.145 ms
[DEBUG  ] dreamplace.ops.weighted_average_wirelength.weighted_average_wirelength - wirelength forward 0.093 ms
[DEBUG  ] dreamplace.ops.electric_potential.electric_potential - density forward 0.880 ms
[DEBUG  ] dreamplace.ops.electric_potential.electric_potential - density backward 0.410 ms
[DEBUG  ] dreamplace.ops.weighted_average_wirelength.weighted_average_wirelength - wirelength backward 0.118 ms
[INFO   ] DREAMPlace - optimizer step 7.367 ms
[INFO   ] DREAMPlace - iteration  607, (  94,  0,  1), Obj 8.990400E+12, NetCrossing 2.050E+01, NetCrossingWeight 1.000000E+01, DensityWeight 2.982417E+09, HPWL 1.506131E+03, Overflow 1.383271E-02, MaxDensity 1.235E+00, MacroOverlap 3.239E-05, MacroOverlapWeight 8.000000E-06, gamma 2.657474E-02, time 2.064ms
[INFO   ] DREAMPlace - full step 10.168 ms
[INFO   ] DREAMPlace - Lsub stopping criteria: 1 and 8.9904e+12 > 7.98607e+12 * 0.999
[DEBUG  ] dreamplace.ops.weighted_average_wirelength.weighted_average_wirelength - wirelength forward 0.094 ms
[DEBUG  ] dreamplace.ops.electric_potential.electric_potential - density forward 0.899 ms
[DEBUG  ] dreamplace.ops.electric_potential.electric_potential - density backward 0.415 ms
[DEBUG  ] dreamplace.ops.weighted_average_wirelength.weighted_average_wirelength - wirelength backward 0.120 ms
[INFO   ] DREAMPlace - optimizer step 7.431 ms
[INFO   ] DREAMPlace - iteration  608, (  94,  1,  0), Obj 8.987757E+12, NetCrossing 2.049E+01, NetCrossingWeight 1.000000E+01, DensityWeight 3.358392E+09, HPWL 1.506145E+03, Overflow 1.383632E-02, MaxDensity 1.235E+00, MacroOverlap 3.240E-05, MacroOverlapWeight 8.000000E-06, gamma 2.657474E-02, time 2.092ms
[INFO   ] DREAMPlace - full step 10.268 ms
[DEBUG  ] dreamplace.ops.weighted_average_wirelength.weighted_average_wirelength - wirelength forward 0.092 ms
[DEBUG  ] dreamplace.ops.electric_potential.electric_potential - density forward 0.884 ms
[DEBUG  ] dreamplace.ops.electric_potential.electric_potential - density backward 0.411 ms
[DEBUG  ] dreamplace.ops.weighted_average_wirelength.weighted_average_wirelength - wirelength backward 0.118 ms
[INFO   ] DREAMPlace - optimizer step 7.341 ms
[INFO   ] DREAMPlace - iteration  609, (  94,  1,  1), Obj 1.012047E+13, NetCrossing 2.050E+01, NetCrossingWeight 1.000000E+01, DensityWeight 3.358392E+09, HPWL 1.506160E+03, Overflow 1.383998E-02, MaxDensity 1.235E+00, MacroOverlap 3.241E-05, MacroOverlapWeight 8.000000E-06, gamma 2.657474E-02, time 2.045ms
[INFO   ] DREAMPlace - full step 10.113 ms
[INFO   ] DREAMPlace - Lsub stopping criteria: 1 and 1.01205e+13 > 8.98776e+12 * 0.999
[INFO   ] DREAMPlace - Llambda stopping criteria: 1 and (( 0.01384 < 0.1 and 1506.16 > 1506.13 ) or 1.23501 < 1.0)
[DEBUG  ] dreamplace.ops.weighted_average_wirelength.weighted_average_wirelength - wirelength forward 0.093 ms
[DEBUG  ] dreamplace.ops.electric_potential.electric_potential - density forward 0.906 ms
[DEBUG  ] dreamplace.ops.electric_potential.electric_potential - density backward 0.425 ms
[DEBUG  ] dreamplace.ops.weighted_average_wirelength.weighted_average_wirelength - wirelength backward 0.119 ms
[INFO   ] DREAMPlace - optimizer step 7.389 ms
[INFO   ] DREAMPlace - iteration  610, (  95,  0,  0), Obj 1.011646E+13, NetCrossing 2.050E+01, NetCrossingWeight 1.000000E+01, DensityWeight 3.781764E+09, HPWL 1.506179E+03, Overflow 1.384389E-02, MaxDensity 1.235E+00, MacroOverlap 3.242E-05, MacroOverlapWeight 8.000000E-06, gamma 2.657709E-02, time 2.036ms
[INFO   ] DREAMPlace - full step 10.152 ms
[DEBUG  ] dreamplace.ops.weighted_average_wirelength.weighted_average_wirelength - wirelength forward 0.091 ms
[DEBUG  ] dreamplace.ops.electric_potential.electric_potential - density forward 0.841 ms
[DEBUG  ] dreamplace.ops.electric_potential.electric_potential - density backward 0.405 ms
[DEBUG  ] dreamplace.ops.weighted_average_wirelength.weighted_average_wirelength - wirelength backward 0.116 ms
[INFO   ] DREAMPlace - optimizer step 7.199 ms
[INFO   ] DREAMPlace - iteration  611, (  95,  0,  1), Obj 1.139125E+13, NetCrossing 2.051E+01, NetCrossingWeight 1.000000E+01, DensityWeight 3.781764E+09, HPWL 1.506198E+03, Overflow 1.384551E-02, MaxDensity 1.235E+00, MacroOverlap 3.243E-05, MacroOverlapWeight 8.000000E-06, gamma 2.657709E-02, time 2.085ms
[INFO   ] DREAMPlace - full step 10.013 ms
[INFO   ] DREAMPlace - Lsub stopping criteria: 1 and 1.13912e+13 > 1.01165e+13 * 0.999
[DEBUG  ] dreamplace.ops.weighted_average_wirelength.weighted_average_wirelength - wirelength forward 0.091 ms
[DEBUG  ] dreamplace.ops.electric_potential.electric_potential - density forward 0.848 ms
[DEBUG  ] dreamplace.ops.electric_potential.electric_potential - density backward 0.407 ms
[DEBUG  ] dreamplace.ops.weighted_average_wirelength.weighted_average_wirelength - wirelength backward 0.117 ms
[INFO   ] DREAMPlace - optimizer step 7.268 ms
[INFO   ] DREAMPlace - iteration  612, (  95,  1,  0), Obj 1.139396E+13, NetCrossing 2.050E+01, NetCrossingWeight 1.000000E+01, DensityWeight 4.258508E+09, HPWL 1.506221E+03, Overflow 1.384857E-02, MaxDensity 1.235E+00, MacroOverlap 3.245E-05, MacroOverlapWeight 8.000000E-06, gamma 2.657709E-02, time 2.013ms
[INFO   ] DREAMPlace - full step 9.981 ms
[DEBUG  ] dreamplace.ops.weighted_average_wirelength.weighted_average_wirelength - wirelength forward 0.091 ms
[DEBUG  ] dreamplace.ops.electric_potential.electric_potential - density forward 0.867 ms
[DEBUG  ] dreamplace.ops.electric_potential.electric_potential - density backward 0.405 ms
[DEBUG  ] dreamplace.ops.weighted_average_wirelength.weighted_average_wirelength - wirelength backward 0.117 ms
[INFO   ] DREAMPlace - optimizer step 7.296 ms
[INFO   ] DREAMPlace - iteration  613, (  95,  1,  1), Obj 1.282390E+13, NetCrossing 2.051E+01, NetCrossingWeight 1.000000E+01, DensityWeight 4.258508E+09, HPWL 1.506246E+03, Overflow 1.385152E-02, MaxDensity 1.235E+00, MacroOverlap 3.248E-05, MacroOverlapWeight 8.000000E-06, gamma 2.657709E-02, time 2.065ms
[INFO   ] DREAMPlace - full step 10.076 ms
[INFO   ] DREAMPlace - Lsub stopping criteria: 1 and 1.28239e+13 > 1.1394e+13 * 0.999
[INFO   ] DREAMPlace - Llambda stopping criteria: 1 and (( 0.0138515 < 0.1 and 1506.25 > 1506.2 ) or 1.23501 < 1.0)
[DEBUG  ] dreamplace.ops.weighted_average_wirelength.weighted_average_wirelength - wirelength forward 0.094 ms
[DEBUG  ] dreamplace.ops.electric_potential.electric_potential - density forward 0.899 ms
[DEBUG  ] dreamplace.ops.electric_potential.electric_potential - density backward 0.409 ms
[DEBUG  ] dreamplace.ops.weighted_average_wirelength.weighted_average_wirelength - wirelength backward 0.119 ms
[INFO   ] DREAMPlace - optimizer step 7.380 ms
[INFO   ] DREAMPlace - iteration  614, (  96,  0,  0), Obj 1.282362E+13, NetCrossing 2.050E+01, NetCrossingWeight 1.000000E+01, DensityWeight 4.795353E+09, HPWL 1.506272E+03, Overflow 1.385830E-02, MaxDensity 1.235E+00, MacroOverlap 3.249E-05, MacroOverlapWeight 8.000000E-06, gamma 2.657866E-02, time 2.079ms
[INFO   ] DREAMPlace - full step 10.226 ms
[DEBUG  ] dreamplace.ops.weighted_average_wirelength.weighted_average_wirelength - wirelength forward 0.091 ms
[DEBUG  ] dreamplace.ops.electric_potential.electric_potential - density forward 0.858 ms
[DEBUG  ] dreamplace.ops.electric_potential.electric_potential - density backward 0.478 ms
[DEBUG  ] dreamplace.ops.weighted_average_wirelength.weighted_average_wirelength - wirelength backward 0.153 ms
[INFO   ] DREAMPlace - optimizer step 8.097 ms
[INFO   ] DREAMPlace - iteration  615, (  96,  0,  1), Obj 1.443708E+13, NetCrossing 2.052E+01, NetCrossingWeight 1.000000E+01, DensityWeight 4.795353E+09, HPWL 1.506304E+03, Overflow 1.386425E-02, MaxDensity 1.235E+00, MacroOverlap 3.248E-05, MacroOverlapWeight 8.000000E-06, gamma 2.657866E-02, time 2.029ms
[INFO   ] DREAMPlace - full step 10.849 ms
[INFO   ] DREAMPlace - Lsub stopping criteria: 1 and 1.44371e+13 > 1.28236e+13 * 0.999
[DEBUG  ] dreamplace.ops.weighted_average_wirelength.weighted_average_wirelength - wirelength forward 0.092 ms
[DEBUG  ] dreamplace.ops.electric_potential.electric_potential - density forward 0.895 ms
[DEBUG  ] dreamplace.ops.electric_potential.electric_potential - density backward 0.437 ms
[DEBUG  ] dreamplace.ops.weighted_average_wirelength.weighted_average_wirelength - wirelength backward 0.133 ms
[INFO   ] DREAMPlace - optimizer step 7.818 ms
[INFO   ] DREAMPlace - iteration  616, (  96,  1,  0), Obj 1.444327E+13, NetCrossing 2.051E+01, NetCrossingWeight 1.000000E+01, DensityWeight 5.399874E+09, HPWL 1.506341E+03, Overflow 1.386836E-02, MaxDensity 1.235E+00, MacroOverlap 3.244E-05, MacroOverlapWeight 8.000000E-06, gamma 2.657866E-02, time 2.045ms
[INFO   ] DREAMPlace - full step 10.597 ms
[DEBUG  ] dreamplace.ops.weighted_average_wirelength.weighted_average_wirelength - wirelength forward 0.091 ms
[DEBUG  ] dreamplace.ops.electric_potential.electric_potential - density forward 0.880 ms
[DEBUG  ] dreamplace.ops.electric_potential.electric_potential - density backward 0.432 ms
[DEBUG  ] dreamplace.ops.weighted_average_wirelength.weighted_average_wirelength - wirelength backward 0.130 ms
[INFO   ] DREAMPlace - optimizer step 7.895 ms
[INFO   ] DREAMPlace - iteration  617, (  96,  1,  1), Obj 1.625534E+13, NetCrossing 2.051E+01, NetCrossingWeight 1.000000E+01, DensityWeight 5.399874E+09, HPWL 1.506383E+03, Overflow 1.386832E-02, MaxDensity 1.235E+00, MacroOverlap 3.238E-05, MacroOverlapWeight 8.000000E-06, gamma 2.657866E-02, time 2.080ms
[INFO   ] DREAMPlace - full step 10.877 ms
[INFO   ] DREAMPlace - Lsub stopping criteria: 1 and 1.62553e+13 > 1.44433e+13 * 0.999
[INFO   ] DREAMPlace - Llambda stopping criteria: 1 and (( 0.0138683 < 0.1 and 1506.38 > 1506.3 ) or 1.23501 < 1.0)
[DEBUG  ] dreamplace.ops.weighted_average_wirelength.weighted_average_wirelength - wirelength forward 0.123 ms
[DEBUG  ] dreamplace.ops.electric_potential.electric_potential - density forward 1.172 ms
[DEBUG  ] dreamplace.ops.electric_potential.electric_potential - density backward 0.464 ms
[DEBUG  ] dreamplace.ops.weighted_average_wirelength.weighted_average_wirelength - wirelength backward 0.224 ms
[INFO   ] DREAMPlace - optimizer step 9.775 ms
[INFO   ] DREAMPlace - iteration  618, (  97,  0,  0), Obj 1.625514E+13, NetCrossing 2.050E+01, NetCrossingWeight 1.000000E+01, DensityWeight 6.080603E+09, HPWL 1.506431E+03, Overflow 1.386863E-02, MaxDensity 1.235E+00, MacroOverlap 3.230E-05, MacroOverlapWeight 8.000000E-06, gamma 2.658094E-02, time 2.871ms
[INFO   ] DREAMPlace - full step 13.655 ms
[DEBUG  ] dreamplace.ops.weighted_average_wirelength.weighted_average_wirelength - wirelength forward 0.134 ms
[DEBUG  ] dreamplace.ops.electric_potential.electric_potential - density forward 1.174 ms
[DEBUG  ] dreamplace.ops.electric_potential.electric_potential - density backward 0.373 ms
[DEBUG  ] dreamplace.ops.weighted_average_wirelength.weighted_average_wirelength - wirelength backward 0.106 ms
[INFO   ] DREAMPlace - optimizer step 8.562 ms
[INFO   ] DREAMPlace - iteration  619, (  97,  0,  1), Obj 1.829071E+13, NetCrossing 2.050E+01, NetCrossingWeight 1.000000E+01, DensityWeight 6.080603E+09, HPWL 1.506484E+03, Overflow 1.386605E-02, MaxDensity 1.235E+00, MacroOverlap 3.221E-05, MacroOverlapWeight 8.000000E-06, gamma 2.658094E-02, time 2.820ms
[INFO   ] DREAMPlace - full step 12.410 ms
[INFO   ] DREAMPlace - Lsub stopping criteria: 1 and 1.82907e+13 > 1.62551e+13 * 0.999
[DEBUG  ] dreamplace.ops.weighted_average_wirelength.weighted_average_wirelength - wirelength forward 0.132 ms
[DEBUG  ] dreamplace.ops.electric_potential.electric_potential - density forward 1.207 ms
[DEBUG  ] dreamplace.ops.electric_potential.electric_potential - density backward 0.535 ms
[DEBUG  ] dreamplace.ops.weighted_average_wirelength.weighted_average_wirelength - wirelength backward 0.198 ms
[INFO   ] DREAMPlace - optimizer step 9.905 ms
[INFO   ] DREAMPlace - iteration  620, (  97,  1,  0), Obj 1.829270E+13, NetCrossing 2.050E+01, NetCrossingWeight 1.000000E+01, DensityWeight 6.847148E+09, HPWL 1.506542E+03, Overflow 1.386067E-02, MaxDensity 1.235E+00, MacroOverlap 3.211E-05, MacroOverlapWeight 8.000000E-06, gamma 2.658094E-02, time 2.810ms
[INFO   ] DREAMPlace - full step 13.734 ms
[DEBUG  ] dreamplace.ops.weighted_average_wirelength.weighted_average_wirelength - wirelength forward 0.131 ms
[DEBUG  ] dreamplace.ops.electric_potential.electric_potential - density forward 1.174 ms
[DEBUG  ] dreamplace.ops.electric_potential.electric_potential - density backward 0.441 ms
[DEBUG  ] dreamplace.ops.weighted_average_wirelength.weighted_average_wirelength - wirelength backward 0.153 ms
[INFO   ] DREAMPlace - optimizer step 9.905 ms
[INFO   ] DREAMPlace - iteration  621, (  97,  1,  1), Obj 2.058706E+13, NetCrossing 2.049E+01, NetCrossingWeight 1.000000E+01, DensityWeight 6.847148E+09, HPWL 1.506602E+03, Overflow 1.385378E-02, MaxDensity 1.235E+00, MacroOverlap 3.202E-05, MacroOverlapWeight 8.000000E-06, gamma 2.658094E-02, time 2.755ms
[INFO   ] DREAMPlace - full step 13.676 ms
[INFO   ] DREAMPlace - Lsub stopping criteria: 1 and 2.05871e+13 > 1.82927e+13 * 0.999
[INFO   ] DREAMPlace - Llambda stopping criteria: 1 and (( 0.0138538 < 0.1 and 1506.6 > 1506.48 ) or 1.23501 < 1.0)
[DEBUG  ] dreamplace.ops.weighted_average_wirelength.weighted_average_wirelength - wirelength forward 0.134 ms
[DEBUG  ] dreamplace.ops.electric_potential.electric_potential - density forward 1.168 ms
[DEBUG  ] dreamplace.ops.electric_potential.electric_potential - density backward 0.460 ms
[DEBUG  ] dreamplace.ops.weighted_average_wirelength.weighted_average_wirelength - wirelength backward 0.220 ms
[INFO   ] DREAMPlace - optimizer step 9.799 ms
[INFO   ] DREAMPlace - iteration  622, (  98,  0,  0), Obj 2.059772E+13, NetCrossing 1.992E+01, NetCrossingWeight 1.000000E+01, DensityWeight 7.710326E+09, HPWL 1.506663E+03, Overflow 1.384600E-02, MaxDensity 1.235E+00, MacroOverlap 3.192E-05, MacroOverlapWeight 8.000000E-06, gamma 2.657896E-02, time 2.775ms
[INFO   ] DREAMPlace - full step 13.561 ms
[DEBUG  ] dreamplace.ops.weighted_average_wirelength.weighted_average_wirelength - wirelength forward 0.132 ms
[DEBUG  ] dreamplace.ops.electric_potential.electric_potential - density forward 1.201 ms
[DEBUG  ] dreamplace.ops.electric_potential.electric_potential - density backward 0.424 ms
[DEBUG  ] dreamplace.ops.weighted_average_wirelength.weighted_average_wirelength - wirelength backward 0.196 ms
[INFO   ] DREAMPlace - optimizer step 9.526 ms
[INFO   ] DREAMPlace - iteration  623, (  98,  0,  1), Obj 2.318097E+13, NetCrossing 2.049E+01, NetCrossingWeight 1.000000E+01, DensityWeight 7.710326E+09, HPWL 1.506727E+03, Overflow 1.383816E-02, MaxDensity 1.235E+00, MacroOverlap 3.183E-05, MacroOverlapWeight 8.000000E-06, gamma 2.657896E-02, time 2.782ms
[INFO   ] DREAMPlace - full step 13.330 ms
[INFO   ] DREAMPlace - Lsub stopping criteria: 1 and 2.3181e+13 > 2.05977e+13 * 0.999
[DEBUG  ] dreamplace.ops.weighted_average_wirelength.weighted_average_wirelength - wirelength forward 0.139 ms
[DEBUG  ] dreamplace.ops.electric_potential.electric_potential - density forward 1.221 ms
[DEBUG  ] dreamplace.ops.electric_potential.electric_potential - density backward 0.443 ms
[DEBUG  ] dreamplace.ops.weighted_average_wirelength.weighted_average_wirelength - wirelength backward 0.128 ms
[INFO   ] DREAMPlace - optimizer step 10.114 ms
[INFO   ] DREAMPlace - iteration  624, (  98,  1,  0), Obj 2.319111E+13, NetCrossing 2.048E+01, NetCrossingWeight 1.000000E+01, DensityWeight 8.682321E+09, HPWL 1.506791E+03, Overflow 1.383062E-02, MaxDensity 1.235E+00, MacroOverlap 3.173E-05, MacroOverlapWeight 8.000000E-06, gamma 2.657896E-02, time 2.788ms
[INFO   ] DREAMPlace - full step 13.923 ms
[DEBUG  ] dreamplace.ops.weighted_average_wirelength.weighted_average_wirelength - wirelength forward 0.134 ms
[DEBUG  ] dreamplace.ops.electric_potential.electric_potential - density forward 1.192 ms
[DEBUG  ] dreamplace.ops.electric_potential.electric_potential - density backward 0.408 ms
[DEBUG  ] dreamplace.ops.weighted_average_wirelength.weighted_average_wirelength - wirelength backward 0.115 ms
[INFO   ] DREAMPlace - optimizer step 8.834 ms
[INFO   ] DREAMPlace - iteration  625, (  98,  1,  1), Obj 2.609601E+13, NetCrossing 2.047E+01, NetCrossingWeight 1.000000E+01, DensityWeight 8.682321E+09, HPWL 1.506858E+03, Overflow 1.382228E-02, MaxDensity 1.235E+00, MacroOverlap 3.165E-05, MacroOverlapWeight 8.000000E-06, gamma 2.657896E-02, time 2.834ms
[INFO   ] DREAMPlace - full step 12.684 ms
[INFO   ] DREAMPlace - Lsub stopping criteria: 1 and 2.6096e+13 > 2.31911e+13 * 0.999
[INFO   ] DREAMPlace - Llambda stopping criteria: 1 and (( 0.0138223 < 0.1 and 1506.86 > 1506.73 ) or 1.23501 < 1.0)
[DEBUG  ] dreamplace.ops.weighted_average_wirelength.weighted_average_wirelength - wirelength forward 0.133 ms
[DEBUG  ] dreamplace.ops.electric_potential.electric_potential - density forward 1.180 ms
[DEBUG  ] dreamplace.ops.electric_potential.electric_potential - density backward 0.363 ms
[DEBUG  ] dreamplace.ops.weighted_average_wirelength.weighted_average_wirelength - wirelength backward 0.093 ms
[INFO   ] DREAMPlace - optimizer step 8.302 ms
[INFO   ] DREAMPlace - iteration  626, (  99,  0,  0), Obj 2.610606E+13, NetCrossing 2.046E+01, NetCrossingWeight 1.000000E+01, DensityWeight 9.776849E+09, HPWL 1.506923E+03, Overflow 1.381426E-02, MaxDensity 1.235E+00, MacroOverlap 3.157E-05, MacroOverlapWeight 8.000000E-06, gamma 2.657468E-02, time 2.768ms
[INFO   ] DREAMPlace - full step 12.065 ms
[DEBUG  ] dreamplace.ops.weighted_average_wirelength.weighted_average_wirelength - wirelength forward 0.157 ms
[DEBUG  ] dreamplace.ops.electric_potential.electric_potential - density forward 1.173 ms
[DEBUG  ] dreamplace.ops.electric_potential.electric_potential - density backward 0.361 ms
[DEBUG  ] dreamplace.ops.weighted_average_wirelength.weighted_average_wirelength - wirelength backward 0.089 ms
[INFO   ] DREAMPlace - optimizer step 7.932 ms
[INFO   ] DREAMPlace - iteration  627, (  99,  0,  1), Obj 2.936862E+13, NetCrossing 1.990E+01, NetCrossingWeight 1.000000E+01, DensityWeight 9.776849E+09, HPWL 1.506991E+03, Overflow 1.380658E-02, MaxDensity 1.235E+00, MacroOverlap 3.149E-05, MacroOverlapWeight 8.000000E-06, gamma 2.657468E-02, time 2.764ms
[INFO   ] DREAMPlace - full step 11.581 ms
[INFO   ] DREAMPlace - Lsub stopping criteria: 1 and 2.93686e+13 > 2.61061e+13 * 0.999
[DEBUG  ] dreamplace.ops.weighted_average_wirelength.weighted_average_wirelength - wirelength forward 0.133 ms
[DEBUG  ] dreamplace.ops.electric_potential.electric_potential - density forward 1.172 ms
[DEBUG  ] dreamplace.ops.electric_potential.electric_potential - density backward 0.462 ms
[DEBUG  ] dreamplace.ops.weighted_average_wirelength.weighted_average_wirelength - wirelength backward 0.141 ms
[INFO   ] DREAMPlace - optimizer step 9.656 ms
[INFO   ] DREAMPlace - iteration  628, (  99,  1,  0), Obj 2.937945E+13, NetCrossing 1.988E+01, NetCrossingWeight 1.000000E+01, DensityWeight 1.100936E+10, HPWL 1.507057E+03, Overflow 1.379945E-02, MaxDensity 1.235E+00, MacroOverlap 3.142E-05, MacroOverlapWeight 8.000000E-06, gamma 2.657468E-02, time 2.753ms
[INFO   ] DREAMPlace - full step 13.452 ms
[DEBUG  ] dreamplace.ops.weighted_average_wirelength.weighted_average_wirelength - wirelength forward 0.121 ms
[DEBUG  ] dreamplace.ops.electric_potential.electric_potential - density forward 1.064 ms
[DEBUG  ] dreamplace.ops.electric_potential.electric_potential - density backward 0.363 ms
[DEBUG  ] dreamplace.ops.weighted_average_wirelength.weighted_average_wirelength - wirelength backward 0.090 ms
[INFO   ] DREAMPlace - optimizer step 8.021 ms
[INFO   ] DREAMPlace - iteration  629, (  99,  1,  1), Obj 3.304944E+13, NetCrossing 2.044E+01, NetCrossingWeight 1.000000E+01, DensityWeight 1.100936E+10, HPWL 1.507124E+03, Overflow 1.379220E-02, MaxDensity 1.235E+00, MacroOverlap 3.135E-05, MacroOverlapWeight 8.000000E-06, gamma 2.657468E-02, time 2.553ms
[INFO   ] DREAMPlace - full step 11.628 ms
[INFO   ] DREAMPlace - Lsub stopping criteria: 1 and 3.30494e+13 > 2.93794e+13 * 0.999
[INFO   ] DREAMPlace - Llambda stopping criteria: 1 and (( 0.0137922 < 0.1 and 1507.12 > 1506.99 ) or 1.23501 < 1.0)
[DEBUG  ] dreamplace.ops.weighted_average_wirelength.weighted_average_wirelength - wirelength forward 0.153 ms
[DEBUG  ] dreamplace.ops.electric_potential.electric_potential - density forward 1.180 ms
[DEBUG  ] dreamplace.ops.electric_potential.electric_potential - density backward 0.432 ms
[DEBUG  ] dreamplace.ops.weighted_average_wirelength.weighted_average_wirelength - wirelength backward 0.141 ms
[INFO   ] DREAMPlace - optimizer step 10.535 ms
[INFO   ] DREAMPlace - iteration  630, ( 100,  0,  0), Obj 3.306257E+13, NetCrossing 2.043E+01, NetCrossingWeight 1.000000E+01, DensityWeight 1.239724E+10, HPWL 1.507190E+03, Overflow 1.378573E-02, MaxDensity 1.235E+00, MacroOverlap 3.129E-05, MacroOverlapWeight 8.000000E-06, gamma 2.657059E-02, time 3.125ms
[INFO   ] DREAMPlace - full step 14.664 ms
[DEBUG  ] dreamplace.ops.weighted_average_wirelength.weighted_average_wirelength - wirelength forward 0.131 ms
[DEBUG  ] dreamplace.ops.electric_potential.electric_potential - density forward 1.150 ms
[DEBUG  ] dreamplace.ops.electric_potential.electric_potential - density backward 0.425 ms
[DEBUG  ] dreamplace.ops.weighted_average_wirelength.weighted_average_wirelength - wirelength backward 0.121 ms
[INFO   ] DREAMPlace - optimizer step 11.023 ms
[INFO   ] DREAMPlace - iteration  631, ( 100,  0,  1), Obj 3.718855E+13, NetCrossing 1.986E+01, NetCrossingWeight 1.000000E+01, DensityWeight 1.239724E+10, HPWL 1.507257E+03, Overflow 1.377922E-02, MaxDensity 1.235E+00, MacroOverlap 3.123E-05, MacroOverlapWeight 8.000000E-06, gamma 2.657059E-02, time 2.738ms
[INFO   ] DREAMPlace - full step 14.775 ms
[INFO   ] DREAMPlace - Lsub stopping criteria: 1 and 3.71885e+13 > 3.30626e+13 * 0.999
[DEBUG  ] dreamplace.ops.weighted_average_wirelength.weighted_average_wirelength - wirelength forward 0.147 ms
[DEBUG  ] dreamplace.ops.electric_potential.electric_potential - density forward 1.312 ms
[DEBUG  ] dreamplace.ops.electric_potential.electric_potential - density backward 0.424 ms
[DEBUG  ] dreamplace.ops.weighted_average_wirelength.weighted_average_wirelength - wirelength backward 0.119 ms
[INFO   ] DREAMPlace - optimizer step 11.165 ms
[INFO   ] DREAMPlace - iteration  632, ( 100,  1,  0), Obj 3.721172E+13, NetCrossing 2.108E+01, NetCrossingWeight 1.000000E+01, DensityWeight 1.396008E+10, HPWL 1.507321E+03, Overflow 1.377268E-02, MaxDensity 1.235E+00, MacroOverlap 3.117E-05, MacroOverlapWeight 8.000000E-06, gamma 2.657059E-02, time 2.988ms
[INFO   ] DREAMPlace - full step 15.162 ms
[DEBUG  ] dreamplace.ops.weighted_average_wirelength.weighted_average_wirelength - wirelength forward 0.154 ms
[DEBUG  ] dreamplace.ops.electric_potential.electric_potential - density forward 1.328 ms
[DEBUG  ] dreamplace.ops.electric_potential.electric_potential - density backward 0.435 ms
[DEBUG  ] dreamplace.ops.weighted_average_wirelength.weighted_average_wirelength - wirelength backward 0.114 ms
[INFO   ] DREAMPlace - optimizer step 12.207 ms
[INFO   ] DREAMPlace - iteration  633, ( 100,  1,  1), Obj 4.185902E+13, NetCrossing 2.041E+01, NetCrossingWeight 1.000000E+01, DensityWeight 1.396008E+10, HPWL 1.507385E+03, Overflow 1.376549E-02, MaxDensity 1.235E+00, MacroOverlap 3.112E-05, MacroOverlapWeight 8.000000E-06, gamma 2.657059E-02, time 3.031ms
[INFO   ] DREAMPlace - full step 16.332 ms
[INFO   ] DREAMPlace - Lsub stopping criteria: 1 and 4.1859e+13 > 3.72117e+13 * 0.999
[INFO   ] DREAMPlace - Llambda stopping criteria: 1 and (( 0.0137655 < 0.1 and 1507.38 > 1507.26 ) or 1.23501 < 1.0)
[DEBUG  ] dreamplace.ops.weighted_average_wirelength.weighted_average_wirelength - wirelength forward 0.157 ms
[DEBUG  ] dreamplace.ops.electric_potential.electric_potential - density forward 1.031 ms
[DEBUG  ] dreamplace.ops.electric_potential.electric_potential - density backward 0.417 ms
[DEBUG  ] dreamplace.ops.weighted_average_wirelength.weighted_average_wirelength - wirelength backward 0.124 ms
[INFO   ] DREAMPlace - optimizer step 10.067 ms
[INFO   ] DREAMPlace - iteration  634, ( 101,  0,  0), Obj 4.189882E+13, NetCrossing 1.984E+01, NetCrossingWeight 1.000000E+01, DensityWeight 1.571995E+10, HPWL 1.507444E+03, Overflow 1.375825E-02, MaxDensity 1.235E+00, MacroOverlap 3.107E-05, MacroOverlapWeight 8.000000E-06, gamma 2.656695E-02, time 3.127ms
[INFO   ] DREAMPlace - full step 14.239 ms
[DEBUG  ] dreamplace.ops.weighted_average_wirelength.weighted_average_wirelength - wirelength forward 0.140 ms
[DEBUG  ] dreamplace.ops.electric_potential.electric_potential - density forward 1.168 ms
[DEBUG  ] dreamplace.ops.electric_potential.electric_potential - density backward 0.418 ms
[DEBUG  ] dreamplace.ops.weighted_average_wirelength.weighted_average_wirelength - wirelength backward 0.122 ms
[INFO   ] DREAMPlace - optimizer step 8.904 ms
[INFO   ] DREAMPlace - iteration  635, ( 101,  0,  1), Obj 4.713925E+13, NetCrossing 2.039E+01, NetCrossingWeight 1.000000E+01, DensityWeight 1.571995E+10, HPWL 1.507502E+03, Overflow 1.375022E-02, MaxDensity 1.235E+00, MacroOverlap 3.103E-05, MacroOverlapWeight 8.000000E-06, gamma 2.656695E-02, time 2.752ms
[INFO   ] DREAMPlace - full step 12.666 ms
[INFO   ] DREAMPlace - Lsub stopping criteria: 1 and 4.71392e+13 > 4.18988e+13 * 0.999
[DEBUG  ] dreamplace.ops.weighted_average_wirelength.weighted_average_wirelength - wirelength forward 0.136 ms
[DEBUG  ] dreamplace.ops.electric_potential.electric_potential - density forward 1.190 ms
[DEBUG  ] dreamplace.ops.electric_potential.electric_potential - density backward 0.417 ms
[DEBUG  ] dreamplace.ops.weighted_average_wirelength.weighted_average_wirelength - wirelength backward 0.125 ms
[INFO   ] DREAMPlace - optimizer step 9.098 ms
[INFO   ] DREAMPlace - iteration  636, ( 101,  1,  0), Obj 4.719500E+13, NetCrossing 2.039E+01, NetCrossingWeight 1.000000E+01, DensityWeight 1.770167E+10, HPWL 1.507553E+03, Overflow 1.374238E-02, MaxDensity 1.235E+00, MacroOverlap 3.100E-05, MacroOverlapWeight 8.000000E-06, gamma 2.656695E-02, time 2.739ms
[INFO   ] DREAMPlace - full step 12.784 ms
[DEBUG  ] dreamplace.ops.weighted_average_wirelength.weighted_average_wirelength - wirelength forward 0.130 ms
[DEBUG  ] dreamplace.ops.electric_potential.electric_potential - density forward 1.159 ms
[DEBUG  ] dreamplace.ops.electric_potential.electric_potential - density backward 0.427 ms
[DEBUG  ] dreamplace.ops.weighted_average_wirelength.weighted_average_wirelength - wirelength backward 0.128 ms
[INFO   ] DREAMPlace - optimizer step 9.924 ms
[INFO   ] DREAMPlace - iteration  637, ( 101,  1,  1), Obj 5.309804E+13, NetCrossing 2.038E+01, NetCrossingWeight 1.000000E+01, DensityWeight 1.770167E+10, HPWL 1.507601E+03, Overflow 1.373493E-02, MaxDensity 1.235E+00, MacroOverlap 3.097E-05, MacroOverlapWeight 8.000000E-06, gamma 2.656695E-02, time 2.631ms
[INFO   ] DREAMPlace - full step 13.542 ms
[INFO   ] DREAMPlace - Lsub stopping criteria: 1 and 5.3098e+13 > 4.7195e+13 * 0.999
[INFO   ] DREAMPlace - Llambda stopping criteria: 1 and (( 0.0137349 < 0.1 and 1507.6 > 1507.5 ) or 1.23501 < 1.0)
[INFO   ] DREAMPlace - Lgamma stopping criteria: 101 > 100 and (( 0.0137349 < 0.1 and 1507.6 > 1507.38 ) or 1.23501 < 1.0)
[INFO   ] DREAMPlace - optimizer nesterov takes 9.553 seconds
[INFO   ] DREAMPlace - Best theta: tensor([0., 0., 0., 0., 0., 0., 0., 0., 0., 0., 0., 0., 0., 0., 0., 0., 0., 0., 0., 0., 0., 0., 0., 0.,
        0., 0., 0., 0., 0., 0., 0., 0., 0., 0., 0., 0., 0., 0., 0., 0., 0.],
       device='cuda:0')
[INFO   ] DREAMPlace - plotting to ./results/tuner-small/small-5/PB201_A00/run-0_0_6/PB201_A00/plot/iter9999.png takes 0.084 seconds
[INFO   ] DREAMPlace - plotting to ./results/tuner-small/small-5/PB201_A00/run-0_0_6/PB201_A00/plot/iter0638.png takes 0.069 seconds
[INFO   ] DREAMPlace - plotting to ./results/tuner-small/small-5/PB201_A00/run-0_0_6/PB201_A00/plot/iter0638.png takes 0.063 seconds
[INFO   ] DREAMPlace - plotting to ./results/tuner-small/small-5/PB201_A00/run-0_0_6/PB201_A00/plot/iter0638.png takes 0.064 seconds
[INFO   ] DREAMPlace - rsmt computation takes 0.117 seconds
[INFO   ] DREAMPlace - flute rsmt 1.610060E+03
[INFO   ] DREAMPlace - unweighted hpwl 1.507641E+03
[INFO   ] DREAMPlace - net crossing 20
[INFO   ] DREAMPlace - non-linear placement takes 11.38 seconds
[INFO   ] DREAMPlace - writing to ./results/tuner-small/small-5/PB201_A00/run-0_0_6/PB201_A00/PB201_A00.gp.pl
[INFO   ] DREAMPlace - writing to ./results/tuner-small/small-5/PB201_A00/run-0_0_6/PB201_A00/PB201_A00.gp.pl
[INFO   ] DREAMPlace - write_pl takes 0.001 seconds
[INFO   ] DREAMPlace - write SolutionFileFormat.BOOKSHELF takes 0.001 seconds
[INFO   ] DREAMPlace - writing congestion maps to ./results/tuner-small/small-5/PB201_A00/run-0_0_6/PB201_A00
[INFO   ] DREAMPlace - max horizontal congestion: 0.389997
[INFO   ] DREAMPlace - max vertical congestion: 0.235917
[DEBUG  ] matplotlib.colorbar - locator: <matplotlib.colorbar._ColorbarAutoLocator object at 0x7f70c0e404c0>
[DEBUG  ] matplotlib.colorbar - Using auto colorbar locator <matplotlib.colorbar._ColorbarAutoLocator object at 0x7f70c0e404c0> on colorbar
[DEBUG  ] matplotlib.colorbar - Setting pcolormesh
[DEBUG  ] matplotlib.colorbar - locator: <matplotlib.colorbar._ColorbarAutoLocator object at 0x7f70c0cb9e50>
[DEBUG  ] matplotlib.colorbar - Using auto colorbar locator <matplotlib.colorbar._ColorbarAutoLocator object at 0x7f70c0cb9e50> on colorbar
[DEBUG  ] matplotlib.colorbar - Setting pcolormesh
[INFO   ] DREAMPlace - Congestion score 0.06913384050130844
[INFO   ] DREAMPlace - congestion extraction takes 4.863 seconds
[INFO   ] DREAMPlace - placement takes 16.250 seconds
[INFO   ] DREAMPlace - Final PPA: {'rsmt': 1610.06005859375, 'hpwl': 1507.6409912109375, 'congestion': 0.06913384050130844, 'density': 0.617503234530003, 'net_crossing': 20.100696563720703, 'iteration': 638, 'objective': 53098043146240.0, 'overflow': 0.01373493392020464, 'max_density': 1.23500657081604}
[DEBUG  ] hpbandster.run_0.worker.7a6907492ab5.2615185 - WORKER: done with job (0, 0, 6), trying to register it.
[INFO   ] hpbandster.run_0.worker.7a6907492ab5.2615185 - WORKER: registered result for job (0, 0, 6) with dispatcher
[INFO   ] hpbandster.run_0.worker.7a6907492ab5.2615185 - WORKER: start processing job (0, 0, 7)
[DEBUG  ] hpbandster.run_0.worker.7a6907492ab5.2615185 - WORKER: args: ()
[DEBUG  ] hpbandster.run_0.worker.7a6907492ab5.2615185 - WORKER: kwargs: {'config': {'GP_learning_rate': 0.005453253908201162, 'GP_learning_rate_decay': 0.9959459371859068, 'GP_num_bins_x': 256, 'GP_num_bins_y': 256, 'GP_optimizer': 'nesterov', 'GP_wirelength': 'logsumexp', 'RePlAce_LOWER_PCOF': 0.9285001102303609, 'RePlAce_UPPER_PCOF': 1.1218932801672519, 'RePlAce_ref_hpwl': 386718, 'density_weight': 0.0005512281262422263, 'gamma': 0.19790852710655976, 'init_loc_perc_x': 0.5610623037838743, 'init_loc_perc_y': 0.5615334936082531, 'macro_halo_x': 7, 'macro_halo_y': 5, 'risa_weights': 1, 'stop_overflow': 0.06760383224458216, 'target_density': 0.9020654963486356}, 'budget': 25, 'working_directory': '.'}
