[INFO   ] DREAMPlace - parameters = {'aux_input': '/pcb-benchmark/small-1/bookshelf/PB310_A00.aux', 'lef_input': '', 'def_input': '', 'verilog_input': '', 'gpu': 1, 'gpu_id': 0, 'num_bins_x': 512, 'num_bins_y': 512, 'global_place_stages': [{'num_bins_x': 256, 'num_bins_y': 256, 'iteration': 3000, 'learning_rate': 0.0022166681402064083, 'wirelength': 'logsumexp', 'optimizer': 'nesterov', 'Llambda_density_weight_iteration': 10, 'Lsub_iteration': 2, 'learning_rate_decay': 0.9926195398803369}], 'target_density': 0.5095476059649058, 'density_weight': 0.9757153659163623, 'net_crossing_flag': True, 'net_crossing_weight': 10, 'random_seed': 1000, 'result_dir': './results/tuner-small/small-1/PB310_A00/run-30_0_0', 'scale_factor': 1.0, 'ignore_net_weight': 10, 'shift_factor': [0, 0], 'ignore_net_degree': 100, 'gp_noise_ratio': 0.025, 'enable_fillers': 1, 'global_place_flag': 1, 'legalize_flag': 0, 'detailed_place_flag': 0, 'stop_overflow': 0.06866109146998389, 'dtype': 'float32', 'detailed_place_engine': '', 'detailed_place_command': '', 'plot_flag': 1, 'RePlAce_ref_hpwl': 469141, 'RePlAce_LOWER_PCOF': 0.9375250738433111, 'RePlAce_UPPER_PCOF': 1.1147136563472233, 'gamma': 0.3691090149297993, 'RePlAce_skip_energy_flag': 0, 'random_center_init_flag': 1, 'init_loc_perc_x': 0.6536336178828268, 'init_loc_perc_y': 0.45541315935505894, 'sort_nets_by_degree': 0, 'num_threads': 8, 'dump_global_place_solution_flag': 0, 'dump_legalize_solution_flag': 0, 'routability_opt_flag': 0, 'route_num_bins_x': 512, 'route_num_bins_y': 512, 'node_area_adjust_overflow': 0.15, 'max_num_area_adjust': 3, 'adjust_nctugr_area_flag': 0, 'adjust_rudy_area_flag': 0, 'adjust_pin_area_flag': 0, 'area_adjust_stop_ratio': 0.01, 'route_area_adjust_stop_ratio': 0.01, 'pin_area_adjust_stop_ratio': 0.05, 'unit_horizontal_capacity': 1.5625, 'unit_vertical_capacity': 1.45, 'unit_pin_capacity': 0.058, 'max_route_opt_adjust_rate': 2.0, 'route_opt_adjust_exponent': 2.0, 'pin_stretch_ratio': 1.414213562, 'max_pin_opt_adjust_rate': 1.5, 'deterministic_flag': 1, 'get_congestion_map': 1, 'macro_halo_x': 4, 'macro_halo_y': 5, 'macro_overlap_flag': True, 'macro_overlap_weight': 8e-06, 'macro_overlap_mult_weight': 1, 'macro_padding_x': 0, 'macro_padding_y': 0, 'bndry_padding_x': 0, 'bndry_padding_y': 0, 'pin_density': -1, 'route_info_input': 'default', 'evaluate_pl': 0, 'risa_weights': 0, 'proj_name': 'default', 'create_gif': False, 'enable_rotation': True}
[INFO   ] DREAMPlace - setting up raw database takes 0.00 seconds
[INFO   ] DREAMPlace - set shift_factor = (0, 0), as original row bbox = (0, 0, 390, 314)
[INFO   ] DREAMPlace - set scale_factor = 1, as site_width = 1
[INFO   ] DREAMPlace - shift coordinate system by (0, 0), scale coordinate system by 1
[INFO   ] DREAMPlace - detect movable macros 57, area 36244, reduce those area from movable_area
[INFO   ] DREAMPlace - 
================================= Benchmark Statistics =================================
#nodes = 57, #terminals = 0, # terminal_NIs = 0, #movable = 57, #nets = 85
die area = (0, 0, 390, 314) 122460
row height = 1, site width = 1
num_bins = 512x512, bin sizes = 0.761719x0.613281
#pins = 157, #movable_pins = 157
total_movable_node_area = 36244, total_fixed_node_area = 0, total_space_area = 122460
total_movable_node_area = 0, total_fixed_node_area = 36244, total_space_area = 86216
utilization = 0, target_density = 0.509548
use placeable_area = 86216 to compute fillers
total_filler_node_area = 43931.2, #fillers = 2464, filler sizes = 17.8269x1
========================================================================================
[INFO   ] DREAMPlace - setting up placement database takes 0.00 seconds
[INFO   ] DREAMPlace - move cells to location (254.91711097430246, 142.9997320374885) with random noise
[DEBUG  ] DREAMPlace - prepare init_pos takes 0.00 seconds
[INFO   ] DREAMPlace - Using Torch GPU device # 0: Tesla V100-DGXS-32GB
[DEBUG  ] DREAMPlace - build pos takes 0.00 seconds
[DEBUG  ] DREAMPlace - build orient_logits takes 0.00 seconds
[WARNING] DREAMPlace - net weights are all the same, ignored
[DEBUG  ] DREAMPlace - build data_collections takes 0.00 seconds
[DEBUG  ] DREAMPlace - build op_collections takes 0.00 seconds
[INFO   ] DREAMPlace - POWVFILE = /AutoDMP/thirdparty/NCTUgr.ICCAD2012/POWV9.dat
[INFO   ] DREAMPlace - POSTFILE = /AutoDMP/thirdparty/NCTUgr.ICCAD2012/POST9.dat
[DEBUG  ] DREAMPlace - build BasicPlace ops takes 0.00 seconds
[INFO   ] DREAMPlace - non-linear placement initialization takes 0.00 seconds
[INFO   ] DREAMPlace - 256x256 bins #bins 256x256, bin sizes 1.52344x1.22656, max_num_bins = 86, padding = 0
[INFO   ] dreamplace.ops.electric_potential.electric_potential - regard 57 cells as movable macros in global placement
[WARNING] DREAMPlace - quadratic density penalty is disabled, density weight update is forced to be based on HPWL
[INFO   ] DREAMPlace - use nesterov optimizer
[INFO   ] DREAMPlace - add 2.5% noise
[DEBUG  ] dreamplace.ops.logsumexp_wirelength.logsumexp_wirelength - wirelength forward 0.236 ms
[INFO   ] dreamplace.ops.electric_potential.electric_potential - fixed density map: average 0, max 0, bin area 1.86859
[DEBUG  ] dreamplace.ops.electric_potential.electric_potential - density forward 2.766 ms
[DEBUG  ] dreamplace.ops.electric_potential.electric_potential - density backward 0.366 ms
[DEBUG  ] dreamplace.ops.logsumexp_wirelength.logsumexp_wirelength - wirelength backward 0.124 ms
[DEBUG  ] dreamplace.ops.logsumexp_wirelength.logsumexp_wirelength - wirelength forward 0.179 ms
[DEBUG  ] dreamplace.ops.electric_potential.electric_potential - density forward 1.369 ms
[DEBUG  ] dreamplace.ops.electric_potential.electric_potential - density backward 0.352 ms
[DEBUG  ] dreamplace.ops.logsumexp_wirelength.logsumexp_wirelength - wirelength backward 0.122 ms
[INFO   ] DREAMPlace - nesterov initialization takes 0.0488091 seconds
[DEBUG  ] dreamplace.ops.logsumexp_wirelength.logsumexp_wirelength - wirelength forward 0.154 ms
[DEBUG  ] dreamplace.ops.logsumexp_wirelength.logsumexp_wirelength - wirelength backward 0.121 ms
[DEBUG  ] dreamplace.ops.electric_potential.electric_potential - density forward 1.197 ms
[DEBUG  ] dreamplace.ops.electric_potential.electric_potential - density backward 0.397 ms
[INFO   ] DREAMPlace - density_weight = 6.925983E-05
[INFO   ] DREAMPlace - macro_overlap_weight = 8.000000E-06
[INFO   ] DREAMPlace - plotting to ./results/tuner-small/small-1/PB310_A00/run-30_0_0/PB310_A00/plot/iter0000.png takes 0.069 seconds
[DEBUG  ] dreamplace.ops.logsumexp_wirelength.logsumexp_wirelength - wirelength forward 0.197 ms
[DEBUG  ] dreamplace.ops.electric_potential.electric_potential - density forward 1.214 ms
[DEBUG  ] dreamplace.ops.electric_potential.electric_potential - density backward 0.385 ms
[DEBUG  ] dreamplace.ops.logsumexp_wirelength.logsumexp_wirelength - wirelength backward 0.127 ms
[DEBUG  ] dreamplace.ops.logsumexp_wirelength.logsumexp_wirelength - wirelength forward 0.158 ms
[DEBUG  ] dreamplace.ops.electric_potential.electric_potential - density forward 1.189 ms
[DEBUG  ] dreamplace.ops.electric_potential.electric_potential - density backward 0.370 ms
[DEBUG  ] dreamplace.ops.logsumexp_wirelength.logsumexp_wirelength - wirelength backward 0.130 ms
[DEBUG  ] dreamplace.ops.logsumexp_wirelength.logsumexp_wirelength - wirelength forward 0.162 ms
[DEBUG  ] dreamplace.ops.electric_potential.electric_potential - density forward 1.191 ms
[DEBUG  ] dreamplace.ops.electric_potential.electric_potential - density backward 0.374 ms
[DEBUG  ] dreamplace.ops.logsumexp_wirelength.logsumexp_wirelength - wirelength backward 0.125 ms
[INFO   ] DREAMPlace - optimizer step 28.783 ms
[INFO   ] DREAMPlace - iteration    0, (   0,  0,  0), Obj 4.035805E+03, NetCrossing 5.561E+01, NetCrossingWeight 1.000000E+01, DensityWeight 0.000000E+00, HPWL 2.178268E+03, Overflow 3.661477E-01, MaxDensity 2.904E+01, MacroOverlap 3.122E+03, MacroOverlapWeight 0.000000E+00, gamma 1.015050E+01, time 3.419ms
[INFO   ] DREAMPlace - full step 107.044 ms
[DEBUG  ] dreamplace.ops.logsumexp_wirelength.logsumexp_wirelength - wirelength forward 0.161 ms
[DEBUG  ] dreamplace.ops.electric_potential.electric_potential - density forward 1.152 ms
[DEBUG  ] dreamplace.ops.electric_potential.electric_potential - density backward 0.363 ms
[DEBUG  ] dreamplace.ops.logsumexp_wirelength.logsumexp_wirelength - wirelength backward 0.127 ms
[INFO   ] DREAMPlace - optimizer step 9.861 ms
[INFO   ] DREAMPlace - iteration    1, (   0,  0,  1), Obj 3.973753E+03, NetCrossing 8.296E+01, NetCrossingWeight 1.000000E+01, DensityWeight 6.925983E-05, HPWL 2.110335E+03, Overflow 3.661476E-01, MaxDensity 2.904E+01, MacroOverlap 3.071E+03, MacroOverlapWeight 8.000000E-06, gamma 1.015050E+01, time 3.308ms
[INFO   ] DREAMPlace - full step 14.176 ms
[DEBUG  ] dreamplace.ops.logsumexp_wirelength.logsumexp_wirelength - wirelength forward 0.130 ms
[DEBUG  ] dreamplace.ops.electric_potential.electric_potential - density forward 0.925 ms
[DEBUG  ] dreamplace.ops.electric_potential.electric_potential - density backward 0.349 ms
[DEBUG  ] dreamplace.ops.logsumexp_wirelength.logsumexp_wirelength - wirelength backward 0.125 ms
[DEBUG  ] dreamplace.ops.logsumexp_wirelength.logsumexp_wirelength - wirelength forward 0.137 ms
[DEBUG  ] dreamplace.ops.electric_potential.electric_potential - density forward 0.977 ms
[DEBUG  ] dreamplace.ops.electric_potential.electric_potential - density backward 0.354 ms
[DEBUG  ] dreamplace.ops.logsumexp_wirelength.logsumexp_wirelength - wirelength backward 0.124 ms
[INFO   ] DREAMPlace - optimizer step 17.116 ms
[INFO   ] DREAMPlace - iteration    2, (   0,  1,  0), Obj 2.932458E+03, NetCrossing 7.445E+01, NetCrossingWeight 1.000000E+01, DensityWeight 6.925983E-05, HPWL 1.067419E+03, Overflow 3.659414E-01, MaxDensity 1.376E+01, MacroOverlap 6.802E+02, MacroOverlapWeight 8.000000E-06, gamma 1.015050E+01, time 3.149ms
[INFO   ] DREAMPlace - full step 21.324 ms
[DEBUG  ] dreamplace.ops.logsumexp_wirelength.logsumexp_wirelength - wirelength forward 0.176 ms
[DEBUG  ] dreamplace.ops.electric_potential.electric_potential - density forward 1.216 ms
[DEBUG  ] dreamplace.ops.electric_potential.electric_potential - density backward 0.368 ms
[DEBUG  ] dreamplace.ops.logsumexp_wirelength.logsumexp_wirelength - wirelength backward 0.119 ms
[DEBUG  ] dreamplace.ops.logsumexp_wirelength.logsumexp_wirelength - wirelength forward 0.124 ms
[DEBUG  ] dreamplace.ops.electric_potential.electric_potential - density forward 0.972 ms
[DEBUG  ] dreamplace.ops.electric_potential.electric_potential - density backward 0.294 ms
[DEBUG  ] dreamplace.ops.logsumexp_wirelength.logsumexp_wirelength - wirelength backward 0.098 ms
[INFO   ] DREAMPlace - optimizer step 16.657 ms
[INFO   ] DREAMPlace - iteration    3, (   0,  1,  1), Obj 2.684595E+03, NetCrossing 7.732E+01, NetCrossingWeight 1.000000E+01, DensityWeight 6.925983E-05, HPWL 1.396153E+03, Overflow 2.866819E-01, MaxDensity 4.451E+00, MacroOverlap 6.240E+01, MacroOverlapWeight 8.000000E-06, gamma 1.015050E+01, time 3.449ms
[INFO   ] DREAMPlace - full step 21.042 ms
[DEBUG  ] dreamplace.ops.logsumexp_wirelength.logsumexp_wirelength - wirelength forward 0.177 ms
[DEBUG  ] dreamplace.ops.electric_potential.electric_potential - density forward 1.221 ms
[DEBUG  ] dreamplace.ops.electric_potential.electric_potential - density backward 0.362 ms
[DEBUG  ] dreamplace.ops.logsumexp_wirelength.logsumexp_wirelength - wirelength backward 0.127 ms
[DEBUG  ] dreamplace.ops.logsumexp_wirelength.logsumexp_wirelength - wirelength forward 0.172 ms
[DEBUG  ] dreamplace.ops.electric_potential.electric_potential - density forward 1.015 ms
[DEBUG  ] dreamplace.ops.electric_potential.electric_potential - density backward 0.383 ms
[DEBUG  ] dreamplace.ops.logsumexp_wirelength.logsumexp_wirelength - wirelength backward 0.144 ms
[DEBUG  ] dreamplace.ops.logsumexp_wirelength.logsumexp_wirelength - wirelength forward 0.162 ms
[DEBUG  ] dreamplace.ops.electric_potential.electric_potential - density forward 1.221 ms
[DEBUG  ] dreamplace.ops.electric_potential.electric_potential - density backward 0.361 ms
[DEBUG  ] dreamplace.ops.logsumexp_wirelength.logsumexp_wirelength - wirelength backward 0.121 ms
[INFO   ] DREAMPlace - optimizer step 29.786 ms
[INFO   ] DREAMPlace - iteration    4, (   0,  2,  0), Obj 2.283042E+03, NetCrossing 8.324E+01, NetCrossingWeight 1.000000E+01, DensityWeight 7.718943E-05, HPWL 7.995428E+02, Overflow 3.169673E-01, MaxDensity 4.005E+00, MacroOverlap 5.947E+01, MacroOverlapWeight 8.000000E-06, gamma 1.015050E+01, time 3.251ms
[INFO   ] DREAMPlace - full step 34.108 ms
[DEBUG  ] dreamplace.ops.logsumexp_wirelength.logsumexp_wirelength - wirelength forward 0.175 ms
[DEBUG  ] dreamplace.ops.electric_potential.electric_potential - density forward 1.256 ms
[DEBUG  ] dreamplace.ops.electric_potential.electric_potential - density backward 0.371 ms
[DEBUG  ] dreamplace.ops.logsumexp_wirelength.logsumexp_wirelength - wirelength backward 0.127 ms
[INFO   ] DREAMPlace - optimizer step 10.074 ms
[INFO   ] DREAMPlace - iteration    5, (   0,  2,  1), Obj 2.285354E+03, NetCrossing 7.195E+01, NetCrossingWeight 1.000000E+01, DensityWeight 7.718943E-05, HPWL 9.232909E+02, Overflow 2.745651E-01, MaxDensity 3.569E+00, MacroOverlap 2.465E+01, MacroOverlapWeight 8.000000E-06, gamma 1.015050E+01, time 3.397ms
[INFO   ] DREAMPlace - full step 14.517 ms
[INFO   ] DREAMPlace - Lsub stopping criteria: 1 and 2285.35 > 2283.04 * 0.999
[DEBUG  ] dreamplace.ops.logsumexp_wirelength.logsumexp_wirelength - wirelength forward 0.179 ms
[DEBUG  ] dreamplace.ops.electric_potential.electric_potential - density forward 1.257 ms
[DEBUG  ] dreamplace.ops.electric_potential.electric_potential - density backward 0.375 ms
[DEBUG  ] dreamplace.ops.logsumexp_wirelength.logsumexp_wirelength - wirelength backward 0.150 ms
[DEBUG  ] dreamplace.ops.logsumexp_wirelength.logsumexp_wirelength - wirelength forward 0.165 ms
[DEBUG  ] dreamplace.ops.electric_potential.electric_potential - density forward 1.281 ms
[DEBUG  ] dreamplace.ops.electric_potential.electric_potential - density backward 0.368 ms
[DEBUG  ] dreamplace.ops.logsumexp_wirelength.logsumexp_wirelength - wirelength backward 0.128 ms
[INFO   ] DREAMPlace - optimizer step 19.789 ms
[INFO   ] DREAMPlace - iteration    6, (   0,  3,  0), Obj 2.200780E+03, NetCrossing 7.120E+01, NetCrossingWeight 1.000000E+01, DensityWeight 8.601831E-05, HPWL 8.132713E+02, Overflow 2.811957E-01, MaxDensity 4.076E+00, MacroOverlap 2.795E+01, MacroOverlapWeight 8.000000E-06, gamma 1.015050E+01, time 3.464ms
[INFO   ] DREAMPlace - full step 28.405 ms
[DEBUG  ] dreamplace.ops.logsumexp_wirelength.logsumexp_wirelength - wirelength forward 0.180 ms
[DEBUG  ] dreamplace.ops.electric_potential.electric_potential - density forward 1.241 ms
[DEBUG  ] dreamplace.ops.electric_potential.electric_potential - density backward 0.373 ms
[DEBUG  ] dreamplace.ops.logsumexp_wirelength.logsumexp_wirelength - wirelength backward 0.130 ms
[INFO   ] DREAMPlace - optimizer step 10.073 ms
[INFO   ] DREAMPlace - iteration    7, (   0,  3,  1), Obj 2.200526E+03, NetCrossing 6.395E+01, NetCrossingWeight 1.000000E+01, DensityWeight 8.601831E-05, HPWL 9.562897E+02, Overflow 2.527341E-01, MaxDensity 3.567E+00, MacroOverlap 1.318E+01, MacroOverlapWeight 8.000000E-06, gamma 1.015050E+01, time 3.418ms
[INFO   ] DREAMPlace - full step 14.586 ms
[INFO   ] DREAMPlace - Lsub stopping criteria: 1 and 2200.53 > 2200.78 * 0.999
[DEBUG  ] dreamplace.ops.logsumexp_wirelength.logsumexp_wirelength - wirelength forward 0.175 ms
[DEBUG  ] dreamplace.ops.electric_potential.electric_potential - density forward 1.203 ms
[DEBUG  ] dreamplace.ops.electric_potential.electric_potential - density backward 0.418 ms
[DEBUG  ] dreamplace.ops.logsumexp_wirelength.logsumexp_wirelength - wirelength backward 0.143 ms
[DEBUG  ] dreamplace.ops.logsumexp_wirelength.logsumexp_wirelength - wirelength forward 0.132 ms
[DEBUG  ] dreamplace.ops.electric_potential.electric_potential - density forward 0.993 ms
[DEBUG  ] dreamplace.ops.electric_potential.electric_potential - density backward 0.362 ms
[DEBUG  ] dreamplace.ops.logsumexp_wirelength.logsumexp_wirelength - wirelength backward 0.135 ms
[INFO   ] DREAMPlace - optimizer step 21.850 ms
[INFO   ] DREAMPlace - iteration    8, (   0,  4,  0), Obj 2.118957E+03, NetCrossing 6.562E+01, NetCrossingWeight 1.000000E+01, DensityWeight 9.588505E-05, HPWL 8.519185E+02, Overflow 2.618352E-01, MaxDensity 3.567E+00, MacroOverlap 1.457E+01, MacroOverlapWeight 8.000000E-06, gamma 1.015050E+01, time 3.238ms
[INFO   ] DREAMPlace - full step 26.097 ms
[DEBUG  ] dreamplace.ops.logsumexp_wirelength.logsumexp_wirelength - wirelength forward 0.180 ms
[DEBUG  ] dreamplace.ops.electric_potential.electric_potential - density forward 1.175 ms
[DEBUG  ] dreamplace.ops.electric_potential.electric_potential - density backward 0.376 ms
[DEBUG  ] dreamplace.ops.logsumexp_wirelength.logsumexp_wirelength - wirelength backward 0.129 ms
[INFO   ] DREAMPlace - optimizer step 12.776 ms
[INFO   ] DREAMPlace - iteration    9, (   0,  4,  1), Obj 2.133057E+03, NetCrossing 6.547E+01, NetCrossingWeight 1.000000E+01, DensityWeight 9.588505E-05, HPWL 9.685091E+02, Overflow 2.413620E-01, MaxDensity 3.567E+00, MacroOverlap 1.041E+01, MacroOverlapWeight 8.000000E-06, gamma 1.015050E+01, time 4.550ms
[INFO   ] DREAMPlace - full step 18.442 ms
[INFO   ] DREAMPlace - Lsub stopping criteria: 1 and 2133.06 > 2118.96 * 0.999
[DEBUG  ] dreamplace.ops.logsumexp_wirelength.logsumexp_wirelength - wirelength forward 0.168 ms
[DEBUG  ] dreamplace.ops.electric_potential.electric_potential - density forward 1.247 ms
[DEBUG  ] dreamplace.ops.electric_potential.electric_potential - density backward 0.415 ms
[DEBUG  ] dreamplace.ops.logsumexp_wirelength.logsumexp_wirelength - wirelength backward 0.127 ms
[DEBUG  ] dreamplace.ops.logsumexp_wirelength.logsumexp_wirelength - wirelength forward 0.163 ms
[DEBUG  ] dreamplace.ops.electric_potential.electric_potential - density forward 1.214 ms
[DEBUG  ] dreamplace.ops.electric_potential.electric_potential - density backward 0.340 ms
[DEBUG  ] dreamplace.ops.logsumexp_wirelength.logsumexp_wirelength - wirelength backward 0.152 ms
[INFO   ] DREAMPlace - optimizer step 19.798 ms
[INFO   ] DREAMPlace - iteration   10, (   0,  5,  0), Obj 2.105608E+03, NetCrossing 6.927E+01, NetCrossingWeight 1.000000E+01, DensityWeight 1.068841E-04, HPWL 1.016020E+03, Overflow 2.446596E-01, MaxDensity 2.548E+00, MacroOverlap 1.247E+01, MacroOverlapWeight 8.000000E-06, gamma 1.015050E+01, time 3.353ms
[INFO   ] DREAMPlace - full step 24.135 ms
[DEBUG  ] dreamplace.ops.logsumexp_wirelength.logsumexp_wirelength - wirelength forward 0.170 ms
[DEBUG  ] dreamplace.ops.electric_potential.electric_potential - density forward 1.202 ms
[DEBUG  ] dreamplace.ops.electric_potential.electric_potential - density backward 0.392 ms
[DEBUG  ] dreamplace.ops.logsumexp_wirelength.logsumexp_wirelength - wirelength backward 0.124 ms
[INFO   ] DREAMPlace - optimizer step 10.287 ms
[INFO   ] DREAMPlace - iteration   11, (   0,  5,  1), Obj 2.104847E+03, NetCrossing 6.506E+01, NetCrossingWeight 1.000000E+01, DensityWeight 1.068841E-04, HPWL 1.057500E+03, Overflow 2.336584E-01, MaxDensity 2.548E+00, MacroOverlap 9.266E+00, MacroOverlapWeight 8.000000E-06, gamma 1.015050E+01, time 3.336ms
[INFO   ] DREAMPlace - full step 14.674 ms
[INFO   ] DREAMPlace - Lsub stopping criteria: 1 and 2104.85 > 2105.61 * 0.999
[DEBUG  ] dreamplace.ops.logsumexp_wirelength.logsumexp_wirelength - wirelength forward 0.166 ms
[DEBUG  ] dreamplace.ops.electric_potential.electric_potential - density forward 1.198 ms
[DEBUG  ] dreamplace.ops.electric_potential.electric_potential - density backward 0.396 ms
[DEBUG  ] dreamplace.ops.logsumexp_wirelength.logsumexp_wirelength - wirelength backward 0.135 ms
[INFO   ] DREAMPlace - optimizer step 9.711 ms
[INFO   ] DREAMPlace - iteration   12, (   0,  6,  0), Obj 2.056921E+03, NetCrossing 6.906E+01, NetCrossingWeight 1.000000E+01, DensityWeight 1.191427E-04, HPWL 1.034525E+03, Overflow 2.389607E-01, MaxDensity 2.548E+00, MacroOverlap 1.108E+01, MacroOverlapWeight 8.000000E-06, gamma 1.015050E+01, time 3.276ms
[INFO   ] DREAMPlace - full step 13.944 ms
[DEBUG  ] dreamplace.ops.logsumexp_wirelength.logsumexp_wirelength - wirelength forward 0.164 ms
[DEBUG  ] dreamplace.ops.electric_potential.electric_potential - density forward 1.193 ms
[DEBUG  ] dreamplace.ops.electric_potential.electric_potential - density backward 0.411 ms
[DEBUG  ] dreamplace.ops.logsumexp_wirelength.logsumexp_wirelength - wirelength backward 0.150 ms
[INFO   ] DREAMPlace - optimizer step 9.990 ms
[INFO   ] DREAMPlace - iteration   13, (   0,  6,  1), Obj 2.087813E+03, NetCrossing 6.485E+01, NetCrossingWeight 1.000000E+01, DensityWeight 1.191427E-04, HPWL 1.137274E+03, Overflow 2.277524E-01, MaxDensity 2.548E+00, MacroOverlap 9.113E+00, MacroOverlapWeight 8.000000E-06, gamma 1.015050E+01, time 3.277ms
[INFO   ] DREAMPlace - full step 14.317 ms
[INFO   ] DREAMPlace - Lsub stopping criteria: 1 and 2087.81 > 2056.92 * 0.999
[DEBUG  ] dreamplace.ops.logsumexp_wirelength.logsumexp_wirelength - wirelength forward 0.166 ms
[DEBUG  ] dreamplace.ops.electric_potential.electric_potential - density forward 1.177 ms
[DEBUG  ] dreamplace.ops.electric_potential.electric_potential - density backward 0.375 ms
[DEBUG  ] dreamplace.ops.logsumexp_wirelength.logsumexp_wirelength - wirelength backward 0.128 ms
[INFO   ] DREAMPlace - optimizer step 9.656 ms
[INFO   ] DREAMPlace - iteration   14, (   0,  7,  0), Obj 2.068245E+03, NetCrossing 6.687E+01, NetCrossingWeight 1.000000E+01, DensityWeight 1.328075E-04, HPWL 1.177767E+03, Overflow 2.271941E-01, MaxDensity 2.552E+00, MacroOverlap 1.036E+01, MacroOverlapWeight 8.000000E-06, gamma 1.015050E+01, time 3.272ms
[INFO   ] DREAMPlace - full step 13.959 ms
[DEBUG  ] dreamplace.ops.logsumexp_wirelength.logsumexp_wirelength - wirelength forward 0.173 ms
[DEBUG  ] dreamplace.ops.electric_potential.electric_potential - density forward 1.233 ms
[DEBUG  ] dreamplace.ops.electric_potential.electric_potential - density backward 0.411 ms
[DEBUG  ] dreamplace.ops.logsumexp_wirelength.logsumexp_wirelength - wirelength backward 0.147 ms
[INFO   ] DREAMPlace - optimizer step 9.915 ms
[INFO   ] DREAMPlace - iteration   15, (   0,  7,  1), Obj 2.041021E+03, NetCrossing 6.316E+01, NetCrossingWeight 1.000000E+01, DensityWeight 1.328075E-04, HPWL 1.164372E+03, Overflow 2.201778E-01, MaxDensity 2.970E+00, MacroOverlap 8.253E+00, MacroOverlapWeight 8.000000E-06, gamma 1.015050E+01, time 3.395ms
[INFO   ] DREAMPlace - full step 14.360 ms
[DEBUG  ] dreamplace.ops.logsumexp_wirelength.logsumexp_wirelength - wirelength forward 0.183 ms
[DEBUG  ] dreamplace.ops.electric_potential.electric_potential - density forward 1.200 ms
[DEBUG  ] dreamplace.ops.electric_potential.electric_potential - density backward 0.330 ms
[DEBUG  ] dreamplace.ops.logsumexp_wirelength.logsumexp_wirelength - wirelength backward 0.126 ms
[INFO   ] DREAMPlace - optimizer step 9.796 ms
[INFO   ] DREAMPlace - iteration   16, (   0,  8,  0), Obj 2.013297E+03, NetCrossing 6.353E+01, NetCrossingWeight 1.000000E+01, DensityWeight 1.480414E-04, HPWL 1.180010E+03, Overflow 2.175618E-01, MaxDensity 3.057E+00, MacroOverlap 8.886E+00, MacroOverlapWeight 8.000000E-06, gamma 1.015050E+01, time 3.424ms
[INFO   ] DREAMPlace - full step 14.252 ms
[DEBUG  ] dreamplace.ops.logsumexp_wirelength.logsumexp_wirelength - wirelength forward 0.169 ms
[DEBUG  ] dreamplace.ops.electric_potential.electric_potential - density forward 1.199 ms
[DEBUG  ] dreamplace.ops.electric_potential.electric_potential - density backward 0.327 ms
[DEBUG  ] dreamplace.ops.logsumexp_wirelength.logsumexp_wirelength - wirelength backward 0.129 ms
[INFO   ] DREAMPlace - optimizer step 9.023 ms
[INFO   ] DREAMPlace - iteration   17, (   0,  8,  1), Obj 1.987871E+03, NetCrossing 6.171E+01, NetCrossingWeight 1.000000E+01, DensityWeight 1.480414E-04, HPWL 1.167513E+03, Overflow 2.105342E-01, MaxDensity 3.567E+00, MacroOverlap 6.891E+00, MacroOverlapWeight 8.000000E-06, gamma 1.015050E+01, time 3.349ms
[INFO   ] DREAMPlace - full step 13.415 ms
[DEBUG  ] dreamplace.ops.logsumexp_wirelength.logsumexp_wirelength - wirelength forward 0.166 ms
[DEBUG  ] dreamplace.ops.electric_potential.electric_potential - density forward 1.176 ms
[DEBUG  ] dreamplace.ops.electric_potential.electric_potential - density backward 0.354 ms
[DEBUG  ] dreamplace.ops.logsumexp_wirelength.logsumexp_wirelength - wirelength backward 0.116 ms
[INFO   ] DREAMPlace - optimizer step 9.314 ms
[INFO   ] DREAMPlace - iteration   18, (   0,  9,  0), Obj 1.986302E+03, NetCrossing 6.406E+01, NetCrossingWeight 1.000000E+01, DensityWeight 1.650237E-04, HPWL 1.233992E+03, Overflow 2.042604E-01, MaxDensity 3.222E+00, MacroOverlap 7.264E+00, MacroOverlapWeight 8.000000E-06, gamma 1.015050E+01, time 3.278ms
[INFO   ] DREAMPlace - full step 13.612 ms
[DEBUG  ] dreamplace.ops.logsumexp_wirelength.logsumexp_wirelength - wirelength forward 0.179 ms
[DEBUG  ] dreamplace.ops.electric_potential.electric_potential - density forward 1.189 ms
[DEBUG  ] dreamplace.ops.electric_potential.electric_potential - density backward 0.641 ms
[DEBUG  ] dreamplace.ops.logsumexp_wirelength.logsumexp_wirelength - wirelength backward 0.128 ms
[INFO   ] DREAMPlace - optimizer step 10.255 ms
[INFO   ] DREAMPlace - iteration   19, (   0,  9,  1), Obj 1.941541E+03, NetCrossing 6.214E+01, NetCrossingWeight 1.000000E+01, DensityWeight 1.650237E-04, HPWL 1.175051E+03, Overflow 1.924896E-01, MaxDensity 3.057E+00, MacroOverlap 4.783E+00, MacroOverlapWeight 8.000000E-06, gamma 1.015050E+01, time 3.316ms
[INFO   ] DREAMPlace - full step 14.643 ms
[DEBUG  ] dreamplace.ops.logsumexp_wirelength.logsumexp_wirelength - wirelength forward 0.179 ms
[DEBUG  ] dreamplace.ops.electric_potential.electric_potential - density forward 1.199 ms
[DEBUG  ] dreamplace.ops.electric_potential.electric_potential - density backward 0.399 ms
[DEBUG  ] dreamplace.ops.logsumexp_wirelength.logsumexp_wirelength - wirelength backward 0.127 ms
[DEBUG  ] dreamplace.ops.logsumexp_wirelength.logsumexp_wirelength - wirelength forward 0.149 ms
[DEBUG  ] dreamplace.ops.electric_potential.electric_potential - density forward 0.951 ms
[DEBUG  ] dreamplace.ops.electric_potential.electric_potential - density backward 0.382 ms
[DEBUG  ] dreamplace.ops.logsumexp_wirelength.logsumexp_wirelength - wirelength backward 0.124 ms
[DEBUG  ] dreamplace.ops.logsumexp_wirelength.logsumexp_wirelength - wirelength forward 0.161 ms
[DEBUG  ] dreamplace.ops.electric_potential.electric_potential - density forward 1.230 ms
[DEBUG  ] dreamplace.ops.electric_potential.electric_potential - density backward 0.354 ms
[DEBUG  ] dreamplace.ops.logsumexp_wirelength.logsumexp_wirelength - wirelength backward 0.104 ms
[INFO   ] DREAMPlace - optimizer step 28.004 ms
[INFO   ] DREAMPlace - iteration   20, (   1,  0,  0), Obj 1.939942E+03, NetCrossing 6.479E+01, NetCrossingWeight 1.000000E+01, DensityWeight 1.839538E-04, HPWL 1.245389E+03, Overflow 1.866328E-01, MaxDensity 2.548E+00, MacroOverlap 5.572E+00, MacroOverlapWeight 8.000000E-06, gamma 1.629370E-01, time 3.423ms
[INFO   ] DREAMPlace - full step 32.366 ms
[DEBUG  ] dreamplace.ops.logsumexp_wirelength.logsumexp_wirelength - wirelength forward 0.144 ms
[DEBUG  ] dreamplace.ops.electric_potential.electric_potential - density forward 1.077 ms
[DEBUG  ] dreamplace.ops.electric_potential.electric_potential - density backward 0.354 ms
[DEBUG  ] dreamplace.ops.logsumexp_wirelength.logsumexp_wirelength - wirelength backward 0.108 ms
[DEBUG  ] dreamplace.ops.logsumexp_wirelength.logsumexp_wirelength - wirelength forward 0.211 ms
[DEBUG  ] dreamplace.ops.electric_potential.electric_potential - density forward 1.164 ms
[DEBUG  ] dreamplace.ops.electric_potential.electric_potential - density backward 0.328 ms
[DEBUG  ] dreamplace.ops.logsumexp_wirelength.logsumexp_wirelength - wirelength backward 0.099 ms
[INFO   ] DREAMPlace - optimizer step 17.431 ms
[INFO   ] DREAMPlace - iteration   21, (   1,  0,  1), Obj 8.434689E+02, NetCrossing 6.385E+01, NetCrossingWeight 1.000000E+01, DensityWeight 1.839538E-04, HPWL 7.248776E+02, Overflow 1.857507E-01, MaxDensity 2.548E+00, MacroOverlap 3.119E+00, MacroOverlapWeight 8.000000E-06, gamma 1.629370E-01, time 2.986ms
[INFO   ] DREAMPlace - full step 21.386 ms
[DEBUG  ] dreamplace.ops.logsumexp_wirelength.logsumexp_wirelength - wirelength forward 0.165 ms
[DEBUG  ] dreamplace.ops.electric_potential.electric_potential - density forward 1.204 ms
[DEBUG  ] dreamplace.ops.electric_potential.electric_potential - density backward 0.345 ms
[DEBUG  ] dreamplace.ops.logsumexp_wirelength.logsumexp_wirelength - wirelength backward 0.102 ms
[INFO   ] DREAMPlace - optimizer step 9.111 ms
[INFO   ] DREAMPlace - iteration   22, (   1,  1,  0), Obj 1.823819E+03, NetCrossing 7.184E+01, NetCrossingWeight 1.000000E+01, DensityWeight 2.048303E-04, HPWL 1.681282E+03, Overflow 2.014971E-01, MaxDensity 3.567E+00, MacroOverlap 2.029E+01, MacroOverlapWeight 8.000000E-06, gamma 1.629370E-01, time 3.322ms
[INFO   ] DREAMPlace - full step 13.399 ms
[DEBUG  ] dreamplace.ops.logsumexp_wirelength.logsumexp_wirelength - wirelength forward 0.165 ms
[DEBUG  ] dreamplace.ops.electric_potential.electric_potential - density forward 0.952 ms
[DEBUG  ] dreamplace.ops.electric_potential.electric_potential - density backward 0.441 ms
[DEBUG  ] dreamplace.ops.logsumexp_wirelength.logsumexp_wirelength - wirelength backward 0.155 ms
[INFO   ] DREAMPlace - optimizer step 9.973 ms
[INFO   ] DREAMPlace - iteration   23, (   1,  1,  1), Obj 1.146825E+03, NetCrossing 7.053E+01, NetCrossingWeight 1.000000E+01, DensityWeight 2.048303E-04, HPWL 1.024174E+03, Overflow 1.843993E-01, MaxDensity 3.567E+00, MacroOverlap 5.038E+00, MacroOverlapWeight 8.000000E-06, gamma 1.629370E-01, time 3.363ms
[INFO   ] DREAMPlace - full step 14.376 ms
[DEBUG  ] dreamplace.ops.logsumexp_wirelength.logsumexp_wirelength - wirelength forward 0.123 ms
[DEBUG  ] dreamplace.ops.electric_potential.electric_potential - density forward 0.909 ms
[DEBUG  ] dreamplace.ops.electric_potential.electric_potential - density backward 0.343 ms
[DEBUG  ] dreamplace.ops.logsumexp_wirelength.logsumexp_wirelength - wirelength backward 0.098 ms
[INFO   ] DREAMPlace - optimizer step 7.590 ms
[INFO   ] DREAMPlace - iteration   24, (   1,  2,  0), Obj 1.799010E+03, NetCrossing 6.677E+01, NetCrossingWeight 1.000000E+01, DensityWeight 2.283114E-04, HPWL 1.710832E+03, Overflow 1.601622E-01, MaxDensity 2.548E+00, MacroOverlap 2.054E+00, MacroOverlapWeight 8.000000E-06, gamma 1.629370E-01, time 2.807ms
[INFO   ] DREAMPlace - full step 11.197 ms
[DEBUG  ] dreamplace.ops.logsumexp_wirelength.logsumexp_wirelength - wirelength forward 0.121 ms
[DEBUG  ] dreamplace.ops.electric_potential.electric_potential - density forward 0.930 ms
[DEBUG  ] dreamplace.ops.electric_potential.electric_potential - density backward 0.457 ms
[DEBUG  ] dreamplace.ops.logsumexp_wirelength.logsumexp_wirelength - wirelength backward 0.179 ms
[DEBUG  ] dreamplace.ops.logsumexp_wirelength.logsumexp_wirelength - wirelength forward 0.124 ms
[DEBUG  ] dreamplace.ops.electric_potential.electric_potential - density forward 1.003 ms
[DEBUG  ] dreamplace.ops.electric_potential.electric_potential - density backward 0.393 ms
[DEBUG  ] dreamplace.ops.logsumexp_wirelength.logsumexp_wirelength - wirelength backward 0.134 ms
[DEBUG  ] dreamplace.ops.logsumexp_wirelength.logsumexp_wirelength - wirelength forward 0.122 ms
[DEBUG  ] dreamplace.ops.electric_potential.electric_potential - density forward 0.952 ms
[DEBUG  ] dreamplace.ops.electric_potential.electric_potential - density backward 0.339 ms
[DEBUG  ] dreamplace.ops.logsumexp_wirelength.logsumexp_wirelength - wirelength backward 0.094 ms
[INFO   ] DREAMPlace - optimizer step 25.121 ms
[INFO   ] DREAMPlace - iteration   25, (   1,  2,  1), Obj 1.386457E+03, NetCrossing 6.133E+01, NetCrossingWeight 1.000000E+01, DensityWeight 2.283114E-04, HPWL 1.303034E+03, Overflow 1.333995E-01, MaxDensity 2.038E+00, MacroOverlap 1.576E+00, MacroOverlapWeight 8.000000E-06, gamma 1.629370E-01, time 2.784ms
[INFO   ] DREAMPlace - full step 28.721 ms
[DEBUG  ] dreamplace.ops.logsumexp_wirelength.logsumexp_wirelength - wirelength forward 0.125 ms
[DEBUG  ] dreamplace.ops.electric_potential.electric_potential - density forward 1.017 ms
[DEBUG  ] dreamplace.ops.electric_potential.electric_potential - density backward 0.417 ms
[DEBUG  ] dreamplace.ops.logsumexp_wirelength.logsumexp_wirelength - wirelength backward 0.144 ms
[INFO   ] DREAMPlace - optimizer step 9.053 ms
[INFO   ] DREAMPlace - iteration   26, (   1,  3,  0), Obj 1.306269E+03, NetCrossing 6.568E+01, NetCrossingWeight 1.000000E+01, DensityWeight 2.544853E-04, HPWL 1.194333E+03, Overflow 1.559420E-01, MaxDensity 2.548E+00, MacroOverlap 5.405E+00, MacroOverlapWeight 8.000000E-06, gamma 1.629370E-01, time 2.843ms
[INFO   ] DREAMPlace - full step 12.855 ms
[DEBUG  ] dreamplace.ops.logsumexp_wirelength.logsumexp_wirelength - wirelength forward 0.162 ms
[DEBUG  ] dreamplace.ops.electric_potential.electric_potential - density forward 1.205 ms
[DEBUG  ] dreamplace.ops.electric_potential.electric_potential - density backward 0.392 ms
[DEBUG  ] dreamplace.ops.logsumexp_wirelength.logsumexp_wirelength - wirelength backward 0.148 ms
[INFO   ] DREAMPlace - optimizer step 9.661 ms
[INFO   ] DREAMPlace - iteration   27, (   1,  3,  1), Obj 1.354720E+03, NetCrossing 6.482E+01, NetCrossingWeight 1.000000E+01, DensityWeight 2.544853E-04, HPWL 1.253134E+03, Overflow 1.444217E-01, MaxDensity 2.548E+00, MacroOverlap 2.258E+00, MacroOverlapWeight 8.000000E-06, gamma 1.629370E-01, time 3.306ms
[INFO   ] DREAMPlace - full step 14.021 ms
[INFO   ] DREAMPlace - Lsub stopping criteria: 1 and 1354.72 > 1306.27 * 0.999
[DEBUG  ] dreamplace.ops.logsumexp_wirelength.logsumexp_wirelength - wirelength forward 0.207 ms
[DEBUG  ] dreamplace.ops.electric_potential.electric_potential - density forward 1.296 ms
[DEBUG  ] dreamplace.ops.electric_potential.electric_potential - density backward 0.417 ms
[DEBUG  ] dreamplace.ops.logsumexp_wirelength.logsumexp_wirelength - wirelength backward 0.156 ms
[INFO   ] DREAMPlace - optimizer step 10.906 ms
[INFO   ] DREAMPlace - iteration   28, (   1,  4,  0), Obj 1.237059E+03, NetCrossing 6.245E+01, NetCrossingWeight 1.000000E+01, DensityWeight 2.832814E-04, HPWL 1.126486E+03, Overflow 1.590190E-01, MaxDensity 2.823E+00, MacroOverlap 2.606E+00, MacroOverlapWeight 8.000000E-06, gamma 1.629370E-01, time 3.342ms
[INFO   ] DREAMPlace - full step 15.230 ms
[DEBUG  ] dreamplace.ops.logsumexp_wirelength.logsumexp_wirelength - wirelength forward 0.162 ms
[DEBUG  ] dreamplace.ops.electric_potential.electric_potential - density forward 1.137 ms
[DEBUG  ] dreamplace.ops.electric_potential.electric_potential - density backward 0.348 ms
[DEBUG  ] dreamplace.ops.logsumexp_wirelength.logsumexp_wirelength - wirelength backward 0.135 ms
[INFO   ] DREAMPlace - optimizer step 8.882 ms
[INFO   ] DREAMPlace - iteration   29, (   1,  4,  1), Obj 1.312142E+03, NetCrossing 5.491E+01, NetCrossingWeight 1.000000E+01, DensityWeight 2.832814E-04, HPWL 1.202215E+03, Overflow 1.431687E-01, MaxDensity 3.515E+00, MacroOverlap 1.485E+00, MacroOverlapWeight 8.000000E-06, gamma 1.629370E-01, time 3.220ms
[INFO   ] DREAMPlace - full step 13.072 ms
[INFO   ] DREAMPlace - Lsub stopping criteria: 1 and 1312.14 > 1237.06 * 0.999
[DEBUG  ] dreamplace.ops.logsumexp_wirelength.logsumexp_wirelength - wirelength forward 0.166 ms
[DEBUG  ] dreamplace.ops.electric_potential.electric_potential - density forward 1.221 ms
[DEBUG  ] dreamplace.ops.electric_potential.electric_potential - density backward 0.374 ms
[DEBUG  ] dreamplace.ops.logsumexp_wirelength.logsumexp_wirelength - wirelength backward 0.129 ms
[INFO   ] DREAMPlace - optimizer step 9.505 ms
[INFO   ] DREAMPlace - iteration   30, (   1,  5,  0), Obj 1.184981E+03, NetCrossing 6.304E+01, NetCrossingWeight 1.000000E+01, DensityWeight 3.153043E-04, HPWL 1.068147E+03, Overflow 1.519393E-01, MaxDensity 2.548E+00, MacroOverlap 2.484E+00, MacroOverlapWeight 8.000000E-06, gamma 1.629370E-01, time 3.255ms
[INFO   ] DREAMPlace - full step 13.761 ms
[DEBUG  ] dreamplace.ops.logsumexp_wirelength.logsumexp_wirelength - wirelength forward 0.272 ms
[DEBUG  ] dreamplace.ops.electric_potential.electric_potential - density forward 1.191 ms
[DEBUG  ] dreamplace.ops.electric_potential.electric_potential - density backward 0.369 ms
[DEBUG  ] dreamplace.ops.logsumexp_wirelength.logsumexp_wirelength - wirelength backward 0.111 ms
[INFO   ] DREAMPlace - optimizer step 9.499 ms
[INFO   ] DREAMPlace - iteration   31, (   1,  5,  1), Obj 1.187784E+03, NetCrossing 6.514E+01, NetCrossingWeight 1.000000E+01, DensityWeight 3.153043E-04, HPWL 1.044578E+03, Overflow 1.599096E-01, MaxDensity 2.548E+00, MacroOverlap 2.999E+00, MacroOverlapWeight 8.000000E-06, gamma 1.629370E-01, time 3.351ms
[INFO   ] DREAMPlace - full step 13.955 ms
[INFO   ] DREAMPlace - Lsub stopping criteria: 1 and 1187.78 > 1184.98 * 0.999
[DEBUG  ] dreamplace.ops.logsumexp_wirelength.logsumexp_wirelength - wirelength forward 0.157 ms
[DEBUG  ] dreamplace.ops.electric_potential.electric_potential - density forward 1.166 ms
[DEBUG  ] dreamplace.ops.electric_potential.electric_potential - density backward 0.373 ms
[DEBUG  ] dreamplace.ops.logsumexp_wirelength.logsumexp_wirelength - wirelength backward 0.111 ms
[INFO   ] DREAMPlace - optimizer step 9.133 ms
[INFO   ] DREAMPlace - iteration   32, (   1,  6,  0), Obj 1.194944E+03, NetCrossing 8.390E+01, NetCrossingWeight 1.000000E+01, DensityWeight 3.509121E-04, HPWL 1.068182E+03, Overflow 1.641287E-01, MaxDensity 2.548E+00, MacroOverlap 3.422E+00, MacroOverlapWeight 8.000000E-06, gamma 1.629370E-01, time 3.241ms
[INFO   ] DREAMPlace - full step 13.339 ms
[DEBUG  ] dreamplace.ops.logsumexp_wirelength.logsumexp_wirelength - wirelength forward 0.158 ms
[DEBUG  ] dreamplace.ops.electric_potential.electric_potential - density forward 1.171 ms
[DEBUG  ] dreamplace.ops.electric_potential.electric_potential - density backward 0.384 ms
[DEBUG  ] dreamplace.ops.logsumexp_wirelength.logsumexp_wirelength - wirelength backward 0.113 ms
[INFO   ] DREAMPlace - optimizer step 9.307 ms
[INFO   ] DREAMPlace - iteration   33, (   1,  6,  1), Obj 1.189688E+03, NetCrossing 8.610E+01, NetCrossingWeight 1.000000E+01, DensityWeight 3.509121E-04, HPWL 1.049613E+03, Overflow 1.609214E-01, MaxDensity 2.548E+00, MacroOverlap 3.084E+00, MacroOverlapWeight 8.000000E-06, gamma 1.629370E-01, time 3.196ms
[INFO   ] DREAMPlace - full step 13.481 ms
[DEBUG  ] dreamplace.ops.logsumexp_wirelength.logsumexp_wirelength - wirelength forward 0.176 ms
[DEBUG  ] dreamplace.ops.electric_potential.electric_potential - density forward 1.291 ms
[DEBUG  ] dreamplace.ops.electric_potential.electric_potential - density backward 0.371 ms
[DEBUG  ] dreamplace.ops.logsumexp_wirelength.logsumexp_wirelength - wirelength backward 0.110 ms
[INFO   ] DREAMPlace - optimizer step 9.571 ms
[INFO   ] DREAMPlace - iteration   34, (   1,  7,  0), Obj 1.119286E+03, NetCrossing 5.653E+01, NetCrossingWeight 1.000000E+01, DensityWeight 3.911660E-04, HPWL 1.010916E+03, Overflow 1.543096E-01, MaxDensity 2.405E+00, MacroOverlap 2.735E+00, MacroOverlapWeight 8.000000E-06, gamma 1.629370E-01, time 3.632ms
[INFO   ] DREAMPlace - full step 14.220 ms
[DEBUG  ] dreamplace.ops.logsumexp_wirelength.logsumexp_wirelength - wirelength forward 0.156 ms
[DEBUG  ] dreamplace.ops.electric_potential.electric_potential - density forward 1.143 ms
[DEBUG  ] dreamplace.ops.electric_potential.electric_potential - density backward 0.369 ms
[DEBUG  ] dreamplace.ops.logsumexp_wirelength.logsumexp_wirelength - wirelength backward 0.111 ms
[INFO   ] DREAMPlace - optimizer step 8.909 ms
[INFO   ] DREAMPlace - iteration   35, (   1,  7,  1), Obj 1.135305E+03, NetCrossing 5.964E+01, NetCrossingWeight 1.000000E+01, DensityWeight 3.911660E-04, HPWL 1.012151E+03, Overflow 1.586261E-01, MaxDensity 2.548E+00, MacroOverlap 2.675E+00, MacroOverlapWeight 8.000000E-06, gamma 1.629370E-01, time 3.209ms
[INFO   ] DREAMPlace - full step 13.150 ms
[INFO   ] DREAMPlace - Lsub stopping criteria: 1 and 1135.3 > 1119.29 * 0.999
[DEBUG  ] dreamplace.ops.logsumexp_wirelength.logsumexp_wirelength - wirelength forward 0.165 ms
[DEBUG  ] dreamplace.ops.electric_potential.electric_potential - density forward 1.206 ms
[DEBUG  ] dreamplace.ops.electric_potential.electric_potential - density backward 0.367 ms
[DEBUG  ] dreamplace.ops.logsumexp_wirelength.logsumexp_wirelength - wirelength backward 0.109 ms
[INFO   ] DREAMPlace - optimizer step 9.238 ms
[INFO   ] DREAMPlace - iteration   36, (   1,  8,  0), Obj 1.282932E+03, NetCrossing 5.765E+01, NetCrossingWeight 1.000000E+01, DensityWeight 4.352539E-04, HPWL 1.167430E+03, Overflow 1.577415E-01, MaxDensity 3.057E+00, MacroOverlap 3.568E+00, MacroOverlapWeight 8.000000E-06, gamma 1.629370E-01, time 3.255ms
[INFO   ] DREAMPlace - full step 13.497 ms
[DEBUG  ] dreamplace.ops.logsumexp_wirelength.logsumexp_wirelength - wirelength forward 0.161 ms
[DEBUG  ] dreamplace.ops.electric_potential.electric_potential - density forward 1.179 ms
[DEBUG  ] dreamplace.ops.electric_potential.electric_potential - density backward 0.369 ms
[DEBUG  ] dreamplace.ops.logsumexp_wirelength.logsumexp_wirelength - wirelength backward 0.110 ms
[INFO   ] DREAMPlace - optimizer step 9.155 ms
[INFO   ] DREAMPlace - iteration   37, (   1,  8,  1), Obj 1.126086E+03, NetCrossing 5.310E+01, NetCrossingWeight 1.000000E+01, DensityWeight 4.352539E-04, HPWL 1.014675E+03, Overflow 1.528423E-01, MaxDensity 2.548E+00, MacroOverlap 3.573E+00, MacroOverlapWeight 8.000000E-06, gamma 1.629370E-01, time 3.275ms
[INFO   ] DREAMPlace - full step 13.422 ms
[DEBUG  ] dreamplace.ops.logsumexp_wirelength.logsumexp_wirelength - wirelength forward 0.158 ms
[DEBUG  ] dreamplace.ops.electric_potential.electric_potential - density forward 1.148 ms
[DEBUG  ] dreamplace.ops.electric_potential.electric_potential - density backward 0.363 ms
[DEBUG  ] dreamplace.ops.logsumexp_wirelength.logsumexp_wirelength - wirelength backward 0.116 ms
[INFO   ] DREAMPlace - optimizer step 8.956 ms
[INFO   ] DREAMPlace - iteration   38, (   1,  9,  0), Obj 1.274968E+03, NetCrossing 6.880E+01, NetCrossingWeight 1.000000E+01, DensityWeight 4.851832E-04, HPWL 1.187815E+03, Overflow 1.485821E-01, MaxDensity 2.548E+00, MacroOverlap 2.019E+00, MacroOverlapWeight 8.000000E-06, gamma 1.629370E-01, time 3.229ms
[INFO   ] DREAMPlace - full step 13.110 ms
[DEBUG  ] dreamplace.ops.logsumexp_wirelength.logsumexp_wirelength - wirelength forward 0.147 ms
[DEBUG  ] dreamplace.ops.electric_potential.electric_potential - density forward 1.199 ms
[DEBUG  ] dreamplace.ops.electric_potential.electric_potential - density backward 0.384 ms
[DEBUG  ] dreamplace.ops.logsumexp_wirelength.logsumexp_wirelength - wirelength backward 0.111 ms
[INFO   ] DREAMPlace - optimizer step 9.228 ms
[INFO   ] DREAMPlace - iteration   39, (   1,  9,  1), Obj 1.205665E+03, NetCrossing 7.188E+01, NetCrossingWeight 1.000000E+01, DensityWeight 4.851832E-04, HPWL 1.121128E+03, Overflow 1.385065E-01, MaxDensity 2.548E+00, MacroOverlap 2.171E+00, MacroOverlapWeight 8.000000E-06, gamma 1.629370E-01, time 3.072ms
[INFO   ] DREAMPlace - full step 13.301 ms
[DEBUG  ] dreamplace.ops.logsumexp_wirelength.logsumexp_wirelength - wirelength forward 0.179 ms
[DEBUG  ] dreamplace.ops.electric_potential.electric_potential - density forward 1.290 ms
[DEBUG  ] dreamplace.ops.electric_potential.electric_potential - density backward 0.337 ms
[DEBUG  ] dreamplace.ops.logsumexp_wirelength.logsumexp_wirelength - wirelength backward 0.098 ms
[INFO   ] DREAMPlace - optimizer step 9.588 ms
[INFO   ] DREAMPlace - iteration   40, (   2,  0,  0), Obj 1.129944E+03, NetCrossing 6.435E+01, NetCrossingWeight 1.000000E+01, DensityWeight 5.408269E-04, HPWL 1.031239E+03, Overflow 1.420778E-01, MaxDensity 2.548E+00, MacroOverlap 2.729E+00, MacroOverlapWeight 8.000000E-06, gamma 1.236111E-01, time 3.499ms
[INFO   ] DREAMPlace - full step 14.090 ms
[DEBUG  ] dreamplace.ops.logsumexp_wirelength.logsumexp_wirelength - wirelength forward 0.156 ms
[DEBUG  ] dreamplace.ops.electric_potential.electric_potential - density forward 1.140 ms
[DEBUG  ] dreamplace.ops.electric_potential.electric_potential - density backward 0.373 ms
[DEBUG  ] dreamplace.ops.logsumexp_wirelength.logsumexp_wirelength - wirelength backward 0.115 ms
[INFO   ] DREAMPlace - optimizer step 9.240 ms
[INFO   ] DREAMPlace - iteration   41, (   2,  0,  1), Obj 1.231515E+03, NetCrossing 7.136E+01, NetCrossingWeight 1.000000E+01, DensityWeight 5.408269E-04, HPWL 1.136931E+03, Overflow 1.370471E-01, MaxDensity 2.548E+00, MacroOverlap 2.060E+00, MacroOverlapWeight 8.000000E-06, gamma 1.236111E-01, time 3.178ms
[INFO   ] DREAMPlace - full step 13.406 ms
[INFO   ] DREAMPlace - Lsub stopping criteria: 1 and 1231.51 > 1129.94 * 0.999
[DEBUG  ] dreamplace.ops.logsumexp_wirelength.logsumexp_wirelength - wirelength forward 0.163 ms
[DEBUG  ] dreamplace.ops.electric_potential.electric_potential - density forward 1.226 ms
[DEBUG  ] dreamplace.ops.electric_potential.electric_potential - density backward 0.347 ms
[DEBUG  ] dreamplace.ops.logsumexp_wirelength.logsumexp_wirelength - wirelength backward 0.098 ms
[INFO   ] DREAMPlace - optimizer step 8.868 ms
[INFO   ] DREAMPlace - iteration   42, (   2,  1,  0), Obj 1.194805E+03, NetCrossing 4.651E+01, NetCrossingWeight 1.000000E+01, DensityWeight 6.028649E-04, HPWL 1.106461E+03, Overflow 1.328871E-01, MaxDensity 2.548E+00, MacroOverlap 2.736E+00, MacroOverlapWeight 8.000000E-06, gamma 1.236111E-01, time 3.234ms
[INFO   ] DREAMPlace - full step 13.115 ms
[DEBUG  ] dreamplace.ops.logsumexp_wirelength.logsumexp_wirelength - wirelength forward 0.166 ms
[DEBUG  ] dreamplace.ops.electric_potential.electric_potential - density forward 1.176 ms
[DEBUG  ] dreamplace.ops.electric_potential.electric_potential - density backward 0.448 ms
[DEBUG  ] dreamplace.ops.logsumexp_wirelength.logsumexp_wirelength - wirelength backward 0.180 ms
[INFO   ] DREAMPlace - optimizer step 10.384 ms
[INFO   ] DREAMPlace - iteration   43, (   2,  1,  1), Obj 1.192130E+03, NetCrossing 6.047E+01, NetCrossingWeight 1.000000E+01, DensityWeight 6.028649E-04, HPWL 1.098417E+03, Overflow 1.353616E-01, MaxDensity 2.548E+00, MacroOverlap 3.316E+00, MacroOverlapWeight 8.000000E-06, gamma 1.236111E-01, time 3.324ms
[INFO   ] DREAMPlace - full step 14.698 ms
[DEBUG  ] dreamplace.ops.logsumexp_wirelength.logsumexp_wirelength - wirelength forward 0.172 ms
[DEBUG  ] dreamplace.ops.electric_potential.electric_potential - density forward 1.168 ms
[DEBUG  ] dreamplace.ops.electric_potential.electric_potential - density backward 0.340 ms
[DEBUG  ] dreamplace.ops.logsumexp_wirelength.logsumexp_wirelength - wirelength backward 0.097 ms
[INFO   ] DREAMPlace - optimizer step 8.769 ms
[INFO   ] DREAMPlace - iteration   44, (   2,  2,  0), Obj 1.150106E+03, NetCrossing 6.750E+01, NetCrossingWeight 1.000000E+01, DensityWeight 6.705449E-04, HPWL 1.062152E+03, Overflow 1.339243E-01, MaxDensity 2.155E+00, MacroOverlap 2.675E+00, MacroOverlapWeight 8.000000E-06, gamma 1.236111E-01, time 3.265ms
[INFO   ] DREAMPlace - full step 12.955 ms
[DEBUG  ] dreamplace.ops.logsumexp_wirelength.logsumexp_wirelength - wirelength forward 0.163 ms
[DEBUG  ] dreamplace.ops.electric_potential.electric_potential - density forward 1.164 ms
[DEBUG  ] dreamplace.ops.electric_potential.electric_potential - density backward 0.490 ms
[DEBUG  ] dreamplace.ops.logsumexp_wirelength.logsumexp_wirelength - wirelength backward 0.186 ms
[INFO   ] DREAMPlace - optimizer step 10.846 ms
[INFO   ] DREAMPlace - iteration   45, (   2,  2,  1), Obj 1.223593E+03, NetCrossing 8.983E+01, NetCrossingWeight 1.000000E+01, DensityWeight 6.705449E-04, HPWL 1.143291E+03, Overflow 1.251941E-01, MaxDensity 2.397E+00, MacroOverlap 1.826E+00, MacroOverlapWeight 8.000000E-06, gamma 1.236111E-01, time 3.150ms
[INFO   ] DREAMPlace - full step 15.110 ms
[INFO   ] DREAMPlace - Lsub stopping criteria: 1 and 1223.59 > 1150.11 * 0.999
[DEBUG  ] dreamplace.ops.logsumexp_wirelength.logsumexp_wirelength - wirelength forward 0.200 ms
[DEBUG  ] dreamplace.ops.electric_potential.electric_potential - density forward 1.129 ms
[DEBUG  ] dreamplace.ops.electric_potential.electric_potential - density backward 0.331 ms
[DEBUG  ] dreamplace.ops.logsumexp_wirelength.logsumexp_wirelength - wirelength backward 0.099 ms
[INFO   ] DREAMPlace - optimizer step 8.806 ms
[INFO   ] DREAMPlace - iteration   46, (   2,  3,  0), Obj 1.106801E+03, NetCrossing 7.481E+01, NetCrossingWeight 1.000000E+01, DensityWeight 7.474578E-04, HPWL 1.029031E+03, Overflow 1.287950E-01, MaxDensity 2.209E+00, MacroOverlap 1.348E+00, MacroOverlapWeight 8.000000E-06, gamma 1.236111E-01, time 3.497ms
[INFO   ] DREAMPlace - full step 13.294 ms
[DEBUG  ] dreamplace.ops.logsumexp_wirelength.logsumexp_wirelength - wirelength forward 0.160 ms
[DEBUG  ] dreamplace.ops.electric_potential.electric_potential - density forward 1.147 ms
[DEBUG  ] dreamplace.ops.electric_potential.electric_potential - density backward 0.410 ms
[DEBUG  ] dreamplace.ops.logsumexp_wirelength.logsumexp_wirelength - wirelength backward 0.128 ms
[INFO   ] DREAMPlace - optimizer step 10.467 ms
[INFO   ] DREAMPlace - iteration   47, (   2,  3,  1), Obj 1.240176E+03, NetCrossing 6.858E+01, NetCrossingWeight 1.000000E+01, DensityWeight 7.474578E-04, HPWL 1.128707E+03, Overflow 1.390879E-01, MaxDensity 2.226E+00, MacroOverlap 2.936E+00, MacroOverlapWeight 8.000000E-06, gamma 1.236111E-01, time 3.222ms
[INFO   ] DREAMPlace - full step 14.728 ms
[INFO   ] DREAMPlace - Lsub stopping criteria: 1 and 1240.18 > 1106.8 * 0.999
[DEBUG  ] dreamplace.ops.logsumexp_wirelength.logsumexp_wirelength - wirelength forward 0.207 ms
[DEBUG  ] dreamplace.ops.electric_potential.electric_potential - density forward 1.414 ms
[DEBUG  ] dreamplace.ops.electric_potential.electric_potential - density backward 0.394 ms
[DEBUG  ] dreamplace.ops.logsumexp_wirelength.logsumexp_wirelength - wirelength backward 0.128 ms
[INFO   ] DREAMPlace - optimizer step 10.685 ms
[INFO   ] DREAMPlace - iteration   48, (   2,  4,  0), Obj 1.096851E+03, NetCrossing 5.602E+01, NetCrossingWeight 1.000000E+01, DensityWeight 8.312041E-04, HPWL 9.944155E+02, Overflow 1.315131E-01, MaxDensity 3.057E+00, MacroOverlap 2.223E+00, MacroOverlapWeight 8.000000E-06, gamma 1.236111E-01, time 3.678ms
[INFO   ] DREAMPlace - full step 15.426 ms
[DEBUG  ] dreamplace.ops.logsumexp_wirelength.logsumexp_wirelength - wirelength forward 0.182 ms
[DEBUG  ] dreamplace.ops.electric_potential.electric_potential - density forward 1.247 ms
[DEBUG  ] dreamplace.ops.electric_potential.electric_potential - density backward 0.350 ms
[DEBUG  ] dreamplace.ops.logsumexp_wirelength.logsumexp_wirelength - wirelength backward 0.103 ms
[INFO   ] DREAMPlace - optimizer step 9.380 ms
[INFO   ] DREAMPlace - iteration   49, (   2,  4,  1), Obj 1.218149E+03, NetCrossing 6.075E+01, NetCrossingWeight 1.000000E+01, DensityWeight 8.312041E-04, HPWL 1.110100E+03, Overflow 1.338597E-01, MaxDensity 2.548E+00, MacroOverlap 2.159E+00, MacroOverlapWeight 8.000000E-06, gamma 1.236111E-01, time 3.484ms
[INFO   ] DREAMPlace - full step 13.950 ms
[INFO   ] DREAMPlace - Lsub stopping criteria: 1 and 1218.15 > 1096.85 * 0.999
[DEBUG  ] dreamplace.ops.logsumexp_wirelength.logsumexp_wirelength - wirelength forward 0.176 ms
[DEBUG  ] dreamplace.ops.electric_potential.electric_potential - density forward 1.224 ms
[DEBUG  ] dreamplace.ops.electric_potential.electric_potential - density backward 0.413 ms
[DEBUG  ] dreamplace.ops.logsumexp_wirelength.logsumexp_wirelength - wirelength backward 0.125 ms
[INFO   ] DREAMPlace - optimizer step 9.944 ms
[INFO   ] DREAMPlace - iteration   50, (   2,  5,  0), Obj 1.135570E+03, NetCrossing 7.014E+01, NetCrossingWeight 1.000000E+01, DensityWeight 9.242409E-04, HPWL 1.047431E+03, Overflow 1.268550E-01, MaxDensity 2.078E+00, MacroOverlap 1.927E+00, MacroOverlapWeight 8.000000E-06, gamma 1.236111E-01, time 3.423ms
[INFO   ] DREAMPlace - full step 14.266 ms
[DEBUG  ] dreamplace.ops.logsumexp_wirelength.logsumexp_wirelength - wirelength forward 0.132 ms
[DEBUG  ] dreamplace.ops.electric_potential.electric_potential - density forward 0.938 ms
[DEBUG  ] dreamplace.ops.electric_potential.electric_potential - density backward 0.421 ms
[DEBUG  ] dreamplace.ops.logsumexp_wirelength.logsumexp_wirelength - wirelength backward 0.166 ms
[INFO   ] DREAMPlace - optimizer step 9.063 ms
[INFO   ] DREAMPlace - iteration   51, (   2,  5,  1), Obj 1.225032E+03, NetCrossing 6.032E+01, NetCrossingWeight 1.000000E+01, DensityWeight 9.242409E-04, HPWL 1.132422E+03, Overflow 1.256061E-01, MaxDensity 2.038E+00, MacroOverlap 1.603E+00, MacroOverlapWeight 8.000000E-06, gamma 1.236111E-01, time 2.772ms
[INFO   ] DREAMPlace - full step 12.621 ms
[INFO   ] DREAMPlace - Lsub stopping criteria: 1 and 1225.03 > 1135.57 * 0.999
[DEBUG  ] dreamplace.ops.logsumexp_wirelength.logsumexp_wirelength - wirelength forward 0.125 ms
[DEBUG  ] dreamplace.ops.electric_potential.electric_potential - density forward 0.951 ms
[DEBUG  ] dreamplace.ops.electric_potential.electric_potential - density backward 0.484 ms
[DEBUG  ] dreamplace.ops.logsumexp_wirelength.logsumexp_wirelength - wirelength backward 0.162 ms
[DEBUG  ] dreamplace.ops.logsumexp_wirelength.logsumexp_wirelength - wirelength forward 0.131 ms
[DEBUG  ] dreamplace.ops.electric_potential.electric_potential - density forward 0.917 ms
[DEBUG  ] dreamplace.ops.electric_potential.electric_potential - density backward 0.472 ms
[DEBUG  ] dreamplace.ops.logsumexp_wirelength.logsumexp_wirelength - wirelength backward 0.163 ms
[INFO   ] DREAMPlace - optimizer step 18.679 ms
[INFO   ] DREAMPlace - iteration   52, (   2,  6,  0), Obj 1.154902E+03, NetCrossing 7.588E+01, NetCrossingWeight 1.000000E+01, DensityWeight 1.030259E-03, HPWL 1.083037E+03, Overflow 1.107970E-01, MaxDensity 2.038E+00, MacroOverlap 1.434E+00, MacroOverlapWeight 8.000000E-06, gamma 1.236111E-01, time 2.770ms
[INFO   ] DREAMPlace - full step 22.284 ms
[DEBUG  ] dreamplace.ops.logsumexp_wirelength.logsumexp_wirelength - wirelength forward 0.135 ms
[DEBUG  ] dreamplace.ops.electric_potential.electric_potential - density forward 0.932 ms
[DEBUG  ] dreamplace.ops.electric_potential.electric_potential - density backward 0.333 ms
[DEBUG  ] dreamplace.ops.logsumexp_wirelength.logsumexp_wirelength - wirelength backward 0.096 ms
[INFO   ] DREAMPlace - optimizer step 7.773 ms
[INFO   ] DREAMPlace - iteration   53, (   2,  6,  1), Obj 1.079607E+03, NetCrossing 6.051E+01, NetCrossingWeight 1.000000E+01, DensityWeight 1.030259E-03, HPWL 9.601552E+02, Overflow 1.272656E-01, MaxDensity 2.548E+00, MacroOverlap 1.899E+00, MacroOverlapWeight 8.000000E-06, gamma 1.236111E-01, time 2.795ms
[INFO   ] DREAMPlace - full step 11.366 ms
[DEBUG  ] dreamplace.ops.logsumexp_wirelength.logsumexp_wirelength - wirelength forward 0.135 ms
[DEBUG  ] dreamplace.ops.electric_potential.electric_potential - density forward 0.944 ms
[DEBUG  ] dreamplace.ops.electric_potential.electric_potential - density backward 0.385 ms
[DEBUG  ] dreamplace.ops.logsumexp_wirelength.logsumexp_wirelength - wirelength backward 0.123 ms
[INFO   ] DREAMPlace - optimizer step 8.434 ms
[INFO   ] DREAMPlace - iteration   54, (   2,  7,  0), Obj 1.123041E+03, NetCrossing 6.180E+01, NetCrossingWeight 1.000000E+01, DensityWeight 1.145347E-03, HPWL 1.004618E+03, Overflow 1.264363E-01, MaxDensity 2.548E+00, MacroOverlap 2.249E+00, MacroOverlapWeight 8.000000E-06, gamma 1.236111E-01, time 2.747ms
[INFO   ] DREAMPlace - full step 12.038 ms
[DEBUG  ] dreamplace.ops.logsumexp_wirelength.logsumexp_wirelength - wirelength forward 0.127 ms
[DEBUG  ] dreamplace.ops.electric_potential.electric_potential - density forward 0.965 ms
[DEBUG  ] dreamplace.ops.electric_potential.electric_potential - density backward 0.428 ms
[DEBUG  ] dreamplace.ops.logsumexp_wirelength.logsumexp_wirelength - wirelength backward 0.163 ms
[INFO   ] DREAMPlace - optimizer step 9.190 ms
[INFO   ] DREAMPlace - iteration   55, (   2,  7,  1), Obj 1.132801E+03, NetCrossing 7.558E+01, NetCrossingWeight 1.000000E+01, DensityWeight 1.145347E-03, HPWL 1.021211E+03, Overflow 1.222086E-01, MaxDensity 2.038E+00, MacroOverlap 1.669E+00, MacroOverlapWeight 8.000000E-06, gamma 1.236111E-01, time 2.758ms
[INFO   ] DREAMPlace - full step 12.783 ms
[INFO   ] DREAMPlace - Lsub stopping criteria: 1 and 1132.8 > 1123.04 * 0.999
[DEBUG  ] dreamplace.ops.logsumexp_wirelength.logsumexp_wirelength - wirelength forward 0.149 ms
[DEBUG  ] dreamplace.ops.electric_potential.electric_potential - density forward 0.951 ms
[DEBUG  ] dreamplace.ops.electric_potential.electric_potential - density backward 0.408 ms
[DEBUG  ] dreamplace.ops.logsumexp_wirelength.logsumexp_wirelength - wirelength backward 0.129 ms
[INFO   ] DREAMPlace - optimizer step 8.996 ms
[INFO   ] DREAMPlace - iteration   56, (   2,  8,  0), Obj 1.116437E+03, NetCrossing 6.099E+01, NetCrossingWeight 1.000000E+01, DensityWeight 1.276715E-03, HPWL 1.008965E+03, Overflow 1.236230E-01, MaxDensity 2.548E+00, MacroOverlap 1.352E+00, MacroOverlapWeight 8.000000E-06, gamma 1.236111E-01, time 2.747ms
[INFO   ] DREAMPlace - full step 12.615 ms
[DEBUG  ] dreamplace.ops.logsumexp_wirelength.logsumexp_wirelength - wirelength forward 0.133 ms
[DEBUG  ] dreamplace.ops.electric_potential.electric_potential - density forward 0.963 ms
[DEBUG  ] dreamplace.ops.electric_potential.electric_potential - density backward 0.394 ms
[DEBUG  ] dreamplace.ops.logsumexp_wirelength.logsumexp_wirelength - wirelength backward 0.128 ms
[INFO   ] DREAMPlace - optimizer step 8.669 ms
[INFO   ] DREAMPlace - iteration   57, (   2,  8,  1), Obj 1.125442E+03, NetCrossing 7.382E+01, NetCrossingWeight 1.000000E+01, DensityWeight 1.276715E-03, HPWL 9.786302E+02, Overflow 1.278591E-01, MaxDensity 2.258E+00, MacroOverlap 2.257E+00, MacroOverlapWeight 8.000000E-06, gamma 1.236111E-01, time 2.780ms
[INFO   ] DREAMPlace - full step 12.293 ms
[INFO   ] DREAMPlace - Lsub stopping criteria: 1 and 1125.44 > 1116.44 * 0.999
[DEBUG  ] dreamplace.ops.logsumexp_wirelength.logsumexp_wirelength - wirelength forward 0.131 ms
[DEBUG  ] dreamplace.ops.electric_potential.electric_potential - density forward 0.993 ms
[DEBUG  ] dreamplace.ops.electric_potential.electric_potential - density backward 0.414 ms
[DEBUG  ] dreamplace.ops.logsumexp_wirelength.logsumexp_wirelength - wirelength backward 0.136 ms
[INFO   ] DREAMPlace - optimizer step 8.907 ms
[INFO   ] DREAMPlace - iteration   58, (   2,  9,  0), Obj 1.103927E+03, NetCrossing 6.395E+01, NetCrossingWeight 1.000000E+01, DensityWeight 1.419051E-03, HPWL 1.011649E+03, Overflow 1.102449E-01, MaxDensity 2.536E+00, MacroOverlap 1.524E+00, MacroOverlapWeight 8.000000E-06, gamma 1.236111E-01, time 2.756ms
[INFO   ] DREAMPlace - full step 12.609 ms
[DEBUG  ] dreamplace.ops.logsumexp_wirelength.logsumexp_wirelength - wirelength forward 0.124 ms
[DEBUG  ] dreamplace.ops.electric_potential.electric_potential - density forward 0.930 ms
[DEBUG  ] dreamplace.ops.electric_potential.electric_potential - density backward 0.421 ms
[DEBUG  ] dreamplace.ops.logsumexp_wirelength.logsumexp_wirelength - wirelength backward 0.145 ms
[INFO   ] DREAMPlace - optimizer step 8.932 ms
[INFO   ] DREAMPlace - iteration   59, (   2,  9,  1), Obj 1.217712E+03, NetCrossing 6.674E+01, NetCrossingWeight 1.000000E+01, DensityWeight 1.419051E-03, HPWL 1.110684E+03, Overflow 1.155516E-01, MaxDensity 2.038E+00, MacroOverlap 1.715E+00, MacroOverlapWeight 8.000000E-06, gamma 1.236111E-01, time 3.041ms
[INFO   ] DREAMPlace - full step 12.851 ms
[INFO   ] DREAMPlace - Lsub stopping criteria: 1 and 1217.71 > 1103.93 * 0.999
[DEBUG  ] dreamplace.ops.logsumexp_wirelength.logsumexp_wirelength - wirelength forward 0.179 ms
[DEBUG  ] dreamplace.ops.electric_potential.electric_potential - density forward 1.225 ms
[DEBUG  ] dreamplace.ops.electric_potential.electric_potential - density backward 0.395 ms
[DEBUG  ] dreamplace.ops.logsumexp_wirelength.logsumexp_wirelength - wirelength backward 0.138 ms
[INFO   ] DREAMPlace - optimizer step 10.169 ms
[INFO   ] DREAMPlace - iteration   60, (   3,  0,  0), Obj 1.127204E+03, NetCrossing 6.858E+01, NetCrossingWeight 1.000000E+01, DensityWeight 1.581787E-03, HPWL 1.000077E+03, Overflow 1.207787E-01, MaxDensity 2.038E+00, MacroOverlap 1.725E+00, MacroOverlapWeight 8.000000E-06, gamma 1.099123E-01, time 3.294ms
[INFO   ] DREAMPlace - full step 14.281 ms
[DEBUG  ] dreamplace.ops.logsumexp_wirelength.logsumexp_wirelength - wirelength forward 0.134 ms
[DEBUG  ] dreamplace.ops.electric_potential.electric_potential - density forward 0.976 ms
[DEBUG  ] dreamplace.ops.electric_potential.electric_potential - density backward 0.421 ms
[DEBUG  ] dreamplace.ops.logsumexp_wirelength.logsumexp_wirelength - wirelength backward 0.143 ms
[INFO   ] DREAMPlace - optimizer step 9.504 ms
[INFO   ] DREAMPlace - iteration   61, (   3,  0,  1), Obj 1.143829E+03, NetCrossing 6.101E+01, NetCrossingWeight 1.000000E+01, DensityWeight 1.581787E-03, HPWL 1.005863E+03, Overflow 1.145680E-01, MaxDensity 2.038E+00, MacroOverlap 1.689E+00, MacroOverlapWeight 8.000000E-06, gamma 1.099123E-01, time 2.836ms
[INFO   ] DREAMPlace - full step 13.320 ms
[INFO   ] DREAMPlace - Lsub stopping criteria: 1 and 1143.83 > 1127.2 * 0.999
[DEBUG  ] dreamplace.ops.logsumexp_wirelength.logsumexp_wirelength - wirelength forward 0.214 ms
[DEBUG  ] dreamplace.ops.electric_potential.electric_potential - density forward 1.397 ms
[DEBUG  ] dreamplace.ops.electric_potential.electric_potential - density backward 0.446 ms
[DEBUG  ] dreamplace.ops.logsumexp_wirelength.logsumexp_wirelength - wirelength backward 0.164 ms
[INFO   ] DREAMPlace - optimizer step 11.220 ms
[INFO   ] DREAMPlace - iteration   62, (   3,  1,  0), Obj 1.199353E+03, NetCrossing 7.074E+01, NetCrossingWeight 1.000000E+01, DensityWeight 1.757782E-03, HPWL 1.087172E+03, Overflow 1.111095E-01, MaxDensity 2.038E+00, MacroOverlap 1.108E+00, MacroOverlapWeight 8.000000E-06, gamma 1.099123E-01, time 4.012ms
[INFO   ] DREAMPlace - full step 16.448 ms
[DEBUG  ] dreamplace.ops.logsumexp_wirelength.logsumexp_wirelength - wirelength forward 0.164 ms
[DEBUG  ] dreamplace.ops.electric_potential.electric_potential - density forward 1.168 ms
[DEBUG  ] dreamplace.ops.electric_potential.electric_potential - density backward 0.395 ms
[DEBUG  ] dreamplace.ops.logsumexp_wirelength.logsumexp_wirelength - wirelength backward 0.128 ms
[INFO   ] DREAMPlace - optimizer step 10.524 ms
[INFO   ] DREAMPlace - iteration   63, (   3,  1,  1), Obj 1.185577E+03, NetCrossing 8.619E+01, NetCrossingWeight 1.000000E+01, DensityWeight 1.757782E-03, HPWL 1.056751E+03, Overflow 1.090483E-01, MaxDensity 2.360E+00, MacroOverlap 1.293E+00, MacroOverlapWeight 8.000000E-06, gamma 1.099123E-01, time 3.246ms
[INFO   ] DREAMPlace - full step 14.941 ms
[DEBUG  ] dreamplace.ops.logsumexp_wirelength.logsumexp_wirelength - wirelength forward 0.181 ms
[DEBUG  ] dreamplace.ops.electric_potential.electric_potential - density forward 0.987 ms
[DEBUG  ] dreamplace.ops.electric_potential.electric_potential - density backward 0.357 ms
[DEBUG  ] dreamplace.ops.logsumexp_wirelength.logsumexp_wirelength - wirelength backward 0.098 ms
[INFO   ] DREAMPlace - optimizer step 8.498 ms
[INFO   ] DREAMPlace - iteration   64, (   3,  2,  0), Obj 1.116080E+03, NetCrossing 7.144E+01, NetCrossingWeight 1.000000E+01, DensityWeight 1.959400E-03, HPWL 1.001041E+03, Overflow 1.038604E-01, MaxDensity 2.038E+00, MacroOverlap 1.065E+00, MacroOverlapWeight 8.000000E-06, gamma 1.099123E-01, time 4.977ms
[INFO   ] DREAMPlace - full step 14.636 ms
[DEBUG  ] dreamplace.ops.logsumexp_wirelength.logsumexp_wirelength - wirelength forward 0.132 ms
[DEBUG  ] dreamplace.ops.electric_potential.electric_potential - density forward 1.164 ms
[DEBUG  ] dreamplace.ops.electric_potential.electric_potential - density backward 0.389 ms
[DEBUG  ] dreamplace.ops.logsumexp_wirelength.logsumexp_wirelength - wirelength backward 0.121 ms
[INFO   ] DREAMPlace - optimizer step 9.485 ms
[INFO   ] DREAMPlace - iteration   65, (   3,  2,  1), Obj 1.216712E+03, NetCrossing 5.582E+01, NetCrossingWeight 1.000000E+01, DensityWeight 1.959400E-03, HPWL 1.101275E+03, Overflow 1.008450E-01, MaxDensity 1.932E+00, MacroOverlap 9.112E-01, MacroOverlapWeight 8.000000E-06, gamma 1.099123E-01, time 2.838ms
[INFO   ] DREAMPlace - full step 13.193 ms
[INFO   ] DREAMPlace - Lsub stopping criteria: 1 and 1216.71 > 1116.08 * 0.999
[DEBUG  ] dreamplace.ops.logsumexp_wirelength.logsumexp_wirelength - wirelength forward 0.206 ms
[DEBUG  ] dreamplace.ops.electric_potential.electric_potential - density forward 0.980 ms
[DEBUG  ] dreamplace.ops.electric_potential.electric_potential - density backward 0.390 ms
[DEBUG  ] dreamplace.ops.logsumexp_wirelength.logsumexp_wirelength - wirelength backward 0.127 ms
[INFO   ] DREAMPlace - optimizer step 9.577 ms
[INFO   ] DREAMPlace - iteration   66, (   3,  3,  0), Obj 1.209303E+03, NetCrossing 5.073E+01, NetCrossingWeight 1.000000E+01, DensityWeight 2.184148E-03, HPWL 1.093506E+03, Overflow 1.000504E-01, MaxDensity 2.038E+00, MacroOverlap 7.784E-01, MacroOverlapWeight 8.000000E-06, gamma 1.099123E-01, time 3.294ms
[INFO   ] DREAMPlace - full step 13.990 ms
[DEBUG  ] dreamplace.ops.logsumexp_wirelength.logsumexp_wirelength - wirelength forward 0.142 ms
[DEBUG  ] dreamplace.ops.electric_potential.electric_potential - density forward 1.137 ms
[DEBUG  ] dreamplace.ops.electric_potential.electric_potential - density backward 0.394 ms
[DEBUG  ] dreamplace.ops.logsumexp_wirelength.logsumexp_wirelength - wirelength backward 0.144 ms
[INFO   ] DREAMPlace - optimizer step 9.738 ms
[INFO   ] DREAMPlace - iteration   67, (   3,  3,  1), Obj 1.158588E+03, NetCrossing 5.849E+01, NetCrossingWeight 1.000000E+01, DensityWeight 2.184148E-03, HPWL 1.021672E+03, Overflow 1.062901E-01, MaxDensity 2.180E+00, MacroOverlap 9.758E-01, MacroOverlapWeight 8.000000E-06, gamma 1.099123E-01, time 3.028ms
[INFO   ] DREAMPlace - full step 13.794 ms
[DEBUG  ] dreamplace.ops.logsumexp_wirelength.logsumexp_wirelength - wirelength forward 0.128 ms
[DEBUG  ] dreamplace.ops.electric_potential.electric_potential - density forward 0.944 ms
[DEBUG  ] dreamplace.ops.electric_potential.electric_potential - density backward 0.389 ms
[DEBUG  ] dreamplace.ops.logsumexp_wirelength.logsumexp_wirelength - wirelength backward 0.125 ms
[INFO   ] DREAMPlace - optimizer step 9.861 ms
[INFO   ] DREAMPlace - iteration   68, (   3,  4,  0), Obj 1.242750E+03, NetCrossing 6.499E+01, NetCrossingWeight 1.000000E+01, DensityWeight 2.426435E-03, HPWL 1.104555E+03, Overflow 1.024709E-01, MaxDensity 2.038E+00, MacroOverlap 1.232E+00, MacroOverlapWeight 8.000000E-06, gamma 1.099123E-01, time 2.926ms
[INFO   ] DREAMPlace - full step 13.707 ms
[DEBUG  ] dreamplace.ops.logsumexp_wirelength.logsumexp_wirelength - wirelength forward 0.150 ms
[DEBUG  ] dreamplace.ops.electric_potential.electric_potential - density forward 0.973 ms
[DEBUG  ] dreamplace.ops.electric_potential.electric_potential - density backward 0.394 ms
[DEBUG  ] dreamplace.ops.logsumexp_wirelength.logsumexp_wirelength - wirelength backward 0.146 ms
[INFO   ] DREAMPlace - optimizer step 9.638 ms
[INFO   ] DREAMPlace - iteration   69, (   3,  4,  1), Obj 1.189081E+03, NetCrossing 6.669E+01, NetCrossingWeight 1.000000E+01, DensityWeight 2.426435E-03, HPWL 1.054710E+03, Overflow 1.038336E-01, MaxDensity 2.038E+00, MacroOverlap 9.231E-01, MacroOverlapWeight 8.000000E-06, gamma 1.099123E-01, time 2.833ms
[INFO   ] DREAMPlace - full step 13.402 ms
[DEBUG  ] dreamplace.ops.logsumexp_wirelength.logsumexp_wirelength - wirelength forward 0.172 ms
[DEBUG  ] dreamplace.ops.electric_potential.electric_potential - density forward 1.185 ms
[DEBUG  ] dreamplace.ops.electric_potential.electric_potential - density backward 0.391 ms
[DEBUG  ] dreamplace.ops.logsumexp_wirelength.logsumexp_wirelength - wirelength backward 0.124 ms
[INFO   ] DREAMPlace - optimizer step 9.541 ms
[INFO   ] DREAMPlace - iteration   70, (   3,  5,  0), Obj 1.161708E+03, NetCrossing 7.179E+01, NetCrossingWeight 1.000000E+01, DensityWeight 2.704759E-03, HPWL 1.022163E+03, Overflow 1.025417E-01, MaxDensity 1.640E+00, MacroOverlap 1.075E+00, MacroOverlapWeight 8.000000E-06, gamma 1.099123E-01, time 3.350ms
[INFO   ] DREAMPlace - full step 13.822 ms
[DEBUG  ] dreamplace.ops.logsumexp_wirelength.logsumexp_wirelength - wirelength forward 0.132 ms
[DEBUG  ] dreamplace.ops.electric_potential.electric_potential - density forward 0.987 ms
[DEBUG  ] dreamplace.ops.electric_potential.electric_potential - density backward 0.374 ms
[DEBUG  ] dreamplace.ops.logsumexp_wirelength.logsumexp_wirelength - wirelength backward 0.126 ms
[INFO   ] DREAMPlace - optimizer step 8.704 ms
[INFO   ] DREAMPlace - iteration   71, (   3,  5,  1), Obj 1.211508E+03, NetCrossing 7.883E+01, NetCrossingWeight 1.000000E+01, DensityWeight 2.704759E-03, HPWL 1.051541E+03, Overflow 1.046454E-01, MaxDensity 2.486E+00, MacroOverlap 1.041E+00, MacroOverlapWeight 8.000000E-06, gamma 1.099123E-01, time 2.890ms
[INFO   ] DREAMPlace - full step 12.559 ms
[INFO   ] DREAMPlace - Lsub stopping criteria: 1 and 1211.51 > 1161.71 * 0.999
[DEBUG  ] dreamplace.ops.logsumexp_wirelength.logsumexp_wirelength - wirelength forward 0.129 ms
[DEBUG  ] dreamplace.ops.electric_potential.electric_potential - density forward 0.971 ms
[DEBUG  ] dreamplace.ops.electric_potential.electric_potential - density backward 0.394 ms
[DEBUG  ] dreamplace.ops.logsumexp_wirelength.logsumexp_wirelength - wirelength backward 0.127 ms
[INFO   ] DREAMPlace - optimizer step 8.688 ms
[INFO   ] DREAMPlace - iteration   72, (   3,  6,  0), Obj 1.221203E+03, NetCrossing 6.904E+01, NetCrossingWeight 1.000000E+01, DensityWeight 3.004197E-03, HPWL 1.078575E+03, Overflow 1.001303E-01, MaxDensity 1.877E+00, MacroOverlap 9.529E-01, MacroOverlapWeight 8.000000E-06, gamma 1.099123E-01, time 3.176ms
[INFO   ] DREAMPlace - full step 12.786 ms
[DEBUG  ] dreamplace.ops.logsumexp_wirelength.logsumexp_wirelength - wirelength forward 0.171 ms
[DEBUG  ] dreamplace.ops.electric_potential.electric_potential - density forward 1.173 ms
[DEBUG  ] dreamplace.ops.electric_potential.electric_potential - density backward 0.400 ms
[DEBUG  ] dreamplace.ops.logsumexp_wirelength.logsumexp_wirelength - wirelength backward 0.131 ms
[INFO   ] DREAMPlace - optimizer step 9.576 ms
[INFO   ] DREAMPlace - iteration   73, (   3,  6,  1), Obj 1.231149E+03, NetCrossing 7.275E+01, NetCrossingWeight 1.000000E+01, DensityWeight 3.004197E-03, HPWL 1.094051E+03, Overflow 9.241512E-02, MaxDensity 2.038E+00, MacroOverlap 7.188E-01, MacroOverlapWeight 8.000000E-06, gamma 1.099123E-01, time 3.124ms
[INFO   ] DREAMPlace - full step 13.619 ms
[INFO   ] DREAMPlace - Lsub stopping criteria: 1 and 1231.15 > 1221.2 * 0.999
[DEBUG  ] dreamplace.ops.logsumexp_wirelength.logsumexp_wirelength - wirelength forward 0.129 ms
[DEBUG  ] dreamplace.ops.electric_potential.electric_potential - density forward 0.940 ms
[DEBUG  ] dreamplace.ops.electric_potential.electric_potential - density backward 0.386 ms
[DEBUG  ] dreamplace.ops.logsumexp_wirelength.logsumexp_wirelength - wirelength backward 0.126 ms
[INFO   ] DREAMPlace - optimizer step 8.695 ms
[INFO   ] DREAMPlace - iteration   74, (   3,  7,  0), Obj 1.160567E+03, NetCrossing 6.809E+01, NetCrossingWeight 1.000000E+01, DensityWeight 3.348786E-03, HPWL 1.022305E+03, Overflow 9.525582E-02, MaxDensity 2.038E+00, MacroOverlap 8.162E-01, MacroOverlapWeight 8.000000E-06, gamma 1.099123E-01, time 2.829ms
[INFO   ] DREAMPlace - full step 12.311 ms
[DEBUG  ] dreamplace.ops.logsumexp_wirelength.logsumexp_wirelength - wirelength forward 0.127 ms
[DEBUG  ] dreamplace.ops.electric_potential.electric_potential - density forward 0.915 ms
[DEBUG  ] dreamplace.ops.electric_potential.electric_potential - density backward 0.374 ms
[DEBUG  ] dreamplace.ops.logsumexp_wirelength.logsumexp_wirelength - wirelength backward 0.124 ms
[INFO   ] DREAMPlace - optimizer step 8.359 ms
[INFO   ] DREAMPlace - iteration   75, (   3,  7,  1), Obj 1.237687E+03, NetCrossing 6.825E+01, NetCrossingWeight 1.000000E+01, DensityWeight 3.348786E-03, HPWL 1.068818E+03, Overflow 9.889884E-02, MaxDensity 2.034E+00, MacroOverlap 9.301E-01, MacroOverlapWeight 8.000000E-06, gamma 1.099123E-01, time 2.764ms
[INFO   ] DREAMPlace - full step 11.895 ms
[INFO   ] DREAMPlace - Lsub stopping criteria: 1 and 1237.69 > 1160.57 * 0.999
[DEBUG  ] dreamplace.ops.logsumexp_wirelength.logsumexp_wirelength - wirelength forward 0.127 ms
[DEBUG  ] dreamplace.ops.electric_potential.electric_potential - density forward 0.952 ms
[DEBUG  ] dreamplace.ops.electric_potential.electric_potential - density backward 0.388 ms
[DEBUG  ] dreamplace.ops.logsumexp_wirelength.logsumexp_wirelength - wirelength backward 0.124 ms
[INFO   ] DREAMPlace - optimizer step 8.435 ms
[INFO   ] DREAMPlace - iteration   76, (   3,  8,  0), Obj 1.239334E+03, NetCrossing 6.386E+01, NetCrossingWeight 1.000000E+01, DensityWeight 3.718779E-03, HPWL 1.077306E+03, Overflow 9.920597E-02, MaxDensity 2.548E+00, MacroOverlap 7.838E-01, MacroOverlapWeight 8.000000E-06, gamma 1.099123E-01, time 2.823ms
[INFO   ] DREAMPlace - full step 12.074 ms
[DEBUG  ] dreamplace.ops.logsumexp_wirelength.logsumexp_wirelength - wirelength forward 0.125 ms
[DEBUG  ] dreamplace.ops.electric_potential.electric_potential - density forward 0.934 ms
[DEBUG  ] dreamplace.ops.electric_potential.electric_potential - density backward 0.379 ms
[DEBUG  ] dreamplace.ops.logsumexp_wirelength.logsumexp_wirelength - wirelength backward 0.124 ms
[INFO   ] DREAMPlace - optimizer step 8.516 ms
[INFO   ] DREAMPlace - iteration   77, (   3,  8,  1), Obj 1.210768E+03, NetCrossing 4.854E+01, NetCrossingWeight 1.000000E+01, DensityWeight 3.718779E-03, HPWL 1.068073E+03, Overflow 8.912741E-02, MaxDensity 1.529E+00, MacroOverlap 5.742E-01, MacroOverlapWeight 8.000000E-06, gamma 1.099123E-01, time 2.767ms
[INFO   ] DREAMPlace - full step 12.185 ms
[DEBUG  ] dreamplace.ops.logsumexp_wirelength.logsumexp_wirelength - wirelength forward 0.158 ms
[DEBUG  ] dreamplace.ops.electric_potential.electric_potential - density forward 1.100 ms
[DEBUG  ] dreamplace.ops.electric_potential.electric_potential - density backward 0.393 ms
[DEBUG  ] dreamplace.ops.logsumexp_wirelength.logsumexp_wirelength - wirelength backward 0.127 ms
[INFO   ] DREAMPlace - optimizer step 9.629 ms
[INFO   ] DREAMPlace - iteration   78, (   3,  9,  0), Obj 1.285176E+03, NetCrossing 6.065E+01, NetCrossingWeight 1.000000E+01, DensityWeight 4.129237E-03, HPWL 1.164856E+03, Overflow 7.751586E-02, MaxDensity 2.038E+00, MacroOverlap 4.862E-01, MacroOverlapWeight 8.000000E-06, gamma 1.099123E-01, time 3.083ms
[INFO   ] DREAMPlace - full step 13.721 ms
[DEBUG  ] dreamplace.ops.logsumexp_wirelength.logsumexp_wirelength - wirelength forward 0.175 ms
[DEBUG  ] dreamplace.ops.electric_potential.electric_potential - density forward 1.209 ms
[DEBUG  ] dreamplace.ops.electric_potential.electric_potential - density backward 0.402 ms
[DEBUG  ] dreamplace.ops.logsumexp_wirelength.logsumexp_wirelength - wirelength backward 0.130 ms
[INFO   ] DREAMPlace - optimizer step 9.874 ms
[INFO   ] DREAMPlace - iteration   79, (   3,  9,  1), Obj 1.236726E+03, NetCrossing 5.727E+01, NetCrossingWeight 1.000000E+01, DensityWeight 4.129237E-03, HPWL 1.079032E+03, Overflow 8.476979E-02, MaxDensity 2.038E+00, MacroOverlap 7.379E-01, MacroOverlapWeight 8.000000E-06, gamma 1.099123E-01, time 3.333ms
[INFO   ] DREAMPlace - full step 14.179 ms
[DEBUG  ] dreamplace.ops.logsumexp_wirelength.logsumexp_wirelength - wirelength forward 0.161 ms
[DEBUG  ] dreamplace.ops.electric_potential.electric_potential - density forward 1.184 ms
[DEBUG  ] dreamplace.ops.electric_potential.electric_potential - density backward 0.389 ms
[DEBUG  ] dreamplace.ops.logsumexp_wirelength.logsumexp_wirelength - wirelength backward 0.127 ms
[INFO   ] DREAMPlace - optimizer step 9.653 ms
[INFO   ] DREAMPlace - iteration   80, (   4,  0,  0), Obj 1.225944E+03, NetCrossing 5.927E+01, NetCrossingWeight 1.000000E+01, DensityWeight 4.602906E-03, HPWL 1.053989E+03, Overflow 8.561534E-02, MaxDensity 2.038E+00, MacroOverlap 9.740E-01, MacroOverlapWeight 8.000000E-06, gamma 9.389499E-02, time 3.156ms
[INFO   ] DREAMPlace - full step 13.783 ms
[DEBUG  ] dreamplace.ops.logsumexp_wirelength.logsumexp_wirelength - wirelength forward 0.173 ms
[DEBUG  ] dreamplace.ops.electric_potential.electric_potential - density forward 1.176 ms
[DEBUG  ] dreamplace.ops.electric_potential.electric_potential - density backward 0.393 ms
[DEBUG  ] dreamplace.ops.logsumexp_wirelength.logsumexp_wirelength - wirelength backward 0.127 ms
[INFO   ] DREAMPlace - optimizer step 9.753 ms
[INFO   ] DREAMPlace - iteration   81, (   4,  0,  1), Obj 1.263135E+03, NetCrossing 5.417E+01, NetCrossingWeight 1.000000E+01, DensityWeight 4.602906E-03, HPWL 1.090335E+03, Overflow 8.518963E-02, MaxDensity 1.529E+00, MacroOverlap 7.423E-01, MacroOverlapWeight 8.000000E-06, gamma 9.389499E-02, time 3.341ms
[INFO   ] DREAMPlace - full step 14.049 ms
[INFO   ] DREAMPlace - Lsub stopping criteria: 1 and 1263.13 > 1225.94 * 0.999
[DEBUG  ] dreamplace.ops.logsumexp_wirelength.logsumexp_wirelength - wirelength forward 0.163 ms
[DEBUG  ] dreamplace.ops.electric_potential.electric_potential - density forward 1.173 ms
[DEBUG  ] dreamplace.ops.electric_potential.electric_potential - density backward 0.485 ms
[DEBUG  ] dreamplace.ops.logsumexp_wirelength.logsumexp_wirelength - wirelength backward 0.167 ms
[INFO   ] DREAMPlace - optimizer step 10.613 ms
[INFO   ] DREAMPlace - iteration   82, (   4,  1,  0), Obj 1.224996E+03, NetCrossing 6.079E+01, NetCrossingWeight 1.000000E+01, DensityWeight 5.130909E-03, HPWL 1.086295E+03, Overflow 8.111427E-02, MaxDensity 1.529E+00, MacroOverlap 5.748E-01, MacroOverlapWeight 8.000000E-06, gamma 9.389499E-02, time 3.132ms
[INFO   ] DREAMPlace - full step 14.853 ms
[DEBUG  ] dreamplace.ops.logsumexp_wirelength.logsumexp_wirelength - wirelength forward 0.185 ms
[DEBUG  ] dreamplace.ops.electric_potential.electric_potential - density forward 1.296 ms
[DEBUG  ] dreamplace.ops.electric_potential.electric_potential - density backward 0.334 ms
[DEBUG  ] dreamplace.ops.logsumexp_wirelength.logsumexp_wirelength - wirelength backward 0.098 ms
[INFO   ] DREAMPlace - optimizer step 8.609 ms
[INFO   ] DREAMPlace - iteration   83, (   4,  1,  1), Obj 1.283724E+03, NetCrossing 6.009E+01, NetCrossingWeight 1.000000E+01, DensityWeight 5.130909E-03, HPWL 1.109163E+03, Overflow 8.406140E-02, MaxDensity 2.038E+00, MacroOverlap 5.804E-01, MacroOverlapWeight 8.000000E-06, gamma 9.389499E-02, time 3.550ms
[INFO   ] DREAMPlace - full step 13.068 ms
[INFO   ] DREAMPlace - Lsub stopping criteria: 1 and 1283.72 > 1225 * 0.999
[DEBUG  ] dreamplace.ops.logsumexp_wirelength.logsumexp_wirelength - wirelength forward 0.126 ms
[DEBUG  ] dreamplace.ops.electric_potential.electric_potential - density forward 1.055 ms
[DEBUG  ] dreamplace.ops.electric_potential.electric_potential - density backward 0.329 ms
[DEBUG  ] dreamplace.ops.logsumexp_wirelength.logsumexp_wirelength - wirelength backward 0.096 ms
[INFO   ] DREAMPlace - optimizer step 7.772 ms
[INFO   ] DREAMPlace - iteration   84, (   4,  2,  0), Obj 1.258636E+03, NetCrossing 5.826E+01, NetCrossingWeight 1.000000E+01, DensityWeight 5.719469E-03, HPWL 1.104383E+03, Overflow 8.209028E-02, MaxDensity 2.038E+00, MacroOverlap 4.294E-01, MacroOverlapWeight 8.000000E-06, gamma 9.389499E-02, time 2.795ms
[INFO   ] DREAMPlace - full step 11.325 ms
[DEBUG  ] dreamplace.ops.logsumexp_wirelength.logsumexp_wirelength - wirelength forward 0.125 ms
[DEBUG  ] dreamplace.ops.electric_potential.electric_potential - density forward 1.031 ms
[DEBUG  ] dreamplace.ops.electric_potential.electric_potential - density backward 0.407 ms
[DEBUG  ] dreamplace.ops.logsumexp_wirelength.logsumexp_wirelength - wirelength backward 0.124 ms
[INFO   ] DREAMPlace - optimizer step 9.184 ms
[INFO   ] DREAMPlace - iteration   85, (   4,  2,  1), Obj 1.309495E+03, NetCrossing 6.081E+01, NetCrossingWeight 1.000000E+01, DensityWeight 5.719469E-03, HPWL 1.151565E+03, Overflow 8.189532E-02, MaxDensity 1.529E+00, MacroOverlap 3.927E-01, MacroOverlapWeight 8.000000E-06, gamma 9.389499E-02, time 2.731ms
[INFO   ] DREAMPlace - full step 12.828 ms
[INFO   ] DREAMPlace - Lsub stopping criteria: 1 and 1309.5 > 1258.64 * 0.999
[DEBUG  ] dreamplace.ops.logsumexp_wirelength.logsumexp_wirelength - wirelength forward 0.195 ms
[DEBUG  ] dreamplace.ops.electric_potential.electric_potential - density forward 1.191 ms
[DEBUG  ] dreamplace.ops.electric_potential.electric_potential - density backward 0.388 ms
[DEBUG  ] dreamplace.ops.logsumexp_wirelength.logsumexp_wirelength - wirelength backward 0.120 ms
[DEBUG  ] dreamplace.ops.logsumexp_wirelength.logsumexp_wirelength - wirelength forward 0.167 ms
[DEBUG  ] dreamplace.ops.electric_potential.electric_potential - density forward 1.256 ms
[DEBUG  ] dreamplace.ops.electric_potential.electric_potential - density backward 0.331 ms
[DEBUG  ] dreamplace.ops.logsumexp_wirelength.logsumexp_wirelength - wirelength backward 0.097 ms
[INFO   ] DREAMPlace - optimizer step 18.337 ms
[INFO   ] DREAMPlace - iteration   86, (   4,  3,  0), Obj 1.270565E+03, NetCrossing 6.963E+01, NetCrossingWeight 1.000000E+01, DensityWeight 6.375509E-03, HPWL 1.126026E+03, Overflow 7.922260E-02, MaxDensity 1.529E+00, MacroOverlap 4.410E-01, MacroOverlapWeight 8.000000E-06, gamma 9.389499E-02, time 3.357ms
[INFO   ] DREAMPlace - full step 22.708 ms
[DEBUG  ] dreamplace.ops.logsumexp_wirelength.logsumexp_wirelength - wirelength forward 0.165 ms
[DEBUG  ] dreamplace.ops.electric_potential.electric_potential - density forward 1.175 ms
[DEBUG  ] dreamplace.ops.electric_potential.electric_potential - density backward 0.406 ms
[DEBUG  ] dreamplace.ops.logsumexp_wirelength.logsumexp_wirelength - wirelength backward 0.134 ms
[INFO   ] DREAMPlace - optimizer step 9.755 ms
[INFO   ] DREAMPlace - iteration   87, (   4,  3,  1), Obj 1.278993E+03, NetCrossing 6.884E+01, NetCrossingWeight 1.000000E+01, DensityWeight 6.375509E-03, HPWL 1.129845E+03, Overflow 7.420062E-02, MaxDensity 1.529E+00, MacroOverlap 4.010E-01, MacroOverlapWeight 8.000000E-06, gamma 9.389499E-02, time 3.263ms
[INFO   ] DREAMPlace - full step 14.078 ms
[INFO   ] DREAMPlace - Lsub stopping criteria: 1 and 1278.99 > 1270.57 * 0.999
[DEBUG  ] dreamplace.ops.logsumexp_wirelength.logsumexp_wirelength - wirelength forward 0.164 ms
[DEBUG  ] dreamplace.ops.electric_potential.electric_potential - density forward 1.161 ms
[DEBUG  ] dreamplace.ops.electric_potential.electric_potential - density backward 0.397 ms
[DEBUG  ] dreamplace.ops.logsumexp_wirelength.logsumexp_wirelength - wirelength backward 0.129 ms
[INFO   ] DREAMPlace - optimizer step 9.611 ms
[INFO   ] DREAMPlace - iteration   88, (   4,  4,  0), Obj 1.263961E+03, NetCrossing 6.533E+01, NetCrossingWeight 1.000000E+01, DensityWeight 7.075664E-03, HPWL 1.124015E+03, Overflow 7.339323E-02, MaxDensity 1.529E+00, MacroOverlap 3.921E-01, MacroOverlapWeight 8.000000E-06, gamma 9.389499E-02, time 3.247ms
[INFO   ] DREAMPlace - full step 13.884 ms
[DEBUG  ] dreamplace.ops.logsumexp_wirelength.logsumexp_wirelength - wirelength forward 0.170 ms
[DEBUG  ] dreamplace.ops.electric_potential.electric_potential - density forward 1.194 ms
[DEBUG  ] dreamplace.ops.electric_potential.electric_potential - density backward 0.401 ms
[DEBUG  ] dreamplace.ops.logsumexp_wirelength.logsumexp_wirelength - wirelength backward 0.129 ms
[INFO   ] DREAMPlace - optimizer step 9.763 ms
[INFO   ] DREAMPlace - iteration   89, (   4,  4,  1), Obj 1.302667E+03, NetCrossing 6.444E+01, NetCrossingWeight 1.000000E+01, DensityWeight 7.075664E-03, HPWL 1.143890E+03, Overflow 7.226565E-02, MaxDensity 1.529E+00, MacroOverlap 4.173E-01, MacroOverlapWeight 8.000000E-06, gamma 9.389499E-02, time 3.309ms
[INFO   ] DREAMPlace - full step 14.117 ms
[INFO   ] DREAMPlace - Lsub stopping criteria: 1 and 1302.67 > 1263.96 * 0.999
[DEBUG  ] dreamplace.ops.logsumexp_wirelength.logsumexp_wirelength - wirelength forward 0.161 ms
[DEBUG  ] dreamplace.ops.electric_potential.electric_potential - density forward 1.137 ms
[DEBUG  ] dreamplace.ops.electric_potential.electric_potential - density backward 0.397 ms
[DEBUG  ] dreamplace.ops.logsumexp_wirelength.logsumexp_wirelength - wirelength backward 0.126 ms
[INFO   ] DREAMPlace - optimizer step 9.416 ms
[INFO   ] DREAMPlace - iteration   90, (   4,  5,  0), Obj 1.266595E+03, NetCrossing 6.140E+01, NetCrossingWeight 1.000000E+01, DensityWeight 7.887313E-03, HPWL 1.133509E+03, Overflow 6.498589E-02, MaxDensity 1.529E+00, MacroOverlap 3.530E-01, MacroOverlapWeight 8.000000E-06, gamma 9.389499E-02, time 3.249ms
[INFO   ] DREAMPlace - full step 13.675 ms
[DEBUG  ] dreamplace.ops.logsumexp_wirelength.logsumexp_wirelength - wirelength forward 0.167 ms
[DEBUG  ] dreamplace.ops.electric_potential.electric_potential - density forward 1.146 ms
[DEBUG  ] dreamplace.ops.electric_potential.electric_potential - density backward 0.401 ms
[DEBUG  ] dreamplace.ops.logsumexp_wirelength.logsumexp_wirelength - wirelength backward 0.128 ms
[INFO   ] DREAMPlace - optimizer step 9.647 ms
[INFO   ] DREAMPlace - iteration   91, (   4,  5,  1), Obj 1.288694E+03, NetCrossing 6.120E+01, NetCrossingWeight 1.000000E+01, DensityWeight 7.887313E-03, HPWL 1.138360E+03, Overflow 6.495652E-02, MaxDensity 1.529E+00, MacroOverlap 3.355E-01, MacroOverlapWeight 8.000000E-06, gamma 9.389499E-02, time 3.203ms
[INFO   ] DREAMPlace - full step 13.919 ms
[INFO   ] DREAMPlace - Lsub stopping criteria: 1 and 1288.69 > 1266.6 * 0.999
[DEBUG  ] dreamplace.ops.logsumexp_wirelength.logsumexp_wirelength - wirelength forward 0.172 ms
[DEBUG  ] dreamplace.ops.electric_potential.electric_potential - density forward 1.173 ms
[DEBUG  ] dreamplace.ops.electric_potential.electric_potential - density backward 0.395 ms
[DEBUG  ] dreamplace.ops.logsumexp_wirelength.logsumexp_wirelength - wirelength backward 0.128 ms
[DEBUG  ] dreamplace.ops.logsumexp_wirelength.logsumexp_wirelength - wirelength forward 0.157 ms
[DEBUG  ] dreamplace.ops.electric_potential.electric_potential - density forward 1.143 ms
[DEBUG  ] dreamplace.ops.electric_potential.electric_potential - density backward 0.394 ms
[DEBUG  ] dreamplace.ops.logsumexp_wirelength.logsumexp_wirelength - wirelength backward 0.130 ms
[INFO   ] DREAMPlace - optimizer step 18.879 ms
[INFO   ] DREAMPlace - iteration   92, (   4,  6,  0), Obj 1.269399E+03, NetCrossing 5.742E+01, NetCrossingWeight 1.000000E+01, DensityWeight 8.751743E-03, HPWL 1.123014E+03, Overflow 6.335321E-02, MaxDensity 1.529E+00, MacroOverlap 3.647E-01, MacroOverlapWeight 8.000000E-06, gamma 9.389499E-02, time 3.255ms
[INFO   ] DREAMPlace - full step 23.159 ms
[DEBUG  ] dreamplace.ops.logsumexp_wirelength.logsumexp_wirelength - wirelength forward 0.164 ms
[DEBUG  ] dreamplace.ops.electric_potential.electric_potential - density forward 1.137 ms
[DEBUG  ] dreamplace.ops.electric_potential.electric_potential - density backward 0.332 ms
[DEBUG  ] dreamplace.ops.logsumexp_wirelength.logsumexp_wirelength - wirelength backward 0.097 ms
[INFO   ] DREAMPlace - optimizer step 8.611 ms
[INFO   ] DREAMPlace - iteration   93, (   4,  6,  1), Obj 1.288592E+03, NetCrossing 5.799E+01, NetCrossingWeight 1.000000E+01, DensityWeight 8.751743E-03, HPWL 1.132958E+03, Overflow 6.299108E-02, MaxDensity 1.529E+00, MacroOverlap 3.406E-01, MacroOverlapWeight 8.000000E-06, gamma 9.389499E-02, time 3.265ms
[INFO   ] DREAMPlace - full step 12.895 ms
[INFO   ] DREAMPlace - Lsub stopping criteria: 1 and 1288.59 > 1269.4 * 0.999
[DEBUG  ] dreamplace.ops.logsumexp_wirelength.logsumexp_wirelength - wirelength forward 0.171 ms
[DEBUG  ] dreamplace.ops.electric_potential.electric_potential - density forward 1.151 ms
[DEBUG  ] dreamplace.ops.electric_potential.electric_potential - density backward 0.476 ms
[DEBUG  ] dreamplace.ops.logsumexp_wirelength.logsumexp_wirelength - wirelength backward 0.164 ms
[INFO   ] DREAMPlace - optimizer step 10.617 ms
[INFO   ] DREAMPlace - iteration   94, (   4,  7,  0), Obj 1.284964E+03, NetCrossing 6.036E+01, NetCrossingWeight 1.000000E+01, DensityWeight 9.709941E-03, HPWL 1.134591E+03, Overflow 6.117858E-02, MaxDensity 1.529E+00, MacroOverlap 3.612E-01, MacroOverlapWeight 8.000000E-06, gamma 9.389499E-02, time 3.195ms
[INFO   ] DREAMPlace - full step 14.815 ms
[DEBUG  ] dreamplace.ops.logsumexp_wirelength.logsumexp_wirelength - wirelength forward 0.160 ms
[DEBUG  ] dreamplace.ops.electric_potential.electric_potential - density forward 1.139 ms
[DEBUG  ] dreamplace.ops.electric_potential.electric_potential - density backward 0.428 ms
[DEBUG  ] dreamplace.ops.logsumexp_wirelength.logsumexp_wirelength - wirelength backward 0.125 ms
[INFO   ] DREAMPlace - optimizer step 9.558 ms
[INFO   ] DREAMPlace - iteration   95, (   4,  7,  1), Obj 1.299908E+03, NetCrossing 5.627E+01, NetCrossingWeight 1.000000E+01, DensityWeight 9.709941E-03, HPWL 1.144515E+03, Overflow 5.991466E-02, MaxDensity 1.435E+00, MacroOverlap 3.313E-01, MacroOverlapWeight 8.000000E-06, gamma 9.389499E-02, time 3.223ms
[INFO   ] DREAMPlace - full step 13.804 ms
[INFO   ] DREAMPlace - Lsub stopping criteria: 1 and 1299.91 > 1284.96 * 0.999
[INFO   ] DREAMPlace - Llambda stopping criteria: 7 and (( 0.0599147 < 0.1 and 1144.51 > 1132.96 ) or 1.43489 < 1.0)
[DEBUG  ] dreamplace.ops.logsumexp_wirelength.logsumexp_wirelength - wirelength forward 0.159 ms
[DEBUG  ] dreamplace.ops.electric_potential.electric_potential - density forward 1.136 ms
[DEBUG  ] dreamplace.ops.electric_potential.electric_potential - density backward 0.371 ms
[DEBUG  ] dreamplace.ops.logsumexp_wirelength.logsumexp_wirelength - wirelength backward 0.116 ms
[INFO   ] DREAMPlace - optimizer step 9.248 ms
[INFO   ] DREAMPlace - iteration   96, (   5,  0,  0), Obj 1.293617E+03, NetCrossing 5.585E+01, NetCrossingWeight 1.000000E+01, DensityWeight 1.082378E-02, HPWL 1.138662E+03, Overflow 6.061305E-02, MaxDensity 1.529E+00, MacroOverlap 3.563E-01, MacroOverlapWeight 8.000000E-06, gamma 8.268159E-02, time 3.182ms
[INFO   ] DREAMPlace - full step 13.377 ms
[DEBUG  ] dreamplace.ops.logsumexp_wirelength.logsumexp_wirelength - wirelength forward 0.155 ms
[DEBUG  ] dreamplace.ops.electric_potential.electric_potential - density forward 1.135 ms
[DEBUG  ] dreamplace.ops.electric_potential.electric_potential - density backward 0.481 ms
[DEBUG  ] dreamplace.ops.logsumexp_wirelength.logsumexp_wirelength - wirelength backward 0.171 ms
[INFO   ] DREAMPlace - optimizer step 11.242 ms
[INFO   ] DREAMPlace - iteration   97, (   5,  0,  1), Obj 1.304843E+03, NetCrossing 5.273E+01, NetCrossingWeight 1.000000E+01, DensityWeight 1.082378E-02, HPWL 1.136630E+03, Overflow 5.855607E-02, MaxDensity 1.529E+00, MacroOverlap 3.368E-01, MacroOverlapWeight 8.000000E-06, gamma 8.268159E-02, time 3.218ms
[INFO   ] DREAMPlace - full step 15.481 ms
[INFO   ] DREAMPlace - Lsub stopping criteria: 1 and 1304.84 > 1293.62 * 0.999
[DEBUG  ] dreamplace.ops.logsumexp_wirelength.logsumexp_wirelength - wirelength forward 0.165 ms
[DEBUG  ] dreamplace.ops.electric_potential.electric_potential - density forward 1.144 ms
[DEBUG  ] dreamplace.ops.electric_potential.electric_potential - density backward 0.392 ms
[DEBUG  ] dreamplace.ops.logsumexp_wirelength.logsumexp_wirelength - wirelength backward 0.128 ms
[DEBUG  ] dreamplace.ops.logsumexp_wirelength.logsumexp_wirelength - wirelength forward 0.154 ms
[DEBUG  ] dreamplace.ops.electric_potential.electric_potential - density forward 1.166 ms
[DEBUG  ] dreamplace.ops.electric_potential.electric_potential - density backward 0.389 ms
[DEBUG  ] dreamplace.ops.logsumexp_wirelength.logsumexp_wirelength - wirelength backward 0.131 ms
[INFO   ] DREAMPlace - optimizer step 18.970 ms
[INFO   ] DREAMPlace - iteration   98, (   5,  1,  0), Obj 1.301671E+03, NetCrossing 4.835E+01, NetCrossingWeight 1.000000E+01, DensityWeight 1.200643E-02, HPWL 1.145973E+03, Overflow 5.813426E-02, MaxDensity 1.529E+00, MacroOverlap 2.979E-01, MacroOverlapWeight 8.000000E-06, gamma 8.268159E-02, time 3.208ms
[INFO   ] DREAMPlace - full step 23.172 ms
[DEBUG  ] dreamplace.ops.logsumexp_wirelength.logsumexp_wirelength - wirelength forward 0.179 ms
[DEBUG  ] dreamplace.ops.electric_potential.electric_potential - density forward 1.150 ms
[DEBUG  ] dreamplace.ops.electric_potential.electric_potential - density backward 0.396 ms
[DEBUG  ] dreamplace.ops.logsumexp_wirelength.logsumexp_wirelength - wirelength backward 0.149 ms
[INFO   ] DREAMPlace - optimizer step 9.841 ms
[INFO   ] DREAMPlace - iteration   99, (   5,  1,  1), Obj 1.317154E+03, NetCrossing 5.211E+01, NetCrossingWeight 1.000000E+01, DensityWeight 1.200643E-02, HPWL 1.156580E+03, Overflow 5.713648E-02, MaxDensity 1.155E+00, MacroOverlap 2.556E-01, MacroOverlapWeight 8.000000E-06, gamma 8.268159E-02, time 3.212ms
[INFO   ] DREAMPlace - full step 14.064 ms
[INFO   ] DREAMPlace - Lsub stopping criteria: 1 and 1317.15 > 1301.67 * 0.999
[INFO   ] DREAMPlace - Llambda stopping criteria: 1 and (( 0.0571365 < 0.1 and 1156.58 > 1136.63 ) or 1.15522 < 1.0)
[INFO   ] DREAMPlace - plotting to ./results/tuner-small/small-1/PB310_A00/run-30_0_0/PB310_A00/plot/iter0100.png takes 0.059 seconds
[DEBUG  ] dreamplace.ops.logsumexp_wirelength.logsumexp_wirelength - wirelength forward 0.185 ms
[DEBUG  ] dreamplace.ops.electric_potential.electric_potential - density forward 1.155 ms
[DEBUG  ] dreamplace.ops.electric_potential.electric_potential - density backward 0.428 ms
[DEBUG  ] dreamplace.ops.logsumexp_wirelength.logsumexp_wirelength - wirelength backward 0.140 ms
[DEBUG  ] dreamplace.ops.logsumexp_wirelength.logsumexp_wirelength - wirelength forward 0.155 ms
[DEBUG  ] dreamplace.ops.electric_potential.electric_potential - density forward 1.147 ms
[DEBUG  ] dreamplace.ops.electric_potential.electric_potential - density backward 0.328 ms
[DEBUG  ] dreamplace.ops.logsumexp_wirelength.logsumexp_wirelength - wirelength backward 0.093 ms
[INFO   ] DREAMPlace - optimizer step 18.859 ms
[INFO   ] DREAMPlace - iteration  100, (   6,  0,  0), Obj 1.306316E+03, NetCrossing 5.231E+01, NetCrossingWeight 1.000000E+01, DensityWeight 1.338367E-02, HPWL 1.162246E+03, Overflow 5.582669E-02, MaxDensity 1.529E+00, MacroOverlap 2.264E-01, MacroOverlapWeight 8.000000E-06, gamma 8.151454E-02, time 3.245ms
[INFO   ] DREAMPlace - full step 83.990 ms
[DEBUG  ] dreamplace.ops.logsumexp_wirelength.logsumexp_wirelength - wirelength forward 0.156 ms
[DEBUG  ] dreamplace.ops.electric_potential.electric_potential - density forward 1.132 ms
[DEBUG  ] dreamplace.ops.electric_potential.electric_potential - density backward 0.405 ms
[DEBUG  ] dreamplace.ops.logsumexp_wirelength.logsumexp_wirelength - wirelength backward 0.139 ms
[INFO   ] DREAMPlace - optimizer step 9.547 ms
[INFO   ] DREAMPlace - iteration  101, (   6,  0,  1), Obj 1.334518E+03, NetCrossing 5.272E+01, NetCrossingWeight 1.000000E+01, DensityWeight 1.338367E-02, HPWL 1.177870E+03, Overflow 5.535792E-02, MaxDensity 1.529E+00, MacroOverlap 2.151E-01, MacroOverlapWeight 8.000000E-06, gamma 8.151454E-02, time 3.227ms
[INFO   ] DREAMPlace - full step 13.779 ms
[INFO   ] DREAMPlace - Lsub stopping criteria: 1 and 1334.52 > 1306.32 * 0.999
[DEBUG  ] dreamplace.ops.logsumexp_wirelength.logsumexp_wirelength - wirelength forward 0.164 ms
[DEBUG  ] dreamplace.ops.electric_potential.electric_potential - density forward 0.985 ms
[DEBUG  ] dreamplace.ops.electric_potential.electric_potential - density backward 0.348 ms
[DEBUG  ] dreamplace.ops.logsumexp_wirelength.logsumexp_wirelength - wirelength backward 0.095 ms
[INFO   ] DREAMPlace - optimizer step 8.002 ms
[INFO   ] DREAMPlace - iteration  102, (   6,  1,  0), Obj 1.334672E+03, NetCrossing 5.097E+01, NetCrossingWeight 1.000000E+01, DensityWeight 1.491889E-02, HPWL 1.197325E+03, Overflow 5.110687E-02, MaxDensity 1.529E+00, MacroOverlap 1.746E-01, MacroOverlapWeight 8.000000E-06, gamma 8.151454E-02, time 3.225ms
[INFO   ] DREAMPlace - full step 12.201 ms
[DEBUG  ] dreamplace.ops.logsumexp_wirelength.logsumexp_wirelength - wirelength forward 0.125 ms
[DEBUG  ] dreamplace.ops.electric_potential.electric_potential - density forward 0.945 ms
[DEBUG  ] dreamplace.ops.electric_potential.electric_potential - density backward 0.474 ms
[DEBUG  ] dreamplace.ops.logsumexp_wirelength.logsumexp_wirelength - wirelength backward 0.178 ms
[INFO   ] DREAMPlace - optimizer step 9.633 ms
[INFO   ] DREAMPlace - iteration  103, (   6,  1,  1), Obj 1.346092E+03, NetCrossing 5.135E+01, NetCrossingWeight 1.000000E+01, DensityWeight 1.491889E-02, HPWL 1.202658E+03, Overflow 5.021775E-02, MaxDensity 1.529E+00, MacroOverlap 1.621E-01, MacroOverlapWeight 8.000000E-06, gamma 8.151454E-02, time 3.306ms
[INFO   ] DREAMPlace - full step 13.852 ms
[INFO   ] DREAMPlace - Lsub stopping criteria: 1 and 1346.09 > 1334.67 * 0.999
[INFO   ] DREAMPlace - Llambda stopping criteria: 1 and (( 0.0502178 < 0.1 and 1202.66 > 1177.87 ) or 1.52864 < 1.0)
[DEBUG  ] dreamplace.ops.logsumexp_wirelength.logsumexp_wirelength - wirelength forward 0.127 ms
[DEBUG  ] dreamplace.ops.electric_potential.electric_potential - density forward 0.908 ms
[DEBUG  ] dreamplace.ops.electric_potential.electric_potential - density backward 0.329 ms
[DEBUG  ] dreamplace.ops.logsumexp_wirelength.logsumexp_wirelength - wirelength backward 0.095 ms
[INFO   ] DREAMPlace - optimizer step 8.318 ms
[INFO   ] DREAMPlace - iteration  104, (   7,  0,  0), Obj 1.347526E+03, NetCrossing 5.137E+01, NetCrossingWeight 1.000000E+01, DensityWeight 1.663019E-02, HPWL 1.217989E+03, Overflow 4.709223E-02, MaxDensity 1.485E+00, MacroOverlap 1.501E-01, MacroOverlapWeight 8.000000E-06, gamma 7.867925E-02, time 2.853ms
[INFO   ] DREAMPlace - full step 12.085 ms
[DEBUG  ] dreamplace.ops.logsumexp_wirelength.logsumexp_wirelength - wirelength forward 0.125 ms
[DEBUG  ] dreamplace.ops.electric_potential.electric_potential - density forward 0.937 ms
[DEBUG  ] dreamplace.ops.electric_potential.electric_potential - density backward 0.460 ms
[DEBUG  ] dreamplace.ops.logsumexp_wirelength.logsumexp_wirelength - wirelength backward 0.170 ms
[INFO   ] DREAMPlace - optimizer step 9.147 ms
[INFO   ] DREAMPlace - iteration  105, (   7,  0,  1), Obj 1.364997E+03, NetCrossing 5.216E+01, NetCrossingWeight 1.000000E+01, DensityWeight 1.663019E-02, HPWL 1.228514E+03, Overflow 4.632171E-02, MaxDensity 1.310E+00, MacroOverlap 1.278E-01, MacroOverlapWeight 8.000000E-06, gamma 7.867925E-02, time 3.298ms
[INFO   ] DREAMPlace - full step 13.319 ms
[INFO   ] DREAMPlace - Lsub stopping criteria: 1 and 1365 > 1347.53 * 0.999
[DEBUG  ] dreamplace.ops.logsumexp_wirelength.logsumexp_wirelength - wirelength forward 0.118 ms
[DEBUG  ] dreamplace.ops.electric_potential.electric_potential - density forward 0.898 ms
[DEBUG  ] dreamplace.ops.electric_potential.electric_potential - density backward 0.328 ms
[DEBUG  ] dreamplace.ops.logsumexp_wirelength.logsumexp_wirelength - wirelength backward 0.094 ms
[DEBUG  ] dreamplace.ops.logsumexp_wirelength.logsumexp_wirelength - wirelength forward 0.153 ms
[DEBUG  ] dreamplace.ops.electric_potential.electric_potential - density forward 1.115 ms
[DEBUG  ] dreamplace.ops.electric_potential.electric_potential - density backward 0.417 ms
[DEBUG  ] dreamplace.ops.logsumexp_wirelength.logsumexp_wirelength - wirelength backward 0.124 ms
[INFO   ] DREAMPlace - optimizer step 17.033 ms
[INFO   ] DREAMPlace - iteration  106, (   7,  1,  0), Obj 1.357764E+03, NetCrossing 5.332E+01, NetCrossingWeight 1.000000E+01, DensityWeight 1.853779E-02, HPWL 1.234668E+03, Overflow 4.221680E-02, MaxDensity 1.340E+00, MacroOverlap 1.076E-01, MacroOverlapWeight 8.000000E-06, gamma 7.867925E-02, time 2.748ms
[INFO   ] DREAMPlace - full step 20.584 ms
[DEBUG  ] dreamplace.ops.logsumexp_wirelength.logsumexp_wirelength - wirelength forward 0.122 ms
[DEBUG  ] dreamplace.ops.electric_potential.electric_potential - density forward 0.906 ms
[DEBUG  ] dreamplace.ops.electric_potential.electric_potential - density backward 0.407 ms
[DEBUG  ] dreamplace.ops.logsumexp_wirelength.logsumexp_wirelength - wirelength backward 0.132 ms
[INFO   ] DREAMPlace - optimizer step 8.330 ms
[INFO   ] DREAMPlace - iteration  107, (   7,  1,  1), Obj 1.359674E+03, NetCrossing 5.379E+01, NetCrossingWeight 1.000000E+01, DensityWeight 1.853779E-02, HPWL 1.231223E+03, Overflow 4.201308E-02, MaxDensity 1.167E+00, MacroOverlap 9.337E-02, MacroOverlapWeight 8.000000E-06, gamma 7.867925E-02, time 2.690ms
[INFO   ] DREAMPlace - full step 11.845 ms
[INFO   ] DREAMPlace - Lsub stopping criteria: 1 and 1359.67 > 1357.76 * 0.999
[INFO   ] DREAMPlace - Llambda stopping criteria: 1 and (( 0.0420131 < 0.1 and 1231.22 > 1228.51 ) or 1.1669 < 1.0)
[DEBUG  ] dreamplace.ops.logsumexp_wirelength.logsumexp_wirelength - wirelength forward 0.154 ms
[DEBUG  ] dreamplace.ops.electric_potential.electric_potential - density forward 1.136 ms
[DEBUG  ] dreamplace.ops.electric_potential.electric_potential - density backward 0.383 ms
[DEBUG  ] dreamplace.ops.logsumexp_wirelength.logsumexp_wirelength - wirelength backward 0.131 ms
[INFO   ] DREAMPlace - optimizer step 9.476 ms
[INFO   ] DREAMPlace - iteration  108, (   8,  0,  0), Obj 1.361321E+03, NetCrossing 5.523E+01, NetCrossingWeight 1.000000E+01, DensityWeight 2.066432E-02, HPWL 1.243225E+03, Overflow 4.173385E-02, MaxDensity 1.411E+00, MacroOverlap 7.351E-02, MacroOverlapWeight 8.000000E-06, gamma 7.544448E-02, time 3.260ms
[INFO   ] DREAMPlace - full step 13.654 ms
[DEBUG  ] dreamplace.ops.logsumexp_wirelength.logsumexp_wirelength - wirelength forward 0.120 ms
[DEBUG  ] dreamplace.ops.electric_potential.electric_potential - density forward 0.902 ms
[DEBUG  ] dreamplace.ops.electric_potential.electric_potential - density backward 0.425 ms
[DEBUG  ] dreamplace.ops.logsumexp_wirelength.logsumexp_wirelength - wirelength backward 0.156 ms
[INFO   ] DREAMPlace - optimizer step 8.749 ms
[INFO   ] DREAMPlace - iteration  109, (   8,  0,  1), Obj 1.366591E+03, NetCrossing 5.296E+01, NetCrossingWeight 1.000000E+01, DensityWeight 2.066432E-02, HPWL 1.244409E+03, Overflow 3.995916E-02, MaxDensity 1.439E+00, MacroOverlap 6.046E-02, MacroOverlapWeight 8.000000E-06, gamma 7.544448E-02, time 2.697ms
[INFO   ] DREAMPlace - full step 12.280 ms
[INFO   ] DREAMPlace - Lsub stopping criteria: 1 and 1366.59 > 1361.32 * 0.999
[DEBUG  ] dreamplace.ops.logsumexp_wirelength.logsumexp_wirelength - wirelength forward 0.154 ms
[DEBUG  ] dreamplace.ops.electric_potential.electric_potential - density forward 1.106 ms
[DEBUG  ] dreamplace.ops.electric_potential.electric_potential - density backward 0.448 ms
[DEBUG  ] dreamplace.ops.logsumexp_wirelength.logsumexp_wirelength - wirelength backward 0.146 ms
[INFO   ] DREAMPlace - optimizer step 9.790 ms
[INFO   ] DREAMPlace - iteration  110, (   8,  1,  0), Obj 1.370663E+03, NetCrossing 5.486E+01, NetCrossingWeight 1.000000E+01, DensityWeight 2.303473E-02, HPWL 1.267549E+03, Overflow 3.769935E-02, MaxDensity 1.529E+00, MacroOverlap 4.966E-02, MacroOverlapWeight 8.000000E-06, gamma 7.544448E-02, time 3.292ms
[INFO   ] DREAMPlace - full step 13.996 ms
[DEBUG  ] dreamplace.ops.logsumexp_wirelength.logsumexp_wirelength - wirelength forward 0.119 ms
[DEBUG  ] dreamplace.ops.electric_potential.electric_potential - density forward 0.915 ms
[DEBUG  ] dreamplace.ops.electric_potential.electric_potential - density backward 0.402 ms
[DEBUG  ] dreamplace.ops.logsumexp_wirelength.logsumexp_wirelength - wirelength backward 0.138 ms
[DEBUG  ] dreamplace.ops.logsumexp_wirelength.logsumexp_wirelength - wirelength forward 0.121 ms
[DEBUG  ] dreamplace.ops.electric_potential.electric_potential - density forward 1.281 ms
[DEBUG  ] dreamplace.ops.electric_potential.electric_potential - density backward 0.326 ms
[DEBUG  ] dreamplace.ops.logsumexp_wirelength.logsumexp_wirelength - wirelength backward 0.093 ms
[INFO   ] DREAMPlace - optimizer step 16.939 ms
[INFO   ] DREAMPlace - iteration  111, (   8,  1,  1), Obj 1.376224E+03, NetCrossing 5.364E+01, NetCrossingWeight 1.000000E+01, DensityWeight 2.303473E-02, HPWL 1.264292E+03, Overflow 3.516716E-02, MaxDensity 1.198E+00, MacroOverlap 5.073E-02, MacroOverlapWeight 8.000000E-06, gamma 7.544448E-02, time 2.644ms
[INFO   ] DREAMPlace - full step 20.484 ms
[INFO   ] DREAMPlace - Lsub stopping criteria: 1 and 1376.22 > 1370.66 * 0.999
[INFO   ] DREAMPlace - Llambda stopping criteria: 1 and (( 0.0351672 < 0.1 and 1264.29 > 1244.41 ) or 1.1984 < 1.0)
[DEBUG  ] dreamplace.ops.logsumexp_wirelength.logsumexp_wirelength - wirelength forward 0.132 ms
[DEBUG  ] dreamplace.ops.electric_potential.electric_potential - density forward 0.975 ms
[DEBUG  ] dreamplace.ops.electric_potential.electric_potential - density backward 0.435 ms
[DEBUG  ] dreamplace.ops.logsumexp_wirelength.logsumexp_wirelength - wirelength backward 0.129 ms
[INFO   ] DREAMPlace - optimizer step 9.221 ms
[INFO   ] DREAMPlace - iteration  112, (   9,  0,  0), Obj 1.377890E+03, NetCrossing 5.380E+01, NetCrossingWeight 1.000000E+01, DensityWeight 2.567700E-02, HPWL 1.276947E+03, Overflow 3.454049E-02, MaxDensity 1.293E+00, MacroOverlap 4.735E-02, MacroOverlapWeight 8.000000E-06, gamma 7.284745E-02, time 2.850ms
[INFO   ] DREAMPlace - full step 12.878 ms
[DEBUG  ] dreamplace.ops.logsumexp_wirelength.logsumexp_wirelength - wirelength forward 0.118 ms
[DEBUG  ] dreamplace.ops.electric_potential.electric_potential - density forward 1.302 ms
[DEBUG  ] dreamplace.ops.electric_potential.electric_potential - density backward 0.349 ms
[DEBUG  ] dreamplace.ops.logsumexp_wirelength.logsumexp_wirelength - wirelength backward 0.102 ms
[INFO   ] DREAMPlace - optimizer step 8.510 ms
[INFO   ] DREAMPlace - iteration  113, (   9,  0,  1), Obj 1.383557E+03, NetCrossing 5.296E+01, NetCrossingWeight 1.000000E+01, DensityWeight 2.567700E-02, HPWL 1.274269E+03, Overflow 3.424489E-02, MaxDensity 1.279E+00, MacroOverlap 4.940E-02, MacroOverlapWeight 8.000000E-06, gamma 7.284745E-02, time 2.708ms
[INFO   ] DREAMPlace - full step 12.163 ms
[INFO   ] DREAMPlace - Lsub stopping criteria: 1 and 1383.56 > 1377.89 * 0.999
[DEBUG  ] dreamplace.ops.logsumexp_wirelength.logsumexp_wirelength - wirelength forward 0.123 ms
[DEBUG  ] dreamplace.ops.electric_potential.electric_potential - density forward 0.920 ms
[DEBUG  ] dreamplace.ops.electric_potential.electric_potential - density backward 0.400 ms
[DEBUG  ] dreamplace.ops.logsumexp_wirelength.logsumexp_wirelength - wirelength backward 0.132 ms
[DEBUG  ] dreamplace.ops.logsumexp_wirelength.logsumexp_wirelength - wirelength forward 0.120 ms
[DEBUG  ] dreamplace.ops.electric_potential.electric_potential - density forward 0.925 ms
[DEBUG  ] dreamplace.ops.electric_potential.electric_potential - density backward 0.327 ms
[DEBUG  ] dreamplace.ops.logsumexp_wirelength.logsumexp_wirelength - wirelength backward 0.094 ms
[INFO   ] DREAMPlace - optimizer step 16.999 ms
[INFO   ] DREAMPlace - iteration  114, (   9,  1,  0), Obj 1.383830E+03, NetCrossing 5.285E+01, NetCrossingWeight 1.000000E+01, DensityWeight 2.862244E-02, HPWL 1.280398E+03, Overflow 3.296045E-02, MaxDensity 1.341E+00, MacroOverlap 4.934E-02, MacroOverlapWeight 8.000000E-06, gamma 7.284745E-02, time 2.748ms
[INFO   ] DREAMPlace - full step 20.690 ms
[DEBUG  ] dreamplace.ops.logsumexp_wirelength.logsumexp_wirelength - wirelength forward 0.204 ms
[DEBUG  ] dreamplace.ops.electric_potential.electric_potential - density forward 1.032 ms
[DEBUG  ] dreamplace.ops.electric_potential.electric_potential - density backward 0.432 ms
[DEBUG  ] dreamplace.ops.logsumexp_wirelength.logsumexp_wirelength - wirelength backward 0.123 ms
[INFO   ] DREAMPlace - optimizer step 9.434 ms
[INFO   ] DREAMPlace - iteration  115, (   9,  1,  1), Obj 1.394740E+03, NetCrossing 5.253E+01, NetCrossingWeight 1.000000E+01, DensityWeight 2.862244E-02, HPWL 1.285521E+03, Overflow 3.229439E-02, MaxDensity 1.286E+00, MacroOverlap 4.824E-02, MacroOverlapWeight 8.000000E-06, gamma 7.284745E-02, time 3.453ms
[INFO   ] DREAMPlace - full step 13.831 ms
[INFO   ] DREAMPlace - Lsub stopping criteria: 1 and 1394.74 > 1383.83 * 0.999
[INFO   ] DREAMPlace - Llambda stopping criteria: 1 and (( 0.0322944 < 0.1 and 1285.52 > 1274.27 ) or 1.2858 < 1.0)
[DEBUG  ] dreamplace.ops.logsumexp_wirelength.logsumexp_wirelength - wirelength forward 0.121 ms
[DEBUG  ] dreamplace.ops.electric_potential.electric_potential - density forward 0.916 ms
[DEBUG  ] dreamplace.ops.electric_potential.electric_potential - density backward 0.347 ms
[DEBUG  ] dreamplace.ops.logsumexp_wirelength.logsumexp_wirelength - wirelength backward 0.102 ms
[INFO   ] DREAMPlace - optimizer step 8.461 ms
[INFO   ] DREAMPlace - iteration  116, (  10,  0,  0), Obj 1.395996E+03, NetCrossing 5.316E+01, NetCrossingWeight 1.000000E+01, DensityWeight 3.190574E-02, HPWL 1.292171E+03, Overflow 3.134300E-02, MaxDensity 1.198E+00, MacroOverlap 4.618E-02, MacroOverlapWeight 8.000000E-06, gamma 7.178445E-02, time 2.728ms
[INFO   ] DREAMPlace - full step 12.199 ms
[DEBUG  ] dreamplace.ops.logsumexp_wirelength.logsumexp_wirelength - wirelength forward 0.169 ms
[DEBUG  ] dreamplace.ops.electric_potential.electric_potential - density forward 1.274 ms
[DEBUG  ] dreamplace.ops.electric_potential.electric_potential - density backward 0.465 ms
[DEBUG  ] dreamplace.ops.logsumexp_wirelength.logsumexp_wirelength - wirelength backward 0.173 ms
[INFO   ] DREAMPlace - optimizer step 10.130 ms
[INFO   ] DREAMPlace - iteration  117, (  10,  0,  1), Obj 1.405826E+03, NetCrossing 5.167E+01, NetCrossingWeight 1.000000E+01, DensityWeight 3.190574E-02, HPWL 1.293597E+03, Overflow 3.058699E-02, MaxDensity 1.431E+00, MacroOverlap 4.452E-02, MacroOverlapWeight 8.000000E-06, gamma 7.178445E-02, time 3.203ms
[INFO   ] DREAMPlace - full step 14.433 ms
[INFO   ] DREAMPlace - Lsub stopping criteria: 1 and 1405.83 > 1396 * 0.999
[DEBUG  ] dreamplace.ops.logsumexp_wirelength.logsumexp_wirelength - wirelength forward 0.132 ms
[DEBUG  ] dreamplace.ops.electric_potential.electric_potential - density forward 0.942 ms
[DEBUG  ] dreamplace.ops.electric_potential.electric_potential - density backward 0.384 ms
[DEBUG  ] dreamplace.ops.logsumexp_wirelength.logsumexp_wirelength - wirelength backward 0.121 ms
[INFO   ] DREAMPlace - optimizer step 8.864 ms
[INFO   ] DREAMPlace - iteration  118, (  10,  1,  0), Obj 1.403910E+03, NetCrossing 5.225E+01, NetCrossingWeight 1.000000E+01, DensityWeight 3.556570E-02, HPWL 1.295785E+03, Overflow 2.977967E-02, MaxDensity 1.352E+00, MacroOverlap 4.331E-02, MacroOverlapWeight 8.000000E-06, gamma 7.178445E-02, time 2.735ms
[INFO   ] DREAMPlace - full step 12.684 ms
[DEBUG  ] dreamplace.ops.logsumexp_wirelength.logsumexp_wirelength - wirelength forward 0.166 ms
[DEBUG  ] dreamplace.ops.electric_potential.electric_potential - density forward 1.187 ms
[DEBUG  ] dreamplace.ops.electric_potential.electric_potential - density backward 0.398 ms
[DEBUG  ] dreamplace.ops.logsumexp_wirelength.logsumexp_wirelength - wirelength backward 0.126 ms
[INFO   ] DREAMPlace - optimizer step 9.022 ms
[INFO   ] DREAMPlace - iteration  119, (  10,  1,  1), Obj 1.414448E+03, NetCrossing 5.232E+01, NetCrossingWeight 1.000000E+01, DensityWeight 3.556570E-02, HPWL 1.296497E+03, Overflow 2.954314E-02, MaxDensity 1.290E+00, MacroOverlap 4.156E-02, MacroOverlapWeight 8.000000E-06, gamma 7.178445E-02, time 3.153ms
[INFO   ] DREAMPlace - full step 13.119 ms
[INFO   ] DREAMPlace - Lsub stopping criteria: 1 and 1414.45 > 1403.91 * 0.999
[INFO   ] DREAMPlace - Llambda stopping criteria: 1 and (( 0.0295431 < 0.1 and 1296.5 > 1293.6 ) or 1.28993 < 1.0)
[DEBUG  ] dreamplace.ops.logsumexp_wirelength.logsumexp_wirelength - wirelength forward 0.184 ms
[DEBUG  ] dreamplace.ops.electric_potential.electric_potential - density forward 1.385 ms
[DEBUG  ] dreamplace.ops.electric_potential.electric_potential - density backward 0.401 ms
[DEBUG  ] dreamplace.ops.logsumexp_wirelength.logsumexp_wirelength - wirelength backward 0.125 ms
[INFO   ] DREAMPlace - optimizer step 10.412 ms
[INFO   ] DREAMPlace - iteration  120, (  11,  0,  0), Obj 1.414324E+03, NetCrossing 5.120E+01, NetCrossingWeight 1.000000E+01, DensityWeight 3.964555E-02, HPWL 1.300787E+03, Overflow 2.863061E-02, MaxDensity 1.123E+00, MacroOverlap 4.040E-02, MacroOverlapWeight 8.000000E-06, gamma 7.078097E-02, time 3.225ms
[INFO   ] DREAMPlace - full step 14.702 ms
[DEBUG  ] dreamplace.ops.logsumexp_wirelength.logsumexp_wirelength - wirelength forward 0.175 ms
[DEBUG  ] dreamplace.ops.electric_potential.electric_potential - density forward 1.261 ms
[DEBUG  ] dreamplace.ops.electric_potential.electric_potential - density backward 0.409 ms
[DEBUG  ] dreamplace.ops.logsumexp_wirelength.logsumexp_wirelength - wirelength backward 0.139 ms
[INFO   ] DREAMPlace - optimizer step 10.270 ms
[INFO   ] DREAMPlace - iteration  121, (  11,  0,  1), Obj 1.422825E+03, NetCrossing 5.402E+01, NetCrossingWeight 1.000000E+01, DensityWeight 3.964555E-02, HPWL 1.298025E+03, Overflow 2.875029E-02, MaxDensity 1.165E+00, MacroOverlap 4.052E-02, MacroOverlapWeight 8.000000E-06, gamma 7.078097E-02, time 3.429ms
[INFO   ] DREAMPlace - full step 14.725 ms
[INFO   ] DREAMPlace - Lsub stopping criteria: 1 and 1422.83 > 1414.32 * 0.999
[DEBUG  ] dreamplace.ops.logsumexp_wirelength.logsumexp_wirelength - wirelength forward 0.178 ms
[DEBUG  ] dreamplace.ops.electric_potential.electric_potential - density forward 1.234 ms
[DEBUG  ] dreamplace.ops.electric_potential.electric_potential - density backward 0.396 ms
[DEBUG  ] dreamplace.ops.logsumexp_wirelength.logsumexp_wirelength - wirelength backward 0.125 ms
[INFO   ] DREAMPlace - optimizer step 11.203 ms
[INFO   ] DREAMPlace - iteration  122, (  11,  1,  0), Obj 1.423308E+03, NetCrossing 5.298E+01, NetCrossingWeight 1.000000E+01, DensityWeight 4.419342E-02, HPWL 1.302661E+03, Overflow 2.791762E-02, MaxDensity 1.043E+00, MacroOverlap 4.063E-02, MacroOverlapWeight 8.000000E-06, gamma 7.078097E-02, time 3.444ms
[INFO   ] DREAMPlace - full step 15.743 ms
[DEBUG  ] dreamplace.ops.logsumexp_wirelength.logsumexp_wirelength - wirelength forward 0.180 ms
[DEBUG  ] dreamplace.ops.electric_potential.electric_potential - density forward 1.256 ms
[DEBUG  ] dreamplace.ops.electric_potential.electric_potential - density backward 0.411 ms
[DEBUG  ] dreamplace.ops.logsumexp_wirelength.logsumexp_wirelength - wirelength backward 0.124 ms
[INFO   ] DREAMPlace - optimizer step 10.244 ms
[INFO   ] DREAMPlace - iteration  123, (  11,  1,  1), Obj 1.434982E+03, NetCrossing 5.175E+01, NetCrossingWeight 1.000000E+01, DensityWeight 4.419342E-02, HPWL 1.301909E+03, Overflow 2.799455E-02, MaxDensity 1.185E+00, MacroOverlap 4.006E-02, MacroOverlapWeight 8.000000E-06, gamma 7.078097E-02, time 3.384ms
[INFO   ] DREAMPlace - full step 14.653 ms
[INFO   ] DREAMPlace - Lsub stopping criteria: 1 and 1434.98 > 1423.31 * 0.999
[INFO   ] DREAMPlace - Llambda stopping criteria: 1 and (( 0.0279945 < 0.1 and 1301.91 > 1298.02 ) or 1.18546 < 1.0)
[DEBUG  ] dreamplace.ops.logsumexp_wirelength.logsumexp_wirelength - wirelength forward 0.189 ms
[DEBUG  ] dreamplace.ops.electric_potential.electric_potential - density forward 1.277 ms
[DEBUG  ] dreamplace.ops.electric_potential.electric_potential - density backward 0.418 ms
[DEBUG  ] dreamplace.ops.logsumexp_wirelength.logsumexp_wirelength - wirelength backward 0.124 ms
[INFO   ] DREAMPlace - optimizer step 11.912 ms
[INFO   ] DREAMPlace - iteration  124, (  12,  0,  0), Obj 1.435228E+03, NetCrossing 5.289E+01, NetCrossingWeight 1.000000E+01, DensityWeight 4.926296E-02, HPWL 1.304624E+03, Overflow 2.729047E-02, MaxDensity 1.058E+00, MacroOverlap 3.979E-02, MacroOverlapWeight 8.000000E-06, gamma 7.022233E-02, time 3.412ms
[INFO   ] DREAMPlace - full step 16.421 ms
[DEBUG  ] dreamplace.ops.logsumexp_wirelength.logsumexp_wirelength - wirelength forward 0.169 ms
[DEBUG  ] dreamplace.ops.electric_potential.electric_potential - density forward 1.217 ms
[DEBUG  ] dreamplace.ops.electric_potential.electric_potential - density backward 0.398 ms
[DEBUG  ] dreamplace.ops.logsumexp_wirelength.logsumexp_wirelength - wirelength backward 0.125 ms
[INFO   ] DREAMPlace - optimizer step 9.671 ms
[INFO   ] DREAMPlace - iteration  125, (  12,  0,  1), Obj 1.444283E+03, NetCrossing 5.102E+01, NetCrossingWeight 1.000000E+01, DensityWeight 4.926296E-02, HPWL 1.300844E+03, Overflow 2.687119E-02, MaxDensity 1.126E+00, MacroOverlap 4.003E-02, MacroOverlapWeight 8.000000E-06, gamma 7.022233E-02, time 3.338ms
[INFO   ] DREAMPlace - full step 14.024 ms
[INFO   ] DREAMPlace - Lsub stopping criteria: 1 and 1444.28 > 1435.23 * 0.999
[DEBUG  ] dreamplace.ops.logsumexp_wirelength.logsumexp_wirelength - wirelength forward 0.175 ms
[DEBUG  ] dreamplace.ops.electric_potential.electric_potential - density forward 1.218 ms
[DEBUG  ] dreamplace.ops.electric_potential.electric_potential - density backward 0.398 ms
[DEBUG  ] dreamplace.ops.logsumexp_wirelength.logsumexp_wirelength - wirelength backward 0.124 ms
[INFO   ] DREAMPlace - optimizer step 10.082 ms
[INFO   ] DREAMPlace - iteration  126, (  12,  1,  0), Obj 1.443814E+03, NetCrossing 5.337E+01, NetCrossingWeight 1.000000E+01, DensityWeight 5.456921E-02, HPWL 1.304498E+03, Overflow 2.652044E-02, MaxDensity 1.252E+00, MacroOverlap 3.902E-02, MacroOverlapWeight 8.000000E-06, gamma 7.022233E-02, time 3.255ms
[INFO   ] DREAMPlace - full step 14.369 ms
[DEBUG  ] dreamplace.ops.logsumexp_wirelength.logsumexp_wirelength - wirelength forward 0.187 ms
[DEBUG  ] dreamplace.ops.electric_potential.electric_potential - density forward 1.275 ms
[DEBUG  ] dreamplace.ops.electric_potential.electric_potential - density backward 0.392 ms
[DEBUG  ] dreamplace.ops.logsumexp_wirelength.logsumexp_wirelength - wirelength backward 0.126 ms
[INFO   ] DREAMPlace - optimizer step 10.100 ms
[INFO   ] DREAMPlace - iteration  127, (  12,  1,  1), Obj 1.458029E+03, NetCrossing 5.198E+01, NetCrossingWeight 1.000000E+01, DensityWeight 5.456921E-02, HPWL 1.304986E+03, Overflow 2.601410E-02, MaxDensity 1.019E+00, MacroOverlap 3.855E-02, MacroOverlapWeight 8.000000E-06, gamma 7.022233E-02, time 3.532ms
[INFO   ] DREAMPlace - full step 14.677 ms
[INFO   ] DREAMPlace - Lsub stopping criteria: 1 and 1458.03 > 1443.81 * 0.999
[INFO   ] DREAMPlace - Llambda stopping criteria: 1 and (( 0.0260141 < 0.1 and 1304.99 > 1300.84 ) or 1.0191 < 1.0)
[DEBUG  ] dreamplace.ops.logsumexp_wirelength.logsumexp_wirelength - wirelength forward 0.167 ms
[DEBUG  ] dreamplace.ops.electric_potential.electric_potential - density forward 1.144 ms
[DEBUG  ] dreamplace.ops.electric_potential.electric_potential - density backward 0.395 ms
[DEBUG  ] dreamplace.ops.logsumexp_wirelength.logsumexp_wirelength - wirelength backward 0.125 ms
[INFO   ] DREAMPlace - optimizer step 13.711 ms
[INFO   ] DREAMPlace - iteration  128, (  13,  0,  0), Obj 1.459353E+03, NetCrossing 5.251E+01, NetCrossingWeight 1.000000E+01, DensityWeight 6.082899E-02, HPWL 1.309102E+03, Overflow 2.551647E-02, MaxDensity 1.117E+00, MacroOverlap 3.811E-02, MacroOverlapWeight 8.000000E-06, gamma 6.951432E-02, time 3.305ms
[INFO   ] DREAMPlace - full step 18.031 ms
[DEBUG  ] dreamplace.ops.logsumexp_wirelength.logsumexp_wirelength - wirelength forward 0.133 ms
[DEBUG  ] dreamplace.ops.electric_potential.electric_potential - density forward 1.007 ms
[DEBUG  ] dreamplace.ops.electric_potential.electric_potential - density backward 0.399 ms
[DEBUG  ] dreamplace.ops.logsumexp_wirelength.logsumexp_wirelength - wirelength backward 0.125 ms
[INFO   ] DREAMPlace - optimizer step 10.776 ms
[INFO   ] DREAMPlace - iteration  129, (  13,  0,  1), Obj 1.475505E+03, NetCrossing 5.286E+01, NetCrossingWeight 1.000000E+01, DensityWeight 6.082899E-02, HPWL 1.311430E+03, Overflow 2.507497E-02, MaxDensity 1.106E+00, MacroOverlap 3.736E-02, MacroOverlapWeight 8.000000E-06, gamma 6.951432E-02, time 3.251ms
[INFO   ] DREAMPlace - full step 15.053 ms
[INFO   ] DREAMPlace - Lsub stopping criteria: 1 and 1475.51 > 1459.35 * 0.999
[DEBUG  ] dreamplace.ops.logsumexp_wirelength.logsumexp_wirelength - wirelength forward 0.162 ms
[DEBUG  ] dreamplace.ops.electric_potential.electric_potential - density forward 0.974 ms
[DEBUG  ] dreamplace.ops.electric_potential.electric_potential - density backward 0.340 ms
[DEBUG  ] dreamplace.ops.logsumexp_wirelength.logsumexp_wirelength - wirelength backward 0.096 ms
[INFO   ] DREAMPlace - optimizer step 7.939 ms
[INFO   ] DREAMPlace - iteration  130, (  13,  1,  0), Obj 1.475587E+03, NetCrossing 5.062E+01, NetCrossingWeight 1.000000E+01, DensityWeight 6.780680E-02, HPWL 1.314142E+03, Overflow 2.463012E-02, MaxDensity 1.050E+00, MacroOverlap 3.696E-02, MacroOverlapWeight 8.000000E-06, gamma 6.951432E-02, time 3.312ms
[INFO   ] DREAMPlace - full step 12.108 ms
[DEBUG  ] dreamplace.ops.logsumexp_wirelength.logsumexp_wirelength - wirelength forward 0.123 ms
[DEBUG  ] dreamplace.ops.electric_potential.electric_potential - density forward 0.943 ms
[DEBUG  ] dreamplace.ops.electric_potential.electric_potential - density backward 0.407 ms
[DEBUG  ] dreamplace.ops.logsumexp_wirelength.logsumexp_wirelength - wirelength backward 0.126 ms
[INFO   ] DREAMPlace - optimizer step 8.904 ms
[INFO   ] DREAMPlace - iteration  131, (  13,  1,  1), Obj 1.493635E+03, NetCrossing 5.114E+01, NetCrossingWeight 1.000000E+01, DensityWeight 6.780680E-02, HPWL 1.316430E+03, Overflow 2.436380E-02, MaxDensity 1.046E+00, MacroOverlap 3.682E-02, MacroOverlapWeight 8.000000E-06, gamma 6.951432E-02, time 2.722ms
[INFO   ] DREAMPlace - full step 12.574 ms
[INFO   ] DREAMPlace - Lsub stopping criteria: 1 and 1493.64 > 1475.59 * 0.999
[INFO   ] DREAMPlace - Llambda stopping criteria: 1 and (( 0.0243638 < 0.1 and 1316.43 > 1311.43 ) or 1.04579 < 1.0)
[DEBUG  ] dreamplace.ops.logsumexp_wirelength.logsumexp_wirelength - wirelength forward 0.207 ms
[DEBUG  ] dreamplace.ops.electric_potential.electric_potential - density forward 1.302 ms
[DEBUG  ] dreamplace.ops.electric_potential.electric_potential - density backward 0.389 ms
[DEBUG  ] dreamplace.ops.logsumexp_wirelength.logsumexp_wirelength - wirelength backward 0.122 ms
[INFO   ] DREAMPlace - optimizer step 10.239 ms
[INFO   ] DREAMPlace - iteration  132, (  14,  0,  0), Obj 1.493431E+03, NetCrossing 5.188E+01, NetCrossingWeight 1.000000E+01, DensityWeight 7.558508E-02, HPWL 1.319161E+03, Overflow 2.394771E-02, MaxDensity 1.043E+00, MacroOverlap 3.649E-02, MacroOverlapWeight 8.000000E-06, gamma 6.892978E-02, time 4.480ms
[INFO   ] DREAMPlace - full step 15.841 ms
[DEBUG  ] dreamplace.ops.logsumexp_wirelength.logsumexp_wirelength - wirelength forward 0.164 ms
[DEBUG  ] dreamplace.ops.electric_potential.electric_potential - density forward 1.173 ms
[DEBUG  ] dreamplace.ops.electric_potential.electric_potential - density backward 0.388 ms
[DEBUG  ] dreamplace.ops.logsumexp_wirelength.logsumexp_wirelength - wirelength backward 0.124 ms
[INFO   ] DREAMPlace - optimizer step 9.571 ms
[INFO   ] DREAMPlace - iteration  133, (  14,  0,  1), Obj 1.511626E+03, NetCrossing 5.284E+01, NetCrossingWeight 1.000000E+01, DensityWeight 7.558508E-02, HPWL 1.320982E+03, Overflow 2.370811E-02, MaxDensity 1.069E+00, MacroOverlap 3.643E-02, MacroOverlapWeight 8.000000E-06, gamma 6.892978E-02, time 3.348ms
[INFO   ] DREAMPlace - full step 13.960 ms
[INFO   ] DREAMPlace - Lsub stopping criteria: 1 and 1511.63 > 1493.43 * 0.999
[DEBUG  ] dreamplace.ops.logsumexp_wirelength.logsumexp_wirelength - wirelength forward 0.171 ms
[DEBUG  ] dreamplace.ops.electric_potential.electric_potential - density forward 1.206 ms
[DEBUG  ] dreamplace.ops.electric_potential.electric_potential - density backward 0.395 ms
[DEBUG  ] dreamplace.ops.logsumexp_wirelength.logsumexp_wirelength - wirelength backward 0.128 ms
[INFO   ] DREAMPlace - optimizer step 9.879 ms
[INFO   ] DREAMPlace - iteration  134, (  14,  1,  0), Obj 1.510958E+03, NetCrossing 5.185E+01, NetCrossingWeight 1.000000E+01, DensityWeight 8.425564E-02, HPWL 1.323248E+03, Overflow 2.342247E-02, MaxDensity 1.068E+00, MacroOverlap 3.622E-02, MacroOverlapWeight 8.000000E-06, gamma 6.892978E-02, time 3.255ms
[INFO   ] DREAMPlace - full step 14.173 ms
[DEBUG  ] dreamplace.ops.logsumexp_wirelength.logsumexp_wirelength - wirelength forward 0.185 ms
[DEBUG  ] dreamplace.ops.electric_potential.electric_potential - density forward 1.271 ms
[DEBUG  ] dreamplace.ops.electric_potential.electric_potential - density backward 0.406 ms
[DEBUG  ] dreamplace.ops.logsumexp_wirelength.logsumexp_wirelength - wirelength backward 0.129 ms
[INFO   ] DREAMPlace - optimizer step 10.142 ms
[INFO   ] DREAMPlace - iteration  135, (  14,  1,  1), Obj 1.530765E+03, NetCrossing 5.063E+01, NetCrossingWeight 1.000000E+01, DensityWeight 8.425564E-02, HPWL 1.324019E+03, Overflow 2.334298E-02, MaxDensity 1.027E+00, MacroOverlap 3.629E-02, MacroOverlapWeight 8.000000E-06, gamma 6.892978E-02, time 3.387ms
[INFO   ] DREAMPlace - full step 14.582 ms
[INFO   ] DREAMPlace - Lsub stopping criteria: 1 and 1530.77 > 1510.96 * 0.999
[INFO   ] DREAMPlace - Llambda stopping criteria: 1 and (( 0.023343 < 0.1 and 1324.02 > 1320.98 ) or 1.02722 < 1.0)
[DEBUG  ] dreamplace.ops.logsumexp_wirelength.logsumexp_wirelength - wirelength forward 0.178 ms
[DEBUG  ] dreamplace.ops.electric_potential.electric_potential - density forward 1.211 ms
[DEBUG  ] dreamplace.ops.electric_potential.electric_potential - density backward 0.396 ms
[DEBUG  ] dreamplace.ops.logsumexp_wirelength.logsumexp_wirelength - wirelength backward 0.140 ms
[INFO   ] DREAMPlace - optimizer step 10.527 ms
[INFO   ] DREAMPlace - iteration  136, (  15,  0,  0), Obj 1.530692E+03, NetCrossing 5.216E+01, NetCrossingWeight 1.000000E+01, DensityWeight 9.392084E-02, HPWL 1.326038E+03, Overflow 2.318267E-02, MaxDensity 1.019E+00, MacroOverlap 3.611E-02, MacroOverlapWeight 8.000000E-06, gamma 6.857067E-02, time 3.341ms
[INFO   ] DREAMPlace - full step 15.034 ms
[DEBUG  ] dreamplace.ops.logsumexp_wirelength.logsumexp_wirelength - wirelength forward 0.206 ms
[DEBUG  ] dreamplace.ops.electric_potential.electric_potential - density forward 1.079 ms
[DEBUG  ] dreamplace.ops.electric_potential.electric_potential - density backward 0.387 ms
[DEBUG  ] dreamplace.ops.logsumexp_wirelength.logsumexp_wirelength - wirelength backward 0.114 ms
[INFO   ] DREAMPlace - optimizer step 14.076 ms
[INFO   ] DREAMPlace - iteration  137, (  15,  0,  1), Obj 1.553461E+03, NetCrossing 5.014E+01, NetCrossingWeight 1.000000E+01, DensityWeight 9.392084E-02, HPWL 1.328630E+03, Overflow 2.311875E-02, MaxDensity 1.019E+00, MacroOverlap 3.607E-02, MacroOverlapWeight 8.000000E-06, gamma 6.857067E-02, time 3.760ms
[INFO   ] DREAMPlace - full step 19.083 ms
[INFO   ] DREAMPlace - Lsub stopping criteria: 1 and 1553.46 > 1530.69 * 0.999
[DEBUG  ] dreamplace.ops.logsumexp_wirelength.logsumexp_wirelength - wirelength forward 0.206 ms
[DEBUG  ] dreamplace.ops.electric_potential.electric_potential - density forward 1.282 ms
[DEBUG  ] dreamplace.ops.electric_potential.electric_potential - density backward 0.399 ms
[DEBUG  ] dreamplace.ops.logsumexp_wirelength.logsumexp_wirelength - wirelength backward 0.123 ms
[INFO   ] DREAMPlace - optimizer step 11.518 ms
[INFO   ] DREAMPlace - iteration  138, (  15,  1,  0), Obj 1.553867E+03, NetCrossing 5.129E+01, NetCrossingWeight 1.000000E+01, DensityWeight 1.046947E-01, HPWL 1.332330E+03, Overflow 2.280299E-02, MaxDensity 1.019E+00, MacroOverlap 3.574E-02, MacroOverlapWeight 8.000000E-06, gamma 6.857067E-02, time 3.635ms
[INFO   ] DREAMPlace - full step 16.375 ms
[DEBUG  ] dreamplace.ops.logsumexp_wirelength.logsumexp_wirelength - wirelength forward 0.193 ms
[DEBUG  ] dreamplace.ops.electric_potential.electric_potential - density forward 1.289 ms
[DEBUG  ] dreamplace.ops.electric_potential.electric_potential - density backward 0.394 ms
[DEBUG  ] dreamplace.ops.logsumexp_wirelength.logsumexp_wirelength - wirelength backward 0.122 ms
[INFO   ] DREAMPlace - optimizer step 10.465 ms
[INFO   ] DREAMPlace - iteration  139, (  15,  1,  1), Obj 1.578888E+03, NetCrossing 5.220E+01, NetCrossingWeight 1.000000E+01, DensityWeight 1.046947E-01, HPWL 1.334860E+03, Overflow 2.257815E-02, MaxDensity 1.019E+00, MacroOverlap 3.548E-02, MacroOverlapWeight 8.000000E-06, gamma 6.857067E-02, time 2.956ms
[INFO   ] DREAMPlace - full step 14.467 ms
[INFO   ] DREAMPlace - Lsub stopping criteria: 1 and 1578.89 > 1553.87 * 0.999
[INFO   ] DREAMPlace - Llambda stopping criteria: 1 and (( 0.0225782 < 0.1 and 1334.86 > 1328.63 ) or 1.0191 < 1.0)
[DEBUG  ] dreamplace.ops.logsumexp_wirelength.logsumexp_wirelength - wirelength forward 0.166 ms
[DEBUG  ] dreamplace.ops.electric_potential.electric_potential - density forward 1.163 ms
[DEBUG  ] dreamplace.ops.electric_potential.electric_potential - density backward 0.407 ms
[DEBUG  ] dreamplace.ops.logsumexp_wirelength.logsumexp_wirelength - wirelength backward 0.133 ms
[INFO   ] DREAMPlace - optimizer step 9.818 ms
[INFO   ] DREAMPlace - iteration  140, (  16,  0,  0), Obj 1.579633E+03, NetCrossing 5.200E+01, NetCrossingWeight 1.000000E+01, DensityWeight 1.167045E-01, HPWL 1.338047E+03, Overflow 2.224119E-02, MaxDensity 1.019E+00, MacroOverlap 3.505E-02, MacroOverlapWeight 8.000000E-06, gamma 6.830284E-02, time 3.297ms
[INFO   ] DREAMPlace - full step 14.157 ms
[DEBUG  ] dreamplace.ops.logsumexp_wirelength.logsumexp_wirelength - wirelength forward 0.179 ms
[DEBUG  ] dreamplace.ops.electric_potential.electric_potential - density forward 1.254 ms
[DEBUG  ] dreamplace.ops.electric_potential.electric_potential - density backward 0.409 ms
[DEBUG  ] dreamplace.ops.logsumexp_wirelength.logsumexp_wirelength - wirelength backward 0.151 ms
[INFO   ] DREAMPlace - optimizer step 10.743 ms
[INFO   ] DREAMPlace - iteration  141, (  16,  0,  1), Obj 1.605379E+03, NetCrossing 5.054E+01, NetCrossingWeight 1.000000E+01, DensityWeight 1.167045E-01, HPWL 1.340132E+03, Overflow 2.196080E-02, MaxDensity 1.019E+00, MacroOverlap 3.465E-02, MacroOverlapWeight 8.000000E-06, gamma 6.830284E-02, time 3.392ms
[INFO   ] DREAMPlace - full step 15.177 ms
[INFO   ] DREAMPlace - Lsub stopping criteria: 1 and 1605.38 > 1579.63 * 0.999
[DEBUG  ] dreamplace.ops.logsumexp_wirelength.logsumexp_wirelength - wirelength forward 0.169 ms
[DEBUG  ] dreamplace.ops.electric_potential.electric_potential - density forward 1.156 ms
[DEBUG  ] dreamplace.ops.electric_potential.electric_potential - density backward 0.397 ms
[DEBUG  ] dreamplace.ops.logsumexp_wirelength.logsumexp_wirelength - wirelength backward 0.123 ms
[INFO   ] DREAMPlace - optimizer step 9.769 ms
[INFO   ] DREAMPlace - iteration  142, (  16,  1,  0), Obj 1.605229E+03, NetCrossing 5.041E+01, NetCrossingWeight 1.000000E+01, DensityWeight 1.300919E-01, HPWL 1.343029E+03, Overflow 2.161685E-02, MaxDensity 1.019E+00, MacroOverlap 3.405E-02, MacroOverlapWeight 8.000000E-06, gamma 6.830284E-02, time 3.258ms
[INFO   ] DREAMPlace - full step 14.054 ms
[DEBUG  ] dreamplace.ops.logsumexp_wirelength.logsumexp_wirelength - wirelength forward 0.164 ms
[DEBUG  ] dreamplace.ops.electric_potential.electric_potential - density forward 1.192 ms
[DEBUG  ] dreamplace.ops.electric_potential.electric_potential - density backward 0.397 ms
[DEBUG  ] dreamplace.ops.logsumexp_wirelength.logsumexp_wirelength - wirelength backward 0.120 ms
[INFO   ] DREAMPlace - optimizer step 9.989 ms
[INFO   ] DREAMPlace - iteration  143, (  16,  1,  1), Obj 1.633760E+03, NetCrossing 5.104E+01, NetCrossingWeight 1.000000E+01, DensityWeight 1.300919E-01, HPWL 1.344664E+03, Overflow 2.134293E-02, MaxDensity 1.019E+00, MacroOverlap 3.340E-02, MacroOverlapWeight 8.000000E-06, gamma 6.830284E-02, time 3.355ms
[INFO   ] DREAMPlace - full step 14.380 ms
[INFO   ] DREAMPlace - Lsub stopping criteria: 1 and 1633.76 > 1605.23 * 0.999
[INFO   ] DREAMPlace - Llambda stopping criteria: 1 and (( 0.0213429 < 0.1 and 1344.66 > 1340.13 ) or 1.0191 < 1.0)
[DEBUG  ] dreamplace.ops.logsumexp_wirelength.logsumexp_wirelength - wirelength forward 0.165 ms
[DEBUG  ] dreamplace.ops.electric_potential.electric_potential - density forward 1.182 ms
[DEBUG  ] dreamplace.ops.electric_potential.electric_potential - density backward 0.395 ms
[DEBUG  ] dreamplace.ops.logsumexp_wirelength.logsumexp_wirelength - wirelength backward 0.124 ms
[INFO   ] DREAMPlace - optimizer step 9.956 ms
[INFO   ] DREAMPlace - iteration  144, (  17,  0,  0), Obj 1.634368E+03, NetCrossing 4.989E+01, NetCrossingWeight 1.000000E+01, DensityWeight 1.450151E-01, HPWL 1.347483E+03, Overflow 2.102937E-02, MaxDensity 1.019E+00, MacroOverlap 3.248E-02, MacroOverlapWeight 8.000000E-06, gamma 6.787250E-02, time 3.305ms
[INFO   ] DREAMPlace - full step 14.271 ms
[DEBUG  ] dreamplace.ops.logsumexp_wirelength.logsumexp_wirelength - wirelength forward 0.159 ms
[DEBUG  ] dreamplace.ops.electric_potential.electric_potential - density forward 1.123 ms
[DEBUG  ] dreamplace.ops.electric_potential.electric_potential - density backward 0.397 ms
[DEBUG  ] dreamplace.ops.logsumexp_wirelength.logsumexp_wirelength - wirelength backward 0.125 ms
[INFO   ] DREAMPlace - optimizer step 12.376 ms
[INFO   ] DREAMPlace - iteration  145, (  17,  0,  1), Obj 1.664260E+03, NetCrossing 5.143E+01, NetCrossingWeight 1.000000E+01, DensityWeight 1.450151E-01, HPWL 1.349268E+03, Overflow 2.075651E-02, MaxDensity 1.019E+00, MacroOverlap 3.142E-02, MacroOverlapWeight 8.000000E-06, gamma 6.787250E-02, time 3.219ms
[INFO   ] DREAMPlace - full step 16.641 ms
[INFO   ] DREAMPlace - Lsub stopping criteria: 1 and 1664.26 > 1634.37 * 0.999
[DEBUG  ] dreamplace.ops.logsumexp_wirelength.logsumexp_wirelength - wirelength forward 0.159 ms
[DEBUG  ] dreamplace.ops.electric_potential.electric_potential - density forward 1.154 ms
[DEBUG  ] dreamplace.ops.electric_potential.electric_potential - density backward 0.407 ms
[DEBUG  ] dreamplace.ops.logsumexp_wirelength.logsumexp_wirelength - wirelength backward 0.133 ms
[INFO   ] DREAMPlace - optimizer step 10.296 ms
[INFO   ] DREAMPlace - iteration  146, (  17,  1,  0), Obj 1.662514E+03, NetCrossing 5.060E+01, NetCrossingWeight 1.000000E+01, DensityWeight 1.616502E-01, HPWL 1.352243E+03, Overflow 2.047602E-02, MaxDensity 1.019E+00, MacroOverlap 2.998E-02, MacroOverlapWeight 8.000000E-06, gamma 6.787250E-02, time 3.227ms
[INFO   ] DREAMPlace - full step 14.513 ms
[DEBUG  ] dreamplace.ops.logsumexp_wirelength.logsumexp_wirelength - wirelength forward 0.184 ms
[DEBUG  ] dreamplace.ops.electric_potential.electric_potential - density forward 1.208 ms
[DEBUG  ] dreamplace.ops.electric_potential.electric_potential - density backward 0.435 ms
[DEBUG  ] dreamplace.ops.logsumexp_wirelength.logsumexp_wirelength - wirelength backward 0.130 ms
[INFO   ] DREAMPlace - optimizer step 16.648 ms
[INFO   ] DREAMPlace - iteration  147, (  17,  1,  1), Obj 1.694461E+03, NetCrossing 4.978E+01, NetCrossingWeight 1.000000E+01, DensityWeight 1.616502E-01, HPWL 1.354620E+03, Overflow 2.025716E-02, MaxDensity 1.019E+00, MacroOverlap 2.821E-02, MacroOverlapWeight 8.000000E-06, gamma 6.787250E-02, time 3.299ms
[INFO   ] DREAMPlace - full step 20.995 ms
[INFO   ] DREAMPlace - Lsub stopping criteria: 1 and 1694.46 > 1662.51 * 0.999
[INFO   ] DREAMPlace - Llambda stopping criteria: 1 and (( 0.0202572 < 0.1 and 1354.62 > 1349.27 ) or 1.0191 < 1.0)
[DEBUG  ] dreamplace.ops.logsumexp_wirelength.logsumexp_wirelength - wirelength forward 0.177 ms
[DEBUG  ] dreamplace.ops.electric_potential.electric_potential - density forward 1.225 ms
[DEBUG  ] dreamplace.ops.electric_potential.electric_potential - density backward 0.411 ms
[DEBUG  ] dreamplace.ops.logsumexp_wirelength.logsumexp_wirelength - wirelength backward 0.125 ms
[INFO   ] DREAMPlace - optimizer step 10.103 ms
[INFO   ] DREAMPlace - iteration  148, (  18,  0,  0), Obj 1.693635E+03, NetCrossing 4.991E+01, NetCrossingWeight 1.000000E+01, DensityWeight 1.801934E-01, HPWL 1.358415E+03, Overflow 1.996912E-02, MaxDensity 1.019E+00, MacroOverlap 2.581E-02, MacroOverlapWeight 8.000000E-06, gamma 6.749647E-02, time 3.361ms
[INFO   ] DREAMPlace - full step 14.562 ms
[DEBUG  ] dreamplace.ops.logsumexp_wirelength.logsumexp_wirelength - wirelength forward 0.187 ms
[DEBUG  ] dreamplace.ops.electric_potential.electric_potential - density forward 1.232 ms
[DEBUG  ] dreamplace.ops.electric_potential.electric_potential - density backward 0.429 ms
[DEBUG  ] dreamplace.ops.logsumexp_wirelength.logsumexp_wirelength - wirelength backward 0.127 ms
[INFO   ] DREAMPlace - optimizer step 10.093 ms
[INFO   ] DREAMPlace - iteration  149, (  18,  0,  1), Obj 1.725930E+03, NetCrossing 4.985E+01, NetCrossingWeight 1.000000E+01, DensityWeight 1.801934E-01, HPWL 1.362100E+03, Overflow 1.974645E-02, MaxDensity 1.019E+00, MacroOverlap 2.281E-02, MacroOverlapWeight 8.000000E-06, gamma 6.749647E-02, time 3.717ms
[INFO   ] DREAMPlace - full step 14.904 ms
[INFO   ] DREAMPlace - Lsub stopping criteria: 1 and 1725.93 > 1693.63 * 0.999
[DEBUG  ] dreamplace.ops.logsumexp_wirelength.logsumexp_wirelength - wirelength forward 0.175 ms
[DEBUG  ] dreamplace.ops.electric_potential.electric_potential - density forward 1.237 ms
[DEBUG  ] dreamplace.ops.electric_potential.electric_potential - density backward 0.399 ms
[DEBUG  ] dreamplace.ops.logsumexp_wirelength.logsumexp_wirelength - wirelength backward 0.123 ms
[INFO   ] DREAMPlace - optimizer step 10.064 ms
[INFO   ] DREAMPlace - iteration  150, (  18,  1,  0), Obj 1.718646E+03, NetCrossing 4.898E+01, NetCrossingWeight 1.000000E+01, DensityWeight 2.008637E-01, HPWL 1.367695E+03, Overflow 1.946606E-02, MaxDensity 1.019E+00, MacroOverlap 1.891E-02, MacroOverlapWeight 8.000000E-06, gamma 6.749647E-02, time 3.369ms
[INFO   ] DREAMPlace - full step 14.612 ms
[DEBUG  ] dreamplace.ops.logsumexp_wirelength.logsumexp_wirelength - wirelength forward 0.147 ms
[DEBUG  ] dreamplace.ops.electric_potential.electric_potential - density forward 1.348 ms
[DEBUG  ] dreamplace.ops.electric_potential.electric_potential - density backward 0.425 ms
[DEBUG  ] dreamplace.ops.logsumexp_wirelength.logsumexp_wirelength - wirelength backward 0.119 ms
[INFO   ] DREAMPlace - optimizer step 10.816 ms
[INFO   ] DREAMPlace - iteration  151, (  18,  1,  1), Obj 1.745783E+03, NetCrossing 5.140E+01, NetCrossingWeight 1.000000E+01, DensityWeight 2.008637E-01, HPWL 1.373156E+03, Overflow 1.925349E-02, MaxDensity 1.019E+00, MacroOverlap 1.413E-02, MacroOverlapWeight 8.000000E-06, gamma 6.749647E-02, time 3.058ms
[INFO   ] DREAMPlace - full step 14.986 ms
[INFO   ] DREAMPlace - Lsub stopping criteria: 1 and 1745.78 > 1718.65 * 0.999
[INFO   ] DREAMPlace - Llambda stopping criteria: 1 and (( 0.0192535 < 0.1 and 1373.16 > 1362.1 ) or 1.0191 < 1.0)
[DEBUG  ] dreamplace.ops.logsumexp_wirelength.logsumexp_wirelength - wirelength forward 0.179 ms
[DEBUG  ] dreamplace.ops.electric_potential.electric_potential - density forward 1.249 ms
[DEBUG  ] dreamplace.ops.electric_potential.electric_potential - density backward 0.439 ms
[DEBUG  ] dreamplace.ops.logsumexp_wirelength.logsumexp_wirelength - wirelength backward 0.123 ms
[INFO   ] DREAMPlace - optimizer step 10.490 ms
[INFO   ] DREAMPlace - iteration  152, (  19,  0,  0), Obj 1.727377E+03, NetCrossing 4.917E+01, NetCrossingWeight 1.000000E+01, DensityWeight 2.239050E-01, HPWL 1.380230E+03, Overflow 1.901623E-02, MaxDensity 1.019E+00, MacroOverlap 8.435E-03, MacroOverlapWeight 8.000000E-06, gamma 6.715072E-02, time 3.385ms
[INFO   ] DREAMPlace - full step 14.947 ms
[DEBUG  ] dreamplace.ops.logsumexp_wirelength.logsumexp_wirelength - wirelength forward 0.175 ms
[DEBUG  ] dreamplace.ops.electric_potential.electric_potential - density forward 1.244 ms
[DEBUG  ] dreamplace.ops.electric_potential.electric_potential - density backward 0.421 ms
[DEBUG  ] dreamplace.ops.logsumexp_wirelength.logsumexp_wirelength - wirelength backward 0.123 ms
[INFO   ] DREAMPlace - optimizer step 9.903 ms
[INFO   ] DREAMPlace - iteration  153, (  19,  0,  1), Obj 1.725247E+03, NetCrossing 4.991E+01, NetCrossingWeight 1.000000E+01, DensityWeight 2.239050E-01, HPWL 1.387421E+03, Overflow 1.849778E-02, MaxDensity 1.019E+00, MacroOverlap 3.861E-03, MacroOverlapWeight 8.000000E-06, gamma 6.715072E-02, time 3.390ms
[INFO   ] DREAMPlace - full step 14.342 ms
[DEBUG  ] dreamplace.ops.logsumexp_wirelength.logsumexp_wirelength - wirelength forward 0.173 ms
[DEBUG  ] dreamplace.ops.electric_potential.electric_potential - density forward 1.198 ms
[DEBUG  ] dreamplace.ops.electric_potential.electric_potential - density backward 0.392 ms
[DEBUG  ] dreamplace.ops.logsumexp_wirelength.logsumexp_wirelength - wirelength backward 0.120 ms
[INFO   ] DREAMPlace - optimizer step 9.803 ms
[INFO   ] DREAMPlace - iteration  154, (  19,  1,  0), Obj 1.668903E+03, NetCrossing 4.927E+01, NetCrossingWeight 1.000000E+01, DensityWeight 2.495891E-01, HPWL 1.396838E+03, Overflow 1.745763E-02, MaxDensity 1.019E+00, MacroOverlap 1.147E-03, MacroOverlapWeight 8.000000E-06, gamma 6.715072E-02, time 3.352ms
[INFO   ] DREAMPlace - full step 14.144 ms
[DEBUG  ] dreamplace.ops.logsumexp_wirelength.logsumexp_wirelength - wirelength forward 0.136 ms
[DEBUG  ] dreamplace.ops.electric_potential.electric_potential - density forward 1.181 ms
[DEBUG  ] dreamplace.ops.electric_potential.electric_potential - density backward 0.419 ms
[DEBUG  ] dreamplace.ops.logsumexp_wirelength.logsumexp_wirelength - wirelength backward 0.125 ms
[INFO   ] DREAMPlace - optimizer step 9.133 ms
[INFO   ] DREAMPlace - iteration  155, (  19,  1,  1), Obj 1.657419E+03, NetCrossing 5.004E+01, NetCrossingWeight 1.000000E+01, DensityWeight 2.495891E-01, HPWL 1.406202E+03, Overflow 1.644043E-02, MaxDensity 1.019E+00, MacroOverlap 2.998E-04, MacroOverlapWeight 8.000000E-06, gamma 6.715072E-02, time 3.036ms
[INFO   ] DREAMPlace - full step 13.051 ms
[INFO   ] DREAMPlace - Llambda stopping criteria: 1 and (( 0.0164404 < 0.1 and 1406.2 > 1387.42 ) or 1.0191 < 1.0)
[DEBUG  ] dreamplace.ops.logsumexp_wirelength.logsumexp_wirelength - wirelength forward 0.143 ms
[DEBUG  ] dreamplace.ops.electric_potential.electric_potential - density forward 1.215 ms
[DEBUG  ] dreamplace.ops.electric_potential.electric_potential - density backward 0.397 ms
[DEBUG  ] dreamplace.ops.logsumexp_wirelength.logsumexp_wirelength - wirelength backward 0.131 ms
[DEBUG  ] dreamplace.ops.logsumexp_wirelength.logsumexp_wirelength - wirelength forward 0.176 ms
[DEBUG  ] dreamplace.ops.electric_potential.electric_potential - density forward 1.336 ms
[DEBUG  ] dreamplace.ops.electric_potential.electric_potential - density backward 0.400 ms
[DEBUG  ] dreamplace.ops.logsumexp_wirelength.logsumexp_wirelength - wirelength backward 0.124 ms
[INFO   ] DREAMPlace - optimizer step 19.314 ms
[INFO   ] DREAMPlace - iteration  156, (  20,  0,  0), Obj 1.667686E+03, NetCrossing 4.730E+01, NetCrossingWeight 1.000000E+01, DensityWeight 2.782192E-01, HPWL 1.415506E+03, Overflow 1.539213E-02, MaxDensity 1.019E+00, MacroOverlap 1.644E-04, MacroOverlapWeight 8.000000E-06, gamma 6.619108E-02, time 3.228ms
[INFO   ] DREAMPlace - full step 23.632 ms
[DEBUG  ] dreamplace.ops.logsumexp_wirelength.logsumexp_wirelength - wirelength forward 0.189 ms
[DEBUG  ] dreamplace.ops.electric_potential.electric_potential - density forward 1.262 ms
[DEBUG  ] dreamplace.ops.electric_potential.electric_potential - density backward 0.420 ms
[DEBUG  ] dreamplace.ops.logsumexp_wirelength.logsumexp_wirelength - wirelength backward 0.123 ms
[INFO   ] DREAMPlace - optimizer step 10.151 ms
[INFO   ] DREAMPlace - iteration  157, (  20,  0,  1), Obj 1.713822E+03, NetCrossing 4.940E+01, NetCrossingWeight 1.000000E+01, DensityWeight 2.782192E-01, HPWL 1.424777E+03, Overflow 1.513511E-02, MaxDensity 1.019E+00, MacroOverlap 1.396E-04, MacroOverlapWeight 8.000000E-06, gamma 6.619108E-02, time 3.573ms
[INFO   ] DREAMPlace - full step 14.872 ms
[INFO   ] DREAMPlace - Lsub stopping criteria: 1 and 1713.82 > 1667.69 * 0.999
[DEBUG  ] dreamplace.ops.logsumexp_wirelength.logsumexp_wirelength - wirelength forward 0.191 ms
[DEBUG  ] dreamplace.ops.electric_potential.electric_potential - density forward 1.273 ms
[DEBUG  ] dreamplace.ops.electric_potential.electric_potential - density backward 0.409 ms
[DEBUG  ] dreamplace.ops.logsumexp_wirelength.logsumexp_wirelength - wirelength backward 0.125 ms
[INFO   ] DREAMPlace - optimizer step 10.306 ms
[INFO   ] DREAMPlace - iteration  158, (  20,  1,  0), Obj 1.715238E+03, NetCrossing 4.972E+01, NetCrossingWeight 1.000000E+01, DensityWeight 3.101334E-01, HPWL 1.431649E+03, Overflow 1.467901E-02, MaxDensity 1.019E+00, MacroOverlap 1.269E-04, MacroOverlapWeight 8.000000E-06, gamma 6.619108E-02, time 3.493ms
[INFO   ] DREAMPlace - full step 14.946 ms
[DEBUG  ] dreamplace.ops.logsumexp_wirelength.logsumexp_wirelength - wirelength forward 0.188 ms
[DEBUG  ] dreamplace.ops.electric_potential.electric_potential - density forward 1.271 ms
[DEBUG  ] dreamplace.ops.electric_potential.electric_potential - density backward 0.390 ms
[DEBUG  ] dreamplace.ops.logsumexp_wirelength.logsumexp_wirelength - wirelength backward 0.122 ms
[DEBUG  ] dreamplace.ops.logsumexp_wirelength.logsumexp_wirelength - wirelength forward 0.168 ms
[DEBUG  ] dreamplace.ops.electric_potential.electric_potential - density forward 1.239 ms
[DEBUG  ] dreamplace.ops.electric_potential.electric_potential - density backward 0.401 ms
[DEBUG  ] dreamplace.ops.logsumexp_wirelength.logsumexp_wirelength - wirelength backward 0.119 ms
[INFO   ] DREAMPlace - optimizer step 19.503 ms
[INFO   ] DREAMPlace - iteration  159, (  20,  1,  1), Obj 1.735677E+03, NetCrossing 4.882E+01, NetCrossingWeight 1.000000E+01, DensityWeight 3.101334E-01, HPWL 1.435411E+03, Overflow 1.441212E-02, MaxDensity 1.019E+00, MacroOverlap 1.218E-04, MacroOverlapWeight 8.000000E-06, gamma 6.619108E-02, time 3.521ms
[INFO   ] DREAMPlace - full step 24.126 ms
[INFO   ] DREAMPlace - Lsub stopping criteria: 1 and 1735.68 > 1715.24 * 0.999
[INFO   ] DREAMPlace - Llambda stopping criteria: 1 and (( 0.0144121 < 0.1 and 1435.41 > 1424.78 ) or 1.0191 < 1.0)
[DEBUG  ] dreamplace.ops.logsumexp_wirelength.logsumexp_wirelength - wirelength forward 0.178 ms
[DEBUG  ] dreamplace.ops.electric_potential.electric_potential - density forward 1.267 ms
[DEBUG  ] dreamplace.ops.electric_potential.electric_potential - density backward 0.395 ms
[DEBUG  ] dreamplace.ops.logsumexp_wirelength.logsumexp_wirelength - wirelength backward 0.121 ms
[DEBUG  ] dreamplace.ops.logsumexp_wirelength.logsumexp_wirelength - wirelength forward 0.163 ms
[DEBUG  ] dreamplace.ops.electric_potential.electric_potential - density forward 1.248 ms
[DEBUG  ] dreamplace.ops.electric_potential.electric_potential - density backward 0.383 ms
[DEBUG  ] dreamplace.ops.logsumexp_wirelength.logsumexp_wirelength - wirelength backward 0.119 ms
[INFO   ] DREAMPlace - optimizer step 19.382 ms
[INFO   ] DREAMPlace - iteration  160, (  21,  0,  0), Obj 1.737622E+03, NetCrossing 4.957E+01, NetCrossingWeight 1.000000E+01, DensityWeight 3.457091E-01, HPWL 1.438856E+03, Overflow 1.412341E-02, MaxDensity 1.019E+00, MacroOverlap 1.161E-04, MacroOverlapWeight 8.000000E-06, gamma 6.550765E-02, time 3.474ms
[INFO   ] DREAMPlace - full step 23.995 ms
[DEBUG  ] dreamplace.ops.logsumexp_wirelength.logsumexp_wirelength - wirelength forward 0.183 ms
[DEBUG  ] dreamplace.ops.electric_potential.electric_potential - density forward 1.286 ms
[DEBUG  ] dreamplace.ops.electric_potential.electric_potential - density backward 0.383 ms
[DEBUG  ] dreamplace.ops.logsumexp_wirelength.logsumexp_wirelength - wirelength backward 0.121 ms
[INFO   ] DREAMPlace - optimizer step 9.926 ms
[INFO   ] DREAMPlace - iteration  161, (  21,  0,  1), Obj 1.747866E+03, NetCrossing 4.910E+01, NetCrossingWeight 1.000000E+01, DensityWeight 3.457091E-01, HPWL 1.442575E+03, Overflow 1.380621E-02, MaxDensity 1.019E+00, MacroOverlap 1.070E-04, MacroOverlapWeight 8.000000E-06, gamma 6.550765E-02, time 3.468ms
[INFO   ] DREAMPlace - full step 14.485 ms
[INFO   ] DREAMPlace - Lsub stopping criteria: 1 and 1747.87 > 1737.62 * 0.999
[DEBUG  ] dreamplace.ops.logsumexp_wirelength.logsumexp_wirelength - wirelength forward 0.170 ms
[DEBUG  ] dreamplace.ops.electric_potential.electric_potential - density forward 1.250 ms
[DEBUG  ] dreamplace.ops.electric_potential.electric_potential - density backward 0.333 ms
[DEBUG  ] dreamplace.ops.logsumexp_wirelength.logsumexp_wirelength - wirelength backward 0.103 ms
[INFO   ] DREAMPlace - optimizer step 9.218 ms
[INFO   ] DREAMPlace - iteration  162, (  21,  1,  0), Obj 1.740467E+03, NetCrossing 4.838E+01, NetCrossingWeight 1.000000E+01, DensityWeight 3.853660E-01, HPWL 1.446920E+03, Overflow 1.346268E-02, MaxDensity 1.019E+00, MacroOverlap 9.842E-05, MacroOverlapWeight 8.000000E-06, gamma 6.550765E-02, time 3.413ms
[INFO   ] DREAMPlace - full step 13.729 ms
[DEBUG  ] dreamplace.ops.logsumexp_wirelength.logsumexp_wirelength - wirelength forward 0.177 ms
[DEBUG  ] dreamplace.ops.electric_potential.electric_potential - density forward 1.240 ms
[DEBUG  ] dreamplace.ops.electric_potential.electric_potential - density backward 0.467 ms
[DEBUG  ] dreamplace.ops.logsumexp_wirelength.logsumexp_wirelength - wirelength backward 0.170 ms
[DEBUG  ] dreamplace.ops.logsumexp_wirelength.logsumexp_wirelength - wirelength forward 0.167 ms
[DEBUG  ] dreamplace.ops.electric_potential.electric_potential - density forward 1.219 ms
[DEBUG  ] dreamplace.ops.electric_potential.electric_potential - density backward 0.390 ms
[DEBUG  ] dreamplace.ops.logsumexp_wirelength.logsumexp_wirelength - wirelength backward 0.115 ms
[INFO   ] DREAMPlace - optimizer step 20.537 ms
[INFO   ] DREAMPlace - iteration  163, (  21,  1,  1), Obj 1.773176E+03, NetCrossing 4.819E+01, NetCrossingWeight 1.000000E+01, DensityWeight 3.853660E-01, HPWL 1.450725E+03, Overflow 1.315702E-02, MaxDensity 1.019E+00, MacroOverlap 9.054E-05, MacroOverlapWeight 8.000000E-06, gamma 6.550765E-02, time 3.461ms
[INFO   ] DREAMPlace - full step 25.090 ms
[INFO   ] DREAMPlace - Lsub stopping criteria: 1 and 1773.18 > 1740.47 * 0.999
[INFO   ] DREAMPlace - Llambda stopping criteria: 1 and (( 0.013157 < 0.1 and 1450.72 > 1442.57 ) or 1.0191 < 1.0)
[DEBUG  ] dreamplace.ops.logsumexp_wirelength.logsumexp_wirelength - wirelength forward 0.173 ms
[DEBUG  ] dreamplace.ops.electric_potential.electric_potential - density forward 1.219 ms
[DEBUG  ] dreamplace.ops.electric_potential.electric_potential - density backward 0.389 ms
[DEBUG  ] dreamplace.ops.logsumexp_wirelength.logsumexp_wirelength - wirelength backward 0.134 ms
[INFO   ] DREAMPlace - optimizer step 10.043 ms
[INFO   ] DREAMPlace - iteration  164, (  22,  0,  0), Obj 1.764735E+03, NetCrossing 4.838E+01, NetCrossingWeight 1.000000E+01, DensityWeight 4.295719E-01, HPWL 1.454778E+03, Overflow 1.280401E-02, MaxDensity 1.019E+00, MacroOverlap 8.239E-05, MacroOverlapWeight 8.000000E-06, gamma 6.508829E-02, time 3.412ms
[INFO   ] DREAMPlace - full step 14.510 ms
[DEBUG  ] dreamplace.ops.logsumexp_wirelength.logsumexp_wirelength - wirelength forward 0.171 ms
[DEBUG  ] dreamplace.ops.electric_potential.electric_potential - density forward 1.246 ms
[DEBUG  ] dreamplace.ops.electric_potential.electric_potential - density backward 0.352 ms
[DEBUG  ] dreamplace.ops.logsumexp_wirelength.logsumexp_wirelength - wirelength backward 0.110 ms
[INFO   ] DREAMPlace - optimizer step 9.528 ms
[INFO   ] DREAMPlace - iteration  165, (  22,  0,  1), Obj 1.782729E+03, NetCrossing 4.793E+01, NetCrossingWeight 1.000000E+01, DensityWeight 4.295719E-01, HPWL 1.458567E+03, Overflow 1.248345E-02, MaxDensity 1.019E+00, MacroOverlap 7.540E-05, MacroOverlapWeight 8.000000E-06, gamma 6.508829E-02, time 3.416ms
[INFO   ] DREAMPlace - full step 14.022 ms
[INFO   ] DREAMPlace - Lsub stopping criteria: 1 and 1782.73 > 1764.73 * 0.999
[DEBUG  ] dreamplace.ops.logsumexp_wirelength.logsumexp_wirelength - wirelength forward 0.188 ms
[DEBUG  ] dreamplace.ops.electric_potential.electric_potential - density forward 1.277 ms
[DEBUG  ] dreamplace.ops.electric_potential.electric_potential - density backward 0.381 ms
[DEBUG  ] dreamplace.ops.logsumexp_wirelength.logsumexp_wirelength - wirelength backward 0.117 ms
[INFO   ] DREAMPlace - optimizer step 9.861 ms
[INFO   ] DREAMPlace - iteration  166, (  22,  1,  0), Obj 1.776799E+03, NetCrossing 4.753E+01, NetCrossingWeight 1.000000E+01, DensityWeight 4.788488E-01, HPWL 1.462557E+03, Overflow 1.213755E-02, MaxDensity 1.019E+00, MacroOverlap 6.894E-05, MacroOverlapWeight 8.000000E-06, gamma 6.508829E-02, time 3.463ms
[INFO   ] DREAMPlace - full step 14.428 ms
[DEBUG  ] dreamplace.ops.logsumexp_wirelength.logsumexp_wirelength - wirelength forward 0.180 ms
[DEBUG  ] dreamplace.ops.electric_potential.electric_potential - density forward 1.261 ms
[DEBUG  ] dreamplace.ops.electric_potential.electric_potential - density backward 0.416 ms
[DEBUG  ] dreamplace.ops.logsumexp_wirelength.logsumexp_wirelength - wirelength backward 0.140 ms
[INFO   ] DREAMPlace - optimizer step 10.058 ms
[INFO   ] DREAMPlace - iteration  167, (  22,  1,  1), Obj 1.808436E+03, NetCrossing 4.685E+01, NetCrossingWeight 1.000000E+01, DensityWeight 4.788488E-01, HPWL 1.466349E+03, Overflow 1.189793E-02, MaxDensity 1.019E+00, MacroOverlap 6.364E-05, MacroOverlapWeight 8.000000E-06, gamma 6.508829E-02, time 3.509ms
[INFO   ] DREAMPlace - full step 14.683 ms
[INFO   ] DREAMPlace - Lsub stopping criteria: 1 and 1808.44 > 1776.8 * 0.999
[INFO   ] DREAMPlace - Llambda stopping criteria: 1 and (( 0.0118979 < 0.1 and 1466.35 > 1458.57 ) or 1.0191 < 1.0)
[DEBUG  ] dreamplace.ops.logsumexp_wirelength.logsumexp_wirelength - wirelength forward 0.195 ms
[DEBUG  ] dreamplace.ops.electric_potential.electric_potential - density forward 1.271 ms
[DEBUG  ] dreamplace.ops.electric_potential.electric_potential - density backward 0.461 ms
[DEBUG  ] dreamplace.ops.logsumexp_wirelength.logsumexp_wirelength - wirelength backward 0.164 ms
[INFO   ] DREAMPlace - optimizer step 11.258 ms
[INFO   ] DREAMPlace - iteration  168, (  23,  0,  0), Obj 1.804734E+03, NetCrossing 4.711E+01, NetCrossingWeight 1.000000E+01, DensityWeight 5.337784E-01, HPWL 1.470568E+03, Overflow 1.166616E-02, MaxDensity 1.019E+00, MacroOverlap 5.928E-05, MacroOverlapWeight 8.000000E-06, gamma 6.467031E-02, time 3.489ms
[INFO   ] DREAMPlace - full step 15.821 ms
[DEBUG  ] dreamplace.ops.logsumexp_wirelength.logsumexp_wirelength - wirelength forward 0.172 ms
[DEBUG  ] dreamplace.ops.electric_potential.electric_potential - density forward 1.235 ms
[DEBUG  ] dreamplace.ops.electric_potential.electric_potential - density backward 0.394 ms
[DEBUG  ] dreamplace.ops.logsumexp_wirelength.logsumexp_wirelength - wirelength backward 0.129 ms
[INFO   ] DREAMPlace - optimizer step 9.926 ms
[INFO   ] DREAMPlace - iteration  169, (  23,  0,  1), Obj 1.830611E+03, NetCrossing 4.720E+01, NetCrossingWeight 1.000000E+01, DensityWeight 5.337784E-01, HPWL 1.474615E+03, Overflow 1.144644E-02, MaxDensity 1.019E+00, MacroOverlap 5.546E-05, MacroOverlapWeight 8.000000E-06, gamma 6.467031E-02, time 3.407ms
[INFO   ] DREAMPlace - full step 14.401 ms
[INFO   ] DREAMPlace - Lsub stopping criteria: 1 and 1830.61 > 1804.73 * 0.999
[DEBUG  ] dreamplace.ops.logsumexp_wirelength.logsumexp_wirelength - wirelength forward 0.175 ms
[DEBUG  ] dreamplace.ops.electric_potential.electric_potential - density forward 1.220 ms
[DEBUG  ] dreamplace.ops.electric_potential.electric_potential - density backward 0.394 ms
[DEBUG  ] dreamplace.ops.logsumexp_wirelength.logsumexp_wirelength - wirelength backward 0.128 ms
[INFO   ] DREAMPlace - optimizer step 9.922 ms
[INFO   ] DREAMPlace - iteration  170, (  23,  1,  0), Obj 1.832182E+03, NetCrossing 4.622E+01, NetCrossingWeight 1.000000E+01, DensityWeight 5.950089E-01, HPWL 1.479070E+03, Overflow 1.119931E-02, MaxDensity 1.019E+00, MacroOverlap 5.187E-05, MacroOverlapWeight 8.000000E-06, gamma 6.467031E-02, time 3.409ms
[INFO   ] DREAMPlace - full step 14.396 ms
[DEBUG  ] dreamplace.ops.logsumexp_wirelength.logsumexp_wirelength - wirelength forward 0.181 ms
[DEBUG  ] dreamplace.ops.electric_potential.electric_potential - density forward 1.186 ms
[DEBUG  ] dreamplace.ops.electric_potential.electric_potential - density backward 0.404 ms
[DEBUG  ] dreamplace.ops.logsumexp_wirelength.logsumexp_wirelength - wirelength backward 0.129 ms
[INFO   ] DREAMPlace - optimizer step 13.550 ms
[INFO   ] DREAMPlace - iteration  171, (  23,  1,  1), Obj 1.870011E+03, NetCrossing 4.715E+01, NetCrossingWeight 1.000000E+01, DensityWeight 5.950089E-01, HPWL 1.483068E+03, Overflow 1.094307E-02, MaxDensity 1.019E+00, MacroOverlap 4.820E-05, MacroOverlapWeight 8.000000E-06, gamma 6.467031E-02, time 3.346ms
[INFO   ] DREAMPlace - full step 18.006 ms
[INFO   ] DREAMPlace - Lsub stopping criteria: 1 and 1870.01 > 1832.18 * 0.999
[INFO   ] DREAMPlace - Llambda stopping criteria: 1 and (( 0.0109431 < 0.1 and 1483.07 > 1474.62 ) or 1.0191 < 1.0)
[DEBUG  ] dreamplace.ops.logsumexp_wirelength.logsumexp_wirelength - wirelength forward 0.181 ms
[DEBUG  ] dreamplace.ops.electric_potential.electric_potential - density forward 1.201 ms
[DEBUG  ] dreamplace.ops.electric_potential.electric_potential - density backward 0.401 ms
[DEBUG  ] dreamplace.ops.logsumexp_wirelength.logsumexp_wirelength - wirelength backward 0.123 ms
[INFO   ] DREAMPlace - optimizer step 9.867 ms
[INFO   ] DREAMPlace - iteration  172, (  24,  0,  0), Obj 1.871171E+03, NetCrossing 4.654E+01, NetCrossingWeight 1.000000E+01, DensityWeight 6.632633E-01, HPWL 1.487407E+03, Overflow 1.065777E-02, MaxDensity 1.019E+00, MacroOverlap 4.444E-05, MacroOverlapWeight 8.000000E-06, gamma 6.435511E-02, time 3.353ms
[INFO   ] DREAMPlace - full step 14.270 ms
[DEBUG  ] dreamplace.ops.logsumexp_wirelength.logsumexp_wirelength - wirelength forward 0.165 ms
[DEBUG  ] dreamplace.ops.electric_potential.electric_potential - density forward 1.158 ms
[DEBUG  ] dreamplace.ops.electric_potential.electric_potential - density backward 0.380 ms
[DEBUG  ] dreamplace.ops.logsumexp_wirelength.logsumexp_wirelength - wirelength backward 0.122 ms
[INFO   ] DREAMPlace - optimizer step 9.360 ms
[INFO   ] DREAMPlace - iteration  173, (  24,  0,  1), Obj 1.903600E+03, NetCrossing 4.602E+01, NetCrossingWeight 1.000000E+01, DensityWeight 6.632633E-01, HPWL 1.491146E+03, Overflow 1.041960E-02, MaxDensity 1.019E+00, MacroOverlap 4.044E-05, MacroOverlapWeight 8.000000E-06, gamma 6.435511E-02, time 3.229ms
[INFO   ] DREAMPlace - full step 13.607 ms
[INFO   ] DREAMPlace - Lsub stopping criteria: 1 and 1903.6 > 1871.17 * 0.999
[DEBUG  ] dreamplace.ops.logsumexp_wirelength.logsumexp_wirelength - wirelength forward 0.165 ms
[DEBUG  ] dreamplace.ops.electric_potential.electric_potential - density forward 1.161 ms
[DEBUG  ] dreamplace.ops.electric_potential.electric_potential - density backward 0.394 ms
[DEBUG  ] dreamplace.ops.logsumexp_wirelength.logsumexp_wirelength - wirelength backward 0.127 ms
[INFO   ] DREAMPlace - optimizer step 9.706 ms
[INFO   ] DREAMPlace - iteration  174, (  24,  1,  0), Obj 1.901105E+03, NetCrossing 4.575E+01, NetCrossingWeight 1.000000E+01, DensityWeight 7.393473E-01, HPWL 1.495030E+03, Overflow 1.016691E-02, MaxDensity 1.019E+00, MacroOverlap 3.610E-05, MacroOverlapWeight 8.000000E-06, gamma 6.435511E-02, time 3.251ms
[INFO   ] DREAMPlace - full step 14.138 ms
[DEBUG  ] dreamplace.ops.logsumexp_wirelength.logsumexp_wirelength - wirelength forward 0.169 ms
[DEBUG  ] dreamplace.ops.electric_potential.electric_potential - density forward 1.181 ms
[DEBUG  ] dreamplace.ops.electric_potential.electric_potential - density backward 0.389 ms
[DEBUG  ] dreamplace.ops.logsumexp_wirelength.logsumexp_wirelength - wirelength backward 0.128 ms
[INFO   ] DREAMPlace - optimizer step 9.728 ms
[INFO   ] DREAMPlace - iteration  175, (  24,  1,  1), Obj 1.942815E+03, NetCrossing 4.499E+01, NetCrossingWeight 1.000000E+01, DensityWeight 7.393473E-01, HPWL 1.498583E+03, Overflow 9.907583E-03, MaxDensity 1.019E+00, MacroOverlap 3.189E-05, MacroOverlapWeight 8.000000E-06, gamma 6.435511E-02, time 3.305ms
[INFO   ] DREAMPlace - full step 14.078 ms
[INFO   ] DREAMPlace - Lsub stopping criteria: 1 and 1942.82 > 1901.11 * 0.999
[INFO   ] DREAMPlace - Llambda stopping criteria: 1 and (( 0.00990758 < 0.1 and 1498.58 > 1491.15 ) or 1.0191 < 1.0)
[DEBUG  ] dreamplace.ops.logsumexp_wirelength.logsumexp_wirelength - wirelength forward 0.182 ms
[DEBUG  ] dreamplace.ops.electric_potential.electric_potential - density forward 1.198 ms
[DEBUG  ] dreamplace.ops.electric_potential.electric_potential - density backward 0.386 ms
[DEBUG  ] dreamplace.ops.logsumexp_wirelength.logsumexp_wirelength - wirelength backward 0.120 ms
[INFO   ] DREAMPlace - optimizer step 9.693 ms
[INFO   ] DREAMPlace - iteration  176, (  25,  0,  0), Obj 1.944538E+03, NetCrossing 4.674E+01, NetCrossingWeight 1.000000E+01, DensityWeight 8.241591E-01, HPWL 1.502377E+03, Overflow 9.638559E-03, MaxDensity 1.019E+00, MacroOverlap 2.797E-05, MacroOverlapWeight 8.000000E-06, gamma 6.401505E-02, time 3.361ms
[INFO   ] DREAMPlace - full step 14.093 ms
[DEBUG  ] dreamplace.ops.logsumexp_wirelength.logsumexp_wirelength - wirelength forward 0.172 ms
[DEBUG  ] dreamplace.ops.electric_potential.electric_potential - density forward 1.177 ms
[DEBUG  ] dreamplace.ops.electric_potential.electric_potential - density backward 0.407 ms
[DEBUG  ] dreamplace.ops.logsumexp_wirelength.logsumexp_wirelength - wirelength backward 0.129 ms
[INFO   ] DREAMPlace - optimizer step 9.746 ms
[INFO   ] DREAMPlace - iteration  177, (  25,  0,  1), Obj 1.983599E+03, NetCrossing 4.516E+01, NetCrossingWeight 1.000000E+01, DensityWeight 8.241591E-01, HPWL 1.506053E+03, Overflow 9.383109E-03, MaxDensity 1.019E+00, MacroOverlap 2.462E-05, MacroOverlapWeight 8.000000E-06, gamma 6.401505E-02, time 3.323ms
[INFO   ] DREAMPlace - full step 14.091 ms
[INFO   ] DREAMPlace - Lsub stopping criteria: 1 and 1983.6 > 1944.54 * 0.999
[DEBUG  ] dreamplace.ops.logsumexp_wirelength.logsumexp_wirelength - wirelength forward 0.170 ms
[DEBUG  ] dreamplace.ops.electric_potential.electric_potential - density forward 1.178 ms
[DEBUG  ] dreamplace.ops.electric_potential.electric_potential - density backward 0.398 ms
[DEBUG  ] dreamplace.ops.logsumexp_wirelength.logsumexp_wirelength - wirelength backward 0.126 ms
[INFO   ] DREAMPlace - optimizer step 9.772 ms
[INFO   ] DREAMPlace - iteration  178, (  25,  1,  0), Obj 1.980707E+03, NetCrossing 4.671E+01, NetCrossingWeight 1.000000E+01, DensityWeight 9.186998E-01, HPWL 1.509847E+03, Overflow 9.129278E-03, MaxDensity 1.019E+00, MacroOverlap 2.176E-05, MacroOverlapWeight 8.000000E-06, gamma 6.401505E-02, time 3.293ms
[INFO   ] DREAMPlace - full step 14.114 ms
[DEBUG  ] dreamplace.ops.logsumexp_wirelength.logsumexp_wirelength - wirelength forward 0.178 ms
[DEBUG  ] dreamplace.ops.electric_potential.electric_potential - density forward 1.253 ms
[DEBUG  ] dreamplace.ops.electric_potential.electric_potential - density backward 0.383 ms
[DEBUG  ] dreamplace.ops.logsumexp_wirelength.logsumexp_wirelength - wirelength backward 0.142 ms
[INFO   ] DREAMPlace - optimizer step 11.839 ms
[INFO   ] DREAMPlace - iteration  179, (  25,  1,  1), Obj 2.021949E+03, NetCrossing 4.602E+01, NetCrossingWeight 1.000000E+01, DensityWeight 9.186998E-01, HPWL 1.513460E+03, Overflow 8.871860E-03, MaxDensity 1.019E+00, MacroOverlap 1.937E-05, MacroOverlapWeight 8.000000E-06, gamma 6.401505E-02, time 3.398ms
[INFO   ] DREAMPlace - full step 16.320 ms
[INFO   ] DREAMPlace - Lsub stopping criteria: 1 and 2021.95 > 1980.71 * 0.999
[INFO   ] DREAMPlace - Llambda stopping criteria: 1 and (( 0.00887186 < 0.1 and 1513.46 > 1506.05 ) or 1.0191 < 1.0)
[DEBUG  ] dreamplace.ops.logsumexp_wirelength.logsumexp_wirelength - wirelength forward 0.186 ms
[DEBUG  ] dreamplace.ops.electric_potential.electric_potential - density forward 1.213 ms
[DEBUG  ] dreamplace.ops.electric_potential.electric_potential - density backward 0.407 ms
[DEBUG  ] dreamplace.ops.logsumexp_wirelength.logsumexp_wirelength - wirelength backward 0.132 ms
[INFO   ] DREAMPlace - optimizer step 10.024 ms
[INFO   ] DREAMPlace - iteration  180, (  26,  0,  0), Obj 2.023988E+03, NetCrossing 4.513E+01, NetCrossingWeight 1.000000E+01, DensityWeight 1.024086E+00, HPWL 1.517134E+03, Overflow 8.645687E-03, MaxDensity 1.019E+00, MacroOverlap 1.729E-05, MacroOverlapWeight 8.000000E-06, gamma 6.367667E-02, time 3.383ms
[INFO   ] DREAMPlace - full step 14.467 ms
[DEBUG  ] dreamplace.ops.logsumexp_wirelength.logsumexp_wirelength - wirelength forward 0.172 ms
[DEBUG  ] dreamplace.ops.electric_potential.electric_potential - density forward 1.327 ms
[DEBUG  ] dreamplace.ops.electric_potential.electric_potential - density backward 0.417 ms
[DEBUG  ] dreamplace.ops.logsumexp_wirelength.logsumexp_wirelength - wirelength backward 0.129 ms
[INFO   ] DREAMPlace - optimizer step 21.043 ms
[INFO   ] DREAMPlace - iteration  181, (  26,  0,  1), Obj 2.071853E+03, NetCrossing 4.706E+01, NetCrossingWeight 1.000000E+01, DensityWeight 1.024086E+00, HPWL 1.520607E+03, Overflow 8.426198E-03, MaxDensity 1.019E+00, MacroOverlap 1.550E-05, MacroOverlapWeight 8.000000E-06, gamma 6.367667E-02, time 3.565ms
[INFO   ] DREAMPlace - full step 25.696 ms
[INFO   ] DREAMPlace - Lsub stopping criteria: 1 and 2071.85 > 2023.99 * 0.999
[DEBUG  ] dreamplace.ops.logsumexp_wirelength.logsumexp_wirelength - wirelength forward 0.139 ms
[DEBUG  ] dreamplace.ops.electric_potential.electric_potential - density forward 1.250 ms
[DEBUG  ] dreamplace.ops.electric_potential.electric_potential - density backward 0.401 ms
[DEBUG  ] dreamplace.ops.logsumexp_wirelength.logsumexp_wirelength - wirelength backward 0.129 ms
[INFO   ] DREAMPlace - optimizer step 12.194 ms
[INFO   ] DREAMPlace - iteration  182, (  26,  1,  0), Obj 2.070336E+03, NetCrossing 4.689E+01, NetCrossingWeight 1.000000E+01, DensityWeight 1.141560E+00, HPWL 1.524323E+03, Overflow 8.191669E-03, MaxDensity 1.019E+00, MacroOverlap 1.385E-05, MacroOverlapWeight 8.000000E-06, gamma 6.367667E-02, time 3.375ms
[INFO   ] DREAMPlace - full step 16.541 ms
[DEBUG  ] dreamplace.ops.logsumexp_wirelength.logsumexp_wirelength - wirelength forward 0.189 ms
[DEBUG  ] dreamplace.ops.electric_potential.electric_potential - density forward 1.207 ms
[DEBUG  ] dreamplace.ops.electric_potential.electric_potential - density backward 0.399 ms
[DEBUG  ] dreamplace.ops.logsumexp_wirelength.logsumexp_wirelength - wirelength backward 0.137 ms
[INFO   ] DREAMPlace - optimizer step 11.852 ms
[INFO   ] DREAMPlace - iteration  183, (  26,  1,  1), Obj 2.117342E+03, NetCrossing 4.576E+01, NetCrossingWeight 1.000000E+01, DensityWeight 1.141560E+00, HPWL 1.527824E+03, Overflow 7.958440E-03, MaxDensity 1.019E+00, MacroOverlap 1.250E-05, MacroOverlapWeight 8.000000E-06, gamma 6.367667E-02, time 3.216ms
[INFO   ] DREAMPlace - full step 16.068 ms
[INFO   ] DREAMPlace - Lsub stopping criteria: 1 and 2117.34 > 2070.34 * 0.999
[INFO   ] DREAMPlace - Llambda stopping criteria: 1 and (( 0.00795844 < 0.1 and 1527.82 > 1520.61 ) or 1.0191 < 1.0)
[DEBUG  ] dreamplace.ops.logsumexp_wirelength.logsumexp_wirelength - wirelength forward 0.176 ms
[DEBUG  ] dreamplace.ops.electric_potential.electric_potential - density forward 1.275 ms
[DEBUG  ] dreamplace.ops.electric_potential.electric_potential - density backward 0.435 ms
[DEBUG  ] dreamplace.ops.logsumexp_wirelength.logsumexp_wirelength - wirelength backward 0.136 ms
[INFO   ] DREAMPlace - optimizer step 20.974 ms
[INFO   ] DREAMPlace - iteration  184, (  27,  0,  0), Obj 2.119802E+03, NetCrossing 4.617E+01, NetCrossingWeight 1.000000E+01, DensityWeight 1.272511E+00, HPWL 1.531335E+03, Overflow 7.761275E-03, MaxDensity 1.019E+00, MacroOverlap 1.137E-05, MacroOverlapWeight 8.000000E-06, gamma 6.337976E-02, time 3.503ms
[INFO   ] DREAMPlace - full step 25.603 ms
[DEBUG  ] dreamplace.ops.logsumexp_wirelength.logsumexp_wirelength - wirelength forward 0.178 ms
[DEBUG  ] dreamplace.ops.electric_potential.electric_potential - density forward 1.261 ms
[DEBUG  ] dreamplace.ops.electric_potential.electric_potential - density backward 0.418 ms
[DEBUG  ] dreamplace.ops.logsumexp_wirelength.logsumexp_wirelength - wirelength backward 0.131 ms
[INFO   ] DREAMPlace - optimizer step 11.350 ms
[INFO   ] DREAMPlace - iteration  185, (  27,  0,  1), Obj 2.175099E+03, NetCrossing 4.672E+01, NetCrossingWeight 1.000000E+01, DensityWeight 1.272511E+00, HPWL 1.534506E+03, Overflow 7.560886E-03, MaxDensity 1.019E+00, MacroOverlap 1.045E-05, MacroOverlapWeight 8.000000E-06, gamma 6.337976E-02, time 3.653ms
[INFO   ] DREAMPlace - full step 16.388 ms
[INFO   ] DREAMPlace - Lsub stopping criteria: 1 and 2175.1 > 2119.8 * 0.999
[DEBUG  ] dreamplace.ops.logsumexp_wirelength.logsumexp_wirelength - wirelength forward 0.179 ms
[DEBUG  ] dreamplace.ops.electric_potential.electric_potential - density forward 1.157 ms
[DEBUG  ] dreamplace.ops.electric_potential.electric_potential - density backward 0.393 ms
[DEBUG  ] dreamplace.ops.logsumexp_wirelength.logsumexp_wirelength - wirelength backward 0.128 ms
[INFO   ] DREAMPlace - optimizer step 10.045 ms
[INFO   ] DREAMPlace - iteration  186, (  27,  1,  0), Obj 2.173659E+03, NetCrossing 4.596E+01, NetCrossingWeight 1.000000E+01, DensityWeight 1.418483E+00, HPWL 1.537950E+03, Overflow 7.375978E-03, MaxDensity 1.019E+00, MacroOverlap 9.638E-06, MacroOverlapWeight 8.000000E-06, gamma 6.337976E-02, time 3.392ms
[INFO   ] DREAMPlace - full step 14.528 ms
[DEBUG  ] dreamplace.ops.logsumexp_wirelength.logsumexp_wirelength - wirelength forward 0.167 ms
[DEBUG  ] dreamplace.ops.electric_potential.electric_potential - density forward 1.219 ms
[DEBUG  ] dreamplace.ops.electric_potential.electric_potential - density backward 0.386 ms
[DEBUG  ] dreamplace.ops.logsumexp_wirelength.logsumexp_wirelength - wirelength backward 0.125 ms
[INFO   ] DREAMPlace - optimizer step 9.723 ms
[INFO   ] DREAMPlace - iteration  187, (  27,  1,  1), Obj 2.229393E+03, NetCrossing 4.574E+01, NetCrossingWeight 1.000000E+01, DensityWeight 1.418483E+00, HPWL 1.541064E+03, Overflow 7.196100E-03, MaxDensity 1.019E+00, MacroOverlap 8.982E-06, MacroOverlapWeight 8.000000E-06, gamma 6.337976E-02, time 3.397ms
[INFO   ] DREAMPlace - full step 14.161 ms
[INFO   ] DREAMPlace - Lsub stopping criteria: 1 and 2229.39 > 2173.66 * 0.999
[INFO   ] DREAMPlace - Llambda stopping criteria: 1 and (( 0.0071961 < 0.1 and 1541.06 > 1534.51 ) or 1.0191 < 1.0)
[DEBUG  ] dreamplace.ops.logsumexp_wirelength.logsumexp_wirelength - wirelength forward 0.179 ms
[DEBUG  ] dreamplace.ops.electric_potential.electric_potential - density forward 1.233 ms
[DEBUG  ] dreamplace.ops.electric_potential.electric_potential - density backward 0.402 ms
[DEBUG  ] dreamplace.ops.logsumexp_wirelength.logsumexp_wirelength - wirelength backward 0.125 ms
[INFO   ] DREAMPlace - optimizer step 9.919 ms
[INFO   ] DREAMPlace - iteration  188, (  28,  0,  0), Obj 2.231060E+03, NetCrossing 4.675E+01, NetCrossingWeight 1.000000E+01, DensityWeight 1.581200E+00, HPWL 1.544300E+03, Overflow 7.016493E-03, MaxDensity 1.019E+00, MacroOverlap 8.415E-06, MacroOverlapWeight 8.000000E-06, gamma 6.313301E-02, time 3.384ms
[INFO   ] DREAMPlace - full step 14.360 ms
[DEBUG  ] dreamplace.ops.logsumexp_wirelength.logsumexp_wirelength - wirelength forward 0.174 ms
[DEBUG  ] dreamplace.ops.electric_potential.electric_potential - density forward 1.210 ms
[DEBUG  ] dreamplace.ops.electric_potential.electric_potential - density backward 0.395 ms
[DEBUG  ] dreamplace.ops.logsumexp_wirelength.logsumexp_wirelength - wirelength backward 0.128 ms
[INFO   ] DREAMPlace - optimizer step 9.903 ms
[INFO   ] DREAMPlace - iteration  189, (  28,  0,  1), Obj 2.295614E+03, NetCrossing 4.573E+01, NetCrossingWeight 1.000000E+01, DensityWeight 1.581200E+00, HPWL 1.547200E+03, Overflow 6.851120E-03, MaxDensity 1.019E+00, MacroOverlap 7.981E-06, MacroOverlapWeight 8.000000E-06, gamma 6.313301E-02, time 3.377ms
[INFO   ] DREAMPlace - full step 14.325 ms
[INFO   ] DREAMPlace - Lsub stopping criteria: 1 and 2295.61 > 2231.06 * 0.999
[DEBUG  ] dreamplace.ops.logsumexp_wirelength.logsumexp_wirelength - wirelength forward 0.177 ms
[DEBUG  ] dreamplace.ops.electric_potential.electric_potential - density forward 1.209 ms
[DEBUG  ] dreamplace.ops.electric_potential.electric_potential - density backward 0.397 ms
[DEBUG  ] dreamplace.ops.logsumexp_wirelength.logsumexp_wirelength - wirelength backward 0.127 ms
[INFO   ] DREAMPlace - optimizer step 9.894 ms
[INFO   ] DREAMPlace - iteration  190, (  28,  1,  0), Obj 2.297390E+03, NetCrossing 4.697E+01, NetCrossingWeight 1.000000E+01, DensityWeight 1.762583E+00, HPWL 1.550247E+03, Overflow 6.695883E-03, MaxDensity 1.019E+00, MacroOverlap 7.609E-06, MacroOverlapWeight 8.000000E-06, gamma 6.313301E-02, time 3.331ms
[INFO   ] DREAMPlace - full step 14.268 ms
[DEBUG  ] dreamplace.ops.logsumexp_wirelength.logsumexp_wirelength - wirelength forward 0.175 ms
[DEBUG  ] dreamplace.ops.electric_potential.electric_potential - density forward 1.207 ms
[DEBUG  ] dreamplace.ops.electric_potential.electric_potential - density backward 0.380 ms
[DEBUG  ] dreamplace.ops.logsumexp_wirelength.logsumexp_wirelength - wirelength backward 0.097 ms
[INFO   ] DREAMPlace - optimizer step 12.099 ms
[INFO   ] DREAMPlace - iteration  191, (  28,  1,  1), Obj 2.355498E+03, NetCrossing 4.662E+01, NetCrossingWeight 1.000000E+01, DensityWeight 1.762583E+00, HPWL 1.553068E+03, Overflow 6.545361E-03, MaxDensity 1.019E+00, MacroOverlap 7.357E-06, MacroOverlapWeight 8.000000E-06, gamma 6.313301E-02, time 3.377ms
[INFO   ] DREAMPlace - full step 16.569 ms
[INFO   ] DREAMPlace - Lsub stopping criteria: 1 and 2355.5 > 2297.39 * 0.999
[INFO   ] DREAMPlace - Llambda stopping criteria: 1 and (( 0.00654536 < 0.1 and 1553.07 > 1547.2 ) or 1.0191 < 1.0)
[DEBUG  ] dreamplace.ops.logsumexp_wirelength.logsumexp_wirelength - wirelength forward 0.176 ms
[DEBUG  ] dreamplace.ops.electric_potential.electric_potential - density forward 1.211 ms
[DEBUG  ] dreamplace.ops.electric_potential.electric_potential - density backward 0.415 ms
[DEBUG  ] dreamplace.ops.logsumexp_wirelength.logsumexp_wirelength - wirelength backward 0.117 ms
[INFO   ] DREAMPlace - optimizer step 10.689 ms
[INFO   ] DREAMPlace - iteration  192, (  29,  0,  0), Obj 2.351704E+03, NetCrossing 4.754E+01, NetCrossingWeight 1.000000E+01, DensityWeight 1.964772E+00, HPWL 1.555967E+03, Overflow 6.416905E-03, MaxDensity 1.019E+00, MacroOverlap 7.100E-06, MacroOverlapWeight 8.000000E-06, gamma 6.292313E-02, time 3.366ms
[INFO   ] DREAMPlace - full step 15.115 ms
[DEBUG  ] dreamplace.ops.logsumexp_wirelength.logsumexp_wirelength - wirelength forward 0.173 ms
[DEBUG  ] dreamplace.ops.electric_potential.electric_potential - density forward 1.213 ms
[DEBUG  ] dreamplace.ops.electric_potential.electric_potential - density backward 0.405 ms
[DEBUG  ] dreamplace.ops.logsumexp_wirelength.logsumexp_wirelength - wirelength backward 0.143 ms
[INFO   ] DREAMPlace - optimizer step 10.588 ms
[INFO   ] DREAMPlace - iteration  193, (  29,  0,  1), Obj 2.431740E+03, NetCrossing 4.748E+01, NetCrossingWeight 1.000000E+01, DensityWeight 1.964772E+00, HPWL 1.558679E+03, Overflow 6.318616E-03, MaxDensity 1.019E+00, MacroOverlap 6.893E-06, MacroOverlapWeight 8.000000E-06, gamma 6.292313E-02, time 3.354ms
[INFO   ] DREAMPlace - full step 15.006 ms
[INFO   ] DREAMPlace - Lsub stopping criteria: 1 and 2431.74 > 2351.7 * 0.999
[DEBUG  ] dreamplace.ops.logsumexp_wirelength.logsumexp_wirelength - wirelength forward 0.171 ms
[DEBUG  ] dreamplace.ops.electric_potential.electric_potential - density forward 1.195 ms
[DEBUG  ] dreamplace.ops.electric_potential.electric_potential - density backward 0.400 ms
[DEBUG  ] dreamplace.ops.logsumexp_wirelength.logsumexp_wirelength - wirelength backward 0.129 ms
[INFO   ] DREAMPlace - optimizer step 13.865 ms
[INFO   ] DREAMPlace - iteration  194, (  29,  1,  0), Obj 2.433210E+03, NetCrossing 4.680E+01, NetCrossingWeight 1.000000E+01, DensityWeight 2.190156E+00, HPWL 1.561443E+03, Overflow 6.244120E-03, MaxDensity 1.019E+00, MacroOverlap 6.666E-06, MacroOverlapWeight 8.000000E-06, gamma 6.292313E-02, time 3.375ms
[INFO   ] DREAMPlace - full step 18.414 ms
[DEBUG  ] dreamplace.ops.logsumexp_wirelength.logsumexp_wirelength - wirelength forward 0.182 ms
[DEBUG  ] dreamplace.ops.electric_potential.electric_potential - density forward 1.215 ms
[DEBUG  ] dreamplace.ops.electric_potential.electric_potential - density backward 0.395 ms
[DEBUG  ] dreamplace.ops.logsumexp_wirelength.logsumexp_wirelength - wirelength backward 0.130 ms
[INFO   ] DREAMPlace - optimizer step 11.818 ms
[INFO   ] DREAMPlace - iteration  195, (  29,  1,  1), Obj 2.511266E+03, NetCrossing 4.610E+01, NetCrossingWeight 1.000000E+01, DensityWeight 2.190156E+00, HPWL 1.563922E+03, Overflow 6.169297E-03, MaxDensity 1.019E+00, MacroOverlap 6.472E-06, MacroOverlapWeight 8.000000E-06, gamma 6.292313E-02, time 3.410ms
[INFO   ] DREAMPlace - full step 16.294 ms
[INFO   ] DREAMPlace - Lsub stopping criteria: 1 and 2511.27 > 2433.21 * 0.999
[INFO   ] DREAMPlace - Llambda stopping criteria: 1 and (( 0.0061693 < 0.1 and 1563.92 > 1558.68 ) or 1.0191 < 1.0)
[DEBUG  ] dreamplace.ops.logsumexp_wirelength.logsumexp_wirelength - wirelength forward 0.173 ms
[DEBUG  ] dreamplace.ops.electric_potential.electric_potential - density forward 1.196 ms
[DEBUG  ] dreamplace.ops.electric_potential.electric_potential - density backward 0.397 ms
[DEBUG  ] dreamplace.ops.logsumexp_wirelength.logsumexp_wirelength - wirelength backward 0.127 ms
[INFO   ] DREAMPlace - optimizer step 11.475 ms
[INFO   ] DREAMPlace - iteration  196, (  30,  0,  0), Obj 2.509441E+03, NetCrossing 4.698E+01, NetCrossingWeight 1.000000E+01, DensityWeight 2.441393E+00, HPWL 1.566302E+03, Overflow 6.074103E-03, MaxDensity 1.019E+00, MacroOverlap 6.256E-06, MacroOverlapWeight 8.000000E-06, gamma 6.280218E-02, time 3.301ms
[INFO   ] DREAMPlace - full step 15.807 ms
[DEBUG  ] dreamplace.ops.logsumexp_wirelength.logsumexp_wirelength - wirelength forward 0.169 ms
[DEBUG  ] dreamplace.ops.electric_potential.electric_potential - density forward 1.170 ms
[DEBUG  ] dreamplace.ops.electric_potential.electric_potential - density backward 0.412 ms
[DEBUG  ] dreamplace.ops.logsumexp_wirelength.logsumexp_wirelength - wirelength backward 0.151 ms
[INFO   ] DREAMPlace - optimizer step 9.942 ms
[INFO   ] DREAMPlace - iteration  197, (  30,  0,  1), Obj 2.590138E+03, NetCrossing 4.580E+01, NetCrossingWeight 1.000000E+01, DensityWeight 2.441393E+00, HPWL 1.568503E+03, Overflow 5.982837E-03, MaxDensity 1.019E+00, MacroOverlap 6.073E-06, MacroOverlapWeight 8.000000E-06, gamma 6.280218E-02, time 3.242ms
[INFO   ] DREAMPlace - full step 14.239 ms
[INFO   ] DREAMPlace - Lsub stopping criteria: 1 and 2590.14 > 2509.44 * 0.999
[DEBUG  ] dreamplace.ops.logsumexp_wirelength.logsumexp_wirelength - wirelength forward 0.180 ms
[DEBUG  ] dreamplace.ops.electric_potential.electric_potential - density forward 1.235 ms
[DEBUG  ] dreamplace.ops.electric_potential.electric_potential - density backward 0.417 ms
[DEBUG  ] dreamplace.ops.logsumexp_wirelength.logsumexp_wirelength - wirelength backward 0.149 ms
[INFO   ] DREAMPlace - optimizer step 10.131 ms
[INFO   ] DREAMPlace - iteration  198, (  30,  1,  0), Obj 2.588335E+03, NetCrossing 4.643E+01, NetCrossingWeight 1.000000E+01, DensityWeight 2.721452E+00, HPWL 1.570545E+03, Overflow 5.898703E-03, MaxDensity 1.019E+00, MacroOverlap 5.918E-06, MacroOverlapWeight 8.000000E-06, gamma 6.280218E-02, time 3.379ms
[INFO   ] DREAMPlace - full step 14.572 ms
[DEBUG  ] dreamplace.ops.logsumexp_wirelength.logsumexp_wirelength - wirelength forward 0.178 ms
[DEBUG  ] dreamplace.ops.electric_potential.electric_potential - density forward 1.214 ms
[DEBUG  ] dreamplace.ops.electric_potential.electric_potential - density backward 0.427 ms
[DEBUG  ] dreamplace.ops.logsumexp_wirelength.logsumexp_wirelength - wirelength backward 0.124 ms
[INFO   ] DREAMPlace - optimizer step 10.120 ms
[INFO   ] DREAMPlace - iteration  199, (  30,  1,  1), Obj 2.693926E+03, NetCrossing 4.619E+01, NetCrossingWeight 1.000000E+01, DensityWeight 2.721452E+00, HPWL 1.572436E+03, Overflow 5.809145E-03, MaxDensity 1.019E+00, MacroOverlap 5.786E-06, MacroOverlapWeight 8.000000E-06, gamma 6.280218E-02, time 3.360ms
[INFO   ] DREAMPlace - full step 14.576 ms
[INFO   ] DREAMPlace - Lsub stopping criteria: 1 and 2693.93 > 2588.33 * 0.999
[INFO   ] DREAMPlace - Llambda stopping criteria: 1 and (( 0.00580915 < 0.1 and 1572.44 > 1568.5 ) or 1.0191 < 1.0)
[INFO   ] DREAMPlace - plotting to ./results/tuner-small/small-1/PB310_A00/run-30_0_0/PB310_A00/plot/iter0200.png takes 0.068 seconds
[DEBUG  ] dreamplace.ops.logsumexp_wirelength.logsumexp_wirelength - wirelength forward 0.195 ms
[DEBUG  ] dreamplace.ops.electric_potential.electric_potential - density forward 1.193 ms
[DEBUG  ] dreamplace.ops.electric_potential.electric_potential - density backward 0.403 ms
[DEBUG  ] dreamplace.ops.logsumexp_wirelength.logsumexp_wirelength - wirelength backward 0.143 ms
[INFO   ] DREAMPlace - optimizer step 10.132 ms
[INFO   ] DREAMPlace - iteration  200, (  31,  0,  0), Obj 2.703722E+03, NetCrossing 4.633E+01, NetCrossingWeight 1.000000E+01, DensityWeight 3.033637E+00, HPWL 1.574302E+03, Overflow 5.742310E-03, MaxDensity 1.019E+00, MacroOverlap 5.696E-06, MacroOverlapWeight 8.000000E-06, gamma 6.268654E-02, time 3.267ms
[INFO   ] DREAMPlace - full step 82.751 ms
[DEBUG  ] dreamplace.ops.logsumexp_wirelength.logsumexp_wirelength - wirelength forward 0.174 ms
[DEBUG  ] dreamplace.ops.electric_potential.electric_potential - density forward 1.148 ms
[DEBUG  ] dreamplace.ops.electric_potential.electric_potential - density backward 0.385 ms
[DEBUG  ] dreamplace.ops.logsumexp_wirelength.logsumexp_wirelength - wirelength backward 0.167 ms
[INFO   ] DREAMPlace - optimizer step 9.897 ms
[INFO   ] DREAMPlace - iteration  201, (  31,  0,  1), Obj 2.794592E+03, NetCrossing 4.663E+01, NetCrossingWeight 1.000000E+01, DensityWeight 3.033637E+00, HPWL 1.575943E+03, Overflow 5.690323E-03, MaxDensity 1.019E+00, MacroOverlap 5.657E-06, MacroOverlapWeight 8.000000E-06, gamma 6.268654E-02, time 3.264ms
[INFO   ] DREAMPlace - full step 14.133 ms
[INFO   ] DREAMPlace - Lsub stopping criteria: 1 and 2794.59 > 2703.72 * 0.999
[DEBUG  ] dreamplace.ops.logsumexp_wirelength.logsumexp_wirelength - wirelength forward 0.167 ms
[DEBUG  ] dreamplace.ops.electric_potential.electric_potential - density forward 1.168 ms
[DEBUG  ] dreamplace.ops.electric_potential.electric_potential - density backward 0.355 ms
[DEBUG  ] dreamplace.ops.logsumexp_wirelength.logsumexp_wirelength - wirelength backward 0.094 ms
[INFO   ] DREAMPlace - optimizer step 9.946 ms
[INFO   ] DREAMPlace - iteration  202, (  31,  1,  0), Obj 2.790470E+03, NetCrossing 4.634E+01, NetCrossingWeight 1.000000E+01, DensityWeight 3.381634E+00, HPWL 1.577579E+03, Overflow 5.647028E-03, MaxDensity 1.019E+00, MacroOverlap 5.669E-06, MacroOverlapWeight 8.000000E-06, gamma 6.268654E-02, time 3.257ms
[INFO   ] DREAMPlace - full step 14.218 ms
[DEBUG  ] dreamplace.ops.logsumexp_wirelength.logsumexp_wirelength - wirelength forward 0.165 ms
[DEBUG  ] dreamplace.ops.electric_potential.electric_potential - density forward 1.191 ms
[DEBUG  ] dreamplace.ops.electric_potential.electric_potential - density backward 0.342 ms
[DEBUG  ] dreamplace.ops.logsumexp_wirelength.logsumexp_wirelength - wirelength backward 0.094 ms
[INFO   ] DREAMPlace - optimizer step 9.202 ms
[INFO   ] DREAMPlace - iteration  203, (  31,  1,  1), Obj 2.912420E+03, NetCrossing 4.560E+01, NetCrossingWeight 1.000000E+01, DensityWeight 3.381634E+00, HPWL 1.579040E+03, Overflow 5.613373E-03, MaxDensity 1.019E+00, MacroOverlap 5.757E-06, MacroOverlapWeight 8.000000E-06, gamma 6.268654E-02, time 3.280ms
[INFO   ] DREAMPlace - full step 13.532 ms
[INFO   ] DREAMPlace - Lsub stopping criteria: 1 and 2912.42 > 2790.47 * 0.999
[INFO   ] DREAMPlace - Llambda stopping criteria: 1 and (( 0.00561337 < 0.1 and 1579.04 > 1575.94 ) or 1.0191 < 1.0)
[DEBUG  ] dreamplace.ops.logsumexp_wirelength.logsumexp_wirelength - wirelength forward 0.169 ms
[DEBUG  ] dreamplace.ops.electric_potential.electric_potential - density forward 1.150 ms
[DEBUG  ] dreamplace.ops.electric_potential.electric_potential - density backward 0.408 ms
[DEBUG  ] dreamplace.ops.logsumexp_wirelength.logsumexp_wirelength - wirelength backward 0.125 ms
[INFO   ] DREAMPlace - optimizer step 9.424 ms
[INFO   ] DREAMPlace - iteration  204, (  32,  0,  0), Obj 2.923331E+03, NetCrossing 4.698E+01, NetCrossingWeight 1.000000E+01, DensityWeight 3.769550E+00, HPWL 1.580587E+03, Overflow 5.572862E-03, MaxDensity 1.019E+00, MacroOverlap 5.883E-06, MacroOverlapWeight 8.000000E-06, gamma 6.262378E-02, time 3.196ms
[INFO   ] DREAMPlace - full step 13.667 ms
[DEBUG  ] dreamplace.ops.logsumexp_wirelength.logsumexp_wirelength - wirelength forward 0.176 ms
[DEBUG  ] dreamplace.ops.electric_potential.electric_potential - density forward 1.207 ms
[DEBUG  ] dreamplace.ops.electric_potential.electric_potential - density backward 0.426 ms
[DEBUG  ] dreamplace.ops.logsumexp_wirelength.logsumexp_wirelength - wirelength backward 0.145 ms
[INFO   ] DREAMPlace - optimizer step 10.259 ms
[INFO   ] DREAMPlace - iteration  205, (  32,  0,  1), Obj 3.059331E+03, NetCrossing 4.682E+01, NetCrossingWeight 1.000000E+01, DensityWeight 3.769550E+00, HPWL 1.582068E+03, Overflow 5.541410E-03, MaxDensity 1.019E+00, MacroOverlap 6.067E-06, MacroOverlapWeight 8.000000E-06, gamma 6.262378E-02, time 3.372ms
[INFO   ] DREAMPlace - full step 14.717 ms
[INFO   ] DREAMPlace - Lsub stopping criteria: 1 and 3059.33 > 2923.33 * 0.999
[DEBUG  ] dreamplace.ops.logsumexp_wirelength.logsumexp_wirelength - wirelength forward 0.174 ms
[DEBUG  ] dreamplace.ops.electric_potential.electric_potential - density forward 1.194 ms
[DEBUG  ] dreamplace.ops.electric_potential.electric_potential - density backward 0.340 ms
[DEBUG  ] dreamplace.ops.logsumexp_wirelength.logsumexp_wirelength - wirelength backward 0.094 ms
[INFO   ] DREAMPlace - optimizer step 9.191 ms
[INFO   ] DREAMPlace - iteration  206, (  32,  1,  0), Obj 3.066711E+03, NetCrossing 4.679E+01, NetCrossingWeight 1.000000E+01, DensityWeight 4.201966E+00, HPWL 1.583815E+03, Overflow 5.512289E-03, MaxDensity 1.019E+00, MacroOverlap 6.267E-06, MacroOverlapWeight 8.000000E-06, gamma 6.262378E-02, time 3.403ms
[INFO   ] DREAMPlace - full step 13.623 ms
[DEBUG  ] dreamplace.ops.logsumexp_wirelength.logsumexp_wirelength - wirelength forward 0.162 ms
[DEBUG  ] dreamplace.ops.electric_potential.electric_potential - density forward 1.102 ms
[DEBUG  ] dreamplace.ops.electric_potential.electric_potential - density backward 0.404 ms
[DEBUG  ] dreamplace.ops.logsumexp_wirelength.logsumexp_wirelength - wirelength backward 0.144 ms
[INFO   ] DREAMPlace - optimizer step 9.817 ms
[INFO   ] DREAMPlace - iteration  207, (  32,  1,  1), Obj 3.206049E+03, NetCrossing 4.677E+01, NetCrossingWeight 1.000000E+01, DensityWeight 4.201966E+00, HPWL 1.585632E+03, Overflow 5.490704E-03, MaxDensity 1.019E+00, MacroOverlap 6.491E-06, MacroOverlapWeight 8.000000E-06, gamma 6.262378E-02, time 3.275ms
[INFO   ] DREAMPlace - full step 14.119 ms
[INFO   ] DREAMPlace - Lsub stopping criteria: 1 and 3206.05 > 3066.71 * 0.999
[INFO   ] DREAMPlace - Llambda stopping criteria: 1 and (( 0.0054907 < 0.1 and 1585.63 > 1582.07 ) or 1.0191 < 1.0)
[DEBUG  ] dreamplace.ops.logsumexp_wirelength.logsumexp_wirelength - wirelength forward 0.174 ms
[DEBUG  ] dreamplace.ops.electric_potential.electric_potential - density forward 1.211 ms
[DEBUG  ] dreamplace.ops.electric_potential.electric_potential - density backward 0.408 ms
[DEBUG  ] dreamplace.ops.logsumexp_wirelength.logsumexp_wirelength - wirelength backward 0.138 ms
[INFO   ] DREAMPlace - optimizer step 10.333 ms
[INFO   ] DREAMPlace - iteration  208, (  33,  0,  0), Obj 3.200866E+03, NetCrossing 4.626E+01, NetCrossingWeight 1.000000E+01, DensityWeight 4.683986E+00, HPWL 1.587555E+03, Overflow 5.489830E-03, MaxDensity 1.019E+00, MacroOverlap 6.669E-06, MacroOverlapWeight 8.000000E-06, gamma 6.258449E-02, time 3.289ms
[INFO   ] DREAMPlace - full step 14.683 ms
[DEBUG  ] dreamplace.ops.logsumexp_wirelength.logsumexp_wirelength - wirelength forward 0.161 ms
[DEBUG  ] dreamplace.ops.electric_potential.electric_potential - density forward 1.171 ms
[DEBUG  ] dreamplace.ops.electric_potential.electric_potential - density backward 0.409 ms
[DEBUG  ] dreamplace.ops.logsumexp_wirelength.logsumexp_wirelength - wirelength backward 0.143 ms
[INFO   ] DREAMPlace - optimizer step 9.768 ms
[INFO   ] DREAMPlace - iteration  209, (  33,  0,  1), Obj 3.367369E+03, NetCrossing 4.675E+01, NetCrossingWeight 1.000000E+01, DensityWeight 4.683986E+00, HPWL 1.589527E+03, Overflow 5.504531E-03, MaxDensity 1.019E+00, MacroOverlap 6.827E-06, MacroOverlapWeight 8.000000E-06, gamma 6.258449E-02, time 3.301ms
[INFO   ] DREAMPlace - full step 14.050 ms
[INFO   ] DREAMPlace - Lsub stopping criteria: 1 and 3367.37 > 3200.87 * 0.999
[DEBUG  ] dreamplace.ops.logsumexp_wirelength.logsumexp_wirelength - wirelength forward 0.170 ms
[DEBUG  ] dreamplace.ops.electric_potential.electric_potential - density forward 1.182 ms
[DEBUG  ] dreamplace.ops.electric_potential.electric_potential - density backward 0.402 ms
[DEBUG  ] dreamplace.ops.logsumexp_wirelength.logsumexp_wirelength - wirelength backward 0.142 ms
[INFO   ] DREAMPlace - optimizer step 10.007 ms
[INFO   ] DREAMPlace - iteration  210, (  33,  1,  0), Obj 3.386139E+03, NetCrossing 4.625E+01, NetCrossingWeight 1.000000E+01, DensityWeight 5.221298E+00, HPWL 1.591503E+03, Overflow 5.499802E-03, MaxDensity 1.019E+00, MacroOverlap 6.911E-06, MacroOverlapWeight 8.000000E-06, gamma 6.258449E-02, time 3.336ms
[INFO   ] DREAMPlace - full step 14.322 ms
[DEBUG  ] dreamplace.ops.logsumexp_wirelength.logsumexp_wirelength - wirelength forward 0.170 ms
[DEBUG  ] dreamplace.ops.electric_potential.electric_potential - density forward 1.169 ms
[DEBUG  ] dreamplace.ops.electric_potential.electric_potential - density backward 0.414 ms
[DEBUG  ] dreamplace.ops.logsumexp_wirelength.logsumexp_wirelength - wirelength backward 0.099 ms
[INFO   ] DREAMPlace - optimizer step 10.103 ms
[INFO   ] DREAMPlace - iteration  211, (  33,  1,  1), Obj 3.548155E+03, NetCrossing 4.742E+01, NetCrossingWeight 1.000000E+01, DensityWeight 5.221298E+00, HPWL 1.593384E+03, Overflow 5.486903E-03, MaxDensity 1.019E+00, MacroOverlap 6.960E-06, MacroOverlapWeight 8.000000E-06, gamma 6.258449E-02, time 3.294ms
[INFO   ] DREAMPlace - full step 14.420 ms
[INFO   ] DREAMPlace - Lsub stopping criteria: 1 and 3548.16 > 3386.14 * 0.999
[INFO   ] DREAMPlace - Llambda stopping criteria: 1 and (( 0.0054869 < 0.1 and 1593.38 > 1589.53 ) or 1.0191 < 1.0)
[DEBUG  ] dreamplace.ops.logsumexp_wirelength.logsumexp_wirelength - wirelength forward 0.123 ms
[DEBUG  ] dreamplace.ops.electric_potential.electric_potential - density forward 0.909 ms
[DEBUG  ] dreamplace.ops.electric_potential.electric_potential - density backward 0.333 ms
[DEBUG  ] dreamplace.ops.logsumexp_wirelength.logsumexp_wirelength - wirelength backward 0.093 ms
[INFO   ] DREAMPlace - optimizer step 8.446 ms
[INFO   ] DREAMPlace - iteration  212, (  34,  0,  0), Obj 3.540246E+03, NetCrossing 4.694E+01, NetCrossingWeight 1.000000E+01, DensityWeight 5.820248E+00, HPWL 1.595274E+03, Overflow 5.449016E-03, MaxDensity 1.019E+00, MacroOverlap 6.938E-06, MacroOverlapWeight 8.000000E-06, gamma 6.258326E-02, time 2.799ms
[INFO   ] DREAMPlace - full step 12.103 ms
[DEBUG  ] dreamplace.ops.logsumexp_wirelength.logsumexp_wirelength - wirelength forward 0.121 ms
[DEBUG  ] dreamplace.ops.electric_potential.electric_potential - density forward 0.933 ms
[DEBUG  ] dreamplace.ops.electric_potential.electric_potential - density backward 0.404 ms
[DEBUG  ] dreamplace.ops.logsumexp_wirelength.logsumexp_wirelength - wirelength backward 0.136 ms
[INFO   ] DREAMPlace - optimizer step 8.735 ms
[INFO   ] DREAMPlace - iteration  213, (  34,  0,  1), Obj 3.745810E+03, NetCrossing 4.676E+01, NetCrossingWeight 1.000000E+01, DensityWeight 5.820248E+00, HPWL 1.597224E+03, Overflow 5.400003E-03, MaxDensity 1.019E+00, MacroOverlap 6.866E-06, MacroOverlapWeight 8.000000E-06, gamma 6.258326E-02, time 2.744ms
[INFO   ] DREAMPlace - full step 12.327 ms
[INFO   ] DREAMPlace - Lsub stopping criteria: 1 and 3745.81 > 3540.25 * 0.999
[DEBUG  ] dreamplace.ops.logsumexp_wirelength.logsumexp_wirelength - wirelength forward 0.132 ms
[DEBUG  ] dreamplace.ops.electric_potential.electric_potential - density forward 0.912 ms
[DEBUG  ] dreamplace.ops.electric_potential.electric_potential - density backward 0.335 ms
[DEBUG  ] dreamplace.ops.logsumexp_wirelength.logsumexp_wirelength - wirelength backward 0.138 ms
[INFO   ] DREAMPlace - optimizer step 7.738 ms
[INFO   ] DREAMPlace - iteration  214, (  34,  1,  0), Obj 3.768947E+03, NetCrossing 4.746E+01, NetCrossingWeight 1.000000E+01, DensityWeight 6.487904E+00, HPWL 1.599188E+03, Overflow 5.327063E-03, MaxDensity 1.019E+00, MacroOverlap 6.765E-06, MacroOverlapWeight 8.000000E-06, gamma 6.258326E-02, time 2.714ms
[INFO   ] DREAMPlace - full step 11.243 ms
[DEBUG  ] dreamplace.ops.logsumexp_wirelength.logsumexp_wirelength - wirelength forward 0.124 ms
[DEBUG  ] dreamplace.ops.electric_potential.electric_potential - density forward 0.910 ms
[DEBUG  ] dreamplace.ops.electric_potential.electric_potential - density backward 0.334 ms
[DEBUG  ] dreamplace.ops.logsumexp_wirelength.logsumexp_wirelength - wirelength backward 0.096 ms
[INFO   ] DREAMPlace - optimizer step 7.413 ms
[INFO   ] DREAMPlace - iteration  215, (  34,  1,  1), Obj 3.955575E+03, NetCrossing 4.694E+01, NetCrossingWeight 1.000000E+01, DensityWeight 6.487904E+00, HPWL 1.601033E+03, Overflow 5.278836E-03, MaxDensity 1.019E+00, MacroOverlap 6.668E-06, MacroOverlapWeight 8.000000E-06, gamma 6.258326E-02, time 2.705ms
[INFO   ] DREAMPlace - full step 10.928 ms
[INFO   ] DREAMPlace - Lsub stopping criteria: 1 and 3955.57 > 3768.95 * 0.999
[INFO   ] DREAMPlace - Llambda stopping criteria: 1 and (( 0.00527884 < 0.1 and 1601.03 > 1597.22 ) or 1.0191 < 1.0)
[DEBUG  ] dreamplace.ops.logsumexp_wirelength.logsumexp_wirelength - wirelength forward 0.123 ms
[DEBUG  ] dreamplace.ops.electric_potential.electric_potential - density forward 0.895 ms
[DEBUG  ] dreamplace.ops.electric_potential.electric_potential - density backward 0.330 ms
[DEBUG  ] dreamplace.ops.logsumexp_wirelength.logsumexp_wirelength - wirelength backward 0.135 ms
[INFO   ] DREAMPlace - optimizer step 7.609 ms
[INFO   ] DREAMPlace - iteration  216, (  35,  0,  0), Obj 3.934919E+03, NetCrossing 4.685E+01, NetCrossingWeight 1.000000E+01, DensityWeight 7.232149E+00, HPWL 1.602803E+03, Overflow 5.221085E-03, MaxDensity 1.019E+00, MacroOverlap 6.543E-06, MacroOverlapWeight 8.000000E-06, gamma 6.251667E-02, time 2.689ms
[INFO   ] DREAMPlace - full step 11.113 ms
[DEBUG  ] dreamplace.ops.logsumexp_wirelength.logsumexp_wirelength - wirelength forward 0.124 ms
[DEBUG  ] dreamplace.ops.electric_potential.electric_potential - density forward 0.903 ms
[DEBUG  ] dreamplace.ops.electric_potential.electric_potential - density backward 0.418 ms
[DEBUG  ] dreamplace.ops.logsumexp_wirelength.logsumexp_wirelength - wirelength backward 0.152 ms
[INFO   ] DREAMPlace - optimizer step 8.638 ms
[INFO   ] DREAMPlace - iteration  217, (  35,  0,  1), Obj 4.165415E+03, NetCrossing 4.701E+01, NetCrossingWeight 1.000000E+01, DensityWeight 7.232149E+00, HPWL 1.604499E+03, Overflow 5.196003E-03, MaxDensity 1.019E+00, MacroOverlap 6.405E-06, MacroOverlapWeight 8.000000E-06, gamma 6.251667E-02, time 2.698ms
[INFO   ] DREAMPlace - full step 12.131 ms
[INFO   ] DREAMPlace - Lsub stopping criteria: 1 and 4165.41 > 3934.92 * 0.999
[DEBUG  ] dreamplace.ops.logsumexp_wirelength.logsumexp_wirelength - wirelength forward 0.124 ms
[DEBUG  ] dreamplace.ops.electric_potential.electric_potential - density forward 0.910 ms
[DEBUG  ] dreamplace.ops.electric_potential.electric_potential - density backward 0.402 ms
[DEBUG  ] dreamplace.ops.logsumexp_wirelength.logsumexp_wirelength - wirelength backward 0.144 ms
[INFO   ] DREAMPlace - optimizer step 8.576 ms
[INFO   ] DREAMPlace - iteration  218, (  35,  1,  0), Obj 4.217034E+03, NetCrossing 4.692E+01, NetCrossingWeight 1.000000E+01, DensityWeight 8.061769E+00, HPWL 1.606211E+03, Overflow 5.174474E-03, MaxDensity 1.019E+00, MacroOverlap 6.267E-06, MacroOverlapWeight 8.000000E-06, gamma 6.251667E-02, time 2.677ms
[INFO   ] DREAMPlace - full step 12.040 ms
[DEBUG  ] dreamplace.ops.logsumexp_wirelength.logsumexp_wirelength - wirelength forward 0.125 ms
[DEBUG  ] dreamplace.ops.electric_potential.electric_potential - density forward 0.919 ms
[DEBUG  ] dreamplace.ops.electric_potential.electric_potential - density backward 0.405 ms
[DEBUG  ] dreamplace.ops.logsumexp_wirelength.logsumexp_wirelength - wirelength backward 0.139 ms
[INFO   ] DREAMPlace - optimizer step 8.489 ms
[INFO   ] DREAMPlace - iteration  219, (  35,  1,  1), Obj 4.449458E+03, NetCrossing 4.642E+01, NetCrossingWeight 1.000000E+01, DensityWeight 8.061769E+00, HPWL 1.607886E+03, Overflow 5.157060E-03, MaxDensity 1.019E+00, MacroOverlap 6.108E-06, MacroOverlapWeight 8.000000E-06, gamma 6.251667E-02, time 2.682ms
[INFO   ] DREAMPlace - full step 11.979 ms
[INFO   ] DREAMPlace - Lsub stopping criteria: 1 and 4449.46 > 4217.03 * 0.999
[INFO   ] DREAMPlace - Llambda stopping criteria: 1 and (( 0.00515706 < 0.1 and 1607.89 > 1604.5 ) or 1.0191 < 1.0)
[DEBUG  ] dreamplace.ops.logsumexp_wirelength.logsumexp_wirelength - wirelength forward 0.129 ms
[DEBUG  ] dreamplace.ops.electric_potential.electric_potential - density forward 0.938 ms
[DEBUG  ] dreamplace.ops.electric_potential.electric_potential - density backward 0.415 ms
[DEBUG  ] dreamplace.ops.logsumexp_wirelength.logsumexp_wirelength - wirelength backward 0.154 ms
[INFO   ] DREAMPlace - optimizer step 8.732 ms
[INFO   ] DREAMPlace - iteration  220, (  36,  0,  0), Obj 4.408249E+03, NetCrossing 4.766E+01, NetCrossingWeight 1.000000E+01, DensityWeight 8.986558E+00, HPWL 1.609433E+03, Overflow 5.129272E-03, MaxDensity 1.019E+00, MacroOverlap 5.956E-06, MacroOverlapWeight 8.000000E-06, gamma 6.247772E-02, time 2.747ms
[INFO   ] DREAMPlace - full step 12.265 ms
[DEBUG  ] dreamplace.ops.logsumexp_wirelength.logsumexp_wirelength - wirelength forward 0.122 ms
[DEBUG  ] dreamplace.ops.electric_potential.electric_potential - density forward 0.919 ms
[DEBUG  ] dreamplace.ops.electric_potential.electric_potential - density backward 0.398 ms
[DEBUG  ] dreamplace.ops.logsumexp_wirelength.logsumexp_wirelength - wirelength backward 0.143 ms
[INFO   ] DREAMPlace - optimizer step 8.912 ms
[INFO   ] DREAMPlace - iteration  221, (  36,  0,  1), Obj 4.693170E+03, NetCrossing 4.724E+01, NetCrossingWeight 1.000000E+01, DensityWeight 8.986558E+00, HPWL 1.611022E+03, Overflow 5.092185E-03, MaxDensity 1.019E+00, MacroOverlap 5.782E-06, MacroOverlapWeight 8.000000E-06, gamma 6.247772E-02, time 2.788ms
[INFO   ] DREAMPlace - full step 12.669 ms
[INFO   ] DREAMPlace - Lsub stopping criteria: 1 and 4693.17 > 4408.25 * 0.999
[DEBUG  ] dreamplace.ops.logsumexp_wirelength.logsumexp_wirelength - wirelength forward 0.167 ms
[DEBUG  ] dreamplace.ops.electric_potential.electric_potential - density forward 1.311 ms
[DEBUG  ] dreamplace.ops.electric_potential.electric_potential - density backward 0.401 ms
[DEBUG  ] dreamplace.ops.logsumexp_wirelength.logsumexp_wirelength - wirelength backward 0.118 ms
[INFO   ] DREAMPlace - optimizer step 10.554 ms
[INFO   ] DREAMPlace - iteration  222, (  36,  1,  0), Obj 4.733336E+03, NetCrossing 4.732E+01, NetCrossingWeight 1.000000E+01, DensityWeight 1.001743E+01, HPWL 1.612552E+03, Overflow 5.044926E-03, MaxDensity 1.019E+00, MacroOverlap 5.582E-06, MacroOverlapWeight 8.000000E-06, gamma 6.247772E-02, time 3.183ms
[INFO   ] DREAMPlace - full step 14.838 ms
[DEBUG  ] dreamplace.ops.logsumexp_wirelength.logsumexp_wirelength - wirelength forward 0.130 ms
[DEBUG  ] dreamplace.ops.electric_potential.electric_potential - density forward 0.920 ms
[DEBUG  ] dreamplace.ops.electric_potential.electric_potential - density backward 0.407 ms
[DEBUG  ] dreamplace.ops.logsumexp_wirelength.logsumexp_wirelength - wirelength backward 0.132 ms
[INFO   ] DREAMPlace - optimizer step 9.046 ms
[INFO   ] DREAMPlace - iteration  223, (  36,  1,  1), Obj 5.053864E+03, NetCrossing 4.671E+01, NetCrossingWeight 1.000000E+01, DensityWeight 1.001743E+01, HPWL 1.614123E+03, Overflow 4.992689E-03, MaxDensity 1.019E+00, MacroOverlap 5.373E-06, MacroOverlapWeight 8.000000E-06, gamma 6.247772E-02, time 2.971ms
[INFO   ] DREAMPlace - full step 13.148 ms
[INFO   ] DREAMPlace - Lsub stopping criteria: 1 and 5053.86 > 4733.34 * 0.999
[INFO   ] DREAMPlace - Llambda stopping criteria: 1 and (( 0.00499269 < 0.1 and 1614.12 > 1611.02 ) or 1.0191 < 1.0)
[DEBUG  ] dreamplace.ops.logsumexp_wirelength.logsumexp_wirelength - wirelength forward 0.192 ms
[DEBUG  ] dreamplace.ops.electric_potential.electric_potential - density forward 1.244 ms
[DEBUG  ] dreamplace.ops.electric_potential.electric_potential - density backward 0.333 ms
[DEBUG  ] dreamplace.ops.logsumexp_wirelength.logsumexp_wirelength - wirelength backward 0.097 ms
[INFO   ] DREAMPlace - optimizer step 9.338 ms
[INFO   ] DREAMPlace - iteration  224, (  37,  0,  0), Obj 4.988826E+03, NetCrossing 4.729E+01, NetCrossingWeight 1.000000E+01, DensityWeight 1.116656E+01, HPWL 1.615549E+03, Overflow 4.952510E-03, MaxDensity 1.019E+00, MacroOverlap 5.177E-06, MacroOverlapWeight 8.000000E-06, gamma 6.242520E-02, time 3.332ms
[INFO   ] DREAMPlace - full step 13.760 ms
[DEBUG  ] dreamplace.ops.logsumexp_wirelength.logsumexp_wirelength - wirelength forward 0.127 ms
[DEBUG  ] dreamplace.ops.electric_potential.electric_potential - density forward 0.929 ms
[DEBUG  ] dreamplace.ops.electric_potential.electric_potential - density backward 0.337 ms
[DEBUG  ] dreamplace.ops.logsumexp_wirelength.logsumexp_wirelength - wirelength backward 0.093 ms
[INFO   ] DREAMPlace - optimizer step 7.750 ms
[INFO   ] DREAMPlace - iteration  225, (  37,  0,  1), Obj 5.313676E+03, NetCrossing 4.706E+01, NetCrossingWeight 1.000000E+01, DensityWeight 1.116656E+01, HPWL 1.617096E+03, Overflow 4.920574E-03, MaxDensity 1.019E+00, MacroOverlap 5.000E-06, MacroOverlapWeight 8.000000E-06, gamma 6.242520E-02, time 2.875ms
[INFO   ] DREAMPlace - full step 11.726 ms
[INFO   ] DREAMPlace - Lsub stopping criteria: 1 and 5313.68 > 4988.83 * 0.999
[DEBUG  ] dreamplace.ops.logsumexp_wirelength.logsumexp_wirelength - wirelength forward 0.179 ms
[DEBUG  ] dreamplace.ops.electric_potential.electric_potential - density forward 1.329 ms
[DEBUG  ] dreamplace.ops.electric_potential.electric_potential - density backward 0.397 ms
[DEBUG  ] dreamplace.ops.logsumexp_wirelength.logsumexp_wirelength - wirelength backward 0.139 ms
[INFO   ] DREAMPlace - optimizer step 10.415 ms
[INFO   ] DREAMPlace - iteration  226, (  37,  1,  0), Obj 5.378225E+03, NetCrossing 4.678E+01, NetCrossingWeight 1.000000E+01, DensityWeight 1.244751E+01, HPWL 1.618483E+03, Overflow 4.883190E-03, MaxDensity 1.019E+00, MacroOverlap 4.845E-06, MacroOverlapWeight 8.000000E-06, gamma 6.242520E-02, time 3.199ms
[INFO   ] DREAMPlace - full step 14.734 ms
[DEBUG  ] dreamplace.ops.logsumexp_wirelength.logsumexp_wirelength - wirelength forward 0.126 ms
[DEBUG  ] dreamplace.ops.electric_potential.electric_potential - density forward 0.946 ms
[DEBUG  ] dreamplace.ops.electric_potential.electric_potential - density backward 0.421 ms
[DEBUG  ] dreamplace.ops.logsumexp_wirelength.logsumexp_wirelength - wirelength backward 0.140 ms
[INFO   ] DREAMPlace - optimizer step 9.174 ms
[INFO   ] DREAMPlace - iteration  227, (  37,  1,  1), Obj 5.767648E+03, NetCrossing 4.679E+01, NetCrossingWeight 1.000000E+01, DensityWeight 1.244751E+01, HPWL 1.619911E+03, Overflow 4.850589E-03, MaxDensity 1.019E+00, MacroOverlap 4.719E-06, MacroOverlapWeight 8.000000E-06, gamma 6.242520E-02, time 2.886ms
[INFO   ] DREAMPlace - full step 13.239 ms
[INFO   ] DREAMPlace - Lsub stopping criteria: 1 and 5767.65 > 5378.22 * 0.999
[INFO   ] DREAMPlace - Llambda stopping criteria: 1 and (( 0.00485059 < 0.1 and 1619.91 > 1617.1 ) or 1.0191 < 1.0)
[DEBUG  ] dreamplace.ops.logsumexp_wirelength.logsumexp_wirelength - wirelength forward 0.199 ms
[DEBUG  ] dreamplace.ops.electric_potential.electric_potential - density forward 1.218 ms
[DEBUG  ] dreamplace.ops.electric_potential.electric_potential - density backward 0.338 ms
[DEBUG  ] dreamplace.ops.logsumexp_wirelength.logsumexp_wirelength - wirelength backward 0.093 ms
[INFO   ] DREAMPlace - optimizer step 9.175 ms
[INFO   ] DREAMPlace - iteration  228, (  38,  0,  0), Obj 5.744927E+03, NetCrossing 4.576E+01, NetCrossingWeight 1.000000E+01, DensityWeight 1.387540E+01, HPWL 1.621134E+03, Overflow 4.831353E-03, MaxDensity 1.019E+00, MacroOverlap 4.614E-06, MacroOverlapWeight 8.000000E-06, gamma 6.237983E-02, time 3.343ms
[INFO   ] DREAMPlace - full step 13.608 ms
[DEBUG  ] dreamplace.ops.logsumexp_wirelength.logsumexp_wirelength - wirelength forward 0.124 ms
[DEBUG  ] dreamplace.ops.electric_potential.electric_potential - density forward 0.915 ms
[DEBUG  ] dreamplace.ops.electric_potential.electric_potential - density backward 0.334 ms
[DEBUG  ] dreamplace.ops.logsumexp_wirelength.logsumexp_wirelength - wirelength backward 0.090 ms
[INFO   ] DREAMPlace - optimizer step 7.719 ms
[INFO   ] DREAMPlace - iteration  229, (  38,  0,  1), Obj 6.126222E+03, NetCrossing 4.649E+01, NetCrossingWeight 1.000000E+01, DensityWeight 1.387540E+01, HPWL 1.622486E+03, Overflow 4.827244E-03, MaxDensity 1.019E+00, MacroOverlap 4.536E-06, MacroOverlapWeight 8.000000E-06, gamma 6.237983E-02, time 2.899ms
[INFO   ] DREAMPlace - full step 11.700 ms
[INFO   ] DREAMPlace - Lsub stopping criteria: 1 and 6126.22 > 5744.93 * 0.999
[DEBUG  ] dreamplace.ops.logsumexp_wirelength.logsumexp_wirelength - wirelength forward 0.171 ms
[DEBUG  ] dreamplace.ops.electric_potential.electric_potential - density forward 1.323 ms
[DEBUG  ] dreamplace.ops.electric_potential.electric_potential - density backward 0.388 ms
[DEBUG  ] dreamplace.ops.logsumexp_wirelength.logsumexp_wirelength - wirelength backward 0.129 ms
[INFO   ] DREAMPlace - optimizer step 9.453 ms
[INFO   ] DREAMPlace - iteration  230, (  38,  1,  0), Obj 6.130299E+03, NetCrossing 4.614E+01, NetCrossingWeight 1.000000E+01, DensityWeight 1.546708E+01, HPWL 1.623608E+03, Overflow 4.828225E-03, MaxDensity 1.019E+00, MacroOverlap 4.481E-06, MacroOverlapWeight 8.000000E-06, gamma 6.237983E-02, time 3.181ms
[INFO   ] DREAMPlace - full step 13.677 ms
[DEBUG  ] dreamplace.ops.logsumexp_wirelength.logsumexp_wirelength - wirelength forward 0.196 ms
[DEBUG  ] dreamplace.ops.electric_potential.electric_potential - density forward 1.119 ms
[DEBUG  ] dreamplace.ops.electric_potential.electric_potential - density backward 0.400 ms
[DEBUG  ] dreamplace.ops.logsumexp_wirelength.logsumexp_wirelength - wirelength backward 0.136 ms
[INFO   ] DREAMPlace - optimizer step 8.701 ms
[INFO   ] DREAMPlace - iteration  231, (  38,  1,  1), Obj 6.636089E+03, NetCrossing 4.748E+01, NetCrossingWeight 1.000000E+01, DensityWeight 1.546708E+01, HPWL 1.624656E+03, Overflow 4.824082E-03, MaxDensity 1.019E+00, MacroOverlap 4.429E-06, MacroOverlapWeight 8.000000E-06, gamma 6.237983E-02, time 3.497ms
[INFO   ] DREAMPlace - full step 13.294 ms
[INFO   ] DREAMPlace - Lsub stopping criteria: 1 and 6636.09 > 6130.3 * 0.999
[INFO   ] DREAMPlace - Llambda stopping criteria: 1 and (( 0.00482408 < 0.1 and 1624.66 > 1622.49 ) or 1.0191 < 1.0)
[DEBUG  ] dreamplace.ops.logsumexp_wirelength.logsumexp_wirelength - wirelength forward 0.201 ms
[DEBUG  ] dreamplace.ops.electric_potential.electric_potential - density forward 0.934 ms
[DEBUG  ] dreamplace.ops.electric_potential.electric_potential - density backward 0.401 ms
[DEBUG  ] dreamplace.ops.logsumexp_wirelength.logsumexp_wirelength - wirelength backward 0.142 ms
[INFO   ] DREAMPlace - optimizer step 9.426 ms
[INFO   ] DREAMPlace - iteration  232, (  39,  0,  0), Obj 6.681163E+03, NetCrossing 4.689E+01, NetCrossingWeight 1.000000E+01, DensityWeight 1.724136E+01, HPWL 1.625498E+03, Overflow 4.814368E-03, MaxDensity 1.019E+00, MacroOverlap 4.365E-06, MacroOverlapWeight 8.000000E-06, gamma 6.237137E-02, time 3.673ms
[INFO   ] DREAMPlace - full step 14.281 ms
[DEBUG  ] dreamplace.ops.logsumexp_wirelength.logsumexp_wirelength - wirelength forward 0.206 ms
[DEBUG  ] dreamplace.ops.electric_potential.electric_potential - density forward 0.917 ms
[DEBUG  ] dreamplace.ops.electric_potential.electric_potential - density backward 0.392 ms
[DEBUG  ] dreamplace.ops.logsumexp_wirelength.logsumexp_wirelength - wirelength backward 0.113 ms
[INFO   ] DREAMPlace - optimizer step 9.305 ms
[INFO   ] DREAMPlace - iteration  233, (  39,  0,  1), Obj 7.071423E+03, NetCrossing 4.593E+01, NetCrossingWeight 1.000000E+01, DensityWeight 1.724136E+01, HPWL 1.626224E+03, Overflow 4.800445E-03, MaxDensity 1.019E+00, MacroOverlap 4.298E-06, MacroOverlapWeight 8.000000E-06, gamma 6.237137E-02, time 3.608ms
[INFO   ] DREAMPlace - full step 14.081 ms
[INFO   ] DREAMPlace - Lsub stopping criteria: 1 and 7071.42 > 6681.16 * 0.999
[DEBUG  ] dreamplace.ops.logsumexp_wirelength.logsumexp_wirelength - wirelength forward 0.135 ms
[DEBUG  ] dreamplace.ops.electric_potential.electric_potential - density forward 0.909 ms
[DEBUG  ] dreamplace.ops.electric_potential.electric_potential - density backward 0.343 ms
[DEBUG  ] dreamplace.ops.logsumexp_wirelength.logsumexp_wirelength - wirelength backward 0.094 ms
[INFO   ] DREAMPlace - optimizer step 8.782 ms
[INFO   ] DREAMPlace - iteration  234, (  39,  1,  0), Obj 7.034216E+03, NetCrossing 4.628E+01, NetCrossingWeight 1.000000E+01, DensityWeight 1.921918E+01, HPWL 1.626820E+03, Overflow 4.782215E-03, MaxDensity 1.019E+00, MacroOverlap 4.199E-06, MacroOverlapWeight 8.000000E-06, gamma 6.237137E-02, time 3.686ms
[INFO   ] DREAMPlace - full step 13.586 ms
[DEBUG  ] dreamplace.ops.logsumexp_wirelength.logsumexp_wirelength - wirelength forward 0.193 ms
[DEBUG  ] dreamplace.ops.electric_potential.electric_potential - density forward 1.109 ms
[DEBUG  ] dreamplace.ops.electric_potential.electric_potential - density backward 0.399 ms
[DEBUG  ] dreamplace.ops.logsumexp_wirelength.logsumexp_wirelength - wirelength backward 0.131 ms
[INFO   ] DREAMPlace - optimizer step 9.784 ms
[INFO   ] DREAMPlace - iteration  235, (  39,  1,  1), Obj 7.655106E+03, NetCrossing 4.738E+01, NetCrossingWeight 1.000000E+01, DensityWeight 1.921918E+01, HPWL 1.627385E+03, Overflow 4.754961E-03, MaxDensity 1.019E+00, MacroOverlap 4.087E-06, MacroOverlapWeight 8.000000E-06, gamma 6.237137E-02, time 3.718ms
[INFO   ] DREAMPlace - full step 14.542 ms
[INFO   ] DREAMPlace - Lsub stopping criteria: 1 and 7655.11 > 7034.22 * 0.999
[INFO   ] DREAMPlace - Llambda stopping criteria: 1 and (( 0.00475496 < 0.1 and 1627.39 > 1626.22 ) or 1.0191 < 1.0)
[DEBUG  ] dreamplace.ops.logsumexp_wirelength.logsumexp_wirelength - wirelength forward 0.170 ms
[DEBUG  ] dreamplace.ops.electric_potential.electric_potential - density forward 1.190 ms
[DEBUG  ] dreamplace.ops.electric_potential.electric_potential - density backward 0.407 ms
[DEBUG  ] dreamplace.ops.logsumexp_wirelength.logsumexp_wirelength - wirelength backward 0.129 ms
[INFO   ] DREAMPlace - optimizer step 10.126 ms
[INFO   ] DREAMPlace - iteration  236, (  40,  0,  0), Obj 7.703348E+03, NetCrossing 4.754E+01, NetCrossingWeight 1.000000E+01, DensityWeight 2.142387E+01, HPWL 1.627819E+03, Overflow 4.726752E-03, MaxDensity 1.019E+00, MacroOverlap 3.970E-06, MacroOverlapWeight 8.000000E-06, gamma 6.234932E-02, time 3.321ms
[INFO   ] DREAMPlace - full step 14.478 ms
[DEBUG  ] dreamplace.ops.logsumexp_wirelength.logsumexp_wirelength - wirelength forward 0.179 ms
[DEBUG  ] dreamplace.ops.electric_potential.electric_potential - density forward 1.284 ms
[DEBUG  ] dreamplace.ops.electric_potential.electric_potential - density backward 0.400 ms
[DEBUG  ] dreamplace.ops.logsumexp_wirelength.logsumexp_wirelength - wirelength backward 0.127 ms
[INFO   ] DREAMPlace - optimizer step 9.829 ms
[INFO   ] DREAMPlace - iteration  237, (  40,  0,  1), Obj 8.310398E+03, NetCrossing 4.807E+01, NetCrossingWeight 1.000000E+01, DensityWeight 2.142387E+01, HPWL 1.628213E+03, Overflow 4.696540E-03, MaxDensity 1.019E+00, MacroOverlap 3.863E-06, MacroOverlapWeight 8.000000E-06, gamma 6.234932E-02, time 3.323ms
[INFO   ] DREAMPlace - full step 14.231 ms
[INFO   ] DREAMPlace - Lsub stopping criteria: 1 and 8310.4 > 7703.35 * 0.999
[DEBUG  ] dreamplace.ops.logsumexp_wirelength.logsumexp_wirelength - wirelength forward 0.172 ms
[DEBUG  ] dreamplace.ops.electric_potential.electric_potential - density forward 10.070 ms
[DEBUG  ] dreamplace.ops.electric_potential.electric_potential - density backward 0.410 ms
[DEBUG  ] dreamplace.ops.logsumexp_wirelength.logsumexp_wirelength - wirelength backward 0.131 ms
[INFO   ] DREAMPlace - optimizer step 18.818 ms
[INFO   ] DREAMPlace - iteration  238, (  40,  1,  0), Obj 8.304411E+03, NetCrossing 4.757E+01, NetCrossingWeight 1.000000E+01, DensityWeight 2.388148E+01, HPWL 1.628533E+03, Overflow 4.676719E-03, MaxDensity 1.019E+00, MacroOverlap 3.764E-06, MacroOverlapWeight 8.000000E-06, gamma 6.234932E-02, time 3.250ms
[INFO   ] DREAMPlace - full step 23.075 ms
[DEBUG  ] dreamplace.ops.logsumexp_wirelength.logsumexp_wirelength - wirelength forward 0.166 ms
[DEBUG  ] dreamplace.ops.electric_potential.electric_potential - density forward 1.453 ms
[DEBUG  ] dreamplace.ops.electric_potential.electric_potential - density backward 0.408 ms
[DEBUG  ] dreamplace.ops.logsumexp_wirelength.logsumexp_wirelength - wirelength backward 0.126 ms
[INFO   ] DREAMPlace - optimizer step 10.036 ms
[INFO   ] DREAMPlace - iteration  239, (  40,  1,  1), Obj 8.913840E+03, NetCrossing 4.546E+01, NetCrossingWeight 1.000000E+01, DensityWeight 2.388148E+01, HPWL 1.628821E+03, Overflow 4.664086E-03, MaxDensity 1.019E+00, MacroOverlap 3.687E-06, MacroOverlapWeight 8.000000E-06, gamma 6.234932E-02, time 3.284ms
[INFO   ] DREAMPlace - full step 14.391 ms
[INFO   ] DREAMPlace - Lsub stopping criteria: 1 and 8913.84 > 8304.41 * 0.999
[INFO   ] DREAMPlace - Llambda stopping criteria: 1 and (( 0.00466409 < 0.1 and 1628.82 > 1628.21 ) or 1.0191 < 1.0)
[DEBUG  ] dreamplace.ops.logsumexp_wirelength.logsumexp_wirelength - wirelength forward 0.184 ms
[DEBUG  ] dreamplace.ops.electric_potential.electric_potential - density forward 1.271 ms
[DEBUG  ] dreamplace.ops.electric_potential.electric_potential - density backward 0.410 ms
[DEBUG  ] dreamplace.ops.logsumexp_wirelength.logsumexp_wirelength - wirelength backward 0.126 ms
[INFO   ] DREAMPlace - optimizer step 10.310 ms
[INFO   ] DREAMPlace - iteration  240, (  41,  0,  0), Obj 8.940095E+03, NetCrossing 4.574E+01, NetCrossingWeight 1.000000E+01, DensityWeight 2.662100E+01, HPWL 1.629082E+03, Overflow 4.650947E-03, MaxDensity 1.019E+00, MacroOverlap 3.612E-06, MacroOverlapWeight 8.000000E-06, gamma 6.232033E-02, time 3.471ms
[INFO   ] DREAMPlace - full step 14.872 ms
[DEBUG  ] dreamplace.ops.logsumexp_wirelength.logsumexp_wirelength - wirelength forward 0.182 ms
[DEBUG  ] dreamplace.ops.electric_potential.electric_potential - density forward 1.273 ms
[DEBUG  ] dreamplace.ops.electric_potential.electric_potential - density backward 0.410 ms
[DEBUG  ] dreamplace.ops.logsumexp_wirelength.logsumexp_wirelength - wirelength backward 0.128 ms
[INFO   ] DREAMPlace - optimizer step 11.911 ms
[INFO   ] DREAMPlace - iteration  241, (  41,  0,  1), Obj 9.766764E+03, NetCrossing 4.702E+01, NetCrossingWeight 1.000000E+01, DensityWeight 2.662100E+01, HPWL 1.629398E+03, Overflow 4.639272E-03, MaxDensity 1.019E+00, MacroOverlap 3.542E-06, MacroOverlapWeight 8.000000E-06, gamma 6.232033E-02, time 3.422ms
[INFO   ] DREAMPlace - full step 16.547 ms
[INFO   ] DREAMPlace - Lsub stopping criteria: 1 and 9766.76 > 8940.09 * 0.999
[DEBUG  ] dreamplace.ops.logsumexp_wirelength.logsumexp_wirelength - wirelength forward 0.206 ms
[DEBUG  ] dreamplace.ops.electric_potential.electric_potential - density forward 1.371 ms
[DEBUG  ] dreamplace.ops.electric_potential.electric_potential - density backward 0.412 ms
[DEBUG  ] dreamplace.ops.logsumexp_wirelength.logsumexp_wirelength - wirelength backward 0.144 ms
[INFO   ] DREAMPlace - optimizer step 10.993 ms
[INFO   ] DREAMPlace - iteration  242, (  41,  1,  0), Obj 9.749664E+03, NetCrossing 4.585E+01, NetCrossingWeight 1.000000E+01, DensityWeight 2.967479E+01, HPWL 1.629752E+03, Overflow 4.619386E-03, MaxDensity 1.019E+00, MacroOverlap 3.465E-06, MacroOverlapWeight 8.000000E-06, gamma 6.232033E-02, time 3.552ms
[INFO   ] DREAMPlace - full step 15.690 ms
[DEBUG  ] dreamplace.ops.logsumexp_wirelength.logsumexp_wirelength - wirelength forward 0.175 ms
[DEBUG  ] dreamplace.ops.electric_potential.electric_potential - density forward 1.213 ms
[DEBUG  ] dreamplace.ops.electric_potential.electric_potential - density backward 0.336 ms
[DEBUG  ] dreamplace.ops.logsumexp_wirelength.logsumexp_wirelength - wirelength backward 0.098 ms
[INFO   ] DREAMPlace - optimizer step 9.774 ms
[INFO   ] DREAMPlace - iteration  243, (  41,  1,  1), Obj 1.055500E+04, NetCrossing 4.574E+01, NetCrossingWeight 1.000000E+01, DensityWeight 2.967479E+01, HPWL 1.630124E+03, Overflow 4.594697E-03, MaxDensity 1.019E+00, MacroOverlap 3.381E-06, MacroOverlapWeight 8.000000E-06, gamma 6.232033E-02, time 3.449ms
[INFO   ] DREAMPlace - full step 14.163 ms
[INFO   ] DREAMPlace - Lsub stopping criteria: 1 and 10555 > 9749.66 * 0.999
[INFO   ] DREAMPlace - Llambda stopping criteria: 1 and (( 0.0045947 < 0.1 and 1630.12 > 1629.4 ) or 1.0191 < 1.0)
[DEBUG  ] dreamplace.ops.logsumexp_wirelength.logsumexp_wirelength - wirelength forward 0.202 ms
[DEBUG  ] dreamplace.ops.electric_potential.electric_potential - density forward 1.223 ms
[DEBUG  ] dreamplace.ops.electric_potential.electric_potential - density backward 0.396 ms
[DEBUG  ] dreamplace.ops.logsumexp_wirelength.logsumexp_wirelength - wirelength backward 0.132 ms
[INFO   ] DREAMPlace - optimizer step 10.707 ms
[INFO   ] DREAMPlace - iteration  244, (  42,  0,  0), Obj 1.058280E+04, NetCrossing 4.763E+01, NetCrossingWeight 1.000000E+01, DensityWeight 3.307889E+01, HPWL 1.630501E+03, Overflow 4.566145E-03, MaxDensity 1.019E+00, MacroOverlap 3.289E-06, MacroOverlapWeight 8.000000E-06, gamma 6.229820E-02, time 3.694ms
[INFO   ] DREAMPlace - full step 15.541 ms
[DEBUG  ] dreamplace.ops.logsumexp_wirelength.logsumexp_wirelength - wirelength forward 0.204 ms
[DEBUG  ] dreamplace.ops.electric_potential.electric_potential - density forward 1.285 ms
[DEBUG  ] dreamplace.ops.electric_potential.electric_potential - density backward 0.412 ms
[DEBUG  ] dreamplace.ops.logsumexp_wirelength.logsumexp_wirelength - wirelength backward 0.128 ms
[INFO   ] DREAMPlace - optimizer step 13.901 ms
[INFO   ] DREAMPlace - iteration  245, (  42,  0,  1), Obj 1.152876E+04, NetCrossing 4.749E+01, NetCrossingWeight 1.000000E+01, DensityWeight 3.307889E+01, HPWL 1.630871E+03, Overflow 4.541070E-03, MaxDensity 1.019E+00, MacroOverlap 3.198E-06, MacroOverlapWeight 8.000000E-06, gamma 6.229820E-02, time 3.635ms
[INFO   ] DREAMPlace - full step 18.666 ms
[INFO   ] DREAMPlace - Lsub stopping criteria: 1 and 11528.8 > 10582.8 * 0.999
[DEBUG  ] dreamplace.ops.logsumexp_wirelength.logsumexp_wirelength - wirelength forward 0.183 ms
[DEBUG  ] dreamplace.ops.electric_potential.electric_potential - density forward 1.241 ms
[DEBUG  ] dreamplace.ops.electric_potential.electric_potential - density backward 0.388 ms
[DEBUG  ] dreamplace.ops.logsumexp_wirelength.logsumexp_wirelength - wirelength backward 0.121 ms
[INFO   ] DREAMPlace - optimizer step 9.782 ms
[INFO   ] DREAMPlace - iteration  246, (  42,  1,  0), Obj 1.151691E+04, NetCrossing 4.673E+01, NetCrossingWeight 1.000000E+01, DensityWeight 3.687349E+01, HPWL 1.631216E+03, Overflow 4.521825E-03, MaxDensity 1.019E+00, MacroOverlap 3.113E-06, MacroOverlapWeight 8.000000E-06, gamma 6.229820E-02, time 3.349ms
[INFO   ] DREAMPlace - full step 14.043 ms
[DEBUG  ] dreamplace.ops.logsumexp_wirelength.logsumexp_wirelength - wirelength forward 0.132 ms
[DEBUG  ] dreamplace.ops.electric_potential.electric_potential - density forward 0.986 ms
[DEBUG  ] dreamplace.ops.electric_potential.electric_potential - density backward 0.399 ms
[DEBUG  ] dreamplace.ops.logsumexp_wirelength.logsumexp_wirelength - wirelength backward 0.126 ms
[INFO   ] DREAMPlace - optimizer step 8.816 ms
[INFO   ] DREAMPlace - iteration  247, (  42,  1,  1), Obj 1.258777E+04, NetCrossing 4.814E+01, NetCrossingWeight 1.000000E+01, DensityWeight 3.687349E+01, HPWL 1.631583E+03, Overflow 4.495047E-03, MaxDensity 1.019E+00, MacroOverlap 3.038E-06, MacroOverlapWeight 8.000000E-06, gamma 6.229820E-02, time 2.791ms
[INFO   ] DREAMPlace - full step 12.455 ms
[INFO   ] DREAMPlace - Lsub stopping criteria: 1 and 12587.8 > 11516.9 * 0.999
[INFO   ] DREAMPlace - Llambda stopping criteria: 1 and (( 0.00449505 < 0.1 and 1631.58 > 1630.87 ) or 1.0191 < 1.0)
[DEBUG  ] dreamplace.ops.logsumexp_wirelength.logsumexp_wirelength - wirelength forward 0.144 ms
[DEBUG  ] dreamplace.ops.electric_potential.electric_potential - density forward 0.984 ms
[DEBUG  ] dreamplace.ops.electric_potential.electric_potential - density backward 0.391 ms
[DEBUG  ] dreamplace.ops.logsumexp_wirelength.logsumexp_wirelength - wirelength backward 0.127 ms
[INFO   ] DREAMPlace - optimizer step 9.173 ms
[INFO   ] DREAMPlace - iteration  248, (  43,  0,  0), Obj 1.257303E+04, NetCrossing 4.769E+01, NetCrossingWeight 1.000000E+01, DensityWeight 4.110337E+01, HPWL 1.631982E+03, Overflow 4.466955E-03, MaxDensity 1.019E+00, MacroOverlap 2.959E-06, MacroOverlapWeight 8.000000E-06, gamma 6.226646E-02, time 3.357ms
[INFO   ] DREAMPlace - full step 13.465 ms
[DEBUG  ] dreamplace.ops.logsumexp_wirelength.logsumexp_wirelength - wirelength forward 0.157 ms
[DEBUG  ] dreamplace.ops.electric_potential.electric_potential - density forward 0.991 ms
[DEBUG  ] dreamplace.ops.electric_potential.electric_potential - density backward 0.404 ms
[DEBUG  ] dreamplace.ops.logsumexp_wirelength.logsumexp_wirelength - wirelength backward 0.128 ms
[INFO   ] DREAMPlace - optimizer step 14.866 ms
[INFO   ] DREAMPlace - iteration  249, (  43,  0,  1), Obj 1.364369E+04, NetCrossing 4.695E+01, NetCrossingWeight 1.000000E+01, DensityWeight 4.110337E+01, HPWL 1.632313E+03, Overflow 4.441675E-03, MaxDensity 1.019E+00, MacroOverlap 2.888E-06, MacroOverlapWeight 8.000000E-06, gamma 6.226646E-02, time 3.013ms
[INFO   ] DREAMPlace - full step 18.857 ms
[INFO   ] DREAMPlace - Lsub stopping criteria: 1 and 13643.7 > 12573 * 0.999
[DEBUG  ] dreamplace.ops.logsumexp_wirelength.logsumexp_wirelength - wirelength forward 0.171 ms
[DEBUG  ] dreamplace.ops.electric_potential.electric_potential - density forward 1.011 ms
[DEBUG  ] dreamplace.ops.electric_potential.electric_potential - density backward 0.390 ms
[DEBUG  ] dreamplace.ops.logsumexp_wirelength.logsumexp_wirelength - wirelength backward 0.128 ms
[INFO   ] DREAMPlace - optimizer step 9.784 ms
[INFO   ] DREAMPlace - iteration  250, (  43,  1,  0), Obj 1.360074E+04, NetCrossing 4.679E+01, NetCrossingWeight 1.000000E+01, DensityWeight 4.581849E+01, HPWL 1.632564E+03, Overflow 4.423187E-03, MaxDensity 1.013E+00, MacroOverlap 2.819E-06, MacroOverlapWeight 8.000000E-06, gamma 6.226646E-02, time 3.307ms
[INFO   ] DREAMPlace - full step 14.153 ms
[DEBUG  ] dreamplace.ops.logsumexp_wirelength.logsumexp_wirelength - wirelength forward 0.187 ms
[DEBUG  ] dreamplace.ops.electric_potential.electric_potential - density forward 1.272 ms
[DEBUG  ] dreamplace.ops.electric_potential.electric_potential - density backward 0.366 ms
[DEBUG  ] dreamplace.ops.logsumexp_wirelength.logsumexp_wirelength - wirelength backward 0.127 ms
[INFO   ] DREAMPlace - optimizer step 10.231 ms
[INFO   ] DREAMPlace - iteration  251, (  43,  1,  1), Obj 1.479264E+04, NetCrossing 4.745E+01, NetCrossingWeight 1.000000E+01, DensityWeight 4.581849E+01, HPWL 1.632741E+03, Overflow 4.402229E-03, MaxDensity 1.003E+00, MacroOverlap 2.754E-06, MacroOverlapWeight 8.000000E-06, gamma 6.226646E-02, time 3.447ms
[INFO   ] DREAMPlace - full step 14.755 ms
[INFO   ] DREAMPlace - Lsub stopping criteria: 1 and 14792.6 > 13600.7 * 0.999
[INFO   ] DREAMPlace - Llambda stopping criteria: 1 and (( 0.00440223 < 0.1 and 1632.74 > 1632.31 ) or 1.00316 < 1.0)
[DEBUG  ] dreamplace.ops.logsumexp_wirelength.logsumexp_wirelength - wirelength forward 0.178 ms
[DEBUG  ] dreamplace.ops.electric_potential.electric_potential - density forward 1.209 ms
[DEBUG  ] dreamplace.ops.electric_potential.electric_potential - density backward 0.394 ms
[DEBUG  ] dreamplace.ops.logsumexp_wirelength.logsumexp_wirelength - wirelength backward 0.128 ms
[INFO   ] DREAMPlace - optimizer step 9.958 ms
[INFO   ] DREAMPlace - iteration  252, (  44,  0,  0), Obj 1.478873E+04, NetCrossing 4.694E+01, NetCrossingWeight 1.000000E+01, DensityWeight 5.107449E+01, HPWL 1.632866E+03, Overflow 4.381855E-03, MaxDensity 9.943E-01, MacroOverlap 2.691E-06, MacroOverlapWeight 8.000000E-06, gamma 6.223688E-02, time 3.366ms
[INFO   ] DREAMPlace - full step 14.525 ms
[DEBUG  ] dreamplace.ops.logsumexp_wirelength.logsumexp_wirelength - wirelength forward 0.180 ms
[DEBUG  ] dreamplace.ops.electric_potential.electric_potential - density forward 1.237 ms
[DEBUG  ] dreamplace.ops.electric_potential.electric_potential - density backward 0.397 ms
[DEBUG  ] dreamplace.ops.logsumexp_wirelength.logsumexp_wirelength - wirelength backward 0.127 ms
[INFO   ] DREAMPlace - optimizer step 10.199 ms
[INFO   ] DREAMPlace - iteration  253, (  44,  0,  1), Obj 1.616517E+04, NetCrossing 4.809E+01, NetCrossingWeight 1.000000E+01, DensityWeight 5.107449E+01, HPWL 1.632928E+03, Overflow 4.357935E-03, MaxDensity 9.870E-01, MacroOverlap 2.639E-06, MacroOverlapWeight 8.000000E-06, gamma 6.223688E-02, time 3.400ms
[INFO   ] DREAMPlace - full step 14.680 ms
[INFO   ] DREAMPlace - Lsub stopping criteria: 1 and 16165.2 > 14788.7 * 0.999
[DEBUG  ] dreamplace.ops.logsumexp_wirelength.logsumexp_wirelength - wirelength forward 0.180 ms
[DEBUG  ] dreamplace.ops.electric_potential.electric_potential - density forward 1.219 ms
[DEBUG  ] dreamplace.ops.electric_potential.electric_potential - density backward 0.396 ms
[DEBUG  ] dreamplace.ops.logsumexp_wirelength.logsumexp_wirelength - wirelength backward 0.121 ms
[INFO   ] DREAMPlace - optimizer step 9.854 ms
[INFO   ] DREAMPlace - iteration  254, (  44,  1,  0), Obj 1.611814E+04, NetCrossing 4.700E+01, NetCrossingWeight 1.000000E+01, DensityWeight 5.693343E+01, HPWL 1.632996E+03, Overflow 4.339057E-03, MaxDensity 9.796E-01, MacroOverlap 2.597E-06, MacroOverlapWeight 8.000000E-06, gamma 6.223688E-02, time 3.380ms
[INFO   ] DREAMPlace - full step 14.314 ms
[DEBUG  ] dreamplace.ops.logsumexp_wirelength.logsumexp_wirelength - wirelength forward 0.172 ms
[DEBUG  ] dreamplace.ops.electric_potential.electric_potential - density forward 1.210 ms
[DEBUG  ] dreamplace.ops.electric_potential.electric_potential - density backward 0.380 ms
[DEBUG  ] dreamplace.ops.logsumexp_wirelength.logsumexp_wirelength - wirelength backward 0.120 ms
[INFO   ] DREAMPlace - optimizer step 9.792 ms
[INFO   ] DREAMPlace - iteration  255, (  44,  1,  1), Obj 1.765969E+04, NetCrossing 4.620E+01, NetCrossingWeight 1.000000E+01, DensityWeight 5.693343E+01, HPWL 1.632983E+03, Overflow 4.317679E-03, MaxDensity 9.738E-01, MacroOverlap 2.569E-06, MacroOverlapWeight 8.000000E-06, gamma 6.223688E-02, time 3.344ms
[INFO   ] DREAMPlace - full step 14.260 ms
[INFO   ] DREAMPlace - Lsub stopping criteria: 1 and 17659.7 > 16118.1 * 0.999
[INFO   ] DREAMPlace - Llambda stopping criteria: 1 and (( 0.00431768 < 0.1 and 1632.98 > 1632.93 ) or 0.973826 < 1.0)
[DEBUG  ] dreamplace.ops.logsumexp_wirelength.logsumexp_wirelength - wirelength forward 0.176 ms
[DEBUG  ] dreamplace.ops.electric_potential.electric_potential - density forward 1.234 ms
[DEBUG  ] dreamplace.ops.electric_potential.electric_potential - density backward 0.392 ms
[DEBUG  ] dreamplace.ops.logsumexp_wirelength.logsumexp_wirelength - wirelength backward 0.123 ms
[INFO   ] DREAMPlace - optimizer step 9.991 ms
[INFO   ] DREAMPlace - iteration  256, (  45,  0,  0), Obj 1.759278E+04, NetCrossing 4.737E+01, NetCrossingWeight 1.000000E+01, DensityWeight 6.346447E+01, HPWL 1.632929E+03, Overflow 4.303426E-03, MaxDensity 9.679E-01, MacroOverlap 2.555E-06, MacroOverlapWeight 8.000000E-06, gamma 6.220996E-02, time 3.385ms
[INFO   ] DREAMPlace - full step 14.466 ms
[DEBUG  ] dreamplace.ops.logsumexp_wirelength.logsumexp_wirelength - wirelength forward 0.177 ms
[DEBUG  ] dreamplace.ops.electric_potential.electric_potential - density forward 1.228 ms
[DEBUG  ] dreamplace.ops.electric_potential.electric_potential - density backward 0.392 ms
[DEBUG  ] dreamplace.ops.logsumexp_wirelength.logsumexp_wirelength - wirelength backward 0.119 ms
[INFO   ] DREAMPlace - optimizer step 9.844 ms
[INFO   ] DREAMPlace - iteration  257, (  45,  0,  1), Obj 1.930154E+04, NetCrossing 4.735E+01, NetCrossingWeight 1.000000E+01, DensityWeight 6.346447E+01, HPWL 1.632811E+03, Overflow 4.299814E-03, MaxDensity 9.628E-01, MacroOverlap 2.555E-06, MacroOverlapWeight 8.000000E-06, gamma 6.220996E-02, time 3.407ms
[INFO   ] DREAMPlace - full step 14.332 ms
[INFO   ] DREAMPlace - Lsub stopping criteria: 1 and 19301.5 > 17592.8 * 0.999
[DEBUG  ] dreamplace.ops.logsumexp_wirelength.logsumexp_wirelength - wirelength forward 0.176 ms
[DEBUG  ] dreamplace.ops.electric_potential.electric_potential - density forward 1.223 ms
[DEBUG  ] dreamplace.ops.electric_potential.electric_potential - density backward 0.358 ms
[DEBUG  ] dreamplace.ops.logsumexp_wirelength.logsumexp_wirelength - wirelength backward 0.117 ms
[INFO   ] DREAMPlace - optimizer step 9.452 ms
[INFO   ] DREAMPlace - iteration  258, (  45,  1,  0), Obj 1.924962E+04, NetCrossing 4.762E+01, NetCrossingWeight 1.000000E+01, DensityWeight 6.983792E+01, HPWL 1.632681E+03, Overflow 4.305281E-03, MaxDensity 9.575E-01, MacroOverlap 2.565E-06, MacroOverlapWeight 8.000000E-06, gamma 6.220996E-02, time 3.365ms
[INFO   ] DREAMPlace - full step 13.852 ms
[DEBUG  ] dreamplace.ops.logsumexp_wirelength.logsumexp_wirelength - wirelength forward 0.176 ms
[DEBUG  ] dreamplace.ops.electric_potential.electric_potential - density forward 1.238 ms
[DEBUG  ] dreamplace.ops.electric_potential.electric_potential - density backward 0.389 ms
[DEBUG  ] dreamplace.ops.logsumexp_wirelength.logsumexp_wirelength - wirelength backward 0.124 ms
[INFO   ] DREAMPlace - optimizer step 9.764 ms
[INFO   ] DREAMPlace - iteration  259, (  45,  1,  1), Obj 2.086838E+04, NetCrossing 4.649E+01, NetCrossingWeight 1.000000E+01, DensityWeight 6.983792E+01, HPWL 1.632529E+03, Overflow 4.314494E-03, MaxDensity 9.529E-01, MacroOverlap 2.587E-06, MacroOverlapWeight 8.000000E-06, gamma 6.220996E-02, time 3.349ms
[INFO   ] DREAMPlace - full step 14.166 ms
[INFO   ] DREAMPlace - Lsub stopping criteria: 1 and 20868.4 > 19249.6 * 0.999
[INFO   ] DREAMPlace - Llambda stopping criteria: 1 and (( 0.00431449 < 0.1 and 1632.53 > 1632.81 ) or 0.952932 < 1.0)
[DEBUG  ] dreamplace.ops.logsumexp_wirelength.logsumexp_wirelength - wirelength forward 0.182 ms
[DEBUG  ] dreamplace.ops.electric_potential.electric_potential - density forward 1.264 ms
[DEBUG  ] dreamplace.ops.electric_potential.electric_potential - density backward 0.527 ms
[DEBUG  ] dreamplace.ops.logsumexp_wirelength.logsumexp_wirelength - wirelength backward 0.216 ms
[INFO   ] DREAMPlace - optimizer step 11.663 ms
[INFO   ] DREAMPlace - iteration  260, (  46,  0,  0), Obj 2.068677E+04, NetCrossing 4.799E+01, NetCrossingWeight 1.000000E+01, DensityWeight 7.684374E+01, HPWL 1.632404E+03, Overflow 4.325696E-03, MaxDensity 9.550E-01, MacroOverlap 2.616E-06, MacroOverlapWeight 8.000000E-06, gamma 6.220895E-02, time 3.428ms
[INFO   ] DREAMPlace - full step 16.140 ms
[DEBUG  ] dreamplace.ops.logsumexp_wirelength.logsumexp_wirelength - wirelength forward 0.171 ms
[DEBUG  ] dreamplace.ops.electric_potential.electric_potential - density forward 1.188 ms
[DEBUG  ] dreamplace.ops.electric_potential.electric_potential - density backward 0.467 ms
[DEBUG  ] dreamplace.ops.logsumexp_wirelength.logsumexp_wirelength - wirelength backward 0.185 ms
[INFO   ] DREAMPlace - optimizer step 10.495 ms
[INFO   ] DREAMPlace - iteration  261, (  46,  0,  1), Obj 2.227777E+04, NetCrossing 4.774E+01, NetCrossingWeight 1.000000E+01, DensityWeight 7.684374E+01, HPWL 1.632255E+03, Overflow 4.346686E-03, MaxDensity 9.621E-01, MacroOverlap 2.650E-06, MacroOverlapWeight 8.000000E-06, gamma 6.220895E-02, time 3.384ms
[INFO   ] DREAMPlace - full step 14.960 ms
[INFO   ] DREAMPlace - Lsub stopping criteria: 1 and 22277.8 > 20686.8 * 0.999
[DEBUG  ] dreamplace.ops.logsumexp_wirelength.logsumexp_wirelength - wirelength forward 0.174 ms
[DEBUG  ] dreamplace.ops.electric_potential.electric_potential - density forward 1.230 ms
[DEBUG  ] dreamplace.ops.electric_potential.electric_potential - density backward 0.479 ms
[DEBUG  ] dreamplace.ops.logsumexp_wirelength.logsumexp_wirelength - wirelength backward 0.177 ms
[INFO   ] DREAMPlace - optimizer step 11.258 ms
[INFO   ] DREAMPlace - iteration  262, (  46,  1,  0), Obj 2.240463E+04, NetCrossing 4.774E+01, NetCrossingWeight 1.000000E+01, DensityWeight 8.454390E+01, HPWL 1.632121E+03, Overflow 4.363134E-03, MaxDensity 9.693E-01, MacroOverlap 2.682E-06, MacroOverlapWeight 8.000000E-06, gamma 6.220895E-02, time 3.375ms
[INFO   ] DREAMPlace - full step 15.654 ms
[DEBUG  ] dreamplace.ops.logsumexp_wirelength.logsumexp_wirelength - wirelength forward 0.171 ms
[DEBUG  ] dreamplace.ops.electric_potential.electric_potential - density forward 1.218 ms
[DEBUG  ] dreamplace.ops.electric_potential.electric_potential - density backward 0.513 ms
[DEBUG  ] dreamplace.ops.logsumexp_wirelength.logsumexp_wirelength - wirelength backward 0.196 ms
[INFO   ] DREAMPlace - optimizer step 11.696 ms
[INFO   ] DREAMPlace - iteration  263, (  46,  1,  1), Obj 2.440591E+04, NetCrossing 4.771E+01, NetCrossingWeight 1.000000E+01, DensityWeight 8.454390E+01, HPWL 1.632096E+03, Overflow 4.379714E-03, MaxDensity 9.777E-01, MacroOverlap 2.715E-06, MacroOverlapWeight 8.000000E-06, gamma 6.220895E-02, time 3.367ms
[INFO   ] DREAMPlace - full step 16.086 ms
[INFO   ] DREAMPlace - Lsub stopping criteria: 1 and 24405.9 > 22404.6 * 0.999
[INFO   ] DREAMPlace - Llambda stopping criteria: 1 and (( 0.00437971 < 0.1 and 1632.1 > 1632.26 ) or 0.977658 < 1.0)
[DEBUG  ] dreamplace.ops.logsumexp_wirelength.logsumexp_wirelength - wirelength forward 0.173 ms
[DEBUG  ] dreamplace.ops.electric_potential.electric_potential - density forward 1.177 ms
[DEBUG  ] dreamplace.ops.electric_potential.electric_potential - density backward 0.492 ms
[DEBUG  ] dreamplace.ops.logsumexp_wirelength.logsumexp_wirelength - wirelength backward 0.148 ms
[INFO   ] DREAMPlace - optimizer step 11.315 ms
[INFO   ] DREAMPlace - iteration  264, (  47,  0,  0), Obj 2.435046E+04, NetCrossing 4.654E+01, NetCrossingWeight 1.000000E+01, DensityWeight 9.300636E+01, HPWL 1.632077E+03, Overflow 4.397346E-03, MaxDensity 9.861E-01, MacroOverlap 2.746E-06, MacroOverlapWeight 8.000000E-06, gamma 6.222972E-02, time 3.330ms
[INFO   ] DREAMPlace - full step 15.643 ms
[DEBUG  ] dreamplace.ops.logsumexp_wirelength.logsumexp_wirelength - wirelength forward 0.169 ms
[DEBUG  ] dreamplace.ops.electric_potential.electric_potential - density forward 1.174 ms
[DEBUG  ] dreamplace.ops.electric_potential.electric_potential - density backward 0.522 ms
[DEBUG  ] dreamplace.ops.logsumexp_wirelength.logsumexp_wirelength - wirelength backward 0.169 ms
[INFO   ] DREAMPlace - optimizer step 12.071 ms
[INFO   ] DREAMPlace - iteration  265, (  47,  0,  1), Obj 2.642999E+04, NetCrossing 4.702E+01, NetCrossingWeight 1.000000E+01, DensityWeight 9.300636E+01, HPWL 1.632102E+03, Overflow 4.417978E-03, MaxDensity 9.956E-01, MacroOverlap 2.780E-06, MacroOverlapWeight 8.000000E-06, gamma 6.222972E-02, time 3.311ms
[INFO   ] DREAMPlace - full step 16.381 ms
[INFO   ] DREAMPlace - Lsub stopping criteria: 1 and 26430 > 24350.5 * 0.999
[DEBUG  ] dreamplace.ops.logsumexp_wirelength.logsumexp_wirelength - wirelength forward 0.170 ms
[DEBUG  ] dreamplace.ops.electric_potential.electric_potential - density forward 1.173 ms
[DEBUG  ] dreamplace.ops.electric_potential.electric_potential - density backward 0.366 ms
[DEBUG  ] dreamplace.ops.logsumexp_wirelength.logsumexp_wirelength - wirelength backward 0.129 ms
[INFO   ] DREAMPlace - optimizer step 9.465 ms
[INFO   ] DREAMPlace - iteration  266, (  47,  1,  0), Obj 2.641907E+04, NetCrossing 4.718E+01, NetCrossingWeight 1.000000E+01, DensityWeight 1.036755E+02, HPWL 1.632119E+03, Overflow 4.435244E-03, MaxDensity 1.004E+00, MacroOverlap 2.812E-06, MacroOverlapWeight 8.000000E-06, gamma 6.222972E-02, time 3.314ms
[INFO   ] DREAMPlace - full step 13.835 ms
[DEBUG  ] dreamplace.ops.logsumexp_wirelength.logsumexp_wirelength - wirelength forward 0.168 ms
[DEBUG  ] dreamplace.ops.electric_potential.electric_potential - density forward 1.208 ms
[DEBUG  ] dreamplace.ops.electric_potential.electric_potential - density backward 0.428 ms
[DEBUG  ] dreamplace.ops.logsumexp_wirelength.logsumexp_wirelength - wirelength backward 0.144 ms
[INFO   ] DREAMPlace - optimizer step 10.272 ms
[INFO   ] DREAMPlace - iteration  267, (  47,  1,  1), Obj 2.918321E+04, NetCrossing 4.766E+01, NetCrossingWeight 1.000000E+01, DensityWeight 1.036755E+02, HPWL 1.632179E+03, Overflow 4.454349E-03, MaxDensity 1.014E+00, MacroOverlap 2.845E-06, MacroOverlapWeight 8.000000E-06, gamma 6.222972E-02, time 3.333ms
[INFO   ] DREAMPlace - full step 14.609 ms
[INFO   ] DREAMPlace - Lsub stopping criteria: 1 and 29183.2 > 26419.1 * 0.999
[INFO   ] DREAMPlace - Llambda stopping criteria: 1 and (( 0.00445435 < 0.1 and 1632.18 > 1632.1 ) or 1.014 < 1.0)
[DEBUG  ] dreamplace.ops.logsumexp_wirelength.logsumexp_wirelength - wirelength forward 0.169 ms
[DEBUG  ] dreamplace.ops.electric_potential.electric_potential - density forward 1.187 ms
[DEBUG  ] dreamplace.ops.electric_potential.electric_potential - density backward 0.391 ms
[DEBUG  ] dreamplace.ops.logsumexp_wirelength.logsumexp_wirelength - wirelength backward 0.168 ms
[INFO   ] DREAMPlace - optimizer step 9.851 ms
[INFO   ] DREAMPlace - iteration  268, (  48,  0,  0), Obj 2.914488E+04, NetCrossing 4.583E+01, NetCrossingWeight 1.000000E+01, DensityWeight 1.155684E+02, HPWL 1.632244E+03, Overflow 4.461929E-03, MaxDensity 1.019E+00, MacroOverlap 2.874E-06, MacroOverlapWeight 8.000000E-06, gamma 6.225349E-02, time 3.331ms
[INFO   ] DREAMPlace - full step 14.172 ms
[DEBUG  ] dreamplace.ops.logsumexp_wirelength.logsumexp_wirelength - wirelength forward 0.167 ms
[DEBUG  ] dreamplace.ops.electric_potential.electric_potential - density forward 1.181 ms
[DEBUG  ] dreamplace.ops.electric_potential.electric_potential - density backward 0.387 ms
[DEBUG  ] dreamplace.ops.logsumexp_wirelength.logsumexp_wirelength - wirelength backward 0.124 ms
[INFO   ] DREAMPlace - optimizer step 9.619 ms
[INFO   ] DREAMPlace - iteration  269, (  48,  0,  1), Obj 3.211271E+04, NetCrossing 4.649E+01, NetCrossingWeight 1.000000E+01, DensityWeight 1.155684E+02, HPWL 1.632354E+03, Overflow 4.472327E-03, MaxDensity 1.019E+00, MacroOverlap 2.902E-06, MacroOverlapWeight 8.000000E-06, gamma 6.225349E-02, time 3.300ms
[INFO   ] DREAMPlace - full step 13.970 ms
[INFO   ] DREAMPlace - Lsub stopping criteria: 1 and 32112.7 > 29144.9 * 0.999
[DEBUG  ] dreamplace.ops.logsumexp_wirelength.logsumexp_wirelength - wirelength forward 0.165 ms
[DEBUG  ] dreamplace.ops.electric_potential.electric_potential - density forward 1.162 ms
[DEBUG  ] dreamplace.ops.electric_potential.electric_potential - density backward 0.388 ms
[DEBUG  ] dreamplace.ops.logsumexp_wirelength.logsumexp_wirelength - wirelength backward 0.123 ms
[INFO   ] DREAMPlace - optimizer step 9.666 ms
[INFO   ] DREAMPlace - iteration  270, (  48,  1,  0), Obj 3.201631E+04, NetCrossing 4.764E+01, NetCrossingWeight 1.000000E+01, DensityWeight 1.288257E+02, HPWL 1.632493E+03, Overflow 4.475579E-03, MaxDensity 1.019E+00, MacroOverlap 2.922E-06, MacroOverlapWeight 8.000000E-06, gamma 6.225349E-02, time 3.309ms
[INFO   ] DREAMPlace - full step 13.979 ms
[DEBUG  ] dreamplace.ops.logsumexp_wirelength.logsumexp_wirelength - wirelength forward 0.173 ms
[DEBUG  ] dreamplace.ops.electric_potential.electric_potential - density forward 1.194 ms
[DEBUG  ] dreamplace.ops.electric_potential.electric_potential - density backward 0.387 ms
[DEBUG  ] dreamplace.ops.logsumexp_wirelength.logsumexp_wirelength - wirelength backward 0.125 ms
[INFO   ] DREAMPlace - optimizer step 9.778 ms
[INFO   ] DREAMPlace - iteration  271, (  48,  1,  1), Obj 3.529568E+04, NetCrossing 4.647E+01, NetCrossingWeight 1.000000E+01, DensityWeight 1.288257E+02, HPWL 1.632668E+03, Overflow 4.482457E-03, MaxDensity 1.019E+00, MacroOverlap 2.936E-06, MacroOverlapWeight 8.000000E-06, gamma 6.225349E-02, time 3.332ms
[INFO   ] DREAMPlace - full step 14.160 ms
[INFO   ] DREAMPlace - Lsub stopping criteria: 1 and 35295.7 > 32016.3 * 0.999
[INFO   ] DREAMPlace - Llambda stopping criteria: 1 and (( 0.00448246 < 0.1 and 1632.67 > 1632.35 ) or 1.0191 < 1.0)
[DEBUG  ] dreamplace.ops.logsumexp_wirelength.logsumexp_wirelength - wirelength forward 0.165 ms
[DEBUG  ] dreamplace.ops.electric_potential.electric_potential - density forward 1.208 ms
[DEBUG  ] dreamplace.ops.electric_potential.electric_potential - density backward 0.392 ms
[DEBUG  ] dreamplace.ops.logsumexp_wirelength.logsumexp_wirelength - wirelength backward 0.126 ms
[INFO   ] DREAMPlace - optimizer step 9.829 ms
[INFO   ] DREAMPlace - iteration  272, (  49,  0,  0), Obj 3.526820E+04, NetCrossing 4.696E+01, NetCrossingWeight 1.000000E+01, DensityWeight 1.436038E+02, HPWL 1.632865E+03, Overflow 4.486051E-03, MaxDensity 1.019E+00, MacroOverlap 2.944E-06, MacroOverlapWeight 8.000000E-06, gamma 6.226244E-02, time 3.334ms
[INFO   ] DREAMPlace - full step 14.181 ms
[DEBUG  ] dreamplace.ops.logsumexp_wirelength.logsumexp_wirelength - wirelength forward 0.166 ms
[DEBUG  ] dreamplace.ops.electric_potential.electric_potential - density forward 1.205 ms
[DEBUG  ] dreamplace.ops.electric_potential.electric_potential - density backward 0.391 ms
[DEBUG  ] dreamplace.ops.logsumexp_wirelength.logsumexp_wirelength - wirelength backward 0.124 ms
[INFO   ] DREAMPlace - optimizer step 9.793 ms
[INFO   ] DREAMPlace - iteration  273, (  49,  0,  1), Obj 3.900375E+04, NetCrossing 4.713E+01, NetCrossingWeight 1.000000E+01, DensityWeight 1.436038E+02, HPWL 1.633097E+03, Overflow 4.493529E-03, MaxDensity 1.019E+00, MacroOverlap 2.944E-06, MacroOverlapWeight 8.000000E-06, gamma 6.226244E-02, time 3.357ms
[INFO   ] DREAMPlace - full step 14.153 ms
[INFO   ] DREAMPlace - Lsub stopping criteria: 1 and 39003.8 > 35268.2 * 0.999
[DEBUG  ] dreamplace.ops.logsumexp_wirelength.logsumexp_wirelength - wirelength forward 0.175 ms
[DEBUG  ] dreamplace.ops.electric_potential.electric_potential - density forward 1.196 ms
[DEBUG  ] dreamplace.ops.electric_potential.electric_potential - density backward 0.341 ms
[DEBUG  ] dreamplace.ops.logsumexp_wirelength.logsumexp_wirelength - wirelength backward 0.099 ms
[INFO   ] DREAMPlace - optimizer step 9.204 ms
[INFO   ] DREAMPlace - iteration  274, (  49,  1,  0), Obj 3.911728E+04, NetCrossing 4.762E+01, NetCrossingWeight 1.000000E+01, DensityWeight 1.600771E+02, HPWL 1.633359E+03, Overflow 4.500520E-03, MaxDensity 1.019E+00, MacroOverlap 2.938E-06, MacroOverlapWeight 8.000000E-06, gamma 6.226244E-02, time 3.329ms
[INFO   ] DREAMPlace - full step 13.552 ms
[DEBUG  ] dreamplace.ops.logsumexp_wirelength.logsumexp_wirelength - wirelength forward 0.174 ms
[DEBUG  ] dreamplace.ops.electric_potential.electric_potential - density forward 1.200 ms
[DEBUG  ] dreamplace.ops.electric_potential.electric_potential - density backward 0.397 ms
[DEBUG  ] dreamplace.ops.logsumexp_wirelength.logsumexp_wirelength - wirelength backward 0.123 ms
[INFO   ] DREAMPlace - optimizer step 9.866 ms
[INFO   ] DREAMPlace - iteration  275, (  49,  1,  1), Obj 4.310312E+04, NetCrossing 4.666E+01, NetCrossingWeight 1.000000E+01, DensityWeight 1.600771E+02, HPWL 1.633623E+03, Overflow 4.509654E-03, MaxDensity 1.019E+00, MacroOverlap 2.926E-06, MacroOverlapWeight 8.000000E-06, gamma 6.226244E-02, time 3.360ms
[INFO   ] DREAMPlace - full step 14.240 ms
[INFO   ] DREAMPlace - Lsub stopping criteria: 1 and 43103.1 > 39117.3 * 0.999
[INFO   ] DREAMPlace - Llambda stopping criteria: 1 and (( 0.00450965 < 0.1 and 1633.62 > 1633.1 ) or 1.0191 < 1.0)
[DEBUG  ] dreamplace.ops.logsumexp_wirelength.logsumexp_wirelength - wirelength forward 0.176 ms
[DEBUG  ] dreamplace.ops.electric_potential.electric_potential - density forward 1.242 ms
[DEBUG  ] dreamplace.ops.electric_potential.electric_potential - density backward 0.424 ms
[DEBUG  ] dreamplace.ops.logsumexp_wirelength.logsumexp_wirelength - wirelength backward 0.152 ms
[INFO   ] DREAMPlace - optimizer step 11.155 ms
[INFO   ] DREAMPlace - iteration  276, (  50,  0,  0), Obj 4.318967E+04, NetCrossing 4.762E+01, NetCrossingWeight 1.000000E+01, DensityWeight 1.784401E+02, HPWL 1.633896E+03, Overflow 4.513956E-03, MaxDensity 1.019E+00, MacroOverlap 2.911E-06, MacroOverlapWeight 8.000000E-06, gamma 6.227111E-02, time 3.393ms
[INFO   ] DREAMPlace - full step 15.567 ms
[DEBUG  ] dreamplace.ops.logsumexp_wirelength.logsumexp_wirelength - wirelength forward 0.171 ms
[DEBUG  ] dreamplace.ops.electric_potential.electric_potential - density forward 1.212 ms
[DEBUG  ] dreamplace.ops.electric_potential.electric_potential - density backward 0.411 ms
[DEBUG  ] dreamplace.ops.logsumexp_wirelength.logsumexp_wirelength - wirelength backward 0.122 ms
[INFO   ] DREAMPlace - optimizer step 10.674 ms
[INFO   ] DREAMPlace - iteration  277, (  50,  0,  1), Obj 4.748924E+04, NetCrossing 4.761E+01, NetCrossingWeight 1.000000E+01, DensityWeight 1.784401E+02, HPWL 1.634156E+03, Overflow 4.521857E-03, MaxDensity 1.019E+00, MacroOverlap 2.890E-06, MacroOverlapWeight 8.000000E-06, gamma 6.227111E-02, time 3.366ms
[INFO   ] DREAMPlace - full step 15.073 ms
[INFO   ] DREAMPlace - Lsub stopping criteria: 1 and 47489.2 > 43189.7 * 0.999
[DEBUG  ] dreamplace.ops.logsumexp_wirelength.logsumexp_wirelength - wirelength forward 0.183 ms
[DEBUG  ] dreamplace.ops.electric_potential.electric_potential - density forward 1.296 ms
[DEBUG  ] dreamplace.ops.electric_potential.electric_potential - density backward 0.393 ms
[DEBUG  ] dreamplace.ops.logsumexp_wirelength.logsumexp_wirelength - wirelength backward 0.128 ms
[INFO   ] DREAMPlace - optimizer step 10.087 ms
[INFO   ] DREAMPlace - iteration  278, (  50,  1,  0), Obj 4.760978E+04, NetCrossing 4.762E+01, NetCrossingWeight 1.000000E+01, DensityWeight 1.989096E+02, HPWL 1.634440E+03, Overflow 4.521857E-03, MaxDensity 1.019E+00, MacroOverlap 2.867E-06, MacroOverlapWeight 8.000000E-06, gamma 6.227111E-02, time 3.386ms
[INFO   ] DREAMPlace - full step 14.497 ms
[DEBUG  ] dreamplace.ops.logsumexp_wirelength.logsumexp_wirelength - wirelength forward 0.170 ms
[DEBUG  ] dreamplace.ops.electric_potential.electric_potential - density forward 1.216 ms
[DEBUG  ] dreamplace.ops.electric_potential.electric_potential - density backward 0.400 ms
[DEBUG  ] dreamplace.ops.logsumexp_wirelength.logsumexp_wirelength - wirelength backward 0.127 ms
[INFO   ] DREAMPlace - optimizer step 9.891 ms
[INFO   ] DREAMPlace - iteration  279, (  50,  1,  1), Obj 5.247179E+04, NetCrossing 4.714E+01, NetCrossingWeight 1.000000E+01, DensityWeight 1.989096E+02, HPWL 1.634668E+03, Overflow 4.527616E-03, MaxDensity 1.019E+00, MacroOverlap 2.842E-06, MacroOverlapWeight 8.000000E-06, gamma 6.227111E-02, time 3.392ms
[INFO   ] DREAMPlace - full step 14.303 ms
[INFO   ] DREAMPlace - Lsub stopping criteria: 1 and 52471.8 > 47609.8 * 0.999
[INFO   ] DREAMPlace - Llambda stopping criteria: 1 and (( 0.00452762 < 0.1 and 1634.67 > 1634.16 ) or 1.0191 < 1.0)
[DEBUG  ] dreamplace.ops.logsumexp_wirelength.logsumexp_wirelength - wirelength forward 0.175 ms
[DEBUG  ] dreamplace.ops.electric_potential.electric_potential - density forward 1.251 ms
[DEBUG  ] dreamplace.ops.electric_potential.electric_potential - density backward 0.390 ms
[DEBUG  ] dreamplace.ops.logsumexp_wirelength.logsumexp_wirelength - wirelength backward 0.129 ms
[INFO   ] DREAMPlace - optimizer step 10.222 ms
[INFO   ] DREAMPlace - iteration  280, (  51,  0,  0), Obj 5.250184E+04, NetCrossing 4.648E+01, NetCrossingWeight 1.000000E+01, DensityWeight 2.217272E+02, HPWL 1.634911E+03, Overflow 4.526193E-03, MaxDensity 1.019E+00, MacroOverlap 2.820E-06, MacroOverlapWeight 8.000000E-06, gamma 6.227684E-02, time 3.430ms
[INFO   ] DREAMPlace - full step 14.675 ms
[DEBUG  ] dreamplace.ops.logsumexp_wirelength.logsumexp_wirelength - wirelength forward 0.179 ms
[DEBUG  ] dreamplace.ops.electric_potential.electric_potential - density forward 1.238 ms
[DEBUG  ] dreamplace.ops.electric_potential.electric_potential - density backward 0.399 ms
[DEBUG  ] dreamplace.ops.logsumexp_wirelength.logsumexp_wirelength - wirelength backward 0.126 ms
[INFO   ] DREAMPlace - optimizer step 10.072 ms
[INFO   ] DREAMPlace - iteration  281, (  51,  0,  1), Obj 5.795079E+04, NetCrossing 4.783E+01, NetCrossingWeight 1.000000E+01, DensityWeight 2.217272E+02, HPWL 1.635102E+03, Overflow 4.527401E-03, MaxDensity 1.019E+00, MacroOverlap 2.798E-06, MacroOverlapWeight 8.000000E-06, gamma 6.227684E-02, time 3.395ms
[INFO   ] DREAMPlace - full step 14.511 ms
[INFO   ] DREAMPlace - Lsub stopping criteria: 1 and 57950.8 > 52501.8 * 0.999
[DEBUG  ] dreamplace.ops.logsumexp_wirelength.logsumexp_wirelength - wirelength forward 0.178 ms
[DEBUG  ] dreamplace.ops.electric_potential.electric_potential - density forward 1.275 ms
[DEBUG  ] dreamplace.ops.electric_potential.electric_potential - density backward 0.391 ms
[DEBUG  ] dreamplace.ops.logsumexp_wirelength.logsumexp_wirelength - wirelength backward 0.124 ms
[INFO   ] DREAMPlace - optimizer step 9.820 ms
[INFO   ] DREAMPlace - iteration  282, (  51,  1,  0), Obj 5.818193E+04, NetCrossing 4.580E+01, NetCrossingWeight 1.000000E+01, DensityWeight 2.471624E+02, HPWL 1.635323E+03, Overflow 4.525944E-03, MaxDensity 1.019E+00, MacroOverlap 2.783E-06, MacroOverlapWeight 8.000000E-06, gamma 6.227684E-02, time 3.464ms
[INFO   ] DREAMPlace - full step 14.200 ms
[DEBUG  ] dreamplace.ops.logsumexp_wirelength.logsumexp_wirelength - wirelength forward 0.139 ms
[DEBUG  ] dreamplace.ops.electric_potential.electric_potential - density forward 1.023 ms
[DEBUG  ] dreamplace.ops.electric_potential.electric_potential - density backward 0.431 ms
[DEBUG  ] dreamplace.ops.logsumexp_wirelength.logsumexp_wirelength - wirelength backward 0.141 ms
[INFO   ] DREAMPlace - optimizer step 9.517 ms
[INFO   ] DREAMPlace - iteration  283, (  51,  1,  1), Obj 6.430063E+04, NetCrossing 4.702E+01, NetCrossingWeight 1.000000E+01, DensityWeight 2.471624E+02, HPWL 1.635488E+03, Overflow 4.524806E-03, MaxDensity 1.019E+00, MacroOverlap 2.771E-06, MacroOverlapWeight 8.000000E-06, gamma 6.227684E-02, time 2.851ms
[INFO   ] DREAMPlace - full step 13.400 ms
[INFO   ] DREAMPlace - Lsub stopping criteria: 1 and 64300.6 > 58181.9 * 0.999
[INFO   ] DREAMPlace - Llambda stopping criteria: 1 and (( 0.00452481 < 0.1 and 1635.49 > 1635.1 ) or 1.0191 < 1.0)
[DEBUG  ] dreamplace.ops.logsumexp_wirelength.logsumexp_wirelength - wirelength forward 0.226 ms
[DEBUG  ] dreamplace.ops.electric_potential.electric_potential - density forward 1.396 ms
[DEBUG  ] dreamplace.ops.electric_potential.electric_potential - density backward 0.418 ms
[DEBUG  ] dreamplace.ops.logsumexp_wirelength.logsumexp_wirelength - wirelength backward 0.139 ms
[INFO   ] DREAMPlace - optimizer step 10.822 ms
[INFO   ] DREAMPlace - iteration  284, (  52,  0,  0), Obj 6.410925E+04, NetCrossing 4.717E+01, NetCrossingWeight 1.000000E+01, DensityWeight 2.755152E+02, HPWL 1.635689E+03, Overflow 4.521266E-03, MaxDensity 1.019E+00, MacroOverlap 2.765E-06, MacroOverlapWeight 8.000000E-06, gamma 6.227593E-02, time 3.343ms
[INFO   ] DREAMPlace - full step 15.295 ms
[DEBUG  ] dreamplace.ops.logsumexp_wirelength.logsumexp_wirelength - wirelength forward 0.138 ms
[DEBUG  ] dreamplace.ops.electric_potential.electric_potential - density forward 0.973 ms
[DEBUG  ] dreamplace.ops.electric_potential.electric_potential - density backward 0.354 ms
[DEBUG  ] dreamplace.ops.logsumexp_wirelength.logsumexp_wirelength - wirelength backward 0.098 ms
[INFO   ] DREAMPlace - optimizer step 7.982 ms
[INFO   ] DREAMPlace - iteration  285, (  52,  0,  1), Obj 7.115493E+04, NetCrossing 4.704E+01, NetCrossingWeight 1.000000E+01, DensityWeight 2.755152E+02, HPWL 1.635847E+03, Overflow 4.516277E-03, MaxDensity 1.019E+00, MacroOverlap 2.761E-06, MacroOverlapWeight 8.000000E-06, gamma 6.227593E-02, time 2.974ms
[INFO   ] DREAMPlace - full step 11.876 ms
[INFO   ] DREAMPlace - Lsub stopping criteria: 1 and 71154.9 > 64109.2 * 0.999
[DEBUG  ] dreamplace.ops.logsumexp_wirelength.logsumexp_wirelength - wirelength forward 0.189 ms
[DEBUG  ] dreamplace.ops.electric_potential.electric_potential - density forward 1.219 ms
[DEBUG  ] dreamplace.ops.electric_potential.electric_potential - density backward 0.393 ms
[DEBUG  ] dreamplace.ops.logsumexp_wirelength.logsumexp_wirelength - wirelength backward 0.141 ms
[INFO   ] DREAMPlace - optimizer step 10.072 ms
[INFO   ] DREAMPlace - iteration  286, (  52,  1,  0), Obj 7.121634E+04, NetCrossing 4.647E+01, NetCrossingWeight 1.000000E+01, DensityWeight 3.071205E+02, HPWL 1.636040E+03, Overflow 4.510097E-03, MaxDensity 1.018E+00, MacroOverlap 2.762E-06, MacroOverlapWeight 8.000000E-06, gamma 6.227593E-02, time 3.379ms
[INFO   ] DREAMPlace - full step 14.413 ms
[DEBUG  ] dreamplace.ops.logsumexp_wirelength.logsumexp_wirelength - wirelength forward 0.189 ms
[DEBUG  ] dreamplace.ops.electric_potential.electric_potential - density forward 1.300 ms
[DEBUG  ] dreamplace.ops.electric_potential.electric_potential - density backward 0.415 ms
[DEBUG  ] dreamplace.ops.logsumexp_wirelength.logsumexp_wirelength - wirelength backward 0.119 ms
[INFO   ] DREAMPlace - optimizer step 10.356 ms
[INFO   ] DREAMPlace - iteration  287, (  52,  1,  1), Obj 7.869621E+04, NetCrossing 4.647E+01, NetCrossingWeight 1.000000E+01, DensityWeight 3.071205E+02, HPWL 1.636187E+03, Overflow 4.502107E-03, MaxDensity 1.012E+00, MacroOverlap 2.767E-06, MacroOverlapWeight 8.000000E-06, gamma 6.227593E-02, time 3.443ms
[INFO   ] DREAMPlace - full step 14.842 ms
[INFO   ] DREAMPlace - Lsub stopping criteria: 1 and 78696.2 > 71216.3 * 0.999
[INFO   ] DREAMPlace - Llambda stopping criteria: 1 and (( 0.00450211 < 0.1 and 1636.19 > 1635.85 ) or 1.01188 < 1.0)
[DEBUG  ] dreamplace.ops.logsumexp_wirelength.logsumexp_wirelength - wirelength forward 0.190 ms
[DEBUG  ] dreamplace.ops.electric_potential.electric_potential - density forward 1.264 ms
[DEBUG  ] dreamplace.ops.electric_potential.electric_potential - density backward 0.389 ms
[DEBUG  ] dreamplace.ops.logsumexp_wirelength.logsumexp_wirelength - wirelength backward 0.119 ms
[INFO   ] DREAMPlace - optimizer step 10.038 ms
[INFO   ] DREAMPlace - iteration  288, (  53,  0,  0), Obj 7.838706E+04, NetCrossing 4.760E+01, NetCrossingWeight 1.000000E+01, DensityWeight 3.423515E+02, HPWL 1.636375E+03, Overflow 4.490293E-03, MaxDensity 1.007E+00, MacroOverlap 2.774E-06, MacroOverlapWeight 8.000000E-06, gamma 6.226870E-02, time 3.498ms
[INFO   ] DREAMPlace - full step 14.574 ms
[DEBUG  ] dreamplace.ops.logsumexp_wirelength.logsumexp_wirelength - wirelength forward 0.175 ms
[DEBUG  ] dreamplace.ops.electric_potential.electric_potential - density forward 1.176 ms
[DEBUG  ] dreamplace.ops.electric_potential.electric_potential - density backward 0.408 ms
[DEBUG  ] dreamplace.ops.logsumexp_wirelength.logsumexp_wirelength - wirelength backward 0.133 ms
[INFO   ] DREAMPlace - optimizer step 13.434 ms
[INFO   ] DREAMPlace - iteration  289, (  53,  0,  1), Obj 8.699048E+04, NetCrossing 4.693E+01, NetCrossingWeight 1.000000E+01, DensityWeight 3.423515E+02, HPWL 1.636532E+03, Overflow 4.478016E-03, MaxDensity 1.001E+00, MacroOverlap 2.785E-06, MacroOverlapWeight 8.000000E-06, gamma 6.226870E-02, time 5.779ms
[INFO   ] DREAMPlace - full step 20.265 ms
[INFO   ] DREAMPlace - Lsub stopping criteria: 1 and 86990.5 > 78387.1 * 0.999
[DEBUG  ] dreamplace.ops.logsumexp_wirelength.logsumexp_wirelength - wirelength forward 0.168 ms
[DEBUG  ] dreamplace.ops.electric_potential.electric_potential - density forward 1.145 ms
[DEBUG  ] dreamplace.ops.electric_potential.electric_potential - density backward 0.411 ms
[DEBUG  ] dreamplace.ops.logsumexp_wirelength.logsumexp_wirelength - wirelength backward 0.119 ms
[INFO   ] DREAMPlace - optimizer step 14.752 ms
[INFO   ] DREAMPlace - iteration  290, (  53,  1,  0), Obj 8.725674E+04, NetCrossing 4.646E+01, NetCrossingWeight 1.000000E+01, DensityWeight 3.816239E+02, HPWL 1.636709E+03, Overflow 4.463575E-03, MaxDensity 9.957E-01, MacroOverlap 2.793E-06, MacroOverlapWeight 8.000000E-06, gamma 6.226870E-02, time 3.268ms
[INFO   ] DREAMPlace - full step 18.883 ms
[DEBUG  ] dreamplace.ops.logsumexp_wirelength.logsumexp_wirelength - wirelength forward 0.172 ms
[DEBUG  ] dreamplace.ops.electric_potential.electric_potential - density forward 1.256 ms
[DEBUG  ] dreamplace.ops.electric_potential.electric_potential - density backward 0.384 ms
[DEBUG  ] dreamplace.ops.logsumexp_wirelength.logsumexp_wirelength - wirelength backward 0.119 ms
[INFO   ] DREAMPlace - optimizer step 10.094 ms
[INFO   ] DREAMPlace - iteration  291, (  53,  1,  1), Obj 9.643186E+04, NetCrossing 4.712E+01, NetCrossingWeight 1.000000E+01, DensityWeight 3.816239E+02, HPWL 1.636871E+03, Overflow 4.452850E-03, MaxDensity 9.899E-01, MacroOverlap 2.802E-06, MacroOverlapWeight 8.000000E-06, gamma 6.226870E-02, time 3.069ms
[INFO   ] DREAMPlace - full step 14.097 ms
[INFO   ] DREAMPlace - Lsub stopping criteria: 1 and 96431.9 > 87256.7 * 0.999
[INFO   ] DREAMPlace - Llambda stopping criteria: 1 and (( 0.00445285 < 0.1 and 1636.87 > 1636.53 ) or 0.989898 < 1.0)
[DEBUG  ] dreamplace.ops.logsumexp_wirelength.logsumexp_wirelength - wirelength forward 0.177 ms
[DEBUG  ] dreamplace.ops.electric_potential.electric_potential - density forward 1.241 ms
[DEBUG  ] dreamplace.ops.electric_potential.electric_potential - density backward 0.394 ms
[DEBUG  ] dreamplace.ops.logsumexp_wirelength.logsumexp_wirelength - wirelength backward 0.117 ms
[INFO   ] DREAMPlace - optimizer step 9.770 ms
[INFO   ] DREAMPlace - iteration  292, (  54,  0,  0), Obj 9.670514E+04, NetCrossing 4.757E+01, NetCrossingWeight 1.000000E+01, DensityWeight 4.254013E+02, HPWL 1.637088E+03, Overflow 4.439588E-03, MaxDensity 9.843E-01, MacroOverlap 2.806E-06, MacroOverlapWeight 8.000000E-06, gamma 6.225301E-02, time 3.393ms
[INFO   ] DREAMPlace - full step 14.168 ms
[DEBUG  ] dreamplace.ops.logsumexp_wirelength.logsumexp_wirelength - wirelength forward 0.185 ms
[DEBUG  ] dreamplace.ops.electric_potential.electric_potential - density forward 1.239 ms
[DEBUG  ] dreamplace.ops.electric_potential.electric_potential - density backward 0.385 ms
[DEBUG  ] dreamplace.ops.logsumexp_wirelength.logsumexp_wirelength - wirelength backward 0.121 ms
[INFO   ] DREAMPlace - optimizer step 9.783 ms
[INFO   ] DREAMPlace - iteration  293, (  54,  0,  1), Obj 1.067170E+05, NetCrossing 4.757E+01, NetCrossingWeight 1.000000E+01, DensityWeight 4.254013E+02, HPWL 1.637292E+03, Overflow 4.428504E-03, MaxDensity 9.782E-01, MacroOverlap 2.809E-06, MacroOverlapWeight 8.000000E-06, gamma 6.225301E-02, time 3.422ms
[INFO   ] DREAMPlace - full step 14.220 ms
[INFO   ] DREAMPlace - Lsub stopping criteria: 1 and 106717 > 96705.1 * 0.999
[DEBUG  ] dreamplace.ops.logsumexp_wirelength.logsumexp_wirelength - wirelength forward 0.180 ms
[DEBUG  ] dreamplace.ops.electric_potential.electric_potential - density forward 1.207 ms
[DEBUG  ] dreamplace.ops.electric_potential.electric_potential - density backward 0.382 ms
[DEBUG  ] dreamplace.ops.logsumexp_wirelength.logsumexp_wirelength - wirelength backward 0.115 ms
[INFO   ] DREAMPlace - optimizer step 19.311 ms
[INFO   ] DREAMPlace - iteration  294, (  54,  1,  0), Obj 1.070644E+05, NetCrossing 4.646E+01, NetCrossingWeight 1.000000E+01, DensityWeight 4.742006E+02, HPWL 1.637509E+03, Overflow 4.416689E-03, MaxDensity 9.721E-01, MacroOverlap 2.808E-06, MacroOverlapWeight 8.000000E-06, gamma 6.225301E-02, time 3.368ms
[INFO   ] DREAMPlace - full step 23.636 ms
[DEBUG  ] dreamplace.ops.logsumexp_wirelength.logsumexp_wirelength - wirelength forward 0.146 ms
[DEBUG  ] dreamplace.ops.electric_potential.electric_potential - density forward 1.396 ms
[DEBUG  ] dreamplace.ops.electric_potential.electric_potential - density backward 0.390 ms
[DEBUG  ] dreamplace.ops.logsumexp_wirelength.logsumexp_wirelength - wirelength backward 0.118 ms
[INFO   ] DREAMPlace - optimizer step 9.732 ms
[INFO   ] DREAMPlace - iteration  295, (  54,  1,  1), Obj 1.186798E+05, NetCrossing 4.755E+01, NetCrossingWeight 1.000000E+01, DensityWeight 4.742006E+02, HPWL 1.637712E+03, Overflow 4.405603E-03, MaxDensity 9.655E-01, MacroOverlap 2.805E-06, MacroOverlapWeight 8.000000E-06, gamma 6.225301E-02, time 2.942ms
[INFO   ] DREAMPlace - full step 13.770 ms
[INFO   ] DREAMPlace - Lsub stopping criteria: 1 and 118680 > 107064 * 0.999
[INFO   ] DREAMPlace - Llambda stopping criteria: 1 and (( 0.0044056 < 0.1 and 1637.71 > 1637.29 ) or 0.965512 < 1.0)
[DEBUG  ] dreamplace.ops.logsumexp_wirelength.logsumexp_wirelength - wirelength forward 0.203 ms
[DEBUG  ] dreamplace.ops.electric_potential.electric_potential - density forward 0.967 ms
[DEBUG  ] dreamplace.ops.electric_potential.electric_potential - density backward 0.380 ms
[DEBUG  ] dreamplace.ops.logsumexp_wirelength.logsumexp_wirelength - wirelength backward 0.117 ms
[INFO   ] DREAMPlace - optimizer step 8.861 ms
[INFO   ] DREAMPlace - iteration  296, (  55,  0,  0), Obj 1.193911E+05, NetCrossing 4.660E+01, NetCrossingWeight 1.000000E+01, DensityWeight 5.285978E+02, HPWL 1.637934E+03, Overflow 4.393410E-03, MaxDensity 9.594E-01, MacroOverlap 2.797E-06, MacroOverlapWeight 8.000000E-06, gamma 6.223796E-02, time 3.698ms
[INFO   ] DREAMPlace - full step 13.561 ms
[DEBUG  ] dreamplace.ops.logsumexp_wirelength.logsumexp_wirelength - wirelength forward 0.200 ms
[DEBUG  ] dreamplace.ops.electric_potential.electric_potential - density forward 1.368 ms
[DEBUG  ] dreamplace.ops.electric_potential.electric_potential - density backward 0.350 ms
[DEBUG  ] dreamplace.ops.logsumexp_wirelength.logsumexp_wirelength - wirelength backward 0.099 ms
[INFO   ] DREAMPlace - optimizer step 8.969 ms
[INFO   ] DREAMPlace - iteration  297, (  55,  0,  1), Obj 1.321526E+05, NetCrossing 4.617E+01, NetCrossingWeight 1.000000E+01, DensityWeight 5.285978E+02, HPWL 1.638142E+03, Overflow 4.382572E-03, MaxDensity 9.554E-01, MacroOverlap 2.791E-06, MacroOverlapWeight 8.000000E-06, gamma 6.223796E-02, time 3.292ms
[INFO   ] DREAMPlace - full step 13.207 ms
[INFO   ] DREAMPlace - Lsub stopping criteria: 1 and 132153 > 119391 * 0.999
[DEBUG  ] dreamplace.ops.logsumexp_wirelength.logsumexp_wirelength - wirelength forward 0.140 ms
[DEBUG  ] dreamplace.ops.electric_potential.electric_potential - density forward 1.186 ms
[DEBUG  ] dreamplace.ops.electric_potential.electric_potential - density backward 0.406 ms
[DEBUG  ] dreamplace.ops.logsumexp_wirelength.logsumexp_wirelength - wirelength backward 0.135 ms
[INFO   ] DREAMPlace - optimizer step 11.145 ms
[INFO   ] DREAMPlace - iteration  298, (  55,  1,  0), Obj 1.321375E+05, NetCrossing 4.707E+01, NetCrossingWeight 1.000000E+01, DensityWeight 5.892352E+02, HPWL 1.638378E+03, Overflow 4.370998E-03, MaxDensity 9.555E-01, MacroOverlap 2.778E-06, MacroOverlapWeight 8.000000E-06, gamma 6.223796E-02, time 2.792ms
[INFO   ] DREAMPlace - full step 14.950 ms
[DEBUG  ] dreamplace.ops.logsumexp_wirelength.logsumexp_wirelength - wirelength forward 0.209 ms
[DEBUG  ] dreamplace.ops.electric_potential.electric_potential - density forward 1.257 ms
[DEBUG  ] dreamplace.ops.electric_potential.electric_potential - density backward 0.389 ms
[DEBUG  ] dreamplace.ops.logsumexp_wirelength.logsumexp_wirelength - wirelength backward 0.124 ms
[INFO   ] DREAMPlace - optimizer step 10.842 ms
[INFO   ] DREAMPlace - iteration  299, (  55,  1,  1), Obj 1.453924E+05, NetCrossing 4.639E+01, NetCrossingWeight 1.000000E+01, DensityWeight 5.892352E+02, HPWL 1.638607E+03, Overflow 4.362328E-03, MaxDensity 9.553E-01, MacroOverlap 2.770E-06, MacroOverlapWeight 8.000000E-06, gamma 6.223796E-02, time 3.656ms
[INFO   ] DREAMPlace - full step 15.533 ms
[INFO   ] DREAMPlace - Lsub stopping criteria: 1 and 145392 > 132138 * 0.999
[INFO   ] DREAMPlace - Llambda stopping criteria: 1 and (( 0.00436233 < 0.1 and 1638.61 > 1638.14 ) or 0.955323 < 1.0)
[INFO   ] DREAMPlace - plotting to ./results/tuner-small/small-1/PB310_A00/run-30_0_0/PB310_A00/plot/iter0300.png takes 0.091 seconds
[DEBUG  ] dreamplace.ops.logsumexp_wirelength.logsumexp_wirelength - wirelength forward 0.192 ms
[DEBUG  ] dreamplace.ops.electric_potential.electric_potential - density forward 1.189 ms
[DEBUG  ] dreamplace.ops.electric_potential.electric_potential - density backward 0.411 ms
[DEBUG  ] dreamplace.ops.logsumexp_wirelength.logsumexp_wirelength - wirelength backward 0.130 ms
[INFO   ] DREAMPlace - optimizer step 12.243 ms
[INFO   ] DREAMPlace - iteration  300, (  56,  0,  0), Obj 1.460956E+05, NetCrossing 4.753E+01, NetCrossingWeight 1.000000E+01, DensityWeight 6.568284E+02, HPWL 1.638862E+03, Overflow 4.353934E-03, MaxDensity 9.549E-01, MacroOverlap 2.758E-06, MacroOverlapWeight 8.000000E-06, gamma 6.222417E-02, time 3.809ms
[INFO   ] DREAMPlace - full step 109.365 ms
[DEBUG  ] dreamplace.ops.logsumexp_wirelength.logsumexp_wirelength - wirelength forward 0.186 ms
[DEBUG  ] dreamplace.ops.electric_potential.electric_potential - density forward 1.340 ms
[DEBUG  ] dreamplace.ops.electric_potential.electric_potential - density backward 0.398 ms
[DEBUG  ] dreamplace.ops.logsumexp_wirelength.logsumexp_wirelength - wirelength backward 0.124 ms
[INFO   ] DREAMPlace - optimizer step 11.048 ms
[INFO   ] DREAMPlace - iteration  301, (  56,  0,  1), Obj 1.617659E+05, NetCrossing 4.643E+01, NetCrossingWeight 1.000000E+01, DensityWeight 6.568284E+02, HPWL 1.639122E+03, Overflow 4.348953E-03, MaxDensity 9.568E-01, MacroOverlap 2.752E-06, MacroOverlapWeight 8.000000E-06, gamma 6.222417E-02, time 3.404ms
[INFO   ] DREAMPlace - full step 15.488 ms
[INFO   ] DREAMPlace - Lsub stopping criteria: 1 and 161766 > 146096 * 0.999
[DEBUG  ] dreamplace.ops.logsumexp_wirelength.logsumexp_wirelength - wirelength forward 0.185 ms
[DEBUG  ] dreamplace.ops.electric_potential.electric_potential - density forward 1.272 ms
[DEBUG  ] dreamplace.ops.electric_potential.electric_potential - density backward 0.413 ms
[DEBUG  ] dreamplace.ops.logsumexp_wirelength.logsumexp_wirelength - wirelength backward 0.132 ms
[INFO   ] DREAMPlace - optimizer step 10.889 ms
[INFO   ] DREAMPlace - iteration  302, (  56,  1,  0), Obj 1.623738E+05, NetCrossing 4.566E+01, NetCrossingWeight 1.000000E+01, DensityWeight 7.321755E+02, HPWL 1.639396E+03, Overflow 4.344789E-03, MaxDensity 9.610E-01, MacroOverlap 2.741E-06, MacroOverlapWeight 8.000000E-06, gamma 6.222417E-02, time 3.468ms
[INFO   ] DREAMPlace - full step 15.400 ms
[DEBUG  ] dreamplace.ops.logsumexp_wirelength.logsumexp_wirelength - wirelength forward 0.185 ms
[DEBUG  ] dreamplace.ops.electric_potential.electric_potential - density forward 1.335 ms
[DEBUG  ] dreamplace.ops.electric_potential.electric_potential - density backward 0.406 ms
[DEBUG  ] dreamplace.ops.logsumexp_wirelength.logsumexp_wirelength - wirelength backward 0.129 ms
[INFO   ] DREAMPlace - optimizer step 14.380 ms
[INFO   ] DREAMPlace - iteration  303, (  56,  1,  1), Obj 1.795935E+05, NetCrossing 4.756E+01, NetCrossingWeight 1.000000E+01, DensityWeight 7.321755E+02, HPWL 1.639687E+03, Overflow 4.344002E-03, MaxDensity 9.648E-01, MacroOverlap 2.734E-06, MacroOverlapWeight 8.000000E-06, gamma 6.222417E-02, time 3.435ms
[INFO   ] DREAMPlace - full step 18.950 ms
[INFO   ] DREAMPlace - Lsub stopping criteria: 1 and 179594 > 162374 * 0.999
[INFO   ] DREAMPlace - Llambda stopping criteria: 1 and (( 0.004344 < 0.1 and 1639.69 > 1639.12 ) or 0.964833 < 1.0)
[DEBUG  ] dreamplace.ops.logsumexp_wirelength.logsumexp_wirelength - wirelength forward 0.178 ms
[DEBUG  ] dreamplace.ops.electric_potential.electric_potential - density forward 1.250 ms
[DEBUG  ] dreamplace.ops.electric_potential.electric_potential - density backward 0.401 ms
[DEBUG  ] dreamplace.ops.logsumexp_wirelength.logsumexp_wirelength - wirelength backward 0.123 ms
[INFO   ] DREAMPlace - optimizer step 10.436 ms
[INFO   ] DREAMPlace - iteration  304, (  57,  0,  0), Obj 1.788362E+05, NetCrossing 4.690E+01, NetCrossingWeight 1.000000E+01, DensityWeight 8.161660E+02, HPWL 1.639996E+03, Overflow 4.344068E-03, MaxDensity 9.685E-01, MacroOverlap 2.724E-06, MacroOverlapWeight 8.000000E-06, gamma 6.221834E-02, time 3.399ms
[INFO   ] DREAMPlace - full step 14.863 ms
[DEBUG  ] dreamplace.ops.logsumexp_wirelength.logsumexp_wirelength - wirelength forward 0.187 ms
[DEBUG  ] dreamplace.ops.electric_potential.electric_potential - density forward 1.309 ms
[DEBUG  ] dreamplace.ops.electric_potential.electric_potential - density backward 0.403 ms
[DEBUG  ] dreamplace.ops.logsumexp_wirelength.logsumexp_wirelength - wirelength backward 0.141 ms
[INFO   ] DREAMPlace - optimizer step 10.468 ms
[INFO   ] DREAMPlace - iteration  305, (  57,  0,  1), Obj 1.991687E+05, NetCrossing 4.688E+01, NetCrossingWeight 1.000000E+01, DensityWeight 8.161660E+02, HPWL 1.640320E+03, Overflow 4.348393E-03, MaxDensity 9.718E-01, MacroOverlap 2.717E-06, MacroOverlapWeight 8.000000E-06, gamma 6.221834E-02, time 3.467ms
[INFO   ] DREAMPlace - full step 14.981 ms
[INFO   ] DREAMPlace - Lsub stopping criteria: 1 and 199169 > 178836 * 0.999
[DEBUG  ] dreamplace.ops.logsumexp_wirelength.logsumexp_wirelength - wirelength forward 0.190 ms
[DEBUG  ] dreamplace.ops.electric_potential.electric_potential - density forward 1.307 ms
[DEBUG  ] dreamplace.ops.electric_potential.electric_potential - density backward 0.411 ms
[DEBUG  ] dreamplace.ops.logsumexp_wirelength.logsumexp_wirelength - wirelength backward 0.128 ms
[INFO   ] DREAMPlace - optimizer step 10.337 ms
[INFO   ] DREAMPlace - iteration  306, (  57,  1,  0), Obj 1.987430E+05, NetCrossing 4.706E+01, NetCrossingWeight 1.000000E+01, DensityWeight 9.097913E+02, HPWL 1.640661E+03, Overflow 4.354364E-03, MaxDensity 9.749E-01, MacroOverlap 2.708E-06, MacroOverlapWeight 8.000000E-06, gamma 6.221834E-02, time 3.449ms
[INFO   ] DREAMPlace - full step 14.812 ms
[DEBUG  ] dreamplace.ops.logsumexp_wirelength.logsumexp_wirelength - wirelength forward 0.181 ms
[DEBUG  ] dreamplace.ops.electric_potential.electric_potential - density forward 1.225 ms
[DEBUG  ] dreamplace.ops.electric_potential.electric_potential - density backward 0.399 ms
[DEBUG  ] dreamplace.ops.logsumexp_wirelength.logsumexp_wirelength - wirelength backward 0.128 ms
[INFO   ] DREAMPlace - optimizer step 10.307 ms
[INFO   ] DREAMPlace - iteration  307, (  57,  1,  1), Obj 2.202755E+05, NetCrossing 4.754E+01, NetCrossingWeight 1.000000E+01, DensityWeight 9.097913E+02, HPWL 1.640997E+03, Overflow 4.364151E-03, MaxDensity 9.777E-01, MacroOverlap 2.699E-06, MacroOverlapWeight 8.000000E-06, gamma 6.221834E-02, time 3.409ms
[INFO   ] DREAMPlace - full step 14.796 ms
[INFO   ] DREAMPlace - Lsub stopping criteria: 1 and 220276 > 198743 * 0.999
[INFO   ] DREAMPlace - Llambda stopping criteria: 1 and (( 0.00436415 < 0.1 and 1641 > 1640.32 ) or 0.977745 < 1.0)
[DEBUG  ] dreamplace.ops.logsumexp_wirelength.logsumexp_wirelength - wirelength forward 0.194 ms
[DEBUG  ] dreamplace.ops.electric_potential.electric_potential - density forward 1.281 ms
[DEBUG  ] dreamplace.ops.electric_potential.electric_potential - density backward 0.405 ms
[DEBUG  ] dreamplace.ops.logsumexp_wirelength.logsumexp_wirelength - wirelength backward 0.132 ms
[INFO   ] DREAMPlace - optimizer step 10.440 ms
[INFO   ] DREAMPlace - iteration  308, (  58,  0,  0), Obj 2.202909E+05, NetCrossing 4.709E+01, NetCrossingWeight 1.000000E+01, DensityWeight 1.014157E+03, HPWL 1.641340E+03, Overflow 4.374815E-03, MaxDensity 9.773E-01, MacroOverlap 2.686E-06, MacroOverlapWeight 8.000000E-06, gamma 6.222475E-02, time 3.506ms
[INFO   ] DREAMPlace - full step 15.013 ms
[DEBUG  ] dreamplace.ops.logsumexp_wirelength.logsumexp_wirelength - wirelength forward 0.198 ms
[DEBUG  ] dreamplace.ops.electric_potential.electric_potential - density forward 1.302 ms
[DEBUG  ] dreamplace.ops.electric_potential.electric_potential - density backward 0.399 ms
[DEBUG  ] dreamplace.ops.logsumexp_wirelength.logsumexp_wirelength - wirelength backward 0.126 ms
[INFO   ] DREAMPlace - optimizer step 10.209 ms
[INFO   ] DREAMPlace - iteration  309, (  58,  0,  1), Obj 2.453816E+05, NetCrossing 4.755E+01, NetCrossingWeight 1.000000E+01, DensityWeight 1.014157E+03, HPWL 1.641683E+03, Overflow 4.386737E-03, MaxDensity 9.795E-01, MacroOverlap 2.676E-06, MacroOverlapWeight 8.000000E-06, gamma 6.222475E-02, time 3.571ms
[INFO   ] DREAMPlace - full step 14.835 ms
[INFO   ] DREAMPlace - Lsub stopping criteria: 1 and 245382 > 220291 * 0.999
[DEBUG  ] dreamplace.ops.logsumexp_wirelength.logsumexp_wirelength - wirelength forward 0.207 ms
[DEBUG  ] dreamplace.ops.electric_potential.electric_potential - density forward 1.186 ms
[DEBUG  ] dreamplace.ops.electric_potential.electric_potential - density backward 0.395 ms
[DEBUG  ] dreamplace.ops.logsumexp_wirelength.logsumexp_wirelength - wirelength backward 0.144 ms
[INFO   ] DREAMPlace - optimizer step 9.977 ms
[INFO   ] DREAMPlace - iteration  310, (  58,  1,  0), Obj 2.447582E+05, NetCrossing 4.708E+01, NetCrossingWeight 1.000000E+01, DensityWeight 1.130494E+03, HPWL 1.642039E+03, Overflow 4.398677E-03, MaxDensity 9.857E-01, MacroOverlap 2.664E-06, MacroOverlapWeight 8.000000E-06, gamma 6.222475E-02, time 3.400ms
[INFO   ] DREAMPlace - full step 14.409 ms
[DEBUG  ] dreamplace.ops.logsumexp_wirelength.logsumexp_wirelength - wirelength forward 0.174 ms
[DEBUG  ] dreamplace.ops.electric_potential.electric_potential - density forward 1.217 ms
[DEBUG  ] dreamplace.ops.electric_potential.electric_potential - density backward 0.348 ms
[DEBUG  ] dreamplace.ops.logsumexp_wirelength.logsumexp_wirelength - wirelength backward 0.099 ms
[INFO   ] DREAMPlace - optimizer step 9.079 ms
[INFO   ] DREAMPlace - iteration  311, (  58,  1,  1), Obj 2.722604E+05, NetCrossing 4.798E+01, NetCrossingWeight 1.000000E+01, DensityWeight 1.130494E+03, HPWL 1.642424E+03, Overflow 4.413057E-03, MaxDensity 9.918E-01, MacroOverlap 2.655E-06, MacroOverlapWeight 8.000000E-06, gamma 6.222475E-02, time 3.367ms
[INFO   ] DREAMPlace - full step 13.496 ms
[INFO   ] DREAMPlace - Lsub stopping criteria: 1 and 272260 > 244758 * 0.999
[INFO   ] DREAMPlace - Llambda stopping criteria: 1 and (( 0.00441306 < 0.1 and 1642.42 > 1641.68 ) or 0.991781 < 1.0)
[DEBUG  ] dreamplace.ops.logsumexp_wirelength.logsumexp_wirelength - wirelength forward 0.179 ms
[DEBUG  ] dreamplace.ops.electric_potential.electric_potential - density forward 1.223 ms
[DEBUG  ] dreamplace.ops.electric_potential.electric_potential - density backward 0.388 ms
[DEBUG  ] dreamplace.ops.logsumexp_wirelength.logsumexp_wirelength - wirelength backward 0.124 ms
[INFO   ] DREAMPlace - optimizer step 9.856 ms
[INFO   ] DREAMPlace - iteration  312, (  59,  0,  0), Obj 2.728847E+05, NetCrossing 4.756E+01, NetCrossingWeight 1.000000E+01, DensityWeight 1.260177E+03, HPWL 1.642799E+03, Overflow 4.427458E-03, MaxDensity 9.981E-01, MacroOverlap 2.646E-06, MacroOverlapWeight 8.000000E-06, gamma 6.224033E-02, time 3.354ms
[INFO   ] DREAMPlace - full step 14.236 ms
[DEBUG  ] dreamplace.ops.logsumexp_wirelength.logsumexp_wirelength - wirelength forward 0.181 ms
[DEBUG  ] dreamplace.ops.electric_potential.electric_potential - density forward 1.215 ms
[DEBUG  ] dreamplace.ops.electric_potential.electric_potential - density backward 0.377 ms
[DEBUG  ] dreamplace.ops.logsumexp_wirelength.logsumexp_wirelength - wirelength backward 0.120 ms
[INFO   ] DREAMPlace - optimizer step 9.623 ms
[INFO   ] DREAMPlace - iteration  313, (  59,  0,  1), Obj 3.017148E+05, NetCrossing 4.664E+01, NetCrossingWeight 1.000000E+01, DensityWeight 1.260177E+03, HPWL 1.643162E+03, Overflow 4.442581E-03, MaxDensity 1.004E+00, MacroOverlap 2.638E-06, MacroOverlapWeight 8.000000E-06, gamma 6.224033E-02, time 3.397ms
[INFO   ] DREAMPlace - full step 14.031 ms
[INFO   ] DREAMPlace - Lsub stopping criteria: 1 and 301715 > 272885 * 0.999
[DEBUG  ] dreamplace.ops.logsumexp_wirelength.logsumexp_wirelength - wirelength forward 0.167 ms
[DEBUG  ] dreamplace.ops.electric_potential.electric_potential - density forward 1.211 ms
[DEBUG  ] dreamplace.ops.electric_potential.electric_potential - density backward 0.432 ms
[DEBUG  ] dreamplace.ops.logsumexp_wirelength.logsumexp_wirelength - wirelength backward 0.145 ms
[INFO   ] DREAMPlace - optimizer step 10.548 ms
[INFO   ] DREAMPlace - iteration  314, (  59,  1,  0), Obj 3.027734E+05, NetCrossing 4.731E+01, NetCrossingWeight 1.000000E+01, DensityWeight 1.404736E+03, HPWL 1.643503E+03, Overflow 4.457950E-03, MaxDensity 1.011E+00, MacroOverlap 2.632E-06, MacroOverlapWeight 8.000000E-06, gamma 6.224033E-02, time 3.327ms
[INFO   ] DREAMPlace - full step 14.849 ms
[DEBUG  ] dreamplace.ops.logsumexp_wirelength.logsumexp_wirelength - wirelength forward 0.169 ms
[DEBUG  ] dreamplace.ops.electric_potential.electric_potential - density forward 1.246 ms
[DEBUG  ] dreamplace.ops.electric_potential.electric_potential - density backward 0.400 ms
[DEBUG  ] dreamplace.ops.logsumexp_wirelength.logsumexp_wirelength - wirelength backward 0.136 ms
[INFO   ] DREAMPlace - optimizer step 9.853 ms
[INFO   ] DREAMPlace - iteration  315, (  59,  1,  1), Obj 3.365136E+05, NetCrossing 4.735E+01, NetCrossingWeight 1.000000E+01, DensityWeight 1.404736E+03, HPWL 1.643839E+03, Overflow 4.473951E-03, MaxDensity 1.018E+00, MacroOverlap 2.628E-06, MacroOverlapWeight 8.000000E-06, gamma 6.224033E-02, time 3.338ms
[INFO   ] DREAMPlace - full step 14.055 ms
[INFO   ] DREAMPlace - Lsub stopping criteria: 1 and 336514 > 302773 * 0.999
[INFO   ] DREAMPlace - Llambda stopping criteria: 1 and (( 0.00447395 < 0.1 and 1643.84 > 1643.16 ) or 1.01814 < 1.0)
[DEBUG  ] dreamplace.ops.logsumexp_wirelength.logsumexp_wirelength - wirelength forward 0.132 ms
[DEBUG  ] dreamplace.ops.electric_potential.electric_potential - density forward 0.967 ms
[DEBUG  ] dreamplace.ops.electric_potential.electric_potential - density backward 0.334 ms
[DEBUG  ] dreamplace.ops.logsumexp_wirelength.logsumexp_wirelength - wirelength backward 0.097 ms
[INFO   ] DREAMPlace - optimizer step 7.751 ms
[INFO   ] DREAMPlace - iteration  316, (  60,  0,  0), Obj 3.372380E+05, NetCrossing 4.782E+01, NetCrossingWeight 1.000000E+01, DensityWeight 1.565879E+03, HPWL 1.644157E+03, Overflow 4.485750E-03, MaxDensity 1.019E+00, MacroOverlap 2.626E-06, MacroOverlapWeight 8.000000E-06, gamma 6.225973E-02, time 2.812ms
[INFO   ] DREAMPlace - full step 11.393 ms
[DEBUG  ] dreamplace.ops.logsumexp_wirelength.logsumexp_wirelength - wirelength forward 0.129 ms
[DEBUG  ] dreamplace.ops.electric_potential.electric_potential - density forward 0.951 ms
[DEBUG  ] dreamplace.ops.electric_potential.electric_potential - density backward 0.336 ms
[DEBUG  ] dreamplace.ops.logsumexp_wirelength.logsumexp_wirelength - wirelength backward 0.101 ms
[INFO   ] DREAMPlace - optimizer step 7.679 ms
[INFO   ] DREAMPlace - iteration  317, (  60,  0,  1), Obj 3.737240E+05, NetCrossing 4.782E+01, NetCrossingWeight 1.000000E+01, DensityWeight 1.565879E+03, HPWL 1.644460E+03, Overflow 4.495882E-03, MaxDensity 1.008E+00, MacroOverlap 2.627E-06, MacroOverlapWeight 8.000000E-06, gamma 6.225973E-02, time 2.748ms
[INFO   ] DREAMPlace - full step 11.225 ms
[INFO   ] DREAMPlace - Lsub stopping criteria: 1 and 373724 > 337238 * 0.999
[DEBUG  ] dreamplace.ops.logsumexp_wirelength.logsumexp_wirelength - wirelength forward 0.145 ms
[DEBUG  ] dreamplace.ops.electric_potential.electric_potential - density forward 0.954 ms
[DEBUG  ] dreamplace.ops.electric_potential.electric_potential - density backward 0.335 ms
[DEBUG  ] dreamplace.ops.logsumexp_wirelength.logsumexp_wirelength - wirelength backward 0.099 ms
[INFO   ] DREAMPlace - optimizer step 7.805 ms
[INFO   ] DREAMPlace - iteration  318, (  60,  1,  0), Obj 3.749839E+05, NetCrossing 4.783E+01, NetCrossingWeight 1.000000E+01, DensityWeight 1.745506E+03, HPWL 1.644749E+03, Overflow 4.503757E-03, MaxDensity 9.966E-01, MacroOverlap 2.629E-06, MacroOverlapWeight 8.000000E-06, gamma 6.225973E-02, time 2.774ms
[INFO   ] DREAMPlace - full step 11.382 ms
[DEBUG  ] dreamplace.ops.logsumexp_wirelength.logsumexp_wirelength - wirelength forward 0.137 ms
[DEBUG  ] dreamplace.ops.electric_potential.electric_potential - density forward 0.982 ms
[DEBUG  ] dreamplace.ops.electric_potential.electric_potential - density backward 0.336 ms
[DEBUG  ] dreamplace.ops.logsumexp_wirelength.logsumexp_wirelength - wirelength backward 0.100 ms
[INFO   ] DREAMPlace - optimizer step 7.916 ms
[INFO   ] DREAMPlace - iteration  319, (  60,  1,  1), Obj 4.152916E+05, NetCrossing 4.784E+01, NetCrossingWeight 1.000000E+01, DensityWeight 1.745506E+03, HPWL 1.645033E+03, Overflow 4.511256E-03, MaxDensity 1.002E+00, MacroOverlap 2.632E-06, MacroOverlapWeight 8.000000E-06, gamma 6.225973E-02, time 2.892ms
[INFO   ] DREAMPlace - full step 11.636 ms
[INFO   ] DREAMPlace - Lsub stopping criteria: 1 and 415292 > 374984 * 0.999
[INFO   ] DREAMPlace - Llambda stopping criteria: 1 and (( 0.00451126 < 0.1 and 1645.03 > 1644.46 ) or 1.00225 < 1.0)
[DEBUG  ] dreamplace.ops.logsumexp_wirelength.logsumexp_wirelength - wirelength forward 0.132 ms
[DEBUG  ] dreamplace.ops.electric_potential.electric_potential - density forward 0.955 ms
[DEBUG  ] dreamplace.ops.electric_potential.electric_potential - density backward 0.331 ms
[DEBUG  ] dreamplace.ops.logsumexp_wirelength.logsumexp_wirelength - wirelength backward 0.100 ms
[INFO   ] DREAMPlace - optimizer step 7.683 ms
[INFO   ] DREAMPlace - iteration  320, (  61,  0,  0), Obj 4.166377E+05, NetCrossing 4.736E+01, NetCrossingWeight 1.000000E+01, DensityWeight 1.945739E+03, HPWL 1.645296E+03, Overflow 4.516934E-03, MaxDensity 1.010E+00, MacroOverlap 2.637E-06, MacroOverlapWeight 8.000000E-06, gamma 6.227162E-02, time 2.823ms
[INFO   ] DREAMPlace - full step 11.316 ms
[DEBUG  ] dreamplace.ops.logsumexp_wirelength.logsumexp_wirelength - wirelength forward 0.145 ms
[DEBUG  ] dreamplace.ops.electric_potential.electric_potential - density forward 0.976 ms
[DEBUG  ] dreamplace.ops.electric_potential.electric_potential - density backward 0.373 ms
[DEBUG  ] dreamplace.ops.logsumexp_wirelength.logsumexp_wirelength - wirelength backward 0.119 ms
[INFO   ] DREAMPlace - optimizer step 8.474 ms
[INFO   ] DREAMPlace - iteration  321, (  61,  0,  1), Obj 4.629596E+05, NetCrossing 4.733E+01, NetCrossingWeight 1.000000E+01, DensityWeight 1.945739E+03, HPWL 1.645564E+03, Overflow 4.521708E-03, MaxDensity 1.016E+00, MacroOverlap 2.646E-06, MacroOverlapWeight 8.000000E-06, gamma 6.227162E-02, time 2.832ms
[INFO   ] DREAMPlace - full step 12.125 ms
[INFO   ] DREAMPlace - Lsub stopping criteria: 1 and 462960 > 416638 * 0.999
[DEBUG  ] dreamplace.ops.logsumexp_wirelength.logsumexp_wirelength - wirelength forward 0.131 ms
[DEBUG  ] dreamplace.ops.electric_potential.electric_potential - density forward 0.934 ms
[DEBUG  ] dreamplace.ops.electric_potential.electric_potential - density backward 0.473 ms
[DEBUG  ] dreamplace.ops.logsumexp_wirelength.logsumexp_wirelength - wirelength backward 0.171 ms
[INFO   ] DREAMPlace - optimizer step 9.701 ms
[INFO   ] DREAMPlace - iteration  322, (  61,  1,  0), Obj 4.630006E+05, NetCrossing 4.734E+01, NetCrossingWeight 1.000000E+01, DensityWeight 2.168942E+03, HPWL 1.645815E+03, Overflow 4.523477E-03, MaxDensity 1.019E+00, MacroOverlap 2.656E-06, MacroOverlapWeight 8.000000E-06, gamma 6.227162E-02, time 2.814ms
[INFO   ] DREAMPlace - full step 13.312 ms
[DEBUG  ] dreamplace.ops.logsumexp_wirelength.logsumexp_wirelength - wirelength forward 0.129 ms
[DEBUG  ] dreamplace.ops.electric_potential.electric_potential - density forward 0.968 ms
[DEBUG  ] dreamplace.ops.electric_potential.electric_potential - density backward 0.387 ms
[DEBUG  ] dreamplace.ops.logsumexp_wirelength.logsumexp_wirelength - wirelength backward 0.123 ms
[INFO   ] DREAMPlace - optimizer step 8.460 ms
[INFO   ] DREAMPlace - iteration  323, (  61,  1,  1), Obj 5.137214E+05, NetCrossing 4.734E+01, NetCrossingWeight 1.000000E+01, DensityWeight 2.168942E+03, HPWL 1.646058E+03, Overflow 4.523695E-03, MaxDensity 1.019E+00, MacroOverlap 2.667E-06, MacroOverlapWeight 8.000000E-06, gamma 6.227162E-02, time 2.822ms
[INFO   ] DREAMPlace - full step 12.096 ms
[INFO   ] DREAMPlace - Lsub stopping criteria: 1 and 513721 > 463001 * 0.999
[INFO   ] DREAMPlace - Llambda stopping criteria: 1 and (( 0.00452369 < 0.1 and 1646.06 > 1645.56 ) or 1.0191 < 1.0)
[DEBUG  ] dreamplace.ops.logsumexp_wirelength.logsumexp_wirelength - wirelength forward 0.127 ms
[DEBUG  ] dreamplace.ops.electric_potential.electric_potential - density forward 0.953 ms
[DEBUG  ] dreamplace.ops.electric_potential.electric_potential - density backward 0.389 ms
[DEBUG  ] dreamplace.ops.logsumexp_wirelength.logsumexp_wirelength - wirelength backward 0.126 ms
[INFO   ] DREAMPlace - optimizer step 8.460 ms
[INFO   ] DREAMPlace - iteration  324, (  62,  0,  0), Obj 5.149502E+05, NetCrossing 4.734E+01, NetCrossingWeight 1.000000E+01, DensityWeight 2.417749E+03, HPWL 1.646284E+03, Overflow 4.522146E-03, MaxDensity 1.019E+00, MacroOverlap 2.678E-06, MacroOverlapWeight 8.000000E-06, gamma 6.227558E-02, time 2.744ms
[INFO   ] DREAMPlace - full step 12.035 ms
[DEBUG  ] dreamplace.ops.logsumexp_wirelength.logsumexp_wirelength - wirelength forward 0.129 ms
[DEBUG  ] dreamplace.ops.electric_potential.electric_potential - density forward 0.941 ms
[DEBUG  ] dreamplace.ops.electric_potential.electric_potential - density backward 0.390 ms
[DEBUG  ] dreamplace.ops.logsumexp_wirelength.logsumexp_wirelength - wirelength backward 0.126 ms
[INFO   ] DREAMPlace - optimizer step 8.439 ms
[INFO   ] DREAMPlace - iteration  325, (  62,  0,  1), Obj 5.700762E+05, NetCrossing 4.668E+01, NetCrossingWeight 1.000000E+01, DensityWeight 2.417749E+03, HPWL 1.646499E+03, Overflow 4.520201E-03, MaxDensity 1.019E+00, MacroOverlap 2.688E-06, MacroOverlapWeight 8.000000E-06, gamma 6.227558E-02, time 2.729ms
[INFO   ] DREAMPlace - full step 12.013 ms
[INFO   ] DREAMPlace - Lsub stopping criteria: 1 and 570076 > 514950 * 0.999
[DEBUG  ] dreamplace.ops.logsumexp_wirelength.logsumexp_wirelength - wirelength forward 0.125 ms
[DEBUG  ] dreamplace.ops.electric_potential.electric_potential - density forward 0.936 ms
[DEBUG  ] dreamplace.ops.electric_potential.electric_potential - density backward 0.384 ms
[DEBUG  ] dreamplace.ops.logsumexp_wirelength.logsumexp_wirelength - wirelength backward 0.129 ms
[INFO   ] DREAMPlace - optimizer step 8.450 ms
[INFO   ] DREAMPlace - iteration  326, (  62,  1,  0), Obj 5.713722E+05, NetCrossing 4.809E+01, NetCrossingWeight 1.000000E+01, DensityWeight 2.695098E+03, HPWL 1.646689E+03, Overflow 4.515188E-03, MaxDensity 1.019E+00, MacroOverlap 2.695E-06, MacroOverlapWeight 8.000000E-06, gamma 6.227558E-02, time 2.726ms
[INFO   ] DREAMPlace - full step 11.958 ms
[DEBUG  ] dreamplace.ops.logsumexp_wirelength.logsumexp_wirelength - wirelength forward 0.126 ms
[DEBUG  ] dreamplace.ops.electric_potential.electric_potential - density forward 0.943 ms
[DEBUG  ] dreamplace.ops.electric_potential.electric_potential - density backward 0.384 ms
[DEBUG  ] dreamplace.ops.logsumexp_wirelength.logsumexp_wirelength - wirelength backward 0.127 ms
[INFO   ] DREAMPlace - optimizer step 8.386 ms
[INFO   ] DREAMPlace - iteration  327, (  62,  1,  1), Obj 6.339223E+05, NetCrossing 4.711E+01, NetCrossingWeight 1.000000E+01, DensityWeight 2.695098E+03, HPWL 1.646864E+03, Overflow 4.508811E-03, MaxDensity 1.019E+00, MacroOverlap 2.700E-06, MacroOverlapWeight 8.000000E-06, gamma 6.227558E-02, time 2.747ms
[INFO   ] DREAMPlace - full step 11.969 ms
[INFO   ] DREAMPlace - Lsub stopping criteria: 1 and 633922 > 571372 * 0.999
[INFO   ] DREAMPlace - Llambda stopping criteria: 1 and (( 0.00450881 < 0.1 and 1646.86 > 1646.5 ) or 1.0191 < 1.0)
[DEBUG  ] dreamplace.ops.logsumexp_wirelength.logsumexp_wirelength - wirelength forward 0.125 ms
[DEBUG  ] dreamplace.ops.electric_potential.electric_potential - density forward 0.909 ms
[DEBUG  ] dreamplace.ops.electric_potential.electric_potential - density backward 0.384 ms
[DEBUG  ] dreamplace.ops.logsumexp_wirelength.logsumexp_wirelength - wirelength backward 0.124 ms
[INFO   ] DREAMPlace - optimizer step 8.513 ms
[INFO   ] DREAMPlace - iteration  328, (  63,  0,  0), Obj 6.364814E+05, NetCrossing 4.787E+01, NetCrossingWeight 1.000000E+01, DensityWeight 3.004262E+03, HPWL 1.647015E+03, Overflow 4.501260E-03, MaxDensity 1.019E+00, MacroOverlap 2.703E-06, MacroOverlapWeight 8.000000E-06, gamma 6.227083E-02, time 2.737ms
[INFO   ] DREAMPlace - full step 12.170 ms
[DEBUG  ] dreamplace.ops.logsumexp_wirelength.logsumexp_wirelength - wirelength forward 0.177 ms
[DEBUG  ] dreamplace.ops.electric_potential.electric_potential - density forward 1.230 ms
[DEBUG  ] dreamplace.ops.electric_potential.electric_potential - density backward 0.392 ms
[DEBUG  ] dreamplace.ops.logsumexp_wirelength.logsumexp_wirelength - wirelength backward 0.127 ms
[INFO   ] DREAMPlace - optimizer step 10.090 ms
[INFO   ] DREAMPlace - iteration  329, (  63,  0,  1), Obj 7.042642E+05, NetCrossing 4.721E+01, NetCrossingWeight 1.000000E+01, DensityWeight 3.004262E+03, HPWL 1.647187E+03, Overflow 4.491615E-03, MaxDensity 1.019E+00, MacroOverlap 2.702E-06, MacroOverlapWeight 8.000000E-06, gamma 6.227083E-02, time 3.428ms
[INFO   ] DREAMPlace - full step 14.595 ms
[INFO   ] DREAMPlace - Lsub stopping criteria: 1 and 704264 > 636481 * 0.999
[DEBUG  ] dreamplace.ops.logsumexp_wirelength.logsumexp_wirelength - wirelength forward 0.185 ms
[DEBUG  ] dreamplace.ops.electric_potential.electric_potential - density forward 1.237 ms
[DEBUG  ] dreamplace.ops.electric_potential.electric_potential - density backward 0.392 ms
[DEBUG  ] dreamplace.ops.logsumexp_wirelength.logsumexp_wirelength - wirelength backward 0.129 ms
[INFO   ] DREAMPlace - optimizer step 10.482 ms
[INFO   ] DREAMPlace - iteration  330, (  63,  1,  0), Obj 7.059860E+05, NetCrossing 4.650E+01, NetCrossingWeight 1.000000E+01, DensityWeight 3.348892E+03, HPWL 1.647337E+03, Overflow 4.481288E-03, MaxDensity 1.019E+00, MacroOverlap 2.698E-06, MacroOverlapWeight 8.000000E-06, gamma 6.227083E-02, time 3.504ms
[INFO   ] DREAMPlace - full step 15.034 ms
[DEBUG  ] dreamplace.ops.logsumexp_wirelength.logsumexp_wirelength - wirelength forward 0.183 ms
[DEBUG  ] dreamplace.ops.electric_potential.electric_potential - density forward 1.259 ms
[DEBUG  ] dreamplace.ops.electric_potential.electric_potential - density backward 0.390 ms
[DEBUG  ] dreamplace.ops.logsumexp_wirelength.logsumexp_wirelength - wirelength backward 0.125 ms
[INFO   ] DREAMPlace - optimizer step 10.072 ms
[INFO   ] DREAMPlace - iteration  331, (  63,  1,  1), Obj 7.831366E+05, NetCrossing 4.734E+01, NetCrossingWeight 1.000000E+01, DensityWeight 3.348892E+03, HPWL 1.647473E+03, Overflow 4.469470E-03, MaxDensity 1.019E+00, MacroOverlap 2.691E-06, MacroOverlapWeight 8.000000E-06, gamma 6.227083E-02, time 3.502ms
[INFO   ] DREAMPlace - full step 14.618 ms
[INFO   ] DREAMPlace - Lsub stopping criteria: 1 and 783137 > 705986 * 0.999
[INFO   ] DREAMPlace - Llambda stopping criteria: 1 and (( 0.00446947 < 0.1 and 1647.47 > 1647.19 ) or 1.0191 < 1.0)
[DEBUG  ] dreamplace.ops.logsumexp_wirelength.logsumexp_wirelength - wirelength forward 0.184 ms
[DEBUG  ] dreamplace.ops.electric_potential.electric_potential - density forward 1.230 ms
[DEBUG  ] dreamplace.ops.electric_potential.electric_potential - density backward 0.386 ms
[DEBUG  ] dreamplace.ops.logsumexp_wirelength.logsumexp_wirelength - wirelength backward 0.125 ms
[INFO   ] DREAMPlace - optimizer step 9.954 ms
[INFO   ] DREAMPlace - iteration  332, (  64,  0,  0), Obj 7.864119E+05, NetCrossing 4.720E+01, NetCrossingWeight 1.000000E+01, DensityWeight 3.733055E+03, HPWL 1.647588E+03, Overflow 4.457877E-03, MaxDensity 1.019E+00, MacroOverlap 2.683E-06, MacroOverlapWeight 8.000000E-06, gamma 6.225831E-02, time 3.413ms
[INFO   ] DREAMPlace - full step 14.390 ms
[DEBUG  ] dreamplace.ops.logsumexp_wirelength.logsumexp_wirelength - wirelength forward 0.187 ms
[DEBUG  ] dreamplace.ops.electric_potential.electric_potential - density forward 0.977 ms
[DEBUG  ] dreamplace.ops.electric_potential.electric_potential - density backward 0.384 ms
[DEBUG  ] dreamplace.ops.logsumexp_wirelength.logsumexp_wirelength - wirelength backward 0.125 ms
[INFO   ] DREAMPlace - optimizer step 8.853 ms
[INFO   ] DREAMPlace - iteration  333, (  64,  0,  1), Obj 8.728871E+05, NetCrossing 4.786E+01, NetCrossingWeight 1.000000E+01, DensityWeight 3.733055E+03, HPWL 1.647690E+03, Overflow 4.445746E-03, MaxDensity 1.019E+00, MacroOverlap 2.674E-06, MacroOverlapWeight 8.000000E-06, gamma 6.225831E-02, time 3.478ms
[INFO   ] DREAMPlace - full step 13.248 ms
[INFO   ] DREAMPlace - Lsub stopping criteria: 1 and 872887 > 786412 * 0.999
[DEBUG  ] dreamplace.ops.logsumexp_wirelength.logsumexp_wirelength - wirelength forward 0.124 ms
[DEBUG  ] dreamplace.ops.electric_potential.electric_potential - density forward 0.925 ms
[DEBUG  ] dreamplace.ops.electric_potential.electric_potential - density backward 0.381 ms
[DEBUG  ] dreamplace.ops.logsumexp_wirelength.logsumexp_wirelength - wirelength backward 0.128 ms
[INFO   ] DREAMPlace - optimizer step 8.399 ms
[INFO   ] DREAMPlace - iteration  334, (  64,  1,  0), Obj 8.740919E+05, NetCrossing 4.785E+01, NetCrossingWeight 1.000000E+01, DensityWeight 4.161288E+03, HPWL 1.647769E+03, Overflow 4.433161E-03, MaxDensity 1.019E+00, MacroOverlap 2.664E-06, MacroOverlapWeight 8.000000E-06, gamma 6.225831E-02, time 2.717ms
[INFO   ] DREAMPlace - full step 11.872 ms
[DEBUG  ] dreamplace.ops.logsumexp_wirelength.logsumexp_wirelength - wirelength forward 0.123 ms
[DEBUG  ] dreamplace.ops.electric_potential.electric_potential - density forward 0.919 ms
[DEBUG  ] dreamplace.ops.electric_potential.electric_potential - density backward 0.383 ms
[DEBUG  ] dreamplace.ops.logsumexp_wirelength.logsumexp_wirelength - wirelength backward 0.143 ms
[INFO   ] DREAMPlace - optimizer step 8.257 ms
[INFO   ] DREAMPlace - iteration  335, (  64,  1,  1), Obj 9.716557E+05, NetCrossing 4.785E+01, NetCrossingWeight 1.000000E+01, DensityWeight 4.161288E+03, HPWL 1.647836E+03, Overflow 4.420042E-03, MaxDensity 1.015E+00, MacroOverlap 2.655E-06, MacroOverlapWeight 8.000000E-06, gamma 6.225831E-02, time 2.706ms
[INFO   ] DREAMPlace - full step 11.729 ms
[INFO   ] DREAMPlace - Lsub stopping criteria: 1 and 971656 > 874092 * 0.999
[INFO   ] DREAMPlace - Llambda stopping criteria: 1 and (( 0.00442004 < 0.1 and 1647.84 > 1647.69 ) or 1.01492 < 1.0)
[DEBUG  ] dreamplace.ops.logsumexp_wirelength.logsumexp_wirelength - wirelength forward 0.186 ms
[DEBUG  ] dreamplace.ops.electric_potential.electric_potential - density forward 1.232 ms
[DEBUG  ] dreamplace.ops.electric_potential.electric_potential - density backward 0.388 ms
[DEBUG  ] dreamplace.ops.logsumexp_wirelength.logsumexp_wirelength - wirelength backward 0.126 ms
[INFO   ] DREAMPlace - optimizer step 9.972 ms
[INFO   ] DREAMPlace - iteration  336, (  65,  0,  0), Obj 9.762036E+05, NetCrossing 4.696E+01, NetCrossingWeight 1.000000E+01, DensityWeight 4.638645E+03, HPWL 1.647876E+03, Overflow 4.408400E-03, MaxDensity 1.008E+00, MacroOverlap 2.646E-06, MacroOverlapWeight 8.000000E-06, gamma 6.224255E-02, time 2.923ms
[INFO   ] DREAMPlace - full step 13.827 ms
[DEBUG  ] dreamplace.ops.logsumexp_wirelength.logsumexp_wirelength - wirelength forward 0.175 ms
[DEBUG  ] dreamplace.ops.electric_potential.electric_potential - density forward 1.195 ms
[DEBUG  ] dreamplace.ops.electric_potential.electric_potential - density backward 0.380 ms
[DEBUG  ] dreamplace.ops.logsumexp_wirelength.logsumexp_wirelength - wirelength backward 0.123 ms
[INFO   ] DREAMPlace - optimizer step 9.733 ms
[INFO   ] DREAMPlace - iteration  337, (  65,  0,  1), Obj 1.082082E+06, NetCrossing 4.687E+01, NetCrossingWeight 1.000000E+01, DensityWeight 4.638645E+03, HPWL 1.647915E+03, Overflow 4.397966E-03, MaxDensity 1.001E+00, MacroOverlap 2.638E-06, MacroOverlapWeight 8.000000E-06, gamma 6.224255E-02, time 3.410ms
[INFO   ] DREAMPlace - full step 14.157 ms
[INFO   ] DREAMPlace - Lsub stopping criteria: 1 and 1.08208e+06 > 976204 * 0.999
[DEBUG  ] dreamplace.ops.logsumexp_wirelength.logsumexp_wirelength - wirelength forward 0.168 ms
[DEBUG  ] dreamplace.ops.electric_potential.electric_potential - density forward 1.177 ms
[DEBUG  ] dreamplace.ops.electric_potential.electric_potential - density backward 0.382 ms
[DEBUG  ] dreamplace.ops.logsumexp_wirelength.logsumexp_wirelength - wirelength backward 0.122 ms
[INFO   ] DREAMPlace - optimizer step 9.687 ms
[INFO   ] DREAMPlace - iteration  338, (  65,  1,  0), Obj 1.080280E+06, NetCrossing 4.734E+01, NetCrossingWeight 1.000000E+01, DensityWeight 5.170760E+03, HPWL 1.647925E+03, Overflow 4.388805E-03, MaxDensity 9.929E-01, MacroOverlap 2.631E-06, MacroOverlapWeight 8.000000E-06, gamma 6.224255E-02, time 3.348ms
[INFO   ] DREAMPlace - full step 14.028 ms
[DEBUG  ] dreamplace.ops.logsumexp_wirelength.logsumexp_wirelength - wirelength forward 0.182 ms
[DEBUG  ] dreamplace.ops.electric_potential.electric_potential - density forward 1.272 ms
[DEBUG  ] dreamplace.ops.electric_potential.electric_potential - density backward 0.383 ms
[DEBUG  ] dreamplace.ops.logsumexp_wirelength.logsumexp_wirelength - wirelength backward 0.124 ms
[INFO   ] DREAMPlace - optimizer step 10.009 ms
[INFO   ] DREAMPlace - iteration  339, (  65,  1,  1), Obj 1.204535E+06, NetCrossing 4.763E+01, NetCrossingWeight 1.000000E+01, DensityWeight 5.170760E+03, HPWL 1.647932E+03, Overflow 4.379289E-03, MaxDensity 9.846E-01, MacroOverlap 2.627E-06, MacroOverlapWeight 8.000000E-06, gamma 6.224255E-02, time 3.410ms
[INFO   ] DREAMPlace - full step 14.538 ms
[INFO   ] DREAMPlace - Lsub stopping criteria: 1 and 1.20453e+06 > 1.08028e+06 * 0.999
[INFO   ] DREAMPlace - Llambda stopping criteria: 1 and (( 0.00437929 < 0.1 and 1647.93 > 1647.91 ) or 0.984586 < 1.0)
[DEBUG  ] dreamplace.ops.logsumexp_wirelength.logsumexp_wirelength - wirelength forward 0.178 ms
[DEBUG  ] dreamplace.ops.electric_potential.electric_potential - density forward 1.208 ms
[DEBUG  ] dreamplace.ops.electric_potential.electric_potential - density backward 0.385 ms
[DEBUG  ] dreamplace.ops.logsumexp_wirelength.logsumexp_wirelength - wirelength backward 0.127 ms
[INFO   ] DREAMPlace - optimizer step 9.706 ms
[INFO   ] DREAMPlace - iteration  340, (  66,  0,  0), Obj 1.203656E+06, NetCrossing 4.738E+01, NetCrossingWeight 1.000000E+01, DensityWeight 5.763917E+03, HPWL 1.647918E+03, Overflow 4.371102E-03, MaxDensity 9.758E-01, MacroOverlap 2.623E-06, MacroOverlapWeight 8.000000E-06, gamma 6.222958E-02, time 3.409ms
[INFO   ] DREAMPlace - full step 13.989 ms
[DEBUG  ] dreamplace.ops.logsumexp_wirelength.logsumexp_wirelength - wirelength forward 0.124 ms
[DEBUG  ] dreamplace.ops.electric_potential.electric_potential - density forward 0.914 ms
[DEBUG  ] dreamplace.ops.electric_potential.electric_potential - density backward 0.346 ms
[DEBUG  ] dreamplace.ops.logsumexp_wirelength.logsumexp_wirelength - wirelength backward 0.103 ms
[INFO   ] DREAMPlace - optimizer step 7.698 ms
[INFO   ] DREAMPlace - iteration  341, (  66,  0,  1), Obj 1.339322E+06, NetCrossing 4.789E+01, NetCrossingWeight 1.000000E+01, DensityWeight 5.763917E+03, HPWL 1.647909E+03, Overflow 4.362974E-03, MaxDensity 9.668E-01, MacroOverlap 2.621E-06, MacroOverlapWeight 8.000000E-06, gamma 6.222958E-02, time 2.723ms
[INFO   ] DREAMPlace - full step 11.201 ms
[INFO   ] DREAMPlace - Lsub stopping criteria: 1 and 1.33932e+06 > 1.20366e+06 * 0.999
[DEBUG  ] dreamplace.ops.logsumexp_wirelength.logsumexp_wirelength - wirelength forward 0.124 ms
[DEBUG  ] dreamplace.ops.electric_potential.electric_potential - density forward 0.916 ms
[DEBUG  ] dreamplace.ops.electric_potential.electric_potential - density backward 0.378 ms
[DEBUG  ] dreamplace.ops.logsumexp_wirelength.logsumexp_wirelength - wirelength backward 0.120 ms
[INFO   ] DREAMPlace - optimizer step 8.537 ms
[INFO   ] DREAMPlace - iteration  342, (  66,  1,  0), Obj 1.335770E+06, NetCrossing 4.785E+01, NetCrossingWeight 1.000000E+01, DensityWeight 6.316176E+03, HPWL 1.647879E+03, Overflow 4.355949E-03, MaxDensity 9.605E-01, MacroOverlap 2.620E-06, MacroOverlapWeight 8.000000E-06, gamma 6.222958E-02, time 2.702ms
[INFO   ] DREAMPlace - full step 12.241 ms
[DEBUG  ] dreamplace.ops.logsumexp_wirelength.logsumexp_wirelength - wirelength forward 0.137 ms
[DEBUG  ] dreamplace.ops.electric_potential.electric_potential - density forward 0.957 ms
[DEBUG  ] dreamplace.ops.electric_potential.electric_potential - density backward 0.389 ms
[DEBUG  ] dreamplace.ops.logsumexp_wirelength.logsumexp_wirelength - wirelength backward 0.123 ms
[INFO   ] DREAMPlace - optimizer step 8.758 ms
[INFO   ] DREAMPlace - iteration  343, (  66,  1,  1), Obj 1.460233E+06, NetCrossing 4.707E+01, NetCrossingWeight 1.000000E+01, DensityWeight 6.316176E+03, HPWL 1.647857E+03, Overflow 4.348923E-03, MaxDensity 9.619E-01, MacroOverlap 2.620E-06, MacroOverlapWeight 8.000000E-06, gamma 6.222958E-02, time 2.726ms
[INFO   ] DREAMPlace - full step 12.487 ms
[INFO   ] DREAMPlace - Lsub stopping criteria: 1 and 1.46023e+06 > 1.33577e+06 * 0.999
[INFO   ] DREAMPlace - Llambda stopping criteria: 1 and (( 0.00434892 < 0.1 and 1647.86 > 1647.91 ) or 0.961924 < 1.0)
[DEBUG  ] dreamplace.ops.logsumexp_wirelength.logsumexp_wirelength - wirelength forward 0.131 ms
[DEBUG  ] dreamplace.ops.electric_potential.electric_potential - density forward 0.963 ms
[DEBUG  ] dreamplace.ops.electric_potential.electric_potential - density backward 0.381 ms
[DEBUG  ] dreamplace.ops.logsumexp_wirelength.logsumexp_wirelength - wirelength backward 0.119 ms
[INFO   ] DREAMPlace - optimizer step 8.370 ms
[INFO   ] DREAMPlace - iteration  344, (  67,  0,  0), Obj 1.463596E+06, NetCrossing 4.719E+01, NetCrossingWeight 1.000000E+01, DensityWeight 6.920657E+03, HPWL 1.647812E+03, Overflow 4.343024E-03, MaxDensity 9.630E-01, MacroOverlap 2.621E-06, MacroOverlapWeight 8.000000E-06, gamma 6.221992E-02, time 2.789ms
[INFO   ] DREAMPlace - full step 11.936 ms
[DEBUG  ] dreamplace.ops.logsumexp_wirelength.logsumexp_wirelength - wirelength forward 0.194 ms
[DEBUG  ] dreamplace.ops.electric_potential.electric_potential - density forward 1.236 ms
[DEBUG  ] dreamplace.ops.electric_potential.electric_potential - density backward 0.345 ms
[DEBUG  ] dreamplace.ops.logsumexp_wirelength.logsumexp_wirelength - wirelength backward 0.093 ms
[INFO   ] DREAMPlace - optimizer step 8.254 ms
[INFO   ] DREAMPlace - iteration  345, (  67,  0,  1), Obj 1.598683E+06, NetCrossing 4.720E+01, NetCrossingWeight 1.000000E+01, DensityWeight 6.920657E+03, HPWL 1.647776E+03, Overflow 4.336860E-03, MaxDensity 9.638E-01, MacroOverlap 2.622E-06, MacroOverlapWeight 8.000000E-06, gamma 6.221992E-02, time 2.782ms
[INFO   ] DREAMPlace - full step 11.826 ms
[INFO   ] DREAMPlace - Lsub stopping criteria: 1 and 1.59868e+06 > 1.4636e+06 * 0.999
[DEBUG  ] dreamplace.ops.logsumexp_wirelength.logsumexp_wirelength - wirelength forward 0.124 ms
[DEBUG  ] dreamplace.ops.electric_potential.electric_potential - density forward 1.366 ms
[DEBUG  ] dreamplace.ops.electric_potential.electric_potential - density backward 0.349 ms
[DEBUG  ] dreamplace.ops.logsumexp_wirelength.logsumexp_wirelength - wirelength backward 0.103 ms
[INFO   ] DREAMPlace - optimizer step 8.843 ms
[INFO   ] DREAMPlace - iteration  346, (  67,  1,  0), Obj 1.596787E+06, NetCrossing 4.737E+01, NetCrossingWeight 1.000000E+01, DensityWeight 7.582231E+03, HPWL 1.647743E+03, Overflow 4.331854E-03, MaxDensity 9.645E-01, MacroOverlap 2.625E-06, MacroOverlapWeight 8.000000E-06, gamma 6.221992E-02, time 2.705ms
[INFO   ] DREAMPlace - full step 12.316 ms
[DEBUG  ] dreamplace.ops.logsumexp_wirelength.logsumexp_wirelength - wirelength forward 0.130 ms
[DEBUG  ] dreamplace.ops.electric_potential.electric_potential - density forward 1.380 ms
[DEBUG  ] dreamplace.ops.electric_potential.electric_potential - density backward 0.335 ms
[DEBUG  ] dreamplace.ops.logsumexp_wirelength.logsumexp_wirelength - wirelength backward 0.095 ms
[INFO   ] DREAMPlace - optimizer step 8.964 ms
[INFO   ] DREAMPlace - iteration  347, (  67,  1,  1), Obj 1.750776E+06, NetCrossing 4.649E+01, NetCrossingWeight 1.000000E+01, DensityWeight 7.582231E+03, HPWL 1.647737E+03, Overflow 4.326784E-03, MaxDensity 9.650E-01, MacroOverlap 2.628E-06, MacroOverlapWeight 8.000000E-06, gamma 6.221992E-02, time 2.724ms
[INFO   ] DREAMPlace - full step 12.491 ms
[INFO   ] DREAMPlace - Lsub stopping criteria: 1 and 1.75078e+06 > 1.59679e+06 * 0.999
[INFO   ] DREAMPlace - Llambda stopping criteria: 1 and (( 0.00432678 < 0.1 and 1647.74 > 1647.78 ) or 0.965032 < 1.0)
[DEBUG  ] dreamplace.ops.logsumexp_wirelength.logsumexp_wirelength - wirelength forward 0.172 ms
[DEBUG  ] dreamplace.ops.electric_potential.electric_potential - density forward 1.238 ms
[DEBUG  ] dreamplace.ops.electric_potential.electric_potential - density backward 0.387 ms
[DEBUG  ] dreamplace.ops.logsumexp_wirelength.logsumexp_wirelength - wirelength backward 0.127 ms
[INFO   ] DREAMPlace - optimizer step 9.889 ms
[INFO   ] DREAMPlace - iteration  348, (  68,  0,  0), Obj 1.746300E+06, NetCrossing 4.769E+01, NetCrossingWeight 1.000000E+01, DensityWeight 8.306217E+03, HPWL 1.647722E+03, Overflow 4.323061E-03, MaxDensity 9.656E-01, MacroOverlap 2.632E-06, MacroOverlapWeight 8.000000E-06, gamma 6.221287E-02, time 3.344ms
[INFO   ] DREAMPlace - full step 14.296 ms
[DEBUG  ] dreamplace.ops.logsumexp_wirelength.logsumexp_wirelength - wirelength forward 0.177 ms
[DEBUG  ] dreamplace.ops.electric_potential.electric_potential - density forward 1.186 ms
[DEBUG  ] dreamplace.ops.electric_potential.electric_potential - density backward 0.388 ms
[DEBUG  ] dreamplace.ops.logsumexp_wirelength.logsumexp_wirelength - wirelength backward 0.126 ms
[INFO   ] DREAMPlace - optimizer step 9.696 ms
[INFO   ] DREAMPlace - iteration  349, (  68,  0,  1), Obj 1.906387E+06, NetCrossing 4.738E+01, NetCrossingWeight 1.000000E+01, DensityWeight 8.306217E+03, HPWL 1.647718E+03, Overflow 4.319556E-03, MaxDensity 9.714E-01, MacroOverlap 2.635E-06, MacroOverlapWeight 8.000000E-06, gamma 6.221287E-02, time 3.322ms
[INFO   ] DREAMPlace - full step 14.017 ms
[INFO   ] DREAMPlace - Lsub stopping criteria: 1 and 1.90639e+06 > 1.7463e+06 * 0.999
[DEBUG  ] dreamplace.ops.logsumexp_wirelength.logsumexp_wirelength - wirelength forward 0.169 ms
[DEBUG  ] dreamplace.ops.electric_potential.electric_potential - density forward 1.170 ms
[DEBUG  ] dreamplace.ops.electric_potential.electric_potential - density backward 0.384 ms
[DEBUG  ] dreamplace.ops.logsumexp_wirelength.logsumexp_wirelength - wirelength backward 0.120 ms
[INFO   ] DREAMPlace - optimizer step 9.577 ms
[INFO   ] DREAMPlace - iteration  350, (  68,  1,  0), Obj 1.913882E+06, NetCrossing 4.676E+01, NetCrossingWeight 1.000000E+01, DensityWeight 9.098422E+03, HPWL 1.647708E+03, Overflow 4.316422E-03, MaxDensity 9.782E-01, MacroOverlap 2.638E-06, MacroOverlapWeight 8.000000E-06, gamma 6.221287E-02, time 3.252ms
[INFO   ] DREAMPlace - full step 13.853 ms
[DEBUG  ] dreamplace.ops.logsumexp_wirelength.logsumexp_wirelength - wirelength forward 0.178 ms
[DEBUG  ] dreamplace.ops.electric_potential.electric_potential - density forward 1.194 ms
[DEBUG  ] dreamplace.ops.electric_potential.electric_potential - density backward 0.340 ms
[DEBUG  ] dreamplace.ops.logsumexp_wirelength.logsumexp_wirelength - wirelength backward 0.136 ms
[INFO   ] DREAMPlace - optimizer step 9.077 ms
[INFO   ] DREAMPlace - iteration  351, (  68,  1,  1), Obj 2.094284E+06, NetCrossing 4.748E+01, NetCrossingWeight 1.000000E+01, DensityWeight 9.098422E+03, HPWL 1.647707E+03, Overflow 4.313739E-03, MaxDensity 9.850E-01, MacroOverlap 2.640E-06, MacroOverlapWeight 8.000000E-06, gamma 6.221287E-02, time 3.366ms
[INFO   ] DREAMPlace - full step 13.461 ms
[INFO   ] DREAMPlace - Lsub stopping criteria: 1 and 2.09428e+06 > 1.91388e+06 * 0.999
[INFO   ] DREAMPlace - Llambda stopping criteria: 1 and (( 0.00431374 < 0.1 and 1647.71 > 1647.72 ) or 0.984962 < 1.0)
[DEBUG  ] dreamplace.ops.logsumexp_wirelength.logsumexp_wirelength - wirelength forward 0.184 ms
[DEBUG  ] dreamplace.ops.electric_potential.electric_potential - density forward 1.256 ms
[DEBUG  ] dreamplace.ops.electric_potential.electric_potential - density backward 0.379 ms
[DEBUG  ] dreamplace.ops.logsumexp_wirelength.logsumexp_wirelength - wirelength backward 0.120 ms
[INFO   ] DREAMPlace - optimizer step 9.757 ms
[INFO   ] DREAMPlace - iteration  352, (  69,  0,  0), Obj 2.086032E+06, NetCrossing 4.791E+01, NetCrossingWeight 1.000000E+01, DensityWeight 9.965187E+03, HPWL 1.647701E+03, Overflow 4.310503E-03, MaxDensity 9.927E-01, MacroOverlap 2.641E-06, MacroOverlapWeight 8.000000E-06, gamma 6.220872E-02, time 3.421ms
[INFO   ] DREAMPlace - full step 14.140 ms
[DEBUG  ] dreamplace.ops.logsumexp_wirelength.logsumexp_wirelength - wirelength forward 0.161 ms
[DEBUG  ] dreamplace.ops.electric_potential.electric_potential - density forward 1.154 ms
[DEBUG  ] dreamplace.ops.electric_potential.electric_potential - density backward 0.383 ms
[DEBUG  ] dreamplace.ops.logsumexp_wirelength.logsumexp_wirelength - wirelength backward 0.119 ms
[INFO   ] DREAMPlace - optimizer step 9.314 ms
[INFO   ] DREAMPlace - iteration  353, (  69,  0,  1), Obj 2.282925E+06, NetCrossing 4.653E+01, NetCrossingWeight 1.000000E+01, DensityWeight 9.965187E+03, HPWL 1.647704E+03, Overflow 4.306823E-03, MaxDensity 1.001E+00, MacroOverlap 2.641E-06, MacroOverlapWeight 8.000000E-06, gamma 6.220872E-02, time 3.194ms
[INFO   ] DREAMPlace - full step 13.541 ms
[INFO   ] DREAMPlace - Lsub stopping criteria: 1 and 2.28292e+06 > 2.08603e+06 * 0.999
[DEBUG  ] dreamplace.ops.logsumexp_wirelength.logsumexp_wirelength - wirelength forward 0.178 ms
[DEBUG  ] dreamplace.ops.electric_potential.electric_potential - density forward 1.165 ms
[DEBUG  ] dreamplace.ops.electric_potential.electric_potential - density backward 0.368 ms
[DEBUG  ] dreamplace.ops.logsumexp_wirelength.logsumexp_wirelength - wirelength backward 0.093 ms
[INFO   ] DREAMPlace - optimizer step 10.451 ms
[INFO   ] DREAMPlace - iteration  354, (  69,  1,  0), Obj 2.286513E+06, NetCrossing 4.770E+01, NetCrossingWeight 1.000000E+01, DensityWeight 1.091343E+04, HPWL 1.647701E+03, Overflow 4.303354E-03, MaxDensity 1.008E+00, MacroOverlap 2.640E-06, MacroOverlapWeight 8.000000E-06, gamma 6.220872E-02, time 3.290ms
[INFO   ] DREAMPlace - full step 14.743 ms
[DEBUG  ] dreamplace.ops.logsumexp_wirelength.logsumexp_wirelength - wirelength forward 0.178 ms
[DEBUG  ] dreamplace.ops.electric_potential.electric_potential - density forward 1.161 ms
[DEBUG  ] dreamplace.ops.electric_potential.electric_potential - density backward 0.380 ms
[DEBUG  ] dreamplace.ops.logsumexp_wirelength.logsumexp_wirelength - wirelength backward 0.117 ms
[INFO   ] DREAMPlace - optimizer step 9.390 ms
[INFO   ] DREAMPlace - iteration  355, (  69,  1,  1), Obj 2.501702E+06, NetCrossing 4.725E+01, NetCrossingWeight 1.000000E+01, DensityWeight 1.091343E+04, HPWL 1.647702E+03, Overflow 4.298944E-03, MaxDensity 1.016E+00, MacroOverlap 2.640E-06, MacroOverlapWeight 8.000000E-06, gamma 6.220872E-02, time 3.274ms
[INFO   ] DREAMPlace - full step 13.700 ms
[INFO   ] DREAMPlace - Lsub stopping criteria: 1 and 2.5017e+06 > 2.28651e+06 * 0.999
[DEBUG  ] dreamplace.ops.logsumexp_wirelength.logsumexp_wirelength - wirelength forward 0.167 ms
[DEBUG  ] dreamplace.ops.electric_potential.electric_potential - density forward 1.163 ms
[DEBUG  ] dreamplace.ops.electric_potential.electric_potential - density backward 0.384 ms
[DEBUG  ] dreamplace.ops.logsumexp_wirelength.logsumexp_wirelength - wirelength backward 0.120 ms
[INFO   ] DREAMPlace - optimizer step 9.335 ms
[INFO   ] DREAMPlace - iteration  356, (  69,  2,  0), Obj 2.503359E+06, NetCrossing 4.771E+01, NetCrossingWeight 1.000000E+01, DensityWeight 1.195071E+04, HPWL 1.647699E+03, Overflow 4.293741E-03, MaxDensity 1.019E+00, MacroOverlap 2.637E-06, MacroOverlapWeight 8.000000E-06, gamma 6.220872E-02, time 3.206ms
[INFO   ] DREAMPlace - full step 13.519 ms
[DEBUG  ] dreamplace.ops.logsumexp_wirelength.logsumexp_wirelength - wirelength forward 0.166 ms
[DEBUG  ] dreamplace.ops.electric_potential.electric_potential - density forward 1.181 ms
[DEBUG  ] dreamplace.ops.electric_potential.electric_potential - density backward 0.388 ms
[DEBUG  ] dreamplace.ops.logsumexp_wirelength.logsumexp_wirelength - wirelength backward 0.139 ms
[INFO   ] DREAMPlace - optimizer step 9.647 ms
[INFO   ] DREAMPlace - iteration  357, (  69,  2,  1), Obj 2.727199E+06, NetCrossing 4.721E+01, NetCrossingWeight 1.000000E+01, DensityWeight 1.195071E+04, HPWL 1.647711E+03, Overflow 4.288564E-03, MaxDensity 1.019E+00, MacroOverlap 2.634E-06, MacroOverlapWeight 8.000000E-06, gamma 6.220872E-02, time 3.230ms
[INFO   ] DREAMPlace - full step 13.925 ms
[INFO   ] DREAMPlace - Lsub stopping criteria: 1 and 2.7272e+06 > 2.50336e+06 * 0.999
[INFO   ] DREAMPlace - Llambda stopping criteria: 2 and (( 0.00428856 < 0.1 and 1647.71 > 1647.7 ) or 1.0191 < 1.0)
[DEBUG  ] dreamplace.ops.logsumexp_wirelength.logsumexp_wirelength - wirelength forward 0.192 ms
[DEBUG  ] dreamplace.ops.electric_potential.electric_potential - density forward 1.181 ms
[DEBUG  ] dreamplace.ops.electric_potential.electric_potential - density backward 0.387 ms
[DEBUG  ] dreamplace.ops.logsumexp_wirelength.logsumexp_wirelength - wirelength backward 0.119 ms
[INFO   ] DREAMPlace - optimizer step 9.593 ms
[INFO   ] DREAMPlace - iteration  358, (  70,  0,  0), Obj 2.730178E+06, NetCrossing 4.772E+01, NetCrossingWeight 1.000000E+01, DensityWeight 1.332162E+04, HPWL 1.647733E+03, Overflow 4.282872E-03, MaxDensity 1.019E+00, MacroOverlap 2.628E-06, MacroOverlapWeight 8.000000E-06, gamma 6.220069E-02, time 3.449ms
[INFO   ] DREAMPlace - full step 14.134 ms
[DEBUG  ] dreamplace.ops.logsumexp_wirelength.logsumexp_wirelength - wirelength forward 0.159 ms
[DEBUG  ] dreamplace.ops.electric_potential.electric_potential - density forward 1.165 ms
[DEBUG  ] dreamplace.ops.electric_potential.electric_potential - density backward 0.397 ms
[DEBUG  ] dreamplace.ops.logsumexp_wirelength.logsumexp_wirelength - wirelength backward 0.129 ms
[INFO   ] DREAMPlace - optimizer step 9.684 ms
[INFO   ] DREAMPlace - iteration  359, (  70,  0,  1), Obj 3.041886E+06, NetCrossing 4.671E+01, NetCrossingWeight 1.000000E+01, DensityWeight 1.332162E+04, HPWL 1.647760E+03, Overflow 4.276654E-03, MaxDensity 1.019E+00, MacroOverlap 2.623E-06, MacroOverlapWeight 8.000000E-06, gamma 6.220069E-02, time 3.242ms
[INFO   ] DREAMPlace - full step 13.958 ms
[INFO   ] DREAMPlace - Lsub stopping criteria: 1 and 3.04189e+06 > 2.73018e+06 * 0.999
[DEBUG  ] dreamplace.ops.logsumexp_wirelength.logsumexp_wirelength - wirelength forward 0.168 ms
[DEBUG  ] dreamplace.ops.electric_potential.electric_potential - density forward 1.155 ms
[DEBUG  ] dreamplace.ops.electric_potential.electric_potential - density backward 0.395 ms
[DEBUG  ] dreamplace.ops.logsumexp_wirelength.logsumexp_wirelength - wirelength backward 0.130 ms
[INFO   ] DREAMPlace - optimizer step 9.778 ms
[INFO   ] DREAMPlace - iteration  360, (  70,  1,  0), Obj 3.045463E+06, NetCrossing 4.777E+01, NetCrossingWeight 1.000000E+01, DensityWeight 1.484980E+04, HPWL 1.647790E+03, Overflow 4.270366E-03, MaxDensity 1.019E+00, MacroOverlap 2.616E-06, MacroOverlapWeight 8.000000E-06, gamma 6.220069E-02, time 3.297ms
[INFO   ] DREAMPlace - full step 14.112 ms
[DEBUG  ] dreamplace.ops.logsumexp_wirelength.logsumexp_wirelength - wirelength forward 0.167 ms
[DEBUG  ] dreamplace.ops.electric_potential.electric_potential - density forward 1.148 ms
[DEBUG  ] dreamplace.ops.electric_potential.electric_potential - density backward 0.386 ms
[DEBUG  ] dreamplace.ops.logsumexp_wirelength.logsumexp_wirelength - wirelength backward 0.119 ms
[INFO   ] DREAMPlace - optimizer step 9.403 ms
[INFO   ] DREAMPlace - iteration  361, (  70,  1,  1), Obj 3.385094E+06, NetCrossing 4.756E+01, NetCrossingWeight 1.000000E+01, DensityWeight 1.484980E+04, HPWL 1.647824E+03, Overflow 4.263833E-03, MaxDensity 1.019E+00, MacroOverlap 2.610E-06, MacroOverlapWeight 8.000000E-06, gamma 6.220069E-02, time 3.286ms
[INFO   ] DREAMPlace - full step 13.730 ms
[INFO   ] DREAMPlace - Lsub stopping criteria: 1 and 3.38509e+06 > 3.04546e+06 * 0.999
[INFO   ] DREAMPlace - Llambda stopping criteria: 1 and (( 0.00426383 < 0.1 and 1647.82 > 1647.76 ) or 1.0191 < 1.0)
[DEBUG  ] dreamplace.ops.logsumexp_wirelength.logsumexp_wirelength - wirelength forward 0.158 ms
[DEBUG  ] dreamplace.ops.electric_potential.electric_potential - density forward 1.138 ms
[DEBUG  ] dreamplace.ops.electric_potential.electric_potential - density backward 0.394 ms
[DEBUG  ] dreamplace.ops.logsumexp_wirelength.logsumexp_wirelength - wirelength backward 0.118 ms
[INFO   ] DREAMPlace - optimizer step 9.379 ms
[INFO   ] DREAMPlace - iteration  362, (  71,  0,  0), Obj 3.385806E+06, NetCrossing 4.777E+01, NetCrossingWeight 1.000000E+01, DensityWeight 1.655327E+04, HPWL 1.647861E+03, Overflow 4.258383E-03, MaxDensity 1.019E+00, MacroOverlap 2.605E-06, MacroOverlapWeight 8.000000E-06, gamma 6.219282E-02, time 3.250ms
[INFO   ] DREAMPlace - full step 13.718 ms
[DEBUG  ] dreamplace.ops.logsumexp_wirelength.logsumexp_wirelength - wirelength forward 0.200 ms
[DEBUG  ] dreamplace.ops.electric_potential.electric_potential - density forward 1.381 ms
[DEBUG  ] dreamplace.ops.electric_potential.electric_potential - density backward 0.400 ms
[DEBUG  ] dreamplace.ops.logsumexp_wirelength.logsumexp_wirelength - wirelength backward 0.123 ms
[INFO   ] DREAMPlace - optimizer step 9.617 ms
[INFO   ] DREAMPlace - iteration  363, (  71,  0,  1), Obj 3.755736E+06, NetCrossing 4.708E+01, NetCrossingWeight 1.000000E+01, DensityWeight 1.655327E+04, HPWL 1.647906E+03, Overflow 4.254742E-03, MaxDensity 1.019E+00, MacroOverlap 2.602E-06, MacroOverlapWeight 8.000000E-06, gamma 6.219282E-02, time 3.744ms
[INFO   ] DREAMPlace - full step 14.630 ms
[INFO   ] DREAMPlace - Lsub stopping criteria: 1 and 3.75574e+06 > 3.38581e+06 * 0.999
[DEBUG  ] dreamplace.ops.logsumexp_wirelength.logsumexp_wirelength - wirelength forward 0.195 ms
[DEBUG  ] dreamplace.ops.electric_potential.electric_potential - density forward 1.353 ms
[DEBUG  ] dreamplace.ops.electric_potential.electric_potential - density backward 0.396 ms
[DEBUG  ] dreamplace.ops.logsumexp_wirelength.logsumexp_wirelength - wirelength backward 0.130 ms
[INFO   ] DREAMPlace - optimizer step 10.124 ms
[INFO   ] DREAMPlace - iteration  364, (  71,  1,  0), Obj 3.760465E+06, NetCrossing 4.778E+01, NetCrossingWeight 1.000000E+01, DensityWeight 1.845216E+04, HPWL 1.647952E+03, Overflow 4.252044E-03, MaxDensity 1.019E+00, MacroOverlap 2.599E-06, MacroOverlapWeight 8.000000E-06, gamma 6.219282E-02, time 3.603ms
[INFO   ] DREAMPlace - full step 14.860 ms
[DEBUG  ] dreamplace.ops.logsumexp_wirelength.logsumexp_wirelength - wirelength forward 0.136 ms
[DEBUG  ] dreamplace.ops.electric_potential.electric_potential - density forward 1.216 ms
[DEBUG  ] dreamplace.ops.electric_potential.electric_potential - density backward 0.427 ms
[DEBUG  ] dreamplace.ops.logsumexp_wirelength.logsumexp_wirelength - wirelength backward 0.135 ms
[INFO   ] DREAMPlace - optimizer step 9.762 ms
[INFO   ] DREAMPlace - iteration  365, (  71,  1,  1), Obj 4.176840E+06, NetCrossing 4.778E+01, NetCrossingWeight 1.000000E+01, DensityWeight 1.845216E+04, HPWL 1.648010E+03, Overflow 4.249476E-03, MaxDensity 1.019E+00, MacroOverlap 2.598E-06, MacroOverlapWeight 8.000000E-06, gamma 6.219282E-02, time 3.479ms
[INFO   ] DREAMPlace - full step 14.238 ms
[INFO   ] DREAMPlace - Lsub stopping criteria: 1 and 4.17684e+06 > 3.76046e+06 * 0.999
[INFO   ] DREAMPlace - Llambda stopping criteria: 1 and (( 0.00424948 < 0.1 and 1648.01 > 1647.91 ) or 1.0191 < 1.0)
[DEBUG  ] dreamplace.ops.logsumexp_wirelength.logsumexp_wirelength - wirelength forward 0.165 ms
[DEBUG  ] dreamplace.ops.electric_potential.electric_potential - density forward 1.370 ms
[DEBUG  ] dreamplace.ops.electric_potential.electric_potential - density backward 0.400 ms
[DEBUG  ] dreamplace.ops.logsumexp_wirelength.logsumexp_wirelength - wirelength backward 0.124 ms
[INFO   ] DREAMPlace - optimizer step 9.423 ms
[INFO   ] DREAMPlace - iteration  366, (  72,  0,  0), Obj 4.194910E+06, NetCrossing 4.725E+01, NetCrossingWeight 1.000000E+01, DensityWeight 2.056887E+04, HPWL 1.648070E+03, Overflow 4.246739E-03, MaxDensity 1.019E+00, MacroOverlap 2.597E-06, MacroOverlapWeight 8.000000E-06, gamma 6.218826E-02, time 3.226ms
[INFO   ] DREAMPlace - full step 13.539 ms
[DEBUG  ] dreamplace.ops.logsumexp_wirelength.logsumexp_wirelength - wirelength forward 0.208 ms
[DEBUG  ] dreamplace.ops.electric_potential.electric_potential - density forward 0.987 ms
[DEBUG  ] dreamplace.ops.electric_potential.electric_potential - density backward 0.395 ms
[DEBUG  ] dreamplace.ops.logsumexp_wirelength.logsumexp_wirelength - wirelength backward 0.126 ms
[INFO   ] DREAMPlace - optimizer step 9.544 ms
[INFO   ] DREAMPlace - iteration  367, (  72,  0,  1), Obj 4.653620E+06, NetCrossing 4.755E+01, NetCrossingWeight 1.000000E+01, DensityWeight 2.056887E+04, HPWL 1.648146E+03, Overflow 4.245949E-03, MaxDensity 1.019E+00, MacroOverlap 2.597E-06, MacroOverlapWeight 8.000000E-06, gamma 6.218826E-02, time 3.645ms
[INFO   ] DREAMPlace - full step 14.277 ms
[INFO   ] DREAMPlace - Lsub stopping criteria: 1 and 4.65362e+06 > 4.19491e+06 * 0.999
[DEBUG  ] dreamplace.ops.logsumexp_wirelength.logsumexp_wirelength - wirelength forward 0.163 ms
[DEBUG  ] dreamplace.ops.electric_potential.electric_potential - density forward 1.170 ms
[DEBUG  ] dreamplace.ops.electric_potential.electric_potential - density backward 0.395 ms
[DEBUG  ] dreamplace.ops.logsumexp_wirelength.logsumexp_wirelength - wirelength backward 0.126 ms
[INFO   ] DREAMPlace - optimizer step 9.678 ms
[INFO   ] DREAMPlace - iteration  368, (  72,  1,  0), Obj 4.668962E+06, NetCrossing 4.776E+01, NetCrossingWeight 1.000000E+01, DensityWeight 2.292840E+04, HPWL 1.648219E+03, Overflow 4.246228E-03, MaxDensity 1.019E+00, MacroOverlap 2.598E-06, MacroOverlapWeight 8.000000E-06, gamma 6.218826E-02, time 3.251ms
[INFO   ] DREAMPlace - full step 13.920 ms
[DEBUG  ] dreamplace.ops.logsumexp_wirelength.logsumexp_wirelength - wirelength forward 0.163 ms
[DEBUG  ] dreamplace.ops.electric_potential.electric_potential - density forward 1.183 ms
[DEBUG  ] dreamplace.ops.electric_potential.electric_potential - density backward 0.388 ms
[DEBUG  ] dreamplace.ops.logsumexp_wirelength.logsumexp_wirelength - wirelength backward 0.126 ms
[INFO   ] DREAMPlace - optimizer step 9.654 ms
[INFO   ] DREAMPlace - iteration  369, (  72,  1,  1), Obj 5.188344E+06, NetCrossing 4.756E+01, NetCrossingWeight 1.000000E+01, DensityWeight 2.292840E+04, HPWL 1.648308E+03, Overflow 4.247606E-03, MaxDensity 1.019E+00, MacroOverlap 2.600E-06, MacroOverlapWeight 8.000000E-06, gamma 6.218826E-02, time 3.261ms
[INFO   ] DREAMPlace - full step 13.882 ms
[INFO   ] DREAMPlace - Lsub stopping criteria: 1 and 5.18834e+06 > 4.66896e+06 * 0.999
[INFO   ] DREAMPlace - Llambda stopping criteria: 1 and (( 0.00424761 < 0.1 and 1648.31 > 1648.15 ) or 1.0191 < 1.0)
[DEBUG  ] dreamplace.ops.logsumexp_wirelength.logsumexp_wirelength - wirelength forward 0.171 ms
[DEBUG  ] dreamplace.ops.electric_potential.electric_potential - density forward 1.276 ms
[DEBUG  ] dreamplace.ops.electric_potential.electric_potential - density backward 0.386 ms
[DEBUG  ] dreamplace.ops.logsumexp_wirelength.logsumexp_wirelength - wirelength backward 0.123 ms
[INFO   ] DREAMPlace - optimizer step 10.053 ms
[INFO   ] DREAMPlace - iteration  370, (  73,  0,  0), Obj 5.179076E+06, NetCrossing 4.727E+01, NetCrossingWeight 1.000000E+01, DensityWeight 2.555861E+04, HPWL 1.648398E+03, Overflow 4.249646E-03, MaxDensity 1.019E+00, MacroOverlap 2.603E-06, MacroOverlapWeight 8.000000E-06, gamma 6.218766E-02, time 3.244ms
[INFO   ] DREAMPlace - full step 14.354 ms
[DEBUG  ] dreamplace.ops.logsumexp_wirelength.logsumexp_wirelength - wirelength forward 0.127 ms
[DEBUG  ] dreamplace.ops.electric_potential.electric_potential - density forward 0.917 ms
[DEBUG  ] dreamplace.ops.electric_potential.electric_potential - density backward 0.382 ms
[DEBUG  ] dreamplace.ops.logsumexp_wirelength.logsumexp_wirelength - wirelength backward 0.120 ms
[INFO   ] DREAMPlace - optimizer step 8.553 ms
[INFO   ] DREAMPlace - iteration  371, (  73,  0,  1), Obj 5.754882E+06, NetCrossing 4.787E+01, NetCrossingWeight 1.000000E+01, DensityWeight 2.555861E+04, HPWL 1.648501E+03, Overflow 4.252884E-03, MaxDensity 1.019E+00, MacroOverlap 2.607E-06, MacroOverlapWeight 8.000000E-06, gamma 6.218766E-02, time 2.984ms
[INFO   ] DREAMPlace - full step 12.601 ms
[INFO   ] DREAMPlace - Lsub stopping criteria: 1 and 5.75488e+06 > 5.17908e+06 * 0.999
[DEBUG  ] dreamplace.ops.logsumexp_wirelength.logsumexp_wirelength - wirelength forward 0.183 ms
[DEBUG  ] dreamplace.ops.electric_potential.electric_potential - density forward 1.371 ms
[DEBUG  ] dreamplace.ops.electric_potential.electric_potential - density backward 0.382 ms
[DEBUG  ] dreamplace.ops.logsumexp_wirelength.logsumexp_wirelength - wirelength backward 0.124 ms
[INFO   ] DREAMPlace - optimizer step 10.218 ms
[INFO   ] DREAMPlace - iteration  372, (  73,  1,  0), Obj 5.789256E+06, NetCrossing 4.777E+01, NetCrossingWeight 1.000000E+01, DensityWeight 2.849053E+04, HPWL 1.648601E+03, Overflow 4.255905E-03, MaxDensity 1.019E+00, MacroOverlap 2.612E-06, MacroOverlapWeight 8.000000E-06, gamma 6.218766E-02, time 3.237ms
[INFO   ] DREAMPlace - full step 14.481 ms
[DEBUG  ] dreamplace.ops.logsumexp_wirelength.logsumexp_wirelength - wirelength forward 0.133 ms
[DEBUG  ] dreamplace.ops.electric_potential.electric_potential - density forward 0.933 ms
[DEBUG  ] dreamplace.ops.electric_potential.electric_potential - density backward 0.383 ms
[DEBUG  ] dreamplace.ops.logsumexp_wirelength.logsumexp_wirelength - wirelength backward 0.123 ms
[INFO   ] DREAMPlace - optimizer step 8.811 ms
[INFO   ] DREAMPlace - iteration  373, (  73,  1,  1), Obj 6.437476E+06, NetCrossing 4.778E+01, NetCrossingWeight 1.000000E+01, DensityWeight 2.849053E+04, HPWL 1.648712E+03, Overflow 4.260727E-03, MaxDensity 1.019E+00, MacroOverlap 2.617E-06, MacroOverlapWeight 8.000000E-06, gamma 6.218766E-02, time 3.015ms
[INFO   ] DREAMPlace - full step 12.944 ms
[INFO   ] DREAMPlace - Lsub stopping criteria: 1 and 6.43748e+06 > 5.78926e+06 * 0.999
[INFO   ] DREAMPlace - Llambda stopping criteria: 1 and (( 0.00426073 < 0.1 and 1648.71 > 1648.5 ) or 1.0191 < 1.0)
[DEBUG  ] dreamplace.ops.logsumexp_wirelength.logsumexp_wirelength - wirelength forward 0.202 ms
[DEBUG  ] dreamplace.ops.electric_potential.electric_potential - density forward 1.344 ms
[DEBUG  ] dreamplace.ops.electric_potential.electric_potential - density backward 0.339 ms
[DEBUG  ] dreamplace.ops.logsumexp_wirelength.logsumexp_wirelength - wirelength backward 0.100 ms
[INFO   ] DREAMPlace - optimizer step 9.565 ms
[INFO   ] DREAMPlace - iteration  374, (  74,  0,  0), Obj 6.444447E+06, NetCrossing 4.781E+01, NetCrossingWeight 1.000000E+01, DensityWeight 3.175878E+04, HPWL 1.648818E+03, Overflow 4.265092E-03, MaxDensity 1.019E+00, MacroOverlap 2.623E-06, MacroOverlapWeight 8.000000E-06, gamma 6.219183E-02, time 3.303ms
[INFO   ] DREAMPlace - full step 13.942 ms
[DEBUG  ] dreamplace.ops.logsumexp_wirelength.logsumexp_wirelength - wirelength forward 0.132 ms
[DEBUG  ] dreamplace.ops.electric_potential.electric_potential - density forward 0.926 ms
[DEBUG  ] dreamplace.ops.electric_potential.electric_potential - density backward 0.362 ms
[DEBUG  ] dreamplace.ops.logsumexp_wirelength.logsumexp_wirelength - wirelength backward 0.124 ms
[INFO   ] DREAMPlace - optimizer step 8.377 ms
[INFO   ] DREAMPlace - iteration  375, (  74,  0,  1), Obj 7.170211E+06, NetCrossing 4.730E+01, NetCrossingWeight 1.000000E+01, DensityWeight 3.175878E+04, HPWL 1.648931E+03, Overflow 4.270091E-03, MaxDensity 1.019E+00, MacroOverlap 2.628E-06, MacroOverlapWeight 8.000000E-06, gamma 6.219183E-02, time 2.975ms
[INFO   ] DREAMPlace - full step 12.463 ms
[INFO   ] DREAMPlace - Lsub stopping criteria: 1 and 7.17021e+06 > 6.44445e+06 * 0.999
[DEBUG  ] dreamplace.ops.logsumexp_wirelength.logsumexp_wirelength - wirelength forward 0.195 ms
[DEBUG  ] dreamplace.ops.electric_potential.electric_potential - density forward 1.353 ms
[DEBUG  ] dreamplace.ops.electric_potential.electric_potential - density backward 0.412 ms
[DEBUG  ] dreamplace.ops.logsumexp_wirelength.logsumexp_wirelength - wirelength backward 0.140 ms
[INFO   ] DREAMPlace - optimizer step 10.582 ms
[INFO   ] DREAMPlace - iteration  376, (  74,  1,  0), Obj 7.181542E+06, NetCrossing 4.664E+01, NetCrossingWeight 1.000000E+01, DensityWeight 3.540195E+04, HPWL 1.649034E+03, Overflow 4.274711E-03, MaxDensity 1.019E+00, MacroOverlap 2.633E-06, MacroOverlapWeight 8.000000E-06, gamma 6.219183E-02, time 3.267ms
[INFO   ] DREAMPlace - full step 14.911 ms
[DEBUG  ] dreamplace.ops.logsumexp_wirelength.logsumexp_wirelength - wirelength forward 0.127 ms
[DEBUG  ] dreamplace.ops.electric_potential.electric_potential - density forward 0.910 ms
[DEBUG  ] dreamplace.ops.electric_potential.electric_potential - density backward 0.431 ms
[DEBUG  ] dreamplace.ops.logsumexp_wirelength.logsumexp_wirelength - wirelength backward 0.152 ms
[INFO   ] DREAMPlace - optimizer step 9.283 ms
[INFO   ] DREAMPlace - iteration  377, (  74,  1,  1), Obj 7.992223E+06, NetCrossing 4.730E+01, NetCrossingWeight 1.000000E+01, DensityWeight 3.540195E+04, HPWL 1.649137E+03, Overflow 4.280215E-03, MaxDensity 1.019E+00, MacroOverlap 2.638E-06, MacroOverlapWeight 8.000000E-06, gamma 6.219183E-02, time 2.953ms
[INFO   ] DREAMPlace - full step 13.325 ms
[INFO   ] DREAMPlace - Lsub stopping criteria: 1 and 7.99222e+06 > 7.18154e+06 * 0.999
[INFO   ] DREAMPlace - Llambda stopping criteria: 1 and (( 0.00428021 < 0.1 and 1649.14 > 1648.93 ) or 1.0191 < 1.0)
[DEBUG  ] dreamplace.ops.logsumexp_wirelength.logsumexp_wirelength - wirelength forward 0.194 ms
[DEBUG  ] dreamplace.ops.electric_potential.electric_potential - density forward 1.247 ms
[DEBUG  ] dreamplace.ops.electric_potential.electric_potential - density backward 0.380 ms
[DEBUG  ] dreamplace.ops.logsumexp_wirelength.logsumexp_wirelength - wirelength backward 0.121 ms
[INFO   ] DREAMPlace - optimizer step 9.913 ms
[INFO   ] DREAMPlace - iteration  378, (  75,  0,  0), Obj 8.006145E+06, NetCrossing 4.730E+01, NetCrossingWeight 1.000000E+01, DensityWeight 3.946303E+04, HPWL 1.649224E+03, Overflow 4.284637E-03, MaxDensity 1.019E+00, MacroOverlap 2.642E-06, MacroOverlapWeight 8.000000E-06, gamma 6.219805E-02, time 3.503ms
[INFO   ] DREAMPlace - full step 14.500 ms
[DEBUG  ] dreamplace.ops.logsumexp_wirelength.logsumexp_wirelength - wirelength forward 0.124 ms
[DEBUG  ] dreamplace.ops.electric_potential.electric_potential - density forward 0.937 ms
[DEBUG  ] dreamplace.ops.electric_potential.electric_potential - density backward 0.403 ms
[DEBUG  ] dreamplace.ops.logsumexp_wirelength.logsumexp_wirelength - wirelength backward 0.134 ms
[INFO   ] DREAMPlace - optimizer step 8.860 ms
[INFO   ] DREAMPlace - iteration  379, (  75,  0,  1), Obj 8.910466E+06, NetCrossing 4.744E+01, NetCrossingWeight 1.000000E+01, DensityWeight 3.946303E+04, HPWL 1.649307E+03, Overflow 4.289420E-03, MaxDensity 1.019E+00, MacroOverlap 2.645E-06, MacroOverlapWeight 8.000000E-06, gamma 6.219805E-02, time 2.830ms
[INFO   ] DREAMPlace - full step 12.645 ms
[INFO   ] DREAMPlace - Lsub stopping criteria: 1 and 8.91047e+06 > 8.00614e+06 * 0.999
[DEBUG  ] dreamplace.ops.logsumexp_wirelength.logsumexp_wirelength - wirelength forward 0.217 ms
[DEBUG  ] dreamplace.ops.electric_potential.electric_potential - density forward 1.225 ms
[DEBUG  ] dreamplace.ops.electric_potential.electric_potential - density backward 0.439 ms
[DEBUG  ] dreamplace.ops.logsumexp_wirelength.logsumexp_wirelength - wirelength backward 0.148 ms
[INFO   ] DREAMPlace - optimizer step 10.370 ms
[INFO   ] DREAMPlace - iteration  380, (  75,  1,  0), Obj 8.919319E+06, NetCrossing 4.726E+01, NetCrossingWeight 1.000000E+01, DensityWeight 4.398998E+04, HPWL 1.649374E+03, Overflow 4.292427E-03, MaxDensity 1.019E+00, MacroOverlap 2.648E-06, MacroOverlapWeight 8.000000E-06, gamma 6.219805E-02, time 3.601ms
[INFO   ] DREAMPlace - full step 14.857 ms
[DEBUG  ] dreamplace.ops.logsumexp_wirelength.logsumexp_wirelength - wirelength forward 0.124 ms
[DEBUG  ] dreamplace.ops.electric_potential.electric_potential - density forward 0.902 ms
[DEBUG  ] dreamplace.ops.electric_potential.electric_potential - density backward 0.416 ms
[DEBUG  ] dreamplace.ops.logsumexp_wirelength.logsumexp_wirelength - wirelength backward 0.139 ms
[INFO   ] DREAMPlace - optimizer step 9.206 ms
[INFO   ] DREAMPlace - iteration  381, (  75,  1,  1), Obj 9.926805E+06, NetCrossing 4.779E+01, NetCrossingWeight 1.000000E+01, DensityWeight 4.398998E+04, HPWL 1.649433E+03, Overflow 4.296896E-03, MaxDensity 1.019E+00, MacroOverlap 2.651E-06, MacroOverlapWeight 8.000000E-06, gamma 6.219805E-02, time 2.787ms
[INFO   ] DREAMPlace - full step 12.911 ms
[INFO   ] DREAMPlace - Lsub stopping criteria: 1 and 9.92680e+06 > 8.91932e+06 * 0.999
[INFO   ] DREAMPlace - Llambda stopping criteria: 1 and (( 0.0042969 < 0.1 and 1649.43 > 1649.31 ) or 1.0191 < 1.0)
[DEBUG  ] dreamplace.ops.logsumexp_wirelength.logsumexp_wirelength - wirelength forward 0.160 ms
[DEBUG  ] dreamplace.ops.electric_potential.electric_potential - density forward 1.140 ms
[DEBUG  ] dreamplace.ops.electric_potential.electric_potential - density backward 0.432 ms
[DEBUG  ] dreamplace.ops.logsumexp_wirelength.logsumexp_wirelength - wirelength backward 0.150 ms
[INFO   ] DREAMPlace - optimizer step 10.129 ms
[INFO   ] DREAMPlace - iteration  382, (  76,  0,  0), Obj 9.934990E+06, NetCrossing 4.712E+01, NetCrossingWeight 1.000000E+01, DensityWeight 4.903623E+04, HPWL 1.649473E+03, Overflow 4.300131E-03, MaxDensity 1.019E+00, MacroOverlap 2.653E-06, MacroOverlapWeight 8.000000E-06, gamma 6.220336E-02, time 3.489ms
[INFO   ] DREAMPlace - full step 14.573 ms
[DEBUG  ] dreamplace.ops.logsumexp_wirelength.logsumexp_wirelength - wirelength forward 0.121 ms
[DEBUG  ] dreamplace.ops.electric_potential.electric_potential - density forward 1.237 ms
[DEBUG  ] dreamplace.ops.electric_potential.electric_potential - density backward 0.433 ms
[DEBUG  ] dreamplace.ops.logsumexp_wirelength.logsumexp_wirelength - wirelength backward 0.159 ms
[INFO   ] DREAMPlace - optimizer step 10.662 ms
[INFO   ] DREAMPlace - iteration  383, (  76,  0,  1), Obj 1.103321E+07, NetCrossing 4.731E+01, NetCrossingWeight 1.000000E+01, DensityWeight 4.903623E+04, HPWL 1.649505E+03, Overflow 4.304760E-03, MaxDensity 1.019E+00, MacroOverlap 2.656E-06, MacroOverlapWeight 8.000000E-06, gamma 6.220336E-02, time 2.709ms
[INFO   ] DREAMPlace - full step 14.346 ms
[INFO   ] DREAMPlace - Lsub stopping criteria: 1 and 1.10332e+07 > 9.93499e+06 * 0.999
[DEBUG  ] dreamplace.ops.logsumexp_wirelength.logsumexp_wirelength - wirelength forward 0.167 ms
[DEBUG  ] dreamplace.ops.electric_potential.electric_potential - density forward 1.299 ms
[DEBUG  ] dreamplace.ops.electric_potential.electric_potential - density backward 0.392 ms
[DEBUG  ] dreamplace.ops.logsumexp_wirelength.logsumexp_wirelength - wirelength backward 0.131 ms
[INFO   ] DREAMPlace - optimizer step 9.869 ms
[INFO   ] DREAMPlace - iteration  384, (  76,  1,  0), Obj 1.097508E+07, NetCrossing 4.712E+01, NetCrossingWeight 1.000000E+01, DensityWeight 5.466136E+04, HPWL 1.649520E+03, Overflow 4.307518E-03, MaxDensity 1.019E+00, MacroOverlap 2.657E-06, MacroOverlapWeight 8.000000E-06, gamma 6.220336E-02, time 3.241ms
[INFO   ] DREAMPlace - full step 13.987 ms
[DEBUG  ] dreamplace.ops.logsumexp_wirelength.logsumexp_wirelength - wirelength forward 0.144 ms
[DEBUG  ] dreamplace.ops.electric_potential.electric_potential - density forward 1.390 ms
[DEBUG  ] dreamplace.ops.electric_potential.electric_potential - density backward 0.389 ms
[DEBUG  ] dreamplace.ops.logsumexp_wirelength.logsumexp_wirelength - wirelength backward 0.127 ms
[INFO   ] DREAMPlace - optimizer step 10.075 ms
[INFO   ] DREAMPlace - iteration  385, (  76,  1,  1), Obj 1.230732E+07, NetCrossing 4.664E+01, NetCrossingWeight 1.000000E+01, DensityWeight 5.466136E+04, HPWL 1.649529E+03, Overflow 4.311808E-03, MaxDensity 1.019E+00, MacroOverlap 2.658E-06, MacroOverlapWeight 8.000000E-06, gamma 6.220336E-02, time 2.724ms
[INFO   ] DREAMPlace - full step 13.794 ms
[INFO   ] DREAMPlace - Lsub stopping criteria: 1 and 1.23073e+07 > 1.09751e+07 * 0.999
[INFO   ] DREAMPlace - Llambda stopping criteria: 1 and (( 0.00431181 < 0.1 and 1649.53 > 1649.51 ) or 1.0191 < 1.0)
[DEBUG  ] dreamplace.ops.logsumexp_wirelength.logsumexp_wirelength - wirelength forward 0.186 ms
[DEBUG  ] dreamplace.ops.electric_potential.electric_potential - density forward 1.354 ms
[DEBUG  ] dreamplace.ops.electric_potential.electric_potential - density backward 0.368 ms
[DEBUG  ] dreamplace.ops.logsumexp_wirelength.logsumexp_wirelength - wirelength backward 0.115 ms
[INFO   ] DREAMPlace - optimizer step 9.297 ms
[INFO   ] DREAMPlace - iteration  386, (  77,  0,  0), Obj 1.227723E+07, NetCrossing 4.664E+01, NetCrossingWeight 1.000000E+01, DensityWeight 6.093177E+04, HPWL 1.649521E+03, Overflow 4.314315E-03, MaxDensity 1.019E+00, MacroOverlap 2.658E-06, MacroOverlapWeight 8.000000E-06, gamma 6.220810E-02, time 3.297ms
[INFO   ] DREAMPlace - full step 13.500 ms
[DEBUG  ] dreamplace.ops.logsumexp_wirelength.logsumexp_wirelength - wirelength forward 0.182 ms
[DEBUG  ] dreamplace.ops.electric_potential.electric_potential - density forward 1.279 ms
[DEBUG  ] dreamplace.ops.electric_potential.electric_potential - density backward 0.408 ms
[DEBUG  ] dreamplace.ops.logsumexp_wirelength.logsumexp_wirelength - wirelength backward 0.135 ms
[INFO   ] DREAMPlace - optimizer step 10.053 ms
[INFO   ] DREAMPlace - iteration  387, (  77,  0,  1), Obj 1.369968E+07, NetCrossing 4.785E+01, NetCrossingWeight 1.000000E+01, DensityWeight 6.093177E+04, HPWL 1.649505E+03, Overflow 4.318321E-03, MaxDensity 1.019E+00, MacroOverlap 2.658E-06, MacroOverlapWeight 8.000000E-06, gamma 6.220810E-02, time 2.718ms
[INFO   ] DREAMPlace - full step 13.742 ms
[INFO   ] DREAMPlace - Lsub stopping criteria: 1 and 1.36997e+07 > 1.22772e+07 * 0.999
[DEBUG  ] dreamplace.ops.logsumexp_wirelength.logsumexp_wirelength - wirelength forward 0.197 ms
[DEBUG  ] dreamplace.ops.electric_potential.electric_potential - density forward 1.358 ms
[DEBUG  ] dreamplace.ops.electric_potential.electric_potential - density backward 0.502 ms
[DEBUG  ] dreamplace.ops.logsumexp_wirelength.logsumexp_wirelength - wirelength backward 0.179 ms
[INFO   ] DREAMPlace - optimizer step 10.960 ms
[INFO   ] DREAMPlace - iteration  388, (  77,  1,  0), Obj 1.367858E+07, NetCrossing 4.731E+01, NetCrossingWeight 1.000000E+01, DensityWeight 6.661643E+04, HPWL 1.649473E+03, Overflow 4.320095E-03, MaxDensity 1.019E+00, MacroOverlap 2.656E-06, MacroOverlapWeight 8.000000E-06, gamma 6.220810E-02, time 3.290ms
[INFO   ] DREAMPlace - full step 15.165 ms
[DEBUG  ] dreamplace.ops.logsumexp_wirelength.logsumexp_wirelength - wirelength forward 0.163 ms
[DEBUG  ] dreamplace.ops.electric_potential.electric_potential - density forward 1.183 ms
[DEBUG  ] dreamplace.ops.electric_potential.electric_potential - density backward 0.378 ms
[DEBUG  ] dreamplace.ops.logsumexp_wirelength.logsumexp_wirelength - wirelength backward 0.118 ms
[INFO   ] DREAMPlace - optimizer step 9.754 ms
[INFO   ] DREAMPlace - iteration  389, (  77,  1,  1), Obj 1.495919E+07, NetCrossing 4.682E+01, NetCrossingWeight 1.000000E+01, DensityWeight 6.661643E+04, HPWL 1.649435E+03, Overflow 4.323512E-03, MaxDensity 1.019E+00, MacroOverlap 2.655E-06, MacroOverlapWeight 8.000000E-06, gamma 6.220810E-02, time 3.587ms
[INFO   ] DREAMPlace - full step 14.257 ms
[INFO   ] DREAMPlace - Lsub stopping criteria: 1 and 1.49592e+07 > 1.36786e+07 * 0.999
[DEBUG  ] dreamplace.ops.logsumexp_wirelength.logsumexp_wirelength - wirelength forward 0.189 ms
[DEBUG  ] dreamplace.ops.electric_potential.electric_potential - density forward 0.931 ms
[DEBUG  ] dreamplace.ops.electric_potential.electric_potential - density backward 0.330 ms
[DEBUG  ] dreamplace.ops.logsumexp_wirelength.logsumexp_wirelength - wirelength backward 0.094 ms
[INFO   ] DREAMPlace - optimizer step 7.999 ms
[INFO   ] DREAMPlace - iteration  390, (  77,  2,  0), Obj 1.495671E+07, NetCrossing 4.782E+01, NetCrossingWeight 1.000000E+01, DensityWeight 7.282416E+04, HPWL 1.649387E+03, Overflow 4.324705E-03, MaxDensity 1.018E+00, MacroOverlap 2.653E-06, MacroOverlapWeight 8.000000E-06, gamma 6.220810E-02, time 3.721ms
[INFO   ] DREAMPlace - full step 12.632 ms
[DEBUG  ] dreamplace.ops.logsumexp_wirelength.logsumexp_wirelength - wirelength forward 0.179 ms
[DEBUG  ] dreamplace.ops.electric_potential.electric_potential - density forward 1.152 ms
[DEBUG  ] dreamplace.ops.electric_potential.electric_potential - density backward 0.367 ms
[DEBUG  ] dreamplace.ops.logsumexp_wirelength.logsumexp_wirelength - wirelength backward 0.147 ms
[INFO   ] DREAMPlace - optimizer step 9.392 ms
[INFO   ] DREAMPlace - iteration  391, (  77,  2,  1), Obj 1.632096E+07, NetCrossing 4.711E+01, NetCrossingWeight 1.000000E+01, DensityWeight 7.282416E+04, HPWL 1.649336E+03, Overflow 4.326411E-03, MaxDensity 1.007E+00, MacroOverlap 2.652E-06, MacroOverlapWeight 8.000000E-06, gamma 6.220810E-02, time 3.565ms
[INFO   ] DREAMPlace - full step 13.865 ms
[INFO   ] DREAMPlace - Lsub stopping criteria: 1 and 1.6321e+07 > 1.49567e+07 * 0.999
[DEBUG  ] dreamplace.ops.logsumexp_wirelength.logsumexp_wirelength - wirelength forward 0.199 ms
[DEBUG  ] dreamplace.ops.electric_potential.electric_potential - density forward 0.927 ms
[DEBUG  ] dreamplace.ops.electric_potential.electric_potential - density backward 0.376 ms
[DEBUG  ] dreamplace.ops.logsumexp_wirelength.logsumexp_wirelength - wirelength backward 0.118 ms
[INFO   ] DREAMPlace - optimizer step 8.666 ms
[INFO   ] DREAMPlace - iteration  392, (  77,  3,  0), Obj 1.628196E+07, NetCrossing 4.711E+01, NetCrossingWeight 1.000000E+01, DensityWeight 7.960241E+04, HPWL 1.649282E+03, Overflow 4.326259E-03, MaxDensity 1.003E+00, MacroOverlap 2.651E-06, MacroOverlapWeight 8.000000E-06, gamma 6.220810E-02, time 3.659ms
[INFO   ] DREAMPlace - full step 13.217 ms
[DEBUG  ] dreamplace.ops.logsumexp_wirelength.logsumexp_wirelength - wirelength forward 0.194 ms
[DEBUG  ] dreamplace.ops.electric_potential.electric_potential - density forward 1.179 ms
[DEBUG  ] dreamplace.ops.electric_potential.electric_potential - density backward 0.455 ms
[DEBUG  ] dreamplace.ops.logsumexp_wirelength.logsumexp_wirelength - wirelength backward 0.212 ms
[INFO   ] DREAMPlace - optimizer step 11.625 ms
[INFO   ] DREAMPlace - iteration  393, (  77,  3,  1), Obj 1.782234E+07, NetCrossing 4.732E+01, NetCrossingWeight 1.000000E+01, DensityWeight 7.960241E+04, HPWL 1.649266E+03, Overflow 4.328043E-03, MaxDensity 1.003E+00, MacroOverlap 2.652E-06, MacroOverlapWeight 8.000000E-06, gamma 6.220810E-02, time 3.623ms
[INFO   ] DREAMPlace - full step 16.605 ms
[INFO   ] DREAMPlace - Lsub stopping criteria: 1 and 1.78223e+07 > 1.6282e+07 * 0.999
[DEBUG  ] dreamplace.ops.logsumexp_wirelength.logsumexp_wirelength - wirelength forward 0.187 ms
[DEBUG  ] dreamplace.ops.electric_potential.electric_potential - density forward 1.134 ms
[DEBUG  ] dreamplace.ops.electric_potential.electric_potential - density backward 0.401 ms
[DEBUG  ] dreamplace.ops.logsumexp_wirelength.logsumexp_wirelength - wirelength backward 0.125 ms
[INFO   ] DREAMPlace - optimizer step 9.750 ms
[INFO   ] DREAMPlace - iteration  394, (  77,  4,  0), Obj 1.778287E+07, NetCrossing 4.732E+01, NetCrossingWeight 1.000000E+01, DensityWeight 8.700286E+04, HPWL 1.649256E+03, Overflow 4.328022E-03, MaxDensity 1.002E+00, MacroOverlap 2.652E-06, MacroOverlapWeight 8.000000E-06, gamma 6.220810E-02, time 5.071ms
[INFO   ] DREAMPlace - full step 16.096 ms
[DEBUG  ] dreamplace.ops.logsumexp_wirelength.logsumexp_wirelength - wirelength forward 0.170 ms
[DEBUG  ] dreamplace.ops.electric_potential.electric_potential - density forward 1.194 ms
[DEBUG  ] dreamplace.ops.electric_potential.electric_potential - density backward 0.399 ms
[DEBUG  ] dreamplace.ops.logsumexp_wirelength.logsumexp_wirelength - wirelength backward 0.129 ms
[INFO   ] DREAMPlace - optimizer step 9.930 ms
[INFO   ] DREAMPlace - iteration  395, (  77,  4,  1), Obj 1.940739E+07, NetCrossing 4.781E+01, NetCrossingWeight 1.000000E+01, DensityWeight 8.700286E+04, HPWL 1.649238E+03, Overflow 4.330359E-03, MaxDensity 1.002E+00, MacroOverlap 2.654E-06, MacroOverlapWeight 8.000000E-06, gamma 6.220810E-02, time 3.302ms
[INFO   ] DREAMPlace - full step 14.293 ms
[INFO   ] DREAMPlace - Lsub stopping criteria: 1 and 1.94074e+07 > 1.77829e+07 * 0.999
[DEBUG  ] dreamplace.ops.logsumexp_wirelength.logsumexp_wirelength - wirelength forward 0.174 ms
[DEBUG  ] dreamplace.ops.electric_potential.electric_potential - density forward 1.188 ms
[DEBUG  ] dreamplace.ops.electric_potential.electric_potential - density backward 0.335 ms
[DEBUG  ] dreamplace.ops.logsumexp_wirelength.logsumexp_wirelength - wirelength backward 0.093 ms
[INFO   ] DREAMPlace - optimizer step 9.109 ms
[INFO   ] DREAMPlace - iteration  396, (  77,  5,  0), Obj 1.939851E+07, NetCrossing 4.823E+01, NetCrossingWeight 1.000000E+01, DensityWeight 9.508180E+04, HPWL 1.649212E+03, Overflow 4.330503E-03, MaxDensity 1.002E+00, MacroOverlap 2.656E-06, MacroOverlapWeight 8.000000E-06, gamma 6.220810E-02, time 3.256ms
[INFO   ] DREAMPlace - full step 13.361 ms
[DEBUG  ] dreamplace.ops.logsumexp_wirelength.logsumexp_wirelength - wirelength forward 0.173 ms
[DEBUG  ] dreamplace.ops.electric_potential.electric_potential - density forward 1.191 ms
[DEBUG  ] dreamplace.ops.electric_potential.electric_potential - density backward 0.382 ms
[DEBUG  ] dreamplace.ops.logsumexp_wirelength.logsumexp_wirelength - wirelength backward 0.122 ms
[INFO   ] DREAMPlace - optimizer step 9.658 ms
[INFO   ] DREAMPlace - iteration  397, (  77,  5,  1), Obj 2.123679E+07, NetCrossing 4.659E+01, NetCrossingWeight 1.000000E+01, DensityWeight 9.508180E+04, HPWL 1.649181E+03, Overflow 4.332156E-03, MaxDensity 1.003E+00, MacroOverlap 2.659E-06, MacroOverlapWeight 8.000000E-06, gamma 6.220810E-02, time 3.295ms
[INFO   ] DREAMPlace - full step 14.003 ms
[INFO   ] DREAMPlace - Lsub stopping criteria: 1 and 2.12368e+07 > 1.93985e+07 * 0.999
[DEBUG  ] dreamplace.ops.logsumexp_wirelength.logsumexp_wirelength - wirelength forward 0.165 ms
[DEBUG  ] dreamplace.ops.electric_potential.electric_potential - density forward 1.196 ms
[DEBUG  ] dreamplace.ops.electric_potential.electric_potential - density backward 0.412 ms
[DEBUG  ] dreamplace.ops.logsumexp_wirelength.logsumexp_wirelength - wirelength backward 0.132 ms
[INFO   ] DREAMPlace - optimizer step 10.000 ms
[INFO   ] DREAMPlace - iteration  398, (  77,  6,  0), Obj 2.120360E+07, NetCrossing 4.716E+01, NetCrossingWeight 1.000000E+01, DensityWeight 1.039005E+05, HPWL 1.649147E+03, Overflow 4.331982E-03, MaxDensity 1.007E+00, MacroOverlap 2.662E-06, MacroOverlapWeight 8.000000E-06, gamma 6.220810E-02, time 3.307ms
[INFO   ] DREAMPlace - full step 14.311 ms
[DEBUG  ] dreamplace.ops.logsumexp_wirelength.logsumexp_wirelength - wirelength forward 0.161 ms
[DEBUG  ] dreamplace.ops.electric_potential.electric_potential - density forward 1.139 ms
[DEBUG  ] dreamplace.ops.electric_potential.electric_potential - density backward 0.400 ms
[DEBUG  ] dreamplace.ops.logsumexp_wirelength.logsumexp_wirelength - wirelength backward 0.133 ms
[INFO   ] DREAMPlace - optimizer step 11.144 ms
[INFO   ] DREAMPlace - iteration  399, (  77,  6,  1), Obj 2.318319E+07, NetCrossing 4.762E+01, NetCrossingWeight 1.000000E+01, DensityWeight 1.039005E+05, HPWL 1.649106E+03, Overflow 4.333273E-03, MaxDensity 1.011E+00, MacroOverlap 2.666E-06, MacroOverlapWeight 8.000000E-06, gamma 6.220810E-02, time 3.292ms
[INFO   ] DREAMPlace - full step 15.448 ms
[INFO   ] DREAMPlace - Lsub stopping criteria: 1 and 2.31832e+07 > 2.12036e+07 * 0.999
[INFO   ] DREAMPlace - plotting to ./results/tuner-small/small-1/PB310_A00/run-30_0_0/PB310_A00/plot/iter0400.png takes 0.065 seconds
[DEBUG  ] dreamplace.ops.logsumexp_wirelength.logsumexp_wirelength - wirelength forward 0.194 ms
[DEBUG  ] dreamplace.ops.electric_potential.electric_potential - density forward 1.209 ms
[DEBUG  ] dreamplace.ops.electric_potential.electric_potential - density backward 0.404 ms
[DEBUG  ] dreamplace.ops.logsumexp_wirelength.logsumexp_wirelength - wirelength backward 0.123 ms
[INFO   ] DREAMPlace - optimizer step 10.022 ms
[INFO   ] DREAMPlace - iteration  400, (  77,  7,  0), Obj 2.318707E+07, NetCrossing 4.734E+01, NetCrossingWeight 1.000000E+01, DensityWeight 1.135259E+05, HPWL 1.649061E+03, Overflow 4.333028E-03, MaxDensity 1.015E+00, MacroOverlap 2.669E-06, MacroOverlapWeight 8.000000E-06, gamma 6.220810E-02, time 3.306ms
[INFO   ] DREAMPlace - full step 80.413 ms
[DEBUG  ] dreamplace.ops.logsumexp_wirelength.logsumexp_wirelength - wirelength forward 0.167 ms
[DEBUG  ] dreamplace.ops.electric_potential.electric_potential - density forward 1.230 ms
[DEBUG  ] dreamplace.ops.electric_potential.electric_potential - density backward 0.387 ms
[DEBUG  ] dreamplace.ops.logsumexp_wirelength.logsumexp_wirelength - wirelength backward 0.117 ms
[INFO   ] DREAMPlace - optimizer step 13.826 ms
[INFO   ] DREAMPlace - iteration  401, (  77,  7,  1), Obj 2.530437E+07, NetCrossing 4.737E+01, NetCrossingWeight 1.000000E+01, DensityWeight 1.135259E+05, HPWL 1.649012E+03, Overflow 4.334161E-03, MaxDensity 1.019E+00, MacroOverlap 2.675E-06, MacroOverlapWeight 8.000000E-06, gamma 6.220810E-02, time 3.281ms
[INFO   ] DREAMPlace - full step 18.056 ms
[INFO   ] DREAMPlace - Lsub stopping criteria: 1 and 2.53044e+07 > 2.31871e+07 * 0.999
[DEBUG  ] dreamplace.ops.logsumexp_wirelength.logsumexp_wirelength - wirelength forward 0.169 ms
[DEBUG  ] dreamplace.ops.electric_potential.electric_potential - density forward 1.209 ms
[DEBUG  ] dreamplace.ops.electric_potential.electric_potential - density backward 0.386 ms
[DEBUG  ] dreamplace.ops.logsumexp_wirelength.logsumexp_wirelength - wirelength backward 0.121 ms
[INFO   ] DREAMPlace - optimizer step 9.779 ms
[INFO   ] DREAMPlace - iteration  402, (  77,  8,  0), Obj 2.531761E+07, NetCrossing 4.728E+01, NetCrossingWeight 1.000000E+01, DensityWeight 1.240305E+05, HPWL 1.648960E+03, Overflow 4.332871E-03, MaxDensity 1.019E+00, MacroOverlap 2.679E-06, MacroOverlapWeight 8.000000E-06, gamma 6.220810E-02, time 2.921ms
[INFO   ] DREAMPlace - full step 13.622 ms
[DEBUG  ] dreamplace.ops.logsumexp_wirelength.logsumexp_wirelength - wirelength forward 0.168 ms
[DEBUG  ] dreamplace.ops.electric_potential.electric_potential - density forward 1.209 ms
[DEBUG  ] dreamplace.ops.electric_potential.electric_potential - density backward 0.386 ms
[DEBUG  ] dreamplace.ops.logsumexp_wirelength.logsumexp_wirelength - wirelength backward 0.119 ms
[INFO   ] DREAMPlace - optimizer step 9.551 ms
[INFO   ] DREAMPlace - iteration  403, (  77,  8,  1), Obj 2.761891E+07, NetCrossing 4.783E+01, NetCrossingWeight 1.000000E+01, DensityWeight 1.240305E+05, HPWL 1.648905E+03, Overflow 4.332458E-03, MaxDensity 1.019E+00, MacroOverlap 2.685E-06, MacroOverlapWeight 8.000000E-06, gamma 6.220810E-02, time 3.362ms
[INFO   ] DREAMPlace - full step 13.890 ms
[INFO   ] DREAMPlace - Lsub stopping criteria: 1 and 2.76189e+07 > 2.53176e+07 * 0.999
[DEBUG  ] dreamplace.ops.logsumexp_wirelength.logsumexp_wirelength - wirelength forward 0.165 ms
[DEBUG  ] dreamplace.ops.electric_potential.electric_potential - density forward 1.186 ms
[DEBUG  ] dreamplace.ops.electric_potential.electric_potential - density backward 0.400 ms
[DEBUG  ] dreamplace.ops.logsumexp_wirelength.logsumexp_wirelength - wirelength backward 0.122 ms
[INFO   ] DREAMPlace - optimizer step 9.568 ms
[INFO   ] DREAMPlace - iteration  404, (  77,  9,  0), Obj 2.754164E+07, NetCrossing 4.737E+01, NetCrossingWeight 1.000000E+01, DensityWeight 1.354935E+05, HPWL 1.648849E+03, Overflow 4.329618E-03, MaxDensity 1.019E+00, MacroOverlap 2.689E-06, MacroOverlapWeight 8.000000E-06, gamma 6.220810E-02, time 3.298ms
[INFO   ] DREAMPlace - full step 13.844 ms
[DEBUG  ] dreamplace.ops.logsumexp_wirelength.logsumexp_wirelength - wirelength forward 0.170 ms
[DEBUG  ] dreamplace.ops.electric_potential.electric_potential - density forward 1.155 ms
[DEBUG  ] dreamplace.ops.electric_potential.electric_potential - density backward 0.387 ms
[DEBUG  ] dreamplace.ops.logsumexp_wirelength.logsumexp_wirelength - wirelength backward 0.121 ms
[INFO   ] DREAMPlace - optimizer step 9.502 ms
[INFO   ] DREAMPlace - iteration  405, (  77,  9,  1), Obj 3.014277E+07, NetCrossing 4.783E+01, NetCrossingWeight 1.000000E+01, DensityWeight 1.354935E+05, HPWL 1.648793E+03, Overflow 4.327123E-03, MaxDensity 1.019E+00, MacroOverlap 2.695E-06, MacroOverlapWeight 8.000000E-06, gamma 6.220810E-02, time 3.286ms
[INFO   ] DREAMPlace - full step 13.800 ms
[INFO   ] DREAMPlace - Lsub stopping criteria: 1 and 3.01428e+07 > 2.75416e+07 * 0.999
[DEBUG  ] dreamplace.ops.logsumexp_wirelength.logsumexp_wirelength - wirelength forward 0.171 ms
[DEBUG  ] dreamplace.ops.electric_potential.electric_potential - density forward 1.167 ms
[DEBUG  ] dreamplace.ops.electric_potential.electric_potential - density backward 0.396 ms
[DEBUG  ] dreamplace.ops.logsumexp_wirelength.logsumexp_wirelength - wirelength backward 0.127 ms
[INFO   ] DREAMPlace - optimizer step 9.786 ms
[INFO   ] DREAMPlace - iteration  406, (  78,  0,  0), Obj 3.015420E+07, NetCrossing 4.650E+01, NetCrossingWeight 1.000000E+01, DensityWeight 1.480158E+05, HPWL 1.648738E+03, Overflow 4.322267E-03, MaxDensity 1.019E+00, MacroOverlap 2.699E-06, MacroOverlapWeight 8.000000E-06, gamma 6.221297E-02, time 3.212ms
[INFO   ] DREAMPlace - full step 13.995 ms
[DEBUG  ] dreamplace.ops.logsumexp_wirelength.logsumexp_wirelength - wirelength forward 0.177 ms
[DEBUG  ] dreamplace.ops.electric_potential.electric_potential - density forward 1.211 ms
[DEBUG  ] dreamplace.ops.electric_potential.electric_potential - density backward 0.387 ms
[DEBUG  ] dreamplace.ops.logsumexp_wirelength.logsumexp_wirelength - wirelength backward 0.122 ms
[INFO   ] DREAMPlace - optimizer step 9.838 ms
[INFO   ] DREAMPlace - iteration  407, (  78,  0,  1), Obj 3.283392E+07, NetCrossing 4.762E+01, NetCrossingWeight 1.000000E+01, DensityWeight 1.480158E+05, HPWL 1.648683E+03, Overflow 4.318035E-03, MaxDensity 1.019E+00, MacroOverlap 2.704E-06, MacroOverlapWeight 8.000000E-06, gamma 6.221297E-02, time 3.412ms
[INFO   ] DREAMPlace - full step 14.291 ms
[INFO   ] DREAMPlace - Lsub stopping criteria: 1 and 3.28339e+07 > 3.01542e+07 * 0.999
[DEBUG  ] dreamplace.ops.logsumexp_wirelength.logsumexp_wirelength - wirelength forward 0.180 ms
[DEBUG  ] dreamplace.ops.electric_potential.electric_potential - density forward 1.212 ms
[DEBUG  ] dreamplace.ops.electric_potential.electric_potential - density backward 0.404 ms
[DEBUG  ] dreamplace.ops.logsumexp_wirelength.logsumexp_wirelength - wirelength backward 0.121 ms
[INFO   ] DREAMPlace - optimizer step 9.820 ms
[INFO   ] DREAMPlace - iteration  408, (  78,  1,  0), Obj 3.277077E+07, NetCrossing 4.785E+01, NetCrossingWeight 1.000000E+01, DensityWeight 1.616953E+05, HPWL 1.648629E+03, Overflow 4.312025E-03, MaxDensity 1.019E+00, MacroOverlap 2.707E-06, MacroOverlapWeight 8.000000E-06, gamma 6.221297E-02, time 3.341ms
[INFO   ] DREAMPlace - full step 14.164 ms
[DEBUG  ] dreamplace.ops.logsumexp_wirelength.logsumexp_wirelength - wirelength forward 0.175 ms
[DEBUG  ] dreamplace.ops.electric_potential.electric_potential - density forward 1.168 ms
[DEBUG  ] dreamplace.ops.electric_potential.electric_potential - density backward 0.396 ms
[DEBUG  ] dreamplace.ops.logsumexp_wirelength.logsumexp_wirelength - wirelength backward 0.127 ms
[DEBUG  ] dreamplace.ops.logsumexp_wirelength.logsumexp_wirelength - wirelength forward 0.163 ms
[DEBUG  ] dreamplace.ops.electric_potential.electric_potential - density forward 1.288 ms
[DEBUG  ] dreamplace.ops.electric_potential.electric_potential - density backward 0.397 ms
[DEBUG  ] dreamplace.ops.logsumexp_wirelength.logsumexp_wirelength - wirelength backward 0.128 ms
[INFO   ] DREAMPlace - optimizer step 22.104 ms
[INFO   ] DREAMPlace - iteration  409, (  78,  1,  1), Obj 3.594492E+07, NetCrossing 4.716E+01, NetCrossingWeight 1.000000E+01, DensityWeight 1.616953E+05, HPWL 1.648576E+03, Overflow 4.306816E-03, MaxDensity 1.019E+00, MacroOverlap 2.711E-06, MacroOverlapWeight 8.000000E-06, gamma 6.221297E-02, time 3.286ms
[INFO   ] DREAMPlace - full step 26.432 ms
[INFO   ] DREAMPlace - Lsub stopping criteria: 1 and 3.59449e+07 > 3.27708e+07 * 0.999
[DEBUG  ] dreamplace.ops.logsumexp_wirelength.logsumexp_wirelength - wirelength forward 0.178 ms
[DEBUG  ] dreamplace.ops.electric_potential.electric_potential - density forward 1.239 ms
[DEBUG  ] dreamplace.ops.electric_potential.electric_potential - density backward 0.403 ms
[DEBUG  ] dreamplace.ops.logsumexp_wirelength.logsumexp_wirelength - wirelength backward 0.126 ms
[INFO   ] DREAMPlace - optimizer step 9.948 ms
[INFO   ] DREAMPlace - iteration  410, (  78,  2,  0), Obj 3.554690E+07, NetCrossing 4.716E+01, NetCrossingWeight 1.000000E+01, DensityWeight 1.766391E+05, HPWL 1.648524E+03, Overflow 4.300199E-03, MaxDensity 1.019E+00, MacroOverlap 2.712E-06, MacroOverlapWeight 8.000000E-06, gamma 6.221297E-02, time 3.380ms
[INFO   ] DREAMPlace - full step 14.346 ms
[DEBUG  ] dreamplace.ops.logsumexp_wirelength.logsumexp_wirelength - wirelength forward 0.174 ms
[DEBUG  ] dreamplace.ops.electric_potential.electric_potential - density forward 1.201 ms
[DEBUG  ] dreamplace.ops.electric_potential.electric_potential - density backward 0.424 ms
[DEBUG  ] dreamplace.ops.logsumexp_wirelength.logsumexp_wirelength - wirelength backward 0.125 ms
[DEBUG  ] dreamplace.ops.logsumexp_wirelength.logsumexp_wirelength - wirelength forward 0.162 ms
[DEBUG  ] dreamplace.ops.electric_potential.electric_potential - density forward 1.248 ms
[DEBUG  ] dreamplace.ops.electric_potential.electric_potential - density backward 0.395 ms
[DEBUG  ] dreamplace.ops.logsumexp_wirelength.logsumexp_wirelength - wirelength backward 0.121 ms
[INFO   ] DREAMPlace - optimizer step 20.008 ms
[INFO   ] DREAMPlace - iteration  411, (  78,  2,  1), Obj 3.941052E+07, NetCrossing 4.850E+01, NetCrossingWeight 1.000000E+01, DensityWeight 1.766391E+05, HPWL 1.648475E+03, Overflow 4.294350E-03, MaxDensity 1.019E+00, MacroOverlap 2.714E-06, MacroOverlapWeight 8.000000E-06, gamma 6.221297E-02, time 3.283ms
[INFO   ] DREAMPlace - full step 24.364 ms
[INFO   ] DREAMPlace - Lsub stopping criteria: 1 and 3.94105e+07 > 3.55469e+07 * 0.999
[DEBUG  ] dreamplace.ops.logsumexp_wirelength.logsumexp_wirelength - wirelength forward 0.180 ms
[DEBUG  ] dreamplace.ops.electric_potential.electric_potential - density forward 1.286 ms
[DEBUG  ] dreamplace.ops.electric_potential.electric_potential - density backward 0.401 ms
[DEBUG  ] dreamplace.ops.logsumexp_wirelength.logsumexp_wirelength - wirelength backward 0.130 ms
[DEBUG  ] dreamplace.ops.logsumexp_wirelength.logsumexp_wirelength - wirelength forward 0.164 ms
[DEBUG  ] dreamplace.ops.electric_potential.electric_potential - density forward 1.276 ms
[DEBUG  ] dreamplace.ops.electric_potential.electric_potential - density backward 0.397 ms
[DEBUG  ] dreamplace.ops.logsumexp_wirelength.logsumexp_wirelength - wirelength backward 0.144 ms
[INFO   ] DREAMPlace - optimizer step 19.590 ms
[INFO   ] DREAMPlace - iteration  412, (  78,  3,  0), Obj 3.925306E+07, NetCrossing 4.857E+01, NetCrossingWeight 1.000000E+01, DensityWeight 1.929640E+05, HPWL 1.648430E+03, Overflow 4.288384E-03, MaxDensity 1.019E+00, MacroOverlap 2.713E-06, MacroOverlapWeight 8.000000E-06, gamma 6.221297E-02, time 3.402ms
[INFO   ] DREAMPlace - full step 23.952 ms
[DEBUG  ] dreamplace.ops.logsumexp_wirelength.logsumexp_wirelength - wirelength forward 0.165 ms
[DEBUG  ] dreamplace.ops.electric_potential.electric_potential - density forward 1.252 ms
[DEBUG  ] dreamplace.ops.electric_potential.electric_potential - density backward 0.399 ms
[DEBUG  ] dreamplace.ops.logsumexp_wirelength.logsumexp_wirelength - wirelength backward 0.127 ms
[DEBUG  ] dreamplace.ops.logsumexp_wirelength.logsumexp_wirelength - wirelength forward 0.182 ms
[DEBUG  ] dreamplace.ops.electric_potential.electric_potential - density forward 1.199 ms
[DEBUG  ] dreamplace.ops.electric_potential.electric_potential - density backward 0.398 ms
[DEBUG  ] dreamplace.ops.logsumexp_wirelength.logsumexp_wirelength - wirelength backward 0.130 ms
[INFO   ] DREAMPlace - optimizer step 19.494 ms
[INFO   ] DREAMPlace - iteration  413, (  78,  3,  1), Obj 4.315388E+07, NetCrossing 4.817E+01, NetCrossingWeight 1.000000E+01, DensityWeight 1.929640E+05, HPWL 1.648389E+03, Overflow 4.283587E-03, MaxDensity 1.019E+00, MacroOverlap 2.713E-06, MacroOverlapWeight 8.000000E-06, gamma 6.221297E-02, time 3.289ms
[INFO   ] DREAMPlace - full step 23.784 ms
[INFO   ] DREAMPlace - Lsub stopping criteria: 1 and 4.31539e+07 > 3.92531e+07 * 0.999
[DEBUG  ] dreamplace.ops.logsumexp_wirelength.logsumexp_wirelength - wirelength forward 0.173 ms
[DEBUG  ] dreamplace.ops.electric_potential.electric_potential - density forward 1.184 ms
[DEBUG  ] dreamplace.ops.electric_potential.electric_potential - density backward 0.397 ms
[DEBUG  ] dreamplace.ops.logsumexp_wirelength.logsumexp_wirelength - wirelength backward 0.128 ms
[DEBUG  ] dreamplace.ops.logsumexp_wirelength.logsumexp_wirelength - wirelength forward 0.161 ms
[DEBUG  ] dreamplace.ops.electric_potential.electric_potential - density forward 1.199 ms
[DEBUG  ] dreamplace.ops.electric_potential.electric_potential - density backward 0.393 ms
[DEBUG  ] dreamplace.ops.logsumexp_wirelength.logsumexp_wirelength - wirelength backward 0.129 ms
[INFO   ] DREAMPlace - optimizer step 19.184 ms
[INFO   ] DREAMPlace - iteration  414, (  78,  4,  0), Obj 4.301467E+07, NetCrossing 4.787E+01, NetCrossingWeight 1.000000E+01, DensityWeight 2.107976E+05, HPWL 1.648347E+03, Overflow 4.278230E-03, MaxDensity 1.019E+00, MacroOverlap 2.710E-06, MacroOverlapWeight 8.000000E-06, gamma 6.221297E-02, time 3.290ms
[INFO   ] DREAMPlace - full step 23.477 ms
[DEBUG  ] dreamplace.ops.logsumexp_wirelength.logsumexp_wirelength - wirelength forward 0.173 ms
[DEBUG  ] dreamplace.ops.electric_potential.electric_potential - density forward 1.239 ms
[DEBUG  ] dreamplace.ops.electric_potential.electric_potential - density backward 0.394 ms
[DEBUG  ] dreamplace.ops.logsumexp_wirelength.logsumexp_wirelength - wirelength backward 0.129 ms
[INFO   ] DREAMPlace - optimizer step 9.996 ms
[INFO   ] DREAMPlace - iteration  415, (  78,  4,  1), Obj 4.724731E+07, NetCrossing 4.780E+01, NetCrossingWeight 1.000000E+01, DensityWeight 2.107976E+05, HPWL 1.648312E+03, Overflow 4.274374E-03, MaxDensity 1.019E+00, MacroOverlap 2.708E-06, MacroOverlapWeight 8.000000E-06, gamma 6.221297E-02, time 3.387ms
[INFO   ] DREAMPlace - full step 14.430 ms
[INFO   ] DREAMPlace - Lsub stopping criteria: 1 and 4.72473e+07 > 4.30147e+07 * 0.999
[DEBUG  ] dreamplace.ops.logsumexp_wirelength.logsumexp_wirelength - wirelength forward 0.170 ms
[DEBUG  ] dreamplace.ops.electric_potential.electric_potential - density forward 1.216 ms
[DEBUG  ] dreamplace.ops.electric_potential.electric_potential - density backward 0.392 ms
[DEBUG  ] dreamplace.ops.logsumexp_wirelength.logsumexp_wirelength - wirelength backward 0.127 ms
[INFO   ] DREAMPlace - optimizer step 9.787 ms
[INFO   ] DREAMPlace - iteration  416, (  78,  5,  0), Obj 4.731527E+07, NetCrossing 4.713E+01, NetCrossingWeight 1.000000E+01, DensityWeight 2.302793E+05, HPWL 1.648277E+03, Overflow 4.269658E-03, MaxDensity 1.019E+00, MacroOverlap 2.704E-06, MacroOverlapWeight 8.000000E-06, gamma 6.221297E-02, time 3.350ms
[INFO   ] DREAMPlace - full step 14.147 ms
[DEBUG  ] dreamplace.ops.logsumexp_wirelength.logsumexp_wirelength - wirelength forward 0.156 ms
[DEBUG  ] dreamplace.ops.electric_potential.electric_potential - density forward 1.152 ms
[DEBUG  ] dreamplace.ops.electric_potential.electric_potential - density backward 0.381 ms
[DEBUG  ] dreamplace.ops.logsumexp_wirelength.logsumexp_wirelength - wirelength backward 0.124 ms
[INFO   ] DREAMPlace - optimizer step 9.590 ms
[INFO   ] DREAMPlace - iteration  417, (  78,  5,  1), Obj 5.158242E+07, NetCrossing 4.779E+01, NetCrossingWeight 1.000000E+01, DensityWeight 2.302793E+05, HPWL 1.648242E+03, Overflow 4.266588E-03, MaxDensity 1.019E+00, MacroOverlap 2.703E-06, MacroOverlapWeight 8.000000E-06, gamma 6.221297E-02, time 3.177ms
[INFO   ] DREAMPlace - full step 13.766 ms
[INFO   ] DREAMPlace - Lsub stopping criteria: 1 and 5.15824e+07 > 4.73153e+07 * 0.999
[DEBUG  ] dreamplace.ops.logsumexp_wirelength.logsumexp_wirelength - wirelength forward 0.167 ms
[DEBUG  ] dreamplace.ops.electric_potential.electric_potential - density forward 1.208 ms
[DEBUG  ] dreamplace.ops.electric_potential.electric_potential - density backward 0.422 ms
[DEBUG  ] dreamplace.ops.logsumexp_wirelength.logsumexp_wirelength - wirelength backward 0.144 ms
[INFO   ] DREAMPlace - optimizer step 10.175 ms
[INFO   ] DREAMPlace - iteration  418, (  78,  6,  0), Obj 5.168719E+07, NetCrossing 4.726E+01, NetCrossingWeight 1.000000E+01, DensityWeight 2.515616E+05, HPWL 1.648208E+03, Overflow 4.263273E-03, MaxDensity 1.019E+00, MacroOverlap 2.699E-06, MacroOverlapWeight 8.000000E-06, gamma 6.221297E-02, time 3.277ms
[INFO   ] DREAMPlace - full step 14.436 ms
[DEBUG  ] dreamplace.ops.logsumexp_wirelength.logsumexp_wirelength - wirelength forward 0.176 ms
[DEBUG  ] dreamplace.ops.electric_potential.electric_potential - density forward 1.227 ms
[DEBUG  ] dreamplace.ops.electric_potential.electric_potential - density backward 0.396 ms
[DEBUG  ] dreamplace.ops.logsumexp_wirelength.logsumexp_wirelength - wirelength backward 0.126 ms
[INFO   ] DREAMPlace - optimizer step 9.833 ms
[INFO   ] DREAMPlace - iteration  419, (  78,  6,  1), Obj 5.631636E+07, NetCrossing 4.731E+01, NetCrossingWeight 1.000000E+01, DensityWeight 2.515616E+05, HPWL 1.648168E+03, Overflow 4.261496E-03, MaxDensity 1.019E+00, MacroOverlap 2.697E-06, MacroOverlapWeight 8.000000E-06, gamma 6.221297E-02, time 3.332ms
[INFO   ] DREAMPlace - full step 14.170 ms
[INFO   ] DREAMPlace - Lsub stopping criteria: 1 and 5.63164e+07 > 5.16872e+07 * 0.999
[DEBUG  ] dreamplace.ops.logsumexp_wirelength.logsumexp_wirelength - wirelength forward 0.174 ms
[DEBUG  ] dreamplace.ops.electric_potential.electric_potential - density forward 1.214 ms
[DEBUG  ] dreamplace.ops.electric_potential.electric_potential - density backward 0.389 ms
[DEBUG  ] dreamplace.ops.logsumexp_wirelength.logsumexp_wirelength - wirelength backward 0.124 ms
[INFO   ] DREAMPlace - optimizer step 9.840 ms
[INFO   ] DREAMPlace - iteration  420, (  78,  7,  0), Obj 5.595275E+07, NetCrossing 4.702E+01, NetCrossingWeight 1.000000E+01, DensityWeight 2.748108E+05, HPWL 1.648128E+03, Overflow 4.259557E-03, MaxDensity 1.019E+00, MacroOverlap 2.695E-06, MacroOverlapWeight 8.000000E-06, gamma 6.221297E-02, time 3.416ms
[INFO   ] DREAMPlace - full step 14.279 ms
[DEBUG  ] dreamplace.ops.logsumexp_wirelength.logsumexp_wirelength - wirelength forward 0.177 ms
[DEBUG  ] dreamplace.ops.electric_potential.electric_potential - density forward 1.233 ms
[DEBUG  ] dreamplace.ops.electric_potential.electric_potential - density backward 0.382 ms
[DEBUG  ] dreamplace.ops.logsumexp_wirelength.logsumexp_wirelength - wirelength backward 0.123 ms
[INFO   ] DREAMPlace - optimizer step 9.738 ms
[INFO   ] DREAMPlace - iteration  421, (  78,  7,  1), Obj 6.142476E+07, NetCrossing 4.712E+01, NetCrossingWeight 1.000000E+01, DensityWeight 2.748108E+05, HPWL 1.648080E+03, Overflow 4.258674E-03, MaxDensity 1.019E+00, MacroOverlap 2.693E-06, MacroOverlapWeight 8.000000E-06, gamma 6.221297E-02, time 3.444ms
[INFO   ] DREAMPlace - full step 14.190 ms
[INFO   ] DREAMPlace - Lsub stopping criteria: 1 and 6.14248e+07 > 5.59528e+07 * 0.999
[DEBUG  ] dreamplace.ops.logsumexp_wirelength.logsumexp_wirelength - wirelength forward 0.164 ms
[DEBUG  ] dreamplace.ops.electric_potential.electric_potential - density forward 1.172 ms
[DEBUG  ] dreamplace.ops.electric_potential.electric_potential - density backward 0.405 ms
[DEBUG  ] dreamplace.ops.logsumexp_wirelength.logsumexp_wirelength - wirelength backward 0.140 ms
[INFO   ] DREAMPlace - optimizer step 9.036 ms
[INFO   ] DREAMPlace - iteration  422, (  78,  8,  0), Obj 6.142101E+07, NetCrossing 4.712E+01, NetCrossingWeight 1.000000E+01, DensityWeight 3.002086E+05, HPWL 1.648026E+03, Overflow 4.257835E-03, MaxDensity 1.019E+00, MacroOverlap 2.691E-06, MacroOverlapWeight 8.000000E-06, gamma 6.221297E-02, time 3.287ms
[INFO   ] DREAMPlace - full step 13.280 ms
[DEBUG  ] dreamplace.ops.logsumexp_wirelength.logsumexp_wirelength - wirelength forward 0.167 ms
[DEBUG  ] dreamplace.ops.electric_potential.electric_potential - density forward 1.164 ms
[DEBUG  ] dreamplace.ops.electric_potential.electric_potential - density backward 0.478 ms
[DEBUG  ] dreamplace.ops.logsumexp_wirelength.logsumexp_wirelength - wirelength backward 0.120 ms
[INFO   ] DREAMPlace - optimizer step 11.136 ms
[INFO   ] DREAMPlace - iteration  423, (  78,  8,  1), Obj 6.696416E+07, NetCrossing 4.731E+01, NetCrossingWeight 1.000000E+01, DensityWeight 3.002086E+05, HPWL 1.647962E+03, Overflow 4.258737E-03, MaxDensity 1.019E+00, MacroOverlap 2.691E-06, MacroOverlapWeight 8.000000E-06, gamma 6.221297E-02, time 3.116ms
[INFO   ] DREAMPlace - full step 15.213 ms
[INFO   ] DREAMPlace - Lsub stopping criteria: 1 and 6.69642e+07 > 6.1421e+07 * 0.999
[DEBUG  ] dreamplace.ops.logsumexp_wirelength.logsumexp_wirelength - wirelength forward 0.185 ms
[DEBUG  ] dreamplace.ops.electric_potential.electric_potential - density forward 1.193 ms
[DEBUG  ] dreamplace.ops.electric_potential.electric_potential - density backward 0.349 ms
[DEBUG  ] dreamplace.ops.logsumexp_wirelength.logsumexp_wirelength - wirelength backward 0.119 ms
[INFO   ] DREAMPlace - optimizer step 9.703 ms
[INFO   ] DREAMPlace - iteration  424, (  78,  9,  0), Obj 6.694526E+07, NetCrossing 4.664E+01, NetCrossingWeight 1.000000E+01, DensityWeight 3.279537E+05, HPWL 1.647888E+03, Overflow 4.259849E-03, MaxDensity 1.019E+00, MacroOverlap 2.690E-06, MacroOverlapWeight 8.000000E-06, gamma 6.221297E-02, time 3.291ms
[INFO   ] DREAMPlace - full step 13.978 ms
[DEBUG  ] dreamplace.ops.logsumexp_wirelength.logsumexp_wirelength - wirelength forward 0.167 ms
[DEBUG  ] dreamplace.ops.electric_potential.electric_potential - density forward 1.201 ms
[DEBUG  ] dreamplace.ops.electric_potential.electric_potential - density backward 0.389 ms
[DEBUG  ] dreamplace.ops.logsumexp_wirelength.logsumexp_wirelength - wirelength backward 0.125 ms
[INFO   ] DREAMPlace - optimizer step 9.746 ms
[INFO   ] DREAMPlace - iteration  425, (  78,  9,  1), Obj 7.288066E+07, NetCrossing 4.778E+01, NetCrossingWeight 1.000000E+01, DensityWeight 3.279537E+05, HPWL 1.647801E+03, Overflow 4.261949E-03, MaxDensity 1.019E+00, MacroOverlap 2.690E-06, MacroOverlapWeight 8.000000E-06, gamma 6.221297E-02, time 3.298ms
[INFO   ] DREAMPlace - full step 14.034 ms
[INFO   ] DREAMPlace - Lsub stopping criteria: 1 and 7.28807e+07 > 6.69453e+07 * 0.999
[DEBUG  ] dreamplace.ops.logsumexp_wirelength.logsumexp_wirelength - wirelength forward 0.127 ms
[DEBUG  ] dreamplace.ops.electric_potential.electric_potential - density forward 0.915 ms
[DEBUG  ] dreamplace.ops.electric_potential.electric_potential - density backward 0.385 ms
[DEBUG  ] dreamplace.ops.logsumexp_wirelength.logsumexp_wirelength - wirelength backward 0.124 ms
[INFO   ] DREAMPlace - optimizer step 8.515 ms
[INFO   ] DREAMPlace - iteration  426, (  79,  0,  0), Obj 7.306144E+07, NetCrossing 4.777E+01, NetCrossingWeight 1.000000E+01, DensityWeight 3.582630E+05, HPWL 1.647708E+03, Overflow 4.263637E-03, MaxDensity 1.019E+00, MacroOverlap 2.688E-06, MacroOverlapWeight 8.000000E-06, gamma 6.219222E-02, time 3.132ms
[INFO   ] DREAMPlace - full step 12.595 ms
[DEBUG  ] dreamplace.ops.logsumexp_wirelength.logsumexp_wirelength - wirelength forward 0.197 ms
[DEBUG  ] dreamplace.ops.electric_potential.electric_potential - density forward 1.242 ms
[DEBUG  ] dreamplace.ops.electric_potential.electric_potential - density backward 0.388 ms
[DEBUG  ] dreamplace.ops.logsumexp_wirelength.logsumexp_wirelength - wirelength backward 0.122 ms
[INFO   ] DREAMPlace - optimizer step 9.970 ms
[INFO   ] DREAMPlace - iteration  427, (  79,  0,  1), Obj 7.946343E+07, NetCrossing 4.730E+01, NetCrossingWeight 1.000000E+01, DensityWeight 3.582630E+05, HPWL 1.647603E+03, Overflow 4.265702E-03, MaxDensity 1.015E+00, MacroOverlap 2.687E-06, MacroOverlapWeight 8.000000E-06, gamma 6.219222E-02, time 3.580ms
[INFO   ] DREAMPlace - full step 14.464 ms
[INFO   ] DREAMPlace - Lsub stopping criteria: 1 and 7.94634e+07 > 7.30614e+07 * 0.999
[DEBUG  ] dreamplace.ops.logsumexp_wirelength.logsumexp_wirelength - wirelength forward 0.177 ms
[DEBUG  ] dreamplace.ops.electric_potential.electric_potential - density forward 1.416 ms
[DEBUG  ] dreamplace.ops.electric_potential.electric_potential - density backward 0.390 ms
[DEBUG  ] dreamplace.ops.logsumexp_wirelength.logsumexp_wirelength - wirelength backward 0.122 ms
[INFO   ] DREAMPlace - optimizer step 10.294 ms
[INFO   ] DREAMPlace - iteration  428, (  79,  1,  0), Obj 7.972106E+07, NetCrossing 4.729E+01, NetCrossingWeight 1.000000E+01, DensityWeight 3.913734E+05, HPWL 1.647494E+03, Overflow 4.267157E-03, MaxDensity 1.011E+00, MacroOverlap 2.685E-06, MacroOverlapWeight 8.000000E-06, gamma 6.219222E-02, time 3.302ms
[INFO   ] DREAMPlace - full step 14.531 ms
[DEBUG  ] dreamplace.ops.logsumexp_wirelength.logsumexp_wirelength - wirelength forward 0.196 ms
[DEBUG  ] dreamplace.ops.electric_potential.electric_potential - density forward 1.284 ms
[DEBUG  ] dreamplace.ops.electric_potential.electric_potential - density backward 0.396 ms
[DEBUG  ] dreamplace.ops.logsumexp_wirelength.logsumexp_wirelength - wirelength backward 0.124 ms
[INFO   ] DREAMPlace - optimizer step 10.294 ms
[INFO   ] DREAMPlace - iteration  429, (  79,  1,  1), Obj 8.663931E+07, NetCrossing 4.800E+01, NetCrossingWeight 1.000000E+01, DensityWeight 3.913734E+05, HPWL 1.647375E+03, Overflow 4.269538E-03, MaxDensity 1.007E+00, MacroOverlap 2.684E-06, MacroOverlapWeight 8.000000E-06, gamma 6.219222E-02, time 3.572ms
[INFO   ] DREAMPlace - full step 14.935 ms
[INFO   ] DREAMPlace - Lsub stopping criteria: 1 and 8.66393e+07 > 7.97211e+07 * 0.999
[DEBUG  ] dreamplace.ops.logsumexp_wirelength.logsumexp_wirelength - wirelength forward 0.157 ms
[DEBUG  ] dreamplace.ops.electric_potential.electric_potential - density forward 1.088 ms
[DEBUG  ] dreamplace.ops.electric_potential.electric_potential - density backward 0.334 ms
[DEBUG  ] dreamplace.ops.logsumexp_wirelength.logsumexp_wirelength - wirelength backward 0.093 ms
[INFO   ] DREAMPlace - optimizer step 8.464 ms
[INFO   ] DREAMPlace - iteration  430, (  79,  2,  0), Obj 8.697315E+07, NetCrossing 4.775E+01, NetCrossingWeight 1.000000E+01, DensityWeight 4.275439E+05, HPWL 1.647256E+03, Overflow 4.271140E-03, MaxDensity 1.004E+00, MacroOverlap 2.681E-06, MacroOverlapWeight 8.000000E-06, gamma 6.219222E-02, time 3.433ms
[INFO   ] DREAMPlace - full step 12.881 ms
[DEBUG  ] dreamplace.ops.logsumexp_wirelength.logsumexp_wirelength - wirelength forward 0.153 ms
[DEBUG  ] dreamplace.ops.electric_potential.electric_potential - density forward 1.087 ms
[DEBUG  ] dreamplace.ops.electric_potential.electric_potential - density backward 0.470 ms
[DEBUG  ] dreamplace.ops.logsumexp_wirelength.logsumexp_wirelength - wirelength backward 0.196 ms
[INFO   ] DREAMPlace - optimizer step 9.455 ms
[INFO   ] DREAMPlace - iteration  431, (  79,  2,  1), Obj 9.486534E+07, NetCrossing 4.776E+01, NetCrossingWeight 1.000000E+01, DensityWeight 4.275439E+05, HPWL 1.647130E+03, Overflow 4.273294E-03, MaxDensity 1.000E+00, MacroOverlap 2.680E-06, MacroOverlapWeight 8.000000E-06, gamma 6.219222E-02, time 3.127ms
[INFO   ] DREAMPlace - full step 13.414 ms
[INFO   ] DREAMPlace - Lsub stopping criteria: 1 and 9.48653e+07 > 8.69732e+07 * 0.999
[DEBUG  ] dreamplace.ops.logsumexp_wirelength.logsumexp_wirelength - wirelength forward 0.151 ms
[DEBUG  ] dreamplace.ops.electric_potential.electric_potential - density forward 1.093 ms
[DEBUG  ] dreamplace.ops.electric_potential.electric_potential - density backward 0.345 ms
[DEBUG  ] dreamplace.ops.logsumexp_wirelength.logsumexp_wirelength - wirelength backward 0.101 ms
[INFO   ] DREAMPlace - optimizer step 8.552 ms
[INFO   ] DREAMPlace - iteration  432, (  79,  3,  0), Obj 9.492133E+07, NetCrossing 4.691E+01, NetCrossingWeight 1.000000E+01, DensityWeight 4.670573E+05, HPWL 1.647006E+03, Overflow 4.274631E-03, MaxDensity 9.969E-01, MacroOverlap 2.677E-06, MacroOverlapWeight 8.000000E-06, gamma 6.219222E-02, time 2.930ms
[INFO   ] DREAMPlace - full step 12.313 ms
[DEBUG  ] dreamplace.ops.logsumexp_wirelength.logsumexp_wirelength - wirelength forward 0.127 ms
[DEBUG  ] dreamplace.ops.electric_potential.electric_potential - density forward 0.913 ms
[DEBUG  ] dreamplace.ops.electric_potential.electric_potential - density backward 0.413 ms
[DEBUG  ] dreamplace.ops.logsumexp_wirelength.logsumexp_wirelength - wirelength backward 0.143 ms
[INFO   ] DREAMPlace - optimizer step 9.070 ms
[INFO   ] DREAMPlace - iteration  433, (  79,  3,  1), Obj 1.036936E+08, NetCrossing 4.768E+01, NetCrossingWeight 1.000000E+01, DensityWeight 4.670573E+05, HPWL 1.646880E+03, Overflow 4.276398E-03, MaxDensity 9.937E-01, MacroOverlap 2.676E-06, MacroOverlapWeight 8.000000E-06, gamma 6.219222E-02, time 2.703ms
[INFO   ] DREAMPlace - full step 12.660 ms
[INFO   ] DREAMPlace - Lsub stopping criteria: 1 and 1.03694e+08 > 9.49213e+07 * 0.999
[INFO   ] DREAMPlace - Llambda stopping criteria: 3 and (( 0.0042764 < 0.1 and 1646.88 > 1647.13 ) or 0.993715 < 1.0)
[DEBUG  ] dreamplace.ops.logsumexp_wirelength.logsumexp_wirelength - wirelength forward 0.179 ms
[DEBUG  ] dreamplace.ops.electric_potential.electric_potential - density forward 1.184 ms
[DEBUG  ] dreamplace.ops.electric_potential.electric_potential - density backward 0.412 ms
[DEBUG  ] dreamplace.ops.logsumexp_wirelength.logsumexp_wirelength - wirelength backward 0.136 ms
[INFO   ] DREAMPlace - optimizer step 10.017 ms
[INFO   ] DREAMPlace - iteration  434, (  80,  0,  0), Obj 1.036010E+08, NetCrossing 4.814E+01, NetCrossingWeight 1.000000E+01, DensityWeight 5.102224E+05, HPWL 1.646754E+03, Overflow 4.277722E-03, MaxDensity 9.907E-01, MacroOverlap 2.673E-06, MacroOverlapWeight 8.000000E-06, gamma 6.219684E-02, time 3.324ms
[INFO   ] DREAMPlace - full step 14.308 ms
[DEBUG  ] dreamplace.ops.logsumexp_wirelength.logsumexp_wirelength - wirelength forward 0.165 ms
[DEBUG  ] dreamplace.ops.electric_potential.electric_potential - density forward 1.165 ms
[DEBUG  ] dreamplace.ops.electric_potential.electric_potential - density backward 0.399 ms
[DEBUG  ] dreamplace.ops.logsumexp_wirelength.logsumexp_wirelength - wirelength backward 0.141 ms
[INFO   ] DREAMPlace - optimizer step 9.531 ms
[INFO   ] DREAMPlace - iteration  435, (  80,  0,  1), Obj 1.128861E+08, NetCrossing 4.728E+01, NetCrossingWeight 1.000000E+01, DensityWeight 5.102224E+05, HPWL 1.646627E+03, Overflow 4.279547E-03, MaxDensity 9.877E-01, MacroOverlap 2.672E-06, MacroOverlapWeight 8.000000E-06, gamma 6.219684E-02, time 3.246ms
[INFO   ] DREAMPlace - full step 13.755 ms
[INFO   ] DREAMPlace - Lsub stopping criteria: 1 and 1.12886e+08 > 1.03601e+08 * 0.999
[DEBUG  ] dreamplace.ops.logsumexp_wirelength.logsumexp_wirelength - wirelength forward 0.162 ms
[DEBUG  ] dreamplace.ops.electric_potential.electric_potential - density forward 1.152 ms
[DEBUG  ] dreamplace.ops.electric_potential.electric_potential - density backward 0.382 ms
[DEBUG  ] dreamplace.ops.logsumexp_wirelength.logsumexp_wirelength - wirelength backward 0.117 ms
[INFO   ] DREAMPlace - optimizer step 9.296 ms
[INFO   ] DREAMPlace - iteration  436, (  80,  1,  0), Obj 1.132699E+08, NetCrossing 4.793E+01, NetCrossingWeight 1.000000E+01, DensityWeight 5.573769E+05, HPWL 1.646500E+03, Overflow 4.280383E-03, MaxDensity 9.849E-01, MacroOverlap 2.671E-06, MacroOverlapWeight 8.000000E-06, gamma 6.219684E-02, time 3.242ms
[INFO   ] DREAMPlace - full step 13.486 ms
[DEBUG  ] dreamplace.ops.logsumexp_wirelength.logsumexp_wirelength - wirelength forward 0.158 ms
[DEBUG  ] dreamplace.ops.electric_potential.electric_potential - density forward 1.343 ms
[DEBUG  ] dreamplace.ops.electric_potential.electric_potential - density backward 0.430 ms
[DEBUG  ] dreamplace.ops.logsumexp_wirelength.logsumexp_wirelength - wirelength backward 0.103 ms
[INFO   ] DREAMPlace - optimizer step 10.231 ms
[INFO   ] DREAMPlace - iteration  437, (  80,  1,  1), Obj 1.235936E+08, NetCrossing 4.746E+01, NetCrossingWeight 1.000000E+01, DensityWeight 5.573769E+05, HPWL 1.646371E+03, Overflow 4.282488E-03, MaxDensity 9.821E-01, MacroOverlap 2.671E-06, MacroOverlapWeight 8.000000E-06, gamma 6.219684E-02, time 3.170ms
[INFO   ] DREAMPlace - full step 14.363 ms
[INFO   ] DREAMPlace - Lsub stopping criteria: 1 and 1.23594e+08 > 1.1327e+08 * 0.999
[INFO   ] DREAMPlace - Llambda stopping criteria: 1 and (( 0.00428249 < 0.1 and 1646.37 > 1646.63 ) or 0.982124 < 1.0)
[DEBUG  ] dreamplace.ops.logsumexp_wirelength.logsumexp_wirelength - wirelength forward 0.167 ms
[DEBUG  ] dreamplace.ops.electric_potential.electric_potential - density forward 1.157 ms
[DEBUG  ] dreamplace.ops.electric_potential.electric_potential - density backward 0.417 ms
[DEBUG  ] dreamplace.ops.logsumexp_wirelength.logsumexp_wirelength - wirelength backward 0.097 ms
[DEBUG  ] dreamplace.ops.logsumexp_wirelength.logsumexp_wirelength - wirelength forward 0.158 ms
[DEBUG  ] dreamplace.ops.electric_potential.electric_potential - density forward 1.170 ms
[DEBUG  ] dreamplace.ops.electric_potential.electric_potential - density backward 0.386 ms
[DEBUG  ] dreamplace.ops.logsumexp_wirelength.logsumexp_wirelength - wirelength backward 0.128 ms
[INFO   ] DREAMPlace - optimizer step 19.168 ms
[INFO   ] DREAMPlace - iteration  438, (  81,  0,  0), Obj 1.236875E+08, NetCrossing 4.793E+01, NetCrossingWeight 1.000000E+01, DensityWeight 6.088893E+05, HPWL 1.646243E+03, Overflow 4.284007E-03, MaxDensity 9.794E-01, MacroOverlap 2.671E-06, MacroOverlapWeight 8.000000E-06, gamma 6.219876E-02, time 3.247ms
[INFO   ] DREAMPlace - full step 23.407 ms
[DEBUG  ] dreamplace.ops.logsumexp_wirelength.logsumexp_wirelength - wirelength forward 0.183 ms
[DEBUG  ] dreamplace.ops.electric_potential.electric_potential - density forward 1.171 ms
[DEBUG  ] dreamplace.ops.electric_potential.electric_potential - density backward 0.387 ms
[DEBUG  ] dreamplace.ops.logsumexp_wirelength.logsumexp_wirelength - wirelength backward 0.124 ms
[INFO   ] DREAMPlace - optimizer step 9.618 ms
[INFO   ] DREAMPlace - iteration  439, (  81,  0,  1), Obj 1.334374E+08, NetCrossing 4.792E+01, NetCrossingWeight 1.000000E+01, DensityWeight 6.088893E+05, HPWL 1.646117E+03, Overflow 4.286114E-03, MaxDensity 9.768E-01, MacroOverlap 2.671E-06, MacroOverlapWeight 8.000000E-06, gamma 6.219876E-02, time 3.274ms
[INFO   ] DREAMPlace - full step 13.867 ms
[INFO   ] DREAMPlace - Lsub stopping criteria: 1 and 1.33437e+08 > 1.23687e+08 * 0.999
[DEBUG  ] dreamplace.ops.logsumexp_wirelength.logsumexp_wirelength - wirelength forward 0.161 ms
[DEBUG  ] dreamplace.ops.electric_potential.electric_potential - density forward 1.167 ms
[DEBUG  ] dreamplace.ops.electric_potential.electric_potential - density backward 0.329 ms
[DEBUG  ] dreamplace.ops.logsumexp_wirelength.logsumexp_wirelength - wirelength backward 0.095 ms
[INFO   ] DREAMPlace - optimizer step 8.614 ms
[INFO   ] DREAMPlace - iteration  440, (  81,  1,  0), Obj 1.350697E+08, NetCrossing 4.703E+01, NetCrossingWeight 1.000000E+01, DensityWeight 6.651625E+05, HPWL 1.646001E+03, Overflow 4.288067E-03, MaxDensity 9.741E-01, MacroOverlap 2.672E-06, MacroOverlapWeight 8.000000E-06, gamma 6.219876E-02, time 3.214ms
[INFO   ] DREAMPlace - full step 12.782 ms
[DEBUG  ] dreamplace.ops.logsumexp_wirelength.logsumexp_wirelength - wirelength forward 0.169 ms
[DEBUG  ] dreamplace.ops.electric_potential.electric_potential - density forward 1.178 ms
[DEBUG  ] dreamplace.ops.electric_potential.electric_potential - density backward 0.341 ms
[DEBUG  ] dreamplace.ops.logsumexp_wirelength.logsumexp_wirelength - wirelength backward 0.097 ms
[DEBUG  ] dreamplace.ops.logsumexp_wirelength.logsumexp_wirelength - wirelength forward 0.161 ms
[DEBUG  ] dreamplace.ops.electric_potential.electric_potential - density forward 1.143 ms
[DEBUG  ] dreamplace.ops.electric_potential.electric_potential - density backward 0.348 ms
[DEBUG  ] dreamplace.ops.logsumexp_wirelength.logsumexp_wirelength - wirelength backward 0.103 ms
[INFO   ] DREAMPlace - optimizer step 17.339 ms
[INFO   ] DREAMPlace - iteration  441, (  81,  1,  1), Obj 1.476104E+08, NetCrossing 4.791E+01, NetCrossingWeight 1.000000E+01, DensityWeight 6.651625E+05, HPWL 1.645904E+03, Overflow 4.289446E-03, MaxDensity 9.715E-01, MacroOverlap 2.672E-06, MacroOverlapWeight 8.000000E-06, gamma 6.219876E-02, time 3.241ms
[INFO   ] DREAMPlace - full step 21.544 ms
[INFO   ] DREAMPlace - Lsub stopping criteria: 1 and 1.4761e+08 > 1.3507e+08 * 0.999
[INFO   ] DREAMPlace - Llambda stopping criteria: 1 and (( 0.00428945 < 0.1 and 1645.9 > 1646.12 ) or 0.971499 < 1.0)
[DEBUG  ] dreamplace.ops.logsumexp_wirelength.logsumexp_wirelength - wirelength forward 0.128 ms
[DEBUG  ] dreamplace.ops.electric_potential.electric_potential - density forward 0.893 ms
[DEBUG  ] dreamplace.ops.electric_potential.electric_potential - density backward 0.364 ms
[DEBUG  ] dreamplace.ops.logsumexp_wirelength.logsumexp_wirelength - wirelength backward 0.113 ms
[DEBUG  ] dreamplace.ops.logsumexp_wirelength.logsumexp_wirelength - wirelength forward 0.119 ms
[DEBUG  ] dreamplace.ops.electric_potential.electric_potential - density forward 0.905 ms
[DEBUG  ] dreamplace.ops.electric_potential.electric_potential - density backward 0.350 ms
[DEBUG  ] dreamplace.ops.logsumexp_wirelength.logsumexp_wirelength - wirelength backward 0.104 ms
[INFO   ] DREAMPlace - optimizer step 16.330 ms
[INFO   ] DREAMPlace - iteration  442, (  82,  0,  0), Obj 1.477094E+08, NetCrossing 4.703E+01, NetCrossingWeight 1.000000E+01, DensityWeight 7.266364E+05, HPWL 1.645810E+03, Overflow 4.290963E-03, MaxDensity 9.692E-01, MacroOverlap 2.673E-06, MacroOverlapWeight 8.000000E-06, gamma 6.220098E-02, time 2.742ms
[INFO   ] DREAMPlace - full step 19.992 ms
[DEBUG  ] dreamplace.ops.logsumexp_wirelength.logsumexp_wirelength - wirelength forward 0.194 ms
[DEBUG  ] dreamplace.ops.electric_potential.electric_potential - density forward 1.241 ms
[DEBUG  ] dreamplace.ops.electric_potential.electric_potential - density backward 0.391 ms
[DEBUG  ] dreamplace.ops.logsumexp_wirelength.logsumexp_wirelength - wirelength backward 0.129 ms
[DEBUG  ] dreamplace.ops.logsumexp_wirelength.logsumexp_wirelength - wirelength forward 0.124 ms
[DEBUG  ] dreamplace.ops.electric_potential.electric_potential - density forward 0.912 ms
[DEBUG  ] dreamplace.ops.electric_potential.electric_potential - density backward 0.502 ms
[DEBUG  ] dreamplace.ops.logsumexp_wirelength.logsumexp_wirelength - wirelength backward 0.187 ms
[INFO   ] DREAMPlace - optimizer step 19.980 ms
[INFO   ] DREAMPlace - iteration  443, (  82,  0,  1), Obj 1.614773E+08, NetCrossing 4.725E+01, NetCrossingWeight 1.000000E+01, DensityWeight 7.266364E+05, HPWL 1.645725E+03, Overflow 4.291893E-03, MaxDensity 9.669E-01, MacroOverlap 2.673E-06, MacroOverlapWeight 8.000000E-06, gamma 6.220098E-02, time 3.521ms
[INFO   ] DREAMPlace - full step 24.498 ms
[INFO   ] DREAMPlace - Lsub stopping criteria: 1 and 1.61477e+08 > 1.47709e+08 * 0.999
[DEBUG  ] dreamplace.ops.logsumexp_wirelength.logsumexp_wirelength - wirelength forward 0.159 ms
[DEBUG  ] dreamplace.ops.electric_potential.electric_potential - density forward 1.338 ms
[DEBUG  ] dreamplace.ops.electric_potential.electric_potential - density backward 0.458 ms
[DEBUG  ] dreamplace.ops.logsumexp_wirelength.logsumexp_wirelength - wirelength backward 0.160 ms
[DEBUG  ] dreamplace.ops.logsumexp_wirelength.logsumexp_wirelength - wirelength forward 0.180 ms
[DEBUG  ] dreamplace.ops.electric_potential.electric_potential - density forward 1.089 ms
[DEBUG  ] dreamplace.ops.electric_potential.electric_potential - density backward 0.380 ms
[DEBUG  ] dreamplace.ops.logsumexp_wirelength.logsumexp_wirelength - wirelength backward 0.123 ms
[INFO   ] DREAMPlace - optimizer step 20.411 ms
[INFO   ] DREAMPlace - iteration  444, (  82,  1,  0), Obj 1.624154E+08, NetCrossing 4.768E+01, NetCrossingWeight 1.000000E+01, DensityWeight 7.937918E+05, HPWL 1.645648E+03, Overflow 4.293714E-03, MaxDensity 9.652E-01, MacroOverlap 2.673E-06, MacroOverlapWeight 8.000000E-06, gamma 6.220098E-02, time 3.281ms
[INFO   ] DREAMPlace - full step 24.797 ms
[DEBUG  ] dreamplace.ops.logsumexp_wirelength.logsumexp_wirelength - wirelength forward 0.181 ms
[DEBUG  ] dreamplace.ops.electric_potential.electric_potential - density forward 1.233 ms
[DEBUG  ] dreamplace.ops.electric_potential.electric_potential - density backward 0.376 ms
[DEBUG  ] dreamplace.ops.logsumexp_wirelength.logsumexp_wirelength - wirelength backward 0.103 ms
[INFO   ] DREAMPlace - optimizer step 9.429 ms
[INFO   ] DREAMPlace - iteration  445, (  82,  1,  1), Obj 1.772680E+08, NetCrossing 4.790E+01, NetCrossingWeight 1.000000E+01, DensityWeight 7.937918E+05, HPWL 1.645583E+03, Overflow 4.294541E-03, MaxDensity 9.682E-01, MacroOverlap 2.672E-06, MacroOverlapWeight 8.000000E-06, gamma 6.220098E-02, time 3.452ms
[INFO   ] DREAMPlace - full step 13.932 ms
[INFO   ] DREAMPlace - Lsub stopping criteria: 1 and 1.77268e+08 > 1.62415e+08 * 0.999
[INFO   ] DREAMPlace - Llambda stopping criteria: 1 and (( 0.00429454 < 0.1 and 1645.58 > 1645.73 ) or 0.968244 < 1.0)
[DEBUG  ] dreamplace.ops.logsumexp_wirelength.logsumexp_wirelength - wirelength forward 0.187 ms
[DEBUG  ] dreamplace.ops.electric_potential.electric_potential - density forward 1.257 ms
[DEBUG  ] dreamplace.ops.electric_potential.electric_potential - density backward 0.374 ms
[DEBUG  ] dreamplace.ops.logsumexp_wirelength.logsumexp_wirelength - wirelength backward 0.098 ms
[DEBUG  ] dreamplace.ops.logsumexp_wirelength.logsumexp_wirelength - wirelength forward 0.162 ms
[DEBUG  ] dreamplace.ops.electric_potential.electric_potential - density forward 1.218 ms
[DEBUG  ] dreamplace.ops.electric_potential.electric_potential - density backward 0.411 ms
[DEBUG  ] dreamplace.ops.logsumexp_wirelength.logsumexp_wirelength - wirelength backward 0.145 ms
[INFO   ] DREAMPlace - optimizer step 19.954 ms
[INFO   ] DREAMPlace - iteration  446, (  83,  0,  0), Obj 1.781643E+08, NetCrossing 4.671E+01, NetCrossingWeight 1.000000E+01, DensityWeight 8.671535E+05, HPWL 1.645531E+03, Overflow 4.296121E-03, MaxDensity 9.713E-01, MacroOverlap 2.672E-06, MacroOverlapWeight 8.000000E-06, gamma 6.220260E-02, time 3.438ms
[INFO   ] DREAMPlace - full step 24.558 ms
[DEBUG  ] dreamplace.ops.logsumexp_wirelength.logsumexp_wirelength - wirelength forward 0.133 ms
[DEBUG  ] dreamplace.ops.electric_potential.electric_potential - density forward 1.333 ms
[DEBUG  ] dreamplace.ops.electric_potential.electric_potential - density backward 0.408 ms
[DEBUG  ] dreamplace.ops.logsumexp_wirelength.logsumexp_wirelength - wirelength backward 0.130 ms
[INFO   ] DREAMPlace - optimizer step 9.773 ms
[INFO   ] DREAMPlace - iteration  447, (  83,  0,  1), Obj 1.940103E+08, NetCrossing 4.753E+01, NetCrossingWeight 1.000000E+01, DensityWeight 8.671535E+05, HPWL 1.645490E+03, Overflow 4.296716E-03, MaxDensity 9.743E-01, MacroOverlap 2.671E-06, MacroOverlapWeight 8.000000E-06, gamma 6.220260E-02, time 3.021ms
[INFO   ] DREAMPlace - full step 13.822 ms
[INFO   ] DREAMPlace - Lsub stopping criteria: 1 and 1.9401e+08 > 1.78164e+08 * 0.999
[DEBUG  ] dreamplace.ops.logsumexp_wirelength.logsumexp_wirelength - wirelength forward 0.135 ms
[DEBUG  ] dreamplace.ops.electric_potential.electric_potential - density forward 0.945 ms
[DEBUG  ] dreamplace.ops.electric_potential.electric_potential - density backward 0.393 ms
[DEBUG  ] dreamplace.ops.logsumexp_wirelength.logsumexp_wirelength - wirelength backward 0.124 ms
[INFO   ] DREAMPlace - optimizer step 8.860 ms
[INFO   ] DREAMPlace - iteration  448, (  83,  1,  0), Obj 1.934488E+08, NetCrossing 4.741E+01, NetCrossingWeight 1.000000E+01, DensityWeight 9.472953E+05, HPWL 1.645460E+03, Overflow 4.298002E-03, MaxDensity 9.773E-01, MacroOverlap 2.670E-06, MacroOverlapWeight 8.000000E-06, gamma 6.220260E-02, time 3.143ms
[INFO   ] DREAMPlace - full step 13.091 ms
[DEBUG  ] dreamplace.ops.logsumexp_wirelength.logsumexp_wirelength - wirelength forward 0.130 ms
[DEBUG  ] dreamplace.ops.electric_potential.electric_potential - density forward 0.907 ms
[DEBUG  ] dreamplace.ops.electric_potential.electric_potential - density backward 0.384 ms
[DEBUG  ] dreamplace.ops.logsumexp_wirelength.logsumexp_wirelength - wirelength backward 0.123 ms
[INFO   ] DREAMPlace - optimizer step 8.574 ms
[INFO   ] DREAMPlace - iteration  449, (  83,  1,  1), Obj 2.111570E+08, NetCrossing 4.790E+01, NetCrossingWeight 1.000000E+01, DensityWeight 9.472953E+05, HPWL 1.645443E+03, Overflow 4.298426E-03, MaxDensity 9.803E-01, MacroOverlap 2.668E-06, MacroOverlapWeight 8.000000E-06, gamma 6.220260E-02, time 2.943ms
[INFO   ] DREAMPlace - full step 12.547 ms
[INFO   ] DREAMPlace - Lsub stopping criteria: 1 and 2.11157e+08 > 1.93449e+08 * 0.999
[INFO   ] DREAMPlace - Llambda stopping criteria: 1 and (( 0.00429843 < 0.1 and 1645.44 > 1645.49 ) or 0.980314 < 1.0)
[DEBUG  ] dreamplace.ops.logsumexp_wirelength.logsumexp_wirelength - wirelength forward 0.186 ms
[DEBUG  ] dreamplace.ops.electric_potential.electric_potential - density forward 1.224 ms
[DEBUG  ] dreamplace.ops.electric_potential.electric_potential - density backward 0.399 ms
[DEBUG  ] dreamplace.ops.logsumexp_wirelength.logsumexp_wirelength - wirelength backward 0.129 ms
[INFO   ] DREAMPlace - optimizer step 10.023 ms
[INFO   ] DREAMPlace - iteration  450, (  84,  0,  0), Obj 2.121015E+08, NetCrossing 4.790E+01, NetCrossingWeight 1.000000E+01, DensityWeight 1.034844E+06, HPWL 1.645434E+03, Overflow 4.299236E-03, MaxDensity 9.833E-01, MacroOverlap 2.666E-06, MacroOverlapWeight 8.000000E-06, gamma 6.220383E-02, time 3.340ms
[INFO   ] DREAMPlace - full step 14.365 ms
[DEBUG  ] dreamplace.ops.logsumexp_wirelength.logsumexp_wirelength - wirelength forward 0.170 ms
[DEBUG  ] dreamplace.ops.electric_potential.electric_potential - density forward 1.199 ms
[DEBUG  ] dreamplace.ops.electric_potential.electric_potential - density backward 0.397 ms
[DEBUG  ] dreamplace.ops.logsumexp_wirelength.logsumexp_wirelength - wirelength backward 0.129 ms
[INFO   ] DREAMPlace - optimizer step 9.860 ms
[INFO   ] DREAMPlace - iteration  451, (  84,  0,  1), Obj 2.308916E+08, NetCrossing 4.702E+01, NetCrossingWeight 1.000000E+01, DensityWeight 1.034844E+06, HPWL 1.645437E+03, Overflow 4.299235E-03, MaxDensity 9.864E-01, MacroOverlap 2.663E-06, MacroOverlapWeight 8.000000E-06, gamma 6.220383E-02, time 3.366ms
[INFO   ] DREAMPlace - full step 14.309 ms
[INFO   ] DREAMPlace - Lsub stopping criteria: 1 and 2.30892e+08 > 2.12101e+08 * 0.999
[DEBUG  ] dreamplace.ops.logsumexp_wirelength.logsumexp_wirelength - wirelength forward 0.176 ms
[DEBUG  ] dreamplace.ops.electric_potential.electric_potential - density forward 1.242 ms
[DEBUG  ] dreamplace.ops.electric_potential.electric_potential - density backward 0.400 ms
[DEBUG  ] dreamplace.ops.logsumexp_wirelength.logsumexp_wirelength - wirelength backward 0.129 ms
[INFO   ] DREAMPlace - optimizer step 10.077 ms
[INFO   ] DREAMPlace - iteration  452, (  84,  1,  0), Obj 2.307197E+08, NetCrossing 4.794E+01, NetCrossingWeight 1.000000E+01, DensityWeight 1.130483E+06, HPWL 1.645446E+03, Overflow 4.299604E-03, MaxDensity 9.896E-01, MacroOverlap 2.662E-06, MacroOverlapWeight 8.000000E-06, gamma 6.220383E-02, time 3.426ms
[INFO   ] DREAMPlace - full step 14.531 ms
[DEBUG  ] dreamplace.ops.logsumexp_wirelength.logsumexp_wirelength - wirelength forward 0.181 ms
[DEBUG  ] dreamplace.ops.electric_potential.electric_potential - density forward 1.201 ms
[DEBUG  ] dreamplace.ops.electric_potential.electric_potential - density backward 0.404 ms
[DEBUG  ] dreamplace.ops.logsumexp_wirelength.logsumexp_wirelength - wirelength backward 0.131 ms
[INFO   ] DREAMPlace - optimizer step 9.926 ms
[INFO   ] DREAMPlace - iteration  453, (  84,  1,  1), Obj 2.509301E+08, NetCrossing 4.710E+01, NetCrossingWeight 1.000000E+01, DensityWeight 1.130483E+06, HPWL 1.645462E+03, Overflow 4.300037E-03, MaxDensity 9.931E-01, MacroOverlap 2.659E-06, MacroOverlapWeight 8.000000E-06, gamma 6.220383E-02, time 3.375ms
[INFO   ] DREAMPlace - full step 14.322 ms
[INFO   ] DREAMPlace - Lsub stopping criteria: 1 and 2.5093e+08 > 2.3072e+08 * 0.999
[INFO   ] DREAMPlace - Llambda stopping criteria: 1 and (( 0.00430004 < 0.1 and 1645.46 > 1645.44 ) or 0.993074 < 1.0)
[DEBUG  ] dreamplace.ops.logsumexp_wirelength.logsumexp_wirelength - wirelength forward 0.176 ms
[DEBUG  ] dreamplace.ops.electric_potential.electric_potential - density forward 1.209 ms
[DEBUG  ] dreamplace.ops.electric_potential.electric_potential - density backward 0.396 ms
[DEBUG  ] dreamplace.ops.logsumexp_wirelength.logsumexp_wirelength - wirelength backward 0.129 ms
[INFO   ] DREAMPlace - optimizer step 9.832 ms
[INFO   ] DREAMPlace - iteration  454, (  85,  0,  0), Obj 2.509806E+08, NetCrossing 4.723E+01, NetCrossingWeight 1.000000E+01, DensityWeight 1.260165E+06, HPWL 1.645481E+03, Overflow 4.300847E-03, MaxDensity 9.968E-01, MacroOverlap 2.658E-06, MacroOverlapWeight 8.000000E-06, gamma 6.220434E-02, time 3.369ms
[INFO   ] DREAMPlace - full step 14.192 ms
[DEBUG  ] dreamplace.ops.logsumexp_wirelength.logsumexp_wirelength - wirelength forward 0.176 ms
[DEBUG  ] dreamplace.ops.electric_potential.electric_potential - density forward 1.204 ms
[DEBUG  ] dreamplace.ops.electric_potential.electric_potential - density backward 0.399 ms
[DEBUG  ] dreamplace.ops.logsumexp_wirelength.logsumexp_wirelength - wirelength backward 0.128 ms
[INFO   ] DREAMPlace - optimizer step 9.796 ms
[INFO   ] DREAMPlace - iteration  455, (  85,  0,  1), Obj 2.802039E+08, NetCrossing 4.788E+01, NetCrossingWeight 1.000000E+01, DensityWeight 1.260165E+06, HPWL 1.645505E+03, Overflow 4.302450E-03, MaxDensity 1.001E+00, MacroOverlap 2.657E-06, MacroOverlapWeight 8.000000E-06, gamma 6.220434E-02, time 3.347ms
[INFO   ] DREAMPlace - full step 14.150 ms
[INFO   ] DREAMPlace - Lsub stopping criteria: 1 and 2.80204e+08 > 2.50981e+08 * 0.999
[DEBUG  ] dreamplace.ops.logsumexp_wirelength.logsumexp_wirelength - wirelength forward 0.183 ms
[DEBUG  ] dreamplace.ops.electric_potential.electric_potential - density forward 1.220 ms
[DEBUG  ] dreamplace.ops.electric_potential.electric_potential - density backward 0.397 ms
[DEBUG  ] dreamplace.ops.logsumexp_wirelength.logsumexp_wirelength - wirelength backward 0.127 ms
[INFO   ] DREAMPlace - optimizer step 9.994 ms
[INFO   ] DREAMPlace - iteration  456, (  85,  1,  0), Obj 2.785410E+08, NetCrossing 4.670E+01, NetCrossingWeight 1.000000E+01, DensityWeight 1.404723E+06, HPWL 1.645528E+03, Overflow 4.304501E-03, MaxDensity 1.005E+00, MacroOverlap 2.657E-06, MacroOverlapWeight 8.000000E-06, gamma 6.220434E-02, time 3.397ms
[INFO   ] DREAMPlace - full step 14.395 ms
[DEBUG  ] dreamplace.ops.logsumexp_wirelength.logsumexp_wirelength - wirelength forward 0.181 ms
[DEBUG  ] dreamplace.ops.electric_potential.electric_potential - density forward 1.194 ms
[DEBUG  ] dreamplace.ops.electric_potential.electric_potential - density backward 0.396 ms
[DEBUG  ] dreamplace.ops.logsumexp_wirelength.logsumexp_wirelength - wirelength backward 0.128 ms
[INFO   ] DREAMPlace - optimizer step 9.849 ms
[INFO   ] DREAMPlace - iteration  457, (  85,  1,  1), Obj 3.103925E+08, NetCrossing 4.765E+01, NetCrossingWeight 1.000000E+01, DensityWeight 1.404723E+06, HPWL 1.645552E+03, Overflow 4.306857E-03, MaxDensity 1.009E+00, MacroOverlap 2.657E-06, MacroOverlapWeight 8.000000E-06, gamma 6.220434E-02, time 3.344ms
[INFO   ] DREAMPlace - full step 14.192 ms
[INFO   ] DREAMPlace - Lsub stopping criteria: 1 and 3.10392e+08 > 2.78541e+08 * 0.999
[INFO   ] DREAMPlace - Llambda stopping criteria: 1 and (( 0.00430686 < 0.1 and 1645.55 > 1645.5 ) or 1.00883 < 1.0)
[DEBUG  ] dreamplace.ops.logsumexp_wirelength.logsumexp_wirelength - wirelength forward 0.183 ms
[DEBUG  ] dreamplace.ops.electric_potential.electric_potential - density forward 1.204 ms
[DEBUG  ] dreamplace.ops.electric_potential.electric_potential - density backward 0.396 ms
[DEBUG  ] dreamplace.ops.logsumexp_wirelength.logsumexp_wirelength - wirelength backward 0.124 ms
[INFO   ] DREAMPlace - optimizer step 14.547 ms
[INFO   ] DREAMPlace - iteration  458, (  86,  0,  0), Obj 3.115463E+08, NetCrossing 4.721E+01, NetCrossingWeight 1.000000E+01, DensityWeight 1.565864E+06, HPWL 1.645570E+03, Overflow 4.309858E-03, MaxDensity 1.013E+00, MacroOverlap 2.659E-06, MacroOverlapWeight 8.000000E-06, gamma 6.220651E-02, time 3.347ms
[INFO   ] DREAMPlace - full step 18.971 ms
[DEBUG  ] dreamplace.ops.logsumexp_wirelength.logsumexp_wirelength - wirelength forward 0.188 ms
[DEBUG  ] dreamplace.ops.electric_potential.electric_potential - density forward 1.240 ms
[DEBUG  ] dreamplace.ops.electric_potential.electric_potential - density backward 0.399 ms
[DEBUG  ] dreamplace.ops.logsumexp_wirelength.logsumexp_wirelength - wirelength backward 0.132 ms
[INFO   ] DREAMPlace - optimizer step 10.355 ms
[INFO   ] DREAMPlace - iteration  459, (  86,  0,  1), Obj 3.454968E+08, NetCrossing 4.766E+01, NetCrossingWeight 1.000000E+01, DensityWeight 1.565864E+06, HPWL 1.645587E+03, Overflow 4.312902E-03, MaxDensity 1.017E+00, MacroOverlap 2.659E-06, MacroOverlapWeight 8.000000E-06, gamma 6.220651E-02, time 3.535ms
[INFO   ] DREAMPlace - full step 14.819 ms
[INFO   ] DREAMPlace - Lsub stopping criteria: 1 and 3.45497e+08 > 3.11546e+08 * 0.999
[DEBUG  ] dreamplace.ops.logsumexp_wirelength.logsumexp_wirelength - wirelength forward 0.173 ms
[DEBUG  ] dreamplace.ops.electric_potential.electric_potential - density forward 5.383 ms
[DEBUG  ] dreamplace.ops.electric_potential.electric_potential - density backward 0.349 ms
[DEBUG  ] dreamplace.ops.logsumexp_wirelength.logsumexp_wirelength - wirelength backward 0.098 ms
[INFO   ] DREAMPlace - optimizer step 15.933 ms
[INFO   ] DREAMPlace - iteration  460, (  86,  1,  0), Obj 3.468359E+08, NetCrossing 4.746E+01, NetCrossingWeight 1.000000E+01, DensityWeight 1.745490E+06, HPWL 1.645600E+03, Overflow 4.316066E-03, MaxDensity 1.019E+00, MacroOverlap 2.662E-06, MacroOverlapWeight 8.000000E-06, gamma 6.220651E-02, time 3.269ms
[INFO   ] DREAMPlace - full step 20.167 ms
[DEBUG  ] dreamplace.ops.logsumexp_wirelength.logsumexp_wirelength - wirelength forward 0.188 ms
[DEBUG  ] dreamplace.ops.electric_potential.electric_potential - density forward 1.005 ms
[DEBUG  ] dreamplace.ops.electric_potential.electric_potential - density backward 0.352 ms
[DEBUG  ] dreamplace.ops.logsumexp_wirelength.logsumexp_wirelength - wirelength backward 0.099 ms
[DEBUG  ] dreamplace.ops.logsumexp_wirelength.logsumexp_wirelength - wirelength forward 0.169 ms
[DEBUG  ] dreamplace.ops.electric_potential.electric_potential - density forward 1.238 ms
[DEBUG  ] dreamplace.ops.electric_potential.electric_potential - density backward 0.407 ms
[DEBUG  ] dreamplace.ops.logsumexp_wirelength.logsumexp_wirelength - wirelength backward 0.145 ms
[INFO   ] DREAMPlace - optimizer step 19.277 ms
[INFO   ] DREAMPlace - iteration  461, (  86,  1,  1), Obj 3.852284E+08, NetCrossing 4.692E+01, NetCrossingWeight 1.000000E+01, DensityWeight 1.745490E+06, HPWL 1.645611E+03, Overflow 4.319069E-03, MaxDensity 1.019E+00, MacroOverlap 2.663E-06, MacroOverlapWeight 8.000000E-06, gamma 6.220651E-02, time 3.532ms
[INFO   ] DREAMPlace - full step 23.861 ms
[INFO   ] DREAMPlace - Lsub stopping criteria: 1 and 3.85228e+08 > 3.46836e+08 * 0.999
[INFO   ] DREAMPlace - Llambda stopping criteria: 1 and (( 0.00431907 < 0.1 and 1645.61 > 1645.59 ) or 1.0191 < 1.0)
[DEBUG  ] dreamplace.ops.logsumexp_wirelength.logsumexp_wirelength - wirelength forward 0.187 ms
[DEBUG  ] dreamplace.ops.electric_potential.electric_potential - density forward 1.263 ms
[DEBUG  ] dreamplace.ops.electric_potential.electric_potential - density backward 0.411 ms
[DEBUG  ] dreamplace.ops.logsumexp_wirelength.logsumexp_wirelength - wirelength backward 0.143 ms
[INFO   ] DREAMPlace - optimizer step 10.800 ms
[INFO   ] DREAMPlace - iteration  462, (  87,  0,  0), Obj 3.828515E+08, NetCrossing 4.696E+01, NetCrossingWeight 1.000000E+01, DensityWeight 1.945722E+06, HPWL 1.645619E+03, Overflow 4.321979E-03, MaxDensity 1.019E+00, MacroOverlap 2.667E-06, MacroOverlapWeight 8.000000E-06, gamma 6.221041E-02, time 3.186ms
[INFO   ] DREAMPlace - full step 14.987 ms
[DEBUG  ] dreamplace.ops.logsumexp_wirelength.logsumexp_wirelength - wirelength forward 0.171 ms
[DEBUG  ] dreamplace.ops.electric_potential.electric_potential - density forward 1.187 ms
[DEBUG  ] dreamplace.ops.electric_potential.electric_potential - density backward 0.426 ms
[DEBUG  ] dreamplace.ops.logsumexp_wirelength.logsumexp_wirelength - wirelength backward 0.145 ms
[INFO   ] DREAMPlace - optimizer step 10.004 ms
[INFO   ] DREAMPlace - iteration  463, (  87,  0,  1), Obj 4.288338E+08, NetCrossing 4.709E+01, NetCrossingWeight 1.000000E+01, DensityWeight 1.945722E+06, HPWL 1.645621E+03, Overflow 4.325381E-03, MaxDensity 1.019E+00, MacroOverlap 2.670E-06, MacroOverlapWeight 8.000000E-06, gamma 6.221041E-02, time 3.458ms
[INFO   ] DREAMPlace - full step 14.451 ms
[INFO   ] DREAMPlace - Lsub stopping criteria: 1 and 4.28834e+08 > 3.82852e+08 * 0.999
[DEBUG  ] dreamplace.ops.logsumexp_wirelength.logsumexp_wirelength - wirelength forward 0.168 ms
[DEBUG  ] dreamplace.ops.electric_potential.electric_potential - density forward 1.214 ms
[DEBUG  ] dreamplace.ops.electric_potential.electric_potential - density backward 0.415 ms
[DEBUG  ] dreamplace.ops.logsumexp_wirelength.logsumexp_wirelength - wirelength backward 0.144 ms
[DEBUG  ] dreamplace.ops.logsumexp_wirelength.logsumexp_wirelength - wirelength forward 0.187 ms
[DEBUG  ] dreamplace.ops.electric_potential.electric_potential - density forward 1.353 ms
[DEBUG  ] dreamplace.ops.electric_potential.electric_potential - density backward 0.415 ms
[DEBUG  ] dreamplace.ops.logsumexp_wirelength.logsumexp_wirelength - wirelength backward 0.120 ms
[INFO   ] DREAMPlace - optimizer step 20.972 ms
[INFO   ] DREAMPlace - iteration  464, (  87,  1,  0), Obj 4.314093E+08, NetCrossing 4.785E+01, NetCrossingWeight 1.000000E+01, DensityWeight 2.168923E+06, HPWL 1.645615E+03, Overflow 4.328996E-03, MaxDensity 1.019E+00, MacroOverlap 2.673E-06, MacroOverlapWeight 8.000000E-06, gamma 6.221041E-02, time 3.307ms
[INFO   ] DREAMPlace - full step 25.152 ms
[DEBUG  ] dreamplace.ops.logsumexp_wirelength.logsumexp_wirelength - wirelength forward 0.183 ms
[DEBUG  ] dreamplace.ops.electric_potential.electric_potential - density forward 1.371 ms
[DEBUG  ] dreamplace.ops.electric_potential.electric_potential - density backward 0.350 ms
[DEBUG  ] dreamplace.ops.logsumexp_wirelength.logsumexp_wirelength - wirelength backward 0.147 ms
[INFO   ] DREAMPlace - optimizer step 10.866 ms
[INFO   ] DREAMPlace - iteration  465, (  87,  1,  1), Obj 4.793983E+08, NetCrossing 4.645E+01, NetCrossingWeight 1.000000E+01, DensityWeight 2.168923E+06, HPWL 1.645607E+03, Overflow 4.332639E-03, MaxDensity 1.019E+00, MacroOverlap 2.677E-06, MacroOverlapWeight 8.000000E-06, gamma 6.221041E-02, time 3.604ms
[INFO   ] DREAMPlace - full step 15.414 ms
[INFO   ] DREAMPlace - Lsub stopping criteria: 1 and 4.79398e+08 > 4.31409e+08 * 0.999
[DEBUG  ] dreamplace.ops.logsumexp_wirelength.logsumexp_wirelength - wirelength forward 0.175 ms
[DEBUG  ] dreamplace.ops.electric_potential.electric_potential - density forward 1.179 ms
[DEBUG  ] dreamplace.ops.electric_potential.electric_potential - density backward 0.397 ms
[DEBUG  ] dreamplace.ops.logsumexp_wirelength.logsumexp_wirelength - wirelength backward 0.126 ms
[DEBUG  ] dreamplace.ops.logsumexp_wirelength.logsumexp_wirelength - wirelength forward 0.161 ms
[DEBUG  ] dreamplace.ops.electric_potential.electric_potential - density forward 1.196 ms
[DEBUG  ] dreamplace.ops.electric_potential.electric_potential - density backward 0.404 ms
[DEBUG  ] dreamplace.ops.logsumexp_wirelength.logsumexp_wirelength - wirelength backward 0.132 ms
[INFO   ] DREAMPlace - optimizer step 20.291 ms
[INFO   ] DREAMPlace - iteration  466, (  87,  2,  0), Obj 4.794648E+08, NetCrossing 4.724E+01, NetCrossingWeight 1.000000E+01, DensityWeight 2.369374E+06, HPWL 1.645592E+03, Overflow 4.336056E-03, MaxDensity 1.019E+00, MacroOverlap 2.680E-06, MacroOverlapWeight 8.000000E-06, gamma 6.221041E-02, time 3.332ms
[INFO   ] DREAMPlace - full step 24.510 ms
[DEBUG  ] dreamplace.ops.logsumexp_wirelength.logsumexp_wirelength - wirelength forward 0.184 ms
[DEBUG  ] dreamplace.ops.electric_potential.electric_potential - density forward 1.271 ms
[DEBUG  ] dreamplace.ops.electric_potential.electric_potential - density backward 0.342 ms
[DEBUG  ] dreamplace.ops.logsumexp_wirelength.logsumexp_wirelength - wirelength backward 0.153 ms
[INFO   ] DREAMPlace - optimizer step 9.779 ms
[INFO   ] DREAMPlace - iteration  467, (  87,  2,  1), Obj 5.218680E+08, NetCrossing 4.662E+01, NetCrossingWeight 1.000000E+01, DensityWeight 2.369374E+06, HPWL 1.645579E+03, Overflow 4.339836E-03, MaxDensity 1.019E+00, MacroOverlap 2.684E-06, MacroOverlapWeight 8.000000E-06, gamma 6.221041E-02, time 3.472ms
[INFO   ] DREAMPlace - full step 14.379 ms
[INFO   ] DREAMPlace - Lsub stopping criteria: 1 and 5.21868e+08 > 4.79465e+08 * 0.999
[DEBUG  ] dreamplace.ops.logsumexp_wirelength.logsumexp_wirelength - wirelength forward 0.192 ms
[DEBUG  ] dreamplace.ops.electric_potential.electric_potential - density forward 1.245 ms
[DEBUG  ] dreamplace.ops.electric_potential.electric_potential - density backward 0.466 ms
[DEBUG  ] dreamplace.ops.logsumexp_wirelength.logsumexp_wirelength - wirelength backward 0.128 ms
[INFO   ] DREAMPlace - optimizer step 10.743 ms
[INFO   ] DREAMPlace - iteration  468, (  87,  3,  0), Obj 5.222266E+08, NetCrossing 4.782E+01, NetCrossingWeight 1.000000E+01, DensityWeight 2.588350E+06, HPWL 1.645562E+03, Overflow 4.343006E-03, MaxDensity 1.019E+00, MacroOverlap 2.688E-06, MacroOverlapWeight 8.000000E-06, gamma 6.221041E-02, time 3.399ms
[INFO   ] DREAMPlace - full step 15.179 ms
[DEBUG  ] dreamplace.ops.logsumexp_wirelength.logsumexp_wirelength - wirelength forward 0.179 ms
[DEBUG  ] dreamplace.ops.electric_potential.electric_potential - density forward 1.327 ms
[DEBUG  ] dreamplace.ops.electric_potential.electric_potential - density backward 0.407 ms
[DEBUG  ] dreamplace.ops.logsumexp_wirelength.logsumexp_wirelength - wirelength backward 0.130 ms
[INFO   ] DREAMPlace - optimizer step 10.415 ms
[INFO   ] DREAMPlace - iteration  469, (  87,  3,  1), Obj 5.733839E+08, NetCrossing 4.717E+01, NetCrossingWeight 1.000000E+01, DensityWeight 2.588350E+06, HPWL 1.645543E+03, Overflow 4.346761E-03, MaxDensity 1.019E+00, MacroOverlap 2.692E-06, MacroOverlapWeight 8.000000E-06, gamma 6.221041E-02, time 3.343ms
[INFO   ] DREAMPlace - full step 14.918 ms
[INFO   ] DREAMPlace - Lsub stopping criteria: 1 and 5.73384e+08 > 5.22227e+08 * 0.999
[DEBUG  ] dreamplace.ops.logsumexp_wirelength.logsumexp_wirelength - wirelength forward 0.164 ms
[DEBUG  ] dreamplace.ops.electric_potential.electric_potential - density forward 1.162 ms
[DEBUG  ] dreamplace.ops.electric_potential.electric_potential - density backward 0.394 ms
[DEBUG  ] dreamplace.ops.logsumexp_wirelength.logsumexp_wirelength - wirelength backward 0.128 ms
[INFO   ] DREAMPlace - optimizer step 9.686 ms
[INFO   ] DREAMPlace - iteration  470, (  87,  4,  0), Obj 5.709837E+08, NetCrossing 4.675E+01, NetCrossingWeight 1.000000E+01, DensityWeight 2.827563E+06, HPWL 1.645527E+03, Overflow 4.349624E-03, MaxDensity 1.019E+00, MacroOverlap 2.696E-06, MacroOverlapWeight 8.000000E-06, gamma 6.221041E-02, time 3.320ms
[INFO   ] DREAMPlace - full step 14.023 ms
[DEBUG  ] dreamplace.ops.logsumexp_wirelength.logsumexp_wirelength - wirelength forward 0.163 ms
[DEBUG  ] dreamplace.ops.electric_potential.electric_potential - density forward 1.200 ms
[DEBUG  ] dreamplace.ops.electric_potential.electric_potential - density backward 0.394 ms
[DEBUG  ] dreamplace.ops.logsumexp_wirelength.logsumexp_wirelength - wirelength backward 0.129 ms
[INFO   ] DREAMPlace - optimizer step 9.772 ms
[INFO   ] DREAMPlace - iteration  471, (  87,  4,  1), Obj 6.241094E+08, NetCrossing 4.778E+01, NetCrossingWeight 1.000000E+01, DensityWeight 2.827563E+06, HPWL 1.645506E+03, Overflow 4.353357E-03, MaxDensity 1.019E+00, MacroOverlap 2.700E-06, MacroOverlapWeight 8.000000E-06, gamma 6.221041E-02, time 3.280ms
[INFO   ] DREAMPlace - full step 14.059 ms
[INFO   ] DREAMPlace - Lsub stopping criteria: 1 and 6.24109e+08 > 5.70984e+08 * 0.999
[DEBUG  ] dreamplace.ops.logsumexp_wirelength.logsumexp_wirelength - wirelength forward 0.179 ms
[DEBUG  ] dreamplace.ops.electric_potential.electric_potential - density forward 1.211 ms
[DEBUG  ] dreamplace.ops.electric_potential.electric_potential - density backward 0.393 ms
[DEBUG  ] dreamplace.ops.logsumexp_wirelength.logsumexp_wirelength - wirelength backward 0.126 ms
[INFO   ] DREAMPlace - optimizer step 9.912 ms
[INFO   ] DREAMPlace - iteration  472, (  87,  5,  0), Obj 6.242863E+08, NetCrossing 4.778E+01, NetCrossingWeight 1.000000E+01, DensityWeight 3.088885E+06, HPWL 1.645491E+03, Overflow 4.355913E-03, MaxDensity 1.019E+00, MacroOverlap 2.704E-06, MacroOverlapWeight 8.000000E-06, gamma 6.221041E-02, time 3.380ms
[INFO   ] DREAMPlace - full step 14.318 ms
[DEBUG  ] dreamplace.ops.logsumexp_wirelength.logsumexp_wirelength - wirelength forward 0.173 ms
[DEBUG  ] dreamplace.ops.electric_potential.electric_potential - density forward 1.161 ms
[DEBUG  ] dreamplace.ops.electric_potential.electric_potential - density backward 0.394 ms
[DEBUG  ] dreamplace.ops.logsumexp_wirelength.logsumexp_wirelength - wirelength backward 0.127 ms
[INFO   ] DREAMPlace - optimizer step 9.617 ms
[INFO   ] DREAMPlace - iteration  473, (  87,  5,  1), Obj 6.803152E+08, NetCrossing 4.777E+01, NetCrossingWeight 1.000000E+01, DensityWeight 3.088885E+06, HPWL 1.645469E+03, Overflow 4.360168E-03, MaxDensity 1.019E+00, MacroOverlap 2.708E-06, MacroOverlapWeight 8.000000E-06, gamma 6.221041E-02, time 3.274ms
[INFO   ] DREAMPlace - full step 13.870 ms
[INFO   ] DREAMPlace - Lsub stopping criteria: 1 and 6.80315e+08 > 6.24286e+08 * 0.999
[DEBUG  ] dreamplace.ops.logsumexp_wirelength.logsumexp_wirelength - wirelength forward 0.162 ms
[DEBUG  ] dreamplace.ops.electric_potential.electric_potential - density forward 1.221 ms
[DEBUG  ] dreamplace.ops.electric_potential.electric_potential - density backward 0.401 ms
[DEBUG  ] dreamplace.ops.logsumexp_wirelength.logsumexp_wirelength - wirelength backward 0.128 ms
[INFO   ] DREAMPlace - optimizer step 9.947 ms
[INFO   ] DREAMPlace - iteration  474, (  87,  6,  0), Obj 6.813852E+08, NetCrossing 4.777E+01, NetCrossingWeight 1.000000E+01, DensityWeight 3.374358E+06, HPWL 1.645457E+03, Overflow 4.362676E-03, MaxDensity 1.019E+00, MacroOverlap 2.712E-06, MacroOverlapWeight 8.000000E-06, gamma 6.221041E-02, time 3.276ms
[INFO   ] DREAMPlace - full step 14.339 ms
[DEBUG  ] dreamplace.ops.logsumexp_wirelength.logsumexp_wirelength - wirelength forward 0.198 ms
[DEBUG  ] dreamplace.ops.electric_potential.electric_potential - density forward 1.307 ms
[DEBUG  ] dreamplace.ops.electric_potential.electric_potential - density backward 0.396 ms
[DEBUG  ] dreamplace.ops.logsumexp_wirelength.logsumexp_wirelength - wirelength backward 0.130 ms
[INFO   ] DREAMPlace - optimizer step 10.378 ms
[INFO   ] DREAMPlace - iteration  475, (  87,  6,  1), Obj 7.419649E+08, NetCrossing 4.660E+01, NetCrossingWeight 1.000000E+01, DensityWeight 3.374358E+06, HPWL 1.645434E+03, Overflow 4.366749E-03, MaxDensity 1.019E+00, MacroOverlap 2.716E-06, MacroOverlapWeight 8.000000E-06, gamma 6.221041E-02, time 3.580ms
[INFO   ] DREAMPlace - full step 15.011 ms
[INFO   ] DREAMPlace - Lsub stopping criteria: 1 and 7.41965e+08 > 6.81385e+08 * 0.999
[DEBUG  ] dreamplace.ops.logsumexp_wirelength.logsumexp_wirelength - wirelength forward 0.183 ms
[DEBUG  ] dreamplace.ops.electric_potential.electric_potential - density forward 1.173 ms
[DEBUG  ] dreamplace.ops.electric_potential.electric_potential - density backward 0.400 ms
[DEBUG  ] dreamplace.ops.logsumexp_wirelength.logsumexp_wirelength - wirelength backward 0.154 ms
[INFO   ] DREAMPlace - optimizer step 9.847 ms
[INFO   ] DREAMPlace - iteration  476, (  87,  7,  0), Obj 7.410986E+08, NetCrossing 4.776E+01, NetCrossingWeight 1.000000E+01, DensityWeight 3.686214E+06, HPWL 1.645426E+03, Overflow 4.369160E-03, MaxDensity 1.019E+00, MacroOverlap 2.720E-06, MacroOverlapWeight 8.000000E-06, gamma 6.221041E-02, time 3.307ms
[INFO   ] DREAMPlace - full step 14.156 ms
[DEBUG  ] dreamplace.ops.logsumexp_wirelength.logsumexp_wirelength - wirelength forward 0.182 ms
[DEBUG  ] dreamplace.ops.electric_potential.electric_potential - density forward 1.209 ms
[DEBUG  ] dreamplace.ops.electric_potential.electric_potential - density backward 0.410 ms
[DEBUG  ] dreamplace.ops.logsumexp_wirelength.logsumexp_wirelength - wirelength backward 0.149 ms
[INFO   ] DREAMPlace - optimizer step 9.696 ms
[INFO   ] DREAMPlace - iteration  477, (  87,  7,  1), Obj 8.104570E+08, NetCrossing 4.709E+01, NetCrossingWeight 1.000000E+01, DensityWeight 3.686214E+06, HPWL 1.645401E+03, Overflow 4.373146E-03, MaxDensity 1.019E+00, MacroOverlap 2.723E-06, MacroOverlapWeight 8.000000E-06, gamma 6.221041E-02, time 3.395ms
[INFO   ] DREAMPlace - full step 14.133 ms
[INFO   ] DREAMPlace - Lsub stopping criteria: 1 and 8.10457e+08 > 7.41099e+08 * 0.999
[DEBUG  ] dreamplace.ops.logsumexp_wirelength.logsumexp_wirelength - wirelength forward 0.174 ms
[DEBUG  ] dreamplace.ops.electric_potential.electric_potential - density forward 1.208 ms
[DEBUG  ] dreamplace.ops.electric_potential.electric_potential - density backward 0.423 ms
[DEBUG  ] dreamplace.ops.logsumexp_wirelength.logsumexp_wirelength - wirelength backward 0.143 ms
[INFO   ] DREAMPlace - optimizer step 10.272 ms
[INFO   ] DREAMPlace - iteration  478, (  87,  8,  0), Obj 8.111027E+08, NetCrossing 4.775E+01, NetCrossingWeight 1.000000E+01, DensityWeight 4.026891E+06, HPWL 1.645392E+03, Overflow 4.375722E-03, MaxDensity 1.019E+00, MacroOverlap 2.725E-06, MacroOverlapWeight 8.000000E-06, gamma 6.221041E-02, time 3.384ms
[INFO   ] DREAMPlace - full step 14.660 ms
[DEBUG  ] dreamplace.ops.logsumexp_wirelength.logsumexp_wirelength - wirelength forward 0.180 ms
[DEBUG  ] dreamplace.ops.electric_potential.electric_potential - density forward 1.214 ms
[DEBUG  ] dreamplace.ops.electric_potential.electric_potential - density backward 0.397 ms
[DEBUG  ] dreamplace.ops.logsumexp_wirelength.logsumexp_wirelength - wirelength backward 0.126 ms
[INFO   ] DREAMPlace - optimizer step 9.849 ms
[INFO   ] DREAMPlace - iteration  479, (  87,  8,  1), Obj 8.843348E+08, NetCrossing 4.775E+01, NetCrossingWeight 1.000000E+01, DensityWeight 4.026891E+06, HPWL 1.645364E+03, Overflow 4.379524E-03, MaxDensity 1.019E+00, MacroOverlap 2.728E-06, MacroOverlapWeight 8.000000E-06, gamma 6.221041E-02, time 3.325ms
[INFO   ] DREAMPlace - full step 14.194 ms
[INFO   ] DREAMPlace - Lsub stopping criteria: 1 and 8.84335e+08 > 8.11103e+08 * 0.999
[DEBUG  ] dreamplace.ops.logsumexp_wirelength.logsumexp_wirelength - wirelength forward 0.194 ms
[DEBUG  ] dreamplace.ops.electric_potential.electric_potential - density forward 1.273 ms
[DEBUG  ] dreamplace.ops.electric_potential.electric_potential - density backward 0.415 ms
[DEBUG  ] dreamplace.ops.logsumexp_wirelength.logsumexp_wirelength - wirelength backward 0.148 ms
[INFO   ] DREAMPlace - optimizer step 10.451 ms
[INFO   ] DREAMPlace - iteration  480, (  87,  9,  0), Obj 8.860503E+08, NetCrossing 4.658E+01, NetCrossingWeight 1.000000E+01, DensityWeight 4.399054E+06, HPWL 1.645357E+03, Overflow 4.381523E-03, MaxDensity 1.019E+00, MacroOverlap 2.728E-06, MacroOverlapWeight 8.000000E-06, gamma 6.221041E-02, time 2.942ms
[INFO   ] DREAMPlace - full step 14.374 ms
[DEBUG  ] dreamplace.ops.logsumexp_wirelength.logsumexp_wirelength - wirelength forward 0.168 ms
[DEBUG  ] dreamplace.ops.electric_potential.electric_potential - density forward 1.136 ms
[DEBUG  ] dreamplace.ops.electric_potential.electric_potential - density backward 0.425 ms
[DEBUG  ] dreamplace.ops.logsumexp_wirelength.logsumexp_wirelength - wirelength backward 0.121 ms
[INFO   ] DREAMPlace - optimizer step 10.420 ms
[INFO   ] DREAMPlace - iteration  481, (  87,  9,  1), Obj 9.677032E+08, NetCrossing 4.636E+01, NetCrossingWeight 1.000000E+01, DensityWeight 4.399054E+06, HPWL 1.645325E+03, Overflow 4.385275E-03, MaxDensity 1.019E+00, MacroOverlap 2.730E-06, MacroOverlapWeight 8.000000E-06, gamma 6.221041E-02, time 3.468ms
[INFO   ] DREAMPlace - full step 14.814 ms
[INFO   ] DREAMPlace - Lsub stopping criteria: 1 and 9.67703e+08 > 8.8605e+08 * 0.999
[DEBUG  ] dreamplace.ops.logsumexp_wirelength.logsumexp_wirelength - wirelength forward 0.147 ms
[DEBUG  ] dreamplace.ops.electric_potential.electric_potential - density forward 1.324 ms
[DEBUG  ] dreamplace.ops.electric_potential.electric_potential - density backward 0.397 ms
[DEBUG  ] dreamplace.ops.logsumexp_wirelength.logsumexp_wirelength - wirelength backward 0.128 ms
[INFO   ] DREAMPlace - optimizer step 9.959 ms
[INFO   ] DREAMPlace - iteration  482, (  88,  0,  0), Obj 9.651131E+08, NetCrossing 4.774E+01, NetCrossingWeight 1.000000E+01, DensityWeight 4.805612E+06, HPWL 1.645316E+03, Overflow 4.387267E-03, MaxDensity 1.019E+00, MacroOverlap 2.729E-06, MacroOverlapWeight 8.000000E-06, gamma 6.223148E-02, time 2.697ms
[INFO   ] DREAMPlace - full step 13.619 ms
[DEBUG  ] dreamplace.ops.logsumexp_wirelength.logsumexp_wirelength - wirelength forward 0.154 ms
[DEBUG  ] dreamplace.ops.electric_potential.electric_potential - density forward 1.255 ms
[DEBUG  ] dreamplace.ops.electric_potential.electric_potential - density backward 0.392 ms
[DEBUG  ] dreamplace.ops.logsumexp_wirelength.logsumexp_wirelength - wirelength backward 0.126 ms
[INFO   ] DREAMPlace - optimizer step 9.961 ms
[INFO   ] DREAMPlace - iteration  483, (  88,  0,  1), Obj 1.056050E+09, NetCrossing 4.725E+01, NetCrossingWeight 1.000000E+01, DensityWeight 4.805612E+06, HPWL 1.645278E+03, Overflow 4.390705E-03, MaxDensity 1.019E+00, MacroOverlap 2.730E-06, MacroOverlapWeight 8.000000E-06, gamma 6.223148E-02, time 3.286ms
[INFO   ] DREAMPlace - full step 14.215 ms
[INFO   ] DREAMPlace - Lsub stopping criteria: 1 and 1.05605e+09 > 9.65113e+08 * 0.999
[DEBUG  ] dreamplace.ops.logsumexp_wirelength.logsumexp_wirelength - wirelength forward 0.185 ms
[DEBUG  ] dreamplace.ops.electric_potential.electric_potential - density forward 1.176 ms
[DEBUG  ] dreamplace.ops.electric_potential.electric_potential - density backward 0.394 ms
[DEBUG  ] dreamplace.ops.logsumexp_wirelength.logsumexp_wirelength - wirelength backward 0.103 ms
[INFO   ] DREAMPlace - optimizer step 9.674 ms
[INFO   ] DREAMPlace - iteration  484, (  88,  1,  0), Obj 1.054921E+09, NetCrossing 4.658E+01, NetCrossingWeight 1.000000E+01, DensityWeight 5.249744E+06, HPWL 1.645262E+03, Overflow 4.392555E-03, MaxDensity 1.019E+00, MacroOverlap 2.729E-06, MacroOverlapWeight 8.000000E-06, gamma 6.223148E-02, time 3.058ms
[INFO   ] DREAMPlace - full step 13.703 ms
[DEBUG  ] dreamplace.ops.logsumexp_wirelength.logsumexp_wirelength - wirelength forward 0.177 ms
[DEBUG  ] dreamplace.ops.electric_potential.electric_potential - density forward 1.314 ms
[DEBUG  ] dreamplace.ops.electric_potential.electric_potential - density backward 0.396 ms
[DEBUG  ] dreamplace.ops.logsumexp_wirelength.logsumexp_wirelength - wirelength backward 0.155 ms
[INFO   ] DREAMPlace - optimizer step 9.659 ms
[INFO   ] DREAMPlace - iteration  485, (  88,  1,  1), Obj 1.147469E+09, NetCrossing 4.661E+01, NetCrossingWeight 1.000000E+01, DensityWeight 5.249744E+06, HPWL 1.645220E+03, Overflow 4.395543E-03, MaxDensity 1.019E+00, MacroOverlap 2.730E-06, MacroOverlapWeight 8.000000E-06, gamma 6.223148E-02, time 3.162ms
[INFO   ] DREAMPlace - full step 13.903 ms
[INFO   ] DREAMPlace - Lsub stopping criteria: 1 and 1.14747e+09 > 1.05492e+09 * 0.999
[DEBUG  ] dreamplace.ops.logsumexp_wirelength.logsumexp_wirelength - wirelength forward 0.191 ms
[DEBUG  ] dreamplace.ops.electric_potential.electric_potential - density forward 1.074 ms
[DEBUG  ] dreamplace.ops.electric_potential.electric_potential - density backward 0.388 ms
[DEBUG  ] dreamplace.ops.logsumexp_wirelength.logsumexp_wirelength - wirelength backward 0.123 ms
[INFO   ] DREAMPlace - optimizer step 9.125 ms
[INFO   ] DREAMPlace - iteration  486, (  88,  2,  0), Obj 1.146288E+09, NetCrossing 4.775E+01, NetCrossingWeight 1.000000E+01, DensityWeight 5.734922E+06, HPWL 1.645195E+03, Overflow 4.397393E-03, MaxDensity 1.019E+00, MacroOverlap 2.729E-06, MacroOverlapWeight 8.000000E-06, gamma 6.223148E-02, time 3.441ms
[INFO   ] DREAMPlace - full step 13.663 ms
[DEBUG  ] dreamplace.ops.logsumexp_wirelength.logsumexp_wirelength - wirelength forward 0.188 ms
[DEBUG  ] dreamplace.ops.electric_potential.electric_potential - density forward 1.294 ms
[DEBUG  ] dreamplace.ops.electric_potential.electric_potential - density backward 0.380 ms
[DEBUG  ] dreamplace.ops.logsumexp_wirelength.logsumexp_wirelength - wirelength backward 0.118 ms
[INFO   ] DREAMPlace - optimizer step 9.228 ms
[INFO   ] DREAMPlace - iteration  487, (  88,  2,  1), Obj 1.252184E+09, NetCrossing 4.773E+01, NetCrossingWeight 1.000000E+01, DensityWeight 5.734922E+06, HPWL 1.645151E+03, Overflow 4.399964E-03, MaxDensity 1.019E+00, MacroOverlap 2.731E-06, MacroOverlapWeight 8.000000E-06, gamma 6.223148E-02, time 3.416ms
[INFO   ] DREAMPlace - full step 13.732 ms
[INFO   ] DREAMPlace - Lsub stopping criteria: 1 and 1.25218e+09 > 1.14629e+09 * 0.999
[DEBUG  ] dreamplace.ops.logsumexp_wirelength.logsumexp_wirelength - wirelength forward 0.212 ms
[DEBUG  ] dreamplace.ops.electric_potential.electric_potential - density forward 1.303 ms
[DEBUG  ] dreamplace.ops.electric_potential.electric_potential - density backward 0.332 ms
[DEBUG  ] dreamplace.ops.logsumexp_wirelength.logsumexp_wirelength - wirelength backward 0.093 ms
[INFO   ] DREAMPlace - optimizer step 8.770 ms
[INFO   ] DREAMPlace - iteration  488, (  88,  3,  0), Obj 1.255214E+09, NetCrossing 4.719E+01, NetCrossingWeight 1.000000E+01, DensityWeight 6.264940E+06, HPWL 1.645123E+03, Overflow 4.401172E-03, MaxDensity 1.019E+00, MacroOverlap 2.730E-06, MacroOverlapWeight 8.000000E-06, gamma 6.223148E-02, time 3.593ms
[INFO   ] DREAMPlace - full step 13.381 ms
[DEBUG  ] dreamplace.ops.logsumexp_wirelength.logsumexp_wirelength - wirelength forward 0.193 ms
[DEBUG  ] dreamplace.ops.electric_potential.electric_potential - density forward 1.269 ms
[DEBUG  ] dreamplace.ops.electric_potential.electric_potential - density backward 0.386 ms
[DEBUG  ] dreamplace.ops.logsumexp_wirelength.logsumexp_wirelength - wirelength backward 0.124 ms
[INFO   ] DREAMPlace - optimizer step 13.671 ms
[INFO   ] DREAMPlace - iteration  489, (  88,  3,  1), Obj 1.370242E+09, NetCrossing 4.748E+01, NetCrossingWeight 1.000000E+01, DensityWeight 6.264940E+06, HPWL 1.645079E+03, Overflow 4.402896E-03, MaxDensity 1.019E+00, MacroOverlap 2.733E-06, MacroOverlapWeight 8.000000E-06, gamma 6.223148E-02, time 3.604ms
[INFO   ] DREAMPlace - full step 18.374 ms
[INFO   ] DREAMPlace - Lsub stopping criteria: 1 and 1.37024e+09 > 1.25521e+09 * 0.999
[DEBUG  ] dreamplace.ops.logsumexp_wirelength.logsumexp_wirelength - wirelength forward 0.190 ms
[DEBUG  ] dreamplace.ops.electric_potential.electric_potential - density forward 1.301 ms
[DEBUG  ] dreamplace.ops.electric_potential.electric_potential - density backward 0.383 ms
[DEBUG  ] dreamplace.ops.logsumexp_wirelength.logsumexp_wirelength - wirelength backward 0.119 ms
[INFO   ] DREAMPlace - optimizer step 10.338 ms
[INFO   ] DREAMPlace - iteration  490, (  88,  4,  0), Obj 1.369738E+09, NetCrossing 4.748E+01, NetCrossingWeight 1.000000E+01, DensityWeight 6.843942E+06, HPWL 1.645075E+03, Overflow 4.403725E-03, MaxDensity 1.019E+00, MacroOverlap 2.734E-06, MacroOverlapWeight 8.000000E-06, gamma 6.223148E-02, time 3.686ms
[INFO   ] DREAMPlace - full step 15.064 ms
[DEBUG  ] dreamplace.ops.logsumexp_wirelength.logsumexp_wirelength - wirelength forward 0.192 ms
[DEBUG  ] dreamplace.ops.electric_potential.electric_potential - density forward 1.279 ms
[DEBUG  ] dreamplace.ops.electric_potential.electric_potential - density backward 0.400 ms
[DEBUG  ] dreamplace.ops.logsumexp_wirelength.logsumexp_wirelength - wirelength backward 0.117 ms
[INFO   ] DREAMPlace - optimizer step 10.065 ms
[INFO   ] DREAMPlace - iteration  491, (  88,  4,  1), Obj 1.494908E+09, NetCrossing 4.631E+01, NetCrossingWeight 1.000000E+01, DensityWeight 6.843942E+06, HPWL 1.645063E+03, Overflow 4.406792E-03, MaxDensity 1.019E+00, MacroOverlap 2.737E-06, MacroOverlapWeight 8.000000E-06, gamma 6.223148E-02, time 3.675ms
[INFO   ] DREAMPlace - full step 14.848 ms
[INFO   ] DREAMPlace - Lsub stopping criteria: 1 and 1.49491e+09 > 1.36974e+09 * 0.999
[DEBUG  ] dreamplace.ops.logsumexp_wirelength.logsumexp_wirelength - wirelength forward 0.191 ms
[DEBUG  ] dreamplace.ops.electric_potential.electric_potential - density forward 1.199 ms
[DEBUG  ] dreamplace.ops.electric_potential.electric_potential - density backward 0.384 ms
[DEBUG  ] dreamplace.ops.logsumexp_wirelength.logsumexp_wirelength - wirelength backward 0.120 ms
[INFO   ] DREAMPlace - optimizer step 9.890 ms
[INFO   ] DREAMPlace - iteration  492, (  88,  5,  0), Obj 1.493996E+09, NetCrossing 4.724E+01, NetCrossingWeight 1.000000E+01, DensityWeight 7.476454E+06, HPWL 1.645070E+03, Overflow 4.408545E-03, MaxDensity 1.019E+00, MacroOverlap 2.739E-06, MacroOverlapWeight 8.000000E-06, gamma 6.223148E-02, time 3.545ms
[INFO   ] DREAMPlace - full step 14.457 ms
[DEBUG  ] dreamplace.ops.logsumexp_wirelength.logsumexp_wirelength - wirelength forward 0.196 ms
[DEBUG  ] dreamplace.ops.electric_potential.electric_potential - density forward 1.197 ms
[DEBUG  ] dreamplace.ops.electric_potential.electric_potential - density backward 0.335 ms
[DEBUG  ] dreamplace.ops.logsumexp_wirelength.logsumexp_wirelength - wirelength backward 0.095 ms
[INFO   ] DREAMPlace - optimizer step 9.138 ms
[INFO   ] DREAMPlace - iteration  493, (  88,  5,  1), Obj 1.626075E+09, NetCrossing 4.655E+01, NetCrossingWeight 1.000000E+01, DensityWeight 7.476454E+06, HPWL 1.645060E+03, Overflow 4.411502E-03, MaxDensity 1.019E+00, MacroOverlap 2.744E-06, MacroOverlapWeight 8.000000E-06, gamma 6.223148E-02, time 3.471ms
[INFO   ] DREAMPlace - full step 13.498 ms
[INFO   ] DREAMPlace - Lsub stopping criteria: 1 and 1.62607e+09 > 1.494e+09 * 0.999
[DEBUG  ] dreamplace.ops.logsumexp_wirelength.logsumexp_wirelength - wirelength forward 0.185 ms
[DEBUG  ] dreamplace.ops.electric_potential.electric_potential - density forward 1.299 ms
[DEBUG  ] dreamplace.ops.electric_potential.electric_potential - density backward 0.378 ms
[DEBUG  ] dreamplace.ops.logsumexp_wirelength.logsumexp_wirelength - wirelength backward 0.122 ms
[INFO   ] DREAMPlace - optimizer step 9.853 ms
[INFO   ] DREAMPlace - iteration  494, (  88,  6,  0), Obj 1.621417E+09, NetCrossing 4.770E+01, NetCrossingWeight 1.000000E+01, DensityWeight 8.167424E+06, HPWL 1.645073E+03, Overflow 4.412836E-03, MaxDensity 1.019E+00, MacroOverlap 2.746E-06, MacroOverlapWeight 8.000000E-06, gamma 6.223148E-02, time 3.570ms
[INFO   ] DREAMPlace - full step 14.406 ms
[DEBUG  ] dreamplace.ops.logsumexp_wirelength.logsumexp_wirelength - wirelength forward 0.157 ms
[DEBUG  ] dreamplace.ops.electric_potential.electric_potential - density forward 0.952 ms
[DEBUG  ] dreamplace.ops.electric_potential.electric_potential - density backward 0.479 ms
[DEBUG  ] dreamplace.ops.logsumexp_wirelength.logsumexp_wirelength - wirelength backward 0.184 ms
[INFO   ] DREAMPlace - optimizer step 9.181 ms
[INFO   ] DREAMPlace - iteration  495, (  88,  6,  1), Obj 1.777227E+09, NetCrossing 4.746E+01, NetCrossingWeight 1.000000E+01, DensityWeight 8.167424E+06, HPWL 1.645065E+03, Overflow 4.415419E-03, MaxDensity 1.019E+00, MacroOverlap 2.751E-06, MacroOverlapWeight 8.000000E-06, gamma 6.223148E-02, time 3.121ms
[INFO   ] DREAMPlace - full step 13.151 ms
[INFO   ] DREAMPlace - Lsub stopping criteria: 1 and 1.77723e+09 > 1.62142e+09 * 0.999
[INFO   ] DREAMPlace - Llambda stopping criteria: 6 and (( 0.00441542 < 0.1 and 1645.06 > 1645.06 ) or 1.0191 < 1.0)
[DEBUG  ] dreamplace.ops.logsumexp_wirelength.logsumexp_wirelength - wirelength forward 0.124 ms
[DEBUG  ] dreamplace.ops.electric_potential.electric_potential - density forward 0.885 ms
[DEBUG  ] dreamplace.ops.electric_potential.electric_potential - density backward 0.331 ms
[DEBUG  ] dreamplace.ops.logsumexp_wirelength.logsumexp_wirelength - wirelength backward 0.093 ms
[INFO   ] DREAMPlace - optimizer step 7.634 ms
[INFO   ] DREAMPlace - iteration  496, (  89,  0,  0), Obj 1.778772E+09, NetCrossing 4.700E+01, NetCrossingWeight 1.000000E+01, DensityWeight 9.104339E+06, HPWL 1.645084E+03, Overflow 4.416262E-03, MaxDensity 1.019E+00, MacroOverlap 2.753E-06, MacroOverlapWeight 8.000000E-06, gamma 6.224108E-02, time 2.678ms
[INFO   ] DREAMPlace - full step 11.263 ms
[DEBUG  ] dreamplace.ops.logsumexp_wirelength.logsumexp_wirelength - wirelength forward 0.155 ms
[DEBUG  ] dreamplace.ops.electric_potential.electric_potential - density forward 1.175 ms
[DEBUG  ] dreamplace.ops.electric_potential.electric_potential - density backward 0.328 ms
[DEBUG  ] dreamplace.ops.logsumexp_wirelength.logsumexp_wirelength - wirelength backward 0.091 ms
[INFO   ] DREAMPlace - optimizer step 8.004 ms
[INFO   ] DREAMPlace - iteration  497, (  89,  0,  1), Obj 1.982203E+09, NetCrossing 4.769E+01, NetCrossingWeight 1.000000E+01, DensityWeight 9.104339E+06, HPWL 1.645073E+03, Overflow 4.418272E-03, MaxDensity 1.019E+00, MacroOverlap 2.757E-06, MacroOverlapWeight 8.000000E-06, gamma 6.224108E-02, time 3.176ms
[INFO   ] DREAMPlace - full step 12.045 ms
[INFO   ] DREAMPlace - Lsub stopping criteria: 1 and 1.9822e+09 > 1.77877e+09 * 0.999
[DEBUG  ] dreamplace.ops.logsumexp_wirelength.logsumexp_wirelength - wirelength forward 0.123 ms
[DEBUG  ] dreamplace.ops.electric_potential.electric_potential - density forward 0.890 ms
[DEBUG  ] dreamplace.ops.electric_potential.electric_potential - density backward 0.385 ms
[DEBUG  ] dreamplace.ops.logsumexp_wirelength.logsumexp_wirelength - wirelength backward 0.123 ms
[INFO   ] DREAMPlace - optimizer step 8.559 ms
[INFO   ] DREAMPlace - iteration  498, (  89,  1,  0), Obj 1.971518E+09, NetCrossing 4.769E+01, NetCrossingWeight 1.000000E+01, DensityWeight 1.014873E+07, HPWL 1.645095E+03, Overflow 4.418053E-03, MaxDensity 1.019E+00, MacroOverlap 2.758E-06, MacroOverlapWeight 8.000000E-06, gamma 6.224108E-02, time 2.664ms
[INFO   ] DREAMPlace - full step 12.119 ms
[DEBUG  ] dreamplace.ops.logsumexp_wirelength.logsumexp_wirelength - wirelength forward 0.171 ms
[DEBUG  ] dreamplace.ops.electric_potential.electric_potential - density forward 1.171 ms
[DEBUG  ] dreamplace.ops.electric_potential.electric_potential - density backward 0.394 ms
[DEBUG  ] dreamplace.ops.logsumexp_wirelength.logsumexp_wirelength - wirelength backward 0.094 ms
[DEBUG  ] dreamplace.ops.logsumexp_wirelength.logsumexp_wirelength - wirelength forward 0.158 ms
[DEBUG  ] dreamplace.ops.electric_potential.electric_potential - density forward 1.180 ms
[DEBUG  ] dreamplace.ops.electric_potential.electric_potential - density backward 0.335 ms
[DEBUG  ] dreamplace.ops.logsumexp_wirelength.logsumexp_wirelength - wirelength backward 0.100 ms
[INFO   ] DREAMPlace - optimizer step 18.389 ms
[INFO   ] DREAMPlace - iteration  499, (  89,  1,  1), Obj 2.207761E+09, NetCrossing 4.715E+01, NetCrossingWeight 1.000000E+01, DensityWeight 1.014873E+07, HPWL 1.645077E+03, Overflow 4.419043E-03, MaxDensity 1.019E+00, MacroOverlap 2.762E-06, MacroOverlapWeight 8.000000E-06, gamma 6.224108E-02, time 3.320ms
[INFO   ] DREAMPlace - full step 22.740 ms
[INFO   ] DREAMPlace - Lsub stopping criteria: 1 and 2.20776e+09 > 1.97152e+09 * 0.999
[INFO   ] DREAMPlace - Llambda stopping criteria: 1 and (( 0.00441904 < 0.1 and 1645.08 > 1645.07 ) or 1.0191 < 1.0)
[DEBUG  ] dreamplace.ops.logsumexp_wirelength.logsumexp_wirelength - wirelength forward 0.182 ms
[DEBUG  ] dreamplace.ops.logsumexp_wirelength.logsumexp_wirelength - wirelength backward 0.123 ms
[DEBUG  ] dreamplace.ops.logsumexp_wirelength.logsumexp_wirelength - wirelength forward 0.154 ms
[DEBUG  ] dreamplace.ops.logsumexp_wirelength.logsumexp_wirelength - wirelength backward 0.116 ms
[DEBUG  ] dreamplace.ops.logsumexp_wirelength.logsumexp_wirelength - wirelength forward 0.152 ms
[DEBUG  ] dreamplace.ops.logsumexp_wirelength.logsumexp_wirelength - wirelength backward 0.111 ms
[DEBUG  ] dreamplace.ops.logsumexp_wirelength.logsumexp_wirelength - wirelength forward 0.157 ms
[DEBUG  ] dreamplace.ops.logsumexp_wirelength.logsumexp_wirelength - wirelength backward 0.111 ms
[DEBUG  ] dreamplace.ops.logsumexp_wirelength.logsumexp_wirelength - wirelength forward 0.151 ms
[DEBUG  ] dreamplace.ops.logsumexp_wirelength.logsumexp_wirelength - wirelength backward 0.110 ms
[DEBUG  ] dreamplace.ops.logsumexp_wirelength.logsumexp_wirelength - wirelength forward 0.153 ms
[DEBUG  ] dreamplace.ops.logsumexp_wirelength.logsumexp_wirelength - wirelength backward 0.112 ms
[DEBUG  ] dreamplace.ops.logsumexp_wirelength.logsumexp_wirelength - wirelength forward 0.152 ms
[DEBUG  ] dreamplace.ops.logsumexp_wirelength.logsumexp_wirelength - wirelength backward 0.111 ms
[DEBUG  ] dreamplace.ops.logsumexp_wirelength.logsumexp_wirelength - wirelength forward 0.151 ms
[DEBUG  ] dreamplace.ops.logsumexp_wirelength.logsumexp_wirelength - wirelength backward 0.110 ms
[DEBUG  ] dreamplace.ops.logsumexp_wirelength.logsumexp_wirelength - wirelength forward 0.151 ms
[DEBUG  ] dreamplace.ops.logsumexp_wirelength.logsumexp_wirelength - wirelength backward 0.116 ms
[DEBUG  ] dreamplace.ops.logsumexp_wirelength.logsumexp_wirelength - wirelength forward 0.149 ms
[DEBUG  ] dreamplace.ops.logsumexp_wirelength.logsumexp_wirelength - wirelength backward 0.108 ms
[DEBUG  ] dreamplace.ops.logsumexp_wirelength.logsumexp_wirelength - wirelength forward 0.150 ms
[DEBUG  ] dreamplace.ops.logsumexp_wirelength.logsumexp_wirelength - wirelength backward 0.109 ms
[DEBUG  ] dreamplace.ops.logsumexp_wirelength.logsumexp_wirelength - wirelength forward 0.151 ms
[DEBUG  ] dreamplace.ops.logsumexp_wirelength.logsumexp_wirelength - wirelength backward 0.111 ms
[DEBUG  ] dreamplace.ops.logsumexp_wirelength.logsumexp_wirelength - wirelength forward 0.151 ms
[DEBUG  ] dreamplace.ops.logsumexp_wirelength.logsumexp_wirelength - wirelength backward 0.111 ms
[DEBUG  ] dreamplace.ops.logsumexp_wirelength.logsumexp_wirelength - wirelength forward 0.152 ms
[DEBUG  ] dreamplace.ops.logsumexp_wirelength.logsumexp_wirelength - wirelength backward 0.109 ms
[DEBUG  ] dreamplace.ops.logsumexp_wirelength.logsumexp_wirelength - wirelength forward 0.150 ms
[DEBUG  ] dreamplace.ops.logsumexp_wirelength.logsumexp_wirelength - wirelength backward 0.110 ms
[DEBUG  ] dreamplace.ops.logsumexp_wirelength.logsumexp_wirelength - wirelength forward 0.151 ms
[DEBUG  ] dreamplace.ops.logsumexp_wirelength.logsumexp_wirelength - wirelength backward 0.111 ms
[DEBUG  ] dreamplace.ops.logsumexp_wirelength.logsumexp_wirelength - wirelength forward 0.151 ms
[DEBUG  ] dreamplace.ops.logsumexp_wirelength.logsumexp_wirelength - wirelength backward 0.111 ms
[DEBUG  ] dreamplace.ops.logsumexp_wirelength.logsumexp_wirelength - wirelength forward 0.154 ms
[DEBUG  ] dreamplace.ops.logsumexp_wirelength.logsumexp_wirelength - wirelength backward 0.113 ms
[DEBUG  ] dreamplace.ops.logsumexp_wirelength.logsumexp_wirelength - wirelength forward 0.153 ms
[DEBUG  ] dreamplace.ops.logsumexp_wirelength.logsumexp_wirelength - wirelength backward 0.110 ms
[DEBUG  ] dreamplace.ops.logsumexp_wirelength.logsumexp_wirelength - wirelength forward 0.153 ms
[DEBUG  ] dreamplace.ops.logsumexp_wirelength.logsumexp_wirelength - wirelength backward 0.109 ms
[DEBUG  ] dreamplace.ops.logsumexp_wirelength.logsumexp_wirelength - wirelength forward 0.151 ms
[DEBUG  ] dreamplace.ops.logsumexp_wirelength.logsumexp_wirelength - wirelength backward 0.117 ms
[DEBUG  ] dreamplace.ops.logsumexp_wirelength.logsumexp_wirelength - wirelength forward 0.155 ms
[DEBUG  ] dreamplace.ops.logsumexp_wirelength.logsumexp_wirelength - wirelength backward 0.113 ms
[DEBUG  ] dreamplace.ops.logsumexp_wirelength.logsumexp_wirelength - wirelength forward 0.190 ms
[DEBUG  ] dreamplace.ops.logsumexp_wirelength.logsumexp_wirelength - wirelength backward 0.118 ms
[DEBUG  ] dreamplace.ops.logsumexp_wirelength.logsumexp_wirelength - wirelength forward 0.159 ms
[DEBUG  ] dreamplace.ops.logsumexp_wirelength.logsumexp_wirelength - wirelength backward 0.118 ms
[DEBUG  ] dreamplace.ops.logsumexp_wirelength.logsumexp_wirelength - wirelength forward 0.153 ms
[DEBUG  ] dreamplace.ops.logsumexp_wirelength.logsumexp_wirelength - wirelength backward 0.113 ms
[DEBUG  ] dreamplace.ops.logsumexp_wirelength.logsumexp_wirelength - wirelength forward 0.149 ms
[DEBUG  ] dreamplace.ops.logsumexp_wirelength.logsumexp_wirelength - wirelength backward 0.113 ms
[DEBUG  ] dreamplace.ops.logsumexp_wirelength.logsumexp_wirelength - wirelength forward 0.150 ms
[DEBUG  ] dreamplace.ops.logsumexp_wirelength.logsumexp_wirelength - wirelength backward 0.111 ms
[DEBUG  ] dreamplace.ops.logsumexp_wirelength.logsumexp_wirelength - wirelength forward 0.153 ms
[DEBUG  ] dreamplace.ops.logsumexp_wirelength.logsumexp_wirelength - wirelength backward 0.117 ms
[DEBUG  ] dreamplace.ops.logsumexp_wirelength.logsumexp_wirelength - wirelength forward 0.151 ms
[DEBUG  ] dreamplace.ops.logsumexp_wirelength.logsumexp_wirelength - wirelength backward 0.111 ms
[DEBUG  ] dreamplace.ops.logsumexp_wirelength.logsumexp_wirelength - wirelength forward 0.150 ms
[DEBUG  ] dreamplace.ops.logsumexp_wirelength.logsumexp_wirelength - wirelength backward 0.111 ms
[DEBUG  ] dreamplace.ops.logsumexp_wirelength.logsumexp_wirelength - wirelength forward 0.154 ms
[DEBUG  ] dreamplace.ops.logsumexp_wirelength.logsumexp_wirelength - wirelength backward 0.113 ms
[DEBUG  ] dreamplace.ops.logsumexp_wirelength.logsumexp_wirelength - wirelength forward 0.152 ms
[DEBUG  ] dreamplace.ops.logsumexp_wirelength.logsumexp_wirelength - wirelength backward 0.111 ms
[DEBUG  ] dreamplace.ops.logsumexp_wirelength.logsumexp_wirelength - wirelength forward 0.150 ms
[DEBUG  ] dreamplace.ops.logsumexp_wirelength.logsumexp_wirelength - wirelength backward 0.110 ms
[DEBUG  ] dreamplace.ops.logsumexp_wirelength.logsumexp_wirelength - wirelength forward 0.149 ms
[DEBUG  ] dreamplace.ops.logsumexp_wirelength.logsumexp_wirelength - wirelength backward 0.112 ms
[DEBUG  ] dreamplace.ops.logsumexp_wirelength.logsumexp_wirelength - wirelength forward 0.148 ms
[DEBUG  ] dreamplace.ops.logsumexp_wirelength.logsumexp_wirelength - wirelength backward 0.109 ms
[DEBUG  ] dreamplace.ops.logsumexp_wirelength.logsumexp_wirelength - wirelength forward 0.150 ms
[DEBUG  ] dreamplace.ops.logsumexp_wirelength.logsumexp_wirelength - wirelength backward 0.110 ms
[DEBUG  ] dreamplace.ops.logsumexp_wirelength.logsumexp_wirelength - wirelength forward 0.148 ms
[DEBUG  ] dreamplace.ops.logsumexp_wirelength.logsumexp_wirelength - wirelength backward 0.111 ms
[DEBUG  ] dreamplace.ops.logsumexp_wirelength.logsumexp_wirelength - wirelength forward 0.149 ms
[DEBUG  ] dreamplace.ops.logsumexp_wirelength.logsumexp_wirelength - wirelength backward 0.108 ms
[DEBUG  ] dreamplace.ops.logsumexp_wirelength.logsumexp_wirelength - wirelength forward 0.150 ms
[DEBUG  ] dreamplace.ops.logsumexp_wirelength.logsumexp_wirelength - wirelength backward 0.114 ms
[DEBUG  ] dreamplace.ops.logsumexp_wirelength.logsumexp_wirelength - wirelength forward 0.151 ms
[DEBUG  ] dreamplace.ops.logsumexp_wirelength.logsumexp_wirelength - wirelength backward 0.113 ms
[DEBUG  ] dreamplace.ops.logsumexp_wirelength.logsumexp_wirelength - wirelength forward 0.150 ms
[DEBUG  ] dreamplace.ops.logsumexp_wirelength.logsumexp_wirelength - wirelength backward 0.110 ms
[DEBUG  ] dreamplace.ops.logsumexp_wirelength.logsumexp_wirelength - wirelength forward 0.149 ms
[DEBUG  ] dreamplace.ops.logsumexp_wirelength.logsumexp_wirelength - wirelength backward 0.109 ms
[DEBUG  ] dreamplace.ops.logsumexp_wirelength.logsumexp_wirelength - wirelength forward 0.151 ms
[DEBUG  ] dreamplace.ops.logsumexp_wirelength.logsumexp_wirelength - wirelength backward 0.112 ms
[DEBUG  ] dreamplace.ops.logsumexp_wirelength.logsumexp_wirelength - wirelength forward 0.152 ms
[DEBUG  ] dreamplace.ops.logsumexp_wirelength.logsumexp_wirelength - wirelength backward 0.114 ms
[DEBUG  ] dreamplace.ops.logsumexp_wirelength.logsumexp_wirelength - wirelength forward 0.157 ms
[DEBUG  ] dreamplace.ops.logsumexp_wirelength.logsumexp_wirelength - wirelength backward 0.137 ms
[DEBUG  ] dreamplace.ops.logsumexp_wirelength.logsumexp_wirelength - wirelength forward 0.157 ms
[DEBUG  ] dreamplace.ops.logsumexp_wirelength.logsumexp_wirelength - wirelength backward 0.134 ms
[DEBUG  ] dreamplace.ops.logsumexp_wirelength.logsumexp_wirelength - wirelength forward 0.151 ms
[DEBUG  ] dreamplace.ops.logsumexp_wirelength.logsumexp_wirelength - wirelength backward 0.132 ms
[DEBUG  ] dreamplace.ops.logsumexp_wirelength.logsumexp_wirelength - wirelength forward 0.149 ms
[DEBUG  ] dreamplace.ops.logsumexp_wirelength.logsumexp_wirelength - wirelength backward 0.088 ms
[DEBUG  ] dreamplace.ops.logsumexp_wirelength.logsumexp_wirelength - wirelength forward 0.147 ms
[DEBUG  ] dreamplace.ops.logsumexp_wirelength.logsumexp_wirelength - wirelength backward 0.127 ms
[DEBUG  ] dreamplace.ops.logsumexp_wirelength.logsumexp_wirelength - wirelength forward 0.149 ms
[DEBUG  ] dreamplace.ops.logsumexp_wirelength.logsumexp_wirelength - wirelength backward 0.089 ms
[DEBUG  ] dreamplace.ops.logsumexp_wirelength.logsumexp_wirelength - wirelength forward 0.148 ms
[DEBUG  ] dreamplace.ops.logsumexp_wirelength.logsumexp_wirelength - wirelength backward 0.129 ms
[DEBUG  ] dreamplace.ops.logsumexp_wirelength.logsumexp_wirelength - wirelength forward 0.148 ms
[DEBUG  ] dreamplace.ops.logsumexp_wirelength.logsumexp_wirelength - wirelength backward 0.128 ms
[DEBUG  ] dreamplace.ops.logsumexp_wirelength.logsumexp_wirelength - wirelength forward 0.147 ms
[DEBUG  ] dreamplace.ops.logsumexp_wirelength.logsumexp_wirelength - wirelength backward 0.125 ms
[DEBUG  ] dreamplace.ops.logsumexp_wirelength.logsumexp_wirelength - wirelength forward 0.160 ms
[DEBUG  ] dreamplace.ops.logsumexp_wirelength.logsumexp_wirelength - wirelength backward 0.088 ms
[DEBUG  ] dreamplace.ops.logsumexp_wirelength.logsumexp_wirelength - wirelength forward 0.148 ms
[DEBUG  ] dreamplace.ops.logsumexp_wirelength.logsumexp_wirelength - wirelength backward 0.124 ms
[DEBUG  ] dreamplace.ops.logsumexp_wirelength.logsumexp_wirelength - wirelength forward 0.147 ms
[DEBUG  ] dreamplace.ops.logsumexp_wirelength.logsumexp_wirelength - wirelength backward 0.122 ms
[DEBUG  ] dreamplace.ops.logsumexp_wirelength.logsumexp_wirelength - wirelength forward 0.150 ms
[DEBUG  ] dreamplace.ops.logsumexp_wirelength.logsumexp_wirelength - wirelength backward 0.088 ms
[DEBUG  ] dreamplace.ops.logsumexp_wirelength.logsumexp_wirelength - wirelength forward 0.146 ms
[DEBUG  ] dreamplace.ops.logsumexp_wirelength.logsumexp_wirelength - wirelength backward 0.105 ms
[DEBUG  ] dreamplace.ops.logsumexp_wirelength.logsumexp_wirelength - wirelength forward 0.149 ms
[DEBUG  ] dreamplace.ops.logsumexp_wirelength.logsumexp_wirelength - wirelength backward 0.090 ms
[DEBUG  ] dreamplace.ops.logsumexp_wirelength.logsumexp_wirelength - wirelength forward 0.150 ms
[DEBUG  ] dreamplace.ops.logsumexp_wirelength.logsumexp_wirelength - wirelength backward 0.125 ms
[DEBUG  ] dreamplace.ops.logsumexp_wirelength.logsumexp_wirelength - wirelength forward 0.152 ms
[DEBUG  ] dreamplace.ops.logsumexp_wirelength.logsumexp_wirelength - wirelength backward 0.120 ms
[DEBUG  ] dreamplace.ops.logsumexp_wirelength.logsumexp_wirelength - wirelength forward 0.148 ms
[DEBUG  ] dreamplace.ops.logsumexp_wirelength.logsumexp_wirelength - wirelength backward 0.119 ms
[DEBUG  ] dreamplace.ops.logsumexp_wirelength.logsumexp_wirelength - wirelength forward 0.150 ms
[DEBUG  ] dreamplace.ops.logsumexp_wirelength.logsumexp_wirelength - wirelength backward 0.118 ms
[DEBUG  ] dreamplace.ops.logsumexp_wirelength.logsumexp_wirelength - wirelength forward 0.147 ms
[DEBUG  ] dreamplace.ops.logsumexp_wirelength.logsumexp_wirelength - wirelength backward 0.119 ms
[DEBUG  ] dreamplace.ops.logsumexp_wirelength.logsumexp_wirelength - wirelength forward 0.152 ms
[DEBUG  ] dreamplace.ops.logsumexp_wirelength.logsumexp_wirelength - wirelength backward 0.128 ms
[DEBUG  ] dreamplace.ops.logsumexp_wirelength.logsumexp_wirelength - wirelength forward 0.155 ms
[DEBUG  ] dreamplace.ops.logsumexp_wirelength.logsumexp_wirelength - wirelength backward 0.123 ms
[DEBUG  ] dreamplace.ops.logsumexp_wirelength.logsumexp_wirelength - wirelength forward 0.151 ms
[DEBUG  ] dreamplace.ops.logsumexp_wirelength.logsumexp_wirelength - wirelength backward 0.129 ms
[DEBUG  ] dreamplace.ops.logsumexp_wirelength.logsumexp_wirelength - wirelength forward 0.151 ms
[DEBUG  ] dreamplace.ops.logsumexp_wirelength.logsumexp_wirelength - wirelength backward 0.147 ms
[DEBUG  ] dreamplace.ops.logsumexp_wirelength.logsumexp_wirelength - wirelength forward 0.163 ms
[DEBUG  ] dreamplace.ops.logsumexp_wirelength.logsumexp_wirelength - wirelength backward 0.127 ms
[DEBUG  ] dreamplace.ops.logsumexp_wirelength.logsumexp_wirelength - wirelength forward 0.159 ms
[DEBUG  ] dreamplace.ops.logsumexp_wirelength.logsumexp_wirelength - wirelength backward 0.118 ms
[DEBUG  ] dreamplace.ops.logsumexp_wirelength.logsumexp_wirelength - wirelength forward 0.154 ms
[DEBUG  ] dreamplace.ops.logsumexp_wirelength.logsumexp_wirelength - wirelength backward 0.120 ms
[DEBUG  ] dreamplace.ops.logsumexp_wirelength.logsumexp_wirelength - wirelength forward 0.151 ms
[DEBUG  ] dreamplace.ops.logsumexp_wirelength.logsumexp_wirelength - wirelength backward 0.132 ms
[DEBUG  ] dreamplace.ops.logsumexp_wirelength.logsumexp_wirelength - wirelength forward 0.157 ms
[DEBUG  ] dreamplace.ops.logsumexp_wirelength.logsumexp_wirelength - wirelength backward 0.126 ms
[DEBUG  ] dreamplace.ops.logsumexp_wirelength.logsumexp_wirelength - wirelength forward 0.167 ms
[DEBUG  ] dreamplace.ops.logsumexp_wirelength.logsumexp_wirelength - wirelength backward 0.117 ms
[DEBUG  ] dreamplace.ops.logsumexp_wirelength.logsumexp_wirelength - wirelength forward 0.163 ms
[DEBUG  ] dreamplace.ops.logsumexp_wirelength.logsumexp_wirelength - wirelength backward 0.116 ms
[DEBUG  ] dreamplace.ops.logsumexp_wirelength.logsumexp_wirelength - wirelength forward 0.163 ms
[DEBUG  ] dreamplace.ops.logsumexp_wirelength.logsumexp_wirelength - wirelength backward 0.134 ms
[DEBUG  ] dreamplace.ops.logsumexp_wirelength.logsumexp_wirelength - wirelength forward 0.161 ms
[DEBUG  ] dreamplace.ops.logsumexp_wirelength.logsumexp_wirelength - wirelength backward 0.137 ms
[INFO   ] DREAMPlace - update best theta
[DEBUG  ] dreamplace.ops.logsumexp_wirelength.logsumexp_wirelength - wirelength forward 0.158 ms
[DEBUG  ] dreamplace.ops.logsumexp_wirelength.logsumexp_wirelength - wirelength backward 0.093 ms
[DEBUG  ] dreamplace.ops.logsumexp_wirelength.logsumexp_wirelength - wirelength forward 0.160 ms
[DEBUG  ] dreamplace.ops.logsumexp_wirelength.logsumexp_wirelength - wirelength backward 0.142 ms
[DEBUG  ] dreamplace.ops.logsumexp_wirelength.logsumexp_wirelength - wirelength forward 0.154 ms
[DEBUG  ] dreamplace.ops.logsumexp_wirelength.logsumexp_wirelength - wirelength backward 0.112 ms
[DEBUG  ] dreamplace.ops.logsumexp_wirelength.logsumexp_wirelength - wirelength forward 0.146 ms
[DEBUG  ] dreamplace.ops.logsumexp_wirelength.logsumexp_wirelength - wirelength backward 0.095 ms
[DEBUG  ] dreamplace.ops.logsumexp_wirelength.logsumexp_wirelength - wirelength forward 0.148 ms
[DEBUG  ] dreamplace.ops.logsumexp_wirelength.logsumexp_wirelength - wirelength backward 0.103 ms
[DEBUG  ] dreamplace.ops.logsumexp_wirelength.logsumexp_wirelength - wirelength forward 0.146 ms
[DEBUG  ] dreamplace.ops.logsumexp_wirelength.logsumexp_wirelength - wirelength backward 0.111 ms
[DEBUG  ] dreamplace.ops.logsumexp_wirelength.logsumexp_wirelength - wirelength forward 0.173 ms
[DEBUG  ] dreamplace.ops.logsumexp_wirelength.logsumexp_wirelength - wirelength backward 0.124 ms
[DEBUG  ] dreamplace.ops.logsumexp_wirelength.logsumexp_wirelength - wirelength forward 0.156 ms
[DEBUG  ] dreamplace.ops.logsumexp_wirelength.logsumexp_wirelength - wirelength backward 0.140 ms
[DEBUG  ] dreamplace.ops.logsumexp_wirelength.logsumexp_wirelength - wirelength forward 0.156 ms
[DEBUG  ] dreamplace.ops.logsumexp_wirelength.logsumexp_wirelength - wirelength backward 0.151 ms
[DEBUG  ] dreamplace.ops.logsumexp_wirelength.logsumexp_wirelength - wirelength forward 0.167 ms
[DEBUG  ] dreamplace.ops.logsumexp_wirelength.logsumexp_wirelength - wirelength backward 0.118 ms
[DEBUG  ] dreamplace.ops.logsumexp_wirelength.logsumexp_wirelength - wirelength forward 0.152 ms
[DEBUG  ] dreamplace.ops.logsumexp_wirelength.logsumexp_wirelength - wirelength backward 0.142 ms
[DEBUG  ] dreamplace.ops.logsumexp_wirelength.logsumexp_wirelength - wirelength forward 0.185 ms
[DEBUG  ] dreamplace.ops.logsumexp_wirelength.logsumexp_wirelength - wirelength backward 0.138 ms
[DEBUG  ] dreamplace.ops.logsumexp_wirelength.logsumexp_wirelength - wirelength forward 0.115 ms
[DEBUG  ] dreamplace.ops.logsumexp_wirelength.logsumexp_wirelength - wirelength backward 0.088 ms
[DEBUG  ] dreamplace.ops.logsumexp_wirelength.logsumexp_wirelength - wirelength forward 0.181 ms
[DEBUG  ] dreamplace.ops.logsumexp_wirelength.logsumexp_wirelength - wirelength backward 0.153 ms
[DEBUG  ] dreamplace.ops.logsumexp_wirelength.logsumexp_wirelength - wirelength forward 0.177 ms
[DEBUG  ] dreamplace.ops.logsumexp_wirelength.logsumexp_wirelength - wirelength backward 0.106 ms
[DEBUG  ] dreamplace.ops.logsumexp_wirelength.logsumexp_wirelength - wirelength forward 0.189 ms
[DEBUG  ] dreamplace.ops.logsumexp_wirelength.logsumexp_wirelength - wirelength backward 0.100 ms
[DEBUG  ] dreamplace.ops.logsumexp_wirelength.logsumexp_wirelength - wirelength forward 0.175 ms
[DEBUG  ] dreamplace.ops.logsumexp_wirelength.logsumexp_wirelength - wirelength backward 0.151 ms
[DEBUG  ] dreamplace.ops.logsumexp_wirelength.logsumexp_wirelength - wirelength forward 0.184 ms
[DEBUG  ] dreamplace.ops.logsumexp_wirelength.logsumexp_wirelength - wirelength backward 0.134 ms
[DEBUG  ] dreamplace.ops.logsumexp_wirelength.logsumexp_wirelength - wirelength forward 0.149 ms
[DEBUG  ] dreamplace.ops.logsumexp_wirelength.logsumexp_wirelength - wirelength backward 0.135 ms
[DEBUG  ] dreamplace.ops.logsumexp_wirelength.logsumexp_wirelength - wirelength forward 0.167 ms
[DEBUG  ] dreamplace.ops.logsumexp_wirelength.logsumexp_wirelength - wirelength backward 0.115 ms
[DEBUG  ] dreamplace.ops.logsumexp_wirelength.logsumexp_wirelength - wirelength forward 0.160 ms
[DEBUG  ] dreamplace.ops.logsumexp_wirelength.logsumexp_wirelength - wirelength backward 0.116 ms
[DEBUG  ] dreamplace.ops.logsumexp_wirelength.logsumexp_wirelength - wirelength forward 0.180 ms
[DEBUG  ] dreamplace.ops.logsumexp_wirelength.logsumexp_wirelength - wirelength backward 0.116 ms
[DEBUG  ] dreamplace.ops.logsumexp_wirelength.logsumexp_wirelength - wirelength forward 0.183 ms
[DEBUG  ] dreamplace.ops.logsumexp_wirelength.logsumexp_wirelength - wirelength backward 0.120 ms
[INFO   ] DREAMPlace - plotting to ./results/tuner-small/small-1/PB310_A00/run-30_0_0/PB310_A00/plot/iter0500.png takes 0.069 seconds
[DEBUG  ] dreamplace.ops.logsumexp_wirelength.logsumexp_wirelength - wirelength forward 0.200 ms
[DEBUG  ] dreamplace.ops.electric_potential.electric_potential - density forward 1.298 ms
[DEBUG  ] dreamplace.ops.electric_potential.electric_potential - density backward 0.401 ms
[DEBUG  ] dreamplace.ops.logsumexp_wirelength.logsumexp_wirelength - wirelength backward 0.126 ms
[INFO   ] DREAMPlace - optimizer step 10.861 ms
[INFO   ] DREAMPlace - iteration  500, (  90,  0,  0), Obj 2.190748E+09, NetCrossing 4.751E+01, NetCrossingWeight 1.000000E+01, DensityWeight 1.131293E+07, HPWL 1.645093E+03, Overflow 4.418035E-03, MaxDensity 1.019E+00, MacroOverlap 2.762E-06, MacroOverlapWeight 8.000000E-06, gamma 6.224224E-02, time 4.447ms
[INFO   ] DREAMPlace - full step 501.160 ms
[DEBUG  ] dreamplace.ops.logsumexp_wirelength.logsumexp_wirelength - wirelength forward 0.191 ms
[DEBUG  ] dreamplace.ops.electric_potential.electric_potential - density forward 1.278 ms
[DEBUG  ] dreamplace.ops.electric_potential.electric_potential - density backward 0.424 ms
[DEBUG  ] dreamplace.ops.logsumexp_wirelength.logsumexp_wirelength - wirelength backward 0.138 ms
[DEBUG  ] dreamplace.ops.logsumexp_wirelength.logsumexp_wirelength - wirelength forward 0.167 ms
[DEBUG  ] dreamplace.ops.electric_potential.electric_potential - density forward 1.243 ms
[DEBUG  ] dreamplace.ops.electric_potential.electric_potential - density backward 0.406 ms
[DEBUG  ] dreamplace.ops.logsumexp_wirelength.logsumexp_wirelength - wirelength backward 0.132 ms
[INFO   ] DREAMPlace - optimizer step 20.377 ms
[INFO   ] DREAMPlace - iteration  501, (  90,  0,  1), Obj 2.453074E+09, NetCrossing 4.651E+01, NetCrossingWeight 1.000000E+01, DensityWeight 1.131293E+07, HPWL 1.645081E+03, Overflow 4.417663E-03, MaxDensity 1.019E+00, MacroOverlap 2.764E-06, MacroOverlapWeight 8.000000E-06, gamma 6.224224E-02, time 3.481ms
[INFO   ] DREAMPlace - full step 24.919 ms
[INFO   ] DREAMPlace - Lsub stopping criteria: 1 and 2.45307e+09 > 2.19075e+09 * 0.999
[DEBUG  ] dreamplace.ops.logsumexp_wirelength.logsumexp_wirelength - wirelength forward 0.181 ms
[DEBUG  ] dreamplace.ops.electric_potential.electric_potential - density forward 1.255 ms
[DEBUG  ] dreamplace.ops.electric_potential.electric_potential - density backward 0.393 ms
[DEBUG  ] dreamplace.ops.logsumexp_wirelength.logsumexp_wirelength - wirelength backward 0.123 ms
[DEBUG  ] dreamplace.ops.logsumexp_wirelength.logsumexp_wirelength - wirelength forward 0.165 ms
[DEBUG  ] dreamplace.ops.electric_potential.electric_potential - density forward 1.186 ms
[DEBUG  ] dreamplace.ops.electric_potential.electric_potential - density backward 0.388 ms
[DEBUG  ] dreamplace.ops.logsumexp_wirelength.logsumexp_wirelength - wirelength backward 0.121 ms
[INFO   ] DREAMPlace - optimizer step 19.486 ms
[INFO   ] DREAMPlace - iteration  502, (  90,  1,  0), Obj 2.463605E+09, NetCrossing 4.649E+01, NetCrossingWeight 1.000000E+01, DensityWeight 1.261068E+07, HPWL 1.645075E+03, Overflow 4.415972E-03, MaxDensity 1.019E+00, MacroOverlap 2.763E-06, MacroOverlapWeight 8.000000E-06, gamma 6.224224E-02, time 3.494ms
[INFO   ] DREAMPlace - full step 23.988 ms
[DEBUG  ] dreamplace.ops.logsumexp_wirelength.logsumexp_wirelength - wirelength forward 0.133 ms
[DEBUG  ] dreamplace.ops.electric_potential.electric_potential - density forward 1.366 ms
[DEBUG  ] dreamplace.ops.electric_potential.electric_potential - density backward 0.394 ms
[DEBUG  ] dreamplace.ops.logsumexp_wirelength.logsumexp_wirelength - wirelength backward 0.122 ms
[DEBUG  ] dreamplace.ops.logsumexp_wirelength.logsumexp_wirelength - wirelength forward 0.189 ms
[DEBUG  ] dreamplace.ops.electric_potential.electric_potential - density forward 1.038 ms
[DEBUG  ] dreamplace.ops.electric_potential.electric_potential - density backward 0.383 ms
[DEBUG  ] dreamplace.ops.logsumexp_wirelength.logsumexp_wirelength - wirelength backward 0.120 ms
[INFO   ] DREAMPlace - optimizer step 18.776 ms
[INFO   ] DREAMPlace - iteration  503, (  90,  1,  1), Obj 2.743439E+09, NetCrossing 4.742E+01, NetCrossingWeight 1.000000E+01, DensityWeight 1.261068E+07, HPWL 1.645048E+03, Overflow 4.414340E-03, MaxDensity 1.019E+00, MacroOverlap 2.761E-06, MacroOverlapWeight 8.000000E-06, gamma 6.224224E-02, time 3.603ms
[INFO   ] DREAMPlace - full step 23.505 ms
[INFO   ] DREAMPlace - Lsub stopping criteria: 1 and 2.74344e+09 > 2.46361e+09 * 0.999
[DEBUG  ] dreamplace.ops.logsumexp_wirelength.logsumexp_wirelength - wirelength forward 0.165 ms
[DEBUG  ] dreamplace.ops.electric_potential.electric_potential - density forward 1.003 ms
[DEBUG  ] dreamplace.ops.electric_potential.electric_potential - density backward 0.392 ms
[DEBUG  ] dreamplace.ops.logsumexp_wirelength.logsumexp_wirelength - wirelength backward 0.121 ms
[DEBUG  ] dreamplace.ops.logsumexp_wirelength.logsumexp_wirelength - wirelength forward 0.163 ms
[DEBUG  ] dreamplace.ops.electric_potential.electric_potential - density forward 1.175 ms
[DEBUG  ] dreamplace.ops.electric_potential.electric_potential - density backward 0.385 ms
[DEBUG  ] dreamplace.ops.logsumexp_wirelength.logsumexp_wirelength - wirelength backward 0.124 ms
[INFO   ] DREAMPlace - optimizer step 18.412 ms
[INFO   ] DREAMPlace - iteration  504, (  90,  2,  0), Obj 2.757886E+09, NetCrossing 4.695E+01, NetCrossingWeight 1.000000E+01, DensityWeight 1.377615E+07, HPWL 1.645036E+03, Overflow 4.411596E-03, MaxDensity 1.019E+00, MacroOverlap 2.759E-06, MacroOverlapWeight 8.000000E-06, gamma 6.224224E-02, time 3.165ms
[INFO   ] DREAMPlace - full step 22.566 ms
[DEBUG  ] dreamplace.ops.logsumexp_wirelength.logsumexp_wirelength - wirelength forward 0.170 ms
[DEBUG  ] dreamplace.ops.electric_potential.electric_potential - density forward 1.176 ms
[DEBUG  ] dreamplace.ops.electric_potential.electric_potential - density backward 0.396 ms
[DEBUG  ] dreamplace.ops.logsumexp_wirelength.logsumexp_wirelength - wirelength backward 0.132 ms
[INFO   ] DREAMPlace - optimizer step 11.221 ms
[INFO   ] DREAMPlace - iteration  505, (  90,  2,  1), Obj 3.003487E+09, NetCrossing 4.768E+01, NetCrossingWeight 1.000000E+01, DensityWeight 1.377615E+07, HPWL 1.644985E+03, Overflow 4.410031E-03, MaxDensity 1.019E+00, MacroOverlap 2.756E-06, MacroOverlapWeight 8.000000E-06, gamma 6.224224E-02, time 3.396ms
[INFO   ] DREAMPlace - full step 15.654 ms
[INFO   ] DREAMPlace - Lsub stopping criteria: 1 and 3.00349e+09 > 2.75789e+09 * 0.999
[DEBUG  ] dreamplace.ops.logsumexp_wirelength.logsumexp_wirelength - wirelength forward 0.205 ms
[DEBUG  ] dreamplace.ops.electric_potential.electric_potential - density forward 1.380 ms
[DEBUG  ] dreamplace.ops.electric_potential.electric_potential - density backward 0.405 ms
[DEBUG  ] dreamplace.ops.logsumexp_wirelength.logsumexp_wirelength - wirelength backward 0.124 ms
[INFO   ] DREAMPlace - optimizer step 10.750 ms
[INFO   ] DREAMPlace - iteration  506, (  90,  3,  0), Obj 3.011807E+09, NetCrossing 4.723E+01, NetCrossingWeight 1.000000E+01, DensityWeight 1.504933E+07, HPWL 1.644975E+03, Overflow 4.406302E-03, MaxDensity 1.019E+00, MacroOverlap 2.752E-06, MacroOverlapWeight 8.000000E-06, gamma 6.224224E-02, time 3.667ms
[INFO   ] DREAMPlace - full step 15.571 ms
[DEBUG  ] dreamplace.ops.logsumexp_wirelength.logsumexp_wirelength - wirelength forward 0.137 ms
[DEBUG  ] dreamplace.ops.electric_potential.electric_potential - density forward 0.983 ms
[DEBUG  ] dreamplace.ops.electric_potential.electric_potential - density backward 0.394 ms
[DEBUG  ] dreamplace.ops.logsumexp_wirelength.logsumexp_wirelength - wirelength backward 0.123 ms
[INFO   ] DREAMPlace - optimizer step 8.680 ms
[INFO   ] DREAMPlace - iteration  507, (  90,  3,  1), Obj 3.285026E+09, NetCrossing 4.698E+01, NetCrossingWeight 1.000000E+01, DensityWeight 1.504933E+07, HPWL 1.644911E+03, Overflow 4.404085E-03, MaxDensity 1.019E+00, MacroOverlap 2.749E-06, MacroOverlapWeight 8.000000E-06, gamma 6.224224E-02, time 3.061ms
[INFO   ] DREAMPlace - full step 12.675 ms
[INFO   ] DREAMPlace - Lsub stopping criteria: 1 and 3.28503e+09 > 3.01181e+09 * 0.999
[DEBUG  ] dreamplace.ops.logsumexp_wirelength.logsumexp_wirelength - wirelength forward 0.134 ms
[DEBUG  ] dreamplace.ops.electric_potential.electric_potential - density forward 0.967 ms
[DEBUG  ] dreamplace.ops.electric_potential.electric_potential - density backward 0.388 ms
[DEBUG  ] dreamplace.ops.logsumexp_wirelength.logsumexp_wirelength - wirelength backward 0.120 ms
[INFO   ] DREAMPlace - optimizer step 8.816 ms
[INFO   ] DREAMPlace - iteration  508, (  90,  4,  0), Obj 3.284039E+09, NetCrossing 4.630E+01, NetCrossingWeight 1.000000E+01, DensityWeight 1.644018E+07, HPWL 1.644903E+03, Overflow 4.399267E-03, MaxDensity 1.019E+00, MacroOverlap 2.744E-06, MacroOverlapWeight 8.000000E-06, gamma 6.224224E-02, time 3.411ms
[INFO   ] DREAMPlace - full step 13.283 ms
[DEBUG  ] dreamplace.ops.logsumexp_wirelength.logsumexp_wirelength - wirelength forward 0.185 ms
[DEBUG  ] dreamplace.ops.electric_potential.electric_potential - density forward 1.246 ms
[DEBUG  ] dreamplace.ops.electric_potential.electric_potential - density backward 0.397 ms
[DEBUG  ] dreamplace.ops.logsumexp_wirelength.logsumexp_wirelength - wirelength backward 0.146 ms
[INFO   ] DREAMPlace - optimizer step 10.062 ms
[INFO   ] DREAMPlace - iteration  509, (  90,  4,  1), Obj 3.588400E+09, NetCrossing 4.767E+01, NetCrossingWeight 1.000000E+01, DensityWeight 1.644018E+07, HPWL 1.644845E+03, Overflow 4.396394E-03, MaxDensity 1.019E+00, MacroOverlap 2.741E-06, MacroOverlapWeight 8.000000E-06, gamma 6.224224E-02, time 3.402ms
[INFO   ] DREAMPlace - full step 14.519 ms
[INFO   ] DREAMPlace - Lsub stopping criteria: 1 and 3.5884e+09 > 3.28404e+09 * 0.999
[DEBUG  ] dreamplace.ops.logsumexp_wirelength.logsumexp_wirelength - wirelength forward 0.187 ms
[DEBUG  ] dreamplace.ops.electric_potential.electric_potential - density forward 1.221 ms
[DEBUG  ] dreamplace.ops.electric_potential.electric_potential - density backward 0.397 ms
[DEBUG  ] dreamplace.ops.logsumexp_wirelength.logsumexp_wirelength - wirelength backward 0.131 ms
[INFO   ] DREAMPlace - optimizer step 10.021 ms
[INFO   ] DREAMPlace - iteration  510, (  90,  5,  0), Obj 3.581151E+09, NetCrossing 4.710E+01, NetCrossingWeight 1.000000E+01, DensityWeight 1.795957E+07, HPWL 1.644832E+03, Overflow 4.392950E-03, MaxDensity 1.019E+00, MacroOverlap 2.737E-06, MacroOverlapWeight 8.000000E-06, gamma 6.224224E-02, time 3.314ms
[INFO   ] DREAMPlace - full step 14.366 ms
[DEBUG  ] dreamplace.ops.logsumexp_wirelength.logsumexp_wirelength - wirelength forward 0.173 ms
[DEBUG  ] dreamplace.ops.electric_potential.electric_potential - density forward 1.218 ms
[DEBUG  ] dreamplace.ops.electric_potential.electric_potential - density backward 0.396 ms
[DEBUG  ] dreamplace.ops.logsumexp_wirelength.logsumexp_wirelength - wirelength backward 0.129 ms
[INFO   ] DREAMPlace - optimizer step 10.125 ms
[INFO   ] DREAMPlace - iteration  511, (  90,  5,  1), Obj 3.915729E+09, NetCrossing 4.717E+01, NetCrossingWeight 1.000000E+01, DensityWeight 1.795957E+07, HPWL 1.644775E+03, Overflow 4.390004E-03, MaxDensity 1.019E+00, MacroOverlap 2.733E-06, MacroOverlapWeight 8.000000E-06, gamma 6.224224E-02, time 3.357ms
[INFO   ] DREAMPlace - full step 14.578 ms
[INFO   ] DREAMPlace - Lsub stopping criteria: 1 and 3.91573e+09 > 3.58115e+09 * 0.999
[DEBUG  ] dreamplace.ops.logsumexp_wirelength.logsumexp_wirelength - wirelength forward 0.172 ms
[DEBUG  ] dreamplace.ops.electric_potential.electric_potential - density forward 1.201 ms
[DEBUG  ] dreamplace.ops.electric_potential.electric_potential - density backward 0.390 ms
[DEBUG  ] dreamplace.ops.logsumexp_wirelength.logsumexp_wirelength - wirelength backward 0.122 ms
[INFO   ] DREAMPlace - optimizer step 9.698 ms
[INFO   ] DREAMPlace - iteration  512, (  90,  6,  0), Obj 3.914814E+09, NetCrossing 4.665E+01, NetCrossingWeight 1.000000E+01, DensityWeight 1.961938E+07, HPWL 1.644766E+03, Overflow 4.385917E-03, MaxDensity 1.019E+00, MacroOverlap 2.729E-06, MacroOverlapWeight 8.000000E-06, gamma 6.224224E-02, time 3.446ms
[INFO   ] DREAMPlace - full step 14.173 ms
[DEBUG  ] dreamplace.ops.logsumexp_wirelength.logsumexp_wirelength - wirelength forward 0.175 ms
[DEBUG  ] dreamplace.ops.electric_potential.electric_potential - density forward 1.198 ms
[DEBUG  ] dreamplace.ops.electric_potential.electric_potential - density backward 0.392 ms
[DEBUG  ] dreamplace.ops.logsumexp_wirelength.logsumexp_wirelength - wirelength backward 0.128 ms
[INFO   ] DREAMPlace - optimizer step 9.889 ms
[INFO   ] DREAMPlace - iteration  513, (  90,  6,  1), Obj 4.270885E+09, NetCrossing 4.699E+01, NetCrossingWeight 1.000000E+01, DensityWeight 1.961938E+07, HPWL 1.644720E+03, Overflow 4.381792E-03, MaxDensity 1.019E+00, MacroOverlap 2.725E-06, MacroOverlapWeight 8.000000E-06, gamma 6.224224E-02, time 3.213ms
[INFO   ] DREAMPlace - full step 14.081 ms
[INFO   ] DREAMPlace - Lsub stopping criteria: 1 and 4.27089e+09 > 3.91481e+09 * 0.999
[DEBUG  ] dreamplace.ops.logsumexp_wirelength.logsumexp_wirelength - wirelength forward 0.182 ms
[DEBUG  ] dreamplace.ops.electric_potential.electric_potential - density forward 1.194 ms
[DEBUG  ] dreamplace.ops.electric_potential.electric_potential - density backward 0.390 ms
[DEBUG  ] dreamplace.ops.logsumexp_wirelength.logsumexp_wirelength - wirelength backward 0.124 ms
[INFO   ] DREAMPlace - optimizer step 9.938 ms
[INFO   ] DREAMPlace - iteration  514, (  90,  7,  0), Obj 4.271744E+09, NetCrossing 4.608E+01, NetCrossingWeight 1.000000E+01, DensityWeight 2.143260E+07, HPWL 1.644723E+03, Overflow 4.376668E-03, MaxDensity 1.019E+00, MacroOverlap 2.721E-06, MacroOverlapWeight 8.000000E-06, gamma 6.224224E-02, time 3.272ms
[INFO   ] DREAMPlace - full step 14.184 ms
[DEBUG  ] dreamplace.ops.logsumexp_wirelength.logsumexp_wirelength - wirelength forward 0.175 ms
[DEBUG  ] dreamplace.ops.electric_potential.electric_potential - density forward 1.210 ms
[DEBUG  ] dreamplace.ops.electric_potential.electric_potential - density backward 0.391 ms
[DEBUG  ] dreamplace.ops.logsumexp_wirelength.logsumexp_wirelength - wirelength backward 0.125 ms
[INFO   ] DREAMPlace - optimizer step 9.746 ms
[INFO   ] DREAMPlace - iteration  515, (  90,  7,  1), Obj 4.649418E+09, NetCrossing 4.767E+01, NetCrossingWeight 1.000000E+01, DensityWeight 2.143260E+07, HPWL 1.644687E+03, Overflow 4.372380E-03, MaxDensity 1.019E+00, MacroOverlap 2.718E-06, MacroOverlapWeight 8.000000E-06, gamma 6.224224E-02, time 3.254ms
[INFO   ] DREAMPlace - full step 13.974 ms
[INFO   ] DREAMPlace - Lsub stopping criteria: 1 and 4.64942e+09 > 4.27174e+09 * 0.999
[DEBUG  ] dreamplace.ops.logsumexp_wirelength.logsumexp_wirelength - wirelength forward 0.173 ms
[DEBUG  ] dreamplace.ops.electric_potential.electric_potential - density forward 1.160 ms
[DEBUG  ] dreamplace.ops.electric_potential.electric_potential - density backward 0.390 ms
[DEBUG  ] dreamplace.ops.logsumexp_wirelength.logsumexp_wirelength - wirelength backward 0.125 ms
[INFO   ] DREAMPlace - optimizer step 9.543 ms
[INFO   ] DREAMPlace - iteration  516, (  90,  8,  0), Obj 4.659732E+09, NetCrossing 4.767E+01, NetCrossingWeight 1.000000E+01, DensityWeight 2.341338E+07, HPWL 1.644722E+03, Overflow 4.368884E-03, MaxDensity 1.019E+00, MacroOverlap 2.715E-06, MacroOverlapWeight 8.000000E-06, gamma 6.224224E-02, time 3.235ms
[INFO   ] DREAMPlace - full step 13.717 ms
[DEBUG  ] dreamplace.ops.logsumexp_wirelength.logsumexp_wirelength - wirelength forward 0.175 ms
[DEBUG  ] dreamplace.ops.electric_potential.electric_potential - density forward 1.182 ms
[DEBUG  ] dreamplace.ops.electric_potential.electric_potential - density backward 0.392 ms
[DEBUG  ] dreamplace.ops.logsumexp_wirelength.logsumexp_wirelength - wirelength backward 0.124 ms
[INFO   ] DREAMPlace - optimizer step 9.687 ms
[INFO   ] DREAMPlace - iteration  517, (  90,  8,  1), Obj 5.081399E+09, NetCrossing 4.720E+01, NetCrossingWeight 1.000000E+01, DensityWeight 2.341338E+07, HPWL 1.644724E+03, Overflow 4.367303E-03, MaxDensity 1.019E+00, MacroOverlap 2.712E-06, MacroOverlapWeight 8.000000E-06, gamma 6.224224E-02, time 3.235ms
[INFO   ] DREAMPlace - full step 13.909 ms
[INFO   ] DREAMPlace - Lsub stopping criteria: 1 and 5.0814e+09 > 4.65973e+09 * 0.999
[INFO   ] DREAMPlace - Llambda stopping criteria: 8 and (( 0.0043673 < 0.1 and 1644.72 > 1644.69 ) or 1.0191 < 1.0)
[DEBUG  ] dreamplace.ops.logsumexp_wirelength.logsumexp_wirelength - wirelength forward 0.177 ms
[DEBUG  ] dreamplace.ops.electric_potential.electric_potential - density forward 1.210 ms
[DEBUG  ] dreamplace.ops.electric_potential.electric_potential - density backward 0.389 ms
[DEBUG  ] dreamplace.ops.logsumexp_wirelength.logsumexp_wirelength - wirelength backward 0.125 ms
[INFO   ] DREAMPlace - optimizer step 9.616 ms
[INFO   ] DREAMPlace - iteration  518, (  91,  0,  0), Obj 5.069300E+09, NetCrossing 4.768E+01, NetCrossingWeight 1.000000E+01, DensityWeight 2.609922E+07, HPWL 1.644765E+03, Overflow 4.365539E-03, MaxDensity 1.019E+00, MacroOverlap 2.709E-06, MacroOverlapWeight 8.000000E-06, gamma 6.222576E-02, time 3.358ms
[INFO   ] DREAMPlace - full step 13.937 ms
[DEBUG  ] dreamplace.ops.logsumexp_wirelength.logsumexp_wirelength - wirelength forward 0.165 ms
[DEBUG  ] dreamplace.ops.electric_potential.electric_potential - density forward 1.145 ms
[DEBUG  ] dreamplace.ops.electric_potential.electric_potential - density backward 0.390 ms
[DEBUG  ] dreamplace.ops.logsumexp_wirelength.logsumexp_wirelength - wirelength backward 0.138 ms
[INFO   ] DREAMPlace - optimizer step 9.544 ms
[INFO   ] DREAMPlace - iteration  519, (  91,  0,  1), Obj 5.662826E+09, NetCrossing 4.768E+01, NetCrossingWeight 1.000000E+01, DensityWeight 2.609922E+07, HPWL 1.644784E+03, Overflow 4.363714E-03, MaxDensity 1.019E+00, MacroOverlap 2.705E-06, MacroOverlapWeight 8.000000E-06, gamma 6.222576E-02, time 3.241ms
[INFO   ] DREAMPlace - full step 13.787 ms
[INFO   ] DREAMPlace - Lsub stopping criteria: 1 and 5.66283e+09 > 5.0693e+09 * 0.999
[DEBUG  ] dreamplace.ops.logsumexp_wirelength.logsumexp_wirelength - wirelength forward 0.174 ms
[DEBUG  ] dreamplace.ops.electric_potential.electric_potential - density forward 1.184 ms
[DEBUG  ] dreamplace.ops.electric_potential.electric_potential - density backward 0.394 ms
[DEBUG  ] dreamplace.ops.logsumexp_wirelength.logsumexp_wirelength - wirelength backward 0.127 ms
[INFO   ] DREAMPlace - optimizer step 9.790 ms
[INFO   ] DREAMPlace - iteration  520, (  91,  1,  0), Obj 5.649166E+09, NetCrossing 4.702E+01, NetCrossingWeight 1.000000E+01, DensityWeight 2.909316E+07, HPWL 1.644831E+03, Overflow 4.360906E-03, MaxDensity 1.019E+00, MacroOverlap 2.702E-06, MacroOverlapWeight 8.000000E-06, gamma 6.222576E-02, time 3.304ms
[INFO   ] DREAMPlace - full step 14.097 ms
[DEBUG  ] dreamplace.ops.logsumexp_wirelength.logsumexp_wirelength - wirelength forward 0.164 ms
[DEBUG  ] dreamplace.ops.electric_potential.electric_potential - density forward 1.184 ms
[DEBUG  ] dreamplace.ops.electric_potential.electric_potential - density backward 0.388 ms
[DEBUG  ] dreamplace.ops.logsumexp_wirelength.logsumexp_wirelength - wirelength backward 0.124 ms
[INFO   ] DREAMPlace - optimizer step 9.532 ms
[INFO   ] DREAMPlace - iteration  521, (  91,  1,  1), Obj 6.311325E+09, NetCrossing 4.702E+01, NetCrossingWeight 1.000000E+01, DensityWeight 2.909316E+07, HPWL 1.644858E+03, Overflow 4.358679E-03, MaxDensity 1.019E+00, MacroOverlap 2.698E-06, MacroOverlapWeight 8.000000E-06, gamma 6.222576E-02, time 3.319ms
[INFO   ] DREAMPlace - full step 13.827 ms
[INFO   ] DREAMPlace - Lsub stopping criteria: 1 and 6.31132e+09 > 5.64917e+09 * 0.999
[INFO   ] DREAMPlace - Llambda stopping criteria: 1 and (( 0.00435868 < 0.1 and 1644.86 > 1644.78 ) or 1.0191 < 1.0)
[DEBUG  ] dreamplace.ops.logsumexp_wirelength.logsumexp_wirelength - wirelength forward 0.157 ms
[DEBUG  ] dreamplace.ops.electric_potential.electric_potential - density forward 1.102 ms
[DEBUG  ] dreamplace.ops.electric_potential.electric_potential - density backward 0.326 ms
[DEBUG  ] dreamplace.ops.logsumexp_wirelength.logsumexp_wirelength - wirelength backward 0.095 ms
[INFO   ] DREAMPlace - optimizer step 8.440 ms
[INFO   ] DREAMPlace - iteration  522, (  92,  0,  0), Obj 6.292648E+09, NetCrossing 4.688E+01, NetCrossingWeight 1.000000E+01, DensityWeight 3.243054E+07, HPWL 1.644901E+03, Overflow 4.355377E-03, MaxDensity 1.019E+00, MacroOverlap 2.695E-06, MacroOverlapWeight 8.000000E-06, gamma 6.222301E-02, time 3.216ms
[INFO   ] DREAMPlace - full step 12.647 ms
[DEBUG  ] dreamplace.ops.logsumexp_wirelength.logsumexp_wirelength - wirelength forward 0.164 ms
[DEBUG  ] dreamplace.ops.electric_potential.electric_potential - density forward 1.180 ms
[DEBUG  ] dreamplace.ops.electric_potential.electric_potential - density backward 0.368 ms
[DEBUG  ] dreamplace.ops.logsumexp_wirelength.logsumexp_wirelength - wirelength backward 0.129 ms
[INFO   ] DREAMPlace - optimizer step 9.161 ms
[INFO   ] DREAMPlace - iteration  523, (  92,  0,  1), Obj 7.008118E+09, NetCrossing 4.770E+01, NetCrossingWeight 1.000000E+01, DensityWeight 3.243054E+07, HPWL 1.644924E+03, Overflow 4.352070E-03, MaxDensity 1.019E+00, MacroOverlap 2.690E-06, MacroOverlapWeight 8.000000E-06, gamma 6.222301E-02, time 3.274ms
[INFO   ] DREAMPlace - full step 13.408 ms
[INFO   ] DREAMPlace - Lsub stopping criteria: 1 and 7.00812e+09 > 6.29265e+09 * 0.999
[DEBUG  ] dreamplace.ops.logsumexp_wirelength.logsumexp_wirelength - wirelength forward 0.155 ms
[DEBUG  ] dreamplace.ops.electric_potential.electric_potential - density forward 1.129 ms
[DEBUG  ] dreamplace.ops.electric_potential.electric_potential - density backward 0.418 ms
[DEBUG  ] dreamplace.ops.logsumexp_wirelength.logsumexp_wirelength - wirelength backward 0.141 ms
[DEBUG  ] dreamplace.ops.logsumexp_wirelength.logsumexp_wirelength - wirelength forward 0.152 ms
[DEBUG  ] dreamplace.ops.electric_potential.electric_potential - density forward 1.134 ms
[DEBUG  ] dreamplace.ops.electric_potential.electric_potential - density backward 0.433 ms
[DEBUG  ] dreamplace.ops.logsumexp_wirelength.logsumexp_wirelength - wirelength backward 0.118 ms
[INFO   ] DREAMPlace - optimizer step 19.163 ms
[INFO   ] DREAMPlace - iteration  524, (  92,  1,  0), Obj 7.029009E+09, NetCrossing 4.824E+01, NetCrossingWeight 1.000000E+01, DensityWeight 3.615077E+07, HPWL 1.644955E+03, Overflow 4.348820E-03, MaxDensity 1.019E+00, MacroOverlap 2.687E-06, MacroOverlapWeight 8.000000E-06, gamma 6.222301E-02, time 3.216ms
[INFO   ] DREAMPlace - full step 23.333 ms
[DEBUG  ] dreamplace.ops.logsumexp_wirelength.logsumexp_wirelength - wirelength forward 0.167 ms
[DEBUG  ] dreamplace.ops.electric_potential.electric_potential - density forward 1.162 ms
[DEBUG  ] dreamplace.ops.electric_potential.electric_potential - density backward 0.375 ms
[DEBUG  ] dreamplace.ops.logsumexp_wirelength.logsumexp_wirelength - wirelength backward 0.118 ms
[INFO   ] DREAMPlace - optimizer step 9.350 ms
[INFO   ] DREAMPlace - iteration  525, (  92,  1,  1), Obj 7.758432E+09, NetCrossing 4.703E+01, NetCrossingWeight 1.000000E+01, DensityWeight 3.615077E+07, HPWL 1.644979E+03, Overflow 4.346417E-03, MaxDensity 1.019E+00, MacroOverlap 2.682E-06, MacroOverlapWeight 8.000000E-06, gamma 6.222301E-02, time 3.257ms
[INFO   ] DREAMPlace - full step 13.605 ms
[INFO   ] DREAMPlace - Lsub stopping criteria: 1 and 7.75843e+09 > 7.02901e+09 * 0.999
[INFO   ] DREAMPlace - Llambda stopping criteria: 1 and (( 0.00434642 < 0.1 and 1644.98 > 1644.92 ) or 1.0191 < 1.0)
[DEBUG  ] dreamplace.ops.logsumexp_wirelength.logsumexp_wirelength - wirelength forward 0.173 ms
[DEBUG  ] dreamplace.ops.electric_potential.electric_potential - density forward 1.162 ms
[DEBUG  ] dreamplace.ops.electric_potential.electric_potential - density backward 0.376 ms
[DEBUG  ] dreamplace.ops.logsumexp_wirelength.logsumexp_wirelength - wirelength backward 0.117 ms
[DEBUG  ] dreamplace.ops.logsumexp_wirelength.logsumexp_wirelength - wirelength forward 0.154 ms
[DEBUG  ] dreamplace.ops.electric_potential.electric_potential - density forward 1.156 ms
[DEBUG  ] dreamplace.ops.electric_potential.electric_potential - density backward 0.370 ms
[DEBUG  ] dreamplace.ops.logsumexp_wirelength.logsumexp_wirelength - wirelength backward 0.117 ms
[INFO   ] DREAMPlace - optimizer step 18.064 ms
[INFO   ] DREAMPlace - iteration  526, (  93,  0,  0), Obj 7.755702E+09, NetCrossing 4.704E+01, NetCrossingWeight 1.000000E+01, DensityWeight 4.029776E+07, HPWL 1.645005E+03, Overflow 4.344216E-03, MaxDensity 1.019E+00, MacroOverlap 2.679E-06, MacroOverlapWeight 8.000000E-06, gamma 6.221911E-02, time 3.293ms
[INFO   ] DREAMPlace - full step 22.339 ms
[DEBUG  ] dreamplace.ops.logsumexp_wirelength.logsumexp_wirelength - wirelength forward 0.161 ms
[DEBUG  ] dreamplace.ops.electric_potential.electric_potential - density forward 1.179 ms
[DEBUG  ] dreamplace.ops.electric_potential.electric_potential - density backward 0.388 ms
[DEBUG  ] dreamplace.ops.logsumexp_wirelength.logsumexp_wirelength - wirelength backward 0.124 ms
[DEBUG  ] dreamplace.ops.logsumexp_wirelength.logsumexp_wirelength - wirelength forward 0.160 ms
[DEBUG  ] dreamplace.ops.electric_potential.electric_potential - density forward 1.173 ms
[DEBUG  ] dreamplace.ops.electric_potential.electric_potential - density backward 0.356 ms
[DEBUG  ] dreamplace.ops.logsumexp_wirelength.logsumexp_wirelength - wirelength backward 0.109 ms
[INFO   ] DREAMPlace - optimizer step 18.586 ms
[INFO   ] DREAMPlace - iteration  527, (  93,  0,  1), Obj 8.654230E+09, NetCrossing 4.771E+01, NetCrossingWeight 1.000000E+01, DensityWeight 4.029776E+07, HPWL 1.645031E+03, Overflow 4.342951E-03, MaxDensity 1.019E+00, MacroOverlap 2.674E-06, MacroOverlapWeight 8.000000E-06, gamma 6.221911E-02, time 3.254ms
[INFO   ] DREAMPlace - full step 22.786 ms
[INFO   ] DREAMPlace - Lsub stopping criteria: 1 and 8.65423e+09 > 7.7557e+09 * 0.999
[DEBUG  ] dreamplace.ops.logsumexp_wirelength.logsumexp_wirelength - wirelength forward 0.164 ms
[DEBUG  ] dreamplace.ops.electric_potential.electric_potential - density forward 1.155 ms
[DEBUG  ] dreamplace.ops.electric_potential.electric_potential - density backward 0.377 ms
[DEBUG  ] dreamplace.ops.logsumexp_wirelength.logsumexp_wirelength - wirelength backward 0.158 ms
[DEBUG  ] dreamplace.ops.logsumexp_wirelength.logsumexp_wirelength - wirelength forward 0.163 ms
[DEBUG  ] dreamplace.ops.electric_potential.electric_potential - density forward 1.173 ms
[DEBUG  ] dreamplace.ops.electric_potential.electric_potential - density backward 0.338 ms
[DEBUG  ] dreamplace.ops.logsumexp_wirelength.logsumexp_wirelength - wirelength backward 0.101 ms
[INFO   ] DREAMPlace - optimizer step 18.039 ms
[INFO   ] DREAMPlace - iteration  528, (  93,  1,  0), Obj 8.687245E+09, NetCrossing 4.654E+01, NetCrossingWeight 1.000000E+01, DensityWeight 4.492046E+07, HPWL 1.645059E+03, Overflow 4.341534E-03, MaxDensity 1.019E+00, MacroOverlap 2.671E-06, MacroOverlapWeight 8.000000E-06, gamma 6.221911E-02, time 3.209ms
[INFO   ] DREAMPlace - full step 22.205 ms
[DEBUG  ] dreamplace.ops.logsumexp_wirelength.logsumexp_wirelength - wirelength forward 0.168 ms
[DEBUG  ] dreamplace.ops.electric_potential.electric_potential - density forward 1.186 ms
[DEBUG  ] dreamplace.ops.electric_potential.electric_potential - density backward 0.373 ms
[DEBUG  ] dreamplace.ops.logsumexp_wirelength.logsumexp_wirelength - wirelength backward 0.116 ms
[INFO   ] DREAMPlace - optimizer step 9.816 ms
[INFO   ] DREAMPlace - iteration  529, (  93,  1,  1), Obj 9.631769E+09, NetCrossing 4.690E+01, NetCrossingWeight 1.000000E+01, DensityWeight 4.492046E+07, HPWL 1.645094E+03, Overflow 4.340894E-03, MaxDensity 1.019E+00, MacroOverlap 2.665E-06, MacroOverlapWeight 8.000000E-06, gamma 6.221911E-02, time 3.293ms
[INFO   ] DREAMPlace - full step 14.076 ms
[INFO   ] DREAMPlace - Lsub stopping criteria: 1 and 9.63177e+09 > 8.68725e+09 * 0.999
[INFO   ] DREAMPlace - Llambda stopping criteria: 1 and (( 0.00434089 < 0.1 and 1645.09 > 1645.03 ) or 1.0191 < 1.0)
[DEBUG  ] dreamplace.ops.logsumexp_wirelength.logsumexp_wirelength - wirelength forward 0.167 ms
[DEBUG  ] dreamplace.ops.electric_potential.electric_potential - density forward 1.148 ms
[DEBUG  ] dreamplace.ops.electric_potential.electric_potential - density backward 0.412 ms
[DEBUG  ] dreamplace.ops.logsumexp_wirelength.logsumexp_wirelength - wirelength backward 0.145 ms
[INFO   ] DREAMPlace - optimizer step 9.897 ms
[INFO   ] DREAMPlace - iteration  530, (  94,  0,  0), Obj 9.699981E+09, NetCrossing 4.704E+01, NetCrossingWeight 1.000000E+01, DensityWeight 5.007345E+07, HPWL 1.645128E+03, Overflow 4.340785E-03, MaxDensity 1.019E+00, MacroOverlap 2.661E-06, MacroOverlapWeight 8.000000E-06, gamma 6.221735E-02, time 3.227ms
[INFO   ] DREAMPlace - full step 14.135 ms
[DEBUG  ] dreamplace.ops.logsumexp_wirelength.logsumexp_wirelength - wirelength forward 0.169 ms
[DEBUG  ] dreamplace.ops.electric_potential.electric_potential - density forward 1.224 ms
[DEBUG  ] dreamplace.ops.electric_potential.electric_potential - density backward 0.414 ms
[DEBUG  ] dreamplace.ops.logsumexp_wirelength.logsumexp_wirelength - wirelength backward 0.174 ms
[INFO   ] DREAMPlace - optimizer step 12.744 ms
[INFO   ] DREAMPlace - iteration  531, (  94,  0,  1), Obj 1.081772E+10, NetCrossing 4.705E+01, NetCrossingWeight 1.000000E+01, DensityWeight 5.007345E+07, HPWL 1.645166E+03, Overflow 4.341062E-03, MaxDensity 1.019E+00, MacroOverlap 2.655E-06, MacroOverlapWeight 8.000000E-06, gamma 6.221735E-02, time 3.341ms
[INFO   ] DREAMPlace - full step 17.105 ms
[INFO   ] DREAMPlace - Lsub stopping criteria: 1 and 1.08177e+10 > 9.69998e+09 * 0.999
[DEBUG  ] dreamplace.ops.logsumexp_wirelength.logsumexp_wirelength - wirelength forward 0.168 ms
[DEBUG  ] dreamplace.ops.electric_potential.electric_potential - density forward 1.159 ms
[DEBUG  ] dreamplace.ops.electric_potential.electric_potential - density backward 0.424 ms
[DEBUG  ] dreamplace.ops.logsumexp_wirelength.logsumexp_wirelength - wirelength backward 0.142 ms
[INFO   ] DREAMPlace - optimizer step 10.204 ms
[INFO   ] DREAMPlace - iteration  532, (  94,  1,  0), Obj 1.077984E+10, NetCrossing 4.705E+01, NetCrossingWeight 1.000000E+01, DensityWeight 5.581756E+07, HPWL 1.645203E+03, Overflow 4.341671E-03, MaxDensity 1.019E+00, MacroOverlap 2.652E-06, MacroOverlapWeight 8.000000E-06, gamma 6.221735E-02, time 3.294ms
[INFO   ] DREAMPlace - full step 14.503 ms
[DEBUG  ] dreamplace.ops.logsumexp_wirelength.logsumexp_wirelength - wirelength forward 0.169 ms
[DEBUG  ] dreamplace.ops.electric_potential.electric_potential - density forward 1.227 ms
[DEBUG  ] dreamplace.ops.electric_potential.electric_potential - density backward 0.413 ms
[DEBUG  ] dreamplace.ops.logsumexp_wirelength.logsumexp_wirelength - wirelength backward 0.143 ms
[INFO   ] DREAMPlace - optimizer step 9.876 ms
[INFO   ] DREAMPlace - iteration  533, (  94,  1,  1), Obj 1.199523E+10, NetCrossing 4.772E+01, NetCrossingWeight 1.000000E+01, DensityWeight 5.581756E+07, HPWL 1.645262E+03, Overflow 4.342312E-03, MaxDensity 1.019E+00, MacroOverlap 2.646E-06, MacroOverlapWeight 8.000000E-06, gamma 6.221735E-02, time 3.359ms
[INFO   ] DREAMPlace - full step 14.257 ms
[INFO   ] DREAMPlace - Lsub stopping criteria: 1 and 1.19952e+10 > 1.07798e+10 * 0.999
[INFO   ] DREAMPlace - Llambda stopping criteria: 1 and (( 0.00434231 < 0.1 and 1645.26 > 1645.17 ) or 1.0191 < 1.0)
[DEBUG  ] dreamplace.ops.logsumexp_wirelength.logsumexp_wirelength - wirelength forward 0.175 ms
[DEBUG  ] dreamplace.ops.electric_potential.electric_potential - density forward 1.232 ms
[DEBUG  ] dreamplace.ops.electric_potential.electric_potential - density backward 0.398 ms
[DEBUG  ] dreamplace.ops.logsumexp_wirelength.logsumexp_wirelength - wirelength backward 0.124 ms
[INFO   ] DREAMPlace - optimizer step 9.912 ms
[INFO   ] DREAMPlace - iteration  534, (  95,  0,  0), Obj 1.202732E+10, NetCrossing 4.705E+01, NetCrossingWeight 1.000000E+01, DensityWeight 6.222060E+07, HPWL 1.645337E+03, Overflow 4.342088E-03, MaxDensity 1.019E+00, MacroOverlap 2.643E-06, MacroOverlapWeight 8.000000E-06, gamma 6.221780E-02, time 3.340ms
[INFO   ] DREAMPlace - full step 14.256 ms
[DEBUG  ] dreamplace.ops.logsumexp_wirelength.logsumexp_wirelength - wirelength forward 0.176 ms
[DEBUG  ] dreamplace.ops.electric_potential.electric_potential - density forward 1.219 ms
[DEBUG  ] dreamplace.ops.electric_potential.electric_potential - density backward 0.392 ms
[DEBUG  ] dreamplace.ops.logsumexp_wirelength.logsumexp_wirelength - wirelength backward 0.127 ms
[INFO   ] DREAMPlace - optimizer step 9.964 ms
[INFO   ] DREAMPlace - iteration  535, (  95,  0,  1), Obj 1.338560E+10, NetCrossing 4.705E+01, NetCrossingWeight 1.000000E+01, DensityWeight 6.222060E+07, HPWL 1.645405E+03, Overflow 4.341322E-03, MaxDensity 1.019E+00, MacroOverlap 2.640E-06, MacroOverlapWeight 8.000000E-06, gamma 6.221780E-02, time 3.408ms
[INFO   ] DREAMPlace - full step 14.433 ms
[INFO   ] DREAMPlace - Lsub stopping criteria: 1 and 1.33856e+10 > 1.20273e+10 * 0.999
[DEBUG  ] dreamplace.ops.logsumexp_wirelength.logsumexp_wirelength - wirelength forward 0.173 ms
[DEBUG  ] dreamplace.ops.electric_potential.electric_potential - density forward 1.228 ms
[DEBUG  ] dreamplace.ops.electric_potential.electric_potential - density backward 0.336 ms
[DEBUG  ] dreamplace.ops.logsumexp_wirelength.logsumexp_wirelength - wirelength backward 0.111 ms
[INFO   ] DREAMPlace - optimizer step 9.124 ms
[INFO   ] DREAMPlace - iteration  536, (  95,  1,  0), Obj 1.336239E+10, NetCrossing 4.705E+01, NetCrossingWeight 1.000000E+01, DensityWeight 6.935815E+07, HPWL 1.645479E+03, Overflow 4.340529E-03, MaxDensity 1.019E+00, MacroOverlap 2.638E-06, MacroOverlapWeight 8.000000E-06, gamma 6.221780E-02, time 3.081ms
[INFO   ] DREAMPlace - full step 13.224 ms
[DEBUG  ] dreamplace.ops.logsumexp_wirelength.logsumexp_wirelength - wirelength forward 0.170 ms
[DEBUG  ] dreamplace.ops.electric_potential.electric_potential - density forward 1.212 ms
[DEBUG  ] dreamplace.ops.electric_potential.electric_potential - density backward 0.350 ms
[DEBUG  ] dreamplace.ops.logsumexp_wirelength.logsumexp_wirelength - wirelength backward 0.107 ms
[INFO   ] DREAMPlace - optimizer step 9.279 ms
[INFO   ] DREAMPlace - iteration  537, (  95,  1,  1), Obj 1.488316E+10, NetCrossing 4.772E+01, NetCrossingWeight 1.000000E+01, DensityWeight 6.935815E+07, HPWL 1.645545E+03, Overflow 4.339078E-03, MaxDensity 1.019E+00, MacroOverlap 2.636E-06, MacroOverlapWeight 8.000000E-06, gamma 6.221780E-02, time 3.346ms
[INFO   ] DREAMPlace - full step 13.633 ms
[INFO   ] DREAMPlace - Lsub stopping criteria: 1 and 1.48832e+10 > 1.33624e+10 * 0.999
[INFO   ] DREAMPlace - Llambda stopping criteria: 1 and (( 0.00433908 < 0.1 and 1645.54 > 1645.41 ) or 1.0191 < 1.0)
[DEBUG  ] dreamplace.ops.logsumexp_wirelength.logsumexp_wirelength - wirelength forward 0.184 ms
[DEBUG  ] dreamplace.ops.electric_potential.electric_potential - density forward 1.224 ms
[DEBUG  ] dreamplace.ops.electric_potential.electric_potential - density backward 0.387 ms
[DEBUG  ] dreamplace.ops.logsumexp_wirelength.logsumexp_wirelength - wirelength backward 0.118 ms
[INFO   ] DREAMPlace - optimizer step 9.443 ms
[INFO   ] DREAMPlace - iteration  538, (  96,  0,  0), Obj 1.492986E+10, NetCrossing 4.664E+01, NetCrossingWeight 1.000000E+01, DensityWeight 7.731448E+07, HPWL 1.645624E+03, Overflow 4.337515E-03, MaxDensity 1.019E+00, MacroOverlap 2.635E-06, MacroOverlapWeight 8.000000E-06, gamma 6.221677E-02, time 3.374ms
[INFO   ] DREAMPlace - full step 13.697 ms
[DEBUG  ] dreamplace.ops.logsumexp_wirelength.logsumexp_wirelength - wirelength forward 0.133 ms
[DEBUG  ] dreamplace.ops.electric_potential.electric_potential - density forward 0.947 ms
[DEBUG  ] dreamplace.ops.electric_potential.electric_potential - density backward 0.416 ms
[DEBUG  ] dreamplace.ops.logsumexp_wirelength.logsumexp_wirelength - wirelength backward 0.120 ms
[INFO   ] DREAMPlace - optimizer step 8.948 ms
[INFO   ] DREAMPlace - iteration  539, (  96,  0,  1), Obj 1.659147E+10, NetCrossing 4.704E+01, NetCrossingWeight 1.000000E+01, DensityWeight 7.731448E+07, HPWL 1.645695E+03, Overflow 4.335215E-03, MaxDensity 1.019E+00, MacroOverlap 2.635E-06, MacroOverlapWeight 8.000000E-06, gamma 6.221677E-02, time 3.088ms
[INFO   ] DREAMPlace - full step 12.869 ms
[INFO   ] DREAMPlace - Lsub stopping criteria: 1 and 1.65915e+10 > 1.49299e+10 * 0.999
[DEBUG  ] dreamplace.ops.logsumexp_wirelength.logsumexp_wirelength - wirelength forward 0.186 ms
[DEBUG  ] dreamplace.ops.electric_potential.electric_potential - density forward 0.978 ms
[DEBUG  ] dreamplace.ops.electric_potential.electric_potential - density backward 0.382 ms
[DEBUG  ] dreamplace.ops.logsumexp_wirelength.logsumexp_wirelength - wirelength backward 0.134 ms
[DEBUG  ] dreamplace.ops.logsumexp_wirelength.logsumexp_wirelength - wirelength forward 0.126 ms
[DEBUG  ] dreamplace.ops.electric_potential.electric_potential - density forward 1.118 ms
[DEBUG  ] dreamplace.ops.electric_potential.electric_potential - density backward 0.379 ms
[DEBUG  ] dreamplace.ops.logsumexp_wirelength.logsumexp_wirelength - wirelength backward 0.145 ms
[INFO   ] DREAMPlace - optimizer step 17.850 ms
[INFO   ] DREAMPlace - iteration  540, (  96,  1,  0), Obj 1.662904E+10, NetCrossing 4.771E+01, NetCrossingWeight 1.000000E+01, DensityWeight 8.618350E+07, HPWL 1.645774E+03, Overflow 4.332013E-03, MaxDensity 1.019E+00, MacroOverlap 2.636E-06, MacroOverlapWeight 8.000000E-06, gamma 6.221677E-02, time 2.978ms
[INFO   ] DREAMPlace - full step 21.681 ms
[DEBUG  ] dreamplace.ops.logsumexp_wirelength.logsumexp_wirelength - wirelength forward 0.135 ms
[DEBUG  ] dreamplace.ops.electric_potential.electric_potential - density forward 0.934 ms
[DEBUG  ] dreamplace.ops.electric_potential.electric_potential - density backward 0.383 ms
[DEBUG  ] dreamplace.ops.logsumexp_wirelength.logsumexp_wirelength - wirelength backward 0.121 ms
[INFO   ] DREAMPlace - optimizer step 8.876 ms
[INFO   ] DREAMPlace - iteration  541, (  96,  1,  1), Obj 1.847341E+10, NetCrossing 4.673E+01, NetCrossingWeight 1.000000E+01, DensityWeight 8.618350E+07, HPWL 1.645845E+03, Overflow 4.328172E-03, MaxDensity 1.019E+00, MacroOverlap 2.637E-06, MacroOverlapWeight 8.000000E-06, gamma 6.221677E-02, time 2.900ms
[INFO   ] DREAMPlace - full step 12.765 ms
[INFO   ] DREAMPlace - Lsub stopping criteria: 1 and 1.84734e+10 > 1.6629e+10 * 0.999
[INFO   ] DREAMPlace - Llambda stopping criteria: 1 and (( 0.00432817 < 0.1 and 1645.85 > 1645.69 ) or 1.0191 < 1.0)
[DEBUG  ] dreamplace.ops.logsumexp_wirelength.logsumexp_wirelength - wirelength forward 0.174 ms
[DEBUG  ] dreamplace.ops.electric_potential.electric_potential - density forward 1.210 ms
[DEBUG  ] dreamplace.ops.electric_potential.electric_potential - density backward 0.401 ms
[DEBUG  ] dreamplace.ops.logsumexp_wirelength.logsumexp_wirelength - wirelength backward 0.124 ms
[INFO   ] DREAMPlace - optimizer step 9.815 ms
[INFO   ] DREAMPlace - iteration  542, (  97,  0,  0), Obj 1.848631E+10, NetCrossing 4.657E+01, NetCrossingWeight 1.000000E+01, DensityWeight 9.606993E+07, HPWL 1.645931E+03, Overflow 4.323741E-03, MaxDensity 1.019E+00, MacroOverlap 2.639E-06, MacroOverlapWeight 8.000000E-06, gamma 6.221331E-02, time 3.346ms
[INFO   ] DREAMPlace - full step 14.158 ms
[DEBUG  ] dreamplace.ops.logsumexp_wirelength.logsumexp_wirelength - wirelength forward 0.172 ms
[DEBUG  ] dreamplace.ops.electric_potential.electric_potential - density forward 1.224 ms
[DEBUG  ] dreamplace.ops.electric_potential.electric_potential - density backward 0.394 ms
[DEBUG  ] dreamplace.ops.logsumexp_wirelength.logsumexp_wirelength - wirelength backward 0.122 ms
[INFO   ] DREAMPlace - optimizer step 9.997 ms
[INFO   ] DREAMPlace - iteration  543, (  97,  0,  1), Obj 2.060921E+10, NetCrossing 4.633E+01, NetCrossingWeight 1.000000E+01, DensityWeight 9.606993E+07, HPWL 1.646005E+03, Overflow 4.319090E-03, MaxDensity 1.019E+00, MacroOverlap 2.641E-06, MacroOverlapWeight 8.000000E-06, gamma 6.221331E-02, time 3.368ms
[INFO   ] DREAMPlace - full step 14.372 ms
[INFO   ] DREAMPlace - Lsub stopping criteria: 1 and 2.06092e+10 > 1.84863e+10 * 0.999
[DEBUG  ] dreamplace.ops.logsumexp_wirelength.logsumexp_wirelength - wirelength forward 0.182 ms
[DEBUG  ] dreamplace.ops.electric_potential.electric_potential - density forward 1.227 ms
[DEBUG  ] dreamplace.ops.electric_potential.electric_potential - density backward 0.392 ms
[DEBUG  ] dreamplace.ops.logsumexp_wirelength.logsumexp_wirelength - wirelength backward 0.121 ms
[INFO   ] DREAMPlace - optimizer step 9.849 ms
[INFO   ] DREAMPlace - iteration  544, (  97,  1,  0), Obj 2.058843E+10, NetCrossing 4.677E+01, NetCrossingWeight 1.000000E+01, DensityWeight 1.070905E+08, HPWL 1.646096E+03, Overflow 4.314551E-03, MaxDensity 1.019E+00, MacroOverlap 2.644E-06, MacroOverlapWeight 8.000000E-06, gamma 6.221331E-02, time 3.402ms
[INFO   ] DREAMPlace - full step 14.317 ms
[DEBUG  ] dreamplace.ops.logsumexp_wirelength.logsumexp_wirelength - wirelength forward 0.179 ms
[DEBUG  ] dreamplace.ops.electric_potential.electric_potential - density forward 1.230 ms
[DEBUG  ] dreamplace.ops.electric_potential.electric_potential - density backward 0.396 ms
[DEBUG  ] dreamplace.ops.logsumexp_wirelength.logsumexp_wirelength - wirelength backward 0.122 ms
[INFO   ] DREAMPlace - optimizer step 9.899 ms
[INFO   ] DREAMPlace - iteration  545, (  97,  1,  1), Obj 2.290159E+10, NetCrossing 4.771E+01, NetCrossingWeight 1.000000E+01, DensityWeight 1.070905E+08, HPWL 1.646174E+03, Overflow 4.309337E-03, MaxDensity 1.019E+00, MacroOverlap 2.648E-06, MacroOverlapWeight 8.000000E-06, gamma 6.221331E-02, time 3.367ms
[INFO   ] DREAMPlace - full step 14.294 ms
[INFO   ] DREAMPlace - Lsub stopping criteria: 1 and 2.29016e+10 > 2.05884e+10 * 0.999
[INFO   ] DREAMPlace - Llambda stopping criteria: 1 and (( 0.00430934 < 0.1 and 1646.17 > 1646.01 ) or 1.0191 < 1.0)
[DEBUG  ] dreamplace.ops.logsumexp_wirelength.logsumexp_wirelength - wirelength forward 0.174 ms
[DEBUG  ] dreamplace.ops.electric_potential.electric_potential - density forward 1.206 ms
[DEBUG  ] dreamplace.ops.electric_potential.electric_potential - density backward 0.385 ms
[DEBUG  ] dreamplace.ops.logsumexp_wirelength.logsumexp_wirelength - wirelength backward 0.118 ms
[INFO   ] DREAMPlace - optimizer step 9.675 ms
[INFO   ] DREAMPlace - iteration  546, (  98,  0,  0), Obj 2.294319E+10, NetCrossing 4.706E+01, NetCrossingWeight 1.000000E+01, DensityWeight 1.193752E+08, HPWL 1.646269E+03, Overflow 4.303643E-03, MaxDensity 1.019E+00, MacroOverlap 2.651E-06, MacroOverlapWeight 8.000000E-06, gamma 6.220732E-02, time 3.377ms
[INFO   ] DREAMPlace - full step 14.066 ms
[DEBUG  ] dreamplace.ops.logsumexp_wirelength.logsumexp_wirelength - wirelength forward 0.169 ms
[DEBUG  ] dreamplace.ops.electric_potential.electric_potential - density forward 1.189 ms
[DEBUG  ] dreamplace.ops.electric_potential.electric_potential - density backward 0.387 ms
[DEBUG  ] dreamplace.ops.logsumexp_wirelength.logsumexp_wirelength - wirelength backward 0.119 ms
[INFO   ] DREAMPlace - optimizer step 9.574 ms
[INFO   ] DREAMPlace - iteration  547, (  98,  0,  1), Obj 2.552689E+10, NetCrossing 4.728E+01, NetCrossingWeight 1.000000E+01, DensityWeight 1.193752E+08, HPWL 1.646363E+03, Overflow 4.297819E-03, MaxDensity 1.019E+00, MacroOverlap 2.655E-06, MacroOverlapWeight 8.000000E-06, gamma 6.220732E-02, time 3.363ms
[INFO   ] DREAMPlace - full step 13.959 ms
[INFO   ] DREAMPlace - Lsub stopping criteria: 1 and 2.55269e+10 > 2.29432e+10 * 0.999
[DEBUG  ] dreamplace.ops.logsumexp_wirelength.logsumexp_wirelength - wirelength forward 0.175 ms
[DEBUG  ] dreamplace.ops.electric_potential.electric_potential - density forward 1.155 ms
[DEBUG  ] dreamplace.ops.electric_potential.electric_potential - density backward 0.386 ms
[DEBUG  ] dreamplace.ops.logsumexp_wirelength.logsumexp_wirelength - wirelength backward 0.122 ms
[INFO   ] DREAMPlace - optimizer step 9.584 ms
[INFO   ] DREAMPlace - iteration  548, (  98,  1,  0), Obj 2.548726E+10, NetCrossing 4.771E+01, NetCrossingWeight 1.000000E+01, DensityWeight 1.330692E+08, HPWL 1.646465E+03, Overflow 4.292181E-03, MaxDensity 1.019E+00, MacroOverlap 2.659E-06, MacroOverlapWeight 8.000000E-06, gamma 6.220732E-02, time 3.313ms
[INFO   ] DREAMPlace - full step 13.907 ms
[DEBUG  ] dreamplace.ops.logsumexp_wirelength.logsumexp_wirelength - wirelength forward 0.171 ms
[DEBUG  ] dreamplace.ops.electric_potential.electric_potential - density forward 1.180 ms
[DEBUG  ] dreamplace.ops.electric_potential.electric_potential - density backward 0.384 ms
[DEBUG  ] dreamplace.ops.logsumexp_wirelength.logsumexp_wirelength - wirelength backward 0.120 ms
[INFO   ] DREAMPlace - optimizer step 9.611 ms
[INFO   ] DREAMPlace - iteration  549, (  98,  1,  1), Obj 2.835220E+10, NetCrossing 4.705E+01, NetCrossingWeight 1.000000E+01, DensityWeight 1.330692E+08, HPWL 1.646550E+03, Overflow 4.287291E-03, MaxDensity 1.019E+00, MacroOverlap 2.664E-06, MacroOverlapWeight 8.000000E-06, gamma 6.220732E-02, time 3.310ms
[INFO   ] DREAMPlace - full step 13.958 ms
[INFO   ] DREAMPlace - Lsub stopping criteria: 1 and 2.83522e+10 > 2.54873e+10 * 0.999
[INFO   ] DREAMPlace - Llambda stopping criteria: 1 and (( 0.00428729 < 0.1 and 1646.55 > 1646.36 ) or 1.0191 < 1.0)
[DEBUG  ] dreamplace.ops.logsumexp_wirelength.logsumexp_wirelength - wirelength forward 0.171 ms
[DEBUG  ] dreamplace.ops.electric_potential.electric_potential - density forward 1.209 ms
[DEBUG  ] dreamplace.ops.electric_potential.electric_potential - density backward 0.379 ms
[DEBUG  ] dreamplace.ops.logsumexp_wirelength.logsumexp_wirelength - wirelength backward 0.119 ms
[INFO   ] DREAMPlace - optimizer step 9.497 ms
[INFO   ] DREAMPlace - iteration  550, (  99,  0,  0), Obj 2.845062E+10, NetCrossing 4.724E+01, NetCrossingWeight 1.000000E+01, DensityWeight 1.483340E+08, HPWL 1.646643E+03, Overflow 4.282135E-03, MaxDensity 1.019E+00, MacroOverlap 2.667E-06, MacroOverlapWeight 8.000000E-06, gamma 6.220030E-02, time 3.320ms
[INFO   ] DREAMPlace - full step 13.798 ms
[DEBUG  ] dreamplace.ops.logsumexp_wirelength.logsumexp_wirelength - wirelength forward 0.174 ms
[DEBUG  ] dreamplace.ops.electric_potential.electric_potential - density forward 1.156 ms
[DEBUG  ] dreamplace.ops.electric_potential.electric_potential - density backward 0.399 ms
[DEBUG  ] dreamplace.ops.logsumexp_wirelength.logsumexp_wirelength - wirelength backward 0.117 ms
[INFO   ] DREAMPlace - optimizer step 10.381 ms
[INFO   ] DREAMPlace - iteration  551, (  99,  0,  1), Obj 3.167107E+10, NetCrossing 4.772E+01, NetCrossingWeight 1.000000E+01, DensityWeight 1.483340E+08, HPWL 1.646717E+03, Overflow 4.277750E-03, MaxDensity 1.019E+00, MacroOverlap 2.673E-06, MacroOverlapWeight 8.000000E-06, gamma 6.220030E-02, time 3.267ms
[INFO   ] DREAMPlace - full step 14.632 ms
[INFO   ] DREAMPlace - Lsub stopping criteria: 1 and 3.16711e+10 > 2.84506e+10 * 0.999
[DEBUG  ] dreamplace.ops.logsumexp_wirelength.logsumexp_wirelength - wirelength forward 0.164 ms
[DEBUG  ] dreamplace.ops.electric_potential.electric_potential - density forward 1.185 ms
[DEBUG  ] dreamplace.ops.electric_potential.electric_potential - density backward 0.394 ms
[DEBUG  ] dreamplace.ops.logsumexp_wirelength.logsumexp_wirelength - wirelength backward 0.119 ms
[DEBUG  ] dreamplace.ops.logsumexp_wirelength.logsumexp_wirelength - wirelength forward 0.160 ms
[DEBUG  ] dreamplace.ops.electric_potential.electric_potential - density forward 1.198 ms
[DEBUG  ] dreamplace.ops.electric_potential.electric_potential - density backward 0.381 ms
[DEBUG  ] dreamplace.ops.logsumexp_wirelength.logsumexp_wirelength - wirelength backward 0.117 ms
[INFO   ] DREAMPlace - optimizer step 18.680 ms
[INFO   ] DREAMPlace - iteration  552, (  99,  1,  0), Obj 3.169428E+10, NetCrossing 4.773E+01, NetCrossingWeight 1.000000E+01, DensityWeight 1.653500E+08, HPWL 1.646796E+03, Overflow 4.273999E-03, MaxDensity 1.019E+00, MacroOverlap 2.676E-06, MacroOverlapWeight 8.000000E-06, gamma 6.220030E-02, time 3.277ms
[INFO   ] DREAMPlace - full step 22.942 ms
[DEBUG  ] dreamplace.ops.logsumexp_wirelength.logsumexp_wirelength - wirelength forward 0.163 ms
[DEBUG  ] dreamplace.ops.electric_potential.electric_potential - density forward 1.172 ms
[DEBUG  ] dreamplace.ops.electric_potential.electric_potential - density backward 0.397 ms
[DEBUG  ] dreamplace.ops.logsumexp_wirelength.logsumexp_wirelength - wirelength backward 0.124 ms
[INFO   ] DREAMPlace - optimizer step 9.605 ms
[INFO   ] DREAMPlace - iteration  553, (  99,  1,  1), Obj 3.510505E+10, NetCrossing 4.828E+01, NetCrossingWeight 1.000000E+01, DensityWeight 1.653500E+08, HPWL 1.646865E+03, Overflow 4.270692E-03, MaxDensity 1.019E+00, MacroOverlap 2.680E-06, MacroOverlapWeight 8.000000E-06, gamma 6.220030E-02, time 3.270ms
[INFO   ] DREAMPlace - full step 13.902 ms
[INFO   ] DREAMPlace - Lsub stopping criteria: 1 and 3.51051e+10 > 3.16943e+10 * 0.999
[INFO   ] DREAMPlace - Llambda stopping criteria: 1 and (( 0.00427069 < 0.1 and 1646.86 > 1646.72 ) or 1.0191 < 1.0)
[DEBUG  ] dreamplace.ops.logsumexp_wirelength.logsumexp_wirelength - wirelength forward 0.178 ms
[DEBUG  ] dreamplace.ops.electric_potential.electric_potential - density forward 1.230 ms
[DEBUG  ] dreamplace.ops.electric_potential.electric_potential - density backward 0.387 ms
[DEBUG  ] dreamplace.ops.logsumexp_wirelength.logsumexp_wirelength - wirelength backward 0.119 ms
[INFO   ] DREAMPlace - optimizer step 9.710 ms
[INFO   ] DREAMPlace - iteration  554, ( 100,  0,  0), Obj 3.529494E+10, NetCrossing 4.724E+01, NetCrossingWeight 1.000000E+01, DensityWeight 1.843179E+08, HPWL 1.646930E+03, Overflow 4.268769E-03, MaxDensity 1.019E+00, MacroOverlap 2.684E-06, MacroOverlapWeight 8.000000E-06, gamma 6.219501E-02, time 3.413ms
[INFO   ] DREAMPlace - full step 14.046 ms
[DEBUG  ] dreamplace.ops.logsumexp_wirelength.logsumexp_wirelength - wirelength forward 0.129 ms
[DEBUG  ] dreamplace.ops.electric_potential.electric_potential - density forward 1.063 ms
[DEBUG  ] dreamplace.ops.electric_potential.electric_potential - density backward 0.389 ms
[DEBUG  ] dreamplace.ops.logsumexp_wirelength.logsumexp_wirelength - wirelength backward 0.121 ms
[DEBUG  ] dreamplace.ops.logsumexp_wirelength.logsumexp_wirelength - wirelength forward 0.205 ms
[DEBUG  ] dreamplace.ops.electric_potential.electric_potential - density forward 0.945 ms
[DEBUG  ] dreamplace.ops.electric_potential.electric_potential - density backward 0.388 ms
[DEBUG  ] dreamplace.ops.logsumexp_wirelength.logsumexp_wirelength - wirelength backward 0.120 ms
[INFO   ] DREAMPlace - optimizer step 17.692 ms
[INFO   ] DREAMPlace - iteration  555, ( 100,  0,  1), Obj 3.937928E+10, NetCrossing 4.773E+01, NetCrossingWeight 1.000000E+01, DensityWeight 1.843179E+08, HPWL 1.646985E+03, Overflow 4.267790E-03, MaxDensity 1.019E+00, MacroOverlap 2.687E-06, MacroOverlapWeight 8.000000E-06, gamma 6.219501E-02, time 2.972ms
[INFO   ] DREAMPlace - full step 21.701 ms
[INFO   ] DREAMPlace - Lsub stopping criteria: 1 and 3.93793e+10 > 3.52949e+10 * 0.999
[DEBUG  ] dreamplace.ops.logsumexp_wirelength.logsumexp_wirelength - wirelength forward 0.135 ms
[DEBUG  ] dreamplace.ops.electric_potential.electric_potential - density forward 1.344 ms
[DEBUG  ] dreamplace.ops.electric_potential.electric_potential - density backward 0.407 ms
[DEBUG  ] dreamplace.ops.logsumexp_wirelength.logsumexp_wirelength - wirelength backward 0.132 ms
[DEBUG  ] dreamplace.ops.logsumexp_wirelength.logsumexp_wirelength - wirelength forward 0.157 ms
[DEBUG  ] dreamplace.ops.electric_potential.electric_potential - density forward 1.314 ms
[DEBUG  ] dreamplace.ops.electric_potential.electric_potential - density backward 0.414 ms
[DEBUG  ] dreamplace.ops.logsumexp_wirelength.logsumexp_wirelength - wirelength backward 0.118 ms
[INFO   ] DREAMPlace - optimizer step 19.737 ms
[INFO   ] DREAMPlace - iteration  556, ( 100,  1,  0), Obj 3.958443E+10, NetCrossing 4.772E+01, NetCrossingWeight 1.000000E+01, DensityWeight 2.054616E+08, HPWL 1.647028E+03, Overflow 4.267550E-03, MaxDensity 1.019E+00, MacroOverlap 2.689E-06, MacroOverlapWeight 8.000000E-06, gamma 6.219501E-02, time 3.546ms
[INFO   ] DREAMPlace - full step 24.281 ms
[DEBUG  ] dreamplace.ops.logsumexp_wirelength.logsumexp_wirelength - wirelength forward 0.170 ms
[DEBUG  ] dreamplace.ops.electric_potential.electric_potential - density forward 1.166 ms
[DEBUG  ] dreamplace.ops.electric_potential.electric_potential - density backward 0.386 ms
[DEBUG  ] dreamplace.ops.logsumexp_wirelength.logsumexp_wirelength - wirelength backward 0.143 ms
[DEBUG  ] dreamplace.ops.logsumexp_wirelength.logsumexp_wirelength - wirelength forward 0.122 ms
[DEBUG  ] dreamplace.ops.electric_potential.electric_potential - density forward 0.921 ms
[DEBUG  ] dreamplace.ops.electric_potential.electric_potential - density backward 0.387 ms
[DEBUG  ] dreamplace.ops.logsumexp_wirelength.logsumexp_wirelength - wirelength backward 0.121 ms
[INFO   ] DREAMPlace - optimizer step 17.937 ms
[INFO   ] DREAMPlace - iteration  557, ( 100,  1,  1), Obj 4.395646E+10, NetCrossing 4.721E+01, NetCrossingWeight 1.000000E+01, DensityWeight 2.054616E+08, HPWL 1.647065E+03, Overflow 4.267949E-03, MaxDensity 1.019E+00, MacroOverlap 2.689E-06, MacroOverlapWeight 8.000000E-06, gamma 6.219501E-02, time 3.290ms
[INFO   ] DREAMPlace - full step 22.127 ms
[INFO   ] DREAMPlace - Lsub stopping criteria: 1 and 4.39565e+10 > 3.95844e+10 * 0.999
[INFO   ] DREAMPlace - Llambda stopping criteria: 1 and (( 0.00426795 < 0.1 and 1647.06 > 1646.98 ) or 1.0191 < 1.0)
[DEBUG  ] dreamplace.ops.logsumexp_wirelength.logsumexp_wirelength - wirelength forward 0.178 ms
[DEBUG  ] dreamplace.ops.electric_potential.electric_potential - density forward 1.205 ms
[DEBUG  ] dreamplace.ops.electric_potential.electric_potential - density backward 0.392 ms
[DEBUG  ] dreamplace.ops.logsumexp_wirelength.logsumexp_wirelength - wirelength backward 0.122 ms
[DEBUG  ] dreamplace.ops.logsumexp_wirelength.logsumexp_wirelength - wirelength forward 0.123 ms
[DEBUG  ] dreamplace.ops.electric_potential.electric_potential - density forward 0.906 ms
[DEBUG  ] dreamplace.ops.electric_potential.electric_potential - density backward 0.380 ms
[DEBUG  ] dreamplace.ops.logsumexp_wirelength.logsumexp_wirelength - wirelength backward 0.117 ms
[INFO   ] DREAMPlace - optimizer step 17.484 ms
[INFO   ] DREAMPlace - iteration  558, ( 101,  0,  0), Obj 4.430877E+10, NetCrossing 4.772E+01, NetCrossingWeight 1.000000E+01, DensityWeight 2.290309E+08, HPWL 1.647093E+03, Overflow 4.268774E-03, MaxDensity 1.019E+00, MacroOverlap 2.689E-06, MacroOverlapWeight 8.000000E-06, gamma 6.219413E-02, time 3.335ms
[INFO   ] DREAMPlace - full step 21.871 ms
[DEBUG  ] dreamplace.ops.logsumexp_wirelength.logsumexp_wirelength - wirelength forward 0.191 ms
[DEBUG  ] dreamplace.ops.electric_potential.electric_potential - density forward 1.236 ms
[DEBUG  ] dreamplace.ops.electric_potential.electric_potential - density backward 0.383 ms
[DEBUG  ] dreamplace.ops.logsumexp_wirelength.logsumexp_wirelength - wirelength backward 0.119 ms
[DEBUG  ] dreamplace.ops.logsumexp_wirelength.logsumexp_wirelength - wirelength forward 0.121 ms
[DEBUG  ] dreamplace.ops.electric_potential.electric_potential - density forward 0.934 ms
[DEBUG  ] dreamplace.ops.electric_potential.electric_potential - density backward 0.377 ms
[DEBUG  ] dreamplace.ops.logsumexp_wirelength.logsumexp_wirelength - wirelength backward 0.118 ms
[INFO   ] DREAMPlace - optimizer step 17.502 ms
[INFO   ] DREAMPlace - iteration  559, ( 101,  0,  1), Obj 4.941041E+10, NetCrossing 4.771E+01, NetCrossingWeight 1.000000E+01, DensityWeight 2.290309E+08, HPWL 1.647113E+03, Overflow 4.270854E-03, MaxDensity 1.019E+00, MacroOverlap 2.688E-06, MacroOverlapWeight 8.000000E-06, gamma 6.219413E-02, time 3.570ms
[INFO   ] DREAMPlace - full step 21.999 ms
[INFO   ] DREAMPlace - Lsub stopping criteria: 1 and 4.94104e+10 > 4.43088e+10 * 0.999
[DEBUG  ] dreamplace.ops.logsumexp_wirelength.logsumexp_wirelength - wirelength forward 0.130 ms
[DEBUG  ] dreamplace.ops.electric_potential.electric_potential - density forward 0.966 ms
[DEBUG  ] dreamplace.ops.electric_potential.electric_potential - density backward 0.392 ms
[DEBUG  ] dreamplace.ops.logsumexp_wirelength.logsumexp_wirelength - wirelength backward 0.122 ms
[INFO   ] DREAMPlace - optimizer step 8.491 ms
[INFO   ] DREAMPlace - iteration  560, ( 101,  1,  0), Obj 4.923199E+10, NetCrossing 4.773E+01, NetCrossingWeight 1.000000E+01, DensityWeight 2.553039E+08, HPWL 1.647124E+03, Overflow 4.273353E-03, MaxDensity 1.019E+00, MacroOverlap 2.687E-06, MacroOverlapWeight 8.000000E-06, gamma 6.219413E-02, time 2.752ms
[INFO   ] DREAMPlace - full step 12.053 ms
[DEBUG  ] dreamplace.ops.logsumexp_wirelength.logsumexp_wirelength - wirelength forward 0.123 ms
[DEBUG  ] dreamplace.ops.electric_potential.electric_potential - density forward 0.919 ms
[DEBUG  ] dreamplace.ops.electric_potential.electric_potential - density backward 0.385 ms
[DEBUG  ] dreamplace.ops.logsumexp_wirelength.logsumexp_wirelength - wirelength backward 0.122 ms
[INFO   ] DREAMPlace - optimizer step 8.390 ms
[INFO   ] DREAMPlace - iteration  561, ( 101,  1,  1), Obj 5.504717E+10, NetCrossing 4.771E+01, NetCrossingWeight 1.000000E+01, DensityWeight 2.553039E+08, HPWL 1.647130E+03, Overflow 4.276433E-03, MaxDensity 1.019E+00, MacroOverlap 2.685E-06, MacroOverlapWeight 8.000000E-06, gamma 6.219413E-02, time 2.753ms
[INFO   ] DREAMPlace - full step 11.961 ms
[INFO   ] DREAMPlace - Lsub stopping criteria: 1 and 5.50472e+10 > 4.9232e+10 * 0.999
[INFO   ] DREAMPlace - Llambda stopping criteria: 1 and (( 0.00427643 < 0.1 and 1647.13 > 1647.11 ) or 1.0191 < 1.0)
[INFO   ] DREAMPlace - Lgamma stopping criteria: 101 > 100 and (( 0.00427643 < 0.1 and 1647.13 > 1647.06 ) or 1.0191 < 1.0)
[INFO   ] DREAMPlace - optimizer nesterov takes 9.732 seconds
[INFO   ] DREAMPlace - Best theta: tensor([0., 0., 0., 0., 0., 0., 0., 0., 0., 0., 0., 0., 0., 0., 0., 0., 0., 0., 0., 0., 0., 0., 0., 0.,
        0., 0., 0., 0., 0., 0., 0., 0., 0., 0., 0., 0., 0., 0., 0., 0., 0., 0., 0., 0., 0., 0., 0., 0.,
        0., 0., 0., 0., 0., 0., 0., 0., 0.], device='cuda:0')
[INFO   ] DREAMPlace - plotting to ./results/tuner-small/small-1/PB310_A00/run-30_0_0/PB310_A00/plot/iter9999.png takes 0.052 seconds
[INFO   ] DREAMPlace - plotting to ./results/tuner-small/small-1/PB310_A00/run-30_0_0/PB310_A00/plot/iter0562.png takes 0.074 seconds
[INFO   ] DREAMPlace - plotting to ./results/tuner-small/small-1/PB310_A00/run-30_0_0/PB310_A00/plot/iter0562.png takes 0.073 seconds
[INFO   ] DREAMPlace - plotting to ./results/tuner-small/small-1/PB310_A00/run-30_0_0/PB310_A00/plot/iter0562.png takes 0.063 seconds
[INFO   ] DREAMPlace - rsmt computation takes 0.122 seconds
[INFO   ] DREAMPlace - flute rsmt 1.968000E+03
[INFO   ] DREAMPlace - unweighted hpwl 1.647126E+03
[INFO   ] DREAMPlace - net crossing 46
[INFO   ] DREAMPlace - non-linear placement takes 11.72 seconds
[INFO   ] DREAMPlace - writing to ./results/tuner-small/small-1/PB310_A00/run-30_0_0/PB310_A00/PB310_A00.gp.pl
[INFO   ] DREAMPlace - writing to ./results/tuner-small/small-1/PB310_A00/run-30_0_0/PB310_A00/PB310_A00.gp.pl
[INFO   ] DREAMPlace - write_pl takes 0.001 seconds
[INFO   ] DREAMPlace - write SolutionFileFormat.BOOKSHELF takes 0.001 seconds
[INFO   ] DREAMPlace - writing congestion maps to ./results/tuner-small/small-1/PB310_A00/run-30_0_0/PB310_A00
[INFO   ] DREAMPlace - max horizontal congestion: 0.370546
[INFO   ] DREAMPlace - max vertical congestion: 0.349634
[DEBUG  ] matplotlib.colorbar - locator: <matplotlib.colorbar._ColorbarAutoLocator object at 0x7ff61508e5e0>
[DEBUG  ] matplotlib.colorbar - Using auto colorbar locator <matplotlib.colorbar._ColorbarAutoLocator object at 0x7ff61508e5e0> on colorbar
[DEBUG  ] matplotlib.colorbar - Setting pcolormesh
[DEBUG  ] matplotlib.colorbar - locator: <matplotlib.colorbar._ColorbarAutoLocator object at 0x7ff63013ed00>
[DEBUG  ] matplotlib.colorbar - Using auto colorbar locator <matplotlib.colorbar._ColorbarAutoLocator object at 0x7ff63013ed00> on colorbar
[DEBUG  ] matplotlib.colorbar - Setting pcolormesh
[INFO   ] DREAMPlace - Congestion score 0.05773933604359627
[INFO   ] DREAMPlace - congestion extraction takes 4.823 seconds
[INFO   ] DREAMPlace - placement takes 16.555 seconds
[INFO   ] DREAMPlace - Final PPA: {'rsmt': 1968.0, 'hpwl': 1647.125732421875, 'congestion': 0.05773933604359627, 'density': 0.5095476059649058, 'net_crossing': 46.512752532958984, 'iteration': 562, 'objective': 55047168000.0, 'overflow': 0.004276432562619448, 'max_density': 1.0190951824188232}
[DEBUG  ] hpbandster.run_0.worker.7a6907492ab5.2456832 - WORKER: done with job (30, 0, 0), trying to register it.
[INFO   ] hpbandster.run_0.worker.7a6907492ab5.2456832 - WORKER: registered result for job (30, 0, 0) with dispatcher
[INFO   ] hpbandster.run_0.worker.7a6907492ab5.2456832 - WORKER: start processing job (33, 0, 0)
[DEBUG  ] hpbandster.run_0.worker.7a6907492ab5.2456832 - WORKER: args: ()
[DEBUG  ] hpbandster.run_0.worker.7a6907492ab5.2456832 - WORKER: kwargs: {'config': {'GP_learning_rate': 0.008359927535791076, 'GP_learning_rate_decay': 0.993055000833768, 'GP_num_bins_x': 256, 'GP_num_bins_y': 1024, 'GP_optimizer': 'adam', 'GP_wirelength': 'logsumexp', 'RePlAce_LOWER_PCOF': 0.9374106463640685, 'RePlAce_UPPER_PCOF': 1.1314096101411457, 'RePlAce_ref_hpwl': 434882, 'density_weight': 0.11830589782456438, 'gamma': 0.3410352810088427, 'init_loc_perc_x': 0.3353360261795081, 'init_loc_perc_y': 0.6136759712483908, 'macro_halo_x': 4, 'macro_halo_y': 4, 'risa_weights': 0, 'stop_overflow': 0.037667602590049296, 'target_density': 0.7413645213040041}, 'budget': 1.0, 'working_directory': '.'}
