[INFO   ] DREAMPlace - parameters = {'aux_input': '/cypress-reproduce/benchmarks/small-9/bookshelf-flip/PN42C_A00.aux', 'lef_input': '', 'def_input': '', 'verilog_input': '', 'gpu': 1, 'gpu_id': 0, 'num_bins_x': 512, 'num_bins_y': 512, 'global_place_stages': [{'num_bins_x': 1024, 'num_bins_y': 512, 'iteration': 3000, 'learning_rate': 0.0017712133165369082, 'wirelength': 'weighted_average', 'optimizer': 'nesterov', 'Llambda_density_weight_iteration': 10, 'Lsub_iteration': 2, 'learning_rate_decay': 0.9977318013540516}], 'target_density': 0.8921956733741672, 'density_weight': 0.0016378757226398189, 'net_crossing_flag': True, 'net_crossing_weight': 0.1, 'random_seed': 1000, 'result_dir': './results/reproduce-may20/small-9/PN42C_A00/run-0_0_1', 'scale_factor': 1.0, 'ignore_net_weight': 10, 'shift_factor': [0, 0], 'ignore_net_degree': 100, 'gp_noise_ratio': 0.025, 'enable_fillers': 1, 'global_place_flag': 1, 'legalize_flag': 1, 'detailed_place_flag': 0, 'stop_overflow': 0.09880175208028646, 'dtype': 'float32', 'detailed_place_engine': '', 'detailed_place_command': '', 'plot_flag': 1, 'RePlAce_ref_hpwl': 369796, 'RePlAce_LOWER_PCOF': 0.9824737217545786, 'RePlAce_UPPER_PCOF': 1.0914502505090133, 'gamma': 0.17709133270644314, 'RePlAce_skip_energy_flag': 0, 'random_center_init_flag': 1, 'init_loc_perc_x': 0.5312002220821062, 'init_loc_perc_y': 0.7491259967458175, 'sort_nets_by_degree': 0, 'num_threads': 8, 'dump_global_place_solution_flag': 0, 'dump_legalize_solution_flag': 0, 'routability_opt_flag': 0, 'route_num_bins_x': 512, 'route_num_bins_y': 512, 'node_area_adjust_overflow': 0.15, 'max_num_area_adjust': 3, 'adjust_nctugr_area_flag': 0, 'adjust_rudy_area_flag': 0, 'adjust_pin_area_flag': 0, 'area_adjust_stop_ratio': 0.01, 'route_area_adjust_stop_ratio': 0.01, 'pin_area_adjust_stop_ratio': 0.05, 'unit_horizontal_capacity': 1.5625, 'unit_vertical_capacity': 1.45, 'unit_pin_capacity': 0.058, 'max_route_opt_adjust_rate': 2.0, 'route_opt_adjust_exponent': 2.0, 'pin_stretch_ratio': 1.414213562, 'max_pin_opt_adjust_rate': 1.5, 'deterministic_flag': 1, 'get_congestion_map': 1, 'macro_halo_x': 3, 'macro_halo_y': 6, 'macro_overlap_flag': True, 'macro_overlap_weight': 1.5, 'macro_overlap_mult_weight': 1, 'macro_padding_x': 0, 'macro_padding_y': 0, 'bndry_padding_x': 0, 'bndry_padding_y': 0, 'pin_density': -1, 'route_info_input': 'default', 'evaluate_pl': 0, 'risa_weights': 0, 'proj_name': 'default', 'create_gif': False, 'enable_rotation': True}
[INFO   ] DREAMPlace - setting up raw database takes 0.00 seconds
[INFO   ] DREAMPlace - set shift_factor = (0, 0), as original row bbox = (0, 0, 4713, 3178)
[INFO   ] DREAMPlace - set scale_factor = 1, as site_width = 1
[INFO   ] DREAMPlace - shift coordinate system by (0, 0), scale coordinate system by 1
[INFO   ] DREAMPlace - detect movable macros 476, area 4.78541e+06, reduce those area from movable_area
[INFO   ] DREAMPlace - 
================================= Benchmark Statistics =================================
#nodes = 476, #terminals = 0, # terminal_NIs = 0, #movable = 476, #nets = 1513
die area = (0, 0, 4713, 3178) 1.49779e+07
row height = 1, site width = 1
num_bins = 512x512, bin sizes = 9.20508x6.20703
#pins = 2128, #movable_pins = 2128
total_movable_node_area = 4.78541e+06, total_fixed_node_area = 0, total_space_area = 1.49779e+07
total_movable_node_area = 0, total_fixed_node_area = 4.78541e+06, total_space_area = 1.01925e+07
utilization = 0, target_density = 0.892196
use top_placeable_area = 1.49779e+07 to compute top fillers
use btm_placeable_area = 1.49779e+07 to compute btm fillers
total_filler_node_area = 2.67265e+07, #fillers = 1166868, filler sizes = 22.9044x1
========================================================================================
[INFO   ] DREAMPlace - setting up placement database takes 0.03 seconds
[INFO   ] DREAMPlace - move cells to location (2503.5466466729663, 2380.722417658208) with random noise
[DEBUG  ] DREAMPlace - prepare init_pos takes 0.03 seconds
[INFO   ] DREAMPlace - Using Torch GPU device # 0: NVIDIA RTX A6000
[DEBUG  ] DREAMPlace - build pos takes 5.18 seconds
[DEBUG  ] DREAMPlace - build orient_logits takes 0.00 seconds
[WARNING] DREAMPlace - net weights are all the same, ignored
[DEBUG  ] DREAMPlace - build data_collections takes 0.01 seconds
[DEBUG  ] DREAMPlace - build op_collections takes 0.00 seconds
[INFO   ] DREAMPlace - POWVFILE = /Cypress/thirdparty/NCTUgr.ICCAD2012/POWV9.dat
[INFO   ] DREAMPlace - POSTFILE = /Cypress/thirdparty/NCTUgr.ICCAD2012/POST9.dat
[DEBUG  ] DREAMPlace - build BasicPlace ops takes 0.00 seconds
[INFO   ] DREAMPlace - non-linear placement initialization takes 5.27 seconds
[INFO   ] DREAMPlace - 1024x512 bins #bins 1024x512, bin sizes 4.60254x6.20703, max_num_bins = 156, padding = 0
[INFO   ] dreamplace.ops.electric_potential.electric_potential - regard 476 cells as movable macros in global placement
[INFO   ] DREAMPlace - 1024x512 bins #bins 1024x512, bin sizes 4.60254x6.20703, max_num_bins = 156, padding = 0
[INFO   ] dreamplace.ops.electric_potential.electric_potential - regard 28 cells as movable macros in global placement
[INFO   ] DREAMPlace - 1024x512 bins #bins 1024x512, bin sizes 4.60254x6.20703, max_num_bins = 156, padding = 0
[INFO   ] dreamplace.ops.electric_potential.electric_potential - regard 448 cells as movable macros in global placement
[WARNING] DREAMPlace - quadratic density penalty is disabled, density weight update is forced to be based on HPWL
[INFO   ] DREAMPlace - use nesterov optimizer
[INFO   ] DREAMPlace - add 2.5% noise
[DEBUG  ] dreamplace.ops.weighted_average_wirelength.weighted_average_wirelength - wirelength forward 0.108 ms
[INFO   ] dreamplace.ops.electric_potential.electric_potential - fixed density map: average 0, max 0, bin area 28.5681
[DEBUG  ] dreamplace.ops.electric_potential.electric_potential - density forward 2.816 ms
[INFO   ] dreamplace.ops.electric_potential.electric_potential - fixed density map: average 0, max 0, bin area 28.5681
[DEBUG  ] dreamplace.ops.electric_potential.electric_potential - density forward 1.278 ms
[DEBUG  ] dreamplace.ops.electric_potential.electric_potential - density backward 0.953 ms
[DEBUG  ] dreamplace.ops.electric_potential.electric_potential - density backward 0.490 ms
[DEBUG  ] dreamplace.ops.weighted_average_wirelength.weighted_average_wirelength - wirelength backward 0.075 ms
[DEBUG  ] dreamplace.ops.weighted_average_wirelength.weighted_average_wirelength - wirelength forward 0.080 ms
[DEBUG  ] dreamplace.ops.electric_potential.electric_potential - density forward 1.598 ms
[DEBUG  ] dreamplace.ops.electric_potential.electric_potential - density forward 1.249 ms
[DEBUG  ] dreamplace.ops.electric_potential.electric_potential - density backward 1.005 ms
[DEBUG  ] dreamplace.ops.electric_potential.electric_potential - density backward 0.500 ms
[DEBUG  ] dreamplace.ops.weighted_average_wirelength.weighted_average_wirelength - wirelength backward 0.077 ms
[INFO   ] DREAMPlace - nesterov initialization takes 0.142976 seconds
[DEBUG  ] dreamplace.ops.weighted_average_wirelength.weighted_average_wirelength - wirelength forward 0.072 ms
[DEBUG  ] dreamplace.ops.weighted_average_wirelength.weighted_average_wirelength - wirelength backward 0.118 ms
[INFO   ] dreamplace.ops.electric_potential.electric_potential - fixed density map: average 0, max 0, bin area 28.5681
[DEBUG  ] dreamplace.ops.electric_potential.electric_potential - density forward 1.601 ms
[DEBUG  ] dreamplace.ops.electric_potential.electric_potential - density backward 0.709 ms
[INFO   ] DREAMPlace - density_weight = 2.380284E-10
[INFO   ] DREAMPlace - macro_overlap_weight = 1.500000E+00
[INFO   ] DREAMPlace - plotting to ./results/reproduce-may20/small-9/PN42C_A00/run-0_0_1/PN42C_A00/plot/iter0000.png takes 0.045 seconds
[DEBUG  ] dreamplace.ops.weighted_average_wirelength.weighted_average_wirelength - wirelength forward 0.102 ms
[DEBUG  ] dreamplace.ops.electric_potential.electric_potential - density forward 1.735 ms
[DEBUG  ] dreamplace.ops.electric_potential.electric_potential - density forward 1.222 ms
[DEBUG  ] dreamplace.ops.electric_potential.electric_potential - density backward 0.847 ms
[DEBUG  ] dreamplace.ops.electric_potential.electric_potential - density backward 0.597 ms
[DEBUG  ] dreamplace.ops.weighted_average_wirelength.weighted_average_wirelength - wirelength backward 0.131 ms
[DEBUG  ] dreamplace.ops.weighted_average_wirelength.weighted_average_wirelength - wirelength forward 0.080 ms
[DEBUG  ] dreamplace.ops.electric_potential.electric_potential - density forward 1.720 ms
[DEBUG  ] dreamplace.ops.electric_potential.electric_potential - density forward 1.481 ms
[DEBUG  ] dreamplace.ops.electric_potential.electric_potential - density backward 0.876 ms
[DEBUG  ] dreamplace.ops.electric_potential.electric_potential - density backward 0.542 ms
[DEBUG  ] dreamplace.ops.weighted_average_wirelength.weighted_average_wirelength - wirelength backward 0.101 ms
[DEBUG  ] dreamplace.ops.weighted_average_wirelength.weighted_average_wirelength - wirelength forward 0.075 ms
[DEBUG  ] dreamplace.ops.electric_potential.electric_potential - density forward 1.536 ms
[DEBUG  ] dreamplace.ops.electric_potential.electric_potential - density forward 1.245 ms
[DEBUG  ] dreamplace.ops.electric_potential.electric_potential - density backward 0.873 ms
[DEBUG  ] dreamplace.ops.electric_potential.electric_potential - density backward 0.580 ms
[DEBUG  ] dreamplace.ops.weighted_average_wirelength.weighted_average_wirelength - wirelength backward 0.123 ms
[INFO   ] DREAMPlace - optimizer step 91.346 ms
[INFO   ] DREAMPlace - iteration    0, (   0,  0,  0), Obj 1.900996E+05, NetCrossing 1.640E+03, NetCrossingWeight 1.000000E-01, DensityWeight 0.000000E+00, HPWL 2.226484E+04, Overflow 7.979194E-01, MaxDensity 3.561E+02, MacroOverlap 1.149E+05, MacroOverlapWeight 0.000000E+00, gamma 1.914281E+01, time 17.009ms
[INFO   ] DREAMPlace - full step 163.182 ms
[DEBUG  ] dreamplace.ops.weighted_average_wirelength.weighted_average_wirelength - wirelength forward 0.087 ms
[DEBUG  ] dreamplace.ops.electric_potential.electric_potential - density forward 1.589 ms
[DEBUG  ] dreamplace.ops.electric_potential.electric_potential - density forward 1.463 ms
[DEBUG  ] dreamplace.ops.electric_potential.electric_potential - density backward 0.880 ms
[DEBUG  ] dreamplace.ops.electric_potential.electric_potential - density backward 0.556 ms
[DEBUG  ] dreamplace.ops.weighted_average_wirelength.weighted_average_wirelength - wirelength backward 0.109 ms
[INFO   ] DREAMPlace - optimizer step 28.813 ms
[INFO   ] DREAMPlace - iteration    1, (   0,  0,  1), Obj 5.156178E+04, NetCrossing 1.956E+03, NetCrossingWeight 1.000000E-01, DensityWeight 2.380284E-10, HPWL 2.390222E+04, Overflow 7.979189E-01, MaxDensity 1.850E+02, MacroOverlap 2.176E+04, MacroOverlapWeight 1.500000E+00, gamma 1.914281E+01, time 17.653ms
[INFO   ] DREAMPlace - full step 47.101 ms
[DEBUG  ] dreamplace.ops.weighted_average_wirelength.weighted_average_wirelength - wirelength forward 0.085 ms
[DEBUG  ] dreamplace.ops.electric_potential.electric_potential - density forward 1.464 ms
[DEBUG  ] dreamplace.ops.electric_potential.electric_potential - density forward 1.189 ms
[DEBUG  ] dreamplace.ops.electric_potential.electric_potential - density backward 0.843 ms
[DEBUG  ] dreamplace.ops.electric_potential.electric_potential - density backward 0.579 ms
[DEBUG  ] dreamplace.ops.weighted_average_wirelength.weighted_average_wirelength - wirelength backward 0.118 ms
[INFO   ] DREAMPlace - optimizer step 29.465 ms
[INFO   ] DREAMPlace - iteration    2, (   0,  1,  0), Obj 3.835267E+04, NetCrossing 1.924E+03, NetCrossingWeight 1.000000E-01, DensityWeight 2.380284E-10, HPWL 2.450594E+04, Overflow 7.979180E-01, MaxDensity 1.371E+02, MacroOverlap 1.264E+04, MacroOverlapWeight 1.500000E+00, gamma 1.914281E+01, time 17.532ms
[INFO   ] DREAMPlace - full step 47.619 ms
[DEBUG  ] dreamplace.ops.weighted_average_wirelength.weighted_average_wirelength - wirelength forward 0.090 ms
[DEBUG  ] dreamplace.ops.electric_potential.electric_potential - density forward 1.447 ms
[DEBUG  ] dreamplace.ops.electric_potential.electric_potential - density forward 1.203 ms
[DEBUG  ] dreamplace.ops.electric_potential.electric_potential - density backward 0.834 ms
[DEBUG  ] dreamplace.ops.electric_potential.electric_potential - density backward 0.591 ms
[DEBUG  ] dreamplace.ops.weighted_average_wirelength.weighted_average_wirelength - wirelength backward 0.130 ms
[INFO   ] DREAMPlace - optimizer step 29.431 ms
[INFO   ] DREAMPlace - iteration    3, (   0,  1,  1), Obj 2.876064E+04, NetCrossing 1.809E+03, NetCrossingWeight 1.000000E-01, DensityWeight 2.380284E-10, HPWL 2.553799E+04, Overflow 7.979155E-01, MaxDensity 8.817E+01, MacroOverlap 5.679E+03, MacroOverlapWeight 1.500000E+00, gamma 1.914281E+01, time 17.568ms
[INFO   ] DREAMPlace - full step 47.593 ms
[DEBUG  ] dreamplace.ops.weighted_average_wirelength.weighted_average_wirelength - wirelength forward 0.092 ms
[DEBUG  ] dreamplace.ops.electric_potential.electric_potential - density forward 1.437 ms
[DEBUG  ] dreamplace.ops.electric_potential.electric_potential - density forward 1.165 ms
[DEBUG  ] dreamplace.ops.electric_potential.electric_potential - density backward 0.774 ms
[DEBUG  ] dreamplace.ops.electric_potential.electric_potential - density backward 0.611 ms
[DEBUG  ] dreamplace.ops.weighted_average_wirelength.weighted_average_wirelength - wirelength backward 0.138 ms
[INFO   ] DREAMPlace - optimizer step 29.835 ms
[INFO   ] DREAMPlace - iteration    4, (   0,  2,  0), Obj 2.559574E+04, NetCrossing 1.682E+03, NetCrossingWeight 1.000000E-01, DensityWeight 2.596956E-10, HPWL 2.631255E+04, Overflow 7.979091E-01, MaxDensity 6.457E+01, MacroOverlap 3.141E+03, MacroOverlapWeight 1.500000E+00, gamma 1.914281E+01, time 17.093ms
[INFO   ] DREAMPlace - full step 47.575 ms
[DEBUG  ] dreamplace.ops.weighted_average_wirelength.weighted_average_wirelength - wirelength forward 0.092 ms
[DEBUG  ] dreamplace.ops.electric_potential.electric_potential - density forward 1.578 ms
[DEBUG  ] dreamplace.ops.electric_potential.electric_potential - density forward 1.203 ms
[DEBUG  ] dreamplace.ops.electric_potential.electric_potential - density backward 0.780 ms
[DEBUG  ] dreamplace.ops.electric_potential.electric_potential - density backward 0.585 ms
[DEBUG  ] dreamplace.ops.weighted_average_wirelength.weighted_average_wirelength - wirelength backward 0.138 ms
[INFO   ] DREAMPlace - optimizer step 29.456 ms
[INFO   ] DREAMPlace - iteration    5, (   0,  2,  1), Obj 2.385553E+04, NetCrossing 1.520E+03, NetCrossingWeight 1.000000E-01, DensityWeight 2.596956E-10, HPWL 2.630305E+04, Overflow 7.978911E-01, MaxDensity 5.170E+01, MacroOverlap 2.024E+03, MacroOverlapWeight 1.500000E+00, gamma 1.914281E+01, time 17.507ms
[INFO   ] DREAMPlace - full step 47.630 ms
[DEBUG  ] dreamplace.ops.weighted_average_wirelength.weighted_average_wirelength - wirelength forward 0.088 ms
[DEBUG  ] dreamplace.ops.electric_potential.electric_potential - density forward 1.431 ms
[DEBUG  ] dreamplace.ops.electric_potential.electric_potential - density forward 1.187 ms
[DEBUG  ] dreamplace.ops.electric_potential.electric_potential - density backward 0.786 ms
[DEBUG  ] dreamplace.ops.electric_potential.electric_potential - density backward 0.601 ms
[DEBUG  ] dreamplace.ops.weighted_average_wirelength.weighted_average_wirelength - wirelength backward 0.137 ms
[INFO   ] DREAMPlace - optimizer step 29.522 ms
[INFO   ] DREAMPlace - iteration    6, (   0,  3,  0), Obj 2.096235E+04, NetCrossing 1.454E+03, NetCrossingWeight 1.000000E-01, DensityWeight 2.833935E-10, HPWL 2.377450E+04, Overflow 7.978396E-01, MaxDensity 4.449E+01, MacroOverlap 1.666E+03, MacroOverlapWeight 1.500000E+00, gamma 1.914281E+01, time 17.449ms
[INFO   ] DREAMPlace - full step 47.624 ms
[DEBUG  ] dreamplace.ops.weighted_average_wirelength.weighted_average_wirelength - wirelength forward 0.088 ms
[DEBUG  ] dreamplace.ops.electric_potential.electric_potential - density forward 1.396 ms
[DEBUG  ] dreamplace.ops.electric_potential.electric_potential - density forward 1.178 ms
[DEBUG  ] dreamplace.ops.electric_potential.electric_potential - density backward 0.784 ms
[DEBUG  ] dreamplace.ops.electric_potential.electric_potential - density backward 0.583 ms
[DEBUG  ] dreamplace.ops.weighted_average_wirelength.weighted_average_wirelength - wirelength backward 0.139 ms
[INFO   ] DREAMPlace - optimizer step 29.213 ms
[INFO   ] DREAMPlace - iteration    7, (   0,  3,  1), Obj 1.535196E+04, NetCrossing 1.313E+03, NetCrossingWeight 1.000000E-01, DensityWeight 2.833935E-10, HPWL 1.784557E+04, Overflow 7.976955E-01, MaxDensity 4.319E+01, MacroOverlap 1.558E+03, MacroOverlapWeight 1.500000E+00, gamma 1.914281E+01, time 17.567ms
[INFO   ] DREAMPlace - full step 47.390 ms
[DEBUG  ] dreamplace.ops.weighted_average_wirelength.weighted_average_wirelength - wirelength forward 0.094 ms
[DEBUG  ] dreamplace.ops.electric_potential.electric_potential - density forward 1.519 ms
[DEBUG  ] dreamplace.ops.electric_potential.electric_potential - density forward 1.304 ms
[DEBUG  ] dreamplace.ops.electric_potential.electric_potential - density backward 0.777 ms
[DEBUG  ] dreamplace.ops.electric_potential.electric_potential - density backward 0.589 ms
[DEBUG  ] dreamplace.ops.weighted_average_wirelength.weighted_average_wirelength - wirelength backward 0.145 ms
[DEBUG  ] dreamplace.ops.weighted_average_wirelength.weighted_average_wirelength - wirelength forward 0.082 ms
[DEBUG  ] dreamplace.ops.electric_potential.electric_potential - density forward 1.662 ms
[DEBUG  ] dreamplace.ops.electric_potential.electric_potential - density forward 1.370 ms
[DEBUG  ] dreamplace.ops.electric_potential.electric_potential - density backward 0.821 ms
[DEBUG  ] dreamplace.ops.electric_potential.electric_potential - density backward 0.532 ms
[DEBUG  ] dreamplace.ops.weighted_average_wirelength.weighted_average_wirelength - wirelength backward 0.117 ms
[INFO   ] DREAMPlace - optimizer step 61.017 ms
[INFO   ] DREAMPlace - iteration    8, (   0,  4,  0), Obj 1.302697E+04, NetCrossing 1.678E+03, NetCrossingWeight 1.000000E-01, DensityWeight 3.091862E-10, HPWL 1.663939E+04, Overflow 7.975366E-01, MaxDensity 3.174E+01, MacroOverlap 1.102E+03, MacroOverlapWeight 1.500000E+00, gamma 1.914281E+01, time 18.030ms
[INFO   ] DREAMPlace - full step 79.706 ms
[DEBUG  ] dreamplace.ops.weighted_average_wirelength.weighted_average_wirelength - wirelength forward 0.099 ms
[DEBUG  ] dreamplace.ops.electric_potential.electric_potential - density forward 1.555 ms
[DEBUG  ] dreamplace.ops.electric_potential.electric_potential - density forward 1.189 ms
[DEBUG  ] dreamplace.ops.electric_potential.electric_potential - density backward 0.799 ms
[DEBUG  ] dreamplace.ops.electric_potential.electric_potential - density backward 0.579 ms
[DEBUG  ] dreamplace.ops.weighted_average_wirelength.weighted_average_wirelength - wirelength backward 0.131 ms
[DEBUG  ] dreamplace.ops.weighted_average_wirelength.weighted_average_wirelength - wirelength forward 0.081 ms
[DEBUG  ] dreamplace.ops.electric_potential.electric_potential - density forward 1.755 ms
[DEBUG  ] dreamplace.ops.electric_potential.electric_potential - density forward 1.418 ms
[DEBUG  ] dreamplace.ops.electric_potential.electric_potential - density backward 0.826 ms
[DEBUG  ] dreamplace.ops.electric_potential.electric_potential - density backward 0.534 ms
[DEBUG  ] dreamplace.ops.weighted_average_wirelength.weighted_average_wirelength - wirelength backward 0.111 ms
[INFO   ] DREAMPlace - optimizer step 60.077 ms
[INFO   ] DREAMPlace - iteration    9, (   0,  4,  1), Obj 9.592944E+03, NetCrossing 1.509E+03, NetCrossingWeight 1.000000E-01, DensityWeight 3.091862E-10, HPWL 1.324954E+04, Overflow 7.972778E-01, MaxDensity 4.071E+01, MacroOverlap 1.085E+03, MacroOverlapWeight 1.500000E+00, gamma 1.914281E+01, time 18.255ms
[INFO   ] DREAMPlace - full step 78.976 ms
[DEBUG  ] dreamplace.ops.weighted_average_wirelength.weighted_average_wirelength - wirelength forward 0.097 ms
[DEBUG  ] dreamplace.ops.electric_potential.electric_potential - density forward 1.533 ms
[DEBUG  ] dreamplace.ops.electric_potential.electric_potential - density forward 1.257 ms
[DEBUG  ] dreamplace.ops.electric_potential.electric_potential - density backward 0.906 ms
[DEBUG  ] dreamplace.ops.electric_potential.electric_potential - density backward 0.466 ms
[DEBUG  ] dreamplace.ops.weighted_average_wirelength.weighted_average_wirelength - wirelength backward 0.067 ms
[DEBUG  ] dreamplace.ops.weighted_average_wirelength.weighted_average_wirelength - wirelength forward 0.079 ms
[DEBUG  ] dreamplace.ops.electric_potential.electric_potential - density forward 1.633 ms
[DEBUG  ] dreamplace.ops.electric_potential.electric_potential - density forward 1.328 ms
[DEBUG  ] dreamplace.ops.electric_potential.electric_potential - density backward 0.851 ms
[DEBUG  ] dreamplace.ops.electric_potential.electric_potential - density backward 0.506 ms
[DEBUG  ] dreamplace.ops.weighted_average_wirelength.weighted_average_wirelength - wirelength backward 0.096 ms
[INFO   ] DREAMPlace - optimizer step 56.583 ms
[INFO   ] DREAMPlace - iteration   10, (   0,  5,  0), Obj 7.720270E+03, NetCrossing 1.228E+03, NetCrossingWeight 1.000000E-01, DensityWeight 3.372926E-10, HPWL 1.144976E+04, Overflow 7.968635E-01, MaxDensity 2.498E+01, MacroOverlap 9.211E+02, MacroOverlapWeight 1.500000E+00, gamma 1.914281E+01, time 18.048ms
[INFO   ] DREAMPlace - full step 75.258 ms
[DEBUG  ] dreamplace.ops.weighted_average_wirelength.weighted_average_wirelength - wirelength forward 0.091 ms
[DEBUG  ] dreamplace.ops.electric_potential.electric_potential - density forward 1.544 ms
[DEBUG  ] dreamplace.ops.electric_potential.electric_potential - density forward 1.220 ms
[DEBUG  ] dreamplace.ops.electric_potential.electric_potential - density backward 0.883 ms
[DEBUG  ] dreamplace.ops.electric_potential.electric_potential - density backward 0.534 ms
[DEBUG  ] dreamplace.ops.weighted_average_wirelength.weighted_average_wirelength - wirelength backward 0.107 ms
[DEBUG  ] dreamplace.ops.weighted_average_wirelength.weighted_average_wirelength - wirelength forward 0.079 ms
[DEBUG  ] dreamplace.ops.electric_potential.electric_potential - density forward 1.606 ms
[DEBUG  ] dreamplace.ops.electric_potential.electric_potential - density forward 1.360 ms
[DEBUG  ] dreamplace.ops.electric_potential.electric_potential - density backward 0.803 ms
[DEBUG  ] dreamplace.ops.electric_potential.electric_potential - density backward 0.558 ms
[DEBUG  ] dreamplace.ops.weighted_average_wirelength.weighted_average_wirelength - wirelength backward 0.121 ms
[INFO   ] DREAMPlace - optimizer step 57.762 ms
[INFO   ] DREAMPlace - iteration   11, (   0,  5,  1), Obj 6.318275E+03, NetCrossing 1.224E+03, NetCrossingWeight 1.000000E-01, DensityWeight 3.372926E-10, HPWL 9.831299E+03, Overflow 7.963830E-01, MaxDensity 2.498E+01, MacroOverlap 9.397E+02, MacroOverlapWeight 1.500000E+00, gamma 1.914281E+01, time 17.350ms
[INFO   ] DREAMPlace - full step 75.755 ms
[DEBUG  ] dreamplace.ops.weighted_average_wirelength.weighted_average_wirelength - wirelength forward 0.092 ms
[DEBUG  ] dreamplace.ops.electric_potential.electric_potential - density forward 1.452 ms
[DEBUG  ] dreamplace.ops.electric_potential.electric_potential - density forward 1.176 ms
[DEBUG  ] dreamplace.ops.electric_potential.electric_potential - density backward 0.782 ms
[DEBUG  ] dreamplace.ops.electric_potential.electric_potential - density backward 0.587 ms
[DEBUG  ] dreamplace.ops.weighted_average_wirelength.weighted_average_wirelength - wirelength backward 0.139 ms
[DEBUG  ] dreamplace.ops.weighted_average_wirelength.weighted_average_wirelength - wirelength forward 0.078 ms
[DEBUG  ] dreamplace.ops.electric_potential.electric_potential - density forward 1.800 ms
[DEBUG  ] dreamplace.ops.electric_potential.electric_potential - density forward 1.541 ms
[DEBUG  ] dreamplace.ops.electric_potential.electric_potential - density backward 0.752 ms
[DEBUG  ] dreamplace.ops.electric_potential.electric_potential - density backward 0.589 ms
[DEBUG  ] dreamplace.ops.weighted_average_wirelength.weighted_average_wirelength - wirelength backward 0.137 ms
[INFO   ] DREAMPlace - optimizer step 60.525 ms
[INFO   ] DREAMPlace - iteration   12, (   0,  6,  0), Obj 5.630199E+03, NetCrossing 1.188E+03, NetCrossingWeight 1.000000E-01, DensityWeight 3.679173E-10, HPWL 8.956865E+03, Overflow 7.958327E-01, MaxDensity 2.498E+01, MacroOverlap 9.516E+02, MacroOverlapWeight 1.500000E+00, gamma 1.914281E+01, time 17.882ms
[INFO   ] DREAMPlace - full step 79.033 ms
[DEBUG  ] dreamplace.ops.weighted_average_wirelength.weighted_average_wirelength - wirelength forward 0.093 ms
[DEBUG  ] dreamplace.ops.electric_potential.electric_potential - density forward 1.462 ms
[DEBUG  ] dreamplace.ops.electric_potential.electric_potential - density forward 1.352 ms
[DEBUG  ] dreamplace.ops.electric_potential.electric_potential - density backward 0.773 ms
[DEBUG  ] dreamplace.ops.electric_potential.electric_potential - density backward 0.590 ms
[DEBUG  ] dreamplace.ops.weighted_average_wirelength.weighted_average_wirelength - wirelength backward 0.140 ms
[DEBUG  ] dreamplace.ops.weighted_average_wirelength.weighted_average_wirelength - wirelength forward 0.080 ms
[DEBUG  ] dreamplace.ops.electric_potential.electric_potential - density forward 1.755 ms
[DEBUG  ] dreamplace.ops.electric_potential.electric_potential - density forward 1.470 ms
[DEBUG  ] dreamplace.ops.electric_potential.electric_potential - density backward 0.822 ms
[DEBUG  ] dreamplace.ops.electric_potential.electric_potential - density backward 0.554 ms
[DEBUG  ] dreamplace.ops.weighted_average_wirelength.weighted_average_wirelength - wirelength backward 0.114 ms
[INFO   ] DREAMPlace - optimizer step 60.366 ms
[INFO   ] DREAMPlace - iteration   13, (   0,  6,  1), Obj 5.320663E+03, NetCrossing 1.022E+03, NetCrossingWeight 1.000000E-01, DensityWeight 3.679173E-10, HPWL 8.503898E+03, Overflow 7.952207E-01, MaxDensity 2.498E+01, MacroOverlap 9.436E+02, MacroOverlapWeight 1.500000E+00, gamma 1.914281E+01, time 17.397ms
[INFO   ] DREAMPlace - full step 78.386 ms
[DEBUG  ] dreamplace.ops.weighted_average_wirelength.weighted_average_wirelength - wirelength forward 0.090 ms
[DEBUG  ] dreamplace.ops.electric_potential.electric_potential - density forward 1.546 ms
[DEBUG  ] dreamplace.ops.electric_potential.electric_potential - density forward 1.186 ms
[DEBUG  ] dreamplace.ops.electric_potential.electric_potential - density backward 0.792 ms
[DEBUG  ] dreamplace.ops.electric_potential.electric_potential - density backward 0.561 ms
[DEBUG  ] dreamplace.ops.weighted_average_wirelength.weighted_average_wirelength - wirelength backward 0.125 ms
[INFO   ] DREAMPlace - optimizer step 29.372 ms
[INFO   ] DREAMPlace - iteration   14, (   0,  7,  0), Obj 5.185394E+03, NetCrossing 1.283E+03, NetCrossingWeight 1.000000E-01, DensityWeight 4.012824E-10, HPWL 8.270043E+03, Overflow 7.945533E-01, MaxDensity 2.498E+01, MacroOverlap 9.250E+02, MacroOverlapWeight 1.500000E+00, gamma 1.914281E+01, time 16.848ms
[INFO   ] DREAMPlace - full step 46.840 ms
[DEBUG  ] dreamplace.ops.weighted_average_wirelength.weighted_average_wirelength - wirelength forward 0.091 ms
[DEBUG  ] dreamplace.ops.electric_potential.electric_potential - density forward 1.716 ms
[DEBUG  ] dreamplace.ops.electric_potential.electric_potential - density forward 1.660 ms
[DEBUG  ] dreamplace.ops.electric_potential.electric_potential - density backward 0.775 ms
[DEBUG  ] dreamplace.ops.electric_potential.electric_potential - density backward 0.597 ms
[DEBUG  ] dreamplace.ops.weighted_average_wirelength.weighted_average_wirelength - wirelength backward 0.137 ms
[INFO   ] DREAMPlace - optimizer step 30.709 ms
[INFO   ] DREAMPlace - iteration   15, (   0,  7,  1), Obj 5.185562E+03, NetCrossing 1.180E+03, NetCrossingWeight 1.000000E-01, DensityWeight 4.012824E-10, HPWL 8.248964E+03, Overflow 7.938018E-01, MaxDensity 2.498E+01, MacroOverlap 9.061E+02, MacroOverlapWeight 1.500000E+00, gamma 1.914281E+01, time 17.292ms
[INFO   ] DREAMPlace - full step 48.648 ms
[INFO   ] DREAMPlace - Lsub stopping criteria: 1 and 5185.56 > 5185.39 * 0.999
[DEBUG  ] dreamplace.ops.weighted_average_wirelength.weighted_average_wirelength - wirelength forward 0.096 ms
[DEBUG  ] dreamplace.ops.electric_potential.electric_potential - density forward 1.525 ms
[DEBUG  ] dreamplace.ops.electric_potential.electric_potential - density forward 1.205 ms
[DEBUG  ] dreamplace.ops.electric_potential.electric_potential - density backward 0.845 ms
[DEBUG  ] dreamplace.ops.electric_potential.electric_potential - density backward 0.516 ms
[DEBUG  ] dreamplace.ops.weighted_average_wirelength.weighted_average_wirelength - wirelength backward 0.102 ms
[INFO   ] DREAMPlace - optimizer step 29.816 ms
[INFO   ] DREAMPlace - iteration   16, (   0,  8,  0), Obj 5.044653E+03, NetCrossing 1.012E+03, NetCrossingWeight 1.000000E-01, DensityWeight 4.376295E-10, HPWL 8.140235E+03, Overflow 7.929464E-01, MaxDensity 2.498E+01, MacroOverlap 8.851E+02, MacroOverlapWeight 1.500000E+00, gamma 1.914281E+01, time 18.348ms
[INFO   ] DREAMPlace - full step 48.891 ms
[DEBUG  ] dreamplace.ops.weighted_average_wirelength.weighted_average_wirelength - wirelength forward 0.091 ms
[DEBUG  ] dreamplace.ops.electric_potential.electric_potential - density forward 1.442 ms
[DEBUG  ] dreamplace.ops.electric_potential.electric_potential - density forward 1.226 ms
[DEBUG  ] dreamplace.ops.electric_potential.electric_potential - density backward 0.807 ms
[DEBUG  ] dreamplace.ops.electric_potential.electric_potential - density backward 0.565 ms
[DEBUG  ] dreamplace.ops.weighted_average_wirelength.weighted_average_wirelength - wirelength backward 0.120 ms
[INFO   ] DREAMPlace - optimizer step 28.783 ms
[INFO   ] DREAMPlace - iteration   17, (   0,  8,  1), Obj 4.838636E+03, NetCrossing 9.612E+02, NetCrossingWeight 1.000000E-01, DensityWeight 4.376295E-10, HPWL 7.813729E+03, Overflow 7.919933E-01, MaxDensity 2.498E+01, MacroOverlap 8.733E+02, MacroOverlapWeight 1.500000E+00, gamma 1.914281E+01, time 17.495ms
[INFO   ] DREAMPlace - full step 46.908 ms
[DEBUG  ] dreamplace.ops.weighted_average_wirelength.weighted_average_wirelength - wirelength forward 0.090 ms
[DEBUG  ] dreamplace.ops.electric_potential.electric_potential - density forward 1.507 ms
[DEBUG  ] dreamplace.ops.electric_potential.electric_potential - density forward 1.209 ms
[DEBUG  ] dreamplace.ops.electric_potential.electric_potential - density backward 0.786 ms
[DEBUG  ] dreamplace.ops.electric_potential.electric_potential - density backward 0.575 ms
[DEBUG  ] dreamplace.ops.weighted_average_wirelength.weighted_average_wirelength - wirelength backward 0.126 ms
[DEBUG  ] dreamplace.ops.weighted_average_wirelength.weighted_average_wirelength - wirelength forward 0.078 ms
[DEBUG  ] dreamplace.ops.electric_potential.electric_potential - density forward 1.682 ms
[DEBUG  ] dreamplace.ops.electric_potential.electric_potential - density forward 1.505 ms
[DEBUG  ] dreamplace.ops.electric_potential.electric_potential - density backward 0.825 ms
[DEBUG  ] dreamplace.ops.electric_potential.electric_potential - density backward 0.535 ms
[DEBUG  ] dreamplace.ops.weighted_average_wirelength.weighted_average_wirelength - wirelength backward 0.107 ms
[INFO   ] DREAMPlace - optimizer step 59.756 ms
[INFO   ] DREAMPlace - iteration   18, (   0,  9,  0), Obj 4.777453E+03, NetCrossing 9.680E+02, NetCrossingWeight 1.000000E-01, DensityWeight 4.772211E-10, HPWL 7.772536E+03, Overflow 7.909161E-01, MaxDensity 2.498E+01, MacroOverlap 8.607E+02, MacroOverlapWeight 1.500000E+00, gamma 1.914281E+01, time 17.374ms
[INFO   ] DREAMPlace - full step 77.739 ms
[DEBUG  ] dreamplace.ops.weighted_average_wirelength.weighted_average_wirelength - wirelength forward 0.109 ms
[DEBUG  ] dreamplace.ops.electric_potential.electric_potential - density forward 1.510 ms
[DEBUG  ] dreamplace.ops.electric_potential.electric_potential - density forward 1.381 ms
[DEBUG  ] dreamplace.ops.electric_potential.electric_potential - density backward 0.828 ms
[DEBUG  ] dreamplace.ops.electric_potential.electric_potential - density backward 0.569 ms
[DEBUG  ] dreamplace.ops.weighted_average_wirelength.weighted_average_wirelength - wirelength backward 0.153 ms
[DEBUG  ] dreamplace.ops.weighted_average_wirelength.weighted_average_wirelength - wirelength forward 0.076 ms
[DEBUG  ] dreamplace.ops.electric_potential.electric_potential - density forward 1.640 ms
[DEBUG  ] dreamplace.ops.electric_potential.electric_potential - density forward 1.335 ms
[DEBUG  ] dreamplace.ops.electric_potential.electric_potential - density backward 0.787 ms
[DEBUG  ] dreamplace.ops.electric_potential.electric_potential - density backward 0.566 ms
[DEBUG  ] dreamplace.ops.weighted_average_wirelength.weighted_average_wirelength - wirelength backward 0.124 ms
[INFO   ] DREAMPlace - optimizer step 59.256 ms
[INFO   ] DREAMPlace - iteration   19, (   0,  9,  1), Obj 4.632394E+03, NetCrossing 8.595E+02, NetCrossingWeight 1.000000E-01, DensityWeight 4.772211E-10, HPWL 7.581274E+03, Overflow 7.897496E-01, MaxDensity 2.498E+01, MacroOverlap 8.442E+02, MacroOverlapWeight 1.500000E+00, gamma 1.914281E+01, time 20.576ms
[INFO   ] DREAMPlace - full step 80.505 ms
[DEBUG  ] dreamplace.ops.weighted_average_wirelength.weighted_average_wirelength - wirelength forward 0.087 ms
[DEBUG  ] dreamplace.ops.electric_potential.electric_potential - density forward 1.406 ms
[DEBUG  ] dreamplace.ops.electric_potential.electric_potential - density forward 1.192 ms
[DEBUG  ] dreamplace.ops.electric_potential.electric_potential - density backward 0.792 ms
[DEBUG  ] dreamplace.ops.electric_potential.electric_potential - density backward 0.584 ms
[DEBUG  ] dreamplace.ops.weighted_average_wirelength.weighted_average_wirelength - wirelength backward 0.138 ms
[DEBUG  ] dreamplace.ops.weighted_average_wirelength.weighted_average_wirelength - wirelength forward 0.079 ms
[DEBUG  ] dreamplace.ops.electric_potential.electric_potential - density forward 1.734 ms
[DEBUG  ] dreamplace.ops.electric_potential.electric_potential - density forward 1.445 ms
[DEBUG  ] dreamplace.ops.electric_potential.electric_potential - density backward 0.750 ms
[DEBUG  ] dreamplace.ops.electric_potential.electric_potential - density backward 0.596 ms
[DEBUG  ] dreamplace.ops.weighted_average_wirelength.weighted_average_wirelength - wirelength backward 0.139 ms
[DEBUG  ] dreamplace.ops.weighted_average_wirelength.weighted_average_wirelength - wirelength forward 0.073 ms
[DEBUG  ] dreamplace.ops.electric_potential.electric_potential - density forward 1.514 ms
[DEBUG  ] dreamplace.ops.electric_potential.electric_potential - density forward 1.424 ms
[DEBUG  ] dreamplace.ops.electric_potential.electric_potential - density backward 0.840 ms
[DEBUG  ] dreamplace.ops.electric_potential.electric_potential - density backward 0.525 ms
[DEBUG  ] dreamplace.ops.weighted_average_wirelength.weighted_average_wirelength - wirelength backward 0.099 ms
[INFO   ] DREAMPlace - optimizer step 89.514 ms
[INFO   ] DREAMPlace - iteration   20, (   1,  0,  0), Obj 4.635685E+03, NetCrossing 9.247E+02, NetCrossingWeight 1.000000E-01, DensityWeight 5.203425E-10, HPWL 7.653906E+03, Overflow 7.884617E-01, MaxDensity 2.498E+01, MacroOverlap 8.273E+02, MacroOverlapWeight 1.500000E+00, gamma 6.528039E+00, time 17.027ms
[INFO   ] DREAMPlace - full step 107.146 ms
[DEBUG  ] dreamplace.ops.weighted_average_wirelength.weighted_average_wirelength - wirelength forward 0.089 ms
[DEBUG  ] dreamplace.ops.electric_potential.electric_potential - density forward 1.715 ms
[DEBUG  ] dreamplace.ops.electric_potential.electric_potential - density forward 1.380 ms
[DEBUG  ] dreamplace.ops.electric_potential.electric_potential - density backward 0.844 ms
[DEBUG  ] dreamplace.ops.electric_potential.electric_potential - density backward 0.562 ms
[DEBUG  ] dreamplace.ops.weighted_average_wirelength.weighted_average_wirelength - wirelength backward 0.118 ms
[INFO   ] DREAMPlace - optimizer step 28.368 ms
[INFO   ] DREAMPlace - iteration   21, (   1,  0,  1), Obj 6.988399E+03, NetCrossing 8.569E+02, NetCrossingWeight 1.000000E-01, DensityWeight 5.203425E-10, HPWL 7.549511E+03, Overflow 7.872194E-01, MaxDensity 2.498E+01, MacroOverlap 8.120E+02, MacroOverlapWeight 1.500000E+00, gamma 6.528039E+00, time 16.929ms
[INFO   ] DREAMPlace - full step 45.901 ms
[INFO   ] DREAMPlace - Lsub stopping criteria: 1 and 6988.4 > 4635.69 * 0.999
[DEBUG  ] dreamplace.ops.weighted_average_wirelength.weighted_average_wirelength - wirelength forward 0.084 ms
[DEBUG  ] dreamplace.ops.electric_potential.electric_potential - density forward 1.423 ms
[DEBUG  ] dreamplace.ops.electric_potential.electric_potential - density forward 1.192 ms
[DEBUG  ] dreamplace.ops.electric_potential.electric_potential - density backward 0.793 ms
[DEBUG  ] dreamplace.ops.electric_potential.electric_potential - density backward 0.576 ms
[DEBUG  ] dreamplace.ops.weighted_average_wirelength.weighted_average_wirelength - wirelength backward 0.131 ms
[DEBUG  ] dreamplace.ops.weighted_average_wirelength.weighted_average_wirelength - wirelength forward 0.077 ms
[DEBUG  ] dreamplace.ops.electric_potential.electric_potential - density forward 1.677 ms
[DEBUG  ] dreamplace.ops.electric_potential.electric_potential - density forward 1.422 ms
[DEBUG  ] dreamplace.ops.electric_potential.electric_potential - density backward 0.839 ms
[DEBUG  ] dreamplace.ops.electric_potential.electric_potential - density backward 0.528 ms
[DEBUG  ] dreamplace.ops.weighted_average_wirelength.weighted_average_wirelength - wirelength backward 0.103 ms
[INFO   ] DREAMPlace - optimizer step 58.777 ms
[INFO   ] DREAMPlace - iteration   22, (   1,  1,  0), Obj 6.680286E+03, NetCrossing 9.527E+02, NetCrossingWeight 1.000000E-01, DensityWeight 5.673035E-10, HPWL 6.923983E+03, Overflow 7.859226E-01, MaxDensity 2.498E+01, MacroOverlap 7.945E+02, MacroOverlapWeight 1.500000E+00, gamma 6.528039E+00, time 17.763ms
[INFO   ] DREAMPlace - full step 77.147 ms
[DEBUG  ] dreamplace.ops.weighted_average_wirelength.weighted_average_wirelength - wirelength forward 0.088 ms
[DEBUG  ] dreamplace.ops.electric_potential.electric_potential - density forward 1.396 ms
[DEBUG  ] dreamplace.ops.electric_potential.electric_potential - density forward 1.169 ms
[DEBUG  ] dreamplace.ops.electric_potential.electric_potential - density backward 0.813 ms
[DEBUG  ] dreamplace.ops.electric_potential.electric_potential - density backward 0.566 ms
[DEBUG  ] dreamplace.ops.weighted_average_wirelength.weighted_average_wirelength - wirelength backward 0.118 ms
[INFO   ] DREAMPlace - optimizer step 28.414 ms
[INFO   ] DREAMPlace - iteration   23, (   1,  1,  1), Obj 6.585056E+03, NetCrossing 8.868E+02, NetCrossingWeight 1.000000E-01, DensityWeight 5.673035E-10, HPWL 6.766089E+03, Overflow 7.846063E-01, MaxDensity 2.498E+01, MacroOverlap 7.782E+02, MacroOverlapWeight 1.500000E+00, gamma 6.528039E+00, time 17.094ms
[INFO   ] DREAMPlace - full step 46.126 ms
[DEBUG  ] dreamplace.ops.weighted_average_wirelength.weighted_average_wirelength - wirelength forward 0.088 ms
[DEBUG  ] dreamplace.ops.electric_potential.electric_potential - density forward 1.479 ms
[DEBUG  ] dreamplace.ops.electric_potential.electric_potential - density forward 1.204 ms
[DEBUG  ] dreamplace.ops.electric_potential.electric_potential - density backward 0.794 ms
[DEBUG  ] dreamplace.ops.electric_potential.electric_potential - density backward 0.583 ms
[DEBUG  ] dreamplace.ops.weighted_average_wirelength.weighted_average_wirelength - wirelength backward 0.129 ms
[DEBUG  ] dreamplace.ops.weighted_average_wirelength.weighted_average_wirelength - wirelength forward 0.078 ms
[DEBUG  ] dreamplace.ops.electric_potential.electric_potential - density forward 1.722 ms
[DEBUG  ] dreamplace.ops.electric_potential.electric_potential - density forward 1.411 ms
[DEBUG  ] dreamplace.ops.electric_potential.electric_potential - density backward 0.822 ms
[DEBUG  ] dreamplace.ops.electric_potential.electric_potential - density backward 0.536 ms
[DEBUG  ] dreamplace.ops.weighted_average_wirelength.weighted_average_wirelength - wirelength backward 0.106 ms
[INFO   ] DREAMPlace - optimizer step 59.136 ms
[INFO   ] DREAMPlace - iteration   24, (   1,  2,  0), Obj 6.473497E+03, NetCrossing 9.171E+02, NetCrossingWeight 1.000000E-01, DensityWeight 6.184410E-10, HPWL 6.659556E+03, Overflow 7.832355E-01, MaxDensity 2.498E+01, MacroOverlap 7.641E+02, MacroOverlapWeight 1.500000E+00, gamma 6.528039E+00, time 17.872ms
[INFO   ] DREAMPlace - full step 77.627 ms
[DEBUG  ] dreamplace.ops.weighted_average_wirelength.weighted_average_wirelength - wirelength forward 0.089 ms
[DEBUG  ] dreamplace.ops.electric_potential.electric_potential - density forward 1.447 ms
[DEBUG  ] dreamplace.ops.electric_potential.electric_potential - density forward 1.181 ms
[DEBUG  ] dreamplace.ops.electric_potential.electric_potential - density backward 0.851 ms
[DEBUG  ] dreamplace.ops.electric_potential.electric_potential - density backward 0.581 ms
[DEBUG  ] dreamplace.ops.weighted_average_wirelength.weighted_average_wirelength - wirelength backward 0.128 ms
[INFO   ] DREAMPlace - optimizer step 28.312 ms
[INFO   ] DREAMPlace - iteration   25, (   1,  2,  1), Obj 6.419664E+03, NetCrossing 8.787E+02, NetCrossingWeight 1.000000E-01, DensityWeight 6.184410E-10, HPWL 6.674985E+03, Overflow 7.818245E-01, MaxDensity 2.498E+01, MacroOverlap 7.509E+02, MacroOverlapWeight 1.500000E+00, gamma 6.528039E+00, time 17.110ms
[INFO   ] DREAMPlace - full step 46.060 ms
[DEBUG  ] dreamplace.ops.weighted_average_wirelength.weighted_average_wirelength - wirelength forward 0.089 ms
[DEBUG  ] dreamplace.ops.electric_potential.electric_potential - density forward 1.521 ms
[DEBUG  ] dreamplace.ops.electric_potential.electric_potential - density forward 1.177 ms
[DEBUG  ] dreamplace.ops.electric_potential.electric_potential - density backward 0.772 ms
[DEBUG  ] dreamplace.ops.electric_potential.electric_potential - density backward 0.597 ms
[DEBUG  ] dreamplace.ops.weighted_average_wirelength.weighted_average_wirelength - wirelength backward 0.135 ms
[INFO   ] DREAMPlace - optimizer step 29.721 ms
[INFO   ] DREAMPlace - iteration   26, (   1,  3,  0), Obj 6.387720E+03, NetCrossing 9.050E+02, NetCrossingWeight 1.000000E-01, DensityWeight 6.741206E-10, HPWL 6.658623E+03, Overflow 7.803426E-01, MaxDensity 2.498E+01, MacroOverlap 7.351E+02, MacroOverlapWeight 1.500000E+00, gamma 6.528039E+00, time 17.890ms
[INFO   ] DREAMPlace - full step 48.210 ms
[DEBUG  ] dreamplace.ops.weighted_average_wirelength.weighted_average_wirelength - wirelength forward 0.085 ms
[DEBUG  ] dreamplace.ops.electric_potential.electric_potential - density forward 1.379 ms
[DEBUG  ] dreamplace.ops.electric_potential.electric_potential - density forward 1.214 ms
[DEBUG  ] dreamplace.ops.electric_potential.electric_potential - density backward 0.787 ms
[DEBUG  ] dreamplace.ops.electric_potential.electric_potential - density backward 0.594 ms
[DEBUG  ] dreamplace.ops.weighted_average_wirelength.weighted_average_wirelength - wirelength backward 0.137 ms
[INFO   ] DREAMPlace - optimizer step 29.644 ms
[INFO   ] DREAMPlace - iteration   27, (   1,  3,  1), Obj 6.380793E+03, NetCrossing 8.934E+02, NetCrossingWeight 1.000000E-01, DensityWeight 6.741206E-10, HPWL 6.690946E+03, Overflow 7.787876E-01, MaxDensity 2.498E+01, MacroOverlap 7.212E+02, MacroOverlapWeight 1.500000E+00, gamma 6.528039E+00, time 17.953ms
[INFO   ] DREAMPlace - full step 48.218 ms
[DEBUG  ] dreamplace.ops.weighted_average_wirelength.weighted_average_wirelength - wirelength forward 0.082 ms
[DEBUG  ] dreamplace.ops.electric_potential.electric_potential - density forward 1.548 ms
[DEBUG  ] dreamplace.ops.electric_potential.electric_potential - density forward 1.189 ms
[DEBUG  ] dreamplace.ops.electric_potential.electric_potential - density backward 0.774 ms
[DEBUG  ] dreamplace.ops.electric_potential.electric_potential - density backward 0.609 ms
[DEBUG  ] dreamplace.ops.weighted_average_wirelength.weighted_average_wirelength - wirelength backward 0.140 ms
[INFO   ] DREAMPlace - optimizer step 29.512 ms
[INFO   ] DREAMPlace - iteration   28, (   1,  4,  0), Obj 6.318854E+03, NetCrossing 8.834E+02, NetCrossingWeight 1.000000E-01, DensityWeight 7.357663E-10, HPWL 6.603757E+03, Overflow 7.771521E-01, MaxDensity 2.498E+01, MacroOverlap 7.064E+02, MacroOverlapWeight 1.500000E+00, gamma 6.528039E+00, time 17.854ms
[INFO   ] DREAMPlace - full step 47.971 ms
[DEBUG  ] dreamplace.ops.weighted_average_wirelength.weighted_average_wirelength - wirelength forward 0.087 ms
[DEBUG  ] dreamplace.ops.electric_potential.electric_potential - density forward 1.472 ms
[DEBUG  ] dreamplace.ops.electric_potential.electric_potential - density forward 1.198 ms
[DEBUG  ] dreamplace.ops.electric_potential.electric_potential - density backward 0.783 ms
[DEBUG  ] dreamplace.ops.electric_potential.electric_potential - density backward 0.603 ms
[DEBUG  ] dreamplace.ops.weighted_average_wirelength.weighted_average_wirelength - wirelength backward 0.139 ms
[INFO   ] DREAMPlace - optimizer step 30.048 ms
[INFO   ] DREAMPlace - iteration   29, (   1,  4,  1), Obj 6.293111E+03, NetCrossing 8.555E+02, NetCrossingWeight 1.000000E-01, DensityWeight 7.357663E-10, HPWL 6.607399E+03, Overflow 7.753909E-01, MaxDensity 2.498E+01, MacroOverlap 6.912E+02, MacroOverlapWeight 1.500000E+00, gamma 6.528039E+00, time 17.898ms
[INFO   ] DREAMPlace - full step 48.576 ms
[DEBUG  ] dreamplace.ops.weighted_average_wirelength.weighted_average_wirelength - wirelength forward 0.091 ms
[DEBUG  ] dreamplace.ops.electric_potential.electric_potential - density forward 1.444 ms
[DEBUG  ] dreamplace.ops.electric_potential.electric_potential - density forward 1.222 ms
[DEBUG  ] dreamplace.ops.electric_potential.electric_potential - density backward 0.758 ms
[DEBUG  ] dreamplace.ops.electric_potential.electric_potential - density backward 0.623 ms
[DEBUG  ] dreamplace.ops.weighted_average_wirelength.weighted_average_wirelength - wirelength backward 0.140 ms
[DEBUG  ] dreamplace.ops.weighted_average_wirelength.weighted_average_wirelength - wirelength forward 0.075 ms
[DEBUG  ] dreamplace.ops.electric_potential.electric_potential - density forward 1.749 ms
[DEBUG  ] dreamplace.ops.electric_potential.electric_potential - density forward 1.380 ms
[DEBUG  ] dreamplace.ops.electric_potential.electric_potential - density backward 0.905 ms
[DEBUG  ] dreamplace.ops.electric_potential.electric_potential - density backward 0.486 ms
[DEBUG  ] dreamplace.ops.weighted_average_wirelength.weighted_average_wirelength - wirelength backward 0.091 ms
[INFO   ] DREAMPlace - optimizer step 58.508 ms
[INFO   ] DREAMPlace - iteration   30, (   1,  5,  0), Obj 6.257467E+03, NetCrossing 8.635E+02, NetCrossingWeight 1.000000E-01, DensityWeight 8.018486E-10, HPWL 6.581218E+03, Overflow 7.735201E-01, MaxDensity 2.498E+01, MacroOverlap 6.756E+02, MacroOverlapWeight 1.500000E+00, gamma 6.528039E+00, time 17.678ms
[INFO   ] DREAMPlace - full step 76.844 ms
[DEBUG  ] dreamplace.ops.weighted_average_wirelength.weighted_average_wirelength - wirelength forward 0.094 ms
[DEBUG  ] dreamplace.ops.electric_potential.electric_potential - density forward 1.504 ms
[DEBUG  ] dreamplace.ops.electric_potential.electric_potential - density forward 1.192 ms
[DEBUG  ] dreamplace.ops.electric_potential.electric_potential - density backward 0.838 ms
[DEBUG  ] dreamplace.ops.electric_potential.electric_potential - density backward 0.551 ms
[DEBUG  ] dreamplace.ops.weighted_average_wirelength.weighted_average_wirelength - wirelength backward 0.109 ms
[INFO   ] DREAMPlace - optimizer step 27.889 ms
[INFO   ] DREAMPlace - iteration   31, (   1,  5,  1), Obj 6.224397E+03, NetCrossing 8.320E+02, NetCrossingWeight 1.000000E-01, DensityWeight 8.018486E-10, HPWL 6.565823E+03, Overflow 7.715982E-01, MaxDensity 2.498E+01, MacroOverlap 6.601E+02, MacroOverlapWeight 1.500000E+00, gamma 6.528039E+00, time 17.565ms
[INFO   ] DREAMPlace - full step 46.113 ms
[DEBUG  ] dreamplace.ops.weighted_average_wirelength.weighted_average_wirelength - wirelength forward 0.088 ms
[DEBUG  ] dreamplace.ops.electric_potential.electric_potential - density forward 2.131 ms
[DEBUG  ] dreamplace.ops.electric_potential.electric_potential - density forward 1.225 ms
[DEBUG  ] dreamplace.ops.electric_potential.electric_potential - density backward 0.805 ms
[DEBUG  ] dreamplace.ops.electric_potential.electric_potential - density backward 0.583 ms
[DEBUG  ] dreamplace.ops.weighted_average_wirelength.weighted_average_wirelength - wirelength backward 0.122 ms
[INFO   ] DREAMPlace - optimizer step 29.794 ms
[INFO   ] DREAMPlace - iteration   32, (   1,  6,  0), Obj 6.192310E+03, NetCrossing 8.413E+02, NetCrossingWeight 1.000000E-01, DensityWeight 8.737786E-10, HPWL 6.569611E+03, Overflow 7.695282E-01, MaxDensity 2.498E+01, MacroOverlap 6.438E+02, MacroOverlapWeight 1.500000E+00, gamma 6.528039E+00, time 17.648ms
[INFO   ] DREAMPlace - full step 48.068 ms
[DEBUG  ] dreamplace.ops.weighted_average_wirelength.weighted_average_wirelength - wirelength forward 0.084 ms
[DEBUG  ] dreamplace.ops.electric_potential.electric_potential - density forward 1.521 ms
[DEBUG  ] dreamplace.ops.electric_potential.electric_potential - density forward 1.288 ms
[DEBUG  ] dreamplace.ops.electric_potential.electric_potential - density backward 0.792 ms
[DEBUG  ] dreamplace.ops.electric_potential.electric_potential - density backward 0.596 ms
[DEBUG  ] dreamplace.ops.weighted_average_wirelength.weighted_average_wirelength - wirelength backward 0.133 ms
[INFO   ] DREAMPlace - optimizer step 29.533 ms
[INFO   ] DREAMPlace - iteration   33, (   1,  6,  1), Obj 6.185462E+03, NetCrossing 8.217E+02, NetCrossingWeight 1.000000E-01, DensityWeight 8.737786E-10, HPWL 6.602612E+03, Overflow 7.673455E-01, MaxDensity 2.498E+01, MacroOverlap 6.264E+02, MacroOverlapWeight 1.500000E+00, gamma 6.528039E+00, time 17.856ms
[INFO   ] DREAMPlace - full step 48.029 ms
[DEBUG  ] dreamplace.ops.weighted_average_wirelength.weighted_average_wirelength - wirelength forward 0.087 ms
[DEBUG  ] dreamplace.ops.electric_potential.electric_potential - density forward 1.494 ms
[DEBUG  ] dreamplace.ops.electric_potential.electric_potential - density forward 1.335 ms
[DEBUG  ] dreamplace.ops.electric_potential.electric_potential - density backward 0.775 ms
[DEBUG  ] dreamplace.ops.electric_potential.electric_potential - density backward 0.619 ms
[DEBUG  ] dreamplace.ops.weighted_average_wirelength.weighted_average_wirelength - wirelength backward 0.138 ms
[INFO   ] DREAMPlace - optimizer step 30.142 ms
[INFO   ] DREAMPlace - iteration   34, (   1,  7,  0), Obj 6.142595E+03, NetCrossing 8.272E+02, NetCrossingWeight 1.000000E-01, DensityWeight 9.536775E-10, HPWL 6.588507E+03, Overflow 7.650621E-01, MaxDensity 2.498E+01, MacroOverlap 6.092E+02, MacroOverlapWeight 1.500000E+00, gamma 6.528039E+00, time 17.641ms
[INFO   ] DREAMPlace - full step 48.408 ms
[DEBUG  ] dreamplace.ops.weighted_average_wirelength.weighted_average_wirelength - wirelength forward 0.089 ms
[DEBUG  ] dreamplace.ops.electric_potential.electric_potential - density forward 1.467 ms
[DEBUG  ] dreamplace.ops.electric_potential.electric_potential - density forward 1.176 ms
[DEBUG  ] dreamplace.ops.electric_potential.electric_potential - density backward 0.776 ms
[DEBUG  ] dreamplace.ops.electric_potential.electric_potential - density backward 0.629 ms
[DEBUG  ] dreamplace.ops.weighted_average_wirelength.weighted_average_wirelength - wirelength backward 0.140 ms
[DEBUG  ] dreamplace.ops.weighted_average_wirelength.weighted_average_wirelength - wirelength forward 0.074 ms
[DEBUG  ] dreamplace.ops.electric_potential.electric_potential - density forward 1.575 ms
[DEBUG  ] dreamplace.ops.electric_potential.electric_potential - density forward 1.422 ms
[DEBUG  ] dreamplace.ops.electric_potential.electric_potential - density backward 0.834 ms
[DEBUG  ] dreamplace.ops.electric_potential.electric_potential - density backward 0.568 ms
[DEBUG  ] dreamplace.ops.weighted_average_wirelength.weighted_average_wirelength - wirelength backward 0.102 ms
[INFO   ] DREAMPlace - optimizer step 60.165 ms
[INFO   ] DREAMPlace - iteration   35, (   1,  7,  1), Obj 6.117479E+03, NetCrossing 8.199E+02, NetCrossingWeight 1.000000E-01, DensityWeight 9.536775E-10, HPWL 6.589842E+03, Overflow 7.626629E-01, MaxDensity 2.498E+01, MacroOverlap 5.909E+02, MacroOverlapWeight 1.500000E+00, gamma 6.528039E+00, time 17.686ms
[INFO   ] DREAMPlace - full step 78.481 ms
[DEBUG  ] dreamplace.ops.weighted_average_wirelength.weighted_average_wirelength - wirelength forward 0.086 ms
[DEBUG  ] dreamplace.ops.electric_potential.electric_potential - density forward 1.429 ms
[DEBUG  ] dreamplace.ops.electric_potential.electric_potential - density forward 1.299 ms
[DEBUG  ] dreamplace.ops.electric_potential.electric_potential - density backward 0.850 ms
[DEBUG  ] dreamplace.ops.electric_potential.electric_potential - density backward 0.600 ms
[DEBUG  ] dreamplace.ops.weighted_average_wirelength.weighted_average_wirelength - wirelength backward 0.124 ms
[INFO   ] DREAMPlace - optimizer step 28.223 ms
[INFO   ] DREAMPlace - iteration   36, (   1,  8,  0), Obj 6.085032E+03, NetCrossing 8.103E+02, NetCrossingWeight 1.000000E-01, DensityWeight 1.039020E-09, HPWL 6.587392E+03, Overflow 7.601859E-01, MaxDensity 2.498E+01, MacroOverlap 5.723E+02, MacroOverlapWeight 1.500000E+00, gamma 6.528039E+00, time 17.590ms
[INFO   ] DREAMPlace - full step 46.445 ms
[DEBUG  ] dreamplace.ops.weighted_average_wirelength.weighted_average_wirelength - wirelength forward 0.085 ms
[DEBUG  ] dreamplace.ops.electric_potential.electric_potential - density forward 1.427 ms
[DEBUG  ] dreamplace.ops.electric_potential.electric_potential - density forward 1.251 ms
[DEBUG  ] dreamplace.ops.electric_potential.electric_potential - density backward 0.808 ms
[DEBUG  ] dreamplace.ops.electric_potential.electric_potential - density backward 0.617 ms
[DEBUG  ] dreamplace.ops.weighted_average_wirelength.weighted_average_wirelength - wirelength backward 0.125 ms
[INFO   ] DREAMPlace - optimizer step 29.013 ms
[INFO   ] DREAMPlace - iteration   37, (   1,  8,  1), Obj 6.058498E+03, NetCrossing 8.095E+02, NetCrossingWeight 1.000000E-01, DensityWeight 1.039020E-09, HPWL 6.580904E+03, Overflow 7.576507E-01, MaxDensity 2.498E+01, MacroOverlap 5.538E+02, MacroOverlapWeight 1.500000E+00, gamma 6.528039E+00, time 17.644ms
[INFO   ] DREAMPlace - full step 47.277 ms
[DEBUG  ] dreamplace.ops.weighted_average_wirelength.weighted_average_wirelength - wirelength forward 0.086 ms
[DEBUG  ] dreamplace.ops.electric_potential.electric_potential - density forward 1.441 ms
[DEBUG  ] dreamplace.ops.electric_potential.electric_potential - density forward 1.184 ms
[DEBUG  ] dreamplace.ops.electric_potential.electric_potential - density backward 0.784 ms
[DEBUG  ] dreamplace.ops.electric_potential.electric_potential - density backward 0.633 ms
[DEBUG  ] dreamplace.ops.weighted_average_wirelength.weighted_average_wirelength - wirelength backward 0.138 ms
[DEBUG  ] dreamplace.ops.weighted_average_wirelength.weighted_average_wirelength - wirelength forward 0.074 ms
[DEBUG  ] dreamplace.ops.electric_potential.electric_potential - density forward 1.620 ms
[DEBUG  ] dreamplace.ops.electric_potential.electric_potential - density forward 1.410 ms
[DEBUG  ] dreamplace.ops.electric_potential.electric_potential - density backward 0.840 ms
[DEBUG  ] dreamplace.ops.electric_potential.electric_potential - density backward 0.570 ms
[DEBUG  ] dreamplace.ops.weighted_average_wirelength.weighted_average_wirelength - wirelength backward 0.101 ms
[INFO   ] DREAMPlace - optimizer step 59.437 ms
[INFO   ] DREAMPlace - iteration   38, (   1,  9,  0), Obj 6.008266E+03, NetCrossing 7.855E+02, NetCrossingWeight 1.000000E-01, DensityWeight 1.131885E-09, HPWL 6.541428E+03, Overflow 7.550334E-01, MaxDensity 2.409E+01, MacroOverlap 5.344E+02, MacroOverlapWeight 1.500000E+00, gamma 6.528039E+00, time 17.693ms
[INFO   ] DREAMPlace - full step 77.720 ms
[DEBUG  ] dreamplace.ops.weighted_average_wirelength.weighted_average_wirelength - wirelength forward 0.089 ms
[DEBUG  ] dreamplace.ops.electric_potential.electric_potential - density forward 1.390 ms
[DEBUG  ] dreamplace.ops.electric_potential.electric_potential - density forward 1.196 ms
[DEBUG  ] dreamplace.ops.electric_potential.electric_potential - density backward 0.863 ms
[DEBUG  ] dreamplace.ops.electric_potential.electric_potential - density backward 0.605 ms
[DEBUG  ] dreamplace.ops.weighted_average_wirelength.weighted_average_wirelength - wirelength backward 0.120 ms
[INFO   ] DREAMPlace - optimizer step 27.984 ms
[INFO   ] DREAMPlace - iteration   39, (   1,  9,  1), Obj 5.983187E+03, NetCrossing 7.878E+02, NetCrossingWeight 1.000000E-01, DensityWeight 1.131885E-09, HPWL 6.554702E+03, Overflow 7.523319E-01, MaxDensity 2.409E+01, MacroOverlap 5.147E+02, MacroOverlapWeight 1.500000E+00, gamma 6.528039E+00, time 17.371ms
[INFO   ] DREAMPlace - full step 46.005 ms
[DEBUG  ] dreamplace.ops.weighted_average_wirelength.weighted_average_wirelength - wirelength forward 0.084 ms
[DEBUG  ] dreamplace.ops.electric_potential.electric_potential - density forward 1.432 ms
[DEBUG  ] dreamplace.ops.electric_potential.electric_potential - density forward 1.167 ms
[DEBUG  ] dreamplace.ops.electric_potential.electric_potential - density backward 0.804 ms
[DEBUG  ] dreamplace.ops.electric_potential.electric_potential - density backward 0.629 ms
[DEBUG  ] dreamplace.ops.weighted_average_wirelength.weighted_average_wirelength - wirelength backward 0.129 ms
[INFO   ] DREAMPlace - optimizer step 29.190 ms
[INFO   ] DREAMPlace - iteration   40, (   2,  0,  0), Obj 5.969151E+03, NetCrossing 7.866E+02, NetCrossingWeight 1.000000E-01, DensityWeight 1.232928E-09, HPWL 6.582146E+03, Overflow 7.495691E-01, MaxDensity 2.409E+01, MacroOverlap 4.940E+02, MacroOverlapWeight 1.500000E+00, gamma 5.390537E+00, time 17.300ms
[INFO   ] DREAMPlace - full step 47.102 ms
[DEBUG  ] dreamplace.ops.weighted_average_wirelength.weighted_average_wirelength - wirelength forward 0.087 ms
[DEBUG  ] dreamplace.ops.electric_potential.electric_potential - density forward 1.459 ms
[DEBUG  ] dreamplace.ops.electric_potential.electric_potential - density forward 1.308 ms
[DEBUG  ] dreamplace.ops.electric_potential.electric_potential - density backward 0.782 ms
[DEBUG  ] dreamplace.ops.electric_potential.electric_potential - density backward 0.660 ms
[DEBUG  ] dreamplace.ops.weighted_average_wirelength.weighted_average_wirelength - wirelength backward 0.136 ms
[DEBUG  ] dreamplace.ops.weighted_average_wirelength.weighted_average_wirelength - wirelength forward 0.078 ms
[DEBUG  ] dreamplace.ops.electric_potential.electric_potential - density forward 1.737 ms
[DEBUG  ] dreamplace.ops.electric_potential.electric_potential - density forward 1.410 ms
[DEBUG  ] dreamplace.ops.electric_potential.electric_potential - density backward 0.828 ms
[DEBUG  ] dreamplace.ops.electric_potential.electric_potential - density backward 0.592 ms
[DEBUG  ] dreamplace.ops.weighted_average_wirelength.weighted_average_wirelength - wirelength backward 0.100 ms
[INFO   ] DREAMPlace - optimizer step 59.769 ms
[INFO   ] DREAMPlace - iteration   41, (   2,  0,  1), Obj 6.126669E+03, NetCrossing 7.813E+02, NetCrossingWeight 1.000000E-01, DensityWeight 1.232928E-09, HPWL 6.547664E+03, Overflow 7.467657E-01, MaxDensity 2.409E+01, MacroOverlap 4.742E+02, MacroOverlapWeight 1.500000E+00, gamma 5.390537E+00, time 17.775ms
[INFO   ] DREAMPlace - full step 78.166 ms
[INFO   ] DREAMPlace - Lsub stopping criteria: 1 and 6126.67 > 5969.15 * 0.999
[DEBUG  ] dreamplace.ops.weighted_average_wirelength.weighted_average_wirelength - wirelength forward 0.087 ms
[DEBUG  ] dreamplace.ops.electric_potential.electric_potential - density forward 1.494 ms
[DEBUG  ] dreamplace.ops.electric_potential.electric_potential - density forward 1.185 ms
[DEBUG  ] dreamplace.ops.electric_potential.electric_potential - density backward 0.851 ms
[DEBUG  ] dreamplace.ops.electric_potential.electric_potential - density backward 0.628 ms
[DEBUG  ] dreamplace.ops.weighted_average_wirelength.weighted_average_wirelength - wirelength backward 0.119 ms
[INFO   ] DREAMPlace - optimizer step 28.067 ms
[INFO   ] DREAMPlace - iteration   42, (   2,  1,  0), Obj 6.094964E+03, NetCrossing 7.871E+02, NetCrossingWeight 1.000000E-01, DensityWeight 1.342856E-09, HPWL 6.477198E+03, Overflow 7.440022E-01, MaxDensity 2.409E+01, MacroOverlap 4.542E+02, MacroOverlapWeight 1.500000E+00, gamma 5.390537E+00, time 17.052ms
[INFO   ] DREAMPlace - full step 45.722 ms
[DEBUG  ] dreamplace.ops.weighted_average_wirelength.weighted_average_wirelength - wirelength forward 0.087 ms
[DEBUG  ] dreamplace.ops.electric_potential.electric_potential - density forward 1.627 ms
[DEBUG  ] dreamplace.ops.electric_potential.electric_potential - density forward 1.196 ms
[DEBUG  ] dreamplace.ops.electric_potential.electric_potential - density backward 0.793 ms
[DEBUG  ] dreamplace.ops.electric_potential.electric_potential - density backward 0.656 ms
[DEBUG  ] dreamplace.ops.weighted_average_wirelength.weighted_average_wirelength - wirelength backward 0.130 ms
[INFO   ] DREAMPlace - optimizer step 29.614 ms
[INFO   ] DREAMPlace - iteration   43, (   2,  1,  1), Obj 6.069014E+03, NetCrossing 7.816E+02, NetCrossingWeight 1.000000E-01, DensityWeight 1.342856E-09, HPWL 6.490462E+03, Overflow 7.412485E-01, MaxDensity 2.409E+01, MacroOverlap 4.350E+02, MacroOverlapWeight 1.500000E+00, gamma 5.390537E+00, time 17.723ms
[INFO   ] DREAMPlace - full step 47.970 ms
[DEBUG  ] dreamplace.ops.weighted_average_wirelength.weighted_average_wirelength - wirelength forward 0.091 ms
[DEBUG  ] dreamplace.ops.electric_potential.electric_potential - density forward 1.522 ms
[DEBUG  ] dreamplace.ops.electric_potential.electric_potential - density forward 1.197 ms
[DEBUG  ] dreamplace.ops.electric_potential.electric_potential - density backward 0.788 ms
[DEBUG  ] dreamplace.ops.electric_potential.electric_potential - density backward 0.673 ms
[DEBUG  ] dreamplace.ops.weighted_average_wirelength.weighted_average_wirelength - wirelength backward 0.139 ms
[DEBUG  ] dreamplace.ops.weighted_average_wirelength.weighted_average_wirelength - wirelength forward 0.080 ms
[DEBUG  ] dreamplace.ops.electric_potential.electric_potential - density forward 1.717 ms
[DEBUG  ] dreamplace.ops.electric_potential.electric_potential - density forward 1.446 ms
[DEBUG  ] dreamplace.ops.electric_potential.electric_potential - density backward 0.856 ms
[DEBUG  ] dreamplace.ops.electric_potential.electric_potential - density backward 0.590 ms
[DEBUG  ] dreamplace.ops.weighted_average_wirelength.weighted_average_wirelength - wirelength backward 0.091 ms
[INFO   ] DREAMPlace - optimizer step 58.283 ms
[INFO   ] DREAMPlace - iteration   44, (   2,  2,  0), Obj 6.033866E+03, NetCrossing 7.737E+02, NetCrossingWeight 1.000000E-01, DensityWeight 1.462440E-09, HPWL 6.487710E+03, Overflow 7.385108E-01, MaxDensity 2.407E+01, MacroOverlap 4.162E+02, MacroOverlapWeight 1.500000E+00, gamma 5.390537E+00, time 17.983ms
[INFO   ] DREAMPlace - full step 76.878 ms
[DEBUG  ] dreamplace.ops.weighted_average_wirelength.weighted_average_wirelength - wirelength forward 0.088 ms
[DEBUG  ] dreamplace.ops.electric_potential.electric_potential - density forward 1.396 ms
[DEBUG  ] dreamplace.ops.electric_potential.electric_potential - density forward 1.166 ms
[DEBUG  ] dreamplace.ops.electric_potential.electric_potential - density backward 0.847 ms
[DEBUG  ] dreamplace.ops.electric_potential.electric_potential - density backward 0.632 ms
[DEBUG  ] dreamplace.ops.weighted_average_wirelength.weighted_average_wirelength - wirelength backward 0.107 ms
[INFO   ] DREAMPlace - optimizer step 28.033 ms
[INFO   ] DREAMPlace - iteration   45, (   2,  2,  1), Obj 6.001198E+03, NetCrossing 7.681E+02, NetCrossingWeight 1.000000E-01, DensityWeight 1.462440E-09, HPWL 6.476866E+03, Overflow 7.358197E-01, MaxDensity 2.320E+01, MacroOverlap 3.982E+02, MacroOverlapWeight 1.500000E+00, gamma 5.390537E+00, time 17.257ms
[INFO   ] DREAMPlace - full step 45.920 ms
[DEBUG  ] dreamplace.ops.weighted_average_wirelength.weighted_average_wirelength - wirelength forward 0.087 ms
[DEBUG  ] dreamplace.ops.electric_potential.electric_potential - density forward 1.663 ms
[DEBUG  ] dreamplace.ops.electric_potential.electric_potential - density forward 1.172 ms
[DEBUG  ] dreamplace.ops.electric_potential.electric_potential - density backward 0.809 ms
[DEBUG  ] dreamplace.ops.electric_potential.electric_potential - density backward 0.658 ms
[DEBUG  ] dreamplace.ops.weighted_average_wirelength.weighted_average_wirelength - wirelength backward 0.120 ms
[INFO   ] DREAMPlace - optimizer step 29.031 ms
[INFO   ] DREAMPlace - iteration   46, (   2,  3,  0), Obj 5.992741E+03, NetCrossing 7.687E+02, NetCrossingWeight 1.000000E-01, DensityWeight 1.592513E-09, HPWL 6.495892E+03, Overflow 7.331703E-01, MaxDensity 2.320E+01, MacroOverlap 3.801E+02, MacroOverlapWeight 1.500000E+00, gamma 5.390537E+00, time 17.692ms
[INFO   ] DREAMPlace - full step 47.347 ms
[DEBUG  ] dreamplace.ops.weighted_average_wirelength.weighted_average_wirelength - wirelength forward 0.088 ms
[DEBUG  ] dreamplace.ops.electric_potential.electric_potential - density forward 1.497 ms
[DEBUG  ] dreamplace.ops.electric_potential.electric_potential - density forward 1.254 ms
[DEBUG  ] dreamplace.ops.electric_potential.electric_potential - density backward 0.870 ms
[DEBUG  ] dreamplace.ops.electric_potential.electric_potential - density backward 0.645 ms
[DEBUG  ] dreamplace.ops.weighted_average_wirelength.weighted_average_wirelength - wirelength backward 0.104 ms
[DEBUG  ] dreamplace.ops.weighted_average_wirelength.weighted_average_wirelength - wirelength forward 0.078 ms
[DEBUG  ] dreamplace.ops.electric_potential.electric_potential - density forward 1.666 ms
[DEBUG  ] dreamplace.ops.electric_potential.electric_potential - density forward 1.381 ms
[DEBUG  ] dreamplace.ops.electric_potential.electric_potential - density backward 0.804 ms
[DEBUG  ] dreamplace.ops.electric_potential.electric_potential - density backward 0.662 ms
[DEBUG  ] dreamplace.ops.weighted_average_wirelength.weighted_average_wirelength - wirelength backward 0.120 ms
[INFO   ] DREAMPlace - optimizer step 60.095 ms
[INFO   ] DREAMPlace - iteration   47, (   2,  3,  1), Obj 5.954388E+03, NetCrossing 7.699E+02, NetCrossingWeight 1.000000E-01, DensityWeight 1.592513E-09, HPWL 6.485814E+03, Overflow 7.305580E-01, MaxDensity 2.320E+01, MacroOverlap 3.636E+02, MacroOverlapWeight 1.500000E+00, gamma 5.390537E+00, time 17.444ms
[INFO   ] DREAMPlace - full step 78.154 ms
[DEBUG  ] dreamplace.ops.weighted_average_wirelength.weighted_average_wirelength - wirelength forward 0.087 ms
[DEBUG  ] dreamplace.ops.electric_potential.electric_potential - density forward 1.517 ms
[DEBUG  ] dreamplace.ops.electric_potential.electric_potential - density forward 1.175 ms
[DEBUG  ] dreamplace.ops.electric_potential.electric_potential - density backward 0.797 ms
[DEBUG  ] dreamplace.ops.electric_potential.electric_potential - density backward 0.685 ms
[DEBUG  ] dreamplace.ops.weighted_average_wirelength.weighted_average_wirelength - wirelength backward 0.130 ms
[DEBUG  ] dreamplace.ops.weighted_average_wirelength.weighted_average_wirelength - wirelength forward 0.078 ms
[DEBUG  ] dreamplace.ops.electric_potential.electric_potential - density forward 1.740 ms
[DEBUG  ] dreamplace.ops.electric_potential.electric_potential - density forward 1.519 ms
[DEBUG  ] dreamplace.ops.electric_potential.electric_potential - density backward 0.789 ms
[DEBUG  ] dreamplace.ops.electric_potential.electric_potential - density backward 0.695 ms
[DEBUG  ] dreamplace.ops.weighted_average_wirelength.weighted_average_wirelength - wirelength backward 0.137 ms
[INFO   ] DREAMPlace - optimizer step 59.868 ms
[INFO   ] DREAMPlace - iteration   48, (   2,  4,  0), Obj 5.926459E+03, NetCrossing 7.444E+02, NetCrossingWeight 1.000000E-01, DensityWeight 1.738145E-09, HPWL 6.495657E+03, Overflow 7.279826E-01, MaxDensity 2.320E+01, MacroOverlap 3.471E+02, MacroOverlapWeight 1.500000E+00, gamma 5.390537E+00, time 17.380ms
[INFO   ] DREAMPlace - full step 77.893 ms
[DEBUG  ] dreamplace.ops.weighted_average_wirelength.weighted_average_wirelength - wirelength forward 0.095 ms
[DEBUG  ] dreamplace.ops.electric_potential.electric_potential - density forward 3.141 ms
[DEBUG  ] dreamplace.ops.electric_potential.electric_potential - density forward 1.184 ms
[DEBUG  ] dreamplace.ops.electric_potential.electric_potential - density backward 0.772 ms
[DEBUG  ] dreamplace.ops.electric_potential.electric_potential - density backward 0.698 ms
[DEBUG  ] dreamplace.ops.weighted_average_wirelength.weighted_average_wirelength - wirelength backward 0.139 ms
[INFO   ] DREAMPlace - optimizer step 31.283 ms
[INFO   ] DREAMPlace - iteration   49, (   2,  4,  1), Obj 5.895585E+03, NetCrossing 7.478E+02, NetCrossingWeight 1.000000E-01, DensityWeight 1.738145E-09, HPWL 6.477083E+03, Overflow 7.254688E-01, MaxDensity 2.320E+01, MacroOverlap 3.316E+02, MacroOverlapWeight 1.500000E+00, gamma 5.390537E+00, time 16.998ms
[INFO   ] DREAMPlace - full step 48.912 ms
[DEBUG  ] dreamplace.ops.weighted_average_wirelength.weighted_average_wirelength - wirelength forward 0.093 ms
[DEBUG  ] dreamplace.ops.electric_potential.electric_potential - density forward 1.457 ms
[DEBUG  ] dreamplace.ops.electric_potential.electric_potential - density forward 1.246 ms
[DEBUG  ] dreamplace.ops.electric_potential.electric_potential - density backward 0.773 ms
[DEBUG  ] dreamplace.ops.electric_potential.electric_potential - density backward 0.719 ms
[DEBUG  ] dreamplace.ops.weighted_average_wirelength.weighted_average_wirelength - wirelength backward 0.138 ms
[DEBUG  ] dreamplace.ops.weighted_average_wirelength.weighted_average_wirelength - wirelength forward 0.078 ms
[DEBUG  ] dreamplace.ops.electric_potential.electric_potential - density forward 1.664 ms
[DEBUG  ] dreamplace.ops.electric_potential.electric_potential - density forward 1.461 ms
[DEBUG  ] dreamplace.ops.electric_potential.electric_potential - density backward 0.775 ms
[DEBUG  ] dreamplace.ops.electric_potential.electric_potential - density backward 0.715 ms
[DEBUG  ] dreamplace.ops.weighted_average_wirelength.weighted_average_wirelength - wirelength backward 0.137 ms
[INFO   ] DREAMPlace - optimizer step 60.706 ms
[INFO   ] DREAMPlace - iteration   50, (   2,  5,  0), Obj 5.873033E+03, NetCrossing 7.525E+02, NetCrossingWeight 1.000000E-01, DensityWeight 1.892362E-09, HPWL 6.484550E+03, Overflow 7.229869E-01, MaxDensity 2.320E+01, MacroOverlap 3.160E+02, MacroOverlapWeight 1.500000E+00, gamma 5.390537E+00, time 18.912ms
[INFO   ] DREAMPlace - full step 80.235 ms
[DEBUG  ] dreamplace.ops.weighted_average_wirelength.weighted_average_wirelength - wirelength forward 0.087 ms
[DEBUG  ] dreamplace.ops.electric_potential.electric_potential - density forward 1.406 ms
[DEBUG  ] dreamplace.ops.electric_potential.electric_potential - density forward 1.173 ms
[DEBUG  ] dreamplace.ops.electric_potential.electric_potential - density backward 0.771 ms
[DEBUG  ] dreamplace.ops.electric_potential.electric_potential - density backward 0.713 ms
[DEBUG  ] dreamplace.ops.weighted_average_wirelength.weighted_average_wirelength - wirelength backward 0.139 ms
[INFO   ] DREAMPlace - optimizer step 29.694 ms
[INFO   ] DREAMPlace - iteration   51, (   2,  5,  1), Obj 5.857486E+03, NetCrossing 7.450E+02, NetCrossingWeight 1.000000E-01, DensityWeight 1.892362E-09, HPWL 6.496887E+03, Overflow 7.205662E-01, MaxDensity 2.320E+01, MacroOverlap 3.016E+02, MacroOverlapWeight 1.500000E+00, gamma 5.390537E+00, time 16.795ms
[INFO   ] DREAMPlace - full step 47.116 ms
[DEBUG  ] dreamplace.ops.weighted_average_wirelength.weighted_average_wirelength - wirelength forward 0.089 ms
[DEBUG  ] dreamplace.ops.electric_potential.electric_potential - density forward 1.401 ms
[DEBUG  ] dreamplace.ops.electric_potential.electric_potential - density forward 1.170 ms
[DEBUG  ] dreamplace.ops.electric_potential.electric_potential - density backward 0.773 ms
[DEBUG  ] dreamplace.ops.electric_potential.electric_potential - density backward 0.726 ms
[DEBUG  ] dreamplace.ops.weighted_average_wirelength.weighted_average_wirelength - wirelength backward 0.136 ms
[INFO   ] DREAMPlace - optimizer step 29.392 ms
[INFO   ] DREAMPlace - iteration   52, (   2,  6,  0), Obj 5.828279E+03, NetCrossing 7.456E+02, NetCrossingWeight 1.000000E-01, DensityWeight 2.065409E-09, HPWL 6.480834E+03, Overflow 7.182083E-01, MaxDensity 2.259E+01, MacroOverlap 2.881E+02, MacroOverlapWeight 1.500000E+00, gamma 5.390537E+00, time 17.875ms
[INFO   ] DREAMPlace - full step 47.893 ms
[DEBUG  ] dreamplace.ops.weighted_average_wirelength.weighted_average_wirelength - wirelength forward 0.090 ms
[DEBUG  ] dreamplace.ops.electric_potential.electric_potential - density forward 1.443 ms
[DEBUG  ] dreamplace.ops.electric_potential.electric_potential - density forward 1.163 ms
[DEBUG  ] dreamplace.ops.electric_potential.electric_potential - density backward 0.782 ms
[DEBUG  ] dreamplace.ops.electric_potential.electric_potential - density backward 0.727 ms
[DEBUG  ] dreamplace.ops.weighted_average_wirelength.weighted_average_wirelength - wirelength backward 0.137 ms
[INFO   ] DREAMPlace - optimizer step 29.624 ms
[INFO   ] DREAMPlace - iteration   53, (   2,  6,  1), Obj 5.814669E+03, NetCrossing 7.491E+02, NetCrossingWeight 1.000000E-01, DensityWeight 2.065409E-09, HPWL 6.492726E+03, Overflow 7.158946E-01, MaxDensity 2.141E+01, MacroOverlap 2.752E+02, MacroOverlapWeight 1.500000E+00, gamma 5.390537E+00, time 18.174ms
[INFO   ] DREAMPlace - full step 48.410 ms
[DEBUG  ] dreamplace.ops.weighted_average_wirelength.weighted_average_wirelength - wirelength forward 0.089 ms
[DEBUG  ] dreamplace.ops.electric_potential.electric_potential - density forward 1.498 ms
[DEBUG  ] dreamplace.ops.electric_potential.electric_potential - density forward 1.416 ms
[DEBUG  ] dreamplace.ops.electric_potential.electric_potential - density backward 0.777 ms
[DEBUG  ] dreamplace.ops.electric_potential.electric_potential - density backward 0.721 ms
[DEBUG  ] dreamplace.ops.weighted_average_wirelength.weighted_average_wirelength - wirelength backward 0.138 ms
[INFO   ] DREAMPlace - optimizer step 30.117 ms
[INFO   ] DREAMPlace - iteration   54, (   2,  7,  0), Obj 5.792579E+03, NetCrossing 7.358E+02, NetCrossingWeight 1.000000E-01, DensityWeight 2.248213E-09, HPWL 6.489087E+03, Overflow 7.136160E-01, MaxDensity 2.141E+01, MacroOverlap 2.629E+02, MacroOverlapWeight 1.500000E+00, gamma 5.390537E+00, time 18.090ms
[INFO   ] DREAMPlace - full step 48.820 ms
[DEBUG  ] dreamplace.ops.weighted_average_wirelength.weighted_average_wirelength - wirelength forward 0.082 ms
[DEBUG  ] dreamplace.ops.electric_potential.electric_potential - density forward 1.404 ms
[DEBUG  ] dreamplace.ops.electric_potential.electric_potential - density forward 1.182 ms
[DEBUG  ] dreamplace.ops.electric_potential.electric_potential - density backward 0.780 ms
[DEBUG  ] dreamplace.ops.electric_potential.electric_potential - density backward 0.721 ms
[DEBUG  ] dreamplace.ops.weighted_average_wirelength.weighted_average_wirelength - wirelength backward 0.136 ms
[INFO   ] DREAMPlace - optimizer step 29.589 ms
[INFO   ] DREAMPlace - iteration   55, (   2,  7,  1), Obj 5.776264E+03, NetCrossing 7.467E+02, NetCrossingWeight 1.000000E-01, DensityWeight 2.248213E-09, HPWL 6.496484E+03, Overflow 7.113810E-01, MaxDensity 2.141E+01, MacroOverlap 2.505E+02, MacroOverlapWeight 1.500000E+00, gamma 5.390537E+00, time 17.320ms
[INFO   ] DREAMPlace - full step 47.531 ms
[DEBUG  ] dreamplace.ops.weighted_average_wirelength.weighted_average_wirelength - wirelength forward 0.091 ms
[DEBUG  ] dreamplace.ops.electric_potential.electric_potential - density forward 1.400 ms
[DEBUG  ] dreamplace.ops.electric_potential.electric_potential - density forward 1.179 ms
[DEBUG  ] dreamplace.ops.electric_potential.electric_potential - density backward 0.772 ms
[DEBUG  ] dreamplace.ops.electric_potential.electric_potential - density backward 0.733 ms
[DEBUG  ] dreamplace.ops.weighted_average_wirelength.weighted_average_wirelength - wirelength backward 0.140 ms
[INFO   ] DREAMPlace - optimizer step 29.942 ms
[INFO   ] DREAMPlace - iteration   56, (   2,  8,  0), Obj 5.758079E+03, NetCrossing 7.450E+02, NetCrossingWeight 1.000000E-01, DensityWeight 2.453810E-09, HPWL 6.493387E+03, Overflow 7.091869E-01, MaxDensity 2.141E+01, MacroOverlap 2.396E+02, MacroOverlapWeight 1.500000E+00, gamma 5.390537E+00, time 17.767ms
[INFO   ] DREAMPlace - full step 48.330 ms
[DEBUG  ] dreamplace.ops.weighted_average_wirelength.weighted_average_wirelength - wirelength forward 0.082 ms
[DEBUG  ] dreamplace.ops.electric_potential.electric_potential - density forward 1.423 ms
[DEBUG  ] dreamplace.ops.electric_potential.electric_potential - density forward 1.180 ms
[DEBUG  ] dreamplace.ops.electric_potential.electric_potential - density backward 0.777 ms
[DEBUG  ] dreamplace.ops.electric_potential.electric_potential - density backward 0.729 ms
[DEBUG  ] dreamplace.ops.weighted_average_wirelength.weighted_average_wirelength - wirelength backward 0.138 ms
[INFO   ] DREAMPlace - optimizer step 29.758 ms
[INFO   ] DREAMPlace - iteration   57, (   2,  8,  1), Obj 5.740717E+03, NetCrossing 7.430E+02, NetCrossingWeight 1.000000E-01, DensityWeight 2.453810E-09, HPWL 6.492003E+03, Overflow 7.070397E-01, MaxDensity 2.052E+01, MacroOverlap 2.288E+02, MacroOverlapWeight 1.500000E+00, gamma 5.390537E+00, time 17.621ms
[INFO   ] DREAMPlace - full step 48.084 ms
[DEBUG  ] dreamplace.ops.weighted_average_wirelength.weighted_average_wirelength - wirelength forward 0.084 ms
[DEBUG  ] dreamplace.ops.electric_potential.electric_potential - density forward 1.401 ms
[DEBUG  ] dreamplace.ops.electric_potential.electric_potential - density forward 1.184 ms
[DEBUG  ] dreamplace.ops.electric_potential.electric_potential - density backward 0.786 ms
[DEBUG  ] dreamplace.ops.electric_potential.electric_potential - density backward 0.705 ms
[DEBUG  ] dreamplace.ops.weighted_average_wirelength.weighted_average_wirelength - wirelength backward 0.134 ms
[INFO   ] DREAMPlace - optimizer step 29.590 ms
[INFO   ] DREAMPlace - iteration   58, (   2,  9,  0), Obj 5.721770E+03, NetCrossing 7.498E+02, NetCrossingWeight 1.000000E-01, DensityWeight 2.670455E-09, HPWL 6.475837E+03, Overflow 7.049297E-01, MaxDensity 2.052E+01, MacroOverlap 2.192E+02, MacroOverlapWeight 1.500000E+00, gamma 5.390537E+00, time 17.780ms
[INFO   ] DREAMPlace - full step 48.033 ms
[DEBUG  ] dreamplace.ops.weighted_average_wirelength.weighted_average_wirelength - wirelength forward 0.088 ms
[DEBUG  ] dreamplace.ops.electric_potential.electric_potential - density forward 1.414 ms
[DEBUG  ] dreamplace.ops.electric_potential.electric_potential - density forward 1.161 ms
[DEBUG  ] dreamplace.ops.electric_potential.electric_potential - density backward 0.782 ms
[DEBUG  ] dreamplace.ops.electric_potential.electric_potential - density backward 0.748 ms
[DEBUG  ] dreamplace.ops.weighted_average_wirelength.weighted_average_wirelength - wirelength backward 0.137 ms
[DEBUG  ] dreamplace.ops.weighted_average_wirelength.weighted_average_wirelength - wirelength forward 0.076 ms
[DEBUG  ] dreamplace.ops.electric_potential.electric_potential - density forward 1.768 ms
[DEBUG  ] dreamplace.ops.electric_potential.electric_potential - density forward 1.340 ms
[DEBUG  ] dreamplace.ops.electric_potential.electric_potential - density backward 0.835 ms
[DEBUG  ] dreamplace.ops.electric_potential.electric_potential - density backward 0.666 ms
[DEBUG  ] dreamplace.ops.weighted_average_wirelength.weighted_average_wirelength - wirelength backward 0.101 ms
[INFO   ] DREAMPlace - optimizer step 59.534 ms
[INFO   ] DREAMPlace - iteration   59, (   2,  9,  1), Obj 5.709108E+03, NetCrossing 7.199E+02, NetCrossingWeight 1.000000E-01, DensityWeight 2.670455E-09, HPWL 6.482377E+03, Overflow 7.028599E-01, MaxDensity 2.050E+01, MacroOverlap 2.095E+02, MacroOverlapWeight 1.500000E+00, gamma 5.390537E+00, time 17.347ms
[INFO   ] DREAMPlace - full step 77.479 ms
[DEBUG  ] dreamplace.ops.weighted_average_wirelength.weighted_average_wirelength - wirelength forward 0.088 ms
[DEBUG  ] dreamplace.ops.electric_potential.electric_potential - density forward 1.463 ms
[DEBUG  ] dreamplace.ops.electric_potential.electric_potential - density forward 1.371 ms
[DEBUG  ] dreamplace.ops.electric_potential.electric_potential - density backward 0.847 ms
[DEBUG  ] dreamplace.ops.electric_potential.electric_potential - density backward 0.701 ms
[DEBUG  ] dreamplace.ops.weighted_average_wirelength.weighted_average_wirelength - wirelength backward 0.123 ms
[DEBUG  ] dreamplace.ops.weighted_average_wirelength.weighted_average_wirelength - wirelength forward 0.075 ms
[DEBUG  ] dreamplace.ops.electric_potential.electric_potential - density forward 1.728 ms
[DEBUG  ] dreamplace.ops.electric_potential.electric_potential - density forward 1.439 ms
[DEBUG  ] dreamplace.ops.electric_potential.electric_potential - density backward 0.795 ms
[DEBUG  ] dreamplace.ops.electric_potential.electric_potential - density backward 0.714 ms
[DEBUG  ] dreamplace.ops.weighted_average_wirelength.weighted_average_wirelength - wirelength backward 0.130 ms
[INFO   ] DREAMPlace - optimizer step 58.421 ms
[INFO   ] DREAMPlace - iteration   60, (   3,  0,  0), Obj 5.693011E+03, NetCrossing 7.457E+02, NetCrossingWeight 1.000000E-01, DensityWeight 2.905938E-09, HPWL 6.475689E+03, Overflow 7.008244E-01, MaxDensity 1.972E+01, MacroOverlap 2.009E+02, MacroOverlapWeight 1.500000E+00, gamma 4.184990E+00, time 17.041ms
[INFO   ] DREAMPlace - full step 76.085 ms
[DEBUG  ] dreamplace.ops.weighted_average_wirelength.weighted_average_wirelength - wirelength forward 0.082 ms
[DEBUG  ] dreamplace.ops.electric_potential.electric_potential - density forward 1.420 ms
[DEBUG  ] dreamplace.ops.electric_potential.electric_potential - density forward 1.289 ms
[DEBUG  ] dreamplace.ops.electric_potential.electric_potential - density backward 0.774 ms
[DEBUG  ] dreamplace.ops.electric_potential.electric_potential - density backward 0.732 ms
[DEBUG  ] dreamplace.ops.weighted_average_wirelength.weighted_average_wirelength - wirelength backward 0.134 ms
[INFO   ] DREAMPlace - optimizer step 29.556 ms
[INFO   ] DREAMPlace - iteration   61, (   3,  0,  1), Obj 5.910278E+03, NetCrossing 7.335E+02, NetCrossingWeight 1.000000E-01, DensityWeight 2.905938E-09, HPWL 6.476624E+03, Overflow 6.988426E-01, MaxDensity 1.941E+01, MacroOverlap 1.919E+02, MacroOverlapWeight 1.500000E+00, gamma 4.184990E+00, time 17.242ms
[INFO   ] DREAMPlace - full step 47.438 ms
[INFO   ] DREAMPlace - Lsub stopping criteria: 1 and 5910.28 > 5693.01 * 0.999
[DEBUG  ] dreamplace.ops.weighted_average_wirelength.weighted_average_wirelength - wirelength forward 0.086 ms
[DEBUG  ] dreamplace.ops.electric_potential.electric_potential - density forward 1.419 ms
[DEBUG  ] dreamplace.ops.electric_potential.electric_potential - density forward 1.179 ms
[DEBUG  ] dreamplace.ops.electric_potential.electric_potential - density backward 0.773 ms
[DEBUG  ] dreamplace.ops.electric_potential.electric_potential - density backward 0.736 ms
[DEBUG  ] dreamplace.ops.weighted_average_wirelength.weighted_average_wirelength - wirelength backward 0.139 ms
[DEBUG  ] dreamplace.ops.weighted_average_wirelength.weighted_average_wirelength - wirelength forward 0.074 ms
[DEBUG  ] dreamplace.ops.electric_potential.electric_potential - density forward 1.725 ms
[DEBUG  ] dreamplace.ops.electric_potential.electric_potential - density forward 1.468 ms
[DEBUG  ] dreamplace.ops.electric_potential.electric_potential - density backward 0.787 ms
[DEBUG  ] dreamplace.ops.electric_potential.electric_potential - density backward 0.742 ms
[DEBUG  ] dreamplace.ops.weighted_average_wirelength.weighted_average_wirelength - wirelength backward 0.139 ms
[INFO   ] DREAMPlace - optimizer step 60.986 ms
[INFO   ] DREAMPlace - iteration   62, (   3,  1,  0), Obj 5.878376E+03, NetCrossing 7.413E+02, NetCrossingWeight 1.000000E-01, DensityWeight 3.161869E-09, HPWL 6.382637E+03, Overflow 6.968910E-01, MaxDensity 1.874E+01, MacroOverlap 1.844E+02, MacroOverlapWeight 1.500000E+00, gamma 4.184990E+00, time 17.610ms
[INFO   ] DREAMPlace - full step 79.231 ms
[DEBUG  ] dreamplace.ops.weighted_average_wirelength.weighted_average_wirelength - wirelength forward 0.094 ms
[DEBUG  ] dreamplace.ops.electric_potential.electric_potential - density forward 1.524 ms
[DEBUG  ] dreamplace.ops.electric_potential.electric_potential - density forward 1.168 ms
[DEBUG  ] dreamplace.ops.electric_potential.electric_potential - density backward 0.760 ms
[DEBUG  ] dreamplace.ops.electric_potential.electric_potential - density backward 0.740 ms
[DEBUG  ] dreamplace.ops.weighted_average_wirelength.weighted_average_wirelength - wirelength backward 0.140 ms
[INFO   ] DREAMPlace - optimizer step 29.852 ms
[INFO   ] DREAMPlace - iteration   63, (   3,  1,  1), Obj 5.868378E+03, NetCrossing 7.303E+02, NetCrossingWeight 1.000000E-01, DensityWeight 3.161869E-09, HPWL 6.395455E+03, Overflow 6.949780E-01, MaxDensity 1.861E+01, MacroOverlap 1.769E+02, MacroOverlapWeight 1.500000E+00, gamma 4.184990E+00, time 16.746ms
[INFO   ] DREAMPlace - full step 47.219 ms
[DEBUG  ] dreamplace.ops.weighted_average_wirelength.weighted_average_wirelength - wirelength forward 0.087 ms
[DEBUG  ] dreamplace.ops.electric_potential.electric_potential - density forward 1.451 ms
[DEBUG  ] dreamplace.ops.electric_potential.electric_potential - density forward 1.172 ms
[DEBUG  ] dreamplace.ops.electric_potential.electric_potential - density backward 0.781 ms
[DEBUG  ] dreamplace.ops.electric_potential.electric_potential - density backward 0.750 ms
[DEBUG  ] dreamplace.ops.weighted_average_wirelength.weighted_average_wirelength - wirelength backward 0.137 ms
[INFO   ] DREAMPlace - optimizer step 29.985 ms
[INFO   ] DREAMPlace - iteration   64, (   3,  2,  0), Obj 5.859807E+03, NetCrossing 7.414E+02, NetCrossingWeight 1.000000E-01, DensityWeight 3.439997E-09, HPWL 6.404253E+03, Overflow 6.930916E-01, MaxDensity 1.792E+01, MacroOverlap 1.704E+02, MacroOverlapWeight 1.500000E+00, gamma 4.184990E+00, time 17.928ms
[INFO   ] DREAMPlace - full step 48.548 ms
[DEBUG  ] dreamplace.ops.weighted_average_wirelength.weighted_average_wirelength - wirelength forward 0.090 ms
[DEBUG  ] dreamplace.ops.electric_potential.electric_potential - density forward 1.586 ms
[DEBUG  ] dreamplace.ops.electric_potential.electric_potential - density forward 1.280 ms
[DEBUG  ] dreamplace.ops.electric_potential.electric_potential - density backward 0.777 ms
[DEBUG  ] dreamplace.ops.electric_potential.electric_potential - density backward 0.751 ms
[DEBUG  ] dreamplace.ops.weighted_average_wirelength.weighted_average_wirelength - wirelength backward 0.136 ms
[INFO   ] DREAMPlace - optimizer step 30.039 ms
[INFO   ] DREAMPlace - iteration   65, (   3,  2,  1), Obj 5.857692E+03, NetCrossing 7.230E+02, NetCrossingWeight 1.000000E-01, DensityWeight 3.439997E-09, HPWL 6.421850E+03, Overflow 6.912568E-01, MaxDensity 1.784E+01, MacroOverlap 1.641E+02, MacroOverlapWeight 1.500000E+00, gamma 4.184990E+00, time 17.741ms
[INFO   ] DREAMPlace - full step 48.418 ms
[INFO   ] DREAMPlace - Lsub stopping criteria: 1 and 5857.69 > 5859.81 * 0.999
[DEBUG  ] dreamplace.ops.weighted_average_wirelength.weighted_average_wirelength - wirelength forward 0.088 ms
[DEBUG  ] dreamplace.ops.electric_potential.electric_potential - density forward 1.507 ms
[DEBUG  ] dreamplace.ops.electric_potential.electric_potential - density forward 1.311 ms
[DEBUG  ] dreamplace.ops.electric_potential.electric_potential - density backward 0.780 ms
[DEBUG  ] dreamplace.ops.electric_potential.electric_potential - density backward 0.754 ms
[DEBUG  ] dreamplace.ops.weighted_average_wirelength.weighted_average_wirelength - wirelength backward 0.135 ms
[INFO   ] DREAMPlace - optimizer step 30.155 ms
[INFO   ] DREAMPlace - iteration   66, (   3,  3,  0), Obj 5.842458E+03, NetCrossing 7.100E+02, NetCrossingWeight 1.000000E-01, DensityWeight 3.754562E-09, HPWL 6.414811E+03, Overflow 6.894451E-01, MaxDensity 1.784E+01, MacroOverlap 1.587E+02, MacroOverlapWeight 1.500000E+00, gamma 4.184990E+00, time 17.516ms
[INFO   ] DREAMPlace - full step 48.273 ms
[DEBUG  ] dreamplace.ops.weighted_average_wirelength.weighted_average_wirelength - wirelength forward 0.092 ms
[DEBUG  ] dreamplace.ops.electric_potential.electric_potential - density forward 1.792 ms
[DEBUG  ] dreamplace.ops.electric_potential.electric_potential - density forward 1.207 ms
[DEBUG  ] dreamplace.ops.electric_potential.electric_potential - density backward 0.914 ms
[DEBUG  ] dreamplace.ops.electric_potential.electric_potential - density backward 0.629 ms
[DEBUG  ] dreamplace.ops.weighted_average_wirelength.weighted_average_wirelength - wirelength backward 0.067 ms
[INFO   ] DREAMPlace - optimizer step 27.480 ms
[INFO   ] DREAMPlace - iteration   67, (   3,  3,  1), Obj 5.841123E+03, NetCrossing 7.154E+02, NetCrossingWeight 1.000000E-01, DensityWeight 3.754562E-09, HPWL 6.428747E+03, Overflow 6.876573E-01, MaxDensity 1.784E+01, MacroOverlap 1.533E+02, MacroOverlapWeight 1.500000E+00, gamma 4.184990E+00, time 17.535ms
[INFO   ] DREAMPlace - full step 45.638 ms
[INFO   ] DREAMPlace - Lsub stopping criteria: 1 and 5841.12 > 5842.46 * 0.999
[DEBUG  ] dreamplace.ops.weighted_average_wirelength.weighted_average_wirelength - wirelength forward 0.095 ms
[DEBUG  ] dreamplace.ops.electric_potential.electric_potential - density forward 1.468 ms
[DEBUG  ] dreamplace.ops.electric_potential.electric_potential - density forward 1.195 ms
[DEBUG  ] dreamplace.ops.electric_potential.electric_potential - density backward 0.839 ms
[DEBUG  ] dreamplace.ops.electric_potential.electric_potential - density backward 0.699 ms
[DEBUG  ] dreamplace.ops.weighted_average_wirelength.weighted_average_wirelength - wirelength backward 0.105 ms
[INFO   ] DREAMPlace - optimizer step 28.285 ms
[INFO   ] DREAMPlace - iteration   68, (   3,  4,  0), Obj 5.825271E+03, NetCrossing 7.046E+02, NetCrossingWeight 1.000000E-01, DensityWeight 4.097911E-09, HPWL 6.404366E+03, Overflow 6.858832E-01, MaxDensity 1.784E+01, MacroOverlap 1.490E+02, MacroOverlapWeight 1.500000E+00, gamma 4.184990E+00, time 19.526ms
[INFO   ] DREAMPlace - full step 48.422 ms
[DEBUG  ] dreamplace.ops.weighted_average_wirelength.weighted_average_wirelength - wirelength forward 0.089 ms
[DEBUG  ] dreamplace.ops.electric_potential.electric_potential - density forward 1.453 ms
[DEBUG  ] dreamplace.ops.electric_potential.electric_potential - density forward 1.182 ms
[DEBUG  ] dreamplace.ops.electric_potential.electric_potential - density backward 0.836 ms
[DEBUG  ] dreamplace.ops.electric_potential.electric_potential - density backward 0.733 ms
[DEBUG  ] dreamplace.ops.weighted_average_wirelength.weighted_average_wirelength - wirelength backward 0.137 ms
[INFO   ] DREAMPlace - optimizer step 28.573 ms
[INFO   ] DREAMPlace - iteration   69, (   3,  4,  1), Obj 5.815999E+03, NetCrossing 7.120E+02, NetCrossingWeight 1.000000E-01, DensityWeight 4.097911E-09, HPWL 6.402525E+03, Overflow 6.841183E-01, MaxDensity 1.784E+01, MacroOverlap 1.445E+02, MacroOverlapWeight 1.500000E+00, gamma 4.184990E+00, time 17.562ms
[INFO   ] DREAMPlace - full step 46.757 ms
[DEBUG  ] dreamplace.ops.weighted_average_wirelength.weighted_average_wirelength - wirelength forward 0.088 ms
[DEBUG  ] dreamplace.ops.electric_potential.electric_potential - density forward 1.517 ms
[DEBUG  ] dreamplace.ops.electric_potential.electric_potential - density forward 1.190 ms
[DEBUG  ] dreamplace.ops.electric_potential.electric_potential - density backward 0.778 ms
[DEBUG  ] dreamplace.ops.electric_potential.electric_potential - density backward 0.738 ms
[DEBUG  ] dreamplace.ops.weighted_average_wirelength.weighted_average_wirelength - wirelength backward 0.130 ms
[INFO   ] DREAMPlace - optimizer step 29.282 ms
[INFO   ] DREAMPlace - iteration   70, (   3,  5,  0), Obj 5.810180E+03, NetCrossing 7.067E+02, NetCrossingWeight 1.000000E-01, DensityWeight 4.457038E-09, HPWL 6.402660E+03, Overflow 6.823496E-01, MaxDensity 1.784E+01, MacroOverlap 1.409E+02, MacroOverlapWeight 1.500000E+00, gamma 4.184990E+00, time 17.723ms
[INFO   ] DREAMPlace - full step 47.619 ms
[DEBUG  ] dreamplace.ops.weighted_average_wirelength.weighted_average_wirelength - wirelength forward 0.088 ms
[DEBUG  ] dreamplace.ops.electric_potential.electric_potential - density forward 1.431 ms
[DEBUG  ] dreamplace.ops.electric_potential.electric_potential - density forward 1.160 ms
[DEBUG  ] dreamplace.ops.electric_potential.electric_potential - density backward 0.765 ms
[DEBUG  ] dreamplace.ops.electric_potential.electric_potential - density backward 0.763 ms
[DEBUG  ] dreamplace.ops.weighted_average_wirelength.weighted_average_wirelength - wirelength backward 0.139 ms
[INFO   ] DREAMPlace - optimizer step 29.482 ms
[INFO   ] DREAMPlace - iteration   71, (   3,  5,  1), Obj 5.804649E+03, NetCrossing 6.993E+02, NetCrossingWeight 1.000000E-01, DensityWeight 4.457038E-09, HPWL 6.407804E+03, Overflow 6.805742E-01, MaxDensity 1.784E+01, MacroOverlap 1.368E+02, MacroOverlapWeight 1.500000E+00, gamma 4.184990E+00, time 17.937ms
[INFO   ] DREAMPlace - full step 48.052 ms
[INFO   ] DREAMPlace - Lsub stopping criteria: 1 and 5804.65 > 5810.18 * 0.999
[DEBUG  ] dreamplace.ops.weighted_average_wirelength.weighted_average_wirelength - wirelength forward 0.089 ms
[DEBUG  ] dreamplace.ops.electric_potential.electric_potential - density forward 1.576 ms
[DEBUG  ] dreamplace.ops.electric_potential.electric_potential - density forward 1.375 ms
[DEBUG  ] dreamplace.ops.electric_potential.electric_potential - density backward 0.782 ms
[DEBUG  ] dreamplace.ops.electric_potential.electric_potential - density backward 0.736 ms
[DEBUG  ] dreamplace.ops.weighted_average_wirelength.weighted_average_wirelength - wirelength backward 0.138 ms
[INFO   ] DREAMPlace - optimizer step 29.944 ms
[INFO   ] DREAMPlace - iteration   72, (   3,  6,  0), Obj 5.801215E+03, NetCrossing 6.951E+02, NetCrossingWeight 1.000000E-01, DensityWeight 4.864629E-09, HPWL 6.408854E+03, Overflow 6.788145E-01, MaxDensity 1.768E+01, MacroOverlap 1.334E+02, MacroOverlapWeight 1.500000E+00, gamma 4.184990E+00, time 17.882ms
[INFO   ] DREAMPlace - full step 48.430 ms
[DEBUG  ] dreamplace.ops.weighted_average_wirelength.weighted_average_wirelength - wirelength forward 0.085 ms
[DEBUG  ] dreamplace.ops.electric_potential.electric_potential - density forward 1.426 ms
[DEBUG  ] dreamplace.ops.electric_potential.electric_potential - density forward 1.173 ms
[DEBUG  ] dreamplace.ops.electric_potential.electric_potential - density backward 0.791 ms
[DEBUG  ] dreamplace.ops.electric_potential.electric_potential - density backward 0.748 ms
[DEBUG  ] dreamplace.ops.weighted_average_wirelength.weighted_average_wirelength - wirelength backward 0.138 ms
[INFO   ] DREAMPlace - optimizer step 29.576 ms
[INFO   ] DREAMPlace - iteration   73, (   3,  6,  1), Obj 5.795902E+03, NetCrossing 6.867E+02, NetCrossingWeight 1.000000E-01, DensityWeight 4.864629E-09, HPWL 6.407746E+03, Overflow 6.770744E-01, MaxDensity 1.765E+01, MacroOverlap 1.298E+02, MacroOverlapWeight 1.500000E+00, gamma 4.184990E+00, time 17.946ms
[INFO   ] DREAMPlace - full step 48.131 ms
[INFO   ] DREAMPlace - Lsub stopping criteria: 1 and 5795.9 > 5801.21 * 0.999
[DEBUG  ] dreamplace.ops.weighted_average_wirelength.weighted_average_wirelength - wirelength forward 0.086 ms
[DEBUG  ] dreamplace.ops.electric_potential.electric_potential - density forward 1.593 ms
[DEBUG  ] dreamplace.ops.electric_potential.electric_potential - density forward 1.229 ms
[DEBUG  ] dreamplace.ops.electric_potential.electric_potential - density backward 0.779 ms
[DEBUG  ] dreamplace.ops.electric_potential.electric_potential - density backward 0.742 ms
[DEBUG  ] dreamplace.ops.weighted_average_wirelength.weighted_average_wirelength - wirelength backward 0.139 ms
[INFO   ] DREAMPlace - optimizer step 29.882 ms
[INFO   ] DREAMPlace - iteration   74, (   3,  7,  0), Obj 5.789007E+03, NetCrossing 7.049E+02, NetCrossingWeight 1.000000E-01, DensityWeight 5.289891E-09, HPWL 6.402752E+03, Overflow 6.753243E-01, MaxDensity 1.695E+01, MacroOverlap 1.269E+02, MacroOverlapWeight 1.500000E+00, gamma 4.184990E+00, time 17.497ms
[INFO   ] DREAMPlace - full step 47.982 ms
[DEBUG  ] dreamplace.ops.weighted_average_wirelength.weighted_average_wirelength - wirelength forward 0.092 ms
[DEBUG  ] dreamplace.ops.electric_potential.electric_potential - density forward 1.485 ms
[DEBUG  ] dreamplace.ops.electric_potential.electric_potential - density forward 1.236 ms
[DEBUG  ] dreamplace.ops.electric_potential.electric_potential - density backward 0.837 ms
[DEBUG  ] dreamplace.ops.electric_potential.electric_potential - density backward 0.683 ms
[DEBUG  ] dreamplace.ops.weighted_average_wirelength.weighted_average_wirelength - wirelength backward 0.100 ms
[INFO   ] DREAMPlace - optimizer step 29.412 ms
[INFO   ] DREAMPlace - iteration   75, (   3,  7,  1), Obj 5.786476E+03, NetCrossing 6.875E+02, NetCrossingWeight 1.000000E-01, DensityWeight 5.289891E-09, HPWL 6.405680E+03, Overflow 6.735836E-01, MaxDensity 1.695E+01, MacroOverlap 1.237E+02, MacroOverlapWeight 1.500000E+00, gamma 4.184990E+00, time 17.323ms
[INFO   ] DREAMPlace - full step 47.338 ms
[INFO   ] DREAMPlace - Lsub stopping criteria: 1 and 5786.48 > 5789.01 * 0.999
[DEBUG  ] dreamplace.ops.weighted_average_wirelength.weighted_average_wirelength - wirelength forward 0.084 ms
[DEBUG  ] dreamplace.ops.electric_potential.electric_potential - density forward 1.405 ms
[DEBUG  ] dreamplace.ops.electric_potential.electric_potential - density forward 1.172 ms
[DEBUG  ] dreamplace.ops.electric_potential.electric_potential - density backward 0.811 ms
[DEBUG  ] dreamplace.ops.electric_potential.electric_potential - density backward 0.713 ms
[DEBUG  ] dreamplace.ops.weighted_average_wirelength.weighted_average_wirelength - wirelength backward 0.120 ms
[INFO   ] DREAMPlace - optimizer step 28.246 ms
[INFO   ] DREAMPlace - iteration   76, (   3,  8,  0), Obj 5.780655E+03, NetCrossing 6.847E+02, NetCrossingWeight 1.000000E-01, DensityWeight 5.751753E-09, HPWL 6.400327E+03, Overflow 6.718608E-01, MaxDensity 1.674E+01, MacroOverlap 1.211E+02, MacroOverlapWeight 1.500000E+00, gamma 4.184990E+00, time 17.789ms
[INFO   ] DREAMPlace - full step 46.626 ms
[DEBUG  ] dreamplace.ops.weighted_average_wirelength.weighted_average_wirelength - wirelength forward 0.094 ms
[DEBUG  ] dreamplace.ops.electric_potential.electric_potential - density forward 1.573 ms
[DEBUG  ] dreamplace.ops.electric_potential.electric_potential - density forward 1.239 ms
[DEBUG  ] dreamplace.ops.electric_potential.electric_potential - density backward 0.762 ms
[DEBUG  ] dreamplace.ops.electric_potential.electric_potential - density backward 0.742 ms
[DEBUG  ] dreamplace.ops.weighted_average_wirelength.weighted_average_wirelength - wirelength backward 0.141 ms
[INFO   ] DREAMPlace - optimizer step 29.893 ms
[INFO   ] DREAMPlace - iteration   77, (   3,  8,  1), Obj 5.782138E+03, NetCrossing 6.773E+02, NetCrossingWeight 1.000000E-01, DensityWeight 5.751753E-09, HPWL 6.409964E+03, Overflow 6.701284E-01, MaxDensity 1.606E+01, MacroOverlap 1.182E+02, MacroOverlapWeight 1.500000E+00, gamma 4.184990E+00, time 17.407ms
[INFO   ] DREAMPlace - full step 47.914 ms
[INFO   ] DREAMPlace - Lsub stopping criteria: 1 and 5782.14 > 5780.66 * 0.999
[DEBUG  ] dreamplace.ops.weighted_average_wirelength.weighted_average_wirelength - wirelength forward 0.089 ms
[DEBUG  ] dreamplace.ops.electric_potential.electric_potential - density forward 1.554 ms
[DEBUG  ] dreamplace.ops.electric_potential.electric_potential - density forward 1.195 ms
[DEBUG  ] dreamplace.ops.electric_potential.electric_potential - density backward 0.780 ms
[DEBUG  ] dreamplace.ops.electric_potential.electric_potential - density backward 0.754 ms
[DEBUG  ] dreamplace.ops.weighted_average_wirelength.weighted_average_wirelength - wirelength backward 0.136 ms
[INFO   ] DREAMPlace - optimizer step 30.005 ms
[INFO   ] DREAMPlace - iteration   78, (   3,  9,  0), Obj 5.776418E+03, NetCrossing 6.812E+02, NetCrossingWeight 1.000000E-01, DensityWeight 6.277745E-09, HPWL 6.405832E+03, Overflow 6.684353E-01, MaxDensity 1.606E+01, MacroOverlap 1.158E+02, MacroOverlapWeight 1.500000E+00, gamma 4.184990E+00, time 19.524ms
[INFO   ] DREAMPlace - full step 50.158 ms
[DEBUG  ] dreamplace.ops.weighted_average_wirelength.weighted_average_wirelength - wirelength forward 0.091 ms
[DEBUG  ] dreamplace.ops.electric_potential.electric_potential - density forward 1.424 ms
[DEBUG  ] dreamplace.ops.electric_potential.electric_potential - density forward 1.186 ms
[DEBUG  ] dreamplace.ops.electric_potential.electric_potential - density backward 0.785 ms
[DEBUG  ] dreamplace.ops.electric_potential.electric_potential - density backward 0.749 ms
[DEBUG  ] dreamplace.ops.weighted_average_wirelength.weighted_average_wirelength - wirelength backward 0.138 ms
[INFO   ] DREAMPlace - optimizer step 29.816 ms
[INFO   ] DREAMPlace - iteration   79, (   3,  9,  1), Obj 5.778381E+03, NetCrossing 6.762E+02, NetCrossingWeight 1.000000E-01, DensityWeight 6.277745E-09, HPWL 6.417341E+03, Overflow 6.667557E-01, MaxDensity 1.606E+01, MacroOverlap 1.130E+02, MacroOverlapWeight 1.500000E+00, gamma 4.184990E+00, time 17.643ms
[INFO   ] DREAMPlace - full step 48.133 ms
[INFO   ] DREAMPlace - Lsub stopping criteria: 1 and 5778.38 > 5776.42 * 0.999
[DEBUG  ] dreamplace.ops.weighted_average_wirelength.weighted_average_wirelength - wirelength forward 0.090 ms
[DEBUG  ] dreamplace.ops.electric_potential.electric_potential - density forward 1.421 ms
[DEBUG  ] dreamplace.ops.electric_potential.electric_potential - density forward 1.166 ms
[DEBUG  ] dreamplace.ops.electric_potential.electric_potential - density backward 0.778 ms
[DEBUG  ] dreamplace.ops.electric_potential.electric_potential - density backward 0.740 ms
[DEBUG  ] dreamplace.ops.weighted_average_wirelength.weighted_average_wirelength - wirelength backward 0.138 ms
[DEBUG  ] dreamplace.ops.weighted_average_wirelength.weighted_average_wirelength - wirelength forward 0.078 ms
[DEBUG  ] dreamplace.ops.electric_potential.electric_potential - density forward 1.720 ms
[DEBUG  ] dreamplace.ops.electric_potential.electric_potential - density forward 1.504 ms
[DEBUG  ] dreamplace.ops.electric_potential.electric_potential - density backward 0.830 ms
[DEBUG  ] dreamplace.ops.electric_potential.electric_potential - density backward 0.690 ms
[DEBUG  ] dreamplace.ops.weighted_average_wirelength.weighted_average_wirelength - wirelength backward 0.105 ms
[INFO   ] DREAMPlace - optimizer step 59.986 ms
[INFO   ] DREAMPlace - iteration   80, (   4,  0,  0), Obj 5.770281E+03, NetCrossing 6.853E+02, NetCrossingWeight 1.000000E-01, DensityWeight 6.851835E-09, HPWL 6.398636E+03, Overflow 6.650590E-01, MaxDensity 1.606E+01, MacroOverlap 1.109E+02, MacroOverlapWeight 1.500000E+00, gamma 3.479068E+00, time 17.210ms
[INFO   ] DREAMPlace - full step 77.782 ms
[DEBUG  ] dreamplace.ops.weighted_average_wirelength.weighted_average_wirelength - wirelength forward 0.087 ms
[DEBUG  ] dreamplace.ops.electric_potential.electric_potential - density forward 1.415 ms
[DEBUG  ] dreamplace.ops.electric_potential.electric_potential - density forward 1.426 ms
[DEBUG  ] dreamplace.ops.electric_potential.electric_potential - density backward 0.777 ms
[DEBUG  ] dreamplace.ops.electric_potential.electric_potential - density backward 0.743 ms
[DEBUG  ] dreamplace.ops.weighted_average_wirelength.weighted_average_wirelength - wirelength backward 0.137 ms
[INFO   ] DREAMPlace - optimizer step 29.918 ms
[INFO   ] DREAMPlace - iteration   81, (   4,  0,  1), Obj 5.889736E+03, NetCrossing 6.674E+02, NetCrossingWeight 1.000000E-01, DensityWeight 6.851835E-09, HPWL 6.393083E+03, Overflow 6.633583E-01, MaxDensity 1.606E+01, MacroOverlap 1.084E+02, MacroOverlapWeight 1.500000E+00, gamma 3.479068E+00, time 16.901ms
[INFO   ] DREAMPlace - full step 47.427 ms
[INFO   ] DREAMPlace - Lsub stopping criteria: 1 and 5889.74 > 5770.28 * 0.999
[DEBUG  ] dreamplace.ops.weighted_average_wirelength.weighted_average_wirelength - wirelength forward 0.092 ms
[DEBUG  ] dreamplace.ops.electric_potential.electric_potential - density forward 1.459 ms
[DEBUG  ] dreamplace.ops.electric_potential.electric_potential - density forward 1.196 ms
[DEBUG  ] dreamplace.ops.electric_potential.electric_potential - density backward 0.783 ms
[DEBUG  ] dreamplace.ops.electric_potential.electric_potential - density backward 0.806 ms
[DEBUG  ] dreamplace.ops.weighted_average_wirelength.weighted_average_wirelength - wirelength backward 0.138 ms
[DEBUG  ] dreamplace.ops.weighted_average_wirelength.weighted_average_wirelength - wirelength forward 0.079 ms
[DEBUG  ] dreamplace.ops.electric_potential.electric_potential - density forward 1.714 ms
[DEBUG  ] dreamplace.ops.electric_potential.electric_potential - density forward 1.464 ms
[DEBUG  ] dreamplace.ops.electric_potential.electric_potential - density backward 0.834 ms
[DEBUG  ] dreamplace.ops.electric_potential.electric_potential - density backward 0.757 ms
[DEBUG  ] dreamplace.ops.weighted_average_wirelength.weighted_average_wirelength - wirelength backward 0.109 ms
[INFO   ] DREAMPlace - optimizer step 60.900 ms
[INFO   ] DREAMPlace - iteration   82, (   4,  1,  0), Obj 5.893284E+03, NetCrossing 6.886E+02, NetCrossingWeight 1.000000E-01, DensityWeight 7.447837E-09, HPWL 6.365516E+03, Overflow 6.616143E-01, MaxDensity 1.606E+01, MacroOverlap 1.064E+02, MacroOverlapWeight 1.500000E+00, gamma 3.479068E+00, time 17.847ms
[INFO   ] DREAMPlace - full step 79.394 ms
[DEBUG  ] dreamplace.ops.weighted_average_wirelength.weighted_average_wirelength - wirelength forward 0.090 ms
[DEBUG  ] dreamplace.ops.electric_potential.electric_potential - density forward 1.593 ms
[DEBUG  ] dreamplace.ops.electric_potential.electric_potential - density forward 1.481 ms
[DEBUG  ] dreamplace.ops.electric_potential.electric_potential - density backward 0.842 ms
[DEBUG  ] dreamplace.ops.electric_potential.electric_potential - density backward 0.791 ms
[DEBUG  ] dreamplace.ops.weighted_average_wirelength.weighted_average_wirelength - wirelength backward 0.178 ms
[INFO   ] DREAMPlace - optimizer step 29.268 ms
[INFO   ] DREAMPlace - iteration   83, (   4,  1,  1), Obj 5.892256E+03, NetCrossing 6.774E+02, NetCrossingWeight 1.000000E-01, DensityWeight 7.447837E-09, HPWL 6.375610E+03, Overflow 6.598507E-01, MaxDensity 1.601E+01, MacroOverlap 1.039E+02, MacroOverlapWeight 1.500000E+00, gamma 3.479068E+00, time 16.826ms
[INFO   ] DREAMPlace - full step 46.693 ms
[INFO   ] DREAMPlace - Lsub stopping criteria: 1 and 5892.26 > 5893.28 * 0.999
[DEBUG  ] dreamplace.ops.weighted_average_wirelength.weighted_average_wirelength - wirelength forward 0.095 ms
[DEBUG  ] dreamplace.ops.electric_potential.electric_potential - density forward 1.416 ms
[DEBUG  ] dreamplace.ops.electric_potential.electric_potential - density forward 1.180 ms
[DEBUG  ] dreamplace.ops.electric_potential.electric_potential - density backward 0.783 ms
[DEBUG  ] dreamplace.ops.electric_potential.electric_potential - density backward 0.797 ms
[DEBUG  ] dreamplace.ops.weighted_average_wirelength.weighted_average_wirelength - wirelength backward 0.150 ms
[INFO   ] DREAMPlace - optimizer step 29.591 ms
[INFO   ] DREAMPlace - iteration   84, (   4,  2,  0), Obj 5.892672E+03, NetCrossing 6.732E+02, NetCrossingWeight 1.000000E-01, DensityWeight 8.094871E-09, HPWL 6.375770E+03, Overflow 6.580988E-01, MaxDensity 1.594E+01, MacroOverlap 1.022E+02, MacroOverlapWeight 1.500000E+00, gamma 3.479068E+00, time 17.417ms
[INFO   ] DREAMPlace - full step 47.602 ms
[DEBUG  ] dreamplace.ops.weighted_average_wirelength.weighted_average_wirelength - wirelength forward 0.087 ms
[DEBUG  ] dreamplace.ops.electric_potential.electric_potential - density forward 1.435 ms
[DEBUG  ] dreamplace.ops.electric_potential.electric_potential - density forward 1.358 ms
[DEBUG  ] dreamplace.ops.electric_potential.electric_potential - density backward 0.776 ms
[DEBUG  ] dreamplace.ops.electric_potential.electric_potential - density backward 0.811 ms
[DEBUG  ] dreamplace.ops.weighted_average_wirelength.weighted_average_wirelength - wirelength backward 0.139 ms
[INFO   ] DREAMPlace - optimizer step 29.939 ms
[INFO   ] DREAMPlace - iteration   85, (   4,  2,  1), Obj 5.884252E+03, NetCrossing 6.791E+02, NetCrossingWeight 1.000000E-01, DensityWeight 8.094871E-09, HPWL 6.369780E+03, Overflow 6.563132E-01, MaxDensity 1.545E+01, MacroOverlap 1.003E+02, MacroOverlapWeight 1.500000E+00, gamma 3.479068E+00, time 17.927ms
[INFO   ] DREAMPlace - full step 48.474 ms
[DEBUG  ] dreamplace.ops.weighted_average_wirelength.weighted_average_wirelength - wirelength forward 0.089 ms
[DEBUG  ] dreamplace.ops.electric_potential.electric_potential - density forward 1.436 ms
[DEBUG  ] dreamplace.ops.electric_potential.electric_potential - density forward 1.184 ms
[DEBUG  ] dreamplace.ops.electric_potential.electric_potential - density backward 0.775 ms
[DEBUG  ] dreamplace.ops.electric_potential.electric_potential - density backward 0.817 ms
[DEBUG  ] dreamplace.ops.weighted_average_wirelength.weighted_average_wirelength - wirelength backward 0.138 ms
[DEBUG  ] dreamplace.ops.weighted_average_wirelength.weighted_average_wirelength - wirelength forward 0.076 ms
[DEBUG  ] dreamplace.ops.electric_potential.electric_potential - density forward 1.835 ms
[DEBUG  ] dreamplace.ops.electric_potential.electric_potential - density forward 2.971 ms
[DEBUG  ] dreamplace.ops.electric_potential.electric_potential - density backward 0.806 ms
[DEBUG  ] dreamplace.ops.electric_potential.electric_potential - density backward 0.795 ms
[DEBUG  ] dreamplace.ops.weighted_average_wirelength.weighted_average_wirelength - wirelength backward 0.118 ms
[INFO   ] DREAMPlace - optimizer step 62.631 ms
[INFO   ] DREAMPlace - iteration   86, (   4,  3,  0), Obj 5.884190E+03, NetCrossing 6.748E+02, NetCrossingWeight 1.000000E-01, DensityWeight 8.797238E-09, HPWL 6.373298E+03, Overflow 6.545183E-01, MaxDensity 1.517E+01, MacroOverlap 9.900E+01, MacroOverlapWeight 1.500000E+00, gamma 3.479068E+00, time 17.713ms
[INFO   ] DREAMPlace - full step 80.942 ms
[DEBUG  ] dreamplace.ops.weighted_average_wirelength.weighted_average_wirelength - wirelength forward 0.090 ms
[DEBUG  ] dreamplace.ops.electric_potential.electric_potential - density forward 1.482 ms
[DEBUG  ] dreamplace.ops.electric_potential.electric_potential - density forward 1.249 ms
[DEBUG  ] dreamplace.ops.electric_potential.electric_potential - density backward 0.784 ms
[DEBUG  ] dreamplace.ops.electric_potential.electric_potential - density backward 0.785 ms
[DEBUG  ] dreamplace.ops.weighted_average_wirelength.weighted_average_wirelength - wirelength backward 0.137 ms
[INFO   ] DREAMPlace - optimizer step 29.809 ms
[INFO   ] DREAMPlace - iteration   87, (   4,  3,  1), Obj 5.884767E+03, NetCrossing 6.847E+02, NetCrossingWeight 1.000000E-01, DensityWeight 8.797238E-09, HPWL 6.376542E+03, Overflow 6.526902E-01, MaxDensity 1.517E+01, MacroOverlap 9.735E+01, MacroOverlapWeight 1.500000E+00, gamma 3.479068E+00, time 19.384ms
[INFO   ] DREAMPlace - full step 49.820 ms
[INFO   ] DREAMPlace - Lsub stopping criteria: 1 and 5884.77 > 5884.19 * 0.999
[DEBUG  ] dreamplace.ops.weighted_average_wirelength.weighted_average_wirelength - wirelength forward 0.085 ms
[DEBUG  ] dreamplace.ops.electric_potential.electric_potential - density forward 1.448 ms
[DEBUG  ] dreamplace.ops.electric_potential.electric_potential - density forward 1.278 ms
[DEBUG  ] dreamplace.ops.electric_potential.electric_potential - density backward 0.781 ms
[DEBUG  ] dreamplace.ops.electric_potential.electric_potential - density backward 0.786 ms
[DEBUG  ] dreamplace.ops.weighted_average_wirelength.weighted_average_wirelength - wirelength backward 0.136 ms
[INFO   ] DREAMPlace - optimizer step 29.760 ms
[INFO   ] DREAMPlace - iteration   88, (   4,  4,  0), Obj 5.884506E+03, NetCrossing 6.728E+02, NetCrossingWeight 1.000000E-01, DensityWeight 9.601731E-09, HPWL 6.377190E+03, Overflow 6.508780E-01, MaxDensity 1.517E+01, MacroOverlap 9.606E+01, MacroOverlapWeight 1.500000E+00, gamma 3.479068E+00, time 17.210ms
[INFO   ] DREAMPlace - full step 47.567 ms
[DEBUG  ] dreamplace.ops.weighted_average_wirelength.weighted_average_wirelength - wirelength forward 0.088 ms
[DEBUG  ] dreamplace.ops.electric_potential.electric_potential - density forward 1.413 ms
[DEBUG  ] dreamplace.ops.electric_potential.electric_potential - density forward 1.167 ms
[DEBUG  ] dreamplace.ops.electric_potential.electric_potential - density backward 0.817 ms
[DEBUG  ] dreamplace.ops.electric_potential.electric_potential - density backward 0.764 ms
[DEBUG  ] dreamplace.ops.weighted_average_wirelength.weighted_average_wirelength - wirelength backward 0.113 ms
[INFO   ] DREAMPlace - optimizer step 28.217 ms
[INFO   ] DREAMPlace - iteration   89, (   4,  4,  1), Obj 5.886916E+03, NetCrossing 6.717E+02, NetCrossingWeight 1.000000E-01, DensityWeight 9.601731E-09, HPWL 6.382820E+03, Overflow 6.490715E-01, MaxDensity 1.517E+01, MacroOverlap 9.440E+01, MacroOverlapWeight 1.500000E+00, gamma 3.479068E+00, time 17.930ms
[INFO   ] DREAMPlace - full step 46.765 ms
[INFO   ] DREAMPlace - Lsub stopping criteria: 1 and 5886.92 > 5884.51 * 0.999
[DEBUG  ] dreamplace.ops.weighted_average_wirelength.weighted_average_wirelength - wirelength forward 0.090 ms
[DEBUG  ] dreamplace.ops.electric_potential.electric_potential - density forward 1.451 ms
[DEBUG  ] dreamplace.ops.electric_potential.electric_potential - density forward 1.353 ms
[DEBUG  ] dreamplace.ops.electric_potential.electric_potential - density backward 0.801 ms
[DEBUG  ] dreamplace.ops.electric_potential.electric_potential - density backward 0.793 ms
[DEBUG  ] dreamplace.ops.weighted_average_wirelength.weighted_average_wirelength - wirelength backward 0.130 ms
[INFO   ] DREAMPlace - optimizer step 29.280 ms
[INFO   ] DREAMPlace - iteration   90, (   4,  5,  0), Obj 5.883675E+03, NetCrossing 6.789E+02, NetCrossingWeight 1.000000E-01, DensityWeight 1.047980E-08, HPWL 6.369256E+03, Overflow 6.472172E-01, MaxDensity 1.517E+01, MacroOverlap 9.320E+01, MacroOverlapWeight 1.500000E+00, gamma 3.479068E+00, time 17.455ms
[INFO   ] DREAMPlace - full step 47.334 ms
[DEBUG  ] dreamplace.ops.weighted_average_wirelength.weighted_average_wirelength - wirelength forward 0.086 ms
[DEBUG  ] dreamplace.ops.electric_potential.electric_potential - density forward 1.483 ms
[DEBUG  ] dreamplace.ops.electric_potential.electric_potential - density forward 1.175 ms
[DEBUG  ] dreamplace.ops.electric_potential.electric_potential - density backward 0.771 ms
[DEBUG  ] dreamplace.ops.electric_potential.electric_potential - density backward 0.779 ms
[DEBUG  ] dreamplace.ops.weighted_average_wirelength.weighted_average_wirelength - wirelength backward 0.137 ms
[INFO   ] DREAMPlace - optimizer step 29.294 ms
[INFO   ] DREAMPlace - iteration   91, (   4,  5,  1), Obj 5.885398E+03, NetCrossing 6.794E+02, NetCrossingWeight 1.000000E-01, DensityWeight 1.047980E-08, HPWL 6.376317E+03, Overflow 6.453318E-01, MaxDensity 1.513E+01, MacroOverlap 9.181E+01, MacroOverlapWeight 1.500000E+00, gamma 3.479068E+00, time 16.903ms
[INFO   ] DREAMPlace - full step 46.806 ms
[INFO   ] DREAMPlace - Lsub stopping criteria: 1 and 5885.4 > 5883.68 * 0.999
[DEBUG  ] dreamplace.ops.weighted_average_wirelength.weighted_average_wirelength - wirelength forward 0.081 ms
[DEBUG  ] dreamplace.ops.electric_potential.electric_potential - density forward 1.410 ms
[DEBUG  ] dreamplace.ops.electric_potential.electric_potential - density forward 1.166 ms
[DEBUG  ] dreamplace.ops.electric_potential.electric_potential - density backward 0.770 ms
[DEBUG  ] dreamplace.ops.electric_potential.electric_potential - density backward 0.785 ms
[DEBUG  ] dreamplace.ops.weighted_average_wirelength.weighted_average_wirelength - wirelength backward 0.139 ms
[DEBUG  ] dreamplace.ops.weighted_average_wirelength.weighted_average_wirelength - wirelength forward 0.078 ms
[DEBUG  ] dreamplace.ops.electric_potential.electric_potential - density forward 1.533 ms
[DEBUG  ] dreamplace.ops.electric_potential.electric_potential - density forward 1.599 ms
[DEBUG  ] dreamplace.ops.electric_potential.electric_potential - density backward 0.837 ms
[DEBUG  ] dreamplace.ops.electric_potential.electric_potential - density backward 0.727 ms
[DEBUG  ] dreamplace.ops.weighted_average_wirelength.weighted_average_wirelength - wirelength backward 0.100 ms
[INFO   ] DREAMPlace - optimizer step 58.848 ms
[INFO   ] DREAMPlace - iteration   92, (   4,  6,  0), Obj 5.888847E+03, NetCrossing 6.733E+02, NetCrossingWeight 1.000000E-01, DensityWeight 1.138568E-08, HPWL 6.388079E+03, Overflow 6.434034E-01, MaxDensity 1.441E+01, MacroOverlap 9.059E+01, MacroOverlapWeight 1.500000E+00, gamma 3.479068E+00, time 16.825ms
[INFO   ] DREAMPlace - full step 76.267 ms
[DEBUG  ] dreamplace.ops.weighted_average_wirelength.weighted_average_wirelength - wirelength forward 0.085 ms
[DEBUG  ] dreamplace.ops.electric_potential.electric_potential - density forward 1.530 ms
[DEBUG  ] dreamplace.ops.electric_potential.electric_potential - density forward 1.285 ms
[DEBUG  ] dreamplace.ops.electric_potential.electric_potential - density backward 0.808 ms
[DEBUG  ] dreamplace.ops.electric_potential.electric_potential - density backward 0.741 ms
[DEBUG  ] dreamplace.ops.weighted_average_wirelength.weighted_average_wirelength - wirelength backward 0.120 ms
[INFO   ] DREAMPlace - optimizer step 28.554 ms
[INFO   ] DREAMPlace - iteration   93, (   4,  6,  1), Obj 5.890285E+03, NetCrossing 6.778E+02, NetCrossingWeight 1.000000E-01, DensityWeight 1.138568E-08, HPWL 6.381997E+03, Overflow 6.414723E-01, MaxDensity 1.428E+01, MacroOverlap 8.914E+01, MacroOverlapWeight 1.500000E+00, gamma 3.479068E+00, time 17.951ms
[INFO   ] DREAMPlace - full step 47.108 ms
[INFO   ] DREAMPlace - Lsub stopping criteria: 1 and 5890.28 > 5888.85 * 0.999
[DEBUG  ] dreamplace.ops.weighted_average_wirelength.weighted_average_wirelength - wirelength forward 0.089 ms
[DEBUG  ] dreamplace.ops.electric_potential.electric_potential - density forward 1.571 ms
[DEBUG  ] dreamplace.ops.electric_potential.electric_potential - density forward 1.200 ms
[DEBUG  ] dreamplace.ops.electric_potential.electric_potential - density backward 0.796 ms
[DEBUG  ] dreamplace.ops.electric_potential.electric_potential - density backward 0.744 ms
[DEBUG  ] dreamplace.ops.weighted_average_wirelength.weighted_average_wirelength - wirelength backward 0.129 ms
[INFO   ] DREAMPlace - optimizer step 29.311 ms
[INFO   ] DREAMPlace - iteration   94, (   4,  7,  0), Obj 5.882618E+03, NetCrossing 6.773E+02, NetCrossingWeight 1.000000E-01, DensityWeight 1.242688E-08, HPWL 6.368497E+03, Overflow 6.395156E-01, MaxDensity 1.428E+01, MacroOverlap 8.798E+01, MacroOverlapWeight 1.500000E+00, gamma 3.479068E+00, time 17.689ms
[INFO   ] DREAMPlace - full step 47.600 ms
[DEBUG  ] dreamplace.ops.weighted_average_wirelength.weighted_average_wirelength - wirelength forward 0.082 ms
[DEBUG  ] dreamplace.ops.electric_potential.electric_potential - density forward 1.395 ms
[DEBUG  ] dreamplace.ops.electric_potential.electric_potential - density forward 1.186 ms
[DEBUG  ] dreamplace.ops.electric_potential.electric_potential - density backward 0.773 ms
[DEBUG  ] dreamplace.ops.electric_potential.electric_potential - density backward 0.750 ms
[DEBUG  ] dreamplace.ops.weighted_average_wirelength.weighted_average_wirelength - wirelength backward 0.138 ms
[INFO   ] DREAMPlace - optimizer step 29.772 ms
[INFO   ] DREAMPlace - iteration   95, (   4,  7,  1), Obj 5.893401E+03, NetCrossing 6.616E+02, NetCrossingWeight 1.000000E-01, DensityWeight 1.242688E-08, HPWL 6.385909E+03, Overflow 6.374600E-01, MaxDensity 1.428E+01, MacroOverlap 8.644E+01, MacroOverlapWeight 1.500000E+00, gamma 3.479068E+00, time 17.438ms
[INFO   ] DREAMPlace - full step 47.816 ms
[INFO   ] DREAMPlace - Lsub stopping criteria: 1 and 5893.4 > 5882.62 * 0.999
[DEBUG  ] dreamplace.ops.weighted_average_wirelength.weighted_average_wirelength - wirelength forward 0.080 ms
[DEBUG  ] dreamplace.ops.electric_potential.electric_potential - density forward 1.405 ms
[DEBUG  ] dreamplace.ops.electric_potential.electric_potential - density forward 1.193 ms
[DEBUG  ] dreamplace.ops.electric_potential.electric_potential - density backward 0.784 ms
[DEBUG  ] dreamplace.ops.electric_potential.electric_potential - density backward 0.841 ms
[DEBUG  ] dreamplace.ops.weighted_average_wirelength.weighted_average_wirelength - wirelength backward 0.138 ms
[INFO   ] DREAMPlace - optimizer step 29.805 ms
[INFO   ] DREAMPlace - iteration   96, (   4,  8,  0), Obj 5.890249E+03, NetCrossing 6.691E+02, NetCrossingWeight 1.000000E-01, DensityWeight 1.356331E-08, HPWL 6.384845E+03, Overflow 6.353652E-01, MaxDensity 1.428E+01, MacroOverlap 8.538E+01, MacroOverlapWeight 1.500000E+00, gamma 3.479068E+00, time 17.922ms
[INFO   ] DREAMPlace - full step 48.316 ms
[DEBUG  ] dreamplace.ops.weighted_average_wirelength.weighted_average_wirelength - wirelength forward 0.086 ms
[DEBUG  ] dreamplace.ops.electric_potential.electric_potential - density forward 1.418 ms
[DEBUG  ] dreamplace.ops.electric_potential.electric_potential - density forward 1.189 ms
[DEBUG  ] dreamplace.ops.electric_potential.electric_potential - density backward 0.774 ms
[DEBUG  ] dreamplace.ops.electric_potential.electric_potential - density backward 0.851 ms
[DEBUG  ] dreamplace.ops.weighted_average_wirelength.weighted_average_wirelength - wirelength backward 0.138 ms
[INFO   ] DREAMPlace - optimizer step 29.787 ms
[INFO   ] DREAMPlace - iteration   97, (   4,  8,  1), Obj 5.892404E+03, NetCrossing 6.672E+02, NetCrossingWeight 1.000000E-01, DensityWeight 1.356331E-08, HPWL 6.389718E+03, Overflow 6.332250E-01, MaxDensity 1.428E+01, MacroOverlap 8.381E+01, MacroOverlapWeight 1.500000E+00, gamma 3.479068E+00, time 17.624ms
[INFO   ] DREAMPlace - full step 48.048 ms
[INFO   ] DREAMPlace - Lsub stopping criteria: 1 and 5892.4 > 5890.25 * 0.999
[DEBUG  ] dreamplace.ops.weighted_average_wirelength.weighted_average_wirelength - wirelength forward 0.087 ms
[DEBUG  ] dreamplace.ops.electric_potential.electric_potential - density forward 1.467 ms
[DEBUG  ] dreamplace.ops.electric_potential.electric_potential - density forward 1.291 ms
[DEBUG  ] dreamplace.ops.electric_potential.electric_potential - density backward 0.793 ms
[DEBUG  ] dreamplace.ops.electric_potential.electric_potential - density backward 0.809 ms
[DEBUG  ] dreamplace.ops.weighted_average_wirelength.weighted_average_wirelength - wirelength backward 0.135 ms
[INFO   ] DREAMPlace - optimizer step 30.193 ms
[INFO   ] DREAMPlace - iteration   98, (   4,  9,  0), Obj 5.894285E+03, NetCrossing 6.713E+02, NetCrossingWeight 1.000000E-01, DensityWeight 1.480367E-08, HPWL 6.391882E+03, Overflow 6.311855E-01, MaxDensity 1.428E+01, MacroOverlap 8.272E+01, MacroOverlapWeight 1.500000E+00, gamma 3.479068E+00, time 17.696ms
[INFO   ] DREAMPlace - full step 48.531 ms
[DEBUG  ] dreamplace.ops.weighted_average_wirelength.weighted_average_wirelength - wirelength forward 0.084 ms
[DEBUG  ] dreamplace.ops.electric_potential.electric_potential - density forward 1.487 ms
[DEBUG  ] dreamplace.ops.electric_potential.electric_potential - density forward 1.232 ms
[DEBUG  ] dreamplace.ops.electric_potential.electric_potential - density backward 0.790 ms
[DEBUG  ] dreamplace.ops.electric_potential.electric_potential - density backward 0.803 ms
[DEBUG  ] dreamplace.ops.weighted_average_wirelength.weighted_average_wirelength - wirelength backward 0.134 ms
[INFO   ] DREAMPlace - optimizer step 30.046 ms
[INFO   ] DREAMPlace - iteration   99, (   4,  9,  1), Obj 5.897505E+03, NetCrossing 6.644E+02, NetCrossingWeight 1.000000E-01, DensityWeight 1.480367E-08, HPWL 6.397535E+03, Overflow 6.290270E-01, MaxDensity 1.428E+01, MacroOverlap 8.120E+01, MacroOverlapWeight 1.500000E+00, gamma 3.479068E+00, time 17.308ms
[INFO   ] DREAMPlace - full step 48.002 ms
[INFO   ] DREAMPlace - Lsub stopping criteria: 1 and 5897.51 > 5894.28 * 0.999
[INFO   ] DREAMPlace - plotting to ./results/reproduce-may20/small-9/PN42C_A00/run-0_0_1/PN42C_A00/plot/iter0100.png takes 0.051 seconds
[DEBUG  ] dreamplace.ops.weighted_average_wirelength.weighted_average_wirelength - wirelength forward 0.097 ms
[DEBUG  ] dreamplace.ops.electric_potential.electric_potential - density forward 1.433 ms
[DEBUG  ] dreamplace.ops.electric_potential.electric_potential - density forward 1.189 ms
[DEBUG  ] dreamplace.ops.electric_potential.electric_potential - density backward 0.815 ms
[DEBUG  ] dreamplace.ops.electric_potential.electric_potential - density backward 0.766 ms
[DEBUG  ] dreamplace.ops.weighted_average_wirelength.weighted_average_wirelength - wirelength backward 0.115 ms
[DEBUG  ] dreamplace.ops.weighted_average_wirelength.weighted_average_wirelength - wirelength forward 0.077 ms
[DEBUG  ] dreamplace.ops.electric_potential.electric_potential - density forward 1.672 ms
[DEBUG  ] dreamplace.ops.electric_potential.electric_potential - density forward 1.430 ms
[DEBUG  ] dreamplace.ops.electric_potential.electric_potential - density backward 0.793 ms
[DEBUG  ] dreamplace.ops.electric_potential.electric_potential - density backward 0.795 ms
[DEBUG  ] dreamplace.ops.weighted_average_wirelength.weighted_average_wirelength - wirelength backward 0.127 ms
[INFO   ] DREAMPlace - optimizer step 59.248 ms
[INFO   ] DREAMPlace - iteration  100, (   5,  0,  0), Obj 5.897381E+03, NetCrossing 6.660E+02, NetCrossingWeight 1.000000E-01, DensityWeight 1.615743E-08, HPWL 6.396404E+03, Overflow 6.267154E-01, MaxDensity 1.428E+01, MacroOverlap 8.016E+01, MacroOverlapWeight 1.500000E+00, gamma 2.868278E+00, time 17.833ms
[INFO   ] DREAMPlace - full step 131.148 ms
[DEBUG  ] dreamplace.ops.weighted_average_wirelength.weighted_average_wirelength - wirelength forward 0.084 ms
[DEBUG  ] dreamplace.ops.electric_potential.electric_potential - density forward 1.457 ms
[DEBUG  ] dreamplace.ops.electric_potential.electric_potential - density forward 1.255 ms
[DEBUG  ] dreamplace.ops.electric_potential.electric_potential - density backward 0.784 ms
[DEBUG  ] dreamplace.ops.electric_potential.electric_potential - density backward 0.811 ms
[DEBUG  ] dreamplace.ops.weighted_average_wirelength.weighted_average_wirelength - wirelength backward 0.137 ms
[DEBUG  ] dreamplace.ops.weighted_average_wirelength.weighted_average_wirelength - wirelength forward 0.076 ms
[DEBUG  ] dreamplace.ops.electric_potential.electric_potential - density forward 1.687 ms
[DEBUG  ] dreamplace.ops.electric_potential.electric_potential - density forward 1.452 ms
[DEBUG  ] dreamplace.ops.electric_potential.electric_potential - density backward 0.830 ms
[DEBUG  ] dreamplace.ops.electric_potential.electric_potential - density backward 0.757 ms
[DEBUG  ] dreamplace.ops.weighted_average_wirelength.weighted_average_wirelength - wirelength backward 0.107 ms
[INFO   ] DREAMPlace - optimizer step 60.471 ms
[INFO   ] DREAMPlace - iteration  101, (   5,  0,  1), Obj 6.002256E+03, NetCrossing 6.582E+02, NetCrossingWeight 1.000000E-01, DensityWeight 1.615743E-08, HPWL 6.379585E+03, Overflow 6.243093E-01, MaxDensity 1.428E+01, MacroOverlap 7.876E+01, MacroOverlapWeight 1.500000E+00, gamma 2.868278E+00, time 17.419ms
[INFO   ] DREAMPlace - full step 78.492 ms
[INFO   ] DREAMPlace - Lsub stopping criteria: 1 and 6002.26 > 5897.38 * 0.999
[DEBUG  ] dreamplace.ops.weighted_average_wirelength.weighted_average_wirelength - wirelength forward 0.087 ms
[DEBUG  ] dreamplace.ops.electric_potential.electric_potential - density forward 1.441 ms
[DEBUG  ] dreamplace.ops.electric_potential.electric_potential - density forward 1.179 ms
[DEBUG  ] dreamplace.ops.electric_potential.electric_potential - density backward 0.790 ms
[DEBUG  ] dreamplace.ops.electric_potential.electric_potential - density backward 0.756 ms
[DEBUG  ] dreamplace.ops.weighted_average_wirelength.weighted_average_wirelength - wirelength backward 0.126 ms
[DEBUG  ] dreamplace.ops.weighted_average_wirelength.weighted_average_wirelength - wirelength forward 0.075 ms
[DEBUG  ] dreamplace.ops.electric_potential.electric_potential - density forward 1.718 ms
[DEBUG  ] dreamplace.ops.electric_potential.electric_potential - density forward 1.441 ms
[DEBUG  ] dreamplace.ops.electric_potential.electric_potential - density backward 0.870 ms
[DEBUG  ] dreamplace.ops.electric_potential.electric_potential - density backward 0.695 ms
[DEBUG  ] dreamplace.ops.weighted_average_wirelength.weighted_average_wirelength - wirelength backward 0.091 ms
[INFO   ] DREAMPlace - optimizer step 58.008 ms
[INFO   ] DREAMPlace - iteration  102, (   5,  1,  0), Obj 6.006098E+03, NetCrossing 6.720E+02, NetCrossingWeight 1.000000E-01, DensityWeight 1.754532E-08, HPWL 6.361208E+03, Overflow 6.221338E-01, MaxDensity 1.428E+01, MacroOverlap 7.778E+01, MacroOverlapWeight 1.500000E+00, gamma 2.868278E+00, time 17.442ms
[INFO   ] DREAMPlace - full step 76.068 ms
[DEBUG  ] dreamplace.ops.weighted_average_wirelength.weighted_average_wirelength - wirelength forward 0.083 ms
[DEBUG  ] dreamplace.ops.electric_potential.electric_potential - density forward 1.415 ms
[DEBUG  ] dreamplace.ops.electric_potential.electric_potential - density forward 1.179 ms
[DEBUG  ] dreamplace.ops.electric_potential.electric_potential - density backward 0.855 ms
[DEBUG  ] dreamplace.ops.electric_potential.electric_potential - density backward 0.813 ms
[DEBUG  ] dreamplace.ops.weighted_average_wirelength.weighted_average_wirelength - wirelength backward 0.111 ms
[INFO   ] DREAMPlace - optimizer step 27.910 ms
[INFO   ] DREAMPlace - iteration  103, (   5,  1,  1), Obj 6.011585E+03, NetCrossing 6.646E+02, NetCrossingWeight 1.000000E-01, DensityWeight 1.754532E-08, HPWL 6.373219E+03, Overflow 6.198519E-01, MaxDensity 1.428E+01, MacroOverlap 7.632E+01, MacroOverlapWeight 1.500000E+00, gamma 2.868278E+00, time 16.812ms
[INFO   ] DREAMPlace - full step 45.352 ms
[INFO   ] DREAMPlace - Lsub stopping criteria: 1 and 6011.59 > 6006.1 * 0.999
[DEBUG  ] dreamplace.ops.weighted_average_wirelength.weighted_average_wirelength - wirelength forward 0.086 ms
[DEBUG  ] dreamplace.ops.electric_potential.electric_potential - density forward 1.486 ms
[DEBUG  ] dreamplace.ops.electric_potential.electric_potential - density forward 1.487 ms
[DEBUG  ] dreamplace.ops.electric_potential.electric_potential - density backward 0.803 ms
[DEBUG  ] dreamplace.ops.electric_potential.electric_potential - density backward 0.836 ms
[DEBUG  ] dreamplace.ops.weighted_average_wirelength.weighted_average_wirelength - wirelength backward 0.123 ms
[INFO   ] DREAMPlace - optimizer step 29.737 ms
[INFO   ] DREAMPlace - iteration  104, (   5,  2,  0), Obj 6.011417E+03, NetCrossing 6.661E+02, NetCrossingWeight 1.000000E-01, DensityWeight 1.905052E-08, HPWL 6.380175E+03, Overflow 6.174017E-01, MaxDensity 1.428E+01, MacroOverlap 7.541E+01, MacroOverlapWeight 1.500000E+00, gamma 2.868278E+00, time 18.410ms
[INFO   ] DREAMPlace - full step 48.755 ms
[DEBUG  ] dreamplace.ops.weighted_average_wirelength.weighted_average_wirelength - wirelength forward 0.088 ms
[DEBUG  ] dreamplace.ops.electric_potential.electric_potential - density forward 1.468 ms
[DEBUG  ] dreamplace.ops.electric_potential.electric_potential - density forward 1.189 ms
[DEBUG  ] dreamplace.ops.electric_potential.electric_potential - density backward 0.795 ms
[DEBUG  ] dreamplace.ops.electric_potential.electric_potential - density backward 0.844 ms
[DEBUG  ] dreamplace.ops.weighted_average_wirelength.weighted_average_wirelength - wirelength backward 0.127 ms
[INFO   ] DREAMPlace - optimizer step 29.669 ms
[INFO   ] DREAMPlace - iteration  105, (   5,  2,  1), Obj 6.022802E+03, NetCrossing 6.506E+02, NetCrossingWeight 1.000000E-01, DensityWeight 1.905052E-08, HPWL 6.394923E+03, Overflow 6.148946E-01, MaxDensity 1.428E+01, MacroOverlap 7.423E+01, MacroOverlapWeight 1.500000E+00, gamma 2.868278E+00, time 17.715ms
[INFO   ] DREAMPlace - full step 48.005 ms
[INFO   ] DREAMPlace - Lsub stopping criteria: 1 and 6022.8 > 6011.42 * 0.999
[DEBUG  ] dreamplace.ops.weighted_average_wirelength.weighted_average_wirelength - wirelength forward 0.087 ms
[DEBUG  ] dreamplace.ops.electric_potential.electric_potential - density forward 1.430 ms
[DEBUG  ] dreamplace.ops.electric_potential.electric_potential - density forward 1.340 ms
[DEBUG  ] dreamplace.ops.electric_potential.electric_potential - density backward 0.777 ms
[DEBUG  ] dreamplace.ops.electric_potential.electric_potential - density backward 0.811 ms
[DEBUG  ] dreamplace.ops.weighted_average_wirelength.weighted_average_wirelength - wirelength backward 0.137 ms
[INFO   ] DREAMPlace - optimizer step 29.820 ms
[INFO   ] DREAMPlace - iteration  106, (   5,  3,  0), Obj 6.018689E+03, NetCrossing 6.683E+02, NetCrossingWeight 1.000000E-01, DensityWeight 2.079259E-08, HPWL 6.388406E+03, Overflow 6.124634E-01, MaxDensity 1.428E+01, MacroOverlap 7.359E+01, MacroOverlapWeight 1.500000E+00, gamma 2.868278E+00, time 17.826ms
[INFO   ] DREAMPlace - full step 48.242 ms
[DEBUG  ] dreamplace.ops.weighted_average_wirelength.weighted_average_wirelength - wirelength forward 0.090 ms
[DEBUG  ] dreamplace.ops.electric_potential.electric_potential - density forward 1.507 ms
[DEBUG  ] dreamplace.ops.electric_potential.electric_potential - density forward 1.198 ms
[DEBUG  ] dreamplace.ops.electric_potential.electric_potential - density backward 0.776 ms
[DEBUG  ] dreamplace.ops.electric_potential.electric_potential - density backward 0.813 ms
[DEBUG  ] dreamplace.ops.weighted_average_wirelength.weighted_average_wirelength - wirelength backward 0.139 ms
[INFO   ] DREAMPlace - optimizer step 31.415 ms
[INFO   ] DREAMPlace - iteration  107, (   5,  3,  1), Obj 6.025867E+03, NetCrossing 6.613E+02, NetCrossingWeight 1.000000E-01, DensityWeight 2.079259E-08, HPWL 6.392692E+03, Overflow 6.099334E-01, MaxDensity 1.428E+01, MacroOverlap 7.263E+01, MacroOverlapWeight 1.500000E+00, gamma 2.868278E+00, time 17.599ms
[INFO   ] DREAMPlace - full step 49.641 ms
[INFO   ] DREAMPlace - Lsub stopping criteria: 1 and 6025.87 > 6018.69 * 0.999
[DEBUG  ] dreamplace.ops.weighted_average_wirelength.weighted_average_wirelength - wirelength forward 0.101 ms
[DEBUG  ] dreamplace.ops.electric_potential.electric_potential - density forward 1.450 ms
[DEBUG  ] dreamplace.ops.electric_potential.electric_potential - density forward 1.184 ms
[DEBUG  ] dreamplace.ops.electric_potential.electric_potential - density backward 0.766 ms
[DEBUG  ] dreamplace.ops.electric_potential.electric_potential - density backward 0.787 ms
[DEBUG  ] dreamplace.ops.weighted_average_wirelength.weighted_average_wirelength - wirelength backward 0.142 ms
[INFO   ] DREAMPlace - optimizer step 30.281 ms
[INFO   ] DREAMPlace - iteration  108, (   5,  4,  0), Obj 6.030683E+03, NetCrossing 6.593E+02, NetCrossingWeight 1.000000E-01, DensityWeight 2.257185E-08, HPWL 6.397764E+03, Overflow 6.073525E-01, MaxDensity 1.428E+01, MacroOverlap 7.218E+01, MacroOverlapWeight 1.500000E+00, gamma 2.868278E+00, time 17.460ms
[INFO   ] DREAMPlace - full step 48.366 ms
[DEBUG  ] dreamplace.ops.weighted_average_wirelength.weighted_average_wirelength - wirelength forward 0.092 ms
[DEBUG  ] dreamplace.ops.electric_potential.electric_potential - density forward 1.531 ms
[DEBUG  ] dreamplace.ops.electric_potential.electric_potential - density forward 1.198 ms
[DEBUG  ] dreamplace.ops.electric_potential.electric_potential - density backward 0.792 ms
[DEBUG  ] dreamplace.ops.electric_potential.electric_potential - density backward 0.880 ms
[DEBUG  ] dreamplace.ops.weighted_average_wirelength.weighted_average_wirelength - wirelength backward 0.139 ms
[INFO   ] DREAMPlace - optimizer step 30.223 ms
[INFO   ] DREAMPlace - iteration  109, (   5,  4,  1), Obj 6.032167E+03, NetCrossing 6.656E+02, NetCrossingWeight 1.000000E-01, DensityWeight 2.257185E-08, HPWL 6.392751E+03, Overflow 6.047161E-01, MaxDensity 1.428E+01, MacroOverlap 7.131E+01, MacroOverlapWeight 1.500000E+00, gamma 2.868278E+00, time 18.638ms
[INFO   ] DREAMPlace - full step 49.490 ms
[INFO   ] DREAMPlace - Lsub stopping criteria: 1 and 6032.17 > 6030.68 * 0.999
[DEBUG  ] dreamplace.ops.weighted_average_wirelength.weighted_average_wirelength - wirelength forward 0.094 ms
[DEBUG  ] dreamplace.ops.electric_potential.electric_potential - density forward 1.449 ms
[DEBUG  ] dreamplace.ops.electric_potential.electric_potential - density forward 1.208 ms
[DEBUG  ] dreamplace.ops.electric_potential.electric_potential - density backward 0.771 ms
[DEBUG  ] dreamplace.ops.electric_potential.electric_potential - density backward 0.871 ms
[DEBUG  ] dreamplace.ops.weighted_average_wirelength.weighted_average_wirelength - wirelength backward 0.138 ms
[INFO   ] DREAMPlace - optimizer step 29.826 ms
[INFO   ] DREAMPlace - iteration  110, (   5,  5,  0), Obj 6.032986E+03, NetCrossing 6.637E+02, NetCrossingWeight 1.000000E-01, DensityWeight 2.463605E-08, HPWL 6.401708E+03, Overflow 6.019238E-01, MaxDensity 1.428E+01, MacroOverlap 7.078E+01, MacroOverlapWeight 1.500000E+00, gamma 2.868278E+00, time 17.885ms
[INFO   ] DREAMPlace - full step 48.453 ms
[DEBUG  ] dreamplace.ops.weighted_average_wirelength.weighted_average_wirelength - wirelength forward 0.083 ms
[DEBUG  ] dreamplace.ops.electric_potential.electric_potential - density forward 1.418 ms
[DEBUG  ] dreamplace.ops.electric_potential.electric_potential - density forward 1.163 ms
[DEBUG  ] dreamplace.ops.electric_potential.electric_potential - density backward 0.841 ms
[DEBUG  ] dreamplace.ops.electric_potential.electric_potential - density backward 0.817 ms
[DEBUG  ] dreamplace.ops.weighted_average_wirelength.weighted_average_wirelength - wirelength backward 0.100 ms
[INFO   ] DREAMPlace - optimizer step 27.528 ms
[INFO   ] DREAMPlace - iteration  111, (   5,  5,  1), Obj 6.046663E+03, NetCrossing 6.476E+02, NetCrossingWeight 1.000000E-01, DensityWeight 2.463605E-08, HPWL 6.412798E+03, Overflow 5.992318E-01, MaxDensity 1.428E+01, MacroOverlap 6.981E+01, MacroOverlapWeight 1.500000E+00, gamma 2.868278E+00, time 17.623ms
[INFO   ] DREAMPlace - full step 45.837 ms
[INFO   ] DREAMPlace - Lsub stopping criteria: 1 and 6046.66 > 6032.99 * 0.999
[DEBUG  ] dreamplace.ops.weighted_average_wirelength.weighted_average_wirelength - wirelength forward 0.081 ms
[DEBUG  ] dreamplace.ops.electric_potential.electric_potential - density forward 1.499 ms
[DEBUG  ] dreamplace.ops.electric_potential.electric_potential - density forward 1.207 ms
[DEBUG  ] dreamplace.ops.electric_potential.electric_potential - density backward 0.828 ms
[DEBUG  ] dreamplace.ops.electric_potential.electric_potential - density backward 0.802 ms
[DEBUG  ] dreamplace.ops.weighted_average_wirelength.weighted_average_wirelength - wirelength backward 0.123 ms
[INFO   ] DREAMPlace - optimizer step 28.710 ms
[INFO   ] DREAMPlace - iteration  112, (   5,  6,  0), Obj 6.044558E+03, NetCrossing 6.635E+02, NetCrossingWeight 1.000000E-01, DensityWeight 2.688890E-08, HPWL 6.415616E+03, Overflow 5.963814E-01, MaxDensity 1.428E+01, MacroOverlap 6.921E+01, MacroOverlapWeight 1.500000E+00, gamma 2.868278E+00, time 17.213ms
[INFO   ] DREAMPlace - full step 46.539 ms
[DEBUG  ] dreamplace.ops.weighted_average_wirelength.weighted_average_wirelength - wirelength forward 0.087 ms
[DEBUG  ] dreamplace.ops.electric_potential.electric_potential - density forward 1.618 ms
[DEBUG  ] dreamplace.ops.electric_potential.electric_potential - density forward 1.272 ms
[DEBUG  ] dreamplace.ops.electric_potential.electric_potential - density backward 0.856 ms
[DEBUG  ] dreamplace.ops.electric_potential.electric_potential - density backward 0.816 ms
[DEBUG  ] dreamplace.ops.weighted_average_wirelength.weighted_average_wirelength - wirelength backward 0.093 ms
[INFO   ] DREAMPlace - optimizer step 29.491 ms
[INFO   ] DREAMPlace - iteration  113, (   5,  6,  1), Obj 6.056783E+03, NetCrossing 6.606E+02, NetCrossingWeight 1.000000E-01, DensityWeight 2.688890E-08, HPWL 6.417265E+03, Overflow 5.932866E-01, MaxDensity 1.428E+01, MacroOverlap 6.819E+01, MacroOverlapWeight 1.500000E+00, gamma 2.868278E+00, time 17.644ms
[INFO   ] DREAMPlace - full step 47.733 ms
[INFO   ] DREAMPlace - Lsub stopping criteria: 1 and 6056.78 > 6044.56 * 0.999
[DEBUG  ] dreamplace.ops.weighted_average_wirelength.weighted_average_wirelength - wirelength forward 0.089 ms
[DEBUG  ] dreamplace.ops.electric_potential.electric_potential - density forward 1.443 ms
[DEBUG  ] dreamplace.ops.electric_potential.electric_potential - density forward 1.356 ms
[DEBUG  ] dreamplace.ops.electric_potential.electric_potential - density backward 0.885 ms
[DEBUG  ] dreamplace.ops.electric_potential.electric_potential - density backward 0.853 ms
[DEBUG  ] dreamplace.ops.weighted_average_wirelength.weighted_average_wirelength - wirelength backward 0.115 ms
[INFO   ] DREAMPlace - optimizer step 28.531 ms
[INFO   ] DREAMPlace - iteration  114, (   5,  7,  0), Obj 6.053124E+03, NetCrossing 6.674E+02, NetCrossingWeight 1.000000E-01, DensityWeight 2.934786E-08, HPWL 6.418515E+03, Overflow 5.904742E-01, MaxDensity 1.428E+01, MacroOverlap 6.761E+01, MacroOverlapWeight 1.500000E+00, gamma 2.868278E+00, time 17.862ms
[INFO   ] DREAMPlace - full step 46.983 ms
[DEBUG  ] dreamplace.ops.weighted_average_wirelength.weighted_average_wirelength - wirelength forward 0.083 ms
[DEBUG  ] dreamplace.ops.electric_potential.electric_potential - density forward 1.418 ms
[DEBUG  ] dreamplace.ops.electric_potential.electric_potential - density forward 1.270 ms
[DEBUG  ] dreamplace.ops.electric_potential.electric_potential - density backward 0.793 ms
[DEBUG  ] dreamplace.ops.electric_potential.electric_potential - density backward 0.880 ms
[DEBUG  ] dreamplace.ops.weighted_average_wirelength.weighted_average_wirelength - wirelength backward 0.126 ms
[INFO   ] DREAMPlace - optimizer step 29.388 ms
[INFO   ] DREAMPlace - iteration  115, (   5,  7,  1), Obj 6.076732E+03, NetCrossing 6.661E+02, NetCrossingWeight 1.000000E-01, DensityWeight 2.934786E-08, HPWL 6.431164E+03, Overflow 5.872909E-01, MaxDensity 1.386E+01, MacroOverlap 6.666E+01, MacroOverlapWeight 1.500000E+00, gamma 2.868278E+00, time 17.479ms
[INFO   ] DREAMPlace - full step 47.472 ms
[INFO   ] DREAMPlace - Lsub stopping criteria: 1 and 6076.73 > 6053.12 * 0.999
[DEBUG  ] dreamplace.ops.weighted_average_wirelength.weighted_average_wirelength - wirelength forward 0.087 ms
[DEBUG  ] dreamplace.ops.electric_potential.electric_potential - density forward 1.468 ms
[DEBUG  ] dreamplace.ops.electric_potential.electric_potential - density forward 1.328 ms
[DEBUG  ] dreamplace.ops.electric_potential.electric_potential - density backward 0.772 ms
[DEBUG  ] dreamplace.ops.electric_potential.electric_potential - density backward 0.887 ms
[DEBUG  ] dreamplace.ops.weighted_average_wirelength.weighted_average_wirelength - wirelength backward 0.137 ms
[INFO   ] DREAMPlace - optimizer step 30.369 ms
[INFO   ] DREAMPlace - iteration  116, (   5,  8,  0), Obj 6.075021E+03, NetCrossing 6.755E+02, NetCrossingWeight 1.000000E-01, DensityWeight 3.203163E-08, HPWL 6.445578E+03, Overflow 5.840600E-01, MaxDensity 1.373E+01, MacroOverlap 6.608E+01, MacroOverlapWeight 1.500000E+00, gamma 2.868278E+00, time 17.498ms
[INFO   ] DREAMPlace - full step 48.494 ms
[DEBUG  ] dreamplace.ops.weighted_average_wirelength.weighted_average_wirelength - wirelength forward 0.087 ms
[DEBUG  ] dreamplace.ops.electric_potential.electric_potential - density forward 1.430 ms
[DEBUG  ] dreamplace.ops.electric_potential.electric_potential - density forward 1.192 ms
[DEBUG  ] dreamplace.ops.electric_potential.electric_potential - density backward 0.773 ms
[DEBUG  ] dreamplace.ops.electric_potential.electric_potential - density backward 0.839 ms
[DEBUG  ] dreamplace.ops.weighted_average_wirelength.weighted_average_wirelength - wirelength backward 0.138 ms
[INFO   ] DREAMPlace - optimizer step 29.714 ms
[INFO   ] DREAMPlace - iteration  117, (   5,  8,  1), Obj 6.092657E+03, NetCrossing 6.599E+02, NetCrossingWeight 1.000000E-01, DensityWeight 3.203163E-08, HPWL 6.451510E+03, Overflow 5.808483E-01, MaxDensity 1.338E+01, MacroOverlap 6.512E+01, MacroOverlapWeight 1.500000E+00, gamma 2.868278E+00, time 18.020ms
[INFO   ] DREAMPlace - full step 48.343 ms
[INFO   ] DREAMPlace - Lsub stopping criteria: 1 and 6092.66 > 6075.02 * 0.999
[DEBUG  ] dreamplace.ops.weighted_average_wirelength.weighted_average_wirelength - wirelength forward 0.085 ms
[DEBUG  ] dreamplace.ops.electric_potential.electric_potential - density forward 1.558 ms
[DEBUG  ] dreamplace.ops.electric_potential.electric_potential - density forward 1.189 ms
[DEBUG  ] dreamplace.ops.electric_potential.electric_potential - density backward 0.818 ms
[DEBUG  ] dreamplace.ops.electric_potential.electric_potential - density backward 0.873 ms
[DEBUG  ] dreamplace.ops.weighted_average_wirelength.weighted_average_wirelength - wirelength backward 0.114 ms
[INFO   ] DREAMPlace - optimizer step 28.526 ms
[INFO   ] DREAMPlace - iteration  118, (   5,  9,  0), Obj 6.086772E+03, NetCrossing 6.707E+02, NetCrossingWeight 1.000000E-01, DensityWeight 3.496076E-08, HPWL 6.447832E+03, Overflow 5.774591E-01, MaxDensity 1.361E+01, MacroOverlap 6.464E+01, MacroOverlapWeight 1.500000E+00, gamma 2.868278E+00, time 17.956ms
[INFO   ] DREAMPlace - full step 47.103 ms
[DEBUG  ] dreamplace.ops.weighted_average_wirelength.weighted_average_wirelength - wirelength forward 0.087 ms
[DEBUG  ] dreamplace.ops.electric_potential.electric_potential - density forward 1.406 ms
[DEBUG  ] dreamplace.ops.electric_potential.electric_potential - density forward 1.231 ms
[DEBUG  ] dreamplace.ops.electric_potential.electric_potential - density backward 0.839 ms
[DEBUG  ] dreamplace.ops.electric_potential.electric_potential - density backward 0.889 ms
[DEBUG  ] dreamplace.ops.weighted_average_wirelength.weighted_average_wirelength - wirelength backward 0.140 ms
[INFO   ] DREAMPlace - optimizer step 28.872 ms
[INFO   ] DREAMPlace - iteration  119, (   5,  9,  1), Obj 6.098168E+03, NetCrossing 6.604E+02, NetCrossingWeight 1.000000E-01, DensityWeight 3.496076E-08, HPWL 6.450400E+03, Overflow 5.739323E-01, MaxDensity 1.343E+01, MacroOverlap 6.356E+01, MacroOverlapWeight 1.500000E+00, gamma 2.868278E+00, time 18.085ms
[INFO   ] DREAMPlace - full step 47.563 ms
[INFO   ] DREAMPlace - Lsub stopping criteria: 1 and 6098.17 > 6086.77 * 0.999
[DEBUG  ] dreamplace.ops.weighted_average_wirelength.weighted_average_wirelength - wirelength forward 0.092 ms
[DEBUG  ] dreamplace.ops.electric_potential.electric_potential - density forward 1.458 ms
[DEBUG  ] dreamplace.ops.electric_potential.electric_potential - density forward 1.193 ms
[DEBUG  ] dreamplace.ops.electric_potential.electric_potential - density backward 0.781 ms
[DEBUG  ] dreamplace.ops.electric_potential.electric_potential - density backward 0.912 ms
[DEBUG  ] dreamplace.ops.weighted_average_wirelength.weighted_average_wirelength - wirelength backward 0.141 ms
[DEBUG  ] dreamplace.ops.weighted_average_wirelength.weighted_average_wirelength - wirelength forward 0.077 ms
[DEBUG  ] dreamplace.ops.electric_potential.electric_potential - density forward 1.719 ms
[DEBUG  ] dreamplace.ops.electric_potential.electric_potential - density forward 1.473 ms
[DEBUG  ] dreamplace.ops.electric_potential.electric_potential - density backward 0.767 ms
[DEBUG  ] dreamplace.ops.electric_potential.electric_potential - density backward 0.913 ms
[DEBUG  ] dreamplace.ops.weighted_average_wirelength.weighted_average_wirelength - wirelength backward 0.137 ms
[INFO   ] DREAMPlace - optimizer step 61.390 ms
[INFO   ] DREAMPlace - iteration  120, (   6,  0,  0), Obj 6.096914E+03, NetCrossing 6.619E+02, NetCrossingWeight 1.000000E-01, DensityWeight 3.792966E-08, HPWL 6.450632E+03, Overflow 5.704690E-01, MaxDensity 1.348E+01, MacroOverlap 6.313E+01, MacroOverlapWeight 1.500000E+00, gamma 2.163659E+00, time 17.826ms
[INFO   ] DREAMPlace - full step 79.845 ms
[DEBUG  ] dreamplace.ops.weighted_average_wirelength.weighted_average_wirelength - wirelength forward 0.089 ms
[DEBUG  ] dreamplace.ops.electric_potential.electric_potential - density forward 1.666 ms
[DEBUG  ] dreamplace.ops.electric_potential.electric_potential - density forward 1.354 ms
[DEBUG  ] dreamplace.ops.electric_potential.electric_potential - density backward 0.781 ms
[DEBUG  ] dreamplace.ops.electric_potential.electric_potential - density backward 0.938 ms
[DEBUG  ] dreamplace.ops.weighted_average_wirelength.weighted_average_wirelength - wirelength backward 0.138 ms
[DEBUG  ] dreamplace.ops.weighted_average_wirelength.weighted_average_wirelength - wirelength forward 0.077 ms
[DEBUG  ] dreamplace.ops.electric_potential.electric_potential - density forward 1.688 ms
[DEBUG  ] dreamplace.ops.electric_potential.electric_potential - density forward 1.443 ms
[DEBUG  ] dreamplace.ops.electric_potential.electric_potential - density backward 0.782 ms
[DEBUG  ] dreamplace.ops.electric_potential.electric_potential - density backward 0.934 ms
[DEBUG  ] dreamplace.ops.weighted_average_wirelength.weighted_average_wirelength - wirelength backward 0.137 ms
[INFO   ] DREAMPlace - optimizer step 61.651 ms
[INFO   ] DREAMPlace - iteration  121, (   6,  0,  1), Obj 6.223353E+03, NetCrossing 6.531E+02, NetCrossingWeight 1.000000E-01, DensityWeight 3.792966E-08, HPWL 6.403569E+03, Overflow 5.666155E-01, MaxDensity 1.349E+01, MacroOverlap 6.220E+01, MacroOverlapWeight 1.500000E+00, gamma 2.163659E+00, time 17.403ms
[INFO   ] DREAMPlace - full step 79.682 ms
[INFO   ] DREAMPlace - Lsub stopping criteria: 1 and 6223.35 > 6096.91 * 0.999
[DEBUG  ] dreamplace.ops.weighted_average_wirelength.weighted_average_wirelength - wirelength forward 0.085 ms
[DEBUG  ] dreamplace.ops.electric_potential.electric_potential - density forward 1.516 ms
[DEBUG  ] dreamplace.ops.electric_potential.electric_potential - density forward 1.182 ms
[DEBUG  ] dreamplace.ops.electric_potential.electric_potential - density backward 0.758 ms
[DEBUG  ] dreamplace.ops.electric_potential.electric_potential - density backward 0.937 ms
[DEBUG  ] dreamplace.ops.weighted_average_wirelength.weighted_average_wirelength - wirelength backward 0.142 ms
[DEBUG  ] dreamplace.ops.weighted_average_wirelength.weighted_average_wirelength - wirelength forward 0.075 ms
[DEBUG  ] dreamplace.ops.electric_potential.electric_potential - density forward 1.763 ms
[DEBUG  ] dreamplace.ops.electric_potential.electric_potential - density forward 1.476 ms
[DEBUG  ] dreamplace.ops.electric_potential.electric_potential - density backward 0.824 ms
[DEBUG  ] dreamplace.ops.electric_potential.electric_potential - density backward 0.882 ms
[DEBUG  ] dreamplace.ops.weighted_average_wirelength.weighted_average_wirelength - wirelength backward 0.109 ms
[INFO   ] DREAMPlace - optimizer step 60.533 ms
[INFO   ] DREAMPlace - iteration  122, (   6,  1,  0), Obj 6.238427E+03, NetCrossing 6.521E+02, NetCrossingWeight 1.000000E-01, DensityWeight 4.114656E-08, HPWL 6.408677E+03, Overflow 5.631108E-01, MaxDensity 1.364E+01, MacroOverlap 6.169E+01, MacroOverlapWeight 1.500000E+00, gamma 2.163659E+00, time 17.090ms
[INFO   ] DREAMPlace - full step 78.242 ms
[DEBUG  ] dreamplace.ops.weighted_average_wirelength.weighted_average_wirelength - wirelength forward 0.091 ms
[DEBUG  ] dreamplace.ops.electric_potential.electric_potential - density forward 1.467 ms
[DEBUG  ] dreamplace.ops.electric_potential.electric_potential - density forward 1.181 ms
[DEBUG  ] dreamplace.ops.electric_potential.electric_potential - density backward 0.816 ms
[DEBUG  ] dreamplace.ops.electric_potential.electric_potential - density backward 0.910 ms
[DEBUG  ] dreamplace.ops.weighted_average_wirelength.weighted_average_wirelength - wirelength backward 0.129 ms
[INFO   ] DREAMPlace - optimizer step 29.949 ms
[INFO   ] DREAMPlace - iteration  123, (   6,  1,  1), Obj 6.269530E+03, NetCrossing 6.578E+02, NetCrossingWeight 1.000000E-01, DensityWeight 4.114656E-08, HPWL 6.443878E+03, Overflow 5.596964E-01, MaxDensity 1.380E+01, MacroOverlap 6.064E+01, MacroOverlapWeight 1.500000E+00, gamma 2.163659E+00, time 17.941ms
[INFO   ] DREAMPlace - full step 48.547 ms
[INFO   ] DREAMPlace - Lsub stopping criteria: 1 and 6269.53 > 6238.43 * 0.999
[DEBUG  ] dreamplace.ops.weighted_average_wirelength.weighted_average_wirelength - wirelength forward 0.088 ms
[DEBUG  ] dreamplace.ops.electric_potential.electric_potential - density forward 1.473 ms
[DEBUG  ] dreamplace.ops.electric_potential.electric_potential - density forward 1.196 ms
[DEBUG  ] dreamplace.ops.electric_potential.electric_potential - density backward 0.774 ms
[DEBUG  ] dreamplace.ops.electric_potential.electric_potential - density backward 0.864 ms
[DEBUG  ] dreamplace.ops.weighted_average_wirelength.weighted_average_wirelength - wirelength backward 0.155 ms
[INFO   ] DREAMPlace - optimizer step 29.932 ms
[INFO   ] DREAMPlace - iteration  124, (   6,  2,  0), Obj 6.272998E+03, NetCrossing 6.589E+02, NetCrossingWeight 1.000000E-01, DensityWeight 4.490899E-08, HPWL 6.455887E+03, Overflow 5.566402E-01, MaxDensity 1.380E+01, MacroOverlap 6.039E+01, MacroOverlapWeight 1.500000E+00, gamma 2.163659E+00, time 17.346ms
[INFO   ] DREAMPlace - full step 47.877 ms
[DEBUG  ] dreamplace.ops.weighted_average_wirelength.weighted_average_wirelength - wirelength forward 0.086 ms
[DEBUG  ] dreamplace.ops.electric_potential.electric_potential - density forward 1.398 ms
[DEBUG  ] dreamplace.ops.electric_potential.electric_potential - density forward 1.158 ms
[DEBUG  ] dreamplace.ops.electric_potential.electric_potential - density backward 0.777 ms
[DEBUG  ] dreamplace.ops.electric_potential.electric_potential - density backward 0.951 ms
[DEBUG  ] dreamplace.ops.weighted_average_wirelength.weighted_average_wirelength - wirelength backward 0.136 ms
[INFO   ] DREAMPlace - optimizer step 30.004 ms
[INFO   ] DREAMPlace - iteration  125, (   6,  2,  1), Obj 6.294555E+03, NetCrossing 6.579E+02, NetCrossingWeight 1.000000E-01, DensityWeight 4.490899E-08, HPWL 6.470766E+03, Overflow 5.532320E-01, MaxDensity 1.381E+01, MacroOverlap 5.963E+01, MacroOverlapWeight 1.500000E+00, gamma 2.163659E+00, time 17.897ms
[INFO   ] DREAMPlace - full step 48.498 ms
[INFO   ] DREAMPlace - Lsub stopping criteria: 1 and 6294.56 > 6273 * 0.999
[DEBUG  ] dreamplace.ops.weighted_average_wirelength.weighted_average_wirelength - wirelength forward 0.085 ms
[DEBUG  ] dreamplace.ops.electric_potential.electric_potential - density forward 1.420 ms
[DEBUG  ] dreamplace.ops.electric_potential.electric_potential - density forward 1.182 ms
[DEBUG  ] dreamplace.ops.electric_potential.electric_potential - density backward 0.776 ms
[DEBUG  ] dreamplace.ops.electric_potential.electric_potential - density backward 0.943 ms
[DEBUG  ] dreamplace.ops.weighted_average_wirelength.weighted_average_wirelength - wirelength backward 0.139 ms
[INFO   ] DREAMPlace - optimizer step 29.928 ms
[INFO   ] DREAMPlace - iteration  126, (   6,  3,  0), Obj 6.286052E+03, NetCrossing 6.483E+02, NetCrossingWeight 1.000000E-01, DensityWeight 4.901561E-08, HPWL 6.465129E+03, Overflow 5.499120E-01, MaxDensity 1.366E+01, MacroOverlap 5.963E+01, MacroOverlapWeight 1.500000E+00, gamma 2.163659E+00, time 17.752ms
[INFO   ] DREAMPlace - full step 48.272 ms
[DEBUG  ] dreamplace.ops.weighted_average_wirelength.weighted_average_wirelength - wirelength forward 0.087 ms
[DEBUG  ] dreamplace.ops.electric_potential.electric_potential - density forward 1.451 ms
[DEBUG  ] dreamplace.ops.electric_potential.electric_potential - density forward 1.215 ms
[DEBUG  ] dreamplace.ops.electric_potential.electric_potential - density backward 0.775 ms
[DEBUG  ] dreamplace.ops.electric_potential.electric_potential - density backward 0.882 ms
[DEBUG  ] dreamplace.ops.weighted_average_wirelength.weighted_average_wirelength - wirelength backward 0.135 ms
[INFO   ] DREAMPlace - optimizer step 30.036 ms
[INFO   ] DREAMPlace - iteration  127, (   6,  3,  1), Obj 6.307578E+03, NetCrossing 6.589E+02, NetCrossingWeight 1.000000E-01, DensityWeight 4.901561E-08, HPWL 6.473113E+03, Overflow 5.469697E-01, MaxDensity 1.374E+01, MacroOverlap 5.908E+01, MacroOverlapWeight 1.500000E+00, gamma 2.163659E+00, time 17.694ms
[INFO   ] DREAMPlace - full step 48.337 ms
[INFO   ] DREAMPlace - Lsub stopping criteria: 1 and 6307.58 > 6286.05 * 0.999
[DEBUG  ] dreamplace.ops.weighted_average_wirelength.weighted_average_wirelength - wirelength forward 0.087 ms
[DEBUG  ] dreamplace.ops.electric_potential.electric_potential - density forward 1.411 ms
[DEBUG  ] dreamplace.ops.electric_potential.electric_potential - density forward 1.171 ms
[DEBUG  ] dreamplace.ops.electric_potential.electric_potential - density backward 0.780 ms
[DEBUG  ] dreamplace.ops.electric_potential.electric_potential - density backward 0.961 ms
[DEBUG  ] dreamplace.ops.weighted_average_wirelength.weighted_average_wirelength - wirelength backward 0.138 ms
[INFO   ] DREAMPlace - optimizer step 29.339 ms
[INFO   ] DREAMPlace - iteration  128, (   6,  4,  0), Obj 6.303260E+03, NetCrossing 6.484E+02, NetCrossingWeight 1.000000E-01, DensityWeight 5.349807E-08, HPWL 6.475490E+03, Overflow 5.439486E-01, MaxDensity 1.338E+01, MacroOverlap 5.895E+01, MacroOverlapWeight 1.500000E+00, gamma 2.163659E+00, time 17.863ms
[INFO   ] DREAMPlace - full step 47.810 ms
[DEBUG  ] dreamplace.ops.weighted_average_wirelength.weighted_average_wirelength - wirelength forward 0.087 ms
[DEBUG  ] dreamplace.ops.electric_potential.electric_potential - density forward 1.509 ms
[DEBUG  ] dreamplace.ops.electric_potential.electric_potential - density forward 1.194 ms
[DEBUG  ] dreamplace.ops.electric_potential.electric_potential - density backward 0.776 ms
[DEBUG  ] dreamplace.ops.electric_potential.electric_potential - density backward 0.896 ms
[DEBUG  ] dreamplace.ops.weighted_average_wirelength.weighted_average_wirelength - wirelength backward 0.138 ms
[INFO   ] DREAMPlace - optimizer step 29.867 ms
[INFO   ] DREAMPlace - iteration  129, (   6,  4,  1), Obj 6.330878E+03, NetCrossing 6.558E+02, NetCrossingWeight 1.000000E-01, DensityWeight 5.349807E-08, HPWL 6.486999E+03, Overflow 5.406433E-01, MaxDensity 1.354E+01, MacroOverlap 5.831E+01, MacroOverlapWeight 1.500000E+00, gamma 2.163659E+00, time 17.535ms
[INFO   ] DREAMPlace - full step 48.015 ms
[INFO   ] DREAMPlace - Lsub stopping criteria: 1 and 6330.88 > 6303.26 * 0.999
[DEBUG  ] dreamplace.ops.weighted_average_wirelength.weighted_average_wirelength - wirelength forward 0.080 ms
[DEBUG  ] dreamplace.ops.electric_potential.electric_potential - density forward 1.420 ms
[DEBUG  ] dreamplace.ops.electric_potential.electric_potential - density forward 1.192 ms
[DEBUG  ] dreamplace.ops.electric_potential.electric_potential - density backward 0.778 ms
[DEBUG  ] dreamplace.ops.electric_potential.electric_potential - density backward 0.896 ms
[DEBUG  ] dreamplace.ops.weighted_average_wirelength.weighted_average_wirelength - wirelength backward 0.138 ms
[INFO   ] DREAMPlace - optimizer step 29.989 ms
[INFO   ] DREAMPlace - iteration  130, (   6,  5,  0), Obj 6.332000E+03, NetCrossing 6.319E+02, NetCrossingWeight 1.000000E-01, DensityWeight 5.839029E-08, HPWL 6.499694E+03, Overflow 5.375809E-01, MaxDensity 1.339E+01, MacroOverlap 5.815E+01, MacroOverlapWeight 1.500000E+00, gamma 2.163659E+00, time 17.424ms
[INFO   ] DREAMPlace - full step 48.081 ms
[DEBUG  ] dreamplace.ops.weighted_average_wirelength.weighted_average_wirelength - wirelength forward 0.085 ms
[DEBUG  ] dreamplace.ops.electric_potential.electric_potential - density forward 1.462 ms
[DEBUG  ] dreamplace.ops.electric_potential.electric_potential - density forward 1.176 ms
[DEBUG  ] dreamplace.ops.electric_potential.electric_potential - density backward 0.769 ms
[DEBUG  ] dreamplace.ops.electric_potential.electric_potential - density backward 0.903 ms
[DEBUG  ] dreamplace.ops.weighted_average_wirelength.weighted_average_wirelength - wirelength backward 0.134 ms
[INFO   ] DREAMPlace - optimizer step 30.202 ms
[INFO   ] DREAMPlace - iteration  131, (   6,  5,  1), Obj 6.351191E+03, NetCrossing 6.626E+02, NetCrossingWeight 1.000000E-01, DensityWeight 5.839029E-08, HPWL 6.501975E+03, Overflow 5.341499E-01, MaxDensity 1.338E+01, MacroOverlap 5.756E+01, MacroOverlapWeight 1.500000E+00, gamma 2.163659E+00, time 17.595ms
[INFO   ] DREAMPlace - full step 48.516 ms
[INFO   ] DREAMPlace - Lsub stopping criteria: 1 and 6351.19 > 6332 * 0.999
[DEBUG  ] dreamplace.ops.weighted_average_wirelength.weighted_average_wirelength - wirelength forward 0.088 ms
[DEBUG  ] dreamplace.ops.electric_potential.electric_potential - density forward 1.445 ms
[DEBUG  ] dreamplace.ops.electric_potential.electric_potential - density forward 1.178 ms
[DEBUG  ] dreamplace.ops.electric_potential.electric_potential - density backward 0.778 ms
[DEBUG  ] dreamplace.ops.electric_potential.electric_potential - density backward 0.904 ms
[DEBUG  ] dreamplace.ops.weighted_average_wirelength.weighted_average_wirelength - wirelength backward 0.140 ms
[INFO   ] DREAMPlace - optimizer step 30.041 ms
[INFO   ] DREAMPlace - iteration  132, (   6,  6,  0), Obj 6.350247E+03, NetCrossing 6.439E+02, NetCrossingWeight 1.000000E-01, DensityWeight 6.372987E-08, HPWL 6.509285E+03, Overflow 5.307707E-01, MaxDensity 1.343E+01, MacroOverlap 5.726E+01, MacroOverlapWeight 1.500000E+00, gamma 2.163659E+00, time 17.262ms
[INFO   ] DREAMPlace - full step 47.938 ms
[DEBUG  ] dreamplace.ops.weighted_average_wirelength.weighted_average_wirelength - wirelength forward 0.084 ms
[DEBUG  ] dreamplace.ops.electric_potential.electric_potential - density forward 1.664 ms
[DEBUG  ] dreamplace.ops.electric_potential.electric_potential - density forward 1.252 ms
[DEBUG  ] dreamplace.ops.electric_potential.electric_potential - density backward 0.767 ms
[DEBUG  ] dreamplace.ops.electric_potential.electric_potential - density backward 0.976 ms
[DEBUG  ] dreamplace.ops.weighted_average_wirelength.weighted_average_wirelength - wirelength backward 0.136 ms
[INFO   ] DREAMPlace - optimizer step 30.212 ms
[INFO   ] DREAMPlace - iteration  133, (   6,  6,  1), Obj 6.379773E+03, NetCrossing 6.543E+02, NetCrossingWeight 1.000000E-01, DensityWeight 6.372987E-08, HPWL 6.524042E+03, Overflow 5.271869E-01, MaxDensity 1.317E+01, MacroOverlap 5.659E+01, MacroOverlapWeight 1.500000E+00, gamma 2.163659E+00, time 17.195ms
[INFO   ] DREAMPlace - full step 48.056 ms
[INFO   ] DREAMPlace - Lsub stopping criteria: 1 and 6379.77 > 6350.25 * 0.999
[DEBUG  ] dreamplace.ops.weighted_average_wirelength.weighted_average_wirelength - wirelength forward 0.085 ms
[DEBUG  ] dreamplace.ops.electric_potential.electric_potential - density forward 1.447 ms
[DEBUG  ] dreamplace.ops.electric_potential.electric_potential - density forward 1.173 ms
[DEBUG  ] dreamplace.ops.electric_potential.electric_potential - density backward 0.766 ms
[DEBUG  ] dreamplace.ops.electric_potential.electric_potential - density backward 0.914 ms
[DEBUG  ] dreamplace.ops.weighted_average_wirelength.weighted_average_wirelength - wirelength backward 0.136 ms
[INFO   ] DREAMPlace - optimizer step 29.892 ms
[INFO   ] DREAMPlace - iteration  134, (   6,  7,  0), Obj 6.378992E+03, NetCrossing 6.343E+02, NetCrossingWeight 1.000000E-01, DensityWeight 6.955761E-08, HPWL 6.527339E+03, Overflow 5.234273E-01, MaxDensity 1.352E+01, MacroOverlap 5.626E+01, MacroOverlapWeight 1.500000E+00, gamma 2.163659E+00, time 17.671ms
[INFO   ] DREAMPlace - full step 48.177 ms
[DEBUG  ] dreamplace.ops.weighted_average_wirelength.weighted_average_wirelength - wirelength forward 0.085 ms
[DEBUG  ] dreamplace.ops.electric_potential.electric_potential - density forward 1.511 ms
[DEBUG  ] dreamplace.ops.electric_potential.electric_potential - density forward 1.229 ms
[DEBUG  ] dreamplace.ops.electric_potential.electric_potential - density backward 0.770 ms
[DEBUG  ] dreamplace.ops.electric_potential.electric_potential - density backward 0.989 ms
[DEBUG  ] dreamplace.ops.weighted_average_wirelength.weighted_average_wirelength - wirelength backward 0.137 ms
[INFO   ] DREAMPlace - optimizer step 29.914 ms
[INFO   ] DREAMPlace - iteration  135, (   6,  7,  1), Obj 6.408292E+03, NetCrossing 6.449E+02, NetCrossingWeight 1.000000E-01, DensityWeight 6.955761E-08, HPWL 6.539154E+03, Overflow 5.198280E-01, MaxDensity 1.312E+01, MacroOverlap 5.554E+01, MacroOverlapWeight 1.500000E+00, gamma 2.163659E+00, time 17.873ms
[INFO   ] DREAMPlace - full step 48.399 ms
[INFO   ] DREAMPlace - Lsub stopping criteria: 1 and 6408.29 > 6378.99 * 0.999
[DEBUG  ] dreamplace.ops.weighted_average_wirelength.weighted_average_wirelength - wirelength forward 0.089 ms
[DEBUG  ] dreamplace.ops.electric_potential.electric_potential - density forward 1.423 ms
[DEBUG  ] dreamplace.ops.electric_potential.electric_potential - density forward 1.195 ms
[DEBUG  ] dreamplace.ops.electric_potential.electric_potential - density backward 0.771 ms
[DEBUG  ] dreamplace.ops.electric_potential.electric_potential - density backward 0.897 ms
[DEBUG  ] dreamplace.ops.weighted_average_wirelength.weighted_average_wirelength - wirelength backward 0.136 ms
[INFO   ] DREAMPlace - optimizer step 29.987 ms
[INFO   ] DREAMPlace - iteration  136, (   6,  8,  0), Obj 6.411943E+03, NetCrossing 6.315E+02, NetCrossingWeight 1.000000E-01, DensityWeight 7.591840E-08, HPWL 6.554077E+03, Overflow 5.159246E-01, MaxDensity 1.356E+01, MacroOverlap 5.520E+01, MacroOverlapWeight 1.500000E+00, gamma 2.163659E+00, time 17.597ms
[INFO   ] DREAMPlace - full step 48.179 ms
[DEBUG  ] dreamplace.ops.weighted_average_wirelength.weighted_average_wirelength - wirelength forward 0.085 ms
[DEBUG  ] dreamplace.ops.electric_potential.electric_potential - density forward 1.380 ms
[DEBUG  ] dreamplace.ops.electric_potential.electric_potential - density forward 1.184 ms
[DEBUG  ] dreamplace.ops.electric_potential.electric_potential - density backward 0.783 ms
[DEBUG  ] dreamplace.ops.electric_potential.electric_potential - density backward 0.964 ms
[DEBUG  ] dreamplace.ops.weighted_average_wirelength.weighted_average_wirelength - wirelength backward 0.135 ms
[INFO   ] DREAMPlace - optimizer step 29.533 ms
[INFO   ] DREAMPlace - iteration  137, (   6,  8,  1), Obj 6.440736E+03, NetCrossing 6.354E+02, NetCrossingWeight 1.000000E-01, DensityWeight 7.591840E-08, HPWL 6.565652E+03, Overflow 5.117801E-01, MaxDensity 1.323E+01, MacroOverlap 5.454E+01, MacroOverlapWeight 1.500000E+00, gamma 2.163659E+00, time 17.653ms
[INFO   ] DREAMPlace - full step 47.797 ms
[INFO   ] DREAMPlace - Lsub stopping criteria: 1 and 6440.74 > 6411.94 * 0.999
[DEBUG  ] dreamplace.ops.weighted_average_wirelength.weighted_average_wirelength - wirelength forward 0.083 ms
[DEBUG  ] dreamplace.ops.electric_potential.electric_potential - density forward 1.525 ms
[DEBUG  ] dreamplace.ops.electric_potential.electric_potential - density forward 1.197 ms
[DEBUG  ] dreamplace.ops.electric_potential.electric_potential - density backward 0.784 ms
[DEBUG  ] dreamplace.ops.electric_potential.electric_potential - density backward 0.969 ms
[DEBUG  ] dreamplace.ops.weighted_average_wirelength.weighted_average_wirelength - wirelength backward 0.136 ms
[INFO   ] DREAMPlace - optimizer step 30.021 ms
[INFO   ] DREAMPlace - iteration  138, (   6,  9,  0), Obj 6.441357E+03, NetCrossing 6.363E+02, NetCrossingWeight 1.000000E-01, DensityWeight 8.286064E-08, HPWL 6.570384E+03, Overflow 5.076428E-01, MaxDensity 1.357E+01, MacroOverlap 5.416E+01, MacroOverlapWeight 1.500000E+00, gamma 2.163659E+00, time 17.595ms
[INFO   ] DREAMPlace - full step 48.251 ms
[DEBUG  ] dreamplace.ops.weighted_average_wirelength.weighted_average_wirelength - wirelength forward 0.083 ms
[DEBUG  ] dreamplace.ops.electric_potential.electric_potential - density forward 1.421 ms
[DEBUG  ] dreamplace.ops.electric_potential.electric_potential - density forward 2.500 ms
[DEBUG  ] dreamplace.ops.electric_potential.electric_potential - density backward 0.756 ms
[DEBUG  ] dreamplace.ops.electric_potential.electric_potential - density backward 0.979 ms
[DEBUG  ] dreamplace.ops.weighted_average_wirelength.weighted_average_wirelength - wirelength backward 0.148 ms
[INFO   ] DREAMPlace - optimizer step 31.418 ms
[INFO   ] DREAMPlace - iteration  139, (   6,  9,  1), Obj 6.475193E+03, NetCrossing 6.439E+02, NetCrossingWeight 1.000000E-01, DensityWeight 8.286064E-08, HPWL 6.589542E+03, Overflow 5.033875E-01, MaxDensity 1.345E+01, MacroOverlap 5.348E+01, MacroOverlapWeight 1.500000E+00, gamma 2.163659E+00, time 17.405ms
[INFO   ] DREAMPlace - full step 49.481 ms
[INFO   ] DREAMPlace - Lsub stopping criteria: 1 and 6475.19 > 6441.36 * 0.999
[DEBUG  ] dreamplace.ops.weighted_average_wirelength.weighted_average_wirelength - wirelength forward 0.087 ms
[DEBUG  ] dreamplace.ops.electric_potential.electric_potential - density forward 1.413 ms
[DEBUG  ] dreamplace.ops.electric_potential.electric_potential - density forward 1.167 ms
[DEBUG  ] dreamplace.ops.electric_potential.electric_potential - density backward 0.785 ms
[DEBUG  ] dreamplace.ops.electric_potential.electric_potential - density backward 0.980 ms
[DEBUG  ] dreamplace.ops.weighted_average_wirelength.weighted_average_wirelength - wirelength backward 0.138 ms
[DEBUG  ] dreamplace.ops.weighted_average_wirelength.weighted_average_wirelength - wirelength forward 0.072 ms
[DEBUG  ] dreamplace.ops.electric_potential.electric_potential - density forward 1.810 ms
[DEBUG  ] dreamplace.ops.electric_potential.electric_potential - density forward 1.632 ms
[DEBUG  ] dreamplace.ops.electric_potential.electric_potential - density backward 0.828 ms
[DEBUG  ] dreamplace.ops.electric_potential.electric_potential - density backward 0.922 ms
[DEBUG  ] dreamplace.ops.weighted_average_wirelength.weighted_average_wirelength - wirelength backward 0.106 ms
[INFO   ] DREAMPlace - optimizer step 60.198 ms
[INFO   ] DREAMPlace - iteration  140, (   7,  0,  0), Obj 6.476374E+03, NetCrossing 6.381E+02, NetCrossingWeight 1.000000E-01, DensityWeight 9.043774E-08, HPWL 6.596364E+03, Overflow 4.988617E-01, MaxDensity 1.355E+01, MacroOverlap 5.305E+01, MacroOverlapWeight 1.500000E+00, gamma 1.508073E+00, time 17.425ms
[INFO   ] DREAMPlace - full step 78.240 ms
[DEBUG  ] dreamplace.ops.weighted_average_wirelength.weighted_average_wirelength - wirelength forward 0.082 ms
[DEBUG  ] dreamplace.ops.electric_potential.electric_potential - density forward 1.400 ms
[DEBUG  ] dreamplace.ops.electric_potential.electric_potential - density forward 1.175 ms
[DEBUG  ] dreamplace.ops.electric_potential.electric_potential - density backward 0.798 ms
[DEBUG  ] dreamplace.ops.electric_potential.electric_potential - density backward 1.013 ms
[DEBUG  ] dreamplace.ops.weighted_average_wirelength.weighted_average_wirelength - wirelength backward 0.128 ms
[INFO   ] DREAMPlace - optimizer step 29.196 ms
[INFO   ] DREAMPlace - iteration  141, (   7,  0,  1), Obj 6.593388E+03, NetCrossing 6.377E+02, NetCrossingWeight 1.000000E-01, DensityWeight 9.043774E-08, HPWL 6.510640E+03, Overflow 4.941884E-01, MaxDensity 1.360E+01, MacroOverlap 5.252E+01, MacroOverlapWeight 1.500000E+00, gamma 1.508073E+00, time 16.796ms
[INFO   ] DREAMPlace - full step 46.604 ms
[INFO   ] DREAMPlace - Lsub stopping criteria: 1 and 6593.39 > 6476.37 * 0.999
[DEBUG  ] dreamplace.ops.weighted_average_wirelength.weighted_average_wirelength - wirelength forward 0.084 ms
[DEBUG  ] dreamplace.ops.electric_potential.electric_potential - density forward 1.665 ms
[DEBUG  ] dreamplace.ops.electric_potential.electric_potential - density forward 1.222 ms
[DEBUG  ] dreamplace.ops.electric_potential.electric_potential - density backward 0.777 ms
[DEBUG  ] dreamplace.ops.electric_potential.electric_potential - density backward 1.041 ms
[DEBUG  ] dreamplace.ops.weighted_average_wirelength.weighted_average_wirelength - wirelength backward 0.137 ms
[INFO   ] DREAMPlace - optimizer step 30.226 ms
[INFO   ] DREAMPlace - iteration  142, (   7,  1,  0), Obj 6.788863E+03, NetCrossing 6.397E+02, NetCrossingWeight 1.000000E-01, DensityWeight 9.800991E-08, HPWL 6.697688E+03, Overflow 4.893229E-01, MaxDensity 1.371E+01, MacroOverlap 5.170E+01, MacroOverlapWeight 1.500000E+00, gamma 1.508073E+00, time 17.016ms
[INFO   ] DREAMPlace - full step 47.862 ms
[DEBUG  ] dreamplace.ops.weighted_average_wirelength.weighted_average_wirelength - wirelength forward 0.087 ms
[DEBUG  ] dreamplace.ops.electric_potential.electric_potential - density forward 1.514 ms
[DEBUG  ] dreamplace.ops.electric_potential.electric_potential - density forward 1.277 ms
[DEBUG  ] dreamplace.ops.electric_potential.electric_potential - density backward 0.780 ms
[DEBUG  ] dreamplace.ops.electric_potential.electric_potential - density backward 0.978 ms
[DEBUG  ] dreamplace.ops.weighted_average_wirelength.weighted_average_wirelength - wirelength backward 0.136 ms
[INFO   ] DREAMPlace - optimizer step 30.656 ms
[INFO   ] DREAMPlace - iteration  143, (   7,  1,  1), Obj 6.762234E+03, NetCrossing 6.423E+02, NetCrossingWeight 1.000000E-01, DensityWeight 9.800991E-08, HPWL 6.679560E+03, Overflow 4.843855E-01, MaxDensity 1.381E+01, MacroOverlap 5.098E+01, MacroOverlapWeight 1.500000E+00, gamma 1.508073E+00, time 17.870ms
[INFO   ] DREAMPlace - full step 49.149 ms
[DEBUG  ] dreamplace.ops.weighted_average_wirelength.weighted_average_wirelength - wirelength forward 0.087 ms
[DEBUG  ] dreamplace.ops.electric_potential.electric_potential - density forward 1.449 ms
[DEBUG  ] dreamplace.ops.electric_potential.electric_potential - density forward 1.189 ms
[DEBUG  ] dreamplace.ops.electric_potential.electric_potential - density backward 0.766 ms
[DEBUG  ] dreamplace.ops.electric_potential.electric_potential - density backward 1.037 ms
[DEBUG  ] dreamplace.ops.weighted_average_wirelength.weighted_average_wirelength - wirelength backward 0.138 ms
[INFO   ] DREAMPlace - optimizer step 30.225 ms
[INFO   ] DREAMPlace - iteration  144, (   7,  2,  0), Obj 6.747425E+03, NetCrossing 6.428E+02, NetCrossingWeight 1.000000E-01, DensityWeight 1.069687E-07, HPWL 6.677319E+03, Overflow 4.793746E-01, MaxDensity 1.374E+01, MacroOverlap 5.082E+01, MacroOverlapWeight 1.500000E+00, gamma 1.508073E+00, time 17.660ms
[INFO   ] DREAMPlace - full step 48.474 ms
[DEBUG  ] dreamplace.ops.weighted_average_wirelength.weighted_average_wirelength - wirelength forward 0.086 ms
[DEBUG  ] dreamplace.ops.electric_potential.electric_potential - density forward 1.430 ms
[DEBUG  ] dreamplace.ops.electric_potential.electric_potential - density forward 1.430 ms
[DEBUG  ] dreamplace.ops.electric_potential.electric_potential - density backward 0.773 ms
[DEBUG  ] dreamplace.ops.electric_potential.electric_potential - density backward 1.007 ms
[DEBUG  ] dreamplace.ops.weighted_average_wirelength.weighted_average_wirelength - wirelength backward 0.136 ms
[INFO   ] DREAMPlace - optimizer step 30.224 ms
[INFO   ] DREAMPlace - iteration  145, (   7,  2,  1), Obj 6.808721E+03, NetCrossing 6.339E+02, NetCrossingWeight 1.000000E-01, DensityWeight 1.069687E-07, HPWL 6.723998E+03, Overflow 4.743148E-01, MaxDensity 1.375E+01, MacroOverlap 5.050E+01, MacroOverlapWeight 1.500000E+00, gamma 1.508073E+00, time 17.973ms
[INFO   ] DREAMPlace - full step 48.807 ms
[INFO   ] DREAMPlace - Lsub stopping criteria: 1 and 6808.72 > 6747.43 * 0.999
[DEBUG  ] dreamplace.ops.weighted_average_wirelength.weighted_average_wirelength - wirelength forward 0.087 ms
[DEBUG  ] dreamplace.ops.electric_potential.electric_potential - density forward 1.447 ms
[DEBUG  ] dreamplace.ops.electric_potential.electric_potential - density forward 1.314 ms
[DEBUG  ] dreamplace.ops.electric_potential.electric_potential - density backward 0.773 ms
[DEBUG  ] dreamplace.ops.electric_potential.electric_potential - density backward 0.921 ms
[DEBUG  ] dreamplace.ops.weighted_average_wirelength.weighted_average_wirelength - wirelength backward 0.137 ms
[INFO   ] DREAMPlace - optimizer step 30.180 ms
[INFO   ] DREAMPlace - iteration  146, (   7,  3,  0), Obj 6.778089E+03, NetCrossing 6.406E+02, NetCrossingWeight 1.000000E-01, DensityWeight 1.167497E-07, HPWL 6.703240E+03, Overflow 4.691529E-01, MaxDensity 1.364E+01, MacroOverlap 5.034E+01, MacroOverlapWeight 1.500000E+00, gamma 1.508073E+00, time 17.504ms
[INFO   ] DREAMPlace - full step 48.289 ms
[DEBUG  ] dreamplace.ops.weighted_average_wirelength.weighted_average_wirelength - wirelength forward 0.091 ms
[DEBUG  ] dreamplace.ops.electric_potential.electric_potential - density forward 1.436 ms
[DEBUG  ] dreamplace.ops.electric_potential.electric_potential - density forward 1.185 ms
[DEBUG  ] dreamplace.ops.electric_potential.electric_potential - density backward 0.775 ms
[DEBUG  ] dreamplace.ops.electric_potential.electric_potential - density backward 0.994 ms
[DEBUG  ] dreamplace.ops.weighted_average_wirelength.weighted_average_wirelength - wirelength backward 0.141 ms
[INFO   ] DREAMPlace - optimizer step 30.958 ms
[INFO   ] DREAMPlace - iteration  147, (   7,  3,  1), Obj 6.867750E+03, NetCrossing 6.349E+02, NetCrossingWeight 1.000000E-01, DensityWeight 1.167497E-07, HPWL 6.772067E+03, Overflow 4.644156E-01, MaxDensity 1.379E+01, MacroOverlap 5.021E+01, MacroOverlapWeight 1.500000E+00, gamma 1.508073E+00, time 18.002ms
[INFO   ] DREAMPlace - full step 49.600 ms
[INFO   ] DREAMPlace - Lsub stopping criteria: 1 and 6867.75 > 6778.09 * 0.999
[DEBUG  ] dreamplace.ops.weighted_average_wirelength.weighted_average_wirelength - wirelength forward 0.088 ms
[DEBUG  ] dreamplace.ops.electric_potential.electric_potential - density forward 1.539 ms
[DEBUG  ] dreamplace.ops.electric_potential.electric_potential - density forward 1.206 ms
[DEBUG  ] dreamplace.ops.electric_potential.electric_potential - density backward 0.770 ms
[DEBUG  ] dreamplace.ops.electric_potential.electric_potential - density backward 1.011 ms
[DEBUG  ] dreamplace.ops.weighted_average_wirelength.weighted_average_wirelength - wirelength backward 0.139 ms
[INFO   ] DREAMPlace - optimizer step 30.809 ms
[INFO   ] DREAMPlace - iteration  148, (   7,  4,  0), Obj 6.847795E+03, NetCrossing 6.410E+02, NetCrossingWeight 1.000000E-01, DensityWeight 1.274251E-07, HPWL 6.765895E+03, Overflow 4.595498E-01, MaxDensity 1.414E+01, MacroOverlap 5.025E+01, MacroOverlapWeight 1.500000E+00, gamma 1.508073E+00, time 18.395ms
[INFO   ] DREAMPlace - full step 49.873 ms
[DEBUG  ] dreamplace.ops.weighted_average_wirelength.weighted_average_wirelength - wirelength forward 0.098 ms
[DEBUG  ] dreamplace.ops.electric_potential.electric_potential - density forward 1.457 ms
[DEBUG  ] dreamplace.ops.electric_potential.electric_potential - density forward 1.332 ms
[DEBUG  ] dreamplace.ops.electric_potential.electric_potential - density backward 0.809 ms
[DEBUG  ] dreamplace.ops.electric_potential.electric_potential - density backward 0.962 ms
[DEBUG  ] dreamplace.ops.weighted_average_wirelength.weighted_average_wirelength - wirelength backward 0.146 ms
[INFO   ] DREAMPlace - optimizer step 31.558 ms
[INFO   ] DREAMPlace - iteration  149, (   7,  4,  1), Obj 6.903858E+03, NetCrossing 6.343E+02, NetCrossingWeight 1.000000E-01, DensityWeight 1.274251E-07, HPWL 6.800620E+03, Overflow 4.546398E-01, MaxDensity 1.359E+01, MacroOverlap 4.980E+01, MacroOverlapWeight 1.500000E+00, gamma 1.508073E+00, time 18.419ms
[INFO   ] DREAMPlace - full step 50.642 ms
[INFO   ] DREAMPlace - Lsub stopping criteria: 1 and 6903.86 > 6847.79 * 0.999
[DEBUG  ] dreamplace.ops.weighted_average_wirelength.weighted_average_wirelength - wirelength forward 0.091 ms
[DEBUG  ] dreamplace.ops.electric_potential.electric_potential - density forward 1.464 ms
[DEBUG  ] dreamplace.ops.electric_potential.electric_potential - density forward 1.337 ms
[DEBUG  ] dreamplace.ops.electric_potential.electric_potential - density backward 0.784 ms
[DEBUG  ] dreamplace.ops.electric_potential.electric_potential - density backward 0.910 ms
[DEBUG  ] dreamplace.ops.weighted_average_wirelength.weighted_average_wirelength - wirelength backward 0.138 ms
[INFO   ] DREAMPlace - optimizer step 30.512 ms
[INFO   ] DREAMPlace - iteration  150, (   7,  5,  0), Obj 6.885942E+03, NetCrossing 6.426E+02, NetCrossingWeight 1.000000E-01, DensityWeight 1.390772E-07, HPWL 6.793655E+03, Overflow 4.500260E-01, MaxDensity 1.397E+01, MacroOverlap 4.971E+01, MacroOverlapWeight 1.500000E+00, gamma 1.508073E+00, time 18.473ms
[INFO   ] DREAMPlace - full step 49.643 ms
[DEBUG  ] dreamplace.ops.weighted_average_wirelength.weighted_average_wirelength - wirelength forward 0.089 ms
[DEBUG  ] dreamplace.ops.electric_potential.electric_potential - density forward 1.534 ms
[DEBUG  ] dreamplace.ops.electric_potential.electric_potential - density forward 1.260 ms
[DEBUG  ] dreamplace.ops.electric_potential.electric_potential - density backward 0.777 ms
[DEBUG  ] dreamplace.ops.electric_potential.electric_potential - density backward 0.947 ms
[DEBUG  ] dreamplace.ops.weighted_average_wirelength.weighted_average_wirelength - wirelength backward 0.141 ms
[INFO   ] DREAMPlace - optimizer step 30.954 ms
[INFO   ] DREAMPlace - iteration  151, (   7,  5,  1), Obj 6.952547E+03, NetCrossing 6.353E+02, NetCrossingWeight 1.000000E-01, DensityWeight 1.390772E-07, HPWL 6.837209E+03, Overflow 4.454044E-01, MaxDensity 1.352E+01, MacroOverlap 4.910E+01, MacroOverlapWeight 1.500000E+00, gamma 1.508073E+00, time 17.879ms
[INFO   ] DREAMPlace - full step 49.453 ms
[INFO   ] DREAMPlace - Lsub stopping criteria: 1 and 6952.55 > 6885.94 * 0.999
[DEBUG  ] dreamplace.ops.weighted_average_wirelength.weighted_average_wirelength - wirelength forward 0.087 ms
[DEBUG  ] dreamplace.ops.electric_potential.electric_potential - density forward 1.433 ms
[DEBUG  ] dreamplace.ops.electric_potential.electric_potential - density forward 1.312 ms
[DEBUG  ] dreamplace.ops.electric_potential.electric_potential - density backward 0.779 ms
[DEBUG  ] dreamplace.ops.electric_potential.electric_potential - density backward 0.835 ms
[DEBUG  ] dreamplace.ops.weighted_average_wirelength.weighted_average_wirelength - wirelength backward 0.138 ms
[INFO   ] DREAMPlace - optimizer step 30.363 ms
[INFO   ] DREAMPlace - iteration  152, (   7,  6,  0), Obj 6.946837E+03, NetCrossing 6.395E+02, NetCrossingWeight 1.000000E-01, DensityWeight 1.517945E-07, HPWL 6.843013E+03, Overflow 4.404737E-01, MaxDensity 1.347E+01, MacroOverlap 4.891E+01, MacroOverlapWeight 1.500000E+00, gamma 1.508073E+00, time 17.760ms
[INFO   ] DREAMPlace - full step 48.728 ms
[DEBUG  ] dreamplace.ops.weighted_average_wirelength.weighted_average_wirelength - wirelength forward 0.087 ms
[DEBUG  ] dreamplace.ops.electric_potential.electric_potential - density forward 1.471 ms
[DEBUG  ] dreamplace.ops.electric_potential.electric_potential - density forward 1.188 ms
[DEBUG  ] dreamplace.ops.electric_potential.electric_potential - density backward 0.781 ms
[DEBUG  ] dreamplace.ops.electric_potential.electric_potential - density backward 0.922 ms
[DEBUG  ] dreamplace.ops.weighted_average_wirelength.weighted_average_wirelength - wirelength backward 0.134 ms
[INFO   ] DREAMPlace - optimizer step 30.567 ms
[INFO   ] DREAMPlace - iteration  153, (   7,  6,  1), Obj 7.011247E+03, NetCrossing 6.402E+02, NetCrossingWeight 1.000000E-01, DensityWeight 1.517945E-07, HPWL 6.880979E+03, Overflow 4.353730E-01, MaxDensity 1.339E+01, MacroOverlap 4.836E+01, MacroOverlapWeight 1.500000E+00, gamma 1.508073E+00, time 17.596ms
[INFO   ] DREAMPlace - full step 48.799 ms
[INFO   ] DREAMPlace - Lsub stopping criteria: 1 and 7011.25 > 6946.84 * 0.999
[DEBUG  ] dreamplace.ops.weighted_average_wirelength.weighted_average_wirelength - wirelength forward 0.087 ms
[DEBUG  ] dreamplace.ops.electric_potential.electric_potential - density forward 1.533 ms
[DEBUG  ] dreamplace.ops.electric_potential.electric_potential - density forward 1.205 ms
[DEBUG  ] dreamplace.ops.electric_potential.electric_potential - density backward 0.760 ms
[DEBUG  ] dreamplace.ops.electric_potential.electric_potential - density backward 0.959 ms
[DEBUG  ] dreamplace.ops.weighted_average_wirelength.weighted_average_wirelength - wirelength backward 0.140 ms
[INFO   ] DREAMPlace - optimizer step 30.389 ms
[INFO   ] DREAMPlace - iteration  154, (   7,  7,  0), Obj 6.996155E+03, NetCrossing 6.532E+02, NetCrossingWeight 1.000000E-01, DensityWeight 1.656744E-07, HPWL 6.880958E+03, Overflow 4.299947E-01, MaxDensity 1.303E+01, MacroOverlap 4.807E+01, MacroOverlapWeight 1.500000E+00, gamma 1.508073E+00, time 17.799ms
[INFO   ] DREAMPlace - full step 48.779 ms
[DEBUG  ] dreamplace.ops.weighted_average_wirelength.weighted_average_wirelength - wirelength forward 0.085 ms
[DEBUG  ] dreamplace.ops.electric_potential.electric_potential - density forward 1.451 ms
[DEBUG  ] dreamplace.ops.electric_potential.electric_potential - density forward 1.223 ms
[DEBUG  ] dreamplace.ops.electric_potential.electric_potential - density backward 0.776 ms
[DEBUG  ] dreamplace.ops.electric_potential.electric_potential - density backward 0.969 ms
[DEBUG  ] dreamplace.ops.weighted_average_wirelength.weighted_average_wirelength - wirelength backward 0.139 ms
[INFO   ] DREAMPlace - optimizer step 30.541 ms
[INFO   ] DREAMPlace - iteration  155, (   7,  7,  1), Obj 7.088431E+03, NetCrossing 6.429E+02, NetCrossingWeight 1.000000E-01, DensityWeight 1.656744E-07, HPWL 6.939229E+03, Overflow 4.244544E-01, MaxDensity 1.327E+01, MacroOverlap 4.742E+01, MacroOverlapWeight 1.500000E+00, gamma 1.508073E+00, time 18.036ms
[INFO   ] DREAMPlace - full step 49.187 ms
[INFO   ] DREAMPlace - Lsub stopping criteria: 1 and 7088.43 > 6996.15 * 0.999
[DEBUG  ] dreamplace.ops.weighted_average_wirelength.weighted_average_wirelength - wirelength forward 0.087 ms
[DEBUG  ] dreamplace.ops.electric_potential.electric_potential - density forward 1.490 ms
[DEBUG  ] dreamplace.ops.electric_potential.electric_potential - density forward 1.189 ms
[DEBUG  ] dreamplace.ops.electric_potential.electric_potential - density backward 0.782 ms
[DEBUG  ] dreamplace.ops.electric_potential.electric_potential - density backward 0.970 ms
[DEBUG  ] dreamplace.ops.weighted_average_wirelength.weighted_average_wirelength - wirelength backward 0.134 ms
[INFO   ] DREAMPlace - optimizer step 30.695 ms
[INFO   ] DREAMPlace - iteration  156, (   7,  8,  0), Obj 7.064520E+03, NetCrossing 6.514E+02, NetCrossingWeight 1.000000E-01, DensityWeight 1.808229E-07, HPWL 6.941324E+03, Overflow 4.189239E-01, MaxDensity 1.259E+01, MacroOverlap 4.731E+01, MacroOverlapWeight 1.500000E+00, gamma 1.508073E+00, time 18.042ms
[INFO   ] DREAMPlace - full step 49.340 ms
[DEBUG  ] dreamplace.ops.weighted_average_wirelength.weighted_average_wirelength - wirelength forward 0.085 ms
[DEBUG  ] dreamplace.ops.electric_potential.electric_potential - density forward 1.430 ms
[DEBUG  ] dreamplace.ops.electric_potential.electric_potential - density forward 1.175 ms
[DEBUG  ] dreamplace.ops.electric_potential.electric_potential - density backward 0.782 ms
[DEBUG  ] dreamplace.ops.electric_potential.electric_potential - density backward 1.030 ms
[DEBUG  ] dreamplace.ops.weighted_average_wirelength.weighted_average_wirelength - wirelength backward 0.151 ms
[INFO   ] DREAMPlace - optimizer step 30.077 ms
[INFO   ] DREAMPlace - iteration  157, (   7,  8,  1), Obj 7.143476E+03, NetCrossing 6.418E+02, NetCrossingWeight 1.000000E-01, DensityWeight 1.808229E-07, HPWL 6.978813E+03, Overflow 4.130600E-01, MaxDensity 1.265E+01, MacroOverlap 4.645E+01, MacroOverlapWeight 1.500000E+00, gamma 1.508073E+00, time 17.781ms
[INFO   ] DREAMPlace - full step 48.470 ms
[INFO   ] DREAMPlace - Lsub stopping criteria: 1 and 7143.48 > 7064.52 * 0.999
[DEBUG  ] dreamplace.ops.weighted_average_wirelength.weighted_average_wirelength - wirelength forward 0.090 ms
[DEBUG  ] dreamplace.ops.electric_potential.electric_potential - density forward 1.561 ms
[DEBUG  ] dreamplace.ops.electric_potential.electric_potential - density forward 1.207 ms
[DEBUG  ] dreamplace.ops.electric_potential.electric_potential - density backward 0.777 ms
[DEBUG  ] dreamplace.ops.electric_potential.electric_potential - density backward 1.026 ms
[DEBUG  ] dreamplace.ops.weighted_average_wirelength.weighted_average_wirelength - wirelength backward 0.137 ms
[INFO   ] DREAMPlace - optimizer step 30.395 ms
[INFO   ] DREAMPlace - iteration  158, (   7,  9,  0), Obj 7.106596E+03, NetCrossing 6.443E+02, NetCrossingWeight 1.000000E-01, DensityWeight 1.973573E-07, HPWL 6.964871E+03, Overflow 4.072548E-01, MaxDensity 1.299E+01, MacroOverlap 4.604E+01, MacroOverlapWeight 1.500000E+00, gamma 1.508073E+00, time 18.109ms
[INFO   ] DREAMPlace - full step 49.095 ms
[DEBUG  ] dreamplace.ops.weighted_average_wirelength.weighted_average_wirelength - wirelength forward 0.088 ms
[DEBUG  ] dreamplace.ops.electric_potential.electric_potential - density forward 1.427 ms
[DEBUG  ] dreamplace.ops.electric_potential.electric_potential - density forward 1.308 ms
[DEBUG  ] dreamplace.ops.electric_potential.electric_potential - density backward 0.777 ms
[DEBUG  ] dreamplace.ops.electric_potential.electric_potential - density backward 0.977 ms
[DEBUG  ] dreamplace.ops.weighted_average_wirelength.weighted_average_wirelength - wirelength backward 0.137 ms
[INFO   ] DREAMPlace - optimizer step 30.473 ms
[INFO   ] DREAMPlace - iteration  159, (   7,  9,  1), Obj 7.229461E+03, NetCrossing 6.491E+02, NetCrossingWeight 1.000000E-01, DensityWeight 1.973573E-07, HPWL 7.055062E+03, Overflow 4.015196E-01, MaxDensity 1.225E+01, MacroOverlap 4.537E+01, MacroOverlapWeight 1.500000E+00, gamma 1.508073E+00, time 17.889ms
[INFO   ] DREAMPlace - full step 48.996 ms
[INFO   ] DREAMPlace - Lsub stopping criteria: 1 and 7229.46 > 7106.6 * 0.999
[DEBUG  ] dreamplace.ops.weighted_average_wirelength.weighted_average_wirelength - wirelength forward 0.087 ms
[DEBUG  ] dreamplace.ops.electric_potential.electric_potential - density forward 1.451 ms
[DEBUG  ] dreamplace.ops.electric_potential.electric_potential - density forward 1.184 ms
[DEBUG  ] dreamplace.ops.electric_potential.electric_potential - density backward 0.788 ms
[DEBUG  ] dreamplace.ops.electric_potential.electric_potential - density backward 0.984 ms
[DEBUG  ] dreamplace.ops.weighted_average_wirelength.weighted_average_wirelength - wirelength backward 0.156 ms
[INFO   ] DREAMPlace - optimizer step 30.052 ms
[INFO   ] DREAMPlace - iteration  160, (   8,  0,  0), Obj 7.192173E+03, NetCrossing 6.527E+02, NetCrossingWeight 1.000000E-01, DensityWeight 2.154018E-07, HPWL 7.052877E+03, Overflow 3.960527E-01, MaxDensity 1.339E+01, MacroOverlap 4.468E+01, MacroOverlapWeight 1.500000E+00, gamma 8.954663E-01, time 17.745ms
[INFO   ] DREAMPlace - full step 48.461 ms
[DEBUG  ] dreamplace.ops.weighted_average_wirelength.weighted_average_wirelength - wirelength forward 0.088 ms
[DEBUG  ] dreamplace.ops.electric_potential.electric_potential - density forward 1.515 ms
[DEBUG  ] dreamplace.ops.electric_potential.electric_potential - density forward 1.205 ms
[DEBUG  ] dreamplace.ops.electric_potential.electric_potential - density backward 0.782 ms
[DEBUG  ] dreamplace.ops.electric_potential.electric_potential - density backward 0.904 ms
[DEBUG  ] dreamplace.ops.weighted_average_wirelength.weighted_average_wirelength - wirelength backward 0.142 ms
[INFO   ] DREAMPlace - optimizer step 30.643 ms
[INFO   ] DREAMPlace - iteration  161, (   8,  0,  1), Obj 7.587011E+03, NetCrossing 6.546E+02, NetCrossingWeight 1.000000E-01, DensityWeight 2.154018E-07, HPWL 7.142575E+03, Overflow 3.911581E-01, MaxDensity 1.218E+01, MacroOverlap 4.403E+01, MacroOverlapWeight 1.500000E+00, gamma 8.954663E-01, time 17.460ms
[INFO   ] DREAMPlace - full step 48.740 ms
[INFO   ] DREAMPlace - Lsub stopping criteria: 1 and 7587.01 > 7192.17 * 0.999
[DEBUG  ] dreamplace.ops.weighted_average_wirelength.weighted_average_wirelength - wirelength forward 0.089 ms
[DEBUG  ] dreamplace.ops.electric_potential.electric_potential - density forward 1.426 ms
[DEBUG  ] dreamplace.ops.electric_potential.electric_potential - density forward 1.188 ms
[DEBUG  ] dreamplace.ops.electric_potential.electric_potential - density backward 0.908 ms
[DEBUG  ] dreamplace.ops.electric_potential.electric_potential - density backward 0.972 ms
[DEBUG  ] dreamplace.ops.weighted_average_wirelength.weighted_average_wirelength - wirelength backward 0.090 ms
[INFO   ] DREAMPlace - optimizer step 27.564 ms
[INFO   ] DREAMPlace - iteration  162, (   8,  1,  0), Obj 7.689982E+03, NetCrossing 6.503E+02, NetCrossingWeight 1.000000E-01, DensityWeight 2.350955E-07, HPWL 7.269396E+03, Overflow 3.874005E-01, MaxDensity 1.342E+01, MacroOverlap 4.254E+01, MacroOverlapWeight 1.500000E+00, gamma 8.954663E-01, time 18.208ms
[INFO   ] DREAMPlace - full step 46.385 ms
[DEBUG  ] dreamplace.ops.weighted_average_wirelength.weighted_average_wirelength - wirelength forward 0.094 ms
[DEBUG  ] dreamplace.ops.electric_potential.electric_potential - density forward 1.473 ms
[DEBUG  ] dreamplace.ops.electric_potential.electric_potential - density forward 1.216 ms
[DEBUG  ] dreamplace.ops.electric_potential.electric_potential - density backward 0.859 ms
[DEBUG  ] dreamplace.ops.electric_potential.electric_potential - density backward 1.026 ms
[DEBUG  ] dreamplace.ops.weighted_average_wirelength.weighted_average_wirelength - wirelength backward 0.111 ms
[INFO   ] DREAMPlace - optimizer step 28.904 ms
[INFO   ] DREAMPlace - iteration  163, (   8,  1,  1), Obj 7.877227E+03, NetCrossing 6.468E+02, NetCrossingWeight 1.000000E-01, DensityWeight 2.350955E-07, HPWL 7.415280E+03, Overflow 3.825894E-01, MaxDensity 1.226E+01, MacroOverlap 4.210E+01, MacroOverlapWeight 1.500000E+00, gamma 8.954663E-01, time 17.968ms
[INFO   ] DREAMPlace - full step 47.518 ms
[INFO   ] DREAMPlace - Lsub stopping criteria: 1 and 7877.23 > 7689.98 * 0.999
[DEBUG  ] dreamplace.ops.weighted_average_wirelength.weighted_average_wirelength - wirelength forward 0.097 ms
[DEBUG  ] dreamplace.ops.electric_potential.electric_potential - density forward 1.569 ms
[DEBUG  ] dreamplace.ops.electric_potential.electric_potential - density forward 1.201 ms
[DEBUG  ] dreamplace.ops.electric_potential.electric_potential - density backward 0.820 ms
[DEBUG  ] dreamplace.ops.electric_potential.electric_potential - density backward 0.945 ms
[DEBUG  ] dreamplace.ops.weighted_average_wirelength.weighted_average_wirelength - wirelength backward 0.137 ms
[INFO   ] DREAMPlace - optimizer step 29.534 ms
[INFO   ] DREAMPlace - iteration  164, (   8,  2,  0), Obj 7.719309E+03, NetCrossing 6.387E+02, NetCrossingWeight 1.000000E-01, DensityWeight 2.565785E-07, HPWL 7.273936E+03, Overflow 3.776831E-01, MaxDensity 1.281E+01, MacroOverlap 4.138E+01, MacroOverlapWeight 1.500000E+00, gamma 8.954663E-01, time 17.914ms
[INFO   ] DREAMPlace - full step 48.055 ms
[DEBUG  ] dreamplace.ops.weighted_average_wirelength.weighted_average_wirelength - wirelength forward 0.089 ms
[DEBUG  ] dreamplace.ops.electric_potential.electric_potential - density forward 1.556 ms
[DEBUG  ] dreamplace.ops.electric_potential.electric_potential - density forward 1.400 ms
[DEBUG  ] dreamplace.ops.electric_potential.electric_potential - density backward 0.790 ms
[DEBUG  ] dreamplace.ops.electric_potential.electric_potential - density backward 0.926 ms
[DEBUG  ] dreamplace.ops.weighted_average_wirelength.weighted_average_wirelength - wirelength backward 0.129 ms
[INFO   ] DREAMPlace - optimizer step 29.991 ms
[INFO   ] DREAMPlace - iteration  165, (   8,  2,  1), Obj 8.111201E+03, NetCrossing 7.001E+02, NetCrossingWeight 1.000000E-01, DensityWeight 2.565785E-07, HPWL 7.611381E+03, Overflow 3.725520E-01, MaxDensity 1.267E+01, MacroOverlap 4.208E+01, MacroOverlapWeight 1.500000E+00, gamma 8.954663E-01, time 18.033ms
[INFO   ] DREAMPlace - full step 48.637 ms
[INFO   ] DREAMPlace - Lsub stopping criteria: 1 and 8111.2 > 7719.31 * 0.999
[DEBUG  ] dreamplace.ops.weighted_average_wirelength.weighted_average_wirelength - wirelength forward 0.088 ms
[DEBUG  ] dreamplace.ops.electric_potential.electric_potential - density forward 1.424 ms
[DEBUG  ] dreamplace.ops.electric_potential.electric_potential - density forward 1.204 ms
[DEBUG  ] dreamplace.ops.electric_potential.electric_potential - density backward 0.771 ms
[DEBUG  ] dreamplace.ops.electric_potential.electric_potential - density backward 0.983 ms
[DEBUG  ] dreamplace.ops.weighted_average_wirelength.weighted_average_wirelength - wirelength backward 0.137 ms
[INFO   ] DREAMPlace - optimizer step 29.931 ms
[INFO   ] DREAMPlace - iteration  166, (   8,  3,  0), Obj 8.080648E+03, NetCrossing 6.666E+02, NetCrossingWeight 1.000000E-01, DensityWeight 2.800297E-07, HPWL 7.604476E+03, Overflow 3.674866E-01, MaxDensity 1.172E+01, MacroOverlap 3.986E+01, MacroOverlapWeight 1.500000E+00, gamma 8.954663E-01, time 17.947ms
[INFO   ] DREAMPlace - full step 48.488 ms
[DEBUG  ] dreamplace.ops.weighted_average_wirelength.weighted_average_wirelength - wirelength forward 0.090 ms
[DEBUG  ] dreamplace.ops.electric_potential.electric_potential - density forward 1.799 ms
[DEBUG  ] dreamplace.ops.electric_potential.electric_potential - density forward 1.201 ms
[DEBUG  ] dreamplace.ops.electric_potential.electric_potential - density backward 0.782 ms
[DEBUG  ] dreamplace.ops.electric_potential.electric_potential - density backward 0.982 ms
[DEBUG  ] dreamplace.ops.weighted_average_wirelength.weighted_average_wirelength - wirelength backward 0.137 ms
[INFO   ] DREAMPlace - optimizer step 30.608 ms
[INFO   ] DREAMPlace - iteration  167, (   8,  3,  1), Obj 8.421428E+03, NetCrossing 6.834E+02, NetCrossingWeight 1.000000E-01, DensityWeight 2.800297E-07, HPWL 7.895491E+03, Overflow 3.621260E-01, MaxDensity 1.200E+01, MacroOverlap 3.804E+01, MacroOverlapWeight 1.500000E+00, gamma 8.954663E-01, time 18.352ms
[INFO   ] DREAMPlace - full step 49.663 ms
[INFO   ] DREAMPlace - Lsub stopping criteria: 1 and 8421.43 > 8080.65 * 0.999
[DEBUG  ] dreamplace.ops.weighted_average_wirelength.weighted_average_wirelength - wirelength forward 0.091 ms
[DEBUG  ] dreamplace.ops.electric_potential.electric_potential - density forward 1.501 ms
[DEBUG  ] dreamplace.ops.electric_potential.electric_potential - density forward 1.509 ms
[DEBUG  ] dreamplace.ops.electric_potential.electric_potential - density backward 0.779 ms
[DEBUG  ] dreamplace.ops.electric_potential.electric_potential - density backward 0.977 ms
[DEBUG  ] dreamplace.ops.weighted_average_wirelength.weighted_average_wirelength - wirelength backward 0.136 ms
[INFO   ] DREAMPlace - optimizer step 30.659 ms
[INFO   ] DREAMPlace - iteration  168, (   8,  4,  0), Obj 8.652632E+03, NetCrossing 6.859E+02, NetCrossingWeight 1.000000E-01, DensityWeight 3.056179E-07, HPWL 8.132809E+03, Overflow 3.572806E-01, MaxDensity 1.163E+01, MacroOverlap 3.661E+01, MacroOverlapWeight 1.500000E+00, gamma 8.954663E-01, time 17.947ms
[INFO   ] DREAMPlace - full step 49.270 ms
[DEBUG  ] dreamplace.ops.weighted_average_wirelength.weighted_average_wirelength - wirelength forward 0.089 ms
[DEBUG  ] dreamplace.ops.electric_potential.electric_potential - density forward 1.430 ms
[DEBUG  ] dreamplace.ops.electric_potential.electric_potential - density forward 1.186 ms
[DEBUG  ] dreamplace.ops.electric_potential.electric_potential - density backward 0.789 ms
[DEBUG  ] dreamplace.ops.electric_potential.electric_potential - density backward 0.909 ms
[DEBUG  ] dreamplace.ops.weighted_average_wirelength.weighted_average_wirelength - wirelength backward 0.129 ms
[INFO   ] DREAMPlace - optimizer step 29.827 ms
[INFO   ] DREAMPlace - iteration  169, (   8,  4,  1), Obj 8.783808E+03, NetCrossing 7.398E+02, NetCrossingWeight 1.000000E-01, DensityWeight 3.056179E-07, HPWL 8.226697E+03, Overflow 3.514381E-01, MaxDensity 1.160E+01, MacroOverlap 3.506E+01, MacroOverlapWeight 1.500000E+00, gamma 8.954663E-01, time 17.552ms
[INFO   ] DREAMPlace - full step 47.980 ms
[INFO   ] DREAMPlace - Lsub stopping criteria: 1 and 8783.81 > 8652.63 * 0.999
[DEBUG  ] dreamplace.ops.weighted_average_wirelength.weighted_average_wirelength - wirelength forward 0.084 ms
[DEBUG  ] dreamplace.ops.electric_potential.electric_potential - density forward 1.697 ms
[DEBUG  ] dreamplace.ops.electric_potential.electric_potential - density forward 1.528 ms
[DEBUG  ] dreamplace.ops.electric_potential.electric_potential - density backward 0.771 ms
[DEBUG  ] dreamplace.ops.electric_potential.electric_potential - density backward 0.867 ms
[DEBUG  ] dreamplace.ops.weighted_average_wirelength.weighted_average_wirelength - wirelength backward 0.139 ms
[INFO   ] DREAMPlace - optimizer step 30.451 ms
[INFO   ] DREAMPlace - iteration  170, (   8,  5,  0), Obj 8.798474E+03, NetCrossing 6.749E+02, NetCrossingWeight 1.000000E-01, DensityWeight 3.335405E-07, HPWL 8.280898E+03, Overflow 3.463500E-01, MaxDensity 1.160E+01, MacroOverlap 3.193E+01, MacroOverlapWeight 1.500000E+00, gamma 8.954663E-01, time 18.013ms
[INFO   ] DREAMPlace - full step 49.107 ms
[DEBUG  ] dreamplace.ops.weighted_average_wirelength.weighted_average_wirelength - wirelength forward 0.083 ms
[DEBUG  ] dreamplace.ops.electric_potential.electric_potential - density forward 1.558 ms
[DEBUG  ] dreamplace.ops.electric_potential.electric_potential - density forward 1.198 ms
[DEBUG  ] dreamplace.ops.electric_potential.electric_potential - density backward 0.786 ms
[DEBUG  ] dreamplace.ops.electric_potential.electric_potential - density backward 0.989 ms
[DEBUG  ] dreamplace.ops.weighted_average_wirelength.weighted_average_wirelength - wirelength backward 0.157 ms
[INFO   ] DREAMPlace - optimizer step 30.470 ms
[INFO   ] DREAMPlace - iteration  171, (   8,  5,  1), Obj 9.251333E+03, NetCrossing 7.245E+02, NetCrossingWeight 1.000000E-01, DensityWeight 3.335405E-07, HPWL 8.682976E+03, Overflow 3.405030E-01, MaxDensity 1.186E+01, MacroOverlap 3.156E+01, MacroOverlapWeight 1.500000E+00, gamma 8.954663E-01, time 17.659ms
[INFO   ] DREAMPlace - full step 48.789 ms
[INFO   ] DREAMPlace - Lsub stopping criteria: 1 and 9251.33 > 8798.47 * 0.999
[DEBUG  ] dreamplace.ops.weighted_average_wirelength.weighted_average_wirelength - wirelength forward 0.090 ms
[DEBUG  ] dreamplace.ops.electric_potential.electric_potential - density forward 1.484 ms
[DEBUG  ] dreamplace.ops.electric_potential.electric_potential - density forward 1.215 ms
[DEBUG  ] dreamplace.ops.electric_potential.electric_potential - density backward 0.780 ms
[DEBUG  ] dreamplace.ops.electric_potential.electric_potential - density backward 0.993 ms
[DEBUG  ] dreamplace.ops.weighted_average_wirelength.weighted_average_wirelength - wirelength backward 0.139 ms
[INFO   ] DREAMPlace - optimizer step 31.946 ms
[INFO   ] DREAMPlace - iteration  172, (   8,  6,  0), Obj 9.248936E+03, NetCrossing 6.938E+02, NetCrossingWeight 1.000000E-01, DensityWeight 3.640036E-07, HPWL 8.714629E+03, Overflow 3.343981E-01, MaxDensity 1.137E+01, MacroOverlap 3.027E+01, MacroOverlapWeight 1.500000E+00, gamma 8.954663E-01, time 17.451ms
[INFO   ] DREAMPlace - full step 49.987 ms
[DEBUG  ] dreamplace.ops.weighted_average_wirelength.weighted_average_wirelength - wirelength forward 0.089 ms
[DEBUG  ] dreamplace.ops.electric_potential.electric_potential - density forward 1.578 ms
[DEBUG  ] dreamplace.ops.electric_potential.electric_potential - density forward 1.199 ms
[DEBUG  ] dreamplace.ops.electric_potential.electric_potential - density backward 0.794 ms
[DEBUG  ] dreamplace.ops.electric_potential.electric_potential - density backward 1.004 ms
[DEBUG  ] dreamplace.ops.weighted_average_wirelength.weighted_average_wirelength - wirelength backward 0.138 ms
[INFO   ] DREAMPlace - optimizer step 30.597 ms
[INFO   ] DREAMPlace - iteration  173, (   8,  6,  1), Obj 9.432768E+03, NetCrossing 7.143E+02, NetCrossingWeight 1.000000E-01, DensityWeight 3.640036E-07, HPWL 8.880830E+03, Overflow 3.273986E-01, MaxDensity 1.138E+01, MacroOverlap 2.693E+01, MacroOverlapWeight 1.500000E+00, gamma 8.954663E-01, time 17.898ms
[INFO   ] DREAMPlace - full step 49.154 ms
[INFO   ] DREAMPlace - Lsub stopping criteria: 1 and 9432.77 > 9248.94 * 0.999
[DEBUG  ] dreamplace.ops.weighted_average_wirelength.weighted_average_wirelength - wirelength forward 0.090 ms
[DEBUG  ] dreamplace.ops.electric_potential.electric_potential - density forward 1.587 ms
[DEBUG  ] dreamplace.ops.electric_potential.electric_potential - density forward 1.229 ms
[DEBUG  ] dreamplace.ops.electric_potential.electric_potential - density backward 0.778 ms
[DEBUG  ] dreamplace.ops.electric_potential.electric_potential - density backward 1.093 ms
[DEBUG  ] dreamplace.ops.weighted_average_wirelength.weighted_average_wirelength - wirelength backward 0.066 ms
[INFO   ] DREAMPlace - optimizer step 30.484 ms
[INFO   ] DREAMPlace - iteration  174, (   8,  7,  0), Obj 9.882021E+03, NetCrossing 7.488E+02, NetCrossingWeight 1.000000E-01, DensityWeight 3.972732E-07, HPWL 9.332519E+03, Overflow 3.219546E-01, MaxDensity 1.061E+01, MacroOverlap 2.796E+01, MacroOverlapWeight 1.500000E+00, gamma 8.954663E-01, time 17.638ms
[INFO   ] DREAMPlace - full step 48.748 ms
[DEBUG  ] dreamplace.ops.weighted_average_wirelength.weighted_average_wirelength - wirelength forward 0.090 ms
[DEBUG  ] dreamplace.ops.electric_potential.electric_potential - density forward 1.474 ms
[DEBUG  ] dreamplace.ops.electric_potential.electric_potential - density forward 1.267 ms
[DEBUG  ] dreamplace.ops.electric_potential.electric_potential - density backward 0.930 ms
[DEBUG  ] dreamplace.ops.electric_potential.electric_potential - density backward 0.890 ms
[DEBUG  ] dreamplace.ops.weighted_average_wirelength.weighted_average_wirelength - wirelength backward 0.090 ms
[INFO   ] DREAMPlace - optimizer step 27.609 ms
[INFO   ] DREAMPlace - iteration  175, (   8,  7,  1), Obj 9.887346E+03, NetCrossing 6.548E+02, NetCrossingWeight 1.000000E-01, DensityWeight 3.972732E-07, HPWL 9.336474E+03, Overflow 3.159199E-01, MaxDensity 1.028E+01, MacroOverlap 2.707E+01, MacroOverlapWeight 1.500000E+00, gamma 8.954663E-01, time 18.274ms
[INFO   ] DREAMPlace - full step 46.493 ms
[INFO   ] DREAMPlace - Lsub stopping criteria: 1 and 9887.35 > 9882.02 * 0.999
[DEBUG  ] dreamplace.ops.weighted_average_wirelength.weighted_average_wirelength - wirelength forward 0.086 ms
[DEBUG  ] dreamplace.ops.electric_potential.electric_potential - density forward 1.437 ms
[DEBUG  ] dreamplace.ops.electric_potential.electric_potential - density forward 1.185 ms
[DEBUG  ] dreamplace.ops.electric_potential.electric_potential - density backward 0.806 ms
[DEBUG  ] dreamplace.ops.electric_potential.electric_potential - density backward 0.966 ms
[DEBUG  ] dreamplace.ops.weighted_average_wirelength.weighted_average_wirelength - wirelength backward 0.118 ms
[INFO   ] DREAMPlace - optimizer step 29.421 ms
[INFO   ] DREAMPlace - iteration  176, (   8,  8,  0), Obj 1.034709E+04, NetCrossing 6.914E+02, NetCrossingWeight 1.000000E-01, DensityWeight 4.335572E-07, HPWL 9.810977E+03, Overflow 3.093747E-01, MaxDensity 1.120E+01, MacroOverlap 2.789E+01, MacroOverlapWeight 1.500000E+00, gamma 8.954663E-01, time 17.507ms
[INFO   ] DREAMPlace - full step 47.519 ms
[DEBUG  ] dreamplace.ops.weighted_average_wirelength.weighted_average_wirelength - wirelength forward 0.094 ms
[DEBUG  ] dreamplace.ops.electric_potential.electric_potential - density forward 1.559 ms
[DEBUG  ] dreamplace.ops.electric_potential.electric_potential - density forward 1.218 ms
[DEBUG  ] dreamplace.ops.electric_potential.electric_potential - density backward 0.885 ms
[DEBUG  ] dreamplace.ops.electric_potential.electric_potential - density backward 1.036 ms
[DEBUG  ] dreamplace.ops.weighted_average_wirelength.weighted_average_wirelength - wirelength backward 0.096 ms
[INFO   ] DREAMPlace - optimizer step 28.597 ms
[INFO   ] DREAMPlace - iteration  177, (   8,  8,  1), Obj 1.062341E+04, NetCrossing 7.466E+02, NetCrossingWeight 1.000000E-01, DensityWeight 4.335572E-07, HPWL 1.006099E+04, Overflow 3.023582E-01, MaxDensity 1.271E+01, MacroOverlap 2.713E+01, MacroOverlapWeight 1.500000E+00, gamma 8.954663E-01, time 18.074ms
[INFO   ] DREAMPlace - full step 47.302 ms
[INFO   ] DREAMPlace - Lsub stopping criteria: 1 and 10623.4 > 10347.1 * 0.999
[DEBUG  ] dreamplace.ops.weighted_average_wirelength.weighted_average_wirelength - wirelength forward 0.087 ms
[DEBUG  ] dreamplace.ops.electric_potential.electric_potential - density forward 1.484 ms
[DEBUG  ] dreamplace.ops.electric_potential.electric_potential - density forward 1.213 ms
[DEBUG  ] dreamplace.ops.electric_potential.electric_potential - density backward 0.825 ms
[DEBUG  ] dreamplace.ops.electric_potential.electric_potential - density backward 1.070 ms
[DEBUG  ] dreamplace.ops.weighted_average_wirelength.weighted_average_wirelength - wirelength backward 0.113 ms
[INFO   ] DREAMPlace - optimizer step 29.585 ms
[INFO   ] DREAMPlace - iteration  178, (   8,  9,  0), Obj 1.064620E+04, NetCrossing 7.551E+02, NetCrossingWeight 1.000000E-01, DensityWeight 4.731250E-07, HPWL 1.011823E+04, Overflow 2.943696E-01, MaxDensity 1.044E+01, MacroOverlap 2.592E+01, MacroOverlapWeight 1.500000E+00, gamma 8.954663E-01, time 17.823ms
[INFO   ] DREAMPlace - full step 48.025 ms
[DEBUG  ] dreamplace.ops.weighted_average_wirelength.weighted_average_wirelength - wirelength forward 0.090 ms
[DEBUG  ] dreamplace.ops.electric_potential.electric_potential - density forward 1.473 ms
[DEBUG  ] dreamplace.ops.electric_potential.electric_potential - density forward 1.191 ms
[DEBUG  ] dreamplace.ops.electric_potential.electric_potential - density backward 0.816 ms
[DEBUG  ] dreamplace.ops.electric_potential.electric_potential - density backward 1.060 ms
[DEBUG  ] dreamplace.ops.weighted_average_wirelength.weighted_average_wirelength - wirelength backward 0.114 ms
[INFO   ] DREAMPlace - optimizer step 29.206 ms
[INFO   ] DREAMPlace - iteration  179, (   8,  9,  1), Obj 1.139988E+04, NetCrossing 6.723E+02, NetCrossingWeight 1.000000E-01, DensityWeight 4.731250E-07, HPWL 1.086024E+04, Overflow 2.859507E-01, MaxDensity 1.154E+01, MacroOverlap 2.352E+01, MacroOverlapWeight 1.500000E+00, gamma 8.954663E-01, time 17.989ms
[INFO   ] DREAMPlace - full step 47.827 ms
[INFO   ] DREAMPlace - Lsub stopping criteria: 1 and 11399.9 > 10646.2 * 0.999
[DEBUG  ] dreamplace.ops.weighted_average_wirelength.weighted_average_wirelength - wirelength forward 0.088 ms
[DEBUG  ] dreamplace.ops.electric_potential.electric_potential - density forward 1.443 ms
[DEBUG  ] dreamplace.ops.electric_potential.electric_potential - density forward 1.196 ms
[DEBUG  ] dreamplace.ops.electric_potential.electric_potential - density backward 0.784 ms
[DEBUG  ] dreamplace.ops.electric_potential.electric_potential - density backward 1.103 ms
[DEBUG  ] dreamplace.ops.weighted_average_wirelength.weighted_average_wirelength - wirelength backward 0.131 ms
[INFO   ] DREAMPlace - optimizer step 29.963 ms
[INFO   ] DREAMPlace - iteration  180, (   9,  0,  0), Obj 1.117309E+04, NetCrossing 7.595E+02, NetCrossingWeight 1.000000E-01, DensityWeight 5.162947E-07, HPWL 1.065304E+04, Overflow 2.771977E-01, MaxDensity 1.047E+01, MacroOverlap 2.344E+01, MacroOverlapWeight 1.500000E+00, gamma 4.957120E-01, time 18.082ms
[INFO   ] DREAMPlace - full step 48.637 ms
[DEBUG  ] dreamplace.ops.weighted_average_wirelength.weighted_average_wirelength - wirelength forward 0.090 ms
[DEBUG  ] dreamplace.ops.electric_potential.electric_potential - density forward 1.706 ms
[DEBUG  ] dreamplace.ops.electric_potential.electric_potential - density forward 1.234 ms
[DEBUG  ] dreamplace.ops.electric_potential.electric_potential - density backward 0.784 ms
[DEBUG  ] dreamplace.ops.electric_potential.electric_potential - density backward 1.017 ms
[DEBUG  ] dreamplace.ops.weighted_average_wirelength.weighted_average_wirelength - wirelength backward 0.130 ms
[INFO   ] DREAMPlace - optimizer step 29.882 ms
[INFO   ] DREAMPlace - iteration  181, (   9,  0,  1), Obj 1.195272E+04, NetCrossing 7.629E+02, NetCrossingWeight 1.000000E-01, DensityWeight 5.162947E-07, HPWL 1.138364E+04, Overflow 2.697399E-01, MaxDensity 9.814E+00, MacroOverlap 2.033E+01, MacroOverlapWeight 1.500000E+00, gamma 4.957120E-01, time 18.199ms
[INFO   ] DREAMPlace - full step 48.696 ms
[INFO   ] DREAMPlace - Lsub stopping criteria: 1 and 11952.7 > 11173.1 * 0.999
[DEBUG  ] dreamplace.ops.weighted_average_wirelength.weighted_average_wirelength - wirelength forward 0.090 ms
[DEBUG  ] dreamplace.ops.electric_potential.electric_potential - density forward 1.443 ms
[DEBUG  ] dreamplace.ops.electric_potential.electric_potential - density forward 1.222 ms
[DEBUG  ] dreamplace.ops.electric_potential.electric_potential - density backward 0.772 ms
[DEBUG  ] dreamplace.ops.electric_potential.electric_potential - density backward 1.004 ms
[DEBUG  ] dreamplace.ops.weighted_average_wirelength.weighted_average_wirelength - wirelength backward 0.137 ms
[INFO   ] DREAMPlace - optimizer step 30.030 ms
[INFO   ] DREAMPlace - iteration  182, (   9,  1,  0), Obj 1.187520E+04, NetCrossing 7.320E+02, NetCrossingWeight 1.000000E-01, DensityWeight 5.634403E-07, HPWL 1.133417E+04, Overflow 2.615913E-01, MaxDensity 9.779E+00, MacroOverlap 2.023E+01, MacroOverlapWeight 1.500000E+00, gamma 4.957120E-01, time 17.746ms
[INFO   ] DREAMPlace - full step 48.386 ms
[DEBUG  ] dreamplace.ops.weighted_average_wirelength.weighted_average_wirelength - wirelength forward 0.093 ms
[DEBUG  ] dreamplace.ops.electric_potential.electric_potential - density forward 4.719 ms
[DEBUG  ] dreamplace.ops.electric_potential.electric_potential - density forward 1.256 ms
[DEBUG  ] dreamplace.ops.electric_potential.electric_potential - density backward 0.906 ms
[DEBUG  ] dreamplace.ops.electric_potential.electric_potential - density backward 1.019 ms
[DEBUG  ] dreamplace.ops.weighted_average_wirelength.weighted_average_wirelength - wirelength backward 0.072 ms
[INFO   ] DREAMPlace - optimizer step 31.233 ms
[INFO   ] DREAMPlace - iteration  183, (   9,  1,  1), Obj 1.231421E+04, NetCrossing 7.969E+02, NetCrossingWeight 1.000000E-01, DensityWeight 5.634403E-07, HPWL 1.174793E+04, Overflow 2.532351E-01, MaxDensity 1.062E+01, MacroOverlap 1.853E+01, MacroOverlapWeight 1.500000E+00, gamma 4.957120E-01, time 18.022ms
[INFO   ] DREAMPlace - full step 49.907 ms
[INFO   ] DREAMPlace - Lsub stopping criteria: 1 and 12314.2 > 11875.2 * 0.999
[DEBUG  ] dreamplace.ops.weighted_average_wirelength.weighted_average_wirelength - wirelength forward 0.092 ms
[DEBUG  ] dreamplace.ops.electric_potential.electric_potential - density forward 1.625 ms
[DEBUG  ] dreamplace.ops.electric_potential.electric_potential - density forward 1.447 ms
[DEBUG  ] dreamplace.ops.electric_potential.electric_potential - density backward 0.829 ms
[DEBUG  ] dreamplace.ops.electric_potential.electric_potential - density backward 1.103 ms
[DEBUG  ] dreamplace.ops.weighted_average_wirelength.weighted_average_wirelength - wirelength backward 0.109 ms
[INFO   ] DREAMPlace - optimizer step 29.405 ms
[INFO   ] DREAMPlace - iteration  184, (   9,  2,  0), Obj 1.212217E+04, NetCrossing 7.831E+02, NetCrossingWeight 1.000000E-01, DensityWeight 6.149139E-07, HPWL 1.157867E+04, Overflow 2.483580E-01, MaxDensity 9.900E+00, MacroOverlap 1.822E+01, MacroOverlapWeight 1.500000E+00, gamma 4.957120E-01, time 19.332ms
[INFO   ] DREAMPlace - full step 49.344 ms
[DEBUG  ] dreamplace.ops.weighted_average_wirelength.weighted_average_wirelength - wirelength forward 0.087 ms
[DEBUG  ] dreamplace.ops.electric_potential.electric_potential - density forward 1.599 ms
[DEBUG  ] dreamplace.ops.electric_potential.electric_potential - density forward 1.310 ms
[DEBUG  ] dreamplace.ops.electric_potential.electric_potential - density backward 0.787 ms
[DEBUG  ] dreamplace.ops.electric_potential.electric_potential - density backward 1.016 ms
[DEBUG  ] dreamplace.ops.weighted_average_wirelength.weighted_average_wirelength - wirelength backward 0.125 ms
[INFO   ] DREAMPlace - optimizer step 29.914 ms
[INFO   ] DREAMPlace - iteration  185, (   9,  2,  1), Obj 1.283536E+04, NetCrossing 7.600E+02, NetCrossingWeight 1.000000E-01, DensityWeight 6.149139E-07, HPWL 1.227060E+04, Overflow 2.421762E-01, MaxDensity 8.629E+00, MacroOverlap 1.648E+01, MacroOverlapWeight 1.500000E+00, gamma 4.957120E-01, time 17.737ms
[INFO   ] DREAMPlace - full step 48.316 ms
[INFO   ] DREAMPlace - Lsub stopping criteria: 1 and 12835.4 > 12122.2 * 0.999
[DEBUG  ] dreamplace.ops.weighted_average_wirelength.weighted_average_wirelength - wirelength forward 0.083 ms
[DEBUG  ] dreamplace.ops.electric_potential.electric_potential - density forward 1.449 ms
[DEBUG  ] dreamplace.ops.electric_potential.electric_potential - density forward 1.183 ms
[DEBUG  ] dreamplace.ops.electric_potential.electric_potential - density backward 0.779 ms
[DEBUG  ] dreamplace.ops.electric_potential.electric_potential - density backward 1.157 ms
[DEBUG  ] dreamplace.ops.weighted_average_wirelength.weighted_average_wirelength - wirelength backward 0.161 ms
[INFO   ] DREAMPlace - optimizer step 30.188 ms
[INFO   ] DREAMPlace - iteration  186, (   9,  3,  0), Obj 1.281521E+04, NetCrossing 7.422E+02, NetCrossingWeight 1.000000E-01, DensityWeight 6.710649E-07, HPWL 1.226726E+04, Overflow 2.369117E-01, MaxDensity 9.821E+00, MacroOverlap 1.466E+01, MacroOverlapWeight 1.500000E+00, gamma 4.957120E-01, time 17.675ms
[INFO   ] DREAMPlace - full step 48.507 ms
[DEBUG  ] dreamplace.ops.weighted_average_wirelength.weighted_average_wirelength - wirelength forward 0.092 ms
[DEBUG  ] dreamplace.ops.electric_potential.electric_potential - density forward 1.473 ms
[DEBUG  ] dreamplace.ops.electric_potential.electric_potential - density forward 1.503 ms
[DEBUG  ] dreamplace.ops.electric_potential.electric_potential - density backward 0.772 ms
[DEBUG  ] dreamplace.ops.electric_potential.electric_potential - density backward 1.158 ms
[DEBUG  ] dreamplace.ops.weighted_average_wirelength.weighted_average_wirelength - wirelength backward 0.140 ms
[INFO   ] DREAMPlace - optimizer step 30.996 ms
[INFO   ] DREAMPlace - iteration  187, (   9,  3,  1), Obj 1.290283E+04, NetCrossing 7.650E+02, NetCrossingWeight 1.000000E-01, DensityWeight 6.710649E-07, HPWL 1.232518E+04, Overflow 2.365490E-01, MaxDensity 1.008E+01, MacroOverlap 1.601E+01, MacroOverlapWeight 1.500000E+00, gamma 4.957120E-01, time 17.729ms
[INFO   ] DREAMPlace - full step 49.331 ms
[INFO   ] DREAMPlace - Lsub stopping criteria: 1 and 12902.8 > 12815.2 * 0.999
[DEBUG  ] dreamplace.ops.weighted_average_wirelength.weighted_average_wirelength - wirelength forward 0.084 ms
[DEBUG  ] dreamplace.ops.electric_potential.electric_potential - density forward 1.467 ms
[DEBUG  ] dreamplace.ops.electric_potential.electric_potential - density forward 1.264 ms
[DEBUG  ] dreamplace.ops.electric_potential.electric_potential - density backward 0.777 ms
[DEBUG  ] dreamplace.ops.electric_potential.electric_potential - density backward 0.999 ms
[DEBUG  ] dreamplace.ops.weighted_average_wirelength.weighted_average_wirelength - wirelength backward 0.136 ms
[INFO   ] DREAMPlace - optimizer step 30.664 ms
[INFO   ] DREAMPlace - iteration  188, (   9,  4,  0), Obj 1.286664E+04, NetCrossing 7.381E+02, NetCrossingWeight 1.000000E-01, DensityWeight 7.324245E-07, HPWL 1.230907E+04, Overflow 2.359819E-01, MaxDensity 8.649E+00, MacroOverlap 1.335E+01, MacroOverlapWeight 1.500000E+00, gamma 4.957120E-01, time 17.767ms
[INFO   ] DREAMPlace - full step 49.078 ms
[DEBUG  ] dreamplace.ops.weighted_average_wirelength.weighted_average_wirelength - wirelength forward 0.089 ms
[DEBUG  ] dreamplace.ops.electric_potential.electric_potential - density forward 1.461 ms
[DEBUG  ] dreamplace.ops.electric_potential.electric_potential - density forward 1.188 ms
[DEBUG  ] dreamplace.ops.electric_potential.electric_potential - density backward 0.800 ms
[DEBUG  ] dreamplace.ops.electric_potential.electric_potential - density backward 0.986 ms
[DEBUG  ] dreamplace.ops.weighted_average_wirelength.weighted_average_wirelength - wirelength backward 0.128 ms
[INFO   ] DREAMPlace - optimizer step 29.872 ms
[INFO   ] DREAMPlace - iteration  189, (   9,  4,  1), Obj 1.315943E+04, NetCrossing 7.736E+02, NetCrossingWeight 1.000000E-01, DensityWeight 7.324245E-07, HPWL 1.257150E+04, Overflow 2.352860E-01, MaxDensity 8.030E+00, MacroOverlap 1.258E+01, MacroOverlapWeight 1.500000E+00, gamma 4.957120E-01, time 17.733ms
[INFO   ] DREAMPlace - full step 48.281 ms
[INFO   ] DREAMPlace - Lsub stopping criteria: 1 and 13159.4 > 12866.6 * 0.999
[DEBUG  ] dreamplace.ops.weighted_average_wirelength.weighted_average_wirelength - wirelength forward 0.088 ms
[DEBUG  ] dreamplace.ops.electric_potential.electric_potential - density forward 1.477 ms
[DEBUG  ] dreamplace.ops.electric_potential.electric_potential - density forward 1.497 ms
[DEBUG  ] dreamplace.ops.electric_potential.electric_potential - density backward 0.774 ms
[DEBUG  ] dreamplace.ops.electric_potential.electric_potential - density backward 1.155 ms
[DEBUG  ] dreamplace.ops.weighted_average_wirelength.weighted_average_wirelength - wirelength backward 0.071 ms
[INFO   ] DREAMPlace - optimizer step 30.837 ms
[INFO   ] DREAMPlace - iteration  190, (   9,  5,  0), Obj 1.334640E+04, NetCrossing 7.417E+02, NetCrossingWeight 1.000000E-01, DensityWeight 7.993582E-07, HPWL 1.277615E+04, Overflow 2.318585E-01, MaxDensity 9.377E+00, MacroOverlap 1.223E+01, MacroOverlapWeight 1.500000E+00, gamma 4.957120E-01, time 17.341ms
[INFO   ] DREAMPlace - full step 48.774 ms
[DEBUG  ] dreamplace.ops.weighted_average_wirelength.weighted_average_wirelength - wirelength forward 0.089 ms
[DEBUG  ] dreamplace.ops.electric_potential.electric_potential - density forward 1.549 ms
[DEBUG  ] dreamplace.ops.electric_potential.electric_potential - density forward 1.213 ms
[DEBUG  ] dreamplace.ops.electric_potential.electric_potential - density backward 0.918 ms
[DEBUG  ] dreamplace.ops.electric_potential.electric_potential - density backward 0.838 ms
[DEBUG  ] dreamplace.ops.weighted_average_wirelength.weighted_average_wirelength - wirelength backward 0.088 ms
[INFO   ] DREAMPlace - optimizer step 27.738 ms
[INFO   ] DREAMPlace - iteration  191, (   9,  5,  1), Obj 1.346117E+04, NetCrossing 7.510E+02, NetCrossingWeight 1.000000E-01, DensityWeight 7.993582E-07, HPWL 1.286300E+04, Overflow 2.286482E-01, MaxDensity 8.904E+00, MacroOverlap 1.205E+01, MacroOverlapWeight 1.500000E+00, gamma 4.957120E-01, time 18.132ms
[INFO   ] DREAMPlace - full step 46.485 ms
[INFO   ] DREAMPlace - Lsub stopping criteria: 1 and 13461.2 > 13346.4 * 0.999
[DEBUG  ] dreamplace.ops.weighted_average_wirelength.weighted_average_wirelength - wirelength forward 0.089 ms
[DEBUG  ] dreamplace.ops.electric_potential.electric_potential - density forward 1.477 ms
[DEBUG  ] dreamplace.ops.electric_potential.electric_potential - density forward 1.436 ms
[DEBUG  ] dreamplace.ops.electric_potential.electric_potential - density backward 0.801 ms
[DEBUG  ] dreamplace.ops.electric_potential.electric_potential - density backward 1.124 ms
[DEBUG  ] dreamplace.ops.weighted_average_wirelength.weighted_average_wirelength - wirelength backward 0.071 ms
[INFO   ] DREAMPlace - optimizer step 30.243 ms
[INFO   ] DREAMPlace - iteration  192, (   9,  6,  0), Obj 1.361809E+04, NetCrossing 7.597E+02, NetCrossingWeight 1.000000E-01, DensityWeight 8.723996E-07, HPWL 1.303791E+04, Overflow 2.230074E-01, MaxDensity 1.039E+01, MacroOverlap 1.110E+01, MacroOverlapWeight 1.500000E+00, gamma 4.957120E-01, time 17.872ms
[INFO   ] DREAMPlace - full step 48.709 ms
[DEBUG  ] dreamplace.ops.weighted_average_wirelength.weighted_average_wirelength - wirelength forward 0.091 ms
[DEBUG  ] dreamplace.ops.electric_potential.electric_potential - density forward 1.502 ms
[DEBUG  ] dreamplace.ops.electric_potential.electric_potential - density forward 1.221 ms
[DEBUG  ] dreamplace.ops.electric_potential.electric_potential - density backward 0.850 ms
[DEBUG  ] dreamplace.ops.electric_potential.electric_potential - density backward 0.962 ms
[DEBUG  ] dreamplace.ops.weighted_average_wirelength.weighted_average_wirelength - wirelength backward 0.119 ms
[INFO   ] DREAMPlace - optimizer step 28.928 ms
[INFO   ] DREAMPlace - iteration  193, (   9,  6,  1), Obj 1.349119E+04, NetCrossing 7.380E+02, NetCrossingWeight 1.000000E-01, DensityWeight 8.723996E-07, HPWL 1.289361E+04, Overflow 2.200988E-01, MaxDensity 8.616E+00, MacroOverlap 1.049E+01, MacroOverlapWeight 1.500000E+00, gamma 4.957120E-01, time 18.211ms
[INFO   ] DREAMPlace - full step 47.763 ms
[DEBUG  ] dreamplace.ops.weighted_average_wirelength.weighted_average_wirelength - wirelength forward 0.089 ms
[DEBUG  ] dreamplace.ops.electric_potential.electric_potential - density forward 1.575 ms
[DEBUG  ] dreamplace.ops.electric_potential.electric_potential - density forward 1.190 ms
[DEBUG  ] dreamplace.ops.electric_potential.electric_potential - density backward 0.791 ms
[DEBUG  ] dreamplace.ops.electric_potential.electric_potential - density backward 1.128 ms
[DEBUG  ] dreamplace.ops.weighted_average_wirelength.weighted_average_wirelength - wirelength backward 0.127 ms
[INFO   ] DREAMPlace - optimizer step 30.067 ms
[INFO   ] DREAMPlace - iteration  194, (   9,  7,  0), Obj 1.424855E+04, NetCrossing 7.345E+02, NetCrossingWeight 1.000000E-01, DensityWeight 9.521739E-07, HPWL 1.367900E+04, Overflow 2.151472E-01, MaxDensity 8.153E+00, MacroOverlap 8.339E+00, MacroOverlapWeight 1.500000E+00, gamma 4.957120E-01, time 17.805ms
[INFO   ] DREAMPlace - full step 48.475 ms
[DEBUG  ] dreamplace.ops.weighted_average_wirelength.weighted_average_wirelength - wirelength forward 0.090 ms
[DEBUG  ] dreamplace.ops.electric_potential.electric_potential - density forward 1.467 ms
[DEBUG  ] dreamplace.ops.electric_potential.electric_potential - density forward 1.233 ms
[DEBUG  ] dreamplace.ops.electric_potential.electric_potential - density backward 0.783 ms
[DEBUG  ] dreamplace.ops.electric_potential.electric_potential - density backward 1.180 ms
[DEBUG  ] dreamplace.ops.weighted_average_wirelength.weighted_average_wirelength - wirelength backward 0.137 ms
[INFO   ] DREAMPlace - optimizer step 31.060 ms
[INFO   ] DREAMPlace - iteration  195, (   9,  7,  1), Obj 1.418981E+04, NetCrossing 7.736E+02, NetCrossingWeight 1.000000E-01, DensityWeight 9.521739E-07, HPWL 1.360047E+04, Overflow 2.082803E-01, MaxDensity 7.330E+00, MacroOverlap 8.014E+00, MacroOverlapWeight 1.500000E+00, gamma 4.957120E-01, time 18.184ms
[INFO   ] DREAMPlace - full step 49.876 ms
[DEBUG  ] dreamplace.ops.weighted_average_wirelength.weighted_average_wirelength - wirelength forward 0.090 ms
[DEBUG  ] dreamplace.ops.electric_potential.electric_potential - density forward 1.441 ms
[DEBUG  ] dreamplace.ops.electric_potential.electric_potential - density forward 1.165 ms
[DEBUG  ] dreamplace.ops.electric_potential.electric_potential - density backward 0.799 ms
[DEBUG  ] dreamplace.ops.electric_potential.electric_potential - density backward 1.129 ms
[DEBUG  ] dreamplace.ops.weighted_average_wirelength.weighted_average_wirelength - wirelength backward 0.127 ms
[INFO   ] DREAMPlace - optimizer step 29.720 ms
[INFO   ] DREAMPlace - iteration  196, (   9,  8,  0), Obj 1.414065E+04, NetCrossing 7.215E+02, NetCrossingWeight 1.000000E-01, DensityWeight 1.039077E-06, HPWL 1.358664E+04, Overflow 2.010706E-01, MaxDensity 7.298E+00, MacroOverlap 7.003E+00, MacroOverlapWeight 1.500000E+00, gamma 4.957120E-01, time 17.817ms
[INFO   ] DREAMPlace - full step 48.133 ms
[DEBUG  ] dreamplace.ops.weighted_average_wirelength.weighted_average_wirelength - wirelength forward 0.099 ms
[DEBUG  ] dreamplace.ops.electric_potential.electric_potential - density forward 1.455 ms
[DEBUG  ] dreamplace.ops.electric_potential.electric_potential - density forward 1.218 ms
[DEBUG  ] dreamplace.ops.electric_potential.electric_potential - density backward 0.842 ms
[DEBUG  ] dreamplace.ops.electric_potential.electric_potential - density backward 1.071 ms
[DEBUG  ] dreamplace.ops.weighted_average_wirelength.weighted_average_wirelength - wirelength backward 0.090 ms
[INFO   ] DREAMPlace - optimizer step 29.203 ms
[INFO   ] DREAMPlace - iteration  197, (   9,  8,  1), Obj 1.472106E+04, NetCrossing 7.464E+02, NetCrossingWeight 1.000000E-01, DensityWeight 1.039077E-06, HPWL 1.415295E+04, Overflow 1.932012E-01, MaxDensity 6.851E+00, MacroOverlap 7.046E+00, MacroOverlapWeight 1.500000E+00, gamma 4.957120E-01, time 17.885ms
[INFO   ] DREAMPlace - full step 47.708 ms
[INFO   ] DREAMPlace - Lsub stopping criteria: 1 and 14721.1 > 14140.6 * 0.999
[DEBUG  ] dreamplace.ops.weighted_average_wirelength.weighted_average_wirelength - wirelength forward 0.088 ms
[DEBUG  ] dreamplace.ops.electric_potential.electric_potential - density forward 1.430 ms
[DEBUG  ] dreamplace.ops.electric_potential.electric_potential - density forward 1.216 ms
[DEBUG  ] dreamplace.ops.electric_potential.electric_potential - density backward 0.831 ms
[DEBUG  ] dreamplace.ops.electric_potential.electric_potential - density backward 1.123 ms
[DEBUG  ] dreamplace.ops.weighted_average_wirelength.weighted_average_wirelength - wirelength backward 0.112 ms
[INFO   ] DREAMPlace - optimizer step 29.194 ms
[INFO   ] DREAMPlace - iteration  198, (   9,  9,  0), Obj 1.522056E+04, NetCrossing 7.445E+02, NetCrossingWeight 1.000000E-01, DensityWeight 1.133952E-06, HPWL 1.468517E+04, Overflow 1.888887E-01, MaxDensity 7.015E+00, MacroOverlap 6.201E+00, MacroOverlapWeight 1.500000E+00, gamma 4.957120E-01, time 17.743ms
[INFO   ] DREAMPlace - full step 47.559 ms
[DEBUG  ] dreamplace.ops.weighted_average_wirelength.weighted_average_wirelength - wirelength forward 0.101 ms
[DEBUG  ] dreamplace.ops.electric_potential.electric_potential - density forward 1.447 ms
[DEBUG  ] dreamplace.ops.electric_potential.electric_potential - density forward 1.176 ms
[DEBUG  ] dreamplace.ops.electric_potential.electric_potential - density backward 0.777 ms
[DEBUG  ] dreamplace.ops.electric_potential.electric_potential - density backward 0.982 ms
[DEBUG  ] dreamplace.ops.weighted_average_wirelength.weighted_average_wirelength - wirelength backward 0.068 ms
[INFO   ] DREAMPlace - optimizer step 29.594 ms
[INFO   ] DREAMPlace - iteration  199, (   9,  9,  1), Obj 1.509217E+04, NetCrossing 7.484E+02, NetCrossingWeight 1.000000E-01, DensityWeight 1.133952E-06, HPWL 1.455143E+04, Overflow 1.845336E-01, MaxDensity 7.003E+00, MacroOverlap 6.377E+00, MacroOverlapWeight 1.500000E+00, gamma 4.957120E-01, time 18.006ms
[INFO   ] DREAMPlace - full step 48.203 ms
[INFO   ] DREAMPlace - plotting to ./results/reproduce-may20/small-9/PN42C_A00/run-0_0_1/PN42C_A00/plot/iter0200.png takes 0.048 seconds
[DEBUG  ] dreamplace.ops.weighted_average_wirelength.weighted_average_wirelength - wirelength forward 0.099 ms
[DEBUG  ] dreamplace.ops.electric_potential.electric_potential - density forward 1.492 ms
[DEBUG  ] dreamplace.ops.electric_potential.electric_potential - density forward 1.236 ms
[DEBUG  ] dreamplace.ops.electric_potential.electric_potential - density backward 0.853 ms
[DEBUG  ] dreamplace.ops.electric_potential.electric_potential - density backward 0.941 ms
[DEBUG  ] dreamplace.ops.weighted_average_wirelength.weighted_average_wirelength - wirelength backward 0.096 ms
[INFO   ] DREAMPlace - optimizer step 29.391 ms
[INFO   ] DREAMPlace - iteration  200, (  10,  0,  0), Obj 1.487228E+04, NetCrossing 7.445E+02, NetCrossingWeight 1.000000E-01, DensityWeight 1.237536E-06, HPWL 1.436555E+04, Overflow 1.790817E-01, MaxDensity 6.815E+00, MacroOverlap 5.569E+00, MacroOverlapWeight 1.500000E+00, gamma 2.950246E-01, time 17.932ms
[INFO   ] DREAMPlace - full step 98.323 ms
[DEBUG  ] dreamplace.ops.weighted_average_wirelength.weighted_average_wirelength - wirelength forward 0.091 ms
[DEBUG  ] dreamplace.ops.electric_potential.electric_potential - density forward 1.478 ms
[DEBUG  ] dreamplace.ops.electric_potential.electric_potential - density forward 1.161 ms
[DEBUG  ] dreamplace.ops.electric_potential.electric_potential - density backward 0.858 ms
[DEBUG  ] dreamplace.ops.electric_potential.electric_potential - density backward 1.080 ms
[DEBUG  ] dreamplace.ops.weighted_average_wirelength.weighted_average_wirelength - wirelength backward 0.080 ms
[INFO   ] DREAMPlace - optimizer step 28.258 ms
[INFO   ] DREAMPlace - iteration  201, (  10,  0,  1), Obj 1.552584E+04, NetCrossing 7.529E+02, NetCrossingWeight 1.000000E-01, DensityWeight 1.237536E-06, HPWL 1.500244E+04, Overflow 1.723510E-01, MaxDensity 8.658E+00, MacroOverlap 5.179E+00, MacroOverlapWeight 1.500000E+00, gamma 2.950246E-01, time 18.343ms
[INFO   ] DREAMPlace - full step 47.230 ms
[INFO   ] DREAMPlace - Lsub stopping criteria: 1 and 15525.8 > 14872.3 * 0.999
[DEBUG  ] dreamplace.ops.weighted_average_wirelength.weighted_average_wirelength - wirelength forward 0.092 ms
[DEBUG  ] dreamplace.ops.electric_potential.electric_potential - density forward 1.477 ms
[DEBUG  ] dreamplace.ops.electric_potential.electric_potential - density forward 1.219 ms
[DEBUG  ] dreamplace.ops.electric_potential.electric_potential - density backward 0.833 ms
[DEBUG  ] dreamplace.ops.electric_potential.electric_potential - density backward 1.096 ms
[DEBUG  ] dreamplace.ops.weighted_average_wirelength.weighted_average_wirelength - wirelength backward 0.109 ms
[INFO   ] DREAMPlace - optimizer step 28.754 ms
[INFO   ] DREAMPlace - iteration  202, (  10,  1,  0), Obj 1.510970E+04, NetCrossing 7.293E+02, NetCrossingWeight 1.000000E-01, DensityWeight 1.350564E-06, HPWL 1.462098E+04, Overflow 1.646550E-01, MaxDensity 7.088E+00, MacroOverlap 4.282E+00, MacroOverlapWeight 1.500000E+00, gamma 2.950246E-01, time 17.683ms
[INFO   ] DREAMPlace - full step 47.063 ms
[DEBUG  ] dreamplace.ops.weighted_average_wirelength.weighted_average_wirelength - wirelength forward 0.093 ms
[DEBUG  ] dreamplace.ops.electric_potential.electric_potential - density forward 3.385 ms
[DEBUG  ] dreamplace.ops.electric_potential.electric_potential - density forward 1.249 ms
[DEBUG  ] dreamplace.ops.electric_potential.electric_potential - density backward 0.801 ms
[DEBUG  ] dreamplace.ops.electric_potential.electric_potential - density backward 0.987 ms
[DEBUG  ] dreamplace.ops.weighted_average_wirelength.weighted_average_wirelength - wirelength backward 0.124 ms
[INFO   ] DREAMPlace - optimizer step 31.763 ms
[INFO   ] DREAMPlace - iteration  203, (  10,  1,  1), Obj 1.592415E+04, NetCrossing 7.229E+02, NetCrossingWeight 1.000000E-01, DensityWeight 1.350564E-06, HPWL 1.542629E+04, Overflow 1.568410E-01, MaxDensity 7.124E+00, MacroOverlap 3.734E+00, MacroOverlapWeight 1.500000E+00, gamma 2.950246E-01, time 20.909ms
[INFO   ] DREAMPlace - full step 53.312 ms
[INFO   ] DREAMPlace - Lsub stopping criteria: 1 and 15924.2 > 15109.7 * 0.999
[DEBUG  ] dreamplace.ops.weighted_average_wirelength.weighted_average_wirelength - wirelength forward 0.088 ms
[DEBUG  ] dreamplace.ops.electric_potential.electric_potential - density forward 1.433 ms
[DEBUG  ] dreamplace.ops.electric_potential.electric_potential - density forward 1.386 ms
[DEBUG  ] dreamplace.ops.electric_potential.electric_potential - density backward 0.790 ms
[DEBUG  ] dreamplace.ops.electric_potential.electric_potential - density backward 0.985 ms
[DEBUG  ] dreamplace.ops.weighted_average_wirelength.weighted_average_wirelength - wirelength backward 0.129 ms
[INFO   ] DREAMPlace - optimizer step 31.237 ms
[INFO   ] DREAMPlace - iteration  204, (  10,  2,  0), Obj 1.593089E+04, NetCrossing 7.755E+02, NetCrossingWeight 1.000000E-01, DensityWeight 1.473926E-06, HPWL 1.545329E+04, Overflow 1.483524E-01, MaxDensity 6.547E+00, MacroOverlap 3.792E+00, MacroOverlapWeight 1.500000E+00, gamma 2.950246E-01, time 17.779ms
[INFO   ] DREAMPlace - full step 49.625 ms
[DEBUG  ] dreamplace.ops.weighted_average_wirelength.weighted_average_wirelength - wirelength forward 0.086 ms
[DEBUG  ] dreamplace.ops.electric_potential.electric_potential - density forward 1.439 ms
[DEBUG  ] dreamplace.ops.electric_potential.electric_potential - density forward 1.220 ms
[DEBUG  ] dreamplace.ops.electric_potential.electric_potential - density backward 0.777 ms
[DEBUG  ] dreamplace.ops.electric_potential.electric_potential - density backward 1.158 ms
[DEBUG  ] dreamplace.ops.weighted_average_wirelength.weighted_average_wirelength - wirelength backward 0.138 ms
[INFO   ] DREAMPlace - optimizer step 30.233 ms
[INFO   ] DREAMPlace - iteration  205, (  10,  2,  1), Obj 1.627992E+04, NetCrossing 6.929E+02, NetCrossingWeight 1.000000E-01, DensityWeight 1.473926E-06, HPWL 1.579482E+04, Overflow 1.389147E-01, MaxDensity 6.245E+00, MacroOverlap 3.235E+00, MacroOverlapWeight 1.500000E+00, gamma 2.950246E-01, time 17.903ms
[INFO   ] DREAMPlace - full step 48.770 ms
[INFO   ] DREAMPlace - Lsub stopping criteria: 1 and 16279.9 > 15930.9 * 0.999
[DEBUG  ] dreamplace.ops.weighted_average_wirelength.weighted_average_wirelength - wirelength forward 0.086 ms
[DEBUG  ] dreamplace.ops.electric_potential.electric_potential - density forward 1.477 ms
[DEBUG  ] dreamplace.ops.electric_potential.electric_potential - density forward 1.209 ms
[DEBUG  ] dreamplace.ops.electric_potential.electric_potential - density backward 0.785 ms
[DEBUG  ] dreamplace.ops.electric_potential.electric_potential - density backward 0.862 ms
[DEBUG  ] dreamplace.ops.weighted_average_wirelength.weighted_average_wirelength - wirelength backward 0.130 ms
[INFO   ] DREAMPlace - optimizer step 30.176 ms
[INFO   ] DREAMPlace - iteration  206, (  10,  3,  0), Obj 1.660963E+04, NetCrossing 6.852E+02, NetCrossingWeight 1.000000E-01, DensityWeight 1.608576E-06, HPWL 1.614498E+04, Overflow 1.303590E-01, MaxDensity 6.737E+00, MacroOverlap 3.292E+00, MacroOverlapWeight 1.500000E+00, gamma 2.950246E-01, time 17.911ms
[INFO   ] DREAMPlace - full step 48.747 ms
[DEBUG  ] dreamplace.ops.weighted_average_wirelength.weighted_average_wirelength - wirelength forward 0.083 ms
[DEBUG  ] dreamplace.ops.electric_potential.electric_potential - density forward 1.442 ms
[DEBUG  ] dreamplace.ops.electric_potential.electric_potential - density forward 1.188 ms
[DEBUG  ] dreamplace.ops.electric_potential.electric_potential - density backward 0.786 ms
[DEBUG  ] dreamplace.ops.electric_potential.electric_potential - density backward 1.132 ms
[DEBUG  ] dreamplace.ops.weighted_average_wirelength.weighted_average_wirelength - wirelength backward 0.158 ms
[INFO   ] DREAMPlace - optimizer step 30.259 ms
[INFO   ] DREAMPlace - iteration  207, (  10,  3,  1), Obj 1.685701E+04, NetCrossing 7.019E+02, NetCrossingWeight 1.000000E-01, DensityWeight 1.608576E-06, HPWL 1.637241E+04, Overflow 1.263841E-01, MaxDensity 6.654E+00, MacroOverlap 2.911E+00, MacroOverlapWeight 1.500000E+00, gamma 2.950246E-01, time 17.373ms
[INFO   ] DREAMPlace - full step 48.269 ms
[INFO   ] DREAMPlace - Lsub stopping criteria: 1 and 16857 > 16609.6 * 0.999
[DEBUG  ] dreamplace.ops.weighted_average_wirelength.weighted_average_wirelength - wirelength forward 0.087 ms
[DEBUG  ] dreamplace.ops.electric_potential.electric_potential - density forward 1.439 ms
[DEBUG  ] dreamplace.ops.electric_potential.electric_potential - density forward 1.192 ms
[DEBUG  ] dreamplace.ops.electric_potential.electric_potential - density backward 0.789 ms
[DEBUG  ] dreamplace.ops.electric_potential.electric_potential - density backward 1.134 ms
[DEBUG  ] dreamplace.ops.weighted_average_wirelength.weighted_average_wirelength - wirelength backward 0.138 ms
[INFO   ] DREAMPlace - optimizer step 30.439 ms
[INFO   ] DREAMPlace - iteration  208, (  10,  4,  0), Obj 1.754811E+04, NetCrossing 6.974E+02, NetCrossingWeight 1.000000E-01, DensityWeight 1.755441E-06, HPWL 1.707682E+04, Overflow 1.218300E-01, MaxDensity 7.376E+00, MacroOverlap 3.272E+00, MacroOverlapWeight 1.500000E+00, gamma 2.950246E-01, time 18.044ms
[INFO   ] DREAMPlace - full step 49.092 ms
[DEBUG  ] dreamplace.ops.weighted_average_wirelength.weighted_average_wirelength - wirelength forward 0.085 ms
[DEBUG  ] dreamplace.ops.electric_potential.electric_potential - density forward 1.466 ms
[DEBUG  ] dreamplace.ops.electric_potential.electric_potential - density forward 1.291 ms
[DEBUG  ] dreamplace.ops.electric_potential.electric_potential - density backward 0.776 ms
[DEBUG  ] dreamplace.ops.electric_potential.electric_potential - density backward 1.167 ms
[DEBUG  ] dreamplace.ops.weighted_average_wirelength.weighted_average_wirelength - wirelength backward 0.138 ms
[INFO   ] DREAMPlace - optimizer step 31.318 ms
[INFO   ] DREAMPlace - iteration  209, (  10,  4,  1), Obj 1.747808E+04, NetCrossing 7.347E+02, NetCrossingWeight 1.000000E-01, DensityWeight 1.755441E-06, HPWL 1.698034E+04, Overflow 1.174943E-01, MaxDensity 7.497E+00, MacroOverlap 2.819E+00, MacroOverlapWeight 1.500000E+00, gamma 2.950246E-01, time 17.636ms
[INFO   ] DREAMPlace - full step 49.580 ms
[DEBUG  ] dreamplace.ops.weighted_average_wirelength.weighted_average_wirelength - wirelength forward 0.087 ms
[DEBUG  ] dreamplace.ops.electric_potential.electric_potential - density forward 1.451 ms
[DEBUG  ] dreamplace.ops.electric_potential.electric_potential - density forward 1.212 ms
[DEBUG  ] dreamplace.ops.electric_potential.electric_potential - density backward 0.762 ms
[DEBUG  ] dreamplace.ops.electric_potential.electric_potential - density backward 1.007 ms
[DEBUG  ] dreamplace.ops.weighted_average_wirelength.weighted_average_wirelength - wirelength backward 0.139 ms
[INFO   ] DREAMPlace - optimizer step 30.616 ms
[INFO   ] DREAMPlace - iteration  210, (  10,  5,  0), Obj 1.776632E+04, NetCrossing 7.112E+02, NetCrossingWeight 1.000000E-01, DensityWeight 1.915701E-06, HPWL 1.728871E+04, Overflow 1.137970E-01, MaxDensity 5.662E+00, MacroOverlap 2.040E+00, MacroOverlapWeight 1.500000E+00, gamma 2.950246E-01, time 17.628ms
[INFO   ] DREAMPlace - full step 48.830 ms
[DEBUG  ] dreamplace.ops.weighted_average_wirelength.weighted_average_wirelength - wirelength forward 0.089 ms
[DEBUG  ] dreamplace.ops.electric_potential.electric_potential - density forward 1.665 ms
[DEBUG  ] dreamplace.ops.electric_potential.electric_potential - density forward 1.396 ms
[DEBUG  ] dreamplace.ops.electric_potential.electric_potential - density backward 0.773 ms
[DEBUG  ] dreamplace.ops.electric_potential.electric_potential - density backward 1.006 ms
[DEBUG  ] dreamplace.ops.weighted_average_wirelength.weighted_average_wirelength - wirelength backward 0.137 ms
[INFO   ] DREAMPlace - optimizer step 30.924 ms
[INFO   ] DREAMPlace - iteration  211, (  10,  5,  1), Obj 1.867723E+04, NetCrossing 7.069E+02, NetCrossingWeight 1.000000E-01, DensityWeight 1.915701E-06, HPWL 1.818140E+04, Overflow 1.096038E-01, MaxDensity 6.765E+00, MacroOverlap 2.135E+00, MacroOverlapWeight 1.500000E+00, gamma 2.950246E-01, time 18.384ms
[INFO   ] DREAMPlace - full step 49.916 ms
[INFO   ] DREAMPlace - Lsub stopping criteria: 1 and 18677.2 > 17766.3 * 0.999
[DEBUG  ] dreamplace.ops.weighted_average_wirelength.weighted_average_wirelength - wirelength forward 0.090 ms
[DEBUG  ] dreamplace.ops.electric_potential.electric_potential - density forward 1.797 ms
[DEBUG  ] dreamplace.ops.electric_potential.electric_potential - density forward 1.309 ms
[DEBUG  ] dreamplace.ops.electric_potential.electric_potential - density backward 0.771 ms
[DEBUG  ] dreamplace.ops.electric_potential.electric_potential - density backward 1.159 ms
[DEBUG  ] dreamplace.ops.weighted_average_wirelength.weighted_average_wirelength - wirelength backward 0.139 ms
[INFO   ] DREAMPlace - optimizer step 31.234 ms
[INFO   ] DREAMPlace - iteration  212, (  10,  6,  0), Obj 1.944375E+04, NetCrossing 7.143E+02, NetCrossingWeight 1.000000E-01, DensityWeight 2.090298E-06, HPWL 1.896454E+04, Overflow 1.054607E-01, MaxDensity 6.260E+00, MacroOverlap 1.934E+00, MacroOverlapWeight 1.500000E+00, gamma 2.950246E-01, time 17.822ms
[INFO   ] DREAMPlace - full step 49.698 ms
[DEBUG  ] dreamplace.ops.weighted_average_wirelength.weighted_average_wirelength - wirelength forward 0.089 ms
[DEBUG  ] dreamplace.ops.electric_potential.electric_potential - density forward 1.417 ms
[DEBUG  ] dreamplace.ops.electric_potential.electric_potential - density forward 1.185 ms
[DEBUG  ] dreamplace.ops.electric_potential.electric_potential - density backward 0.777 ms
[DEBUG  ] dreamplace.ops.electric_potential.electric_potential - density backward 1.158 ms
[DEBUG  ] dreamplace.ops.weighted_average_wirelength.weighted_average_wirelength - wirelength backward 0.139 ms
[INFO   ] DREAMPlace - optimizer step 30.426 ms
[INFO   ] DREAMPlace - iteration  213, (  10,  6,  1), Obj 1.869686E+04, NetCrossing 7.548E+02, NetCrossingWeight 1.000000E-01, DensityWeight 2.090298E-06, HPWL 1.819810E+04, Overflow 1.013110E-01, MaxDensity 5.587E+00, MacroOverlap 2.212E+00, MacroOverlapWeight 1.500000E+00, gamma 2.950246E-01, time 17.827ms
[INFO   ] DREAMPlace - full step 48.871 ms
[DEBUG  ] dreamplace.ops.weighted_average_wirelength.weighted_average_wirelength - wirelength forward 0.088 ms
[DEBUG  ] dreamplace.ops.electric_potential.electric_potential - density forward 1.593 ms
[DEBUG  ] dreamplace.ops.electric_potential.electric_potential - density forward 1.229 ms
[DEBUG  ] dreamplace.ops.electric_potential.electric_potential - density backward 0.772 ms
[DEBUG  ] dreamplace.ops.electric_potential.electric_potential - density backward 1.128 ms
[DEBUG  ] dreamplace.ops.weighted_average_wirelength.weighted_average_wirelength - wirelength backward 0.138 ms
[INFO   ] DREAMPlace - optimizer step 30.737 ms
[INFO   ] DREAMPlace - iteration  214, (  10,  7,  0), Obj 1.997146E+04, NetCrossing 7.509E+02, NetCrossingWeight 1.000000E-01, DensityWeight 2.281447E-06, HPWL 1.949495E+04, Overflow 9.623685E-02, MaxDensity 6.619E+00, MacroOverlap 1.602E+00, MacroOverlapWeight 1.500000E+00, gamma 2.950246E-01, time 17.931ms
[INFO   ] DREAMPlace - full step 49.273 ms
[DEBUG  ] dreamplace.ops.weighted_average_wirelength.weighted_average_wirelength - wirelength forward 0.089 ms
[DEBUG  ] dreamplace.ops.electric_potential.electric_potential - density forward 1.903 ms
[DEBUG  ] dreamplace.ops.electric_potential.electric_potential - density forward 1.259 ms
[DEBUG  ] dreamplace.ops.electric_potential.electric_potential - density backward 0.779 ms
[DEBUG  ] dreamplace.ops.electric_potential.electric_potential - density backward 1.156 ms
[DEBUG  ] dreamplace.ops.weighted_average_wirelength.weighted_average_wirelength - wirelength backward 0.136 ms
[INFO   ] DREAMPlace - optimizer step 30.958 ms
[INFO   ] DREAMPlace - iteration  215, (  10,  7,  1), Obj 2.040319E+04, NetCrossing 7.048E+02, NetCrossingWeight 1.000000E-01, DensityWeight 2.281447E-06, HPWL 1.991673E+04, Overflow 9.155014E-02, MaxDensity 5.138E+00, MacroOverlap 1.287E+00, MacroOverlapWeight 1.500000E+00, gamma 2.950246E-01, time 17.920ms
[INFO   ] DREAMPlace - full step 49.492 ms
[INFO   ] DREAMPlace - Lsub stopping criteria: 1 and 20403.2 > 19971.5 * 0.999
[INFO   ] DREAMPlace - Llambda stopping criteria: 7 and (( 0.0915501 < 0.1 and 19916.7 > 18198.1 ) or 5.1383 < 1.0)
[DEBUG  ] dreamplace.ops.weighted_average_wirelength.weighted_average_wirelength - wirelength forward 0.089 ms
[DEBUG  ] dreamplace.ops.electric_potential.electric_potential - density forward 1.432 ms
[DEBUG  ] dreamplace.ops.electric_potential.electric_potential - density forward 1.200 ms
[DEBUG  ] dreamplace.ops.electric_potential.electric_potential - density backward 0.776 ms
[DEBUG  ] dreamplace.ops.electric_potential.electric_potential - density backward 1.005 ms
[DEBUG  ] dreamplace.ops.weighted_average_wirelength.weighted_average_wirelength - wirelength backward 0.138 ms
[INFO   ] DREAMPlace - optimizer step 30.144 ms
[INFO   ] DREAMPlace - iteration  216, (  11,  0,  0), Obj 2.064751E+04, NetCrossing 7.178E+02, NetCrossingWeight 1.000000E-01, DensityWeight 2.489074E-06, HPWL 2.018320E+04, Overflow 8.591766E-02, MaxDensity 4.559E+00, MacroOverlap 1.085E+00, MacroOverlapWeight 1.500000E+00, gamma 1.833278E-01, time 18.103ms
[INFO   ] DREAMPlace - full step 48.915 ms
[DEBUG  ] dreamplace.ops.weighted_average_wirelength.weighted_average_wirelength - wirelength forward 0.087 ms
[DEBUG  ] dreamplace.ops.electric_potential.electric_potential - density forward 1.627 ms
[DEBUG  ] dreamplace.ops.electric_potential.electric_potential - density forward 1.237 ms
[DEBUG  ] dreamplace.ops.electric_potential.electric_potential - density backward 0.786 ms
[DEBUG  ] dreamplace.ops.electric_potential.electric_potential - density backward 1.158 ms
[DEBUG  ] dreamplace.ops.weighted_average_wirelength.weighted_average_wirelength - wirelength backward 0.143 ms
[INFO   ] DREAMPlace - optimizer step 30.643 ms
[INFO   ] DREAMPlace - iteration  217, (  11,  0,  1), Obj 2.162055E+04, NetCrossing 6.972E+02, NetCrossingWeight 1.000000E-01, DensityWeight 2.489074E-06, HPWL 2.114745E+04, Overflow 7.733451E-02, MaxDensity 5.489E+00, MacroOverlap 1.103E+00, MacroOverlapWeight 1.500000E+00, gamma 1.833278E-01, time 17.644ms
[INFO   ] DREAMPlace - full step 48.960 ms
[INFO   ] DREAMPlace - Lsub stopping criteria: 1 and 21620.5 > 20647.5 * 0.999
[DEBUG  ] dreamplace.ops.weighted_average_wirelength.weighted_average_wirelength - wirelength forward 0.086 ms
[DEBUG  ] dreamplace.ops.electric_potential.electric_potential - density forward 1.653 ms
[DEBUG  ] dreamplace.ops.electric_potential.electric_potential - density forward 1.273 ms
[DEBUG  ] dreamplace.ops.electric_potential.electric_potential - density backward 0.777 ms
[DEBUG  ] dreamplace.ops.electric_potential.electric_potential - density backward 1.152 ms
[DEBUG  ] dreamplace.ops.weighted_average_wirelength.weighted_average_wirelength - wirelength backward 0.138 ms
[INFO   ] DREAMPlace - optimizer step 30.681 ms
[INFO   ] DREAMPlace - iteration  218, (  11,  1,  0), Obj 2.202879E+04, NetCrossing 7.276E+02, NetCrossingWeight 1.000000E-01, DensityWeight 2.715909E-06, HPWL 2.157917E+04, Overflow 6.884281E-02, MaxDensity 5.364E+00, MacroOverlap 1.005E+00, MacroOverlapWeight 1.500000E+00, gamma 1.833278E-01, time 17.600ms
[INFO   ] DREAMPlace - full step 48.886 ms
[DEBUG  ] dreamplace.ops.weighted_average_wirelength.weighted_average_wirelength - wirelength forward 0.086 ms
[DEBUG  ] dreamplace.ops.electric_potential.electric_potential - density forward 1.435 ms
[DEBUG  ] dreamplace.ops.electric_potential.electric_potential - density forward 1.198 ms
[DEBUG  ] dreamplace.ops.electric_potential.electric_potential - density backward 0.777 ms
[DEBUG  ] dreamplace.ops.electric_potential.electric_potential - density backward 1.154 ms
[DEBUG  ] dreamplace.ops.weighted_average_wirelength.weighted_average_wirelength - wirelength backward 0.139 ms
[INFO   ] DREAMPlace - optimizer step 30.331 ms
[INFO   ] DREAMPlace - iteration  219, (  11,  1,  1), Obj 2.181886E+04, NetCrossing 7.239E+02, NetCrossingWeight 1.000000E-01, DensityWeight 2.715909E-06, HPWL 2.135947E+04, Overflow 6.044007E-02, MaxDensity 4.856E+00, MacroOverlap 8.744E-01, MacroOverlapWeight 1.500000E+00, gamma 1.833278E-01, time 18.024ms
[INFO   ] DREAMPlace - full step 48.965 ms
[INFO   ] DREAMPlace - Llambda stopping criteria: 1 and (( 0.0604401 < 0.1 and 21359.5 > 21147.4 ) or 4.85584 < 1.0)
[DEBUG  ] dreamplace.ops.weighted_average_wirelength.weighted_average_wirelength - wirelength forward 0.083 ms
[DEBUG  ] dreamplace.ops.electric_potential.electric_potential - density forward 1.485 ms
[DEBUG  ] dreamplace.ops.electric_potential.electric_potential - density forward 1.337 ms
[DEBUG  ] dreamplace.ops.electric_potential.electric_potential - density backward 0.753 ms
[DEBUG  ] dreamplace.ops.electric_potential.electric_potential - density backward 1.156 ms
[DEBUG  ] dreamplace.ops.weighted_average_wirelength.weighted_average_wirelength - wirelength backward 0.142 ms
[INFO   ] DREAMPlace - optimizer step 30.879 ms
[INFO   ] DREAMPlace - iteration  220, (  12,  0,  0), Obj 2.275137E+04, NetCrossing 7.021E+02, NetCrossingWeight 1.000000E-01, DensityWeight 2.964131E-06, HPWL 2.231743E+04, Overflow 5.318241E-02, MaxDensity 4.337E+00, MacroOverlap 7.526E-01, MacroOverlapWeight 1.500000E+00, gamma 1.563489E-01, time 17.741ms
[INFO   ] DREAMPlace - full step 49.269 ms
[DEBUG  ] dreamplace.ops.weighted_average_wirelength.weighted_average_wirelength - wirelength forward 0.087 ms
[DEBUG  ] dreamplace.ops.electric_potential.electric_potential - density forward 1.465 ms
[DEBUG  ] dreamplace.ops.electric_potential.electric_potential - density forward 1.311 ms
[DEBUG  ] dreamplace.ops.electric_potential.electric_potential - density backward 0.781 ms
[DEBUG  ] dreamplace.ops.electric_potential.electric_potential - density backward 0.998 ms
[DEBUG  ] dreamplace.ops.weighted_average_wirelength.weighted_average_wirelength - wirelength backward 0.141 ms
[INFO   ] DREAMPlace - optimizer step 30.737 ms
[INFO   ] DREAMPlace - iteration  221, (  12,  0,  1), Obj 2.339435E+04, NetCrossing 7.138E+02, NetCrossingWeight 1.000000E-01, DensityWeight 2.964131E-06, HPWL 2.294577E+04, Overflow 4.713654E-02, MaxDensity 5.083E+00, MacroOverlap 8.584E-01, MacroOverlapWeight 1.500000E+00, gamma 1.563489E-01, time 17.925ms
[INFO   ] DREAMPlace - full step 49.302 ms
[INFO   ] DREAMPlace - Lsub stopping criteria: 1 and 23394.3 > 22751.4 * 0.999
[DEBUG  ] dreamplace.ops.weighted_average_wirelength.weighted_average_wirelength - wirelength forward 0.089 ms
[DEBUG  ] dreamplace.ops.electric_potential.electric_potential - density forward 1.433 ms
[DEBUG  ] dreamplace.ops.electric_potential.electric_potential - density forward 1.195 ms
[DEBUG  ] dreamplace.ops.electric_potential.electric_potential - density backward 0.772 ms
[DEBUG  ] dreamplace.ops.electric_potential.electric_potential - density backward 1.187 ms
[DEBUG  ] dreamplace.ops.weighted_average_wirelength.weighted_average_wirelength - wirelength backward 0.139 ms
[INFO   ] DREAMPlace - optimizer step 30.523 ms
[INFO   ] DREAMPlace - iteration  222, (  12,  1,  0), Obj 2.453011E+04, NetCrossing 7.418E+02, NetCrossingWeight 1.000000E-01, DensityWeight 3.233987E-06, HPWL 2.410097E+04, Overflow 4.066088E-02, MaxDensity 5.105E+00, MacroOverlap 7.209E-01, MacroOverlapWeight 1.500000E+00, gamma 1.563489E-01, time 17.713ms
[INFO   ] DREAMPlace - full step 48.864 ms
[DEBUG  ] dreamplace.ops.weighted_average_wirelength.weighted_average_wirelength - wirelength forward 0.088 ms
[DEBUG  ] dreamplace.ops.electric_potential.electric_potential - density forward 4.150 ms
[DEBUG  ] dreamplace.ops.electric_potential.electric_potential - density forward 1.551 ms
[DEBUG  ] dreamplace.ops.electric_potential.electric_potential - density backward 0.778 ms
[DEBUG  ] dreamplace.ops.electric_potential.electric_potential - density backward 1.007 ms
[DEBUG  ] dreamplace.ops.weighted_average_wirelength.weighted_average_wirelength - wirelength backward 0.140 ms
[INFO   ] DREAMPlace - optimizer step 33.746 ms
[INFO   ] DREAMPlace - iteration  223, (  12,  1,  1), Obj 2.432395E+04, NetCrossing 7.268E+02, NetCrossingWeight 1.000000E-01, DensityWeight 3.233987E-06, HPWL 2.388350E+04, Overflow 3.488189E-02, MaxDensity 4.461E+00, MacroOverlap 5.115E-01, MacroOverlapWeight 1.500000E+00, gamma 1.563489E-01, time 17.678ms
[INFO   ] DREAMPlace - full step 52.055 ms
[INFO   ] DREAMPlace - Llambda stopping criteria: 1 and (( 0.0348819 < 0.1 and 23883.5 > 22945.8 ) or 4.46098 < 1.0)
[DEBUG  ] dreamplace.ops.weighted_average_wirelength.weighted_average_wirelength - wirelength forward 0.088 ms
[DEBUG  ] dreamplace.ops.electric_potential.electric_potential - density forward 1.463 ms
[DEBUG  ] dreamplace.ops.electric_potential.electric_potential - density forward 1.290 ms
[DEBUG  ] dreamplace.ops.electric_potential.electric_potential - density backward 0.784 ms
[DEBUG  ] dreamplace.ops.electric_potential.electric_potential - density backward 1.005 ms
[DEBUG  ] dreamplace.ops.weighted_average_wirelength.weighted_average_wirelength - wirelength backward 0.139 ms
[INFO   ] DREAMPlace - optimizer step 30.474 ms
[INFO   ] DREAMPlace - iteration  224, (  13,  0,  0), Obj 2.566635E+04, NetCrossing 6.932E+02, NetCrossingWeight 1.000000E-01, DensityWeight 3.528952E-06, HPWL 2.524646E+04, Overflow 2.905181E-02, MaxDensity 4.104E+00, MacroOverlap 4.820E-01, MacroOverlapWeight 1.500000E+00, gamma 1.371825E-01, time 17.871ms
[INFO   ] DREAMPlace - full step 48.949 ms
[DEBUG  ] dreamplace.ops.weighted_average_wirelength.weighted_average_wirelength - wirelength forward 0.089 ms
[DEBUG  ] dreamplace.ops.electric_potential.electric_potential - density forward 1.451 ms
[DEBUG  ] dreamplace.ops.electric_potential.electric_potential - density forward 1.402 ms
[DEBUG  ] dreamplace.ops.electric_potential.electric_potential - density backward 0.770 ms
[DEBUG  ] dreamplace.ops.electric_potential.electric_potential - density backward 1.012 ms
[DEBUG  ] dreamplace.ops.weighted_average_wirelength.weighted_average_wirelength - wirelength backward 0.140 ms
[INFO   ] DREAMPlace - optimizer step 30.504 ms
[INFO   ] DREAMPlace - iteration  225, (  13,  0,  1), Obj 2.467331E+04, NetCrossing 7.524E+02, NetCrossingWeight 1.000000E-01, DensityWeight 3.528952E-06, HPWL 2.423823E+04, Overflow 2.446447E-02, MaxDensity 4.204E+00, MacroOverlap 4.925E-01, MacroOverlapWeight 1.500000E+00, gamma 1.371825E-01, time 18.029ms
[INFO   ] DREAMPlace - full step 49.157 ms
[DEBUG  ] dreamplace.ops.weighted_average_wirelength.weighted_average_wirelength - wirelength forward 0.088 ms
[DEBUG  ] dreamplace.ops.electric_potential.electric_potential - density forward 1.788 ms
[DEBUG  ] dreamplace.ops.electric_potential.electric_potential - density forward 1.230 ms
[DEBUG  ] dreamplace.ops.electric_potential.electric_potential - density backward 0.760 ms
[DEBUG  ] dreamplace.ops.electric_potential.electric_potential - density backward 1.151 ms
[DEBUG  ] dreamplace.ops.weighted_average_wirelength.weighted_average_wirelength - wirelength backward 0.139 ms
[INFO   ] DREAMPlace - optimizer step 31.163 ms
[INFO   ] DREAMPlace - iteration  226, (  13,  1,  0), Obj 2.597509E+04, NetCrossing 7.428E+02, NetCrossingWeight 1.000000E-01, DensityWeight 3.851353E-06, HPWL 2.556427E+04, Overflow 1.973696E-02, MaxDensity 4.692E+00, MacroOverlap 4.924E-01, MacroOverlapWeight 1.500000E+00, gamma 1.371825E-01, time 17.987ms
[INFO   ] DREAMPlace - full step 49.779 ms
[DEBUG  ] dreamplace.ops.weighted_average_wirelength.weighted_average_wirelength - wirelength forward 0.091 ms
[DEBUG  ] dreamplace.ops.electric_potential.electric_potential - density forward 1.663 ms
[DEBUG  ] dreamplace.ops.electric_potential.electric_potential - density forward 1.268 ms
[DEBUG  ] dreamplace.ops.electric_potential.electric_potential - density backward 0.778 ms
[DEBUG  ] dreamplace.ops.electric_potential.electric_potential - density backward 1.159 ms
[DEBUG  ] dreamplace.ops.weighted_average_wirelength.weighted_average_wirelength - wirelength backward 0.138 ms
[INFO   ] DREAMPlace - optimizer step 31.029 ms
[INFO   ] DREAMPlace - iteration  227, (  13,  1,  1), Obj 2.668353E+04, NetCrossing 7.255E+02, NetCrossingWeight 1.000000E-01, DensityWeight 3.851353E-06, HPWL 2.626986E+04, Overflow 1.623322E-02, MaxDensity 5.353E+00, MacroOverlap 4.331E-01, MacroOverlapWeight 1.500000E+00, gamma 1.371825E-01, time 17.815ms
[INFO   ] DREAMPlace - full step 49.469 ms
[INFO   ] DREAMPlace - Lsub stopping criteria: 1 and 26683.5 > 25975.1 * 0.999
[INFO   ] DREAMPlace - Llambda stopping criteria: 1 and (( 0.0162332 < 0.1 and 26269.9 > 24238.2 ) or 5.35317 < 1.0)
[DEBUG  ] dreamplace.ops.weighted_average_wirelength.weighted_average_wirelength - wirelength forward 0.093 ms
[DEBUG  ] dreamplace.ops.electric_potential.electric_potential - density forward 1.626 ms
[DEBUG  ] dreamplace.ops.electric_potential.electric_potential - density forward 1.228 ms
[DEBUG  ] dreamplace.ops.electric_potential.electric_potential - density backward 0.752 ms
[DEBUG  ] dreamplace.ops.electric_potential.electric_potential - density backward 0.932 ms
[DEBUG  ] dreamplace.ops.weighted_average_wirelength.weighted_average_wirelength - wirelength backward 0.143 ms
[INFO   ] DREAMPlace - optimizer step 30.713 ms
[INFO   ] DREAMPlace - iteration  228, (  14,  0,  0), Obj 2.740210E+04, NetCrossing 7.213E+02, NetCrossingWeight 1.000000E-01, DensityWeight 4.201539E-06, HPWL 2.701567E+04, Overflow 1.344101E-02, MaxDensity 6.131E+00, MacroOverlap 4.008E-01, MacroOverlapWeight 1.500000E+00, gamma 1.246974E-01, time 18.008ms
[INFO   ] DREAMPlace - full step 49.380 ms
[DEBUG  ] dreamplace.ops.weighted_average_wirelength.weighted_average_wirelength - wirelength forward 0.089 ms
[DEBUG  ] dreamplace.ops.electric_potential.electric_potential - density forward 1.601 ms
[DEBUG  ] dreamplace.ops.electric_potential.electric_potential - density forward 1.238 ms
[DEBUG  ] dreamplace.ops.electric_potential.electric_potential - density backward 0.772 ms
[DEBUG  ] dreamplace.ops.electric_potential.electric_potential - density backward 1.001 ms
[DEBUG  ] dreamplace.ops.weighted_average_wirelength.weighted_average_wirelength - wirelength backward 0.140 ms
[INFO   ] DREAMPlace - optimizer step 30.805 ms
[INFO   ] DREAMPlace - iteration  229, (  14,  0,  1), Obj 2.794920E+04, NetCrossing 8.003E+02, NetCrossingWeight 1.000000E-01, DensityWeight 4.201539E-06, HPWL 2.755104E+04, Overflow 1.075854E-02, MaxDensity 4.078E+00, MacroOverlap 3.670E-01, MacroOverlapWeight 1.500000E+00, gamma 1.246974E-01, time 17.687ms
[INFO   ] DREAMPlace - full step 49.126 ms
[INFO   ] DREAMPlace - Lsub stopping criteria: 1 and 27949.2 > 27402.1 * 0.999
[DEBUG  ] dreamplace.ops.weighted_average_wirelength.weighted_average_wirelength - wirelength forward 0.091 ms
[DEBUG  ] dreamplace.ops.electric_potential.electric_potential - density forward 1.583 ms
[DEBUG  ] dreamplace.ops.electric_potential.electric_potential - density forward 1.197 ms
[DEBUG  ] dreamplace.ops.electric_potential.electric_potential - density backward 0.771 ms
[DEBUG  ] dreamplace.ops.electric_potential.electric_potential - density backward 1.024 ms
[DEBUG  ] dreamplace.ops.weighted_average_wirelength.weighted_average_wirelength - wirelength backward 0.138 ms
[INFO   ] DREAMPlace - optimizer step 30.373 ms
[INFO   ] DREAMPlace - iteration  230, (  14,  1,  0), Obj 2.811766E+04, NetCrossing 6.867E+02, NetCrossingWeight 1.000000E-01, DensityWeight 4.584380E-06, HPWL 2.775264E+04, Overflow 8.510835E-03, MaxDensity 4.032E+00, MacroOverlap 2.878E-01, MacroOverlapWeight 1.500000E+00, gamma 1.246974E-01, time 17.997ms
[INFO   ] DREAMPlace - full step 49.064 ms
[DEBUG  ] dreamplace.ops.weighted_average_wirelength.weighted_average_wirelength - wirelength forward 0.089 ms
[DEBUG  ] dreamplace.ops.electric_potential.electric_potential - density forward 1.444 ms
[DEBUG  ] dreamplace.ops.electric_potential.electric_potential - density forward 1.176 ms
[DEBUG  ] dreamplace.ops.electric_potential.electric_potential - density backward 0.776 ms
[DEBUG  ] dreamplace.ops.electric_potential.electric_potential - density backward 1.161 ms
[DEBUG  ] dreamplace.ops.weighted_average_wirelength.weighted_average_wirelength - wirelength backward 0.139 ms
[INFO   ] DREAMPlace - optimizer step 30.273 ms
[INFO   ] DREAMPlace - iteration  231, (  14,  1,  1), Obj 2.933812E+04, NetCrossing 7.950E+02, NetCrossingWeight 1.000000E-01, DensityWeight 4.584380E-06, HPWL 2.895515E+04, Overflow 8.248944E-03, MaxDensity 3.569E+00, MacroOverlap 2.537E-01, MacroOverlapWeight 1.500000E+00, gamma 1.246974E-01, time 17.942ms
[INFO   ] DREAMPlace - full step 48.893 ms
[INFO   ] DREAMPlace - Lsub stopping criteria: 1 and 29338.1 > 28117.7 * 0.999
[INFO   ] DREAMPlace - Llambda stopping criteria: 1 and (( 0.00824894 < 0.1 and 28955.1 > 27551 ) or 3.56878 < 1.0)
[DEBUG  ] dreamplace.ops.weighted_average_wirelength.weighted_average_wirelength - wirelength forward 0.085 ms
[DEBUG  ] dreamplace.ops.electric_potential.electric_potential - density forward 1.431 ms
[DEBUG  ] dreamplace.ops.electric_potential.electric_potential - density forward 1.190 ms
[DEBUG  ] dreamplace.ops.electric_potential.electric_potential - density backward 0.770 ms
[DEBUG  ] dreamplace.ops.electric_potential.electric_potential - density backward 1.159 ms
[DEBUG  ] dreamplace.ops.weighted_average_wirelength.weighted_average_wirelength - wirelength backward 0.067 ms
[INFO   ] DREAMPlace - optimizer step 30.206 ms
[INFO   ] DREAMPlace - iteration  232, (  15,  0,  0), Obj 2.918545E+04, NetCrossing 7.274E+02, NetCrossingWeight 1.000000E-01, DensityWeight 5.001960E-06, HPWL 2.882179E+04, Overflow 8.933491E-03, MaxDensity 3.569E+00, MacroOverlap 3.050E-01, MacroOverlapWeight 1.500000E+00, gamma 1.197056E-01, time 17.703ms
[INFO   ] DREAMPlace - full step 48.496 ms
[DEBUG  ] dreamplace.ops.weighted_average_wirelength.weighted_average_wirelength - wirelength forward 0.087 ms
[DEBUG  ] dreamplace.ops.electric_potential.electric_potential - density forward 1.666 ms
[DEBUG  ] dreamplace.ops.electric_potential.electric_potential - density forward 1.212 ms
[DEBUG  ] dreamplace.ops.electric_potential.electric_potential - density backward 0.927 ms
[DEBUG  ] dreamplace.ops.electric_potential.electric_potential - density backward 1.070 ms
[DEBUG  ] dreamplace.ops.weighted_average_wirelength.weighted_average_wirelength - wirelength backward 0.091 ms
[INFO   ] DREAMPlace - optimizer step 27.958 ms
[INFO   ] DREAMPlace - iteration  233, (  15,  0,  1), Obj 3.041975E+04, NetCrossing 8.069E+02, NetCrossingWeight 1.000000E-01, DensityWeight 5.001960E-06, HPWL 3.003187E+04, Overflow 9.608955E-03, MaxDensity 3.569E+00, MacroOverlap 3.689E-01, MacroOverlapWeight 1.500000E+00, gamma 1.197056E-01, time 18.095ms
[INFO   ] DREAMPlace - full step 46.649 ms
[INFO   ] DREAMPlace - Lsub stopping criteria: 1 and 30419.7 > 29185.4 * 0.999
[DEBUG  ] dreamplace.ops.weighted_average_wirelength.weighted_average_wirelength - wirelength forward 0.084 ms
[DEBUG  ] dreamplace.ops.electric_potential.electric_potential - density forward 1.659 ms
[DEBUG  ] dreamplace.ops.electric_potential.electric_potential - density forward 1.196 ms
[DEBUG  ] dreamplace.ops.electric_potential.electric_potential - density backward 0.876 ms
[DEBUG  ] dreamplace.ops.electric_potential.electric_potential - density backward 1.100 ms
[DEBUG  ] dreamplace.ops.weighted_average_wirelength.weighted_average_wirelength - wirelength backward 0.107 ms
[INFO   ] DREAMPlace - optimizer step 28.680 ms
[INFO   ] DREAMPlace - iteration  234, (  15,  1,  0), Obj 3.043668E+04, NetCrossing 7.794E+02, NetCrossingWeight 1.000000E-01, DensityWeight 5.458000E-06, HPWL 3.005897E+04, Overflow 8.947054E-03, MaxDensity 4.461E+00, MacroOverlap 3.011E-01, MacroOverlapWeight 1.500000E+00, gamma 1.197056E-01, time 17.486ms
[INFO   ] DREAMPlace - full step 46.749 ms
[DEBUG  ] dreamplace.ops.weighted_average_wirelength.weighted_average_wirelength - wirelength forward 0.085 ms
[DEBUG  ] dreamplace.ops.electric_potential.electric_potential - density forward 1.473 ms
[DEBUG  ] dreamplace.ops.electric_potential.electric_potential - density forward 1.365 ms
[DEBUG  ] dreamplace.ops.electric_potential.electric_potential - density backward 0.807 ms
[DEBUG  ] dreamplace.ops.electric_potential.electric_potential - density backward 1.133 ms
[DEBUG  ] dreamplace.ops.weighted_average_wirelength.weighted_average_wirelength - wirelength backward 0.137 ms
[INFO   ] DREAMPlace - optimizer step 29.879 ms
[INFO   ] DREAMPlace - iteration  235, (  15,  1,  1), Obj 3.135631E+04, NetCrossing 7.624E+02, NetCrossingWeight 1.000000E-01, DensityWeight 5.458000E-06, HPWL 3.095649E+04, Overflow 8.178282E-03, MaxDensity 4.282E+00, MacroOverlap 2.350E-01, MacroOverlapWeight 1.500000E+00, gamma 1.197056E-01, time 17.750ms
[INFO   ] DREAMPlace - full step 48.249 ms
[INFO   ] DREAMPlace - Lsub stopping criteria: 1 and 31356.3 > 30436.7 * 0.999
[INFO   ] DREAMPlace - Llambda stopping criteria: 1 and (( 0.00817828 < 0.1 and 30956.5 > 30031.9 ) or 4.28243 < 1.0)
[DEBUG  ] dreamplace.ops.weighted_average_wirelength.weighted_average_wirelength - wirelength forward 0.085 ms
[DEBUG  ] dreamplace.ops.electric_potential.electric_potential - density forward 1.610 ms
[DEBUG  ] dreamplace.ops.electric_potential.electric_potential - density forward 1.263 ms
[DEBUG  ] dreamplace.ops.electric_potential.electric_potential - density backward 0.797 ms
[DEBUG  ] dreamplace.ops.electric_potential.electric_potential - density backward 1.141 ms
[DEBUG  ] dreamplace.ops.weighted_average_wirelength.weighted_average_wirelength - wirelength backward 0.134 ms
[INFO   ] DREAMPlace - optimizer step 30.573 ms
[INFO   ] DREAMPlace - iteration  236, (  16,  0,  0), Obj 3.213996E+04, NetCrossing 7.493E+02, NetCrossingWeight 1.000000E-01, DensityWeight 5.955832E-06, HPWL 3.174624E+04, Overflow 7.811333E-03, MaxDensity 3.448E+00, MacroOverlap 2.223E-01, MacroOverlapWeight 1.500000E+00, gamma 1.196623E-01, time 18.114ms
[INFO   ] DREAMPlace - full step 49.286 ms
[DEBUG  ] dreamplace.ops.weighted_average_wirelength.weighted_average_wirelength - wirelength forward 0.087 ms
[DEBUG  ] dreamplace.ops.electric_potential.electric_potential - density forward 1.484 ms
[DEBUG  ] dreamplace.ops.electric_potential.electric_potential - density forward 1.463 ms
[DEBUG  ] dreamplace.ops.electric_potential.electric_potential - density backward 0.771 ms
[DEBUG  ] dreamplace.ops.electric_potential.electric_potential - density backward 1.168 ms
[DEBUG  ] dreamplace.ops.weighted_average_wirelength.weighted_average_wirelength - wirelength backward 0.140 ms
[INFO   ] DREAMPlace - optimizer step 31.020 ms
[INFO   ] DREAMPlace - iteration  237, (  16,  0,  1), Obj 3.277646E+04, NetCrossing 7.473E+02, NetCrossingWeight 1.000000E-01, DensityWeight 5.955832E-06, HPWL 3.235661E+04, Overflow 7.861805E-03, MaxDensity 3.569E+00, MacroOverlap 2.296E-01, MacroOverlapWeight 1.500000E+00, gamma 1.196623E-01, time 17.910ms
[INFO   ] DREAMPlace - full step 49.527 ms
[INFO   ] DREAMPlace - Lsub stopping criteria: 1 and 32776.5 > 32140 * 0.999
[DEBUG  ] dreamplace.ops.weighted_average_wirelength.weighted_average_wirelength - wirelength forward 0.095 ms
[DEBUG  ] dreamplace.ops.electric_potential.electric_potential - density forward 1.613 ms
[DEBUG  ] dreamplace.ops.electric_potential.electric_potential - density forward 1.404 ms
[DEBUG  ] dreamplace.ops.electric_potential.electric_potential - density backward 0.803 ms
[DEBUG  ] dreamplace.ops.electric_potential.electric_potential - density backward 1.111 ms
[DEBUG  ] dreamplace.ops.weighted_average_wirelength.weighted_average_wirelength - wirelength backward 0.120 ms
[INFO   ] DREAMPlace - optimizer step 29.999 ms
[INFO   ] DREAMPlace - iteration  238, (  16,  1,  0), Obj 3.361101E+04, NetCrossing 7.569E+02, NetCrossingWeight 1.000000E-01, DensityWeight 6.498341E-06, HPWL 3.319626E+04, Overflow 7.690388E-03, MaxDensity 3.569E+00, MacroOverlap 2.178E-01, MacroOverlapWeight 1.500000E+00, gamma 1.196623E-01, time 19.433ms
[INFO   ] DREAMPlace - full step 50.059 ms
[DEBUG  ] dreamplace.ops.weighted_average_wirelength.weighted_average_wirelength - wirelength forward 0.090 ms
[DEBUG  ] dreamplace.ops.electric_potential.electric_potential - density forward 1.460 ms
[DEBUG  ] dreamplace.ops.electric_potential.electric_potential - density forward 1.209 ms
[DEBUG  ] dreamplace.ops.electric_potential.electric_potential - density backward 0.781 ms
[DEBUG  ] dreamplace.ops.electric_potential.electric_potential - density backward 1.007 ms
[DEBUG  ] dreamplace.ops.weighted_average_wirelength.weighted_average_wirelength - wirelength backward 0.137 ms
[INFO   ] DREAMPlace - optimizer step 30.161 ms
[INFO   ] DREAMPlace - iteration  239, (  16,  1,  1), Obj 3.539559E+04, NetCrossing 8.173E+02, NetCrossingWeight 1.000000E-01, DensityWeight 6.498341E-06, HPWL 3.495196E+04, Overflow 8.122973E-03, MaxDensity 3.569E+00, MacroOverlap 2.669E-01, MacroOverlapWeight 1.500000E+00, gamma 1.196623E-01, time 17.680ms
[INFO   ] DREAMPlace - full step 48.430 ms
[INFO   ] DREAMPlace - Lsub stopping criteria: 1 and 35395.6 > 33611 * 0.999
[INFO   ] DREAMPlace - Llambda stopping criteria: 1 and (( 0.00812297 < 0.1 and 34952 > 32356.6 ) or 3.56878 < 1.0)
[DEBUG  ] dreamplace.ops.weighted_average_wirelength.weighted_average_wirelength - wirelength forward 0.087 ms
[DEBUG  ] dreamplace.ops.electric_potential.electric_potential - density forward 1.648 ms
[DEBUG  ] dreamplace.ops.electric_potential.electric_potential - density forward 1.216 ms
[DEBUG  ] dreamplace.ops.electric_potential.electric_potential - density backward 0.780 ms
[DEBUG  ] dreamplace.ops.electric_potential.electric_potential - density backward 1.158 ms
[DEBUG  ] dreamplace.ops.weighted_average_wirelength.weighted_average_wirelength - wirelength backward 0.137 ms
[INFO   ] DREAMPlace - optimizer step 30.929 ms
[INFO   ] DREAMPlace - iteration  240, (  17,  0,  0), Obj 3.475977E+04, NetCrossing 7.612E+02, NetCrossingWeight 1.000000E-01, DensityWeight 7.088260E-06, HPWL 3.432755E+04, Overflow 6.941485E-03, MaxDensity 3.385E+00, MacroOverlap 1.697E-01, MacroOverlapWeight 1.500000E+00, gamma 1.196285E-01, time 17.856ms
[INFO   ] DREAMPlace - full step 49.384 ms
[DEBUG  ] dreamplace.ops.weighted_average_wirelength.weighted_average_wirelength - wirelength forward 0.088 ms
[DEBUG  ] dreamplace.ops.electric_potential.electric_potential - density forward 1.662 ms
[DEBUG  ] dreamplace.ops.electric_potential.electric_potential - density forward 1.203 ms
[DEBUG  ] dreamplace.ops.electric_potential.electric_potential - density backward 0.776 ms
[DEBUG  ] dreamplace.ops.electric_potential.electric_potential - density backward 1.156 ms
[DEBUG  ] dreamplace.ops.weighted_average_wirelength.weighted_average_wirelength - wirelength backward 0.135 ms
[INFO   ] DREAMPlace - optimizer step 30.895 ms
[INFO   ] DREAMPlace - iteration  241, (  17,  0,  1), Obj 3.435058E+04, NetCrossing 7.301E+02, NetCrossingWeight 1.000000E-01, DensityWeight 7.088260E-06, HPWL 3.389761E+04, Overflow 7.540276E-03, MaxDensity 3.145E+00, MacroOverlap 2.024E-01, MacroOverlapWeight 1.500000E+00, gamma 1.196285E-01, time 18.237ms
[INFO   ] DREAMPlace - full step 49.712 ms
[DEBUG  ] dreamplace.ops.weighted_average_wirelength.weighted_average_wirelength - wirelength forward 0.090 ms
[DEBUG  ] dreamplace.ops.electric_potential.electric_potential - density forward 1.436 ms
[DEBUG  ] dreamplace.ops.electric_potential.electric_potential - density forward 1.173 ms
[DEBUG  ] dreamplace.ops.electric_potential.electric_potential - density backward 0.783 ms
[DEBUG  ] dreamplace.ops.electric_potential.electric_potential - density backward 0.996 ms
[DEBUG  ] dreamplace.ops.weighted_average_wirelength.weighted_average_wirelength - wirelength backward 0.153 ms
[INFO   ] DREAMPlace - optimizer step 30.251 ms
[INFO   ] DREAMPlace - iteration  242, (  17,  1,  0), Obj 3.487424E+04, NetCrossing 7.673E+02, NetCrossingWeight 1.000000E-01, DensityWeight 7.643432E-06, HPWL 3.443043E+04, Overflow 7.687278E-03, MaxDensity 3.964E+00, MacroOverlap 2.161E-01, MacroOverlapWeight 1.500000E+00, gamma 1.196285E-01, time 17.902ms
[INFO   ] DREAMPlace - full step 48.779 ms
[DEBUG  ] dreamplace.ops.weighted_average_wirelength.weighted_average_wirelength - wirelength forward 0.101 ms
[DEBUG  ] dreamplace.ops.electric_potential.electric_potential - density forward 3.582 ms
[DEBUG  ] dreamplace.ops.electric_potential.electric_potential - density forward 1.216 ms
[DEBUG  ] dreamplace.ops.electric_potential.electric_potential - density backward 0.785 ms
[DEBUG  ] dreamplace.ops.electric_potential.electric_potential - density backward 1.185 ms
[DEBUG  ] dreamplace.ops.weighted_average_wirelength.weighted_average_wirelength - wirelength backward 0.138 ms
[INFO   ] DREAMPlace - optimizer step 33.045 ms
[INFO   ] DREAMPlace - iteration  243, (  17,  1,  1), Obj 3.534421E+04, NetCrossing 7.773E+02, NetCrossingWeight 1.000000E-01, DensityWeight 7.643432E-06, HPWL 3.488683E+04, Overflow 6.979731E-03, MaxDensity 3.048E+00, MacroOverlap 1.705E-01, MacroOverlapWeight 1.500000E+00, gamma 1.196285E-01, time 17.646ms
[INFO   ] DREAMPlace - full step 51.284 ms
[INFO   ] DREAMPlace - Lsub stopping criteria: 1 and 35344.2 > 34874.2 * 0.999
[INFO   ] DREAMPlace - Llambda stopping criteria: 1 and (( 0.00697973 < 0.1 and 34886.8 > 33897.6 ) or 3.0479 < 1.0)
[DEBUG  ] dreamplace.ops.weighted_average_wirelength.weighted_average_wirelength - wirelength forward 0.094 ms
[DEBUG  ] dreamplace.ops.electric_potential.electric_potential - density forward 1.464 ms
[DEBUG  ] dreamplace.ops.electric_potential.electric_potential - density forward 1.342 ms
[DEBUG  ] dreamplace.ops.electric_potential.electric_potential - density backward 0.778 ms
[DEBUG  ] dreamplace.ops.electric_potential.electric_potential - density backward 1.017 ms
[DEBUG  ] dreamplace.ops.weighted_average_wirelength.weighted_average_wirelength - wirelength backward 0.141 ms
[INFO   ] DREAMPlace - optimizer step 30.619 ms
[INFO   ] DREAMPlace - iteration  244, (  18,  0,  0), Obj 3.572352E+04, NetCrossing 7.460E+02, NetCrossingWeight 1.000000E-01, DensityWeight 8.340472E-06, HPWL 3.528452E+04, Overflow 6.656577E-03, MaxDensity 3.569E+00, MacroOverlap 1.607E-01, MacroOverlapWeight 1.500000E+00, gamma 1.189307E-01, time 19.819ms
[INFO   ] DREAMPlace - full step 51.164 ms
[DEBUG  ] dreamplace.ops.weighted_average_wirelength.weighted_average_wirelength - wirelength forward 0.103 ms
[DEBUG  ] dreamplace.ops.electric_potential.electric_potential - density forward 1.508 ms
[DEBUG  ] dreamplace.ops.electric_potential.electric_potential - density forward 1.262 ms
[DEBUG  ] dreamplace.ops.electric_potential.electric_potential - density backward 0.777 ms
[DEBUG  ] dreamplace.ops.electric_potential.electric_potential - density backward 1.004 ms
[DEBUG  ] dreamplace.ops.weighted_average_wirelength.weighted_average_wirelength - wirelength backward 0.142 ms
[INFO   ] DREAMPlace - optimizer step 30.573 ms
[INFO   ] DREAMPlace - iteration  245, (  18,  0,  1), Obj 3.673496E+04, NetCrossing 7.546E+02, NetCrossingWeight 1.000000E-01, DensityWeight 8.340472E-06, HPWL 3.628160E+04, Overflow 6.977481E-03, MaxDensity 3.570E+00, MacroOverlap 1.958E-01, MacroOverlapWeight 1.500000E+00, gamma 1.189307E-01, time 18.209ms
[INFO   ] DREAMPlace - full step 49.424 ms
[INFO   ] DREAMPlace - Lsub stopping criteria: 1 and 36735 > 35723.5 * 0.999
[DEBUG  ] dreamplace.ops.weighted_average_wirelength.weighted_average_wirelength - wirelength forward 0.088 ms
[DEBUG  ] dreamplace.ops.electric_potential.electric_potential - density forward 1.420 ms
[DEBUG  ] dreamplace.ops.electric_potential.electric_potential - density forward 1.178 ms
[DEBUG  ] dreamplace.ops.electric_potential.electric_potential - density backward 0.827 ms
[DEBUG  ] dreamplace.ops.electric_potential.electric_potential - density backward 0.960 ms
[DEBUG  ] dreamplace.ops.weighted_average_wirelength.weighted_average_wirelength - wirelength backward 0.114 ms
[INFO   ] DREAMPlace - optimizer step 29.892 ms
[INFO   ] DREAMPlace - iteration  246, (  18,  1,  0), Obj 3.788000E+04, NetCrossing 7.263E+02, NetCrossingWeight 1.000000E-01, DensityWeight 9.100206E-06, HPWL 3.744988E+04, Overflow 7.094378E-03, MaxDensity 3.569E+00, MacroOverlap 1.571E-01, MacroOverlapWeight 1.500000E+00, gamma 1.189307E-01, time 17.734ms
[INFO   ] DREAMPlace - full step 48.211 ms
[DEBUG  ] dreamplace.ops.weighted_average_wirelength.weighted_average_wirelength - wirelength forward 0.087 ms
[DEBUG  ] dreamplace.ops.electric_potential.electric_potential - density forward 1.428 ms
[DEBUG  ] dreamplace.ops.electric_potential.electric_potential - density forward 1.198 ms
[DEBUG  ] dreamplace.ops.electric_potential.electric_potential - density backward 0.788 ms
[DEBUG  ] dreamplace.ops.electric_potential.electric_potential - density backward 1.142 ms
[DEBUG  ] dreamplace.ops.weighted_average_wirelength.weighted_average_wirelength - wirelength backward 0.127 ms
[INFO   ] DREAMPlace - optimizer step 29.850 ms
[INFO   ] DREAMPlace - iteration  247, (  18,  1,  1), Obj 3.888854E+04, NetCrossing 7.410E+02, NetCrossingWeight 1.000000E-01, DensityWeight 9.100206E-06, HPWL 3.844647E+04, Overflow 7.340626E-03, MaxDensity 2.677E+00, MacroOverlap 1.018E-01, MacroOverlapWeight 1.500000E+00, gamma 1.189307E-01, time 18.195ms
[INFO   ] DREAMPlace - full step 48.644 ms
[INFO   ] DREAMPlace - Lsub stopping criteria: 1 and 38888.5 > 37880 * 0.999
[INFO   ] DREAMPlace - Llambda stopping criteria: 1 and (( 0.00734063 < 0.1 and 38446.5 > 36281.6 ) or 2.67659 < 1.0)
[DEBUG  ] dreamplace.ops.weighted_average_wirelength.weighted_average_wirelength - wirelength forward 0.086 ms
[DEBUG  ] dreamplace.ops.electric_potential.electric_potential - density forward 1.621 ms
[DEBUG  ] dreamplace.ops.electric_potential.electric_potential - density forward 1.197 ms
[DEBUG  ] dreamplace.ops.electric_potential.electric_potential - density backward 0.760 ms
[DEBUG  ] dreamplace.ops.electric_potential.electric_potential - density backward 1.157 ms
[DEBUG  ] dreamplace.ops.weighted_average_wirelength.weighted_average_wirelength - wirelength backward 0.140 ms
[INFO   ] DREAMPlace - optimizer step 30.706 ms
[INFO   ] DREAMPlace - iteration  248, (  19,  0,  0), Obj 3.826302E+04, NetCrossing 7.221E+02, NetCrossingWeight 1.000000E-01, DensityWeight 9.927335E-06, HPWL 3.784580E+04, Overflow 7.728345E-03, MaxDensity 3.560E+00, MacroOverlap 1.391E-01, MacroOverlapWeight 1.500000E+00, gamma 1.191505E-01, time 17.846ms
[INFO   ] DREAMPlace - full step 49.190 ms
[DEBUG  ] dreamplace.ops.weighted_average_wirelength.weighted_average_wirelength - wirelength forward 0.085 ms
[DEBUG  ] dreamplace.ops.electric_potential.electric_potential - density forward 1.506 ms
[DEBUG  ] dreamplace.ops.electric_potential.electric_potential - density forward 1.207 ms
[DEBUG  ] dreamplace.ops.electric_potential.electric_potential - density backward 0.769 ms
[DEBUG  ] dreamplace.ops.electric_potential.electric_potential - density backward 1.159 ms
[DEBUG  ] dreamplace.ops.weighted_average_wirelength.weighted_average_wirelength - wirelength backward 0.141 ms
[INFO   ] DREAMPlace - optimizer step 30.998 ms
[INFO   ] DREAMPlace - iteration  249, (  19,  0,  1), Obj 4.021268E+04, NetCrossing 7.680E+02, NetCrossingWeight 1.000000E-01, DensityWeight 9.927335E-06, HPWL 3.978677E+04, Overflow 7.181732E-03, MaxDensity 4.242E+00, MacroOverlap 1.999E-01, MacroOverlapWeight 1.500000E+00, gamma 1.191505E-01, time 17.905ms
[INFO   ] DREAMPlace - full step 49.493 ms
[INFO   ] DREAMPlace - Lsub stopping criteria: 1 and 40212.7 > 38263 * 0.999
[DEBUG  ] dreamplace.ops.weighted_average_wirelength.weighted_average_wirelength - wirelength forward 0.087 ms
[DEBUG  ] dreamplace.ops.electric_potential.electric_potential - density forward 1.554 ms
[DEBUG  ] dreamplace.ops.electric_potential.electric_potential - density forward 1.247 ms
[DEBUG  ] dreamplace.ops.electric_potential.electric_potential - density backward 0.736 ms
[DEBUG  ] dreamplace.ops.electric_potential.electric_potential - density backward 1.056 ms
[DEBUG  ] dreamplace.ops.weighted_average_wirelength.weighted_average_wirelength - wirelength backward 0.087 ms
[INFO   ] DREAMPlace - optimizer step 30.244 ms
[INFO   ] DREAMPlace - iteration  250, (  19,  1,  0), Obj 4.123072E+04, NetCrossing 8.030E+02, NetCrossingWeight 1.000000E-01, DensityWeight 1.083176E-05, HPWL 4.083176E+04, Overflow 7.403308E-03, MaxDensity 4.020E+00, MacroOverlap 1.222E-01, MacroOverlapWeight 1.500000E+00, gamma 1.191505E-01, time 18.235ms
[INFO   ] DREAMPlace - full step 49.111 ms
[DEBUG  ] dreamplace.ops.weighted_average_wirelength.weighted_average_wirelength - wirelength forward 0.086 ms
[DEBUG  ] dreamplace.ops.electric_potential.electric_potential - density forward 1.454 ms
[DEBUG  ] dreamplace.ops.electric_potential.electric_potential - density forward 1.183 ms
[DEBUG  ] dreamplace.ops.electric_potential.electric_potential - density backward 0.829 ms
[DEBUG  ] dreamplace.ops.electric_potential.electric_potential - density backward 1.096 ms
[DEBUG  ] dreamplace.ops.weighted_average_wirelength.weighted_average_wirelength - wirelength backward 0.107 ms
[INFO   ] DREAMPlace - optimizer step 29.352 ms
[INFO   ] DREAMPlace - iteration  251, (  19,  1,  1), Obj 4.234515E+04, NetCrossing 7.019E+02, NetCrossingWeight 1.000000E-01, DensityWeight 1.083176E-05, HPWL 4.195714E+04, Overflow 7.503700E-03, MaxDensity 3.190E+00, MacroOverlap 1.079E-01, MacroOverlapWeight 1.500000E+00, gamma 1.191505E-01, time 17.778ms
[INFO   ] DREAMPlace - full step 47.721 ms
[INFO   ] DREAMPlace - Lsub stopping criteria: 1 and 42345.1 > 41230.7 * 0.999
[INFO   ] DREAMPlace - Llambda stopping criteria: 1 and (( 0.0075037 < 0.1 and 41957.1 > 39786.8 ) or 3.18951 < 1.0)
[DEBUG  ] dreamplace.ops.weighted_average_wirelength.weighted_average_wirelength - wirelength forward 0.088 ms
[DEBUG  ] dreamplace.ops.electric_potential.electric_potential - density forward 1.458 ms
[DEBUG  ] dreamplace.ops.electric_potential.electric_potential - density forward 1.188 ms
[DEBUG  ] dreamplace.ops.electric_potential.electric_potential - density backward 0.792 ms
[DEBUG  ] dreamplace.ops.electric_potential.electric_potential - density backward 1.140 ms
[DEBUG  ] dreamplace.ops.weighted_average_wirelength.weighted_average_wirelength - wirelength backward 0.131 ms
[INFO   ] DREAMPlace - optimizer step 30.427 ms
[INFO   ] DREAMPlace - iteration  252, (  20,  0,  0), Obj 4.620252E+04, NetCrossing 6.969E+02, NetCrossingWeight 1.000000E-01, DensityWeight 1.181625E-05, HPWL 4.584721E+04, Overflow 7.410191E-03, MaxDensity 3.569E+00, MacroOverlap 1.022E-01, MacroOverlapWeight 1.500000E+00, gamma 1.192500E-01, time 17.679ms
[INFO   ] DREAMPlace - full step 48.681 ms
[DEBUG  ] dreamplace.ops.weighted_average_wirelength.weighted_average_wirelength - wirelength forward 0.087 ms
[DEBUG  ] dreamplace.ops.electric_potential.electric_potential - density forward 1.453 ms
[DEBUG  ] dreamplace.ops.electric_potential.electric_potential - density forward 1.260 ms
[DEBUG  ] dreamplace.ops.electric_potential.electric_potential - density backward 0.773 ms
[DEBUG  ] dreamplace.ops.electric_potential.electric_potential - density backward 1.161 ms
[DEBUG  ] dreamplace.ops.weighted_average_wirelength.weighted_average_wirelength - wirelength backward 0.140 ms
[INFO   ] DREAMPlace - optimizer step 30.563 ms
[INFO   ] DREAMPlace - iteration  253, (  20,  0,  1), Obj 4.525591E+04, NetCrossing 7.437E+02, NetCrossingWeight 1.000000E-01, DensityWeight 1.181625E-05, HPWL 4.490107E+04, Overflow 6.873269E-03, MaxDensity 3.596E+00, MacroOverlap 8.684E-02, MacroOverlapWeight 1.500000E+00, gamma 1.192500E-01, time 17.850ms
[INFO   ] DREAMPlace - full step 49.002 ms
[DEBUG  ] dreamplace.ops.weighted_average_wirelength.weighted_average_wirelength - wirelength forward 0.085 ms
[DEBUG  ] dreamplace.ops.electric_potential.electric_potential - density forward 1.433 ms
[DEBUG  ] dreamplace.ops.electric_potential.electric_potential - density forward 1.187 ms
[DEBUG  ] dreamplace.ops.electric_potential.electric_potential - density backward 0.782 ms
[DEBUG  ] dreamplace.ops.electric_potential.electric_potential - density backward 0.991 ms
[DEBUG  ] dreamplace.ops.weighted_average_wirelength.weighted_average_wirelength - wirelength backward 0.137 ms
[INFO   ] DREAMPlace - optimizer step 30.143 ms
[INFO   ] DREAMPlace - iteration  254, (  20,  1,  0), Obj 4.969999E+04, NetCrossing 8.017E+02, NetCrossingWeight 1.000000E-01, DensityWeight 1.288787E-05, HPWL 4.936666E+04, Overflow 6.259313E-03, MaxDensity 3.536E+00, MacroOverlap 6.534E-02, MacroOverlapWeight 1.500000E+00, gamma 1.192500E-01, time 17.719ms
[INFO   ] DREAMPlace - full step 48.566 ms
[DEBUG  ] dreamplace.ops.weighted_average_wirelength.weighted_average_wirelength - wirelength forward 0.094 ms
[DEBUG  ] dreamplace.ops.electric_potential.electric_potential - density forward 1.507 ms
[DEBUG  ] dreamplace.ops.electric_potential.electric_potential - density forward 1.227 ms
[DEBUG  ] dreamplace.ops.electric_potential.electric_potential - density backward 0.781 ms
[DEBUG  ] dreamplace.ops.electric_potential.electric_potential - density backward 1.004 ms
[DEBUG  ] dreamplace.ops.weighted_average_wirelength.weighted_average_wirelength - wirelength backward 0.141 ms
[INFO   ] DREAMPlace - optimizer step 30.711 ms
[INFO   ] DREAMPlace - iteration  255, (  20,  1,  1), Obj 4.938967E+04, NetCrossing 7.524E+02, NetCrossingWeight 1.000000E-01, DensityWeight 1.288787E-05, HPWL 4.906309E+04, Overflow 5.481026E-03, MaxDensity 3.196E+00, MacroOverlap 7.620E-02, MacroOverlapWeight 1.500000E+00, gamma 1.192500E-01, time 17.120ms
[INFO   ] DREAMPlace - full step 48.503 ms
[INFO   ] DREAMPlace - Llambda stopping criteria: 1 and (( 0.00548103 < 0.1 and 49063.1 > 44901.1 ) or 3.19618 < 1.0)
[DEBUG  ] dreamplace.ops.weighted_average_wirelength.weighted_average_wirelength - wirelength forward 0.089 ms
[DEBUG  ] dreamplace.ops.electric_potential.electric_potential - density forward 1.473 ms
[DEBUG  ] dreamplace.ops.electric_potential.electric_potential - density forward 1.388 ms
[DEBUG  ] dreamplace.ops.electric_potential.electric_potential - density backward 0.827 ms
[DEBUG  ] dreamplace.ops.electric_potential.electric_potential - density backward 0.956 ms
[DEBUG  ] dreamplace.ops.weighted_average_wirelength.weighted_average_wirelength - wirelength backward 0.108 ms
[INFO   ] DREAMPlace - optimizer step 30.305 ms
[INFO   ] DREAMPlace - iteration  256, (  21,  0,  0), Obj 5.111461E+04, NetCrossing 7.447E+02, NetCrossingWeight 1.000000E-01, DensityWeight 1.405262E-05, HPWL 5.081198E+04, Overflow 5.000869E-03, MaxDensity 2.662E+00, MacroOverlap 4.390E-02, MacroOverlapWeight 1.500000E+00, gamma 1.180222E-01, time 17.989ms
[INFO   ] DREAMPlace - full step 48.899 ms
[DEBUG  ] dreamplace.ops.weighted_average_wirelength.weighted_average_wirelength - wirelength forward 0.092 ms
[DEBUG  ] dreamplace.ops.electric_potential.electric_potential - density forward 1.648 ms
[DEBUG  ] dreamplace.ops.electric_potential.electric_potential - density forward 1.477 ms
[DEBUG  ] dreamplace.ops.electric_potential.electric_potential - density backward 0.768 ms
[DEBUG  ] dreamplace.ops.electric_potential.electric_potential - density backward 1.158 ms
[DEBUG  ] dreamplace.ops.weighted_average_wirelength.weighted_average_wirelength - wirelength backward 0.136 ms
[INFO   ] DREAMPlace - optimizer step 30.973 ms
[INFO   ] DREAMPlace - iteration  257, (  21,  0,  1), Obj 5.288326E+04, NetCrossing 7.606E+02, NetCrossingWeight 1.000000E-01, DensityWeight 1.405262E-05, HPWL 5.258323E+04, Overflow 5.014269E-03, MaxDensity 3.569E+00, MacroOverlap 6.060E-02, MacroOverlapWeight 1.500000E+00, gamma 1.180222E-01, time 18.110ms
[INFO   ] DREAMPlace - full step 49.670 ms
[INFO   ] DREAMPlace - Lsub stopping criteria: 1 and 52883.3 > 51114.6 * 0.999
[DEBUG  ] dreamplace.ops.weighted_average_wirelength.weighted_average_wirelength - wirelength forward 0.089 ms
[DEBUG  ] dreamplace.ops.electric_potential.electric_potential - density forward 1.455 ms
[DEBUG  ] dreamplace.ops.electric_potential.electric_potential - density forward 1.168 ms
[DEBUG  ] dreamplace.ops.electric_potential.electric_potential - density backward 0.782 ms
[DEBUG  ] dreamplace.ops.electric_potential.electric_potential - density backward 1.153 ms
[DEBUG  ] dreamplace.ops.weighted_average_wirelength.weighted_average_wirelength - wirelength backward 0.138 ms
[INFO   ] DREAMPlace - optimizer step 30.719 ms
[INFO   ] DREAMPlace - iteration  258, (  21,  1,  0), Obj 5.147108E+04, NetCrossing 7.987E+02, NetCrossingWeight 1.000000E-01, DensityWeight 1.532497E-05, HPWL 5.119254E+04, Overflow 4.956292E-03, MaxDensity 3.569E+00, MacroOverlap 8.735E-02, MacroOverlapWeight 1.500000E+00, gamma 1.180222E-01, time 17.400ms
[INFO   ] DREAMPlace - full step 48.716 ms
[DEBUG  ] dreamplace.ops.weighted_average_wirelength.weighted_average_wirelength - wirelength forward 0.095 ms
[DEBUG  ] dreamplace.ops.electric_potential.electric_potential - density forward 1.614 ms
[DEBUG  ] dreamplace.ops.electric_potential.electric_potential - density forward 1.194 ms
[DEBUG  ] dreamplace.ops.electric_potential.electric_potential - density backward 0.783 ms
[DEBUG  ] dreamplace.ops.electric_potential.electric_potential - density backward 1.004 ms
[DEBUG  ] dreamplace.ops.weighted_average_wirelength.weighted_average_wirelength - wirelength backward 0.139 ms
[INFO   ] DREAMPlace - optimizer step 30.474 ms
[INFO   ] DREAMPlace - iteration  259, (  21,  1,  1), Obj 5.851152E+04, NetCrossing 8.524E+02, NetCrossingWeight 1.000000E-01, DensityWeight 1.532497E-05, HPWL 5.823424E+04, Overflow 5.487258E-03, MaxDensity 3.297E+00, MacroOverlap 4.127E-02, MacroOverlapWeight 1.500000E+00, gamma 1.180222E-01, time 18.342ms
[INFO   ] DREAMPlace - full step 49.384 ms
[INFO   ] DREAMPlace - Lsub stopping criteria: 1 and 58511.5 > 51471.1 * 0.999
[INFO   ] DREAMPlace - Llambda stopping criteria: 1 and (( 0.00548726 < 0.1 and 58234.2 > 52583.2 ) or 3.2966 < 1.0)
[DEBUG  ] dreamplace.ops.weighted_average_wirelength.weighted_average_wirelength - wirelength forward 0.093 ms
[DEBUG  ] dreamplace.ops.electric_potential.electric_potential - density forward 1.479 ms
[DEBUG  ] dreamplace.ops.electric_potential.electric_potential - density forward 1.256 ms
[DEBUG  ] dreamplace.ops.electric_potential.electric_potential - density backward 0.798 ms
[DEBUG  ] dreamplace.ops.electric_potential.electric_potential - density backward 1.063 ms
[DEBUG  ] dreamplace.ops.weighted_average_wirelength.weighted_average_wirelength - wirelength backward 0.125 ms
[INFO   ] DREAMPlace - optimizer step 30.088 ms
[INFO   ] DREAMPlace - iteration  260, (  22,  0,  0), Obj 5.941530E+04, NetCrossing 7.098E+02, NetCrossingWeight 1.000000E-01, DensityWeight 1.670409E-05, HPWL 5.917678E+04, Overflow 6.447908E-03, MaxDensity 3.523E+00, MacroOverlap 4.294E-02, MacroOverlapWeight 1.500000E+00, gamma 1.180259E-01, time 18.006ms
[INFO   ] DREAMPlace - full step 48.713 ms
[DEBUG  ] dreamplace.ops.weighted_average_wirelength.weighted_average_wirelength - wirelength forward 0.100 ms
[DEBUG  ] dreamplace.ops.electric_potential.electric_potential - density forward 1.552 ms
[DEBUG  ] dreamplace.ops.electric_potential.electric_potential - density forward 1.195 ms
[DEBUG  ] dreamplace.ops.electric_potential.electric_potential - density backward 0.784 ms
[DEBUG  ] dreamplace.ops.electric_potential.electric_potential - density backward 0.993 ms
[DEBUG  ] dreamplace.ops.weighted_average_wirelength.weighted_average_wirelength - wirelength backward 0.130 ms
[INFO   ] DREAMPlace - optimizer step 31.052 ms
[INFO   ] DREAMPlace - iteration  261, (  22,  0,  1), Obj 5.862786E+04, NetCrossing 7.577E+02, NetCrossingWeight 1.000000E-01, DensityWeight 1.670409E-05, HPWL 5.839839E+04, Overflow 7.112305E-03, MaxDensity 3.192E+00, MacroOverlap 7.967E-02, MacroOverlapWeight 1.500000E+00, gamma 1.180259E-01, time 18.580ms
[INFO   ] DREAMPlace - full step 50.243 ms
[DEBUG  ] dreamplace.ops.weighted_average_wirelength.weighted_average_wirelength - wirelength forward 0.096 ms
[DEBUG  ] dreamplace.ops.electric_potential.electric_potential - density forward 1.646 ms
[DEBUG  ] dreamplace.ops.electric_potential.electric_potential - density forward 1.195 ms
[DEBUG  ] dreamplace.ops.electric_potential.electric_potential - density backward 0.788 ms
[DEBUG  ] dreamplace.ops.electric_potential.electric_potential - density backward 1.141 ms
[DEBUG  ] dreamplace.ops.weighted_average_wirelength.weighted_average_wirelength - wirelength backward 0.138 ms
[INFO   ] DREAMPlace - optimizer step 30.825 ms
[INFO   ] DREAMPlace - iteration  262, (  22,  1,  0), Obj 6.120473E+04, NetCrossing 7.368E+02, NetCrossingWeight 1.000000E-01, DensityWeight 1.823097E-05, HPWL 6.100440E+04, Overflow 6.867448E-03, MaxDensity 4.461E+00, MacroOverlap 1.008E-01, MacroOverlapWeight 1.500000E+00, gamma 1.180259E-01, time 19.006ms
[INFO   ] DREAMPlace - full step 50.427 ms
[DEBUG  ] dreamplace.ops.weighted_average_wirelength.weighted_average_wirelength - wirelength forward 0.089 ms
[DEBUG  ] dreamplace.ops.electric_potential.electric_potential - density forward 1.704 ms
[DEBUG  ] dreamplace.ops.electric_potential.electric_potential - density forward 1.312 ms
[DEBUG  ] dreamplace.ops.electric_potential.electric_potential - density backward 0.906 ms
[DEBUG  ] dreamplace.ops.electric_potential.electric_potential - density backward 1.045 ms
[DEBUG  ] dreamplace.ops.weighted_average_wirelength.weighted_average_wirelength - wirelength backward 0.074 ms
[INFO   ] DREAMPlace - optimizer step 28.497 ms
[INFO   ] DREAMPlace - iteration  263, (  22,  1,  1), Obj 6.159975E+04, NetCrossing 7.962E+02, NetCrossingWeight 1.000000E-01, DensityWeight 1.823097E-05, HPWL 6.140465E+04, Overflow 6.202412E-03, MaxDensity 2.693E+00, MacroOverlap 4.136E-02, MacroOverlapWeight 1.500000E+00, gamma 1.180259E-01, time 18.004ms
[INFO   ] DREAMPlace - full step 47.106 ms
[INFO   ] DREAMPlace - Lsub stopping criteria: 1 and 61599.8 > 61204.7 * 0.999
[INFO   ] DREAMPlace - Llambda stopping criteria: 1 and (( 0.00620241 < 0.1 and 61404.6 > 58398.4 ) or 2.69276 < 1.0)
[DEBUG  ] dreamplace.ops.weighted_average_wirelength.weighted_average_wirelength - wirelength forward 0.090 ms
[DEBUG  ] dreamplace.ops.electric_potential.electric_potential - density forward 1.472 ms
[DEBUG  ] dreamplace.ops.electric_potential.electric_potential - density forward 1.217 ms
[DEBUG  ] dreamplace.ops.electric_potential.electric_potential - density backward 0.832 ms
[DEBUG  ] dreamplace.ops.electric_potential.electric_potential - density backward 1.101 ms
[DEBUG  ] dreamplace.ops.weighted_average_wirelength.weighted_average_wirelength - wirelength backward 0.073 ms
[INFO   ] DREAMPlace - optimizer step 29.479 ms
[INFO   ] DREAMPlace - iteration  264, (  23,  0,  0), Obj 6.237054E+04, NetCrossing 6.315E+02, NetCrossingWeight 1.000000E-01, DensityWeight 1.988404E-05, HPWL 6.220920E+04, Overflow 5.248798E-03, MaxDensity 2.908E+00, MacroOverlap 5.108E-02, MacroOverlapWeight 1.500000E+00, gamma 1.184586E-01, time 18.911ms
[INFO   ] DREAMPlace - full step 48.977 ms
[DEBUG  ] dreamplace.ops.weighted_average_wirelength.weighted_average_wirelength - wirelength forward 0.090 ms
[DEBUG  ] dreamplace.ops.electric_potential.electric_potential - density forward 1.456 ms
[DEBUG  ] dreamplace.ops.electric_potential.electric_potential - density forward 1.202 ms
[DEBUG  ] dreamplace.ops.electric_potential.electric_potential - density backward 0.812 ms
[DEBUG  ] dreamplace.ops.electric_potential.electric_potential - density backward 1.131 ms
[DEBUG  ] dreamplace.ops.weighted_average_wirelength.weighted_average_wirelength - wirelength backward 0.121 ms
[INFO   ] DREAMPlace - optimizer step 29.848 ms
[INFO   ] DREAMPlace - iteration  265, (  23,  0,  1), Obj 6.389671E+04, NetCrossing 7.600E+02, NetCrossingWeight 1.000000E-01, DensityWeight 1.988404E-05, HPWL 6.372240E+04, Overflow 4.404747E-03, MaxDensity 3.333E+00, MacroOverlap 2.709E-02, MacroOverlapWeight 1.500000E+00, gamma 1.184586E-01, time 18.214ms
[INFO   ] DREAMPlace - full step 48.689 ms
[INFO   ] DREAMPlace - Lsub stopping criteria: 1 and 63896.7 > 62370.5 * 0.999
[DEBUG  ] dreamplace.ops.weighted_average_wirelength.weighted_average_wirelength - wirelength forward 0.090 ms
[DEBUG  ] dreamplace.ops.electric_potential.electric_potential - density forward 1.461 ms
[DEBUG  ] dreamplace.ops.electric_potential.electric_potential - density forward 1.181 ms
[DEBUG  ] dreamplace.ops.electric_potential.electric_potential - density backward 0.805 ms
[DEBUG  ] dreamplace.ops.electric_potential.electric_potential - density backward 1.127 ms
[DEBUG  ] dreamplace.ops.weighted_average_wirelength.weighted_average_wirelength - wirelength backward 0.121 ms
[INFO   ] DREAMPlace - optimizer step 29.598 ms
[INFO   ] DREAMPlace - iteration  266, (  23,  1,  0), Obj 6.477717E+04, NetCrossing 7.556E+02, NetCrossingWeight 1.000000E-01, DensityWeight 2.169054E-05, HPWL 6.460666E+04, Overflow 3.109110E-03, MaxDensity 3.241E+00, MacroOverlap 3.217E-02, MacroOverlapWeight 1.500000E+00, gamma 1.184586E-01, time 17.996ms
[INFO   ] DREAMPlace - full step 48.241 ms
[DEBUG  ] dreamplace.ops.weighted_average_wirelength.weighted_average_wirelength - wirelength forward 0.090 ms
[DEBUG  ] dreamplace.ops.electric_potential.electric_potential - density forward 1.424 ms
[DEBUG  ] dreamplace.ops.electric_potential.electric_potential - density forward 1.169 ms
[DEBUG  ] dreamplace.ops.electric_potential.electric_potential - density backward 0.809 ms
[DEBUG  ] dreamplace.ops.electric_potential.electric_potential - density backward 0.971 ms
[DEBUG  ] dreamplace.ops.weighted_average_wirelength.weighted_average_wirelength - wirelength backward 0.122 ms
[INFO   ] DREAMPlace - optimizer step 29.410 ms
[INFO   ] DREAMPlace - iteration  267, (  23,  1,  1), Obj 6.495084E+04, NetCrossing 7.928E+02, NetCrossingWeight 1.000000E-01, DensityWeight 2.169054E-05, HPWL 6.476666E+04, Overflow 3.335243E-03, MaxDensity 3.471E+00, MacroOverlap 3.830E-02, MacroOverlapWeight 1.500000E+00, gamma 1.184586E-01, time 17.753ms
[INFO   ] DREAMPlace - full step 47.808 ms
[INFO   ] DREAMPlace - Lsub stopping criteria: 1 and 64950.8 > 64777.2 * 0.999
[INFO   ] DREAMPlace - Llambda stopping criteria: 1 and (( 0.00333524 < 0.1 and 64766.7 > 63722.4 ) or 3.47084 < 1.0)
[DEBUG  ] dreamplace.ops.weighted_average_wirelength.weighted_average_wirelength - wirelength forward 0.087 ms
[DEBUG  ] dreamplace.ops.electric_potential.electric_potential - density forward 1.426 ms
[DEBUG  ] dreamplace.ops.electric_potential.electric_potential - density forward 1.223 ms
[DEBUG  ] dreamplace.ops.electric_potential.electric_potential - density backward 0.818 ms
[DEBUG  ] dreamplace.ops.electric_potential.electric_potential - density backward 1.130 ms
[DEBUG  ] dreamplace.ops.weighted_average_wirelength.weighted_average_wirelength - wirelength backward 0.121 ms
[INFO   ] DREAMPlace - optimizer step 29.743 ms
[INFO   ] DREAMPlace - iteration  268, (  24,  0,  0), Obj 6.928399E+04, NetCrossing 8.399E+02, NetCrossingWeight 1.000000E-01, DensityWeight 2.366830E-05, HPWL 6.909003E+04, Overflow 3.599346E-03, MaxDensity 2.677E+00, MacroOverlap 3.958E-02, MacroOverlapWeight 1.500000E+00, gamma 1.167334E-01, time 17.580ms
[INFO   ] DREAMPlace - full step 47.906 ms
[DEBUG  ] dreamplace.ops.weighted_average_wirelength.weighted_average_wirelength - wirelength forward 0.090 ms
[DEBUG  ] dreamplace.ops.electric_potential.electric_potential - density forward 1.591 ms
[DEBUG  ] dreamplace.ops.electric_potential.electric_potential - density forward 1.203 ms
[DEBUG  ] dreamplace.ops.electric_potential.electric_potential - density backward 0.787 ms
[DEBUG  ] dreamplace.ops.electric_potential.electric_potential - density backward 1.143 ms
[DEBUG  ] dreamplace.ops.weighted_average_wirelength.weighted_average_wirelength - wirelength backward 0.074 ms
[INFO   ] DREAMPlace - optimizer step 30.454 ms
[INFO   ] DREAMPlace - iteration  269, (  24,  0,  1), Obj 6.253751E+04, NetCrossing 7.498E+02, NetCrossingWeight 1.000000E-01, DensityWeight 2.366830E-05, HPWL 6.233516E+04, Overflow 3.392261E-03, MaxDensity 2.871E+00, MacroOverlap 4.119E-02, MacroOverlapWeight 1.500000E+00, gamma 1.167334E-01, time 17.912ms
[INFO   ] DREAMPlace - full step 48.959 ms
[DEBUG  ] dreamplace.ops.weighted_average_wirelength.weighted_average_wirelength - wirelength forward 0.097 ms
[DEBUG  ] dreamplace.ops.electric_potential.electric_potential - density forward 1.537 ms
[DEBUG  ] dreamplace.ops.electric_potential.electric_potential - density forward 1.242 ms
[DEBUG  ] dreamplace.ops.electric_potential.electric_potential - density backward 0.794 ms
[DEBUG  ] dreamplace.ops.electric_potential.electric_potential - density backward 1.015 ms
[DEBUG  ] dreamplace.ops.weighted_average_wirelength.weighted_average_wirelength - wirelength backward 0.134 ms
[INFO   ] DREAMPlace - optimizer step 31.153 ms
[INFO   ] DREAMPlace - iteration  270, (  24,  1,  0), Obj 6.443563E+04, NetCrossing 7.495E+02, NetCrossingWeight 1.000000E-01, DensityWeight 2.548636E-05, HPWL 6.422299E+04, Overflow 3.432672E-03, MaxDensity 3.104E+00, MacroOverlap 4.223E-02, MacroOverlapWeight 1.500000E+00, gamma 1.167334E-01, time 18.573ms
[INFO   ] DREAMPlace - full step 50.340 ms
[DEBUG  ] dreamplace.ops.weighted_average_wirelength.weighted_average_wirelength - wirelength forward 0.099 ms
[DEBUG  ] dreamplace.ops.electric_potential.electric_potential - density forward 1.503 ms
[DEBUG  ] dreamplace.ops.electric_potential.electric_potential - density forward 1.213 ms
[DEBUG  ] dreamplace.ops.electric_potential.electric_potential - density backward 0.809 ms
[DEBUG  ] dreamplace.ops.electric_potential.electric_potential - density backward 0.977 ms
[DEBUG  ] dreamplace.ops.weighted_average_wirelength.weighted_average_wirelength - wirelength backward 0.068 ms
[INFO   ] DREAMPlace - optimizer step 30.182 ms
[INFO   ] DREAMPlace - iteration  271, (  24,  1,  1), Obj 6.319670E+04, NetCrossing 8.029E+02, NetCrossingWeight 1.000000E-01, DensityWeight 2.548636E-05, HPWL 6.296638E+04, Overflow 3.386673E-03, MaxDensity 3.267E+00, MacroOverlap 4.381E-02, MacroOverlapWeight 1.500000E+00, gamma 1.167334E-01, time 19.376ms
[INFO   ] DREAMPlace - full step 50.166 ms
[INFO   ] DREAMPlace - Llambda stopping criteria: 1 and (( 0.00338667 < 0.1 and 62966.4 > 62335.2 ) or 3.26708 < 1.0)
[DEBUG  ] dreamplace.ops.weighted_average_wirelength.weighted_average_wirelength - wirelength forward 0.091 ms
[DEBUG  ] dreamplace.ops.electric_potential.electric_potential - density forward 1.475 ms
[DEBUG  ] dreamplace.ops.electric_potential.electric_potential - density forward 1.213 ms
[DEBUG  ] dreamplace.ops.electric_potential.electric_potential - density backward 0.802 ms
[DEBUG  ] dreamplace.ops.electric_potential.electric_potential - density backward 1.149 ms
[DEBUG  ] dreamplace.ops.weighted_average_wirelength.weighted_average_wirelength - wirelength backward 0.077 ms
[INFO   ] DREAMPlace - optimizer step 29.873 ms
[INFO   ] DREAMPlace - iteration  272, (  25,  0,  0), Obj 6.253626E+04, NetCrossing 6.543E+02, NetCrossingWeight 1.000000E-01, DensityWeight 2.781293E-05, HPWL 6.231241E+04, Overflow 3.384381E-03, MaxDensity 3.238E+00, MacroOverlap 3.819E-02, MacroOverlapWeight 1.500000E+00, gamma 1.167641E-01, time 18.020ms
[INFO   ] DREAMPlace - full step 48.495 ms
[DEBUG  ] dreamplace.ops.weighted_average_wirelength.weighted_average_wirelength - wirelength forward 0.092 ms
[DEBUG  ] dreamplace.ops.electric_potential.electric_potential - density forward 1.482 ms
[DEBUG  ] dreamplace.ops.electric_potential.electric_potential - density forward 1.197 ms
[DEBUG  ] dreamplace.ops.electric_potential.electric_potential - density backward 0.799 ms
[DEBUG  ] dreamplace.ops.electric_potential.electric_potential - density backward 0.901 ms
[DEBUG  ] dreamplace.ops.weighted_average_wirelength.weighted_average_wirelength - wirelength backward 0.081 ms
[INFO   ] DREAMPlace - optimizer step 29.673 ms
[INFO   ] DREAMPlace - iteration  273, (  25,  0,  1), Obj 5.923442E+04, NetCrossing 7.787E+02, NetCrossingWeight 1.000000E-01, DensityWeight 2.781293E-05, HPWL 5.898027E+04, Overflow 3.361776E-03, MaxDensity 2.701E+00, MacroOverlap 3.676E-02, MacroOverlapWeight 1.500000E+00, gamma 1.167641E-01, time 17.922ms
[INFO   ] DREAMPlace - full step 48.272 ms
[DEBUG  ] dreamplace.ops.weighted_average_wirelength.weighted_average_wirelength - wirelength forward 0.099 ms
[DEBUG  ] dreamplace.ops.electric_potential.electric_potential - density forward 1.421 ms
[DEBUG  ] dreamplace.ops.electric_potential.electric_potential - density forward 1.205 ms
[DEBUG  ] dreamplace.ops.electric_potential.electric_potential - density backward 0.785 ms
[DEBUG  ] dreamplace.ops.electric_potential.electric_potential - density backward 1.143 ms
[DEBUG  ] dreamplace.ops.weighted_average_wirelength.weighted_average_wirelength - wirelength backward 0.130 ms
[INFO   ] DREAMPlace - optimizer step 30.248 ms
[INFO   ] DREAMPlace - iteration  274, (  25,  1,  0), Obj 5.975882E+04, NetCrossing 7.271E+02, NetCrossingWeight 1.000000E-01, DensityWeight 2.994337E-05, HPWL 5.950705E+04, Overflow 3.499608E-03, MaxDensity 3.289E+00, MacroOverlap 4.029E-02, MacroOverlapWeight 1.500000E+00, gamma 1.167641E-01, time 18.121ms
[INFO   ] DREAMPlace - full step 49.013 ms
[DEBUG  ] dreamplace.ops.weighted_average_wirelength.weighted_average_wirelength - wirelength forward 0.088 ms
[DEBUG  ] dreamplace.ops.electric_potential.electric_potential - density forward 1.538 ms
[DEBUG  ] dreamplace.ops.electric_potential.electric_potential - density forward 1.242 ms
[DEBUG  ] dreamplace.ops.electric_potential.electric_potential - density backward 0.836 ms
[DEBUG  ] dreamplace.ops.electric_potential.electric_potential - density backward 1.133 ms
[DEBUG  ] dreamplace.ops.weighted_average_wirelength.weighted_average_wirelength - wirelength backward 0.122 ms
[INFO   ] DREAMPlace - optimizer step 29.805 ms
[INFO   ] DREAMPlace - iteration  275, (  25,  1,  1), Obj 5.639165E+04, NetCrossing 7.738E+02, NetCrossingWeight 1.000000E-01, DensityWeight 2.994337E-05, HPWL 5.612205E+04, Overflow 3.778138E-03, MaxDensity 2.814E+00, MacroOverlap 5.371E-02, MacroOverlapWeight 1.500000E+00, gamma 1.167641E-01, time 17.766ms
[INFO   ] DREAMPlace - full step 48.159 ms
[DEBUG  ] dreamplace.ops.weighted_average_wirelength.weighted_average_wirelength - wirelength forward 0.092 ms
[DEBUG  ] dreamplace.ops.electric_potential.electric_potential - density forward 1.529 ms
[DEBUG  ] dreamplace.ops.electric_potential.electric_potential - density forward 1.231 ms
[DEBUG  ] dreamplace.ops.electric_potential.electric_potential - density backward 0.784 ms
[DEBUG  ] dreamplace.ops.electric_potential.electric_potential - density backward 1.138 ms
[DEBUG  ] dreamplace.ops.weighted_average_wirelength.weighted_average_wirelength - wirelength backward 0.128 ms
[INFO   ] DREAMPlace - optimizer step 30.309 ms
[INFO   ] DREAMPlace - iteration  276, (  25,  2,  0), Obj 5.740876E+04, NetCrossing 7.306E+02, NetCrossingWeight 1.000000E-01, DensityWeight 3.223377E-05, HPWL 5.714912E+04, Overflow 4.044947E-03, MaxDensity 3.569E+00, MacroOverlap 5.653E-02, MacroOverlapWeight 1.500000E+00, gamma 1.167641E-01, time 18.162ms
[INFO   ] DREAMPlace - full step 49.049 ms
[DEBUG  ] dreamplace.ops.weighted_average_wirelength.weighted_average_wirelength - wirelength forward 0.091 ms
[DEBUG  ] dreamplace.ops.electric_potential.electric_potential - density forward 1.444 ms
[DEBUG  ] dreamplace.ops.electric_potential.electric_potential - density forward 1.191 ms
[DEBUG  ] dreamplace.ops.electric_potential.electric_potential - density backward 0.808 ms
[DEBUG  ] dreamplace.ops.electric_potential.electric_potential - density backward 1.108 ms
[DEBUG  ] dreamplace.ops.weighted_average_wirelength.weighted_average_wirelength - wirelength backward 0.072 ms
[INFO   ] DREAMPlace - optimizer step 29.433 ms
[INFO   ] DREAMPlace - iteration  277, (  25,  2,  1), Obj 5.446357E+04, NetCrossing 7.275E+02, NetCrossingWeight 1.000000E-01, DensityWeight 3.223377E-05, HPWL 5.419245E+04, Overflow 4.609925E-03, MaxDensity 3.569E+00, MacroOverlap 7.444E-02, MacroOverlapWeight 1.500000E+00, gamma 1.167641E-01, time 17.653ms
[INFO   ] DREAMPlace - full step 47.680 ms
[DEBUG  ] dreamplace.ops.weighted_average_wirelength.weighted_average_wirelength - wirelength forward 0.093 ms
[DEBUG  ] dreamplace.ops.electric_potential.electric_potential - density forward 1.441 ms
[DEBUG  ] dreamplace.ops.electric_potential.electric_potential - density forward 1.199 ms
[DEBUG  ] dreamplace.ops.electric_potential.electric_potential - density backward 0.798 ms
[DEBUG  ] dreamplace.ops.electric_potential.electric_potential - density backward 0.988 ms
[DEBUG  ] dreamplace.ops.weighted_average_wirelength.weighted_average_wirelength - wirelength backward 0.074 ms
[INFO   ] DREAMPlace - optimizer step 29.704 ms
[INFO   ] DREAMPlace - iteration  278, (  25,  3,  0), Obj 5.110304E+04, NetCrossing 6.452E+02, NetCrossingWeight 1.000000E-01, DensityWeight 3.469589E-05, HPWL 5.084766E+04, Overflow 5.036948E-03, MaxDensity 3.149E+00, MacroOverlap 9.543E-02, MacroOverlapWeight 1.500000E+00, gamma 1.167641E-01, time 17.616ms
[INFO   ] DREAMPlace - full step 47.908 ms
[DEBUG  ] dreamplace.ops.weighted_average_wirelength.weighted_average_wirelength - wirelength forward 0.092 ms
[DEBUG  ] dreamplace.ops.electric_potential.electric_potential - density forward 1.489 ms
[DEBUG  ] dreamplace.ops.electric_potential.electric_potential - density forward 1.235 ms
[DEBUG  ] dreamplace.ops.electric_potential.electric_potential - density backward 0.810 ms
[DEBUG  ] dreamplace.ops.electric_potential.electric_potential - density backward 1.053 ms
[DEBUG  ] dreamplace.ops.weighted_average_wirelength.weighted_average_wirelength - wirelength backward 0.082 ms
[INFO   ] DREAMPlace - optimizer step 30.119 ms
[INFO   ] DREAMPlace - iteration  279, (  25,  3,  1), Obj 5.198034E+04, NetCrossing 6.689E+02, NetCrossingWeight 1.000000E-01, DensityWeight 3.469589E-05, HPWL 5.171773E+04, Overflow 5.230116E-03, MaxDensity 4.039E+00, MacroOverlap 9.229E-02, MacroOverlapWeight 1.500000E+00, gamma 1.167641E-01, time 18.110ms
[INFO   ] DREAMPlace - full step 48.857 ms
[INFO   ] DREAMPlace - Lsub stopping criteria: 1 and 51980.3 > 51103 * 0.999
[DEBUG  ] dreamplace.ops.weighted_average_wirelength.weighted_average_wirelength - wirelength forward 0.108 ms
[DEBUG  ] dreamplace.ops.electric_potential.electric_potential - density forward 1.484 ms
[DEBUG  ] dreamplace.ops.electric_potential.electric_potential - density forward 1.221 ms
[DEBUG  ] dreamplace.ops.electric_potential.electric_potential - density backward 0.746 ms
[DEBUG  ] dreamplace.ops.electric_potential.electric_potential - density backward 1.076 ms
[DEBUG  ] dreamplace.ops.weighted_average_wirelength.weighted_average_wirelength - wirelength backward 0.100 ms
[INFO   ] DREAMPlace - optimizer step 29.875 ms
[INFO   ] DREAMPlace - iteration  280, (  25,  4,  0), Obj 5.310136E+04, NetCrossing 7.177E+02, NetCrossingWeight 1.000000E-01, DensityWeight 3.734234E-05, HPWL 5.284617E+04, Overflow 5.239784E-03, MaxDensity 2.677E+00, MacroOverlap 9.827E-02, MacroOverlapWeight 1.500000E+00, gamma 1.167641E-01, time 17.892ms
[INFO   ] DREAMPlace - full step 48.360 ms
[DEBUG  ] dreamplace.ops.weighted_average_wirelength.weighted_average_wirelength - wirelength forward 0.093 ms
[DEBUG  ] dreamplace.ops.electric_potential.electric_potential - density forward 1.476 ms
[DEBUG  ] dreamplace.ops.electric_potential.electric_potential - density forward 1.194 ms
[DEBUG  ] dreamplace.ops.electric_potential.electric_potential - density backward 0.790 ms
[DEBUG  ] dreamplace.ops.electric_potential.electric_potential - density backward 1.154 ms
[DEBUG  ] dreamplace.ops.weighted_average_wirelength.weighted_average_wirelength - wirelength backward 0.135 ms
[INFO   ] DREAMPlace - optimizer step 30.884 ms
[INFO   ] DREAMPlace - iteration  281, (  25,  4,  1), Obj 4.878362E+04, NetCrossing 6.443E+02, NetCrossingWeight 1.000000E-01, DensityWeight 3.734234E-05, HPWL 4.854488E+04, Overflow 4.140301E-03, MaxDensity 4.210E+00, MacroOverlap 7.066E-02, MacroOverlapWeight 1.500000E+00, gamma 1.167641E-01, time 18.703ms
[INFO   ] DREAMPlace - full step 50.194 ms
[DEBUG  ] dreamplace.ops.weighted_average_wirelength.weighted_average_wirelength - wirelength forward 0.099 ms
[DEBUG  ] dreamplace.ops.electric_potential.electric_potential - density forward 1.519 ms
[DEBUG  ] dreamplace.ops.electric_potential.electric_potential - density forward 1.196 ms
[DEBUG  ] dreamplace.ops.electric_potential.electric_potential - density backward 0.796 ms
[DEBUG  ] dreamplace.ops.electric_potential.electric_potential - density backward 1.144 ms
[DEBUG  ] dreamplace.ops.weighted_average_wirelength.weighted_average_wirelength - wirelength backward 0.136 ms
[INFO   ] DREAMPlace - optimizer step 30.532 ms
[INFO   ] DREAMPlace - iteration  282, (  25,  5,  0), Obj 5.192633E+04, NetCrossing 6.717E+02, NetCrossingWeight 1.000000E-01, DensityWeight 4.018664E-05, HPWL 5.170373E+04, Overflow 4.487036E-03, MaxDensity 3.517E+00, MacroOverlap 6.568E-02, MacroOverlapWeight 1.500000E+00, gamma 1.167641E-01, time 18.826ms
[INFO   ] DREAMPlace - full step 50.000 ms
[DEBUG  ] dreamplace.ops.weighted_average_wirelength.weighted_average_wirelength - wirelength forward 0.098 ms
[DEBUG  ] dreamplace.ops.electric_potential.electric_potential - density forward 1.500 ms
[DEBUG  ] dreamplace.ops.electric_potential.electric_potential - density forward 1.349 ms
[DEBUG  ] dreamplace.ops.electric_potential.electric_potential - density backward 0.806 ms
[DEBUG  ] dreamplace.ops.electric_potential.electric_potential - density backward 1.133 ms
[DEBUG  ] dreamplace.ops.weighted_average_wirelength.weighted_average_wirelength - wirelength backward 0.077 ms
[INFO   ] DREAMPlace - optimizer step 30.163 ms
[INFO   ] DREAMPlace - iteration  283, (  25,  5,  1), Obj 4.794214E+04, NetCrossing 7.486E+02, NetCrossingWeight 1.000000E-01, DensityWeight 4.018664E-05, HPWL 4.772477E+04, Overflow 5.223625E-03, MaxDensity 3.434E+00, MacroOverlap 9.187E-02, MacroOverlapWeight 1.500000E+00, gamma 1.167641E-01, time 18.441ms
[INFO   ] DREAMPlace - full step 49.216 ms
[DEBUG  ] dreamplace.ops.weighted_average_wirelength.weighted_average_wirelength - wirelength forward 0.100 ms
[DEBUG  ] dreamplace.ops.electric_potential.electric_potential - density forward 1.440 ms
[DEBUG  ] dreamplace.ops.electric_potential.electric_potential - density forward 1.186 ms
[DEBUG  ] dreamplace.ops.electric_potential.electric_potential - density backward 0.830 ms
[DEBUG  ] dreamplace.ops.electric_potential.electric_potential - density backward 1.103 ms
[DEBUG  ] dreamplace.ops.weighted_average_wirelength.weighted_average_wirelength - wirelength backward 0.109 ms
[INFO   ] DREAMPlace - optimizer step 29.961 ms
[INFO   ] DREAMPlace - iteration  284, (  25,  6,  0), Obj 4.968973E+04, NetCrossing 6.756E+02, NetCrossingWeight 1.000000E-01, DensityWeight 4.324325E-05, HPWL 4.950169E+04, Overflow 5.648429E-03, MaxDensity 3.532E+00, MacroOverlap 1.145E-01, MacroOverlapWeight 1.500000E+00, gamma 1.167641E-01, time 19.926ms
[INFO   ] DREAMPlace - full step 50.480 ms
[DEBUG  ] dreamplace.ops.weighted_average_wirelength.weighted_average_wirelength - wirelength forward 0.092 ms
[DEBUG  ] dreamplace.ops.electric_potential.electric_potential - density forward 1.462 ms
[DEBUG  ] dreamplace.ops.electric_potential.electric_potential - density forward 1.185 ms
[DEBUG  ] dreamplace.ops.electric_potential.electric_potential - density backward 0.854 ms
[DEBUG  ] dreamplace.ops.electric_potential.electric_potential - density backward 1.079 ms
[DEBUG  ] dreamplace.ops.weighted_average_wirelength.weighted_average_wirelength - wirelength backward 0.095 ms
[INFO   ] DREAMPlace - optimizer step 29.061 ms
[INFO   ] DREAMPlace - iteration  285, (  25,  6,  1), Obj 5.185820E+04, NetCrossing 6.862E+02, NetCrossingWeight 1.000000E-01, DensityWeight 4.324325E-05, HPWL 5.168307E+04, Overflow 4.296679E-03, MaxDensity 3.254E+00, MacroOverlap 5.867E-02, MacroOverlapWeight 1.500000E+00, gamma 1.167641E-01, time 17.815ms
[INFO   ] DREAMPlace - full step 47.459 ms
[INFO   ] DREAMPlace - Lsub stopping criteria: 1 and 51858.2 > 49689.7 * 0.999
[INFO   ] DREAMPlace - Llambda stopping criteria: 6 and (( 0.00429668 < 0.1 and 51683.1 > 47724.8 ) or 3.25372 < 1.0)
[DEBUG  ] dreamplace.ops.weighted_average_wirelength.weighted_average_wirelength - wirelength forward 0.089 ms
[DEBUG  ] dreamplace.ops.electric_potential.electric_potential - density forward 1.605 ms
[DEBUG  ] dreamplace.ops.electric_potential.electric_potential - density forward 1.191 ms
[DEBUG  ] dreamplace.ops.electric_potential.electric_potential - density backward 0.789 ms
[DEBUG  ] dreamplace.ops.electric_potential.electric_potential - density backward 0.993 ms
[DEBUG  ] dreamplace.ops.weighted_average_wirelength.weighted_average_wirelength - wirelength backward 0.132 ms
[INFO   ] DREAMPlace - optimizer step 29.966 ms
[INFO   ] DREAMPlace - iteration  286, (  26,  0,  0), Obj 5.100961E+04, NetCrossing 7.270E+02, NetCrossingWeight 1.000000E-01, DensityWeight 4.715367E-05, HPWL 5.084700E+04, Overflow 5.334411E-03, MaxDensity 3.569E+00, MacroOverlap 9.110E-02, MacroOverlapWeight 1.500000E+00, gamma 1.173091E-01, time 18.006ms
[INFO   ] DREAMPlace - full step 48.547 ms
[DEBUG  ] dreamplace.ops.weighted_average_wirelength.weighted_average_wirelength - wirelength forward 0.092 ms
[DEBUG  ] dreamplace.ops.electric_potential.electric_potential - density forward 1.446 ms
[DEBUG  ] dreamplace.ops.electric_potential.electric_potential - density forward 1.148 ms
[DEBUG  ] dreamplace.ops.electric_potential.electric_potential - density backward 0.785 ms
[DEBUG  ] dreamplace.ops.electric_potential.electric_potential - density backward 1.012 ms
[DEBUG  ] dreamplace.ops.weighted_average_wirelength.weighted_average_wirelength - wirelength backward 0.138 ms
[INFO   ] DREAMPlace - optimizer step 30.445 ms
[INFO   ] DREAMPlace - iteration  287, (  26,  0,  1), Obj 5.236666E+04, NetCrossing 7.315E+02, NetCrossingWeight 1.000000E-01, DensityWeight 4.715367E-05, HPWL 5.220932E+04, Overflow 5.073796E-03, MaxDensity 3.569E+00, MacroOverlap 9.115E-02, MacroOverlapWeight 1.500000E+00, gamma 1.173091E-01, time 18.332ms
[INFO   ] DREAMPlace - full step 49.387 ms
[INFO   ] DREAMPlace - Lsub stopping criteria: 1 and 52366.7 > 51009.6 * 0.999
[DEBUG  ] dreamplace.ops.weighted_average_wirelength.weighted_average_wirelength - wirelength forward 0.093 ms
[DEBUG  ] dreamplace.ops.electric_potential.electric_potential - density forward 1.568 ms
[DEBUG  ] dreamplace.ops.electric_potential.electric_potential - density forward 1.249 ms
[DEBUG  ] dreamplace.ops.electric_potential.electric_potential - density backward 0.800 ms
[DEBUG  ] dreamplace.ops.electric_potential.electric_potential - density backward 0.999 ms
[DEBUG  ] dreamplace.ops.weighted_average_wirelength.weighted_average_wirelength - wirelength backward 0.134 ms
[INFO   ] DREAMPlace - optimizer step 30.136 ms
[INFO   ] DREAMPlace - iteration  288, (  26,  1,  0), Obj 5.556379E+04, NetCrossing 7.624E+02, NetCrossingWeight 1.000000E-01, DensityWeight 5.145946E-05, HPWL 5.541019E+04, Overflow 4.662727E-03, MaxDensity 2.677E+00, MacroOverlap 7.240E-02, MacroOverlapWeight 1.500000E+00, gamma 1.173091E-01, time 17.817ms
[INFO   ] DREAMPlace - full step 48.545 ms
[DEBUG  ] dreamplace.ops.weighted_average_wirelength.weighted_average_wirelength - wirelength forward 0.087 ms
[DEBUG  ] dreamplace.ops.electric_potential.electric_potential - density forward 1.539 ms
[DEBUG  ] dreamplace.ops.electric_potential.electric_potential - density forward 1.634 ms
[DEBUG  ] dreamplace.ops.electric_potential.electric_potential - density backward 0.793 ms
[DEBUG  ] dreamplace.ops.electric_potential.electric_potential - density backward 1.003 ms
[DEBUG  ] dreamplace.ops.weighted_average_wirelength.weighted_average_wirelength - wirelength backward 0.129 ms
[INFO   ] DREAMPlace - optimizer step 30.818 ms
[INFO   ] DREAMPlace - iteration  289, (  26,  1,  1), Obj 5.243928E+04, NetCrossing 7.408E+02, NetCrossingWeight 1.000000E-01, DensityWeight 5.145946E-05, HPWL 5.228343E+04, Overflow 3.819548E-03, MaxDensity 3.169E+00, MacroOverlap 4.835E-02, MacroOverlapWeight 1.500000E+00, gamma 1.173091E-01, time 18.106ms
[INFO   ] DREAMPlace - full step 49.518 ms
[INFO   ] DREAMPlace - Llambda stopping criteria: 1 and (( 0.00381955 < 0.1 and 52283.4 > 52209.3 ) or 3.16949 < 1.0)
[DEBUG  ] dreamplace.ops.weighted_average_wirelength.weighted_average_wirelength - wirelength forward 0.082 ms
[DEBUG  ] dreamplace.ops.electric_potential.electric_potential - density forward 1.440 ms
[DEBUG  ] dreamplace.ops.electric_potential.electric_potential - density forward 1.169 ms
[DEBUG  ] dreamplace.ops.electric_potential.electric_potential - density backward 0.792 ms
[DEBUG  ] dreamplace.ops.electric_potential.electric_potential - density backward 0.999 ms
[DEBUG  ] dreamplace.ops.weighted_average_wirelength.weighted_average_wirelength - wirelength backward 0.128 ms
[INFO   ] DREAMPlace - optimizer step 29.976 ms
[INFO   ] DREAMPlace - iteration  290, (  27,  0,  0), Obj 5.296725E+04, NetCrossing 6.837E+02, NetCrossingWeight 1.000000E-01, DensityWeight 5.616446E-05, HPWL 5.281523E+04, Overflow 4.981487E-03, MaxDensity 3.569E+00, MacroOverlap 9.606E-02, MacroOverlapWeight 1.500000E+00, gamma 1.170230E-01, time 17.763ms
[INFO   ] DREAMPlace - full step 48.350 ms
[DEBUG  ] dreamplace.ops.weighted_average_wirelength.weighted_average_wirelength - wirelength forward 0.083 ms
[DEBUG  ] dreamplace.ops.electric_potential.electric_potential - density forward 1.595 ms
[DEBUG  ] dreamplace.ops.electric_potential.electric_potential - density forward 1.205 ms
[DEBUG  ] dreamplace.ops.electric_potential.electric_potential - density backward 0.812 ms
[DEBUG  ] dreamplace.ops.electric_potential.electric_potential - density backward 1.129 ms
[DEBUG  ] dreamplace.ops.weighted_average_wirelength.weighted_average_wirelength - wirelength backward 0.125 ms
[INFO   ] DREAMPlace - optimizer step 30.653 ms
[INFO   ] DREAMPlace - iteration  291, (  27,  0,  1), Obj 5.055385E+04, NetCrossing 7.636E+02, NetCrossingWeight 1.000000E-01, DensityWeight 5.616446E-05, HPWL 5.038045E+04, Overflow 5.596008E-03, MaxDensity 3.421E+00, MacroOverlap 1.042E-01, MacroOverlapWeight 1.500000E+00, gamma 1.170230E-01, time 17.300ms
[INFO   ] DREAMPlace - full step 48.535 ms
[DEBUG  ] dreamplace.ops.weighted_average_wirelength.weighted_average_wirelength - wirelength forward 0.086 ms
[DEBUG  ] dreamplace.ops.electric_potential.electric_potential - density forward 1.431 ms
[DEBUG  ] dreamplace.ops.electric_potential.electric_potential - density forward 1.316 ms
[DEBUG  ] dreamplace.ops.electric_potential.electric_potential - density backward 0.799 ms
[DEBUG  ] dreamplace.ops.electric_potential.electric_potential - density backward 1.145 ms
[DEBUG  ] dreamplace.ops.weighted_average_wirelength.weighted_average_wirelength - wirelength backward 0.068 ms
[INFO   ] DREAMPlace - optimizer step 30.058 ms
[INFO   ] DREAMPlace - iteration  292, (  27,  1,  0), Obj 5.156383E+04, NetCrossing 6.991E+02, NetCrossingWeight 1.000000E-01, DensityWeight 6.041218E-05, HPWL 5.139193E+04, Overflow 6.004994E-03, MaxDensity 3.653E+00, MacroOverlap 1.268E-01, MacroOverlapWeight 1.500000E+00, gamma 1.170230E-01, time 18.151ms
[INFO   ] DREAMPlace - full step 48.788 ms
[DEBUG  ] dreamplace.ops.weighted_average_wirelength.weighted_average_wirelength - wirelength forward 0.087 ms
[DEBUG  ] dreamplace.ops.electric_potential.electric_potential - density forward 1.443 ms
[DEBUG  ] dreamplace.ops.electric_potential.electric_potential - density forward 1.185 ms
[DEBUG  ] dreamplace.ops.electric_potential.electric_potential - density backward 0.809 ms
[DEBUG  ] dreamplace.ops.electric_potential.electric_potential - density backward 0.985 ms
[DEBUG  ] dreamplace.ops.weighted_average_wirelength.weighted_average_wirelength - wirelength backward 0.069 ms
[INFO   ] DREAMPlace - optimizer step 29.449 ms
[INFO   ] DREAMPlace - iteration  293, (  27,  1,  1), Obj 4.907461E+04, NetCrossing 6.999E+02, NetCrossingWeight 1.000000E-01, DensityWeight 6.041218E-05, HPWL 4.888961E+04, Overflow 5.634075E-03, MaxDensity 3.067E+00, MacroOverlap 1.053E-01, MacroOverlapWeight 1.500000E+00, gamma 1.170230E-01, time 17.915ms
[INFO   ] DREAMPlace - full step 47.952 ms
[DEBUG  ] dreamplace.ops.weighted_average_wirelength.weighted_average_wirelength - wirelength forward 0.087 ms
[DEBUG  ] dreamplace.ops.electric_potential.electric_potential - density forward 1.495 ms
[DEBUG  ] dreamplace.ops.electric_potential.electric_potential - density forward 1.242 ms
[DEBUG  ] dreamplace.ops.electric_potential.electric_potential - density backward 0.809 ms
[DEBUG  ] dreamplace.ops.electric_potential.electric_potential - density backward 0.983 ms
[DEBUG  ] dreamplace.ops.weighted_average_wirelength.weighted_average_wirelength - wirelength backward 0.123 ms
[INFO   ] DREAMPlace - optimizer step 29.791 ms
[INFO   ] DREAMPlace - iteration  294, (  27,  2,  0), Obj 4.849422E+04, NetCrossing 6.154E+02, NetCrossingWeight 1.000000E-01, DensityWeight 6.497466E-05, HPWL 4.831445E+04, Overflow 5.078180E-03, MaxDensity 3.352E+00, MacroOverlap 8.202E-02, MacroOverlapWeight 1.500000E+00, gamma 1.170230E-01, time 17.771ms
[INFO   ] DREAMPlace - full step 48.137 ms
[DEBUG  ] dreamplace.ops.weighted_average_wirelength.weighted_average_wirelength - wirelength forward 0.090 ms
[DEBUG  ] dreamplace.ops.electric_potential.electric_potential - density forward 1.433 ms
[DEBUG  ] dreamplace.ops.electric_potential.electric_potential - density forward 1.179 ms
[DEBUG  ] dreamplace.ops.electric_potential.electric_potential - density backward 0.787 ms
[DEBUG  ] dreamplace.ops.electric_potential.electric_potential - density backward 0.990 ms
[DEBUG  ] dreamplace.ops.weighted_average_wirelength.weighted_average_wirelength - wirelength backward 0.128 ms
[INFO   ] DREAMPlace - optimizer step 29.800 ms
[INFO   ] DREAMPlace - iteration  295, (  27,  2,  1), Obj 4.883465E+04, NetCrossing 7.447E+02, NetCrossingWeight 1.000000E-01, DensityWeight 6.497466E-05, HPWL 4.863463E+04, Overflow 5.230848E-03, MaxDensity 3.353E+00, MacroOverlap 9.350E-02, MacroOverlapWeight 1.500000E+00, gamma 1.170230E-01, time 17.824ms
[INFO   ] DREAMPlace - full step 48.212 ms
[INFO   ] DREAMPlace - Lsub stopping criteria: 1 and 48834.7 > 48494.2 * 0.999
[DEBUG  ] dreamplace.ops.weighted_average_wirelength.weighted_average_wirelength - wirelength forward 0.093 ms
[DEBUG  ] dreamplace.ops.electric_potential.electric_potential - density forward 1.502 ms
[DEBUG  ] dreamplace.ops.electric_potential.electric_potential - density forward 1.352 ms
[DEBUG  ] dreamplace.ops.electric_potential.electric_potential - density backward 0.790 ms
[DEBUG  ] dreamplace.ops.electric_potential.electric_potential - density backward 1.143 ms
[DEBUG  ] dreamplace.ops.weighted_average_wirelength.weighted_average_wirelength - wirelength backward 0.129 ms
[INFO   ] DREAMPlace - optimizer step 30.191 ms
[INFO   ] DREAMPlace - iteration  296, (  27,  3,  0), Obj 4.665831E+04, NetCrossing 6.951E+02, NetCrossingWeight 1.000000E-01, DensityWeight 6.987472E-05, HPWL 4.646997E+04, Overflow 5.611590E-03, MaxDensity 3.569E+00, MacroOverlap 1.069E-01, MacroOverlapWeight 1.500000E+00, gamma 1.170230E-01, time 17.855ms
[INFO   ] DREAMPlace - full step 48.640 ms
[DEBUG  ] dreamplace.ops.weighted_average_wirelength.weighted_average_wirelength - wirelength forward 0.088 ms
[DEBUG  ] dreamplace.ops.electric_potential.electric_potential - density forward 1.490 ms
[DEBUG  ] dreamplace.ops.electric_potential.electric_potential - density forward 1.181 ms
[DEBUG  ] dreamplace.ops.electric_potential.electric_potential - density backward 0.836 ms
[DEBUG  ] dreamplace.ops.electric_potential.electric_potential - density backward 1.099 ms
[DEBUG  ] dreamplace.ops.weighted_average_wirelength.weighted_average_wirelength - wirelength backward 0.080 ms
[INFO   ] DREAMPlace - optimizer step 29.206 ms
[INFO   ] DREAMPlace - iteration  297, (  27,  3,  1), Obj 4.591923E+04, NetCrossing 6.279E+02, NetCrossingWeight 1.000000E-01, DensityWeight 6.987472E-05, HPWL 4.573796E+04, Overflow 4.793653E-03, MaxDensity 2.867E+00, MacroOverlap 6.696E-02, MacroOverlapWeight 1.500000E+00, gamma 1.170230E-01, time 17.512ms
[INFO   ] DREAMPlace - full step 47.297 ms
[DEBUG  ] dreamplace.ops.weighted_average_wirelength.weighted_average_wirelength - wirelength forward 0.087 ms
[DEBUG  ] dreamplace.ops.electric_potential.electric_potential - density forward 1.659 ms
[DEBUG  ] dreamplace.ops.electric_potential.electric_potential - density forward 1.199 ms
[DEBUG  ] dreamplace.ops.electric_potential.electric_potential - density backward 0.798 ms
[DEBUG  ] dreamplace.ops.electric_potential.electric_potential - density backward 1.131 ms
[DEBUG  ] dreamplace.ops.weighted_average_wirelength.weighted_average_wirelength - wirelength backward 0.074 ms
[INFO   ] DREAMPlace - optimizer step 29.970 ms
[INFO   ] DREAMPlace - iteration  298, (  27,  4,  0), Obj 4.644391E+04, NetCrossing 6.473E+02, NetCrossingWeight 1.000000E-01, DensityWeight 7.513680E-05, HPWL 4.627456E+04, Overflow 6.235571E-03, MaxDensity 4.164E+00, MacroOverlap 1.446E-01, MacroOverlapWeight 1.500000E+00, gamma 1.170230E-01, time 17.683ms
[INFO   ] DREAMPlace - full step 48.224 ms
[DEBUG  ] dreamplace.ops.weighted_average_wirelength.weighted_average_wirelength - wirelength forward 0.087 ms
[DEBUG  ] dreamplace.ops.electric_potential.electric_potential - density forward 1.640 ms
[DEBUG  ] dreamplace.ops.electric_potential.electric_potential - density forward 1.191 ms
[DEBUG  ] dreamplace.ops.electric_potential.electric_potential - density backward 0.760 ms
[DEBUG  ] dreamplace.ops.electric_potential.electric_potential - density backward 1.052 ms
[DEBUG  ] dreamplace.ops.weighted_average_wirelength.weighted_average_wirelength - wirelength backward 0.081 ms
[INFO   ] DREAMPlace - optimizer step 29.815 ms
[INFO   ] DREAMPlace - iteration  299, (  27,  4,  1), Obj 4.666942E+04, NetCrossing 7.226E+02, NetCrossingWeight 1.000000E-01, DensityWeight 7.513680E-05, HPWL 4.649965E+04, Overflow 6.141867E-03, MaxDensity 3.569E+00, MacroOverlap 1.226E-01, MacroOverlapWeight 1.500000E+00, gamma 1.170230E-01, time 17.926ms
[INFO   ] DREAMPlace - full step 48.319 ms
[INFO   ] DREAMPlace - Lsub stopping criteria: 1 and 46669.4 > 46443.9 * 0.999
[INFO   ] DREAMPlace - Llambda stopping criteria: 4 and (( 0.00614187 < 0.1 and 46499.6 > 45738 ) or 3.56878 < 1.0)
[INFO   ] DREAMPlace - plotting to ./results/reproduce-may20/small-9/PN42C_A00/run-0_0_1/PN42C_A00/plot/iter0300.png takes 0.050 seconds
[DEBUG  ] dreamplace.ops.weighted_average_wirelength.weighted_average_wirelength - wirelength forward 0.098 ms
[DEBUG  ] dreamplace.ops.electric_potential.electric_potential - density forward 1.489 ms
[DEBUG  ] dreamplace.ops.electric_potential.electric_potential - density forward 1.221 ms
[DEBUG  ] dreamplace.ops.electric_potential.electric_potential - density backward 0.845 ms
[DEBUG  ] dreamplace.ops.electric_potential.electric_potential - density backward 1.086 ms
[DEBUG  ] dreamplace.ops.weighted_average_wirelength.weighted_average_wirelength - wirelength backward 0.105 ms
[INFO   ] DREAMPlace - optimizer step 30.709 ms
[INFO   ] DREAMPlace - iteration  300, (  28,  0,  0), Obj 4.580374E+04, NetCrossing 6.972E+02, NetCrossingWeight 1.000000E-01, DensityWeight 8.199330E-05, HPWL 4.565321E+04, Overflow 7.022754E-03, MaxDensity 4.726E+00, MacroOverlap 1.967E-01, MacroOverlapWeight 1.500000E+00, gamma 1.184219E-01, time 18.006ms
[INFO   ] DREAMPlace - full step 100.857 ms
[DEBUG  ] dreamplace.ops.weighted_average_wirelength.weighted_average_wirelength - wirelength forward 0.090 ms
[DEBUG  ] dreamplace.ops.electric_potential.electric_potential - density forward 1.485 ms
[DEBUG  ] dreamplace.ops.electric_potential.electric_potential - density forward 1.330 ms
[DEBUG  ] dreamplace.ops.electric_potential.electric_potential - density backward 0.792 ms
[DEBUG  ] dreamplace.ops.electric_potential.electric_potential - density backward 1.138 ms
[DEBUG  ] dreamplace.ops.weighted_average_wirelength.weighted_average_wirelength - wirelength backward 0.130 ms
[INFO   ] DREAMPlace - optimizer step 30.017 ms
[INFO   ] DREAMPlace - iteration  301, (  28,  0,  1), Obj 4.607872E+04, NetCrossing 6.294E+02, NetCrossingWeight 1.000000E-01, DensityWeight 8.199330E-05, HPWL 4.594541E+04, Overflow 5.922532E-03, MaxDensity 3.461E+00, MacroOverlap 1.143E-01, MacroOverlapWeight 1.500000E+00, gamma 1.184219E-01, time 18.313ms
[INFO   ] DREAMPlace - full step 48.925 ms
[INFO   ] DREAMPlace - Lsub stopping criteria: 1 and 46078.7 > 45803.7 * 0.999
[DEBUG  ] dreamplace.ops.weighted_average_wirelength.weighted_average_wirelength - wirelength forward 0.090 ms
[DEBUG  ] dreamplace.ops.electric_potential.electric_potential - density forward 1.428 ms
[DEBUG  ] dreamplace.ops.electric_potential.electric_potential - density forward 1.177 ms
[DEBUG  ] dreamplace.ops.electric_potential.electric_potential - density backward 0.819 ms
[DEBUG  ] dreamplace.ops.electric_potential.electric_potential - density backward 1.091 ms
[DEBUG  ] dreamplace.ops.weighted_average_wirelength.weighted_average_wirelength - wirelength backward 0.075 ms
[INFO   ] DREAMPlace - optimizer step 29.090 ms
[INFO   ] DREAMPlace - iteration  302, (  28,  1,  0), Obj 4.689667E+04, NetCrossing 6.685E+02, NetCrossingWeight 1.000000E-01, DensityWeight 8.815037E-05, HPWL 4.677030E+04, Overflow 6.365851E-03, MaxDensity 4.442E+00, MacroOverlap 1.362E-01, MacroOverlapWeight 1.500000E+00, gamma 1.184219E-01, time 17.903ms
[INFO   ] DREAMPlace - full step 47.602 ms
[DEBUG  ] dreamplace.ops.weighted_average_wirelength.weighted_average_wirelength - wirelength forward 0.093 ms
[DEBUG  ] dreamplace.ops.electric_potential.electric_potential - density forward 4.190 ms
[DEBUG  ] dreamplace.ops.electric_potential.electric_potential - density forward 1.200 ms
[DEBUG  ] dreamplace.ops.electric_potential.electric_potential - density backward 0.790 ms
[DEBUG  ] dreamplace.ops.electric_potential.electric_potential - density backward 1.011 ms
[DEBUG  ] dreamplace.ops.weighted_average_wirelength.weighted_average_wirelength - wirelength backward 0.158 ms
[INFO   ] DREAMPlace - optimizer step 33.662 ms
[INFO   ] DREAMPlace - iteration  303, (  28,  1,  1), Obj 4.745602E+04, NetCrossing 7.608E+02, NetCrossingWeight 1.000000E-01, DensityWeight 8.815037E-05, HPWL 4.732205E+04, Overflow 6.306954E-03, MaxDensity 3.356E+00, MacroOverlap 1.466E-01, MacroOverlapWeight 1.500000E+00, gamma 1.184219E-01, time 19.412ms
[INFO   ] DREAMPlace - full step 53.677 ms
[INFO   ] DREAMPlace - Lsub stopping criteria: 1 and 47456 > 46896.7 * 0.999
[INFO   ] DREAMPlace - Llambda stopping criteria: 1 and (( 0.00630695 < 0.1 and 47322.1 > 45945.4 ) or 3.35566 < 1.0)
[DEBUG  ] dreamplace.ops.weighted_average_wirelength.weighted_average_wirelength - wirelength forward 0.094 ms
[DEBUG  ] dreamplace.ops.electric_potential.electric_potential - density forward 1.784 ms
[DEBUG  ] dreamplace.ops.electric_potential.electric_potential - density forward 1.246 ms
[DEBUG  ] dreamplace.ops.electric_potential.electric_potential - density backward 0.824 ms
[DEBUG  ] dreamplace.ops.electric_potential.electric_potential - density backward 1.112 ms
[DEBUG  ] dreamplace.ops.weighted_average_wirelength.weighted_average_wirelength - wirelength backward 0.110 ms
[INFO   ] DREAMPlace - optimizer step 29.668 ms
[INFO   ] DREAMPlace - iteration  304, (  29,  0,  0), Obj 4.619934E+04, NetCrossing 6.998E+02, NetCrossingWeight 1.000000E-01, DensityWeight 9.618040E-05, HPWL 4.607227E+04, Overflow 6.522668E-03, MaxDensity 4.132E+00, MacroOverlap 1.554E-01, MacroOverlapWeight 1.500000E+00, gamma 1.185220E-01, time 17.690ms
[INFO   ] DREAMPlace - full step 47.951 ms
[DEBUG  ] dreamplace.ops.weighted_average_wirelength.weighted_average_wirelength - wirelength forward 0.083 ms
[DEBUG  ] dreamplace.ops.electric_potential.electric_potential - density forward 1.458 ms
[DEBUG  ] dreamplace.ops.electric_potential.electric_potential - density forward 1.323 ms
[DEBUG  ] dreamplace.ops.electric_potential.electric_potential - density backward 0.805 ms
[DEBUG  ] dreamplace.ops.electric_potential.electric_potential - density backward 1.129 ms
[DEBUG  ] dreamplace.ops.weighted_average_wirelength.weighted_average_wirelength - wirelength backward 0.067 ms
[INFO   ] DREAMPlace - optimizer step 29.621 ms
[INFO   ] DREAMPlace - iteration  305, (  29,  0,  1), Obj 4.660095E+04, NetCrossing 7.012E+02, NetCrossingWeight 1.000000E-01, DensityWeight 9.618040E-05, HPWL 4.646536E+04, Overflow 6.837069E-03, MaxDensity 3.569E+00, MacroOverlap 1.590E-01, MacroOverlapWeight 1.500000E+00, gamma 1.185220E-01, time 18.127ms
[INFO   ] DREAMPlace - full step 48.338 ms
[INFO   ] DREAMPlace - Lsub stopping criteria: 1 and 46600.9 > 46199.3 * 0.999
[DEBUG  ] dreamplace.ops.weighted_average_wirelength.weighted_average_wirelength - wirelength forward 0.086 ms
[DEBUG  ] dreamplace.ops.electric_potential.electric_potential - density forward 1.498 ms
[DEBUG  ] dreamplace.ops.electric_potential.electric_potential - density forward 1.230 ms
[DEBUG  ] dreamplace.ops.electric_potential.electric_potential - density backward 0.798 ms
[DEBUG  ] dreamplace.ops.electric_potential.electric_potential - density backward 1.148 ms
[DEBUG  ] dreamplace.ops.weighted_average_wirelength.weighted_average_wirelength - wirelength backward 0.069 ms
[INFO   ] DREAMPlace - optimizer step 30.059 ms
[INFO   ] DREAMPlace - iteration  306, (  29,  1,  0), Obj 4.533681E+04, NetCrossing 6.334E+02, NetCrossingWeight 1.000000E-01, DensityWeight 1.033821E-04, HPWL 4.520540E+04, Overflow 7.443329E-03, MaxDensity 3.604E+00, MacroOverlap 2.133E-01, MacroOverlapWeight 1.500000E+00, gamma 1.185220E-01, time 17.586ms
[INFO   ] DREAMPlace - full step 48.217 ms
[DEBUG  ] dreamplace.ops.weighted_average_wirelength.weighted_average_wirelength - wirelength forward 0.087 ms
[DEBUG  ] dreamplace.ops.electric_potential.electric_potential - density forward 1.457 ms
[DEBUG  ] dreamplace.ops.electric_potential.electric_potential - density forward 1.291 ms
[DEBUG  ] dreamplace.ops.electric_potential.electric_potential - density backward 0.796 ms
[DEBUG  ] dreamplace.ops.electric_potential.electric_potential - density backward 1.143 ms
[DEBUG  ] dreamplace.ops.weighted_average_wirelength.weighted_average_wirelength - wirelength backward 0.071 ms
[INFO   ] DREAMPlace - optimizer step 29.720 ms
[INFO   ] DREAMPlace - iteration  307, (  29,  1,  1), Obj 4.359501E+04, NetCrossing 6.435E+02, NetCrossingWeight 1.000000E-01, DensityWeight 1.033821E-04, HPWL 4.345303E+04, Overflow 6.231370E-03, MaxDensity 3.904E+00, MacroOverlap 1.338E-01, MacroOverlapWeight 1.500000E+00, gamma 1.185220E-01, time 17.874ms
[INFO   ] DREAMPlace - full step 48.180 ms
[DEBUG  ] dreamplace.ops.weighted_average_wirelength.weighted_average_wirelength - wirelength forward 0.090 ms
[DEBUG  ] dreamplace.ops.electric_potential.electric_potential - density forward 1.603 ms
[DEBUG  ] dreamplace.ops.electric_potential.electric_potential - density forward 1.212 ms
[DEBUG  ] dreamplace.ops.electric_potential.electric_potential - density backward 0.806 ms
[DEBUG  ] dreamplace.ops.electric_potential.electric_potential - density backward 1.079 ms
[DEBUG  ] dreamplace.ops.weighted_average_wirelength.weighted_average_wirelength - wirelength backward 0.074 ms
[INFO   ] DREAMPlace - optimizer step 29.970 ms
[INFO   ] DREAMPlace - iteration  308, (  29,  2,  0), Obj 4.453714E+04, NetCrossing 6.063E+02, NetCrossingWeight 1.000000E-01, DensityWeight 1.111120E-04, HPWL 4.439813E+04, Overflow 7.171010E-03, MaxDensity 3.634E+00, MacroOverlap 2.033E-01, MacroOverlapWeight 1.500000E+00, gamma 1.185220E-01, time 17.850ms
[INFO   ] DREAMPlace - full step 48.503 ms
[DEBUG  ] dreamplace.ops.weighted_average_wirelength.weighted_average_wirelength - wirelength forward 0.087 ms
[DEBUG  ] dreamplace.ops.electric_potential.electric_potential - density forward 1.445 ms
[DEBUG  ] dreamplace.ops.electric_potential.electric_potential - density forward 1.202 ms
[DEBUG  ] dreamplace.ops.electric_potential.electric_potential - density backward 0.796 ms
[DEBUG  ] dreamplace.ops.electric_potential.electric_potential - density backward 1.067 ms
[DEBUG  ] dreamplace.ops.weighted_average_wirelength.weighted_average_wirelength - wirelength backward 0.079 ms
[INFO   ] DREAMPlace - optimizer step 29.678 ms
[INFO   ] DREAMPlace - iteration  309, (  29,  2,  1), Obj 4.219241E+04, NetCrossing 6.272E+02, NetCrossingWeight 1.000000E-01, DensityWeight 1.111120E-04, HPWL 4.204793E+04, Overflow 6.865162E-03, MaxDensity 3.521E+00, MacroOverlap 1.587E-01, MacroOverlapWeight 1.500000E+00, gamma 1.185220E-01, time 17.859ms
[INFO   ] DREAMPlace - full step 48.182 ms
[DEBUG  ] dreamplace.ops.weighted_average_wirelength.weighted_average_wirelength - wirelength forward 0.090 ms
[DEBUG  ] dreamplace.ops.electric_potential.electric_potential - density forward 1.759 ms
[DEBUG  ] dreamplace.ops.electric_potential.electric_potential - density forward 1.232 ms
[DEBUG  ] dreamplace.ops.electric_potential.electric_potential - density backward 0.792 ms
[DEBUG  ] dreamplace.ops.electric_potential.electric_potential - density backward 1.139 ms
[DEBUG  ] dreamplace.ops.weighted_average_wirelength.weighted_average_wirelength - wirelength backward 0.069 ms
[INFO   ] DREAMPlace - optimizer step 30.272 ms
[INFO   ] DREAMPlace - iteration  310, (  29,  3,  0), Obj 3.968891E+04, NetCrossing 6.354E+02, NetCrossingWeight 1.000000E-01, DensityWeight 1.194079E-04, HPWL 3.955184E+04, Overflow 7.526935E-03, MaxDensity 3.569E+00, MacroOverlap 2.060E-01, MacroOverlapWeight 1.500000E+00, gamma 1.185220E-01, time 17.761ms
[INFO   ] DREAMPlace - full step 48.609 ms
[DEBUG  ] dreamplace.ops.weighted_average_wirelength.weighted_average_wirelength - wirelength forward 0.091 ms
[DEBUG  ] dreamplace.ops.electric_potential.electric_potential - density forward 1.483 ms
[DEBUG  ] dreamplace.ops.electric_potential.electric_potential - density forward 1.288 ms
[DEBUG  ] dreamplace.ops.electric_potential.electric_potential - density backward 0.814 ms
[DEBUG  ] dreamplace.ops.electric_potential.electric_potential - density backward 1.122 ms
[DEBUG  ] dreamplace.ops.weighted_average_wirelength.weighted_average_wirelength - wirelength backward 0.068 ms
[INFO   ] DREAMPlace - optimizer step 29.724 ms
[INFO   ] DREAMPlace - iteration  311, (  29,  3,  1), Obj 4.264096E+04, NetCrossing 6.629E+02, NetCrossingWeight 1.000000E-01, DensityWeight 1.194079E-04, HPWL 4.250409E+04, Overflow 7.679089E-03, MaxDensity 4.444E+00, MacroOverlap 2.055E-01, MacroOverlapWeight 1.500000E+00, gamma 1.185220E-01, time 18.262ms
[INFO   ] DREAMPlace - full step 48.576 ms
[INFO   ] DREAMPlace - Lsub stopping criteria: 1 and 42641 > 39688.9 * 0.999
[INFO   ] DREAMPlace - Llambda stopping criteria: 3 and (( 0.00767909 < 0.1 and 42504.1 > 42047.9 ) or 4.44408 < 1.0)
[DEBUG  ] dreamplace.ops.weighted_average_wirelength.weighted_average_wirelength - wirelength forward 0.091 ms
[DEBUG  ] dreamplace.ops.electric_potential.electric_potential - density forward 1.524 ms
[DEBUG  ] dreamplace.ops.electric_potential.electric_potential - density forward 1.213 ms
[DEBUG  ] dreamplace.ops.electric_potential.electric_potential - density backward 0.843 ms
[DEBUG  ] dreamplace.ops.electric_potential.electric_potential - density backward 1.046 ms
[DEBUG  ] dreamplace.ops.weighted_average_wirelength.weighted_average_wirelength - wirelength backward 0.075 ms
[INFO   ] DREAMPlace - optimizer step 29.599 ms
[INFO   ] DREAMPlace - iteration  312, (  30,  0,  0), Obj 3.990085E+04, NetCrossing 6.238E+02, NetCrossingWeight 1.000000E-01, DensityWeight 1.303137E-04, HPWL 3.977741E+04, Overflow 8.386005E-03, MaxDensity 4.250E+00, MacroOverlap 2.665E-01, MacroOverlapWeight 1.500000E+00, gamma 1.193571E-01, time 18.134ms
[INFO   ] DREAMPlace - full step 48.308 ms
[DEBUG  ] dreamplace.ops.weighted_average_wirelength.weighted_average_wirelength - wirelength forward 0.090 ms
[DEBUG  ] dreamplace.ops.electric_potential.electric_potential - density forward 1.654 ms
[DEBUG  ] dreamplace.ops.electric_potential.electric_potential - density forward 1.371 ms
[DEBUG  ] dreamplace.ops.electric_potential.electric_potential - density backward 0.796 ms
[DEBUG  ] dreamplace.ops.electric_potential.electric_potential - density backward 1.055 ms
[DEBUG  ] dreamplace.ops.weighted_average_wirelength.weighted_average_wirelength - wirelength backward 0.077 ms
[INFO   ] DREAMPlace - optimizer step 30.148 ms
[INFO   ] DREAMPlace - iteration  313, (  30,  0,  1), Obj 4.185211E+04, NetCrossing 6.932E+02, NetCrossingWeight 1.000000E-01, DensityWeight 1.303137E-04, HPWL 4.172563E+04, Overflow 7.700619E-03, MaxDensity 4.357E+00, MacroOverlap 2.371E-01, MacroOverlapWeight 1.500000E+00, gamma 1.193571E-01, time 17.969ms
[INFO   ] DREAMPlace - full step 48.722 ms
[INFO   ] DREAMPlace - Lsub stopping criteria: 1 and 41852.1 > 39900.9 * 0.999
[DEBUG  ] dreamplace.ops.weighted_average_wirelength.weighted_average_wirelength - wirelength forward 0.090 ms
[DEBUG  ] dreamplace.ops.electric_potential.electric_potential - density forward 1.599 ms
[DEBUG  ] dreamplace.ops.electric_potential.electric_potential - density forward 1.304 ms
[DEBUG  ] dreamplace.ops.electric_potential.electric_potential - density backward 0.746 ms
[DEBUG  ] dreamplace.ops.electric_potential.electric_potential - density backward 1.069 ms
[DEBUG  ] dreamplace.ops.weighted_average_wirelength.weighted_average_wirelength - wirelength backward 0.095 ms
[INFO   ] DREAMPlace - optimizer step 29.820 ms
[INFO   ] DREAMPlace - iteration  314, (  30,  1,  0), Obj 4.015813E+04, NetCrossing 7.234E+02, NetCrossingWeight 1.000000E-01, DensityWeight 1.400152E-04, HPWL 4.003639E+04, Overflow 7.643495E-03, MaxDensity 4.674E+00, MacroOverlap 2.125E-01, MacroOverlapWeight 1.500000E+00, gamma 1.193571E-01, time 17.876ms
[INFO   ] DREAMPlace - full step 48.273 ms
[DEBUG  ] dreamplace.ops.weighted_average_wirelength.weighted_average_wirelength - wirelength forward 0.090 ms
[DEBUG  ] dreamplace.ops.electric_potential.electric_potential - density forward 1.413 ms
[DEBUG  ] dreamplace.ops.electric_potential.electric_potential - density forward 1.204 ms
[DEBUG  ] dreamplace.ops.electric_potential.electric_potential - density backward 0.772 ms
[DEBUG  ] dreamplace.ops.electric_potential.electric_potential - density backward 1.154 ms
[DEBUG  ] dreamplace.ops.weighted_average_wirelength.weighted_average_wirelength - wirelength backward 0.134 ms
[INFO   ] DREAMPlace - optimizer step 29.830 ms
[INFO   ] DREAMPlace - iteration  315, (  30,  1,  1), Obj 3.960918E+04, NetCrossing 6.395E+02, NetCrossingWeight 1.000000E-01, DensityWeight 1.400152E-04, HPWL 3.949886E+04, Overflow 8.023351E-03, MaxDensity 3.569E+00, MacroOverlap 2.397E-01, MacroOverlapWeight 1.500000E+00, gamma 1.193571E-01, time 18.281ms
[INFO   ] DREAMPlace - full step 48.703 ms
[DEBUG  ] dreamplace.ops.weighted_average_wirelength.weighted_average_wirelength - wirelength forward 0.090 ms
[DEBUG  ] dreamplace.ops.electric_potential.electric_potential - density forward 1.525 ms
[DEBUG  ] dreamplace.ops.electric_potential.electric_potential - density forward 1.513 ms
[DEBUG  ] dreamplace.ops.electric_potential.electric_potential - density backward 0.807 ms
[DEBUG  ] dreamplace.ops.electric_potential.electric_potential - density backward 1.134 ms
[DEBUG  ] dreamplace.ops.weighted_average_wirelength.weighted_average_wirelength - wirelength backward 0.122 ms
[INFO   ] DREAMPlace - optimizer step 30.288 ms
[INFO   ] DREAMPlace - iteration  316, (  30,  2,  0), Obj 3.958114E+04, NetCrossing 6.002E+02, NetCrossingWeight 1.000000E-01, DensityWeight 1.504239E-04, HPWL 3.947688E+04, Overflow 8.086103E-03, MaxDensity 3.569E+00, MacroOverlap 2.208E-01, MacroOverlapWeight 1.500000E+00, gamma 1.193571E-01, time 18.134ms
[INFO   ] DREAMPlace - full step 49.010 ms
[DEBUG  ] dreamplace.ops.weighted_average_wirelength.weighted_average_wirelength - wirelength forward 0.090 ms
[DEBUG  ] dreamplace.ops.electric_potential.electric_potential - density forward 1.614 ms
[DEBUG  ] dreamplace.ops.electric_potential.electric_potential - density forward 1.236 ms
[DEBUG  ] dreamplace.ops.electric_potential.electric_potential - density backward 0.809 ms
[DEBUG  ] dreamplace.ops.electric_potential.electric_potential - density backward 0.974 ms
[DEBUG  ] dreamplace.ops.weighted_average_wirelength.weighted_average_wirelength - wirelength backward 0.122 ms
[INFO   ] DREAMPlace - optimizer step 30.864 ms
[INFO   ] DREAMPlace - iteration  317, (  30,  2,  1), Obj 3.768974E+04, NetCrossing 6.806E+02, NetCrossingWeight 1.000000E-01, DensityWeight 1.504239E-04, HPWL 3.757516E+04, Overflow 9.863685E-03, MaxDensity 4.461E+00, MacroOverlap 3.892E-01, MacroOverlapWeight 1.500000E+00, gamma 1.193571E-01, time 18.009ms
[INFO   ] DREAMPlace - full step 49.477 ms
[DEBUG  ] dreamplace.ops.weighted_average_wirelength.weighted_average_wirelength - wirelength forward 0.092 ms
[DEBUG  ] dreamplace.ops.electric_potential.electric_potential - density forward 1.602 ms
[DEBUG  ] dreamplace.ops.electric_potential.electric_potential - density forward 1.231 ms
[DEBUG  ] dreamplace.ops.electric_potential.electric_potential - density backward 0.787 ms
[DEBUG  ] dreamplace.ops.electric_potential.electric_potential - density backward 0.995 ms
[DEBUG  ] dreamplace.ops.weighted_average_wirelength.weighted_average_wirelength - wirelength backward 0.072 ms
[INFO   ] DREAMPlace - optimizer step 30.524 ms
[INFO   ] DREAMPlace - iteration  318, (  30,  3,  0), Obj 3.871993E+04, NetCrossing 6.267E+02, NetCrossingWeight 1.000000E-01, DensityWeight 1.615903E-04, HPWL 3.861343E+04, Overflow 8.237253E-03, MaxDensity 3.828E+00, MacroOverlap 2.333E-01, MacroOverlapWeight 1.500000E+00, gamma 1.193571E-01, time 17.917ms
[INFO   ] DREAMPlace - full step 49.031 ms
[DEBUG  ] dreamplace.ops.weighted_average_wirelength.weighted_average_wirelength - wirelength forward 0.092 ms
[DEBUG  ] dreamplace.ops.electric_potential.electric_potential - density forward 1.584 ms
[DEBUG  ] dreamplace.ops.electric_potential.electric_potential - density forward 1.276 ms
[DEBUG  ] dreamplace.ops.electric_potential.electric_potential - density backward 0.793 ms
[DEBUG  ] dreamplace.ops.electric_potential.electric_potential - density backward 1.006 ms
[DEBUG  ] dreamplace.ops.weighted_average_wirelength.weighted_average_wirelength - wirelength backward 0.079 ms
[INFO   ] DREAMPlace - optimizer step 30.527 ms
[INFO   ] DREAMPlace - iteration  319, (  30,  3,  1), Obj 3.541146E+04, NetCrossing 7.052E+02, NetCrossingWeight 1.000000E-01, DensityWeight 1.615903E-04, HPWL 3.529509E+04, Overflow 9.236387E-03, MaxDensity 4.084E+00, MacroOverlap 3.329E-01, MacroOverlapWeight 1.500000E+00, gamma 1.193571E-01, time 18.527ms
[INFO   ] DREAMPlace - full step 49.691 ms
[DEBUG  ] dreamplace.ops.weighted_average_wirelength.weighted_average_wirelength - wirelength forward 0.107 ms
[DEBUG  ] dreamplace.ops.electric_potential.electric_potential - density forward 1.576 ms
[DEBUG  ] dreamplace.ops.electric_potential.electric_potential - density forward 1.272 ms
[DEBUG  ] dreamplace.ops.electric_potential.electric_potential - density backward 0.834 ms
[DEBUG  ] dreamplace.ops.electric_potential.electric_potential - density backward 0.945 ms
[DEBUG  ] dreamplace.ops.weighted_average_wirelength.weighted_average_wirelength - wirelength backward 0.109 ms
[INFO   ] DREAMPlace - optimizer step 30.721 ms
[INFO   ] DREAMPlace - iteration  320, (  30,  4,  0), Obj 3.396706E+04, NetCrossing 5.987E+02, NetCrossingWeight 1.000000E-01, DensityWeight 1.735682E-04, HPWL 3.386770E+04, Overflow 9.667954E-03, MaxDensity 4.979E+00, MacroOverlap 3.958E-01, MacroOverlapWeight 1.500000E+00, gamma 1.193571E-01, time 18.297ms
[INFO   ] DREAMPlace - full step 49.686 ms
[DEBUG  ] dreamplace.ops.weighted_average_wirelength.weighted_average_wirelength - wirelength forward 0.097 ms
[DEBUG  ] dreamplace.ops.electric_potential.electric_potential - density forward 1.673 ms
[DEBUG  ] dreamplace.ops.electric_potential.electric_potential - density forward 1.232 ms
[DEBUG  ] dreamplace.ops.electric_potential.electric_potential - density backward 0.799 ms
[DEBUG  ] dreamplace.ops.electric_potential.electric_potential - density backward 0.994 ms
[DEBUG  ] dreamplace.ops.weighted_average_wirelength.weighted_average_wirelength - wirelength backward 0.134 ms
[INFO   ] DREAMPlace - optimizer step 31.041 ms
[INFO   ] DREAMPlace - iteration  321, (  30,  4,  1), Obj 3.662015E+04, NetCrossing 5.837E+02, NetCrossingWeight 1.000000E-01, DensityWeight 1.735682E-04, HPWL 3.652464E+04, Overflow 8.801387E-03, MaxDensity 3.777E+00, MacroOverlap 2.976E-01, MacroOverlapWeight 1.500000E+00, gamma 1.193571E-01, time 17.869ms
[INFO   ] DREAMPlace - full step 49.555 ms
[INFO   ] DREAMPlace - Lsub stopping criteria: 1 and 36620.1 > 33967.1 * 0.999
[INFO   ] DREAMPlace - Llambda stopping criteria: 4 and (( 0.00880139 < 0.1 and 36524.6 > 35295.1 ) or 3.777 < 1.0)
[DEBUG  ] dreamplace.ops.weighted_average_wirelength.weighted_average_wirelength - wirelength forward 0.096 ms
[DEBUG  ] dreamplace.ops.electric_potential.electric_potential - density forward 1.970 ms
[DEBUG  ] dreamplace.ops.electric_potential.electric_potential - density forward 1.311 ms
[DEBUG  ] dreamplace.ops.electric_potential.electric_potential - density backward 0.800 ms
[DEBUG  ] dreamplace.ops.electric_potential.electric_potential - density backward 0.979 ms
[DEBUG  ] dreamplace.ops.weighted_average_wirelength.weighted_average_wirelength - wirelength backward 0.126 ms
[INFO   ] DREAMPlace - optimizer step 31.027 ms
[INFO   ] DREAMPlace - iteration  322, (  31,  0,  0), Obj 3.437102E+04, NetCrossing 7.358E+02, NetCrossingWeight 1.000000E-01, DensityWeight 1.893859E-04, HPWL 3.426634E+04, Overflow 9.560581E-03, MaxDensity 4.165E+00, MacroOverlap 3.459E-01, MacroOverlapWeight 1.500000E+00, gamma 1.200445E-01, time 18.239ms
[INFO   ] DREAMPlace - full step 49.924 ms
[DEBUG  ] dreamplace.ops.weighted_average_wirelength.weighted_average_wirelength - wirelength forward 0.102 ms
[DEBUG  ] dreamplace.ops.electric_potential.electric_potential - density forward 1.571 ms
[DEBUG  ] dreamplace.ops.electric_potential.electric_potential - density forward 1.366 ms
[DEBUG  ] dreamplace.ops.electric_potential.electric_potential - density backward 0.784 ms
[DEBUG  ] dreamplace.ops.electric_potential.electric_potential - density backward 0.990 ms
[DEBUG  ] dreamplace.ops.weighted_average_wirelength.weighted_average_wirelength - wirelength backward 0.129 ms
[INFO   ] DREAMPlace - optimizer step 31.150 ms
[INFO   ] DREAMPlace - iteration  323, (  31,  0,  1), Obj 3.386104E+04, NetCrossing 6.258E+02, NetCrossingWeight 1.000000E-01, DensityWeight 1.893859E-04, HPWL 3.376921E+04, Overflow 9.294908E-03, MaxDensity 3.569E+00, MacroOverlap 3.099E-01, MacroOverlapWeight 1.500000E+00, gamma 1.200445E-01, time 17.926ms
[INFO   ] DREAMPlace - full step 49.698 ms
[DEBUG  ] dreamplace.ops.weighted_average_wirelength.weighted_average_wirelength - wirelength forward 0.099 ms
[DEBUG  ] dreamplace.ops.electric_potential.electric_potential - density forward 1.592 ms
[DEBUG  ] dreamplace.ops.electric_potential.electric_potential - density forward 1.309 ms
[DEBUG  ] dreamplace.ops.electric_potential.electric_potential - density backward 0.820 ms
[DEBUG  ] dreamplace.ops.electric_potential.electric_potential - density backward 0.983 ms
[DEBUG  ] dreamplace.ops.weighted_average_wirelength.weighted_average_wirelength - wirelength backward 0.124 ms
[INFO   ] DREAMPlace - optimizer step 31.057 ms
[INFO   ] DREAMPlace - iteration  324, (  31,  1,  0), Obj 3.506003E+04, NetCrossing 6.328E+02, NetCrossingWeight 1.000000E-01, DensityWeight 2.033835E-04, HPWL 3.497082E+04, Overflow 9.274432E-03, MaxDensity 5.170E+00, MacroOverlap 3.383E-01, MacroOverlapWeight 1.500000E+00, gamma 1.200445E-01, time 19.111ms
[INFO   ] DREAMPlace - full step 50.759 ms
[DEBUG  ] dreamplace.ops.weighted_average_wirelength.weighted_average_wirelength - wirelength forward 0.092 ms
[DEBUG  ] dreamplace.ops.electric_potential.electric_potential - density forward 1.742 ms
[DEBUG  ] dreamplace.ops.electric_potential.electric_potential - density forward 1.350 ms
[DEBUG  ] dreamplace.ops.electric_potential.electric_potential - density backward 0.828 ms
[DEBUG  ] dreamplace.ops.electric_potential.electric_potential - density backward 0.959 ms
[DEBUG  ] dreamplace.ops.weighted_average_wirelength.weighted_average_wirelength - wirelength backward 0.116 ms
[INFO   ] DREAMPlace - optimizer step 29.804 ms
[INFO   ] DREAMPlace - iteration  325, (  31,  1,  1), Obj 3.372437E+04, NetCrossing 6.533E+02, NetCrossingWeight 1.000000E-01, DensityWeight 2.033835E-04, HPWL 3.363175E+04, Overflow 1.018393E-02, MaxDensity 5.268E+00, MacroOverlap 4.576E-01, MacroOverlapWeight 1.500000E+00, gamma 1.200445E-01, time 18.244ms
[INFO   ] DREAMPlace - full step 48.725 ms
[DEBUG  ] dreamplace.ops.weighted_average_wirelength.weighted_average_wirelength - wirelength forward 0.100 ms
[DEBUG  ] dreamplace.ops.electric_potential.electric_potential - density forward 1.575 ms
[DEBUG  ] dreamplace.ops.electric_potential.electric_potential - density forward 1.208 ms
[DEBUG  ] dreamplace.ops.electric_potential.electric_potential - density backward 0.810 ms
[DEBUG  ] dreamplace.ops.electric_potential.electric_potential - density backward 0.972 ms
[DEBUG  ] dreamplace.ops.weighted_average_wirelength.weighted_average_wirelength - wirelength backward 0.069 ms
[INFO   ] DREAMPlace - optimizer step 30.257 ms
[INFO   ] DREAMPlace - iteration  326, (  31,  2,  0), Obj 3.261434E+04, NetCrossing 6.487E+02, NetCrossingWeight 1.000000E-01, DensityWeight 2.183938E-04, HPWL 3.252278E+04, Overflow 1.049534E-02, MaxDensity 4.314E+00, MacroOverlap 4.610E-01, MacroOverlapWeight 1.500000E+00, gamma 1.200445E-01, time 17.925ms
[INFO   ] DREAMPlace - full step 48.808 ms
[DEBUG  ] dreamplace.ops.weighted_average_wirelength.weighted_average_wirelength - wirelength forward 0.086 ms
[DEBUG  ] dreamplace.ops.electric_potential.electric_potential - density forward 1.522 ms
[DEBUG  ] dreamplace.ops.electric_potential.electric_potential - density forward 1.206 ms
[DEBUG  ] dreamplace.ops.electric_potential.electric_potential - density backward 0.805 ms
[DEBUG  ] dreamplace.ops.electric_potential.electric_potential - density backward 0.974 ms
[DEBUG  ] dreamplace.ops.weighted_average_wirelength.weighted_average_wirelength - wirelength backward 0.067 ms
[INFO   ] DREAMPlace - optimizer step 29.427 ms
[INFO   ] DREAMPlace - iteration  327, (  31,  2,  1), Obj 3.254248E+04, NetCrossing 6.236E+02, NetCrossingWeight 1.000000E-01, DensityWeight 2.183938E-04, HPWL 3.245356E+04, Overflow 1.002553E-02, MaxDensity 4.396E+00, MacroOverlap 3.538E-01, MacroOverlapWeight 1.500000E+00, gamma 1.200445E-01, time 17.410ms
[INFO   ] DREAMPlace - full step 47.441 ms
[DEBUG  ] dreamplace.ops.weighted_average_wirelength.weighted_average_wirelength - wirelength forward 0.097 ms
[DEBUG  ] dreamplace.ops.electric_potential.electric_potential - density forward 1.657 ms
[DEBUG  ] dreamplace.ops.electric_potential.electric_potential - density forward 1.247 ms
[DEBUG  ] dreamplace.ops.electric_potential.electric_potential - density backward 0.788 ms
[DEBUG  ] dreamplace.ops.electric_potential.electric_potential - density backward 0.985 ms
[DEBUG  ] dreamplace.ops.weighted_average_wirelength.weighted_average_wirelength - wirelength backward 0.071 ms
[INFO   ] DREAMPlace - optimizer step 30.280 ms
[INFO   ] DREAMPlace - iteration  328, (  31,  3,  0), Obj 3.201260E+04, NetCrossing 6.023E+02, NetCrossingWeight 1.000000E-01, DensityWeight 2.344885E-04, HPWL 3.192471E+04, Overflow 1.200321E-02, MaxDensity 4.418E+00, MacroOverlap 6.433E-01, MacroOverlapWeight 1.500000E+00, gamma 1.200445E-01, time 18.667ms
[INFO   ] DREAMPlace - full step 49.520 ms
[DEBUG  ] dreamplace.ops.weighted_average_wirelength.weighted_average_wirelength - wirelength forward 0.091 ms
[DEBUG  ] dreamplace.ops.electric_potential.electric_potential - density forward 1.458 ms
[DEBUG  ] dreamplace.ops.electric_potential.electric_potential - density forward 1.216 ms
[DEBUG  ] dreamplace.ops.electric_potential.electric_potential - density backward 0.791 ms
[DEBUG  ] dreamplace.ops.electric_potential.electric_potential - density backward 0.984 ms
[DEBUG  ] dreamplace.ops.weighted_average_wirelength.weighted_average_wirelength - wirelength backward 0.075 ms
[INFO   ] DREAMPlace - optimizer step 29.940 ms
[INFO   ] DREAMPlace - iteration  329, (  31,  3,  1), Obj 3.118016E+04, NetCrossing 6.475E+02, NetCrossingWeight 1.000000E-01, DensityWeight 2.344885E-04, HPWL 3.108810E+04, Overflow 1.053455E-02, MaxDensity 4.804E+00, MacroOverlap 5.423E-01, MacroOverlapWeight 1.500000E+00, gamma 1.200445E-01, time 17.810ms
[INFO   ] DREAMPlace - full step 48.347 ms
[DEBUG  ] dreamplace.ops.weighted_average_wirelength.weighted_average_wirelength - wirelength forward 0.089 ms
[DEBUG  ] dreamplace.ops.electric_potential.electric_potential - density forward 1.559 ms
[DEBUG  ] dreamplace.ops.electric_potential.electric_potential - density forward 1.204 ms
[DEBUG  ] dreamplace.ops.electric_potential.electric_potential - density backward 0.800 ms
[DEBUG  ] dreamplace.ops.electric_potential.electric_potential - density backward 0.905 ms
[DEBUG  ] dreamplace.ops.weighted_average_wirelength.weighted_average_wirelength - wirelength backward 0.081 ms
[DEBUG  ] dreamplace.ops.weighted_average_wirelength.weighted_average_wirelength - wirelength forward 0.101 ms
[DEBUG  ] dreamplace.ops.electric_potential.electric_potential - density forward 1.916 ms
[DEBUG  ] dreamplace.ops.electric_potential.electric_potential - density forward 1.462 ms
[DEBUG  ] dreamplace.ops.electric_potential.electric_potential - density backward 0.818 ms
[DEBUG  ] dreamplace.ops.electric_potential.electric_potential - density backward 0.973 ms
[DEBUG  ] dreamplace.ops.weighted_average_wirelength.weighted_average_wirelength - wirelength backward 0.114 ms
[INFO   ] DREAMPlace - optimizer step 60.808 ms
[INFO   ] DREAMPlace - iteration  330, (  31,  4,  0), Obj 3.212182E+04, NetCrossing 5.929E+02, NetCrossingWeight 1.000000E-01, DensityWeight 2.517441E-04, HPWL 3.203740E+04, Overflow 1.159327E-02, MaxDensity 3.708E+00, MacroOverlap 5.808E-01, MacroOverlapWeight 1.500000E+00, gamma 1.200445E-01, time 17.820ms
[INFO   ] DREAMPlace - full step 79.255 ms
[DEBUG  ] dreamplace.ops.weighted_average_wirelength.weighted_average_wirelength - wirelength forward 0.089 ms
[DEBUG  ] dreamplace.ops.electric_potential.electric_potential - density forward 1.475 ms
[DEBUG  ] dreamplace.ops.electric_potential.electric_potential - density forward 1.199 ms
[DEBUG  ] dreamplace.ops.electric_potential.electric_potential - density backward 0.808 ms
[DEBUG  ] dreamplace.ops.electric_potential.electric_potential - density backward 0.983 ms
[DEBUG  ] dreamplace.ops.weighted_average_wirelength.weighted_average_wirelength - wirelength backward 0.121 ms
[DEBUG  ] dreamplace.ops.weighted_average_wirelength.weighted_average_wirelength - wirelength forward 0.074 ms
[DEBUG  ] dreamplace.ops.electric_potential.electric_potential - density forward 1.867 ms
[DEBUG  ] dreamplace.ops.electric_potential.electric_potential - density forward 1.612 ms
[DEBUG  ] dreamplace.ops.electric_potential.electric_potential - density backward 0.868 ms
[DEBUG  ] dreamplace.ops.electric_potential.electric_potential - density backward 0.934 ms
[DEBUG  ] dreamplace.ops.weighted_average_wirelength.weighted_average_wirelength - wirelength backward 0.098 ms
[DEBUG  ] dreamplace.ops.weighted_average_wirelength.weighted_average_wirelength - wirelength forward 0.084 ms
[DEBUG  ] dreamplace.ops.electric_potential.electric_potential - density forward 1.561 ms
[DEBUG  ] dreamplace.ops.electric_potential.electric_potential - density forward 1.418 ms
[DEBUG  ] dreamplace.ops.electric_potential.electric_potential - density backward 0.799 ms
[DEBUG  ] dreamplace.ops.electric_potential.electric_potential - density backward 0.974 ms
[DEBUG  ] dreamplace.ops.weighted_average_wirelength.weighted_average_wirelength - wirelength backward 0.119 ms
[DEBUG  ] dreamplace.ops.weighted_average_wirelength.weighted_average_wirelength - wirelength forward 0.075 ms
[DEBUG  ] dreamplace.ops.electric_potential.electric_potential - density forward 1.537 ms
[DEBUG  ] dreamplace.ops.electric_potential.electric_potential - density forward 1.263 ms
[DEBUG  ] dreamplace.ops.electric_potential.electric_potential - density backward 0.858 ms
[DEBUG  ] dreamplace.ops.electric_potential.electric_potential - density backward 0.919 ms
[DEBUG  ] dreamplace.ops.weighted_average_wirelength.weighted_average_wirelength - wirelength backward 0.090 ms
[INFO   ] DREAMPlace - optimizer step 118.569 ms
[INFO   ] DREAMPlace - iteration  331, (  31,  4,  1), Obj 4.709309E+04, NetCrossing 5.765E+02, NetCrossingWeight 1.000000E-01, DensityWeight 2.517441E-04, HPWL 4.699902E+04, Overflow 7.899315E-03, MaxDensity 3.616E+00, MacroOverlap 1.993E-01, MacroOverlapWeight 1.500000E+00, gamma 1.200445E-01, time 17.123ms
[INFO   ] DREAMPlace - full step 136.276 ms
[INFO   ] DREAMPlace - Lsub stopping criteria: 1 and 47093.1 > 32121.8 * 0.999
[INFO   ] DREAMPlace - Llambda stopping criteria: 4 and (( 0.00789932 < 0.1 and 46999 > 31088.1 ) or 3.61644 < 1.0)
[DEBUG  ] dreamplace.ops.weighted_average_wirelength.weighted_average_wirelength - wirelength forward 0.088 ms
[DEBUG  ] dreamplace.ops.electric_potential.electric_potential - density forward 1.457 ms
[DEBUG  ] dreamplace.ops.electric_potential.electric_potential - density forward 1.425 ms
[DEBUG  ] dreamplace.ops.electric_potential.electric_potential - density backward 0.726 ms
[DEBUG  ] dreamplace.ops.electric_potential.electric_potential - density backward 0.919 ms
[DEBUG  ] dreamplace.ops.weighted_average_wirelength.weighted_average_wirelength - wirelength backward 0.090 ms
[INFO   ] DREAMPlace - optimizer step 29.923 ms
[INFO   ] DREAMPlace - iteration  332, (  32,  0,  0), Obj 5.567245E+04, NetCrossing 6.554E+02, NetCrossingWeight 1.000000E-01, DensityWeight 2.737335E-04, HPWL 5.557023E+04, Overflow 6.975836E-03, MaxDensity 3.569E+00, MacroOverlap 1.598E-01, MacroOverlapWeight 1.500000E+00, gamma 1.194917E-01, time 17.759ms
[INFO   ] DREAMPlace - full step 48.293 ms
[DEBUG  ] dreamplace.ops.weighted_average_wirelength.weighted_average_wirelength - wirelength forward 0.085 ms
[DEBUG  ] dreamplace.ops.electric_potential.electric_potential - density forward 1.416 ms
[DEBUG  ] dreamplace.ops.electric_potential.electric_potential - density forward 1.163 ms
[DEBUG  ] dreamplace.ops.electric_potential.electric_potential - density backward 0.796 ms
[DEBUG  ] dreamplace.ops.electric_potential.electric_potential - density backward 0.985 ms
[DEBUG  ] dreamplace.ops.weighted_average_wirelength.weighted_average_wirelength - wirelength backward 0.143 ms
[INFO   ] DREAMPlace - optimizer step 29.915 ms
[INFO   ] DREAMPlace - iteration  333, (  32,  0,  1), Obj 3.894705E+04, NetCrossing 5.729E+02, NetCrossingWeight 1.000000E-01, DensityWeight 2.737335E-04, HPWL 3.886512E+04, Overflow 9.284117E-03, MaxDensity 4.788E+00, MacroOverlap 3.373E-01, MacroOverlapWeight 1.500000E+00, gamma 1.194917E-01, time 17.366ms
[INFO   ] DREAMPlace - full step 47.884 ms
[DEBUG  ] dreamplace.ops.weighted_average_wirelength.weighted_average_wirelength - wirelength forward 0.089 ms
[DEBUG  ] dreamplace.ops.electric_potential.electric_potential - density forward 1.478 ms
[DEBUG  ] dreamplace.ops.electric_potential.electric_potential - density forward 1.180 ms
[DEBUG  ] dreamplace.ops.electric_potential.electric_potential - density backward 0.771 ms
[DEBUG  ] dreamplace.ops.electric_potential.electric_potential - density backward 1.006 ms
[DEBUG  ] dreamplace.ops.weighted_average_wirelength.weighted_average_wirelength - wirelength backward 0.181 ms
[INFO   ] DREAMPlace - optimizer step 30.534 ms
[INFO   ] DREAMPlace - iteration  334, (  32,  1,  0), Obj 4.850017E+04, NetCrossing 6.335E+02, NetCrossingWeight 1.000000E-01, DensityWeight 2.938183E-04, HPWL 4.841231E+04, Overflow 6.914689E-03, MaxDensity 3.615E+00, MacroOverlap 1.708E-01, MacroOverlapWeight 1.500000E+00, gamma 1.194917E-01, time 19.715ms
[INFO   ] DREAMPlace - full step 50.831 ms
[DEBUG  ] dreamplace.ops.weighted_average_wirelength.weighted_average_wirelength - wirelength forward 0.090 ms
[DEBUG  ] dreamplace.ops.electric_potential.electric_potential - density forward 1.443 ms
[DEBUG  ] dreamplace.ops.electric_potential.electric_potential - density forward 1.195 ms
[DEBUG  ] dreamplace.ops.electric_potential.electric_potential - density backward 0.799 ms
[DEBUG  ] dreamplace.ops.electric_potential.electric_potential - density backward 0.987 ms
[DEBUG  ] dreamplace.ops.weighted_average_wirelength.weighted_average_wirelength - wirelength backward 0.159 ms
[INFO   ] DREAMPlace - optimizer step 29.706 ms
[INFO   ] DREAMPlace - iteration  335, (  32,  1,  1), Obj 3.888981E+04, NetCrossing 5.834E+02, NetCrossingWeight 1.000000E-01, DensityWeight 2.938183E-04, HPWL 3.880695E+04, Overflow 9.133101E-03, MaxDensity 3.806E+00, MacroOverlap 3.071E-01, MacroOverlapWeight 1.500000E+00, gamma 1.194917E-01, time 18.265ms
[INFO   ] DREAMPlace - full step 48.613 ms
[DEBUG  ] dreamplace.ops.weighted_average_wirelength.weighted_average_wirelength - wirelength forward 0.092 ms
[DEBUG  ] dreamplace.ops.electric_potential.electric_potential - density forward 1.448 ms
[DEBUG  ] dreamplace.ops.electric_potential.electric_potential - density forward 1.203 ms
[DEBUG  ] dreamplace.ops.electric_potential.electric_potential - density backward 0.769 ms
[DEBUG  ] dreamplace.ops.electric_potential.electric_potential - density backward 0.986 ms
[DEBUG  ] dreamplace.ops.weighted_average_wirelength.weighted_average_wirelength - wirelength backward 0.132 ms
[INFO   ] DREAMPlace - optimizer step 30.021 ms
[INFO   ] DREAMPlace - iteration  336, (  32,  2,  0), Obj 4.177682E+04, NetCrossing 6.300E+02, NetCrossingWeight 1.000000E-01, DensityWeight 3.153452E-04, HPWL 4.169191E+04, Overflow 8.948929E-03, MaxDensity 3.569E+00, MacroOverlap 3.091E-01, MacroOverlapWeight 1.500000E+00, gamma 1.194917E-01, time 17.627ms
[INFO   ] DREAMPlace - full step 48.232 ms
[DEBUG  ] dreamplace.ops.weighted_average_wirelength.weighted_average_wirelength - wirelength forward 0.089 ms
[DEBUG  ] dreamplace.ops.electric_potential.electric_potential - density forward 1.435 ms
[DEBUG  ] dreamplace.ops.electric_potential.electric_potential - density forward 1.168 ms
[DEBUG  ] dreamplace.ops.electric_potential.electric_potential - density backward 0.794 ms
[DEBUG  ] dreamplace.ops.electric_potential.electric_potential - density backward 0.981 ms
[DEBUG  ] dreamplace.ops.weighted_average_wirelength.weighted_average_wirelength - wirelength backward 0.131 ms
[INFO   ] DREAMPlace - optimizer step 29.516 ms
[INFO   ] DREAMPlace - iteration  337, (  32,  2,  1), Obj 3.523420E+04, NetCrossing 6.239E+02, NetCrossingWeight 1.000000E-01, DensityWeight 3.153452E-04, HPWL 3.514597E+04, Overflow 9.369425E-03, MaxDensity 4.461E+00, MacroOverlap 3.720E-01, MacroOverlapWeight 1.500000E+00, gamma 1.194917E-01, time 18.038ms
[INFO   ] DREAMPlace - full step 48.143 ms
[DEBUG  ] dreamplace.ops.weighted_average_wirelength.weighted_average_wirelength - wirelength forward 0.089 ms
[DEBUG  ] dreamplace.ops.electric_potential.electric_potential - density forward 1.405 ms
[DEBUG  ] dreamplace.ops.electric_potential.electric_potential - density forward 1.182 ms
[DEBUG  ] dreamplace.ops.electric_potential.electric_potential - density backward 0.817 ms
[DEBUG  ] dreamplace.ops.electric_potential.electric_potential - density backward 0.948 ms
[DEBUG  ] dreamplace.ops.weighted_average_wirelength.weighted_average_wirelength - wirelength backward 0.111 ms
[INFO   ] DREAMPlace - optimizer step 28.696 ms
[INFO   ] DREAMPlace - iteration  338, (  32,  3,  0), Obj 3.919135E+04, NetCrossing 6.401E+02, NetCrossingWeight 1.000000E-01, DensityWeight 3.384155E-04, HPWL 3.910498E+04, Overflow 8.870836E-03, MaxDensity 5.335E+00, MacroOverlap 3.093E-01, MacroOverlapWeight 1.500000E+00, gamma 1.194917E-01, time 18.253ms
[INFO   ] DREAMPlace - full step 47.537 ms
[DEBUG  ] dreamplace.ops.weighted_average_wirelength.weighted_average_wirelength - wirelength forward 0.087 ms
[DEBUG  ] dreamplace.ops.electric_potential.electric_potential - density forward 1.440 ms
[DEBUG  ] dreamplace.ops.electric_potential.electric_potential - density forward 1.183 ms
[DEBUG  ] dreamplace.ops.electric_potential.electric_potential - density backward 0.796 ms
[DEBUG  ] dreamplace.ops.electric_potential.electric_potential - density backward 0.990 ms
[DEBUG  ] dreamplace.ops.weighted_average_wirelength.weighted_average_wirelength - wirelength backward 0.129 ms
[INFO   ] DREAMPlace - optimizer step 30.013 ms
[INFO   ] DREAMPlace - iteration  339, (  32,  3,  1), Obj 3.547845E+04, NetCrossing 6.338E+02, NetCrossingWeight 1.000000E-01, DensityWeight 3.384155E-04, HPWL 3.539167E+04, Overflow 9.714796E-03, MaxDensity 4.648E+00, MacroOverlap 4.149E-01, MacroOverlapWeight 1.500000E+00, gamma 1.194917E-01, time 18.454ms
[INFO   ] DREAMPlace - full step 49.056 ms
[INFO   ] DREAMPlace - Llambda stopping criteria: 3 and (( 0.0097148 < 0.1 and 35391.7 > 35146 ) or 4.64766 < 1.0)
[DEBUG  ] dreamplace.ops.weighted_average_wirelength.weighted_average_wirelength - wirelength forward 0.089 ms
[DEBUG  ] dreamplace.ops.electric_potential.electric_potential - density forward 1.487 ms
[DEBUG  ] dreamplace.ops.electric_potential.electric_potential - density forward 1.207 ms
[DEBUG  ] dreamplace.ops.electric_potential.electric_potential - density backward 0.779 ms
[DEBUG  ] dreamplace.ops.electric_potential.electric_potential - density backward 1.003 ms
[DEBUG  ] dreamplace.ops.weighted_average_wirelength.weighted_average_wirelength - wirelength backward 0.139 ms
[INFO   ] DREAMPlace - optimizer step 30.537 ms
[INFO   ] DREAMPlace - iteration  340, (  33,  0,  0), Obj 3.457969E+04, NetCrossing 5.855E+02, NetCrossingWeight 1.000000E-01, DensityWeight 3.693422E-04, HPWL 3.450049E+04, Overflow 9.595294E-03, MaxDensity 5.056E+00, MacroOverlap 3.769E-01, MacroOverlapWeight 1.500000E+00, gamma 1.206069E-01, time 17.836ms
[INFO   ] DREAMPlace - full step 48.981 ms
[DEBUG  ] dreamplace.ops.weighted_average_wirelength.weighted_average_wirelength - wirelength forward 0.085 ms
[DEBUG  ] dreamplace.ops.electric_potential.electric_potential - density forward 1.443 ms
[DEBUG  ] dreamplace.ops.electric_potential.electric_potential - density forward 1.211 ms
[DEBUG  ] dreamplace.ops.electric_potential.electric_potential - density backward 0.810 ms
[DEBUG  ] dreamplace.ops.electric_potential.electric_potential - density backward 0.977 ms
[DEBUG  ] dreamplace.ops.weighted_average_wirelength.weighted_average_wirelength - wirelength backward 0.122 ms
[INFO   ] DREAMPlace - optimizer step 29.574 ms
[INFO   ] DREAMPlace - iteration  341, (  33,  0,  1), Obj 3.331336E+04, NetCrossing 6.189E+02, NetCrossingWeight 1.000000E-01, DensityWeight 3.693422E-04, HPWL 3.322966E+04, Overflow 1.058703E-02, MaxDensity 4.133E+00, MacroOverlap 4.549E-01, MacroOverlapWeight 1.500000E+00, gamma 1.206069E-01, time 17.864ms
[INFO   ] DREAMPlace - full step 48.042 ms
[DEBUG  ] dreamplace.ops.weighted_average_wirelength.weighted_average_wirelength - wirelength forward 0.088 ms
[DEBUG  ] dreamplace.ops.electric_potential.electric_potential - density forward 1.491 ms
[DEBUG  ] dreamplace.ops.electric_potential.electric_potential - density forward 1.228 ms
[DEBUG  ] dreamplace.ops.electric_potential.electric_potential - density backward 0.777 ms
[DEBUG  ] dreamplace.ops.electric_potential.electric_potential - density backward 1.033 ms
[DEBUG  ] dreamplace.ops.weighted_average_wirelength.weighted_average_wirelength - wirelength backward 0.141 ms
[DEBUG  ] dreamplace.ops.weighted_average_wirelength.weighted_average_wirelength - wirelength forward 0.096 ms
[DEBUG  ] dreamplace.ops.electric_potential.electric_potential - density forward 1.729 ms
[DEBUG  ] dreamplace.ops.electric_potential.electric_potential - density forward 1.359 ms
[DEBUG  ] dreamplace.ops.electric_potential.electric_potential - density backward 0.853 ms
[DEBUG  ] dreamplace.ops.electric_potential.electric_potential - density backward 0.931 ms
[DEBUG  ] dreamplace.ops.weighted_average_wirelength.weighted_average_wirelength - wirelength backward 0.102 ms
[INFO   ] DREAMPlace - optimizer step 60.103 ms
[INFO   ] DREAMPlace - iteration  342, (  33,  1,  0), Obj 3.355481E+04, NetCrossing 6.116E+02, NetCrossingWeight 1.000000E-01, DensityWeight 3.962836E-04, HPWL 3.346995E+04, Overflow 1.086411E-02, MaxDensity 5.431E+00, MacroOverlap 4.598E-01, MacroOverlapWeight 1.500000E+00, gamma 1.206069E-01, time 19.964ms
[INFO   ] DREAMPlace - full step 80.672 ms
[DEBUG  ] dreamplace.ops.weighted_average_wirelength.weighted_average_wirelength - wirelength forward 0.094 ms
[DEBUG  ] dreamplace.ops.electric_potential.electric_potential - density forward 1.435 ms
[DEBUG  ] dreamplace.ops.electric_potential.electric_potential - density forward 1.186 ms
[DEBUG  ] dreamplace.ops.electric_potential.electric_potential - density backward 0.823 ms
[DEBUG  ] dreamplace.ops.electric_potential.electric_potential - density backward 0.919 ms
[DEBUG  ] dreamplace.ops.weighted_average_wirelength.weighted_average_wirelength - wirelength backward 0.093 ms
[DEBUG  ] dreamplace.ops.weighted_average_wirelength.weighted_average_wirelength - wirelength forward 0.077 ms
[DEBUG  ] dreamplace.ops.electric_potential.electric_potential - density forward 1.951 ms
[DEBUG  ] dreamplace.ops.electric_potential.electric_potential - density forward 1.479 ms
[DEBUG  ] dreamplace.ops.electric_potential.electric_potential - density backward 0.813 ms
[DEBUG  ] dreamplace.ops.electric_potential.electric_potential - density backward 0.965 ms
[DEBUG  ] dreamplace.ops.weighted_average_wirelength.weighted_average_wirelength - wirelength backward 0.080 ms
[INFO   ] DREAMPlace - optimizer step 60.561 ms
[INFO   ] DREAMPlace - iteration  343, (  33,  1,  1), Obj 4.865061E+04, NetCrossing 6.364E+02, NetCrossingWeight 1.000000E-01, DensityWeight 3.962836E-04, HPWL 4.854648E+04, Overflow 7.746212E-03, MaxDensity 5.223E+00, MacroOverlap 2.345E-01, MacroOverlapWeight 1.500000E+00, gamma 1.206069E-01, time 17.173ms
[INFO   ] DREAMPlace - full step 78.375 ms
[INFO   ] DREAMPlace - Lsub stopping criteria: 1 and 48650.6 > 33554.8 * 0.999
[INFO   ] DREAMPlace - Llambda stopping criteria: 1 and (( 0.00774621 < 0.1 and 48546.5 > 33229.7 ) or 5.22312 < 1.0)
[DEBUG  ] dreamplace.ops.weighted_average_wirelength.weighted_average_wirelength - wirelength forward 0.089 ms
[DEBUG  ] dreamplace.ops.electric_potential.electric_potential - density forward 1.621 ms
[DEBUG  ] dreamplace.ops.electric_potential.electric_potential - density forward 1.294 ms
[DEBUG  ] dreamplace.ops.electric_potential.electric_potential - density backward 0.746 ms
[DEBUG  ] dreamplace.ops.electric_potential.electric_potential - density backward 0.909 ms
[DEBUG  ] dreamplace.ops.weighted_average_wirelength.weighted_average_wirelength - wirelength backward 0.085 ms
[DEBUG  ] dreamplace.ops.weighted_average_wirelength.weighted_average_wirelength - wirelength forward 0.072 ms
[DEBUG  ] dreamplace.ops.electric_potential.electric_potential - density forward 1.554 ms
[DEBUG  ] dreamplace.ops.electric_potential.electric_potential - density forward 1.314 ms
[DEBUG  ] dreamplace.ops.electric_potential.electric_potential - density backward 0.821 ms
[DEBUG  ] dreamplace.ops.electric_potential.electric_potential - density backward 0.948 ms
[DEBUG  ] dreamplace.ops.weighted_average_wirelength.weighted_average_wirelength - wirelength backward 0.067 ms
[INFO   ] DREAMPlace - optimizer step 59.038 ms
[INFO   ] DREAMPlace - iteration  344, (  34,  0,  0), Obj 6.451634E+04, NetCrossing 6.388E+02, NetCrossingWeight 1.000000E-01, DensityWeight 4.309590E-04, HPWL 6.438618E+04, Overflow 6.052155E-03, MaxDensity 4.534E+00, MacroOverlap 1.278E-01, MacroOverlapWeight 1.500000E+00, gamma 1.193981E-01, time 17.147ms
[INFO   ] DREAMPlace - full step 76.774 ms
[DEBUG  ] dreamplace.ops.weighted_average_wirelength.weighted_average_wirelength - wirelength forward 0.089 ms
[DEBUG  ] dreamplace.ops.electric_potential.electric_potential - density forward 1.500 ms
[DEBUG  ] dreamplace.ops.electric_potential.electric_potential - density forward 1.243 ms
[DEBUG  ] dreamplace.ops.electric_potential.electric_potential - density backward 0.771 ms
[DEBUG  ] dreamplace.ops.electric_potential.electric_potential - density backward 0.983 ms
[DEBUG  ] dreamplace.ops.weighted_average_wirelength.weighted_average_wirelength - wirelength backward 0.070 ms
[DEBUG  ] dreamplace.ops.weighted_average_wirelength.weighted_average_wirelength - wirelength forward 0.075 ms
[DEBUG  ] dreamplace.ops.electric_potential.electric_potential - density forward 1.806 ms
[DEBUG  ] dreamplace.ops.electric_potential.electric_potential - density forward 1.477 ms
[DEBUG  ] dreamplace.ops.electric_potential.electric_potential - density backward 0.827 ms
[DEBUG  ] dreamplace.ops.electric_potential.electric_potential - density backward 0.930 ms
[DEBUG  ] dreamplace.ops.weighted_average_wirelength.weighted_average_wirelength - wirelength backward 0.080 ms
[INFO   ] DREAMPlace - optimizer step 59.860 ms
[INFO   ] DREAMPlace - iteration  345, (  34,  0,  1), Obj 8.071255E+04, NetCrossing 6.378E+02, NetCrossingWeight 1.000000E-01, DensityWeight 4.309590E-04, HPWL 8.054142E+04, Overflow 4.543778E-03, MaxDensity 3.569E+00, MacroOverlap 6.817E-02, MacroOverlapWeight 1.500000E+00, gamma 1.193981E-01, time 16.954ms
[INFO   ] DREAMPlace - full step 77.400 ms
[INFO   ] DREAMPlace - Lsub stopping criteria: 1 and 80712.6 > 64516.3 * 0.999
[DEBUG  ] dreamplace.ops.weighted_average_wirelength.weighted_average_wirelength - wirelength forward 0.087 ms
[DEBUG  ] dreamplace.ops.electric_potential.electric_potential - density forward 1.435 ms
[DEBUG  ] dreamplace.ops.electric_potential.electric_potential - density forward 1.168 ms
[DEBUG  ] dreamplace.ops.electric_potential.electric_potential - density backward 0.785 ms
[DEBUG  ] dreamplace.ops.electric_potential.electric_potential - density backward 0.985 ms
[DEBUG  ] dreamplace.ops.weighted_average_wirelength.weighted_average_wirelength - wirelength backward 0.068 ms
[DEBUG  ] dreamplace.ops.weighted_average_wirelength.weighted_average_wirelength - wirelength forward 0.073 ms
[DEBUG  ] dreamplace.ops.electric_potential.electric_potential - density forward 1.774 ms
[DEBUG  ] dreamplace.ops.electric_potential.electric_potential - density forward 1.491 ms
[DEBUG  ] dreamplace.ops.electric_potential.electric_potential - density backward 0.865 ms
[DEBUG  ] dreamplace.ops.electric_potential.electric_potential - density backward 0.957 ms
[DEBUG  ] dreamplace.ops.weighted_average_wirelength.weighted_average_wirelength - wirelength backward 0.116 ms
[INFO   ] DREAMPlace - optimizer step 59.583 ms
[INFO   ] DREAMPlace - iteration  346, (  34,  1,  0), Obj 9.692004E+04, NetCrossing 6.474E+02, NetCrossingWeight 1.000000E-01, DensityWeight 4.668224E-04, HPWL 9.670480E+04, Overflow 3.765973E-03, MaxDensity 4.461E+00, MacroOverlap 4.744E-02, MacroOverlapWeight 1.500000E+00, gamma 1.193981E-01, time 17.222ms
[INFO   ] DREAMPlace - full step 77.427 ms
[DEBUG  ] dreamplace.ops.weighted_average_wirelength.weighted_average_wirelength - wirelength forward 0.094 ms
[DEBUG  ] dreamplace.ops.electric_potential.electric_potential - density forward 1.559 ms
[DEBUG  ] dreamplace.ops.electric_potential.electric_potential - density forward 1.282 ms
[DEBUG  ] dreamplace.ops.electric_potential.electric_potential - density backward 0.820 ms
[DEBUG  ] dreamplace.ops.electric_potential.electric_potential - density backward 0.956 ms
[DEBUG  ] dreamplace.ops.weighted_average_wirelength.weighted_average_wirelength - wirelength backward 0.110 ms
[DEBUG  ] dreamplace.ops.weighted_average_wirelength.weighted_average_wirelength - wirelength forward 0.074 ms
[DEBUG  ] dreamplace.ops.electric_potential.electric_potential - density forward 1.772 ms
[DEBUG  ] dreamplace.ops.electric_potential.electric_potential - density forward 1.474 ms
[DEBUG  ] dreamplace.ops.electric_potential.electric_potential - density backward 0.765 ms
[DEBUG  ] dreamplace.ops.electric_potential.electric_potential - density backward 0.982 ms
[DEBUG  ] dreamplace.ops.weighted_average_wirelength.weighted_average_wirelength - wirelength backward 0.128 ms
[INFO   ] DREAMPlace - optimizer step 61.959 ms
[INFO   ] DREAMPlace - iteration  347, (  34,  1,  1), Obj 1.130910E+05, NetCrossing 6.554E+02, NetCrossingWeight 1.000000E-01, DensityWeight 4.668224E-04, HPWL 1.128091E+05, Overflow 3.111001E-03, MaxDensity 3.569E+00, MacroOverlap 3.257E-02, MacroOverlapWeight 1.500000E+00, gamma 1.193981E-01, time 17.585ms
[INFO   ] DREAMPlace - full step 80.150 ms
[INFO   ] DREAMPlace - Lsub stopping criteria: 1 and 113091 > 96920 * 0.999
[INFO   ] DREAMPlace - Llambda stopping criteria: 1 and (( 0.003111 < 0.1 and 112809 > 80541.4 ) or 3.56878 < 1.0)
[DEBUG  ] dreamplace.ops.weighted_average_wirelength.weighted_average_wirelength - wirelength forward 0.081 ms
[DEBUG  ] dreamplace.ops.electric_potential.electric_potential - density forward 1.443 ms
[DEBUG  ] dreamplace.ops.electric_potential.electric_potential - density forward 1.185 ms
[DEBUG  ] dreamplace.ops.electric_potential.electric_potential - density backward 0.834 ms
[DEBUG  ] dreamplace.ops.electric_potential.electric_potential - density backward 0.962 ms
[DEBUG  ] dreamplace.ops.weighted_average_wirelength.weighted_average_wirelength - wirelength backward 0.133 ms
[DEBUG  ] dreamplace.ops.weighted_average_wirelength.weighted_average_wirelength - wirelength forward 0.074 ms
[DEBUG  ] dreamplace.ops.electric_potential.electric_potential - density forward 1.618 ms
[DEBUG  ] dreamplace.ops.electric_potential.electric_potential - density forward 1.441 ms
[DEBUG  ] dreamplace.ops.electric_potential.electric_potential - density backward 0.788 ms
[DEBUG  ] dreamplace.ops.electric_potential.electric_potential - density backward 0.983 ms
[DEBUG  ] dreamplace.ops.weighted_average_wirelength.weighted_average_wirelength - wirelength backward 0.065 ms
[INFO   ] DREAMPlace - optimizer step 59.344 ms
[INFO   ] DREAMPlace - iteration  348, (  35,  0,  0), Obj 1.290760E+05, NetCrossing 6.529E+02, NetCrossingWeight 1.000000E-01, DensityWeight 5.056377E-04, HPWL 1.287367E+05, Overflow 2.809938E-03, MaxDensity 3.425E+00, MacroOverlap 2.218E-02, MacroOverlapWeight 1.500000E+00, gamma 1.165995E-01, time 16.994ms
[INFO   ] DREAMPlace - full step 76.938 ms
[DEBUG  ] dreamplace.ops.weighted_average_wirelength.weighted_average_wirelength - wirelength forward 0.083 ms
[DEBUG  ] dreamplace.ops.electric_potential.electric_potential - density forward 1.397 ms
[DEBUG  ] dreamplace.ops.electric_potential.electric_potential - density forward 1.169 ms
[DEBUG  ] dreamplace.ops.electric_potential.electric_potential - density backward 0.786 ms
[DEBUG  ] dreamplace.ops.electric_potential.electric_potential - density backward 0.987 ms
[DEBUG  ] dreamplace.ops.weighted_average_wirelength.weighted_average_wirelength - wirelength backward 0.063 ms
[INFO   ] DREAMPlace - optimizer step 28.985 ms
[INFO   ] DREAMPlace - iteration  349, (  35,  0,  1), Obj 1.447744E+05, NetCrossing 6.905E+02, NetCrossingWeight 1.000000E-01, DensityWeight 5.056377E-04, HPWL 1.443464E+05, Overflow 2.423679E-03, MaxDensity 2.677E+00, MacroOverlap 1.543E-02, MacroOverlapWeight 1.500000E+00, gamma 1.165995E-01, time 17.330ms
[INFO   ] DREAMPlace - full step 46.909 ms
[INFO   ] DREAMPlace - Lsub stopping criteria: 1 and 144774 > 129076 * 0.999
[DEBUG  ] dreamplace.ops.weighted_average_wirelength.weighted_average_wirelength - wirelength forward 0.082 ms
[DEBUG  ] dreamplace.ops.electric_potential.electric_potential - density forward 1.390 ms
[DEBUG  ] dreamplace.ops.electric_potential.electric_potential - density forward 1.161 ms
[DEBUG  ] dreamplace.ops.electric_potential.electric_potential - density backward 0.804 ms
[DEBUG  ] dreamplace.ops.electric_potential.electric_potential - density backward 0.972 ms
[DEBUG  ] dreamplace.ops.weighted_average_wirelength.weighted_average_wirelength - wirelength backward 0.066 ms
[DEBUG  ] dreamplace.ops.weighted_average_wirelength.weighted_average_wirelength - wirelength forward 0.075 ms
[DEBUG  ] dreamplace.ops.electric_potential.electric_potential - density forward 1.704 ms
[DEBUG  ] dreamplace.ops.electric_potential.electric_potential - density forward 1.465 ms
[DEBUG  ] dreamplace.ops.electric_potential.electric_potential - density backward 0.854 ms
[DEBUG  ] dreamplace.ops.electric_potential.electric_potential - density backward 0.919 ms
[DEBUG  ] dreamplace.ops.weighted_average_wirelength.weighted_average_wirelength - wirelength backward 0.072 ms
[INFO   ] DREAMPlace - optimizer step 57.896 ms
[INFO   ] DREAMPlace - iteration  350, (  35,  1,  0), Obj 8.550374E+04, NetCrossing 7.322E+02, NetCrossingWeight 1.000000E-01, DensityWeight 5.477751E-04, HPWL 8.482855E+04, Overflow 3.663345E-03, MaxDensity 2.677E+00, MacroOverlap 3.936E-02, MacroOverlapWeight 1.500000E+00, gamma 1.165995E-01, time 17.691ms
[INFO   ] DREAMPlace - full step 76.140 ms
[DEBUG  ] dreamplace.ops.weighted_average_wirelength.weighted_average_wirelength - wirelength forward 0.081 ms
[DEBUG  ] dreamplace.ops.electric_potential.electric_potential - density forward 1.403 ms
[DEBUG  ] dreamplace.ops.electric_potential.electric_potential - density forward 1.159 ms
[DEBUG  ] dreamplace.ops.electric_potential.electric_potential - density backward 0.790 ms
[DEBUG  ] dreamplace.ops.electric_potential.electric_potential - density backward 0.978 ms
[DEBUG  ] dreamplace.ops.weighted_average_wirelength.weighted_average_wirelength - wirelength backward 0.066 ms
[DEBUG  ] dreamplace.ops.weighted_average_wirelength.weighted_average_wirelength - wirelength forward 0.075 ms
[DEBUG  ] dreamplace.ops.electric_potential.electric_potential - density forward 1.687 ms
[DEBUG  ] dreamplace.ops.electric_potential.electric_potential - density forward 1.441 ms
[DEBUG  ] dreamplace.ops.electric_potential.electric_potential - density backward 0.841 ms
[DEBUG  ] dreamplace.ops.electric_potential.electric_potential - density backward 0.933 ms
[DEBUG  ] dreamplace.ops.weighted_average_wirelength.weighted_average_wirelength - wirelength backward 0.072 ms
[INFO   ] DREAMPlace - optimizer step 58.581 ms
[INFO   ] DREAMPlace - iteration  351, (  35,  1,  1), Obj 8.115974E+04, NetCrossing 6.352E+02, NetCrossingWeight 1.000000E-01, DensityWeight 5.477751E-04, HPWL 8.056184E+04, Overflow 2.457631E-03, MaxDensity 3.507E+00, MacroOverlap 2.308E-02, MacroOverlapWeight 1.500000E+00, gamma 1.165995E-01, time 16.944ms
[INFO   ] DREAMPlace - full step 76.101 ms
[DEBUG  ] dreamplace.ops.weighted_average_wirelength.weighted_average_wirelength - wirelength forward 0.085 ms
[DEBUG  ] dreamplace.ops.electric_potential.electric_potential - density forward 1.654 ms
[DEBUG  ] dreamplace.ops.electric_potential.electric_potential - density forward 1.192 ms
[DEBUG  ] dreamplace.ops.electric_potential.electric_potential - density backward 0.784 ms
[DEBUG  ] dreamplace.ops.electric_potential.electric_potential - density backward 1.113 ms
[DEBUG  ] dreamplace.ops.weighted_average_wirelength.weighted_average_wirelength - wirelength backward 0.130 ms
[DEBUG  ] dreamplace.ops.weighted_average_wirelength.weighted_average_wirelength - wirelength forward 0.077 ms
[DEBUG  ] dreamplace.ops.electric_potential.electric_potential - density forward 1.855 ms
[DEBUG  ] dreamplace.ops.electric_potential.electric_potential - density forward 1.485 ms
[DEBUG  ] dreamplace.ops.electric_potential.electric_potential - density backward 0.849 ms
[DEBUG  ] dreamplace.ops.electric_potential.electric_potential - density backward 1.068 ms
[DEBUG  ] dreamplace.ops.weighted_average_wirelength.weighted_average_wirelength - wirelength backward 0.104 ms
[INFO   ] DREAMPlace - optimizer step 60.621 ms
[INFO   ] DREAMPlace - iteration  352, (  35,  2,  0), Obj 8.470635E+04, NetCrossing 6.752E+02, NetCrossingWeight 1.000000E-01, DensityWeight 5.874383E-04, HPWL 8.415134E+04, Overflow 2.175539E-03, MaxDensity 2.677E+00, MacroOverlap 1.278E-02, MacroOverlapWeight 1.500000E+00, gamma 1.165995E-01, time 16.888ms
[INFO   ] DREAMPlace - full step 78.115 ms
[DEBUG  ] dreamplace.ops.weighted_average_wirelength.weighted_average_wirelength - wirelength forward 0.080 ms
[DEBUG  ] dreamplace.ops.electric_potential.electric_potential - density forward 1.511 ms
[DEBUG  ] dreamplace.ops.electric_potential.electric_potential - density forward 1.477 ms
[DEBUG  ] dreamplace.ops.electric_potential.electric_potential - density backward 0.758 ms
[DEBUG  ] dreamplace.ops.electric_potential.electric_potential - density backward 0.918 ms
[DEBUG  ] dreamplace.ops.weighted_average_wirelength.weighted_average_wirelength - wirelength backward 0.093 ms
[INFO   ] DREAMPlace - optimizer step 30.257 ms
[INFO   ] DREAMPlace - iteration  353, (  35,  2,  1), Obj 7.756198E+04, NetCrossing 7.400E+02, NetCrossingWeight 1.000000E-01, DensityWeight 5.874383E-04, HPWL 7.708352E+04, Overflow 2.181390E-03, MaxDensity 2.503E+00, MacroOverlap 1.160E-02, MacroOverlapWeight 1.500000E+00, gamma 1.165995E-01, time 16.654ms
[INFO   ] DREAMPlace - full step 47.495 ms
[DEBUG  ] dreamplace.ops.weighted_average_wirelength.weighted_average_wirelength - wirelength forward 0.084 ms
[DEBUG  ] dreamplace.ops.electric_potential.electric_potential - density forward 1.539 ms
[DEBUG  ] dreamplace.ops.electric_potential.electric_potential - density forward 1.180 ms
[DEBUG  ] dreamplace.ops.electric_potential.electric_potential - density backward 0.822 ms
[DEBUG  ] dreamplace.ops.electric_potential.electric_potential - density backward 1.078 ms
[DEBUG  ] dreamplace.ops.weighted_average_wirelength.weighted_average_wirelength - wirelength backward 0.107 ms
[DEBUG  ] dreamplace.ops.weighted_average_wirelength.weighted_average_wirelength - wirelength forward 0.073 ms
[DEBUG  ] dreamplace.ops.electric_potential.electric_potential - density forward 1.720 ms
[DEBUG  ] dreamplace.ops.electric_potential.electric_potential - density forward 1.603 ms
[DEBUG  ] dreamplace.ops.electric_potential.electric_potential - density backward 0.779 ms
[DEBUG  ] dreamplace.ops.electric_potential.electric_potential - density backward 1.114 ms
[DEBUG  ] dreamplace.ops.weighted_average_wirelength.weighted_average_wirelength - wirelength backward 0.072 ms
[INFO   ] DREAMPlace - optimizer step 61.357 ms
[INFO   ] DREAMPlace - iteration  354, (  35,  3,  0), Obj 6.750957E+04, NetCrossing 7.375E+02, NetCrossingWeight 1.000000E-01, DensityWeight 6.299104E-04, HPWL 6.698922E+04, Overflow 2.454220E-03, MaxDensity 2.677E+00, MacroOverlap 1.702E-02, MacroOverlapWeight 1.500000E+00, gamma 1.165995E-01, time 18.268ms
[INFO   ] DREAMPlace - full step 80.205 ms
[DEBUG  ] dreamplace.ops.weighted_average_wirelength.weighted_average_wirelength - wirelength forward 0.089 ms
[DEBUG  ] dreamplace.ops.electric_potential.electric_potential - density forward 1.588 ms
[DEBUG  ] dreamplace.ops.electric_potential.electric_potential - density forward 1.208 ms
[DEBUG  ] dreamplace.ops.electric_potential.electric_potential - density backward 0.790 ms
[DEBUG  ] dreamplace.ops.electric_potential.electric_potential - density backward 0.980 ms
[DEBUG  ] dreamplace.ops.weighted_average_wirelength.weighted_average_wirelength - wirelength backward 0.068 ms
[DEBUG  ] dreamplace.ops.weighted_average_wirelength.weighted_average_wirelength - wirelength forward 0.074 ms
[DEBUG  ] dreamplace.ops.electric_potential.electric_potential - density forward 2.217 ms
[DEBUG  ] dreamplace.ops.electric_potential.electric_potential - density forward 1.547 ms
[DEBUG  ] dreamplace.ops.electric_potential.electric_potential - density backward 0.862 ms
[DEBUG  ] dreamplace.ops.electric_potential.electric_potential - density backward 1.076 ms
[DEBUG  ] dreamplace.ops.weighted_average_wirelength.weighted_average_wirelength - wirelength backward 0.108 ms
[INFO   ] DREAMPlace - optimizer step 60.617 ms
[INFO   ] DREAMPlace - iteration  355, (  35,  3,  1), Obj 6.101492E+04, NetCrossing 6.916E+02, NetCrossingWeight 1.000000E-01, DensityWeight 6.299104E-04, HPWL 6.053634E+04, Overflow 2.920900E-03, MaxDensity 2.985E+00, MacroOverlap 2.315E-02, MacroOverlapWeight 1.500000E+00, gamma 1.165995E-01, time 17.838ms
[INFO   ] DREAMPlace - full step 79.054 ms
[DEBUG  ] dreamplace.ops.weighted_average_wirelength.weighted_average_wirelength - wirelength forward 0.086 ms
[DEBUG  ] dreamplace.ops.electric_potential.electric_potential - density forward 1.803 ms
[DEBUG  ] dreamplace.ops.electric_potential.electric_potential - density forward 1.203 ms
[DEBUG  ] dreamplace.ops.electric_potential.electric_potential - density backward 0.775 ms
[DEBUG  ] dreamplace.ops.electric_potential.electric_potential - density backward 1.158 ms
[DEBUG  ] dreamplace.ops.weighted_average_wirelength.weighted_average_wirelength - wirelength backward 0.067 ms
[DEBUG  ] dreamplace.ops.weighted_average_wirelength.weighted_average_wirelength - wirelength forward 0.073 ms
[DEBUG  ] dreamplace.ops.electric_potential.electric_potential - density forward 1.759 ms
[DEBUG  ] dreamplace.ops.electric_potential.electric_potential - density forward 1.458 ms
[DEBUG  ] dreamplace.ops.electric_potential.electric_potential - density backward 0.840 ms
[DEBUG  ] dreamplace.ops.electric_potential.electric_potential - density backward 1.077 ms
[DEBUG  ] dreamplace.ops.weighted_average_wirelength.weighted_average_wirelength - wirelength backward 0.111 ms
[INFO   ] DREAMPlace - optimizer step 61.568 ms
[INFO   ] DREAMPlace - iteration  356, (  35,  4,  0), Obj 7.586044E+04, NetCrossing 6.808E+02, NetCrossingWeight 1.000000E-01, DensityWeight 6.753858E-04, HPWL 7.469517E+04, Overflow 2.704184E-03, MaxDensity 2.677E+00, MacroOverlap 2.113E-02, MacroOverlapWeight 1.500000E+00, gamma 1.165995E-01, time 17.297ms
[INFO   ] DREAMPlace - full step 79.454 ms
[DEBUG  ] dreamplace.ops.weighted_average_wirelength.weighted_average_wirelength - wirelength forward 0.090 ms
[DEBUG  ] dreamplace.ops.electric_potential.electric_potential - density forward 1.481 ms
[DEBUG  ] dreamplace.ops.electric_potential.electric_potential - density forward 1.201 ms
[DEBUG  ] dreamplace.ops.electric_potential.electric_potential - density backward 0.795 ms
[DEBUG  ] dreamplace.ops.electric_potential.electric_potential - density backward 1.144 ms
[DEBUG  ] dreamplace.ops.weighted_average_wirelength.weighted_average_wirelength - wirelength backward 0.106 ms
[DEBUG  ] dreamplace.ops.weighted_average_wirelength.weighted_average_wirelength - wirelength forward 0.077 ms
[DEBUG  ] dreamplace.ops.electric_potential.electric_potential - density forward 1.752 ms
[DEBUG  ] dreamplace.ops.electric_potential.electric_potential - density forward 1.666 ms
[DEBUG  ] dreamplace.ops.electric_potential.electric_potential - density backward 0.819 ms
[DEBUG  ] dreamplace.ops.electric_potential.electric_potential - density backward 1.088 ms
[DEBUG  ] dreamplace.ops.weighted_average_wirelength.weighted_average_wirelength - wirelength backward 0.080 ms
[INFO   ] DREAMPlace - optimizer step 61.101 ms
[INFO   ] DREAMPlace - iteration  357, (  35,  4,  1), Obj 9.392427E+04, NetCrossing 6.680E+02, NetCrossingWeight 1.000000E-01, DensityWeight 6.753858E-04, HPWL 9.159110E+04, Overflow 2.265351E-03, MaxDensity 3.088E+00, MacroOverlap 1.679E-02, MacroOverlapWeight 1.500000E+00, gamma 1.165995E-01, time 17.189ms
[INFO   ] DREAMPlace - full step 78.909 ms
[INFO   ] DREAMPlace - Lsub stopping criteria: 1 and 93924.3 > 75860.4 * 0.999
[INFO   ] DREAMPlace - Llambda stopping criteria: 4 and (( 0.00226535 < 0.1 and 91591.1 > 60536.3 ) or 3.0884 < 1.0)
[DEBUG  ] dreamplace.ops.weighted_average_wirelength.weighted_average_wirelength - wirelength forward 0.095 ms
[DEBUG  ] dreamplace.ops.electric_potential.electric_potential - density forward 1.471 ms
[DEBUG  ] dreamplace.ops.electric_potential.electric_potential - density forward 1.186 ms
[DEBUG  ] dreamplace.ops.electric_potential.electric_potential - density backward 0.812 ms
[DEBUG  ] dreamplace.ops.electric_potential.electric_potential - density backward 1.084 ms
[DEBUG  ] dreamplace.ops.weighted_average_wirelength.weighted_average_wirelength - wirelength backward 0.096 ms
[DEBUG  ] dreamplace.ops.weighted_average_wirelength.weighted_average_wirelength - wirelength forward 0.074 ms
[DEBUG  ] dreamplace.ops.electric_potential.electric_potential - density forward 1.576 ms
[DEBUG  ] dreamplace.ops.electric_potential.electric_potential - density forward 1.324 ms
[DEBUG  ] dreamplace.ops.electric_potential.electric_potential - density backward 0.817 ms
[DEBUG  ] dreamplace.ops.electric_potential.electric_potential - density backward 1.106 ms
[DEBUG  ] dreamplace.ops.weighted_average_wirelength.weighted_average_wirelength - wirelength backward 0.120 ms
[INFO   ] DREAMPlace - optimizer step 60.644 ms
[INFO   ] DREAMPlace - iteration  358, (  36,  0,  0), Obj 1.134379E+05, NetCrossing 6.779E+02, NetCrossingWeight 1.000000E-01, DensityWeight 7.317528E-04, HPWL 1.096913E+05, Overflow 1.446221E-03, MaxDensity 2.677E+00, MacroOverlap 5.792E-03, MacroOverlapWeight 1.500000E+00, gamma 1.160961E-01, time 17.908ms
[INFO   ] DREAMPlace - full step 79.218 ms
[DEBUG  ] dreamplace.ops.weighted_average_wirelength.weighted_average_wirelength - wirelength forward 0.093 ms
[DEBUG  ] dreamplace.ops.electric_potential.electric_potential - density forward 1.495 ms
[DEBUG  ] dreamplace.ops.electric_potential.electric_potential - density forward 1.218 ms
[DEBUG  ] dreamplace.ops.electric_potential.electric_potential - density backward 0.796 ms
[DEBUG  ] dreamplace.ops.electric_potential.electric_potential - density backward 1.148 ms
[DEBUG  ] dreamplace.ops.weighted_average_wirelength.weighted_average_wirelength - wirelength backward 0.131 ms
[DEBUG  ] dreamplace.ops.weighted_average_wirelength.weighted_average_wirelength - wirelength forward 0.075 ms
[DEBUG  ] dreamplace.ops.electric_potential.electric_potential - density forward 1.777 ms
[DEBUG  ] dreamplace.ops.electric_potential.electric_potential - density forward 1.403 ms
[DEBUG  ] dreamplace.ops.electric_potential.electric_potential - density backward 0.806 ms
[DEBUG  ] dreamplace.ops.electric_potential.electric_potential - density backward 1.135 ms
[DEBUG  ] dreamplace.ops.weighted_average_wirelength.weighted_average_wirelength - wirelength backward 0.124 ms
[INFO   ] DREAMPlace - optimizer step 61.777 ms
[INFO   ] DREAMPlace - iteration  359, (  36,  0,  1), Obj 1.343089E+05, NetCrossing 6.750E+02, NetCrossingWeight 1.000000E-01, DensityWeight 7.317528E-04, HPWL 1.283989E+05, Overflow 1.893606E-03, MaxDensity 2.176E+00, MacroOverlap 1.039E-02, MacroOverlapWeight 1.500000E+00, gamma 1.160961E-01, time 17.572ms
[INFO   ] DREAMPlace - full step 79.943 ms
[INFO   ] DREAMPlace - Lsub stopping criteria: 1 and 134309 > 113438 * 0.999
[DEBUG  ] dreamplace.ops.weighted_average_wirelength.weighted_average_wirelength - wirelength forward 0.092 ms
[DEBUG  ] dreamplace.ops.electric_potential.electric_potential - density forward 1.583 ms
[DEBUG  ] dreamplace.ops.electric_potential.electric_potential - density forward 1.460 ms
[DEBUG  ] dreamplace.ops.electric_potential.electric_potential - density backward 0.796 ms
[DEBUG  ] dreamplace.ops.electric_potential.electric_potential - density backward 0.970 ms
[DEBUG  ] dreamplace.ops.weighted_average_wirelength.weighted_average_wirelength - wirelength backward 0.119 ms
[INFO   ] DREAMPlace - optimizer step 29.945 ms
[INFO   ] DREAMPlace - iteration  360, (  36,  1,  0), Obj 1.161431E+05, NetCrossing 6.623E+02, NetCrossingWeight 1.000000E-01, DensityWeight 7.917454E-04, HPWL 1.111195E+05, Overflow 2.271559E-03, MaxDensity 2.432E+00, MacroOverlap 1.346E-02, MacroOverlapWeight 1.500000E+00, gamma 1.160961E-01, time 17.570ms
[INFO   ] DREAMPlace - full step 48.151 ms
[DEBUG  ] dreamplace.ops.weighted_average_wirelength.weighted_average_wirelength - wirelength forward 0.088 ms
[DEBUG  ] dreamplace.ops.electric_potential.electric_potential - density forward 1.477 ms
[DEBUG  ] dreamplace.ops.electric_potential.electric_potential - density forward 1.187 ms
[DEBUG  ] dreamplace.ops.electric_potential.electric_potential - density backward 0.788 ms
[DEBUG  ] dreamplace.ops.electric_potential.electric_potential - density backward 0.997 ms
[DEBUG  ] dreamplace.ops.weighted_average_wirelength.weighted_average_wirelength - wirelength backward 0.131 ms
[INFO   ] DREAMPlace - optimizer step 30.036 ms
[INFO   ] DREAMPlace - iteration  361, (  36,  1,  1), Obj 9.177232E+04, NetCrossing 6.439E+02, NetCrossingWeight 1.000000E-01, DensityWeight 7.917454E-04, HPWL 9.120722E+04, Overflow 2.877418E-03, MaxDensity 2.677E+00, MacroOverlap 2.732E-02, MacroOverlapWeight 1.500000E+00, gamma 1.160961E-01, time 17.783ms
[INFO   ] DREAMPlace - full step 48.413 ms
[DEBUG  ] dreamplace.ops.weighted_average_wirelength.weighted_average_wirelength - wirelength forward 0.087 ms
[DEBUG  ] dreamplace.ops.electric_potential.electric_potential - density forward 1.451 ms
[DEBUG  ] dreamplace.ops.electric_potential.electric_potential - density forward 1.194 ms
[DEBUG  ] dreamplace.ops.electric_potential.electric_potential - density backward 0.789 ms
[DEBUG  ] dreamplace.ops.electric_potential.electric_potential - density backward 1.136 ms
[DEBUG  ] dreamplace.ops.weighted_average_wirelength.weighted_average_wirelength - wirelength backward 0.129 ms
[INFO   ] DREAMPlace - optimizer step 29.891 ms
[INFO   ] DREAMPlace - iteration  362, (  36,  2,  0), Obj 7.511729E+04, NetCrossing 6.517E+02, NetCrossingWeight 1.000000E-01, DensityWeight 8.486496E-04, HPWL 7.480530E+04, Overflow 3.399601E-03, MaxDensity 2.677E+00, MacroOverlap 3.406E-02, MacroOverlapWeight 1.500000E+00, gamma 1.160961E-01, time 18.088ms
[INFO   ] DREAMPlace - full step 48.541 ms
[DEBUG  ] dreamplace.ops.weighted_average_wirelength.weighted_average_wirelength - wirelength forward 0.091 ms
[DEBUG  ] dreamplace.ops.electric_potential.electric_potential - density forward 1.463 ms
[DEBUG  ] dreamplace.ops.electric_potential.electric_potential - density forward 1.569 ms
[DEBUG  ] dreamplace.ops.electric_potential.electric_potential - density backward 0.791 ms
[DEBUG  ] dreamplace.ops.electric_potential.electric_potential - density backward 1.139 ms
[DEBUG  ] dreamplace.ops.weighted_average_wirelength.weighted_average_wirelength - wirelength backward 0.127 ms
[DEBUG  ] dreamplace.ops.weighted_average_wirelength.weighted_average_wirelength - wirelength forward 0.075 ms
[DEBUG  ] dreamplace.ops.electric_potential.electric_potential - density forward 1.748 ms
[DEBUG  ] dreamplace.ops.electric_potential.electric_potential - density forward 1.461 ms
[DEBUG  ] dreamplace.ops.electric_potential.electric_potential - density backward 0.845 ms
[DEBUG  ] dreamplace.ops.electric_potential.electric_potential - density backward 1.087 ms
[DEBUG  ] dreamplace.ops.weighted_average_wirelength.weighted_average_wirelength - wirelength backward 0.119 ms
[INFO   ] DREAMPlace - optimizer step 60.248 ms
[INFO   ] DREAMPlace - iteration  363, (  36,  2,  1), Obj 6.257309E+04, NetCrossing 6.449E+02, NetCrossingWeight 1.000000E-01, DensityWeight 8.486496E-04, HPWL 6.190554E+04, Overflow 4.469196E-03, MaxDensity 3.569E+00, MacroOverlap 8.210E-02, MacroOverlapWeight 1.500000E+00, gamma 1.160961E-01, time 17.905ms
[INFO   ] DREAMPlace - full step 78.734 ms
[DEBUG  ] dreamplace.ops.weighted_average_wirelength.weighted_average_wirelength - wirelength forward 0.087 ms
[DEBUG  ] dreamplace.ops.electric_potential.electric_potential - density forward 1.443 ms
[DEBUG  ] dreamplace.ops.electric_potential.electric_potential - density forward 1.192 ms
[DEBUG  ] dreamplace.ops.electric_potential.electric_potential - density backward 0.772 ms
[DEBUG  ] dreamplace.ops.electric_potential.electric_potential - density backward 0.980 ms
[DEBUG  ] dreamplace.ops.weighted_average_wirelength.weighted_average_wirelength - wirelength backward 0.070 ms
[INFO   ] DREAMPlace - optimizer step 29.957 ms
[INFO   ] DREAMPlace - iteration  364, (  36,  3,  0), Obj 5.737024E+04, NetCrossing 6.462E+02, NetCrossingWeight 1.000000E-01, DensityWeight 9.095526E-04, HPWL 5.673480E+04, Overflow 4.289877E-03, MaxDensity 3.494E+00, MacroOverlap 5.691E-02, MacroOverlapWeight 1.500000E+00, gamma 1.160961E-01, time 17.015ms
[INFO   ] DREAMPlace - full step 47.540 ms
[DEBUG  ] dreamplace.ops.weighted_average_wirelength.weighted_average_wirelength - wirelength forward 0.090 ms
[DEBUG  ] dreamplace.ops.electric_potential.electric_potential - density forward 1.604 ms
[DEBUG  ] dreamplace.ops.electric_potential.electric_potential - density forward 1.382 ms
[DEBUG  ] dreamplace.ops.electric_potential.electric_potential - density backward 0.810 ms
[DEBUG  ] dreamplace.ops.electric_potential.electric_potential - density backward 1.088 ms
[DEBUG  ] dreamplace.ops.weighted_average_wirelength.weighted_average_wirelength - wirelength backward 0.101 ms
[DEBUG  ] dreamplace.ops.weighted_average_wirelength.weighted_average_wirelength - wirelength forward 0.073 ms
[DEBUG  ] dreamplace.ops.electric_potential.electric_potential - density forward 1.713 ms
[DEBUG  ] dreamplace.ops.electric_potential.electric_potential - density forward 1.502 ms
[DEBUG  ] dreamplace.ops.electric_potential.electric_potential - density backward 0.813 ms
[DEBUG  ] dreamplace.ops.electric_potential.electric_potential - density backward 1.132 ms
[DEBUG  ] dreamplace.ops.weighted_average_wirelength.weighted_average_wirelength - wirelength backward 0.082 ms
[INFO   ] DREAMPlace - optimizer step 60.694 ms
[INFO   ] DREAMPlace - iteration  365, (  36,  3,  1), Obj 5.469288E+04, NetCrossing 6.648E+02, NetCrossingWeight 1.000000E-01, DensityWeight 9.095526E-04, HPWL 5.395900E+04, Overflow 4.046586E-03, MaxDensity 3.154E+00, MacroOverlap 4.389E-02, MacroOverlapWeight 1.500000E+00, gamma 1.160961E-01, time 18.111ms
[INFO   ] DREAMPlace - full step 79.399 ms
[DEBUG  ] dreamplace.ops.weighted_average_wirelength.weighted_average_wirelength - wirelength forward 0.087 ms
[DEBUG  ] dreamplace.ops.electric_potential.electric_potential - density forward 1.434 ms
[DEBUG  ] dreamplace.ops.electric_potential.electric_potential - density forward 1.205 ms
[DEBUG  ] dreamplace.ops.electric_potential.electric_potential - density backward 0.787 ms
[DEBUG  ] dreamplace.ops.electric_potential.electric_potential - density backward 0.995 ms
[DEBUG  ] dreamplace.ops.weighted_average_wirelength.weighted_average_wirelength - wirelength backward 0.127 ms
[INFO   ] DREAMPlace - optimizer step 29.801 ms
[INFO   ] DREAMPlace - iteration  366, (  36,  4,  0), Obj 5.126702E+04, NetCrossing 6.929E+02, NetCrossingWeight 1.000000E-01, DensityWeight 9.747287E-04, HPWL 5.062866E+04, Overflow 4.447975E-03, MaxDensity 2.677E+00, MacroOverlap 6.146E-02, MacroOverlapWeight 1.500000E+00, gamma 1.160961E-01, time 17.148ms
[INFO   ] DREAMPlace - full step 47.529 ms
[DEBUG  ] dreamplace.ops.weighted_average_wirelength.weighted_average_wirelength - wirelength forward 0.084 ms
[DEBUG  ] dreamplace.ops.electric_potential.electric_potential - density forward 1.554 ms
[DEBUG  ] dreamplace.ops.electric_potential.electric_potential - density forward 1.184 ms
[DEBUG  ] dreamplace.ops.electric_potential.electric_potential - density backward 0.799 ms
[DEBUG  ] dreamplace.ops.electric_potential.electric_potential - density backward 1.118 ms
[DEBUG  ] dreamplace.ops.weighted_average_wirelength.weighted_average_wirelength - wirelength backward 0.123 ms
[DEBUG  ] dreamplace.ops.weighted_average_wirelength.weighted_average_wirelength - wirelength forward 0.074 ms
[DEBUG  ] dreamplace.ops.electric_potential.electric_potential - density forward 1.729 ms
[DEBUG  ] dreamplace.ops.electric_potential.electric_potential - density forward 1.428 ms
[DEBUG  ] dreamplace.ops.electric_potential.electric_potential - density backward 0.829 ms
[DEBUG  ] dreamplace.ops.electric_potential.electric_potential - density backward 1.089 ms
[DEBUG  ] dreamplace.ops.weighted_average_wirelength.weighted_average_wirelength - wirelength backward 0.073 ms
[INFO   ] DREAMPlace - optimizer step 60.369 ms
[INFO   ] DREAMPlace - iteration  367, (  36,  4,  1), Obj 4.830093E+04, NetCrossing 6.820E+02, NetCrossingWeight 1.000000E-01, DensityWeight 9.747287E-04, HPWL 4.775265E+04, Overflow 5.614400E-03, MaxDensity 3.639E+00, MacroOverlap 1.085E-01, MacroOverlapWeight 1.500000E+00, gamma 1.160961E-01, time 17.660ms
[INFO   ] DREAMPlace - full step 78.662 ms
[DEBUG  ] dreamplace.ops.weighted_average_wirelength.weighted_average_wirelength - wirelength forward 0.090 ms
[DEBUG  ] dreamplace.ops.electric_potential.electric_potential - density forward 1.582 ms
[DEBUG  ] dreamplace.ops.electric_potential.electric_potential - density forward 1.235 ms
[DEBUG  ] dreamplace.ops.electric_potential.electric_potential - density backward 0.788 ms
[DEBUG  ] dreamplace.ops.electric_potential.electric_potential - density backward 0.983 ms
[DEBUG  ] dreamplace.ops.weighted_average_wirelength.weighted_average_wirelength - wirelength backward 0.072 ms
[INFO   ] DREAMPlace - optimizer step 29.849 ms
[INFO   ] DREAMPlace - iteration  368, (  36,  5,  0), Obj 4.285605E+04, NetCrossing 6.726E+02, NetCrossingWeight 1.000000E-01, DensityWeight 1.044471E-03, HPWL 4.228324E+04, Overflow 5.471339E-03, MaxDensity 3.328E+00, MacroOverlap 9.199E-02, MacroOverlapWeight 1.500000E+00, gamma 1.160961E-01, time 17.517ms
[INFO   ] DREAMPlace - full step 48.005 ms
[DEBUG  ] dreamplace.ops.weighted_average_wirelength.weighted_average_wirelength - wirelength forward 0.093 ms
[DEBUG  ] dreamplace.ops.electric_potential.electric_potential - density forward 1.436 ms
[DEBUG  ] dreamplace.ops.electric_potential.electric_potential - density forward 1.180 ms
[DEBUG  ] dreamplace.ops.electric_potential.electric_potential - density backward 0.779 ms
[DEBUG  ] dreamplace.ops.electric_potential.electric_potential - density backward 1.128 ms
[DEBUG  ] dreamplace.ops.weighted_average_wirelength.weighted_average_wirelength - wirelength backward 0.072 ms
[DEBUG  ] dreamplace.ops.weighted_average_wirelength.weighted_average_wirelength - wirelength forward 0.082 ms
[DEBUG  ] dreamplace.ops.electric_potential.electric_potential - density forward 1.502 ms
[DEBUG  ] dreamplace.ops.electric_potential.electric_potential - density forward 1.179 ms
[DEBUG  ] dreamplace.ops.electric_potential.electric_potential - density backward 0.812 ms
[DEBUG  ] dreamplace.ops.electric_potential.electric_potential - density backward 1.103 ms
[DEBUG  ] dreamplace.ops.weighted_average_wirelength.weighted_average_wirelength - wirelength backward 0.112 ms
[INFO   ] DREAMPlace - optimizer step 58.988 ms
[INFO   ] DREAMPlace - iteration  369, (  36,  5,  1), Obj 4.183458E+04, NetCrossing 7.004E+02, NetCrossingWeight 1.000000E-01, DensityWeight 1.044471E-03, HPWL 4.120382E+04, Overflow 7.118858E-03, MaxDensity 4.084E+00, MacroOverlap 1.652E-01, MacroOverlapWeight 1.500000E+00, gamma 1.160961E-01, time 17.643ms
[INFO   ] DREAMPlace - full step 77.247 ms
[DEBUG  ] dreamplace.ops.weighted_average_wirelength.weighted_average_wirelength - wirelength forward 0.088 ms
[DEBUG  ] dreamplace.ops.electric_potential.electric_potential - density forward 1.528 ms
[DEBUG  ] dreamplace.ops.electric_potential.electric_potential - density forward 1.483 ms
[DEBUG  ] dreamplace.ops.electric_potential.electric_potential - density backward 0.816 ms
[DEBUG  ] dreamplace.ops.electric_potential.electric_potential - density backward 0.950 ms
[DEBUG  ] dreamplace.ops.weighted_average_wirelength.weighted_average_wirelength - wirelength backward 0.108 ms
[INFO   ] DREAMPlace - optimizer step 29.866 ms
[INFO   ] DREAMPlace - iteration  370, (  36,  6,  0), Obj 3.921979E+04, NetCrossing 6.567E+02, NetCrossingWeight 1.000000E-01, DensityWeight 1.119091E-03, HPWL 3.866864E+04, Overflow 6.789986E-03, MaxDensity 3.358E+00, MacroOverlap 1.653E-01, MacroOverlapWeight 1.500000E+00, gamma 1.160961E-01, time 18.026ms
[INFO   ] DREAMPlace - full step 48.475 ms
[DEBUG  ] dreamplace.ops.weighted_average_wirelength.weighted_average_wirelength - wirelength forward 0.094 ms
[DEBUG  ] dreamplace.ops.electric_potential.electric_potential - density forward 1.447 ms
[DEBUG  ] dreamplace.ops.electric_potential.electric_potential - density forward 1.329 ms
[DEBUG  ] dreamplace.ops.electric_potential.electric_potential - density backward 0.797 ms
[DEBUG  ] dreamplace.ops.electric_potential.electric_potential - density backward 0.977 ms
[DEBUG  ] dreamplace.ops.weighted_average_wirelength.weighted_average_wirelength - wirelength backward 0.068 ms
[DEBUG  ] dreamplace.ops.weighted_average_wirelength.weighted_average_wirelength - wirelength forward 0.075 ms
[DEBUG  ] dreamplace.ops.electric_potential.electric_potential - density forward 1.738 ms
[DEBUG  ] dreamplace.ops.electric_potential.electric_potential - density forward 1.464 ms
[DEBUG  ] dreamplace.ops.electric_potential.electric_potential - density backward 0.829 ms
[DEBUG  ] dreamplace.ops.electric_potential.electric_potential - density backward 0.947 ms
[DEBUG  ] dreamplace.ops.weighted_average_wirelength.weighted_average_wirelength - wirelength backward 0.120 ms
[INFO   ] DREAMPlace - optimizer step 60.067 ms
[INFO   ] DREAMPlace - iteration  371, (  36,  6,  1), Obj 3.659770E+04, NetCrossing 6.729E+02, NetCrossingWeight 1.000000E-01, DensityWeight 1.119091E-03, HPWL 3.607995E+04, Overflow 7.568047E-03, MaxDensity 3.372E+00, MacroOverlap 2.016E-01, MacroOverlapWeight 1.500000E+00, gamma 1.160961E-01, time 18.419ms
[INFO   ] DREAMPlace - full step 79.087 ms
[DEBUG  ] dreamplace.ops.weighted_average_wirelength.weighted_average_wirelength - wirelength forward 0.085 ms
[DEBUG  ] dreamplace.ops.electric_potential.electric_potential - density forward 1.450 ms
[DEBUG  ] dreamplace.ops.electric_potential.electric_potential - density forward 1.193 ms
[DEBUG  ] dreamplace.ops.electric_potential.electric_potential - density backward 0.807 ms
[DEBUG  ] dreamplace.ops.electric_potential.electric_potential - density backward 0.978 ms
[DEBUG  ] dreamplace.ops.weighted_average_wirelength.weighted_average_wirelength - wirelength backward 0.122 ms
[INFO   ] DREAMPlace - optimizer step 29.531 ms
[INFO   ] DREAMPlace - iteration  372, (  36,  7,  0), Obj 3.472349E+04, NetCrossing 6.821E+02, NetCrossingWeight 1.000000E-01, DensityWeight 1.198922E-03, HPWL 3.420192E+04, Overflow 7.718644E-03, MaxDensity 3.464E+00, MacroOverlap 1.965E-01, MacroOverlapWeight 1.500000E+00, gamma 1.160961E-01, time 16.844ms
[INFO   ] DREAMPlace - full step 46.973 ms
[DEBUG  ] dreamplace.ops.weighted_average_wirelength.weighted_average_wirelength - wirelength forward 0.088 ms
[DEBUG  ] dreamplace.ops.electric_potential.electric_potential - density forward 1.458 ms
[DEBUG  ] dreamplace.ops.electric_potential.electric_potential - density forward 1.440 ms
[DEBUG  ] dreamplace.ops.electric_potential.electric_potential - density backward 0.782 ms
[DEBUG  ] dreamplace.ops.electric_potential.electric_potential - density backward 0.988 ms
[DEBUG  ] dreamplace.ops.weighted_average_wirelength.weighted_average_wirelength - wirelength backward 0.129 ms
[DEBUG  ] dreamplace.ops.weighted_average_wirelength.weighted_average_wirelength - wirelength forward 0.074 ms
[DEBUG  ] dreamplace.ops.electric_potential.electric_potential - density forward 1.837 ms
[DEBUG  ] dreamplace.ops.electric_potential.electric_potential - density forward 1.588 ms
[DEBUG  ] dreamplace.ops.electric_potential.electric_potential - density backward 0.844 ms
[DEBUG  ] dreamplace.ops.electric_potential.electric_potential - density backward 0.928 ms
[DEBUG  ] dreamplace.ops.weighted_average_wirelength.weighted_average_wirelength - wirelength backward 0.080 ms
[INFO   ] DREAMPlace - optimizer step 60.317 ms
[INFO   ] DREAMPlace - iteration  373, (  36,  7,  1), Obj 3.282462E+04, NetCrossing 6.739E+02, NetCrossingWeight 1.000000E-01, DensityWeight 1.198922E-03, HPWL 3.225111E+04, Overflow 8.837693E-03, MaxDensity 4.191E+00, MacroOverlap 2.861E-01, MacroOverlapWeight 1.500000E+00, gamma 1.160961E-01, time 18.079ms
[INFO   ] DREAMPlace - full step 78.982 ms
[DEBUG  ] dreamplace.ops.weighted_average_wirelength.weighted_average_wirelength - wirelength forward 0.084 ms
[DEBUG  ] dreamplace.ops.electric_potential.electric_potential - density forward 1.434 ms
[DEBUG  ] dreamplace.ops.electric_potential.electric_potential - density forward 1.215 ms
[DEBUG  ] dreamplace.ops.electric_potential.electric_potential - density backward 0.788 ms
[DEBUG  ] dreamplace.ops.electric_potential.electric_potential - density backward 0.986 ms
[DEBUG  ] dreamplace.ops.weighted_average_wirelength.weighted_average_wirelength - wirelength backward 0.071 ms
[INFO   ] DREAMPlace - optimizer step 29.381 ms
[INFO   ] DREAMPlace - iteration  374, (  36,  8,  0), Obj 3.165781E+04, NetCrossing 6.421E+02, NetCrossingWeight 1.000000E-01, DensityWeight 1.284320E-03, HPWL 3.114466E+04, Overflow 7.997852E-03, MaxDensity 3.569E+00, MacroOverlap 2.560E-01, MacroOverlapWeight 1.500000E+00, gamma 1.160961E-01, time 17.440ms
[INFO   ] DREAMPlace - full step 47.427 ms
[DEBUG  ] dreamplace.ops.weighted_average_wirelength.weighted_average_wirelength - wirelength forward 0.085 ms
[DEBUG  ] dreamplace.ops.electric_potential.electric_potential - density forward 1.657 ms
[DEBUG  ] dreamplace.ops.electric_potential.electric_potential - density forward 1.182 ms
[DEBUG  ] dreamplace.ops.electric_potential.electric_potential - density backward 0.785 ms
[DEBUG  ] dreamplace.ops.electric_potential.electric_potential - density backward 1.012 ms
[DEBUG  ] dreamplace.ops.weighted_average_wirelength.weighted_average_wirelength - wirelength backward 0.076 ms
[DEBUG  ] dreamplace.ops.weighted_average_wirelength.weighted_average_wirelength - wirelength forward 0.076 ms
[DEBUG  ] dreamplace.ops.electric_potential.electric_potential - density forward 1.711 ms
[DEBUG  ] dreamplace.ops.electric_potential.electric_potential - density forward 1.446 ms
[DEBUG  ] dreamplace.ops.electric_potential.electric_potential - density backward 0.871 ms
[DEBUG  ] dreamplace.ops.electric_potential.electric_potential - density backward 0.958 ms
[DEBUG  ] dreamplace.ops.weighted_average_wirelength.weighted_average_wirelength - wirelength backward 0.117 ms
[INFO   ] DREAMPlace - optimizer step 59.271 ms
[INFO   ] DREAMPlace - iteration  375, (  36,  8,  1), Obj 2.966674E+04, NetCrossing 6.287E+02, NetCrossingWeight 1.000000E-01, DensityWeight 1.284320E-03, HPWL 2.916556E+04, Overflow 8.825012E-03, MaxDensity 3.510E+00, MacroOverlap 2.930E-01, MacroOverlapWeight 1.500000E+00, gamma 1.160961E-01, time 17.907ms
[INFO   ] DREAMPlace - full step 77.768 ms
[DEBUG  ] dreamplace.ops.weighted_average_wirelength.weighted_average_wirelength - wirelength forward 0.096 ms
[DEBUG  ] dreamplace.ops.electric_potential.electric_potential - density forward 1.442 ms
[DEBUG  ] dreamplace.ops.electric_potential.electric_potential - density forward 1.167 ms
[DEBUG  ] dreamplace.ops.electric_potential.electric_potential - density backward 0.787 ms
[DEBUG  ] dreamplace.ops.electric_potential.electric_potential - density backward 0.909 ms
[DEBUG  ] dreamplace.ops.weighted_average_wirelength.weighted_average_wirelength - wirelength backward 0.083 ms
[INFO   ] DREAMPlace - optimizer step 29.132 ms
[INFO   ] DREAMPlace - iteration  376, (  36,  9,  0), Obj 2.850355E+04, NetCrossing 6.249E+02, NetCrossingWeight 1.000000E-01, DensityWeight 1.375663E-03, HPWL 2.800852E+04, Overflow 8.394551E-03, MaxDensity 3.506E+00, MacroOverlap 2.630E-01, MacroOverlapWeight 1.500000E+00, gamma 1.160961E-01, time 17.255ms
[INFO   ] DREAMPlace - full step 46.966 ms
[DEBUG  ] dreamplace.ops.weighted_average_wirelength.weighted_average_wirelength - wirelength forward 0.086 ms
[DEBUG  ] dreamplace.ops.electric_potential.electric_potential - density forward 1.473 ms
[DEBUG  ] dreamplace.ops.electric_potential.electric_potential - density forward 1.191 ms
[DEBUG  ] dreamplace.ops.electric_potential.electric_potential - density backward 0.767 ms
[DEBUG  ] dreamplace.ops.electric_potential.electric_potential - density backward 0.978 ms
[DEBUG  ] dreamplace.ops.weighted_average_wirelength.weighted_average_wirelength - wirelength backward 0.139 ms
[DEBUG  ] dreamplace.ops.weighted_average_wirelength.weighted_average_wirelength - wirelength forward 0.076 ms
[DEBUG  ] dreamplace.ops.electric_potential.electric_potential - density forward 1.729 ms
[DEBUG  ] dreamplace.ops.electric_potential.electric_potential - density forward 1.483 ms
[DEBUG  ] dreamplace.ops.electric_potential.electric_potential - density backward 0.816 ms
[DEBUG  ] dreamplace.ops.electric_potential.electric_potential - density backward 0.950 ms
[DEBUG  ] dreamplace.ops.weighted_average_wirelength.weighted_average_wirelength - wirelength backward 0.108 ms
[INFO   ] DREAMPlace - optimizer step 60.111 ms
[INFO   ] DREAMPlace - iteration  377, (  36,  9,  1), Obj 2.741946E+04, NetCrossing 6.166E+02, NetCrossingWeight 1.000000E-01, DensityWeight 1.375663E-03, HPWL 2.688227E+04, Overflow 9.375969E-03, MaxDensity 3.483E+00, MacroOverlap 3.105E-01, MacroOverlapWeight 1.500000E+00, gamma 1.160961E-01, time 18.075ms
[INFO   ] DREAMPlace - full step 78.779 ms
[DEBUG  ] dreamplace.ops.weighted_average_wirelength.weighted_average_wirelength - wirelength forward 0.090 ms
[DEBUG  ] dreamplace.ops.electric_potential.electric_potential - density forward 1.448 ms
[DEBUG  ] dreamplace.ops.electric_potential.electric_potential - density forward 1.292 ms
[DEBUG  ] dreamplace.ops.electric_potential.electric_potential - density backward 0.806 ms
[DEBUG  ] dreamplace.ops.electric_potential.electric_potential - density backward 0.970 ms
[DEBUG  ] dreamplace.ops.weighted_average_wirelength.weighted_average_wirelength - wirelength backward 0.068 ms
[INFO   ] DREAMPlace - optimizer step 29.351 ms
[INFO   ] DREAMPlace - iteration  378, (  37,  0,  0), Obj 2.558689E+04, NetCrossing 6.082E+02, NetCrossingWeight 1.000000E-01, DensityWeight 1.473355E-03, HPWL 2.509395E+04, Overflow 8.953499E-03, MaxDensity 4.312E+00, MacroOverlap 3.038E-01, MacroOverlapWeight 1.500000E+00, gamma 1.203979E-01, time 19.657ms
[INFO   ] DREAMPlace - full step 49.621 ms
[DEBUG  ] dreamplace.ops.weighted_average_wirelength.weighted_average_wirelength - wirelength forward 0.087 ms
[DEBUG  ] dreamplace.ops.electric_potential.electric_potential - density forward 1.576 ms
[DEBUG  ] dreamplace.ops.electric_potential.electric_potential - density forward 1.193 ms
[DEBUG  ] dreamplace.ops.electric_potential.electric_potential - density backward 0.785 ms
[DEBUG  ] dreamplace.ops.electric_potential.electric_potential - density backward 0.979 ms
[DEBUG  ] dreamplace.ops.weighted_average_wirelength.weighted_average_wirelength - wirelength backward 0.131 ms
[DEBUG  ] dreamplace.ops.weighted_average_wirelength.weighted_average_wirelength - wirelength forward 0.073 ms
[DEBUG  ] dreamplace.ops.electric_potential.electric_potential - density forward 1.842 ms
[DEBUG  ] dreamplace.ops.electric_potential.electric_potential - density forward 1.483 ms
[DEBUG  ] dreamplace.ops.electric_potential.electric_potential - density backward 0.835 ms
[DEBUG  ] dreamplace.ops.electric_potential.electric_potential - density backward 0.932 ms
[DEBUG  ] dreamplace.ops.weighted_average_wirelength.weighted_average_wirelength - wirelength backward 0.083 ms
[INFO   ] DREAMPlace - optimizer step 59.878 ms
[INFO   ] DREAMPlace - iteration  379, (  37,  0,  1), Obj 2.551295E+04, NetCrossing 5.950E+02, NetCrossingWeight 1.000000E-01, DensityWeight 1.473355E-03, HPWL 2.502216E+04, Overflow 8.781485E-03, MaxDensity 3.787E+00, MacroOverlap 2.888E-01, MacroOverlapWeight 1.500000E+00, gamma 1.203979E-01, time 17.387ms
[INFO   ] DREAMPlace - full step 77.848 ms
[DEBUG  ] dreamplace.ops.weighted_average_wirelength.weighted_average_wirelength - wirelength forward 0.086 ms
[DEBUG  ] dreamplace.ops.electric_potential.electric_potential - density forward 1.480 ms
[DEBUG  ] dreamplace.ops.electric_potential.electric_potential - density forward 1.317 ms
[DEBUG  ] dreamplace.ops.electric_potential.electric_potential - density backward 0.794 ms
[DEBUG  ] dreamplace.ops.electric_potential.electric_potential - density backward 0.980 ms
[DEBUG  ] dreamplace.ops.weighted_average_wirelength.weighted_average_wirelength - wirelength backward 0.072 ms
[INFO   ] DREAMPlace - optimizer step 29.750 ms
[INFO   ] DREAMPlace - iteration  380, (  37,  1,  0), Obj 2.470780E+04, NetCrossing 5.806E+02, NetCrossingWeight 1.000000E-01, DensityWeight 1.577827E-03, HPWL 2.422727E+04, Overflow 8.592658E-03, MaxDensity 3.742E+00, MacroOverlap 2.824E-01, MacroOverlapWeight 1.500000E+00, gamma 1.203979E-01, time 17.140ms
[INFO   ] DREAMPlace - full step 47.456 ms
[DEBUG  ] dreamplace.ops.weighted_average_wirelength.weighted_average_wirelength - wirelength forward 0.089 ms
[DEBUG  ] dreamplace.ops.electric_potential.electric_potential - density forward 1.624 ms
[DEBUG  ] dreamplace.ops.electric_potential.electric_potential - density forward 1.196 ms
[DEBUG  ] dreamplace.ops.electric_potential.electric_potential - density backward 0.795 ms
[DEBUG  ] dreamplace.ops.electric_potential.electric_potential - density backward 0.886 ms
[DEBUG  ] dreamplace.ops.weighted_average_wirelength.weighted_average_wirelength - wirelength backward 0.075 ms
[DEBUG  ] dreamplace.ops.weighted_average_wirelength.weighted_average_wirelength - wirelength forward 0.074 ms
[DEBUG  ] dreamplace.ops.electric_potential.electric_potential - density forward 1.572 ms
[DEBUG  ] dreamplace.ops.electric_potential.electric_potential - density forward 1.341 ms
[DEBUG  ] dreamplace.ops.electric_potential.electric_potential - density backward 0.831 ms
[DEBUG  ] dreamplace.ops.electric_potential.electric_potential - density backward 0.957 ms
[DEBUG  ] dreamplace.ops.weighted_average_wirelength.weighted_average_wirelength - wirelength backward 0.115 ms
[INFO   ] DREAMPlace - optimizer step 59.262 ms
[INFO   ] DREAMPlace - iteration  381, (  37,  1,  1), Obj 2.459186E+04, NetCrossing 5.975E+02, NetCrossingWeight 1.000000E-01, DensityWeight 1.577827E-03, HPWL 2.407799E+04, Overflow 9.086998E-03, MaxDensity 3.554E+00, MacroOverlap 3.440E-01, MacroOverlapWeight 1.500000E+00, gamma 1.203979E-01, time 17.966ms
[INFO   ] DREAMPlace - full step 77.823 ms
[DEBUG  ] dreamplace.ops.weighted_average_wirelength.weighted_average_wirelength - wirelength forward 0.083 ms
[DEBUG  ] dreamplace.ops.electric_potential.electric_potential - density forward 1.440 ms
[DEBUG  ] dreamplace.ops.electric_potential.electric_potential - density forward 1.183 ms
[DEBUG  ] dreamplace.ops.electric_potential.electric_potential - density backward 0.723 ms
[DEBUG  ] dreamplace.ops.electric_potential.electric_potential - density backward 0.913 ms
[DEBUG  ] dreamplace.ops.weighted_average_wirelength.weighted_average_wirelength - wirelength backward 0.099 ms
[INFO   ] DREAMPlace - optimizer step 29.257 ms
[INFO   ] DREAMPlace - iteration  382, (  37,  2,  0), Obj 2.289357E+04, NetCrossing 5.889E+02, NetCrossingWeight 1.000000E-01, DensityWeight 1.689538E-03, HPWL 2.241969E+04, Overflow 8.992237E-03, MaxDensity 3.438E+00, MacroOverlap 3.012E-01, MacroOverlapWeight 1.500000E+00, gamma 1.203979E-01, time 17.236ms
[INFO   ] DREAMPlace - full step 47.061 ms
[DEBUG  ] dreamplace.ops.weighted_average_wirelength.weighted_average_wirelength - wirelength forward 0.078 ms
[DEBUG  ] dreamplace.ops.electric_potential.electric_potential - density forward 1.449 ms
[DEBUG  ] dreamplace.ops.electric_potential.electric_potential - density forward 1.193 ms
[DEBUG  ] dreamplace.ops.electric_potential.electric_potential - density backward 0.778 ms
[DEBUG  ] dreamplace.ops.electric_potential.electric_potential - density backward 0.983 ms
[DEBUG  ] dreamplace.ops.weighted_average_wirelength.weighted_average_wirelength - wirelength backward 0.132 ms
[DEBUG  ] dreamplace.ops.weighted_average_wirelength.weighted_average_wirelength - wirelength forward 0.073 ms
[DEBUG  ] dreamplace.ops.electric_potential.electric_potential - density forward 1.692 ms
[DEBUG  ] dreamplace.ops.electric_potential.electric_potential - density forward 1.462 ms
[DEBUG  ] dreamplace.ops.electric_potential.electric_potential - density backward 0.813 ms
[DEBUG  ] dreamplace.ops.electric_potential.electric_potential - density backward 0.958 ms
[DEBUG  ] dreamplace.ops.weighted_average_wirelength.weighted_average_wirelength - wirelength backward 0.115 ms
[INFO   ] DREAMPlace - optimizer step 60.216 ms
[INFO   ] DREAMPlace - iteration  383, (  37,  2,  1), Obj 2.303414E+04, NetCrossing 5.982E+02, NetCrossingWeight 1.000000E-01, DensityWeight 1.689538E-03, HPWL 2.255227E+04, Overflow 9.311324E-03, MaxDensity 3.569E+00, MacroOverlap 3.069E-01, MacroOverlapWeight 1.500000E+00, gamma 1.203979E-01, time 17.847ms
[INFO   ] DREAMPlace - full step 78.643 ms
[INFO   ] DREAMPlace - Lsub stopping criteria: 1 and 23034.1 > 22893.6 * 0.999
[DEBUG  ] dreamplace.ops.weighted_average_wirelength.weighted_average_wirelength - wirelength forward 0.090 ms
[DEBUG  ] dreamplace.ops.electric_potential.electric_potential - density forward 1.434 ms
[DEBUG  ] dreamplace.ops.electric_potential.electric_potential - density forward 1.197 ms
[DEBUG  ] dreamplace.ops.electric_potential.electric_potential - density backward 0.805 ms
[DEBUG  ] dreamplace.ops.electric_potential.electric_potential - density backward 0.973 ms
[DEBUG  ] dreamplace.ops.weighted_average_wirelength.weighted_average_wirelength - wirelength backward 0.123 ms
[INFO   ] DREAMPlace - optimizer step 29.375 ms
[INFO   ] DREAMPlace - iteration  384, (  37,  3,  0), Obj 2.139894E+04, NetCrossing 5.866E+02, NetCrossingWeight 1.000000E-01, DensityWeight 1.808977E-03, HPWL 2.094378E+04, Overflow 9.103263E-03, MaxDensity 3.569E+00, MacroOverlap 3.209E-01, MacroOverlapWeight 1.500000E+00, gamma 1.203979E-01, time 17.535ms
[INFO   ] DREAMPlace - full step 47.500 ms
[DEBUG  ] dreamplace.ops.weighted_average_wirelength.weighted_average_wirelength - wirelength forward 0.088 ms
[DEBUG  ] dreamplace.ops.electric_potential.electric_potential - density forward 1.512 ms
[DEBUG  ] dreamplace.ops.electric_potential.electric_potential - density forward 1.220 ms
[DEBUG  ] dreamplace.ops.electric_potential.electric_potential - density backward 0.801 ms
[DEBUG  ] dreamplace.ops.electric_potential.electric_potential - density backward 0.993 ms
[DEBUG  ] dreamplace.ops.weighted_average_wirelength.weighted_average_wirelength - wirelength backward 0.118 ms
[DEBUG  ] dreamplace.ops.weighted_average_wirelength.weighted_average_wirelength - wirelength forward 0.074 ms
[DEBUG  ] dreamplace.ops.electric_potential.electric_potential - density forward 1.718 ms
[DEBUG  ] dreamplace.ops.electric_potential.electric_potential - density forward 1.373 ms
[DEBUG  ] dreamplace.ops.electric_potential.electric_potential - density backward 0.822 ms
[DEBUG  ] dreamplace.ops.electric_potential.electric_potential - density backward 0.951 ms
[DEBUG  ] dreamplace.ops.weighted_average_wirelength.weighted_average_wirelength - wirelength backward 0.107 ms
[INFO   ] DREAMPlace - optimizer step 60.832 ms
[INFO   ] DREAMPlace - iteration  385, (  37,  3,  1), Obj 2.105621E+04, NetCrossing 5.799E+02, NetCrossingWeight 1.000000E-01, DensityWeight 1.808977E-03, HPWL 2.057794E+04, Overflow 9.265663E-03, MaxDensity 4.446E+00, MacroOverlap 3.547E-01, MacroOverlapWeight 1.500000E+00, gamma 1.203979E-01, time 17.964ms
[INFO   ] DREAMPlace - full step 79.446 ms
[DEBUG  ] dreamplace.ops.weighted_average_wirelength.weighted_average_wirelength - wirelength forward 0.096 ms
[DEBUG  ] dreamplace.ops.electric_potential.electric_potential - density forward 1.468 ms
[DEBUG  ] dreamplace.ops.electric_potential.electric_potential - density forward 1.307 ms
[DEBUG  ] dreamplace.ops.electric_potential.electric_potential - density backward 0.788 ms
[DEBUG  ] dreamplace.ops.electric_potential.electric_potential - density backward 0.989 ms
[DEBUG  ] dreamplace.ops.weighted_average_wirelength.weighted_average_wirelength - wirelength backward 0.128 ms
[INFO   ] DREAMPlace - optimizer step 30.389 ms
[INFO   ] DREAMPlace - iteration  386, (  37,  4,  0), Obj 2.048073E+04, NetCrossing 5.752E+02, NetCrossingWeight 1.000000E-01, DensityWeight 1.936666E-03, HPWL 2.003597E+04, Overflow 9.261962E-03, MaxDensity 3.980E+00, MacroOverlap 3.110E-01, MacroOverlapWeight 1.500000E+00, gamma 1.203979E-01, time 17.859ms
[INFO   ] DREAMPlace - full step 48.852 ms
[DEBUG  ] dreamplace.ops.weighted_average_wirelength.weighted_average_wirelength - wirelength forward 0.101 ms
[DEBUG  ] dreamplace.ops.electric_potential.electric_potential - density forward 1.451 ms
[DEBUG  ] dreamplace.ops.electric_potential.electric_potential - density forward 1.183 ms
[DEBUG  ] dreamplace.ops.electric_potential.electric_potential - density backward 0.806 ms
[DEBUG  ] dreamplace.ops.electric_potential.electric_potential - density backward 0.972 ms
[DEBUG  ] dreamplace.ops.weighted_average_wirelength.weighted_average_wirelength - wirelength backward 0.123 ms
[DEBUG  ] dreamplace.ops.weighted_average_wirelength.weighted_average_wirelength - wirelength forward 0.073 ms
[DEBUG  ] dreamplace.ops.electric_potential.electric_potential - density forward 1.783 ms
[DEBUG  ] dreamplace.ops.electric_potential.electric_potential - density forward 1.472 ms
[DEBUG  ] dreamplace.ops.electric_potential.electric_potential - density backward 0.855 ms
[DEBUG  ] dreamplace.ops.electric_potential.electric_potential - density backward 0.922 ms
[DEBUG  ] dreamplace.ops.weighted_average_wirelength.weighted_average_wirelength - wirelength backward 0.091 ms
[INFO   ] DREAMPlace - optimizer step 60.468 ms
[INFO   ] DREAMPlace - iteration  387, (  37,  4,  1), Obj 2.038043E+04, NetCrossing 5.923E+02, NetCrossingWeight 1.000000E-01, DensityWeight 1.936666E-03, HPWL 1.991944E+04, Overflow 8.840488E-03, MaxDensity 3.583E+00, MacroOverlap 2.834E-01, MacroOverlapWeight 1.500000E+00, gamma 1.203979E-01, time 18.255ms
[INFO   ] DREAMPlace - full step 79.348 ms
[DEBUG  ] dreamplace.ops.weighted_average_wirelength.weighted_average_wirelength - wirelength forward 0.088 ms
[DEBUG  ] dreamplace.ops.electric_potential.electric_potential - density forward 1.589 ms
[DEBUG  ] dreamplace.ops.electric_potential.electric_potential - density forward 1.274 ms
[DEBUG  ] dreamplace.ops.electric_potential.electric_potential - density backward 0.817 ms
[DEBUG  ] dreamplace.ops.electric_potential.electric_potential - density backward 0.990 ms
[DEBUG  ] dreamplace.ops.weighted_average_wirelength.weighted_average_wirelength - wirelength backward 0.131 ms
[INFO   ] DREAMPlace - optimizer step 30.560 ms
[INFO   ] DREAMPlace - iteration  388, (  37,  5,  0), Obj 1.950586E+04, NetCrossing 5.956E+02, NetCrossingWeight 1.000000E-01, DensityWeight 2.073160E-03, HPWL 1.906495E+04, Overflow 9.121426E-03, MaxDensity 3.569E+00, MacroOverlap 3.172E-01, MacroOverlapWeight 1.500000E+00, gamma 1.203979E-01, time 17.232ms
[INFO   ] DREAMPlace - full step 48.402 ms
[DEBUG  ] dreamplace.ops.weighted_average_wirelength.weighted_average_wirelength - wirelength forward 0.103 ms
[DEBUG  ] dreamplace.ops.electric_potential.electric_potential - density forward 1.527 ms
[DEBUG  ] dreamplace.ops.electric_potential.electric_potential - density forward 1.204 ms
[DEBUG  ] dreamplace.ops.electric_potential.electric_potential - density backward 0.840 ms
[DEBUG  ] dreamplace.ops.electric_potential.electric_potential - density backward 0.959 ms
[DEBUG  ] dreamplace.ops.weighted_average_wirelength.weighted_average_wirelength - wirelength backward 0.130 ms
[DEBUG  ] dreamplace.ops.weighted_average_wirelength.weighted_average_wirelength - wirelength forward 0.073 ms
[DEBUG  ] dreamplace.ops.electric_potential.electric_potential - density forward 1.710 ms
[DEBUG  ] dreamplace.ops.electric_potential.electric_potential - density forward 1.428 ms
[DEBUG  ] dreamplace.ops.electric_potential.electric_potential - density backward 0.778 ms
[DEBUG  ] dreamplace.ops.electric_potential.electric_potential - density backward 0.913 ms
[DEBUG  ] dreamplace.ops.weighted_average_wirelength.weighted_average_wirelength - wirelength backward 0.081 ms
[INFO   ] DREAMPlace - optimizer step 61.212 ms
[INFO   ] DREAMPlace - iteration  389, (  37,  5,  1), Obj 1.939635E+04, NetCrossing 6.000E+02, NetCrossingWeight 1.000000E-01, DensityWeight 2.073160E-03, HPWL 1.893368E+04, Overflow 9.052536E-03, MaxDensity 3.569E+00, MacroOverlap 2.826E-01, MacroOverlapWeight 1.500000E+00, gamma 1.203979E-01, time 17.935ms
[INFO   ] DREAMPlace - full step 79.763 ms
[DEBUG  ] dreamplace.ops.weighted_average_wirelength.weighted_average_wirelength - wirelength forward 0.096 ms
[DEBUG  ] dreamplace.ops.electric_potential.electric_potential - density forward 1.456 ms
[DEBUG  ] dreamplace.ops.electric_potential.electric_potential - density forward 1.190 ms
[DEBUG  ] dreamplace.ops.electric_potential.electric_potential - density backward 0.849 ms
[DEBUG  ] dreamplace.ops.electric_potential.electric_potential - density backward 0.936 ms
[DEBUG  ] dreamplace.ops.weighted_average_wirelength.weighted_average_wirelength - wirelength backward 0.101 ms
[INFO   ] DREAMPlace - optimizer step 29.895 ms
[INFO   ] DREAMPlace - iteration  390, (  37,  6,  0), Obj 1.937511E+04, NetCrossing 6.212E+02, NetCrossingWeight 1.000000E-01, DensityWeight 2.219053E-03, HPWL 1.894805E+04, Overflow 9.019870E-03, MaxDensity 3.521E+00, MacroOverlap 2.920E-01, MacroOverlapWeight 1.500000E+00, gamma 1.203979E-01, time 18.145ms
[INFO   ] DREAMPlace - full step 48.634 ms
[DEBUG  ] dreamplace.ops.weighted_average_wirelength.weighted_average_wirelength - wirelength forward 0.092 ms
[DEBUG  ] dreamplace.ops.electric_potential.electric_potential - density forward 1.456 ms
[DEBUG  ] dreamplace.ops.electric_potential.electric_potential - density forward 1.209 ms
[DEBUG  ] dreamplace.ops.electric_potential.electric_potential - density backward 0.779 ms
[DEBUG  ] dreamplace.ops.electric_potential.electric_potential - density backward 1.008 ms
[DEBUG  ] dreamplace.ops.weighted_average_wirelength.weighted_average_wirelength - wirelength backward 0.141 ms
[DEBUG  ] dreamplace.ops.weighted_average_wirelength.weighted_average_wirelength - wirelength forward 0.077 ms
[DEBUG  ] dreamplace.ops.electric_potential.electric_potential - density forward 1.771 ms
[DEBUG  ] dreamplace.ops.electric_potential.electric_potential - density forward 1.412 ms
[DEBUG  ] dreamplace.ops.electric_potential.electric_potential - density backward 0.839 ms
[DEBUG  ] dreamplace.ops.electric_potential.electric_potential - density backward 0.943 ms
[DEBUG  ] dreamplace.ops.weighted_average_wirelength.weighted_average_wirelength - wirelength backward 0.107 ms
[INFO   ] DREAMPlace - optimizer step 60.651 ms
[INFO   ] DREAMPlace - iteration  391, (  37,  6,  1), Obj 1.926205E+04, NetCrossing 6.118E+02, NetCrossingWeight 1.000000E-01, DensityWeight 2.219053E-03, HPWL 1.882701E+04, Overflow 8.736619E-03, MaxDensity 3.461E+00, MacroOverlap 2.567E-01, MacroOverlapWeight 1.500000E+00, gamma 1.203979E-01, time 18.808ms
[INFO   ] DREAMPlace - full step 80.075 ms
[DEBUG  ] dreamplace.ops.weighted_average_wirelength.weighted_average_wirelength - wirelength forward 0.095 ms
[DEBUG  ] dreamplace.ops.electric_potential.electric_potential - density forward 1.610 ms
[DEBUG  ] dreamplace.ops.electric_potential.electric_potential - density forward 1.316 ms
[DEBUG  ] dreamplace.ops.electric_potential.electric_potential - density backward 0.791 ms
[DEBUG  ] dreamplace.ops.electric_potential.electric_potential - density backward 1.021 ms
[DEBUG  ] dreamplace.ops.weighted_average_wirelength.weighted_average_wirelength - wirelength backward 0.138 ms
[INFO   ] DREAMPlace - optimizer step 31.360 ms
[INFO   ] DREAMPlace - iteration  392, (  37,  7,  0), Obj 1.937579E+04, NetCrossing 5.996E+02, NetCrossingWeight 1.000000E-01, DensityWeight 2.374975E-03, HPWL 1.896243E+04, Overflow 8.449128E-03, MaxDensity 3.203E+00, MacroOverlap 2.465E-01, MacroOverlapWeight 1.500000E+00, gamma 1.203979E-01, time 18.365ms
[INFO   ] DREAMPlace - full step 50.370 ms
[DEBUG  ] dreamplace.ops.weighted_average_wirelength.weighted_average_wirelength - wirelength forward 0.090 ms
[DEBUG  ] dreamplace.ops.electric_potential.electric_potential - density forward 1.474 ms
[DEBUG  ] dreamplace.ops.electric_potential.electric_potential - density forward 1.339 ms
[DEBUG  ] dreamplace.ops.electric_potential.electric_potential - density backward 0.813 ms
[DEBUG  ] dreamplace.ops.electric_potential.electric_potential - density backward 0.974 ms
[DEBUG  ] dreamplace.ops.weighted_average_wirelength.weighted_average_wirelength - wirelength backward 0.145 ms
[DEBUG  ] dreamplace.ops.weighted_average_wirelength.weighted_average_wirelength - wirelength forward 0.077 ms
[DEBUG  ] dreamplace.ops.electric_potential.electric_potential - density forward 1.694 ms
[DEBUG  ] dreamplace.ops.electric_potential.electric_potential - density forward 1.443 ms
[DEBUG  ] dreamplace.ops.electric_potential.electric_potential - density backward 0.862 ms
[DEBUG  ] dreamplace.ops.electric_potential.electric_potential - density backward 0.933 ms
[DEBUG  ] dreamplace.ops.weighted_average_wirelength.weighted_average_wirelength - wirelength backward 0.093 ms
[INFO   ] DREAMPlace - optimizer step 59.217 ms
[INFO   ] DREAMPlace - iteration  393, (  37,  7,  1), Obj 1.905955E+04, NetCrossing 5.910E+02, NetCrossingWeight 1.000000E-01, DensityWeight 2.374975E-03, HPWL 1.862545E+04, Overflow 8.471254E-03, MaxDensity 3.569E+00, MacroOverlap 2.357E-01, MacroOverlapWeight 1.500000E+00, gamma 1.203979E-01, time 17.944ms
[INFO   ] DREAMPlace - full step 77.781 ms
[DEBUG  ] dreamplace.ops.weighted_average_wirelength.weighted_average_wirelength - wirelength forward 0.091 ms
[DEBUG  ] dreamplace.ops.electric_potential.electric_potential - density forward 1.520 ms
[DEBUG  ] dreamplace.ops.electric_potential.electric_potential - density forward 1.225 ms
[DEBUG  ] dreamplace.ops.electric_potential.electric_potential - density backward 0.807 ms
[DEBUG  ] dreamplace.ops.electric_potential.electric_potential - density backward 0.978 ms
[DEBUG  ] dreamplace.ops.weighted_average_wirelength.weighted_average_wirelength - wirelength backward 0.122 ms
[INFO   ] DREAMPlace - optimizer step 29.702 ms
[INFO   ] DREAMPlace - iteration  394, (  37,  8,  0), Obj 1.855710E+04, NetCrossing 6.115E+02, NetCrossingWeight 1.000000E-01, DensityWeight 2.541598E-03, HPWL 1.814919E+04, Overflow 8.242366E-03, MaxDensity 3.569E+00, MacroOverlap 2.225E-01, MacroOverlapWeight 1.500000E+00, gamma 1.203979E-01, time 17.361ms
[INFO   ] DREAMPlace - full step 47.647 ms
[DEBUG  ] dreamplace.ops.weighted_average_wirelength.weighted_average_wirelength - wirelength forward 0.094 ms
[DEBUG  ] dreamplace.ops.electric_potential.electric_potential - density forward 1.470 ms
[DEBUG  ] dreamplace.ops.electric_potential.electric_potential - density forward 1.204 ms
[DEBUG  ] dreamplace.ops.electric_potential.electric_potential - density backward 0.810 ms
[DEBUG  ] dreamplace.ops.electric_potential.electric_potential - density backward 0.975 ms
[DEBUG  ] dreamplace.ops.weighted_average_wirelength.weighted_average_wirelength - wirelength backward 0.122 ms
[DEBUG  ] dreamplace.ops.weighted_average_wirelength.weighted_average_wirelength - wirelength forward 0.073 ms
[DEBUG  ] dreamplace.ops.electric_potential.electric_potential - density forward 1.731 ms
[DEBUG  ] dreamplace.ops.electric_potential.electric_potential - density forward 1.447 ms
[DEBUG  ] dreamplace.ops.electric_potential.electric_potential - density backward 0.848 ms
[DEBUG  ] dreamplace.ops.electric_potential.electric_potential - density backward 0.928 ms
[DEBUG  ] dreamplace.ops.weighted_average_wirelength.weighted_average_wirelength - wirelength backward 0.090 ms
[INFO   ] DREAMPlace - optimizer step 59.033 ms
[INFO   ] DREAMPlace - iteration  395, (  37,  8,  1), Obj 1.806318E+04, NetCrossing 5.920E+02, NetCrossingWeight 1.000000E-01, DensityWeight 2.541598E-03, HPWL 1.763829E+04, Overflow 8.797294E-03, MaxDensity 4.264E+00, MacroOverlap 2.584E-01, MacroOverlapWeight 1.500000E+00, gamma 1.203979E-01, time 17.913ms
[INFO   ] DREAMPlace - full step 77.558 ms
[DEBUG  ] dreamplace.ops.weighted_average_wirelength.weighted_average_wirelength - wirelength forward 0.089 ms
[DEBUG  ] dreamplace.ops.electric_potential.electric_potential - density forward 1.474 ms
[DEBUG  ] dreamplace.ops.electric_potential.electric_potential - density forward 1.198 ms
[DEBUG  ] dreamplace.ops.electric_potential.electric_potential - density backward 0.806 ms
[DEBUG  ] dreamplace.ops.electric_potential.electric_potential - density backward 0.990 ms
[DEBUG  ] dreamplace.ops.weighted_average_wirelength.weighted_average_wirelength - wirelength backward 0.132 ms
[INFO   ] DREAMPlace - optimizer step 30.059 ms
[INFO   ] DREAMPlace - iteration  396, (  37,  9,  0), Obj 1.798891E+04, NetCrossing 5.929E+02, NetCrossingWeight 1.000000E-01, DensityWeight 2.719640E-03, HPWL 1.758925E+04, Overflow 7.391412E-03, MaxDensity 3.509E+00, MacroOverlap 1.649E-01, MacroOverlapWeight 1.500000E+00, gamma 1.203979E-01, time 17.553ms
[INFO   ] DREAMPlace - full step 48.208 ms
[DEBUG  ] dreamplace.ops.weighted_average_wirelength.weighted_average_wirelength - wirelength forward 0.089 ms
[DEBUG  ] dreamplace.ops.electric_potential.electric_potential - density forward 1.473 ms
[DEBUG  ] dreamplace.ops.electric_potential.electric_potential - density forward 1.306 ms
[DEBUG  ] dreamplace.ops.electric_potential.electric_potential - density backward 0.836 ms
[DEBUG  ] dreamplace.ops.electric_potential.electric_potential - density backward 0.915 ms
[DEBUG  ] dreamplace.ops.weighted_average_wirelength.weighted_average_wirelength - wirelength backward 0.084 ms
[DEBUG  ] dreamplace.ops.weighted_average_wirelength.weighted_average_wirelength - wirelength forward 0.076 ms
[DEBUG  ] dreamplace.ops.electric_potential.electric_potential - density forward 1.782 ms
[DEBUG  ] dreamplace.ops.electric_potential.electric_potential - density forward 1.658 ms
[DEBUG  ] dreamplace.ops.electric_potential.electric_potential - density backward 0.803 ms
[DEBUG  ] dreamplace.ops.electric_potential.electric_potential - density backward 0.975 ms
[DEBUG  ] dreamplace.ops.weighted_average_wirelength.weighted_average_wirelength - wirelength backward 0.123 ms
[INFO   ] DREAMPlace - optimizer step 60.147 ms
[INFO   ] DREAMPlace - iteration  397, (  37,  9,  1), Obj 1.769070E+04, NetCrossing 5.917E+02, NetCrossingWeight 1.000000E-01, DensityWeight 2.719640E-03, HPWL 1.726725E+04, Overflow 8.382067E-03, MaxDensity 2.978E+00, MacroOverlap 2.335E-01, MacroOverlapWeight 1.500000E+00, gamma 1.203979E-01, time 17.312ms
[INFO   ] DREAMPlace - full step 78.051 ms
[DEBUG  ] dreamplace.ops.weighted_average_wirelength.weighted_average_wirelength - wirelength forward 0.088 ms
[DEBUG  ] dreamplace.ops.electric_potential.electric_potential - density forward 1.508 ms
[DEBUG  ] dreamplace.ops.electric_potential.electric_potential - density forward 1.242 ms
[DEBUG  ] dreamplace.ops.electric_potential.electric_potential - density backward 0.804 ms
[DEBUG  ] dreamplace.ops.electric_potential.electric_potential - density backward 0.984 ms
[DEBUG  ] dreamplace.ops.weighted_average_wirelength.weighted_average_wirelength - wirelength backward 0.121 ms
[INFO   ] DREAMPlace - optimizer step 30.295 ms
[INFO   ] DREAMPlace - iteration  398, (  38,  0,  0), Obj 1.725727E+04, NetCrossing 5.965E+02, NetCrossingWeight 1.000000E-01, DensityWeight 2.909862E-03, HPWL 1.686411E+04, Overflow 8.064747E-03, MaxDensity 3.236E+00, MacroOverlap 1.986E-01, MacroOverlapWeight 1.500000E+00, gamma 1.197872E-01, time 17.386ms
[INFO   ] DREAMPlace - full step 48.283 ms
[DEBUG  ] dreamplace.ops.weighted_average_wirelength.weighted_average_wirelength - wirelength forward 0.092 ms
[DEBUG  ] dreamplace.ops.electric_potential.electric_potential - density forward 1.513 ms
[DEBUG  ] dreamplace.ops.electric_potential.electric_potential - density forward 1.209 ms
[DEBUG  ] dreamplace.ops.electric_potential.electric_potential - density backward 0.808 ms
[DEBUG  ] dreamplace.ops.electric_potential.electric_potential - density backward 0.993 ms
[DEBUG  ] dreamplace.ops.weighted_average_wirelength.weighted_average_wirelength - wirelength backward 0.125 ms
[DEBUG  ] dreamplace.ops.weighted_average_wirelength.weighted_average_wirelength - wirelength forward 0.076 ms
[DEBUG  ] dreamplace.ops.electric_potential.electric_potential - density forward 1.662 ms
[DEBUG  ] dreamplace.ops.electric_potential.electric_potential - density forward 1.427 ms
[DEBUG  ] dreamplace.ops.electric_potential.electric_potential - density backward 0.815 ms
[DEBUG  ] dreamplace.ops.electric_potential.electric_potential - density backward 0.968 ms
[DEBUG  ] dreamplace.ops.weighted_average_wirelength.weighted_average_wirelength - wirelength backward 0.114 ms
[INFO   ] DREAMPlace - optimizer step 60.551 ms
[INFO   ] DREAMPlace - iteration  399, (  38,  0,  1), Obj 1.707611E+04, NetCrossing 5.874E+02, NetCrossingWeight 1.000000E-01, DensityWeight 2.909862E-03, HPWL 1.667428E+04, Overflow 8.107597E-03, MaxDensity 3.416E+00, MacroOverlap 1.944E-01, MacroOverlapWeight 1.500000E+00, gamma 1.197872E-01, time 17.673ms
[INFO   ] DREAMPlace - full step 78.843 ms
[INFO   ] DREAMPlace - plotting to ./results/reproduce-may20/small-9/PN42C_A00/run-0_0_1/PN42C_A00/plot/iter0400.png takes 0.049 seconds
[DEBUG  ] dreamplace.ops.weighted_average_wirelength.weighted_average_wirelength - wirelength forward 0.103 ms
[DEBUG  ] dreamplace.ops.electric_potential.electric_potential - density forward 1.531 ms
[DEBUG  ] dreamplace.ops.electric_potential.electric_potential - density forward 1.358 ms
[DEBUG  ] dreamplace.ops.electric_potential.electric_potential - density backward 0.767 ms
[DEBUG  ] dreamplace.ops.electric_potential.electric_potential - density backward 1.027 ms
[DEBUG  ] dreamplace.ops.weighted_average_wirelength.weighted_average_wirelength - wirelength backward 0.139 ms
[INFO   ] DREAMPlace - optimizer step 32.026 ms
[INFO   ] DREAMPlace - iteration  400, (  38,  1,  0), Obj 1.700429E+04, NetCrossing 5.858E+02, NetCrossingWeight 1.000000E-01, DensityWeight 3.113078E-03, HPWL 1.662393E+04, Overflow 7.903512E-03, MaxDensity 3.569E+00, MacroOverlap 1.915E-01, MacroOverlapWeight 1.500000E+00, gamma 1.197872E-01, time 17.848ms
[INFO   ] DREAMPlace - full step 101.181 ms
[DEBUG  ] dreamplace.ops.weighted_average_wirelength.weighted_average_wirelength - wirelength forward 0.092 ms
[DEBUG  ] dreamplace.ops.electric_potential.electric_potential - density forward 1.511 ms
[DEBUG  ] dreamplace.ops.electric_potential.electric_potential - density forward 1.210 ms
[DEBUG  ] dreamplace.ops.electric_potential.electric_potential - density backward 0.780 ms
[DEBUG  ] dreamplace.ops.electric_potential.electric_potential - density backward 1.146 ms
[DEBUG  ] dreamplace.ops.weighted_average_wirelength.weighted_average_wirelength - wirelength backward 0.070 ms
[DEBUG  ] dreamplace.ops.weighted_average_wirelength.weighted_average_wirelength - wirelength forward 0.076 ms
[DEBUG  ] dreamplace.ops.electric_potential.electric_potential - density forward 3.634 ms
[DEBUG  ] dreamplace.ops.electric_potential.electric_potential - density forward 1.562 ms
[DEBUG  ] dreamplace.ops.electric_potential.electric_potential - density backward 0.815 ms
[DEBUG  ] dreamplace.ops.electric_potential.electric_potential - density backward 1.114 ms
[DEBUG  ] dreamplace.ops.weighted_average_wirelength.weighted_average_wirelength - wirelength backward 0.114 ms
[INFO   ] DREAMPlace - optimizer step 64.077 ms
[INFO   ] DREAMPlace - iteration  401, (  38,  1,  1), Obj 1.702052E+04, NetCrossing 5.721E+02, NetCrossingWeight 1.000000E-01, DensityWeight 3.113078E-03, HPWL 1.661867E+04, Overflow 7.996126E-03, MaxDensity 3.323E+00, MacroOverlap 1.883E-01, MacroOverlapWeight 1.500000E+00, gamma 1.197872E-01, time 18.211ms
[INFO   ] DREAMPlace - full step 82.893 ms
[INFO   ] DREAMPlace - Lsub stopping criteria: 1 and 17020.5 > 17004.3 * 0.999
[DEBUG  ] dreamplace.ops.weighted_average_wirelength.weighted_average_wirelength - wirelength forward 0.090 ms
[DEBUG  ] dreamplace.ops.electric_potential.electric_potential - density forward 1.460 ms
[DEBUG  ] dreamplace.ops.electric_potential.electric_potential - density forward 1.212 ms
[DEBUG  ] dreamplace.ops.electric_potential.electric_potential - density backward 0.810 ms
[DEBUG  ] dreamplace.ops.electric_potential.electric_potential - density backward 1.131 ms
[DEBUG  ] dreamplace.ops.weighted_average_wirelength.weighted_average_wirelength - wirelength backward 0.075 ms
[INFO   ] DREAMPlace - optimizer step 29.438 ms
[INFO   ] DREAMPlace - iteration  402, (  38,  2,  0), Obj 1.642577E+04, NetCrossing 5.815E+02, NetCrossingWeight 1.000000E-01, DensityWeight 3.330153E-03, HPWL 1.604814E+04, Overflow 7.875470E-03, MaxDensity 3.209E+00, MacroOverlap 1.819E-01, MacroOverlapWeight 1.500000E+00, gamma 1.197872E-01, time 17.604ms
[INFO   ] DREAMPlace - full step 47.634 ms
[DEBUG  ] dreamplace.ops.weighted_average_wirelength.weighted_average_wirelength - wirelength forward 0.087 ms
[DEBUG  ] dreamplace.ops.electric_potential.electric_potential - density forward 1.506 ms
[DEBUG  ] dreamplace.ops.electric_potential.electric_potential - density forward 1.475 ms
[DEBUG  ] dreamplace.ops.electric_potential.electric_potential - density backward 0.806 ms
[DEBUG  ] dreamplace.ops.electric_potential.electric_potential - density backward 1.143 ms
[DEBUG  ] dreamplace.ops.weighted_average_wirelength.weighted_average_wirelength - wirelength backward 0.148 ms
[DEBUG  ] dreamplace.ops.weighted_average_wirelength.weighted_average_wirelength - wirelength forward 0.076 ms
[DEBUG  ] dreamplace.ops.electric_potential.electric_potential - density forward 1.618 ms
[DEBUG  ] dreamplace.ops.electric_potential.electric_potential - density forward 1.356 ms
[DEBUG  ] dreamplace.ops.electric_potential.electric_potential - density backward 0.788 ms
[DEBUG  ] dreamplace.ops.electric_potential.electric_potential - density backward 1.144 ms
[DEBUG  ] dreamplace.ops.weighted_average_wirelength.weighted_average_wirelength - wirelength backward 0.130 ms
[INFO   ] DREAMPlace - optimizer step 62.135 ms
[INFO   ] DREAMPlace - iteration  403, (  38,  2,  1), Obj 1.647704E+04, NetCrossing 5.757E+02, NetCrossingWeight 1.000000E-01, DensityWeight 3.330153E-03, HPWL 1.608713E+04, Overflow 7.760531E-03, MaxDensity 3.464E+00, MacroOverlap 1.755E-01, MacroOverlapWeight 1.500000E+00, gamma 1.197872E-01, time 18.003ms
[INFO   ] DREAMPlace - full step 80.771 ms
[INFO   ] DREAMPlace - Lsub stopping criteria: 1 and 16477 > 16425.8 * 0.999
[DEBUG  ] dreamplace.ops.weighted_average_wirelength.weighted_average_wirelength - wirelength forward 0.089 ms
[DEBUG  ] dreamplace.ops.electric_potential.electric_potential - density forward 1.451 ms
[DEBUG  ] dreamplace.ops.electric_potential.electric_potential - density forward 1.175 ms
[DEBUG  ] dreamplace.ops.electric_potential.electric_potential - density backward 0.826 ms
[DEBUG  ] dreamplace.ops.electric_potential.electric_potential - density backward 1.133 ms
[DEBUG  ] dreamplace.ops.weighted_average_wirelength.weighted_average_wirelength - wirelength backward 0.121 ms
[INFO   ] DREAMPlace - optimizer step 29.713 ms
[INFO   ] DREAMPlace - iteration  404, (  38,  3,  0), Obj 1.621044E+04, NetCrossing 5.896E+02, NetCrossingWeight 1.000000E-01, DensityWeight 3.562009E-03, HPWL 1.584075E+04, Overflow 7.349172E-03, MaxDensity 3.316E+00, MacroOverlap 1.537E-01, MacroOverlapWeight 1.500000E+00, gamma 1.197872E-01, time 17.497ms
[INFO   ] DREAMPlace - full step 47.798 ms
[DEBUG  ] dreamplace.ops.weighted_average_wirelength.weighted_average_wirelength - wirelength forward 0.093 ms
[DEBUG  ] dreamplace.ops.electric_potential.electric_potential - density forward 1.490 ms
[DEBUG  ] dreamplace.ops.electric_potential.electric_potential - density forward 1.182 ms
[DEBUG  ] dreamplace.ops.electric_potential.electric_potential - density backward 0.833 ms
[DEBUG  ] dreamplace.ops.electric_potential.electric_potential - density backward 1.124 ms
[DEBUG  ] dreamplace.ops.weighted_average_wirelength.weighted_average_wirelength - wirelength backward 0.122 ms
[DEBUG  ] dreamplace.ops.weighted_average_wirelength.weighted_average_wirelength - wirelength forward 0.077 ms
[DEBUG  ] dreamplace.ops.electric_potential.electric_potential - density forward 1.760 ms
[DEBUG  ] dreamplace.ops.electric_potential.electric_potential - density forward 1.483 ms
[DEBUG  ] dreamplace.ops.electric_potential.electric_potential - density backward 0.821 ms
[DEBUG  ] dreamplace.ops.electric_potential.electric_potential - density backward 1.130 ms
[DEBUG  ] dreamplace.ops.weighted_average_wirelength.weighted_average_wirelength - wirelength backward 0.113 ms
[INFO   ] DREAMPlace - optimizer step 60.707 ms
[INFO   ] DREAMPlace - iteration  405, (  38,  3,  1), Obj 1.602861E+04, NetCrossing 5.947E+02, NetCrossingWeight 1.000000E-01, DensityWeight 3.562009E-03, HPWL 1.564208E+04, Overflow 7.666180E-03, MaxDensity 3.160E+00, MacroOverlap 1.793E-01, MacroOverlapWeight 1.500000E+00, gamma 1.197872E-01, time 18.318ms
[INFO   ] DREAMPlace - full step 79.632 ms
[DEBUG  ] dreamplace.ops.weighted_average_wirelength.weighted_average_wirelength - wirelength forward 0.092 ms
[DEBUG  ] dreamplace.ops.electric_potential.electric_potential - density forward 1.454 ms
[DEBUG  ] dreamplace.ops.electric_potential.electric_potential - density forward 1.169 ms
[DEBUG  ] dreamplace.ops.electric_potential.electric_potential - density backward 0.817 ms
[DEBUG  ] dreamplace.ops.electric_potential.electric_potential - density backward 1.131 ms
[DEBUG  ] dreamplace.ops.weighted_average_wirelength.weighted_average_wirelength - wirelength backward 0.121 ms
[INFO   ] DREAMPlace - optimizer step 30.201 ms
[INFO   ] DREAMPlace - iteration  406, (  38,  4,  0), Obj 1.593206E+04, NetCrossing 5.857E+02, NetCrossingWeight 1.000000E-01, DensityWeight 3.810000E-03, HPWL 1.556644E+04, Overflow 7.955053E-03, MaxDensity 2.782E+00, MacroOverlap 1.865E-01, MacroOverlapWeight 1.500000E+00, gamma 1.197872E-01, time 17.232ms
[INFO   ] DREAMPlace - full step 48.000 ms
[DEBUG  ] dreamplace.ops.weighted_average_wirelength.weighted_average_wirelength - wirelength forward 0.090 ms
[DEBUG  ] dreamplace.ops.electric_potential.electric_potential - density forward 1.460 ms
[DEBUG  ] dreamplace.ops.electric_potential.electric_potential - density forward 1.238 ms
[DEBUG  ] dreamplace.ops.electric_potential.electric_potential - density backward 0.796 ms
[DEBUG  ] dreamplace.ops.electric_potential.electric_potential - density backward 1.143 ms
[DEBUG  ] dreamplace.ops.weighted_average_wirelength.weighted_average_wirelength - wirelength backward 0.129 ms
[DEBUG  ] dreamplace.ops.weighted_average_wirelength.weighted_average_wirelength - wirelength forward 0.075 ms
[DEBUG  ] dreamplace.ops.electric_potential.electric_potential - density forward 1.768 ms
[DEBUG  ] dreamplace.ops.electric_potential.electric_potential - density forward 1.465 ms
[DEBUG  ] dreamplace.ops.electric_potential.electric_potential - density backward 0.806 ms
[DEBUG  ] dreamplace.ops.electric_potential.electric_potential - density backward 1.127 ms
[DEBUG  ] dreamplace.ops.weighted_average_wirelength.weighted_average_wirelength - wirelength backward 0.124 ms
[INFO   ] DREAMPlace - optimizer step 61.310 ms
[INFO   ] DREAMPlace - iteration  407, (  38,  4,  1), Obj 1.595314E+04, NetCrossing 5.896E+02, NetCrossingWeight 1.000000E-01, DensityWeight 3.810000E-03, HPWL 1.557401E+04, Overflow 7.386467E-03, MaxDensity 2.981E+00, MacroOverlap 1.486E-01, MacroOverlapWeight 1.500000E+00, gamma 1.197872E-01, time 18.612ms
[INFO   ] DREAMPlace - full step 80.524 ms
[INFO   ] DREAMPlace - Lsub stopping criteria: 1 and 15953.1 > 15932.1 * 0.999
[DEBUG  ] dreamplace.ops.weighted_average_wirelength.weighted_average_wirelength - wirelength forward 0.087 ms
[DEBUG  ] dreamplace.ops.electric_potential.electric_potential - density forward 1.585 ms
[DEBUG  ] dreamplace.ops.electric_potential.electric_potential - density forward 1.201 ms
[DEBUG  ] dreamplace.ops.electric_potential.electric_potential - density backward 0.785 ms
[DEBUG  ] dreamplace.ops.electric_potential.electric_potential - density backward 1.145 ms
[DEBUG  ] dreamplace.ops.weighted_average_wirelength.weighted_average_wirelength - wirelength backward 0.132 ms
[INFO   ] DREAMPlace - optimizer step 30.911 ms
[INFO   ] DREAMPlace - iteration  408, (  38,  5,  0), Obj 1.558270E+04, NetCrossing 5.795E+02, NetCrossingWeight 1.000000E-01, DensityWeight 4.075257E-03, HPWL 1.522287E+04, Overflow 7.690464E-03, MaxDensity 2.808E+00, MacroOverlap 1.606E-01, MacroOverlapWeight 1.500000E+00, gamma 1.197872E-01, time 17.264ms
[INFO   ] DREAMPlace - full step 48.755 ms
[DEBUG  ] dreamplace.ops.weighted_average_wirelength.weighted_average_wirelength - wirelength forward 0.086 ms
[DEBUG  ] dreamplace.ops.electric_potential.electric_potential - density forward 1.494 ms
[DEBUG  ] dreamplace.ops.electric_potential.electric_potential - density forward 1.216 ms
[DEBUG  ] dreamplace.ops.electric_potential.electric_potential - density backward 0.813 ms
[DEBUG  ] dreamplace.ops.electric_potential.electric_potential - density backward 1.124 ms
[DEBUG  ] dreamplace.ops.weighted_average_wirelength.weighted_average_wirelength - wirelength backward 0.118 ms
[DEBUG  ] dreamplace.ops.weighted_average_wirelength.weighted_average_wirelength - wirelength forward 0.072 ms
[DEBUG  ] dreamplace.ops.electric_potential.electric_potential - density forward 1.778 ms
[DEBUG  ] dreamplace.ops.electric_potential.electric_potential - density forward 1.446 ms
[DEBUG  ] dreamplace.ops.electric_potential.electric_potential - density backward 0.883 ms
[DEBUG  ] dreamplace.ops.electric_potential.electric_potential - density backward 1.083 ms
[DEBUG  ] dreamplace.ops.weighted_average_wirelength.weighted_average_wirelength - wirelength backward 0.096 ms
[INFO   ] DREAMPlace - optimizer step 59.207 ms
[INFO   ] DREAMPlace - iteration  409, (  38,  5,  1), Obj 1.534178E+04, NetCrossing 5.830E+02, NetCrossingWeight 1.000000E-01, DensityWeight 4.075257E-03, HPWL 1.497105E+04, Overflow 7.398938E-03, MaxDensity 2.805E+00, MacroOverlap 1.609E-01, MacroOverlapWeight 1.500000E+00, gamma 1.197872E-01, time 18.139ms
[INFO   ] DREAMPlace - full step 77.951 ms
[DEBUG  ] dreamplace.ops.weighted_average_wirelength.weighted_average_wirelength - wirelength forward 0.080 ms
[DEBUG  ] dreamplace.ops.electric_potential.electric_potential - density forward 1.430 ms
[DEBUG  ] dreamplace.ops.electric_potential.electric_potential - density forward 1.184 ms
[DEBUG  ] dreamplace.ops.electric_potential.electric_potential - density backward 0.799 ms
[DEBUG  ] dreamplace.ops.electric_potential.electric_potential - density backward 1.157 ms
[DEBUG  ] dreamplace.ops.weighted_average_wirelength.weighted_average_wirelength - wirelength backward 0.073 ms
[INFO   ] DREAMPlace - optimizer step 29.416 ms
[INFO   ] DREAMPlace - iteration  410, (  38,  6,  0), Obj 1.498810E+04, NetCrossing 5.790E+02, NetCrossingWeight 1.000000E-01, DensityWeight 4.358981E-03, HPWL 1.463523E+04, Overflow 7.743315E-03, MaxDensity 2.764E+00, MacroOverlap 1.698E-01, MacroOverlapWeight 1.500000E+00, gamma 1.197872E-01, time 16.661ms
[INFO   ] DREAMPlace - full step 46.664 ms
[DEBUG  ] dreamplace.ops.weighted_average_wirelength.weighted_average_wirelength - wirelength forward 0.081 ms
[DEBUG  ] dreamplace.ops.electric_potential.electric_potential - density forward 1.435 ms
[DEBUG  ] dreamplace.ops.electric_potential.electric_potential - density forward 2.505 ms
[DEBUG  ] dreamplace.ops.electric_potential.electric_potential - density backward 0.756 ms
[DEBUG  ] dreamplace.ops.electric_potential.electric_potential - density backward 1.062 ms
[DEBUG  ] dreamplace.ops.weighted_average_wirelength.weighted_average_wirelength - wirelength backward 0.083 ms
[DEBUG  ] dreamplace.ops.weighted_average_wirelength.weighted_average_wirelength - wirelength forward 0.073 ms
[DEBUG  ] dreamplace.ops.electric_potential.electric_potential - density forward 1.673 ms
[DEBUG  ] dreamplace.ops.electric_potential.electric_potential - density forward 1.420 ms
[DEBUG  ] dreamplace.ops.electric_potential.electric_potential - density backward 0.830 ms
[DEBUG  ] dreamplace.ops.electric_potential.electric_potential - density backward 1.103 ms
[DEBUG  ] dreamplace.ops.weighted_average_wirelength.weighted_average_wirelength - wirelength backward 0.109 ms
[INFO   ] DREAMPlace - optimizer step 60.197 ms
[INFO   ] DREAMPlace - iteration  411, (  38,  6,  1), Obj 1.509509E+04, NetCrossing 5.864E+02, NetCrossingWeight 1.000000E-01, DensityWeight 4.358981E-03, HPWL 1.473149E+04, Overflow 6.903224E-03, MaxDensity 2.731E+00, MacroOverlap 1.186E-01, MacroOverlapWeight 1.500000E+00, gamma 1.197872E-01, time 17.330ms
[INFO   ] DREAMPlace - full step 78.108 ms
[INFO   ] DREAMPlace - Lsub stopping criteria: 1 and 15095.1 > 14988.1 * 0.999
[DEBUG  ] dreamplace.ops.weighted_average_wirelength.weighted_average_wirelength - wirelength forward 0.086 ms
[DEBUG  ] dreamplace.ops.electric_potential.electric_potential - density forward 1.440 ms
[DEBUG  ] dreamplace.ops.electric_potential.electric_potential - density forward 1.178 ms
[DEBUG  ] dreamplace.ops.electric_potential.electric_potential - density backward 0.837 ms
[DEBUG  ] dreamplace.ops.electric_potential.electric_potential - density backward 1.101 ms
[DEBUG  ] dreamplace.ops.weighted_average_wirelength.weighted_average_wirelength - wirelength backward 0.108 ms
[INFO   ] DREAMPlace - optimizer step 29.412 ms
[INFO   ] DREAMPlace - iteration  412, (  38,  7,  0), Obj 1.474037E+04, NetCrossing 5.863E+02, NetCrossingWeight 1.000000E-01, DensityWeight 4.662459E-03, HPWL 1.439613E+04, Overflow 7.174731E-03, MaxDensity 2.700E+00, MacroOverlap 1.245E-01, MacroOverlapWeight 1.500000E+00, gamma 1.197872E-01, time 17.445ms
[INFO   ] DREAMPlace - full step 47.428 ms
[DEBUG  ] dreamplace.ops.weighted_average_wirelength.weighted_average_wirelength - wirelength forward 0.086 ms
[DEBUG  ] dreamplace.ops.electric_potential.electric_potential - density forward 1.430 ms
[DEBUG  ] dreamplace.ops.electric_potential.electric_potential - density forward 1.172 ms
[DEBUG  ] dreamplace.ops.electric_potential.electric_potential - density backward 0.786 ms
[DEBUG  ] dreamplace.ops.electric_potential.electric_potential - density backward 1.157 ms
[DEBUG  ] dreamplace.ops.weighted_average_wirelength.weighted_average_wirelength - wirelength backward 0.066 ms
[DEBUG  ] dreamplace.ops.weighted_average_wirelength.weighted_average_wirelength - wirelength forward 0.072 ms
[DEBUG  ] dreamplace.ops.electric_potential.electric_potential - density forward 1.745 ms
[DEBUG  ] dreamplace.ops.electric_potential.electric_potential - density forward 1.458 ms
[DEBUG  ] dreamplace.ops.electric_potential.electric_potential - density backward 0.867 ms
[DEBUG  ] dreamplace.ops.electric_potential.electric_potential - density backward 1.102 ms
[DEBUG  ] dreamplace.ops.weighted_average_wirelength.weighted_average_wirelength - wirelength backward 0.105 ms
[INFO   ] DREAMPlace - optimizer step 59.924 ms
[INFO   ] DREAMPlace - iteration  413, (  38,  7,  1), Obj 1.496948E+04, NetCrossing 5.910E+02, NetCrossingWeight 1.000000E-01, DensityWeight 4.662459E-03, HPWL 1.461617E+04, Overflow 6.953902E-03, MaxDensity 2.900E+00, MacroOverlap 1.235E-01, MacroOverlapWeight 1.500000E+00, gamma 1.197872E-01, time 18.041ms
[INFO   ] DREAMPlace - full step 78.549 ms
[INFO   ] DREAMPlace - Lsub stopping criteria: 1 and 14969.5 > 14740.4 * 0.999
[DEBUG  ] dreamplace.ops.weighted_average_wirelength.weighted_average_wirelength - wirelength forward 0.073 ms
[DEBUG  ] dreamplace.ops.electric_potential.electric_potential - density forward 1.294 ms
[DEBUG  ] dreamplace.ops.electric_potential.electric_potential - density forward 1.145 ms
[DEBUG  ] dreamplace.ops.electric_potential.electric_potential - density backward 0.780 ms
[DEBUG  ] dreamplace.ops.electric_potential.electric_potential - density backward 1.148 ms
[DEBUG  ] dreamplace.ops.weighted_average_wirelength.weighted_average_wirelength - wirelength backward 0.131 ms
[INFO   ] DREAMPlace - optimizer step 29.442 ms
[INFO   ] DREAMPlace - iteration  414, (  38,  8,  0), Obj 1.491932E+04, NetCrossing 5.849E+02, NetCrossingWeight 1.000000E-01, DensityWeight 4.987065E-03, HPWL 1.458264E+04, Overflow 7.080409E-03, MaxDensity 3.048E+00, MacroOverlap 1.309E-01, MacroOverlapWeight 1.500000E+00, gamma 1.197872E-01, time 16.327ms
[INFO   ] DREAMPlace - full step 46.307 ms
[DEBUG  ] dreamplace.ops.weighted_average_wirelength.weighted_average_wirelength - wirelength forward 0.070 ms
[DEBUG  ] dreamplace.ops.electric_potential.electric_potential - density forward 1.307 ms
[DEBUG  ] dreamplace.ops.electric_potential.electric_potential - density forward 1.129 ms
[DEBUG  ] dreamplace.ops.electric_potential.electric_potential - density backward 0.795 ms
[DEBUG  ] dreamplace.ops.electric_potential.electric_potential - density backward 1.134 ms
[DEBUG  ] dreamplace.ops.weighted_average_wirelength.weighted_average_wirelength - wirelength backward 0.126 ms
[DEBUG  ] dreamplace.ops.weighted_average_wirelength.weighted_average_wirelength - wirelength forward 0.073 ms
[DEBUG  ] dreamplace.ops.electric_potential.electric_potential - density forward 1.476 ms
[DEBUG  ] dreamplace.ops.electric_potential.electric_potential - density forward 1.203 ms
[DEBUG  ] dreamplace.ops.electric_potential.electric_potential - density backward 0.848 ms
[DEBUG  ] dreamplace.ops.electric_potential.electric_potential - density backward 1.084 ms
[DEBUG  ] dreamplace.ops.weighted_average_wirelength.weighted_average_wirelength - wirelength backward 0.066 ms
[INFO   ] DREAMPlace - optimizer step 57.564 ms
[INFO   ] DREAMPlace - iteration  415, (  38,  8,  1), Obj 1.495741E+04, NetCrossing 5.790E+02, NetCrossingWeight 1.000000E-01, DensityWeight 4.987065E-03, HPWL 1.460750E+04, Overflow 6.704357E-03, MaxDensity 2.837E+00, MacroOverlap 1.242E-01, MacroOverlapWeight 1.500000E+00, gamma 1.197872E-01, time 16.442ms
[INFO   ] DREAMPlace - full step 74.587 ms
[INFO   ] DREAMPlace - Lsub stopping criteria: 1 and 14957.4 > 14919.3 * 0.999
[DEBUG  ] dreamplace.ops.weighted_average_wirelength.weighted_average_wirelength - wirelength forward 0.079 ms
[DEBUG  ] dreamplace.ops.electric_potential.electric_potential - density forward 1.374 ms
[DEBUG  ] dreamplace.ops.electric_potential.electric_potential - density forward 1.147 ms
[DEBUG  ] dreamplace.ops.electric_potential.electric_potential - density backward 0.791 ms
[DEBUG  ] dreamplace.ops.electric_potential.electric_potential - density backward 1.152 ms
[DEBUG  ] dreamplace.ops.weighted_average_wirelength.weighted_average_wirelength - wirelength backward 0.066 ms
[INFO   ] DREAMPlace - optimizer step 29.278 ms
[INFO   ] DREAMPlace - iteration  416, (  38,  9,  0), Obj 1.487244E+04, NetCrossing 5.869E+02, NetCrossingWeight 1.000000E-01, DensityWeight 5.334270E-03, HPWL 1.454354E+04, Overflow 6.965610E-03, MaxDensity 2.817E+00, MacroOverlap 1.197E-01, MacroOverlapWeight 1.500000E+00, gamma 1.197872E-01, time 17.615ms
[INFO   ] DREAMPlace - full step 47.463 ms
[DEBUG  ] dreamplace.ops.weighted_average_wirelength.weighted_average_wirelength - wirelength forward 0.078 ms
[DEBUG  ] dreamplace.ops.electric_potential.electric_potential - density forward 1.411 ms
[DEBUG  ] dreamplace.ops.electric_potential.electric_potential - density forward 1.148 ms
[DEBUG  ] dreamplace.ops.electric_potential.electric_potential - density backward 0.801 ms
[DEBUG  ] dreamplace.ops.electric_potential.electric_potential - density backward 1.155 ms
[DEBUG  ] dreamplace.ops.weighted_average_wirelength.weighted_average_wirelength - wirelength backward 0.074 ms
[DEBUG  ] dreamplace.ops.weighted_average_wirelength.weighted_average_wirelength - wirelength forward 0.077 ms
[DEBUG  ] dreamplace.ops.electric_potential.electric_potential - density forward 1.683 ms
[DEBUG  ] dreamplace.ops.electric_potential.electric_potential - density forward 1.427 ms
[DEBUG  ] dreamplace.ops.electric_potential.electric_potential - density backward 1.187 ms
[DEBUG  ] dreamplace.ops.electric_potential.electric_potential - density backward 1.141 ms
[DEBUG  ] dreamplace.ops.weighted_average_wirelength.weighted_average_wirelength - wirelength backward 0.111 ms
[INFO   ] DREAMPlace - optimizer step 59.814 ms
[INFO   ] DREAMPlace - iteration  417, (  38,  9,  1), Obj 1.478625E+04, NetCrossing 5.916E+02, NetCrossingWeight 1.000000E-01, DensityWeight 5.334270E-03, HPWL 1.445061E+04, Overflow 6.668263E-03, MaxDensity 2.758E+00, MacroOverlap 1.178E-01, MacroOverlapWeight 1.500000E+00, gamma 1.197872E-01, time 19.993ms
[INFO   ] DREAMPlace - full step 80.389 ms
[DEBUG  ] dreamplace.ops.weighted_average_wirelength.weighted_average_wirelength - wirelength forward 0.078 ms
[DEBUG  ] dreamplace.ops.electric_potential.electric_potential - density forward 1.388 ms
[DEBUG  ] dreamplace.ops.electric_potential.electric_potential - density forward 1.161 ms
[DEBUG  ] dreamplace.ops.electric_potential.electric_potential - density backward 0.820 ms
[DEBUG  ] dreamplace.ops.electric_potential.electric_potential - density backward 1.089 ms
[DEBUG  ] dreamplace.ops.weighted_average_wirelength.weighted_average_wirelength - wirelength backward 0.103 ms
[INFO   ] DREAMPlace - optimizer step 28.560 ms
[INFO   ] DREAMPlace - iteration  418, (  39,  0,  0), Obj 1.481378E+04, NetCrossing 5.868E+02, NetCrossingWeight 1.000000E-01, DensityWeight 5.705649E-03, HPWL 1.449331E+04, Overflow 6.591234E-03, MaxDensity 2.677E+00, MacroOverlap 9.985E-02, MacroOverlapWeight 1.500000E+00, gamma 1.187413E-01, time 16.927ms
[INFO   ] DREAMPlace - full step 46.043 ms
[DEBUG  ] dreamplace.ops.weighted_average_wirelength.weighted_average_wirelength - wirelength forward 0.091 ms
[DEBUG  ] dreamplace.ops.electric_potential.electric_potential - density forward 1.385 ms
[DEBUG  ] dreamplace.ops.electric_potential.electric_potential - density forward 1.292 ms
[DEBUG  ] dreamplace.ops.electric_potential.electric_potential - density backward 0.761 ms
[DEBUG  ] dreamplace.ops.electric_potential.electric_potential - density backward 1.153 ms
[DEBUG  ] dreamplace.ops.weighted_average_wirelength.weighted_average_wirelength - wirelength backward 0.138 ms
[DEBUG  ] dreamplace.ops.weighted_average_wirelength.weighted_average_wirelength - wirelength forward 0.072 ms
[DEBUG  ] dreamplace.ops.electric_potential.electric_potential - density forward 1.784 ms
[DEBUG  ] dreamplace.ops.electric_potential.electric_potential - density forward 1.428 ms
[DEBUG  ] dreamplace.ops.electric_potential.electric_potential - density backward 0.872 ms
[DEBUG  ] dreamplace.ops.electric_potential.electric_potential - density backward 1.076 ms
[DEBUG  ] dreamplace.ops.weighted_average_wirelength.weighted_average_wirelength - wirelength backward 0.072 ms
[INFO   ] DREAMPlace - optimizer step 59.521 ms
[INFO   ] DREAMPlace - iteration  419, (  39,  0,  1), Obj 1.455967E+04, NetCrossing 5.816E+02, NetCrossingWeight 1.000000E-01, DensityWeight 5.705649E-03, HPWL 1.422045E+04, Overflow 6.444254E-03, MaxDensity 2.863E+00, MacroOverlap 9.831E-02, MacroOverlapWeight 1.500000E+00, gamma 1.187413E-01, time 17.511ms
[INFO   ] DREAMPlace - full step 77.603 ms
[DEBUG  ] dreamplace.ops.weighted_average_wirelength.weighted_average_wirelength - wirelength forward 0.080 ms
[DEBUG  ] dreamplace.ops.electric_potential.electric_potential - density forward 1.558 ms
[DEBUG  ] dreamplace.ops.electric_potential.electric_potential - density forward 1.187 ms
[DEBUG  ] dreamplace.ops.electric_potential.electric_potential - density backward 0.800 ms
[DEBUG  ] dreamplace.ops.electric_potential.electric_potential - density backward 1.137 ms
[DEBUG  ] dreamplace.ops.weighted_average_wirelength.weighted_average_wirelength - wirelength backward 0.064 ms
[INFO   ] DREAMPlace - optimizer step 29.469 ms
[INFO   ] DREAMPlace - iteration  420, (  39,  1,  0), Obj 1.464709E+04, NetCrossing 5.801E+02, NetCrossingWeight 1.000000E-01, DensityWeight 6.102883E-03, HPWL 1.432600E+04, Overflow 6.375381E-03, MaxDensity 2.763E+00, MacroOverlap 9.408E-02, MacroOverlapWeight 1.500000E+00, gamma 1.187413E-01, time 16.955ms
[INFO   ] DREAMPlace - full step 46.981 ms
[DEBUG  ] dreamplace.ops.weighted_average_wirelength.weighted_average_wirelength - wirelength forward 0.080 ms
[DEBUG  ] dreamplace.ops.electric_potential.electric_potential - density forward 1.458 ms
[DEBUG  ] dreamplace.ops.electric_potential.electric_potential - density forward 1.192 ms
[DEBUG  ] dreamplace.ops.electric_potential.electric_potential - density backward 0.796 ms
[DEBUG  ] dreamplace.ops.electric_potential.electric_potential - density backward 1.140 ms
[DEBUG  ] dreamplace.ops.weighted_average_wirelength.weighted_average_wirelength - wirelength backward 0.068 ms
[DEBUG  ] dreamplace.ops.weighted_average_wirelength.weighted_average_wirelength - wirelength forward 0.073 ms
[DEBUG  ] dreamplace.ops.electric_potential.electric_potential - density forward 1.733 ms
[DEBUG  ] dreamplace.ops.electric_potential.electric_potential - density forward 1.443 ms
[DEBUG  ] dreamplace.ops.electric_potential.electric_potential - density backward 0.832 ms
[DEBUG  ] dreamplace.ops.electric_potential.electric_potential - density backward 1.109 ms
[DEBUG  ] dreamplace.ops.weighted_average_wirelength.weighted_average_wirelength - wirelength backward 0.129 ms
[INFO   ] DREAMPlace - optimizer step 60.510 ms
[INFO   ] DREAMPlace - iteration  421, (  39,  1,  1), Obj 1.447865E+04, NetCrossing 5.785E+02, NetCrossingWeight 1.000000E-01, DensityWeight 6.102883E-03, HPWL 1.414754E+04, Overflow 6.326931E-03, MaxDensity 2.677E+00, MacroOverlap 9.425E-02, MacroOverlapWeight 1.500000E+00, gamma 1.187413E-01, time 17.637ms
[INFO   ] DREAMPlace - full step 78.708 ms
[DEBUG  ] dreamplace.ops.weighted_average_wirelength.weighted_average_wirelength - wirelength forward 0.078 ms
[DEBUG  ] dreamplace.ops.electric_potential.electric_potential - density forward 1.377 ms
[DEBUG  ] dreamplace.ops.electric_potential.electric_potential - density forward 1.148 ms
[DEBUG  ] dreamplace.ops.electric_potential.electric_potential - density backward 0.796 ms
[DEBUG  ] dreamplace.ops.electric_potential.electric_potential - density backward 1.149 ms
[DEBUG  ] dreamplace.ops.weighted_average_wirelength.weighted_average_wirelength - wirelength backward 0.132 ms
[INFO   ] DREAMPlace - optimizer step 29.254 ms
[INFO   ] DREAMPlace - iteration  422, (  39,  2,  0), Obj 1.448322E+04, NetCrossing 5.913E+02, NetCrossingWeight 1.000000E-01, DensityWeight 6.527773E-03, HPWL 1.416492E+04, Overflow 6.128345E-03, MaxDensity 2.677E+00, MacroOverlap 8.197E-02, MacroOverlapWeight 1.500000E+00, gamma 1.187413E-01, time 16.828ms
[INFO   ] DREAMPlace - full step 46.711 ms
[DEBUG  ] dreamplace.ops.weighted_average_wirelength.weighted_average_wirelength - wirelength forward 0.091 ms
[DEBUG  ] dreamplace.ops.electric_potential.electric_potential - density forward 1.491 ms
[DEBUG  ] dreamplace.ops.electric_potential.electric_potential - density forward 1.195 ms
[DEBUG  ] dreamplace.ops.electric_potential.electric_potential - density backward 0.818 ms
[DEBUG  ] dreamplace.ops.electric_potential.electric_potential - density backward 1.113 ms
[DEBUG  ] dreamplace.ops.weighted_average_wirelength.weighted_average_wirelength - wirelength backward 0.119 ms
[DEBUG  ] dreamplace.ops.weighted_average_wirelength.weighted_average_wirelength - wirelength forward 0.077 ms
[DEBUG  ] dreamplace.ops.electric_potential.electric_potential - density forward 1.777 ms
[DEBUG  ] dreamplace.ops.electric_potential.electric_potential - density forward 1.542 ms
[DEBUG  ] dreamplace.ops.electric_potential.electric_potential - density backward 0.851 ms
[DEBUG  ] dreamplace.ops.electric_potential.electric_potential - density backward 1.084 ms
[DEBUG  ] dreamplace.ops.weighted_average_wirelength.weighted_average_wirelength - wirelength backward 0.081 ms
[INFO   ] DREAMPlace - optimizer step 60.333 ms
[INFO   ] DREAMPlace - iteration  423, (  39,  2,  1), Obj 1.428003E+04, NetCrossing 5.768E+02, NetCrossingWeight 1.000000E-01, DensityWeight 6.527773E-03, HPWL 1.395119E+04, Overflow 6.022344E-03, MaxDensity 2.677E+00, MacroOverlap 7.436E-02, MacroOverlapWeight 1.500000E+00, gamma 1.187413E-01, time 17.949ms
[INFO   ] DREAMPlace - full step 78.882 ms
[DEBUG  ] dreamplace.ops.weighted_average_wirelength.weighted_average_wirelength - wirelength forward 0.095 ms
[DEBUG  ] dreamplace.ops.electric_potential.electric_potential - density forward 1.535 ms
[DEBUG  ] dreamplace.ops.electric_potential.electric_potential - density forward 1.255 ms
[DEBUG  ] dreamplace.ops.electric_potential.electric_potential - density backward 0.731 ms
[DEBUG  ] dreamplace.ops.electric_potential.electric_potential - density backward 1.075 ms
[DEBUG  ] dreamplace.ops.weighted_average_wirelength.weighted_average_wirelength - wirelength backward 0.088 ms
[INFO   ] DREAMPlace - optimizer step 30.912 ms
[INFO   ] DREAMPlace - iteration  424, (  39,  3,  0), Obj 1.436190E+04, NetCrossing 5.824E+02, NetCrossingWeight 1.000000E-01, DensityWeight 6.982244E-03, HPWL 1.404713E+04, Overflow 5.962841E-03, MaxDensity 2.677E+00, MacroOverlap 7.177E-02, MacroOverlapWeight 1.500000E+00, gamma 1.187413E-01, time 17.990ms
[INFO   ] DREAMPlace - full step 49.513 ms
[DEBUG  ] dreamplace.ops.weighted_average_wirelength.weighted_average_wirelength - wirelength forward 0.093 ms
[DEBUG  ] dreamplace.ops.electric_potential.electric_potential - density forward 1.491 ms
[DEBUG  ] dreamplace.ops.electric_potential.electric_potential - density forward 1.195 ms
[DEBUG  ] dreamplace.ops.electric_potential.electric_potential - density backward 0.838 ms
[DEBUG  ] dreamplace.ops.electric_potential.electric_potential - density backward 1.109 ms
[DEBUG  ] dreamplace.ops.weighted_average_wirelength.weighted_average_wirelength - wirelength backward 0.107 ms
[DEBUG  ] dreamplace.ops.weighted_average_wirelength.weighted_average_wirelength - wirelength forward 0.075 ms
[DEBUG  ] dreamplace.ops.electric_potential.electric_potential - density forward 1.916 ms
[DEBUG  ] dreamplace.ops.electric_potential.electric_potential - density forward 1.504 ms
[DEBUG  ] dreamplace.ops.electric_potential.electric_potential - density backward 0.835 ms
[DEBUG  ] dreamplace.ops.electric_potential.electric_potential - density backward 1.097 ms
[DEBUG  ] dreamplace.ops.weighted_average_wirelength.weighted_average_wirelength - wirelength backward 0.104 ms
[INFO   ] DREAMPlace - optimizer step 61.350 ms
[INFO   ] DREAMPlace - iteration  425, (  39,  3,  1), Obj 1.417604E+04, NetCrossing 5.828E+02, NetCrossingWeight 1.000000E-01, DensityWeight 6.982244E-03, HPWL 1.385603E+04, Overflow 5.957923E-03, MaxDensity 2.677E+00, MacroOverlap 7.194E-02, MacroOverlapWeight 1.500000E+00, gamma 1.187413E-01, time 18.149ms
[INFO   ] DREAMPlace - full step 80.093 ms
[DEBUG  ] dreamplace.ops.weighted_average_wirelength.weighted_average_wirelength - wirelength forward 0.093 ms
[DEBUG  ] dreamplace.ops.electric_potential.electric_potential - density forward 1.487 ms
[DEBUG  ] dreamplace.ops.electric_potential.electric_potential - density forward 1.211 ms
[DEBUG  ] dreamplace.ops.electric_potential.electric_potential - density backward 0.786 ms
[DEBUG  ] dreamplace.ops.electric_potential.electric_potential - density backward 1.172 ms
[DEBUG  ] dreamplace.ops.weighted_average_wirelength.weighted_average_wirelength - wirelength backward 0.069 ms
[INFO   ] DREAMPlace - optimizer step 30.829 ms
[INFO   ] DREAMPlace - iteration  426, (  39,  4,  0), Obj 1.412667E+04, NetCrossing 5.875E+02, NetCrossingWeight 1.000000E-01, DensityWeight 7.468356E-03, HPWL 1.381601E+04, Overflow 5.994231E-03, MaxDensity 2.677E+00, MacroOverlap 7.159E-02, MacroOverlapWeight 1.500000E+00, gamma 1.187413E-01, time 17.297ms
[INFO   ] DREAMPlace - full step 48.703 ms
[DEBUG  ] dreamplace.ops.weighted_average_wirelength.weighted_average_wirelength - wirelength forward 0.090 ms
[DEBUG  ] dreamplace.ops.electric_potential.electric_potential - density forward 1.612 ms
[DEBUG  ] dreamplace.ops.electric_potential.electric_potential - density forward 1.245 ms
[DEBUG  ] dreamplace.ops.electric_potential.electric_potential - density backward 0.833 ms
[DEBUG  ] dreamplace.ops.electric_potential.electric_potential - density backward 1.115 ms
[DEBUG  ] dreamplace.ops.weighted_average_wirelength.weighted_average_wirelength - wirelength backward 0.077 ms
[DEBUG  ] dreamplace.ops.weighted_average_wirelength.weighted_average_wirelength - wirelength forward 0.090 ms
[DEBUG  ] dreamplace.ops.electric_potential.electric_potential - density forward 1.865 ms
[DEBUG  ] dreamplace.ops.electric_potential.electric_potential - density forward 1.614 ms
[DEBUG  ] dreamplace.ops.electric_potential.electric_potential - density backward 0.855 ms
[DEBUG  ] dreamplace.ops.electric_potential.electric_potential - density backward 1.089 ms
[DEBUG  ] dreamplace.ops.weighted_average_wirelength.weighted_average_wirelength - wirelength backward 0.070 ms
[INFO   ] DREAMPlace - optimizer step 60.394 ms
[INFO   ] DREAMPlace - iteration  427, (  39,  4,  1), Obj 1.422311E+04, NetCrossing 5.884E+02, NetCrossingWeight 1.000000E-01, DensityWeight 7.468356E-03, HPWL 1.390447E+04, Overflow 5.592292E-03, MaxDensity 2.677E+00, MacroOverlap 5.823E-02, MacroOverlapWeight 1.500000E+00, gamma 1.187413E-01, time 18.507ms
[INFO   ] DREAMPlace - full step 79.498 ms
[INFO   ] DREAMPlace - Lsub stopping criteria: 1 and 14223.1 > 14126.7 * 0.999
[INFO   ] DREAMPlace - Llambda stopping criteria: 4 and (( 0.00559229 < 0.1 and 13904.5 > 13856 ) or 2.67659 < 1.0)
[DEBUG  ] dreamplace.ops.weighted_average_wirelength.weighted_average_wirelength - wirelength forward 0.080 ms
[DEBUG  ] dreamplace.ops.electric_potential.electric_potential - density forward 1.478 ms
[DEBUG  ] dreamplace.ops.electric_potential.electric_potential - density forward 1.185 ms
[DEBUG  ] dreamplace.ops.electric_potential.electric_potential - density backward 0.796 ms
[DEBUG  ] dreamplace.ops.electric_potential.electric_potential - density backward 1.152 ms
[DEBUG  ] dreamplace.ops.weighted_average_wirelength.weighted_average_wirelength - wirelength backward 0.071 ms
[INFO   ] DREAMPlace - optimizer step 30.221 ms
[INFO   ] DREAMPlace - iteration  428, (  40,  0,  0), Obj 1.400510E+04, NetCrossing 5.772E+02, NetCrossingWeight 1.000000E-01, DensityWeight 8.151245E-03, HPWL 1.369508E+04, Overflow 5.680006E-03, MaxDensity 2.627E+00, MacroOverlap 5.408E-02, MacroOverlapWeight 1.500000E+00, gamma 1.180894E-01, time 17.080ms
[INFO   ] DREAMPlace - full step 47.875 ms
[DEBUG  ] dreamplace.ops.weighted_average_wirelength.weighted_average_wirelength - wirelength forward 0.087 ms
[DEBUG  ] dreamplace.ops.electric_potential.electric_potential - density forward 1.472 ms
[DEBUG  ] dreamplace.ops.electric_potential.electric_potential - density forward 1.207 ms
[DEBUG  ] dreamplace.ops.electric_potential.electric_potential - density backward 0.820 ms
[DEBUG  ] dreamplace.ops.electric_potential.electric_potential - density backward 1.127 ms
[DEBUG  ] dreamplace.ops.weighted_average_wirelength.weighted_average_wirelength - wirelength backward 0.124 ms
[DEBUG  ] dreamplace.ops.weighted_average_wirelength.weighted_average_wirelength - wirelength forward 0.086 ms
[DEBUG  ] dreamplace.ops.electric_potential.electric_potential - density forward 1.858 ms
[DEBUG  ] dreamplace.ops.electric_potential.electric_potential - density forward 1.421 ms
[DEBUG  ] dreamplace.ops.electric_potential.electric_potential - density backward 0.823 ms
[DEBUG  ] dreamplace.ops.electric_potential.electric_potential - density backward 1.095 ms
[DEBUG  ] dreamplace.ops.weighted_average_wirelength.weighted_average_wirelength - wirelength backward 0.105 ms
[INFO   ] DREAMPlace - optimizer step 60.321 ms
[INFO   ] DREAMPlace - iteration  429, (  40,  0,  1), Obj 1.405809E+04, NetCrossing 5.849E+02, NetCrossingWeight 1.000000E-01, DensityWeight 8.151245E-03, HPWL 1.373626E+04, Overflow 5.316986E-03, MaxDensity 2.677E+00, MacroOverlap 4.939E-02, MacroOverlapWeight 1.500000E+00, gamma 1.180894E-01, time 18.127ms
[INFO   ] DREAMPlace - full step 79.046 ms
[INFO   ] DREAMPlace - Lsub stopping criteria: 1 and 14058.1 > 14005.1 * 0.999
[DEBUG  ] dreamplace.ops.weighted_average_wirelength.weighted_average_wirelength - wirelength forward 0.095 ms
[DEBUG  ] dreamplace.ops.electric_potential.electric_potential - density forward 1.461 ms
[DEBUG  ] dreamplace.ops.electric_potential.electric_potential - density forward 1.221 ms
[DEBUG  ] dreamplace.ops.electric_potential.electric_potential - density backward 0.825 ms
[DEBUG  ] dreamplace.ops.electric_potential.electric_potential - density backward 1.109 ms
[DEBUG  ] dreamplace.ops.weighted_average_wirelength.weighted_average_wirelength - wirelength backward 0.110 ms
[INFO   ] DREAMPlace - optimizer step 29.854 ms
[INFO   ] DREAMPlace - iteration  430, (  40,  1,  0), Obj 1.379746E+04, NetCrossing 5.835E+02, NetCrossingWeight 1.000000E-01, DensityWeight 8.718745E-03, HPWL 1.349244E+04, Overflow 5.300363E-03, MaxDensity 2.677E+00, MacroOverlap 4.306E-02, MacroOverlapWeight 1.500000E+00, gamma 1.180894E-01, time 17.599ms
[INFO   ] DREAMPlace - full step 48.040 ms
[DEBUG  ] dreamplace.ops.weighted_average_wirelength.weighted_average_wirelength - wirelength forward 0.092 ms
[DEBUG  ] dreamplace.ops.electric_potential.electric_potential - density forward 1.677 ms
[DEBUG  ] dreamplace.ops.electric_potential.electric_potential - density forward 1.218 ms
[DEBUG  ] dreamplace.ops.electric_potential.electric_potential - density backward 0.794 ms
[DEBUG  ] dreamplace.ops.electric_potential.electric_potential - density backward 1.144 ms
[DEBUG  ] dreamplace.ops.weighted_average_wirelength.weighted_average_wirelength - wirelength backward 0.132 ms
[DEBUG  ] dreamplace.ops.weighted_average_wirelength.weighted_average_wirelength - wirelength forward 0.075 ms
[DEBUG  ] dreamplace.ops.electric_potential.electric_potential - density forward 1.736 ms
[DEBUG  ] dreamplace.ops.electric_potential.electric_potential - density forward 1.587 ms
[DEBUG  ] dreamplace.ops.electric_potential.electric_potential - density backward 0.852 ms
[DEBUG  ] dreamplace.ops.electric_potential.electric_potential - density backward 1.083 ms
[DEBUG  ] dreamplace.ops.weighted_average_wirelength.weighted_average_wirelength - wirelength backward 0.068 ms
[INFO   ] DREAMPlace - optimizer step 60.175 ms
[INFO   ] DREAMPlace - iteration  431, (  40,  1,  1), Obj 1.402530E+04, NetCrossing 5.854E+02, NetCrossingWeight 1.000000E-01, DensityWeight 8.718745E-03, HPWL 1.372105E+04, Overflow 5.030818E-03, MaxDensity 2.596E+00, MacroOverlap 3.902E-02, MacroOverlapWeight 1.500000E+00, gamma 1.180894E-01, time 18.430ms
[INFO   ] DREAMPlace - full step 79.207 ms
[INFO   ] DREAMPlace - Lsub stopping criteria: 1 and 14025.3 > 13797.5 * 0.999
[DEBUG  ] dreamplace.ops.weighted_average_wirelength.weighted_average_wirelength - wirelength forward 0.089 ms
[DEBUG  ] dreamplace.ops.electric_potential.electric_potential - density forward 1.523 ms
[DEBUG  ] dreamplace.ops.electric_potential.electric_potential - density forward 1.391 ms
[DEBUG  ] dreamplace.ops.electric_potential.electric_potential - density backward 0.802 ms
[DEBUG  ] dreamplace.ops.electric_potential.electric_potential - density backward 1.151 ms
[DEBUG  ] dreamplace.ops.weighted_average_wirelength.weighted_average_wirelength - wirelength backward 0.068 ms
[INFO   ] DREAMPlace - optimizer step 30.631 ms
[INFO   ] DREAMPlace - iteration  432, (  40,  2,  0), Obj 1.375625E+04, NetCrossing 5.857E+02, NetCrossingWeight 1.000000E-01, DensityWeight 9.325755E-03, HPWL 1.345872E+04, Overflow 5.095798E-03, MaxDensity 2.576E+00, MacroOverlap 4.029E-02, MacroOverlapWeight 1.500000E+00, gamma 1.180894E-01, time 17.208ms
[INFO   ] DREAMPlace - full step 48.419 ms
[DEBUG  ] dreamplace.ops.weighted_average_wirelength.weighted_average_wirelength - wirelength forward 0.091 ms
[DEBUG  ] dreamplace.ops.electric_potential.electric_potential - density forward 1.534 ms
[DEBUG  ] dreamplace.ops.electric_potential.electric_potential - density forward 1.225 ms
[DEBUG  ] dreamplace.ops.electric_potential.electric_potential - density backward 0.819 ms
[DEBUG  ] dreamplace.ops.electric_potential.electric_potential - density backward 1.132 ms
[DEBUG  ] dreamplace.ops.weighted_average_wirelength.weighted_average_wirelength - wirelength backward 0.079 ms
[DEBUG  ] dreamplace.ops.weighted_average_wirelength.weighted_average_wirelength - wirelength forward 0.074 ms
[DEBUG  ] dreamplace.ops.electric_potential.electric_potential - density forward 1.602 ms
[DEBUG  ] dreamplace.ops.electric_potential.electric_potential - density forward 1.328 ms
[DEBUG  ] dreamplace.ops.electric_potential.electric_potential - density backward 0.828 ms
[DEBUG  ] dreamplace.ops.electric_potential.electric_potential - density backward 1.116 ms
[DEBUG  ] dreamplace.ops.weighted_average_wirelength.weighted_average_wirelength - wirelength backward 0.116 ms
[INFO   ] DREAMPlace - optimizer step 60.992 ms
[INFO   ] DREAMPlace - iteration  433, (  40,  2,  1), Obj 1.390053E+04, NetCrossing 5.838E+02, NetCrossingWeight 1.000000E-01, DensityWeight 9.325755E-03, HPWL 1.359712E+04, Overflow 4.808317E-03, MaxDensity 2.677E+00, MacroOverlap 3.041E-02, MacroOverlapWeight 1.500000E+00, gamma 1.180894E-01, time 18.899ms
[INFO   ] DREAMPlace - full step 80.485 ms
[INFO   ] DREAMPlace - Lsub stopping criteria: 1 and 13900.5 > 13756.2 * 0.999
[DEBUG  ] dreamplace.ops.weighted_average_wirelength.weighted_average_wirelength - wirelength forward 0.093 ms
[DEBUG  ] dreamplace.ops.electric_potential.electric_potential - density forward 1.446 ms
[DEBUG  ] dreamplace.ops.electric_potential.electric_potential - density forward 1.185 ms
[DEBUG  ] dreamplace.ops.electric_potential.electric_potential - density backward 0.808 ms
[DEBUG  ] dreamplace.ops.electric_potential.electric_potential - density backward 1.130 ms
[DEBUG  ] dreamplace.ops.weighted_average_wirelength.weighted_average_wirelength - wirelength backward 0.121 ms
[INFO   ] DREAMPlace - optimizer step 30.397 ms
[INFO   ] DREAMPlace - iteration  434, (  40,  3,  0), Obj 1.366940E+04, NetCrossing 5.908E+02, NetCrossingWeight 1.000000E-01, DensityWeight 9.975025E-03, HPWL 1.337952E+04, Overflow 4.745352E-03, MaxDensity 2.677E+00, MacroOverlap 2.989E-02, MacroOverlapWeight 1.500000E+00, gamma 1.180894E-01, time 17.529ms
[INFO   ] DREAMPlace - full step 48.538 ms
[DEBUG  ] dreamplace.ops.weighted_average_wirelength.weighted_average_wirelength - wirelength forward 0.089 ms
[DEBUG  ] dreamplace.ops.electric_potential.electric_potential - density forward 1.594 ms
[DEBUG  ] dreamplace.ops.electric_potential.electric_potential - density forward 1.176 ms
[DEBUG  ] dreamplace.ops.electric_potential.electric_potential - density backward 0.449 ms
[DEBUG  ] dreamplace.ops.electric_potential.electric_potential - density backward 1.135 ms
[DEBUG  ] dreamplace.ops.weighted_average_wirelength.weighted_average_wirelength - wirelength backward 0.067 ms
[DEBUG  ] dreamplace.ops.weighted_average_wirelength.weighted_average_wirelength - wirelength forward 0.074 ms
[DEBUG  ] dreamplace.ops.electric_potential.electric_potential - density forward 1.683 ms
[DEBUG  ] dreamplace.ops.electric_potential.electric_potential - density forward 1.418 ms
[DEBUG  ] dreamplace.ops.electric_potential.electric_potential - density backward 0.864 ms
[DEBUG  ] dreamplace.ops.electric_potential.electric_potential - density backward 1.093 ms
[DEBUG  ] dreamplace.ops.weighted_average_wirelength.weighted_average_wirelength - wirelength backward 0.117 ms
[INFO   ] DREAMPlace - optimizer step 62.062 ms
[INFO   ] DREAMPlace - iteration  435, (  40,  3,  1), Obj 1.378008E+04, NetCrossing 5.862E+02, NetCrossingWeight 1.000000E-01, DensityWeight 9.975025E-03, HPWL 1.348823E+04, Overflow 4.893124E-03, MaxDensity 2.758E+00, MacroOverlap 3.678E-02, MacroOverlapWeight 1.500000E+00, gamma 1.180894E-01, time 18.126ms
[INFO   ] DREAMPlace - full step 80.839 ms
[INFO   ] DREAMPlace - Lsub stopping criteria: 1 and 13780.1 > 13669.4 * 0.999
[DEBUG  ] dreamplace.ops.weighted_average_wirelength.weighted_average_wirelength - wirelength forward 0.084 ms
[DEBUG  ] dreamplace.ops.electric_potential.electric_potential - density forward 1.548 ms
[DEBUG  ] dreamplace.ops.electric_potential.electric_potential - density forward 1.456 ms
[DEBUG  ] dreamplace.ops.electric_potential.electric_potential - density backward 0.855 ms
[DEBUG  ] dreamplace.ops.electric_potential.electric_potential - density backward 1.092 ms
[DEBUG  ] dreamplace.ops.weighted_average_wirelength.weighted_average_wirelength - wirelength backward 0.100 ms
[INFO   ] DREAMPlace - optimizer step 30.378 ms
[INFO   ] DREAMPlace - iteration  436, (  40,  4,  0), Obj 1.363586E+04, NetCrossing 5.929E+02, NetCrossingWeight 1.000000E-01, DensityWeight 1.066950E-02, HPWL 1.335410E+04, Overflow 4.770892E-03, MaxDensity 2.596E+00, MacroOverlap 2.997E-02, MacroOverlapWeight 1.500000E+00, gamma 1.180894E-01, time 17.500ms
[INFO   ] DREAMPlace - full step 48.463 ms
[DEBUG  ] dreamplace.ops.weighted_average_wirelength.weighted_average_wirelength - wirelength forward 0.085 ms
[DEBUG  ] dreamplace.ops.electric_potential.electric_potential - density forward 1.615 ms
[DEBUG  ] dreamplace.ops.electric_potential.electric_potential - density forward 1.536 ms
[DEBUG  ] dreamplace.ops.electric_potential.electric_potential - density backward 0.802 ms
[DEBUG  ] dreamplace.ops.electric_potential.electric_potential - density backward 1.138 ms
[DEBUG  ] dreamplace.ops.weighted_average_wirelength.weighted_average_wirelength - wirelength backward 0.070 ms
[DEBUG  ] dreamplace.ops.weighted_average_wirelength.weighted_average_wirelength - wirelength forward 0.102 ms
[DEBUG  ] dreamplace.ops.electric_potential.electric_potential - density forward 1.732 ms
[DEBUG  ] dreamplace.ops.electric_potential.electric_potential - density forward 1.465 ms
[DEBUG  ] dreamplace.ops.electric_potential.electric_potential - density backward 0.881 ms
[DEBUG  ] dreamplace.ops.electric_potential.electric_potential - density backward 1.118 ms
[DEBUG  ] dreamplace.ops.weighted_average_wirelength.weighted_average_wirelength - wirelength backward 0.117 ms
[INFO   ] DREAMPlace - optimizer step 60.784 ms
[INFO   ] DREAMPlace - iteration  437, (  40,  4,  1), Obj 1.362429E+04, NetCrossing 5.842E+02, NetCrossingWeight 1.000000E-01, DensityWeight 1.066950E-02, HPWL 1.333404E+04, Overflow 4.664333E-03, MaxDensity 2.632E+00, MacroOverlap 2.965E-02, MacroOverlapWeight 1.500000E+00, gamma 1.180894E-01, time 18.377ms
[INFO   ] DREAMPlace - full step 79.748 ms
[INFO   ] DREAMPlace - Lsub stopping criteria: 1 and 13624.3 > 13635.9 * 0.999
[DEBUG  ] dreamplace.ops.weighted_average_wirelength.weighted_average_wirelength - wirelength forward 0.091 ms
[DEBUG  ] dreamplace.ops.electric_potential.electric_potential - density forward 1.600 ms
[DEBUG  ] dreamplace.ops.electric_potential.electric_potential - density forward 1.218 ms
[DEBUG  ] dreamplace.ops.electric_potential.electric_potential - density backward 0.820 ms
[DEBUG  ] dreamplace.ops.electric_potential.electric_potential - density backward 1.120 ms
[DEBUG  ] dreamplace.ops.weighted_average_wirelength.weighted_average_wirelength - wirelength backward 0.112 ms
[INFO   ] DREAMPlace - optimizer step 29.860 ms
[INFO   ] DREAMPlace - iteration  438, (  40,  5,  0), Obj 1.361843E+04, NetCrossing 5.812E+02, NetCrossingWeight 1.000000E-01, DensityWeight 1.141232E-02, HPWL 1.334235E+04, Overflow 4.620167E-03, MaxDensity 2.550E+00, MacroOverlap 2.916E-02, MacroOverlapWeight 1.500000E+00, gamma 1.180894E-01, time 17.646ms
[INFO   ] DREAMPlace - full step 48.080 ms
[DEBUG  ] dreamplace.ops.weighted_average_wirelength.weighted_average_wirelength - wirelength forward 0.092 ms
[DEBUG  ] dreamplace.ops.electric_potential.electric_potential - density forward 1.447 ms
[DEBUG  ] dreamplace.ops.electric_potential.electric_potential - density forward 1.187 ms
[DEBUG  ] dreamplace.ops.electric_potential.electric_potential - density backward 0.795 ms
[DEBUG  ] dreamplace.ops.electric_potential.electric_potential - density backward 1.143 ms
[DEBUG  ] dreamplace.ops.weighted_average_wirelength.weighted_average_wirelength - wirelength backward 0.131 ms
[DEBUG  ] dreamplace.ops.weighted_average_wirelength.weighted_average_wirelength - wirelength forward 0.074 ms
[DEBUG  ] dreamplace.ops.electric_potential.electric_potential - density forward 1.739 ms
[DEBUG  ] dreamplace.ops.electric_potential.electric_potential - density forward 1.477 ms
[DEBUG  ] dreamplace.ops.electric_potential.electric_potential - density backward 0.914 ms
[DEBUG  ] dreamplace.ops.electric_potential.electric_potential - density backward 1.046 ms
[DEBUG  ] dreamplace.ops.weighted_average_wirelength.weighted_average_wirelength - wirelength backward 0.094 ms
[INFO   ] DREAMPlace - optimizer step 58.889 ms
[INFO   ] DREAMPlace - iteration  439, (  40,  5,  1), Obj 1.354526E+04, NetCrossing 5.814E+02, NetCrossingWeight 1.000000E-01, DensityWeight 1.141232E-02, HPWL 1.326515E+04, Overflow 4.633273E-03, MaxDensity 2.677E+00, MacroOverlap 2.882E-02, MacroOverlapWeight 1.500000E+00, gamma 1.180894E-01, time 18.373ms
[INFO   ] DREAMPlace - full step 77.855 ms
[DEBUG  ] dreamplace.ops.weighted_average_wirelength.weighted_average_wirelength - wirelength forward 0.090 ms
[DEBUG  ] dreamplace.ops.electric_potential.electric_potential - density forward 1.503 ms
[DEBUG  ] dreamplace.ops.electric_potential.electric_potential - density forward 1.188 ms
[DEBUG  ] dreamplace.ops.electric_potential.electric_potential - density backward 0.812 ms
[DEBUG  ] dreamplace.ops.electric_potential.electric_potential - density backward 1.055 ms
[DEBUG  ] dreamplace.ops.weighted_average_wirelength.weighted_average_wirelength - wirelength backward 0.078 ms
[INFO   ] DREAMPlace - optimizer step 29.881 ms
[INFO   ] DREAMPlace - iteration  440, (  40,  6,  0), Obj 1.354197E+04, NetCrossing 5.876E+02, NetCrossingWeight 1.000000E-01, DensityWeight 1.220686E-02, HPWL 1.327321E+04, Overflow 4.273798E-03, MaxDensity 2.677E+00, MacroOverlap 2.081E-02, MacroOverlapWeight 1.500000E+00, gamma 1.180894E-01, time 17.090ms
[INFO   ] DREAMPlace - full step 47.558 ms
[DEBUG  ] dreamplace.ops.weighted_average_wirelength.weighted_average_wirelength - wirelength forward 0.085 ms
[DEBUG  ] dreamplace.ops.electric_potential.electric_potential - density forward 1.482 ms
[DEBUG  ] dreamplace.ops.electric_potential.electric_potential - density forward 1.295 ms
[DEBUG  ] dreamplace.ops.electric_potential.electric_potential - density backward 0.779 ms
[DEBUG  ] dreamplace.ops.electric_potential.electric_potential - density backward 1.140 ms
[DEBUG  ] dreamplace.ops.weighted_average_wirelength.weighted_average_wirelength - wirelength backward 0.068 ms
[DEBUG  ] dreamplace.ops.weighted_average_wirelength.weighted_average_wirelength - wirelength forward 0.073 ms
[DEBUG  ] dreamplace.ops.electric_potential.electric_potential - density forward 1.732 ms
[DEBUG  ] dreamplace.ops.electric_potential.electric_potential - density forward 1.469 ms
[DEBUG  ] dreamplace.ops.electric_potential.electric_potential - density backward 0.860 ms
[DEBUG  ] dreamplace.ops.electric_potential.electric_potential - density backward 1.084 ms
[DEBUG  ] dreamplace.ops.weighted_average_wirelength.weighted_average_wirelength - wirelength backward 0.080 ms
[INFO   ] DREAMPlace - optimizer step 60.425 ms
[INFO   ] DREAMPlace - iteration  441, (  40,  6,  1), Obj 1.343306E+04, NetCrossing 5.931E+02, NetCrossingWeight 1.000000E-01, DensityWeight 1.220686E-02, HPWL 1.315333E+04, Overflow 4.434037E-03, MaxDensity 2.635E+00, MacroOverlap 2.346E-02, MacroOverlapWeight 1.500000E+00, gamma 1.180894E-01, time 17.990ms
[INFO   ] DREAMPlace - full step 78.999 ms
[DEBUG  ] dreamplace.ops.weighted_average_wirelength.weighted_average_wirelength - wirelength forward 0.091 ms
[DEBUG  ] dreamplace.ops.electric_potential.electric_potential - density forward 1.603 ms
[DEBUG  ] dreamplace.ops.electric_potential.electric_potential - density forward 1.439 ms
[DEBUG  ] dreamplace.ops.electric_potential.electric_potential - density backward 0.801 ms
[DEBUG  ] dreamplace.ops.electric_potential.electric_potential - density backward 1.061 ms
[DEBUG  ] dreamplace.ops.weighted_average_wirelength.weighted_average_wirelength - wirelength backward 0.081 ms
[INFO   ] DREAMPlace - optimizer step 30.786 ms
[INFO   ] DREAMPlace - iteration  442, (  40,  7,  0), Obj 1.343904E+04, NetCrossing 5.845E+02, NetCrossingWeight 1.000000E-01, DensityWeight 1.305672E-02, HPWL 1.317015E+04, Overflow 4.226851E-03, MaxDensity 2.677E+00, MacroOverlap 2.141E-02, MacroOverlapWeight 1.500000E+00, gamma 1.180894E-01, time 17.319ms
[INFO   ] DREAMPlace - full step 48.710 ms
[DEBUG  ] dreamplace.ops.weighted_average_wirelength.weighted_average_wirelength - wirelength forward 0.090 ms
[DEBUG  ] dreamplace.ops.electric_potential.electric_potential - density forward 1.819 ms
[DEBUG  ] dreamplace.ops.electric_potential.electric_potential - density forward 1.204 ms
[DEBUG  ] dreamplace.ops.electric_potential.electric_potential - density backward 0.804 ms
[DEBUG  ] dreamplace.ops.electric_potential.electric_potential - density backward 1.144 ms
[DEBUG  ] dreamplace.ops.weighted_average_wirelength.weighted_average_wirelength - wirelength backward 0.066 ms
[INFO   ] DREAMPlace - optimizer step 30.844 ms
[INFO   ] DREAMPlace - iteration  443, (  40,  7,  1), Obj 1.342898E+04, NetCrossing 5.874E+02, NetCrossingWeight 1.000000E-01, DensityWeight 1.305672E-02, HPWL 1.315161E+04, Overflow 4.303392E-03, MaxDensity 2.616E+00, MacroOverlap 2.082E-02, MacroOverlapWeight 1.500000E+00, gamma 1.180894E-01, time 18.073ms
[INFO   ] DREAMPlace - full step 49.493 ms
[INFO   ] DREAMPlace - Lsub stopping criteria: 1 and 13429 > 13439 * 0.999
[DEBUG  ] dreamplace.ops.weighted_average_wirelength.weighted_average_wirelength - wirelength forward 0.089 ms
[DEBUG  ] dreamplace.ops.electric_potential.electric_potential - density forward 1.453 ms
[DEBUG  ] dreamplace.ops.electric_potential.electric_potential - density forward 1.215 ms
[DEBUG  ] dreamplace.ops.electric_potential.electric_potential - density backward 0.828 ms
[DEBUG  ] dreamplace.ops.electric_potential.electric_potential - density backward 1.143 ms
[DEBUG  ] dreamplace.ops.weighted_average_wirelength.weighted_average_wirelength - wirelength backward 0.113 ms
[INFO   ] DREAMPlace - optimizer step 29.631 ms
[INFO   ] DREAMPlace - iteration  444, (  40,  8,  0), Obj 1.356125E+04, NetCrossing 5.940E+02, NetCrossingWeight 1.000000E-01, DensityWeight 1.396574E-02, HPWL 1.324623E+04, Overflow 3.968969E-03, MaxDensity 2.364E+00, MacroOverlap 1.690E-02, MacroOverlapWeight 1.500000E+00, gamma 1.180894E-01, time 18.176ms
[INFO   ] DREAMPlace - full step 48.380 ms
[DEBUG  ] dreamplace.ops.weighted_average_wirelength.weighted_average_wirelength - wirelength forward 0.087 ms
[DEBUG  ] dreamplace.ops.electric_potential.electric_potential - density forward 1.459 ms
[DEBUG  ] dreamplace.ops.electric_potential.electric_potential - density forward 1.194 ms
[DEBUG  ] dreamplace.ops.electric_potential.electric_potential - density backward 0.830 ms
[DEBUG  ] dreamplace.ops.electric_potential.electric_potential - density backward 1.114 ms
[DEBUG  ] dreamplace.ops.weighted_average_wirelength.weighted_average_wirelength - wirelength backward 0.113 ms
[INFO   ] DREAMPlace - optimizer step 29.253 ms
[INFO   ] DREAMPlace - iteration  445, (  40,  8,  1), Obj 1.344811E+04, NetCrossing 5.933E+02, NetCrossingWeight 1.000000E-01, DensityWeight 1.396574E-02, HPWL 1.313935E+04, Overflow 4.098043E-03, MaxDensity 2.647E+00, MacroOverlap 1.714E-02, MacroOverlapWeight 1.500000E+00, gamma 1.180894E-01, time 18.198ms
[INFO   ] DREAMPlace - full step 48.029 ms
[DEBUG  ] dreamplace.ops.weighted_average_wirelength.weighted_average_wirelength - wirelength forward 0.090 ms
[DEBUG  ] dreamplace.ops.electric_potential.electric_potential - density forward 1.462 ms
[DEBUG  ] dreamplace.ops.electric_potential.electric_potential - density forward 1.189 ms
[DEBUG  ] dreamplace.ops.electric_potential.electric_potential - density backward 0.804 ms
[DEBUG  ] dreamplace.ops.electric_potential.electric_potential - density backward 1.155 ms
[DEBUG  ] dreamplace.ops.weighted_average_wirelength.weighted_average_wirelength - wirelength backward 0.128 ms
[INFO   ] DREAMPlace - optimizer step 29.966 ms
[INFO   ] DREAMPlace - iteration  446, (  40,  9,  0), Obj 1.342963E+04, NetCrossing 5.946E+02, NetCrossingWeight 1.000000E-01, DensityWeight 1.493805E-02, HPWL 1.314046E+04, Overflow 4.005795E-03, MaxDensity 2.279E+00, MacroOverlap 1.613E-02, MacroOverlapWeight 1.500000E+00, gamma 1.180894E-01, time 18.179ms
[INFO   ] DREAMPlace - full step 48.746 ms
[DEBUG  ] dreamplace.ops.weighted_average_wirelength.weighted_average_wirelength - wirelength forward 0.089 ms
[DEBUG  ] dreamplace.ops.electric_potential.electric_potential - density forward 1.474 ms
[DEBUG  ] dreamplace.ops.electric_potential.electric_potential - density forward 1.215 ms
[DEBUG  ] dreamplace.ops.electric_potential.electric_potential - density backward 0.819 ms
[DEBUG  ] dreamplace.ops.electric_potential.electric_potential - density backward 1.126 ms
[DEBUG  ] dreamplace.ops.weighted_average_wirelength.weighted_average_wirelength - wirelength backward 0.123 ms
[INFO   ] DREAMPlace - optimizer step 30.219 ms
[INFO   ] DREAMPlace - iteration  447, (  40,  9,  1), Obj 1.328718E+04, NetCrossing 5.938E+02, NetCrossingWeight 1.000000E-01, DensityWeight 1.493805E-02, HPWL 1.301817E+04, Overflow 4.068478E-03, MaxDensity 2.202E+00, MacroOverlap 1.696E-02, MacroOverlapWeight 1.500000E+00, gamma 1.180894E-01, time 17.658ms
[INFO   ] DREAMPlace - full step 48.458 ms
[DEBUG  ] dreamplace.ops.weighted_average_wirelength.weighted_average_wirelength - wirelength forward 0.090 ms
[DEBUG  ] dreamplace.ops.electric_potential.electric_potential - density forward 1.510 ms
[DEBUG  ] dreamplace.ops.electric_potential.electric_potential - density forward 1.202 ms
[DEBUG  ] dreamplace.ops.electric_potential.electric_potential - density backward 0.850 ms
[DEBUG  ] dreamplace.ops.electric_potential.electric_potential - density backward 1.128 ms
[DEBUG  ] dreamplace.ops.weighted_average_wirelength.weighted_average_wirelength - wirelength backward 0.122 ms
[INFO   ] DREAMPlace - optimizer step 29.334 ms
[INFO   ] DREAMPlace - iteration  448, (  41,  0,  0), Obj 1.334792E+04, NetCrossing 5.947E+02, NetCrossingWeight 1.000000E-01, DensityWeight 1.597806E-02, HPWL 1.306989E+04, Overflow 3.975305E-03, MaxDensity 2.032E+00, MacroOverlap 1.474E-02, MacroOverlapWeight 1.500000E+00, gamma 1.171722E-01, time 18.348ms
[INFO   ] DREAMPlace - full step 48.252 ms
[DEBUG  ] dreamplace.ops.weighted_average_wirelength.weighted_average_wirelength - wirelength forward 0.091 ms
[DEBUG  ] dreamplace.ops.electric_potential.electric_potential - density forward 1.472 ms
[DEBUG  ] dreamplace.ops.electric_potential.electric_potential - density forward 1.187 ms
[DEBUG  ] dreamplace.ops.electric_potential.electric_potential - density backward 0.827 ms
[DEBUG  ] dreamplace.ops.electric_potential.electric_potential - density backward 1.111 ms
[DEBUG  ] dreamplace.ops.weighted_average_wirelength.weighted_average_wirelength - wirelength backward 0.111 ms
[INFO   ] DREAMPlace - optimizer step 30.158 ms
[INFO   ] DREAMPlace - iteration  449, (  41,  0,  1), Obj 1.325575E+04, NetCrossing 5.919E+02, NetCrossingWeight 1.000000E-01, DensityWeight 1.597806E-02, HPWL 1.297426E+04, Overflow 3.957856E-03, MaxDensity 2.220E+00, MacroOverlap 1.629E-02, MacroOverlapWeight 1.500000E+00, gamma 1.171722E-01, time 18.119ms
[INFO   ] DREAMPlace - full step 48.879 ms
[DEBUG  ] dreamplace.ops.weighted_average_wirelength.weighted_average_wirelength - wirelength forward 0.090 ms
[DEBUG  ] dreamplace.ops.electric_potential.electric_potential - density forward 1.558 ms
[DEBUG  ] dreamplace.ops.electric_potential.electric_potential - density forward 1.319 ms
[DEBUG  ] dreamplace.ops.electric_potential.electric_potential - density backward 0.799 ms
[DEBUG  ] dreamplace.ops.electric_potential.electric_potential - density backward 1.147 ms
[DEBUG  ] dreamplace.ops.weighted_average_wirelength.weighted_average_wirelength - wirelength backward 0.133 ms
[INFO   ] DREAMPlace - optimizer step 30.500 ms
[INFO   ] DREAMPlace - iteration  450, (  41,  1,  0), Obj 1.328651E+04, NetCrossing 5.925E+02, NetCrossingWeight 1.000000E-01, DensityWeight 1.709047E-02, HPWL 1.300046E+04, Overflow 3.866885E-03, MaxDensity 2.284E+00, MacroOverlap 1.482E-02, MacroOverlapWeight 1.500000E+00, gamma 1.171722E-01, time 18.975ms
[INFO   ] DREAMPlace - full step 50.076 ms
[DEBUG  ] dreamplace.ops.weighted_average_wirelength.weighted_average_wirelength - wirelength forward 0.090 ms
[DEBUG  ] dreamplace.ops.electric_potential.electric_potential - density forward 1.509 ms
[DEBUG  ] dreamplace.ops.electric_potential.electric_potential - density forward 1.312 ms
[DEBUG  ] dreamplace.ops.electric_potential.electric_potential - density backward 0.812 ms
[DEBUG  ] dreamplace.ops.electric_potential.electric_potential - density backward 1.128 ms
[DEBUG  ] dreamplace.ops.weighted_average_wirelength.weighted_average_wirelength - wirelength backward 0.068 ms
[INFO   ] DREAMPlace - optimizer step 29.861 ms
[INFO   ] DREAMPlace - iteration  451, (  41,  1,  1), Obj 1.326020E+04, NetCrossing 5.947E+02, NetCrossingWeight 1.000000E-01, DensityWeight 1.709047E-02, HPWL 1.298921E+04, Overflow 3.756644E-03, MaxDensity 2.295E+00, MacroOverlap 1.216E-02, MacroOverlapWeight 1.500000E+00, gamma 1.171722E-01, time 18.058ms
[INFO   ] DREAMPlace - full step 48.513 ms
[INFO   ] DREAMPlace - Llambda stopping criteria: 1 and (( 0.00375664 < 0.1 and 12989.2 > 12974.3 ) or 2.29514 < 1.0)
[DEBUG  ] dreamplace.ops.weighted_average_wirelength.weighted_average_wirelength - wirelength forward 0.092 ms
[DEBUG  ] dreamplace.ops.electric_potential.electric_potential - density forward 1.423 ms
[DEBUG  ] dreamplace.ops.electric_potential.electric_potential - density forward 1.198 ms
[DEBUG  ] dreamplace.ops.electric_potential.electric_potential - density backward 0.792 ms
[DEBUG  ] dreamplace.ops.electric_potential.electric_potential - density backward 1.143 ms
[DEBUG  ] dreamplace.ops.weighted_average_wirelength.weighted_average_wirelength - wirelength backward 0.069 ms
[INFO   ] DREAMPlace - optimizer step 29.823 ms
[INFO   ] DREAMPlace - iteration  452, (  42,  0,  0), Obj 1.321792E+04, NetCrossing 5.912E+02, NetCrossingWeight 1.000000E-01, DensityWeight 1.865334E-02, HPWL 1.294317E+04, Overflow 3.752173E-03, MaxDensity 2.284E+00, MacroOverlap 1.222E-02, MacroOverlapWeight 1.500000E+00, gamma 1.169854E-01, time 18.063ms
[INFO   ] DREAMPlace - full step 48.459 ms
[DEBUG  ] dreamplace.ops.weighted_average_wirelength.weighted_average_wirelength - wirelength forward 0.091 ms
[DEBUG  ] dreamplace.ops.electric_potential.electric_potential - density forward 1.457 ms
[DEBUG  ] dreamplace.ops.electric_potential.electric_potential - density forward 1.196 ms
[DEBUG  ] dreamplace.ops.electric_potential.electric_potential - density backward 0.800 ms
[DEBUG  ] dreamplace.ops.electric_potential.electric_potential - density backward 1.138 ms
[DEBUG  ] dreamplace.ops.weighted_average_wirelength.weighted_average_wirelength - wirelength backward 0.074 ms
[INFO   ] DREAMPlace - optimizer step 29.880 ms
[INFO   ] DREAMPlace - iteration  453, (  42,  0,  1), Obj 1.321805E+04, NetCrossing 5.946E+02, NetCrossingWeight 1.000000E-01, DensityWeight 1.865334E-02, HPWL 1.294842E+04, Overflow 3.674058E-03, MaxDensity 2.063E+00, MacroOverlap 1.211E-02, MacroOverlapWeight 1.500000E+00, gamma 1.169854E-01, time 18.161ms
[INFO   ] DREAMPlace - full step 48.632 ms
[INFO   ] DREAMPlace - Lsub stopping criteria: 1 and 13218.1 > 13217.9 * 0.999
[DEBUG  ] dreamplace.ops.weighted_average_wirelength.weighted_average_wirelength - wirelength forward 0.092 ms
[DEBUG  ] dreamplace.ops.electric_potential.electric_potential - density forward 1.541 ms
[DEBUG  ] dreamplace.ops.electric_potential.electric_potential - density forward 1.225 ms
[DEBUG  ] dreamplace.ops.electric_potential.electric_potential - density backward 0.771 ms
[DEBUG  ] dreamplace.ops.electric_potential.electric_potential - density backward 1.061 ms
[DEBUG  ] dreamplace.ops.weighted_average_wirelength.weighted_average_wirelength - wirelength backward 0.081 ms
[INFO   ] DREAMPlace - optimizer step 29.680 ms
[INFO   ] DREAMPlace - iteration  454, (  42,  1,  0), Obj 1.321663E+04, NetCrossing 5.936E+02, NetCrossingWeight 1.000000E-01, DensityWeight 1.995200E-02, HPWL 1.292067E+04, Overflow 3.546749E-03, MaxDensity 2.129E+00, MacroOverlap 1.114E-02, MacroOverlapWeight 1.500000E+00, gamma 1.169854E-01, time 18.136ms
[INFO   ] DREAMPlace - full step 48.423 ms
[DEBUG  ] dreamplace.ops.weighted_average_wirelength.weighted_average_wirelength - wirelength forward 0.090 ms
[DEBUG  ] dreamplace.ops.electric_potential.electric_potential - density forward 1.434 ms
[DEBUG  ] dreamplace.ops.electric_potential.electric_potential - density forward 1.199 ms
[DEBUG  ] dreamplace.ops.electric_potential.electric_potential - density backward 0.796 ms
[DEBUG  ] dreamplace.ops.electric_potential.electric_potential - density backward 1.149 ms
[DEBUG  ] dreamplace.ops.weighted_average_wirelength.weighted_average_wirelength - wirelength backward 0.131 ms
[INFO   ] DREAMPlace - optimizer step 29.999 ms
[INFO   ] DREAMPlace - iteration  455, (  42,  1,  1), Obj 1.315668E+04, NetCrossing 5.956E+02, NetCrossingWeight 1.000000E-01, DensityWeight 1.995200E-02, HPWL 1.287281E+04, Overflow 3.533318E-03, MaxDensity 2.141E+00, MacroOverlap 1.088E-02, MacroOverlapWeight 1.500000E+00, gamma 1.169854E-01, time 17.596ms
[INFO   ] DREAMPlace - full step 48.181 ms
[DEBUG  ] dreamplace.ops.weighted_average_wirelength.weighted_average_wirelength - wirelength forward 0.087 ms
[DEBUG  ] dreamplace.ops.electric_potential.electric_potential - density forward 1.846 ms
[DEBUG  ] dreamplace.ops.electric_potential.electric_potential - density forward 1.254 ms
[DEBUG  ] dreamplace.ops.electric_potential.electric_potential - density backward 0.834 ms
[DEBUG  ] dreamplace.ops.electric_potential.electric_potential - density backward 1.105 ms
[DEBUG  ] dreamplace.ops.weighted_average_wirelength.weighted_average_wirelength - wirelength backward 0.113 ms
[INFO   ] DREAMPlace - optimizer step 30.044 ms
[INFO   ] DREAMPlace - iteration  456, (  42,  2,  0), Obj 1.314803E+04, NetCrossing 5.894E+02, NetCrossingWeight 1.000000E-01, DensityWeight 2.134109E-02, HPWL 1.287747E+04, Overflow 3.440634E-03, MaxDensity 2.251E+00, MacroOverlap 9.738E-03, MacroOverlapWeight 1.500000E+00, gamma 1.169854E-01, time 17.985ms
[INFO   ] DREAMPlace - full step 48.635 ms
[DEBUG  ] dreamplace.ops.weighted_average_wirelength.weighted_average_wirelength - wirelength forward 0.093 ms
[DEBUG  ] dreamplace.ops.electric_potential.electric_potential - density forward 1.496 ms
[DEBUG  ] dreamplace.ops.electric_potential.electric_potential - density forward 1.233 ms
[DEBUG  ] dreamplace.ops.electric_potential.electric_potential - density backward 0.817 ms
[DEBUG  ] dreamplace.ops.electric_potential.electric_potential - density backward 1.127 ms
[DEBUG  ] dreamplace.ops.weighted_average_wirelength.weighted_average_wirelength - wirelength backward 0.120 ms
[INFO   ] DREAMPlace - optimizer step 30.498 ms
[INFO   ] DREAMPlace - iteration  457, (  42,  2,  1), Obj 1.314624E+04, NetCrossing 5.861E+02, NetCrossingWeight 1.000000E-01, DensityWeight 2.134109E-02, HPWL 1.288562E+04, Overflow 3.451781E-03, MaxDensity 1.976E+00, MacroOverlap 9.717E-03, MacroOverlapWeight 1.500000E+00, gamma 1.169854E-01, time 17.998ms
[INFO   ] DREAMPlace - full step 49.079 ms
[INFO   ] DREAMPlace - Lsub stopping criteria: 1 and 13146.2 > 13148 * 0.999
[INFO   ] DREAMPlace - Llambda stopping criteria: 2 and (( 0.00345178 < 0.1 and 12885.6 > 12872.8 ) or 1.97588 < 1.0)
[DEBUG  ] dreamplace.ops.weighted_average_wirelength.weighted_average_wirelength - wirelength forward 0.092 ms
[DEBUG  ] dreamplace.ops.electric_potential.electric_potential - density forward 1.478 ms
[DEBUG  ] dreamplace.ops.electric_potential.electric_potential - density forward 1.209 ms
[DEBUG  ] dreamplace.ops.electric_potential.electric_potential - density backward 0.802 ms
[DEBUG  ] dreamplace.ops.electric_potential.electric_potential - density backward 1.148 ms
[DEBUG  ] dreamplace.ops.weighted_average_wirelength.weighted_average_wirelength - wirelength backward 0.130 ms
[INFO   ] DREAMPlace - optimizer step 30.247 ms
[INFO   ] DREAMPlace - iteration  458, (  43,  0,  0), Obj 1.313067E+04, NetCrossing 5.889E+02, NetCrossingWeight 1.000000E-01, DensityWeight 2.329266E-02, HPWL 1.285575E+04, Overflow 3.340062E-03, MaxDensity 1.906E+00, MacroOverlap 8.418E-03, MacroOverlapWeight 1.500000E+00, gamma 1.168031E-01, time 17.984ms
[INFO   ] DREAMPlace - full step 48.807 ms
[DEBUG  ] dreamplace.ops.weighted_average_wirelength.weighted_average_wirelength - wirelength forward 0.088 ms
[DEBUG  ] dreamplace.ops.electric_potential.electric_potential - density forward 1.496 ms
[DEBUG  ] dreamplace.ops.electric_potential.electric_potential - density forward 1.194 ms
[DEBUG  ] dreamplace.ops.electric_potential.electric_potential - density backward 0.818 ms
[DEBUG  ] dreamplace.ops.electric_potential.electric_potential - density backward 1.128 ms
[DEBUG  ] dreamplace.ops.weighted_average_wirelength.weighted_average_wirelength - wirelength backward 0.122 ms
[INFO   ] DREAMPlace - optimizer step 30.021 ms
[INFO   ] DREAMPlace - iteration  459, (  43,  0,  1), Obj 1.316715E+04, NetCrossing 5.876E+02, NetCrossingWeight 1.000000E-01, DensityWeight 2.329266E-02, HPWL 1.287945E+04, Overflow 3.265147E-03, MaxDensity 1.953E+00, MacroOverlap 7.693E-03, MacroOverlapWeight 1.500000E+00, gamma 1.168031E-01, time 17.869ms
[INFO   ] DREAMPlace - full step 48.497 ms
[INFO   ] DREAMPlace - Lsub stopping criteria: 1 and 13167.2 > 13130.7 * 0.999
[DEBUG  ] dreamplace.ops.weighted_average_wirelength.weighted_average_wirelength - wirelength forward 0.089 ms
[DEBUG  ] dreamplace.ops.electric_potential.electric_potential - density forward 1.504 ms
[DEBUG  ] dreamplace.ops.electric_potential.electric_potential - density forward 1.236 ms
[DEBUG  ] dreamplace.ops.electric_potential.electric_potential - density backward 0.811 ms
[DEBUG  ] dreamplace.ops.electric_potential.electric_potential - density backward 1.129 ms
[DEBUG  ] dreamplace.ops.weighted_average_wirelength.weighted_average_wirelength - wirelength backward 0.120 ms
[INFO   ] DREAMPlace - optimizer step 30.341 ms
[INFO   ] DREAMPlace - iteration  460, (  43,  1,  0), Obj 1.313860E+04, NetCrossing 5.939E+02, NetCrossingWeight 1.000000E-01, DensityWeight 2.491432E-02, HPWL 1.284101E+04, Overflow 3.251392E-03, MaxDensity 2.215E+00, MacroOverlap 7.275E-03, MacroOverlapWeight 1.500000E+00, gamma 1.168031E-01, time 18.075ms
[INFO   ] DREAMPlace - full step 49.007 ms
[DEBUG  ] dreamplace.ops.weighted_average_wirelength.weighted_average_wirelength - wirelength forward 0.092 ms
[DEBUG  ] dreamplace.ops.electric_potential.electric_potential - density forward 1.509 ms
[DEBUG  ] dreamplace.ops.electric_potential.electric_potential - density forward 1.211 ms
[DEBUG  ] dreamplace.ops.electric_potential.electric_potential - density backward 0.817 ms
[DEBUG  ] dreamplace.ops.electric_potential.electric_potential - density backward 1.123 ms
[DEBUG  ] dreamplace.ops.weighted_average_wirelength.weighted_average_wirelength - wirelength backward 0.113 ms
[INFO   ] DREAMPlace - optimizer step 30.077 ms
[INFO   ] DREAMPlace - iteration  461, (  43,  1,  1), Obj 1.314106E+04, NetCrossing 5.891E+02, NetCrossingWeight 1.000000E-01, DensityWeight 2.491432E-02, HPWL 1.285557E+04, Overflow 3.140746E-03, MaxDensity 1.981E+00, MacroOverlap 7.025E-03, MacroOverlapWeight 1.500000E+00, gamma 1.168031E-01, time 18.187ms
[INFO   ] DREAMPlace - full step 48.849 ms
[INFO   ] DREAMPlace - Lsub stopping criteria: 1 and 13141.1 > 13138.6 * 0.999
[DEBUG  ] dreamplace.ops.weighted_average_wirelength.weighted_average_wirelength - wirelength forward 0.104 ms
[DEBUG  ] dreamplace.ops.electric_potential.electric_potential - density forward 1.471 ms
[DEBUG  ] dreamplace.ops.electric_potential.electric_potential - density forward 1.301 ms
[DEBUG  ] dreamplace.ops.electric_potential.electric_potential - density backward 0.840 ms
[DEBUG  ] dreamplace.ops.electric_potential.electric_potential - density backward 1.132 ms
[DEBUG  ] dreamplace.ops.weighted_average_wirelength.weighted_average_wirelength - wirelength backward 0.123 ms
[INFO   ] DREAMPlace - optimizer step 29.948 ms
[INFO   ] DREAMPlace - iteration  462, (  43,  2,  0), Obj 1.313500E+04, NetCrossing 5.908E+02, NetCrossingWeight 1.000000E-01, DensityWeight 2.664889E-02, HPWL 1.285887E+04, Overflow 3.043044E-03, MaxDensity 1.963E+00, MacroOverlap 6.216E-03, MacroOverlapWeight 1.500000E+00, gamma 1.168031E-01, time 18.699ms
[INFO   ] DREAMPlace - full step 49.272 ms
[DEBUG  ] dreamplace.ops.weighted_average_wirelength.weighted_average_wirelength - wirelength forward 0.092 ms
[DEBUG  ] dreamplace.ops.electric_potential.electric_potential - density forward 1.465 ms
[DEBUG  ] dreamplace.ops.electric_potential.electric_potential - density forward 1.221 ms
[DEBUG  ] dreamplace.ops.electric_potential.electric_potential - density backward 0.800 ms
[DEBUG  ] dreamplace.ops.electric_potential.electric_potential - density backward 1.144 ms
[DEBUG  ] dreamplace.ops.weighted_average_wirelength.weighted_average_wirelength - wirelength backward 0.067 ms
[INFO   ] DREAMPlace - optimizer step 30.408 ms
[INFO   ] DREAMPlace - iteration  463, (  43,  2,  1), Obj 1.315603E+04, NetCrossing 5.888E+02, NetCrossingWeight 1.000000E-01, DensityWeight 2.664889E-02, HPWL 1.288074E+04, Overflow 3.073482E-03, MaxDensity 1.988E+00, MacroOverlap 6.555E-03, MacroOverlapWeight 1.500000E+00, gamma 1.168031E-01, time 17.711ms
[INFO   ] DREAMPlace - full step 48.721 ms
[INFO   ] DREAMPlace - Lsub stopping criteria: 1 and 13156 > 13135 * 0.999
[INFO   ] DREAMPlace - Llambda stopping criteria: 2 and (( 0.00307348 < 0.1 and 12880.7 > 12855.6 ) or 1.98759 < 1.0)
[DEBUG  ] dreamplace.ops.weighted_average_wirelength.weighted_average_wirelength - wirelength forward 0.092 ms
[DEBUG  ] dreamplace.ops.electric_potential.electric_potential - density forward 1.562 ms
[DEBUG  ] dreamplace.ops.electric_potential.electric_potential - density forward 1.214 ms
[DEBUG  ] dreamplace.ops.electric_potential.electric_potential - density backward 0.810 ms
[DEBUG  ] dreamplace.ops.electric_potential.electric_potential - density backward 1.150 ms
[DEBUG  ] dreamplace.ops.weighted_average_wirelength.weighted_average_wirelength - wirelength backward 0.080 ms
[INFO   ] DREAMPlace - optimizer step 30.236 ms
[INFO   ] DREAMPlace - iteration  464, (  44,  0,  0), Obj 1.319376E+04, NetCrossing 5.853E+02, NetCrossingWeight 1.000000E-01, DensityWeight 2.908576E-02, HPWL 1.289842E+04, Overflow 2.966558E-03, MaxDensity 2.070E+00, MacroOverlap 5.753E-03, MacroOverlapWeight 1.500000E+00, gamma 1.165772E-01, time 18.178ms
[INFO   ] DREAMPlace - full step 49.007 ms
[DEBUG  ] dreamplace.ops.weighted_average_wirelength.weighted_average_wirelength - wirelength forward 0.090 ms
[DEBUG  ] dreamplace.ops.electric_potential.electric_potential - density forward 1.479 ms
[DEBUG  ] dreamplace.ops.electric_potential.electric_potential - density forward 1.271 ms
[DEBUG  ] dreamplace.ops.electric_potential.electric_potential - density backward 0.784 ms
[DEBUG  ] dreamplace.ops.electric_potential.electric_potential - density backward 1.072 ms
[DEBUG  ] dreamplace.ops.weighted_average_wirelength.weighted_average_wirelength - wirelength backward 0.087 ms
[INFO   ] DREAMPlace - optimizer step 29.890 ms
[INFO   ] DREAMPlace - iteration  465, (  44,  0,  1), Obj 1.318979E+04, NetCrossing 5.883E+02, NetCrossingWeight 1.000000E-01, DensityWeight 2.908576E-02, HPWL 1.288919E+04, Overflow 2.961094E-03, MaxDensity 1.832E+00, MacroOverlap 5.449E-03, MacroOverlapWeight 1.500000E+00, gamma 1.165772E-01, time 18.017ms
[INFO   ] DREAMPlace - full step 48.547 ms
[INFO   ] DREAMPlace - Lsub stopping criteria: 1 and 13189.8 > 13193.8 * 0.999
[DEBUG  ] dreamplace.ops.weighted_average_wirelength.weighted_average_wirelength - wirelength forward 0.090 ms
[DEBUG  ] dreamplace.ops.electric_potential.electric_potential - density forward 1.634 ms
[DEBUG  ] dreamplace.ops.electric_potential.electric_potential - density forward 1.282 ms
[DEBUG  ] dreamplace.ops.electric_potential.electric_potential - density backward 0.791 ms
[DEBUG  ] dreamplace.ops.electric_potential.electric_potential - density backward 1.079 ms
[DEBUG  ] dreamplace.ops.weighted_average_wirelength.weighted_average_wirelength - wirelength backward 0.093 ms
[INFO   ] DREAMPlace - optimizer step 29.962 ms
[INFO   ] DREAMPlace - iteration  466, (  44,  1,  0), Obj 1.320087E+04, NetCrossing 5.888E+02, NetCrossingWeight 1.000000E-01, DensityWeight 3.174560E-02, HPWL 1.288790E+04, Overflow 2.877153E-03, MaxDensity 1.870E+00, MacroOverlap 4.927E-03, MacroOverlapWeight 1.500000E+00, gamma 1.165772E-01, time 17.514ms
[INFO   ] DREAMPlace - full step 48.054 ms
[DEBUG  ] dreamplace.ops.weighted_average_wirelength.weighted_average_wirelength - wirelength forward 0.090 ms
[DEBUG  ] dreamplace.ops.electric_potential.electric_potential - density forward 1.436 ms
[DEBUG  ] dreamplace.ops.electric_potential.electric_potential - density forward 1.192 ms
[DEBUG  ] dreamplace.ops.electric_potential.electric_potential - density backward 0.773 ms
[DEBUG  ] dreamplace.ops.electric_potential.electric_potential - density backward 1.165 ms
[DEBUG  ] dreamplace.ops.weighted_average_wirelength.weighted_average_wirelength - wirelength backward 0.140 ms
[INFO   ] DREAMPlace - optimizer step 30.221 ms
[INFO   ] DREAMPlace - iteration  467, (  44,  1,  1), Obj 1.320899E+04, NetCrossing 5.919E+02, NetCrossingWeight 1.000000E-01, DensityWeight 3.174560E-02, HPWL 1.290177E+04, Overflow 2.815298E-03, MaxDensity 1.905E+00, MacroOverlap 4.505E-03, MacroOverlapWeight 1.500000E+00, gamma 1.165772E-01, time 18.613ms
[INFO   ] DREAMPlace - full step 49.426 ms
[INFO   ] DREAMPlace - Lsub stopping criteria: 1 and 13209 > 13200.9 * 0.999
[INFO   ] DREAMPlace - Llambda stopping criteria: 1 and (( 0.0028153 < 0.1 and 12901.8 > 12889.2 ) or 1.90471 < 1.0)
[DEBUG  ] dreamplace.ops.weighted_average_wirelength.weighted_average_wirelength - wirelength forward 0.090 ms
[DEBUG  ] dreamplace.ops.electric_potential.electric_potential - density forward 1.460 ms
[DEBUG  ] dreamplace.ops.electric_potential.electric_potential - density forward 1.322 ms
[DEBUG  ] dreamplace.ops.electric_potential.electric_potential - density backward 0.787 ms
[DEBUG  ] dreamplace.ops.electric_potential.electric_potential - density backward 1.165 ms
[DEBUG  ] dreamplace.ops.weighted_average_wirelength.weighted_average_wirelength - wirelength backward 0.130 ms
[INFO   ] DREAMPlace - optimizer step 30.041 ms
[INFO   ] DREAMPlace - iteration  468, (  45,  0,  0), Obj 1.321776E+04, NetCrossing 5.896E+02, NetCrossingWeight 1.000000E-01, DensityWeight 3.464863E-02, HPWL 1.289758E+04, Overflow 2.772659E-03, MaxDensity 1.784E+00, MacroOverlap 4.033E-03, MacroOverlapWeight 1.500000E+00, gamma 1.164233E-01, time 18.509ms
[INFO   ] DREAMPlace - full step 49.145 ms
[DEBUG  ] dreamplace.ops.weighted_average_wirelength.weighted_average_wirelength - wirelength forward 0.092 ms
[DEBUG  ] dreamplace.ops.electric_potential.electric_potential - density forward 1.505 ms
[DEBUG  ] dreamplace.ops.electric_potential.electric_potential - density forward 1.536 ms
[DEBUG  ] dreamplace.ops.electric_potential.electric_potential - density backward 0.818 ms
[DEBUG  ] dreamplace.ops.electric_potential.electric_potential - density backward 1.125 ms
[DEBUG  ] dreamplace.ops.weighted_average_wirelength.weighted_average_wirelength - wirelength backward 0.067 ms
[INFO   ] DREAMPlace - optimizer step 31.462 ms
[INFO   ] DREAMPlace - iteration  469, (  45,  0,  1), Obj 1.322765E+04, NetCrossing 5.910E+02, NetCrossingWeight 1.000000E-01, DensityWeight 3.464863E-02, HPWL 1.290934E+04, Overflow 2.700268E-03, MaxDensity 1.784E+00, MacroOverlap 3.817E-03, MacroOverlapWeight 1.500000E+00, gamma 1.164233E-01, time 17.772ms
[INFO   ] DREAMPlace - full step 49.824 ms
[INFO   ] DREAMPlace - Lsub stopping criteria: 1 and 13227.7 > 13217.8 * 0.999
[DEBUG  ] dreamplace.ops.weighted_average_wirelength.weighted_average_wirelength - wirelength forward 0.091 ms
[DEBUG  ] dreamplace.ops.electric_potential.electric_potential - density forward 1.525 ms
[DEBUG  ] dreamplace.ops.electric_potential.electric_potential - density forward 1.216 ms
[DEBUG  ] dreamplace.ops.electric_potential.electric_potential - density backward 0.796 ms
[DEBUG  ] dreamplace.ops.electric_potential.electric_potential - density backward 1.144 ms
[DEBUG  ] dreamplace.ops.weighted_average_wirelength.weighted_average_wirelength - wirelength backward 0.079 ms
[INFO   ] DREAMPlace - optimizer step 30.315 ms
[INFO   ] DREAMPlace - iteration  470, (  45,  1,  0), Obj 1.326850E+04, NetCrossing 5.909E+02, NetCrossingWeight 1.000000E-01, DensityWeight 3.781720E-02, HPWL 1.292898E+04, Overflow 2.628129E-03, MaxDensity 1.784E+00, MacroOverlap 3.444E-03, MacroOverlapWeight 1.500000E+00, gamma 1.164233E-01, time 18.411ms
[INFO   ] DREAMPlace - full step 49.327 ms
[DEBUG  ] dreamplace.ops.weighted_average_wirelength.weighted_average_wirelength - wirelength forward 0.092 ms
[DEBUG  ] dreamplace.ops.electric_potential.electric_potential - density forward 1.482 ms
[DEBUG  ] dreamplace.ops.electric_potential.electric_potential - density forward 1.215 ms
[DEBUG  ] dreamplace.ops.electric_potential.electric_potential - density backward 0.853 ms
[DEBUG  ] dreamplace.ops.electric_potential.electric_potential - density backward 1.093 ms
[DEBUG  ] dreamplace.ops.weighted_average_wirelength.weighted_average_wirelength - wirelength backward 0.100 ms
[INFO   ] DREAMPlace - optimizer step 29.881 ms
[INFO   ] DREAMPlace - iteration  471, (  45,  1,  1), Obj 1.324614E+04, NetCrossing 5.938E+02, NetCrossingWeight 1.000000E-01, DensityWeight 3.781720E-02, HPWL 1.290372E+04, Overflow 2.623500E-03, MaxDensity 1.784E+00, MacroOverlap 3.478E-03, MacroOverlapWeight 1.500000E+00, gamma 1.164233E-01, time 19.402ms
[INFO   ] DREAMPlace - full step 49.892 ms
[DEBUG  ] dreamplace.ops.weighted_average_wirelength.weighted_average_wirelength - wirelength forward 0.085 ms
[DEBUG  ] dreamplace.ops.electric_potential.electric_potential - density forward 1.486 ms
[DEBUG  ] dreamplace.ops.electric_potential.electric_potential - density forward 1.231 ms
[DEBUG  ] dreamplace.ops.electric_potential.electric_potential - density backward 0.793 ms
[DEBUG  ] dreamplace.ops.electric_potential.electric_potential - density backward 1.149 ms
[DEBUG  ] dreamplace.ops.weighted_average_wirelength.weighted_average_wirelength - wirelength backward 0.131 ms
[INFO   ] DREAMPlace - optimizer step 30.593 ms
[INFO   ] DREAMPlace - iteration  472, (  45,  2,  0), Obj 1.325510E+04, NetCrossing 5.895E+02, NetCrossingWeight 1.000000E-01, DensityWeight 4.045007E-02, HPWL 1.290446E+04, Overflow 2.545071E-03, MaxDensity 1.784E+00, MacroOverlap 3.108E-03, MacroOverlapWeight 1.500000E+00, gamma 1.164233E-01, time 17.841ms
[INFO   ] DREAMPlace - full step 49.029 ms
[DEBUG  ] dreamplace.ops.weighted_average_wirelength.weighted_average_wirelength - wirelength forward 0.092 ms
[DEBUG  ] dreamplace.ops.electric_potential.electric_potential - density forward 1.614 ms
[DEBUG  ] dreamplace.ops.electric_potential.electric_potential - density forward 1.287 ms
[DEBUG  ] dreamplace.ops.electric_potential.electric_potential - density backward 0.806 ms
[DEBUG  ] dreamplace.ops.electric_potential.electric_potential - density backward 1.134 ms
[DEBUG  ] dreamplace.ops.weighted_average_wirelength.weighted_average_wirelength - wirelength backward 0.138 ms
[INFO   ] DREAMPlace - optimizer step 30.274 ms
[INFO   ] DREAMPlace - iteration  473, (  45,  2,  1), Obj 1.325652E+04, NetCrossing 5.852E+02, NetCrossingWeight 1.000000E-01, DensityWeight 4.045007E-02, HPWL 1.291821E+04, Overflow 2.505047E-03, MaxDensity 1.882E+00, MacroOverlap 2.891E-03, MacroOverlapWeight 1.500000E+00, gamma 1.164233E-01, time 18.099ms
[INFO   ] DREAMPlace - full step 48.967 ms
[INFO   ] DREAMPlace - Lsub stopping criteria: 1 and 13256.5 > 13255.1 * 0.999
[INFO   ] DREAMPlace - Llambda stopping criteria: 2 and (( 0.00250505 < 0.1 and 12918.2 > 12903.7 ) or 1.88173 < 1.0)
[DEBUG  ] dreamplace.ops.weighted_average_wirelength.weighted_average_wirelength - wirelength forward 0.093 ms
[DEBUG  ] dreamplace.ops.electric_potential.electric_potential - density forward 1.475 ms
[DEBUG  ] dreamplace.ops.electric_potential.electric_potential - density forward 1.207 ms
[DEBUG  ] dreamplace.ops.electric_potential.electric_potential - density backward 0.821 ms
[DEBUG  ] dreamplace.ops.electric_potential.electric_potential - density backward 1.129 ms
[DEBUG  ] dreamplace.ops.weighted_average_wirelength.weighted_average_wirelength - wirelength backward 0.117 ms
[INFO   ] DREAMPlace - optimizer step 30.257 ms
[INFO   ] DREAMPlace - iteration  474, (  46,  0,  0), Obj 1.326363E+04, NetCrossing 5.900E+02, NetCrossingWeight 1.000000E-01, DensityWeight 4.414909E-02, HPWL 1.291866E+04, Overflow 2.430133E-03, MaxDensity 1.899E+00, MacroOverlap 2.734E-03, MacroOverlapWeight 1.500000E+00, gamma 1.162386E-01, time 17.820ms
[INFO   ] DREAMPlace - full step 48.655 ms
[DEBUG  ] dreamplace.ops.weighted_average_wirelength.weighted_average_wirelength - wirelength forward 0.095 ms
[DEBUG  ] dreamplace.ops.electric_potential.electric_potential - density forward 1.511 ms
[DEBUG  ] dreamplace.ops.electric_potential.electric_potential - density forward 1.208 ms
[DEBUG  ] dreamplace.ops.electric_potential.electric_potential - density backward 0.808 ms
[DEBUG  ] dreamplace.ops.electric_potential.electric_potential - density backward 1.148 ms
[DEBUG  ] dreamplace.ops.weighted_average_wirelength.weighted_average_wirelength - wirelength backward 0.128 ms
[INFO   ] DREAMPlace - optimizer step 30.456 ms
[INFO   ] DREAMPlace - iteration  475, (  46,  0,  1), Obj 1.328204E+04, NetCrossing 5.891E+02, NetCrossingWeight 1.000000E-01, DensityWeight 4.414909E-02, HPWL 1.292360E+04, Overflow 2.427415E-03, MaxDensity 1.811E+00, MacroOverlap 2.583E-03, MacroOverlapWeight 1.500000E+00, gamma 1.162386E-01, time 18.123ms
[INFO   ] DREAMPlace - full step 49.170 ms
[INFO   ] DREAMPlace - Lsub stopping criteria: 1 and 13282 > 13263.6 * 0.999
[DEBUG  ] dreamplace.ops.weighted_average_wirelength.weighted_average_wirelength - wirelength forward 0.092 ms
[DEBUG  ] dreamplace.ops.electric_potential.electric_potential - density forward 1.524 ms
[DEBUG  ] dreamplace.ops.electric_potential.electric_potential - density forward 1.195 ms
[DEBUG  ] dreamplace.ops.electric_potential.electric_potential - density backward 0.798 ms
[DEBUG  ] dreamplace.ops.electric_potential.electric_potential - density backward 1.138 ms
[DEBUG  ] dreamplace.ops.weighted_average_wirelength.weighted_average_wirelength - wirelength backward 0.124 ms
[INFO   ] DREAMPlace - optimizer step 30.506 ms
[INFO   ] DREAMPlace - iteration  476, (  46,  1,  0), Obj 1.333589E+04, NetCrossing 5.863E+02, NetCrossingWeight 1.000000E-01, DensityWeight 4.818647E-02, HPWL 1.294540E+04, Overflow 2.363942E-03, MaxDensity 1.784E+00, MacroOverlap 2.291E-03, MacroOverlapWeight 1.500000E+00, gamma 1.162386E-01, time 18.221ms
[INFO   ] DREAMPlace - full step 49.381 ms
[DEBUG  ] dreamplace.ops.weighted_average_wirelength.weighted_average_wirelength - wirelength forward 0.090 ms
[DEBUG  ] dreamplace.ops.electric_potential.electric_potential - density forward 1.496 ms
[DEBUG  ] dreamplace.ops.electric_potential.electric_potential - density forward 1.205 ms
[DEBUG  ] dreamplace.ops.electric_potential.electric_potential - density backward 0.818 ms
[DEBUG  ] dreamplace.ops.electric_potential.electric_potential - density backward 1.144 ms
[DEBUG  ] dreamplace.ops.weighted_average_wirelength.weighted_average_wirelength - wirelength backward 0.123 ms
[INFO   ] DREAMPlace - optimizer step 30.447 ms
[INFO   ] DREAMPlace - iteration  477, (  46,  1,  1), Obj 1.333008E+04, NetCrossing 5.928E+02, NetCrossingWeight 1.000000E-01, DensityWeight 4.818647E-02, HPWL 1.294268E+04, Overflow 2.346416E-03, MaxDensity 1.784E+00, MacroOverlap 2.179E-03, MacroOverlapWeight 1.500000E+00, gamma 1.162386E-01, time 17.586ms
[INFO   ] DREAMPlace - full step 48.640 ms
[INFO   ] DREAMPlace - Lsub stopping criteria: 1 and 13330.1 > 13335.9 * 0.999
[INFO   ] DREAMPlace - Llambda stopping criteria: 1 and (( 0.00234642 < 0.1 and 12942.7 > 12923.6 ) or 1.78439 < 1.0)
[DEBUG  ] dreamplace.ops.weighted_average_wirelength.weighted_average_wirelength - wirelength forward 0.089 ms
[DEBUG  ] dreamplace.ops.electric_potential.electric_potential - density forward 1.591 ms
[DEBUG  ] dreamplace.ops.electric_potential.electric_potential - density forward 1.247 ms
[DEBUG  ] dreamplace.ops.electric_potential.electric_potential - density backward 0.810 ms
[DEBUG  ] dreamplace.ops.electric_potential.electric_potential - density backward 1.147 ms
[DEBUG  ] dreamplace.ops.weighted_average_wirelength.weighted_average_wirelength - wirelength backward 0.122 ms
[INFO   ] DREAMPlace - optimizer step 30.310 ms
[INFO   ] DREAMPlace - iteration  478, (  47,  0,  0), Obj 1.334627E+04, NetCrossing 5.883E+02, NetCrossingWeight 1.000000E-01, DensityWeight 5.259289E-02, HPWL 1.294995E+04, Overflow 2.275131E-03, MaxDensity 1.784E+00, MacroOverlap 2.052E-03, MacroOverlapWeight 1.500000E+00, gamma 1.161443E-01, time 18.145ms
[INFO   ] DREAMPlace - full step 49.064 ms
[DEBUG  ] dreamplace.ops.weighted_average_wirelength.weighted_average_wirelength - wirelength forward 0.093 ms
[DEBUG  ] dreamplace.ops.electric_potential.electric_potential - density forward 1.446 ms
[DEBUG  ] dreamplace.ops.electric_potential.electric_potential - density forward 1.204 ms
[DEBUG  ] dreamplace.ops.electric_potential.electric_potential - density backward 0.788 ms
[DEBUG  ] dreamplace.ops.electric_potential.electric_potential - density backward 1.133 ms
[DEBUG  ] dreamplace.ops.weighted_average_wirelength.weighted_average_wirelength - wirelength backward 0.069 ms
[INFO   ] DREAMPlace - optimizer step 29.791 ms
[INFO   ] DREAMPlace - iteration  479, (  47,  0,  1), Obj 1.336454E+04, NetCrossing 5.894E+02, NetCrossingWeight 1.000000E-01, DensityWeight 5.259289E-02, HPWL 1.296114E+04, Overflow 2.216065E-03, MaxDensity 1.784E+00, MacroOverlap 1.880E-03, MacroOverlapWeight 1.500000E+00, gamma 1.161443E-01, time 18.346ms
[INFO   ] DREAMPlace - full step 48.790 ms
[INFO   ] DREAMPlace - Lsub stopping criteria: 1 and 13364.5 > 13346.3 * 0.999
[DEBUG  ] dreamplace.ops.weighted_average_wirelength.weighted_average_wirelength - wirelength forward 0.091 ms
[DEBUG  ] dreamplace.ops.electric_potential.electric_potential - density forward 1.470 ms
[DEBUG  ] dreamplace.ops.electric_potential.electric_potential - density forward 1.202 ms
[DEBUG  ] dreamplace.ops.electric_potential.electric_potential - density backward 0.805 ms
[DEBUG  ] dreamplace.ops.electric_potential.electric_potential - density backward 1.151 ms
[DEBUG  ] dreamplace.ops.weighted_average_wirelength.weighted_average_wirelength - wirelength backward 0.066 ms
[INFO   ] DREAMPlace - optimizer step 30.220 ms
[INFO   ] DREAMPlace - iteration  480, (  47,  1,  0), Obj 1.339924E+04, NetCrossing 5.869E+02, NetCrossingWeight 1.000000E-01, DensityWeight 5.740227E-02, HPWL 1.298798E+04, Overflow 2.162453E-03, MaxDensity 1.784E+00, MacroOverlap 1.672E-03, MacroOverlapWeight 1.500000E+00, gamma 1.161443E-01, time 17.807ms
[INFO   ] DREAMPlace - full step 48.598 ms
[DEBUG  ] dreamplace.ops.weighted_average_wirelength.weighted_average_wirelength - wirelength forward 0.088 ms
[DEBUG  ] dreamplace.ops.electric_potential.electric_potential - density forward 1.459 ms
[DEBUG  ] dreamplace.ops.electric_potential.electric_potential - density forward 1.380 ms
[DEBUG  ] dreamplace.ops.electric_potential.electric_potential - density backward 0.801 ms
[DEBUG  ] dreamplace.ops.electric_potential.electric_potential - density backward 1.145 ms
[DEBUG  ] dreamplace.ops.weighted_average_wirelength.weighted_average_wirelength - wirelength backward 0.129 ms
[INFO   ] DREAMPlace - optimizer step 30.767 ms
[INFO   ] DREAMPlace - iteration  481, (  47,  1,  1), Obj 1.341183E+04, NetCrossing 5.864E+02, NetCrossingWeight 1.000000E-01, DensityWeight 5.740227E-02, HPWL 1.298534E+04, Overflow 2.145426E-03, MaxDensity 1.784E+00, MacroOverlap 1.691E-03, MacroOverlapWeight 1.500000E+00, gamma 1.161443E-01, time 18.131ms
[INFO   ] DREAMPlace - full step 49.491 ms
[INFO   ] DREAMPlace - Lsub stopping criteria: 1 and 13411.8 > 13399.2 * 0.999
[INFO   ] DREAMPlace - Llambda stopping criteria: 1 and (( 0.00214543 < 0.1 and 12985.3 > 12961.1 ) or 1.78439 < 1.0)
[DEBUG  ] dreamplace.ops.weighted_average_wirelength.weighted_average_wirelength - wirelength forward 0.092 ms
[DEBUG  ] dreamplace.ops.electric_potential.electric_potential - density forward 1.465 ms
[DEBUG  ] dreamplace.ops.electric_potential.electric_potential - density forward 1.204 ms
[DEBUG  ] dreamplace.ops.electric_potential.electric_potential - density backward 0.787 ms
[DEBUG  ] dreamplace.ops.electric_potential.electric_potential - density backward 1.130 ms
[DEBUG  ] dreamplace.ops.weighted_average_wirelength.weighted_average_wirelength - wirelength backward 0.073 ms
[INFO   ] DREAMPlace - optimizer step 29.792 ms
[INFO   ] DREAMPlace - iteration  482, (  48,  0,  0), Obj 1.343089E+04, NetCrossing 5.872E+02, NetCrossingWeight 1.000000E-01, DensityWeight 6.265136E-02, HPWL 1.298867E+04, Overflow 2.111721E-03, MaxDensity 1.784E+00, MacroOverlap 1.557E-03, MacroOverlapWeight 1.500000E+00, gamma 1.160249E-01, time 18.175ms
[INFO   ] DREAMPlace - full step 48.601 ms
[DEBUG  ] dreamplace.ops.weighted_average_wirelength.weighted_average_wirelength - wirelength forward 0.090 ms
[DEBUG  ] dreamplace.ops.electric_potential.electric_potential - density forward 1.608 ms
[DEBUG  ] dreamplace.ops.electric_potential.electric_potential - density forward 1.190 ms
[DEBUG  ] dreamplace.ops.electric_potential.electric_potential - density backward 0.798 ms
[DEBUG  ] dreamplace.ops.electric_potential.electric_potential - density backward 1.153 ms
[DEBUG  ] dreamplace.ops.weighted_average_wirelength.weighted_average_wirelength - wirelength backward 0.129 ms
[INFO   ] DREAMPlace - optimizer step 30.584 ms
[INFO   ] DREAMPlace - iteration  483, (  48,  0,  1), Obj 1.345498E+04, NetCrossing 5.909E+02, NetCrossingWeight 1.000000E-01, DensityWeight 6.265136E-02, HPWL 1.300565E+04, Overflow 2.088809E-03, MaxDensity 1.784E+00, MacroOverlap 1.541E-03, MacroOverlapWeight 1.500000E+00, gamma 1.160249E-01, time 17.802ms
[INFO   ] DREAMPlace - full step 48.979 ms
[INFO   ] DREAMPlace - Lsub stopping criteria: 1 and 13455 > 13430.9 * 0.999
[DEBUG  ] dreamplace.ops.weighted_average_wirelength.weighted_average_wirelength - wirelength forward 0.088 ms
[DEBUG  ] dreamplace.ops.electric_potential.electric_potential - density forward 1.466 ms
[DEBUG  ] dreamplace.ops.electric_potential.electric_potential - density forward 1.366 ms
[DEBUG  ] dreamplace.ops.electric_potential.electric_potential - density backward 0.791 ms
[DEBUG  ] dreamplace.ops.electric_potential.electric_potential - density backward 1.149 ms
[DEBUG  ] dreamplace.ops.weighted_average_wirelength.weighted_average_wirelength - wirelength backward 0.067 ms
[INFO   ] DREAMPlace - optimizer step 29.798 ms
[INFO   ] DREAMPlace - iteration  484, (  48,  1,  0), Obj 1.348981E+04, NetCrossing 5.911E+02, NetCrossingWeight 1.000000E-01, DensityWeight 6.838051E-02, HPWL 1.301795E+04, Overflow 2.021009E-03, MaxDensity 1.802E+00, MacroOverlap 1.348E-03, MacroOverlapWeight 1.500000E+00, gamma 1.160249E-01, time 17.965ms
[INFO   ] DREAMPlace - full step 48.342 ms
[DEBUG  ] dreamplace.ops.weighted_average_wirelength.weighted_average_wirelength - wirelength forward 0.090 ms
[DEBUG  ] dreamplace.ops.electric_potential.electric_potential - density forward 1.449 ms
[DEBUG  ] dreamplace.ops.electric_potential.electric_potential - density forward 1.171 ms
[DEBUG  ] dreamplace.ops.electric_potential.electric_potential - density backward 0.795 ms
[DEBUG  ] dreamplace.ops.electric_potential.electric_potential - density backward 1.145 ms
[DEBUG  ] dreamplace.ops.weighted_average_wirelength.weighted_average_wirelength - wirelength backward 0.072 ms
[INFO   ] DREAMPlace - optimizer step 29.785 ms
[INFO   ] DREAMPlace - iteration  485, (  48,  1,  1), Obj 1.350720E+04, NetCrossing 5.867E+02, NetCrossingWeight 1.000000E-01, DensityWeight 6.838051E-02, HPWL 1.303439E+04, Overflow 1.989761E-03, MaxDensity 1.784E+00, MacroOverlap 1.254E-03, MacroOverlapWeight 1.500000E+00, gamma 1.160249E-01, time 17.845ms
[INFO   ] DREAMPlace - full step 48.209 ms
[INFO   ] DREAMPlace - Lsub stopping criteria: 1 and 13507.2 > 13489.8 * 0.999
[INFO   ] DREAMPlace - Llambda stopping criteria: 1 and (( 0.00198976 < 0.1 and 13034.4 > 13005.7 ) or 1.78439 < 1.0)
[DEBUG  ] dreamplace.ops.weighted_average_wirelength.weighted_average_wirelength - wirelength forward 0.087 ms
[DEBUG  ] dreamplace.ops.electric_potential.electric_potential - density forward 1.430 ms
[DEBUG  ] dreamplace.ops.electric_potential.electric_potential - density forward 1.192 ms
[DEBUG  ] dreamplace.ops.electric_potential.electric_potential - density backward 0.797 ms
[DEBUG  ] dreamplace.ops.electric_potential.electric_potential - density backward 1.111 ms
[DEBUG  ] dreamplace.ops.weighted_average_wirelength.weighted_average_wirelength - wirelength backward 0.075 ms
[INFO   ] DREAMPlace - optimizer step 29.154 ms
[INFO   ] DREAMPlace - iteration  486, (  49,  0,  0), Obj 1.353976E+04, NetCrossing 5.930E+02, NetCrossingWeight 1.000000E-01, DensityWeight 7.463341E-02, HPWL 1.304775E+04, Overflow 1.916859E-03, MaxDensity 1.784E+00, MacroOverlap 1.114E-03, MacroOverlapWeight 1.500000E+00, gamma 1.159325E-01, time 18.011ms
[INFO   ] DREAMPlace - full step 47.869 ms
[DEBUG  ] dreamplace.ops.weighted_average_wirelength.weighted_average_wirelength - wirelength forward 0.086 ms
[DEBUG  ] dreamplace.ops.electric_potential.electric_potential - density forward 1.440 ms
[DEBUG  ] dreamplace.ops.electric_potential.electric_potential - density forward 1.168 ms
[DEBUG  ] dreamplace.ops.electric_potential.electric_potential - density backward 0.804 ms
[DEBUG  ] dreamplace.ops.electric_potential.electric_potential - density backward 1.103 ms
[DEBUG  ] dreamplace.ops.weighted_average_wirelength.weighted_average_wirelength - wirelength backward 0.073 ms
[INFO   ] DREAMPlace - optimizer step 29.427 ms
[INFO   ] DREAMPlace - iteration  487, (  49,  0,  1), Obj 1.355479E+04, NetCrossing 5.929E+02, NetCrossingWeight 1.000000E-01, DensityWeight 7.463341E-02, HPWL 1.305793E+04, Overflow 1.884929E-03, MaxDensity 1.784E+00, MacroOverlap 1.080E-03, MacroOverlapWeight 1.500000E+00, gamma 1.159325E-01, time 17.586ms
[INFO   ] DREAMPlace - full step 47.729 ms
[INFO   ] DREAMPlace - Lsub stopping criteria: 1 and 13554.8 > 13539.8 * 0.999
[DEBUG  ] dreamplace.ops.weighted_average_wirelength.weighted_average_wirelength - wirelength forward 0.083 ms
[DEBUG  ] dreamplace.ops.electric_potential.electric_potential - density forward 1.416 ms
[DEBUG  ] dreamplace.ops.electric_potential.electric_potential - density forward 1.295 ms
[DEBUG  ] dreamplace.ops.electric_potential.electric_potential - density backward 0.792 ms
[DEBUG  ] dreamplace.ops.electric_potential.electric_potential - density backward 1.068 ms
[DEBUG  ] dreamplace.ops.weighted_average_wirelength.weighted_average_wirelength - wirelength backward 0.082 ms
[INFO   ] DREAMPlace - optimizer step 29.590 ms
[INFO   ] DREAMPlace - iteration  488, (  49,  1,  0), Obj 1.360313E+04, NetCrossing 5.916E+02, NetCrossingWeight 1.000000E-01, DensityWeight 8.145820E-02, HPWL 1.307307E+04, Overflow 1.838554E-03, MaxDensity 1.784E+00, MacroOverlap 9.332E-04, MacroOverlapWeight 1.500000E+00, gamma 1.159325E-01, time 17.853ms
[INFO   ] DREAMPlace - full step 48.064 ms
[DEBUG  ] dreamplace.ops.weighted_average_wirelength.weighted_average_wirelength - wirelength forward 0.077 ms
[DEBUG  ] dreamplace.ops.electric_potential.electric_potential - density forward 1.471 ms
[DEBUG  ] dreamplace.ops.electric_potential.electric_potential - density forward 1.190 ms
[DEBUG  ] dreamplace.ops.electric_potential.electric_potential - density backward 0.797 ms
[DEBUG  ] dreamplace.ops.electric_potential.electric_potential - density backward 1.156 ms
[DEBUG  ] dreamplace.ops.weighted_average_wirelength.weighted_average_wirelength - wirelength backward 0.127 ms
[INFO   ] DREAMPlace - optimizer step 29.631 ms
[INFO   ] DREAMPlace - iteration  489, (  49,  1,  1), Obj 1.361210E+04, NetCrossing 5.922E+02, NetCrossingWeight 1.000000E-01, DensityWeight 8.145820E-02, HPWL 1.307801E+04, Overflow 1.793420E-03, MaxDensity 1.784E+00, MacroOverlap 8.499E-04, MacroOverlapWeight 1.500000E+00, gamma 1.159325E-01, time 17.336ms
[INFO   ] DREAMPlace - full step 47.559 ms
[INFO   ] DREAMPlace - Lsub stopping criteria: 1 and 13612.1 > 13603.1 * 0.999
[INFO   ] DREAMPlace - Llambda stopping criteria: 1 and (( 0.00179342 < 0.1 and 13078 > 13057.9 ) or 1.78439 < 1.0)
[DEBUG  ] dreamplace.ops.weighted_average_wirelength.weighted_average_wirelength - wirelength forward 0.083 ms
[DEBUG  ] dreamplace.ops.electric_potential.electric_potential - density forward 1.471 ms
[DEBUG  ] dreamplace.ops.electric_potential.electric_potential - density forward 1.212 ms
[DEBUG  ] dreamplace.ops.electric_potential.electric_potential - density backward 0.810 ms
[DEBUG  ] dreamplace.ops.electric_potential.electric_potential - density backward 1.130 ms
[DEBUG  ] dreamplace.ops.weighted_average_wirelength.weighted_average_wirelength - wirelength backward 0.133 ms
[INFO   ] DREAMPlace - optimizer step 29.833 ms
[INFO   ] DREAMPlace - iteration  490, (  50,  0,  0), Obj 1.366859E+04, NetCrossing 5.917E+02, NetCrossingWeight 1.000000E-01, DensityWeight 8.890714E-02, HPWL 1.310431E+04, Overflow 1.743894E-03, MaxDensity 1.784E+00, MacroOverlap 7.507E-04, MacroOverlapWeight 1.500000E+00, gamma 1.158161E-01, time 17.419ms
[INFO   ] DREAMPlace - full step 47.816 ms
[DEBUG  ] dreamplace.ops.weighted_average_wirelength.weighted_average_wirelength - wirelength forward 0.083 ms
[DEBUG  ] dreamplace.ops.electric_potential.electric_potential - density forward 1.500 ms
[DEBUG  ] dreamplace.ops.electric_potential.electric_potential - density forward 1.203 ms
[DEBUG  ] dreamplace.ops.electric_potential.electric_potential - density backward 0.803 ms
[DEBUG  ] dreamplace.ops.electric_potential.electric_potential - density backward 1.148 ms
[DEBUG  ] dreamplace.ops.weighted_average_wirelength.weighted_average_wirelength - wirelength backward 0.128 ms
[INFO   ] DREAMPlace - optimizer step 29.957 ms
[INFO   ] DREAMPlace - iteration  491, (  50,  0,  1), Obj 1.368541E+04, NetCrossing 5.934E+02, NetCrossingWeight 1.000000E-01, DensityWeight 8.890714E-02, HPWL 1.311452E+04, Overflow 1.701040E-03, MaxDensity 1.784E+00, MacroOverlap 6.827E-04, MacroOverlapWeight 1.500000E+00, gamma 1.158161E-01, time 19.698ms
[INFO   ] DREAMPlace - full step 50.254 ms
[INFO   ] DREAMPlace - Lsub stopping criteria: 1 and 13685.4 > 13668.6 * 0.999
[DEBUG  ] dreamplace.ops.weighted_average_wirelength.weighted_average_wirelength - wirelength forward 0.082 ms
[DEBUG  ] dreamplace.ops.electric_potential.electric_potential - density forward 1.467 ms
[DEBUG  ] dreamplace.ops.electric_potential.electric_potential - density forward 1.179 ms
[DEBUG  ] dreamplace.ops.electric_potential.electric_potential - density backward 0.799 ms
[DEBUG  ] dreamplace.ops.electric_potential.electric_potential - density backward 1.148 ms
[DEBUG  ] dreamplace.ops.weighted_average_wirelength.weighted_average_wirelength - wirelength backward 0.126 ms
[INFO   ] DREAMPlace - optimizer step 29.928 ms
[INFO   ] DREAMPlace - iteration  492, (  50,  1,  0), Obj 1.373439E+04, NetCrossing 5.893E+02, NetCrossingWeight 1.000000E-01, DensityWeight 9.703688E-02, HPWL 1.313617E+04, Overflow 1.656812E-03, MaxDensity 1.784E+00, MacroOverlap 5.995E-04, MacroOverlapWeight 1.500000E+00, gamma 1.158161E-01, time 17.635ms
[INFO   ] DREAMPlace - full step 48.174 ms
[DEBUG  ] dreamplace.ops.weighted_average_wirelength.weighted_average_wirelength - wirelength forward 0.082 ms
[DEBUG  ] dreamplace.ops.electric_potential.electric_potential - density forward 1.501 ms
[DEBUG  ] dreamplace.ops.electric_potential.electric_potential - density forward 1.192 ms
[DEBUG  ] dreamplace.ops.electric_potential.electric_potential - density backward 0.818 ms
[DEBUG  ] dreamplace.ops.electric_potential.electric_potential - density backward 1.152 ms
[DEBUG  ] dreamplace.ops.weighted_average_wirelength.weighted_average_wirelength - wirelength backward 0.122 ms
[INFO   ] DREAMPlace - optimizer step 30.167 ms
[INFO   ] DREAMPlace - iteration  493, (  50,  1,  1), Obj 1.375858E+04, NetCrossing 5.911E+02, NetCrossingWeight 1.000000E-01, DensityWeight 9.703688E-02, HPWL 1.315402E+04, Overflow 1.609139E-03, MaxDensity 1.784E+00, MacroOverlap 5.380E-04, MacroOverlapWeight 1.500000E+00, gamma 1.158161E-01, time 17.518ms
[INFO   ] DREAMPlace - full step 48.285 ms
[INFO   ] DREAMPlace - Lsub stopping criteria: 1 and 13758.6 > 13734.4 * 0.999
[INFO   ] DREAMPlace - Llambda stopping criteria: 1 and (( 0.00160914 < 0.1 and 13154 > 13114.5 ) or 1.78439 < 1.0)
[DEBUG  ] dreamplace.ops.weighted_average_wirelength.weighted_average_wirelength - wirelength forward 0.084 ms
[DEBUG  ] dreamplace.ops.electric_potential.electric_potential - density forward 1.473 ms
[DEBUG  ] dreamplace.ops.electric_potential.electric_potential - density forward 1.186 ms
[DEBUG  ] dreamplace.ops.electric_potential.electric_potential - density backward 0.810 ms
[DEBUG  ] dreamplace.ops.electric_potential.electric_potential - density backward 1.134 ms
[DEBUG  ] dreamplace.ops.weighted_average_wirelength.weighted_average_wirelength - wirelength backward 0.125 ms
[INFO   ] DREAMPlace - optimizer step 29.622 ms
[INFO   ] DREAMPlace - iteration  494, (  51,  0,  0), Obj 1.380144E+04, NetCrossing 5.919E+02, NetCrossingWeight 1.000000E-01, DensityWeight 1.059099E-01, HPWL 1.316935E+04, Overflow 1.568033E-03, MaxDensity 1.784E+00, MacroOverlap 4.811E-04, MacroOverlapWeight 1.500000E+00, gamma 1.157069E-01, time 17.882ms
[INFO   ] DREAMPlace - full step 48.074 ms
[DEBUG  ] dreamplace.ops.weighted_average_wirelength.weighted_average_wirelength - wirelength forward 0.092 ms
[DEBUG  ] dreamplace.ops.electric_potential.electric_potential - density forward 1.464 ms
[DEBUG  ] dreamplace.ops.electric_potential.electric_potential - density forward 1.209 ms
[DEBUG  ] dreamplace.ops.electric_potential.electric_potential - density backward 0.794 ms
[DEBUG  ] dreamplace.ops.electric_potential.electric_potential - density backward 1.146 ms
[DEBUG  ] dreamplace.ops.weighted_average_wirelength.weighted_average_wirelength - wirelength backward 0.131 ms
[INFO   ] DREAMPlace - optimizer step 30.548 ms
[INFO   ] DREAMPlace - iteration  495, (  51,  0,  1), Obj 1.383600E+04, NetCrossing 5.947E+02, NetCrossingWeight 1.000000E-01, DensityWeight 1.059099E-01, HPWL 1.318796E+04, Overflow 1.527679E-03, MaxDensity 1.784E+00, MacroOverlap 4.415E-04, MacroOverlapWeight 1.500000E+00, gamma 1.157069E-01, time 18.420ms
[INFO   ] DREAMPlace - full step 49.565 ms
[INFO   ] DREAMPlace - Lsub stopping criteria: 1 and 13836 > 13801.4 * 0.999
[DEBUG  ] dreamplace.ops.weighted_average_wirelength.weighted_average_wirelength - wirelength forward 0.091 ms
[DEBUG  ] dreamplace.ops.electric_potential.electric_potential - density forward 1.528 ms
[DEBUG  ] dreamplace.ops.electric_potential.electric_potential - density forward 1.201 ms
[DEBUG  ] dreamplace.ops.electric_potential.electric_potential - density backward 0.813 ms
[DEBUG  ] dreamplace.ops.electric_potential.electric_potential - density backward 1.158 ms
[DEBUG  ] dreamplace.ops.weighted_average_wirelength.weighted_average_wirelength - wirelength backward 0.122 ms
[INFO   ] DREAMPlace - optimizer step 30.376 ms
[INFO   ] DREAMPlace - iteration  496, (  51,  1,  0), Obj 1.387931E+04, NetCrossing 5.861E+02, NetCrossingWeight 1.000000E-01, DensityWeight 1.155945E-01, HPWL 1.319997E+04, Overflow 1.494731E-03, MaxDensity 1.778E+00, MacroOverlap 3.934E-04, MacroOverlapWeight 1.500000E+00, gamma 1.157069E-01, time 17.955ms
[INFO   ] DREAMPlace - full step 48.925 ms
[DEBUG  ] dreamplace.ops.weighted_average_wirelength.weighted_average_wirelength - wirelength forward 0.087 ms
[DEBUG  ] dreamplace.ops.electric_potential.electric_potential - density forward 1.497 ms
[DEBUG  ] dreamplace.ops.electric_potential.electric_potential - density forward 1.204 ms
[DEBUG  ] dreamplace.ops.electric_potential.electric_potential - density backward 0.765 ms
[DEBUG  ] dreamplace.ops.electric_potential.electric_potential - density backward 1.146 ms
[DEBUG  ] dreamplace.ops.weighted_average_wirelength.weighted_average_wirelength - wirelength backward 0.070 ms
[INFO   ] DREAMPlace - optimizer step 30.528 ms
[INFO   ] DREAMPlace - iteration  497, (  51,  1,  1), Obj 1.390668E+04, NetCrossing 5.900E+02, NetCrossingWeight 1.000000E-01, DensityWeight 1.155945E-01, HPWL 1.321700E+04, Overflow 1.456855E-03, MaxDensity 1.768E+00, MacroOverlap 3.698E-04, MacroOverlapWeight 1.500000E+00, gamma 1.157069E-01, time 17.792ms
[INFO   ] DREAMPlace - full step 48.910 ms
[INFO   ] DREAMPlace - Lsub stopping criteria: 1 and 13906.7 > 13879.3 * 0.999
[INFO   ] DREAMPlace - Llambda stopping criteria: 1 and (( 0.00145685 < 0.1 and 13217 > 13188 ) or 1.76793 < 1.0)
[DEBUG  ] dreamplace.ops.weighted_average_wirelength.weighted_average_wirelength - wirelength forward 0.092 ms
[DEBUG  ] dreamplace.ops.electric_potential.electric_potential - density forward 1.503 ms
[DEBUG  ] dreamplace.ops.electric_potential.electric_potential - density forward 1.378 ms
[DEBUG  ] dreamplace.ops.electric_potential.electric_potential - density backward 0.794 ms
[DEBUG  ] dreamplace.ops.electric_potential.electric_potential - density backward 1.149 ms
[DEBUG  ] dreamplace.ops.weighted_average_wirelength.weighted_average_wirelength - wirelength backward 0.128 ms
[INFO   ] DREAMPlace - optimizer step 30.808 ms
[INFO   ] DREAMPlace - iteration  498, (  52,  0,  0), Obj 1.394299E+04, NetCrossing 5.878E+02, NetCrossingWeight 1.000000E-01, DensityWeight 1.261647E-01, HPWL 1.323075E+04, Overflow 1.425094E-03, MaxDensity 1.749E+00, MacroOverlap 3.251E-04, MacroOverlapWeight 1.500000E+00, gamma 1.156168E-01, time 18.141ms
[INFO   ] DREAMPlace - full step 49.562 ms
[DEBUG  ] dreamplace.ops.weighted_average_wirelength.weighted_average_wirelength - wirelength forward 0.094 ms
[DEBUG  ] dreamplace.ops.electric_potential.electric_potential - density forward 1.555 ms
[DEBUG  ] dreamplace.ops.electric_potential.electric_potential - density forward 1.329 ms
[DEBUG  ] dreamplace.ops.electric_potential.electric_potential - density backward 0.823 ms
[DEBUG  ] dreamplace.ops.electric_potential.electric_potential - density backward 1.142 ms
[DEBUG  ] dreamplace.ops.weighted_average_wirelength.weighted_average_wirelength - wirelength backward 0.144 ms
[INFO   ] DREAMPlace - optimizer step 30.361 ms
[INFO   ] DREAMPlace - iteration  499, (  52,  0,  1), Obj 1.397989E+04, NetCrossing 5.878E+02, NetCrossingWeight 1.000000E-01, DensityWeight 1.261647E-01, HPWL 1.324729E+04, Overflow 1.386231E-03, MaxDensity 1.756E+00, MacroOverlap 3.023E-04, MacroOverlapWeight 1.500000E+00, gamma 1.156168E-01, time 18.256ms
[INFO   ] DREAMPlace - full step 49.236 ms
[INFO   ] DREAMPlace - Lsub stopping criteria: 1 and 13979.9 > 13943 * 0.999
[DEBUG  ] dreamplace.ops.weighted_average_wirelength.weighted_average_wirelength - wirelength forward 0.073 ms
[DEBUG  ] dreamplace.ops.weighted_average_wirelength.weighted_average_wirelength - wirelength backward 0.063 ms
[DEBUG  ] dreamplace.ops.weighted_average_wirelength.weighted_average_wirelength - wirelength forward 0.093 ms
[DEBUG  ] dreamplace.ops.weighted_average_wirelength.weighted_average_wirelength - wirelength backward 0.061 ms
[DEBUG  ] dreamplace.ops.weighted_average_wirelength.weighted_average_wirelength - wirelength forward 0.091 ms
[DEBUG  ] dreamplace.ops.weighted_average_wirelength.weighted_average_wirelength - wirelength backward 0.087 ms
[DEBUG  ] dreamplace.ops.weighted_average_wirelength.weighted_average_wirelength - wirelength forward 0.069 ms
[DEBUG  ] dreamplace.ops.weighted_average_wirelength.weighted_average_wirelength - wirelength backward 0.087 ms
[DEBUG  ] dreamplace.ops.weighted_average_wirelength.weighted_average_wirelength - wirelength forward 0.069 ms
[DEBUG  ] dreamplace.ops.weighted_average_wirelength.weighted_average_wirelength - wirelength backward 0.088 ms
[DEBUG  ] dreamplace.ops.weighted_average_wirelength.weighted_average_wirelength - wirelength forward 0.069 ms
[DEBUG  ] dreamplace.ops.weighted_average_wirelength.weighted_average_wirelength - wirelength backward 0.108 ms
[DEBUG  ] dreamplace.ops.weighted_average_wirelength.weighted_average_wirelength - wirelength forward 0.069 ms
[DEBUG  ] dreamplace.ops.weighted_average_wirelength.weighted_average_wirelength - wirelength backward 0.107 ms
[DEBUG  ] dreamplace.ops.weighted_average_wirelength.weighted_average_wirelength - wirelength forward 0.068 ms
[DEBUG  ] dreamplace.ops.weighted_average_wirelength.weighted_average_wirelength - wirelength backward 0.122 ms
[DEBUG  ] dreamplace.ops.weighted_average_wirelength.weighted_average_wirelength - wirelength forward 0.068 ms
[DEBUG  ] dreamplace.ops.weighted_average_wirelength.weighted_average_wirelength - wirelength backward 0.122 ms
[DEBUG  ] dreamplace.ops.weighted_average_wirelength.weighted_average_wirelength - wirelength forward 0.069 ms
[DEBUG  ] dreamplace.ops.weighted_average_wirelength.weighted_average_wirelength - wirelength backward 0.121 ms
[DEBUG  ] dreamplace.ops.weighted_average_wirelength.weighted_average_wirelength - wirelength forward 0.067 ms
[DEBUG  ] dreamplace.ops.weighted_average_wirelength.weighted_average_wirelength - wirelength backward 0.130 ms
[DEBUG  ] dreamplace.ops.weighted_average_wirelength.weighted_average_wirelength - wirelength forward 0.069 ms
[DEBUG  ] dreamplace.ops.weighted_average_wirelength.weighted_average_wirelength - wirelength backward 0.130 ms
[DEBUG  ] dreamplace.ops.weighted_average_wirelength.weighted_average_wirelength - wirelength forward 0.067 ms
[DEBUG  ] dreamplace.ops.weighted_average_wirelength.weighted_average_wirelength - wirelength backward 0.131 ms
[DEBUG  ] dreamplace.ops.weighted_average_wirelength.weighted_average_wirelength - wirelength forward 0.068 ms
[DEBUG  ] dreamplace.ops.weighted_average_wirelength.weighted_average_wirelength - wirelength backward 0.109 ms
[DEBUG  ] dreamplace.ops.weighted_average_wirelength.weighted_average_wirelength - wirelength forward 0.068 ms
[DEBUG  ] dreamplace.ops.weighted_average_wirelength.weighted_average_wirelength - wirelength backward 0.107 ms
[DEBUG  ] dreamplace.ops.weighted_average_wirelength.weighted_average_wirelength - wirelength forward 0.069 ms
[DEBUG  ] dreamplace.ops.weighted_average_wirelength.weighted_average_wirelength - wirelength backward 0.107 ms
[DEBUG  ] dreamplace.ops.weighted_average_wirelength.weighted_average_wirelength - wirelength forward 0.068 ms
[DEBUG  ] dreamplace.ops.weighted_average_wirelength.weighted_average_wirelength - wirelength backward 0.124 ms
[DEBUG  ] dreamplace.ops.weighted_average_wirelength.weighted_average_wirelength - wirelength forward 0.068 ms
[DEBUG  ] dreamplace.ops.weighted_average_wirelength.weighted_average_wirelength - wirelength backward 0.122 ms
[DEBUG  ] dreamplace.ops.weighted_average_wirelength.weighted_average_wirelength - wirelength forward 0.067 ms
[DEBUG  ] dreamplace.ops.weighted_average_wirelength.weighted_average_wirelength - wirelength backward 0.130 ms
[DEBUG  ] dreamplace.ops.weighted_average_wirelength.weighted_average_wirelength - wirelength forward 0.068 ms
[DEBUG  ] dreamplace.ops.weighted_average_wirelength.weighted_average_wirelength - wirelength backward 0.129 ms
[DEBUG  ] dreamplace.ops.weighted_average_wirelength.weighted_average_wirelength - wirelength forward 0.068 ms
[DEBUG  ] dreamplace.ops.weighted_average_wirelength.weighted_average_wirelength - wirelength backward 0.131 ms
[DEBUG  ] dreamplace.ops.weighted_average_wirelength.weighted_average_wirelength - wirelength forward 0.069 ms
[DEBUG  ] dreamplace.ops.weighted_average_wirelength.weighted_average_wirelength - wirelength backward 0.107 ms
[DEBUG  ] dreamplace.ops.weighted_average_wirelength.weighted_average_wirelength - wirelength forward 0.068 ms
[DEBUG  ] dreamplace.ops.weighted_average_wirelength.weighted_average_wirelength - wirelength backward 0.107 ms
[DEBUG  ] dreamplace.ops.weighted_average_wirelength.weighted_average_wirelength - wirelength forward 0.070 ms
[DEBUG  ] dreamplace.ops.weighted_average_wirelength.weighted_average_wirelength - wirelength backward 0.107 ms
[DEBUG  ] dreamplace.ops.weighted_average_wirelength.weighted_average_wirelength - wirelength forward 0.068 ms
[DEBUG  ] dreamplace.ops.weighted_average_wirelength.weighted_average_wirelength - wirelength backward 0.123 ms
[DEBUG  ] dreamplace.ops.weighted_average_wirelength.weighted_average_wirelength - wirelength forward 0.068 ms
[DEBUG  ] dreamplace.ops.weighted_average_wirelength.weighted_average_wirelength - wirelength backward 0.138 ms
[DEBUG  ] dreamplace.ops.weighted_average_wirelength.weighted_average_wirelength - wirelength forward 0.082 ms
[DEBUG  ] dreamplace.ops.weighted_average_wirelength.weighted_average_wirelength - wirelength backward 0.121 ms
[DEBUG  ] dreamplace.ops.weighted_average_wirelength.weighted_average_wirelength - wirelength forward 0.067 ms
[DEBUG  ] dreamplace.ops.weighted_average_wirelength.weighted_average_wirelength - wirelength backward 0.130 ms
[DEBUG  ] dreamplace.ops.weighted_average_wirelength.weighted_average_wirelength - wirelength forward 0.074 ms
[DEBUG  ] dreamplace.ops.weighted_average_wirelength.weighted_average_wirelength - wirelength backward 0.131 ms
[DEBUG  ] dreamplace.ops.weighted_average_wirelength.weighted_average_wirelength - wirelength forward 0.068 ms
[DEBUG  ] dreamplace.ops.weighted_average_wirelength.weighted_average_wirelength - wirelength backward 0.131 ms
[DEBUG  ] dreamplace.ops.weighted_average_wirelength.weighted_average_wirelength - wirelength forward 0.067 ms
[DEBUG  ] dreamplace.ops.weighted_average_wirelength.weighted_average_wirelength - wirelength backward 0.131 ms
[DEBUG  ] dreamplace.ops.weighted_average_wirelength.weighted_average_wirelength - wirelength forward 0.067 ms
[DEBUG  ] dreamplace.ops.weighted_average_wirelength.weighted_average_wirelength - wirelength backward 0.131 ms
[INFO   ] DREAMPlace - update best theta
[DEBUG  ] dreamplace.ops.weighted_average_wirelength.weighted_average_wirelength - wirelength forward 0.067 ms
[DEBUG  ] dreamplace.ops.weighted_average_wirelength.weighted_average_wirelength - wirelength backward 0.131 ms
[DEBUG  ] dreamplace.ops.weighted_average_wirelength.weighted_average_wirelength - wirelength forward 0.067 ms
[DEBUG  ] dreamplace.ops.weighted_average_wirelength.weighted_average_wirelength - wirelength backward 0.130 ms
[DEBUG  ] dreamplace.ops.weighted_average_wirelength.weighted_average_wirelength - wirelength forward 0.067 ms
[DEBUG  ] dreamplace.ops.weighted_average_wirelength.weighted_average_wirelength - wirelength backward 0.113 ms
[DEBUG  ] dreamplace.ops.weighted_average_wirelength.weighted_average_wirelength - wirelength forward 0.067 ms
[DEBUG  ] dreamplace.ops.weighted_average_wirelength.weighted_average_wirelength - wirelength backward 0.113 ms
[DEBUG  ] dreamplace.ops.weighted_average_wirelength.weighted_average_wirelength - wirelength forward 0.078 ms
[DEBUG  ] dreamplace.ops.weighted_average_wirelength.weighted_average_wirelength - wirelength backward 0.114 ms
[DEBUG  ] dreamplace.ops.weighted_average_wirelength.weighted_average_wirelength - wirelength forward 0.069 ms
[DEBUG  ] dreamplace.ops.weighted_average_wirelength.weighted_average_wirelength - wirelength backward 0.131 ms
[DEBUG  ] dreamplace.ops.weighted_average_wirelength.weighted_average_wirelength - wirelength forward 0.067 ms
[DEBUG  ] dreamplace.ops.weighted_average_wirelength.weighted_average_wirelength - wirelength backward 0.130 ms
[DEBUG  ] dreamplace.ops.weighted_average_wirelength.weighted_average_wirelength - wirelength forward 0.069 ms
[DEBUG  ] dreamplace.ops.weighted_average_wirelength.weighted_average_wirelength - wirelength backward 0.130 ms
[DEBUG  ] dreamplace.ops.weighted_average_wirelength.weighted_average_wirelength - wirelength forward 0.067 ms
[DEBUG  ] dreamplace.ops.weighted_average_wirelength.weighted_average_wirelength - wirelength backward 0.131 ms
[DEBUG  ] dreamplace.ops.weighted_average_wirelength.weighted_average_wirelength - wirelength forward 0.069 ms
[DEBUG  ] dreamplace.ops.weighted_average_wirelength.weighted_average_wirelength - wirelength backward 0.132 ms
[DEBUG  ] dreamplace.ops.weighted_average_wirelength.weighted_average_wirelength - wirelength forward 0.067 ms
[DEBUG  ] dreamplace.ops.weighted_average_wirelength.weighted_average_wirelength - wirelength backward 0.132 ms
[DEBUG  ] dreamplace.ops.weighted_average_wirelength.weighted_average_wirelength - wirelength forward 0.069 ms
[DEBUG  ] dreamplace.ops.weighted_average_wirelength.weighted_average_wirelength - wirelength backward 0.131 ms
[DEBUG  ] dreamplace.ops.weighted_average_wirelength.weighted_average_wirelength - wirelength forward 0.070 ms
[DEBUG  ] dreamplace.ops.weighted_average_wirelength.weighted_average_wirelength - wirelength backward 0.131 ms
[DEBUG  ] dreamplace.ops.weighted_average_wirelength.weighted_average_wirelength - wirelength forward 0.069 ms
[DEBUG  ] dreamplace.ops.weighted_average_wirelength.weighted_average_wirelength - wirelength backward 0.141 ms
[DEBUG  ] dreamplace.ops.weighted_average_wirelength.weighted_average_wirelength - wirelength forward 0.068 ms
[DEBUG  ] dreamplace.ops.weighted_average_wirelength.weighted_average_wirelength - wirelength backward 0.134 ms
[DEBUG  ] dreamplace.ops.weighted_average_wirelength.weighted_average_wirelength - wirelength forward 0.069 ms
[DEBUG  ] dreamplace.ops.weighted_average_wirelength.weighted_average_wirelength - wirelength backward 0.130 ms
[DEBUG  ] dreamplace.ops.weighted_average_wirelength.weighted_average_wirelength - wirelength forward 0.069 ms
[DEBUG  ] dreamplace.ops.weighted_average_wirelength.weighted_average_wirelength - wirelength backward 0.130 ms
[DEBUG  ] dreamplace.ops.weighted_average_wirelength.weighted_average_wirelength - wirelength forward 0.069 ms
[DEBUG  ] dreamplace.ops.weighted_average_wirelength.weighted_average_wirelength - wirelength backward 0.131 ms
[DEBUG  ] dreamplace.ops.weighted_average_wirelength.weighted_average_wirelength - wirelength forward 0.069 ms
[DEBUG  ] dreamplace.ops.weighted_average_wirelength.weighted_average_wirelength - wirelength backward 0.130 ms
[DEBUG  ] dreamplace.ops.weighted_average_wirelength.weighted_average_wirelength - wirelength forward 0.069 ms
[DEBUG  ] dreamplace.ops.weighted_average_wirelength.weighted_average_wirelength - wirelength backward 0.133 ms
[DEBUG  ] dreamplace.ops.weighted_average_wirelength.weighted_average_wirelength - wirelength forward 0.068 ms
[DEBUG  ] dreamplace.ops.weighted_average_wirelength.weighted_average_wirelength - wirelength backward 0.133 ms
[DEBUG  ] dreamplace.ops.weighted_average_wirelength.weighted_average_wirelength - wirelength forward 0.069 ms
[DEBUG  ] dreamplace.ops.weighted_average_wirelength.weighted_average_wirelength - wirelength backward 0.114 ms
[DEBUG  ] dreamplace.ops.weighted_average_wirelength.weighted_average_wirelength - wirelength forward 0.068 ms
[DEBUG  ] dreamplace.ops.weighted_average_wirelength.weighted_average_wirelength - wirelength backward 0.109 ms
[DEBUG  ] dreamplace.ops.weighted_average_wirelength.weighted_average_wirelength - wirelength forward 0.070 ms
[DEBUG  ] dreamplace.ops.weighted_average_wirelength.weighted_average_wirelength - wirelength backward 0.068 ms
[DEBUG  ] dreamplace.ops.weighted_average_wirelength.weighted_average_wirelength - wirelength forward 0.067 ms
[DEBUG  ] dreamplace.ops.weighted_average_wirelength.weighted_average_wirelength - wirelength backward 0.059 ms
[DEBUG  ] dreamplace.ops.weighted_average_wirelength.weighted_average_wirelength - wirelength forward 0.067 ms
[DEBUG  ] dreamplace.ops.weighted_average_wirelength.weighted_average_wirelength - wirelength backward 0.058 ms
[DEBUG  ] dreamplace.ops.weighted_average_wirelength.weighted_average_wirelength - wirelength forward 0.070 ms
[DEBUG  ] dreamplace.ops.weighted_average_wirelength.weighted_average_wirelength - wirelength backward 0.067 ms
[DEBUG  ] dreamplace.ops.weighted_average_wirelength.weighted_average_wirelength - wirelength forward 0.069 ms
[DEBUG  ] dreamplace.ops.weighted_average_wirelength.weighted_average_wirelength - wirelength backward 0.056 ms
[DEBUG  ] dreamplace.ops.weighted_average_wirelength.weighted_average_wirelength - wirelength forward 0.067 ms
[DEBUG  ] dreamplace.ops.weighted_average_wirelength.weighted_average_wirelength - wirelength backward 0.066 ms
[DEBUG  ] dreamplace.ops.weighted_average_wirelength.weighted_average_wirelength - wirelength forward 0.064 ms
[DEBUG  ] dreamplace.ops.weighted_average_wirelength.weighted_average_wirelength - wirelength backward 0.053 ms
[DEBUG  ] dreamplace.ops.weighted_average_wirelength.weighted_average_wirelength - wirelength forward 0.087 ms
[DEBUG  ] dreamplace.ops.weighted_average_wirelength.weighted_average_wirelength - wirelength backward 0.053 ms
[DEBUG  ] dreamplace.ops.weighted_average_wirelength.weighted_average_wirelength - wirelength forward 0.089 ms
[DEBUG  ] dreamplace.ops.weighted_average_wirelength.weighted_average_wirelength - wirelength backward 0.058 ms
[DEBUG  ] dreamplace.ops.weighted_average_wirelength.weighted_average_wirelength - wirelength forward 0.071 ms
[DEBUG  ] dreamplace.ops.weighted_average_wirelength.weighted_average_wirelength - wirelength backward 0.054 ms
[DEBUG  ] dreamplace.ops.weighted_average_wirelength.weighted_average_wirelength - wirelength forward 0.068 ms
[DEBUG  ] dreamplace.ops.weighted_average_wirelength.weighted_average_wirelength - wirelength backward 0.056 ms
[DEBUG  ] dreamplace.ops.weighted_average_wirelength.weighted_average_wirelength - wirelength forward 0.080 ms
[DEBUG  ] dreamplace.ops.weighted_average_wirelength.weighted_average_wirelength - wirelength backward 0.053 ms
[DEBUG  ] dreamplace.ops.weighted_average_wirelength.weighted_average_wirelength - wirelength forward 0.080 ms
[DEBUG  ] dreamplace.ops.weighted_average_wirelength.weighted_average_wirelength - wirelength backward 0.069 ms
[DEBUG  ] dreamplace.ops.weighted_average_wirelength.weighted_average_wirelength - wirelength forward 0.085 ms
[DEBUG  ] dreamplace.ops.weighted_average_wirelength.weighted_average_wirelength - wirelength backward 0.058 ms
[DEBUG  ] dreamplace.ops.weighted_average_wirelength.weighted_average_wirelength - wirelength forward 0.064 ms
[DEBUG  ] dreamplace.ops.weighted_average_wirelength.weighted_average_wirelength - wirelength backward 0.062 ms
[DEBUG  ] dreamplace.ops.weighted_average_wirelength.weighted_average_wirelength - wirelength forward 0.068 ms
[DEBUG  ] dreamplace.ops.weighted_average_wirelength.weighted_average_wirelength - wirelength backward 0.056 ms
[DEBUG  ] dreamplace.ops.weighted_average_wirelength.weighted_average_wirelength - wirelength forward 0.072 ms
[DEBUG  ] dreamplace.ops.weighted_average_wirelength.weighted_average_wirelength - wirelength backward 0.057 ms
[DEBUG  ] dreamplace.ops.weighted_average_wirelength.weighted_average_wirelength - wirelength forward 0.065 ms
[DEBUG  ] dreamplace.ops.weighted_average_wirelength.weighted_average_wirelength - wirelength backward 0.054 ms
[DEBUG  ] dreamplace.ops.weighted_average_wirelength.weighted_average_wirelength - wirelength forward 0.065 ms
[DEBUG  ] dreamplace.ops.weighted_average_wirelength.weighted_average_wirelength - wirelength backward 0.070 ms
[DEBUG  ] dreamplace.ops.weighted_average_wirelength.weighted_average_wirelength - wirelength forward 0.081 ms
[DEBUG  ] dreamplace.ops.weighted_average_wirelength.weighted_average_wirelength - wirelength backward 0.055 ms
[DEBUG  ] dreamplace.ops.weighted_average_wirelength.weighted_average_wirelength - wirelength forward 0.069 ms
[DEBUG  ] dreamplace.ops.weighted_average_wirelength.weighted_average_wirelength - wirelength backward 0.056 ms
[DEBUG  ] dreamplace.ops.weighted_average_wirelength.weighted_average_wirelength - wirelength forward 0.073 ms
[DEBUG  ] dreamplace.ops.weighted_average_wirelength.weighted_average_wirelength - wirelength backward 0.059 ms
[DEBUG  ] dreamplace.ops.weighted_average_wirelength.weighted_average_wirelength - wirelength forward 0.079 ms
[DEBUG  ] dreamplace.ops.weighted_average_wirelength.weighted_average_wirelength - wirelength backward 0.058 ms
[DEBUG  ] dreamplace.ops.weighted_average_wirelength.weighted_average_wirelength - wirelength forward 0.067 ms
[DEBUG  ] dreamplace.ops.weighted_average_wirelength.weighted_average_wirelength - wirelength backward 0.063 ms
[DEBUG  ] dreamplace.ops.weighted_average_wirelength.weighted_average_wirelength - wirelength forward 0.068 ms
[DEBUG  ] dreamplace.ops.weighted_average_wirelength.weighted_average_wirelength - wirelength backward 0.063 ms
[DEBUG  ] dreamplace.ops.weighted_average_wirelength.weighted_average_wirelength - wirelength forward 0.067 ms
[DEBUG  ] dreamplace.ops.weighted_average_wirelength.weighted_average_wirelength - wirelength backward 0.063 ms
[DEBUG  ] dreamplace.ops.weighted_average_wirelength.weighted_average_wirelength - wirelength forward 0.069 ms
[DEBUG  ] dreamplace.ops.weighted_average_wirelength.weighted_average_wirelength - wirelength backward 0.085 ms
[DEBUG  ] dreamplace.ops.weighted_average_wirelength.weighted_average_wirelength - wirelength forward 0.067 ms
[DEBUG  ] dreamplace.ops.weighted_average_wirelength.weighted_average_wirelength - wirelength backward 0.087 ms
[DEBUG  ] dreamplace.ops.weighted_average_wirelength.weighted_average_wirelength - wirelength forward 0.069 ms
[DEBUG  ] dreamplace.ops.weighted_average_wirelength.weighted_average_wirelength - wirelength backward 0.085 ms
[DEBUG  ] dreamplace.ops.weighted_average_wirelength.weighted_average_wirelength - wirelength forward 0.067 ms
[DEBUG  ] dreamplace.ops.weighted_average_wirelength.weighted_average_wirelength - wirelength backward 0.107 ms
[DEBUG  ] dreamplace.ops.weighted_average_wirelength.weighted_average_wirelength - wirelength forward 0.067 ms
[DEBUG  ] dreamplace.ops.weighted_average_wirelength.weighted_average_wirelength - wirelength backward 0.106 ms
[DEBUG  ] dreamplace.ops.weighted_average_wirelength.weighted_average_wirelength - wirelength forward 0.066 ms
[DEBUG  ] dreamplace.ops.weighted_average_wirelength.weighted_average_wirelength - wirelength backward 0.106 ms
[DEBUG  ] dreamplace.ops.weighted_average_wirelength.weighted_average_wirelength - wirelength forward 0.070 ms
[DEBUG  ] dreamplace.ops.weighted_average_wirelength.weighted_average_wirelength - wirelength backward 0.136 ms
[DEBUG  ] dreamplace.ops.weighted_average_wirelength.weighted_average_wirelength - wirelength forward 0.067 ms
[DEBUG  ] dreamplace.ops.weighted_average_wirelength.weighted_average_wirelength - wirelength backward 0.120 ms
[DEBUG  ] dreamplace.ops.weighted_average_wirelength.weighted_average_wirelength - wirelength forward 0.068 ms
[DEBUG  ] dreamplace.ops.weighted_average_wirelength.weighted_average_wirelength - wirelength backward 0.120 ms
[DEBUG  ] dreamplace.ops.weighted_average_wirelength.weighted_average_wirelength - wirelength forward 0.066 ms
[DEBUG  ] dreamplace.ops.weighted_average_wirelength.weighted_average_wirelength - wirelength backward 0.128 ms
[DEBUG  ] dreamplace.ops.weighted_average_wirelength.weighted_average_wirelength - wirelength forward 0.068 ms
[DEBUG  ] dreamplace.ops.weighted_average_wirelength.weighted_average_wirelength - wirelength backward 0.131 ms
[DEBUG  ] dreamplace.ops.weighted_average_wirelength.weighted_average_wirelength - wirelength forward 0.066 ms
[DEBUG  ] dreamplace.ops.weighted_average_wirelength.weighted_average_wirelength - wirelength backward 0.130 ms
[DEBUG  ] dreamplace.ops.weighted_average_wirelength.weighted_average_wirelength - wirelength forward 0.067 ms
[DEBUG  ] dreamplace.ops.weighted_average_wirelength.weighted_average_wirelength - wirelength backward 0.130 ms
[DEBUG  ] dreamplace.ops.weighted_average_wirelength.weighted_average_wirelength - wirelength forward 0.068 ms
[DEBUG  ] dreamplace.ops.weighted_average_wirelength.weighted_average_wirelength - wirelength backward 0.130 ms
[DEBUG  ] dreamplace.ops.weighted_average_wirelength.weighted_average_wirelength - wirelength forward 0.068 ms
[DEBUG  ] dreamplace.ops.weighted_average_wirelength.weighted_average_wirelength - wirelength backward 0.147 ms
[DEBUG  ] dreamplace.ops.weighted_average_wirelength.weighted_average_wirelength - wirelength forward 0.067 ms
[DEBUG  ] dreamplace.ops.weighted_average_wirelength.weighted_average_wirelength - wirelength backward 0.131 ms
[DEBUG  ] dreamplace.ops.weighted_average_wirelength.weighted_average_wirelength - wirelength forward 0.066 ms
[DEBUG  ] dreamplace.ops.weighted_average_wirelength.weighted_average_wirelength - wirelength backward 0.130 ms
[DEBUG  ] dreamplace.ops.weighted_average_wirelength.weighted_average_wirelength - wirelength forward 0.066 ms
[DEBUG  ] dreamplace.ops.weighted_average_wirelength.weighted_average_wirelength - wirelength backward 0.130 ms
[DEBUG  ] dreamplace.ops.weighted_average_wirelength.weighted_average_wirelength - wirelength forward 0.067 ms
[DEBUG  ] dreamplace.ops.weighted_average_wirelength.weighted_average_wirelength - wirelength backward 0.121 ms
[INFO   ] DREAMPlace - plotting to ./results/reproduce-may20/small-9/PN42C_A00/run-0_0_1/PN42C_A00/plot/iter0500.png takes 0.042 seconds
[DEBUG  ] dreamplace.ops.weighted_average_wirelength.weighted_average_wirelength - wirelength forward 0.106 ms
[DEBUG  ] dreamplace.ops.electric_potential.electric_potential - density forward 1.587 ms
[DEBUG  ] dreamplace.ops.electric_potential.electric_potential - density forward 1.349 ms
[DEBUG  ] dreamplace.ops.electric_potential.electric_potential - density backward 0.782 ms
[DEBUG  ] dreamplace.ops.electric_potential.electric_potential - density backward 1.163 ms
[DEBUG  ] dreamplace.ops.weighted_average_wirelength.weighted_average_wirelength - wirelength backward 0.135 ms
[INFO   ] DREAMPlace - optimizer step 31.471 ms
[INFO   ] DREAMPlace - iteration  500, (  52,  1,  0), Obj 1.403695E+04, NetCrossing 5.912E+02, NetCrossingWeight 1.000000E-01, DensityWeight 1.377016E-01, HPWL 1.330679E+04, Overflow 1.352878E-03, MaxDensity 1.771E+00, MacroOverlap 2.668E-04, MacroOverlapWeight 1.500000E+00, gamma 1.156168E-01, time 17.813ms
[INFO   ] DREAMPlace - full step 534.534 ms
[DEBUG  ] dreamplace.ops.weighted_average_wirelength.weighted_average_wirelength - wirelength forward 0.081 ms
[DEBUG  ] dreamplace.ops.electric_potential.electric_potential - density forward 3.840 ms
[DEBUG  ] dreamplace.ops.electric_potential.electric_potential - density forward 1.465 ms
[DEBUG  ] dreamplace.ops.electric_potential.electric_potential - density backward 0.778 ms
[DEBUG  ] dreamplace.ops.electric_potential.electric_potential - density backward 1.169 ms
[DEBUG  ] dreamplace.ops.weighted_average_wirelength.weighted_average_wirelength - wirelength backward 0.138 ms
[INFO   ] DREAMPlace - optimizer step 33.207 ms
[INFO   ] DREAMPlace - iteration  501, (  52,  1,  1), Obj 1.410702E+04, NetCrossing 5.921E+02, NetCrossingWeight 1.000000E-01, DensityWeight 1.377016E-01, HPWL 1.332217E+04, Overflow 1.315805E-03, MaxDensity 1.769E+00, MacroOverlap 2.511E-04, MacroOverlapWeight 1.500000E+00, gamma 1.156168E-01, time 18.229ms
[INFO   ] DREAMPlace - full step 52.107 ms
[INFO   ] DREAMPlace - Lsub stopping criteria: 1 and 14107 > 14036.9 * 0.999
[INFO   ] DREAMPlace - Llambda stopping criteria: 1 and (( 0.0013158 < 0.1 and 13322.2 > 13247.3 ) or 1.76858 < 1.0)
[DEBUG  ] dreamplace.ops.weighted_average_wirelength.weighted_average_wirelength - wirelength forward 0.080 ms
[DEBUG  ] dreamplace.ops.electric_potential.electric_potential - density forward 1.411 ms
[DEBUG  ] dreamplace.ops.electric_potential.electric_potential - density forward 1.144 ms
[DEBUG  ] dreamplace.ops.electric_potential.electric_potential - density backward 0.790 ms
[DEBUG  ] dreamplace.ops.electric_potential.electric_potential - density backward 1.157 ms
[DEBUG  ] dreamplace.ops.weighted_average_wirelength.weighted_average_wirelength - wirelength backward 0.136 ms
[INFO   ] DREAMPlace - optimizer step 29.686 ms
[INFO   ] DREAMPlace - iteration  502, (  53,  0,  0), Obj 1.415418E+04, NetCrossing 5.888E+02, NetCrossingWeight 1.000000E-01, DensityWeight 1.502918E-01, HPWL 1.333402E+04, Overflow 1.278944E-03, MaxDensity 1.784E+00, MacroOverlap 2.211E-04, MacroOverlapWeight 1.500000E+00, gamma 1.155334E-01, time 17.757ms
[INFO   ] DREAMPlace - full step 48.020 ms
[DEBUG  ] dreamplace.ops.weighted_average_wirelength.weighted_average_wirelength - wirelength forward 0.086 ms
[DEBUG  ] dreamplace.ops.electric_potential.electric_potential - density forward 1.369 ms
[DEBUG  ] dreamplace.ops.electric_potential.electric_potential - density forward 1.189 ms
[DEBUG  ] dreamplace.ops.electric_potential.electric_potential - density backward 0.788 ms
[DEBUG  ] dreamplace.ops.electric_potential.electric_potential - density backward 1.161 ms
[DEBUG  ] dreamplace.ops.weighted_average_wirelength.weighted_average_wirelength - wirelength backward 0.135 ms
[INFO   ] DREAMPlace - optimizer step 29.803 ms
[INFO   ] DREAMPlace - iteration  503, (  53,  0,  1), Obj 1.419040E+04, NetCrossing 5.931E+02, NetCrossingWeight 1.000000E-01, DensityWeight 1.502918E-01, HPWL 1.334473E+04, Overflow 1.244398E-03, MaxDensity 1.760E+00, MacroOverlap 2.051E-04, MacroOverlapWeight 1.500000E+00, gamma 1.155334E-01, time 17.601ms
[INFO   ] DREAMPlace - full step 47.974 ms
[INFO   ] DREAMPlace - Lsub stopping criteria: 1 and 14190.4 > 14154.2 * 0.999
[DEBUG  ] dreamplace.ops.weighted_average_wirelength.weighted_average_wirelength - wirelength forward 0.079 ms
[DEBUG  ] dreamplace.ops.electric_potential.electric_potential - density forward 1.437 ms
[DEBUG  ] dreamplace.ops.electric_potential.electric_potential - density forward 1.154 ms
[DEBUG  ] dreamplace.ops.electric_potential.electric_potential - density backward 0.791 ms
[DEBUG  ] dreamplace.ops.electric_potential.electric_potential - density backward 1.158 ms
[DEBUG  ] dreamplace.ops.weighted_average_wirelength.weighted_average_wirelength - wirelength backward 0.134 ms
[INFO   ] DREAMPlace - optimizer step 29.619 ms
[INFO   ] DREAMPlace - iteration  504, (  53,  1,  0), Obj 1.425023E+04, NetCrossing 5.880E+02, NetCrossingWeight 1.000000E-01, DensityWeight 1.640351E-01, HPWL 1.335912E+04, Overflow 1.202388E-03, MaxDensity 1.721E+00, MacroOverlap 1.798E-04, MacroOverlapWeight 1.500000E+00, gamma 1.155334E-01, time 17.410ms
[INFO   ] DREAMPlace - full step 47.617 ms
[DEBUG  ] dreamplace.ops.weighted_average_wirelength.weighted_average_wirelength - wirelength forward 0.079 ms
[DEBUG  ] dreamplace.ops.electric_potential.electric_potential - density forward 1.410 ms
[DEBUG  ] dreamplace.ops.electric_potential.electric_potential - density forward 1.164 ms
[DEBUG  ] dreamplace.ops.electric_potential.electric_potential - density backward 0.793 ms
[DEBUG  ] dreamplace.ops.electric_potential.electric_potential - density backward 1.156 ms
[DEBUG  ] dreamplace.ops.weighted_average_wirelength.weighted_average_wirelength - wirelength backward 0.064 ms
[INFO   ] DREAMPlace - optimizer step 29.427 ms
[INFO   ] DREAMPlace - iteration  505, (  53,  1,  1), Obj 1.426922E+04, NetCrossing 5.896E+02, NetCrossingWeight 1.000000E-01, DensityWeight 1.640351E-01, HPWL 1.337029E+04, Overflow 1.161965E-03, MaxDensity 1.753E+00, MacroOverlap 1.651E-04, MacroOverlapWeight 1.500000E+00, gamma 1.155334E-01, time 17.640ms
[INFO   ] DREAMPlace - full step 47.637 ms
[INFO   ] DREAMPlace - Lsub stopping criteria: 1 and 14269.2 > 14250.2 * 0.999
[INFO   ] DREAMPlace - Llambda stopping criteria: 1 and (( 0.00116197 < 0.1 and 13370.3 > 13344.7 ) or 1.75291 < 1.0)
[DEBUG  ] dreamplace.ops.weighted_average_wirelength.weighted_average_wirelength - wirelength forward 0.077 ms
[DEBUG  ] dreamplace.ops.electric_potential.electric_potential - density forward 1.370 ms
[DEBUG  ] dreamplace.ops.electric_potential.electric_potential - density forward 1.144 ms
[DEBUG  ] dreamplace.ops.electric_potential.electric_potential - density backward 0.867 ms
[DEBUG  ] dreamplace.ops.electric_potential.electric_potential - density backward 0.921 ms
[DEBUG  ] dreamplace.ops.weighted_average_wirelength.weighted_average_wirelength - wirelength backward 0.085 ms
[INFO   ] DREAMPlace - optimizer step 27.176 ms
[INFO   ] DREAMPlace - iteration  506, (  54,  0,  0), Obj 1.433002E+04, NetCrossing 5.884E+02, NetCrossingWeight 1.000000E-01, DensityWeight 1.790351E-01, HPWL 1.339224E+04, Overflow 1.117622E-03, MaxDensity 1.784E+00, MacroOverlap 1.455E-04, MacroOverlapWeight 1.500000E+00, gamma 1.154425E-01, time 17.462ms
[INFO   ] DREAMPlace - full step 45.195 ms
[DEBUG  ] dreamplace.ops.weighted_average_wirelength.weighted_average_wirelength - wirelength forward 0.076 ms
[DEBUG  ] dreamplace.ops.electric_potential.electric_potential - density forward 1.463 ms
[DEBUG  ] dreamplace.ops.electric_potential.electric_potential - density forward 1.213 ms
[DEBUG  ] dreamplace.ops.electric_potential.electric_potential - density backward 0.875 ms
[DEBUG  ] dreamplace.ops.electric_potential.electric_potential - density backward 0.952 ms
[DEBUG  ] dreamplace.ops.weighted_average_wirelength.weighted_average_wirelength - wirelength backward 0.105 ms
[INFO   ] DREAMPlace - optimizer step 28.072 ms
[INFO   ] DREAMPlace - iteration  507, (  54,  0,  1), Obj 1.436118E+04, NetCrossing 5.887E+02, NetCrossingWeight 1.000000E-01, DensityWeight 1.790351E-01, HPWL 1.340347E+04, Overflow 1.082838E-03, MaxDensity 1.784E+00, MacroOverlap 1.308E-04, MacroOverlapWeight 1.500000E+00, gamma 1.154425E-01, time 16.852ms
[INFO   ] DREAMPlace - full step 45.516 ms
[INFO   ] DREAMPlace - Lsub stopping criteria: 1 and 14361.2 > 14330 * 0.999
[DEBUG  ] dreamplace.ops.weighted_average_wirelength.weighted_average_wirelength - wirelength forward 0.077 ms
[DEBUG  ] dreamplace.ops.electric_potential.electric_potential - density forward 1.397 ms
[DEBUG  ] dreamplace.ops.electric_potential.electric_potential - density forward 1.205 ms
[DEBUG  ] dreamplace.ops.electric_potential.electric_potential - density backward 0.820 ms
[DEBUG  ] dreamplace.ops.electric_potential.electric_potential - density backward 0.973 ms
[DEBUG  ] dreamplace.ops.weighted_average_wirelength.weighted_average_wirelength - wirelength backward 0.116 ms
[INFO   ] DREAMPlace - optimizer step 28.637 ms
[INFO   ] DREAMPlace - iteration  508, (  54,  1,  0), Obj 1.444107E+04, NetCrossing 5.891E+02, NetCrossingWeight 1.000000E-01, DensityWeight 1.954063E-01, HPWL 1.342299E+04, Overflow 1.047961E-03, MaxDensity 1.779E+00, MacroOverlap 1.163E-04, MacroOverlapWeight 1.500000E+00, gamma 1.154425E-01, time 16.434ms
[INFO   ] DREAMPlace - full step 45.717 ms
[DEBUG  ] dreamplace.ops.weighted_average_wirelength.weighted_average_wirelength - wirelength forward 0.082 ms
[DEBUG  ] dreamplace.ops.electric_potential.electric_potential - density forward 1.477 ms
[DEBUG  ] dreamplace.ops.electric_potential.electric_potential - density forward 1.184 ms
[DEBUG  ] dreamplace.ops.electric_potential.electric_potential - density backward 0.800 ms
[DEBUG  ] dreamplace.ops.electric_potential.electric_potential - density backward 1.000 ms
[DEBUG  ] dreamplace.ops.weighted_average_wirelength.weighted_average_wirelength - wirelength backward 0.131 ms
[INFO   ] DREAMPlace - optimizer step 30.088 ms
[INFO   ] DREAMPlace - iteration  509, (  54,  1,  1), Obj 1.450135E+04, NetCrossing 5.899E+02, NetCrossingWeight 1.000000E-01, DensityWeight 1.954063E-01, HPWL 1.344100E+04, Overflow 1.019646E-03, MaxDensity 1.770E+00, MacroOverlap 1.056E-04, MacroOverlapWeight 1.500000E+00, gamma 1.154425E-01, time 16.601ms
[INFO   ] DREAMPlace - full step 47.372 ms
[INFO   ] DREAMPlace - Lsub stopping criteria: 1 and 14501.3 > 14441.1 * 0.999
[INFO   ] DREAMPlace - Llambda stopping criteria: 1 and (( 0.00101965 < 0.1 and 13441 > 13403.5 ) or 1.77029 < 1.0)
[DEBUG  ] dreamplace.ops.weighted_average_wirelength.weighted_average_wirelength - wirelength forward 0.083 ms
[DEBUG  ] dreamplace.ops.electric_potential.electric_potential - density forward 1.402 ms
[DEBUG  ] dreamplace.ops.electric_potential.electric_potential - density forward 1.351 ms
[DEBUG  ] dreamplace.ops.electric_potential.electric_potential - density backward 0.785 ms
[DEBUG  ] dreamplace.ops.electric_potential.electric_potential - density backward 1.008 ms
[DEBUG  ] dreamplace.ops.weighted_average_wirelength.weighted_average_wirelength - wirelength backward 0.136 ms
[INFO   ] DREAMPlace - optimizer step 29.871 ms
[INFO   ] DREAMPlace - iteration  510, (  55,  0,  0), Obj 1.455666E+04, NetCrossing 5.918E+02, NetCrossingWeight 1.000000E-01, DensityWeight 2.132744E-01, HPWL 1.345560E+04, Overflow 9.941960E-04, MaxDensity 1.706E+00, MacroOverlap 9.500E-05, MacroOverlapWeight 1.500000E+00, gamma 1.153584E-01, time 17.520ms
[INFO   ] DREAMPlace - full step 48.058 ms
[DEBUG  ] dreamplace.ops.weighted_average_wirelength.weighted_average_wirelength - wirelength forward 0.084 ms
[DEBUG  ] dreamplace.ops.electric_potential.electric_potential - density forward 1.472 ms
[DEBUG  ] dreamplace.ops.electric_potential.electric_potential - density forward 1.250 ms
[DEBUG  ] dreamplace.ops.electric_potential.electric_potential - density backward 0.782 ms
[DEBUG  ] dreamplace.ops.electric_potential.electric_potential - density backward 1.026 ms
[DEBUG  ] dreamplace.ops.weighted_average_wirelength.weighted_average_wirelength - wirelength backward 0.139 ms
[INFO   ] DREAMPlace - optimizer step 30.718 ms
[INFO   ] DREAMPlace - iteration  511, (  55,  0,  1), Obj 1.457009E+04, NetCrossing 5.911E+02, NetCrossingWeight 1.000000E-01, DensityWeight 2.132744E-01, HPWL 1.346956E+04, Overflow 9.735270E-04, MaxDensity 1.642E+00, MacroOverlap 8.627E-05, MacroOverlapWeight 1.500000E+00, gamma 1.153584E-01, time 16.657ms
[INFO   ] DREAMPlace - full step 48.002 ms
[INFO   ] DREAMPlace - Lsub stopping criteria: 1 and 14570.1 > 14556.7 * 0.999
[DEBUG  ] dreamplace.ops.weighted_average_wirelength.weighted_average_wirelength - wirelength forward 0.088 ms
[DEBUG  ] dreamplace.ops.electric_potential.electric_potential - density forward 1.531 ms
[DEBUG  ] dreamplace.ops.electric_potential.electric_potential - density forward 1.244 ms
[DEBUG  ] dreamplace.ops.electric_potential.electric_potential - density backward 0.795 ms
[DEBUG  ] dreamplace.ops.electric_potential.electric_potential - density backward 1.009 ms
[DEBUG  ] dreamplace.ops.weighted_average_wirelength.weighted_average_wirelength - wirelength backward 0.154 ms
[INFO   ] DREAMPlace - optimizer step 31.071 ms
[INFO   ] DREAMPlace - iteration  512, (  55,  1,  0), Obj 1.465516E+04, NetCrossing 5.792E+02, NetCrossingWeight 1.000000E-01, DensityWeight 2.327768E-01, HPWL 1.348661E+04, Overflow 9.429744E-04, MaxDensity 1.703E+00, MacroOverlap 7.793E-05, MacroOverlapWeight 1.500000E+00, gamma 1.153584E-01, time 17.504ms
[INFO   ] DREAMPlace - full step 49.186 ms
[DEBUG  ] dreamplace.ops.weighted_average_wirelength.weighted_average_wirelength - wirelength forward 0.091 ms
[DEBUG  ] dreamplace.ops.electric_potential.electric_potential - density forward 1.502 ms
[DEBUG  ] dreamplace.ops.electric_potential.electric_potential - density forward 1.181 ms
[DEBUG  ] dreamplace.ops.electric_potential.electric_potential - density backward 0.777 ms
[DEBUG  ] dreamplace.ops.electric_potential.electric_potential - density backward 1.019 ms
[DEBUG  ] dreamplace.ops.weighted_average_wirelength.weighted_average_wirelength - wirelength backward 0.139 ms
[INFO   ] DREAMPlace - optimizer step 31.096 ms
[INFO   ] DREAMPlace - iteration  513, (  55,  1,  1), Obj 1.470087E+04, NetCrossing 5.867E+02, NetCrossingWeight 1.000000E-01, DensityWeight 2.327768E-01, HPWL 1.350476E+04, Overflow 9.199293E-04, MaxDensity 1.721E+00, MacroOverlap 7.139E-05, MacroOverlapWeight 1.500000E+00, gamma 1.153584E-01, time 18.075ms
[INFO   ] DREAMPlace - full step 49.787 ms
[INFO   ] DREAMPlace - Lsub stopping criteria: 1 and 14700.9 > 14655.2 * 0.999
[INFO   ] DREAMPlace - Llambda stopping criteria: 1 and (( 0.000919929 < 0.1 and 13504.8 > 13469.6 ) or 1.72098 < 1.0)
[DEBUG  ] dreamplace.ops.weighted_average_wirelength.weighted_average_wirelength - wirelength forward 0.091 ms
[DEBUG  ] dreamplace.ops.electric_potential.electric_potential - density forward 1.474 ms
[DEBUG  ] dreamplace.ops.electric_potential.electric_potential - density forward 1.461 ms
[DEBUG  ] dreamplace.ops.electric_potential.electric_potential - density backward 0.786 ms
[DEBUG  ] dreamplace.ops.electric_potential.electric_potential - density backward 1.014 ms
[DEBUG  ] dreamplace.ops.weighted_average_wirelength.weighted_average_wirelength - wirelength backward 0.142 ms
[INFO   ] DREAMPlace - optimizer step 31.013 ms
[INFO   ] DREAMPlace - iteration  514, (  56,  0,  0), Obj 1.481597E+04, NetCrossing 5.848E+02, NetCrossingWeight 1.000000E-01, DensityWeight 2.540621E-01, HPWL 1.352127E+04, Overflow 8.908962E-04, MaxDensity 1.696E+00, MacroOverlap 6.525E-05, MacroOverlapWeight 1.500000E+00, gamma 1.152996E-01, time 17.845ms
[INFO   ] DREAMPlace - full step 49.482 ms
[DEBUG  ] dreamplace.ops.weighted_average_wirelength.weighted_average_wirelength - wirelength forward 0.092 ms
[DEBUG  ] dreamplace.ops.electric_potential.electric_potential - density forward 1.578 ms
[DEBUG  ] dreamplace.ops.electric_potential.electric_potential - density forward 1.268 ms
[DEBUG  ] dreamplace.ops.electric_potential.electric_potential - density backward 0.788 ms
[DEBUG  ] dreamplace.ops.electric_potential.electric_potential - density backward 1.009 ms
[DEBUG  ] dreamplace.ops.weighted_average_wirelength.weighted_average_wirelength - wirelength backward 0.136 ms
[INFO   ] DREAMPlace - optimizer step 31.965 ms
[INFO   ] DREAMPlace - iteration  515, (  56,  0,  1), Obj 1.486488E+04, NetCrossing 5.883E+02, NetCrossingWeight 1.000000E-01, DensityWeight 2.540621E-01, HPWL 1.353405E+04, Overflow 8.714412E-04, MaxDensity 1.661E+00, MacroOverlap 6.073E-05, MacroOverlapWeight 1.500000E+00, gamma 1.152996E-01, time 17.821ms
[INFO   ] DREAMPlace - full step 50.453 ms
[INFO   ] DREAMPlace - Lsub stopping criteria: 1 and 14864.9 > 14816 * 0.999
[DEBUG  ] dreamplace.ops.weighted_average_wirelength.weighted_average_wirelength - wirelength forward 0.095 ms
[DEBUG  ] dreamplace.ops.electric_potential.electric_potential - density forward 1.590 ms
[DEBUG  ] dreamplace.ops.electric_potential.electric_potential - density forward 1.284 ms
[DEBUG  ] dreamplace.ops.electric_potential.electric_potential - density backward 0.781 ms
[DEBUG  ] dreamplace.ops.electric_potential.electric_potential - density backward 1.011 ms
[DEBUG  ] dreamplace.ops.weighted_average_wirelength.weighted_average_wirelength - wirelength backward 0.139 ms
[INFO   ] DREAMPlace - optimizer step 31.432 ms
[INFO   ] DREAMPlace - iteration  516, (  56,  1,  0), Obj 1.491088E+04, NetCrossing 5.865E+02, NetCrossingWeight 1.000000E-01, DensityWeight 2.772943E-01, HPWL 1.355304E+04, Overflow 8.472852E-04, MaxDensity 1.606E+00, MacroOverlap 5.518E-05, MacroOverlapWeight 1.500000E+00, gamma 1.152996E-01, time 18.192ms
[INFO   ] DREAMPlace - full step 50.273 ms
[DEBUG  ] dreamplace.ops.weighted_average_wirelength.weighted_average_wirelength - wirelength forward 0.111 ms
[DEBUG  ] dreamplace.ops.electric_potential.electric_potential - density forward 1.492 ms
[DEBUG  ] dreamplace.ops.electric_potential.electric_potential - density forward 1.417 ms
[DEBUG  ] dreamplace.ops.electric_potential.electric_potential - density backward 0.797 ms
[DEBUG  ] dreamplace.ops.electric_potential.electric_potential - density backward 1.008 ms
[DEBUG  ] dreamplace.ops.weighted_average_wirelength.weighted_average_wirelength - wirelength backward 0.137 ms
[INFO   ] DREAMPlace - optimizer step 31.286 ms
[INFO   ] DREAMPlace - iteration  517, (  56,  1,  1), Obj 1.492390E+04, NetCrossing 5.868E+02, NetCrossingWeight 1.000000E-01, DensityWeight 2.772943E-01, HPWL 1.356571E+04, Overflow 8.283496E-04, MaxDensity 1.552E+00, MacroOverlap 5.117E-05, MacroOverlapWeight 1.500000E+00, gamma 1.152996E-01, time 18.295ms
[INFO   ] DREAMPlace - full step 50.198 ms
[INFO   ] DREAMPlace - Lsub stopping criteria: 1 and 14923.9 > 14910.9 * 0.999
[INFO   ] DREAMPlace - Llambda stopping criteria: 1 and (( 0.00082835 < 0.1 and 13565.7 > 13534.1 ) or 1.55207 < 1.0)
[DEBUG  ] dreamplace.ops.weighted_average_wirelength.weighted_average_wirelength - wirelength forward 0.091 ms
[DEBUG  ] dreamplace.ops.electric_potential.electric_potential - density forward 1.459 ms
[DEBUG  ] dreamplace.ops.electric_potential.electric_potential - density forward 1.214 ms
[DEBUG  ] dreamplace.ops.electric_potential.electric_potential - density backward 0.787 ms
[DEBUG  ] dreamplace.ops.electric_potential.electric_potential - density backward 1.008 ms
[DEBUG  ] dreamplace.ops.weighted_average_wirelength.weighted_average_wirelength - wirelength backward 0.136 ms
[INFO   ] DREAMPlace - optimizer step 30.569 ms
[INFO   ] DREAMPlace - iteration  518, (  57,  0,  0), Obj 1.503202E+04, NetCrossing 5.904E+02, NetCrossingWeight 1.000000E-01, DensityWeight 3.026506E-01, HPWL 1.358520E+04, Overflow 8.039761E-04, MaxDensity 1.540E+00, MacroOverlap 4.642E-05, MacroOverlapWeight 1.500000E+00, gamma 1.152456E-01, time 17.756ms
[INFO   ] DREAMPlace - full step 48.962 ms
[DEBUG  ] dreamplace.ops.weighted_average_wirelength.weighted_average_wirelength - wirelength forward 0.094 ms
[DEBUG  ] dreamplace.ops.electric_potential.electric_potential - density forward 1.597 ms
[DEBUG  ] dreamplace.ops.electric_potential.electric_potential - density forward 1.234 ms
[DEBUG  ] dreamplace.ops.electric_potential.electric_potential - density backward 0.791 ms
[DEBUG  ] dreamplace.ops.electric_potential.electric_potential - density backward 1.016 ms
[DEBUG  ] dreamplace.ops.weighted_average_wirelength.weighted_average_wirelength - wirelength backward 0.139 ms
[INFO   ] DREAMPlace - optimizer step 30.716 ms
[INFO   ] DREAMPlace - iteration  519, (  57,  0,  1), Obj 1.509506E+04, NetCrossing 5.822E+02, NetCrossingWeight 1.000000E-01, DensityWeight 3.026506E-01, HPWL 1.359697E+04, Overflow 7.859345E-04, MaxDensity 1.600E+00, MacroOverlap 4.297E-05, MacroOverlapWeight 1.500000E+00, gamma 1.152456E-01, time 18.171ms
[INFO   ] DREAMPlace - full step 49.505 ms
[INFO   ] DREAMPlace - Lsub stopping criteria: 1 and 15095.1 > 15032 * 0.999
[DEBUG  ] dreamplace.ops.weighted_average_wirelength.weighted_average_wirelength - wirelength forward 0.093 ms
[DEBUG  ] dreamplace.ops.electric_potential.electric_potential - density forward 1.486 ms
[DEBUG  ] dreamplace.ops.electric_potential.electric_potential - density forward 1.189 ms
[DEBUG  ] dreamplace.ops.electric_potential.electric_potential - density backward 0.764 ms
[DEBUG  ] dreamplace.ops.electric_potential.electric_potential - density backward 1.009 ms
[DEBUG  ] dreamplace.ops.weighted_average_wirelength.weighted_average_wirelength - wirelength backward 0.139 ms
[INFO   ] DREAMPlace - optimizer step 30.190 ms
[INFO   ] DREAMPlace - iteration  520, (  57,  1,  0), Obj 1.521758E+04, NetCrossing 5.899E+02, NetCrossingWeight 1.000000E-01, DensityWeight 3.303256E-01, HPWL 1.361758E+04, Overflow 7.625275E-04, MaxDensity 1.687E+00, MacroOverlap 3.908E-05, MacroOverlapWeight 1.500000E+00, gamma 1.152456E-01, time 17.749ms
[INFO   ] DREAMPlace - full step 48.548 ms
[DEBUG  ] dreamplace.ops.weighted_average_wirelength.weighted_average_wirelength - wirelength forward 0.109 ms
[DEBUG  ] dreamplace.ops.electric_potential.electric_potential - density forward 1.577 ms
[DEBUG  ] dreamplace.ops.electric_potential.electric_potential - density forward 1.414 ms
[DEBUG  ] dreamplace.ops.electric_potential.electric_potential - density backward 0.820 ms
[DEBUG  ] dreamplace.ops.electric_potential.electric_potential - density backward 0.967 ms
[DEBUG  ] dreamplace.ops.weighted_average_wirelength.weighted_average_wirelength - wirelength backward 0.116 ms
[INFO   ] DREAMPlace - optimizer step 29.936 ms
[INFO   ] DREAMPlace - iteration  521, (  57,  1,  1), Obj 1.524421E+04, NetCrossing 5.897E+02, NetCrossingWeight 1.000000E-01, DensityWeight 3.303256E-01, HPWL 1.363303E+04, Overflow 7.455741E-04, MaxDensity 1.783E+00, MacroOverlap 3.631E-05, MacroOverlapWeight 1.500000E+00, gamma 1.152456E-01, time 18.579ms
[INFO   ] DREAMPlace - full step 49.139 ms
[INFO   ] DREAMPlace - Lsub stopping criteria: 1 and 15244.2 > 15217.6 * 0.999
[INFO   ] DREAMPlace - Llambda stopping criteria: 1 and (( 0.000745574 < 0.1 and 13633 > 13597 ) or 1.7826 < 1.0)
[DEBUG  ] dreamplace.ops.weighted_average_wirelength.weighted_average_wirelength - wirelength forward 0.092 ms
[DEBUG  ] dreamplace.ops.electric_potential.electric_potential - density forward 1.481 ms
[DEBUG  ] dreamplace.ops.electric_potential.electric_potential - density forward 1.199 ms
[DEBUG  ] dreamplace.ops.electric_potential.electric_potential - density backward 0.780 ms
[DEBUG  ] dreamplace.ops.electric_potential.electric_potential - density backward 1.008 ms
[DEBUG  ] dreamplace.ops.weighted_average_wirelength.weighted_average_wirelength - wirelength backward 0.138 ms
[INFO   ] DREAMPlace - optimizer step 30.432 ms
[INFO   ] DREAMPlace - iteration  522, (  58,  0,  0), Obj 1.532497E+04, NetCrossing 5.767E+02, NetCrossingWeight 1.000000E-01, DensityWeight 3.605309E-01, HPWL 1.365206E+04, Overflow 7.199313E-04, MaxDensity 1.784E+00, MacroOverlap 3.323E-05, MacroOverlapWeight 1.500000E+00, gamma 1.151968E-01, time 20.210ms
[INFO   ] DREAMPlace - full step 51.277 ms
[DEBUG  ] dreamplace.ops.weighted_average_wirelength.weighted_average_wirelength - wirelength forward 0.085 ms
[DEBUG  ] dreamplace.ops.electric_potential.electric_potential - density forward 1.443 ms
[DEBUG  ] dreamplace.ops.electric_potential.electric_potential - density forward 1.183 ms
[DEBUG  ] dreamplace.ops.electric_potential.electric_potential - density backward 0.780 ms
[DEBUG  ] dreamplace.ops.electric_potential.electric_potential - density backward 1.009 ms
[DEBUG  ] dreamplace.ops.weighted_average_wirelength.weighted_average_wirelength - wirelength backward 0.139 ms
[INFO   ] DREAMPlace - optimizer step 30.231 ms
[INFO   ] DREAMPlace - iteration  523, (  58,  0,  1), Obj 1.538431E+04, NetCrossing 5.852E+02, NetCrossingWeight 1.000000E-01, DensityWeight 3.605309E-01, HPWL 1.366896E+04, Overflow 6.982244E-04, MaxDensity 1.784E+00, MacroOverlap 3.061E-05, MacroOverlapWeight 1.500000E+00, gamma 1.151968E-01, time 17.537ms
[INFO   ] DREAMPlace - full step 48.386 ms
[INFO   ] DREAMPlace - Lsub stopping criteria: 1 and 15384.3 > 15325 * 0.999
[DEBUG  ] dreamplace.ops.weighted_average_wirelength.weighted_average_wirelength - wirelength forward 0.092 ms
[DEBUG  ] dreamplace.ops.electric_potential.electric_potential - density forward 1.460 ms
[DEBUG  ] dreamplace.ops.electric_potential.electric_potential - density forward 1.249 ms
[DEBUG  ] dreamplace.ops.electric_potential.electric_potential - density backward 0.774 ms
[DEBUG  ] dreamplace.ops.electric_potential.electric_potential - density backward 1.009 ms
[DEBUG  ] dreamplace.ops.weighted_average_wirelength.weighted_average_wirelength - wirelength backward 0.141 ms
[INFO   ] DREAMPlace - optimizer step 30.806 ms
[INFO   ] DREAMPlace - iteration  524, (  58,  1,  0), Obj 1.550791E+04, NetCrossing 5.871E+02, NetCrossingWeight 1.000000E-01, DensityWeight 3.934982E-01, HPWL 1.369024E+04, Overflow 6.683709E-04, MaxDensity 1.784E+00, MacroOverlap 2.764E-05, MacroOverlapWeight 1.500000E+00, gamma 1.151968E-01, time 18.721ms
[INFO   ] DREAMPlace - full step 50.184 ms
[DEBUG  ] dreamplace.ops.weighted_average_wirelength.weighted_average_wirelength - wirelength forward 0.086 ms
[DEBUG  ] dreamplace.ops.electric_potential.electric_potential - density forward 1.441 ms
[DEBUG  ] dreamplace.ops.electric_potential.electric_potential - density forward 1.188 ms
[DEBUG  ] dreamplace.ops.electric_potential.electric_potential - density backward 0.843 ms
[DEBUG  ] dreamplace.ops.electric_potential.electric_potential - density backward 1.048 ms
[DEBUG  ] dreamplace.ops.weighted_average_wirelength.weighted_average_wirelength - wirelength backward 0.140 ms
[INFO   ] DREAMPlace - optimizer step 30.429 ms
[INFO   ] DREAMPlace - iteration  525, (  58,  1,  1), Obj 1.559792E+04, NetCrossing 5.865E+02, NetCrossingWeight 1.000000E-01, DensityWeight 3.934982E-01, HPWL 1.370998E+04, Overflow 6.454216E-04, MaxDensity 1.784E+00, MacroOverlap 2.523E-05, MacroOverlapWeight 1.500000E+00, gamma 1.151968E-01, time 17.839ms
[INFO   ] DREAMPlace - full step 48.877 ms
[INFO   ] DREAMPlace - Lsub stopping criteria: 1 and 15597.9 > 15507.9 * 0.999
[INFO   ] DREAMPlace - Llambda stopping criteria: 1 and (( 0.000645422 < 0.1 and 13710 > 13669 ) or 1.78439 < 1.0)
[DEBUG  ] dreamplace.ops.weighted_average_wirelength.weighted_average_wirelength - wirelength forward 0.088 ms
[DEBUG  ] dreamplace.ops.electric_potential.electric_potential - density forward 1.474 ms
[DEBUG  ] dreamplace.ops.electric_potential.electric_potential - density forward 1.200 ms
[DEBUG  ] dreamplace.ops.electric_potential.electric_potential - density backward 0.789 ms
[DEBUG  ] dreamplace.ops.electric_potential.electric_potential - density backward 1.008 ms
[DEBUG  ] dreamplace.ops.weighted_average_wirelength.weighted_average_wirelength - wirelength backward 0.139 ms
[INFO   ] DREAMPlace - optimizer step 30.669 ms
[INFO   ] DREAMPlace - iteration  526, (  59,  0,  0), Obj 1.571407E+04, NetCrossing 5.870E+02, NetCrossingWeight 1.000000E-01, DensityWeight 4.294795E-01, HPWL 1.373243E+04, Overflow 6.237741E-04, MaxDensity 1.784E+00, MacroOverlap 2.265E-05, MacroOverlapWeight 1.500000E+00, gamma 1.151377E-01, time 19.606ms
[INFO   ] DREAMPlace - full step 50.869 ms
[DEBUG  ] dreamplace.ops.weighted_average_wirelength.weighted_average_wirelength - wirelength forward 0.086 ms
[DEBUG  ] dreamplace.ops.electric_potential.electric_potential - density forward 1.473 ms
[DEBUG  ] dreamplace.ops.electric_potential.electric_potential - density forward 1.176 ms
[DEBUG  ] dreamplace.ops.electric_potential.electric_potential - density backward 0.810 ms
[DEBUG  ] dreamplace.ops.electric_potential.electric_potential - density backward 0.990 ms
[DEBUG  ] dreamplace.ops.weighted_average_wirelength.weighted_average_wirelength - wirelength backward 0.129 ms
[INFO   ] DREAMPlace - optimizer step 30.072 ms
[INFO   ] DREAMPlace - iteration  527, (  59,  0,  1), Obj 1.575982E+04, NetCrossing 5.863E+02, NetCrossingWeight 1.000000E-01, DensityWeight 4.294795E-01, HPWL 1.375071E+04, Overflow 6.042697E-04, MaxDensity 1.759E+00, MacroOverlap 2.045E-05, MacroOverlapWeight 1.500000E+00, gamma 1.151377E-01, time 17.478ms
[INFO   ] DREAMPlace - full step 48.159 ms
[INFO   ] DREAMPlace - Lsub stopping criteria: 1 and 15759.8 > 15714.1 * 0.999
[DEBUG  ] dreamplace.ops.weighted_average_wirelength.weighted_average_wirelength - wirelength forward 0.086 ms
[DEBUG  ] dreamplace.ops.electric_potential.electric_potential - density forward 1.462 ms
[DEBUG  ] dreamplace.ops.electric_potential.electric_potential - density forward 1.193 ms
[DEBUG  ] dreamplace.ops.electric_potential.electric_potential - density backward 0.796 ms
[DEBUG  ] dreamplace.ops.electric_potential.electric_potential - density backward 1.036 ms
[DEBUG  ] dreamplace.ops.weighted_average_wirelength.weighted_average_wirelength - wirelength backward 0.137 ms
[INFO   ] DREAMPlace - optimizer step 30.529 ms
[INFO   ] DREAMPlace - iteration  528, (  59,  1,  0), Obj 1.588892E+04, NetCrossing 5.863E+02, NetCrossingWeight 1.000000E-01, DensityWeight 4.687510E-01, HPWL 1.376862E+04, Overflow 5.828438E-04, MaxDensity 1.719E+00, MacroOverlap 1.830E-05, MacroOverlapWeight 1.500000E+00, gamma 1.151377E-01, time 17.938ms
[INFO   ] DREAMPlace - full step 49.177 ms
[DEBUG  ] dreamplace.ops.weighted_average_wirelength.weighted_average_wirelength - wirelength forward 0.085 ms
[DEBUG  ] dreamplace.ops.electric_potential.electric_potential - density forward 1.496 ms
[DEBUG  ] dreamplace.ops.electric_potential.electric_potential - density forward 1.225 ms
[DEBUG  ] dreamplace.ops.electric_potential.electric_potential - density backward 0.773 ms
[DEBUG  ] dreamplace.ops.electric_potential.electric_potential - density backward 1.024 ms
[DEBUG  ] dreamplace.ops.weighted_average_wirelength.weighted_average_wirelength - wirelength backward 0.144 ms
[INFO   ] DREAMPlace - optimizer step 31.289 ms
[INFO   ] DREAMPlace - iteration  529, (  59,  1,  1), Obj 1.596339E+04, NetCrossing 5.857E+02, NetCrossingWeight 1.000000E-01, DensityWeight 4.687510E-01, HPWL 1.378214E+04, Overflow 5.663858E-04, MaxDensity 1.656E+00, MacroOverlap 1.653E-05, MacroOverlapWeight 1.500000E+00, gamma 1.151377E-01, time 17.677ms
[INFO   ] DREAMPlace - full step 49.631 ms
[INFO   ] DREAMPlace - Lsub stopping criteria: 1 and 15963.4 > 15888.9 * 0.999
[INFO   ] DREAMPlace - Llambda stopping criteria: 1 and (( 0.000566386 < 0.1 and 13782.1 > 13750.7 ) or 1.65608 < 1.0)
[DEBUG  ] dreamplace.ops.weighted_average_wirelength.weighted_average_wirelength - wirelength forward 0.087 ms
[DEBUG  ] dreamplace.ops.electric_potential.electric_potential - density forward 1.438 ms
[DEBUG  ] dreamplace.ops.electric_potential.electric_potential - density forward 1.196 ms
[DEBUG  ] dreamplace.ops.electric_potential.electric_potential - density backward 0.783 ms
[DEBUG  ] dreamplace.ops.electric_potential.electric_potential - density backward 1.006 ms
[DEBUG  ] dreamplace.ops.weighted_average_wirelength.weighted_average_wirelength - wirelength backward 0.140 ms
[INFO   ] DREAMPlace - optimizer step 30.781 ms
[INFO   ] DREAMPlace - iteration  530, (  60,  0,  0), Obj 1.610520E+04, NetCrossing 5.879E+02, NetCrossingWeight 1.000000E-01, DensityWeight 5.116146E-01, HPWL 1.379690E+04, Overflow 5.480731E-04, MaxDensity 1.621E+00, MacroOverlap 1.509E-05, MacroOverlapWeight 1.500000E+00, gamma 1.150912E-01, time 17.526ms
[INFO   ] DREAMPlace - full step 49.003 ms
[DEBUG  ] dreamplace.ops.weighted_average_wirelength.weighted_average_wirelength - wirelength forward 0.092 ms
[DEBUG  ] dreamplace.ops.electric_potential.electric_potential - density forward 1.509 ms
[DEBUG  ] dreamplace.ops.electric_potential.electric_potential - density forward 1.190 ms
[DEBUG  ] dreamplace.ops.electric_potential.electric_potential - density backward 0.759 ms
[DEBUG  ] dreamplace.ops.electric_potential.electric_potential - density backward 1.009 ms
[DEBUG  ] dreamplace.ops.weighted_average_wirelength.weighted_average_wirelength - wirelength backward 0.138 ms
[INFO   ] DREAMPlace - optimizer step 30.673 ms
[INFO   ] DREAMPlace - iteration  531, (  60,  0,  1), Obj 1.614408E+04, NetCrossing 5.881E+02, NetCrossingWeight 1.000000E-01, DensityWeight 5.116146E-01, HPWL 1.380821E+04, Overflow 5.368461E-04, MaxDensity 1.613E+00, MacroOverlap 1.393E-05, MacroOverlapWeight 1.500000E+00, gamma 1.150912E-01, time 18.042ms
[INFO   ] DREAMPlace - full step 49.385 ms
[INFO   ] DREAMPlace - Lsub stopping criteria: 1 and 16144.1 > 16105.2 * 0.999
[DEBUG  ] dreamplace.ops.weighted_average_wirelength.weighted_average_wirelength - wirelength forward 0.090 ms
[DEBUG  ] dreamplace.ops.electric_potential.electric_potential - density forward 1.436 ms
[DEBUG  ] dreamplace.ops.electric_potential.electric_potential - density forward 1.173 ms
[DEBUG  ] dreamplace.ops.electric_potential.electric_potential - density backward 0.781 ms
[DEBUG  ] dreamplace.ops.electric_potential.electric_potential - density backward 1.015 ms
[DEBUG  ] dreamplace.ops.weighted_average_wirelength.weighted_average_wirelength - wirelength backward 0.137 ms
[INFO   ] DREAMPlace - optimizer step 30.637 ms
[INFO   ] DREAMPlace - iteration  532, (  60,  1,  0), Obj 1.633937E+04, NetCrossing 5.889E+02, NetCrossingWeight 1.000000E-01, DensityWeight 5.583984E-01, HPWL 1.382118E+04, Overflow 5.245475E-04, MaxDensity 1.605E+00, MacroOverlap 1.293E-05, MacroOverlapWeight 1.500000E+00, gamma 1.150912E-01, time 17.790ms
[INFO   ] DREAMPlace - full step 49.032 ms
[DEBUG  ] dreamplace.ops.weighted_average_wirelength.weighted_average_wirelength - wirelength forward 0.091 ms
[DEBUG  ] dreamplace.ops.electric_potential.electric_potential - density forward 1.510 ms
[DEBUG  ] dreamplace.ops.electric_potential.electric_potential - density forward 1.912 ms
[DEBUG  ] dreamplace.ops.electric_potential.electric_potential - density backward 0.914 ms
[DEBUG  ] dreamplace.ops.electric_potential.electric_potential - density backward 0.893 ms
[DEBUG  ] dreamplace.ops.weighted_average_wirelength.weighted_average_wirelength - wirelength backward 0.068 ms
[INFO   ] DREAMPlace - optimizer step 28.563 ms
[INFO   ] DREAMPlace - iteration  533, (  60,  1,  1), Obj 1.634266E+04, NetCrossing 5.872E+02, NetCrossingWeight 1.000000E-01, DensityWeight 5.583984E-01, HPWL 1.383502E+04, Overflow 5.164008E-04, MaxDensity 1.602E+00, MacroOverlap 1.214E-05, MacroOverlapWeight 1.500000E+00, gamma 1.150912E-01, time 18.247ms
[INFO   ] DREAMPlace - full step 47.428 ms
[INFO   ] DREAMPlace - Lsub stopping criteria: 1 and 16342.7 > 16339.4 * 0.999
[INFO   ] DREAMPlace - Llambda stopping criteria: 1 and (( 0.000516401 < 0.1 and 13835 > 13808.2 ) or 1.60184 < 1.0)
[DEBUG  ] dreamplace.ops.weighted_average_wirelength.weighted_average_wirelength - wirelength forward 0.091 ms
[DEBUG  ] dreamplace.ops.electric_potential.electric_potential - density forward 1.435 ms
[DEBUG  ] dreamplace.ops.electric_potential.electric_potential - density forward 1.197 ms
[DEBUG  ] dreamplace.ops.electric_potential.electric_potential - density backward 0.738 ms
[DEBUG  ] dreamplace.ops.electric_potential.electric_potential - density backward 0.901 ms
[DEBUG  ] dreamplace.ops.weighted_average_wirelength.weighted_average_wirelength - wirelength backward 0.082 ms
[INFO   ] DREAMPlace - optimizer step 31.130 ms
[INFO   ] DREAMPlace - iteration  534, (  61,  0,  0), Obj 1.658619E+04, NetCrossing 5.886E+02, NetCrossingWeight 1.000000E-01, DensityWeight 6.094602E-01, HPWL 1.385064E+04, Overflow 5.091814E-04, MaxDensity 1.618E+00, MacroOverlap 1.140E-05, MacroOverlapWeight 1.500000E+00, gamma 1.150618E-01, time 17.430ms
[INFO   ] DREAMPlace - full step 49.199 ms
[DEBUG  ] dreamplace.ops.weighted_average_wirelength.weighted_average_wirelength - wirelength forward 0.088 ms
[DEBUG  ] dreamplace.ops.electric_potential.electric_potential - density forward 1.442 ms
[DEBUG  ] dreamplace.ops.electric_potential.electric_potential - density forward 1.334 ms
[DEBUG  ] dreamplace.ops.electric_potential.electric_potential - density backward 0.844 ms
[DEBUG  ] dreamplace.ops.electric_potential.electric_potential - density backward 0.906 ms
[DEBUG  ] dreamplace.ops.weighted_average_wirelength.weighted_average_wirelength - wirelength backward 0.088 ms
[INFO   ] DREAMPlace - optimizer step 28.368 ms
[INFO   ] DREAMPlace - iteration  535, (  61,  0,  1), Obj 1.666128E+04, NetCrossing 5.898E+02, NetCrossingWeight 1.000000E-01, DensityWeight 6.094602E-01, HPWL 1.386417E+04, Overflow 5.031321E-04, MaxDensity 1.630E+00, MacroOverlap 1.075E-05, MacroOverlapWeight 1.500000E+00, gamma 1.150618E-01, time 16.691ms
[INFO   ] DREAMPlace - full step 45.713 ms
[INFO   ] DREAMPlace - Lsub stopping criteria: 1 and 16661.3 > 16586.2 * 0.999
[DEBUG  ] dreamplace.ops.weighted_average_wirelength.weighted_average_wirelength - wirelength forward 0.093 ms
[DEBUG  ] dreamplace.ops.electric_potential.electric_potential - density forward 1.445 ms
[DEBUG  ] dreamplace.ops.electric_potential.electric_potential - density forward 1.183 ms
[DEBUG  ] dreamplace.ops.electric_potential.electric_potential - density backward 0.849 ms
[DEBUG  ] dreamplace.ops.electric_potential.electric_potential - density backward 0.897 ms
[DEBUG  ] dreamplace.ops.weighted_average_wirelength.weighted_average_wirelength - wirelength backward 0.087 ms
[INFO   ] DREAMPlace - optimizer step 32.053 ms
[INFO   ] DREAMPlace - iteration  536, (  61,  1,  0), Obj 1.682252E+04, NetCrossing 5.857E+02, NetCrossingWeight 1.000000E-01, DensityWeight 6.651909E-01, HPWL 1.388125E+04, Overflow 4.925928E-04, MaxDensity 1.641E+00, MacroOverlap 1.001E-05, MacroOverlapWeight 1.500000E+00, gamma 1.150618E-01, time 17.111ms
[INFO   ] DREAMPlace - full step 49.831 ms
[DEBUG  ] dreamplace.ops.weighted_average_wirelength.weighted_average_wirelength - wirelength forward 0.086 ms
[DEBUG  ] dreamplace.ops.electric_potential.electric_potential - density forward 1.430 ms
[DEBUG  ] dreamplace.ops.electric_potential.electric_potential - density forward 1.184 ms
[DEBUG  ] dreamplace.ops.electric_potential.electric_potential - density backward 0.935 ms
[DEBUG  ] dreamplace.ops.electric_potential.electric_potential - density backward 0.900 ms
[DEBUG  ] dreamplace.ops.weighted_average_wirelength.weighted_average_wirelength - wirelength backward 0.063 ms
[INFO   ] DREAMPlace - optimizer step 29.021 ms
[INFO   ] DREAMPlace - iteration  537, (  61,  1,  1), Obj 1.691662E+04, NetCrossing 5.872E+02, NetCrossingWeight 1.000000E-01, DensityWeight 6.651909E-01, HPWL 1.389832E+04, Overflow 4.807790E-04, MaxDensity 1.652E+00, MacroOverlap 9.358E-06, MacroOverlapWeight 1.500000E+00, gamma 1.150618E-01, time 16.274ms
[INFO   ] DREAMPlace - full step 46.032 ms
[INFO   ] DREAMPlace - Lsub stopping criteria: 1 and 16916.6 > 16822.5 * 0.999
[INFO   ] DREAMPlace - Llambda stopping criteria: 1 and (( 0.000480779 < 0.1 and 13898.3 > 13864.2 ) or 1.65181 < 1.0)
[DEBUG  ] dreamplace.ops.weighted_average_wirelength.weighted_average_wirelength - wirelength forward 0.086 ms
[DEBUG  ] dreamplace.ops.electric_potential.electric_potential - density forward 1.392 ms
[DEBUG  ] dreamplace.ops.electric_potential.electric_potential - density forward 1.189 ms
[DEBUG  ] dreamplace.ops.electric_potential.electric_potential - density backward 0.915 ms
[DEBUG  ] dreamplace.ops.electric_potential.electric_potential - density backward 0.883 ms
[DEBUG  ] dreamplace.ops.weighted_average_wirelength.weighted_average_wirelength - wirelength backward 0.072 ms
[INFO   ] DREAMPlace - optimizer step 27.074 ms
[INFO   ] DREAMPlace - iteration  538, (  62,  0,  0), Obj 1.699660E+04, NetCrossing 5.881E+02, NetCrossingWeight 1.000000E-01, DensityWeight 7.260169E-01, HPWL 1.391659E+04, Overflow 4.658796E-04, MaxDensity 1.624E+00, MacroOverlap 8.615E-06, MacroOverlapWeight 1.500000E+00, gamma 1.150408E-01, time 17.462ms
[INFO   ] DREAMPlace - full step 45.171 ms
[DEBUG  ] dreamplace.ops.weighted_average_wirelength.weighted_average_wirelength - wirelength forward 0.082 ms
[DEBUG  ] dreamplace.ops.electric_potential.electric_potential - density forward 1.448 ms
[DEBUG  ] dreamplace.ops.electric_potential.electric_potential - density forward 1.171 ms
[DEBUG  ] dreamplace.ops.electric_potential.electric_potential - density backward 0.940 ms
[DEBUG  ] dreamplace.ops.electric_potential.electric_potential - density backward 0.888 ms
[DEBUG  ] dreamplace.ops.weighted_average_wirelength.weighted_average_wirelength - wirelength backward 0.069 ms
[INFO   ] DREAMPlace - optimizer step 26.912 ms
[INFO   ] DREAMPlace - iteration  539, (  62,  0,  1), Obj 1.707923E+04, NetCrossing 5.870E+02, NetCrossingWeight 1.000000E-01, DensityWeight 7.260169E-01, HPWL 1.393278E+04, Overflow 4.545289E-04, MaxDensity 1.593E+00, MacroOverlap 7.992E-06, MacroOverlapWeight 1.500000E+00, gamma 1.150408E-01, time 16.766ms
[INFO   ] DREAMPlace - full step 44.232 ms
[INFO   ] DREAMPlace - Lsub stopping criteria: 1 and 17079.2 > 16996.6 * 0.999
[DEBUG  ] dreamplace.ops.weighted_average_wirelength.weighted_average_wirelength - wirelength forward 0.076 ms
[DEBUG  ] dreamplace.ops.electric_potential.electric_potential - density forward 1.345 ms
[DEBUG  ] dreamplace.ops.electric_potential.electric_potential - density forward 1.082 ms
[DEBUG  ] dreamplace.ops.electric_potential.electric_potential - density backward 0.944 ms
[DEBUG  ] dreamplace.ops.electric_potential.electric_potential - density backward 0.869 ms
[DEBUG  ] dreamplace.ops.weighted_average_wirelength.weighted_average_wirelength - wirelength backward 0.059 ms
[INFO   ] DREAMPlace - optimizer step 27.971 ms
[INFO   ] DREAMPlace - iteration  540, (  62,  1,  0), Obj 1.723509E+04, NetCrossing 5.886E+02, NetCrossingWeight 1.000000E-01, DensityWeight 7.924048E-01, HPWL 1.395041E+04, Overflow 4.424903E-04, MaxDensity 1.559E+00, MacroOverlap 7.324E-06, MacroOverlapWeight 1.500000E+00, gamma 1.150408E-01, time 15.651ms
[INFO   ] DREAMPlace - full step 44.144 ms
[DEBUG  ] dreamplace.ops.weighted_average_wirelength.weighted_average_wirelength - wirelength forward 0.079 ms
[DEBUG  ] dreamplace.ops.electric_potential.electric_potential - density forward 1.333 ms
[DEBUG  ] dreamplace.ops.electric_potential.electric_potential - density forward 4.309 ms
[DEBUG  ] dreamplace.ops.electric_potential.electric_potential - density backward 0.961 ms
[DEBUG  ] dreamplace.ops.electric_potential.electric_potential - density backward 0.870 ms
[DEBUG  ] dreamplace.ops.weighted_average_wirelength.weighted_average_wirelength - wirelength backward 0.062 ms
[INFO   ] DREAMPlace - optimizer step 28.922 ms
[INFO   ] DREAMPlace - iteration  541, (  62,  1,  1), Obj 1.752360E+04, NetCrossing 5.859E+02, NetCrossingWeight 1.000000E-01, DensityWeight 7.924048E-01, HPWL 1.396544E+04, Overflow 4.324649E-04, MaxDensity 1.517E+00, MacroOverlap 6.712E-06, MacroOverlapWeight 1.500000E+00, gamma 1.150408E-01, time 15.811ms
[INFO   ] DREAMPlace - full step 45.262 ms
[INFO   ] DREAMPlace - Lsub stopping criteria: 1 and 17523.6 > 17235.1 * 0.999
[INFO   ] DREAMPlace - Llambda stopping criteria: 1 and (( 0.000432465 < 0.1 and 13965.4 > 13932.8 ) or 1.51713 < 1.0)
[DEBUG  ] dreamplace.ops.weighted_average_wirelength.weighted_average_wirelength - wirelength forward 0.082 ms
[DEBUG  ] dreamplace.ops.electric_potential.electric_potential - density forward 1.358 ms
[DEBUG  ] dreamplace.ops.electric_potential.electric_potential - density forward 2.227 ms
[DEBUG  ] dreamplace.ops.electric_potential.electric_potential - density backward 0.940 ms
[DEBUG  ] dreamplace.ops.electric_potential.electric_potential - density backward 0.872 ms
[DEBUG  ] dreamplace.ops.weighted_average_wirelength.weighted_average_wirelength - wirelength backward 0.060 ms
[INFO   ] DREAMPlace - optimizer step 30.910 ms
[INFO   ] DREAMPlace - iteration  542, (  63,  0,  0), Obj 1.768806E+04, NetCrossing 5.903E+02, NetCrossingWeight 1.000000E-01, DensityWeight 8.648637E-01, HPWL 1.398075E+04, Overflow 4.198530E-04, MaxDensity 1.490E+00, MacroOverlap 6.113E-06, MacroOverlapWeight 1.500000E+00, gamma 1.150124E-01, time 15.735ms
[INFO   ] DREAMPlace - full step 47.174 ms
[DEBUG  ] dreamplace.ops.weighted_average_wirelength.weighted_average_wirelength - wirelength forward 0.073 ms
[DEBUG  ] dreamplace.ops.electric_potential.electric_potential - density forward 1.303 ms
[DEBUG  ] dreamplace.ops.electric_potential.electric_potential - density forward 1.060 ms
[DEBUG  ] dreamplace.ops.electric_potential.electric_potential - density backward 0.958 ms
[DEBUG  ] dreamplace.ops.electric_potential.electric_potential - density backward 0.865 ms
[DEBUG  ] dreamplace.ops.weighted_average_wirelength.weighted_average_wirelength - wirelength backward 0.057 ms
[INFO   ] DREAMPlace - optimizer step 25.140 ms
[INFO   ] DREAMPlace - iteration  543, (  63,  0,  1), Obj 1.770962E+04, NetCrossing 5.923E+02, NetCrossingWeight 1.000000E-01, DensityWeight 8.648637E-01, HPWL 1.399374E+04, Overflow 4.105222E-04, MaxDensity 1.472E+00, MacroOverlap 5.638E-06, MacroOverlapWeight 1.500000E+00, gamma 1.150124E-01, time 16.124ms
[INFO   ] DREAMPlace - full step 41.801 ms
[INFO   ] DREAMPlace - Lsub stopping criteria: 1 and 17709.6 > 17688.1 * 0.999
[DEBUG  ] dreamplace.ops.weighted_average_wirelength.weighted_average_wirelength - wirelength forward 0.070 ms
[DEBUG  ] dreamplace.ops.electric_potential.electric_potential - density forward 1.281 ms
[DEBUG  ] dreamplace.ops.electric_potential.electric_potential - density forward 1.039 ms
[DEBUG  ] dreamplace.ops.electric_potential.electric_potential - density backward 0.948 ms
[DEBUG  ] dreamplace.ops.electric_potential.electric_potential - density backward 0.863 ms
[DEBUG  ] dreamplace.ops.weighted_average_wirelength.weighted_average_wirelength - wirelength backward 0.056 ms
[INFO   ] DREAMPlace - optimizer step 26.976 ms
[INFO   ] DREAMPlace - iteration  544, (  63,  1,  0), Obj 1.781898E+04, NetCrossing 5.864E+02, NetCrossingWeight 1.000000E-01, DensityWeight 9.439493E-01, HPWL 1.400805E+04, Overflow 4.008101E-04, MaxDensity 1.449E+00, MacroOverlap 5.192E-06, MacroOverlapWeight 1.500000E+00, gamma 1.150124E-01, time 15.335ms
[INFO   ] DREAMPlace - full step 42.832 ms
[DEBUG  ] dreamplace.ops.weighted_average_wirelength.weighted_average_wirelength - wirelength forward 0.070 ms
[DEBUG  ] dreamplace.ops.electric_potential.electric_potential - density forward 1.271 ms
[DEBUG  ] dreamplace.ops.electric_potential.electric_potential - density forward 1.035 ms
[DEBUG  ] dreamplace.ops.electric_potential.electric_potential - density backward 0.939 ms
[DEBUG  ] dreamplace.ops.electric_potential.electric_potential - density backward 0.867 ms
[DEBUG  ] dreamplace.ops.weighted_average_wirelength.weighted_average_wirelength - wirelength backward 0.058 ms
[INFO   ] DREAMPlace - optimizer step 25.496 ms
[INFO   ] DREAMPlace - iteration  545, (  63,  1,  1), Obj 1.808218E+04, NetCrossing 5.874E+02, NetCrossingWeight 1.000000E-01, DensityWeight 9.439493E-01, HPWL 1.402102E+04, Overflow 3.912750E-04, MaxDensity 1.427E+00, MacroOverlap 4.832E-06, MacroOverlapWeight 1.500000E+00, gamma 1.150124E-01, time 15.638ms
[INFO   ] DREAMPlace - full step 41.659 ms
[INFO   ] DREAMPlace - Lsub stopping criteria: 1 and 18082.2 > 17819 * 0.999
[INFO   ] DREAMPlace - Llambda stopping criteria: 1 and (( 0.000391275 < 0.1 and 14021 > 13993.7 ) or 1.42741 < 1.0)
[DEBUG  ] dreamplace.ops.weighted_average_wirelength.weighted_average_wirelength - wirelength forward 0.077 ms
[DEBUG  ] dreamplace.ops.electric_potential.electric_potential - density forward 1.347 ms
[DEBUG  ] dreamplace.ops.electric_potential.electric_potential - density forward 1.177 ms
[DEBUG  ] dreamplace.ops.electric_potential.electric_potential - density backward 0.860 ms
[DEBUG  ] dreamplace.ops.electric_potential.electric_potential - density backward 0.932 ms
[DEBUG  ] dreamplace.ops.weighted_average_wirelength.weighted_average_wirelength - wirelength backward 0.095 ms
[INFO   ] DREAMPlace - optimizer step 26.749 ms
[INFO   ] DREAMPlace - iteration  546, (  64,  0,  0), Obj 1.845294E+04, NetCrossing 5.911E+02, NetCrossingWeight 1.000000E-01, DensityWeight 1.030267E+00, HPWL 1.403627E+04, Overflow 3.821130E-04, MaxDensity 1.398E+00, MacroOverlap 4.479E-06, MacroOverlapWeight 1.500000E+00, gamma 1.149881E-01, time 16.697ms
[INFO   ] DREAMPlace - full step 43.985 ms
[DEBUG  ] dreamplace.ops.weighted_average_wirelength.weighted_average_wirelength - wirelength forward 0.079 ms
[DEBUG  ] dreamplace.ops.electric_potential.electric_potential - density forward 1.463 ms
[DEBUG  ] dreamplace.ops.electric_potential.electric_potential - density forward 1.157 ms
[DEBUG  ] dreamplace.ops.electric_potential.electric_potential - density backward 0.850 ms
[DEBUG  ] dreamplace.ops.electric_potential.electric_potential - density backward 0.936 ms
[DEBUG  ] dreamplace.ops.weighted_average_wirelength.weighted_average_wirelength - wirelength backward 0.099 ms
[INFO   ] DREAMPlace - optimizer step 27.255 ms
[INFO   ] DREAMPlace - iteration  547, (  64,  0,  1), Obj 1.853312E+04, NetCrossing 5.908E+02, NetCrossingWeight 1.000000E-01, DensityWeight 1.030267E+00, HPWL 1.404723E+04, Overflow 3.759573E-04, MaxDensity 1.368E+00, MacroOverlap 4.185E-06, MacroOverlapWeight 1.500000E+00, gamma 1.149881E-01, time 16.181ms
[INFO   ] DREAMPlace - full step 43.975 ms
[INFO   ] DREAMPlace - Lsub stopping criteria: 1 and 18533.1 > 18452.9 * 0.999
[DEBUG  ] dreamplace.ops.weighted_average_wirelength.weighted_average_wirelength - wirelength forward 0.071 ms
[DEBUG  ] dreamplace.ops.electric_potential.electric_potential - density forward 1.324 ms
[DEBUG  ] dreamplace.ops.electric_potential.electric_potential - density forward 1.084 ms
[DEBUG  ] dreamplace.ops.electric_potential.electric_potential - density backward 0.828 ms
[DEBUG  ] dreamplace.ops.electric_potential.electric_potential - density backward 0.965 ms
[DEBUG  ] dreamplace.ops.weighted_average_wirelength.weighted_average_wirelength - wirelength backward 0.114 ms
[INFO   ] DREAMPlace - optimizer step 27.797 ms
[INFO   ] DREAMPlace - iteration  548, (  64,  1,  0), Obj 1.874962E+04, NetCrossing 5.915E+02, NetCrossingWeight 1.000000E-01, DensityWeight 1.124478E+00, HPWL 1.406013E+04, Overflow 3.691818E-04, MaxDensity 1.354E+00, MacroOverlap 3.895E-06, MacroOverlapWeight 1.500000E+00, gamma 1.149881E-01, time 16.439ms
[INFO   ] DREAMPlace - full step 44.827 ms
[DEBUG  ] dreamplace.ops.weighted_average_wirelength.weighted_average_wirelength - wirelength forward 0.067 ms
[DEBUG  ] dreamplace.ops.electric_potential.electric_potential - density forward 1.305 ms
[DEBUG  ] dreamplace.ops.electric_potential.electric_potential - density forward 1.040 ms
[DEBUG  ] dreamplace.ops.electric_potential.electric_potential - density backward 0.784 ms
[DEBUG  ] dreamplace.ops.electric_potential.electric_potential - density backward 0.989 ms
[DEBUG  ] dreamplace.ops.weighted_average_wirelength.weighted_average_wirelength - wirelength backward 0.129 ms
[INFO   ] DREAMPlace - optimizer step 28.441 ms
[INFO   ] DREAMPlace - iteration  549, (  64,  1,  1), Obj 1.868998E+04, NetCrossing 5.827E+02, NetCrossingWeight 1.000000E-01, DensityWeight 1.124478E+00, HPWL 1.407365E+04, Overflow 3.651391E-04, MaxDensity 1.347E+00, MacroOverlap 3.695E-06, MacroOverlapWeight 1.500000E+00, gamma 1.149881E-01, time 16.030ms
[INFO   ] DREAMPlace - full step 45.047 ms
[INFO   ] DREAMPlace - Llambda stopping criteria: 1 and (( 0.000365139 < 0.1 and 14073.7 > 14047.2 ) or 1.34717 < 1.0)
[DEBUG  ] dreamplace.ops.weighted_average_wirelength.weighted_average_wirelength - wirelength forward 0.084 ms
[DEBUG  ] dreamplace.ops.electric_potential.electric_potential - density forward 1.338 ms
[DEBUG  ] dreamplace.ops.electric_potential.electric_potential - density forward 1.052 ms
[DEBUG  ] dreamplace.ops.electric_potential.electric_potential - density backward 0.781 ms
[DEBUG  ] dreamplace.ops.electric_potential.electric_potential - density backward 1.009 ms
[DEBUG  ] dreamplace.ops.weighted_average_wirelength.weighted_average_wirelength - wirelength backward 0.139 ms
[INFO   ] DREAMPlace - optimizer step 28.958 ms
[INFO   ] DREAMPlace - iteration  550, (  65,  0,  0), Obj 1.903435E+04, NetCrossing 5.915E+02, NetCrossingWeight 1.000000E-01, DensityWeight 1.227304E+00, HPWL 1.408743E+04, Overflow 3.616223E-04, MaxDensity 1.364E+00, MacroOverlap 3.532E-06, MacroOverlapWeight 1.500000E+00, gamma 1.149728E-01, time 16.837ms
[INFO   ] DREAMPlace - full step 46.332 ms
[DEBUG  ] dreamplace.ops.weighted_average_wirelength.weighted_average_wirelength - wirelength forward 0.073 ms
[DEBUG  ] dreamplace.ops.electric_potential.electric_potential - density forward 1.420 ms
[DEBUG  ] dreamplace.ops.electric_potential.electric_potential - density forward 1.070 ms
[DEBUG  ] dreamplace.ops.electric_potential.electric_potential - density backward 0.776 ms
[DEBUG  ] dreamplace.ops.electric_potential.electric_potential - density backward 1.003 ms
[DEBUG  ] dreamplace.ops.weighted_average_wirelength.weighted_average_wirelength - wirelength backward 0.141 ms
[INFO   ] DREAMPlace - optimizer step 29.160 ms
[INFO   ] DREAMPlace - iteration  551, (  65,  0,  1), Obj 1.928891E+04, NetCrossing 5.896E+02, NetCrossingWeight 1.000000E-01, DensityWeight 1.227304E+00, HPWL 1.409821E+04, Overflow 3.605372E-04, MaxDensity 1.399E+00, MacroOverlap 3.452E-06, MacroOverlapWeight 1.500000E+00, gamma 1.149728E-01, time 16.605ms
[INFO   ] DREAMPlace - full step 46.344 ms
[INFO   ] DREAMPlace - Lsub stopping criteria: 1 and 19288.9 > 19034.3 * 0.999
[DEBUG  ] dreamplace.ops.weighted_average_wirelength.weighted_average_wirelength - wirelength forward 0.077 ms
[DEBUG  ] dreamplace.ops.electric_potential.electric_potential - density forward 1.524 ms
[DEBUG  ] dreamplace.ops.electric_potential.electric_potential - density forward 1.322 ms
[DEBUG  ] dreamplace.ops.electric_potential.electric_potential - density backward 0.790 ms
[DEBUG  ] dreamplace.ops.electric_potential.electric_potential - density backward 1.000 ms
[DEBUG  ] dreamplace.ops.weighted_average_wirelength.weighted_average_wirelength - wirelength backward 0.135 ms
[INFO   ] DREAMPlace - optimizer step 29.518 ms
[INFO   ] DREAMPlace - iteration  552, (  65,  1,  0), Obj 1.957385E+04, NetCrossing 5.936E+02, NetCrossingWeight 1.000000E-01, DensityWeight 1.339534E+00, HPWL 1.411226E+04, Overflow 3.565659E-04, MaxDensity 1.397E+00, MacroOverlap 3.360E-06, MacroOverlapWeight 1.500000E+00, gamma 1.149728E-01, time 16.807ms
[INFO   ] DREAMPlace - full step 46.884 ms
[DEBUG  ] dreamplace.ops.weighted_average_wirelength.weighted_average_wirelength - wirelength forward 0.089 ms
[DEBUG  ] dreamplace.ops.electric_potential.electric_potential - density forward 1.294 ms
[DEBUG  ] dreamplace.ops.electric_potential.electric_potential - density forward 1.035 ms
[DEBUG  ] dreamplace.ops.electric_potential.electric_potential - density backward 0.784 ms
[DEBUG  ] dreamplace.ops.electric_potential.electric_potential - density backward 1.029 ms
[DEBUG  ] dreamplace.ops.weighted_average_wirelength.weighted_average_wirelength - wirelength backward 0.133 ms
[INFO   ] DREAMPlace - optimizer step 29.075 ms
[INFO   ] DREAMPlace - iteration  553, (  65,  1,  1), Obj 1.964379E+04, NetCrossing 5.865E+02, NetCrossingWeight 1.000000E-01, DensityWeight 1.339534E+00, HPWL 1.412382E+04, Overflow 3.528636E-04, MaxDensity 1.390E+00, MacroOverlap 3.304E-06, MacroOverlapWeight 1.500000E+00, gamma 1.149728E-01, time 16.314ms
[INFO   ] DREAMPlace - full step 46.002 ms
[INFO   ] DREAMPlace - Lsub stopping criteria: 1 and 19643.8 > 19573.8 * 0.999
[INFO   ] DREAMPlace - Llambda stopping criteria: 1 and (( 0.000352864 < 0.1 and 14123.8 > 14098.2 ) or 1.38975 < 1.0)
[DEBUG  ] dreamplace.ops.weighted_average_wirelength.weighted_average_wirelength - wirelength forward 0.078 ms
[DEBUG  ] dreamplace.ops.electric_potential.electric_potential - density forward 1.384 ms
[DEBUG  ] dreamplace.ops.electric_potential.electric_potential - density forward 1.104 ms
[DEBUG  ] dreamplace.ops.electric_potential.electric_potential - density backward 0.781 ms
[DEBUG  ] dreamplace.ops.electric_potential.electric_potential - density backward 1.013 ms
[DEBUG  ] dreamplace.ops.weighted_average_wirelength.weighted_average_wirelength - wirelength backward 0.139 ms
[INFO   ] DREAMPlace - optimizer step 29.432 ms
[INFO   ] DREAMPlace - iteration  554, (  66,  0,  0), Obj 2.002772E+04, NetCrossing 5.875E+02, NetCrossingWeight 1.000000E-01, DensityWeight 1.462025E+00, HPWL 1.414025E+04, Overflow 3.488752E-04, MaxDensity 1.381E+00, MacroOverlap 3.245E-06, MacroOverlapWeight 1.500000E+00, gamma 1.149655E-01, time 16.439ms
[INFO   ] DREAMPlace - full step 46.470 ms
[DEBUG  ] dreamplace.ops.weighted_average_wirelength.weighted_average_wirelength - wirelength forward 0.081 ms
[DEBUG  ] dreamplace.ops.electric_potential.electric_potential - density forward 1.343 ms
[DEBUG  ] dreamplace.ops.electric_potential.electric_potential - density forward 1.040 ms
[DEBUG  ] dreamplace.ops.electric_potential.electric_potential - density backward 0.778 ms
[DEBUG  ] dreamplace.ops.electric_potential.electric_potential - density backward 1.002 ms
[DEBUG  ] dreamplace.ops.weighted_average_wirelength.weighted_average_wirelength - wirelength backward 0.140 ms
[INFO   ] DREAMPlace - optimizer step 28.970 ms
[INFO   ] DREAMPlace - iteration  555, (  66,  0,  1), Obj 2.010696E+04, NetCrossing 5.923E+02, NetCrossingWeight 1.000000E-01, DensityWeight 1.462025E+00, HPWL 1.415170E+04, Overflow 3.457526E-04, MaxDensity 1.373E+00, MacroOverlap 3.199E-06, MacroOverlapWeight 1.500000E+00, gamma 1.149655E-01, time 16.811ms
[INFO   ] DREAMPlace - full step 46.446 ms
[INFO   ] DREAMPlace - Lsub stopping criteria: 1 and 20107 > 20027.7 * 0.999
[DEBUG  ] dreamplace.ops.weighted_average_wirelength.weighted_average_wirelength - wirelength forward 0.076 ms
[DEBUG  ] dreamplace.ops.electric_potential.electric_potential - density forward 1.520 ms
[DEBUG  ] dreamplace.ops.electric_potential.electric_potential - density forward 1.312 ms
[DEBUG  ] dreamplace.ops.electric_potential.electric_potential - density backward 0.788 ms
[DEBUG  ] dreamplace.ops.electric_potential.electric_potential - density backward 1.009 ms
[DEBUG  ] dreamplace.ops.weighted_average_wirelength.weighted_average_wirelength - wirelength backward 0.139 ms
[INFO   ] DREAMPlace - optimizer step 29.173 ms
[INFO   ] DREAMPlace - iteration  556, (  66,  1,  0), Obj 2.070211E+04, NetCrossing 5.926E+02, NetCrossingWeight 1.000000E-01, DensityWeight 1.595717E+00, HPWL 1.416478E+04, Overflow 3.406804E-04, MaxDensity 1.430E+00, MacroOverlap 3.099E-06, MacroOverlapWeight 1.500000E+00, gamma 1.149655E-01, time 16.329ms
[INFO   ] DREAMPlace - full step 46.188 ms
[DEBUG  ] dreamplace.ops.weighted_average_wirelength.weighted_average_wirelength - wirelength forward 0.076 ms
[DEBUG  ] dreamplace.ops.electric_potential.electric_potential - density forward 1.313 ms
[DEBUG  ] dreamplace.ops.electric_potential.electric_potential - density forward 1.094 ms
[DEBUG  ] dreamplace.ops.electric_potential.electric_potential - density backward 0.784 ms
[DEBUG  ] dreamplace.ops.electric_potential.electric_potential - density backward 1.006 ms
[DEBUG  ] dreamplace.ops.weighted_average_wirelength.weighted_average_wirelength - wirelength backward 0.136 ms
[INFO   ] DREAMPlace - optimizer step 28.765 ms
[INFO   ] DREAMPlace - iteration  557, (  66,  1,  1), Obj 2.086189E+04, NetCrossing 5.932E+02, NetCrossingWeight 1.000000E-01, DensityWeight 1.595717E+00, HPWL 1.417143E+04, Overflow 3.349176E-04, MaxDensity 1.501E+00, MacroOverlap 3.005E-06, MacroOverlapWeight 1.500000E+00, gamma 1.149655E-01, time 17.026ms
[INFO   ] DREAMPlace - full step 46.401 ms
[INFO   ] DREAMPlace - Lsub stopping criteria: 1 and 20861.9 > 20702.1 * 0.999
[INFO   ] DREAMPlace - Llambda stopping criteria: 1 and (( 0.000334918 < 0.1 and 14171.4 > 14151.7 ) or 1.501 < 1.0)
[DEBUG  ] dreamplace.ops.weighted_average_wirelength.weighted_average_wirelength - wirelength forward 0.083 ms
[DEBUG  ] dreamplace.ops.electric_potential.electric_potential - density forward 1.330 ms
[DEBUG  ] dreamplace.ops.electric_potential.electric_potential - density forward 1.100 ms
[DEBUG  ] dreamplace.ops.electric_potential.electric_potential - density backward 0.775 ms
[DEBUG  ] dreamplace.ops.electric_potential.electric_potential - density backward 1.007 ms
[DEBUG  ] dreamplace.ops.weighted_average_wirelength.weighted_average_wirelength - wirelength backward 0.140 ms
[INFO   ] DREAMPlace - optimizer step 29.303 ms
[INFO   ] DREAMPlace - iteration  558, (  67,  0,  0), Obj 2.123843E+04, NetCrossing 5.929E+02, NetCrossingWeight 1.000000E-01, DensityWeight 1.741638E+00, HPWL 1.418368E+04, Overflow 3.265985E-04, MaxDensity 1.558E+00, MacroOverlap 2.878E-06, MacroOverlapWeight 1.500000E+00, gamma 1.149550E-01, time 16.741ms
[INFO   ] DREAMPlace - full step 46.584 ms
[DEBUG  ] dreamplace.ops.weighted_average_wirelength.weighted_average_wirelength - wirelength forward 0.078 ms
[DEBUG  ] dreamplace.ops.electric_potential.electric_potential - density forward 1.460 ms
[DEBUG  ] dreamplace.ops.electric_potential.electric_potential - density forward 1.044 ms
[DEBUG  ] dreamplace.ops.electric_potential.electric_potential - density backward 0.767 ms
[DEBUG  ] dreamplace.ops.electric_potential.electric_potential - density backward 1.005 ms
[DEBUG  ] dreamplace.ops.weighted_average_wirelength.weighted_average_wirelength - wirelength backward 0.142 ms
[INFO   ] DREAMPlace - optimizer step 28.816 ms
[INFO   ] DREAMPlace - iteration  559, (  67,  0,  1), Obj 2.129340E+04, NetCrossing 5.896E+02, NetCrossingWeight 1.000000E-01, DensityWeight 1.741638E+00, HPWL 1.419390E+04, Overflow 3.201047E-04, MaxDensity 1.615E+00, MacroOverlap 2.757E-06, MacroOverlapWeight 1.500000E+00, gamma 1.149550E-01, time 17.268ms
[INFO   ] DREAMPlace - full step 46.654 ms
[INFO   ] DREAMPlace - Lsub stopping criteria: 1 and 21293.4 > 21238.4 * 0.999
[DEBUG  ] dreamplace.ops.weighted_average_wirelength.weighted_average_wirelength - wirelength forward 0.072 ms
[DEBUG  ] dreamplace.ops.electric_potential.electric_potential - density forward 1.345 ms
[DEBUG  ] dreamplace.ops.electric_potential.electric_potential - density forward 1.068 ms
[DEBUG  ] dreamplace.ops.electric_potential.electric_potential - density backward 0.783 ms
[DEBUG  ] dreamplace.ops.electric_potential.electric_potential - density backward 1.009 ms
[DEBUG  ] dreamplace.ops.weighted_average_wirelength.weighted_average_wirelength - wirelength backward 0.140 ms
[INFO   ] DREAMPlace - optimizer step 29.221 ms
[INFO   ] DREAMPlace - iteration  560, (  67,  1,  0), Obj 2.164894E+04, NetCrossing 5.934E+02, NetCrossingWeight 1.000000E-01, DensityWeight 1.900901E+00, HPWL 1.420547E+04, Overflow 3.150087E-04, MaxDensity 1.668E+00, MacroOverlap 2.603E-06, MacroOverlapWeight 1.500000E+00, gamma 1.149550E-01, time 17.088ms
[INFO   ] DREAMPlace - full step 46.861 ms
[DEBUG  ] dreamplace.ops.weighted_average_wirelength.weighted_average_wirelength - wirelength forward 0.073 ms
[DEBUG  ] dreamplace.ops.electric_potential.electric_potential - density forward 1.310 ms
[DEBUG  ] dreamplace.ops.electric_potential.electric_potential - density forward 1.081 ms
[DEBUG  ] dreamplace.ops.electric_potential.electric_potential - density backward 0.930 ms
[DEBUG  ] dreamplace.ops.electric_potential.electric_potential - density backward 0.921 ms
[DEBUG  ] dreamplace.ops.weighted_average_wirelength.weighted_average_wirelength - wirelength backward 0.090 ms
[INFO   ] DREAMPlace - optimizer step 26.225 ms
[INFO   ] DREAMPlace - iteration  561, (  67,  1,  1), Obj 2.194965E+04, NetCrossing 5.889E+02, NetCrossingWeight 1.000000E-01, DensityWeight 1.900901E+00, HPWL 1.421445E+04, Overflow 3.110601E-04, MaxDensity 1.700E+00, MacroOverlap 2.447E-06, MacroOverlapWeight 1.500000E+00, gamma 1.149550E-01, time 16.873ms
[INFO   ] DREAMPlace - full step 43.693 ms
[INFO   ] DREAMPlace - Lsub stopping criteria: 1 and 21949.7 > 21648.9 * 0.999
[INFO   ] DREAMPlace - Llambda stopping criteria: 1 and (( 0.00031106 < 0.1 and 14214.5 > 14193.9 ) or 1.70038 < 1.0)
[DEBUG  ] dreamplace.ops.weighted_average_wirelength.weighted_average_wirelength - wirelength forward 0.074 ms
[DEBUG  ] dreamplace.ops.electric_potential.electric_potential - density forward 1.318 ms
[DEBUG  ] dreamplace.ops.electric_potential.electric_potential - density forward 1.136 ms
[DEBUG  ] dreamplace.ops.electric_potential.electric_potential - density backward 0.809 ms
[DEBUG  ] dreamplace.ops.electric_potential.electric_potential - density backward 0.973 ms
[DEBUG  ] dreamplace.ops.weighted_average_wirelength.weighted_average_wirelength - wirelength backward 0.070 ms
[INFO   ] DREAMPlace - optimizer step 27.901 ms
[INFO   ] DREAMPlace - iteration  562, (  68,  0,  0), Obj 2.245460E+04, NetCrossing 5.889E+02, NetCrossingWeight 1.000000E-01, DensityWeight 2.074729E+00, HPWL 1.422596E+04, Overflow 3.061033E-04, MaxDensity 1.719E+00, MacroOverlap 2.270E-06, MacroOverlapWeight 1.500000E+00, gamma 1.149409E-01, time 15.918ms
[INFO   ] DREAMPlace - full step 44.357 ms
[DEBUG  ] dreamplace.ops.weighted_average_wirelength.weighted_average_wirelength - wirelength forward 0.069 ms
[DEBUG  ] dreamplace.ops.electric_potential.electric_potential - density forward 1.323 ms
[DEBUG  ] dreamplace.ops.electric_potential.electric_potential - density forward 1.055 ms
[DEBUG  ] dreamplace.ops.electric_potential.electric_potential - density backward 0.834 ms
[DEBUG  ] dreamplace.ops.electric_potential.electric_potential - density backward 0.948 ms
[DEBUG  ] dreamplace.ops.weighted_average_wirelength.weighted_average_wirelength - wirelength backward 0.107 ms
[INFO   ] DREAMPlace - optimizer step 26.616 ms
[INFO   ] DREAMPlace - iteration  563, (  68,  0,  1), Obj 2.298953E+04, NetCrossing 5.871E+02, NetCrossingWeight 1.000000E-01, DensityWeight 2.074729E+00, HPWL 1.423641E+04, Overflow 3.033909E-04, MaxDensity 1.720E+00, MacroOverlap 2.111E-06, MacroOverlapWeight 1.500000E+00, gamma 1.149409E-01, time 16.839ms
[INFO   ] DREAMPlace - full step 43.985 ms
[INFO   ] DREAMPlace - Lsub stopping criteria: 1 and 22989.5 > 22454.6 * 0.999
[DEBUG  ] dreamplace.ops.weighted_average_wirelength.weighted_average_wirelength - wirelength forward 0.091 ms
[DEBUG  ] dreamplace.ops.electric_potential.electric_potential - density forward 1.422 ms
[DEBUG  ] dreamplace.ops.electric_potential.electric_potential - density forward 1.050 ms
[DEBUG  ] dreamplace.ops.electric_potential.electric_potential - density backward 0.794 ms
[DEBUG  ] dreamplace.ops.electric_potential.electric_potential - density backward 0.987 ms
[DEBUG  ] dreamplace.ops.weighted_average_wirelength.weighted_average_wirelength - wirelength backward 0.130 ms
[INFO   ] DREAMPlace - optimizer step 28.374 ms
[INFO   ] DREAMPlace - iteration  564, (  68,  1,  0), Obj 2.339877E+04, NetCrossing 5.942E+02, NetCrossingWeight 1.000000E-01, DensityWeight 2.264452E+00, HPWL 1.424991E+04, Overflow 2.993164E-04, MaxDensity 1.658E+00, MacroOverlap 1.967E-06, MacroOverlapWeight 1.500000E+00, gamma 1.149409E-01, time 15.752ms
[INFO   ] DREAMPlace - full step 44.662 ms
[DEBUG  ] dreamplace.ops.weighted_average_wirelength.weighted_average_wirelength - wirelength forward 0.079 ms
[DEBUG  ] dreamplace.ops.electric_potential.electric_potential - density forward 1.321 ms
[DEBUG  ] dreamplace.ops.electric_potential.electric_potential - density forward 1.076 ms
[DEBUG  ] dreamplace.ops.electric_potential.electric_potential - density backward 0.781 ms
[DEBUG  ] dreamplace.ops.electric_potential.electric_potential - density backward 1.000 ms
[DEBUG  ] dreamplace.ops.weighted_average_wirelength.weighted_average_wirelength - wirelength backward 0.136 ms
[INFO   ] DREAMPlace - optimizer step 28.744 ms
[INFO   ] DREAMPlace - iteration  565, (  68,  1,  1), Obj 2.363991E+04, NetCrossing 5.910E+02, NetCrossingWeight 1.000000E-01, DensityWeight 2.264452E+00, HPWL 1.426164E+04, Overflow 2.951483E-04, MaxDensity 1.595E+00, MacroOverlap 1.837E-06, MacroOverlapWeight 1.500000E+00, gamma 1.149409E-01, time 18.269ms
[INFO   ] DREAMPlace - full step 47.576 ms
[INFO   ] DREAMPlace - Lsub stopping criteria: 1 and 23639.9 > 23398.8 * 0.999
[INFO   ] DREAMPlace - Llambda stopping criteria: 1 and (( 0.000295148 < 0.1 and 14261.6 > 14236.4 ) or 1.59526 < 1.0)
[DEBUG  ] dreamplace.ops.weighted_average_wirelength.weighted_average_wirelength - wirelength forward 0.070 ms
[DEBUG  ] dreamplace.ops.electric_potential.electric_potential - density forward 1.312 ms
[DEBUG  ] dreamplace.ops.electric_potential.electric_potential - density forward 1.044 ms
[DEBUG  ] dreamplace.ops.electric_potential.electric_potential - density backward 0.787 ms
[DEBUG  ] dreamplace.ops.electric_potential.electric_potential - density backward 1.013 ms
[DEBUG  ] dreamplace.ops.weighted_average_wirelength.weighted_average_wirelength - wirelength backward 0.138 ms
[INFO   ] DREAMPlace - optimizer step 28.747 ms
[INFO   ] DREAMPlace - iteration  566, (  69,  0,  0), Obj 2.381655E+04, NetCrossing 5.919E+02, NetCrossingWeight 1.000000E-01, DensityWeight 2.471521E+00, HPWL 1.427352E+04, Overflow 2.887913E-04, MaxDensity 1.537E+00, MacroOverlap 1.696E-06, MacroOverlapWeight 1.500000E+00, gamma 1.149316E-01, time 16.109ms
[INFO   ] DREAMPlace - full step 45.455 ms
[DEBUG  ] dreamplace.ops.weighted_average_wirelength.weighted_average_wirelength - wirelength forward 0.081 ms
[DEBUG  ] dreamplace.ops.electric_potential.electric_potential - density forward 1.307 ms
[DEBUG  ] dreamplace.ops.electric_potential.electric_potential - density forward 1.018 ms
[DEBUG  ] dreamplace.ops.electric_potential.electric_potential - density backward 0.776 ms
[DEBUG  ] dreamplace.ops.electric_potential.electric_potential - density backward 1.001 ms
[DEBUG  ] dreamplace.ops.weighted_average_wirelength.weighted_average_wirelength - wirelength backward 0.135 ms
[INFO   ] DREAMPlace - optimizer step 28.930 ms
[INFO   ] DREAMPlace - iteration  567, (  69,  0,  1), Obj 2.399216E+04, NetCrossing 5.920E+02, NetCrossingWeight 1.000000E-01, DensityWeight 2.471521E+00, HPWL 1.428396E+04, Overflow 2.825561E-04, MaxDensity 1.485E+00, MacroOverlap 1.558E-06, MacroOverlapWeight 1.500000E+00, gamma 1.149316E-01, time 15.800ms
[INFO   ] DREAMPlace - full step 45.383 ms
[INFO   ] DREAMPlace - Lsub stopping criteria: 1 and 23992.2 > 23816.5 * 0.999
[DEBUG  ] dreamplace.ops.weighted_average_wirelength.weighted_average_wirelength - wirelength forward 0.075 ms
[DEBUG  ] dreamplace.ops.electric_potential.electric_potential - density forward 1.319 ms
[DEBUG  ] dreamplace.ops.electric_potential.electric_potential - density forward 1.072 ms
[DEBUG  ] dreamplace.ops.electric_potential.electric_potential - density backward 0.782 ms
[DEBUG  ] dreamplace.ops.electric_potential.electric_potential - density backward 1.005 ms
[DEBUG  ] dreamplace.ops.weighted_average_wirelength.weighted_average_wirelength - wirelength backward 0.137 ms
[INFO   ] DREAMPlace - optimizer step 29.039 ms
[INFO   ] DREAMPlace - iteration  568, (  69,  1,  0), Obj 2.498348E+04, NetCrossing 5.963E+02, NetCrossingWeight 1.000000E-01, DensityWeight 2.697528E+00, HPWL 1.429714E+04, Overflow 2.746610E-04, MaxDensity 1.443E+00, MacroOverlap 1.429E-06, MacroOverlapWeight 1.500000E+00, gamma 1.149316E-01, time 16.306ms
[INFO   ] DREAMPlace - full step 45.993 ms
[DEBUG  ] dreamplace.ops.weighted_average_wirelength.weighted_average_wirelength - wirelength forward 0.075 ms
[DEBUG  ] dreamplace.ops.electric_potential.electric_potential - density forward 1.394 ms
[DEBUG  ] dreamplace.ops.electric_potential.electric_potential - density forward 1.220 ms
[DEBUG  ] dreamplace.ops.electric_potential.electric_potential - density backward 0.778 ms
[DEBUG  ] dreamplace.ops.electric_potential.electric_potential - density backward 1.002 ms
[DEBUG  ] dreamplace.ops.weighted_average_wirelength.weighted_average_wirelength - wirelength backward 0.135 ms
[INFO   ] DREAMPlace - optimizer step 29.384 ms
[INFO   ] DREAMPlace - iteration  569, (  69,  1,  1), Obj 2.512537E+04, NetCrossing 5.946E+02, NetCrossingWeight 1.000000E-01, DensityWeight 2.697528E+00, HPWL 1.430944E+04, Overflow 2.684333E-04, MaxDensity 1.382E+00, MacroOverlap 1.318E-06, MacroOverlapWeight 1.500000E+00, gamma 1.149316E-01, time 16.752ms
[INFO   ] DREAMPlace - full step 46.717 ms
[INFO   ] DREAMPlace - Lsub stopping criteria: 1 and 25125.4 > 24983.5 * 0.999
[INFO   ] DREAMPlace - Llambda stopping criteria: 1 and (( 0.000268433 < 0.1 and 14309.4 > 14284 ) or 1.38238 < 1.0)
[DEBUG  ] dreamplace.ops.weighted_average_wirelength.weighted_average_wirelength - wirelength forward 0.074 ms
[DEBUG  ] dreamplace.ops.electric_potential.electric_potential - density forward 1.265 ms
[DEBUG  ] dreamplace.ops.electric_potential.electric_potential - density forward 1.026 ms
[DEBUG  ] dreamplace.ops.electric_potential.electric_potential - density backward 0.785 ms
[DEBUG  ] dreamplace.ops.electric_potential.electric_potential - density backward 1.002 ms
[DEBUG  ] dreamplace.ops.weighted_average_wirelength.weighted_average_wirelength - wirelength backward 0.135 ms
[INFO   ] DREAMPlace - optimizer step 28.849 ms
[INFO   ] DREAMPlace - iteration  570, (  70,  0,  0), Obj 2.590637E+04, NetCrossing 5.941E+02, NetCrossingWeight 1.000000E-01, DensityWeight 2.944200E+00, HPWL 1.432546E+04, Overflow 2.623056E-04, MaxDensity 1.368E+00, MacroOverlap 1.231E-06, MacroOverlapWeight 1.500000E+00, gamma 1.149159E-01, time 16.654ms
[INFO   ] DREAMPlace - full step 46.073 ms
[DEBUG  ] dreamplace.ops.weighted_average_wirelength.weighted_average_wirelength - wirelength forward 0.073 ms
[DEBUG  ] dreamplace.ops.electric_potential.electric_potential - density forward 1.344 ms
[DEBUG  ] dreamplace.ops.electric_potential.electric_potential - density forward 1.023 ms
[DEBUG  ] dreamplace.ops.electric_potential.electric_potential - density backward 0.804 ms
[DEBUG  ] dreamplace.ops.electric_potential.electric_potential - density backward 1.014 ms
[DEBUG  ] dreamplace.ops.weighted_average_wirelength.weighted_average_wirelength - wirelength backward 0.134 ms
[INFO   ] DREAMPlace - optimizer step 31.887 ms
[INFO   ] DREAMPlace - iteration  571, (  70,  0,  1), Obj 2.602780E+04, NetCrossing 5.957E+02, NetCrossingWeight 1.000000E-01, DensityWeight 2.944200E+00, HPWL 1.433970E+04, Overflow 2.562406E-04, MaxDensity 1.366E+00, MacroOverlap 1.165E-06, MacroOverlapWeight 1.500000E+00, gamma 1.149159E-01, time 17.125ms
[INFO   ] DREAMPlace - full step 49.584 ms
[INFO   ] DREAMPlace - Lsub stopping criteria: 1 and 26027.8 > 25906.4 * 0.999
[DEBUG  ] dreamplace.ops.weighted_average_wirelength.weighted_average_wirelength - wirelength forward 0.082 ms
[DEBUG  ] dreamplace.ops.electric_potential.electric_potential - density forward 1.270 ms
[DEBUG  ] dreamplace.ops.electric_potential.electric_potential - density forward 1.015 ms
[DEBUG  ] dreamplace.ops.electric_potential.electric_potential - density backward 0.867 ms
[DEBUG  ] dreamplace.ops.electric_potential.electric_potential - density backward 0.928 ms
[DEBUG  ] dreamplace.ops.weighted_average_wirelength.weighted_average_wirelength - wirelength backward 0.087 ms
[INFO   ] DREAMPlace - optimizer step 26.162 ms
[INFO   ] DREAMPlace - iteration  572, (  70,  1,  0), Obj 2.697205E+04, NetCrossing 5.918E+02, NetCrossingWeight 1.000000E-01, DensityWeight 3.213425E+00, HPWL 1.435616E+04, Overflow 2.518424E-04, MaxDensity 1.373E+00, MacroOverlap 1.114E-06, MacroOverlapWeight 1.500000E+00, gamma 1.149159E-01, time 16.768ms
[INFO   ] DREAMPlace - full step 43.479 ms
[DEBUG  ] dreamplace.ops.weighted_average_wirelength.weighted_average_wirelength - wirelength forward 0.074 ms
[DEBUG  ] dreamplace.ops.electric_potential.electric_potential - density forward 1.298 ms
[DEBUG  ] dreamplace.ops.electric_potential.electric_potential - density forward 1.263 ms
[DEBUG  ] dreamplace.ops.electric_potential.electric_potential - density backward 0.825 ms
[DEBUG  ] dreamplace.ops.electric_potential.electric_potential - density backward 0.953 ms
[DEBUG  ] dreamplace.ops.weighted_average_wirelength.weighted_average_wirelength - wirelength backward 0.106 ms
[INFO   ] DREAMPlace - optimizer step 27.280 ms
[INFO   ] DREAMPlace - iteration  573, (  70,  1,  1), Obj 2.707866E+04, NetCrossing 5.951E+02, NetCrossingWeight 1.000000E-01, DensityWeight 3.213425E+00, HPWL 1.436910E+04, Overflow 2.490815E-04, MaxDensity 1.383E+00, MacroOverlap 1.084E-06, MacroOverlapWeight 1.500000E+00, gamma 1.149159E-01, time 15.780ms
[INFO   ] DREAMPlace - full step 43.585 ms
[INFO   ] DREAMPlace - Lsub stopping criteria: 1 and 27078.7 > 26972.1 * 0.999
[INFO   ] DREAMPlace - Llambda stopping criteria: 1 and (( 0.000249081 < 0.1 and 14369.1 > 14339.7 ) or 1.38276 < 1.0)
[DEBUG  ] dreamplace.ops.weighted_average_wirelength.weighted_average_wirelength - wirelength forward 0.073 ms
[DEBUG  ] dreamplace.ops.electric_potential.electric_potential - density forward 1.274 ms
[DEBUG  ] dreamplace.ops.electric_potential.electric_potential - density forward 1.098 ms
[DEBUG  ] dreamplace.ops.electric_potential.electric_potential - density backward 0.834 ms
[DEBUG  ] dreamplace.ops.electric_potential.electric_potential - density backward 0.971 ms
[DEBUG  ] dreamplace.ops.weighted_average_wirelength.weighted_average_wirelength - wirelength backward 0.120 ms
[INFO   ] DREAMPlace - optimizer step 27.395 ms
[INFO   ] DREAMPlace - iteration  574, (  71,  0,  0), Obj 2.782428E+04, NetCrossing 5.921E+02, NetCrossingWeight 1.000000E-01, DensityWeight 3.507269E+00, HPWL 1.438422E+04, Overflow 2.469726E-04, MaxDensity 1.390E+00, MacroOverlap 1.064E-06, MacroOverlapWeight 1.500000E+00, gamma 1.149045E-01, time 16.612ms
[INFO   ] DREAMPlace - full step 44.577 ms
[DEBUG  ] dreamplace.ops.weighted_average_wirelength.weighted_average_wirelength - wirelength forward 0.074 ms
[DEBUG  ] dreamplace.ops.electric_potential.electric_potential - density forward 1.276 ms
[DEBUG  ] dreamplace.ops.electric_potential.electric_potential - density forward 1.138 ms
[DEBUG  ] dreamplace.ops.electric_potential.electric_potential - density backward 0.781 ms
[DEBUG  ] dreamplace.ops.electric_potential.electric_potential - density backward 0.998 ms
[DEBUG  ] dreamplace.ops.weighted_average_wirelength.weighted_average_wirelength - wirelength backward 0.134 ms
[INFO   ] DREAMPlace - optimizer step 28.425 ms
[INFO   ] DREAMPlace - iteration  575, (  71,  0,  1), Obj 2.830872E+04, NetCrossing 5.917E+02, NetCrossingWeight 1.000000E-01, DensityWeight 3.507269E+00, HPWL 1.439772E+04, Overflow 2.454227E-04, MaxDensity 1.397E+00, MacroOverlap 1.049E-06, MacroOverlapWeight 1.500000E+00, gamma 1.149045E-01, time 17.066ms
[INFO   ] DREAMPlace - full step 46.027 ms
[INFO   ] DREAMPlace - Lsub stopping criteria: 1 and 28308.7 > 27824.3 * 0.999
[DEBUG  ] dreamplace.ops.weighted_average_wirelength.weighted_average_wirelength - wirelength forward 0.072 ms
[DEBUG  ] dreamplace.ops.electric_potential.electric_potential - density forward 1.272 ms
[DEBUG  ] dreamplace.ops.electric_potential.electric_potential - density forward 1.059 ms
[DEBUG  ] dreamplace.ops.electric_potential.electric_potential - density backward 0.775 ms
[DEBUG  ] dreamplace.ops.electric_potential.electric_potential - density backward 1.003 ms
[DEBUG  ] dreamplace.ops.weighted_average_wirelength.weighted_average_wirelength - wirelength backward 0.138 ms
[INFO   ] DREAMPlace - optimizer step 28.677 ms
[INFO   ] DREAMPlace - iteration  576, (  71,  1,  0), Obj 2.849197E+04, NetCrossing 5.937E+02, NetCrossingWeight 1.000000E-01, DensityWeight 3.827983E+00, HPWL 1.441131E+04, Overflow 2.421581E-04, MaxDensity 1.402E+00, MacroOverlap 1.027E-06, MacroOverlapWeight 1.500000E+00, gamma 1.149045E-01, time 16.648ms
[INFO   ] DREAMPlace - full step 45.881 ms
[DEBUG  ] dreamplace.ops.weighted_average_wirelength.weighted_average_wirelength - wirelength forward 0.081 ms
[DEBUG  ] dreamplace.ops.electric_potential.electric_potential - density forward 1.335 ms
[DEBUG  ] dreamplace.ops.electric_potential.electric_potential - density forward 1.065 ms
[DEBUG  ] dreamplace.ops.electric_potential.electric_potential - density backward 0.797 ms
[DEBUG  ] dreamplace.ops.electric_potential.electric_potential - density backward 0.984 ms
[DEBUG  ] dreamplace.ops.weighted_average_wirelength.weighted_average_wirelength - wirelength backward 0.127 ms
[INFO   ] DREAMPlace - optimizer step 28.559 ms
[INFO   ] DREAMPlace - iteration  577, (  71,  1,  1), Obj 2.961880E+04, NetCrossing 5.941E+02, NetCrossingWeight 1.000000E-01, DensityWeight 3.827983E+00, HPWL 1.442428E+04, Overflow 2.398539E-04, MaxDensity 1.395E+00, MacroOverlap 9.977E-07, MacroOverlapWeight 1.500000E+00, gamma 1.149045E-01, time 16.155ms
[INFO   ] DREAMPlace - full step 45.339 ms
[INFO   ] DREAMPlace - Lsub stopping criteria: 1 and 29618.8 > 28492 * 0.999
[INFO   ] DREAMPlace - Llambda stopping criteria: 1 and (( 0.000239854 < 0.1 and 14424.3 > 14397.7 ) or 1.39499 < 1.0)
[DEBUG  ] dreamplace.ops.weighted_average_wirelength.weighted_average_wirelength - wirelength forward 0.073 ms
[DEBUG  ] dreamplace.ops.electric_potential.electric_potential - density forward 1.311 ms
[DEBUG  ] dreamplace.ops.electric_potential.electric_potential - density forward 1.086 ms
[DEBUG  ] dreamplace.ops.electric_potential.electric_potential - density backward 0.793 ms
[DEBUG  ] dreamplace.ops.electric_potential.electric_potential - density backward 0.999 ms
[DEBUG  ] dreamplace.ops.weighted_average_wirelength.weighted_average_wirelength - wirelength backward 0.133 ms
[INFO   ] DREAMPlace - optimizer step 28.733 ms
[INFO   ] DREAMPlace - iteration  578, (  72,  0,  0), Obj 3.075306E+04, NetCrossing 5.871E+02, NetCrossingWeight 1.000000E-01, DensityWeight 4.178027E+00, HPWL 1.443825E+04, Overflow 2.362967E-04, MaxDensity 1.374E+00, MacroOverlap 9.593E-07, MacroOverlapWeight 1.500000E+00, gamma 1.148991E-01, time 15.996ms
[INFO   ] DREAMPlace - full step 45.393 ms
[DEBUG  ] dreamplace.ops.weighted_average_wirelength.weighted_average_wirelength - wirelength forward 0.074 ms
[DEBUG  ] dreamplace.ops.electric_potential.electric_potential - density forward 1.299 ms
[DEBUG  ] dreamplace.ops.electric_potential.electric_potential - density forward 1.173 ms
[DEBUG  ] dreamplace.ops.electric_potential.electric_potential - density backward 0.777 ms
[DEBUG  ] dreamplace.ops.electric_potential.electric_potential - density backward 0.997 ms
[DEBUG  ] dreamplace.ops.weighted_average_wirelength.weighted_average_wirelength - wirelength backward 0.135 ms
[INFO   ] DREAMPlace - optimizer step 28.876 ms
[INFO   ] DREAMPlace - iteration  579, (  72,  0,  1), Obj 3.076800E+04, NetCrossing 5.886E+02, NetCrossingWeight 1.000000E-01, DensityWeight 4.178027E+00, HPWL 1.445304E+04, Overflow 2.337761E-04, MaxDensity 1.341E+00, MacroOverlap 9.190E-07, MacroOverlapWeight 1.500000E+00, gamma 1.148991E-01, time 16.574ms
[INFO   ] DREAMPlace - full step 46.024 ms
[INFO   ] DREAMPlace - Lsub stopping criteria: 1 and 30768 > 30753.1 * 0.999
[DEBUG  ] dreamplace.ops.weighted_average_wirelength.weighted_average_wirelength - wirelength forward 0.066 ms
[DEBUG  ] dreamplace.ops.electric_potential.electric_potential - density forward 1.306 ms
[DEBUG  ] dreamplace.ops.electric_potential.electric_potential - density forward 1.036 ms
[DEBUG  ] dreamplace.ops.electric_potential.electric_potential - density backward 0.790 ms
[DEBUG  ] dreamplace.ops.electric_potential.electric_potential - density backward 1.005 ms
[DEBUG  ] dreamplace.ops.weighted_average_wirelength.weighted_average_wirelength - wirelength backward 0.138 ms
[INFO   ] DREAMPlace - optimizer step 28.678 ms
[INFO   ] DREAMPlace - iteration  580, (  72,  1,  0), Obj 3.156215E+04, NetCrossing 5.935E+02, NetCrossingWeight 1.000000E-01, DensityWeight 4.560077E+00, HPWL 1.446837E+04, Overflow 2.303529E-04, MaxDensity 1.301E+00, MacroOverlap 8.690E-07, MacroOverlapWeight 1.500000E+00, gamma 1.148991E-01, time 16.557ms
[INFO   ] DREAMPlace - full step 45.754 ms
[DEBUG  ] dreamplace.ops.weighted_average_wirelength.weighted_average_wirelength - wirelength forward 0.068 ms
[DEBUG  ] dreamplace.ops.electric_potential.electric_potential - density forward 1.298 ms
[DEBUG  ] dreamplace.ops.electric_potential.electric_potential - density forward 1.012 ms
[DEBUG  ] dreamplace.ops.electric_potential.electric_potential - density backward 0.785 ms
[DEBUG  ] dreamplace.ops.electric_potential.electric_potential - density backward 1.012 ms
[DEBUG  ] dreamplace.ops.weighted_average_wirelength.weighted_average_wirelength - wirelength backward 0.136 ms
[INFO   ] DREAMPlace - optimizer step 28.830 ms
[INFO   ] DREAMPlace - iteration  581, (  72,  1,  1), Obj 3.213350E+04, NetCrossing 5.946E+02, NetCrossingWeight 1.000000E-01, DensityWeight 4.560077E+00, HPWL 1.448067E+04, Overflow 2.258117E-04, MaxDensity 1.292E+00, MacroOverlap 8.197E-07, MacroOverlapWeight 1.500000E+00, gamma 1.148991E-01, time 17.067ms
[INFO   ] DREAMPlace - full step 46.450 ms
[INFO   ] DREAMPlace - Lsub stopping criteria: 1 and 32133.5 > 31562.1 * 0.999
[INFO   ] DREAMPlace - Llambda stopping criteria: 1 and (( 0.000225812 < 0.1 and 14480.7 > 14453 ) or 1.29161 < 1.0)
[DEBUG  ] dreamplace.ops.weighted_average_wirelength.weighted_average_wirelength - wirelength forward 0.072 ms
[DEBUG  ] dreamplace.ops.electric_potential.electric_potential - density forward 1.297 ms
[DEBUG  ] dreamplace.ops.electric_potential.electric_potential - density forward 1.048 ms
[DEBUG  ] dreamplace.ops.electric_potential.electric_potential - density backward 0.781 ms
[DEBUG  ] dreamplace.ops.electric_potential.electric_potential - density backward 1.007 ms
[DEBUG  ] dreamplace.ops.weighted_average_wirelength.weighted_average_wirelength - wirelength backward 0.135 ms
[INFO   ] DREAMPlace - optimizer step 29.054 ms
[INFO   ] DREAMPlace - iteration  582, (  73,  0,  0), Obj 3.351487E+04, NetCrossing 5.879E+02, NetCrossingWeight 1.000000E-01, DensityWeight 4.977064E+00, HPWL 1.449611E+04, Overflow 2.208237E-04, MaxDensity 1.298E+00, MacroOverlap 7.677E-07, MacroOverlapWeight 1.500000E+00, gamma 1.148908E-01, time 16.600ms
[INFO   ] DREAMPlace - full step 46.191 ms
[DEBUG  ] dreamplace.ops.weighted_average_wirelength.weighted_average_wirelength - wirelength forward 0.090 ms
[DEBUG  ] dreamplace.ops.electric_potential.electric_potential - density forward 1.537 ms
[DEBUG  ] dreamplace.ops.electric_potential.electric_potential - density forward 1.069 ms
[DEBUG  ] dreamplace.ops.electric_potential.electric_potential - density backward 0.778 ms
[DEBUG  ] dreamplace.ops.electric_potential.electric_potential - density backward 1.015 ms
[DEBUG  ] dreamplace.ops.weighted_average_wirelength.weighted_average_wirelength - wirelength backward 0.139 ms
[INFO   ] DREAMPlace - optimizer step 33.023 ms
[INFO   ] DREAMPlace - iteration  583, (  73,  0,  1), Obj 3.378424E+04, NetCrossing 5.935E+02, NetCrossingWeight 1.000000E-01, DensityWeight 4.977064E+00, HPWL 1.450964E+04, Overflow 2.157491E-04, MaxDensity 1.308E+00, MacroOverlap 7.221E-07, MacroOverlapWeight 1.500000E+00, gamma 1.148908E-01, time 16.042ms
[INFO   ] DREAMPlace - full step 49.652 ms
[INFO   ] DREAMPlace - Lsub stopping criteria: 1 and 33784.2 > 33514.9 * 0.999
[DEBUG  ] dreamplace.ops.weighted_average_wirelength.weighted_average_wirelength - wirelength forward 0.074 ms
[DEBUG  ] dreamplace.ops.electric_potential.electric_potential - density forward 1.345 ms
[DEBUG  ] dreamplace.ops.electric_potential.electric_potential - density forward 1.035 ms
[DEBUG  ] dreamplace.ops.electric_potential.electric_potential - density backward 0.807 ms
[DEBUG  ] dreamplace.ops.electric_potential.electric_potential - density backward 0.981 ms
[DEBUG  ] dreamplace.ops.weighted_average_wirelength.weighted_average_wirelength - wirelength backward 0.066 ms
[INFO   ] DREAMPlace - optimizer step 28.276 ms
[INFO   ] DREAMPlace - iteration  584, (  73,  1,  0), Obj 3.474918E+04, NetCrossing 5.935E+02, NetCrossingWeight 1.000000E-01, DensityWeight 5.432180E+00, HPWL 1.452282E+04, Overflow 2.108981E-04, MaxDensity 1.319E+00, MacroOverlap 6.794E-07, MacroOverlapWeight 1.500000E+00, gamma 1.148908E-01, time 17.715ms
[INFO   ] DREAMPlace - full step 46.543 ms
[DEBUG  ] dreamplace.ops.weighted_average_wirelength.weighted_average_wirelength - wirelength forward 0.075 ms
[DEBUG  ] dreamplace.ops.electric_potential.electric_potential - density forward 1.301 ms
[DEBUG  ] dreamplace.ops.electric_potential.electric_potential - density forward 1.184 ms
[DEBUG  ] dreamplace.ops.electric_potential.electric_potential - density backward 0.859 ms
[DEBUG  ] dreamplace.ops.electric_potential.electric_potential - density backward 0.916 ms
[DEBUG  ] dreamplace.ops.weighted_average_wirelength.weighted_average_wirelength - wirelength backward 0.087 ms
[INFO   ] DREAMPlace - optimizer step 26.582 ms
[INFO   ] DREAMPlace - iteration  585, (  73,  1,  1), Obj 3.619132E+04, NetCrossing 5.952E+02, NetCrossingWeight 1.000000E-01, DensityWeight 5.432180E+00, HPWL 1.453416E+04, Overflow 2.076571E-04, MaxDensity 1.330E+00, MacroOverlap 6.461E-07, MacroOverlapWeight 1.500000E+00, gamma 1.148908E-01, time 16.693ms
[INFO   ] DREAMPlace - full step 43.832 ms
[INFO   ] DREAMPlace - Lsub stopping criteria: 1 and 36191.3 > 34749.2 * 0.999
[INFO   ] DREAMPlace - Llambda stopping criteria: 1 and (( 0.000207657 < 0.1 and 14534.2 > 14509.6 ) or 1.33028 < 1.0)
[DEBUG  ] dreamplace.ops.weighted_average_wirelength.weighted_average_wirelength - wirelength forward 0.077 ms
[DEBUG  ] dreamplace.ops.electric_potential.electric_potential - density forward 1.356 ms
[DEBUG  ] dreamplace.ops.electric_potential.electric_potential - density forward 1.052 ms
[DEBUG  ] dreamplace.ops.electric_potential.electric_potential - density backward 0.887 ms
[DEBUG  ] dreamplace.ops.electric_potential.electric_potential - density backward 0.955 ms
[DEBUG  ] dreamplace.ops.weighted_average_wirelength.weighted_average_wirelength - wirelength backward 0.122 ms
[INFO   ] DREAMPlace - optimizer step 27.655 ms
[INFO   ] DREAMPlace - iteration  586, (  74,  0,  0), Obj 3.667639E+04, NetCrossing 5.942E+02, NetCrossingWeight 1.000000E-01, DensityWeight 5.928920E+00, HPWL 1.454571E+04, Overflow 2.049864E-04, MaxDensity 1.347E+00, MacroOverlap 6.159E-07, MacroOverlapWeight 1.500000E+00, gamma 1.148801E-01, time 16.749ms
[INFO   ] DREAMPlace - full step 45.010 ms
[DEBUG  ] dreamplace.ops.weighted_average_wirelength.weighted_average_wirelength - wirelength forward 0.077 ms
[DEBUG  ] dreamplace.ops.electric_potential.electric_potential - density forward 1.736 ms
[DEBUG  ] dreamplace.ops.electric_potential.electric_potential - density forward 1.378 ms
[DEBUG  ] dreamplace.ops.electric_potential.electric_potential - density backward 0.813 ms
[DEBUG  ] dreamplace.ops.electric_potential.electric_potential - density backward 0.982 ms
[DEBUG  ] dreamplace.ops.weighted_average_wirelength.weighted_average_wirelength - wirelength backward 0.118 ms
[INFO   ] DREAMPlace - optimizer step 29.369 ms
[INFO   ] DREAMPlace - iteration  587, (  74,  0,  1), Obj 3.741436E+04, NetCrossing 5.941E+02, NetCrossingWeight 1.000000E-01, DensityWeight 5.928920E+00, HPWL 1.455818E+04, Overflow 2.032085E-04, MaxDensity 1.367E+00, MacroOverlap 5.922E-07, MacroOverlapWeight 1.500000E+00, gamma 1.148801E-01, time 16.947ms
[INFO   ] DREAMPlace - full step 46.940 ms
[INFO   ] DREAMPlace - Lsub stopping criteria: 1 and 37414.4 > 36676.4 * 0.999
[DEBUG  ] dreamplace.ops.weighted_average_wirelength.weighted_average_wirelength - wirelength forward 0.074 ms
[DEBUG  ] dreamplace.ops.electric_potential.electric_potential - density forward 1.373 ms
[DEBUG  ] dreamplace.ops.electric_potential.electric_potential - density forward 1.058 ms
[DEBUG  ] dreamplace.ops.electric_potential.electric_potential - density backward 0.804 ms
[DEBUG  ] dreamplace.ops.electric_potential.electric_potential - density backward 0.983 ms
[DEBUG  ] dreamplace.ops.weighted_average_wirelength.weighted_average_wirelength - wirelength backward 0.128 ms
[INFO   ] DREAMPlace - optimizer step 28.409 ms
[INFO   ] DREAMPlace - iteration  588, (  74,  1,  0), Obj 3.987191E+04, NetCrossing 5.983E+02, NetCrossingWeight 1.000000E-01, DensityWeight 6.471085E+00, HPWL 1.457169E+04, Overflow 2.026761E-04, MaxDensity 1.374E+00, MacroOverlap 5.750E-07, MacroOverlapWeight 1.500000E+00, gamma 1.148801E-01, time 17.189ms
[INFO   ] DREAMPlace - full step 46.176 ms
[DEBUG  ] dreamplace.ops.weighted_average_wirelength.weighted_average_wirelength - wirelength forward 0.077 ms
[DEBUG  ] dreamplace.ops.electric_potential.electric_potential - density forward 1.340 ms
[DEBUG  ] dreamplace.ops.electric_potential.electric_potential - density forward 1.041 ms
[DEBUG  ] dreamplace.ops.electric_potential.electric_potential - density backward 0.789 ms
[DEBUG  ] dreamplace.ops.electric_potential.electric_potential - density backward 0.997 ms
[DEBUG  ] dreamplace.ops.weighted_average_wirelength.weighted_average_wirelength - wirelength backward 0.136 ms
[INFO   ] DREAMPlace - optimizer step 29.537 ms
[INFO   ] DREAMPlace - iteration  589, (  74,  1,  1), Obj 3.937541E+04, NetCrossing 5.973E+02, NetCrossingWeight 1.000000E-01, DensityWeight 6.471085E+00, HPWL 1.458560E+04, Overflow 2.015294E-04, MaxDensity 1.347E+00, MacroOverlap 5.609E-07, MacroOverlapWeight 1.500000E+00, gamma 1.148801E-01, time 17.018ms
[INFO   ] DREAMPlace - full step 47.078 ms
[INFO   ] DREAMPlace - Llambda stopping criteria: 1 and (( 0.000201529 < 0.1 and 14585.6 > 14558.2 ) or 1.3468 < 1.0)
[DEBUG  ] dreamplace.ops.weighted_average_wirelength.weighted_average_wirelength - wirelength forward 0.077 ms
[DEBUG  ] dreamplace.ops.electric_potential.electric_potential - density forward 1.330 ms
[DEBUG  ] dreamplace.ops.electric_potential.electric_potential - density forward 1.044 ms
[DEBUG  ] dreamplace.ops.electric_potential.electric_potential - density backward 0.795 ms
[DEBUG  ] dreamplace.ops.electric_potential.electric_potential - density backward 0.999 ms
[DEBUG  ] dreamplace.ops.weighted_average_wirelength.weighted_average_wirelength - wirelength backward 0.160 ms
[INFO   ] DREAMPlace - optimizer step 28.997 ms
[INFO   ] DREAMPlace - iteration  590, (  75,  0,  0), Obj 4.112429E+04, NetCrossing 5.886E+02, NetCrossingWeight 1.000000E-01, DensityWeight 7.062821E+00, HPWL 1.459936E+04, Overflow 1.994193E-04, MaxDensity 1.319E+00, MacroOverlap 5.421E-07, MacroOverlapWeight 1.500000E+00, gamma 1.148766E-01, time 16.916ms
[INFO   ] DREAMPlace - full step 46.428 ms
[DEBUG  ] dreamplace.ops.weighted_average_wirelength.weighted_average_wirelength - wirelength forward 0.075 ms
[DEBUG  ] dreamplace.ops.electric_potential.electric_potential - density forward 1.360 ms
[DEBUG  ] dreamplace.ops.electric_potential.electric_potential - density forward 1.191 ms
[DEBUG  ] dreamplace.ops.electric_potential.electric_potential - density backward 0.781 ms
[DEBUG  ] dreamplace.ops.electric_potential.electric_potential - density backward 1.004 ms
[DEBUG  ] dreamplace.ops.weighted_average_wirelength.weighted_average_wirelength - wirelength backward 0.137 ms
[INFO   ] DREAMPlace - optimizer step 29.156 ms
[INFO   ] DREAMPlace - iteration  591, (  75,  0,  1), Obj 4.165975E+04, NetCrossing 5.947E+02, NetCrossingWeight 1.000000E-01, DensityWeight 7.062821E+00, HPWL 1.461336E+04, Overflow 1.976767E-04, MaxDensity 1.292E+00, MacroOverlap 5.261E-07, MacroOverlapWeight 1.500000E+00, gamma 1.148766E-01, time 17.330ms
[INFO   ] DREAMPlace - full step 47.069 ms
[INFO   ] DREAMPlace - Lsub stopping criteria: 1 and 41659.8 > 41124.3 * 0.999
[DEBUG  ] dreamplace.ops.weighted_average_wirelength.weighted_average_wirelength - wirelength forward 0.082 ms
[DEBUG  ] dreamplace.ops.electric_potential.electric_potential - density forward 1.298 ms
[DEBUG  ] dreamplace.ops.electric_potential.electric_potential - density forward 1.015 ms
[DEBUG  ] dreamplace.ops.electric_potential.electric_potential - density backward 0.787 ms
[DEBUG  ] dreamplace.ops.electric_potential.electric_potential - density backward 1.002 ms
[DEBUG  ] dreamplace.ops.weighted_average_wirelength.weighted_average_wirelength - wirelength backward 0.135 ms
[INFO   ] DREAMPlace - optimizer step 28.870 ms
[INFO   ] DREAMPlace - iteration  592, (  75,  1,  0), Obj 4.472693E+04, NetCrossing 5.884E+02, NetCrossingWeight 1.000000E-01, DensityWeight 7.708667E+00, HPWL 1.462532E+04, Overflow 1.950364E-04, MaxDensity 1.268E+00, MacroOverlap 5.073E-07, MacroOverlapWeight 1.500000E+00, gamma 1.148766E-01, time 15.968ms
[INFO   ] DREAMPlace - full step 45.462 ms
[DEBUG  ] dreamplace.ops.weighted_average_wirelength.weighted_average_wirelength - wirelength forward 0.074 ms
[DEBUG  ] dreamplace.ops.electric_potential.electric_potential - density forward 1.268 ms
[DEBUG  ] dreamplace.ops.electric_potential.electric_potential - density forward 1.263 ms
[DEBUG  ] dreamplace.ops.electric_potential.electric_potential - density backward 0.786 ms
[DEBUG  ] dreamplace.ops.electric_potential.electric_potential - density backward 1.015 ms
[DEBUG  ] dreamplace.ops.weighted_average_wirelength.weighted_average_wirelength - wirelength backward 0.134 ms
[INFO   ] DREAMPlace - optimizer step 28.782 ms
[INFO   ] DREAMPlace - iteration  593, (  75,  1,  1), Obj 4.536943E+04, NetCrossing 5.928E+02, NetCrossingWeight 1.000000E-01, DensityWeight 7.708667E+00, HPWL 1.463597E+04, Overflow 1.928680E-04, MaxDensity 1.244E+00, MacroOverlap 4.938E-07, MacroOverlapWeight 1.500000E+00, gamma 1.148766E-01, time 16.726ms
[INFO   ] DREAMPlace - full step 46.091 ms
[INFO   ] DREAMPlace - Lsub stopping criteria: 1 and 45369.4 > 44726.9 * 0.999
[INFO   ] DREAMPlace - Llambda stopping criteria: 1 and (( 0.000192868 < 0.1 and 14636 > 14613.4 ) or 1.24373 < 1.0)
[DEBUG  ] dreamplace.ops.weighted_average_wirelength.weighted_average_wirelength - wirelength forward 0.082 ms
[DEBUG  ] dreamplace.ops.electric_potential.electric_potential - density forward 1.325 ms
[DEBUG  ] dreamplace.ops.electric_potential.electric_potential - density forward 1.062 ms
[DEBUG  ] dreamplace.ops.electric_potential.electric_potential - density backward 0.773 ms
[DEBUG  ] dreamplace.ops.electric_potential.electric_potential - density backward 1.005 ms
[DEBUG  ] dreamplace.ops.weighted_average_wirelength.weighted_average_wirelength - wirelength backward 0.138 ms
[INFO   ] DREAMPlace - optimizer step 31.775 ms
[INFO   ] DREAMPlace - iteration  594, (  76,  0,  0), Obj 4.577914E+04, NetCrossing 5.913E+02, NetCrossingWeight 1.000000E-01, DensityWeight 8.413582E+00, HPWL 1.464313E+04, Overflow 1.903465E-04, MaxDensity 1.228E+00, MacroOverlap 4.781E-07, MacroOverlapWeight 1.500000E+00, gamma 1.148714E-01, time 16.935ms
[INFO   ] DREAMPlace - full step 49.291 ms
[DEBUG  ] dreamplace.ops.weighted_average_wirelength.weighted_average_wirelength - wirelength forward 0.074 ms
[DEBUG  ] dreamplace.ops.electric_potential.electric_potential - density forward 1.463 ms
[DEBUG  ] dreamplace.ops.electric_potential.electric_potential - density forward 1.153 ms
[DEBUG  ] dreamplace.ops.electric_potential.electric_potential - density backward 0.786 ms
[DEBUG  ] dreamplace.ops.electric_potential.electric_potential - density backward 0.998 ms
[DEBUG  ] dreamplace.ops.weighted_average_wirelength.weighted_average_wirelength - wirelength backward 0.138 ms
[INFO   ] DREAMPlace - optimizer step 29.072 ms
[INFO   ] DREAMPlace - iteration  595, (  76,  0,  1), Obj 4.730736E+04, NetCrossing 5.922E+02, NetCrossingWeight 1.000000E-01, DensityWeight 8.413582E+00, HPWL 1.465354E+04, Overflow 1.871933E-04, MaxDensity 1.224E+00, MacroOverlap 4.576E-07, MacroOverlapWeight 1.500000E+00, gamma 1.148714E-01, time 17.121ms
[INFO   ] DREAMPlace - full step 46.741 ms
[INFO   ] DREAMPlace - Lsub stopping criteria: 1 and 47307.4 > 45779.1 * 0.999
[DEBUG  ] dreamplace.ops.weighted_average_wirelength.weighted_average_wirelength - wirelength forward 0.073 ms
[DEBUG  ] dreamplace.ops.electric_potential.electric_potential - density forward 1.353 ms
[DEBUG  ] dreamplace.ops.electric_potential.electric_potential - density forward 1.250 ms
[DEBUG  ] dreamplace.ops.electric_potential.electric_potential - density backward 0.779 ms
[DEBUG  ] dreamplace.ops.electric_potential.electric_potential - density backward 1.002 ms
[DEBUG  ] dreamplace.ops.weighted_average_wirelength.weighted_average_wirelength - wirelength backward 0.138 ms
[INFO   ] DREAMPlace - optimizer step 29.129 ms
[INFO   ] DREAMPlace - iteration  596, (  76,  1,  0), Obj 4.757236E+04, NetCrossing 5.931E+02, NetCrossingWeight 1.000000E-01, DensityWeight 9.182967E+00, HPWL 1.466253E+04, Overflow 1.843386E-04, MaxDensity 1.230E+00, MacroOverlap 4.322E-07, MacroOverlapWeight 1.500000E+00, gamma 1.148714E-01, time 16.818ms
[INFO   ] DREAMPlace - full step 46.513 ms
[DEBUG  ] dreamplace.ops.weighted_average_wirelength.weighted_average_wirelength - wirelength forward 0.068 ms
[DEBUG  ] dreamplace.ops.electric_potential.electric_potential - density forward 1.310 ms
[DEBUG  ] dreamplace.ops.electric_potential.electric_potential - density forward 1.013 ms
[DEBUG  ] dreamplace.ops.electric_potential.electric_potential - density backward 0.780 ms
[DEBUG  ] dreamplace.ops.electric_potential.electric_potential - density backward 1.005 ms
[DEBUG  ] dreamplace.ops.weighted_average_wirelength.weighted_average_wirelength - wirelength backward 0.136 ms
[INFO   ] DREAMPlace - optimizer step 29.116 ms
[INFO   ] DREAMPlace - iteration  597, (  76,  1,  1), Obj 5.003767E+04, NetCrossing 5.941E+02, NetCrossingWeight 1.000000E-01, DensityWeight 9.182967E+00, HPWL 1.467262E+04, Overflow 1.819050E-04, MaxDensity 1.235E+00, MacroOverlap 4.119E-07, MacroOverlapWeight 1.500000E+00, gamma 1.148714E-01, time 16.362ms
[INFO   ] DREAMPlace - full step 46.028 ms
[INFO   ] DREAMPlace - Lsub stopping criteria: 1 and 50037.7 > 47572.4 * 0.999
[INFO   ] DREAMPlace - Llambda stopping criteria: 1 and (( 0.000181905 < 0.1 and 14672.6 > 14653.5 ) or 1.23487 < 1.0)
[DEBUG  ] dreamplace.ops.weighted_average_wirelength.weighted_average_wirelength - wirelength forward 0.075 ms
[DEBUG  ] dreamplace.ops.electric_potential.electric_potential - density forward 1.314 ms
[DEBUG  ] dreamplace.ops.electric_potential.electric_potential - density forward 1.045 ms
[DEBUG  ] dreamplace.ops.electric_potential.electric_potential - density backward 0.787 ms
[DEBUG  ] dreamplace.ops.electric_potential.electric_potential - density backward 1.001 ms
[DEBUG  ] dreamplace.ops.weighted_average_wirelength.weighted_average_wirelength - wirelength backward 0.136 ms
[INFO   ] DREAMPlace - optimizer step 28.997 ms
[INFO   ] DREAMPlace - iteration  598, (  77,  0,  0), Obj 5.169922E+04, NetCrossing 5.932E+02, NetCrossingWeight 1.000000E-01, DensityWeight 1.002271E+01, HPWL 1.468018E+04, Overflow 1.804584E-04, MaxDensity 1.273E+00, MacroOverlap 3.939E-07, MacroOverlapWeight 1.500000E+00, gamma 1.148650E-01, time 16.676ms
[INFO   ] DREAMPlace - full step 46.232 ms
[DEBUG  ] dreamplace.ops.weighted_average_wirelength.weighted_average_wirelength - wirelength forward 0.072 ms
[DEBUG  ] dreamplace.ops.electric_potential.electric_potential - density forward 1.301 ms
[DEBUG  ] dreamplace.ops.electric_potential.electric_potential - density forward 1.039 ms
[DEBUG  ] dreamplace.ops.electric_potential.electric_potential - density backward 0.778 ms
[DEBUG  ] dreamplace.ops.electric_potential.electric_potential - density backward 0.996 ms
[DEBUG  ] dreamplace.ops.weighted_average_wirelength.weighted_average_wirelength - wirelength backward 0.135 ms
[INFO   ] DREAMPlace - optimizer step 28.817 ms
[INFO   ] DREAMPlace - iteration  599, (  77,  0,  1), Obj 5.317290E+04, NetCrossing 5.935E+02, NetCrossingWeight 1.000000E-01, DensityWeight 1.002271E+01, HPWL 1.468892E+04, Overflow 1.793854E-04, MaxDensity 1.307E+00, MacroOverlap 3.782E-07, MacroOverlapWeight 1.500000E+00, gamma 1.148650E-01, time 16.173ms
[INFO   ] DREAMPlace - full step 45.555 ms
[INFO   ] DREAMPlace - Lsub stopping criteria: 1 and 53172.9 > 51699.2 * 0.999
[DEBUG  ] dreamplace.ops.weighted_average_wirelength.weighted_average_wirelength - wirelength forward 0.061 ms
[DEBUG  ] dreamplace.ops.weighted_average_wirelength.weighted_average_wirelength - wirelength backward 0.132 ms
[DEBUG  ] dreamplace.ops.weighted_average_wirelength.weighted_average_wirelength - wirelength forward 0.075 ms
[DEBUG  ] dreamplace.ops.weighted_average_wirelength.weighted_average_wirelength - wirelength backward 0.059 ms
[DEBUG  ] dreamplace.ops.weighted_average_wirelength.weighted_average_wirelength - wirelength forward 0.071 ms
[DEBUG  ] dreamplace.ops.weighted_average_wirelength.weighted_average_wirelength - wirelength backward 0.058 ms
[INFO   ] DREAMPlace - update best theta
[DEBUG  ] dreamplace.ops.weighted_average_wirelength.weighted_average_wirelength - wirelength forward 0.070 ms
[DEBUG  ] dreamplace.ops.weighted_average_wirelength.weighted_average_wirelength - wirelength backward 0.058 ms
[DEBUG  ] dreamplace.ops.weighted_average_wirelength.weighted_average_wirelength - wirelength forward 0.056 ms
[DEBUG  ] dreamplace.ops.weighted_average_wirelength.weighted_average_wirelength - wirelength backward 0.065 ms
[DEBUG  ] dreamplace.ops.weighted_average_wirelength.weighted_average_wirelength - wirelength forward 0.056 ms
[DEBUG  ] dreamplace.ops.weighted_average_wirelength.weighted_average_wirelength - wirelength backward 0.082 ms
[DEBUG  ] dreamplace.ops.weighted_average_wirelength.weighted_average_wirelength - wirelength forward 0.057 ms
[DEBUG  ] dreamplace.ops.weighted_average_wirelength.weighted_average_wirelength - wirelength backward 0.082 ms
[DEBUG  ] dreamplace.ops.weighted_average_wirelength.weighted_average_wirelength - wirelength forward 0.059 ms
[DEBUG  ] dreamplace.ops.weighted_average_wirelength.weighted_average_wirelength - wirelength backward 0.081 ms
[DEBUG  ] dreamplace.ops.weighted_average_wirelength.weighted_average_wirelength - wirelength forward 0.056 ms
[DEBUG  ] dreamplace.ops.weighted_average_wirelength.weighted_average_wirelength - wirelength backward 0.098 ms
[DEBUG  ] dreamplace.ops.weighted_average_wirelength.weighted_average_wirelength - wirelength forward 0.057 ms
[DEBUG  ] dreamplace.ops.weighted_average_wirelength.weighted_average_wirelength - wirelength backward 0.099 ms
[DEBUG  ] dreamplace.ops.weighted_average_wirelength.weighted_average_wirelength - wirelength forward 0.090 ms
[DEBUG  ] dreamplace.ops.weighted_average_wirelength.weighted_average_wirelength - wirelength backward 0.100 ms
[DEBUG  ] dreamplace.ops.weighted_average_wirelength.weighted_average_wirelength - wirelength forward 0.078 ms
[DEBUG  ] dreamplace.ops.weighted_average_wirelength.weighted_average_wirelength - wirelength backward 0.099 ms
[DEBUG  ] dreamplace.ops.weighted_average_wirelength.weighted_average_wirelength - wirelength forward 0.079 ms
[DEBUG  ] dreamplace.ops.weighted_average_wirelength.weighted_average_wirelength - wirelength backward 0.113 ms
[DEBUG  ] dreamplace.ops.weighted_average_wirelength.weighted_average_wirelength - wirelength forward 0.056 ms
[DEBUG  ] dreamplace.ops.weighted_average_wirelength.weighted_average_wirelength - wirelength backward 0.113 ms
[DEBUG  ] dreamplace.ops.weighted_average_wirelength.weighted_average_wirelength - wirelength forward 0.057 ms
[DEBUG  ] dreamplace.ops.weighted_average_wirelength.weighted_average_wirelength - wirelength backward 0.113 ms
[DEBUG  ] dreamplace.ops.weighted_average_wirelength.weighted_average_wirelength - wirelength forward 0.058 ms
[DEBUG  ] dreamplace.ops.weighted_average_wirelength.weighted_average_wirelength - wirelength backward 0.119 ms
[DEBUG  ] dreamplace.ops.weighted_average_wirelength.weighted_average_wirelength - wirelength forward 0.056 ms
[DEBUG  ] dreamplace.ops.weighted_average_wirelength.weighted_average_wirelength - wirelength backward 0.121 ms
[DEBUG  ] dreamplace.ops.weighted_average_wirelength.weighted_average_wirelength - wirelength forward 0.057 ms
[DEBUG  ] dreamplace.ops.weighted_average_wirelength.weighted_average_wirelength - wirelength backward 0.120 ms
[DEBUG  ] dreamplace.ops.weighted_average_wirelength.weighted_average_wirelength - wirelength forward 0.056 ms
[DEBUG  ] dreamplace.ops.weighted_average_wirelength.weighted_average_wirelength - wirelength backward 0.130 ms
[DEBUG  ] dreamplace.ops.weighted_average_wirelength.weighted_average_wirelength - wirelength forward 0.054 ms
[DEBUG  ] dreamplace.ops.weighted_average_wirelength.weighted_average_wirelength - wirelength backward 0.129 ms
[DEBUG  ] dreamplace.ops.weighted_average_wirelength.weighted_average_wirelength - wirelength forward 0.065 ms
[DEBUG  ] dreamplace.ops.weighted_average_wirelength.weighted_average_wirelength - wirelength backward 0.130 ms
[DEBUG  ] dreamplace.ops.weighted_average_wirelength.weighted_average_wirelength - wirelength forward 0.055 ms
[DEBUG  ] dreamplace.ops.weighted_average_wirelength.weighted_average_wirelength - wirelength backward 0.130 ms
[DEBUG  ] dreamplace.ops.weighted_average_wirelength.weighted_average_wirelength - wirelength forward 0.057 ms
[DEBUG  ] dreamplace.ops.weighted_average_wirelength.weighted_average_wirelength - wirelength backward 0.131 ms
[DEBUG  ] dreamplace.ops.weighted_average_wirelength.weighted_average_wirelength - wirelength forward 0.057 ms
[DEBUG  ] dreamplace.ops.weighted_average_wirelength.weighted_average_wirelength - wirelength backward 0.130 ms
[DEBUG  ] dreamplace.ops.weighted_average_wirelength.weighted_average_wirelength - wirelength forward 0.058 ms
[DEBUG  ] dreamplace.ops.weighted_average_wirelength.weighted_average_wirelength - wirelength backward 0.113 ms
[DEBUG  ] dreamplace.ops.weighted_average_wirelength.weighted_average_wirelength - wirelength forward 0.057 ms
[DEBUG  ] dreamplace.ops.weighted_average_wirelength.weighted_average_wirelength - wirelength backward 0.112 ms
[DEBUG  ] dreamplace.ops.weighted_average_wirelength.weighted_average_wirelength - wirelength forward 0.057 ms
[DEBUG  ] dreamplace.ops.weighted_average_wirelength.weighted_average_wirelength - wirelength backward 0.112 ms
[DEBUG  ] dreamplace.ops.weighted_average_wirelength.weighted_average_wirelength - wirelength forward 0.056 ms
[DEBUG  ] dreamplace.ops.weighted_average_wirelength.weighted_average_wirelength - wirelength backward 0.128 ms
[DEBUG  ] dreamplace.ops.weighted_average_wirelength.weighted_average_wirelength - wirelength forward 0.055 ms
[DEBUG  ] dreamplace.ops.weighted_average_wirelength.weighted_average_wirelength - wirelength backward 0.129 ms
[DEBUG  ] dreamplace.ops.weighted_average_wirelength.weighted_average_wirelength - wirelength forward 0.055 ms
[DEBUG  ] dreamplace.ops.weighted_average_wirelength.weighted_average_wirelength - wirelength backward 0.129 ms
[DEBUG  ] dreamplace.ops.weighted_average_wirelength.weighted_average_wirelength - wirelength forward 0.055 ms
[DEBUG  ] dreamplace.ops.weighted_average_wirelength.weighted_average_wirelength - wirelength backward 0.129 ms
[DEBUG  ] dreamplace.ops.weighted_average_wirelength.weighted_average_wirelength - wirelength forward 0.054 ms
[DEBUG  ] dreamplace.ops.weighted_average_wirelength.weighted_average_wirelength - wirelength backward 0.129 ms
[DEBUG  ] dreamplace.ops.weighted_average_wirelength.weighted_average_wirelength - wirelength forward 0.057 ms
[DEBUG  ] dreamplace.ops.weighted_average_wirelength.weighted_average_wirelength - wirelength backward 0.130 ms
[DEBUG  ] dreamplace.ops.weighted_average_wirelength.weighted_average_wirelength - wirelength forward 0.056 ms
[DEBUG  ] dreamplace.ops.weighted_average_wirelength.weighted_average_wirelength - wirelength backward 0.129 ms
[DEBUG  ] dreamplace.ops.weighted_average_wirelength.weighted_average_wirelength - wirelength forward 0.055 ms
[DEBUG  ] dreamplace.ops.weighted_average_wirelength.weighted_average_wirelength - wirelength backward 0.129 ms
[DEBUG  ] dreamplace.ops.weighted_average_wirelength.weighted_average_wirelength - wirelength forward 0.056 ms
[DEBUG  ] dreamplace.ops.weighted_average_wirelength.weighted_average_wirelength - wirelength backward 0.146 ms
[DEBUG  ] dreamplace.ops.weighted_average_wirelength.weighted_average_wirelength - wirelength forward 0.055 ms
[DEBUG  ] dreamplace.ops.weighted_average_wirelength.weighted_average_wirelength - wirelength backward 0.130 ms
[DEBUG  ] dreamplace.ops.weighted_average_wirelength.weighted_average_wirelength - wirelength forward 0.056 ms
[DEBUG  ] dreamplace.ops.weighted_average_wirelength.weighted_average_wirelength - wirelength backward 0.129 ms
[DEBUG  ] dreamplace.ops.weighted_average_wirelength.weighted_average_wirelength - wirelength forward 0.055 ms
[DEBUG  ] dreamplace.ops.weighted_average_wirelength.weighted_average_wirelength - wirelength backward 0.130 ms
[DEBUG  ] dreamplace.ops.weighted_average_wirelength.weighted_average_wirelength - wirelength forward 0.055 ms
[DEBUG  ] dreamplace.ops.weighted_average_wirelength.weighted_average_wirelength - wirelength backward 0.129 ms
[INFO   ] DREAMPlace - update best theta
[DEBUG  ] dreamplace.ops.weighted_average_wirelength.weighted_average_wirelength - wirelength forward 0.056 ms
[DEBUG  ] dreamplace.ops.weighted_average_wirelength.weighted_average_wirelength - wirelength backward 0.129 ms
[DEBUG  ] dreamplace.ops.weighted_average_wirelength.weighted_average_wirelength - wirelength forward 0.055 ms
[DEBUG  ] dreamplace.ops.weighted_average_wirelength.weighted_average_wirelength - wirelength backward 0.130 ms
[DEBUG  ] dreamplace.ops.weighted_average_wirelength.weighted_average_wirelength - wirelength forward 0.057 ms
[DEBUG  ] dreamplace.ops.weighted_average_wirelength.weighted_average_wirelength - wirelength backward 0.130 ms
[DEBUG  ] dreamplace.ops.weighted_average_wirelength.weighted_average_wirelength - wirelength forward 0.057 ms
[DEBUG  ] dreamplace.ops.weighted_average_wirelength.weighted_average_wirelength - wirelength backward 0.129 ms
[DEBUG  ] dreamplace.ops.weighted_average_wirelength.weighted_average_wirelength - wirelength forward 0.057 ms
[DEBUG  ] dreamplace.ops.weighted_average_wirelength.weighted_average_wirelength - wirelength backward 0.130 ms
[DEBUG  ] dreamplace.ops.weighted_average_wirelength.weighted_average_wirelength - wirelength forward 0.056 ms
[DEBUG  ] dreamplace.ops.weighted_average_wirelength.weighted_average_wirelength - wirelength backward 0.130 ms
[DEBUG  ] dreamplace.ops.weighted_average_wirelength.weighted_average_wirelength - wirelength forward 0.057 ms
[DEBUG  ] dreamplace.ops.weighted_average_wirelength.weighted_average_wirelength - wirelength backward 0.130 ms
[DEBUG  ] dreamplace.ops.weighted_average_wirelength.weighted_average_wirelength - wirelength forward 0.059 ms
[DEBUG  ] dreamplace.ops.weighted_average_wirelength.weighted_average_wirelength - wirelength backward 0.129 ms
[DEBUG  ] dreamplace.ops.weighted_average_wirelength.weighted_average_wirelength - wirelength forward 0.056 ms
[DEBUG  ] dreamplace.ops.weighted_average_wirelength.weighted_average_wirelength - wirelength backward 0.130 ms
[DEBUG  ] dreamplace.ops.weighted_average_wirelength.weighted_average_wirelength - wirelength forward 0.056 ms
[DEBUG  ] dreamplace.ops.weighted_average_wirelength.weighted_average_wirelength - wirelength backward 0.129 ms
[DEBUG  ] dreamplace.ops.weighted_average_wirelength.weighted_average_wirelength - wirelength forward 0.056 ms
[DEBUG  ] dreamplace.ops.weighted_average_wirelength.weighted_average_wirelength - wirelength backward 0.129 ms
[DEBUG  ] dreamplace.ops.weighted_average_wirelength.weighted_average_wirelength - wirelength forward 0.056 ms
[DEBUG  ] dreamplace.ops.weighted_average_wirelength.weighted_average_wirelength - wirelength backward 0.129 ms
[DEBUG  ] dreamplace.ops.weighted_average_wirelength.weighted_average_wirelength - wirelength forward 0.055 ms
[DEBUG  ] dreamplace.ops.weighted_average_wirelength.weighted_average_wirelength - wirelength backward 0.129 ms
[DEBUG  ] dreamplace.ops.weighted_average_wirelength.weighted_average_wirelength - wirelength forward 0.057 ms
[DEBUG  ] dreamplace.ops.weighted_average_wirelength.weighted_average_wirelength - wirelength backward 0.072 ms
[DEBUG  ] dreamplace.ops.weighted_average_wirelength.weighted_average_wirelength - wirelength forward 0.057 ms
[DEBUG  ] dreamplace.ops.weighted_average_wirelength.weighted_average_wirelength - wirelength backward 0.072 ms
[DEBUG  ] dreamplace.ops.weighted_average_wirelength.weighted_average_wirelength - wirelength forward 0.063 ms
[DEBUG  ] dreamplace.ops.weighted_average_wirelength.weighted_average_wirelength - wirelength backward 0.072 ms
[DEBUG  ] dreamplace.ops.weighted_average_wirelength.weighted_average_wirelength - wirelength forward 0.062 ms
[DEBUG  ] dreamplace.ops.weighted_average_wirelength.weighted_average_wirelength - wirelength backward 0.072 ms
[DEBUG  ] dreamplace.ops.weighted_average_wirelength.weighted_average_wirelength - wirelength forward 0.062 ms
[DEBUG  ] dreamplace.ops.weighted_average_wirelength.weighted_average_wirelength - wirelength backward 0.095 ms
[DEBUG  ] dreamplace.ops.weighted_average_wirelength.weighted_average_wirelength - wirelength forward 0.054 ms
[DEBUG  ] dreamplace.ops.weighted_average_wirelength.weighted_average_wirelength - wirelength backward 0.093 ms
[DEBUG  ] dreamplace.ops.weighted_average_wirelength.weighted_average_wirelength - wirelength forward 0.070 ms
[DEBUG  ] dreamplace.ops.weighted_average_wirelength.weighted_average_wirelength - wirelength backward 0.093 ms
[DEBUG  ] dreamplace.ops.weighted_average_wirelength.weighted_average_wirelength - wirelength forward 0.055 ms
[DEBUG  ] dreamplace.ops.weighted_average_wirelength.weighted_average_wirelength - wirelength backward 0.112 ms
[DEBUG  ] dreamplace.ops.weighted_average_wirelength.weighted_average_wirelength - wirelength forward 0.053 ms
[DEBUG  ] dreamplace.ops.weighted_average_wirelength.weighted_average_wirelength - wirelength backward 0.113 ms
[DEBUG  ] dreamplace.ops.weighted_average_wirelength.weighted_average_wirelength - wirelength forward 0.054 ms
[DEBUG  ] dreamplace.ops.weighted_average_wirelength.weighted_average_wirelength - wirelength backward 0.113 ms
[DEBUG  ] dreamplace.ops.weighted_average_wirelength.weighted_average_wirelength - wirelength forward 0.055 ms
[DEBUG  ] dreamplace.ops.weighted_average_wirelength.weighted_average_wirelength - wirelength backward 0.120 ms
[DEBUG  ] dreamplace.ops.weighted_average_wirelength.weighted_average_wirelength - wirelength forward 0.055 ms
[DEBUG  ] dreamplace.ops.weighted_average_wirelength.weighted_average_wirelength - wirelength backward 0.119 ms
[DEBUG  ] dreamplace.ops.weighted_average_wirelength.weighted_average_wirelength - wirelength forward 0.055 ms
[DEBUG  ] dreamplace.ops.weighted_average_wirelength.weighted_average_wirelength - wirelength backward 0.118 ms
[DEBUG  ] dreamplace.ops.weighted_average_wirelength.weighted_average_wirelength - wirelength forward 0.055 ms
[DEBUG  ] dreamplace.ops.weighted_average_wirelength.weighted_average_wirelength - wirelength backward 0.130 ms
[DEBUG  ] dreamplace.ops.weighted_average_wirelength.weighted_average_wirelength - wirelength forward 0.055 ms
[DEBUG  ] dreamplace.ops.weighted_average_wirelength.weighted_average_wirelength - wirelength backward 0.129 ms
[DEBUG  ] dreamplace.ops.weighted_average_wirelength.weighted_average_wirelength - wirelength forward 0.055 ms
[DEBUG  ] dreamplace.ops.weighted_average_wirelength.weighted_average_wirelength - wirelength backward 0.129 ms
[DEBUG  ] dreamplace.ops.weighted_average_wirelength.weighted_average_wirelength - wirelength forward 0.062 ms
[DEBUG  ] dreamplace.ops.weighted_average_wirelength.weighted_average_wirelength - wirelength backward 0.130 ms
[DEBUG  ] dreamplace.ops.weighted_average_wirelength.weighted_average_wirelength - wirelength forward 0.057 ms
[DEBUG  ] dreamplace.ops.weighted_average_wirelength.weighted_average_wirelength - wirelength backward 0.130 ms
[DEBUG  ] dreamplace.ops.weighted_average_wirelength.weighted_average_wirelength - wirelength forward 0.055 ms
[DEBUG  ] dreamplace.ops.weighted_average_wirelength.weighted_average_wirelength - wirelength backward 0.129 ms
[DEBUG  ] dreamplace.ops.weighted_average_wirelength.weighted_average_wirelength - wirelength forward 0.055 ms
[DEBUG  ] dreamplace.ops.weighted_average_wirelength.weighted_average_wirelength - wirelength backward 0.130 ms
[DEBUG  ] dreamplace.ops.weighted_average_wirelength.weighted_average_wirelength - wirelength forward 0.055 ms
[DEBUG  ] dreamplace.ops.weighted_average_wirelength.weighted_average_wirelength - wirelength backward 0.130 ms
[DEBUG  ] dreamplace.ops.weighted_average_wirelength.weighted_average_wirelength - wirelength forward 0.055 ms
[DEBUG  ] dreamplace.ops.weighted_average_wirelength.weighted_average_wirelength - wirelength backward 0.129 ms
[DEBUG  ] dreamplace.ops.weighted_average_wirelength.weighted_average_wirelength - wirelength forward 0.055 ms
[DEBUG  ] dreamplace.ops.weighted_average_wirelength.weighted_average_wirelength - wirelength backward 0.129 ms
[DEBUG  ] dreamplace.ops.weighted_average_wirelength.weighted_average_wirelength - wirelength forward 0.055 ms
[DEBUG  ] dreamplace.ops.weighted_average_wirelength.weighted_average_wirelength - wirelength backward 0.130 ms
[DEBUG  ] dreamplace.ops.weighted_average_wirelength.weighted_average_wirelength - wirelength forward 0.055 ms
[DEBUG  ] dreamplace.ops.weighted_average_wirelength.weighted_average_wirelength - wirelength backward 0.129 ms
[DEBUG  ] dreamplace.ops.weighted_average_wirelength.weighted_average_wirelength - wirelength forward 0.056 ms
[DEBUG  ] dreamplace.ops.weighted_average_wirelength.weighted_average_wirelength - wirelength backward 0.130 ms
[DEBUG  ] dreamplace.ops.weighted_average_wirelength.weighted_average_wirelength - wirelength forward 0.056 ms
[DEBUG  ] dreamplace.ops.weighted_average_wirelength.weighted_average_wirelength - wirelength backward 0.129 ms
[DEBUG  ] dreamplace.ops.weighted_average_wirelength.weighted_average_wirelength - wirelength forward 0.055 ms
[DEBUG  ] dreamplace.ops.weighted_average_wirelength.weighted_average_wirelength - wirelength backward 0.105 ms
[DEBUG  ] dreamplace.ops.weighted_average_wirelength.weighted_average_wirelength - wirelength forward 0.056 ms
[DEBUG  ] dreamplace.ops.weighted_average_wirelength.weighted_average_wirelength - wirelength backward 0.106 ms
[DEBUG  ] dreamplace.ops.weighted_average_wirelength.weighted_average_wirelength - wirelength forward 0.055 ms
[DEBUG  ] dreamplace.ops.weighted_average_wirelength.weighted_average_wirelength - wirelength backward 0.106 ms
[DEBUG  ] dreamplace.ops.weighted_average_wirelength.weighted_average_wirelength - wirelength forward 0.054 ms
[DEBUG  ] dreamplace.ops.weighted_average_wirelength.weighted_average_wirelength - wirelength backward 0.118 ms
[DEBUG  ] dreamplace.ops.weighted_average_wirelength.weighted_average_wirelength - wirelength forward 0.056 ms
[DEBUG  ] dreamplace.ops.weighted_average_wirelength.weighted_average_wirelength - wirelength backward 0.120 ms
[DEBUG  ] dreamplace.ops.weighted_average_wirelength.weighted_average_wirelength - wirelength forward 0.054 ms
[DEBUG  ] dreamplace.ops.weighted_average_wirelength.weighted_average_wirelength - wirelength backward 0.120 ms
[DEBUG  ] dreamplace.ops.weighted_average_wirelength.weighted_average_wirelength - wirelength forward 0.055 ms
[DEBUG  ] dreamplace.ops.weighted_average_wirelength.weighted_average_wirelength - wirelength backward 0.128 ms
[DEBUG  ] dreamplace.ops.weighted_average_wirelength.weighted_average_wirelength - wirelength forward 0.056 ms
[DEBUG  ] dreamplace.ops.weighted_average_wirelength.weighted_average_wirelength - wirelength backward 0.129 ms
[DEBUG  ] dreamplace.ops.weighted_average_wirelength.weighted_average_wirelength - wirelength forward 0.056 ms
[DEBUG  ] dreamplace.ops.weighted_average_wirelength.weighted_average_wirelength - wirelength backward 0.131 ms
[DEBUG  ] dreamplace.ops.weighted_average_wirelength.weighted_average_wirelength - wirelength forward 0.055 ms
[DEBUG  ] dreamplace.ops.weighted_average_wirelength.weighted_average_wirelength - wirelength backward 0.130 ms
[DEBUG  ] dreamplace.ops.weighted_average_wirelength.weighted_average_wirelength - wirelength forward 0.055 ms
[DEBUG  ] dreamplace.ops.weighted_average_wirelength.weighted_average_wirelength - wirelength backward 0.129 ms
[DEBUG  ] dreamplace.ops.weighted_average_wirelength.weighted_average_wirelength - wirelength forward 0.057 ms
[DEBUG  ] dreamplace.ops.weighted_average_wirelength.weighted_average_wirelength - wirelength backward 0.128 ms
[DEBUG  ] dreamplace.ops.weighted_average_wirelength.weighted_average_wirelength - wirelength forward 0.054 ms
[DEBUG  ] dreamplace.ops.weighted_average_wirelength.weighted_average_wirelength - wirelength backward 0.129 ms
[DEBUG  ] dreamplace.ops.weighted_average_wirelength.weighted_average_wirelength - wirelength forward 0.056 ms
[DEBUG  ] dreamplace.ops.weighted_average_wirelength.weighted_average_wirelength - wirelength backward 0.129 ms
[DEBUG  ] dreamplace.ops.weighted_average_wirelength.weighted_average_wirelength - wirelength forward 0.056 ms
[DEBUG  ] dreamplace.ops.weighted_average_wirelength.weighted_average_wirelength - wirelength backward 0.130 ms
[DEBUG  ] dreamplace.ops.weighted_average_wirelength.weighted_average_wirelength - wirelength forward 0.057 ms
[DEBUG  ] dreamplace.ops.weighted_average_wirelength.weighted_average_wirelength - wirelength backward 0.129 ms
[DEBUG  ] dreamplace.ops.weighted_average_wirelength.weighted_average_wirelength - wirelength forward 0.055 ms
[DEBUG  ] dreamplace.ops.weighted_average_wirelength.weighted_average_wirelength - wirelength backward 0.130 ms
[DEBUG  ] dreamplace.ops.weighted_average_wirelength.weighted_average_wirelength - wirelength forward 0.055 ms
[DEBUG  ] dreamplace.ops.weighted_average_wirelength.weighted_average_wirelength - wirelength backward 0.130 ms
[DEBUG  ] dreamplace.ops.weighted_average_wirelength.weighted_average_wirelength - wirelength forward 0.055 ms
[DEBUG  ] dreamplace.ops.weighted_average_wirelength.weighted_average_wirelength - wirelength backward 0.130 ms
[DEBUG  ] dreamplace.ops.weighted_average_wirelength.weighted_average_wirelength - wirelength forward 0.056 ms
[DEBUG  ] dreamplace.ops.weighted_average_wirelength.weighted_average_wirelength - wirelength backward 0.130 ms
[INFO   ] DREAMPlace - plotting to ./results/reproduce-may20/small-9/PN42C_A00/run-0_0_1/PN42C_A00/plot/iter0600.png takes 0.046 seconds
[DEBUG  ] dreamplace.ops.weighted_average_wirelength.weighted_average_wirelength - wirelength forward 0.074 ms
[DEBUG  ] dreamplace.ops.electric_potential.electric_potential - density forward 1.339 ms
[DEBUG  ] dreamplace.ops.electric_potential.electric_potential - density forward 1.058 ms
[DEBUG  ] dreamplace.ops.electric_potential.electric_potential - density backward 0.791 ms
[DEBUG  ] dreamplace.ops.electric_potential.electric_potential - density backward 0.998 ms
[DEBUG  ] dreamplace.ops.weighted_average_wirelength.weighted_average_wirelength - wirelength backward 0.133 ms
[INFO   ] DREAMPlace - optimizer step 29.069 ms
[INFO   ] DREAMPlace - iteration  600, (  77,  1,  0), Obj 5.475837E+04, NetCrossing 5.921E+02, NetCrossingWeight 1.000000E-01, DensityWeight 1.093924E+01, HPWL 1.466909E+04, Overflow 1.769261E-04, MaxDensity 1.332E+00, MacroOverlap 3.645E-07, MacroOverlapWeight 1.500000E+00, gamma 1.148650E-01, time 16.134ms
[INFO   ] DREAMPlace - full step 512.066 ms
[DEBUG  ] dreamplace.ops.weighted_average_wirelength.weighted_average_wirelength - wirelength forward 0.061 ms
[DEBUG  ] dreamplace.ops.electric_potential.electric_potential - density forward 1.201 ms
[DEBUG  ] dreamplace.ops.electric_potential.electric_potential - density forward 1.001 ms
[DEBUG  ] dreamplace.ops.electric_potential.electric_potential - density backward 0.786 ms
[DEBUG  ] dreamplace.ops.electric_potential.electric_potential - density backward 0.997 ms
[DEBUG  ] dreamplace.ops.weighted_average_wirelength.weighted_average_wirelength - wirelength backward 0.131 ms
[INFO   ] DREAMPlace - optimizer step 27.787 ms
[INFO   ] DREAMPlace - iteration  601, (  77,  1,  1), Obj 5.502373E+04, NetCrossing 5.950E+02, NetCrossingWeight 1.000000E-01, DensityWeight 1.093924E+01, HPWL 1.467602E+04, Overflow 1.762373E-04, MaxDensity 1.359E+00, MacroOverlap 3.602E-07, MacroOverlapWeight 1.500000E+00, gamma 1.148650E-01, time 15.888ms
[INFO   ] DREAMPlace - full step 44.202 ms
[INFO   ] DREAMPlace - Lsub stopping criteria: 1 and 55023.7 > 54758.4 * 0.999
[DEBUG  ] dreamplace.ops.weighted_average_wirelength.weighted_average_wirelength - wirelength forward 0.068 ms
[DEBUG  ] dreamplace.ops.electric_potential.electric_potential - density forward 1.217 ms
[DEBUG  ] dreamplace.ops.electric_potential.electric_potential - density forward 1.009 ms
[DEBUG  ] dreamplace.ops.electric_potential.electric_potential - density backward 0.780 ms
[DEBUG  ] dreamplace.ops.electric_potential.electric_potential - density backward 1.005 ms
[DEBUG  ] dreamplace.ops.weighted_average_wirelength.weighted_average_wirelength - wirelength backward 0.136 ms
[INFO   ] DREAMPlace - optimizer step 28.174 ms
[INFO   ] DREAMPlace - iteration  602, (  77,  2,  0), Obj 5.834766E+04, NetCrossing 5.919E+02, NetCrossingWeight 1.000000E-01, DensityWeight 1.170085E+01, HPWL 1.468306E+04, Overflow 1.760019E-04, MaxDensity 1.384E+00, MacroOverlap 3.567E-07, MacroOverlapWeight 1.500000E+00, gamma 1.148650E-01, time 14.913ms
[INFO   ] DREAMPlace - full step 43.585 ms
[DEBUG  ] dreamplace.ops.weighted_average_wirelength.weighted_average_wirelength - wirelength forward 0.074 ms
[DEBUG  ] dreamplace.ops.electric_potential.electric_potential - density forward 1.320 ms
[DEBUG  ] dreamplace.ops.electric_potential.electric_potential - density forward 1.051 ms
[DEBUG  ] dreamplace.ops.electric_potential.electric_potential - density backward 0.781 ms
[DEBUG  ] dreamplace.ops.electric_potential.electric_potential - density backward 0.998 ms
[DEBUG  ] dreamplace.ops.weighted_average_wirelength.weighted_average_wirelength - wirelength backward 0.137 ms
[INFO   ] DREAMPlace - optimizer step 28.874 ms
[INFO   ] DREAMPlace - iteration  603, (  77,  2,  1), Obj 6.001569E+04, NetCrossing 5.939E+02, NetCrossingWeight 1.000000E-01, DensityWeight 1.170085E+01, HPWL 1.469074E+04, Overflow 1.755050E-04, MaxDensity 1.408E+00, MacroOverlap 3.497E-07, MacroOverlapWeight 1.500000E+00, gamma 1.148650E-01, time 16.771ms
[INFO   ] DREAMPlace - full step 46.183 ms
[INFO   ] DREAMPlace - Lsub stopping criteria: 1 and 60015.7 > 58347.7 * 0.999
[INFO   ] DREAMPlace - Llambda stopping criteria: 2 and (( 0.000175505 < 0.1 and 14690.7 > 14676 ) or 1.40767 < 1.0)
[DEBUG  ] dreamplace.ops.weighted_average_wirelength.weighted_average_wirelength - wirelength forward 0.064 ms
[DEBUG  ] dreamplace.ops.electric_potential.electric_potential - density forward 1.230 ms
[DEBUG  ] dreamplace.ops.electric_potential.electric_potential - density forward 1.019 ms
[DEBUG  ] dreamplace.ops.electric_potential.electric_potential - density backward 0.789 ms
[DEBUG  ] dreamplace.ops.electric_potential.electric_potential - density backward 0.998 ms
[DEBUG  ] dreamplace.ops.weighted_average_wirelength.weighted_average_wirelength - wirelength backward 0.136 ms
[INFO   ] DREAMPlace - optimizer step 28.077 ms
[INFO   ] DREAMPlace - iteration  604, (  78,  0,  0), Obj 5.920788E+04, NetCrossing 5.945E+02, NetCrossingWeight 1.000000E-01, DensityWeight 1.277085E+01, HPWL 1.469862E+04, Overflow 1.737273E-04, MaxDensity 1.435E+00, MacroOverlap 3.375E-07, MacroOverlapWeight 1.500000E+00, gamma 1.148612E-01, time 16.508ms
[INFO   ] DREAMPlace - full step 45.100 ms
[DEBUG  ] dreamplace.ops.weighted_average_wirelength.weighted_average_wirelength - wirelength forward 0.072 ms
[DEBUG  ] dreamplace.ops.electric_potential.electric_potential - density forward 1.295 ms
[DEBUG  ] dreamplace.ops.electric_potential.electric_potential - density forward 1.138 ms
[DEBUG  ] dreamplace.ops.electric_potential.electric_potential - density backward 0.779 ms
[DEBUG  ] dreamplace.ops.electric_potential.electric_potential - density backward 1.004 ms
[DEBUG  ] dreamplace.ops.weighted_average_wirelength.weighted_average_wirelength - wirelength backward 0.134 ms
[INFO   ] DREAMPlace - optimizer step 31.751 ms
[INFO   ] DREAMPlace - iteration  605, (  78,  0,  1), Obj 6.181956E+04, NetCrossing 5.926E+02, NetCrossingWeight 1.000000E-01, DensityWeight 1.277085E+01, HPWL 1.470692E+04, Overflow 1.710600E-04, MaxDensity 1.433E+00, MacroOverlap 3.222E-07, MacroOverlapWeight 1.500000E+00, gamma 1.148612E-01, time 16.488ms
[INFO   ] DREAMPlace - full step 48.815 ms
[INFO   ] DREAMPlace - Lsub stopping criteria: 1 and 61819.6 > 59207.9 * 0.999
[DEBUG  ] dreamplace.ops.weighted_average_wirelength.weighted_average_wirelength - wirelength forward 0.072 ms
[DEBUG  ] dreamplace.ops.electric_potential.electric_potential - density forward 1.408 ms
[DEBUG  ] dreamplace.ops.electric_potential.electric_potential - density forward 1.060 ms
[DEBUG  ] dreamplace.ops.electric_potential.electric_potential - density backward 0.945 ms
[DEBUG  ] dreamplace.ops.electric_potential.electric_potential - density backward 0.916 ms
[DEBUG  ] dreamplace.ops.weighted_average_wirelength.weighted_average_wirelength - wirelength backward 0.087 ms
[INFO   ] DREAMPlace - optimizer step 26.082 ms
[INFO   ] DREAMPlace - iteration  606, (  78,  1,  0), Obj 6.657276E+04, NetCrossing 5.988E+02, NetCrossingWeight 1.000000E-01, DensityWeight 1.393869E+01, HPWL 1.471461E+04, Overflow 1.684133E-04, MaxDensity 1.422E+00, MacroOverlap 3.052E-07, MacroOverlapWeight 1.500000E+00, gamma 1.148612E-01, time 17.176ms
[INFO   ] DREAMPlace - full step 43.791 ms
[DEBUG  ] dreamplace.ops.weighted_average_wirelength.weighted_average_wirelength - wirelength forward 0.077 ms
[DEBUG  ] dreamplace.ops.electric_potential.electric_potential - density forward 1.305 ms
[DEBUG  ] dreamplace.ops.electric_potential.electric_potential - density forward 1.101 ms
[DEBUG  ] dreamplace.ops.electric_potential.electric_potential - density backward 0.844 ms
[DEBUG  ] dreamplace.ops.electric_potential.electric_potential - density backward 0.952 ms
[DEBUG  ] dreamplace.ops.weighted_average_wirelength.weighted_average_wirelength - wirelength backward 0.108 ms
[INFO   ] DREAMPlace - optimizer step 27.382 ms
[INFO   ] DREAMPlace - iteration  607, (  78,  1,  1), Obj 6.778850E+04, NetCrossing 5.914E+02, NetCrossingWeight 1.000000E-01, DensityWeight 1.393869E+01, HPWL 1.472268E+04, Overflow 1.674098E-04, MaxDensity 1.412E+00, MacroOverlap 2.910E-07, MacroOverlapWeight 1.500000E+00, gamma 1.148612E-01, time 15.806ms
[INFO   ] DREAMPlace - full step 43.820 ms
[INFO   ] DREAMPlace - Lsub stopping criteria: 1 and 67788.5 > 66572.8 * 0.999
[INFO   ] DREAMPlace - Llambda stopping criteria: 1 and (( 0.00016741 < 0.1 and 14722.7 > 14706.9 ) or 1.41206 < 1.0)
[DEBUG  ] dreamplace.ops.weighted_average_wirelength.weighted_average_wirelength - wirelength forward 0.073 ms
[DEBUG  ] dreamplace.ops.electric_potential.electric_potential - density forward 1.379 ms
[DEBUG  ] dreamplace.ops.electric_potential.electric_potential - density forward 1.059 ms
[DEBUG  ] dreamplace.ops.electric_potential.electric_potential - density backward 0.809 ms
[DEBUG  ] dreamplace.ops.electric_potential.electric_potential - density backward 0.971 ms
[DEBUG  ] dreamplace.ops.weighted_average_wirelength.weighted_average_wirelength - wirelength backward 0.120 ms
[INFO   ] DREAMPlace - optimizer step 27.800 ms
[INFO   ] DREAMPlace - iteration  608, (  79,  0,  0), Obj 6.909687E+04, NetCrossing 5.898E+02, NetCrossingWeight 1.000000E-01, DensityWeight 1.521333E+01, HPWL 1.473046E+04, Overflow 1.655022E-04, MaxDensity 1.399E+00, MacroOverlap 2.765E-07, MacroOverlapWeight 1.500000E+00, gamma 1.148565E-01, time 16.756ms
[INFO   ] DREAMPlace - full step 45.121 ms
[DEBUG  ] dreamplace.ops.weighted_average_wirelength.weighted_average_wirelength - wirelength forward 0.072 ms
[DEBUG  ] dreamplace.ops.electric_potential.electric_potential - density forward 1.474 ms
[DEBUG  ] dreamplace.ops.electric_potential.electric_potential - density forward 1.045 ms
[DEBUG  ] dreamplace.ops.electric_potential.electric_potential - density backward 0.808 ms
[DEBUG  ] dreamplace.ops.electric_potential.electric_potential - density backward 0.983 ms
[DEBUG  ] dreamplace.ops.weighted_average_wirelength.weighted_average_wirelength - wirelength backward 0.128 ms
[INFO   ] DREAMPlace - optimizer step 28.513 ms
[INFO   ] DREAMPlace - iteration  609, (  79,  0,  1), Obj 7.171262E+04, NetCrossing 5.894E+02, NetCrossingWeight 1.000000E-01, DensityWeight 1.521333E+01, HPWL 1.473836E+04, Overflow 1.643521E-04, MaxDensity 1.381E+00, MacroOverlap 2.665E-07, MacroOverlapWeight 1.500000E+00, gamma 1.148565E-01, time 16.738ms
[INFO   ] DREAMPlace - full step 45.806 ms
[INFO   ] DREAMPlace - Lsub stopping criteria: 1 and 71712.6 > 69096.9 * 0.999
[DEBUG  ] dreamplace.ops.weighted_average_wirelength.weighted_average_wirelength - wirelength forward 0.069 ms
[DEBUG  ] dreamplace.ops.electric_potential.electric_potential - density forward 1.310 ms
[DEBUG  ] dreamplace.ops.electric_potential.electric_potential - density forward 1.076 ms
[DEBUG  ] dreamplace.ops.electric_potential.electric_potential - density backward 0.785 ms
[DEBUG  ] dreamplace.ops.electric_potential.electric_potential - density backward 0.996 ms
[DEBUG  ] dreamplace.ops.weighted_average_wirelength.weighted_average_wirelength - wirelength backward 0.135 ms
[INFO   ] DREAMPlace - optimizer step 28.717 ms
[INFO   ] DREAMPlace - iteration  610, (  79,  1,  0), Obj 7.631599E+04, NetCrossing 5.951E+02, NetCrossingWeight 1.000000E-01, DensityWeight 1.660453E+01, HPWL 1.474677E+04, Overflow 1.625654E-04, MaxDensity 1.363E+00, MacroOverlap 2.576E-07, MacroOverlapWeight 1.500000E+00, gamma 1.148565E-01, time 16.772ms
[INFO   ] DREAMPlace - full step 46.038 ms
[DEBUG  ] dreamplace.ops.weighted_average_wirelength.weighted_average_wirelength - wirelength forward 0.075 ms
[DEBUG  ] dreamplace.ops.electric_potential.electric_potential - density forward 1.291 ms
[DEBUG  ] dreamplace.ops.electric_potential.electric_potential - density forward 1.032 ms
[DEBUG  ] dreamplace.ops.electric_potential.electric_potential - density backward 0.778 ms
[DEBUG  ] dreamplace.ops.electric_potential.electric_potential - density backward 0.999 ms
[DEBUG  ] dreamplace.ops.weighted_average_wirelength.weighted_average_wirelength - wirelength backward 0.139 ms
[INFO   ] DREAMPlace - optimizer step 28.834 ms
[INFO   ] DREAMPlace - iteration  611, (  79,  1,  1), Obj 7.574929E+04, NetCrossing 5.938E+02, NetCrossingWeight 1.000000E-01, DensityWeight 1.660453E+01, HPWL 1.475723E+04, Overflow 1.614296E-04, MaxDensity 1.347E+00, MacroOverlap 2.506E-07, MacroOverlapWeight 1.500000E+00, gamma 1.148565E-01, time 16.578ms
[INFO   ] DREAMPlace - full step 45.988 ms
[INFO   ] DREAMPlace - Llambda stopping criteria: 1 and (( 0.00016143 < 0.1 and 14757.2 > 14738.4 ) or 1.34695 < 1.0)
[DEBUG  ] dreamplace.ops.weighted_average_wirelength.weighted_average_wirelength - wirelength forward 0.083 ms
[DEBUG  ] dreamplace.ops.electric_potential.electric_potential - density forward 1.314 ms
[DEBUG  ] dreamplace.ops.electric_potential.electric_potential - density forward 1.052 ms
[DEBUG  ] dreamplace.ops.electric_potential.electric_potential - density backward 0.774 ms
[DEBUG  ] dreamplace.ops.electric_potential.electric_potential - density backward 1.001 ms
[DEBUG  ] dreamplace.ops.weighted_average_wirelength.weighted_average_wirelength - wirelength backward 0.137 ms
[INFO   ] DREAMPlace - optimizer step 28.894 ms
[INFO   ] DREAMPlace - iteration  612, (  80,  0,  0), Obj 8.195812E+04, NetCrossing 5.921E+02, NetCrossingWeight 1.000000E-01, DensityWeight 1.812294E+01, HPWL 1.476613E+04, Overflow 1.592738E-04, MaxDensity 1.337E+00, MacroOverlap 2.422E-07, MacroOverlapWeight 1.500000E+00, gamma 1.148530E-01, time 16.146ms
[INFO   ] DREAMPlace - full step 45.628 ms
[DEBUG  ] dreamplace.ops.weighted_average_wirelength.weighted_average_wirelength - wirelength forward 0.075 ms
[DEBUG  ] dreamplace.ops.electric_potential.electric_potential - density forward 1.317 ms
[DEBUG  ] dreamplace.ops.electric_potential.electric_potential - density forward 1.037 ms
[DEBUG  ] dreamplace.ops.electric_potential.electric_potential - density backward 0.768 ms
[DEBUG  ] dreamplace.ops.electric_potential.electric_potential - density backward 1.002 ms
[DEBUG  ] dreamplace.ops.weighted_average_wirelength.weighted_average_wirelength - wirelength backward 0.136 ms
[INFO   ] DREAMPlace - optimizer step 28.995 ms
[INFO   ] DREAMPlace - iteration  613, (  80,  0,  1), Obj 7.986959E+04, NetCrossing 5.952E+02, NetCrossingWeight 1.000000E-01, DensityWeight 1.812294E+01, HPWL 1.477753E+04, Overflow 1.569096E-04, MaxDensity 1.331E+00, MacroOverlap 2.347E-07, MacroOverlapWeight 1.500000E+00, gamma 1.148530E-01, time 16.281ms
[INFO   ] DREAMPlace - full step 45.938 ms
[DEBUG  ] dreamplace.ops.weighted_average_wirelength.weighted_average_wirelength - wirelength forward 0.076 ms
[DEBUG  ] dreamplace.ops.electric_potential.electric_potential - density forward 1.341 ms
[DEBUG  ] dreamplace.ops.electric_potential.electric_potential - density forward 1.057 ms
[DEBUG  ] dreamplace.ops.electric_potential.electric_potential - density backward 0.775 ms
[DEBUG  ] dreamplace.ops.electric_potential.electric_potential - density backward 1.130 ms
[DEBUG  ] dreamplace.ops.weighted_average_wirelength.weighted_average_wirelength - wirelength backward 0.136 ms
[INFO   ] DREAMPlace - optimizer step 29.020 ms
[INFO   ] DREAMPlace - iteration  614, (  80,  1,  0), Obj 8.783987E+04, NetCrossing 5.950E+02, NetCrossingWeight 1.000000E-01, DensityWeight 1.978019E+01, HPWL 1.478692E+04, Overflow 1.550495E-04, MaxDensity 1.327E+00, MacroOverlap 2.262E-07, MacroOverlapWeight 1.500000E+00, gamma 1.148530E-01, time 16.507ms
[INFO   ] DREAMPlace - full step 46.120 ms
[DEBUG  ] dreamplace.ops.weighted_average_wirelength.weighted_average_wirelength - wirelength forward 0.073 ms
[DEBUG  ] dreamplace.ops.electric_potential.electric_potential - density forward 1.287 ms
[DEBUG  ] dreamplace.ops.electric_potential.electric_potential - density forward 1.073 ms
[DEBUG  ] dreamplace.ops.electric_potential.electric_potential - density backward 0.778 ms
[DEBUG  ] dreamplace.ops.electric_potential.electric_potential - density backward 1.128 ms
[DEBUG  ] dreamplace.ops.weighted_average_wirelength.weighted_average_wirelength - wirelength backward 0.066 ms
[INFO   ] DREAMPlace - optimizer step 28.605 ms
[INFO   ] DREAMPlace - iteration  615, (  80,  1,  1), Obj 8.970783E+04, NetCrossing 5.958E+02, NetCrossingWeight 1.000000E-01, DensityWeight 1.978019E+01, HPWL 1.479739E+04, Overflow 1.534859E-04, MaxDensity 1.316E+00, MacroOverlap 2.194E-07, MacroOverlapWeight 1.500000E+00, gamma 1.148530E-01, time 16.897ms
[INFO   ] DREAMPlace - full step 46.065 ms
[INFO   ] DREAMPlace - Lsub stopping criteria: 1 and 89707.8 > 87839.9 * 0.999
[INFO   ] DREAMPlace - Llambda stopping criteria: 1 and (( 0.000153486 < 0.1 and 14797.4 > 14777.5 ) or 1.31555 < 1.0)
[DEBUG  ] dreamplace.ops.weighted_average_wirelength.weighted_average_wirelength - wirelength forward 0.074 ms
[DEBUG  ] dreamplace.ops.electric_potential.electric_potential - density forward 1.384 ms
[DEBUG  ] dreamplace.ops.electric_potential.electric_potential - density forward 1.046 ms
[DEBUG  ] dreamplace.ops.electric_potential.electric_potential - density backward 0.857 ms
[DEBUG  ] dreamplace.ops.electric_potential.electric_potential - density backward 1.071 ms
[DEBUG  ] dreamplace.ops.weighted_average_wirelength.weighted_average_wirelength - wirelength backward 0.097 ms
[INFO   ] DREAMPlace - optimizer step 29.172 ms
[INFO   ] DREAMPlace - iteration  616, (  81,  0,  0), Obj 9.474291E+04, NetCrossing 5.879E+02, NetCrossingWeight 1.000000E-01, DensityWeight 2.158899E+01, HPWL 1.480527E+04, Overflow 1.516944E-04, MaxDensity 1.301E+00, MacroOverlap 2.140E-07, MacroOverlapWeight 1.500000E+00, gamma 1.148483E-01, time 17.009ms
[INFO   ] DREAMPlace - full step 46.711 ms
[DEBUG  ] dreamplace.ops.weighted_average_wirelength.weighted_average_wirelength - wirelength forward 0.072 ms
[DEBUG  ] dreamplace.ops.electric_potential.electric_potential - density forward 1.339 ms
[DEBUG  ] dreamplace.ops.electric_potential.electric_potential - density forward 1.054 ms
[DEBUG  ] dreamplace.ops.electric_potential.electric_potential - density backward 0.821 ms
[DEBUG  ] dreamplace.ops.electric_potential.electric_potential - density backward 1.086 ms
[DEBUG  ] dreamplace.ops.weighted_average_wirelength.weighted_average_wirelength - wirelength backward 0.112 ms
[INFO   ] DREAMPlace - optimizer step 27.603 ms
[INFO   ] DREAMPlace - iteration  617, (  81,  0,  1), Obj 9.260023E+04, NetCrossing 5.925E+02, NetCrossingWeight 1.000000E-01, DensityWeight 2.158899E+01, HPWL 1.481467E+04, Overflow 1.504390E-04, MaxDensity 1.286E+00, MacroOverlap 2.121E-07, MacroOverlapWeight 1.500000E+00, gamma 1.148483E-01, time 16.872ms
[INFO   ] DREAMPlace - full step 45.005 ms
[DEBUG  ] dreamplace.ops.weighted_average_wirelength.weighted_average_wirelength - wirelength forward 0.089 ms
[DEBUG  ] dreamplace.ops.electric_potential.electric_potential - density forward 1.415 ms
[DEBUG  ] dreamplace.ops.electric_potential.electric_potential - density forward 1.579 ms
[DEBUG  ] dreamplace.ops.electric_potential.electric_potential - density backward 0.798 ms
[DEBUG  ] dreamplace.ops.electric_potential.electric_potential - density backward 1.114 ms
[DEBUG  ] dreamplace.ops.weighted_average_wirelength.weighted_average_wirelength - wirelength backward 0.129 ms
[INFO   ] DREAMPlace - optimizer step 29.707 ms
[INFO   ] DREAMPlace - iteration  618, (  81,  1,  0), Obj 9.942521E+04, NetCrossing 5.905E+02, NetCrossingWeight 1.000000E-01, DensityWeight 2.356321E+01, HPWL 1.482098E+04, Overflow 1.496329E-04, MaxDensity 1.270E+00, MacroOverlap 2.109E-07, MacroOverlapWeight 1.500000E+00, gamma 1.148483E-01, time 16.013ms
[INFO   ] DREAMPlace - full step 46.282 ms
[DEBUG  ] dreamplace.ops.weighted_average_wirelength.weighted_average_wirelength - wirelength forward 0.089 ms
[DEBUG  ] dreamplace.ops.electric_potential.electric_potential - density forward 1.513 ms
[DEBUG  ] dreamplace.ops.electric_potential.electric_potential - density forward 1.171 ms
[DEBUG  ] dreamplace.ops.electric_potential.electric_potential - density backward 0.784 ms
[DEBUG  ] dreamplace.ops.electric_potential.electric_potential - density backward 1.133 ms
[DEBUG  ] dreamplace.ops.weighted_average_wirelength.weighted_average_wirelength - wirelength backward 0.154 ms
[INFO   ] DREAMPlace - optimizer step 29.942 ms
[INFO   ] DREAMPlace - iteration  619, (  81,  1,  1), Obj 1.060491E+05, NetCrossing 5.891E+02, NetCrossingWeight 1.000000E-01, DensityWeight 2.356321E+01, HPWL 1.482781E+04, Overflow 1.495155E-04, MaxDensity 1.256E+00, MacroOverlap 2.091E-07, MacroOverlapWeight 1.500000E+00, gamma 1.148483E-01, time 17.115ms
[INFO   ] DREAMPlace - full step 47.671 ms
[INFO   ] DREAMPlace - Lsub stopping criteria: 1 and 106049 > 99425.2 * 0.999
[INFO   ] DREAMPlace - Llambda stopping criteria: 1 and (( 0.000149516 < 0.1 and 14827.8 > 14814.7 ) or 1.25572 < 1.0)
[DEBUG  ] dreamplace.ops.weighted_average_wirelength.weighted_average_wirelength - wirelength forward 0.097 ms
[DEBUG  ] dreamplace.ops.electric_potential.electric_potential - density forward 1.333 ms
[DEBUG  ] dreamplace.ops.electric_potential.electric_potential - density forward 1.045 ms
[DEBUG  ] dreamplace.ops.electric_potential.electric_potential - density backward 0.787 ms
[DEBUG  ] dreamplace.ops.electric_potential.electric_potential - density backward 1.133 ms
[DEBUG  ] dreamplace.ops.weighted_average_wirelength.weighted_average_wirelength - wirelength backward 0.132 ms
[INFO   ] DREAMPlace - optimizer step 29.076 ms
[INFO   ] DREAMPlace - iteration  620, (  82,  0,  0), Obj 1.101038E+05, NetCrossing 5.943E+02, NetCrossingWeight 1.000000E-01, DensityWeight 2.571799E+01, HPWL 1.483331E+04, Overflow 1.496260E-04, MaxDensity 1.237E+00, MacroOverlap 2.047E-07, MacroOverlapWeight 1.500000E+00, gamma 1.148460E-01, time 16.994ms
[INFO   ] DREAMPlace - full step 46.588 ms
[DEBUG  ] dreamplace.ops.weighted_average_wirelength.weighted_average_wirelength - wirelength forward 0.073 ms
[DEBUG  ] dreamplace.ops.electric_potential.electric_potential - density forward 1.272 ms
[DEBUG  ] dreamplace.ops.electric_potential.electric_potential - density forward 1.052 ms
[DEBUG  ] dreamplace.ops.electric_potential.electric_potential - density backward 0.787 ms
[DEBUG  ] dreamplace.ops.electric_potential.electric_potential - density backward 1.128 ms
[DEBUG  ] dreamplace.ops.weighted_average_wirelength.weighted_average_wirelength - wirelength backward 0.133 ms
[INFO   ] DREAMPlace - optimizer step 29.417 ms
[INFO   ] DREAMPlace - iteration  621, (  82,  0,  1), Obj 1.124652E+05, NetCrossing 5.957E+02, NetCrossingWeight 1.000000E-01, DensityWeight 2.571799E+01, HPWL 1.483955E+04, Overflow 1.505193E-04, MaxDensity 1.208E+00, MacroOverlap 2.024E-07, MacroOverlapWeight 1.500000E+00, gamma 1.148460E-01, time 16.035ms
[INFO   ] DREAMPlace - full step 45.986 ms
[INFO   ] DREAMPlace - Lsub stopping criteria: 1 and 112465 > 110104 * 0.999
[DEBUG  ] dreamplace.ops.weighted_average_wirelength.weighted_average_wirelength - wirelength forward 0.075 ms
[DEBUG  ] dreamplace.ops.electric_potential.electric_potential - density forward 1.802 ms
[DEBUG  ] dreamplace.ops.electric_potential.electric_potential - density forward 1.046 ms
[DEBUG  ] dreamplace.ops.electric_potential.electric_potential - density backward 0.785 ms
[DEBUG  ] dreamplace.ops.electric_potential.electric_potential - density backward 1.135 ms
[DEBUG  ] dreamplace.ops.weighted_average_wirelength.weighted_average_wirelength - wirelength backward 0.138 ms
[INFO   ] DREAMPlace - optimizer step 29.688 ms
[INFO   ] DREAMPlace - iteration  622, (  82,  1,  0), Obj 1.114925E+05, NetCrossing 5.914E+02, NetCrossingWeight 1.000000E-01, DensityWeight 2.806983E+01, HPWL 1.484364E+04, Overflow 1.510876E-04, MaxDensity 1.184E+00, MacroOverlap 1.996E-07, MacroOverlapWeight 1.500000E+00, gamma 1.148460E-01, time 16.056ms
[INFO   ] DREAMPlace - full step 46.352 ms
[DEBUG  ] dreamplace.ops.weighted_average_wirelength.weighted_average_wirelength - wirelength forward 0.083 ms
[DEBUG  ] dreamplace.ops.electric_potential.electric_potential - density forward 1.354 ms
[DEBUG  ] dreamplace.ops.electric_potential.electric_potential - density forward 1.067 ms
[DEBUG  ] dreamplace.ops.electric_potential.electric_potential - density backward 0.780 ms
[DEBUG  ] dreamplace.ops.electric_potential.electric_potential - density backward 1.129 ms
[DEBUG  ] dreamplace.ops.weighted_average_wirelength.weighted_average_wirelength - wirelength backward 0.140 ms
[INFO   ] DREAMPlace - optimizer step 29.556 ms
[INFO   ] DREAMPlace - iteration  623, (  82,  1,  1), Obj 1.201231E+05, NetCrossing 5.902E+02, NetCrossingWeight 1.000000E-01, DensityWeight 2.806983E+01, HPWL 1.484840E+04, Overflow 1.517682E-04, MaxDensity 1.193E+00, MacroOverlap 1.983E-07, MacroOverlapWeight 1.500000E+00, gamma 1.148460E-01, time 16.943ms
[INFO   ] DREAMPlace - full step 47.163 ms
[INFO   ] DREAMPlace - Lsub stopping criteria: 1 and 120123 > 111493 * 0.999
[INFO   ] DREAMPlace - Llambda stopping criteria: 1 and (( 0.000151768 < 0.1 and 14848.4 > 14839.5 ) or 1.193 < 1.0)
[DEBUG  ] dreamplace.ops.weighted_average_wirelength.weighted_average_wirelength - wirelength forward 0.078 ms
[DEBUG  ] dreamplace.ops.electric_potential.electric_potential - density forward 1.380 ms
[DEBUG  ] dreamplace.ops.electric_potential.electric_potential - density forward 1.210 ms
[DEBUG  ] dreamplace.ops.electric_potential.electric_potential - density backward 0.783 ms
[DEBUG  ] dreamplace.ops.electric_potential.electric_potential - density backward 1.144 ms
[DEBUG  ] dreamplace.ops.weighted_average_wirelength.weighted_average_wirelength - wirelength backward 0.135 ms
[INFO   ] DREAMPlace - optimizer step 29.531 ms
[INFO   ] DREAMPlace - iteration  624, (  83,  0,  0), Obj 1.308853E+05, NetCrossing 5.935E+02, NetCrossingWeight 1.000000E-01, DensityWeight 3.063676E+01, HPWL 1.485263E+04, Overflow 1.518092E-04, MaxDensity 1.207E+00, MacroOverlap 1.972E-07, MacroOverlapWeight 1.500000E+00, gamma 1.148473E-01, time 16.753ms
[INFO   ] DREAMPlace - full step 46.929 ms
[DEBUG  ] dreamplace.ops.weighted_average_wirelength.weighted_average_wirelength - wirelength forward 0.078 ms
[DEBUG  ] dreamplace.ops.electric_potential.electric_potential - density forward 1.308 ms
[DEBUG  ] dreamplace.ops.electric_potential.electric_potential - density forward 1.049 ms
[DEBUG  ] dreamplace.ops.electric_potential.electric_potential - density backward 0.789 ms
[DEBUG  ] dreamplace.ops.electric_potential.electric_potential - density backward 1.133 ms
[DEBUG  ] dreamplace.ops.weighted_average_wirelength.weighted_average_wirelength - wirelength backward 0.141 ms
[INFO   ] DREAMPlace - optimizer step 29.042 ms
[INFO   ] DREAMPlace - iteration  625, (  83,  0,  1), Obj 1.290012E+05, NetCrossing 5.916E+02, NetCrossingWeight 1.000000E-01, DensityWeight 3.063676E+01, HPWL 1.485940E+04, Overflow 1.517487E-04, MaxDensity 1.222E+00, MacroOverlap 1.974E-07, MacroOverlapWeight 1.500000E+00, gamma 1.148473E-01, time 16.917ms
[INFO   ] DREAMPlace - full step 46.539 ms
[DEBUG  ] dreamplace.ops.weighted_average_wirelength.weighted_average_wirelength - wirelength forward 0.076 ms
[DEBUG  ] dreamplace.ops.electric_potential.electric_potential - density forward 1.323 ms
[DEBUG  ] dreamplace.ops.electric_potential.electric_potential - density forward 1.158 ms
[DEBUG  ] dreamplace.ops.electric_potential.electric_potential - density backward 0.785 ms
[DEBUG  ] dreamplace.ops.electric_potential.electric_potential - density backward 1.129 ms
[DEBUG  ] dreamplace.ops.weighted_average_wirelength.weighted_average_wirelength - wirelength backward 0.136 ms
[INFO   ] DREAMPlace - optimizer step 29.042 ms
[INFO   ] DREAMPlace - iteration  626, (  83,  1,  0), Obj 1.292318E+05, NetCrossing 5.922E+02, NetCrossingWeight 1.000000E-01, DensityWeight 3.343841E+01, HPWL 1.486381E+04, Overflow 1.508454E-04, MaxDensity 1.237E+00, MacroOverlap 1.963E-07, MacroOverlapWeight 1.500000E+00, gamma 1.148473E-01, time 17.284ms
[INFO   ] DREAMPlace - full step 46.853 ms
[DEBUG  ] dreamplace.ops.weighted_average_wirelength.weighted_average_wirelength - wirelength forward 0.073 ms
[DEBUG  ] dreamplace.ops.electric_potential.electric_potential - density forward 1.272 ms
[DEBUG  ] dreamplace.ops.electric_potential.electric_potential - density forward 0.995 ms
[DEBUG  ] dreamplace.ops.electric_potential.electric_potential - density backward 0.786 ms
[DEBUG  ] dreamplace.ops.electric_potential.electric_potential - density backward 1.133 ms
[DEBUG  ] dreamplace.ops.weighted_average_wirelength.weighted_average_wirelength - wirelength backward 0.134 ms
[INFO   ] DREAMPlace - optimizer step 28.701 ms
[INFO   ] DREAMPlace - iteration  627, (  83,  1,  1), Obj 1.351549E+05, NetCrossing 5.949E+02, NetCrossingWeight 1.000000E-01, DensityWeight 3.343841E+01, HPWL 1.486964E+04, Overflow 1.500275E-04, MaxDensity 1.250E+00, MacroOverlap 1.960E-07, MacroOverlapWeight 1.500000E+00, gamma 1.148473E-01, time 17.010ms
[INFO   ] DREAMPlace - full step 46.245 ms
[INFO   ] DREAMPlace - Lsub stopping criteria: 1 and 135155 > 129232 * 0.999
[INFO   ] DREAMPlace - Llambda stopping criteria: 1 and (( 0.000150027 < 0.1 and 14869.6 > 14859.4 ) or 1.24987 < 1.0)
[DEBUG  ] dreamplace.ops.weighted_average_wirelength.weighted_average_wirelength - wirelength forward 0.080 ms
[DEBUG  ] dreamplace.ops.electric_potential.electric_potential - density forward 1.245 ms
[DEBUG  ] dreamplace.ops.electric_potential.electric_potential - density forward 1.112 ms
[DEBUG  ] dreamplace.ops.electric_potential.electric_potential - density backward 0.787 ms
[DEBUG  ] dreamplace.ops.electric_potential.electric_potential - density backward 1.126 ms
[DEBUG  ] dreamplace.ops.weighted_average_wirelength.weighted_average_wirelength - wirelength backward 0.137 ms
[INFO   ] DREAMPlace - optimizer step 28.887 ms
[INFO   ] DREAMPlace - iteration  628, (  84,  0,  0), Obj 1.480123E+05, NetCrossing 5.924E+02, NetCrossingWeight 1.000000E-01, DensityWeight 3.649627E+01, HPWL 1.487408E+04, Overflow 1.488605E-04, MaxDensity 1.260E+00, MacroOverlap 1.939E-07, MacroOverlapWeight 1.500000E+00, gamma 1.148463E-01, time 16.194ms
[INFO   ] DREAMPlace - full step 45.613 ms
[DEBUG  ] dreamplace.ops.weighted_average_wirelength.weighted_average_wirelength - wirelength forward 0.077 ms
[DEBUG  ] dreamplace.ops.electric_potential.electric_potential - density forward 1.305 ms
[DEBUG  ] dreamplace.ops.electric_potential.electric_potential - density forward 1.142 ms
[DEBUG  ] dreamplace.ops.electric_potential.electric_potential - density backward 0.768 ms
[DEBUG  ] dreamplace.ops.electric_potential.electric_potential - density backward 1.132 ms
[DEBUG  ] dreamplace.ops.weighted_average_wirelength.weighted_average_wirelength - wirelength backward 0.138 ms
[INFO   ] DREAMPlace - optimizer step 29.035 ms
[INFO   ] DREAMPlace - iteration  629, (  84,  0,  1), Obj 1.545277E+05, NetCrossing 5.888E+02, NetCrossingWeight 1.000000E-01, DensityWeight 3.649627E+01, HPWL 1.487900E+04, Overflow 1.478741E-04, MaxDensity 1.265E+00, MacroOverlap 1.900E-07, MacroOverlapWeight 1.500000E+00, gamma 1.148463E-01, time 16.829ms
[INFO   ] DREAMPlace - full step 46.402 ms
[INFO   ] DREAMPlace - Lsub stopping criteria: 1 and 154528 > 148012 * 0.999
[DEBUG  ] dreamplace.ops.weighted_average_wirelength.weighted_average_wirelength - wirelength forward 0.069 ms
[DEBUG  ] dreamplace.ops.electric_potential.electric_potential - density forward 1.257 ms
[DEBUG  ] dreamplace.ops.electric_potential.electric_potential - density forward 1.054 ms
[DEBUG  ] dreamplace.ops.electric_potential.electric_potential - density backward 0.785 ms
[DEBUG  ] dreamplace.ops.electric_potential.electric_potential - density backward 1.128 ms
[DEBUG  ] dreamplace.ops.weighted_average_wirelength.weighted_average_wirelength - wirelength backward 0.134 ms
[INFO   ] DREAMPlace - optimizer step 28.378 ms
[INFO   ] DREAMPlace - iteration  630, (  84,  1,  0), Obj 1.586520E+05, NetCrossing 5.900E+02, NetCrossingWeight 1.000000E-01, DensityWeight 3.983377E+01, HPWL 1.488368E+04, Overflow 1.469646E-04, MaxDensity 1.249E+00, MacroOverlap 1.841E-07, MacroOverlapWeight 1.500000E+00, gamma 1.148463E-01, time 16.677ms
[INFO   ] DREAMPlace - full step 45.572 ms
[DEBUG  ] dreamplace.ops.weighted_average_wirelength.weighted_average_wirelength - wirelength forward 0.065 ms
[DEBUG  ] dreamplace.ops.electric_potential.electric_potential - density forward 1.223 ms
[DEBUG  ] dreamplace.ops.electric_potential.electric_potential - density forward 1.006 ms
[DEBUG  ] dreamplace.ops.electric_potential.electric_potential - density backward 0.781 ms
[DEBUG  ] dreamplace.ops.electric_potential.electric_potential - density backward 1.129 ms
[DEBUG  ] dreamplace.ops.weighted_average_wirelength.weighted_average_wirelength - wirelength backward 0.134 ms
[INFO   ] DREAMPlace - optimizer step 28.117 ms
[INFO   ] DREAMPlace - iteration  631, (  84,  1,  1), Obj 1.565138E+05, NetCrossing 5.941E+02, NetCrossingWeight 1.000000E-01, DensityWeight 3.983377E+01, HPWL 1.488956E+04, Overflow 1.468045E-04, MaxDensity 1.230E+00, MacroOverlap 1.792E-07, MacroOverlapWeight 1.500000E+00, gamma 1.148463E-01, time 15.811ms
[INFO   ] DREAMPlace - full step 44.452 ms
[INFO   ] DREAMPlace - Llambda stopping criteria: 1 and (( 0.000146805 < 0.1 and 14889.6 > 14879 ) or 1.23018 < 1.0)
[DEBUG  ] dreamplace.ops.weighted_average_wirelength.weighted_average_wirelength - wirelength forward 0.064 ms
[DEBUG  ] dreamplace.ops.electric_potential.electric_potential - density forward 1.248 ms
[DEBUG  ] dreamplace.ops.electric_potential.electric_potential - density forward 1.115 ms
[DEBUG  ] dreamplace.ops.electric_potential.electric_potential - density backward 0.793 ms
[DEBUG  ] dreamplace.ops.electric_potential.electric_potential - density backward 1.129 ms
[DEBUG  ] dreamplace.ops.weighted_average_wirelength.weighted_average_wirelength - wirelength backward 0.133 ms
[INFO   ] DREAMPlace - optimizer step 28.587 ms
[INFO   ] DREAMPlace - iteration  632, (  85,  0,  0), Obj 1.675876E+05, NetCrossing 5.983E+02, NetCrossingWeight 1.000000E-01, DensityWeight 4.347647E+01, HPWL 1.489378E+04, Overflow 1.472330E-04, MaxDensity 1.211E+00, MacroOverlap 1.757E-07, MacroOverlapWeight 1.500000E+00, gamma 1.148444E-01, time 16.112ms
[INFO   ] DREAMPlace - full step 45.188 ms
[DEBUG  ] dreamplace.ops.weighted_average_wirelength.weighted_average_wirelength - wirelength forward 0.078 ms
[DEBUG  ] dreamplace.ops.electric_potential.electric_potential - density forward 1.256 ms
[DEBUG  ] dreamplace.ops.electric_potential.electric_potential - density forward 1.039 ms
[DEBUG  ] dreamplace.ops.electric_potential.electric_potential - density backward 0.802 ms
[DEBUG  ] dreamplace.ops.electric_potential.electric_potential - density backward 1.107 ms
[DEBUG  ] dreamplace.ops.weighted_average_wirelength.weighted_average_wirelength - wirelength backward 0.123 ms
[INFO   ] DREAMPlace - optimizer step 28.724 ms
[INFO   ] DREAMPlace - iteration  633, (  85,  0,  1), Obj 1.783062E+05, NetCrossing 5.907E+02, NetCrossingWeight 1.000000E-01, DensityWeight 4.347647E+01, HPWL 1.489789E+04, Overflow 1.484956E-04, MaxDensity 1.191E+00, MacroOverlap 1.728E-07, MacroOverlapWeight 1.500000E+00, gamma 1.148444E-01, time 15.770ms
[INFO   ] DREAMPlace - full step 45.049 ms
[INFO   ] DREAMPlace - Lsub stopping criteria: 1 and 178306 > 167588 * 0.999
[DEBUG  ] dreamplace.ops.weighted_average_wirelength.weighted_average_wirelength - wirelength forward 0.090 ms
[DEBUG  ] dreamplace.ops.electric_potential.electric_potential - density forward 1.267 ms
[DEBUG  ] dreamplace.ops.electric_potential.electric_potential - density forward 1.033 ms
[DEBUG  ] dreamplace.ops.electric_potential.electric_potential - density backward 0.800 ms
[DEBUG  ] dreamplace.ops.electric_potential.electric_potential - density backward 1.107 ms
[DEBUG  ] dreamplace.ops.weighted_average_wirelength.weighted_average_wirelength - wirelength backward 0.124 ms
[INFO   ] DREAMPlace - optimizer step 28.567 ms
[INFO   ] DREAMPlace - iteration  634, (  85,  1,  0), Obj 1.879725E+05, NetCrossing 5.931E+02, NetCrossingWeight 1.000000E-01, DensityWeight 4.745231E+01, HPWL 1.490255E+04, Overflow 1.493785E-04, MaxDensity 1.170E+00, MacroOverlap 1.706E-07, MacroOverlapWeight 1.500000E+00, gamma 1.148444E-01, time 15.592ms
[INFO   ] DREAMPlace - full step 44.767 ms
[DEBUG  ] dreamplace.ops.weighted_average_wirelength.weighted_average_wirelength - wirelength forward 0.068 ms
[DEBUG  ] dreamplace.ops.electric_potential.electric_potential - density forward 1.269 ms
[DEBUG  ] dreamplace.ops.electric_potential.electric_potential - density forward 1.073 ms
[DEBUG  ] dreamplace.ops.electric_potential.electric_potential - density backward 0.762 ms
[DEBUG  ] dreamplace.ops.electric_potential.electric_potential - density backward 1.126 ms
[DEBUG  ] dreamplace.ops.weighted_average_wirelength.weighted_average_wirelength - wirelength backward 0.134 ms
[INFO   ] DREAMPlace - optimizer step 28.542 ms
[INFO   ] DREAMPlace - iteration  635, (  85,  1,  1), Obj 1.880300E+05, NetCrossing 5.945E+02, NetCrossingWeight 1.000000E-01, DensityWeight 4.745231E+01, HPWL 1.490758E+04, Overflow 1.504419E-04, MaxDensity 1.156E+00, MacroOverlap 1.720E-07, MacroOverlapWeight 1.500000E+00, gamma 1.148444E-01, time 16.173ms
[INFO   ] DREAMPlace - full step 45.269 ms
[INFO   ] DREAMPlace - Lsub stopping criteria: 1 and 188030 > 187972 * 0.999
[INFO   ] DREAMPlace - Llambda stopping criteria: 1 and (( 0.000150442 < 0.1 and 14907.6 > 14897.9 ) or 1.15616 < 1.0)
[DEBUG  ] dreamplace.ops.weighted_average_wirelength.weighted_average_wirelength - wirelength forward 0.070 ms
[DEBUG  ] dreamplace.ops.electric_potential.electric_potential - density forward 1.328 ms
[DEBUG  ] dreamplace.ops.electric_potential.electric_potential - density forward 1.218 ms
[DEBUG  ] dreamplace.ops.electric_potential.electric_potential - density backward 0.892 ms
[DEBUG  ] dreamplace.ops.electric_potential.electric_potential - density backward 1.043 ms
[DEBUG  ] dreamplace.ops.weighted_average_wirelength.weighted_average_wirelength - wirelength backward 0.086 ms
[INFO   ] DREAMPlace - optimizer step 26.072 ms
[INFO   ] DREAMPlace - iteration  636, (  86,  0,  0), Obj 2.029902E+05, NetCrossing 5.918E+02, NetCrossingWeight 1.000000E-01, DensityWeight 5.179171E+01, HPWL 1.491460E+04, Overflow 1.517514E-04, MaxDensity 1.184E+00, MacroOverlap 1.739E-07, MacroOverlapWeight 1.500000E+00, gamma 1.148465E-01, time 16.516ms
[INFO   ] DREAMPlace - full step 43.070 ms
[DEBUG  ] dreamplace.ops.weighted_average_wirelength.weighted_average_wirelength - wirelength forward 0.072 ms
[DEBUG  ] dreamplace.ops.electric_potential.electric_potential - density forward 1.270 ms
[DEBUG  ] dreamplace.ops.electric_potential.electric_potential - density forward 1.016 ms
[DEBUG  ] dreamplace.ops.electric_potential.electric_potential - density backward 0.840 ms
[DEBUG  ] dreamplace.ops.electric_potential.electric_potential - density backward 1.076 ms
[DEBUG  ] dreamplace.ops.weighted_average_wirelength.weighted_average_wirelength - wirelength backward 0.102 ms
[INFO   ] DREAMPlace - optimizer step 27.050 ms
[INFO   ] DREAMPlace - iteration  637, (  86,  0,  1), Obj 2.039428E+05, NetCrossing 5.903E+02, NetCrossingWeight 1.000000E-01, DensityWeight 5.179171E+01, HPWL 1.492135E+04, Overflow 1.535493E-04, MaxDensity 1.217E+00, MacroOverlap 1.791E-07, MacroOverlapWeight 1.500000E+00, gamma 1.148465E-01, time 15.682ms
[INFO   ] DREAMPlace - full step 43.321 ms
[INFO   ] DREAMPlace - Lsub stopping criteria: 1 and 203943 > 202990 * 0.999
[DEBUG  ] dreamplace.ops.weighted_average_wirelength.weighted_average_wirelength - wirelength forward 0.070 ms
[DEBUG  ] dreamplace.ops.electric_potential.electric_potential - density forward 1.284 ms
[DEBUG  ] dreamplace.ops.electric_potential.electric_potential - density forward 1.031 ms
[DEBUG  ] dreamplace.ops.electric_potential.electric_potential - density backward 0.797 ms
[DEBUG  ] dreamplace.ops.electric_potential.electric_potential - density backward 1.099 ms
[DEBUG  ] dreamplace.ops.weighted_average_wirelength.weighted_average_wirelength - wirelength backward 0.118 ms
[INFO   ] DREAMPlace - optimizer step 27.709 ms
[INFO   ] DREAMPlace - iteration  638, (  86,  1,  0), Obj 2.266268E+05, NetCrossing 5.875E+02, NetCrossingWeight 1.000000E-01, DensityWeight 5.652789E+01, HPWL 1.492779E+04, Overflow 1.559782E-04, MaxDensity 1.254E+00, MacroOverlap 1.874E-07, MacroOverlapWeight 1.500000E+00, gamma 1.148465E-01, time 15.971ms
[INFO   ] DREAMPlace - full step 44.204 ms
[DEBUG  ] dreamplace.ops.weighted_average_wirelength.weighted_average_wirelength - wirelength forward 0.075 ms
[DEBUG  ] dreamplace.ops.electric_potential.electric_potential - density forward 1.336 ms
[DEBUG  ] dreamplace.ops.electric_potential.electric_potential - density forward 1.109 ms
[DEBUG  ] dreamplace.ops.electric_potential.electric_potential - density backward 0.802 ms
[DEBUG  ] dreamplace.ops.electric_potential.electric_potential - density backward 1.126 ms
[DEBUG  ] dreamplace.ops.weighted_average_wirelength.weighted_average_wirelength - wirelength backward 0.126 ms
[INFO   ] DREAMPlace - optimizer step 28.657 ms
[INFO   ] DREAMPlace - iteration  639, (  86,  1,  1), Obj 2.268625E+05, NetCrossing 5.866E+02, NetCrossingWeight 1.000000E-01, DensityWeight 5.652789E+01, HPWL 1.493279E+04, Overflow 1.587780E-04, MaxDensity 1.289E+00, MacroOverlap 1.979E-07, MacroOverlapWeight 1.500000E+00, gamma 1.148465E-01, time 17.002ms
[INFO   ] DREAMPlace - full step 46.162 ms
[INFO   ] DREAMPlace - Lsub stopping criteria: 1 and 226862 > 226627 * 0.999
[INFO   ] DREAMPlace - Llambda stopping criteria: 1 and (( 0.000158778 < 0.1 and 14932.8 > 14921.3 ) or 1.28933 < 1.0)
[DEBUG  ] dreamplace.ops.weighted_average_wirelength.weighted_average_wirelength - wirelength forward 0.071 ms
[DEBUG  ] dreamplace.ops.electric_potential.electric_potential - density forward 1.392 ms
[DEBUG  ] dreamplace.ops.electric_potential.electric_potential - density forward 1.073 ms
[DEBUG  ] dreamplace.ops.electric_potential.electric_potential - density backward 0.777 ms
[DEBUG  ] dreamplace.ops.electric_potential.electric_potential - density backward 1.128 ms
[DEBUG  ] dreamplace.ops.weighted_average_wirelength.weighted_average_wirelength - wirelength backward 0.137 ms
[INFO   ] DREAMPlace - optimizer step 28.802 ms
[INFO   ] DREAMPlace - iteration  640, (  87,  0,  0), Obj 2.386904E+05, NetCrossing 5.898E+02, NetCrossingWeight 1.000000E-01, DensityWeight 6.169721E+01, HPWL 1.493767E+04, Overflow 1.614828E-04, MaxDensity 1.307E+00, MacroOverlap 2.082E-07, MacroOverlapWeight 1.500000E+00, gamma 1.148514E-01, time 16.455ms
[INFO   ] DREAMPlace - full step 45.779 ms
[DEBUG  ] dreamplace.ops.weighted_average_wirelength.weighted_average_wirelength - wirelength forward 0.087 ms
[DEBUG  ] dreamplace.ops.electric_potential.electric_potential - density forward 1.359 ms
[DEBUG  ] dreamplace.ops.electric_potential.electric_potential - density forward 3.882 ms
[DEBUG  ] dreamplace.ops.electric_potential.electric_potential - density backward 0.771 ms
[DEBUG  ] dreamplace.ops.electric_potential.electric_potential - density backward 1.137 ms
[DEBUG  ] dreamplace.ops.weighted_average_wirelength.weighted_average_wirelength - wirelength backward 0.138 ms
[INFO   ] DREAMPlace - optimizer step 32.814 ms
[INFO   ] DREAMPlace - iteration  641, (  87,  0,  1), Obj 2.375051E+05, NetCrossing 5.865E+02, NetCrossingWeight 1.000000E-01, DensityWeight 6.169721E+01, HPWL 1.494200E+04, Overflow 1.641204E-04, MaxDensity 1.320E+00, MacroOverlap 2.186E-07, MacroOverlapWeight 1.500000E+00, gamma 1.148514E-01, time 17.075ms
[INFO   ] DREAMPlace - full step 50.417 ms
[DEBUG  ] dreamplace.ops.weighted_average_wirelength.weighted_average_wirelength - wirelength forward 0.074 ms
[DEBUG  ] dreamplace.ops.electric_potential.electric_potential - density forward 1.463 ms
[DEBUG  ] dreamplace.ops.electric_potential.electric_potential - density forward 1.241 ms
[DEBUG  ] dreamplace.ops.electric_potential.electric_potential - density backward 0.793 ms
[DEBUG  ] dreamplace.ops.electric_potential.electric_potential - density backward 1.129 ms
[DEBUG  ] dreamplace.ops.weighted_average_wirelength.weighted_average_wirelength - wirelength backward 0.135 ms
[INFO   ] DREAMPlace - optimizer step 29.412 ms
[INFO   ] DREAMPlace - iteration  642, (  87,  1,  0), Obj 2.546148E+05, NetCrossing 5.937E+02, NetCrossingWeight 1.000000E-01, DensityWeight 6.733929E+01, HPWL 1.494804E+04, Overflow 1.651312E-04, MaxDensity 1.325E+00, MacroOverlap 2.247E-07, MacroOverlapWeight 1.500000E+00, gamma 1.148514E-01, time 16.850ms
[INFO   ] DREAMPlace - full step 46.776 ms
[DEBUG  ] dreamplace.ops.weighted_average_wirelength.weighted_average_wirelength - wirelength forward 0.074 ms
[DEBUG  ] dreamplace.ops.electric_potential.electric_potential - density forward 1.297 ms
[DEBUG  ] dreamplace.ops.electric_potential.electric_potential - density forward 1.111 ms
[DEBUG  ] dreamplace.ops.electric_potential.electric_potential - density backward 0.768 ms
[DEBUG  ] dreamplace.ops.electric_potential.electric_potential - density backward 1.133 ms
[DEBUG  ] dreamplace.ops.weighted_average_wirelength.weighted_average_wirelength - wirelength backward 0.136 ms
[INFO   ] DREAMPlace - optimizer step 29.058 ms
[INFO   ] DREAMPlace - iteration  643, (  87,  1,  1), Obj 2.634307E+05, NetCrossing 5.945E+02, NetCrossingWeight 1.000000E-01, DensityWeight 6.733929E+01, HPWL 1.495409E+04, Overflow 1.652852E-04, MaxDensity 1.322E+00, MacroOverlap 2.266E-07, MacroOverlapWeight 1.500000E+00, gamma 1.148514E-01, time 16.740ms
[INFO   ] DREAMPlace - full step 46.345 ms
[INFO   ] DREAMPlace - Lsub stopping criteria: 1 and 263431 > 254615 * 0.999
[INFO   ] DREAMPlace - Llambda stopping criteria: 1 and (( 0.000165285 < 0.1 and 14954.1 > 14942 ) or 1.32246 < 1.0)
[DEBUG  ] dreamplace.ops.weighted_average_wirelength.weighted_average_wirelength - wirelength forward 0.075 ms
[DEBUG  ] dreamplace.ops.electric_potential.electric_potential - density forward 1.282 ms
[DEBUG  ] dreamplace.ops.electric_potential.electric_potential - density forward 1.022 ms
[DEBUG  ] dreamplace.ops.electric_potential.electric_potential - density backward 0.778 ms
[DEBUG  ] dreamplace.ops.electric_potential.electric_potential - density backward 1.127 ms
[DEBUG  ] dreamplace.ops.weighted_average_wirelength.weighted_average_wirelength - wirelength backward 0.135 ms
[INFO   ] DREAMPlace - optimizer step 28.609 ms
[INFO   ] DREAMPlace - iteration  644, (  88,  0,  0), Obj 2.719577E+05, NetCrossing 5.866E+02, NetCrossingWeight 1.000000E-01, DensityWeight 7.349727E+01, HPWL 1.496028E+04, Overflow 1.644398E-04, MaxDensity 1.312E+00, MacroOverlap 2.234E-07, MacroOverlapWeight 1.500000E+00, gamma 1.148552E-01, time 16.537ms
[INFO   ] DREAMPlace - full step 45.692 ms
[DEBUG  ] dreamplace.ops.weighted_average_wirelength.weighted_average_wirelength - wirelength forward 0.080 ms
[DEBUG  ] dreamplace.ops.electric_potential.electric_potential - density forward 1.248 ms
[DEBUG  ] dreamplace.ops.electric_potential.electric_potential - density forward 1.018 ms
[DEBUG  ] dreamplace.ops.electric_potential.electric_potential - density backward 0.783 ms
[DEBUG  ] dreamplace.ops.electric_potential.electric_potential - density backward 1.003 ms
[DEBUG  ] dreamplace.ops.weighted_average_wirelength.weighted_average_wirelength - wirelength backward 0.135 ms
[INFO   ] DREAMPlace - optimizer step 28.730 ms
[INFO   ] DREAMPlace - iteration  645, (  88,  0,  1), Obj 2.790696E+05, NetCrossing 5.902E+02, NetCrossingWeight 1.000000E-01, DensityWeight 7.349727E+01, HPWL 1.496739E+04, Overflow 1.644998E-04, MaxDensity 1.294E+00, MacroOverlap 2.227E-07, MacroOverlapWeight 1.500000E+00, gamma 1.148552E-01, time 16.326ms
[INFO   ] DREAMPlace - full step 45.650 ms
[INFO   ] DREAMPlace - Lsub stopping criteria: 1 and 279070 > 271958 * 0.999
[DEBUG  ] dreamplace.ops.weighted_average_wirelength.weighted_average_wirelength - wirelength forward 0.073 ms
[DEBUG  ] dreamplace.ops.electric_potential.electric_potential - density forward 1.430 ms
[DEBUG  ] dreamplace.ops.electric_potential.electric_potential - density forward 1.138 ms
[DEBUG  ] dreamplace.ops.electric_potential.electric_potential - density backward 0.800 ms
[DEBUG  ] dreamplace.ops.electric_potential.electric_potential - density backward 1.015 ms
[DEBUG  ] dreamplace.ops.weighted_average_wirelength.weighted_average_wirelength - wirelength backward 0.139 ms
[INFO   ] DREAMPlace - optimizer step 28.980 ms
[INFO   ] DREAMPlace - iteration  646, (  88,  1,  0), Obj 2.897437E+05, NetCrossing 5.884E+02, NetCrossingWeight 1.000000E-01, DensityWeight 8.021835E+01, HPWL 1.497305E+04, Overflow 1.655352E-04, MaxDensity 1.270E+00, MacroOverlap 2.246E-07, MacroOverlapWeight 1.500000E+00, gamma 1.148552E-01, time 16.406ms
[INFO   ] DREAMPlace - full step 46.021 ms
[DEBUG  ] dreamplace.ops.weighted_average_wirelength.weighted_average_wirelength - wirelength forward 0.067 ms
[DEBUG  ] dreamplace.ops.electric_potential.electric_potential - density forward 1.300 ms
[DEBUG  ] dreamplace.ops.electric_potential.electric_potential - density forward 1.137 ms
[DEBUG  ] dreamplace.ops.electric_potential.electric_potential - density backward 0.788 ms
[DEBUG  ] dreamplace.ops.electric_potential.electric_potential - density backward 1.002 ms
[DEBUG  ] dreamplace.ops.weighted_average_wirelength.weighted_average_wirelength - wirelength backward 0.134 ms
[INFO   ] DREAMPlace - optimizer step 28.847 ms
[INFO   ] DREAMPlace - iteration  647, (  88,  1,  1), Obj 3.049786E+05, NetCrossing 5.906E+02, NetCrossingWeight 1.000000E-01, DensityWeight 8.021835E+01, HPWL 1.497968E+04, Overflow 1.664782E-04, MaxDensity 1.246E+00, MacroOverlap 2.269E-07, MacroOverlapWeight 1.500000E+00, gamma 1.148552E-01, time 16.412ms
[INFO   ] DREAMPlace - full step 45.818 ms
[INFO   ] DREAMPlace - Lsub stopping criteria: 1 and 304979 > 289744 * 0.999
[INFO   ] DREAMPlace - Llambda stopping criteria: 1 and (( 0.000166478 < 0.1 and 14979.7 > 14967.4 ) or 1.24598 < 1.0)
[DEBUG  ] dreamplace.ops.weighted_average_wirelength.weighted_average_wirelength - wirelength forward 0.072 ms
[DEBUG  ] dreamplace.ops.electric_potential.electric_potential - density forward 1.299 ms
[DEBUG  ] dreamplace.ops.electric_potential.electric_potential - density forward 1.033 ms
[DEBUG  ] dreamplace.ops.electric_potential.electric_potential - density backward 0.768 ms
[DEBUG  ] dreamplace.ops.electric_potential.electric_potential - density backward 1.007 ms
[DEBUG  ] dreamplace.ops.weighted_average_wirelength.weighted_average_wirelength - wirelength backward 0.138 ms
[INFO   ] DREAMPlace - optimizer step 28.783 ms
[INFO   ] DREAMPlace - iteration  648, (  89,  0,  0), Obj 3.301726E+05, NetCrossing 5.958E+02, NetCrossingWeight 1.000000E-01, DensityWeight 8.755408E+01, HPWL 1.498445E+04, Overflow 1.666170E-04, MaxDensity 1.223E+00, MacroOverlap 2.261E-07, MacroOverlapWeight 1.500000E+00, gamma 1.148559E-01, time 16.625ms
[INFO   ] DREAMPlace - full step 45.903 ms
[DEBUG  ] dreamplace.ops.weighted_average_wirelength.weighted_average_wirelength - wirelength forward 0.076 ms
[DEBUG  ] dreamplace.ops.electric_potential.electric_potential - density forward 1.292 ms
[DEBUG  ] dreamplace.ops.electric_potential.electric_potential - density forward 1.048 ms
[DEBUG  ] dreamplace.ops.electric_potential.electric_potential - density backward 0.785 ms
[DEBUG  ] dreamplace.ops.electric_potential.electric_potential - density backward 1.002 ms
[DEBUG  ] dreamplace.ops.weighted_average_wirelength.weighted_average_wirelength - wirelength backward 0.136 ms
[INFO   ] DREAMPlace - optimizer step 28.827 ms
[INFO   ] DREAMPlace - iteration  649, (  89,  0,  1), Obj 3.480746E+05, NetCrossing 5.920E+02, NetCrossingWeight 1.000000E-01, DensityWeight 8.755408E+01, HPWL 1.499103E+04, Overflow 1.666378E-04, MaxDensity 1.209E+00, MacroOverlap 2.236E-07, MacroOverlapWeight 1.500000E+00, gamma 1.148559E-01, time 16.856ms
[INFO   ] DREAMPlace - full step 46.214 ms
[INFO   ] DREAMPlace - Lsub stopping criteria: 1 and 348075 > 330173 * 0.999
[DEBUG  ] dreamplace.ops.weighted_average_wirelength.weighted_average_wirelength - wirelength forward 0.076 ms
[DEBUG  ] dreamplace.ops.electric_potential.electric_potential - density forward 1.394 ms
[DEBUG  ] dreamplace.ops.electric_potential.electric_potential - density forward 1.121 ms
[DEBUG  ] dreamplace.ops.electric_potential.electric_potential - density backward 0.781 ms
[DEBUG  ] dreamplace.ops.electric_potential.electric_potential - density backward 1.002 ms
[DEBUG  ] dreamplace.ops.weighted_average_wirelength.weighted_average_wirelength - wirelength backward 0.133 ms
[INFO   ] DREAMPlace - optimizer step 29.335 ms
[INFO   ] DREAMPlace - iteration  650, (  89,  1,  0), Obj 3.537964E+05, NetCrossing 5.898E+02, NetCrossingWeight 1.000000E-01, DensityWeight 9.556065E+01, HPWL 1.499463E+04, Overflow 1.666738E-04, MaxDensity 1.202E+00, MacroOverlap 2.198E-07, MacroOverlapWeight 1.500000E+00, gamma 1.148559E-01, time 16.608ms
[INFO   ] DREAMPlace - full step 46.458 ms
[DEBUG  ] dreamplace.ops.weighted_average_wirelength.weighted_average_wirelength - wirelength forward 0.084 ms
[DEBUG  ] dreamplace.ops.electric_potential.electric_potential - density forward 1.334 ms
[DEBUG  ] dreamplace.ops.electric_potential.electric_potential - density forward 1.064 ms
[DEBUG  ] dreamplace.ops.electric_potential.electric_potential - density backward 0.783 ms
[DEBUG  ] dreamplace.ops.electric_potential.electric_potential - density backward 1.020 ms
[DEBUG  ] dreamplace.ops.weighted_average_wirelength.weighted_average_wirelength - wirelength backward 0.133 ms
[INFO   ] DREAMPlace - optimizer step 28.853 ms
[INFO   ] DREAMPlace - iteration  651, (  89,  1,  1), Obj 3.587802E+05, NetCrossing 5.917E+02, NetCrossingWeight 1.000000E-01, DensityWeight 9.556065E+01, HPWL 1.500076E+04, Overflow 1.671357E-04, MaxDensity 1.193E+00, MacroOverlap 2.185E-07, MacroOverlapWeight 1.500000E+00, gamma 1.148559E-01, time 16.237ms
[INFO   ] DREAMPlace - full step 45.611 ms
[INFO   ] DREAMPlace - Lsub stopping criteria: 1 and 358780 > 353796 * 0.999
[INFO   ] DREAMPlace - Llambda stopping criteria: 1 and (( 0.000167136 < 0.1 and 15000.8 > 14991 ) or 1.19328 < 1.0)
[DEBUG  ] dreamplace.ops.weighted_average_wirelength.weighted_average_wirelength - wirelength forward 0.071 ms
[DEBUG  ] dreamplace.ops.electric_potential.electric_potential - density forward 1.302 ms
[DEBUG  ] dreamplace.ops.electric_potential.electric_potential - density forward 1.050 ms
[DEBUG  ] dreamplace.ops.electric_potential.electric_potential - density backward 0.787 ms
[DEBUG  ] dreamplace.ops.electric_potential.electric_potential - density backward 1.005 ms
[DEBUG  ] dreamplace.ops.weighted_average_wirelength.weighted_average_wirelength - wirelength backward 0.134 ms
[INFO   ] DREAMPlace - optimizer step 28.868 ms
[INFO   ] DREAMPlace - iteration  652, (  90,  0,  0), Obj 3.919504E+05, NetCrossing 5.947E+02, NetCrossingWeight 1.000000E-01, DensityWeight 1.042995E+02, HPWL 1.500556E+04, Overflow 1.673174E-04, MaxDensity 1.181E+00, MacroOverlap 2.189E-07, MacroOverlapWeight 1.500000E+00, gamma 1.148563E-01, time 16.203ms
[INFO   ] DREAMPlace - full step 45.598 ms
[DEBUG  ] dreamplace.ops.weighted_average_wirelength.weighted_average_wirelength - wirelength forward 0.072 ms
[DEBUG  ] dreamplace.ops.electric_potential.electric_potential - density forward 1.271 ms
[DEBUG  ] dreamplace.ops.electric_potential.electric_potential - density forward 1.049 ms
[DEBUG  ] dreamplace.ops.electric_potential.electric_potential - density backward 0.789 ms
[DEBUG  ] dreamplace.ops.electric_potential.electric_potential - density backward 1.017 ms
[DEBUG  ] dreamplace.ops.weighted_average_wirelength.weighted_average_wirelength - wirelength backward 0.134 ms
[INFO   ] DREAMPlace - optimizer step 28.961 ms
[INFO   ] DREAMPlace - iteration  653, (  90,  0,  1), Obj 4.014216E+05, NetCrossing 5.911E+02, NetCrossingWeight 1.000000E-01, DensityWeight 1.042995E+02, HPWL 1.501100E+04, Overflow 1.682308E-04, MaxDensity 1.175E+00, MacroOverlap 2.214E-07, MacroOverlapWeight 1.500000E+00, gamma 1.148563E-01, time 16.099ms
[INFO   ] DREAMPlace - full step 45.667 ms
[INFO   ] DREAMPlace - Lsub stopping criteria: 1 and 401422 > 391950 * 0.999
[DEBUG  ] dreamplace.ops.weighted_average_wirelength.weighted_average_wirelength - wirelength forward 0.074 ms
[DEBUG  ] dreamplace.ops.electric_potential.electric_potential - density forward 1.272 ms
[DEBUG  ] dreamplace.ops.electric_potential.electric_potential - density forward 1.092 ms
[DEBUG  ] dreamplace.ops.electric_potential.electric_potential - density backward 0.785 ms
[DEBUG  ] dreamplace.ops.electric_potential.electric_potential - density backward 1.007 ms
[DEBUG  ] dreamplace.ops.weighted_average_wirelength.weighted_average_wirelength - wirelength backward 0.136 ms
[INFO   ] DREAMPlace - optimizer step 28.862 ms
[INFO   ] DREAMPlace - iteration  654, (  90,  1,  0), Obj 4.221775E+05, NetCrossing 5.928E+02, NetCrossingWeight 1.000000E-01, DensityWeight 1.138374E+02, HPWL 1.501501E+04, Overflow 1.680489E-04, MaxDensity 1.184E+00, MacroOverlap 2.240E-07, MacroOverlapWeight 1.500000E+00, gamma 1.148563E-01, time 16.577ms
[INFO   ] DREAMPlace - full step 45.983 ms
[DEBUG  ] dreamplace.ops.weighted_average_wirelength.weighted_average_wirelength - wirelength forward 0.075 ms
[DEBUG  ] dreamplace.ops.electric_potential.electric_potential - density forward 1.302 ms
[DEBUG  ] dreamplace.ops.electric_potential.electric_potential - density forward 1.031 ms
[DEBUG  ] dreamplace.ops.electric_potential.electric_potential - density backward 0.790 ms
[DEBUG  ] dreamplace.ops.electric_potential.electric_potential - density backward 1.004 ms
[DEBUG  ] dreamplace.ops.weighted_average_wirelength.weighted_average_wirelength - wirelength backward 0.135 ms
[INFO   ] DREAMPlace - optimizer step 28.682 ms
[INFO   ] DREAMPlace - iteration  655, (  90,  1,  1), Obj 4.398217E+05, NetCrossing 5.907E+02, NetCrossingWeight 1.000000E-01, DensityWeight 1.138374E+02, HPWL 1.502023E+04, Overflow 1.686650E-04, MaxDensity 1.196E+00, MacroOverlap 2.271E-07, MacroOverlapWeight 1.500000E+00, gamma 1.148563E-01, time 16.894ms
[INFO   ] DREAMPlace - full step 46.090 ms
[INFO   ] DREAMPlace - Lsub stopping criteria: 1 and 439822 > 422178 * 0.999
[INFO   ] DREAMPlace - Llambda stopping criteria: 1 and (( 0.000168665 < 0.1 and 15020.2 > 15011 ) or 1.19564 < 1.0)
[DEBUG  ] dreamplace.ops.weighted_average_wirelength.weighted_average_wirelength - wirelength forward 0.073 ms
[DEBUG  ] dreamplace.ops.electric_potential.electric_potential - density forward 1.303 ms
[DEBUG  ] dreamplace.ops.electric_potential.electric_potential - density forward 1.027 ms
[DEBUG  ] dreamplace.ops.electric_potential.electric_potential - density backward 0.767 ms
[DEBUG  ] dreamplace.ops.electric_potential.electric_potential - density backward 1.001 ms
[DEBUG  ] dreamplace.ops.weighted_average_wirelength.weighted_average_wirelength - wirelength backward 0.137 ms
[INFO   ] DREAMPlace - optimizer step 28.689 ms
[INFO   ] DREAMPlace - iteration  656, (  91,  0,  0), Obj 4.608884E+05, NetCrossing 5.948E+02, NetCrossingWeight 1.000000E-01, DensityWeight 1.242476E+02, HPWL 1.502314E+04, Overflow 1.694619E-04, MaxDensity 1.208E+00, MacroOverlap 2.284E-07, MacroOverlapWeight 1.500000E+00, gamma 1.148572E-01, time 17.062ms
[INFO   ] DREAMPlace - full step 46.295 ms
[DEBUG  ] dreamplace.ops.weighted_average_wirelength.weighted_average_wirelength - wirelength forward 0.080 ms
[DEBUG  ] dreamplace.ops.electric_potential.electric_potential - density forward 1.512 ms
[DEBUG  ] dreamplace.ops.electric_potential.electric_potential - density forward 1.188 ms
[DEBUG  ] dreamplace.ops.electric_potential.electric_potential - density backward 0.780 ms
[DEBUG  ] dreamplace.ops.electric_potential.electric_potential - density backward 1.004 ms
[DEBUG  ] dreamplace.ops.weighted_average_wirelength.weighted_average_wirelength - wirelength backward 0.138 ms
[INFO   ] DREAMPlace - optimizer step 29.026 ms
[INFO   ] DREAMPlace - iteration  657, (  91,  0,  1), Obj 4.500082E+05, NetCrossing 5.927E+02, NetCrossingWeight 1.000000E-01, DensityWeight 1.242476E+02, HPWL 1.502763E+04, Overflow 1.706529E-04, MaxDensity 1.218E+00, MacroOverlap 2.296E-07, MacroOverlapWeight 1.500000E+00, gamma 1.148572E-01, time 16.212ms
[INFO   ] DREAMPlace - full step 45.846 ms
[DEBUG  ] dreamplace.ops.weighted_average_wirelength.weighted_average_wirelength - wirelength forward 0.070 ms
[DEBUG  ] dreamplace.ops.electric_potential.electric_potential - density forward 1.277 ms
[DEBUG  ] dreamplace.ops.electric_potential.electric_potential - density forward 1.040 ms
[DEBUG  ] dreamplace.ops.electric_potential.electric_potential - density backward 0.776 ms
[DEBUG  ] dreamplace.ops.electric_potential.electric_potential - density backward 1.005 ms
[DEBUG  ] dreamplace.ops.weighted_average_wirelength.weighted_average_wirelength - wirelength backward 0.136 ms
[INFO   ] DREAMPlace - optimizer step 28.516 ms
[INFO   ] DREAMPlace - iteration  658, (  91,  1,  0), Obj 4.969238E+05, NetCrossing 5.922E+02, NetCrossingWeight 1.000000E-01, DensityWeight 1.356098E+02, HPWL 1.503074E+04, Overflow 1.711112E-04, MaxDensity 1.231E+00, MacroOverlap 2.272E-07, MacroOverlapWeight 1.500000E+00, gamma 1.148572E-01, time 16.571ms
[INFO   ] DREAMPlace - full step 45.669 ms
[DEBUG  ] dreamplace.ops.weighted_average_wirelength.weighted_average_wirelength - wirelength forward 0.072 ms
[DEBUG  ] dreamplace.ops.electric_potential.electric_potential - density forward 1.330 ms
[DEBUG  ] dreamplace.ops.electric_potential.electric_potential - density forward 1.071 ms
[DEBUG  ] dreamplace.ops.electric_potential.electric_potential - density backward 0.777 ms
[DEBUG  ] dreamplace.ops.electric_potential.electric_potential - density backward 1.002 ms
[DEBUG  ] dreamplace.ops.weighted_average_wirelength.weighted_average_wirelength - wirelength backward 0.135 ms
[INFO   ] DREAMPlace - optimizer step 28.798 ms
[INFO   ] DREAMPlace - iteration  659, (  91,  1,  1), Obj 5.186031E+05, NetCrossing 5.883E+02, NetCrossingWeight 1.000000E-01, DensityWeight 1.356098E+02, HPWL 1.503483E+04, Overflow 1.707131E-04, MaxDensity 1.237E+00, MacroOverlap 2.225E-07, MacroOverlapWeight 1.500000E+00, gamma 1.148572E-01, time 17.053ms
[INFO   ] DREAMPlace - full step 46.371 ms
[INFO   ] DREAMPlace - Lsub stopping criteria: 1 and 518603 > 496924 * 0.999
[INFO   ] DREAMPlace - Llambda stopping criteria: 1 and (( 0.000170713 < 0.1 and 15034.8 > 15027.6 ) or 1.23724 < 1.0)
[DEBUG  ] dreamplace.ops.weighted_average_wirelength.weighted_average_wirelength - wirelength forward 0.075 ms
[DEBUG  ] dreamplace.ops.electric_potential.electric_potential - density forward 1.370 ms
[DEBUG  ] dreamplace.ops.electric_potential.electric_potential - density forward 1.136 ms
[DEBUG  ] dreamplace.ops.electric_potential.electric_potential - density backward 0.792 ms
[DEBUG  ] dreamplace.ops.electric_potential.electric_potential - density backward 1.134 ms
[DEBUG  ] dreamplace.ops.weighted_average_wirelength.weighted_average_wirelength - wirelength backward 0.150 ms
[INFO   ] DREAMPlace - optimizer step 28.688 ms
[INFO   ] DREAMPlace - iteration  660, (  92,  0,  0), Obj 5.468764E+05, NetCrossing 5.962E+02, NetCrossingWeight 1.000000E-01, DensityWeight 1.480111E+02, HPWL 1.503734E+04, Overflow 1.693123E-04, MaxDensity 1.239E+00, MacroOverlap 2.144E-07, MacroOverlapWeight 1.500000E+00, gamma 1.148584E-01, time 16.829ms
[INFO   ] DREAMPlace - full step 46.012 ms
[DEBUG  ] dreamplace.ops.weighted_average_wirelength.weighted_average_wirelength - wirelength forward 0.069 ms
[DEBUG  ] dreamplace.ops.electric_potential.electric_potential - density forward 1.370 ms
[DEBUG  ] dreamplace.ops.electric_potential.electric_potential - density forward 1.136 ms
[DEBUG  ] dreamplace.ops.electric_potential.electric_potential - density backward 0.781 ms
[DEBUG  ] dreamplace.ops.electric_potential.electric_potential - density backward 1.129 ms
[DEBUG  ] dreamplace.ops.weighted_average_wirelength.weighted_average_wirelength - wirelength backward 0.136 ms
[INFO   ] DREAMPlace - optimizer step 29.200 ms
[INFO   ] DREAMPlace - iteration  661, (  92,  0,  1), Obj 5.621526E+05, NetCrossing 5.863E+02, NetCrossingWeight 1.000000E-01, DensityWeight 1.480111E+02, HPWL 1.504312E+04, Overflow 1.684821E-04, MaxDensity 1.237E+00, MacroOverlap 2.059E-07, MacroOverlapWeight 1.500000E+00, gamma 1.148584E-01, time 16.819ms
[INFO   ] DREAMPlace - full step 46.529 ms
[INFO   ] DREAMPlace - Lsub stopping criteria: 1 and 562153 > 546876 * 0.999
[DEBUG  ] dreamplace.ops.weighted_average_wirelength.weighted_average_wirelength - wirelength forward 0.075 ms
[DEBUG  ] dreamplace.ops.electric_potential.electric_potential - density forward 1.566 ms
[DEBUG  ] dreamplace.ops.electric_potential.electric_potential - density forward 1.117 ms
[DEBUG  ] dreamplace.ops.electric_potential.electric_potential - density backward 0.775 ms
[DEBUG  ] dreamplace.ops.electric_potential.electric_potential - density backward 1.132 ms
[DEBUG  ] dreamplace.ops.weighted_average_wirelength.weighted_average_wirelength - wirelength backward 0.136 ms
[INFO   ] DREAMPlace - optimizer step 28.999 ms
[INFO   ] DREAMPlace - iteration  662, (  92,  1,  0), Obj 5.733223E+05, NetCrossing 5.904E+02, NetCrossingWeight 1.000000E-01, DensityWeight 1.615464E+02, HPWL 1.504748E+04, Overflow 1.673896E-04, MaxDensity 1.236E+00, MacroOverlap 1.965E-07, MacroOverlapWeight 1.500000E+00, gamma 1.148584E-01, time 16.664ms
[INFO   ] DREAMPlace - full step 46.175 ms
[DEBUG  ] dreamplace.ops.weighted_average_wirelength.weighted_average_wirelength - wirelength forward 0.076 ms
[DEBUG  ] dreamplace.ops.electric_potential.electric_potential - density forward 1.334 ms
[DEBUG  ] dreamplace.ops.electric_potential.electric_potential - density forward 1.054 ms
[DEBUG  ] dreamplace.ops.electric_potential.electric_potential - density backward 0.781 ms
[DEBUG  ] dreamplace.ops.electric_potential.electric_potential - density backward 1.132 ms
[DEBUG  ] dreamplace.ops.weighted_average_wirelength.weighted_average_wirelength - wirelength backward 0.139 ms
[INFO   ] DREAMPlace - optimizer step 29.567 ms
[INFO   ] DREAMPlace - iteration  663, (  92,  1,  1), Obj 6.141519E+05, NetCrossing 5.923E+02, NetCrossingWeight 1.000000E-01, DensityWeight 1.615464E+02, HPWL 1.505326E+04, Overflow 1.661675E-04, MaxDensity 1.237E+00, MacroOverlap 1.885E-07, MacroOverlapWeight 1.500000E+00, gamma 1.148584E-01, time 17.789ms
[INFO   ] DREAMPlace - full step 47.904 ms
[INFO   ] DREAMPlace - Lsub stopping criteria: 1 and 614152 > 573322 * 0.999
[INFO   ] DREAMPlace - Llambda stopping criteria: 1 and (( 0.000166168 < 0.1 and 15053.3 > 15043.1 ) or 1.23674 < 1.0)
[DEBUG  ] dreamplace.ops.weighted_average_wirelength.weighted_average_wirelength - wirelength forward 0.074 ms
[DEBUG  ] dreamplace.ops.electric_potential.electric_potential - density forward 1.325 ms
[DEBUG  ] dreamplace.ops.electric_potential.electric_potential - density forward 1.031 ms
[DEBUG  ] dreamplace.ops.electric_potential.electric_potential - density backward 0.797 ms
[DEBUG  ] dreamplace.ops.electric_potential.electric_potential - density backward 1.137 ms
[DEBUG  ] dreamplace.ops.weighted_average_wirelength.weighted_average_wirelength - wirelength backward 0.141 ms
[INFO   ] DREAMPlace - optimizer step 29.008 ms
[INFO   ] DREAMPlace - iteration  664, (  93,  0,  0), Obj 6.368289E+05, NetCrossing 6.021E+02, NetCrossingWeight 1.000000E-01, DensityWeight 1.763194E+02, HPWL 1.505847E+04, Overflow 1.651135E-04, MaxDensity 1.237E+00, MacroOverlap 1.821E-07, MacroOverlapWeight 1.500000E+00, gamma 1.148558E-01, time 16.841ms
[INFO   ] DREAMPlace - full step 46.423 ms
[DEBUG  ] dreamplace.ops.weighted_average_wirelength.weighted_average_wirelength - wirelength forward 0.087 ms
[DEBUG  ] dreamplace.ops.electric_potential.electric_potential - density forward 1.324 ms
[DEBUG  ] dreamplace.ops.electric_potential.electric_potential - density forward 1.066 ms
[DEBUG  ] dreamplace.ops.electric_potential.electric_potential - density backward 0.784 ms
[DEBUG  ] dreamplace.ops.electric_potential.electric_potential - density backward 1.002 ms
[DEBUG  ] dreamplace.ops.weighted_average_wirelength.weighted_average_wirelength - wirelength backward 0.138 ms
[INFO   ] DREAMPlace - optimizer step 29.567 ms
[INFO   ] DREAMPlace - iteration  665, (  93,  0,  1), Obj 6.635914E+05, NetCrossing 5.894E+02, NetCrossingWeight 1.000000E-01, DensityWeight 1.763194E+02, HPWL 1.506561E+04, Overflow 1.644357E-04, MaxDensity 1.238E+00, MacroOverlap 1.783E-07, MacroOverlapWeight 1.500000E+00, gamma 1.148558E-01, time 16.210ms
[INFO   ] DREAMPlace - full step 46.304 ms
[INFO   ] DREAMPlace - Lsub stopping criteria: 1 and 663591 > 636829 * 0.999
[DEBUG  ] dreamplace.ops.weighted_average_wirelength.weighted_average_wirelength - wirelength forward 0.073 ms
[DEBUG  ] dreamplace.ops.electric_potential.electric_potential - density forward 1.267 ms
[DEBUG  ] dreamplace.ops.electric_potential.electric_potential - density forward 1.035 ms
[DEBUG  ] dreamplace.ops.electric_potential.electric_potential - density backward 0.788 ms
[DEBUG  ] dreamplace.ops.electric_potential.electric_potential - density backward 1.002 ms
[DEBUG  ] dreamplace.ops.weighted_average_wirelength.weighted_average_wirelength - wirelength backward 0.162 ms
[INFO   ] DREAMPlace - optimizer step 31.614 ms
[INFO   ] DREAMPlace - iteration  666, (  93,  1,  0), Obj 7.106059E+05, NetCrossing 6.006E+02, NetCrossingWeight 1.000000E-01, DensityWeight 1.924433E+02, HPWL 1.507212E+04, Overflow 1.630934E-04, MaxDensity 1.236E+00, MacroOverlap 1.769E-07, MacroOverlapWeight 1.500000E+00, gamma 1.148558E-01, time 16.498ms
[INFO   ] DREAMPlace - full step 48.681 ms
[DEBUG  ] dreamplace.ops.weighted_average_wirelength.weighted_average_wirelength - wirelength forward 0.076 ms
[DEBUG  ] dreamplace.ops.electric_potential.electric_potential - density forward 1.360 ms
[DEBUG  ] dreamplace.ops.electric_potential.electric_potential - density forward 1.027 ms
[DEBUG  ] dreamplace.ops.electric_potential.electric_potential - density backward 0.786 ms
[DEBUG  ] dreamplace.ops.electric_potential.electric_potential - density backward 1.022 ms
[DEBUG  ] dreamplace.ops.weighted_average_wirelength.weighted_average_wirelength - wirelength backward 0.135 ms
[INFO   ] DREAMPlace - optimizer step 28.831 ms
[INFO   ] DREAMPlace - iteration  667, (  93,  1,  1), Obj 7.174804E+05, NetCrossing 5.896E+02, NetCrossingWeight 1.000000E-01, DensityWeight 1.924433E+02, HPWL 1.507921E+04, Overflow 1.618042E-04, MaxDensity 1.231E+00, MacroOverlap 1.776E-07, MacroOverlapWeight 1.500000E+00, gamma 1.148558E-01, time 17.740ms
[INFO   ] DREAMPlace - full step 47.193 ms
[INFO   ] DREAMPlace - Lsub stopping criteria: 1 and 717480 > 710606 * 0.999
[INFO   ] DREAMPlace - Llambda stopping criteria: 1 and (( 0.000161804 < 0.1 and 15079.2 > 15065.6 ) or 1.23067 < 1.0)
[DEBUG  ] dreamplace.ops.weighted_average_wirelength.weighted_average_wirelength - wirelength forward 0.077 ms
[DEBUG  ] dreamplace.ops.electric_potential.electric_potential - density forward 1.296 ms
[DEBUG  ] dreamplace.ops.electric_potential.electric_potential - density forward 1.040 ms
[DEBUG  ] dreamplace.ops.electric_potential.electric_potential - density backward 0.786 ms
[DEBUG  ] dreamplace.ops.electric_potential.electric_potential - density backward 1.000 ms
[DEBUG  ] dreamplace.ops.weighted_average_wirelength.weighted_average_wirelength - wirelength backward 0.136 ms
[INFO   ] DREAMPlace - optimizer step 29.171 ms
[INFO   ] DREAMPlace - iteration  668, (  94,  0,  0), Obj 7.442411E+05, NetCrossing 6.001E+02, NetCrossingWeight 1.000000E-01, DensityWeight 2.100416E+02, HPWL 1.508575E+04, Overflow 1.603560E-04, MaxDensity 1.218E+00, MacroOverlap 1.789E-07, MacroOverlapWeight 1.500000E+00, gamma 1.148532E-01, time 15.599ms
[INFO   ] DREAMPlace - full step 45.342 ms
[DEBUG  ] dreamplace.ops.weighted_average_wirelength.weighted_average_wirelength - wirelength forward 0.079 ms
[DEBUG  ] dreamplace.ops.electric_potential.electric_potential - density forward 1.342 ms
[DEBUG  ] dreamplace.ops.electric_potential.electric_potential - density forward 1.030 ms
[DEBUG  ] dreamplace.ops.electric_potential.electric_potential - density backward 0.781 ms
[DEBUG  ] dreamplace.ops.electric_potential.electric_potential - density backward 1.008 ms
[DEBUG  ] dreamplace.ops.weighted_average_wirelength.weighted_average_wirelength - wirelength backward 0.137 ms
[INFO   ] DREAMPlace - optimizer step 29.037 ms
[INFO   ] DREAMPlace - iteration  669, (  94,  0,  1), Obj 7.583621E+05, NetCrossing 5.906E+02, NetCrossingWeight 1.000000E-01, DensityWeight 2.100416E+02, HPWL 1.509311E+04, Overflow 1.586374E-04, MaxDensity 1.204E+00, MacroOverlap 1.804E-07, MacroOverlapWeight 1.500000E+00, gamma 1.148532E-01, time 16.419ms
[INFO   ] DREAMPlace - full step 46.090 ms
[INFO   ] DREAMPlace - Lsub stopping criteria: 1 and 758362 > 744241 * 0.999
[DEBUG  ] dreamplace.ops.weighted_average_wirelength.weighted_average_wirelength - wirelength forward 0.079 ms
[DEBUG  ] dreamplace.ops.electric_potential.electric_potential - density forward 1.292 ms
[DEBUG  ] dreamplace.ops.electric_potential.electric_potential - density forward 1.071 ms
[DEBUG  ] dreamplace.ops.electric_potential.electric_potential - density backward 0.788 ms
[DEBUG  ] dreamplace.ops.electric_potential.electric_potential - density backward 1.017 ms
[DEBUG  ] dreamplace.ops.weighted_average_wirelength.weighted_average_wirelength - wirelength backward 0.139 ms
[INFO   ] DREAMPlace - optimizer step 28.792 ms
[INFO   ] DREAMPlace - iteration  670, (  94,  1,  0), Obj 8.342811E+05, NetCrossing 5.947E+02, NetCrossingWeight 1.000000E-01, DensityWeight 2.292492E+02, HPWL 1.510055E+04, Overflow 1.567980E-04, MaxDensity 1.189E+00, MacroOverlap 1.834E-07, MacroOverlapWeight 1.500000E+00, gamma 1.148532E-01, time 16.997ms
[INFO   ] DREAMPlace - full step 46.360 ms
[DEBUG  ] dreamplace.ops.weighted_average_wirelength.weighted_average_wirelength - wirelength forward 0.077 ms
[DEBUG  ] dreamplace.ops.electric_potential.electric_potential - density forward 1.379 ms
[DEBUG  ] dreamplace.ops.electric_potential.electric_potential - density forward 1.061 ms
[DEBUG  ] dreamplace.ops.electric_potential.electric_potential - density backward 0.866 ms
[DEBUG  ] dreamplace.ops.electric_potential.electric_potential - density backward 1.011 ms
[DEBUG  ] dreamplace.ops.weighted_average_wirelength.weighted_average_wirelength - wirelength backward 0.141 ms
[INFO   ] DREAMPlace - optimizer step 29.201 ms
[INFO   ] DREAMPlace - iteration  671, (  94,  1,  1), Obj 8.566548E+05, NetCrossing 5.931E+02, NetCrossingWeight 1.000000E-01, DensityWeight 2.292492E+02, HPWL 1.510715E+04, Overflow 1.556603E-04, MaxDensity 1.172E+00, MacroOverlap 1.868E-07, MacroOverlapWeight 1.500000E+00, gamma 1.148532E-01, time 16.994ms
[INFO   ] DREAMPlace - full step 46.710 ms
[INFO   ] DREAMPlace - Lsub stopping criteria: 1 and 856655 > 834281 * 0.999
[INFO   ] DREAMPlace - Llambda stopping criteria: 1 and (( 0.00015566 < 0.1 and 15107.1 > 15093.1 ) or 1.17219 < 1.0)
[DEBUG  ] dreamplace.ops.weighted_average_wirelength.weighted_average_wirelength - wirelength forward 0.078 ms
[DEBUG  ] dreamplace.ops.electric_potential.electric_potential - density forward 1.360 ms
[DEBUG  ] dreamplace.ops.electric_potential.electric_potential - density forward 1.265 ms
[DEBUG  ] dreamplace.ops.electric_potential.electric_potential - density backward 0.799 ms
[DEBUG  ] dreamplace.ops.electric_potential.electric_potential - density backward 0.984 ms
[DEBUG  ] dreamplace.ops.weighted_average_wirelength.weighted_average_wirelength - wirelength backward 0.143 ms
[INFO   ] DREAMPlace - optimizer step 29.504 ms
[INFO   ] DREAMPlace - iteration  672, (  95,  0,  0), Obj 9.149612E+05, NetCrossing 5.891E+02, NetCrossingWeight 1.000000E-01, DensityWeight 2.502133E+02, HPWL 1.511439E+04, Overflow 1.544398E-04, MaxDensity 1.154E+00, MacroOverlap 1.874E-07, MacroOverlapWeight 1.500000E+00, gamma 1.148496E-01, time 17.240ms
[INFO   ] DREAMPlace - full step 47.254 ms
[DEBUG  ] dreamplace.ops.weighted_average_wirelength.weighted_average_wirelength - wirelength forward 0.079 ms
[DEBUG  ] dreamplace.ops.electric_potential.electric_potential - density forward 1.312 ms
[DEBUG  ] dreamplace.ops.electric_potential.electric_potential - density forward 1.063 ms
[DEBUG  ] dreamplace.ops.electric_potential.electric_potential - density backward 0.784 ms
[DEBUG  ] dreamplace.ops.electric_potential.electric_potential - density backward 1.020 ms
[DEBUG  ] dreamplace.ops.weighted_average_wirelength.weighted_average_wirelength - wirelength backward 0.137 ms
[INFO   ] DREAMPlace - optimizer step 28.505 ms
[INFO   ] DREAMPlace - iteration  673, (  95,  0,  1), Obj 8.947555E+05, NetCrossing 5.956E+02, NetCrossingWeight 1.000000E-01, DensityWeight 2.502133E+02, HPWL 1.512061E+04, Overflow 1.535249E-04, MaxDensity 1.145E+00, MacroOverlap 1.880E-07, MacroOverlapWeight 1.500000E+00, gamma 1.148496E-01, time 17.027ms
[INFO   ] DREAMPlace - full step 46.093 ms
[DEBUG  ] dreamplace.ops.weighted_average_wirelength.weighted_average_wirelength - wirelength forward 0.080 ms
[DEBUG  ] dreamplace.ops.electric_potential.electric_potential - density forward 1.303 ms
[DEBUG  ] dreamplace.ops.electric_potential.electric_potential - density forward 1.101 ms
[DEBUG  ] dreamplace.ops.electric_potential.electric_potential - density backward 0.792 ms
[DEBUG  ] dreamplace.ops.electric_potential.electric_potential - density backward 1.007 ms
[DEBUG  ] dreamplace.ops.weighted_average_wirelength.weighted_average_wirelength - wirelength backward 0.138 ms
[INFO   ] DREAMPlace - optimizer step 29.011 ms
[INFO   ] DREAMPlace - iteration  674, (  95,  1,  0), Obj 9.537080E+05, NetCrossing 5.937E+02, NetCrossingWeight 1.000000E-01, DensityWeight 2.730945E+02, HPWL 1.512701E+04, Overflow 1.522150E-04, MaxDensity 1.147E+00, MacroOverlap 1.892E-07, MacroOverlapWeight 1.500000E+00, gamma 1.148496E-01, time 16.417ms
[INFO   ] DREAMPlace - full step 46.012 ms
[DEBUG  ] dreamplace.ops.weighted_average_wirelength.weighted_average_wirelength - wirelength forward 0.077 ms
[DEBUG  ] dreamplace.ops.electric_potential.electric_potential - density forward 1.325 ms
[DEBUG  ] dreamplace.ops.electric_potential.electric_potential - density forward 1.139 ms
[DEBUG  ] dreamplace.ops.electric_potential.electric_potential - density backward 0.782 ms
[DEBUG  ] dreamplace.ops.electric_potential.electric_potential - density backward 1.019 ms
[DEBUG  ] dreamplace.ops.weighted_average_wirelength.weighted_average_wirelength - wirelength backward 0.132 ms
[INFO   ] DREAMPlace - optimizer step 28.651 ms
[INFO   ] DREAMPlace - iteration  675, (  95,  1,  1), Obj 1.006196E+06, NetCrossing 5.921E+02, NetCrossingWeight 1.000000E-01, DensityWeight 2.730945E+02, HPWL 1.513137E+04, Overflow 1.521968E-04, MaxDensity 1.150E+00, MacroOverlap 1.921E-07, MacroOverlapWeight 1.500000E+00, gamma 1.148496E-01, time 16.337ms
[INFO   ] DREAMPlace - full step 45.584 ms
[INFO   ] DREAMPlace - Lsub stopping criteria: 1 and 1.0062e+06 > 953708 * 0.999
[INFO   ] DREAMPlace - Llambda stopping criteria: 1 and (( 0.000152197 < 0.1 and 15131.4 > 15120.6 ) or 1.1502 < 1.0)
[DEBUG  ] dreamplace.ops.weighted_average_wirelength.weighted_average_wirelength - wirelength forward 0.076 ms
[DEBUG  ] dreamplace.ops.electric_potential.electric_potential - density forward 1.245 ms
[DEBUG  ] dreamplace.ops.electric_potential.electric_potential - density forward 1.253 ms
[DEBUG  ] dreamplace.ops.electric_potential.electric_potential - density backward 0.801 ms
[DEBUG  ] dreamplace.ops.electric_potential.electric_potential - density backward 0.984 ms
[DEBUG  ] dreamplace.ops.weighted_average_wirelength.weighted_average_wirelength - wirelength backward 0.125 ms
[INFO   ] DREAMPlace - optimizer step 28.604 ms
[INFO   ] DREAMPlace - iteration  676, (  96,  0,  0), Obj 1.093718E+06, NetCrossing 5.919E+02, NetCrossingWeight 1.000000E-01, DensityWeight 2.980683E+02, HPWL 1.513657E+04, Overflow 1.526363E-04, MaxDensity 1.154E+00, MacroOverlap 1.942E-07, MacroOverlapWeight 1.500000E+00, gamma 1.148475E-01, time 16.552ms
[INFO   ] DREAMPlace - full step 45.695 ms
[DEBUG  ] dreamplace.ops.weighted_average_wirelength.weighted_average_wirelength - wirelength forward 0.075 ms
[DEBUG  ] dreamplace.ops.electric_potential.electric_potential - density forward 1.306 ms
[DEBUG  ] dreamplace.ops.electric_potential.electric_potential - density forward 1.134 ms
[DEBUG  ] dreamplace.ops.electric_potential.electric_potential - density backward 0.774 ms
[DEBUG  ] dreamplace.ops.electric_potential.electric_potential - density backward 1.000 ms
[DEBUG  ] dreamplace.ops.weighted_average_wirelength.weighted_average_wirelength - wirelength backward 0.139 ms
[INFO   ] DREAMPlace - optimizer step 28.790 ms
[INFO   ] DREAMPlace - iteration  677, (  96,  0,  1), Obj 1.113665E+06, NetCrossing 5.941E+02, NetCrossingWeight 1.000000E-01, DensityWeight 2.980683E+02, HPWL 1.514207E+04, Overflow 1.537318E-04, MaxDensity 1.157E+00, MacroOverlap 1.960E-07, MacroOverlapWeight 1.500000E+00, gamma 1.148475E-01, time 16.939ms
[INFO   ] DREAMPlace - full step 46.246 ms
[INFO   ] DREAMPlace - Lsub stopping criteria: 1 and 1.11367e+06 > 1.09372e+06 * 0.999
[DEBUG  ] dreamplace.ops.weighted_average_wirelength.weighted_average_wirelength - wirelength forward 0.070 ms
[DEBUG  ] dreamplace.ops.electric_potential.electric_potential - density forward 1.316 ms
[DEBUG  ] dreamplace.ops.electric_potential.electric_potential - density forward 1.070 ms
[DEBUG  ] dreamplace.ops.electric_potential.electric_potential - density backward 0.790 ms
[DEBUG  ] dreamplace.ops.electric_potential.electric_potential - density backward 1.006 ms
[DEBUG  ] dreamplace.ops.weighted_average_wirelength.weighted_average_wirelength - wirelength backward 0.135 ms
[INFO   ] DREAMPlace - optimizer step 28.658 ms
[INFO   ] DREAMPlace - iteration  678, (  96,  1,  0), Obj 1.144501E+06, NetCrossing 5.899E+02, NetCrossingWeight 1.000000E-01, DensityWeight 3.253259E+02, HPWL 1.514757E+04, Overflow 1.539818E-04, MaxDensity 1.160E+00, MacroOverlap 1.949E-07, MacroOverlapWeight 1.500000E+00, gamma 1.148475E-01, time 16.938ms
[INFO   ] DREAMPlace - full step 46.131 ms
[DEBUG  ] dreamplace.ops.weighted_average_wirelength.weighted_average_wirelength - wirelength forward 0.072 ms
[DEBUG  ] dreamplace.ops.electric_potential.electric_potential - density forward 1.424 ms
[DEBUG  ] dreamplace.ops.electric_potential.electric_potential - density forward 1.039 ms
[DEBUG  ] dreamplace.ops.electric_potential.electric_potential - density backward 0.779 ms
[DEBUG  ] dreamplace.ops.electric_potential.electric_potential - density backward 1.004 ms
[DEBUG  ] dreamplace.ops.weighted_average_wirelength.weighted_average_wirelength - wirelength backward 0.151 ms
[INFO   ] DREAMPlace - optimizer step 28.969 ms
[INFO   ] DREAMPlace - iteration  679, (  96,  1,  1), Obj 1.191708E+06, NetCrossing 5.914E+02, NetCrossingWeight 1.000000E-01, DensityWeight 3.253259E+02, HPWL 1.515348E+04, Overflow 1.544534E-04, MaxDensity 1.160E+00, MacroOverlap 1.915E-07, MacroOverlapWeight 1.500000E+00, gamma 1.148475E-01, time 15.636ms
[INFO   ] DREAMPlace - full step 45.210 ms
[INFO   ] DREAMPlace - Lsub stopping criteria: 1 and 1.19171e+06 > 1.1445e+06 * 0.999
[INFO   ] DREAMPlace - Llambda stopping criteria: 1 and (( 0.000154453 < 0.1 and 15153.5 > 15142.1 ) or 1.16002 < 1.0)
[DEBUG  ] dreamplace.ops.weighted_average_wirelength.weighted_average_wirelength - wirelength forward 0.070 ms
[DEBUG  ] dreamplace.ops.electric_potential.electric_potential - density forward 1.481 ms
[DEBUG  ] dreamplace.ops.electric_potential.electric_potential - density forward 1.097 ms
[DEBUG  ] dreamplace.ops.electric_potential.electric_potential - density backward 0.778 ms
[DEBUG  ] dreamplace.ops.electric_potential.electric_potential - density backward 1.009 ms
[DEBUG  ] dreamplace.ops.weighted_average_wirelength.weighted_average_wirelength - wirelength backward 0.138 ms
[INFO   ] DREAMPlace - optimizer step 29.780 ms
[INFO   ] DREAMPlace - iteration  680, (  97,  0,  0), Obj 1.279764E+06, NetCrossing 5.927E+02, NetCrossingWeight 1.000000E-01, DensityWeight 3.550760E+02, HPWL 1.515909E+04, Overflow 1.545709E-04, MaxDensity 1.159E+00, MacroOverlap 1.872E-07, MacroOverlapWeight 1.500000E+00, gamma 1.148489E-01, time 16.168ms
[INFO   ] DREAMPlace - full step 46.587 ms
[DEBUG  ] dreamplace.ops.weighted_average_wirelength.weighted_average_wirelength - wirelength forward 0.081 ms
[DEBUG  ] dreamplace.ops.electric_potential.electric_potential - density forward 1.302 ms
[DEBUG  ] dreamplace.ops.electric_potential.electric_potential - density forward 1.030 ms
[DEBUG  ] dreamplace.ops.electric_potential.electric_potential - density backward 0.781 ms
[DEBUG  ] dreamplace.ops.electric_potential.electric_potential - density backward 1.017 ms
[DEBUG  ] dreamplace.ops.weighted_average_wirelength.weighted_average_wirelength - wirelength backward 0.137 ms
[INFO   ] DREAMPlace - optimizer step 28.947 ms
[INFO   ] DREAMPlace - iteration  681, (  97,  0,  1), Obj 1.318652E+06, NetCrossing 5.916E+02, NetCrossingWeight 1.000000E-01, DensityWeight 3.550760E+02, HPWL 1.516463E+04, Overflow 1.547775E-04, MaxDensity 1.158E+00, MacroOverlap 1.851E-07, MacroOverlapWeight 1.500000E+00, gamma 1.148489E-01, time 16.745ms
[INFO   ] DREAMPlace - full step 46.276 ms
[INFO   ] DREAMPlace - Lsub stopping criteria: 1 and 1.31865e+06 > 1.27976e+06 * 0.999
[DEBUG  ] dreamplace.ops.weighted_average_wirelength.weighted_average_wirelength - wirelength forward 0.073 ms
[DEBUG  ] dreamplace.ops.electric_potential.electric_potential - density forward 1.373 ms
[DEBUG  ] dreamplace.ops.electric_potential.electric_potential - density forward 1.142 ms
[DEBUG  ] dreamplace.ops.electric_potential.electric_potential - density backward 0.825 ms
[DEBUG  ] dreamplace.ops.electric_potential.electric_potential - density backward 0.959 ms
[DEBUG  ] dreamplace.ops.weighted_average_wirelength.weighted_average_wirelength - wirelength backward 0.112 ms
[INFO   ] DREAMPlace - optimizer step 28.023 ms
[INFO   ] DREAMPlace - iteration  682, (  97,  1,  0), Obj 1.393870E+06, NetCrossing 5.886E+02, NetCrossingWeight 1.000000E-01, DensityWeight 3.875468E+02, HPWL 1.516972E+04, Overflow 1.547359E-04, MaxDensity 1.162E+00, MacroOverlap 1.851E-07, MacroOverlapWeight 1.500000E+00, gamma 1.148489E-01, time 16.862ms
[INFO   ] DREAMPlace - full step 45.398 ms
[DEBUG  ] dreamplace.ops.weighted_average_wirelength.weighted_average_wirelength - wirelength forward 0.078 ms
[DEBUG  ] dreamplace.ops.electric_potential.electric_potential - density forward 1.328 ms
[DEBUG  ] dreamplace.ops.electric_potential.electric_potential - density forward 1.061 ms
[DEBUG  ] dreamplace.ops.electric_potential.electric_potential - density backward 0.802 ms
[DEBUG  ] dreamplace.ops.electric_potential.electric_potential - density backward 0.989 ms
[DEBUG  ] dreamplace.ops.weighted_average_wirelength.weighted_average_wirelength - wirelength backward 0.125 ms
[INFO   ] DREAMPlace - optimizer step 28.634 ms
[INFO   ] DREAMPlace - iteration  683, (  97,  1,  1), Obj 1.438504E+06, NetCrossing 5.913E+02, NetCrossingWeight 1.000000E-01, DensityWeight 3.875468E+02, HPWL 1.517453E+04, Overflow 1.546182E-04, MaxDensity 1.162E+00, MacroOverlap 1.858E-07, MacroOverlapWeight 1.500000E+00, gamma 1.148489E-01, time 16.935ms
[INFO   ] DREAMPlace - full step 46.106 ms
[INFO   ] DREAMPlace - Lsub stopping criteria: 1 and 1.4385e+06 > 1.39387e+06 * 0.999
[INFO   ] DREAMPlace - Llambda stopping criteria: 1 and (( 0.000154618 < 0.1 and 15174.5 > 15164.6 ) or 1.16224 < 1.0)
[DEBUG  ] dreamplace.ops.weighted_average_wirelength.weighted_average_wirelength - wirelength forward 0.076 ms
[DEBUG  ] dreamplace.ops.electric_potential.electric_potential - density forward 3.900 ms
[DEBUG  ] dreamplace.ops.electric_potential.electric_potential - density forward 1.160 ms
[DEBUG  ] dreamplace.ops.electric_potential.electric_potential - density backward 0.782 ms
[DEBUG  ] dreamplace.ops.electric_potential.electric_potential - density backward 1.005 ms
[DEBUG  ] dreamplace.ops.weighted_average_wirelength.weighted_average_wirelength - wirelength backward 0.136 ms
[INFO   ] DREAMPlace - optimizer step 32.053 ms
[INFO   ] DREAMPlace - iteration  684, (  98,  0,  0), Obj 1.569083E+06, NetCrossing 5.884E+02, NetCrossingWeight 1.000000E-01, DensityWeight 4.229870E+02, HPWL 1.517874E+04, Overflow 1.534037E-04, MaxDensity 1.165E+00, MacroOverlap 1.865E-07, MacroOverlapWeight 1.500000E+00, gamma 1.148490E-01, time 17.283ms
[INFO   ] DREAMPlace - full step 49.884 ms
[DEBUG  ] dreamplace.ops.weighted_average_wirelength.weighted_average_wirelength - wirelength forward 0.084 ms
[DEBUG  ] dreamplace.ops.electric_potential.electric_potential - density forward 1.435 ms
[DEBUG  ] dreamplace.ops.electric_potential.electric_potential - density forward 1.111 ms
[DEBUG  ] dreamplace.ops.electric_potential.electric_potential - density backward 0.787 ms
[DEBUG  ] dreamplace.ops.electric_potential.electric_potential - density backward 1.001 ms
[DEBUG  ] dreamplace.ops.weighted_average_wirelength.weighted_average_wirelength - wirelength backward 0.132 ms
[INFO   ] DREAMPlace - optimizer step 29.094 ms
[INFO   ] DREAMPlace - iteration  685, (  98,  0,  1), Obj 1.587156E+06, NetCrossing 5.954E+02, NetCrossingWeight 1.000000E-01, DensityWeight 4.229870E+02, HPWL 1.518226E+04, Overflow 1.527697E-04, MaxDensity 1.164E+00, MacroOverlap 1.881E-07, MacroOverlapWeight 1.500000E+00, gamma 1.148490E-01, time 16.470ms
[INFO   ] DREAMPlace - full step 46.104 ms
[INFO   ] DREAMPlace - Lsub stopping criteria: 1 and 1.58716e+06 > 1.56908e+06 * 0.999
[DEBUG  ] dreamplace.ops.weighted_average_wirelength.weighted_average_wirelength - wirelength forward 0.075 ms
[DEBUG  ] dreamplace.ops.electric_potential.electric_potential - density forward 1.301 ms
[DEBUG  ] dreamplace.ops.electric_potential.electric_potential - density forward 1.035 ms
[DEBUG  ] dreamplace.ops.electric_potential.electric_potential - density backward 0.786 ms
[DEBUG  ] dreamplace.ops.electric_potential.electric_potential - density backward 1.004 ms
[DEBUG  ] dreamplace.ops.weighted_average_wirelength.weighted_average_wirelength - wirelength backward 0.133 ms
[INFO   ] DREAMPlace - optimizer step 28.934 ms
[INFO   ] DREAMPlace - iteration  686, (  98,  1,  0), Obj 1.675736E+06, NetCrossing 5.873E+02, NetCrossingWeight 1.000000E-01, DensityWeight 4.616684E+02, HPWL 1.518698E+04, Overflow 1.519436E-04, MaxDensity 1.168E+00, MacroOverlap 1.879E-07, MacroOverlapWeight 1.500000E+00, gamma 1.148490E-01, time 16.168ms
[INFO   ] DREAMPlace - full step 45.632 ms
[DEBUG  ] dreamplace.ops.weighted_average_wirelength.weighted_average_wirelength - wirelength forward 0.076 ms
[DEBUG  ] dreamplace.ops.electric_potential.electric_potential - density forward 1.325 ms
[DEBUG  ] dreamplace.ops.electric_potential.electric_potential - density forward 1.137 ms
[DEBUG  ] dreamplace.ops.electric_potential.electric_potential - density backward 0.797 ms
[DEBUG  ] dreamplace.ops.electric_potential.electric_potential - density backward 1.006 ms
[DEBUG  ] dreamplace.ops.weighted_average_wirelength.weighted_average_wirelength - wirelength backward 0.135 ms
[INFO   ] DREAMPlace - optimizer step 29.104 ms
[INFO   ] DREAMPlace - iteration  687, (  98,  1,  1), Obj 1.710875E+06, NetCrossing 5.952E+02, NetCrossingWeight 1.000000E-01, DensityWeight 4.616684E+02, HPWL 1.519117E+04, Overflow 1.514528E-04, MaxDensity 1.175E+00, MacroOverlap 1.887E-07, MacroOverlapWeight 1.500000E+00, gamma 1.148490E-01, time 16.786ms
[INFO   ] DREAMPlace - full step 46.427 ms
[INFO   ] DREAMPlace - Lsub stopping criteria: 1 and 1.71088e+06 > 1.67574e+06 * 0.999
[INFO   ] DREAMPlace - Llambda stopping criteria: 1 and (( 0.000151453 < 0.1 and 15191.2 > 15182.3 ) or 1.17472 < 1.0)
[DEBUG  ] dreamplace.ops.weighted_average_wirelength.weighted_average_wirelength - wirelength forward 0.074 ms
[DEBUG  ] dreamplace.ops.electric_potential.electric_potential - density forward 1.274 ms
[DEBUG  ] dreamplace.ops.electric_potential.electric_potential - density forward 1.090 ms
[DEBUG  ] dreamplace.ops.electric_potential.electric_potential - density backward 0.794 ms
[DEBUG  ] dreamplace.ops.electric_potential.electric_potential - density backward 1.000 ms
[DEBUG  ] dreamplace.ops.weighted_average_wirelength.weighted_average_wirelength - wirelength backward 0.139 ms
[INFO   ] DREAMPlace - optimizer step 28.619 ms
[INFO   ] DREAMPlace - iteration  688, (  99,  0,  0), Obj 1.792919E+06, NetCrossing 5.997E+02, NetCrossingWeight 1.000000E-01, DensityWeight 5.038870E+02, HPWL 1.519528E+04, Overflow 1.506351E-04, MaxDensity 1.174E+00, MacroOverlap 1.869E-07, MacroOverlapWeight 1.500000E+00, gamma 1.148471E-01, time 16.382ms
[INFO   ] DREAMPlace - full step 45.521 ms
[DEBUG  ] dreamplace.ops.weighted_average_wirelength.weighted_average_wirelength - wirelength forward 0.076 ms
[DEBUG  ] dreamplace.ops.electric_potential.electric_potential - density forward 1.303 ms
[DEBUG  ] dreamplace.ops.electric_potential.electric_potential - density forward 1.031 ms
[DEBUG  ] dreamplace.ops.electric_potential.electric_potential - density backward 0.787 ms
[DEBUG  ] dreamplace.ops.electric_potential.electric_potential - density backward 1.005 ms
[DEBUG  ] dreamplace.ops.weighted_average_wirelength.weighted_average_wirelength - wirelength backward 0.139 ms
[INFO   ] DREAMPlace - optimizer step 28.731 ms
[INFO   ] DREAMPlace - iteration  689, (  99,  0,  1), Obj 1.839503E+06, NetCrossing 5.917E+02, NetCrossingWeight 1.000000E-01, DensityWeight 5.038870E+02, HPWL 1.520006E+04, Overflow 1.496644E-04, MaxDensity 1.177E+00, MacroOverlap 1.830E-07, MacroOverlapWeight 1.500000E+00, gamma 1.148471E-01, time 17.008ms
[INFO   ] DREAMPlace - full step 46.258 ms
[INFO   ] DREAMPlace - Lsub stopping criteria: 1 and 1.8395e+06 > 1.79292e+06 * 0.999
[DEBUG  ] dreamplace.ops.weighted_average_wirelength.weighted_average_wirelength - wirelength forward 0.072 ms
[DEBUG  ] dreamplace.ops.electric_potential.electric_potential - density forward 1.266 ms
[DEBUG  ] dreamplace.ops.electric_potential.electric_potential - density forward 1.034 ms
[DEBUG  ] dreamplace.ops.electric_potential.electric_potential - density backward 0.785 ms
[DEBUG  ] dreamplace.ops.electric_potential.electric_potential - density backward 1.002 ms
[DEBUG  ] dreamplace.ops.weighted_average_wirelength.weighted_average_wirelength - wirelength backward 0.136 ms
[INFO   ] DREAMPlace - optimizer step 28.644 ms
[INFO   ] DREAMPlace - iteration  690, (  99,  1,  0), Obj 1.950399E+06, NetCrossing 5.967E+02, NetCrossingWeight 1.000000E-01, DensityWeight 5.499663E+02, HPWL 1.520602E+04, Overflow 1.494790E-04, MaxDensity 1.174E+00, MacroOverlap 1.787E-07, MacroOverlapWeight 1.500000E+00, gamma 1.148471E-01, time 17.169ms
[INFO   ] DREAMPlace - full step 46.336 ms
[DEBUG  ] dreamplace.ops.weighted_average_wirelength.weighted_average_wirelength - wirelength forward 0.079 ms
[DEBUG  ] dreamplace.ops.electric_potential.electric_potential - density forward 1.301 ms
[DEBUG  ] dreamplace.ops.electric_potential.electric_potential - density forward 1.140 ms
[DEBUG  ] dreamplace.ops.electric_potential.electric_potential - density backward 0.781 ms
[DEBUG  ] dreamplace.ops.electric_potential.electric_potential - density backward 1.003 ms
[DEBUG  ] dreamplace.ops.weighted_average_wirelength.weighted_average_wirelength - wirelength backward 0.137 ms
[INFO   ] DREAMPlace - optimizer step 28.592 ms
[INFO   ] DREAMPlace - iteration  691, (  99,  1,  1), Obj 2.048958E+06, NetCrossing 5.947E+02, NetCrossingWeight 1.000000E-01, DensityWeight 5.499663E+02, HPWL 1.521087E+04, Overflow 1.495621E-04, MaxDensity 1.178E+00, MacroOverlap 1.742E-07, MacroOverlapWeight 1.500000E+00, gamma 1.148471E-01, time 16.239ms
[INFO   ] DREAMPlace - full step 45.432 ms
[INFO   ] DREAMPlace - Lsub stopping criteria: 1 and 2.04896e+06 > 1.9504e+06 * 0.999
[INFO   ] DREAMPlace - Llambda stopping criteria: 1 and (( 0.000149562 < 0.1 and 15210.9 > 15200.1 ) or 1.17838 < 1.0)
[DEBUG  ] dreamplace.ops.weighted_average_wirelength.weighted_average_wirelength - wirelength forward 0.070 ms
[DEBUG  ] dreamplace.ops.electric_potential.electric_potential - density forward 1.259 ms
[DEBUG  ] dreamplace.ops.electric_potential.electric_potential - density forward 1.021 ms
[DEBUG  ] dreamplace.ops.electric_potential.electric_potential - density backward 0.790 ms
[DEBUG  ] dreamplace.ops.electric_potential.electric_potential - density backward 1.005 ms
[DEBUG  ] dreamplace.ops.weighted_average_wirelength.weighted_average_wirelength - wirelength backward 0.137 ms
[INFO   ] DREAMPlace - optimizer step 28.576 ms
[INFO   ] DREAMPlace - iteration  692, ( 100,  0,  0), Obj 2.126084E+06, NetCrossing 5.965E+02, NetCrossingWeight 1.000000E-01, DensityWeight 6.002593E+02, HPWL 1.521406E+04, Overflow 1.501340E-04, MaxDensity 1.182E+00, MacroOverlap 1.695E-07, MacroOverlapWeight 1.500000E+00, gamma 1.148460E-01, time 16.574ms
[INFO   ] DREAMPlace - full step 45.727 ms
[DEBUG  ] dreamplace.ops.weighted_average_wirelength.weighted_average_wirelength - wirelength forward 0.072 ms
[DEBUG  ] dreamplace.ops.electric_potential.electric_potential - density forward 1.239 ms
[DEBUG  ] dreamplace.ops.electric_potential.electric_potential - density forward 1.020 ms
[DEBUG  ] dreamplace.ops.electric_potential.electric_potential - density backward 0.785 ms
[DEBUG  ] dreamplace.ops.electric_potential.electric_potential - density backward 1.005 ms
[DEBUG  ] dreamplace.ops.weighted_average_wirelength.weighted_average_wirelength - wirelength backward 0.134 ms
[INFO   ] DREAMPlace - optimizer step 28.259 ms
[INFO   ] DREAMPlace - iteration  693, ( 100,  0,  1), Obj 2.210091E+06, NetCrossing 5.974E+02, NetCrossingWeight 1.000000E-01, DensityWeight 6.002593E+02, HPWL 1.521550E+04, Overflow 1.508622E-04, MaxDensity 1.187E+00, MacroOverlap 1.659E-07, MacroOverlapWeight 1.500000E+00, gamma 1.148460E-01, time 16.844ms
[INFO   ] DREAMPlace - full step 45.640 ms
[INFO   ] DREAMPlace - Lsub stopping criteria: 1 and 2.21009e+06 > 2.12608e+06 * 0.999
[DEBUG  ] dreamplace.ops.weighted_average_wirelength.weighted_average_wirelength - wirelength forward 0.072 ms
[DEBUG  ] dreamplace.ops.electric_potential.electric_potential - density forward 1.417 ms
[DEBUG  ] dreamplace.ops.electric_potential.electric_potential - density forward 1.048 ms
[DEBUG  ] dreamplace.ops.electric_potential.electric_potential - density backward 0.782 ms
[DEBUG  ] dreamplace.ops.electric_potential.electric_potential - density backward 1.020 ms
[DEBUG  ] dreamplace.ops.weighted_average_wirelength.weighted_average_wirelength - wirelength backward 0.136 ms
[INFO   ] DREAMPlace - optimizer step 28.885 ms
[INFO   ] DREAMPlace - iteration  694, ( 100,  1,  0), Obj 2.343703E+06, NetCrossing 5.920E+02, NetCrossingWeight 1.000000E-01, DensityWeight 6.551525E+02, HPWL 1.521721E+04, Overflow 1.513960E-04, MaxDensity 1.192E+00, MacroOverlap 1.625E-07, MacroOverlapWeight 1.500000E+00, gamma 1.148460E-01, time 16.754ms
[INFO   ] DREAMPlace - full step 46.147 ms
[DEBUG  ] dreamplace.ops.weighted_average_wirelength.weighted_average_wirelength - wirelength forward 0.072 ms
[DEBUG  ] dreamplace.ops.electric_potential.electric_potential - density forward 1.285 ms
[DEBUG  ] dreamplace.ops.electric_potential.electric_potential - density forward 1.149 ms
[DEBUG  ] dreamplace.ops.electric_potential.electric_potential - density backward 0.793 ms
[DEBUG  ] dreamplace.ops.electric_potential.electric_potential - density backward 1.004 ms
[DEBUG  ] dreamplace.ops.weighted_average_wirelength.weighted_average_wirelength - wirelength backward 0.136 ms
[INFO   ] DREAMPlace - optimizer step 28.882 ms
[INFO   ] DREAMPlace - iteration  695, ( 100,  1,  1), Obj 2.511592E+06, NetCrossing 5.929E+02, NetCrossingWeight 1.000000E-01, DensityWeight 6.551525E+02, HPWL 1.521865E+04, Overflow 1.516386E-04, MaxDensity 1.198E+00, MacroOverlap 1.609E-07, MacroOverlapWeight 1.500000E+00, gamma 1.148460E-01, time 16.538ms
[INFO   ] DREAMPlace - full step 45.939 ms
[INFO   ] DREAMPlace - Lsub stopping criteria: 1 and 2.51159e+06 > 2.3437e+06 * 0.999
[INFO   ] DREAMPlace - Llambda stopping criteria: 1 and (( 0.000151639 < 0.1 and 15218.7 > 15215.5 ) or 1.19792 < 1.0)
[DEBUG  ] dreamplace.ops.weighted_average_wirelength.weighted_average_wirelength - wirelength forward 0.072 ms
[DEBUG  ] dreamplace.ops.electric_potential.electric_potential - density forward 1.369 ms
[DEBUG  ] dreamplace.ops.electric_potential.electric_potential - density forward 1.043 ms
[DEBUG  ] dreamplace.ops.electric_potential.electric_potential - density backward 0.785 ms
[DEBUG  ] dreamplace.ops.electric_potential.electric_potential - density backward 1.004 ms
[DEBUG  ] dreamplace.ops.weighted_average_wirelength.weighted_average_wirelength - wirelength backward 0.133 ms
[INFO   ] DREAMPlace - optimizer step 28.727 ms
[INFO   ] DREAMPlace - iteration  696, ( 101,  0,  0), Obj 2.551940E+06, NetCrossing 5.944E+02, NetCrossingWeight 1.000000E-01, DensityWeight 7.150657E+02, HPWL 1.522242E+04, Overflow 1.518046E-04, MaxDensity 1.202E+00, MacroOverlap 1.611E-07, MacroOverlapWeight 1.500000E+00, gamma 1.148472E-01, time 16.690ms
[INFO   ] DREAMPlace - full step 45.952 ms
[DEBUG  ] dreamplace.ops.weighted_average_wirelength.weighted_average_wirelength - wirelength forward 0.074 ms
[DEBUG  ] dreamplace.ops.electric_potential.electric_potential - density forward 1.369 ms
[DEBUG  ] dreamplace.ops.electric_potential.electric_potential - density forward 1.032 ms
[DEBUG  ] dreamplace.ops.electric_potential.electric_potential - density backward 0.786 ms
[DEBUG  ] dreamplace.ops.electric_potential.electric_potential - density backward 1.001 ms
[DEBUG  ] dreamplace.ops.weighted_average_wirelength.weighted_average_wirelength - wirelength backward 0.138 ms
[INFO   ] DREAMPlace - optimizer step 28.548 ms
[INFO   ] DREAMPlace - iteration  697, ( 101,  0,  1), Obj 2.547839E+06, NetCrossing 5.916E+02, NetCrossingWeight 1.000000E-01, DensityWeight 7.150657E+02, HPWL 1.522579E+04, Overflow 1.521842E-04, MaxDensity 1.205E+00, MacroOverlap 1.629E-07, MacroOverlapWeight 1.500000E+00, gamma 1.148472E-01, time 16.052ms
[INFO   ] DREAMPlace - full step 45.203 ms
[DEBUG  ] dreamplace.ops.weighted_average_wirelength.weighted_average_wirelength - wirelength forward 0.067 ms
[DEBUG  ] dreamplace.ops.electric_potential.electric_potential - density forward 1.300 ms
[DEBUG  ] dreamplace.ops.electric_potential.electric_potential - density forward 1.034 ms
[DEBUG  ] dreamplace.ops.electric_potential.electric_potential - density backward 0.797 ms
[DEBUG  ] dreamplace.ops.electric_potential.electric_potential - density backward 1.004 ms
[DEBUG  ] dreamplace.ops.weighted_average_wirelength.weighted_average_wirelength - wirelength backward 0.133 ms
[INFO   ] DREAMPlace - optimizer step 28.291 ms
[INFO   ] DREAMPlace - iteration  698, ( 101,  1,  0), Obj 2.740386E+06, NetCrossing 5.953E+02, NetCrossingWeight 1.000000E-01, DensityWeight 7.804573E+02, HPWL 1.522923E+04, Overflow 1.521489E-04, MaxDensity 1.206E+00, MacroOverlap 1.636E-07, MacroOverlapWeight 1.500000E+00, gamma 1.148472E-01, time 16.240ms
[INFO   ] DREAMPlace - full step 45.064 ms
[DEBUG  ] dreamplace.ops.weighted_average_wirelength.weighted_average_wirelength - wirelength forward 0.063 ms
[DEBUG  ] dreamplace.ops.electric_potential.electric_potential - density forward 1.235 ms
[DEBUG  ] dreamplace.ops.electric_potential.electric_potential - density forward 1.263 ms
[DEBUG  ] dreamplace.ops.electric_potential.electric_potential - density backward 0.787 ms
[DEBUG  ] dreamplace.ops.electric_potential.electric_potential - density backward 1.002 ms
[DEBUG  ] dreamplace.ops.weighted_average_wirelength.weighted_average_wirelength - wirelength backward 0.130 ms
[INFO   ] DREAMPlace - optimizer step 28.236 ms
[INFO   ] DREAMPlace - iteration  699, ( 101,  1,  1), Obj 2.807174E+06, NetCrossing 5.925E+02, NetCrossingWeight 1.000000E-01, DensityWeight 7.804573E+02, HPWL 1.523249E+04, Overflow 1.525955E-04, MaxDensity 1.206E+00, MacroOverlap 1.642E-07, MacroOverlapWeight 1.500000E+00, gamma 1.148472E-01, time 16.014ms
[INFO   ] DREAMPlace - full step 44.729 ms
[INFO   ] DREAMPlace - Lsub stopping criteria: 1 and 2.80717e+06 > 2.74039e+06 * 0.999
[INFO   ] DREAMPlace - Llambda stopping criteria: 1 and (( 0.000152596 < 0.1 and 15232.5 > 15225.8 ) or 1.20568 < 1.0)
[INFO   ] DREAMPlace - Lgamma stopping criteria: 101 > 100 and (( 0.000152596 < 0.1 and 15232.5 > 15218.7 ) or 1.20568 < 1.0)
[INFO   ] DREAMPlace - optimizer nesterov takes 37.975 seconds
[INFO   ] DREAMPlace - Best theta: tensor([0.0000, 0.0000, 0.0000, 0.0000, 0.0000, 0.0000, 0.0000, 0.0000, 0.0000,
        0.0000, 0.0000, 0.0000, 0.0000, 0.0000, 0.0000, 0.0000, 0.0000, 0.0000,
        0.0000, 4.7124, 0.0000, 0.0000, 0.0000, 0.0000, 0.0000, 0.0000, 0.0000,
        4.7124, 0.0000, 0.0000, 0.0000, 0.0000, 0.0000, 0.0000, 0.0000, 0.0000,
        0.0000, 0.0000, 0.0000, 0.0000, 0.0000, 0.0000, 0.0000, 0.0000, 0.0000,
        0.0000, 0.0000, 0.0000, 0.0000, 0.0000, 0.0000, 0.0000, 0.0000, 0.0000,
        0.0000, 1.5708, 0.0000, 0.0000, 0.0000, 0.0000, 0.0000, 0.0000, 0.0000,
        0.0000, 0.0000, 0.0000, 0.0000, 0.0000, 0.0000, 0.0000, 0.0000, 0.0000,
        0.0000, 0.0000, 0.0000, 0.0000, 0.0000, 0.0000, 0.0000, 0.0000, 0.0000,
        0.0000, 0.0000, 0.0000, 0.0000, 0.0000, 0.0000, 0.0000, 0.0000, 0.0000,
        0.0000, 0.0000, 0.0000, 0.0000, 0.0000, 0.0000, 0.0000, 0.0000, 0.0000,
        0.0000, 0.0000, 0.0000, 0.0000, 0.0000, 0.0000, 0.0000, 0.0000, 0.0000,
        0.0000, 0.0000, 0.0000, 0.0000, 0.0000, 0.0000, 0.0000, 0.0000, 0.0000,
        0.0000, 0.0000, 0.0000, 0.0000, 0.0000, 0.0000, 0.0000, 0.0000, 0.0000,
        0.0000, 0.0000, 0.0000, 0.0000, 0.0000, 0.0000, 0.0000, 0.0000, 0.0000,
        0.0000, 0.0000, 0.0000, 0.0000, 0.0000, 0.0000, 0.0000, 0.0000, 0.0000,
        0.0000, 0.0000, 0.0000, 0.0000, 0.0000, 0.0000, 0.0000, 0.0000, 0.0000,
        0.0000, 0.0000, 0.0000, 0.0000, 0.0000, 0.0000, 0.0000, 0.0000, 0.0000,
        0.0000, 0.0000, 0.0000, 0.0000, 0.0000, 0.0000, 0.0000, 0.0000, 0.0000,
        0.0000, 0.0000, 0.0000, 0.0000, 0.0000, 0.0000, 0.0000, 0.0000, 0.0000,
        0.0000, 0.0000, 0.0000, 0.0000, 0.0000, 0.0000, 0.0000, 0.0000, 0.0000,
        0.0000, 0.0000, 0.0000, 0.0000, 0.0000, 0.0000, 0.0000, 0.0000, 0.0000,
        0.0000, 0.0000, 0.0000, 0.0000, 0.0000, 0.0000, 0.0000, 0.0000, 0.0000,
        0.0000, 0.0000, 0.0000, 0.0000, 0.0000, 0.0000, 0.0000, 0.0000, 0.0000,
        0.0000, 0.0000, 0.0000, 0.0000, 0.0000, 0.0000, 0.0000, 0.0000, 4.7124,
        0.0000, 0.0000, 0.0000, 0.0000, 0.0000, 0.0000, 0.0000, 0.0000, 0.0000,
        0.0000, 0.0000, 0.0000, 0.0000, 0.0000, 0.0000, 0.0000, 0.0000, 0.0000,
        0.0000, 0.0000, 0.0000, 0.0000, 0.0000, 0.0000, 1.5708, 0.0000, 0.0000,
        0.0000, 0.0000, 0.0000, 3.1416, 0.0000, 0.0000, 0.0000, 0.0000, 0.0000,
        0.0000, 0.0000, 0.0000, 0.0000, 0.0000, 0.0000, 0.0000, 0.0000, 0.0000,
        0.0000, 0.0000, 0.0000, 0.0000, 0.0000, 0.0000, 0.0000, 0.0000, 0.0000,
        0.0000, 0.0000, 0.0000, 0.0000, 0.0000, 0.0000, 0.0000, 0.0000, 0.0000,
        0.0000, 0.0000, 0.0000, 0.0000, 0.0000, 0.0000, 0.0000, 0.0000, 0.0000,
        0.0000, 0.0000, 0.0000, 0.0000, 0.0000, 0.0000, 0.0000, 0.0000, 0.0000,
        0.0000, 0.0000, 0.0000, 0.0000, 0.0000, 0.0000, 0.0000, 0.0000, 0.0000,
        0.0000, 0.0000, 0.0000, 0.0000, 0.0000, 0.0000, 0.0000, 0.0000, 0.0000,
        0.0000, 0.0000, 0.0000, 0.0000, 0.0000, 0.0000, 0.0000, 0.0000, 0.0000,
        0.0000, 0.0000, 0.0000, 0.0000, 0.0000, 0.0000, 0.0000, 0.0000, 0.0000,
        0.0000, 0.0000, 0.0000, 0.0000, 0.0000, 0.0000, 0.0000, 0.0000, 0.0000,
        0.0000, 0.0000, 0.0000, 0.0000, 0.0000, 0.0000, 0.0000, 0.0000, 0.0000,
        0.0000, 0.0000, 0.0000, 0.0000, 0.0000, 0.0000, 0.0000, 0.0000, 0.0000,
        0.0000, 0.0000, 0.0000, 0.0000, 0.0000, 0.0000, 0.0000, 0.0000, 0.0000,
        0.0000, 0.0000, 0.0000, 0.0000, 0.0000, 0.0000, 1.5708, 0.0000, 0.0000,
        0.0000, 0.0000, 0.0000, 0.0000, 0.0000, 0.0000, 0.0000, 0.0000, 4.7124,
        0.0000, 0.0000, 0.0000, 0.0000, 0.0000, 0.0000, 0.0000, 0.0000, 0.0000,
        3.1416, 0.0000, 0.0000, 0.0000, 0.0000, 0.0000, 0.0000, 0.0000, 0.0000,
        0.0000, 0.0000, 4.7124, 0.0000, 0.0000, 0.0000, 0.0000, 0.0000, 0.0000,
        0.0000, 0.0000, 0.0000, 0.0000, 0.0000, 0.0000, 0.0000, 0.0000, 0.0000,
        0.0000, 0.0000, 0.0000, 0.0000, 0.0000, 0.0000, 0.0000, 0.0000, 0.0000,
        0.0000, 0.0000, 0.0000, 0.0000, 0.0000, 0.0000, 0.0000, 0.0000, 0.0000,
        0.0000, 0.0000, 0.0000, 0.0000, 0.0000, 0.0000, 0.0000, 0.0000, 0.0000,
        0.0000, 0.0000, 0.0000, 0.0000, 0.0000, 0.0000, 0.0000, 0.0000, 0.0000,
        0.0000, 0.0000, 0.0000, 0.0000, 0.0000, 0.0000, 0.0000, 0.0000],
       device='cuda:0')
[INFO   ] DREAMPlace - plotting to ./results/reproduce-may20/small-9/PN42C_A00/run-0_0_1/PN42C_A00/plot/iter9999.png takes 0.047 seconds
[INFO   ] DREAMPlace - plotting to ./results/reproduce-may20/small-9/PN42C_A00/run-0_0_1/PN42C_A00/plot/iter0700.png takes 0.044 seconds
[DEBUG  ] matplotlib.font_manager - findfont: Matching sans\-serif:style=normal:variant=normal:weight=normal:stretch=normal:size=10.0.
[DEBUG  ] matplotlib.font_manager - findfont: score(<Font 'STIXSizeFourSym' (STIXSizFourSymReg.ttf) normal normal 400 normal>) = 10.05
[DEBUG  ] matplotlib.font_manager - findfont: score(<Font 'STIXSizeTwoSym' (STIXSizTwoSymBol.ttf) normal normal 700 normal>) = 10.335
[DEBUG  ] matplotlib.font_manager - findfont: score(<Font 'DejaVu Sans Mono' (DejaVuSansMono.ttf) normal normal 400 normal>) = 10.05
[DEBUG  ] matplotlib.font_manager - findfont: score(<Font 'STIXGeneral' (STIXGeneralBolIta.ttf) italic normal 700 normal>) = 11.335
[DEBUG  ] matplotlib.font_manager - findfont: score(<Font 'cmb10' (cmb10.ttf) normal normal 400 normal>) = 10.05
[DEBUG  ] matplotlib.font_manager - findfont: score(<Font 'STIXSizeFiveSym' (STIXSizFiveSymReg.ttf) normal normal 400 normal>) = 10.05
[DEBUG  ] matplotlib.font_manager - findfont: score(<Font 'DejaVu Serif' (DejaVuSerif-Bold.ttf) normal normal 700 normal>) = 10.335
[DEBUG  ] matplotlib.font_manager - findfont: score(<Font 'DejaVu Serif' (DejaVuSerif-BoldItalic.ttf) italic normal 700 normal>) = 11.335
[DEBUG  ] matplotlib.font_manager - findfont: score(<Font 'DejaVu Sans' (DejaVuSans-Oblique.ttf) oblique normal 400 normal>) = 1.05
[DEBUG  ] matplotlib.font_manager - findfont: score(<Font 'STIXGeneral' (STIXGeneralBol.ttf) normal normal 700 normal>) = 10.335
[DEBUG  ] matplotlib.font_manager - findfont: score(<Font 'DejaVu Sans' (DejaVuSans-BoldOblique.ttf) oblique normal 700 normal>) = 1.335
[DEBUG  ] matplotlib.font_manager - findfont: score(<Font 'STIXNonUnicode' (STIXNonUniIta.ttf) italic normal 400 normal>) = 11.05
[DEBUG  ] matplotlib.font_manager - findfont: score(<Font 'STIXNonUnicode' (STIXNonUniBolIta.ttf) italic normal 700 normal>) = 11.335
[DEBUG  ] matplotlib.font_manager - findfont: score(<Font 'DejaVu Sans Mono' (DejaVuSansMono-Oblique.ttf) oblique normal 400 normal>) = 11.05
[DEBUG  ] matplotlib.font_manager - findfont: score(<Font 'STIXSizeThreeSym' (STIXSizThreeSymReg.ttf) normal normal 400 normal>) = 10.05
[DEBUG  ] matplotlib.font_manager - findfont: score(<Font 'STIXGeneral' (STIXGeneral.ttf) normal normal 400 normal>) = 10.05
[DEBUG  ] matplotlib.font_manager - findfont: score(<Font 'DejaVu Sans Mono' (DejaVuSansMono-BoldOblique.ttf) oblique normal 700 normal>) = 11.335
[DEBUG  ] matplotlib.font_manager - findfont: score(<Font 'DejaVu Serif' (DejaVuSerif.ttf) normal normal 400 normal>) = 10.05
[DEBUG  ] matplotlib.font_manager - findfont: score(<Font 'DejaVu Serif' (DejaVuSerif-Italic.ttf) italic normal 400 normal>) = 11.05
[DEBUG  ] matplotlib.font_manager - findfont: score(<Font 'cmex10' (cmex10.ttf) normal normal 400 normal>) = 10.05
[DEBUG  ] matplotlib.font_manager - findfont: score(<Font 'DejaVu Sans' (DejaVuSans-Bold.ttf) normal normal 700 normal>) = 0.33499999999999996
[DEBUG  ] matplotlib.font_manager - findfont: score(<Font 'cmtt10' (cmtt10.ttf) normal normal 400 normal>) = 10.05
[DEBUG  ] matplotlib.font_manager - findfont: score(<Font 'STIXNonUnicode' (STIXNonUni.ttf) normal normal 400 normal>) = 10.05
[DEBUG  ] matplotlib.font_manager - findfont: score(<Font 'DejaVu Serif Display' (DejaVuSerifDisplay.ttf) normal normal 400 normal>) = 10.05
[DEBUG  ] matplotlib.font_manager - findfont: score(<Font 'cmss10' (cmss10.ttf) normal normal 400 normal>) = 10.05
[DEBUG  ] matplotlib.font_manager - findfont: score(<Font 'cmr10' (cmr10.ttf) normal normal 400 normal>) = 10.05
[DEBUG  ] matplotlib.font_manager - findfont: score(<Font 'cmsy10' (cmsy10.ttf) normal normal 400 normal>) = 10.05
[DEBUG  ] matplotlib.font_manager - findfont: score(<Font 'STIXNonUnicode' (STIXNonUniBol.ttf) normal normal 700 normal>) = 10.335
[DEBUG  ] matplotlib.font_manager - findfont: score(<Font 'STIXSizeFourSym' (STIXSizFourSymBol.ttf) normal normal 700 normal>) = 10.335
[DEBUG  ] matplotlib.font_manager - findfont: score(<Font 'STIXSizeOneSym' (STIXSizOneSymBol.ttf) normal normal 700 normal>) = 10.335
[DEBUG  ] matplotlib.font_manager - findfont: score(<Font 'DejaVu Sans Display' (DejaVuSansDisplay.ttf) normal normal 400 normal>) = 10.05
[DEBUG  ] matplotlib.font_manager - findfont: score(<Font 'DejaVu Sans' (DejaVuSans.ttf) normal normal 400 normal>) = 0.05
[DEBUG  ] matplotlib.font_manager - findfont: score(<Font 'cmmi10' (cmmi10.ttf) normal normal 400 normal>) = 10.05
[DEBUG  ] matplotlib.font_manager - findfont: score(<Font 'STIXGeneral' (STIXGeneralItalic.ttf) italic normal 400 normal>) = 11.05
[DEBUG  ] matplotlib.font_manager - findfont: score(<Font 'DejaVu Sans Mono' (DejaVuSansMono-Bold.ttf) normal normal 700 normal>) = 10.335
[DEBUG  ] matplotlib.font_manager - findfont: score(<Font 'STIXSizeThreeSym' (STIXSizThreeSymBol.ttf) normal normal 700 normal>) = 10.335
[DEBUG  ] matplotlib.font_manager - findfont: score(<Font 'STIXSizeOneSym' (STIXSizOneSymReg.ttf) normal normal 400 normal>) = 10.05
[DEBUG  ] matplotlib.font_manager - findfont: score(<Font 'STIXSizeTwoSym' (STIXSizTwoSymReg.ttf) normal normal 400 normal>) = 10.05
[DEBUG  ] matplotlib.font_manager - findfont: score(<Font 'DejaVu Sans' (DejaVuSans.ttf) normal normal 400 normal>) = 0.05
[DEBUG  ] matplotlib.font_manager - findfont: score(<Font 'DejaVu Serif' (DejaVuSerif.ttf) normal normal 400 normal>) = 10.05
[DEBUG  ] matplotlib.font_manager - findfont: score(<Font 'DejaVu Sans' (DejaVuSans-Bold.ttf) normal normal 700 normal>) = 0.33499999999999996
[DEBUG  ] matplotlib.font_manager - findfont: score(<Font 'DejaVu Sans Mono' (DejaVuSansMono-Bold.ttf) normal normal 700 normal>) = 10.335
[DEBUG  ] matplotlib.font_manager - findfont: score(<Font 'DejaVu Sans Mono' (DejaVuSansMono.ttf) normal normal 400 normal>) = 10.05
[DEBUG  ] matplotlib.font_manager - findfont: score(<Font 'DejaVu Serif' (DejaVuSerif-Bold.ttf) normal normal 700 normal>) = 10.335
[DEBUG  ] matplotlib.font_manager - findfont: Matching sans\-serif:style=normal:variant=normal:weight=normal:stretch=normal:size=10.0 to DejaVu Sans ('/opt/conda/lib/python3.8/site-packages/matplotlib/mpl-data/fonts/ttf/DejaVuSans.ttf') with score of 0.050000.
[DEBUG  ] matplotlib.font_manager - findfont: Matching sans\-serif:style=normal:variant=normal:weight=normal:stretch=normal:size=12.0.
[DEBUG  ] matplotlib.font_manager - findfont: score(<Font 'STIXSizeFourSym' (STIXSizFourSymReg.ttf) normal normal 400 normal>) = 10.05
[DEBUG  ] matplotlib.font_manager - findfont: score(<Font 'STIXSizeTwoSym' (STIXSizTwoSymBol.ttf) normal normal 700 normal>) = 10.335
[DEBUG  ] matplotlib.font_manager - findfont: score(<Font 'DejaVu Sans Mono' (DejaVuSansMono.ttf) normal normal 400 normal>) = 10.05
[DEBUG  ] matplotlib.font_manager - findfont: score(<Font 'STIXGeneral' (STIXGeneralBolIta.ttf) italic normal 700 normal>) = 11.335
[DEBUG  ] matplotlib.font_manager - findfont: score(<Font 'cmb10' (cmb10.ttf) normal normal 400 normal>) = 10.05
[DEBUG  ] matplotlib.font_manager - findfont: score(<Font 'STIXSizeFiveSym' (STIXSizFiveSymReg.ttf) normal normal 400 normal>) = 10.05
[DEBUG  ] matplotlib.font_manager - findfont: score(<Font 'DejaVu Serif' (DejaVuSerif-Bold.ttf) normal normal 700 normal>) = 10.335
[DEBUG  ] matplotlib.font_manager - findfont: score(<Font 'DejaVu Serif' (DejaVuSerif-BoldItalic.ttf) italic normal 700 normal>) = 11.335
[DEBUG  ] matplotlib.font_manager - findfont: score(<Font 'DejaVu Sans' (DejaVuSans-Oblique.ttf) oblique normal 400 normal>) = 1.05
[DEBUG  ] matplotlib.font_manager - findfont: score(<Font 'STIXGeneral' (STIXGeneralBol.ttf) normal normal 700 normal>) = 10.335
[DEBUG  ] matplotlib.font_manager - findfont: score(<Font 'DejaVu Sans' (DejaVuSans-BoldOblique.ttf) oblique normal 700 normal>) = 1.335
[DEBUG  ] matplotlib.font_manager - findfont: score(<Font 'STIXNonUnicode' (STIXNonUniIta.ttf) italic normal 400 normal>) = 11.05
[DEBUG  ] matplotlib.font_manager - findfont: score(<Font 'STIXNonUnicode' (STIXNonUniBolIta.ttf) italic normal 700 normal>) = 11.335
[DEBUG  ] matplotlib.font_manager - findfont: score(<Font 'DejaVu Sans Mono' (DejaVuSansMono-Oblique.ttf) oblique normal 400 normal>) = 11.05
[DEBUG  ] matplotlib.font_manager - findfont: score(<Font 'STIXSizeThreeSym' (STIXSizThreeSymReg.ttf) normal normal 400 normal>) = 10.05
[DEBUG  ] matplotlib.font_manager - findfont: score(<Font 'STIXGeneral' (STIXGeneral.ttf) normal normal 400 normal>) = 10.05
[DEBUG  ] matplotlib.font_manager - findfont: score(<Font 'DejaVu Sans Mono' (DejaVuSansMono-BoldOblique.ttf) oblique normal 700 normal>) = 11.335
[DEBUG  ] matplotlib.font_manager - findfont: score(<Font 'DejaVu Serif' (DejaVuSerif.ttf) normal normal 400 normal>) = 10.05
[DEBUG  ] matplotlib.font_manager - findfont: score(<Font 'DejaVu Serif' (DejaVuSerif-Italic.ttf) italic normal 400 normal>) = 11.05
[DEBUG  ] matplotlib.font_manager - findfont: score(<Font 'cmex10' (cmex10.ttf) normal normal 400 normal>) = 10.05
[DEBUG  ] matplotlib.font_manager - findfont: score(<Font 'DejaVu Sans' (DejaVuSans-Bold.ttf) normal normal 700 normal>) = 0.33499999999999996
[DEBUG  ] matplotlib.font_manager - findfont: score(<Font 'cmtt10' (cmtt10.ttf) normal normal 400 normal>) = 10.05
[DEBUG  ] matplotlib.font_manager - findfont: score(<Font 'STIXNonUnicode' (STIXNonUni.ttf) normal normal 400 normal>) = 10.05
[DEBUG  ] matplotlib.font_manager - findfont: score(<Font 'DejaVu Serif Display' (DejaVuSerifDisplay.ttf) normal normal 400 normal>) = 10.05
[DEBUG  ] matplotlib.font_manager - findfont: score(<Font 'cmss10' (cmss10.ttf) normal normal 400 normal>) = 10.05
[DEBUG  ] matplotlib.font_manager - findfont: score(<Font 'cmr10' (cmr10.ttf) normal normal 400 normal>) = 10.05
[DEBUG  ] matplotlib.font_manager - findfont: score(<Font 'cmsy10' (cmsy10.ttf) normal normal 400 normal>) = 10.05
[DEBUG  ] matplotlib.font_manager - findfont: score(<Font 'STIXNonUnicode' (STIXNonUniBol.ttf) normal normal 700 normal>) = 10.335
[DEBUG  ] matplotlib.font_manager - findfont: score(<Font 'STIXSizeFourSym' (STIXSizFourSymBol.ttf) normal normal 700 normal>) = 10.335
[DEBUG  ] matplotlib.font_manager - findfont: score(<Font 'STIXSizeOneSym' (STIXSizOneSymBol.ttf) normal normal 700 normal>) = 10.335
[DEBUG  ] matplotlib.font_manager - findfont: score(<Font 'DejaVu Sans Display' (DejaVuSansDisplay.ttf) normal normal 400 normal>) = 10.05
[DEBUG  ] matplotlib.font_manager - findfont: score(<Font 'DejaVu Sans' (DejaVuSans.ttf) normal normal 400 normal>) = 0.05
[DEBUG  ] matplotlib.font_manager - findfont: score(<Font 'cmmi10' (cmmi10.ttf) normal normal 400 normal>) = 10.05
[DEBUG  ] matplotlib.font_manager - findfont: score(<Font 'STIXGeneral' (STIXGeneralItalic.ttf) italic normal 400 normal>) = 11.05
[DEBUG  ] matplotlib.font_manager - findfont: score(<Font 'DejaVu Sans Mono' (DejaVuSansMono-Bold.ttf) normal normal 700 normal>) = 10.335
[DEBUG  ] matplotlib.font_manager - findfont: score(<Font 'STIXSizeThreeSym' (STIXSizThreeSymBol.ttf) normal normal 700 normal>) = 10.335
[DEBUG  ] matplotlib.font_manager - findfont: score(<Font 'STIXSizeOneSym' (STIXSizOneSymReg.ttf) normal normal 400 normal>) = 10.05
[DEBUG  ] matplotlib.font_manager - findfont: score(<Font 'STIXSizeTwoSym' (STIXSizTwoSymReg.ttf) normal normal 400 normal>) = 10.05
[DEBUG  ] matplotlib.font_manager - findfont: score(<Font 'DejaVu Sans' (DejaVuSans.ttf) normal normal 400 normal>) = 0.05
[DEBUG  ] matplotlib.font_manager - findfont: score(<Font 'DejaVu Serif' (DejaVuSerif.ttf) normal normal 400 normal>) = 10.05
[DEBUG  ] matplotlib.font_manager - findfont: score(<Font 'DejaVu Sans' (DejaVuSans-Bold.ttf) normal normal 700 normal>) = 0.33499999999999996
[DEBUG  ] matplotlib.font_manager - findfont: score(<Font 'DejaVu Sans Mono' (DejaVuSansMono-Bold.ttf) normal normal 700 normal>) = 10.335
[DEBUG  ] matplotlib.font_manager - findfont: score(<Font 'DejaVu Sans Mono' (DejaVuSansMono.ttf) normal normal 400 normal>) = 10.05
[DEBUG  ] matplotlib.font_manager - findfont: score(<Font 'DejaVu Serif' (DejaVuSerif-Bold.ttf) normal normal 700 normal>) = 10.335
[DEBUG  ] matplotlib.font_manager - findfont: Matching sans\-serif:style=normal:variant=normal:weight=normal:stretch=normal:size=12.0 to DejaVu Sans ('/opt/conda/lib/python3.8/site-packages/matplotlib/mpl-data/fonts/ttf/DejaVuSans.ttf') with score of 0.050000.
[INFO   ] DREAMPlace - Start legalization
[INFO   ] DREAMPlace - legalization takes 0.244 seconds
[INFO   ] DREAMPlace - iteration  700, HPWL 1.528750E+04, time 0.252ms
[INFO   ] DREAMPlace - plotting to ./results/reproduce-may20/small-9/PN42C_A00/run-0_0_1/PN42C_A00/plot/iter0701.png takes 0.043 seconds
[INFO   ] DREAMPlace - plotting to ./results/reproduce-may20/small-9/PN42C_A00/run-0_0_1/PN42C_A00/plot/iter0701.png takes 0.050 seconds
[INFO   ] DREAMPlace - rsmt computation takes 0.059 seconds
[INFO   ] DREAMPlace - flute rsmt 2.001750E+04
[INFO   ] DREAMPlace - unweighted hpwl 1.528750E+04
[INFO   ] DREAMPlace - net crossing 596
[INFO   ] DREAMPlace - non-linear placement takes 44.40 seconds
[INFO   ] DREAMPlace - writing to ./results/reproduce-may20/small-9/PN42C_A00/run-0_0_1/PN42C_A00/PN42C_A00.gp.pl
[INFO   ] DREAMPlace - writing to ./results/reproduce-may20/small-9/PN42C_A00/run-0_0_1/PN42C_A00/PN42C_A00.gp.pl
[INFO   ] DREAMPlace - write_pl takes 0.002 seconds
[INFO   ] DREAMPlace - write SolutionFileFormat.BOOKSHELF takes 0.002 seconds
[INFO   ] DREAMPlace - writing congestion maps to ./results/reproduce-may20/small-9/PN42C_A00/run-0_0_1/PN42C_A00
[INFO   ] DREAMPlace - max horizontal congestion: 0.607333
[INFO   ] DREAMPlace - max vertical congestion: 0.874623
[DEBUG  ] matplotlib.colorbar - locator: <matplotlib.colorbar._ColorbarAutoLocator object at 0x7fef51358f10>
[DEBUG  ] matplotlib.colorbar - Using auto colorbar locator <matplotlib.colorbar._ColorbarAutoLocator object at 0x7fef51358f10> on colorbar
[DEBUG  ] matplotlib.colorbar - Setting pcolormesh
[DEBUG  ] matplotlib.colorbar - locator: <matplotlib.colorbar._ColorbarAutoLocator object at 0x7fef51393a60>
[DEBUG  ] matplotlib.colorbar - Using auto colorbar locator <matplotlib.colorbar._ColorbarAutoLocator object at 0x7fef51393a60> on colorbar
[DEBUG  ] matplotlib.colorbar - Setting pcolormesh
[INFO   ] DREAMPlace - Congestion score 0.06326748430728912
[INFO   ] DREAMPlace - congestion extraction takes 3.033 seconds
[INFO   ] DREAMPlace - placement takes 47.465 seconds
[INFO   ] DREAMPlace - Final PPA: {'rsmt': 20017.5, 'hpwl': 15287.5, 'congestion': 0.06326748430728912, 'density': 0.8921956733741672, 'net_crossing': 596.5409545898438, 'iteration': 700, 'objective': 2807173.5, 'overflow': 0.0001525955303804949, 'max_density': 1.2056783437728882}
[DEBUG  ] hpbandster.run_0.worker.cadce23de8a9.3339283 - WORKER: done with job (0, 0, 1), trying to register it.
[INFO   ] hpbandster.run_0.worker.cadce23de8a9.3339283 - WORKER: registered result for job (0, 0, 1) with dispatcher
[INFO   ] hpbandster.run_0.worker.cadce23de8a9.3339283 - WORKER: start processing job (0, 0, 4)
[DEBUG  ] hpbandster.run_0.worker.cadce23de8a9.3339283 - WORKER: args: ()
[DEBUG  ] hpbandster.run_0.worker.cadce23de8a9.3339283 - WORKER: kwargs: {'config': {'GP_learning_rate': 0.004183246817101396, 'GP_learning_rate_decay': 0.9954923953404082, 'GP_num_bins_x': 256, 'GP_num_bins_y': 512, 'GP_optimizer': 'adam', 'GP_wirelength': 'weighted_average', 'RePlAce_LOWER_PCOF': 0.9117000079928063, 'RePlAce_UPPER_PCOF': 1.0220955581664983, 'RePlAce_ref_hpwl': 493901, 'density_weight': 0.0452924191728478, 'gamma': 0.44474936012372956, 'init_loc_perc_x': 0.7563535978592761, 'init_loc_perc_y': 0.6826399443791515, 'macro_halo_x': 3, 'macro_halo_y': 3, 'risa_weights': 1, 'stop_overflow': 0.05364044604019319, 'target_density': 0.8912379106335335}, 'budget': 25, 'working_directory': '.'}
