[INFO   ] DREAMPlace - parameters = {'aux_input': '/Cypress/pcb-benchmark/small-7/bookshelf/ET095_A00.aux', 'lef_input': '', 'def_input': '', 'verilog_input': '', 'gpu': 1, 'gpu_id': 2, 'num_bins_x': 512, 'num_bins_y': 512, 'global_place_stages': [{'num_bins_x': 2048, 'num_bins_y': 1024, 'iteration': 3000, 'learning_rate': 0.0063989114036108, 'wirelength': 'logsumexp', 'optimizer': 'adam', 'Llambda_density_weight_iteration': 10, 'Lsub_iteration': 2, 'learning_rate_decay': 0.9916275694265584}], 'target_density': 0.7850671121161339, 'density_weight': 0.13649930115882547, 'net_crossing_flag': 1, 'net_crossing_weight': 0.001, 'random_seed': 1000, 'result_dir': '/Cypress/results/reproduce-small-7', 'scale_factor': 1.0, 'ignore_net_weight': 10, 'shift_factor': [0, 0], 'ignore_net_degree': 100, 'gp_noise_ratio': 0.025, 'enable_fillers': 1, 'global_place_flag': 1, 'legalize_flag': 1, 'detailed_place_flag': 0, 'stop_overflow': 0.1358643096472771, 'dtype': 'float32', 'detailed_place_engine': '', 'detailed_place_command': '', 'plot_flag': 1, 'RePlAce_ref_hpwl': 354844, 'RePlAce_LOWER_PCOF': 0.9272356648913231, 'RePlAce_UPPER_PCOF': 1.1108964939791643, 'gamma': 0.42208340171428926, 'RePlAce_skip_energy_flag': 0, 'random_center_init_flag': 1, 'init_loc_perc_x': 0.4508825862485204, 'init_loc_perc_y': 0.5535965310425053, 'sort_nets_by_degree': 0, 'num_threads': 8, 'dump_global_place_solution_flag': 0, 'dump_legalize_solution_flag': 0, 'routability_opt_flag': 0, 'route_num_bins_x': 512, 'route_num_bins_y': 512, 'node_area_adjust_overflow': 0.15, 'max_num_area_adjust': 3, 'adjust_nctugr_area_flag': 0, 'adjust_rudy_area_flag': 0, 'adjust_pin_area_flag': 0, 'area_adjust_stop_ratio': 0.01, 'route_area_adjust_stop_ratio': 0.01, 'pin_area_adjust_stop_ratio': 0.05, 'unit_horizontal_capacity': 1.5625, 'unit_vertical_capacity': 1.45, 'unit_pin_capacity': 0.058, 'max_route_opt_adjust_rate': 2.0, 'route_opt_adjust_exponent': 2.0, 'pin_stretch_ratio': 1.414213562, 'max_pin_opt_adjust_rate': 1.5, 'deterministic_flag': 1, 'get_congestion_map': 1, 'macro_halo_x': 0, 'macro_halo_y': 1, 'macro_overlap_flag': True, 'macro_overlap_weight': 8e-06, 'macro_overlap_mult_weight': 1, 'macro_padding_x': 0, 'macro_padding_y': 0, 'bndry_padding_x': 0, 'bndry_padding_y': 0, 'pin_density': -1, 'route_info_input': 'default', 'evaluate_pl': 0, 'risa_weights': 1, 'proj_name': 'default', 'create_gif': False, 'enable_rotation': False}
[INFO   ] DREAMPlace - 
========================================================
                       DREAMPlace
            Yibo Lin (http://yibolin.com)
   David Z. Pan (http://users.ece.utexas.edu/~dpan)
========================================================

[INFO   ] DREAMPlace - setting up raw database takes 0.00 seconds
[INFO   ] DREAMPlace - set shift_factor = (0, 0), as original row bbox = (0, 0, 272, 180)
[INFO   ] DREAMPlace - set scale_factor = 1, as site_width = 1
[INFO   ] DREAMPlace - shift coordinate system by (0, 0), scale coordinate system by 1
[INFO   ] DREAMPlace - detect movable macros 50, area 8476, reduce those area from movable_area
[INFO   ] DREAMPlace - 
================================= Benchmark Statistics =================================
#nodes = 50, #terminals = 0, # terminal_NIs = 0, #movable = 50, #nets = 95
die area = (0, 0, 272, 180) 48960
row height = 1, site width = 1
num_bins = 512x512, bin sizes = 0.53125x0.351562
#pins = 151, #movable_pins = 151
total_movable_node_area = 8476, total_fixed_node_area = 0, total_space_area = 48960
total_movable_node_area = 0, total_fixed_node_area = 8476, total_space_area = 40484
utilization = 0, target_density = 0.785067
use top_placeable_area = 48960 to compute top fillers
use btm_placeable_area = 48960 to compute btm fillers
total_filler_node_area = 76873.8, #fillers = 10982, filler sizes = 7x1
========================================================================================
[INFO   ] DREAMPlace - setting up placement database takes 0.01 seconds
[INFO   ] DREAMPlace - move cells to location (122.64006345959754, 99.64737558765096) with random noise
[INFO   ] DREAMPlace - Using Torch GPU device # 2: NVIDIA RTX A6000
[INFO   ] DREAMPlace - POWVFILE = /Cypress/thirdparty/NCTUgr.ICCAD2012/POWV9.dat
[INFO   ] DREAMPlace - POSTFILE = /Cypress/thirdparty/NCTUgr.ICCAD2012/POST9.dat
[INFO   ] DREAMPlace - non-linear placement initialization takes 4.87 seconds
[INFO   ] DREAMPlace - 2048x1024 bins #bins 2048x1024, bin sizes 0.132812x0.175781, max_num_bins = 386, padding = 0
[INFO   ] dreamplace.ops.electric_potential.electric_potential - regard 50 cells as movable macros in global placement
[INFO   ] DREAMPlace - 2048x1024 bins #bins 2048x1024, bin sizes 0.132812x0.175781, max_num_bins = 386, padding = 0
[INFO   ] dreamplace.ops.electric_potential.electric_potential - regard 50 cells as movable macros in global placement
[INFO   ] DREAMPlace - 2048x1024 bins #bins 2048x1024, bin sizes 0.132812x0.175781, max_num_bins = 386, padding = 0
[INFO   ] dreamplace.ops.electric_potential.electric_potential - regard 0 cells as movable macros in global placement
[WARNING] DREAMPlace - quadratic density penalty is disabled, density weight update is forced to be based on HPWL
[INFO   ] DREAMPlace - use adam optimizer
[INFO   ] DREAMPlace - add 2.5% noise
[INFO   ] dreamplace.ops.electric_potential.electric_potential - fixed density map: average 0, max 0, bin area 0.0233459
[INFO   ] DREAMPlace - adam initialization takes 0.0564001 seconds
[INFO   ] dreamplace.ops.electric_potential.electric_potential - fixed density map: average 0, max 0, bin area 0.0233459
[INFO   ] DREAMPlace - density_weight = 1.318852E-06
[INFO   ] DREAMPlace - macro_overlap_weight = 8.000000E-06
[INFO   ] DREAMPlace - plotting to /Cypress/results/reproduce-small-7/ET095_A00/plot/iter0000.png takes 0.046 seconds
[INFO   ] DREAMPlace - optimizer step 0.405 ms
[INFO   ] DREAMPlace - iteration    0, (   0,  0,  0), Obj 3.716696E+04, NetCrossing 1.702E+01, NetCrossingWeight 1.000000E-03, DensityWeight 0.000000E+00, HPWL 1.628135E+03, Overflow 5.314139E-01, MaxDensity 3.925E+01, MacroOverlap 2.385E+03, MacroOverlapWeight 0.000000E+00, gamma 1.302523E+00, time 4.372ms
[INFO   ] DREAMPlace - full step 75.147 ms
[INFO   ] DREAMPlace - optimizer step 0.204 ms
[INFO   ] DREAMPlace - iteration    1, (   0,  0,  1), Obj 2.247598E+04, NetCrossing 1.477E+01, NetCrossingWeight 1.000000E-03, DensityWeight 1.318852E-06, HPWL 1.271899E+03, Overflow 5.314138E-01, MaxDensity 2.041E+01, MacroOverlap 9.569E+02, MacroOverlapWeight 8.000000E-06, gamma 1.302523E+00, time 4.294ms
[INFO   ] DREAMPlace - full step 18.809 ms
[INFO   ] DREAMPlace - optimizer step 0.234 ms
[INFO   ] DREAMPlace - iteration    2, (   0,  1,  0), Obj 1.392040E+04, NetCrossing 1.705E+01, NetCrossingWeight 1.000000E-03, DensityWeight 1.318852E-06, HPWL 9.943628E+02, Overflow 5.077052E-01, MaxDensity 1.335E+01, MacroOverlap 4.790E+02, MacroOverlapWeight 8.000000E-06, gamma 1.302523E+00, time 4.456ms
[INFO   ] DREAMPlace - full step 19.209 ms
[INFO   ] DREAMPlace - optimizer step 0.189 ms
[INFO   ] DREAMPlace - iteration    3, (   0,  1,  1), Obj 9.558562E+03, NetCrossing 1.751E+01, NetCrossingWeight 1.000000E-03, DensityWeight 1.318852E-06, HPWL 7.431491E+02, Overflow 5.023325E-01, MaxDensity 9.421E+00, MacroOverlap 2.456E+02, MacroOverlapWeight 8.000000E-06, gamma 1.302523E+00, time 4.305ms
[INFO   ] DREAMPlace - full step 18.719 ms
[INFO   ] DREAMPlace - optimizer step 0.191 ms
[INFO   ] DREAMPlace - iteration    4, (   0,  2,  0), Obj 8.136636E+03, NetCrossing 1.757E+01, NetCrossingWeight 1.000000E-03, DensityWeight 1.464816E-06, HPWL 5.038963E+02, Overflow 5.039900E-01, MaxDensity 7.851E+00, MacroOverlap 1.177E+02, MacroOverlapWeight 8.000000E-06, gamma 1.302523E+00, time 4.281ms
[INFO   ] DREAMPlace - full step 18.198 ms
[INFO   ] DREAMPlace - optimizer step 0.223 ms
[INFO   ] DREAMPlace - iteration    5, (   0,  2,  1), Obj 6.729686E+03, NetCrossing 1.751E+01, NetCrossingWeight 1.000000E-03, DensityWeight 1.464816E-06, HPWL 3.491630E+02, Overflow 4.816116E-01, MaxDensity 7.066E+00, MacroOverlap 5.005E+01, MacroOverlapWeight 8.000000E-06, gamma 1.302523E+00, time 4.175ms
[INFO   ] DREAMPlace - full step 17.707 ms
[INFO   ] DREAMPlace - optimizer step 0.188 ms
[INFO   ] DREAMPlace - iteration    6, (   0,  3,  0), Obj 6.457227E+03, NetCrossing 2.019E+01, NetCrossingWeight 1.000000E-03, DensityWeight 1.626771E-06, HPWL 3.215542E+02, Overflow 4.544741E-01, MaxDensity 6.722E+00, MacroOverlap 1.527E+01, MacroOverlapWeight 8.000000E-06, gamma 1.302523E+00, time 4.230ms
[INFO   ] DREAMPlace - full step 19.968 ms
[INFO   ] DREAMPlace - optimizer step 0.201 ms
[INFO   ] DREAMPlace - iteration    7, (   0,  3,  1), Obj 5.712207E+03, NetCrossing 1.457E+01, NetCrossingWeight 1.000000E-03, DensityWeight 1.626771E-06, HPWL 3.767899E+02, Overflow 4.202940E-01, MaxDensity 6.281E+00, MacroOverlap 3.852E+00, MacroOverlapWeight 8.000000E-06, gamma 1.302523E+00, time 4.246ms
[INFO   ] DREAMPlace - full step 18.273 ms
[INFO   ] DREAMPlace - optimizer step 0.190 ms
[INFO   ] DREAMPlace - iteration    8, (   0,  4,  0), Obj 5.705731E+03, NetCrossing 1.598E+01, NetCrossingWeight 1.000000E-03, DensityWeight 1.807159E-06, HPWL 4.488811E+02, Overflow 3.864400E-01, MaxDensity 6.281E+00, MacroOverlap 1.752E+00, MacroOverlapWeight 8.000000E-06, gamma 1.302523E+00, time 4.267ms
[INFO   ] DREAMPlace - full step 17.539 ms
[INFO   ] DREAMPlace - optimizer step 0.200 ms
[INFO   ] DREAMPlace - iteration    9, (   0,  4,  1), Obj 5.152909E+03, NetCrossing 1.583E+01, NetCrossingWeight 1.000000E-03, DensityWeight 1.807159E-06, HPWL 4.661965E+02, Overflow 3.710394E-01, MaxDensity 4.710E+00, MacroOverlap 1.361E+00, MacroOverlapWeight 8.000000E-06, gamma 1.302523E+00, time 4.159ms
[INFO   ] DREAMPlace - full step 19.613 ms
[INFO   ] DREAMPlace - optimizer step 0.196 ms
[INFO   ] DREAMPlace - iteration   10, (   0,  5,  0), Obj 5.151840E+03, NetCrossing 1.568E+01, NetCrossingWeight 1.000000E-03, DensityWeight 2.007513E-06, HPWL 4.383250E+02, Overflow 3.596307E-01, MaxDensity 4.710E+00, MacroOverlap 1.234E+00, MacroOverlapWeight 8.000000E-06, gamma 1.302523E+00, time 4.244ms
[INFO   ] DREAMPlace - full step 18.084 ms
[INFO   ] DREAMPlace - optimizer step 0.190 ms
[INFO   ] DREAMPlace - iteration   11, (   0,  5,  1), Obj 4.721729E+03, NetCrossing 1.428E+01, NetCrossingWeight 1.000000E-03, DensityWeight 2.007513E-06, HPWL 3.955788E+02, Overflow 3.610989E-01, MaxDensity 4.710E+00, MacroOverlap 1.207E+00, MacroOverlapWeight 8.000000E-06, gamma 1.302523E+00, time 4.231ms
[INFO   ] DREAMPlace - full step 18.611 ms
[INFO   ] DREAMPlace - optimizer step 0.212 ms
[INFO   ] DREAMPlace - iteration   12, (   0,  6,  0), Obj 4.897056E+03, NetCrossing 1.361E+01, NetCrossingWeight 1.000000E-03, DensityWeight 2.228801E-06, HPWL 3.391069E+02, Overflow 3.755670E-01, MaxDensity 4.710E+00, MacroOverlap 1.422E+00, MacroOverlapWeight 8.000000E-06, gamma 1.302523E+00, time 4.161ms
[INFO   ] DREAMPlace - full step 18.256 ms
[INFO   ] DREAMPlace - optimizer step 0.198 ms
[INFO   ] DREAMPlace - iteration   13, (   0,  6,  1), Obj 4.807212E+03, NetCrossing 1.463E+01, NetCrossingWeight 1.000000E-03, DensityWeight 2.228801E-06, HPWL 2.907867E+02, Overflow 3.990942E-01, MaxDensity 5.495E+00, MacroOverlap 2.080E+00, MacroOverlapWeight 8.000000E-06, gamma 1.302523E+00, time 4.133ms
[INFO   ] DREAMPlace - full step 18.043 ms
[INFO   ] DREAMPlace - optimizer step 0.200 ms
[INFO   ] DREAMPlace - iteration   14, (   0,  7,  0), Obj 5.457545E+03, NetCrossing 1.513E+01, NetCrossingWeight 1.000000E-03, DensityWeight 2.474235E-06, HPWL 2.485358E+02, Overflow 4.169676E-01, MaxDensity 6.281E+00, MacroOverlap 3.238E+00, MacroOverlapWeight 8.000000E-06, gamma 1.302523E+00, time 4.072ms
[INFO   ] DREAMPlace - full step 17.892 ms
[INFO   ] DREAMPlace - optimizer step 0.190 ms
[INFO   ] DREAMPlace - iteration   15, (   0,  7,  1), Obj 5.697502E+03, NetCrossing 1.444E+01, NetCrossingWeight 1.000000E-03, DensityWeight 2.474235E-06, HPWL 2.304930E+02, Overflow 4.372913E-01, MaxDensity 5.495E+00, MacroOverlap 5.115E+00, MacroOverlapWeight 8.000000E-06, gamma 1.302523E+00, time 4.008ms
[INFO   ] DREAMPlace - full step 17.493 ms
[INFO   ] DREAMPlace - Lsub stopping criteria: 1 and 5697.5 > 5457.54 * 0.999
[INFO   ] DREAMPlace - optimizer step 0.191 ms
[INFO   ] DREAMPlace - iteration   16, (   0,  8,  0), Obj 6.581217E+03, NetCrossing 1.495E+01, NetCrossingWeight 1.000000E-03, DensityWeight 2.746421E-06, HPWL 2.304893E+02, Overflow 4.623302E-01, MaxDensity 6.281E+00, MacroOverlap 7.848E+00, MacroOverlapWeight 8.000000E-06, gamma 1.302523E+00, time 4.019ms
[INFO   ] DREAMPlace - full step 17.540 ms
[INFO   ] DREAMPlace - optimizer step 0.190 ms
[INFO   ] DREAMPlace - iteration   17, (   0,  8,  1), Obj 6.825663E+03, NetCrossing 1.433E+01, NetCrossingWeight 1.000000E-03, DensityWeight 2.746421E-06, HPWL 2.446134E+02, Overflow 4.751306E-01, MaxDensity 6.281E+00, MacroOverlap 1.145E+01, MacroOverlapWeight 8.000000E-06, gamma 1.302523E+00, time 3.969ms
[INFO   ] DREAMPlace - full step 16.905 ms
[INFO   ] DREAMPlace - Lsub stopping criteria: 1 and 6825.66 > 6581.22 * 0.999
[INFO   ] DREAMPlace - optimizer step 0.205 ms
[INFO   ] DREAMPlace - iteration   18, (   0,  9,  0), Obj 7.657104E+03, NetCrossing 1.568E+01, NetCrossingWeight 1.000000E-03, DensityWeight 3.050976E-06, HPWL 2.497371E+02, Overflow 4.772788E-01, MaxDensity 6.870E+00, MacroOverlap 1.474E+01, MacroOverlapWeight 8.000000E-06, gamma 1.302523E+00, time 4.076ms
[INFO   ] DREAMPlace - full step 16.716 ms
[INFO   ] DREAMPlace - optimizer step 0.189 ms
[INFO   ] DREAMPlace - iteration   19, (   0,  9,  1), Obj 7.525955E+03, NetCrossing 1.426E+01, NetCrossingWeight 1.000000E-03, DensityWeight 3.050976E-06, HPWL 2.439561E+02, Overflow 4.758377E-01, MaxDensity 7.066E+00, MacroOverlap 1.630E+01, MacroOverlapWeight 8.000000E-06, gamma 1.302523E+00, time 4.003ms
[INFO   ] DREAMPlace - full step 17.560 ms
[INFO   ] DREAMPlace - optimizer step 0.189 ms
[INFO   ] DREAMPlace - iteration   20, (   1,  0,  0), Obj 7.937628E+03, NetCrossing 1.538E+01, NetCrossingWeight 1.000000E-03, DensityWeight 3.385931E-06, HPWL 2.228312E+02, Overflow 4.737954E-01, MaxDensity 7.066E+00, MacroOverlap 1.574E+01, MacroOverlapWeight 8.000000E-06, gamma 8.912104E-02, time 3.981ms
[INFO   ] DREAMPlace - full step 17.855 ms
[INFO   ] DREAMPlace - optimizer step 0.199 ms
[INFO   ] DREAMPlace - iteration   21, (   1,  0,  1), Obj 7.437176E+03, NetCrossing 1.406E+01, NetCrossingWeight 1.000000E-03, DensityWeight 3.385931E-06, HPWL 1.847667E+02, Overflow 4.693801E-01, MaxDensity 7.066E+00, MacroOverlap 1.341E+01, MacroOverlapWeight 8.000000E-06, gamma 8.912104E-02, time 4.065ms
[INFO   ] DREAMPlace - full step 17.842 ms
[INFO   ] DREAMPlace - optimizer step 0.191 ms
[INFO   ] DREAMPlace - iteration   22, (   1,  1,  0), Obj 7.527082E+03, NetCrossing 1.584E+01, NetCrossingWeight 1.000000E-03, DensityWeight 3.757284E-06, HPWL 1.619652E+02, Overflow 4.619772E-01, MaxDensity 6.281E+00, MacroOverlap 1.044E+01, MacroOverlapWeight 8.000000E-06, gamma 8.912104E-02, time 4.010ms
[INFO   ] DREAMPlace - full step 16.851 ms
[INFO   ] DREAMPlace - optimizer step 0.190 ms
[INFO   ] DREAMPlace - iteration   23, (   1,  1,  1), Obj 7.091786E+03, NetCrossing 1.490E+01, NetCrossingWeight 1.000000E-03, DensityWeight 3.757284E-06, HPWL 1.754506E+02, Overflow 4.525891E-01, MaxDensity 5.495E+00, MacroOverlap 7.889E+00, MacroOverlapWeight 8.000000E-06, gamma 8.912104E-02, time 3.974ms
[INFO   ] DREAMPlace - full step 16.805 ms
[INFO   ] DREAMPlace - optimizer step 0.191 ms
[INFO   ] DREAMPlace - iteration   24, (   1,  2,  0), Obj 7.461768E+03, NetCrossing 1.238E+01, NetCrossingWeight 1.000000E-03, DensityWeight 4.168948E-06, HPWL 1.758853E+02, Overflow 4.405746E-01, MaxDensity 5.495E+00, MacroOverlap 7.114E+00, MacroOverlapWeight 8.000000E-06, gamma 8.912104E-02, time 3.977ms
[INFO   ] DREAMPlace - full step 16.719 ms
[INFO   ] DREAMPlace - optimizer step 0.190 ms
[INFO   ] DREAMPlace - iteration   25, (   1,  2,  1), Obj 7.262829E+03, NetCrossing 1.350E+01, NetCrossingWeight 1.000000E-03, DensityWeight 4.168948E-06, HPWL 1.749533E+02, Overflow 4.354861E-01, MaxDensity 5.495E+00, MacroOverlap 6.848E+00, MacroOverlapWeight 8.000000E-06, gamma 8.912104E-02, time 3.980ms
[INFO   ] DREAMPlace - full step 17.622 ms
[INFO   ] DREAMPlace - optimizer step 0.190 ms
[INFO   ] DREAMPlace - iteration   26, (   1,  3,  0), Obj 8.067958E+03, NetCrossing 1.593E+01, NetCrossingWeight 1.000000E-03, DensityWeight 4.625253E-06, HPWL 1.587048E+02, Overflow 4.394490E-01, MaxDensity 6.281E+00, MacroOverlap 6.282E+00, MacroOverlapWeight 8.000000E-06, gamma 8.912104E-02, time 4.003ms
[INFO   ] DREAMPlace - full step 17.042 ms
[INFO   ] DREAMPlace - optimizer step 0.190 ms
[INFO   ] DREAMPlace - iteration   27, (   1,  3,  1), Obj 8.247823E+03, NetCrossing 1.510E+01, NetCrossingWeight 1.000000E-03, DensityWeight 4.625253E-06, HPWL 1.599119E+02, Overflow 4.465568E-01, MaxDensity 5.495E+00, MacroOverlap 6.235E+00, MacroOverlapWeight 8.000000E-06, gamma 8.912104E-02, time 3.972ms
[INFO   ] DREAMPlace - full step 18.016 ms
[INFO   ] DREAMPlace - Lsub stopping criteria: 1 and 8247.82 > 8067.96 * 0.999
[INFO   ] DREAMPlace - optimizer step 0.219 ms
[INFO   ] DREAMPlace - iteration   28, (   1,  4,  0), Obj 9.276109E+03, NetCrossing 1.265E+01, NetCrossingWeight 1.000000E-03, DensityWeight 5.130988E-06, HPWL 1.447792E+02, Overflow 4.524774E-01, MaxDensity 5.495E+00, MacroOverlap 6.174E+00, MacroOverlapWeight 8.000000E-06, gamma 8.912104E-02, time 4.155ms
[INFO   ] DREAMPlace - full step 17.500 ms
[INFO   ] DREAMPlace - optimizer step 0.190 ms
[INFO   ] DREAMPlace - iteration   29, (   1,  4,  1), Obj 9.312384E+03, NetCrossing 1.367E+01, NetCrossingWeight 1.000000E-03, DensityWeight 5.130988E-06, HPWL 1.485347E+02, Overflow 4.557362E-01, MaxDensity 5.495E+00, MacroOverlap 6.739E+00, MacroOverlapWeight 8.000000E-06, gamma 8.912104E-02, time 3.985ms
[INFO   ] DREAMPlace - full step 16.680 ms
[INFO   ] DREAMPlace - Lsub stopping criteria: 1 and 9312.38 > 9276.11 * 0.999
[INFO   ] DREAMPlace - optimizer step 0.199 ms
[INFO   ] DREAMPlace - iteration   30, (   1,  5,  0), Obj 1.035487E+04, NetCrossing 1.179E+01, NetCrossingWeight 1.000000E-03, DensityWeight 5.691453E-06, HPWL 1.412166E+02, Overflow 4.605436E-01, MaxDensity 4.710E+00, MacroOverlap 7.002E+00, MacroOverlapWeight 8.000000E-06, gamma 8.912104E-02, time 3.966ms
[INFO   ] DREAMPlace - full step 17.218 ms
[INFO   ] DREAMPlace - optimizer step 0.212 ms
[INFO   ] DREAMPlace - iteration   31, (   1,  5,  1), Obj 1.027311E+04, NetCrossing 1.177E+01, NetCrossingWeight 1.000000E-03, DensityWeight 5.691453E-06, HPWL 1.479537E+02, Overflow 4.629735E-01, MaxDensity 6.281E+00, MacroOverlap 6.415E+00, MacroOverlapWeight 8.000000E-06, gamma 8.912104E-02, time 4.131ms
[INFO   ] DREAMPlace - full step 17.573 ms
[INFO   ] DREAMPlace - optimizer step 0.213 ms
[INFO   ] DREAMPlace - iteration   32, (   1,  6,  0), Obj 1.117459E+04, NetCrossing 1.269E+01, NetCrossingWeight 1.000000E-03, DensityWeight 6.312506E-06, HPWL 1.429192E+02, Overflow 4.619067E-01, MaxDensity 6.281E+00, MacroOverlap 5.621E+00, MacroOverlapWeight 8.000000E-06, gamma 8.912104E-02, time 3.977ms
[INFO   ] DREAMPlace - full step 16.751 ms
[INFO   ] DREAMPlace - optimizer step 0.198 ms
[INFO   ] DREAMPlace - iteration   33, (   1,  6,  1), Obj 1.077008E+04, NetCrossing 1.292E+01, NetCrossingWeight 1.000000E-03, DensityWeight 6.312506E-06, HPWL 1.351274E+02, Overflow 4.542443E-01, MaxDensity 6.281E+00, MacroOverlap 4.929E+00, MacroOverlapWeight 8.000000E-06, gamma 8.912104E-02, time 3.980ms
[INFO   ] DREAMPlace - full step 16.973 ms
[INFO   ] DREAMPlace - optimizer step 0.212 ms
[INFO   ] DREAMPlace - iteration   34, (   1,  7,  0), Obj 1.153992E+04, NetCrossing 1.295E+01, NetCrossingWeight 1.000000E-03, DensityWeight 7.000629E-06, HPWL 1.336609E+02, Overflow 4.451330E-01, MaxDensity 5.495E+00, MacroOverlap 4.372E+00, MacroOverlapWeight 8.000000E-06, gamma 8.912104E-02, time 4.117ms
[INFO   ] DREAMPlace - full step 16.909 ms
[INFO   ] DREAMPlace - optimizer step 0.195 ms
[INFO   ] DREAMPlace - iteration   35, (   1,  7,  1), Obj 1.134235E+04, NetCrossing 1.270E+01, NetCrossingWeight 1.000000E-03, DensityWeight 7.000629E-06, HPWL 1.291379E+02, Overflow 4.409790E-01, MaxDensity 5.495E+00, MacroOverlap 4.450E+00, MacroOverlapWeight 8.000000E-06, gamma 8.912104E-02, time 4.003ms
[INFO   ] DREAMPlace - full step 17.116 ms
[INFO   ] DREAMPlace - optimizer step 0.190 ms
[INFO   ] DREAMPlace - iteration   36, (   1,  8,  0), Obj 1.261267E+04, NetCrossing 1.379E+01, NetCrossingWeight 1.000000E-03, DensityWeight 7.762987E-06, HPWL 1.284997E+02, Overflow 4.436839E-01, MaxDensity 5.495E+00, MacroOverlap 4.713E+00, MacroOverlapWeight 8.000000E-06, gamma 8.912104E-02, time 4.438ms
[INFO   ] DREAMPlace - full step 17.689 ms
[INFO   ] DREAMPlace - optimizer step 0.212 ms
[INFO   ] DREAMPlace - iteration   37, (   1,  8,  1), Obj 1.291500E+04, NetCrossing 1.339E+01, NetCrossingWeight 1.000000E-03, DensityWeight 7.762987E-06, HPWL 1.231605E+02, Overflow 4.487181E-01, MaxDensity 5.495E+00, MacroOverlap 4.894E+00, MacroOverlapWeight 8.000000E-06, gamma 8.912104E-02, time 4.347ms
[INFO   ] DREAMPlace - full step 17.681 ms
[INFO   ] DREAMPlace - Lsub stopping criteria: 1 and 12915 > 12612.7 * 0.999
[INFO   ] DREAMPlace - optimizer step 0.191 ms
[INFO   ] DREAMPlace - iteration   38, (   1,  9,  0), Obj 1.465306E+04, NetCrossing 1.292E+01, NetCrossingWeight 1.000000E-03, DensityWeight 8.607504E-06, HPWL 1.219189E+02, Overflow 4.540974E-01, MaxDensity 5.580E+00, MacroOverlap 5.252E+00, MacroOverlapWeight 8.000000E-06, gamma 8.912104E-02, time 4.059ms
[INFO   ] DREAMPlace - full step 16.964 ms
[INFO   ] DREAMPlace - optimizer step 0.192 ms
[INFO   ] DREAMPlace - iteration   39, (   1,  9,  1), Obj 1.486625E+04, NetCrossing 1.262E+01, NetCrossingWeight 1.000000E-03, DensityWeight 8.607504E-06, HPWL 1.181633E+02, Overflow 4.593257E-01, MaxDensity 5.495E+00, MacroOverlap 6.037E+00, MacroOverlapWeight 8.000000E-06, gamma 8.912104E-02, time 3.976ms
[INFO   ] DREAMPlace - full step 16.531 ms
[INFO   ] DREAMPlace - Lsub stopping criteria: 1 and 14866.3 > 14653.1 * 0.999
[INFO   ] DREAMPlace - optimizer step 0.191 ms
[INFO   ] DREAMPlace - iteration   40, (   2,  0,  0), Obj 1.663003E+04, NetCrossing 1.333E+01, NetCrossingWeight 1.000000E-03, DensityWeight 9.542940E-06, HPWL 1.178030E+02, Overflow 4.586665E-01, MaxDensity 6.281E+00, MacroOverlap 6.750E+00, MacroOverlapWeight 8.000000E-06, gamma 8.190060E-02, time 3.963ms
[INFO   ] DREAMPlace - full step 17.418 ms
[INFO   ] DREAMPlace - optimizer step 0.192 ms
[INFO   ] DREAMPlace - iteration   41, (   2,  0,  1), Obj 1.675143E+04, NetCrossing 1.296E+01, NetCrossingWeight 1.000000E-03, DensityWeight 9.542940E-06, HPWL 1.123893E+02, Overflow 4.604155E-01, MaxDensity 6.124E+00, MacroOverlap 6.888E+00, MacroOverlapWeight 8.000000E-06, gamma 8.190060E-02, time 3.990ms
[INFO   ] DREAMPlace - full step 17.261 ms
[INFO   ] DREAMPlace - Lsub stopping criteria: 1 and 16751.4 > 16630 * 0.999
[INFO   ] DREAMPlace - optimizer step 0.195 ms
[INFO   ] DREAMPlace - iteration   42, (   2,  1,  0), Obj 1.826444E+04, NetCrossing 1.323E+01, NetCrossingWeight 1.000000E-03, DensityWeight 1.057898E-05, HPWL 1.123226E+02, Overflow 4.589271E-01, MaxDensity 5.495E+00, MacroOverlap 6.603E+00, MacroOverlapWeight 8.000000E-06, gamma 8.190060E-02, time 4.006ms
[INFO   ] DREAMPlace - full step 17.146 ms
[INFO   ] DREAMPlace - optimizer step 0.192 ms
[INFO   ] DREAMPlace - iteration   43, (   2,  1,  1), Obj 1.794803E+04, NetCrossing 1.358E+01, NetCrossingWeight 1.000000E-03, DensityWeight 1.057898E-05, HPWL 1.108899E+02, Overflow 4.568521E-01, MaxDensity 5.495E+00, MacroOverlap 6.605E+00, MacroOverlapWeight 8.000000E-06, gamma 8.190060E-02, time 3.987ms
[INFO   ] DREAMPlace - full step 17.080 ms
[INFO   ] DREAMPlace - optimizer step 0.201 ms
[INFO   ] DREAMPlace - iteration   44, (   2,  2,  0), Obj 1.948573E+04, NetCrossing 1.315E+01, NetCrossingWeight 1.000000E-03, DensityWeight 1.172632E-05, HPWL 1.101141E+02, Overflow 4.519472E-01, MaxDensity 6.281E+00, MacroOverlap 6.312E+00, MacroOverlapWeight 8.000000E-06, gamma 8.190060E-02, time 3.983ms
[INFO   ] DREAMPlace - full step 17.489 ms
[INFO   ] DREAMPlace - optimizer step 0.228 ms
[INFO   ] DREAMPlace - iteration   45, (   2,  2,  1), Obj 1.940817E+04, NetCrossing 1.444E+01, NetCrossingWeight 1.000000E-03, DensityWeight 1.172632E-05, HPWL 1.090424E+02, Overflow 4.495141E-01, MaxDensity 6.281E+00, MacroOverlap 6.200E+00, MacroOverlapWeight 8.000000E-06, gamma 8.190060E-02, time 4.189ms
[INFO   ] DREAMPlace - full step 17.346 ms
[INFO   ] DREAMPlace - optimizer step 0.191 ms
[INFO   ] DREAMPlace - iteration   46, (   2,  3,  0), Obj 2.175211E+04, NetCrossing 1.486E+01, NetCrossingWeight 1.000000E-03, DensityWeight 1.299680E-05, HPWL 1.058904E+02, Overflow 4.525226E-01, MaxDensity 6.281E+00, MacroOverlap 6.329E+00, MacroOverlapWeight 8.000000E-06, gamma 8.190060E-02, time 4.093ms
[INFO   ] DREAMPlace - full step 17.403 ms
[INFO   ] DREAMPlace - optimizer step 0.188 ms
[INFO   ] DREAMPlace - iteration   47, (   2,  3,  1), Obj 2.211710E+04, NetCrossing 1.463E+01, NetCrossingWeight 1.000000E-03, DensityWeight 1.299680E-05, HPWL 9.629482E+01, Overflow 4.577145E-01, MaxDensity 5.495E+00, MacroOverlap 6.501E+00, MacroOverlapWeight 8.000000E-06, gamma 8.190060E-02, time 4.010ms
[INFO   ] DREAMPlace - full step 17.198 ms
[INFO   ] DREAMPlace - Lsub stopping criteria: 1 and 22117.1 > 21752.1 * 0.999
[INFO   ] DREAMPlace - optimizer step 0.198 ms
[INFO   ] DREAMPlace - iteration   48, (   2,  4,  0), Obj 2.486356E+04, NetCrossing 1.373E+01, NetCrossingWeight 1.000000E-03, DensityWeight 1.440349E-05, HPWL 1.036616E+02, Overflow 4.588124E-01, MaxDensity 5.495E+00, MacroOverlap 6.671E+00, MacroOverlapWeight 8.000000E-06, gamma 8.190060E-02, time 3.963ms
[INFO   ] DREAMPlace - full step 16.394 ms
[INFO   ] DREAMPlace - optimizer step 0.200 ms
[INFO   ] DREAMPlace - iteration   49, (   2,  4,  1), Obj 2.480688E+04, NetCrossing 1.438E+01, NetCrossingWeight 1.000000E-03, DensityWeight 1.440349E-05, HPWL 1.018415E+02, Overflow 4.604487E-01, MaxDensity 6.281E+00, MacroOverlap 6.561E+00, MacroOverlapWeight 8.000000E-06, gamma 8.190060E-02, time 4.011ms
[INFO   ] DREAMPlace - full step 17.109 ms
[INFO   ] DREAMPlace - optimizer step 0.191 ms
[INFO   ] DREAMPlace - iteration   50, (   2,  5,  0), Obj 2.720348E+04, NetCrossing 1.291E+01, NetCrossingWeight 1.000000E-03, DensityWeight 1.600076E-05, HPWL 1.040229E+02, Overflow 4.599114E-01, MaxDensity 5.495E+00, MacroOverlap 6.467E+00, MacroOverlapWeight 8.000000E-06, gamma 8.190060E-02, time 4.006ms
[INFO   ] DREAMPlace - full step 16.880 ms
[INFO   ] DREAMPlace - optimizer step 0.189 ms
[INFO   ] DREAMPlace - iteration   51, (   2,  5,  1), Obj 2.690706E+04, NetCrossing 1.366E+01, NetCrossingWeight 1.000000E-03, DensityWeight 1.600076E-05, HPWL 9.841661E+01, Overflow 4.561922E-01, MaxDensity 5.495E+00, MacroOverlap 6.016E+00, MacroOverlapWeight 8.000000E-06, gamma 8.190060E-02, time 3.987ms
[INFO   ] DREAMPlace - full step 16.467 ms
[INFO   ] DREAMPlace - optimizer step 0.200 ms
[INFO   ] DREAMPlace - iteration   52, (   2,  6,  0), Obj 2.950035E+04, NetCrossing 1.449E+01, NetCrossingWeight 1.000000E-03, DensityWeight 1.772903E-05, HPWL 9.980775E+01, Overflow 4.534052E-01, MaxDensity 5.495E+00, MacroOverlap 5.394E+00, MacroOverlapWeight 8.000000E-06, gamma 8.190060E-02, time 3.980ms
[INFO   ] DREAMPlace - full step 17.253 ms
[INFO   ] DREAMPlace - optimizer step 0.189 ms
[INFO   ] DREAMPlace - iteration   53, (   2,  6,  1), Obj 2.935457E+04, NetCrossing 1.460E+01, NetCrossingWeight 1.000000E-03, DensityWeight 1.772903E-05, HPWL 1.000560E+02, Overflow 4.533201E-01, MaxDensity 5.495E+00, MacroOverlap 5.340E+00, MacroOverlapWeight 8.000000E-06, gamma 8.190060E-02, time 3.992ms
[INFO   ] DREAMPlace - full step 17.191 ms
[INFO   ] DREAMPlace - optimizer step 0.189 ms
[INFO   ] DREAMPlace - iteration   54, (   2,  7,  0), Obj 3.231237E+04, NetCrossing 1.354E+01, NetCrossingWeight 1.000000E-03, DensityWeight 1.969511E-05, HPWL 1.016026E+02, Overflow 4.537596E-01, MaxDensity 6.281E+00, MacroOverlap 5.676E+00, MacroOverlapWeight 8.000000E-06, gamma 8.190060E-02, time 3.983ms
[INFO   ] DREAMPlace - full step 18.859 ms
[INFO   ] DREAMPlace - optimizer step 0.200 ms
[INFO   ] DREAMPlace - iteration   55, (   2,  7,  1), Obj 3.251407E+04, NetCrossing 1.315E+01, NetCrossingWeight 1.000000E-03, DensityWeight 1.969511E-05, HPWL 9.932098E+01, Overflow 4.548897E-01, MaxDensity 6.281E+00, MacroOverlap 5.885E+00, MacroOverlapWeight 8.000000E-06, gamma 8.190060E-02, time 3.966ms
[INFO   ] DREAMPlace - full step 17.026 ms
[INFO   ] DREAMPlace - Lsub stopping criteria: 1 and 32514.1 > 32312.4 * 0.999
[INFO   ] DREAMPlace - optimizer step 0.188 ms
[INFO   ] DREAMPlace - iteration   56, (   2,  8,  0), Obj 3.654527E+04, NetCrossing 1.415E+01, NetCrossingWeight 1.000000E-03, DensityWeight 2.181805E-05, HPWL 9.012299E+01, Overflow 4.566778E-01, MaxDensity 5.495E+00, MacroOverlap 5.763E+00, MacroOverlapWeight 8.000000E-06, gamma 8.190060E-02, time 4.178ms
[INFO   ] DREAMPlace - full step 17.700 ms
[INFO   ] DREAMPlace - optimizer step 0.190 ms
[INFO   ] DREAMPlace - iteration   57, (   2,  8,  1), Obj 3.659902E+04, NetCrossing 1.297E+01, NetCrossingWeight 1.000000E-03, DensityWeight 2.181805E-05, HPWL 9.611604E+01, Overflow 4.560300E-01, MaxDensity 5.495E+00, MacroOverlap 5.724E+00, MacroOverlapWeight 8.000000E-06, gamma 8.190060E-02, time 3.977ms
[INFO   ] DREAMPlace - full step 17.304 ms
[INFO   ] DREAMPlace - Lsub stopping criteria: 1 and 36599 > 36545.3 * 0.999
[INFO   ] DREAMPlace - optimizer step 0.222 ms
[INFO   ] DREAMPlace - iteration   58, (   2,  9,  0), Obj 4.057996E+04, NetCrossing 1.276E+01, NetCrossingWeight 1.000000E-03, DensityWeight 2.416740E-05, HPWL 9.504761E+01, Overflow 4.545428E-01, MaxDensity 5.495E+00, MacroOverlap 5.551E+00, MacroOverlapWeight 8.000000E-06, gamma 8.190060E-02, time 4.112ms
[INFO   ] DREAMPlace - full step 17.592 ms
[INFO   ] DREAMPlace - optimizer step 0.189 ms
[INFO   ] DREAMPlace - iteration   59, (   2,  9,  1), Obj 4.022427E+04, NetCrossing 1.331E+01, NetCrossingWeight 1.000000E-03, DensityWeight 2.416740E-05, HPWL 8.993983E+01, Overflow 4.516318E-01, MaxDensity 5.495E+00, MacroOverlap 5.271E+00, MacroOverlapWeight 8.000000E-06, gamma 8.190060E-02, time 4.100ms
[INFO   ] DREAMPlace - full step 16.955 ms
[INFO   ] DREAMPlace - optimizer step 0.190 ms
[INFO   ] DREAMPlace - iteration   60, (   3,  0,  0), Obj 4.429886E+04, NetCrossing 1.259E+01, NetCrossingWeight 1.000000E-03, DensityWeight 2.676706E-05, HPWL 9.143299E+01, Overflow 4.517141E-01, MaxDensity 5.495E+00, MacroOverlap 5.150E+00, MacroOverlapWeight 8.000000E-06, gamma 7.873889E-02, time 3.965ms
[INFO   ] DREAMPlace - full step 16.842 ms
[INFO   ] DREAMPlace - optimizer step 0.188 ms
[INFO   ] DREAMPlace - iteration   61, (   3,  0,  1), Obj 4.437472E+04, NetCrossing 1.274E+01, NetCrossingWeight 1.000000E-03, DensityWeight 2.676706E-05, HPWL 8.688840E+01, Overflow 4.523307E-01, MaxDensity 5.495E+00, MacroOverlap 5.172E+00, MacroOverlapWeight 8.000000E-06, gamma 7.873889E-02, time 3.993ms
[INFO   ] DREAMPlace - full step 16.552 ms
[INFO   ] DREAMPlace - Lsub stopping criteria: 1 and 44374.7 > 44298.9 * 0.999
[INFO   ] DREAMPlace - optimizer step 0.189 ms
[INFO   ] DREAMPlace - iteration   62, (   3,  1,  0), Obj 4.898272E+04, NetCrossing 1.293E+01, NetCrossingWeight 1.000000E-03, DensityWeight 2.964339E-05, HPWL 8.675864E+01, Overflow 4.514252E-01, MaxDensity 5.495E+00, MacroOverlap 5.158E+00, MacroOverlapWeight 8.000000E-06, gamma 7.873889E-02, time 3.984ms
[INFO   ] DREAMPlace - full step 16.976 ms
[INFO   ] DREAMPlace - optimizer step 0.200 ms
[INFO   ] DREAMPlace - iteration   63, (   3,  1,  1), Obj 4.901604E+04, NetCrossing 1.417E+01, NetCrossingWeight 1.000000E-03, DensityWeight 2.964339E-05, HPWL 8.995761E+01, Overflow 4.519561E-01, MaxDensity 5.495E+00, MacroOverlap 5.292E+00, MacroOverlapWeight 8.000000E-06, gamma 7.873889E-02, time 3.979ms
[INFO   ] DREAMPlace - full step 17.155 ms
[INFO   ] DREAMPlace - Lsub stopping criteria: 1 and 49016 > 48982.7 * 0.999
[INFO   ] DREAMPlace - optimizer step 0.211 ms
[INFO   ] DREAMPlace - iteration   64, (   3,  2,  0), Obj 5.440059E+04, NetCrossing 1.409E+01, NetCrossingWeight 1.000000E-03, DensityWeight 3.293070E-05, HPWL 8.955834E+01, Overflow 4.506149E-01, MaxDensity 5.495E+00, MacroOverlap 5.204E+00, MacroOverlapWeight 8.000000E-06, gamma 7.873889E-02, time 4.140ms
[INFO   ] DREAMPlace - full step 16.978 ms
[INFO   ] DREAMPlace - optimizer step 0.190 ms
[INFO   ] DREAMPlace - iteration   65, (   3,  2,  1), Obj 5.411550E+04, NetCrossing 1.482E+01, NetCrossingWeight 1.000000E-03, DensityWeight 3.293070E-05, HPWL 9.345382E+01, Overflow 4.503394E-01, MaxDensity 5.495E+00, MacroOverlap 5.292E+00, MacroOverlapWeight 8.000000E-06, gamma 7.873889E-02, time 3.970ms
[INFO   ] DREAMPlace - full step 17.091 ms
[INFO   ] DREAMPlace - optimizer step 0.199 ms
[INFO   ] DREAMPlace - iteration   66, (   3,  3,  0), Obj 5.989859E+04, NetCrossing 1.325E+01, NetCrossingWeight 1.000000E-03, DensityWeight 3.658257E-05, HPWL 8.986292E+01, Overflow 4.485785E-01, MaxDensity 6.281E+00, MacroOverlap 5.032E+00, MacroOverlapWeight 8.000000E-06, gamma 7.873889E-02, time 3.963ms
[INFO   ] DREAMPlace - full step 17.536 ms
[INFO   ] DREAMPlace - optimizer step 0.217 ms
[INFO   ] DREAMPlace - iteration   67, (   3,  3,  1), Obj 5.998040E+04, NetCrossing 1.353E+01, NetCrossingWeight 1.000000E-03, DensityWeight 3.658257E-05, HPWL 8.619084E+01, Overflow 4.486688E-01, MaxDensity 5.495E+00, MacroOverlap 4.725E+00, MacroOverlapWeight 8.000000E-06, gamma 7.873889E-02, time 4.192ms
[INFO   ] DREAMPlace - full step 17.912 ms
[INFO   ] DREAMPlace - Lsub stopping criteria: 1 and 59980.4 > 59898.6 * 0.999
[INFO   ] DREAMPlace - optimizer step 0.191 ms
[INFO   ] DREAMPlace - iteration   68, (   3,  4,  0), Obj 6.610749E+04, NetCrossing 1.214E+01, NetCrossingWeight 1.000000E-03, DensityWeight 4.050149E-05, HPWL 8.727947E+01, Overflow 4.498957E-01, MaxDensity 5.495E+00, MacroOverlap 4.640E+00, MacroOverlapWeight 8.000000E-06, gamma 7.873889E-02, time 4.063ms
[INFO   ] DREAMPlace - full step 17.128 ms
[INFO   ] DREAMPlace - optimizer step 0.188 ms
[INFO   ] DREAMPlace - iteration   69, (   3,  4,  1), Obj 6.529153E+04, NetCrossing 1.165E+01, NetCrossingWeight 1.000000E-03, DensityWeight 4.050149E-05, HPWL 9.293746E+01, Overflow 4.478813E-01, MaxDensity 5.495E+00, MacroOverlap 4.648E+00, MacroOverlapWeight 8.000000E-06, gamma 7.873889E-02, time 3.989ms
[INFO   ] DREAMPlace - full step 16.913 ms
[INFO   ] DREAMPlace - optimizer step 0.189 ms
[INFO   ] DREAMPlace - iteration   70, (   3,  5,  0), Obj 7.270959E+04, NetCrossing 1.102E+01, NetCrossingWeight 1.000000E-03, DensityWeight 4.499287E-05, HPWL 9.140658E+01, Overflow 4.467821E-01, MaxDensity 5.495E+00, MacroOverlap 4.518E+00, MacroOverlapWeight 8.000000E-06, gamma 7.873889E-02, time 3.981ms
[INFO   ] DREAMPlace - full step 16.393 ms
[INFO   ] DREAMPlace - optimizer step 0.196 ms
[INFO   ] DREAMPlace - iteration   71, (   3,  5,  1), Obj 7.327196E+04, NetCrossing 1.161E+01, NetCrossingWeight 1.000000E-03, DensityWeight 4.499287E-05, HPWL 9.214722E+01, Overflow 4.471077E-01, MaxDensity 5.495E+00, MacroOverlap 4.532E+00, MacroOverlapWeight 8.000000E-06, gamma 7.873889E-02, time 3.971ms
[INFO   ] DREAMPlace - full step 17.032 ms
[INFO   ] DREAMPlace - Lsub stopping criteria: 1 and 73272 > 72709.6 * 0.999
[INFO   ] DREAMPlace - optimizer step 0.212 ms
[INFO   ] DREAMPlace - iteration   72, (   3,  6,  0), Obj 7.997302E+04, NetCrossing 1.241E+01, NetCrossingWeight 1.000000E-03, DensityWeight 4.980281E-05, HPWL 9.506289E+01, Overflow 4.472769E-01, MaxDensity 5.495E+00, MacroOverlap 4.501E+00, MacroOverlapWeight 8.000000E-06, gamma 7.873889E-02, time 4.129ms
[INFO   ] DREAMPlace - full step 17.454 ms
[INFO   ] DREAMPlace - optimizer step 0.202 ms
[INFO   ] DREAMPlace - iteration   73, (   3,  6,  1), Obj 7.987558E+04, NetCrossing 1.330E+01, NetCrossingWeight 1.000000E-03, DensityWeight 4.980281E-05, HPWL 1.019978E+02, Overflow 4.462714E-01, MaxDensity 5.495E+00, MacroOverlap 4.339E+00, MacroOverlapWeight 8.000000E-06, gamma 7.873889E-02, time 4.005ms
[INFO   ] DREAMPlace - full step 16.638 ms
[INFO   ] DREAMPlace - optimizer step 0.190 ms
[INFO   ] DREAMPlace - iteration   74, (   3,  7,  0), Obj 8.956652E+04, NetCrossing 1.415E+01, NetCrossingWeight 1.000000E-03, DensityWeight 5.532560E-05, HPWL 9.464655E+01, Overflow 4.468836E-01, MaxDensity 5.495E+00, MacroOverlap 4.424E+00, MacroOverlapWeight 8.000000E-06, gamma 7.873889E-02, time 3.975ms
[INFO   ] DREAMPlace - full step 17.212 ms
[INFO   ] DREAMPlace - optimizer step 0.206 ms
[INFO   ] DREAMPlace - iteration   75, (   3,  7,  1), Obj 8.942163E+04, NetCrossing 1.366E+01, NetCrossingWeight 1.000000E-03, DensityWeight 5.532560E-05, HPWL 9.568657E+01, Overflow 4.471499E-01, MaxDensity 5.495E+00, MacroOverlap 4.588E+00, MacroOverlapWeight 8.000000E-06, gamma 7.873889E-02, time 3.975ms
[INFO   ] DREAMPlace - full step 17.200 ms
[INFO   ] DREAMPlace - optimizer step 0.190 ms
[INFO   ] DREAMPlace - iteration   76, (   3,  8,  0), Obj 9.807887E+04, NetCrossing 1.378E+01, NetCrossingWeight 1.000000E-03, DensityWeight 6.122790E-05, HPWL 9.403599E+01, Overflow 4.439819E-01, MaxDensity 5.495E+00, MacroOverlap 4.448E+00, MacroOverlapWeight 8.000000E-06, gamma 7.873889E-02, time 4.242ms
[INFO   ] DREAMPlace - full step 17.240 ms
[INFO   ] DREAMPlace - optimizer step 0.200 ms
[INFO   ] DREAMPlace - iteration   77, (   3,  8,  1), Obj 9.796266E+04, NetCrossing 1.410E+01, NetCrossingWeight 1.000000E-03, DensityWeight 6.122790E-05, HPWL 9.169320E+01, Overflow 4.441781E-01, MaxDensity 5.495E+00, MacroOverlap 4.510E+00, MacroOverlapWeight 8.000000E-06, gamma 7.873889E-02, time 3.980ms
[INFO   ] DREAMPlace - full step 17.405 ms
[INFO   ] DREAMPlace - optimizer step 0.201 ms
[INFO   ] DREAMPlace - iteration   78, (   3,  9,  0), Obj 1.081153E+05, NetCrossing 1.410E+01, NetCrossingWeight 1.000000E-03, DensityWeight 6.775309E-05, HPWL 9.419153E+01, Overflow 4.451129E-01, MaxDensity 5.495E+00, MacroOverlap 4.541E+00, MacroOverlapWeight 8.000000E-06, gamma 7.873889E-02, time 4.177ms
[INFO   ] DREAMPlace - full step 17.678 ms
[INFO   ] DREAMPlace - optimizer step 0.190 ms
[INFO   ] DREAMPlace - iteration   79, (   3,  9,  1), Obj 1.084720E+05, NetCrossing 1.351E+01, NetCrossingWeight 1.000000E-03, DensityWeight 6.775309E-05, HPWL 9.323370E+01, Overflow 4.451126E-01, MaxDensity 5.495E+00, MacroOverlap 4.291E+00, MacroOverlapWeight 8.000000E-06, gamma 7.873889E-02, time 3.983ms
[INFO   ] DREAMPlace - full step 16.827 ms
[INFO   ] DREAMPlace - Lsub stopping criteria: 1 and 108472 > 108115 * 0.999
[INFO   ] DREAMPlace - optimizer step 0.200 ms
[INFO   ] DREAMPlace - iteration   80, (   4,  0,  0), Obj 1.196386E+05, NetCrossing 1.335E+01, NetCrossingWeight 1.000000E-03, DensityWeight 7.526664E-05, HPWL 9.115137E+01, Overflow 4.441424E-01, MaxDensity 5.495E+00, MacroOverlap 4.154E+00, MacroOverlapWeight 8.000000E-06, gamma 7.615568E-02, time 3.975ms
[INFO   ] DREAMPlace - full step 16.873 ms
[INFO   ] DREAMPlace - optimizer step 0.224 ms
[INFO   ] DREAMPlace - iteration   81, (   4,  0,  1), Obj 1.203701E+05, NetCrossing 1.283E+01, NetCrossingWeight 1.000000E-03, DensityWeight 7.526664E-05, HPWL 8.859264E+01, Overflow 4.442179E-01, MaxDensity 5.495E+00, MacroOverlap 4.205E+00, MacroOverlapWeight 8.000000E-06, gamma 7.615568E-02, time 4.159ms
[INFO   ] DREAMPlace - full step 17.273 ms
[INFO   ] DREAMPlace - Lsub stopping criteria: 1 and 120370 > 119639 * 0.999
[INFO   ] DREAMPlace - optimizer step 0.191 ms
[INFO   ] DREAMPlace - iteration   82, (   4,  1,  0), Obj 1.340436E+05, NetCrossing 1.327E+01, NetCrossingWeight 1.000000E-03, DensityWeight 8.327131E-05, HPWL 9.078072E+01, Overflow 4.440661E-01, MaxDensity 5.495E+00, MacroOverlap 4.267E+00, MacroOverlapWeight 8.000000E-06, gamma 7.615568E-02, time 4.088ms
[INFO   ] DREAMPlace - full step 17.556 ms
[INFO   ] DREAMPlace - optimizer step 0.196 ms
[INFO   ] DREAMPlace - iteration   83, (   4,  1,  1), Obj 1.331171E+05, NetCrossing 1.353E+01, NetCrossingWeight 1.000000E-03, DensityWeight 8.327131E-05, HPWL 9.159740E+01, Overflow 4.436035E-01, MaxDensity 5.495E+00, MacroOverlap 4.332E+00, MacroOverlapWeight 8.000000E-06, gamma 7.615568E-02, time 4.003ms
[INFO   ] DREAMPlace - full step 17.273 ms
[INFO   ] DREAMPlace - optimizer step 0.190 ms
[INFO   ] DREAMPlace - iteration   84, (   4,  2,  0), Obj 1.474824E+05, NetCrossing 1.232E+01, NetCrossingWeight 1.000000E-03, DensityWeight 9.250572E-05, HPWL 9.099871E+01, Overflow 4.430807E-01, MaxDensity 5.495E+00, MacroOverlap 4.317E+00, MacroOverlapWeight 8.000000E-06, gamma 7.615568E-02, time 3.980ms
[INFO   ] DREAMPlace - full step 16.724 ms
[INFO   ] DREAMPlace - optimizer step 0.206 ms
[INFO   ] DREAMPlace - iteration   85, (   4,  2,  1), Obj 1.478708E+05, NetCrossing 1.337E+01, NetCrossingWeight 1.000000E-03, DensityWeight 9.250572E-05, HPWL 8.997156E+01, Overflow 4.417202E-01, MaxDensity 5.495E+00, MacroOverlap 4.094E+00, MacroOverlapWeight 8.000000E-06, gamma 7.615568E-02, time 4.057ms
[INFO   ] DREAMPlace - full step 17.074 ms
[INFO   ] DREAMPlace - Lsub stopping criteria: 1 and 147871 > 147482 * 0.999
[INFO   ] DREAMPlace - optimizer step 0.189 ms
[INFO   ] DREAMPlace - iteration   86, (   4,  3,  0), Obj 1.612452E+05, NetCrossing 1.346E+01, NetCrossingWeight 1.000000E-03, DensityWeight 1.023233E-04, HPWL 9.433389E+01, Overflow 4.409799E-01, MaxDensity 5.495E+00, MacroOverlap 3.909E+00, MacroOverlapWeight 8.000000E-06, gamma 7.615568E-02, time 4.025ms
[INFO   ] DREAMPlace - full step 16.867 ms
[INFO   ] DREAMPlace - optimizer step 0.189 ms
[INFO   ] DREAMPlace - iteration   87, (   4,  3,  1), Obj 1.612012E+05, NetCrossing 1.411E+01, NetCrossingWeight 1.000000E-03, DensityWeight 1.023233E-04, HPWL 9.571804E+01, Overflow 4.418023E-01, MaxDensity 5.495E+00, MacroOverlap 3.892E+00, MacroOverlapWeight 8.000000E-06, gamma 7.615568E-02, time 3.986ms
[INFO   ] DREAMPlace - full step 17.243 ms
[INFO   ] DREAMPlace - Lsub stopping criteria: 1 and 161201 > 161245 * 0.999
[INFO   ] DREAMPlace - optimizer step 0.211 ms
[INFO   ] DREAMPlace - iteration   88, (   4,  4,  0), Obj 1.788818E+05, NetCrossing 1.425E+01, NetCrossingWeight 1.000000E-03, DensityWeight 1.136704E-04, HPWL 9.060138E+01, Overflow 4.429079E-01, MaxDensity 5.495E+00, MacroOverlap 3.875E+00, MacroOverlapWeight 8.000000E-06, gamma 7.615568E-02, time 4.116ms
[INFO   ] DREAMPlace - full step 17.397 ms
[INFO   ] DREAMPlace - optimizer step 0.197 ms
[INFO   ] DREAMPlace - iteration   89, (   4,  4,  1), Obj 1.772597E+05, NetCrossing 1.369E+01, NetCrossingWeight 1.000000E-03, DensityWeight 1.136704E-04, HPWL 9.665145E+01, Overflow 4.417632E-01, MaxDensity 5.495E+00, MacroOverlap 3.788E+00, MacroOverlapWeight 8.000000E-06, gamma 7.615568E-02, time 4.035ms
[INFO   ] DREAMPlace - full step 16.962 ms
[INFO   ] DREAMPlace - optimizer step 0.191 ms
[INFO   ] DREAMPlace - iteration   90, (   4,  5,  0), Obj 1.956637E+05, NetCrossing 1.334E+01, NetCrossingWeight 1.000000E-03, DensityWeight 1.262760E-04, HPWL 9.618960E+01, Overflow 4.379471E-01, MaxDensity 5.495E+00, MacroOverlap 3.765E+00, MacroOverlapWeight 8.000000E-06, gamma 7.615568E-02, time 3.973ms
[INFO   ] DREAMPlace - full step 17.183 ms
[INFO   ] DREAMPlace - optimizer step 0.212 ms
[INFO   ] DREAMPlace - iteration   91, (   4,  5,  1), Obj 1.955103E+05, NetCrossing 1.243E+01, NetCrossingWeight 1.000000E-03, DensityWeight 1.262760E-04, HPWL 9.553936E+01, Overflow 4.354893E-01, MaxDensity 5.495E+00, MacroOverlap 3.672E+00, MacroOverlapWeight 8.000000E-06, gamma 7.615568E-02, time 4.109ms
[INFO   ] DREAMPlace - full step 17.925 ms
[INFO   ] DREAMPlace - Lsub stopping criteria: 1 and 195510 > 195664 * 0.999
[INFO   ] DREAMPlace - optimizer step 0.191 ms
[INFO   ] DREAMPlace - iteration   92, (   4,  6,  0), Obj 2.121003E+05, NetCrossing 1.358E+01, NetCrossingWeight 1.000000E-03, DensityWeight 1.396358E-04, HPWL 1.038129E+02, Overflow 4.318840E-01, MaxDensity 5.495E+00, MacroOverlap 3.403E+00, MacroOverlapWeight 8.000000E-06, gamma 7.615568E-02, time 4.028ms
[INFO   ] DREAMPlace - full step 17.034 ms
[INFO   ] DREAMPlace - optimizer step 0.199 ms
[INFO   ] DREAMPlace - iteration   93, (   4,  6,  1), Obj 2.086472E+05, NetCrossing 1.335E+01, NetCrossingWeight 1.000000E-03, DensityWeight 1.396358E-04, HPWL 1.063990E+02, Overflow 4.300970E-01, MaxDensity 5.495E+00, MacroOverlap 3.193E+00, MacroOverlapWeight 8.000000E-06, gamma 7.615568E-02, time 3.985ms
[INFO   ] DREAMPlace - full step 17.745 ms
[INFO   ] DREAMPlace - optimizer step 0.191 ms
[INFO   ] DREAMPlace - iteration   94, (   4,  7,  0), Obj 2.278449E+05, NetCrossing 1.495E+01, NetCrossingWeight 1.000000E-03, DensityWeight 1.551204E-04, HPWL 1.137467E+02, Overflow 4.283431E-01, MaxDensity 5.495E+00, MacroOverlap 3.129E+00, MacroOverlapWeight 8.000000E-06, gamma 7.615568E-02, time 4.171ms
[INFO   ] DREAMPlace - full step 18.045 ms
[INFO   ] DREAMPlace - optimizer step 0.205 ms
[INFO   ] DREAMPlace - iteration   95, (   4,  7,  1), Obj 2.236582E+05, NetCrossing 1.447E+01, NetCrossingWeight 1.000000E-03, DensityWeight 1.551204E-04, HPWL 1.130682E+02, Overflow 4.255179E-01, MaxDensity 5.495E+00, MacroOverlap 3.010E+00, MacroOverlapWeight 8.000000E-06, gamma 7.615568E-02, time 3.983ms
[INFO   ] DREAMPlace - full step 17.257 ms
[INFO   ] DREAMPlace - optimizer step 0.229 ms
[INFO   ] DREAMPlace - iteration   96, (   4,  8,  0), Obj 2.438665E+05, NetCrossing 1.469E+01, NetCrossingWeight 1.000000E-03, DensityWeight 1.723224E-04, HPWL 1.201926E+02, Overflow 4.218377E-01, MaxDensity 5.495E+00, MacroOverlap 2.813E+00, MacroOverlapWeight 8.000000E-06, gamma 7.615568E-02, time 4.228ms
[INFO   ] DREAMPlace - full step 17.294 ms
[INFO   ] DREAMPlace - optimizer step 0.190 ms
[INFO   ] DREAMPlace - iteration   97, (   4,  8,  1), Obj 2.387630E+05, NetCrossing 1.445E+01, NetCrossingWeight 1.000000E-03, DensityWeight 1.723224E-04, HPWL 1.268973E+02, Overflow 4.193242E-01, MaxDensity 4.710E+00, MacroOverlap 2.673E+00, MacroOverlapWeight 8.000000E-06, gamma 7.615568E-02, time 4.134ms
[INFO   ] DREAMPlace - full step 17.467 ms
[INFO   ] DREAMPlace - optimizer step 0.190 ms
[INFO   ] DREAMPlace - iteration   98, (   4,  9,  0), Obj 2.610610E+05, NetCrossing 1.356E+01, NetCrossingWeight 1.000000E-03, DensityWeight 1.914315E-04, HPWL 1.316333E+02, Overflow 4.161915E-01, MaxDensity 4.710E+00, MacroOverlap 2.637E+00, MacroOverlapWeight 8.000000E-06, gamma 7.615568E-02, time 3.995ms
[INFO   ] DREAMPlace - full step 20.404 ms
[INFO   ] DREAMPlace - optimizer step 0.220 ms
[INFO   ] DREAMPlace - iteration   99, (   4,  9,  1), Obj 2.569286E+05, NetCrossing 1.369E+01, NetCrossingWeight 1.000000E-03, DensityWeight 1.914315E-04, HPWL 1.334081E+02, Overflow 4.135312E-01, MaxDensity 4.710E+00, MacroOverlap 2.559E+00, MacroOverlapWeight 8.000000E-06, gamma 7.615568E-02, time 3.979ms
[INFO   ] DREAMPlace - full step 18.207 ms
[INFO   ] DREAMPlace - plotting to /Cypress/results/reproduce-small-7/ET095_A00/plot/iter0100.png takes 0.048 seconds
[INFO   ] DREAMPlace - optimizer step 0.229 ms
[INFO   ] DREAMPlace - iteration  100, (   5,  0,  0), Obj 2.791539E+05, NetCrossing 1.339E+01, NetCrossingWeight 1.000000E-03, DensityWeight 2.126602E-04, HPWL 1.371482E+02, Overflow 4.122782E-01, MaxDensity 4.710E+00, MacroOverlap 2.533E+00, MacroOverlapWeight 8.000000E-06, gamma 6.479202E-02, time 4.162ms
[INFO   ] DREAMPlace - full step 66.280 ms
[INFO   ] DREAMPlace - optimizer step 0.190 ms
[INFO   ] DREAMPlace - iteration  101, (   5,  0,  1), Obj 2.740868E+05, NetCrossing 1.375E+01, NetCrossingWeight 1.000000E-03, DensityWeight 2.126602E-04, HPWL 1.437422E+02, Overflow 4.098095E-01, MaxDensity 5.495E+00, MacroOverlap 2.562E+00, MacroOverlapWeight 8.000000E-06, gamma 6.479202E-02, time 3.982ms
[INFO   ] DREAMPlace - full step 17.070 ms
[INFO   ] DREAMPlace - optimizer step 0.199 ms
[INFO   ] DREAMPlace - iteration  102, (   5,  1,  0), Obj 2.948589E+05, NetCrossing 1.297E+01, NetCrossingWeight 1.000000E-03, DensityWeight 2.362427E-04, HPWL 1.554733E+02, Overflow 4.047575E-01, MaxDensity 4.710E+00, MacroOverlap 2.455E+00, MacroOverlapWeight 8.000000E-06, gamma 6.479202E-02, time 4.078ms
[INFO   ] DREAMPlace - full step 17.341 ms
[INFO   ] DREAMPlace - optimizer step 0.190 ms
[INFO   ] DREAMPlace - iteration  103, (   5,  1,  1), Obj 2.835351E+05, NetCrossing 1.400E+01, NetCrossingWeight 1.000000E-03, DensityWeight 2.362427E-04, HPWL 1.706331E+02, Overflow 3.977479E-01, MaxDensity 4.710E+00, MacroOverlap 2.258E+00, MacroOverlapWeight 8.000000E-06, gamma 6.479202E-02, time 4.223ms
[INFO   ] DREAMPlace - full step 18.110 ms
[INFO   ] DREAMPlace - optimizer step 0.206 ms
[INFO   ] DREAMPlace - iteration  104, (   5,  2,  0), Obj 3.033337E+05, NetCrossing 1.391E+01, NetCrossingWeight 1.000000E-03, DensityWeight 2.624391E-04, HPWL 1.803785E+02, Overflow 3.907151E-01, MaxDensity 3.925E+00, MacroOverlap 2.208E+00, MacroOverlapWeight 8.000000E-06, gamma 6.479202E-02, time 3.959ms
[INFO   ] DREAMPlace - full step 17.115 ms
[INFO   ] DREAMPlace - optimizer step 0.219 ms
[INFO   ] DREAMPlace - iteration  105, (   5,  2,  1), Obj 2.920644E+05, NetCrossing 1.457E+01, NetCrossingWeight 1.000000E-03, DensityWeight 2.624391E-04, HPWL 1.983899E+02, Overflow 3.848904E-01, MaxDensity 4.710E+00, MacroOverlap 2.233E+00, MacroOverlapWeight 8.000000E-06, gamma 6.479202E-02, time 4.200ms
[INFO   ] DREAMPlace - full step 18.190 ms
[INFO   ] DREAMPlace - optimizer step 0.190 ms
[INFO   ] DREAMPlace - iteration  106, (   5,  3,  0), Obj 3.072234E+05, NetCrossing 1.617E+01, NetCrossingWeight 1.000000E-03, DensityWeight 2.915403E-04, HPWL 2.092843E+02, Overflow 3.780754E-01, MaxDensity 4.710E+00, MacroOverlap 2.241E+00, MacroOverlapWeight 8.000000E-06, gamma 6.479202E-02, time 4.054ms
[INFO   ] DREAMPlace - full step 17.977 ms
[INFO   ] DREAMPlace - optimizer step 0.191 ms
[INFO   ] DREAMPlace - iteration  107, (   5,  3,  1), Obj 2.906849E+05, NetCrossing 1.603E+01, NetCrossingWeight 1.000000E-03, DensityWeight 2.915403E-04, HPWL 2.251159E+02, Overflow 3.686516E-01, MaxDensity 4.126E+00, MacroOverlap 2.272E+00, MacroOverlapWeight 8.000000E-06, gamma 6.479202E-02, time 4.054ms
[INFO   ] DREAMPlace - full step 16.882 ms
[INFO   ] DREAMPlace - optimizer step 0.200 ms
[INFO   ] DREAMPlace - iteration  108, (   5,  4,  0), Obj 3.028836E+05, NetCrossing 1.670E+01, NetCrossingWeight 1.000000E-03, DensityWeight 3.238685E-04, HPWL 2.370818E+02, Overflow 3.580006E-01, MaxDensity 3.925E+00, MacroOverlap 2.438E+00, MacroOverlapWeight 8.000000E-06, gamma 6.479202E-02, time 3.948ms
[INFO   ] DREAMPlace - full step 18.200 ms
[INFO   ] DREAMPlace - optimizer step 0.189 ms
[INFO   ] DREAMPlace - iteration  109, (   5,  4,  1), Obj 2.827096E+05, NetCrossing 1.628E+01, NetCrossingWeight 1.000000E-03, DensityWeight 3.238685E-04, HPWL 2.496083E+02, Overflow 3.478458E-01, MaxDensity 3.925E+00, MacroOverlap 2.615E+00, MacroOverlapWeight 8.000000E-06, gamma 6.479202E-02, time 4.333ms
[INFO   ] DREAMPlace - full step 17.946 ms
[INFO   ] DREAMPlace - optimizer step 0.201 ms
[INFO   ] DREAMPlace - iteration  110, (   5,  5,  0), Obj 2.876291E+05, NetCrossing 1.771E+01, NetCrossingWeight 1.000000E-03, DensityWeight 3.597818E-04, HPWL 2.627555E+02, Overflow 3.351149E-01, MaxDensity 3.925E+00, MacroOverlap 2.788E+00, MacroOverlapWeight 8.000000E-06, gamma 6.479202E-02, time 3.959ms
[INFO   ] DREAMPlace - full step 17.149 ms
[INFO   ] DREAMPlace - optimizer step 0.218 ms
[INFO   ] DREAMPlace - iteration  111, (   5,  5,  1), Obj 2.620158E+05, NetCrossing 1.711E+01, NetCrossingWeight 1.000000E-03, DensityWeight 3.597818E-04, HPWL 2.781226E+02, Overflow 3.217530E-01, MaxDensity 3.925E+00, MacroOverlap 2.943E+00, MacroOverlapWeight 8.000000E-06, gamma 6.479202E-02, time 4.184ms
[INFO   ] DREAMPlace - full step 17.717 ms
[INFO   ] DREAMPlace - optimizer step 0.192 ms
[INFO   ] DREAMPlace - iteration  112, (   5,  6,  0), Obj 2.588775E+05, NetCrossing 1.720E+01, NetCrossingWeight 1.000000E-03, DensityWeight 3.996769E-04, HPWL 2.950370E+02, Overflow 3.112357E-01, MaxDensity 3.925E+00, MacroOverlap 3.340E+00, MacroOverlapWeight 8.000000E-06, gamma 6.479202E-02, time 4.055ms
[INFO   ] DREAMPlace - full step 17.173 ms
[INFO   ] DREAMPlace - optimizer step 0.190 ms
[INFO   ] DREAMPlace - iteration  113, (   5,  6,  1), Obj 2.264469E+05, NetCrossing 1.716E+01, NetCrossingWeight 1.000000E-03, DensityWeight 3.996769E-04, HPWL 3.134499E+02, Overflow 3.003127E-01, MaxDensity 3.925E+00, MacroOverlap 3.702E+00, MacroOverlapWeight 8.000000E-06, gamma 6.479202E-02, time 3.963ms
[INFO   ] DREAMPlace - full step 17.019 ms
[INFO   ] DREAMPlace - optimizer step 0.192 ms
[INFO   ] DREAMPlace - iteration  114, (   5,  7,  0), Obj 2.152510E+05, NetCrossing 1.617E+01, NetCrossingWeight 1.000000E-03, DensityWeight 4.439951E-04, HPWL 3.317622E+02, Overflow 2.867369E-01, MaxDensity 3.925E+00, MacroOverlap 3.833E+00, MacroOverlapWeight 8.000000E-06, gamma 6.479202E-02, time 3.980ms
[INFO   ] DREAMPlace - full step 16.582 ms
[INFO   ] DREAMPlace - optimizer step 0.206 ms
[INFO   ] DREAMPlace - iteration  115, (   5,  7,  1), Obj 1.836542E+05, NetCrossing 1.700E+01, NetCrossingWeight 1.000000E-03, DensityWeight 4.439951E-04, HPWL 3.464445E+02, Overflow 2.737947E-01, MaxDensity 3.713E+00, MacroOverlap 3.907E+00, MacroOverlapWeight 8.000000E-06, gamma 6.479202E-02, time 4.026ms
[INFO   ] DREAMPlace - full step 17.558 ms
[INFO   ] DREAMPlace - optimizer step 0.190 ms
[INFO   ] DREAMPlace - iteration  116, (   5,  8,  0), Obj 1.719077E+05, NetCrossing 1.748E+01, NetCrossingWeight 1.000000E-03, DensityWeight 4.932277E-04, HPWL 3.624451E+02, Overflow 2.610531E-01, MaxDensity 3.606E+00, MacroOverlap 4.101E+00, MacroOverlapWeight 8.000000E-06, gamma 6.479202E-02, time 4.052ms
[INFO   ] DREAMPlace - full step 17.441 ms
[INFO   ] DREAMPlace - optimizer step 0.192 ms
[INFO   ] DREAMPlace - iteration  117, (   5,  8,  1), Obj 1.451147E+05, NetCrossing 1.702E+01, NetCrossingWeight 1.000000E-03, DensityWeight 4.932277E-04, HPWL 3.750161E+02, Overflow 2.483162E-01, MaxDensity 3.140E+00, MacroOverlap 4.346E+00, MacroOverlapWeight 8.000000E-06, gamma 6.479202E-02, time 3.958ms
[INFO   ] DREAMPlace - full step 16.794 ms
[INFO   ] DREAMPlace - optimizer step 0.207 ms
[INFO   ] DREAMPlace - iteration  118, (   5,  9,  0), Obj 1.336063E+05, NetCrossing 1.688E+01, NetCrossingWeight 1.000000E-03, DensityWeight 5.479203E-04, HPWL 3.836267E+02, Overflow 2.346801E-01, MaxDensity 3.140E+00, MacroOverlap 4.359E+00, MacroOverlapWeight 8.000000E-06, gamma 6.479202E-02, time 4.085ms
[INFO   ] DREAMPlace - full step 17.916 ms
[INFO   ] DREAMPlace - optimizer step 0.196 ms
[INFO   ] DREAMPlace - iteration  119, (   5,  9,  1), Obj 1.120676E+05, NetCrossing 1.595E+01, NetCrossingWeight 1.000000E-03, DensityWeight 5.479203E-04, HPWL 3.919595E+02, Overflow 2.192579E-01, MaxDensity 3.140E+00, MacroOverlap 4.223E+00, MacroOverlapWeight 8.000000E-06, gamma 6.479202E-02, time 4.072ms
[INFO   ] DREAMPlace - full step 17.526 ms
[INFO   ] DREAMPlace - optimizer step 0.191 ms
[INFO   ] DREAMPlace - iteration  120, (   6,  0,  0), Obj 1.041329E+05, NetCrossing 1.488E+01, NetCrossingWeight 1.000000E-03, DensityWeight 6.086797E-04, HPWL 3.975516E+02, Overflow 2.076987E-01, MaxDensity 3.140E+00, MacroOverlap 4.008E+00, MacroOverlapWeight 8.000000E-06, gamma 2.397745E-02, time 3.974ms
[INFO   ] DREAMPlace - full step 17.227 ms
[INFO   ] DREAMPlace - optimizer step 0.214 ms
[INFO   ] DREAMPlace - iteration  121, (   6,  0,  1), Obj 9.078177E+04, NetCrossing 1.319E+01, NetCrossingWeight 1.000000E-03, DensityWeight 6.086797E-04, HPWL 3.978358E+02, Overflow 1.976278E-01, MaxDensity 3.140E+00, MacroOverlap 3.750E+00, MacroOverlapWeight 8.000000E-06, gamma 2.397745E-02, time 4.120ms
[INFO   ] DREAMPlace - full step 17.677 ms
[INFO   ] DREAMPlace - optimizer step 0.190 ms
[INFO   ] DREAMPlace - iteration  122, (   6,  1,  0), Obj 8.717438E+04, NetCrossing 1.253E+01, NetCrossingWeight 1.000000E-03, DensityWeight 6.761788E-04, HPWL 3.888897E+02, Overflow 1.903328E-01, MaxDensity 3.140E+00, MacroOverlap 3.326E+00, MacroOverlapWeight 8.000000E-06, gamma 2.397745E-02, time 4.068ms
[INFO   ] DREAMPlace - full step 18.529 ms
[INFO   ] DREAMPlace - optimizer step 0.190 ms
[INFO   ] DREAMPlace - iteration  123, (   6,  1,  1), Obj 7.909905E+04, NetCrossing 1.171E+01, NetCrossingWeight 1.000000E-03, DensityWeight 6.761788E-04, HPWL 3.906798E+02, Overflow 1.830121E-01, MaxDensity 3.839E+00, MacroOverlap 2.871E+00, MacroOverlapWeight 8.000000E-06, gamma 2.397745E-02, time 4.109ms
[INFO   ] DREAMPlace - full step 18.811 ms
[INFO   ] DREAMPlace - optimizer step 0.233 ms
[INFO   ] DREAMPlace - iteration  124, (   6,  2,  0), Obj 7.479872E+04, NetCrossing 1.176E+01, NetCrossingWeight 1.000000E-03, DensityWeight 7.465216E-04, HPWL 3.882895E+02, Overflow 1.743105E-01, MaxDensity 3.925E+00, MacroOverlap 2.435E+00, MacroOverlapWeight 8.000000E-06, gamma 2.397745E-02, time 3.985ms
[INFO   ] DREAMPlace - full step 18.725 ms
[INFO   ] DREAMPlace - optimizer step 0.190 ms
[INFO   ] DREAMPlace - iteration  125, (   6,  2,  1), Obj 6.650095E+04, NetCrossing 1.137E+01, NetCrossingWeight 1.000000E-03, DensityWeight 7.465216E-04, HPWL 3.825603E+02, Overflow 1.680272E-01, MaxDensity 3.187E+00, MacroOverlap 2.089E+00, MacroOverlapWeight 8.000000E-06, gamma 2.397745E-02, time 4.381ms
[INFO   ] DREAMPlace - full step 19.206 ms
[INFO   ] DREAMPlace - optimizer step 0.198 ms
[INFO   ] DREAMPlace - iteration  126, (   6,  3,  0), Obj 6.819791E+04, NetCrossing 1.252E+01, NetCrossingWeight 1.000000E-03, DensityWeight 8.240998E-04, HPWL 3.745668E+02, Overflow 1.651730E-01, MaxDensity 3.140E+00, MacroOverlap 1.849E+00, MacroOverlapWeight 8.000000E-06, gamma 2.397745E-02, time 4.255ms
[INFO   ] DREAMPlace - full step 17.835 ms
[INFO   ] DREAMPlace - optimizer step 0.201 ms
[INFO   ] DREAMPlace - iteration  127, (   6,  3,  1), Obj 6.785296E+04, NetCrossing 1.354E+01, NetCrossingWeight 1.000000E-03, DensityWeight 8.240998E-04, HPWL 3.642742E+02, Overflow 1.660173E-01, MaxDensity 3.140E+00, MacroOverlap 1.641E+00, MacroOverlapWeight 8.000000E-06, gamma 2.397745E-02, time 3.963ms
[INFO   ] DREAMPlace - full step 17.095 ms
[INFO   ] DREAMPlace - optimizer step 0.211 ms
[INFO   ] DREAMPlace - iteration  128, (   6,  4,  0), Obj 7.059909E+04, NetCrossing 1.435E+01, NetCrossingWeight 1.000000E-03, DensityWeight 9.096489E-04, HPWL 3.579863E+02, Overflow 1.695652E-01, MaxDensity 3.140E+00, MacroOverlap 1.493E+00, MacroOverlapWeight 8.000000E-06, gamma 2.397745E-02, time 4.037ms
[INFO   ] DREAMPlace - full step 19.149 ms
[INFO   ] DREAMPlace - optimizer step 0.191 ms
[INFO   ] DREAMPlace - iteration  129, (   6,  4,  1), Obj 7.439526E+04, NetCrossing 1.407E+01, NetCrossingWeight 1.000000E-03, DensityWeight 9.096489E-04, HPWL 3.579577E+02, Overflow 1.741295E-01, MaxDensity 3.925E+00, MacroOverlap 1.353E+00, MacroOverlapWeight 8.000000E-06, gamma 2.397745E-02, time 4.246ms
[INFO   ] DREAMPlace - full step 19.229 ms
[INFO   ] DREAMPlace - Lsub stopping criteria: 1 and 74395.3 > 70599.1 * 0.999
[INFO   ] DREAMPlace - optimizer step 0.224 ms
[INFO   ] DREAMPlace - iteration  130, (   6,  5,  0), Obj 7.993650E+04, NetCrossing 1.479E+01, NetCrossingWeight 1.000000E-03, DensityWeight 1.003978E-03, HPWL 3.541617E+02, Overflow 1.745289E-01, MaxDensity 3.178E+00, MacroOverlap 1.210E+00, MacroOverlapWeight 8.000000E-06, gamma 2.397745E-02, time 3.971ms
[INFO   ] DREAMPlace - full step 19.240 ms
[INFO   ] DREAMPlace - optimizer step 0.189 ms
[INFO   ] DREAMPlace - iteration  131, (   6,  5,  1), Obj 8.028892E+04, NetCrossing 1.436E+01, NetCrossingWeight 1.000000E-03, DensityWeight 1.003978E-03, HPWL 3.506438E+02, Overflow 1.723400E-01, MaxDensity 3.140E+00, MacroOverlap 1.063E+00, MacroOverlapWeight 8.000000E-06, gamma 2.397745E-02, time 4.267ms
[INFO   ] DREAMPlace - full step 17.482 ms
[INFO   ] DREAMPlace - Lsub stopping criteria: 1 and 80288.9 > 79936.5 * 0.999
[INFO   ] DREAMPlace - optimizer step 0.191 ms
[INFO   ] DREAMPlace - iteration  132, (   6,  6,  0), Obj 8.829366E+04, NetCrossing 1.372E+01, NetCrossingWeight 1.000000E-03, DensityWeight 1.107979E-03, HPWL 3.483944E+02, Overflow 1.711047E-01, MaxDensity 3.140E+00, MacroOverlap 9.237E-01, MacroOverlapWeight 8.000000E-06, gamma 2.397745E-02, time 3.967ms
[INFO   ] DREAMPlace - full step 18.609 ms
[INFO   ] DREAMPlace - optimizer step 0.189 ms
[INFO   ] DREAMPlace - iteration  133, (   6,  6,  1), Obj 9.067284E+04, NetCrossing 1.364E+01, NetCrossingWeight 1.000000E-03, DensityWeight 1.107979E-03, HPWL 3.444002E+02, Overflow 1.677969E-01, MaxDensity 3.140E+00, MacroOverlap 8.068E-01, MacroOverlapWeight 8.000000E-06, gamma 2.397745E-02, time 4.385ms
[INFO   ] DREAMPlace - full step 18.025 ms
[INFO   ] DREAMPlace - Lsub stopping criteria: 1 and 90672.8 > 88293.7 * 0.999
[INFO   ] DREAMPlace - optimizer step 0.206 ms
[INFO   ] DREAMPlace - iteration  134, (   6,  7,  0), Obj 9.331477E+04, NetCrossing 1.539E+01, NetCrossingWeight 1.000000E-03, DensityWeight 1.222630E-03, HPWL 3.439199E+02, Overflow 1.637882E-01, MaxDensity 3.140E+00, MacroOverlap 6.966E-01, MacroOverlapWeight 8.000000E-06, gamma 2.397745E-02, time 3.966ms
[INFO   ] DREAMPlace - full step 16.938 ms
[INFO   ] DREAMPlace - optimizer step 0.214 ms
[INFO   ] DREAMPlace - iteration  135, (   6,  7,  1), Obj 9.525647E+04, NetCrossing 1.396E+01, NetCrossingWeight 1.000000E-03, DensityWeight 1.222630E-03, HPWL 3.434680E+02, Overflow 1.617171E-01, MaxDensity 3.140E+00, MacroOverlap 6.112E-01, MacroOverlapWeight 8.000000E-06, gamma 2.397745E-02, time 4.177ms
[INFO   ] DREAMPlace - full step 17.479 ms
[INFO   ] DREAMPlace - Lsub stopping criteria: 1 and 95256.5 > 93314.8 * 0.999
[INFO   ] DREAMPlace - optimizer step 0.190 ms
[INFO   ] DREAMPlace - iteration  136, (   6,  8,  0), Obj 1.043952E+05, NetCrossing 1.167E+01, NetCrossingWeight 1.000000E-03, DensityWeight 1.349011E-03, HPWL 3.377217E+02, Overflow 1.605038E-01, MaxDensity 3.140E+00, MacroOverlap 5.542E-01, MacroOverlapWeight 8.000000E-06, gamma 2.397745E-02, time 4.029ms
[INFO   ] DREAMPlace - full step 17.712 ms
[INFO   ] DREAMPlace - optimizer step 0.190 ms
[INFO   ] DREAMPlace - iteration  137, (   6,  8,  1), Obj 1.059048E+05, NetCrossing 1.274E+01, NetCrossingWeight 1.000000E-03, DensityWeight 1.349011E-03, HPWL 3.398759E+02, Overflow 1.584547E-01, MaxDensity 3.140E+00, MacroOverlap 5.074E-01, MacroOverlapWeight 8.000000E-06, gamma 2.397745E-02, time 4.059ms
[INFO   ] DREAMPlace - full step 17.718 ms
[INFO   ] DREAMPlace - Lsub stopping criteria: 1 and 105905 > 104395 * 0.999
[INFO   ] DREAMPlace - optimizer step 0.191 ms
[INFO   ] DREAMPlace - iteration  138, (   6,  9,  0), Obj 1.065522E+05, NetCrossing 1.353E+01, NetCrossingWeight 1.000000E-03, DensityWeight 1.488306E-03, HPWL 3.421337E+02, Overflow 1.537288E-01, MaxDensity 3.140E+00, MacroOverlap 4.714E-01, MacroOverlapWeight 8.000000E-06, gamma 2.397745E-02, time 3.971ms
[INFO   ] DREAMPlace - full step 17.078 ms
[INFO   ] DREAMPlace - optimizer step 0.212 ms
[INFO   ] DREAMPlace - iteration  139, (   6,  9,  1), Obj 1.116119E+05, NetCrossing 1.359E+01, NetCrossingWeight 1.000000E-03, DensityWeight 1.488306E-03, HPWL 3.426883E+02, Overflow 1.494094E-01, MaxDensity 3.140E+00, MacroOverlap 4.365E-01, MacroOverlapWeight 8.000000E-06, gamma 2.397745E-02, time 4.116ms
[INFO   ] DREAMPlace - full step 17.755 ms
[INFO   ] DREAMPlace - Lsub stopping criteria: 1 and 111612 > 106552 * 0.999
[INFO   ] DREAMPlace - optimizer step 0.190 ms
[INFO   ] DREAMPlace - iteration  140, (   7,  0,  0), Obj 1.239110E+05, NetCrossing 1.462E+01, NetCrossingWeight 1.000000E-03, DensityWeight 1.653352E-03, HPWL 3.413307E+02, Overflow 1.471372E-01, MaxDensity 3.140E+00, MacroOverlap 4.158E-01, MacroOverlapWeight 8.000000E-06, gamma 1.677197E-02, time 3.973ms
[INFO   ] DREAMPlace - full step 20.516 ms
[INFO   ] DREAMPlace - optimizer step 0.232 ms
[INFO   ] DREAMPlace - iteration  141, (   7,  0,  1), Obj 1.239740E+05, NetCrossing 1.265E+01, NetCrossingWeight 1.000000E-03, DensityWeight 1.653352E-03, HPWL 3.437577E+02, Overflow 1.448498E-01, MaxDensity 3.140E+00, MacroOverlap 4.090E-01, MacroOverlapWeight 8.000000E-06, gamma 1.677197E-02, time 4.253ms
[INFO   ] DREAMPlace - full step 18.165 ms
[INFO   ] DREAMPlace - Lsub stopping criteria: 1 and 123974 > 123911 * 0.999
[INFO   ] DREAMPlace - optimizer step 0.197 ms
[INFO   ] DREAMPlace - iteration  142, (   7,  1,  0), Obj 1.301085E+05, NetCrossing 1.465E+01, NetCrossingWeight 1.000000E-03, DensityWeight 1.836703E-03, HPWL 3.439106E+02, Overflow 1.442681E-01, MaxDensity 3.140E+00, MacroOverlap 4.060E-01, MacroOverlapWeight 8.000000E-06, gamma 1.677197E-02, time 3.965ms
[INFO   ] DREAMPlace - full step 17.383 ms
[INFO   ] DREAMPlace - optimizer step 0.201 ms
[INFO   ] DREAMPlace - iteration  143, (   7,  1,  1), Obj 1.360404E+05, NetCrossing 1.477E+01, NetCrossingWeight 1.000000E-03, DensityWeight 1.836703E-03, HPWL 3.391223E+02, Overflow 1.466340E-01, MaxDensity 3.140E+00, MacroOverlap 4.113E-01, MacroOverlapWeight 8.000000E-06, gamma 1.677197E-02, time 3.963ms
[INFO   ] DREAMPlace - full step 17.308 ms
[INFO   ] DREAMPlace - Lsub stopping criteria: 1 and 136040 > 130108 * 0.999
[INFO   ] DREAMPlace - optimizer step 0.192 ms
[INFO   ] DREAMPlace - iteration  144, (   7,  2,  0), Obj 1.422644E+05, NetCrossing 1.609E+01, NetCrossingWeight 1.000000E-03, DensityWeight 2.025748E-03, HPWL 3.341909E+02, Overflow 1.497761E-01, MaxDensity 3.140E+00, MacroOverlap 4.180E-01, MacroOverlapWeight 8.000000E-06, gamma 1.677197E-02, time 4.226ms
[INFO   ] DREAMPlace - full step 19.069 ms
[INFO   ] DREAMPlace - optimizer step 0.218 ms
[INFO   ] DREAMPlace - iteration  145, (   7,  2,  1), Obj 1.432931E+05, NetCrossing 1.592E+01, NetCrossingWeight 1.000000E-03, DensityWeight 2.025748E-03, HPWL 3.329081E+02, Overflow 1.510939E-01, MaxDensity 3.140E+00, MacroOverlap 4.184E-01, MacroOverlapWeight 8.000000E-06, gamma 1.677197E-02, time 3.972ms
[INFO   ] DREAMPlace - full step 19.186 ms
[INFO   ] DREAMPlace - Lsub stopping criteria: 1 and 143293 > 142264 * 0.999
[INFO   ] DREAMPlace - optimizer step 0.193 ms
[INFO   ] DREAMPlace - iteration  146, (   7,  3,  0), Obj 1.548302E+05, NetCrossing 1.764E+01, NetCrossingWeight 1.000000E-03, DensityWeight 2.234027E-03, HPWL 3.302217E+02, Overflow 1.522464E-01, MaxDensity 3.140E+00, MacroOverlap 4.163E-01, MacroOverlapWeight 8.000000E-06, gamma 1.677197E-02, time 4.267ms
[INFO   ] DREAMPlace - full step 19.044 ms
[INFO   ] DREAMPlace - optimizer step 0.226 ms
[INFO   ] DREAMPlace - iteration  147, (   7,  3,  1), Obj 1.565769E+05, NetCrossing 1.688E+01, NetCrossingWeight 1.000000E-03, DensityWeight 2.234027E-03, HPWL 3.281202E+02, Overflow 1.533274E-01, MaxDensity 3.140E+00, MacroOverlap 4.122E-01, MacroOverlapWeight 8.000000E-06, gamma 1.677197E-02, time 4.870ms
[INFO   ] DREAMPlace - full step 19.496 ms
[INFO   ] DREAMPlace - Lsub stopping criteria: 1 and 156577 > 154830 * 0.999
[INFO   ] DREAMPlace - optimizer step 0.200 ms
[INFO   ] DREAMPlace - iteration  148, (   7,  4,  0), Obj 1.663723E+05, NetCrossing 1.587E+01, NetCrossingWeight 1.000000E-03, DensityWeight 2.463475E-03, HPWL 3.302041E+02, Overflow 1.527930E-01, MaxDensity 3.925E+00, MacroOverlap 4.052E-01, MacroOverlapWeight 8.000000E-06, gamma 1.677197E-02, time 4.315ms
[INFO   ] DREAMPlace - full step 18.696 ms
[INFO   ] DREAMPlace - optimizer step 0.226 ms
[INFO   ] DREAMPlace - iteration  149, (   7,  4,  1), Obj 1.654366E+05, NetCrossing 1.597E+01, NetCrossingWeight 1.000000E-03, DensityWeight 2.463475E-03, HPWL 3.318355E+02, Overflow 1.508812E-01, MaxDensity 3.925E+00, MacroOverlap 3.904E-01, MacroOverlapWeight 8.000000E-06, gamma 1.677197E-02, time 4.088ms
[INFO   ] DREAMPlace - full step 19.526 ms
[INFO   ] DREAMPlace - optimizer step 0.190 ms
[INFO   ] DREAMPlace - iteration  150, (   7,  5,  0), Obj 1.789462E+05, NetCrossing 1.457E+01, NetCrossingWeight 1.000000E-03, DensityWeight 2.736662E-03, HPWL 3.300208E+02, Overflow 1.479181E-01, MaxDensity 3.752E+00, MacroOverlap 3.749E-01, MacroOverlapWeight 8.000000E-06, gamma 1.677197E-02, time 4.324ms
[INFO   ] DREAMPlace - full step 19.610 ms
[INFO   ] DREAMPlace - optimizer step 0.231 ms
[INFO   ] DREAMPlace - iteration  151, (   7,  5,  1), Obj 1.752290E+05, NetCrossing 1.434E+01, NetCrossingWeight 1.000000E-03, DensityWeight 2.736662E-03, HPWL 3.320702E+02, Overflow 1.446382E-01, MaxDensity 3.140E+00, MacroOverlap 3.662E-01, MacroOverlapWeight 8.000000E-06, gamma 1.677197E-02, time 4.006ms
[INFO   ] DREAMPlace - full step 18.941 ms
[INFO   ] DREAMPlace - optimizer step 0.191 ms
[INFO   ] DREAMPlace - iteration  152, (   7,  6,  0), Obj 1.885004E+05, NetCrossing 1.389E+01, NetCrossingWeight 1.000000E-03, DensityWeight 3.040148E-03, HPWL 3.345577E+02, Overflow 1.419481E-01, MaxDensity 3.140E+00, MacroOverlap 3.552E-01, MacroOverlapWeight 8.000000E-06, gamma 1.677197E-02, time 4.164ms
[INFO   ] DREAMPlace - full step 18.984 ms
[INFO   ] DREAMPlace - optimizer step 0.219 ms
[INFO   ] DREAMPlace - iteration  153, (   7,  6,  1), Obj 1.924110E+05, NetCrossing 1.420E+01, NetCrossingWeight 1.000000E-03, DensityWeight 3.040148E-03, HPWL 3.380253E+02, Overflow 1.397748E-01, MaxDensity 3.140E+00, MacroOverlap 3.376E-01, MacroOverlapWeight 8.000000E-06, gamma 1.677197E-02, time 3.980ms
[INFO   ] DREAMPlace - full step 19.246 ms
[INFO   ] DREAMPlace - Lsub stopping criteria: 1 and 192411 > 188500 * 0.999
[INFO   ] DREAMPlace - optimizer step 0.225 ms
[INFO   ] DREAMPlace - iteration  154, (   7,  7,  0), Obj 2.115175E+05, NetCrossing 1.338E+01, NetCrossingWeight 1.000000E-03, DensityWeight 3.377284E-03, HPWL 3.400725E+02, Overflow 1.376470E-01, MaxDensity 3.140E+00, MacroOverlap 3.235E-01, MacroOverlapWeight 8.000000E-06, gamma 1.677197E-02, time 4.286ms
[INFO   ] DREAMPlace - full step 19.287 ms
[INFO   ] DREAMPlace - optimizer step 0.193 ms
[INFO   ] DREAMPlace - iteration  155, (   7,  7,  1), Obj 2.186186E+05, NetCrossing 1.484E+01, NetCrossingWeight 1.000000E-03, DensityWeight 3.377284E-03, HPWL 3.382705E+02, Overflow 1.360073E-01, MaxDensity 3.140E+00, MacroOverlap 3.142E-01, MacroOverlapWeight 8.000000E-06, gamma 1.677197E-02, time 4.074ms
[INFO   ] DREAMPlace - full step 18.602 ms
[INFO   ] DREAMPlace - Lsub stopping criteria: 1 and 218619 > 211518 * 0.999
[INFO   ] DREAMPlace - optimizer step 0.190 ms
[INFO   ] DREAMPlace - iteration  156, (   7,  8,  0), Obj 2.306415E+05, NetCrossing 1.502E+01, NetCrossingWeight 1.000000E-03, DensityWeight 3.751813E-03, HPWL 3.377643E+02, Overflow 1.360782E-01, MaxDensity 3.140E+00, MacroOverlap 3.132E-01, MacroOverlapWeight 8.000000E-06, gamma 1.677197E-02, time 3.963ms
[INFO   ] DREAMPlace - full step 18.646 ms
[INFO   ] DREAMPlace - optimizer step 0.197 ms
[INFO   ] DREAMPlace - iteration  157, (   7,  8,  1), Obj 2.456276E+05, NetCrossing 1.423E+01, NetCrossingWeight 1.000000E-03, DensityWeight 3.751813E-03, HPWL 3.380415E+02, Overflow 1.352871E-01, MaxDensity 3.140E+00, MacroOverlap 3.173E-01, MacroOverlapWeight 8.000000E-06, gamma 1.677197E-02, time 4.399ms
[INFO   ] DREAMPlace - full step 19.657 ms
[INFO   ] DREAMPlace - Lsub stopping criteria: 1 and 245628 > 230642 * 0.999
[INFO   ] DREAMPlace - optimizer step 0.225 ms
[INFO   ] DREAMPlace - iteration  158, (   7,  9,  0), Obj 2.608252E+05, NetCrossing 1.483E+01, NetCrossingWeight 1.000000E-03, DensityWeight 4.135077E-03, HPWL 3.411835E+02, Overflow 1.342643E-01, MaxDensity 3.140E+00, MacroOverlap 3.263E-01, MacroOverlapWeight 8.000000E-06, gamma 1.677197E-02, time 4.037ms
[INFO   ] DREAMPlace - full step 17.553 ms
[INFO   ] DREAMPlace - optimizer step 0.191 ms
[INFO   ] DREAMPlace - iteration  159, (   7,  9,  1), Obj 2.621806E+05, NetCrossing 1.508E+01, NetCrossingWeight 1.000000E-03, DensityWeight 4.135077E-03, HPWL 3.454693E+02, Overflow 1.331653E-01, MaxDensity 3.140E+00, MacroOverlap 3.419E-01, MacroOverlapWeight 8.000000E-06, gamma 1.677197E-02, time 4.078ms
[INFO   ] DREAMPlace - full step 16.923 ms
[INFO   ] DREAMPlace - Lsub stopping criteria: 1 and 262181 > 260825 * 0.999
[INFO   ] DREAMPlace - Llambda stopping criteria: 9 and (( 0.133165 < 0.1 and 345.469 > 338.042 ) or 3.14027 < 1.0)
[INFO   ] DREAMPlace - optimizer step 0.190 ms
[INFO   ] DREAMPlace - iteration  160, (   8,  0,  0), Obj 2.845247E+05, NetCrossing 1.353E+01, NetCrossingWeight 1.000000E-03, DensityWeight 4.593633E-03, HPWL 3.482151E+02, Overflow 1.312415E-01, MaxDensity 3.140E+00, MacroOverlap 3.452E-01, MacroOverlapWeight 8.000000E-06, gamma 1.543427E-02, time 3.981ms
[INFO   ] DREAMPlace - full step 16.916 ms
[INFO   ] DREAMPlace - optimizer step 0.197 ms
[INFO   ] DREAMPlace - iteration  161, (   8,  0,  1), Obj 2.765209E+05, NetCrossing 1.346E+01, NetCrossingWeight 1.000000E-03, DensityWeight 4.593633E-03, HPWL 3.491832E+02, Overflow 1.288030E-01, MaxDensity 3.140E+00, MacroOverlap 3.355E-01, MacroOverlapWeight 8.000000E-06, gamma 1.543427E-02, time 3.979ms
[INFO   ] DREAMPlace - full step 17.515 ms
[INFO   ] DREAMPlace - optimizer step 0.193 ms
[INFO   ] DREAMPlace - iteration  162, (   8,  1,  0), Obj 2.894101E+05, NetCrossing 1.349E+01, NetCrossingWeight 1.000000E-03, DensityWeight 5.103044E-03, HPWL 3.510034E+02, Overflow 1.268416E-01, MaxDensity 3.088E+00, MacroOverlap 3.154E-01, MacroOverlapWeight 8.000000E-06, gamma 1.543427E-02, time 4.003ms
[INFO   ] DREAMPlace - full step 17.571 ms
[INFO   ] DREAMPlace - optimizer step 0.190 ms
[INFO   ] DREAMPlace - iteration  163, (   8,  1,  1), Obj 3.024247E+05, NetCrossing 1.294E+01, NetCrossingWeight 1.000000E-03, DensityWeight 5.103044E-03, HPWL 3.554200E+02, Overflow 1.253610E-01, MaxDensity 2.515E+00, MacroOverlap 3.012E-01, MacroOverlapWeight 8.000000E-06, gamma 1.543427E-02, time 4.029ms
[INFO   ] DREAMPlace - full step 17.109 ms
[INFO   ] DREAMPlace - Lsub stopping criteria: 1 and 302425 > 289410 * 0.999
[INFO   ] DREAMPlace - Llambda stopping criteria: 1 and (( 0.125361 < 0.1 and 355.42 > 349.183 ) or 2.51525 < 1.0)
[INFO   ] DREAMPlace - optimizer step 0.200 ms
[INFO   ] DREAMPlace - iteration  164, (   9,  0,  0), Obj 3.230909E+05, NetCrossing 1.255E+01, NetCrossingWeight 1.000000E-03, DensityWeight 5.668943E-03, HPWL 3.596099E+02, Overflow 1.234611E-01, MaxDensity 2.355E+00, MacroOverlap 2.923E-01, MacroOverlapWeight 8.000000E-06, gamma 1.483007E-02, time 3.974ms
[INFO   ] DREAMPlace - full step 17.249 ms
[INFO   ] DREAMPlace - optimizer step 0.190 ms
[INFO   ] DREAMPlace - iteration  165, (   9,  0,  1), Obj 3.177989E+05, NetCrossing 1.194E+01, NetCrossingWeight 1.000000E-03, DensityWeight 5.668943E-03, HPWL 3.622817E+02, Overflow 1.218076E-01, MaxDensity 2.355E+00, MacroOverlap 2.850E-01, MacroOverlapWeight 8.000000E-06, gamma 1.483007E-02, time 4.235ms
[INFO   ] DREAMPlace - full step 17.758 ms
[INFO   ] DREAMPlace - optimizer step 0.205 ms
[INFO   ] DREAMPlace - iteration  166, (   9,  1,  0), Obj 3.390678E+05, NetCrossing 1.319E+01, NetCrossingWeight 1.000000E-03, DensityWeight 6.297596E-03, HPWL 3.651097E+02, Overflow 1.207614E-01, MaxDensity 2.355E+00, MacroOverlap 2.766E-01, MacroOverlapWeight 8.000000E-06, gamma 1.483007E-02, time 3.970ms
[INFO   ] DREAMPlace - full step 17.775 ms
[INFO   ] DREAMPlace - optimizer step 0.189 ms
[INFO   ] DREAMPlace - iteration  167, (   9,  1,  1), Obj 3.525960E+05, NetCrossing 1.294E+01, NetCrossingWeight 1.000000E-03, DensityWeight 6.297596E-03, HPWL 3.668653E+02, Overflow 1.197391E-01, MaxDensity 2.355E+00, MacroOverlap 2.651E-01, MacroOverlapWeight 8.000000E-06, gamma 1.483007E-02, time 4.306ms
[INFO   ] DREAMPlace - full step 18.092 ms
[INFO   ] DREAMPlace - Lsub stopping criteria: 1 and 352596 > 339068 * 0.999
[INFO   ] DREAMPlace - Llambda stopping criteria: 1 and (( 0.119739 < 0.1 and 366.865 > 362.282 ) or 2.3552 < 1.0)
[INFO   ] DREAMPlace - optimizer step 0.206 ms
[INFO   ] DREAMPlace - iteration  168, (  10,  0,  0), Obj 3.598617E+05, NetCrossing 1.310E+01, NetCrossingWeight 1.000000E-03, DensityWeight 6.995968E-03, HPWL 3.675231E+02, Overflow 1.188035E-01, MaxDensity 2.355E+00, MacroOverlap 2.512E-01, MacroOverlapWeight 8.000000E-06, gamma 1.440954E-02, time 3.972ms
[INFO   ] DREAMPlace - full step 17.032 ms
[INFO   ] DREAMPlace - optimizer step 0.189 ms
[INFO   ] DREAMPlace - iteration  169, (  10,  0,  1), Obj 3.597147E+05, NetCrossing 1.383E+01, NetCrossingWeight 1.000000E-03, DensityWeight 6.995968E-03, HPWL 3.686732E+02, Overflow 1.175713E-01, MaxDensity 2.355E+00, MacroOverlap 2.364E-01, MacroOverlapWeight 8.000000E-06, gamma 1.440954E-02, time 4.252ms
[INFO   ] DREAMPlace - full step 17.839 ms
[INFO   ] DREAMPlace - Lsub stopping criteria: 1 and 359715 > 359862 * 0.999
[INFO   ] DREAMPlace - optimizer step 0.210 ms
[INFO   ] DREAMPlace - iteration  170, (  10,  1,  0), Obj 3.829433E+05, NetCrossing 1.441E+01, NetCrossingWeight 1.000000E-03, DensityWeight 7.771791E-03, HPWL 3.693561E+02, Overflow 1.159903E-01, MaxDensity 2.355E+00, MacroOverlap 2.268E-01, MacroOverlapWeight 8.000000E-06, gamma 1.440954E-02, time 3.954ms
[INFO   ] DREAMPlace - full step 17.429 ms
[INFO   ] DREAMPlace - optimizer step 0.195 ms
[INFO   ] DREAMPlace - iteration  171, (  10,  1,  1), Obj 3.822709E+05, NetCrossing 1.292E+01, NetCrossingWeight 1.000000E-03, DensityWeight 7.771791E-03, HPWL 3.697010E+02, Overflow 1.144700E-01, MaxDensity 2.355E+00, MacroOverlap 2.207E-01, MacroOverlapWeight 8.000000E-06, gamma 1.440954E-02, time 4.259ms
[INFO   ] DREAMPlace - full step 17.691 ms
[INFO   ] DREAMPlace - Llambda stopping criteria: 1 and (( 0.11447 < 0.1 and 369.701 > 368.673 ) or 2.3552 < 1.0)
[INFO   ] DREAMPlace - optimizer step 0.201 ms
[INFO   ] DREAMPlace - iteration  172, (  11,  0,  0), Obj 3.925201E+05, NetCrossing 1.468E+01, NetCrossingWeight 1.000000E-03, DensityWeight 8.633653E-03, HPWL 3.708915E+02, Overflow 1.133889E-01, MaxDensity 2.355E+00, MacroOverlap 2.179E-01, MacroOverlapWeight 8.000000E-06, gamma 1.402623E-02, time 3.992ms
[INFO   ] DREAMPlace - full step 17.486 ms
[INFO   ] DREAMPlace - optimizer step 0.191 ms
[INFO   ] DREAMPlace - iteration  173, (  11,  0,  1), Obj 3.908002E+05, NetCrossing 1.416E+01, NetCrossingWeight 1.000000E-03, DensityWeight 8.633653E-03, HPWL 3.715895E+02, Overflow 1.121940E-01, MaxDensity 2.355E+00, MacroOverlap 2.161E-01, MacroOverlapWeight 8.000000E-06, gamma 1.402623E-02, time 4.248ms
[INFO   ] DREAMPlace - full step 17.709 ms
[INFO   ] DREAMPlace - optimizer step 0.200 ms
[INFO   ] DREAMPlace - iteration  174, (  11,  1,  0), Obj 4.115052E+05, NetCrossing 1.288E+01, NetCrossingWeight 1.000000E-03, DensityWeight 9.591090E-03, HPWL 3.716874E+02, Overflow 1.111453E-01, MaxDensity 2.355E+00, MacroOverlap 2.117E-01, MacroOverlapWeight 8.000000E-06, gamma 1.402623E-02, time 3.956ms
[INFO   ] DREAMPlace - full step 17.352 ms
[INFO   ] DREAMPlace - optimizer step 0.218 ms
[INFO   ] DREAMPlace - iteration  175, (  11,  1,  1), Obj 4.351470E+05, NetCrossing 1.486E+01, NetCrossingWeight 1.000000E-03, DensityWeight 9.591090E-03, HPWL 3.732821E+02, Overflow 1.102269E-01, MaxDensity 2.355E+00, MacroOverlap 2.065E-01, MacroOverlapWeight 8.000000E-06, gamma 1.402623E-02, time 4.200ms
[INFO   ] DREAMPlace - full step 17.621 ms
[INFO   ] DREAMPlace - Lsub stopping criteria: 1 and 435147 > 411505 * 0.999
[INFO   ] DREAMPlace - Llambda stopping criteria: 1 and (( 0.110227 < 0.1 and 373.282 > 371.589 ) or 2.3552 < 1.0)
[INFO   ] DREAMPlace - optimizer step 0.189 ms
[INFO   ] DREAMPlace - iteration  176, (  12,  0,  0), Obj 4.604163E+05, NetCrossing 1.426E+01, NetCrossingWeight 1.000000E-03, DensityWeight 1.065470E-02, HPWL 3.752965E+02, Overflow 1.092160E-01, MaxDensity 2.355E+00, MacroOverlap 1.981E-01, MacroOverlapWeight 8.000000E-06, gamma 1.372499E-02, time 4.059ms
[INFO   ] DREAMPlace - full step 17.428 ms
[INFO   ] DREAMPlace - optimizer step 0.200 ms
[INFO   ] DREAMPlace - iteration  177, (  12,  0,  1), Obj 4.545732E+05, NetCrossing 1.385E+01, NetCrossingWeight 1.000000E-03, DensityWeight 1.065470E-02, HPWL 3.778605E+02, Overflow 1.080603E-01, MaxDensity 2.355E+00, MacroOverlap 1.866E-01, MacroOverlapWeight 8.000000E-06, gamma 1.372499E-02, time 3.957ms
[INFO   ] DREAMPlace - full step 17.101 ms
[INFO   ] DREAMPlace - optimizer step 0.210 ms
[INFO   ] DREAMPlace - iteration  178, (  12,  1,  0), Obj 4.782397E+05, NetCrossing 1.360E+01, NetCrossingWeight 1.000000E-03, DensityWeight 1.183625E-02, HPWL 3.797217E+02, Overflow 1.065055E-01, MaxDensity 2.355E+00, MacroOverlap 1.753E-01, MacroOverlapWeight 8.000000E-06, gamma 1.372499E-02, time 4.107ms
[INFO   ] DREAMPlace - full step 18.224 ms
[INFO   ] DREAMPlace - optimizer step 0.190 ms
[INFO   ] DREAMPlace - iteration  179, (  12,  1,  1), Obj 4.808344E+05, NetCrossing 1.379E+01, NetCrossingWeight 1.000000E-03, DensityWeight 1.183625E-02, HPWL 3.820823E+02, Overflow 1.048173E-01, MaxDensity 2.355E+00, MacroOverlap 1.670E-01, MacroOverlapWeight 8.000000E-06, gamma 1.372499E-02, time 4.107ms
[INFO   ] DREAMPlace - full step 17.836 ms
[INFO   ] DREAMPlace - Lsub stopping criteria: 1 and 480834 > 478240 * 0.999
[INFO   ] DREAMPlace - Llambda stopping criteria: 1 and (( 0.104817 < 0.1 and 382.082 > 377.86 ) or 2.3552 < 1.0)
[INFO   ] DREAMPlace - optimizer step 0.191 ms
[INFO   ] DREAMPlace - iteration  180, (  13,  0,  0), Obj 4.900795E+05, NetCrossing 1.396E+01, NetCrossingWeight 1.000000E-03, DensityWeight 1.314884E-02, HPWL 3.841989E+02, Overflow 1.033552E-01, MaxDensity 2.355E+00, MacroOverlap 1.621E-01, MacroOverlapWeight 8.000000E-06, gamma 1.335029E-02, time 3.960ms
[INFO   ] DREAMPlace - full step 17.314 ms
[INFO   ] DREAMPlace - optimizer step 0.212 ms
[INFO   ] DREAMPlace - iteration  181, (  13,  0,  1), Obj 4.930070E+05, NetCrossing 1.470E+01, NetCrossingWeight 1.000000E-03, DensityWeight 1.314884E-02, HPWL 3.865282E+02, Overflow 1.019610E-01, MaxDensity 2.355E+00, MacroOverlap 1.598E-01, MacroOverlapWeight 8.000000E-06, gamma 1.335029E-02, time 4.173ms
[INFO   ] DREAMPlace - full step 19.574 ms
[INFO   ] DREAMPlace - Lsub stopping criteria: 1 and 493007 > 490080 * 0.999
[INFO   ] DREAMPlace - optimizer step 0.191 ms
[INFO   ] DREAMPlace - iteration  182, (  13,  1,  0), Obj 5.306021E+05, NetCrossing 1.489E+01, NetCrossingWeight 1.000000E-03, DensityWeight 1.460698E-02, HPWL 3.886152E+02, Overflow 1.011563E-01, MaxDensity 2.355E+00, MacroOverlap 1.591E-01, MacroOverlapWeight 8.000000E-06, gamma 1.335029E-02, time 4.063ms
[INFO   ] DREAMPlace - full step 18.702 ms
[INFO   ] DREAMPlace - optimizer step 0.202 ms
[INFO   ] DREAMPlace - iteration  183, (  13,  1,  1), Obj 5.291000E+05, NetCrossing 1.320E+01, NetCrossingWeight 1.000000E-03, DensityWeight 1.460698E-02, HPWL 3.902061E+02, Overflow 1.007019E-01, MaxDensity 2.355E+00, MacroOverlap 1.593E-01, MacroOverlapWeight 8.000000E-06, gamma 1.335029E-02, time 3.977ms
[INFO   ] DREAMPlace - full step 21.350 ms
[INFO   ] DREAMPlace - Llambda stopping criteria: 1 and (( 0.100702 < 0.1 and 390.206 > 386.528 ) or 2.3552 < 1.0)
[INFO   ] DREAMPlace - optimizer step 0.190 ms
[INFO   ] DREAMPlace - iteration  184, (  14,  0,  0), Obj 5.756949E+05, NetCrossing 1.407E+01, NetCrossingWeight 1.000000E-03, DensityWeight 1.622682E-02, HPWL 3.919395E+02, Overflow 1.002548E-01, MaxDensity 2.355E+00, MacroOverlap 1.599E-01, MacroOverlapWeight 8.000000E-06, gamma 1.307209E-02, time 4.193ms
[INFO   ] DREAMPlace - full step 19.284 ms
[INFO   ] DREAMPlace - optimizer step 0.225 ms
[INFO   ] DREAMPlace - iteration  185, (  14,  0,  1), Obj 5.895779E+05, NetCrossing 1.328E+01, NetCrossingWeight 1.000000E-03, DensityWeight 1.622682E-02, HPWL 3.936250E+02, Overflow 9.961583E-02, MaxDensity 2.355E+00, MacroOverlap 1.591E-01, MacroOverlapWeight 8.000000E-06, gamma 1.307209E-02, time 3.979ms
[INFO   ] DREAMPlace - full step 19.196 ms
[INFO   ] DREAMPlace - Lsub stopping criteria: 1 and 589578 > 575695 * 0.999
[INFO   ] DREAMPlace - optimizer step 0.191 ms
[INFO   ] DREAMPlace - iteration  186, (  14,  1,  0), Obj 6.283057E+05, NetCrossing 1.405E+01, NetCrossingWeight 1.000000E-03, DensityWeight 1.802630E-02, HPWL 3.942879E+02, Overflow 9.885985E-02, MaxDensity 2.355E+00, MacroOverlap 1.564E-01, MacroOverlapWeight 8.000000E-06, gamma 1.307209E-02, time 4.269ms
[INFO   ] DREAMPlace - full step 19.291 ms
[INFO   ] DREAMPlace - optimizer step 0.218 ms
[INFO   ] DREAMPlace - iteration  187, (  14,  1,  1), Obj 5.985079E+05, NetCrossing 1.367E+01, NetCrossingWeight 1.000000E-03, DensityWeight 1.802630E-02, HPWL 3.953347E+02, Overflow 9.784748E-02, MaxDensity 2.355E+00, MacroOverlap 1.531E-01, MacroOverlapWeight 8.000000E-06, gamma 1.307209E-02, time 3.977ms
[INFO   ] DREAMPlace - full step 19.087 ms
[INFO   ] DREAMPlace - Llambda stopping criteria: 1 and (( 0.0978475 < 0.1 and 395.335 > 393.625 ) or 2.3552 < 1.0)
[INFO   ] DREAMPlace - optimizer step 0.191 ms
[INFO   ] DREAMPlace - iteration  188, (  15,  0,  0), Obj 5.908687E+05, NetCrossing 1.501E+01, NetCrossingWeight 1.000000E-03, DensityWeight 2.002534E-02, HPWL 3.966767E+02, Overflow 9.690442E-02, MaxDensity 2.355E+00, MacroOverlap 1.497E-01, MacroOverlapWeight 8.000000E-06, gamma 1.288255E-02, time 4.248ms
[INFO   ] DREAMPlace - full step 19.203 ms
[INFO   ] DREAMPlace - optimizer step 0.199 ms
[INFO   ] DREAMPlace - iteration  189, (  15,  0,  1), Obj 6.153288E+05, NetCrossing 1.382E+01, NetCrossingWeight 1.000000E-03, DensityWeight 2.002534E-02, HPWL 3.991125E+02, Overflow 9.604870E-02, MaxDensity 2.355E+00, MacroOverlap 1.463E-01, MacroOverlapWeight 8.000000E-06, gamma 1.288255E-02, time 3.975ms
[INFO   ] DREAMPlace - full step 18.792 ms
[INFO   ] DREAMPlace - Lsub stopping criteria: 1 and 615329 > 590869 * 0.999
[INFO   ] DREAMPlace - optimizer step 0.222 ms
[INFO   ] DREAMPlace - iteration  190, (  15,  1,  0), Obj 6.098898E+05, NetCrossing 1.537E+01, NetCrossingWeight 1.000000E-03, DensityWeight 2.224605E-02, HPWL 4.012218E+02, Overflow 9.521213E-02, MaxDensity 2.355E+00, MacroOverlap 1.423E-01, MacroOverlapWeight 8.000000E-06, gamma 1.288255E-02, time 4.147ms
[INFO   ] DREAMPlace - full step 19.000 ms
[INFO   ] DREAMPlace - optimizer step 0.189 ms
[INFO   ] DREAMPlace - iteration  191, (  15,  1,  1), Obj 6.432266E+05, NetCrossing 1.560E+01, NetCrossingWeight 1.000000E-03, DensityWeight 2.224605E-02, HPWL 4.027427E+02, Overflow 9.418795E-02, MaxDensity 2.355E+00, MacroOverlap 1.373E-01, MacroOverlapWeight 8.000000E-06, gamma 1.288255E-02, time 4.130ms
[INFO   ] DREAMPlace - full step 19.019 ms
[INFO   ] DREAMPlace - Lsub stopping criteria: 1 and 643227 > 609890 * 0.999
[INFO   ] DREAMPlace - Llambda stopping criteria: 1 and (( 0.0941879 < 0.1 and 402.743 > 399.113 ) or 2.3552 < 1.0)
[INFO   ] DREAMPlace - optimizer step 0.190 ms
[INFO   ] DREAMPlace - iteration  192, (  16,  0,  0), Obj 6.595158E+05, NetCrossing 1.610E+01, NetCrossingWeight 1.000000E-03, DensityWeight 2.471303E-02, HPWL 4.047152E+02, Overflow 9.320556E-02, MaxDensity 2.355E+00, MacroOverlap 1.324E-01, MacroOverlapWeight 8.000000E-06, gamma 1.264357E-02, time 4.189ms
[INFO   ] DREAMPlace - full step 19.368 ms
[INFO   ] DREAMPlace - optimizer step 0.232 ms
[INFO   ] DREAMPlace - iteration  193, (  16,  0,  1), Obj 6.400058E+05, NetCrossing 1.583E+01, NetCrossingWeight 1.000000E-03, DensityWeight 2.471303E-02, HPWL 4.069949E+02, Overflow 9.218115E-02, MaxDensity 2.355E+00, MacroOverlap 1.279E-01, MacroOverlapWeight 8.000000E-06, gamma 1.264357E-02, time 3.990ms
[INFO   ] DREAMPlace - full step 19.457 ms
[INFO   ] DREAMPlace - optimizer step 0.190 ms
[INFO   ] DREAMPlace - iteration  194, (  16,  1,  0), Obj 6.468815E+05, NetCrossing 1.461E+01, NetCrossingWeight 1.000000E-03, DensityWeight 2.745359E-02, HPWL 4.097154E+02, Overflow 9.119782E-02, MaxDensity 2.355E+00, MacroOverlap 1.238E-01, MacroOverlapWeight 8.000000E-06, gamma 1.264357E-02, time 4.259ms
[INFO   ] DREAMPlace - full step 19.412 ms
[INFO   ] DREAMPlace - optimizer step 0.223 ms
[INFO   ] DREAMPlace - iteration  195, (  16,  1,  1), Obj 6.570447E+05, NetCrossing 1.609E+01, NetCrossingWeight 1.000000E-03, DensityWeight 2.745359E-02, HPWL 4.120168E+02, Overflow 9.047756E-02, MaxDensity 2.355E+00, MacroOverlap 1.198E-01, MacroOverlapWeight 8.000000E-06, gamma 1.264357E-02, time 3.966ms
[INFO   ] DREAMPlace - full step 19.220 ms
[INFO   ] DREAMPlace - Lsub stopping criteria: 1 and 657045 > 646882 * 0.999
[INFO   ] DREAMPlace - Llambda stopping criteria: 1 and (( 0.0904776 < 0.1 and 412.017 > 406.995 ) or 2.3552 < 1.0)
[INFO   ] DREAMPlace - optimizer step 0.190 ms
[INFO   ] DREAMPlace - iteration  196, (  17,  0,  0), Obj 6.518457E+05, NetCrossing 1.607E+01, NetCrossingWeight 1.000000E-03, DensityWeight 3.049805E-02, HPWL 4.136323E+02, Overflow 8.998024E-02, MaxDensity 2.355E+00, MacroOverlap 1.160E-01, MacroOverlapWeight 8.000000E-06, gamma 1.240579E-02, time 4.287ms
[INFO   ] DREAMPlace - full step 19.337 ms
[INFO   ] DREAMPlace - optimizer step 0.226 ms
[INFO   ] DREAMPlace - iteration  197, (  17,  0,  1), Obj 6.442340E+05, NetCrossing 1.602E+01, NetCrossingWeight 1.000000E-03, DensityWeight 3.049805E-02, HPWL 4.152313E+02, Overflow 8.939905E-02, MaxDensity 2.355E+00, MacroOverlap 1.124E-01, MacroOverlapWeight 8.000000E-06, gamma 1.240579E-02, time 3.973ms
[INFO   ] DREAMPlace - full step 19.236 ms
[INFO   ] DREAMPlace - optimizer step 0.219 ms
[INFO   ] DREAMPlace - iteration  198, (  17,  1,  0), Obj 6.482032E+05, NetCrossing 1.539E+01, NetCrossingWeight 1.000000E-03, DensityWeight 3.388014E-02, HPWL 4.171228E+02, Overflow 8.879938E-02, MaxDensity 2.355E+00, MacroOverlap 1.085E-01, MacroOverlapWeight 8.000000E-06, gamma 1.240579E-02, time 4.279ms
[INFO   ] DREAMPlace - full step 19.434 ms
[INFO   ] DREAMPlace - optimizer step 0.189 ms
[INFO   ] DREAMPlace - iteration  199, (  17,  1,  1), Obj 6.405499E+05, NetCrossing 1.508E+01, NetCrossingWeight 1.000000E-03, DensityWeight 3.388014E-02, HPWL 4.186216E+02, Overflow 8.818567E-02, MaxDensity 2.355E+00, MacroOverlap 1.050E-01, MacroOverlapWeight 8.000000E-06, gamma 1.240579E-02, time 4.057ms
[INFO   ] DREAMPlace - full step 19.350 ms
[INFO   ] DREAMPlace - Llambda stopping criteria: 1 and (( 0.0881857 < 0.1 and 418.622 > 415.231 ) or 2.3552 < 1.0)
[INFO   ] DREAMPlace - plotting to /Cypress/results/reproduce-small-7/ET095_A00/plot/iter0200.png takes 0.047 seconds
[INFO   ] DREAMPlace - optimizer step 0.229 ms
[INFO   ] DREAMPlace - iteration  200, (  18,  0,  0), Obj 6.557891E+05, NetCrossing 1.565E+01, NetCrossingWeight 1.000000E-03, DensityWeight 3.763729E-02, HPWL 4.198779E+02, Overflow 8.762589E-02, MaxDensity 2.355E+00, MacroOverlap 1.016E-01, MacroOverlapWeight 8.000000E-06, gamma 1.226115E-02, time 4.350ms
[INFO   ] DREAMPlace - full step 66.207 ms
[INFO   ] DREAMPlace - optimizer step 0.192 ms
[INFO   ] DREAMPlace - iteration  201, (  18,  0,  1), Obj 6.507797E+05, NetCrossing 1.543E+01, NetCrossingWeight 1.000000E-03, DensityWeight 3.763729E-02, HPWL 4.212246E+02, Overflow 8.687305E-02, MaxDensity 2.355E+00, MacroOverlap 9.834E-02, MacroOverlapWeight 8.000000E-06, gamma 1.226115E-02, time 4.002ms
[INFO   ] DREAMPlace - full step 19.248 ms
[INFO   ] DREAMPlace - optimizer step 0.233 ms
[INFO   ] DREAMPlace - iteration  202, (  18,  1,  0), Obj 6.545299E+05, NetCrossing 1.617E+01, NetCrossingWeight 1.000000E-03, DensityWeight 4.181110E-02, HPWL 4.224368E+02, Overflow 8.601191E-02, MaxDensity 2.355E+00, MacroOverlap 9.492E-02, MacroOverlapWeight 8.000000E-06, gamma 1.226115E-02, time 4.070ms
[INFO   ] DREAMPlace - full step 19.694 ms
[INFO   ] DREAMPlace - optimizer step 0.195 ms
[INFO   ] DREAMPlace - iteration  203, (  18,  1,  1), Obj 6.488973E+05, NetCrossing 1.543E+01, NetCrossingWeight 1.000000E-03, DensityWeight 4.181110E-02, HPWL 4.239750E+02, Overflow 8.507215E-02, MaxDensity 2.355E+00, MacroOverlap 9.131E-02, MacroOverlapWeight 8.000000E-06, gamma 1.226115E-02, time 4.296ms
[INFO   ] DREAMPlace - full step 19.201 ms
[INFO   ] DREAMPlace - Llambda stopping criteria: 1 and (( 0.0850722 < 0.1 and 423.975 > 421.225 ) or 2.3552 < 1.0)
[INFO   ] DREAMPlace - optimizer step 0.196 ms
[INFO   ] DREAMPlace - iteration  204, (  19,  0,  0), Obj 6.602369E+05, NetCrossing 1.619E+01, NetCrossingWeight 1.000000E-03, DensityWeight 4.644777E-02, HPWL 4.254488E+02, Overflow 8.429291E-02, MaxDensity 2.355E+00, MacroOverlap 8.784E-02, MacroOverlapWeight 8.000000E-06, gamma 1.206736E-02, time 4.191ms
[INFO   ] DREAMPlace - full step 19.313 ms
[INFO   ] DREAMPlace - optimizer step 0.224 ms
[INFO   ] DREAMPlace - iteration  205, (  19,  0,  1), Obj 6.417862E+05, NetCrossing 1.636E+01, NetCrossingWeight 1.000000E-03, DensityWeight 4.644777E-02, HPWL 4.272049E+02, Overflow 8.349082E-02, MaxDensity 2.355E+00, MacroOverlap 8.421E-02, MacroOverlapWeight 8.000000E-06, gamma 1.206736E-02, time 3.977ms
[INFO   ] DREAMPlace - full step 19.342 ms
[INFO   ] DREAMPlace - optimizer step 0.190 ms
[INFO   ] DREAMPlace - iteration  206, (  19,  1,  0), Obj 6.318436E+05, NetCrossing 1.654E+01, NetCrossingWeight 1.000000E-03, DensityWeight 5.159861E-02, HPWL 4.291780E+02, Overflow 8.284491E-02, MaxDensity 2.355E+00, MacroOverlap 8.085E-02, MacroOverlapWeight 8.000000E-06, gamma 1.206736E-02, time 4.271ms
[INFO   ] DREAMPlace - full step 19.355 ms
[INFO   ] DREAMPlace - optimizer step 0.217 ms
[INFO   ] DREAMPlace - iteration  207, (  19,  1,  1), Obj 6.129310E+05, NetCrossing 1.581E+01, NetCrossingWeight 1.000000E-03, DensityWeight 5.159861E-02, HPWL 4.311483E+02, Overflow 8.218972E-02, MaxDensity 2.355E+00, MacroOverlap 7.758E-02, MacroOverlapWeight 8.000000E-06, gamma 1.206736E-02, time 3.980ms
[INFO   ] DREAMPlace - full step 19.181 ms
[INFO   ] DREAMPlace - Llambda stopping criteria: 1 and (( 0.0821897 < 0.1 and 431.148 > 427.205 ) or 2.3552 < 1.0)
[INFO   ] DREAMPlace - optimizer step 0.220 ms
[INFO   ] DREAMPlace - iteration  208, (  20,  0,  0), Obj 6.375977E+05, NetCrossing 1.584E+01, NetCrossingWeight 1.000000E-03, DensityWeight 5.732065E-02, HPWL 4.330298E+02, Overflow 8.152966E-02, MaxDensity 2.355E+00, MacroOverlap 7.447E-02, MacroOverlapWeight 8.000000E-06, gamma 1.189069E-02, time 4.246ms
[INFO   ] DREAMPlace - full step 19.409 ms
[INFO   ] DREAMPlace - optimizer step 0.189 ms
[INFO   ] DREAMPlace - iteration  209, (  20,  0,  1), Obj 6.221411E+05, NetCrossing 1.594E+01, NetCrossingWeight 1.000000E-03, DensityWeight 5.732065E-02, HPWL 4.346609E+02, Overflow 8.097707E-02, MaxDensity 2.355E+00, MacroOverlap 7.142E-02, MacroOverlapWeight 8.000000E-06, gamma 1.189069E-02, time 4.053ms
[INFO   ] DREAMPlace - full step 18.872 ms
[INFO   ] DREAMPlace - optimizer step 0.224 ms
[INFO   ] DREAMPlace - iteration  210, (  20,  1,  0), Obj 6.346390E+05, NetCrossing 1.619E+01, NetCrossingWeight 1.000000E-03, DensityWeight 6.367724E-02, HPWL 4.363313E+02, Overflow 8.047240E-02, MaxDensity 2.355E+00, MacroOverlap 6.866E-02, MacroOverlapWeight 8.000000E-06, gamma 1.189069E-02, time 3.962ms
[INFO   ] DREAMPlace - full step 18.642 ms
[INFO   ] DREAMPlace - optimizer step 0.189 ms
[INFO   ] DREAMPlace - iteration  211, (  20,  1,  1), Obj 6.361908E+05, NetCrossing 1.644E+01, NetCrossingWeight 1.000000E-03, DensityWeight 6.367724E-02, HPWL 4.379522E+02, Overflow 7.990956E-02, MaxDensity 2.355E+00, MacroOverlap 6.632E-02, MacroOverlapWeight 8.000000E-06, gamma 1.189069E-02, time 3.985ms
[INFO   ] DREAMPlace - full step 18.816 ms
[INFO   ] DREAMPlace - Lsub stopping criteria: 1 and 636191 > 634639 * 0.999
[INFO   ] DREAMPlace - Llambda stopping criteria: 1 and (( 0.0799096 < 0.1 and 437.952 > 434.661 ) or 2.3552 < 1.0)
[INFO   ] DREAMPlace - optimizer step 0.191 ms
[INFO   ] DREAMPlace - iteration  212, (  21,  0,  0), Obj 6.589148E+05, NetCrossing 1.624E+01, NetCrossingWeight 1.000000E-03, DensityWeight 7.073875E-02, HPWL 4.394178E+02, Overflow 7.936925E-02, MaxDensity 2.355E+00, MacroOverlap 6.417E-02, MacroOverlapWeight 8.000000E-06, gamma 1.175276E-02, time 4.138ms
[INFO   ] DREAMPlace - full step 19.353 ms
[INFO   ] DREAMPlace - optimizer step 0.231 ms
[INFO   ] DREAMPlace - iteration  213, (  21,  0,  1), Obj 6.453081E+05, NetCrossing 1.693E+01, NetCrossingWeight 1.000000E-03, DensityWeight 7.073875E-02, HPWL 4.409048E+02, Overflow 7.876244E-02, MaxDensity 2.355E+00, MacroOverlap 6.228E-02, MacroOverlapWeight 8.000000E-06, gamma 1.175276E-02, time 3.977ms
[INFO   ] DREAMPlace - full step 19.540 ms
[INFO   ] DREAMPlace - optimizer step 0.189 ms
[INFO   ] DREAMPlace - iteration  214, (  21,  1,  0), Obj 6.583828E+05, NetCrossing 1.588E+01, NetCrossingWeight 1.000000E-03, DensityWeight 7.858336E-02, HPWL 4.422773E+02, Overflow 7.819308E-02, MaxDensity 2.355E+00, MacroOverlap 6.052E-02, MacroOverlapWeight 8.000000E-06, gamma 1.175276E-02, time 4.265ms
[INFO   ] DREAMPlace - full step 17.746 ms
[INFO   ] DREAMPlace - optimizer step 0.204 ms
[INFO   ] DREAMPlace - iteration  215, (  21,  1,  1), Obj 6.504798E+05, NetCrossing 1.533E+01, NetCrossingWeight 1.000000E-03, DensityWeight 7.858336E-02, HPWL 4.433655E+02, Overflow 7.763080E-02, MaxDensity 2.355E+00, MacroOverlap 5.879E-02, MacroOverlapWeight 8.000000E-06, gamma 1.175276E-02, time 3.965ms
[INFO   ] DREAMPlace - full step 17.209 ms
[INFO   ] DREAMPlace - Llambda stopping criteria: 1 and (( 0.0776308 < 0.1 and 443.365 > 440.905 ) or 2.3552 < 1.0)
[INFO   ] DREAMPlace - optimizer step 0.188 ms
[INFO   ] DREAMPlace - iteration  216, (  22,  0,  0), Obj 6.829139E+05, NetCrossing 1.666E+01, NetCrossingWeight 1.000000E-03, DensityWeight 8.729791E-02, HPWL 4.445308E+02, Overflow 7.707977E-02, MaxDensity 2.355E+00, MacroOverlap 5.729E-02, MacroOverlapWeight 8.000000E-06, gamma 1.161652E-02, time 4.249ms
[INFO   ] DREAMPlace - full step 17.760 ms
[INFO   ] DREAMPlace - optimizer step 0.204 ms
[INFO   ] DREAMPlace - iteration  217, (  22,  0,  1), Obj 6.764192E+05, NetCrossing 1.672E+01, NetCrossingWeight 1.000000E-03, DensityWeight 8.729791E-02, HPWL 4.454228E+02, Overflow 7.657079E-02, MaxDensity 2.355E+00, MacroOverlap 5.600E-02, MacroOverlapWeight 8.000000E-06, gamma 1.161652E-02, time 3.973ms
[INFO   ] DREAMPlace - full step 17.911 ms
[INFO   ] DREAMPlace - optimizer step 0.191 ms
[INFO   ] DREAMPlace - iteration  218, (  22,  1,  0), Obj 7.034443E+05, NetCrossing 1.600E+01, NetCrossingWeight 1.000000E-03, DensityWeight 9.697887E-02, HPWL 4.463384E+02, Overflow 7.613308E-02, MaxDensity 2.355E+00, MacroOverlap 5.482E-02, MacroOverlapWeight 8.000000E-06, gamma 1.161652E-02, time 4.319ms
[INFO   ] DREAMPlace - full step 18.223 ms
[INFO   ] DREAMPlace - optimizer step 0.206 ms
[INFO   ] DREAMPlace - iteration  219, (  22,  1,  1), Obj 6.885324E+05, NetCrossing 1.610E+01, NetCrossingWeight 1.000000E-03, DensityWeight 9.697887E-02, HPWL 4.474532E+02, Overflow 7.565663E-02, MaxDensity 2.355E+00, MacroOverlap 5.369E-02, MacroOverlapWeight 8.000000E-06, gamma 1.161652E-02, time 3.977ms
[INFO   ] DREAMPlace - full step 17.234 ms
[INFO   ] DREAMPlace - Llambda stopping criteria: 1 and (( 0.0756566 < 0.1 and 447.453 > 445.423 ) or 2.3552 < 1.0)
[INFO   ] DREAMPlace - optimizer step 0.191 ms
[INFO   ] DREAMPlace - iteration  220, (  23,  0,  0), Obj 7.177686E+05, NetCrossing 1.608E+01, NetCrossingWeight 1.000000E-03, DensityWeight 1.077334E-01, HPWL 4.488033E+02, Overflow 7.513750E-02, MaxDensity 2.355E+00, MacroOverlap 5.253E-02, MacroOverlapWeight 8.000000E-06, gamma 1.149977E-02, time 4.252ms
[INFO   ] DREAMPlace - full step 17.813 ms
[INFO   ] DREAMPlace - optimizer step 0.204 ms
[INFO   ] DREAMPlace - iteration  221, (  23,  0,  1), Obj 7.024078E+05, NetCrossing 1.680E+01, NetCrossingWeight 1.000000E-03, DensityWeight 1.077334E-01, HPWL 4.503146E+02, Overflow 7.448833E-02, MaxDensity 2.355E+00, MacroOverlap 5.130E-02, MacroOverlapWeight 8.000000E-06, gamma 1.149977E-02, time 3.970ms
[INFO   ] DREAMPlace - full step 19.251 ms
[INFO   ] DREAMPlace - optimizer step 0.190 ms
[INFO   ] DREAMPlace - iteration  222, (  23,  1,  0), Obj 7.119207E+05, NetCrossing 1.637E+01, NetCrossingWeight 1.000000E-03, DensityWeight 1.196806E-01, HPWL 4.519062E+02, Overflow 7.381380E-02, MaxDensity 2.355E+00, MacroOverlap 5.009E-02, MacroOverlapWeight 8.000000E-06, gamma 1.149977E-02, time 4.193ms
[INFO   ] DREAMPlace - full step 19.142 ms
[INFO   ] DREAMPlace - optimizer step 0.189 ms
[INFO   ] DREAMPlace - iteration  223, (  23,  1,  1), Obj 6.919829E+05, NetCrossing 1.562E+01, NetCrossingWeight 1.000000E-03, DensityWeight 1.196806E-01, HPWL 4.534975E+02, Overflow 7.316041E-02, MaxDensity 2.355E+00, MacroOverlap 4.894E-02, MacroOverlapWeight 8.000000E-06, gamma 1.149977E-02, time 3.956ms
[INFO   ] DREAMPlace - full step 18.977 ms
[INFO   ] DREAMPlace - Llambda stopping criteria: 1 and (( 0.0731604 < 0.1 and 453.497 > 450.315 ) or 2.3552 < 1.0)
[INFO   ] DREAMPlace - optimizer step 0.208 ms
[INFO   ] DREAMPlace - iteration  224, (  24,  0,  0), Obj 7.140109E+05, NetCrossing 1.712E+01, NetCrossingWeight 1.000000E-03, DensityWeight 1.329526E-01, HPWL 4.550304E+02, Overflow 7.256499E-02, MaxDensity 2.355E+00, MacroOverlap 4.789E-02, MacroOverlapWeight 8.000000E-06, gamma 1.135382E-02, time 4.385ms
[INFO   ] DREAMPlace - full step 22.526 ms
[INFO   ] DREAMPlace - optimizer step 0.190 ms
[INFO   ] DREAMPlace - iteration  225, (  24,  0,  1), Obj 7.105688E+05, NetCrossing 1.692E+01, NetCrossingWeight 1.000000E-03, DensityWeight 1.329526E-01, HPWL 4.564229E+02, Overflow 7.206404E-02, MaxDensity 2.355E+00, MacroOverlap 4.688E-02, MacroOverlapWeight 8.000000E-06, gamma 1.135382E-02, time 4.432ms
[INFO   ] DREAMPlace - full step 20.047 ms
[INFO   ] DREAMPlace - optimizer step 0.231 ms
[INFO   ] DREAMPlace - iteration  226, (  24,  1,  0), Obj 7.607191E+05, NetCrossing 1.653E+01, NetCrossingWeight 1.000000E-03, DensityWeight 1.476965E-01, HPWL 4.578979E+02, Overflow 7.154521E-02, MaxDensity 2.355E+00, MacroOverlap 4.581E-02, MacroOverlapWeight 8.000000E-06, gamma 1.135382E-02, time 3.961ms
[INFO   ] DREAMPlace - full step 19.501 ms
[INFO   ] DREAMPlace - optimizer step 0.192 ms
[INFO   ] DREAMPlace - iteration  227, (  24,  1,  1), Obj 7.886602E+05, NetCrossing 1.712E+01, NetCrossingWeight 1.000000E-03, DensityWeight 1.476965E-01, HPWL 4.594042E+02, Overflow 7.101917E-02, MaxDensity 2.355E+00, MacroOverlap 4.461E-02, MacroOverlapWeight 8.000000E-06, gamma 1.135382E-02, time 4.350ms
[INFO   ] DREAMPlace - full step 19.689 ms
[INFO   ] DREAMPlace - Lsub stopping criteria: 1 and 788660 > 760719 * 0.999
[INFO   ] DREAMPlace - Llambda stopping criteria: 1 and (( 0.0710192 < 0.1 and 459.404 > 456.423 ) or 2.3552 < 1.0)
[INFO   ] DREAMPlace - optimizer step 0.223 ms
[INFO   ] DREAMPlace - iteration  228, (  25,  0,  0), Obj 8.628109E+05, NetCrossing 1.669E+01, NetCrossingWeight 1.000000E-03, DensityWeight 1.640753E-01, HPWL 4.610590E+02, Overflow 7.045940E-02, MaxDensity 2.355E+00, MacroOverlap 4.338E-02, MacroOverlapWeight 8.000000E-06, gamma 1.123010E-02, time 4.072ms
[INFO   ] DREAMPlace - full step 19.553 ms
[INFO   ] DREAMPlace - optimizer step 0.191 ms
[INFO   ] DREAMPlace - iteration  229, (  25,  0,  1), Obj 9.245327E+05, NetCrossing 1.643E+01, NetCrossingWeight 1.000000E-03, DensityWeight 1.640753E-01, HPWL 4.624751E+02, Overflow 6.998123E-02, MaxDensity 2.355E+00, MacroOverlap 4.213E-02, MacroOverlapWeight 8.000000E-06, gamma 1.123010E-02, time 4.308ms
[INFO   ] DREAMPlace - full step 19.657 ms
[INFO   ] DREAMPlace - Lsub stopping criteria: 1 and 924533 > 862811 * 0.999
[INFO   ] DREAMPlace - optimizer step 0.226 ms
[INFO   ] DREAMPlace - iteration  230, (  25,  1,  0), Obj 1.000852E+06, NetCrossing 1.661E+01, NetCrossingWeight 1.000000E-03, DensityWeight 1.822705E-01, HPWL 4.639207E+02, Overflow 6.951560E-02, MaxDensity 2.355E+00, MacroOverlap 4.088E-02, MacroOverlapWeight 8.000000E-06, gamma 1.123010E-02, time 4.039ms
[INFO   ] DREAMPlace - full step 19.404 ms
[INFO   ] DREAMPlace - optimizer step 0.191 ms
[INFO   ] DREAMPlace - iteration  231, (  25,  1,  1), Obj 1.033358E+06, NetCrossing 1.665E+01, NetCrossingWeight 1.000000E-03, DensityWeight 1.822705E-01, HPWL 4.651420E+02, Overflow 6.916317E-02, MaxDensity 2.355E+00, MacroOverlap 3.966E-02, MacroOverlapWeight 8.000000E-06, gamma 1.123010E-02, time 4.269ms
[INFO   ] DREAMPlace - full step 19.465 ms
[INFO   ] DREAMPlace - Lsub stopping criteria: 1 and 1.03336e+06 > 1.00085e+06 * 0.999
[INFO   ] DREAMPlace - Llambda stopping criteria: 1 and (( 0.0691632 < 0.1 and 465.142 > 462.475 ) or 2.3552 < 1.0)
[INFO   ] DREAMPlace - optimizer step 0.225 ms
[INFO   ] DREAMPlace - iteration  232, (  26,  0,  0), Obj 1.030237E+06, NetCrossing 1.564E+01, NetCrossingWeight 1.000000E-03, DensityWeight 2.024835E-01, HPWL 4.663232E+02, Overflow 6.874244E-02, MaxDensity 2.355E+00, MacroOverlap 3.840E-02, MacroOverlapWeight 8.000000E-06, gamma 1.112395E-02, time 3.983ms
[INFO   ] DREAMPlace - full step 19.415 ms
[INFO   ] DREAMPlace - optimizer step 0.191 ms
[INFO   ] DREAMPlace - iteration  233, (  26,  0,  1), Obj 9.840601E+05, NetCrossing 1.565E+01, NetCrossingWeight 1.000000E-03, DensityWeight 2.024835E-01, HPWL 4.672655E+02, Overflow 6.842921E-02, MaxDensity 2.355E+00, MacroOverlap 3.720E-02, MacroOverlapWeight 8.000000E-06, gamma 1.112395E-02, time 4.319ms
[INFO   ] DREAMPlace - full step 19.710 ms
[INFO   ] DREAMPlace - optimizer step 0.224 ms
[INFO   ] DREAMPlace - iteration  234, (  26,  1,  0), Obj 9.833097E+05, NetCrossing 1.659E+01, NetCrossingWeight 1.000000E-03, DensityWeight 2.249381E-01, HPWL 4.682336E+02, Overflow 6.811444E-02, MaxDensity 2.355E+00, MacroOverlap 3.594E-02, MacroOverlapWeight 8.000000E-06, gamma 1.112395E-02, time 3.957ms
[INFO   ] DREAMPlace - full step 19.373 ms
[INFO   ] DREAMPlace - optimizer step 0.190 ms
[INFO   ] DREAMPlace - iteration  235, (  26,  1,  1), Obj 1.000884E+06, NetCrossing 1.577E+01, NetCrossingWeight 1.000000E-03, DensityWeight 2.249381E-01, HPWL 4.691983E+02, Overflow 6.777519E-02, MaxDensity 2.355E+00, MacroOverlap 3.467E-02, MacroOverlapWeight 8.000000E-06, gamma 1.112395E-02, time 4.324ms
[INFO   ] DREAMPlace - full step 19.721 ms
[INFO   ] DREAMPlace - Lsub stopping criteria: 1 and 1.00088e+06 > 983310 * 0.999
[INFO   ] DREAMPlace - Llambda stopping criteria: 1 and (( 0.0677752 < 0.1 and 469.198 > 467.266 ) or 2.3552 < 1.0)
[INFO   ] DREAMPlace - optimizer step 0.227 ms
[INFO   ] DREAMPlace - iteration  236, (  27,  0,  0), Obj 1.075530E+06, NetCrossing 1.698E+01, NetCrossingWeight 1.000000E-03, DensityWeight 2.498828E-01, HPWL 4.702355E+02, Overflow 6.743570E-02, MaxDensity 2.355E+00, MacroOverlap 3.342E-02, MacroOverlapWeight 8.000000E-06, gamma 1.104523E-02, time 3.988ms
[INFO   ] DREAMPlace - full step 19.472 ms
[INFO   ] DREAMPlace - optimizer step 0.190 ms
[INFO   ] DREAMPlace - iteration  237, (  27,  0,  1), Obj 1.107113E+06, NetCrossing 1.559E+01, NetCrossingWeight 1.000000E-03, DensityWeight 2.498828E-01, HPWL 4.714532E+02, Overflow 6.704111E-02, MaxDensity 2.355E+00, MacroOverlap 3.211E-02, MacroOverlapWeight 8.000000E-06, gamma 1.104523E-02, time 4.313ms
[INFO   ] DREAMPlace - full step 19.743 ms
[INFO   ] DREAMPlace - Lsub stopping criteria: 1 and 1.10711e+06 > 1.07553e+06 * 0.999
[INFO   ] DREAMPlace - optimizer step 0.224 ms
[INFO   ] DREAMPlace - iteration  238, (  27,  1,  0), Obj 1.122724E+06, NetCrossing 1.659E+01, NetCrossingWeight 1.000000E-03, DensityWeight 2.775937E-01, HPWL 4.725580E+02, Overflow 6.666435E-02, MaxDensity 2.355E+00, MacroOverlap 3.086E-02, MacroOverlapWeight 8.000000E-06, gamma 1.104523E-02, time 3.957ms
[INFO   ] DREAMPlace - full step 19.502 ms
[INFO   ] DREAMPlace - optimizer step 0.190 ms
[INFO   ] DREAMPlace - iteration  239, (  27,  1,  1), Obj 1.102269E+06, NetCrossing 1.618E+01, NetCrossingWeight 1.000000E-03, DensityWeight 2.775937E-01, HPWL 4.737148E+02, Overflow 6.625772E-02, MaxDensity 2.355E+00, MacroOverlap 2.956E-02, MacroOverlapWeight 8.000000E-06, gamma 1.104523E-02, time 4.308ms
[INFO   ] DREAMPlace - full step 19.671 ms
[INFO   ] DREAMPlace - Llambda stopping criteria: 1 and (( 0.0662577 < 0.1 and 473.715 > 471.453 ) or 2.3552 < 1.0)
[INFO   ] DREAMPlace - optimizer step 0.218 ms
[INFO   ] DREAMPlace - iteration  240, (  28,  0,  0), Obj 1.114868E+06, NetCrossing 1.616E+01, NetCrossingWeight 1.000000E-03, DensityWeight 3.083776E-01, HPWL 4.747323E+02, Overflow 6.592734E-02, MaxDensity 2.355E+00, MacroOverlap 2.832E-02, MacroOverlapWeight 8.000000E-06, gamma 1.095980E-02, time 3.990ms
[INFO   ] DREAMPlace - full step 19.333 ms
[INFO   ] DREAMPlace - optimizer step 0.191 ms
[INFO   ] DREAMPlace - iteration  241, (  28,  0,  1), Obj 1.109512E+06, NetCrossing 1.628E+01, NetCrossingWeight 1.000000E-03, DensityWeight 3.083776E-01, HPWL 4.758480E+02, Overflow 6.557397E-02, MaxDensity 2.355E+00, MacroOverlap 2.709E-02, MacroOverlapWeight 8.000000E-06, gamma 1.095980E-02, time 4.302ms
[INFO   ] DREAMPlace - full step 19.737 ms
[INFO   ] DREAMPlace - optimizer step 0.226 ms
[INFO   ] DREAMPlace - iteration  242, (  28,  1,  0), Obj 1.146906E+06, NetCrossing 1.618E+01, NetCrossingWeight 1.000000E-03, DensityWeight 3.425754E-01, HPWL 4.769254E+02, Overflow 6.523055E-02, MaxDensity 2.355E+00, MacroOverlap 2.587E-02, MacroOverlapWeight 8.000000E-06, gamma 1.095980E-02, time 3.978ms
[INFO   ] DREAMPlace - full step 19.342 ms
[INFO   ] DREAMPlace - optimizer step 0.189 ms
[INFO   ] DREAMPlace - iteration  243, (  28,  1,  1), Obj 1.164898E+06, NetCrossing 1.616E+01, NetCrossingWeight 1.000000E-03, DensityWeight 3.425754E-01, HPWL 4.779340E+02, Overflow 6.494167E-02, MaxDensity 2.355E+00, MacroOverlap 2.469E-02, MacroOverlapWeight 8.000000E-06, gamma 1.095980E-02, time 4.269ms
[INFO   ] DREAMPlace - full step 19.503 ms
[INFO   ] DREAMPlace - Lsub stopping criteria: 1 and 1.1649e+06 > 1.14691e+06 * 0.999
[INFO   ] DREAMPlace - Llambda stopping criteria: 1 and (( 0.0649417 < 0.1 and 477.934 > 475.848 ) or 2.3552 < 1.0)
[INFO   ] DREAMPlace - optimizer step 0.200 ms
[INFO   ] DREAMPlace - iteration  244, (  29,  0,  0), Obj 1.237255E+06, NetCrossing 1.611E+01, NetCrossingWeight 1.000000E-03, DensityWeight 3.805656E-01, HPWL 4.789894E+02, Overflow 6.469456E-02, MaxDensity 2.355E+00, MacroOverlap 2.353E-02, MacroOverlapWeight 8.000000E-06, gamma 1.088624E-02, time 3.975ms
[INFO   ] DREAMPlace - full step 18.928 ms
[INFO   ] DREAMPlace - optimizer step 0.211 ms
[INFO   ] DREAMPlace - iteration  245, (  29,  0,  1), Obj 1.221377E+06, NetCrossing 1.568E+01, NetCrossingWeight 1.000000E-03, DensityWeight 3.805656E-01, HPWL 4.800104E+02, Overflow 6.447313E-02, MaxDensity 2.355E+00, MacroOverlap 2.243E-02, MacroOverlapWeight 8.000000E-06, gamma 1.088624E-02, time 4.143ms
[INFO   ] DREAMPlace - full step 19.363 ms
[INFO   ] DREAMPlace - optimizer step 0.189 ms
[INFO   ] DREAMPlace - iteration  246, (  29,  1,  0), Obj 1.267483E+06, NetCrossing 1.601E+01, NetCrossingWeight 1.000000E-03, DensityWeight 4.227687E-01, HPWL 4.810888E+02, Overflow 6.428104E-02, MaxDensity 2.355E+00, MacroOverlap 2.138E-02, MacroOverlapWeight 8.000000E-06, gamma 1.088624E-02, time 4.081ms
[INFO   ] DREAMPlace - full step 18.885 ms
[INFO   ] DREAMPlace - optimizer step 0.191 ms
[INFO   ] DREAMPlace - iteration  247, (  29,  1,  1), Obj 1.266551E+06, NetCrossing 1.583E+01, NetCrossingWeight 1.000000E-03, DensityWeight 4.227687E-01, HPWL 4.821433E+02, Overflow 6.404190E-02, MaxDensity 2.355E+00, MacroOverlap 2.039E-02, MacroOverlapWeight 8.000000E-06, gamma 1.088624E-02, time 3.976ms
[INFO   ] DREAMPlace - full step 19.048 ms
[INFO   ] DREAMPlace - Lsub stopping criteria: 1 and 1.26655e+06 > 1.26748e+06 * 0.999
[INFO   ] DREAMPlace - Llambda stopping criteria: 1 and (( 0.0640419 < 0.1 and 482.143 > 480.01 ) or 2.3552 < 1.0)
[INFO   ] DREAMPlace - optimizer step 0.190 ms
[INFO   ] DREAMPlace - iteration  248, (  30,  0,  0), Obj 1.339099E+06, NetCrossing 1.550E+01, NetCrossingWeight 1.000000E-03, DensityWeight 4.696519E-01, HPWL 4.832834E+02, Overflow 6.375780E-02, MaxDensity 2.355E+00, MacroOverlap 1.946E-02, MacroOverlapWeight 8.000000E-06, gamma 1.083624E-02, time 4.665ms
[INFO   ] DREAMPlace - full step 20.916 ms
[INFO   ] DREAMPlace - optimizer step 0.188 ms
[INFO   ] DREAMPlace - iteration  249, (  30,  0,  1), Obj 1.337311E+06, NetCrossing 1.605E+01, NetCrossingWeight 1.000000E-03, DensityWeight 4.696519E-01, HPWL 4.843850E+02, Overflow 6.345829E-02, MaxDensity 2.355E+00, MacroOverlap 1.856E-02, MacroOverlapWeight 8.000000E-06, gamma 1.083624E-02, time 4.310ms
[INFO   ] DREAMPlace - full step 19.750 ms
[INFO   ] DREAMPlace - optimizer step 0.194 ms
[INFO   ] DREAMPlace - iteration  250, (  30,  1,  0), Obj 1.414791E+06, NetCrossing 1.622E+01, NetCrossingWeight 1.000000E-03, DensityWeight 5.217342E-01, HPWL 4.855923E+02, Overflow 6.318656E-02, MaxDensity 2.355E+00, MacroOverlap 1.770E-02, MacroOverlapWeight 8.000000E-06, gamma 1.083624E-02, time 3.956ms
[INFO   ] DREAMPlace - full step 18.862 ms
[INFO   ] DREAMPlace - optimizer step 0.208 ms
[INFO   ] DREAMPlace - iteration  251, (  30,  1,  1), Obj 1.395384E+06, NetCrossing 1.620E+01, NetCrossingWeight 1.000000E-03, DensityWeight 5.217342E-01, HPWL 4.867603E+02, Overflow 6.290437E-02, MaxDensity 2.355E+00, MacroOverlap 1.684E-02, MacroOverlapWeight 8.000000E-06, gamma 1.083624E-02, time 4.085ms
[INFO   ] DREAMPlace - full step 19.083 ms
[INFO   ] DREAMPlace - Llambda stopping criteria: 1 and (( 0.0629044 < 0.1 and 486.76 > 484.385 ) or 2.3552 < 1.0)
[INFO   ] DREAMPlace - optimizer step 0.190 ms
[INFO   ] DREAMPlace - iteration  252, (  31,  0,  0), Obj 1.481480E+06, NetCrossing 1.532E+01, NetCrossingWeight 1.000000E-03, DensityWeight 5.795923E-01, HPWL 4.880286E+02, Overflow 6.261320E-02, MaxDensity 2.355E+00, MacroOverlap 1.599E-02, MacroOverlapWeight 8.000000E-06, gamma 1.077335E-02, time 4.202ms
[INFO   ] DREAMPlace - full step 19.329 ms
[INFO   ] DREAMPlace - optimizer step 0.231 ms
[INFO   ] DREAMPlace - iteration  253, (  31,  0,  1), Obj 1.485125E+06, NetCrossing 1.495E+01, NetCrossingWeight 1.000000E-03, DensityWeight 5.795923E-01, HPWL 4.893864E+02, Overflow 6.229891E-02, MaxDensity 2.355E+00, MacroOverlap 1.514E-02, MacroOverlapWeight 8.000000E-06, gamma 1.077335E-02, time 4.102ms
[INFO   ] DREAMPlace - full step 19.786 ms
[INFO   ] DREAMPlace - Lsub stopping criteria: 1 and 1.48513e+06 > 1.48148e+06 * 0.999
[INFO   ] DREAMPlace - optimizer step 0.204 ms
[INFO   ] DREAMPlace - iteration  254, (  31,  1,  0), Obj 1.592811E+06, NetCrossing 1.584E+01, NetCrossingWeight 1.000000E-03, DensityWeight 6.438665E-01, HPWL 4.907971E+02, Overflow 6.193533E-02, MaxDensity 2.355E+00, MacroOverlap 1.429E-02, MacroOverlapWeight 8.000000E-06, gamma 1.077335E-02, time 4.332ms
[INFO   ] DREAMPlace - full step 19.750 ms
[INFO   ] DREAMPlace - optimizer step 0.244 ms
[INFO   ] DREAMPlace - iteration  255, (  31,  1,  1), Obj 1.602298E+06, NetCrossing 1.641E+01, NetCrossingWeight 1.000000E-03, DensityWeight 6.438665E-01, HPWL 4.922254E+02, Overflow 6.153806E-02, MaxDensity 2.355E+00, MacroOverlap 1.345E-02, MacroOverlapWeight 8.000000E-06, gamma 1.077335E-02, time 4.070ms
[INFO   ] DREAMPlace - full step 19.831 ms
[INFO   ] DREAMPlace - Lsub stopping criteria: 1 and 1.6023e+06 > 1.59281e+06 * 0.999
[INFO   ] DREAMPlace - Llambda stopping criteria: 1 and (( 0.0615381 < 0.1 and 492.225 > 489.386 ) or 2.3552 < 1.0)
[INFO   ] DREAMPlace - optimizer step 0.198 ms
[INFO   ] DREAMPlace - iteration  256, (  32,  0,  0), Obj 1.723292E+06, NetCrossing 1.521E+01, NetCrossingWeight 1.000000E-03, DensityWeight 7.152684E-01, HPWL 4.936463E+02, Overflow 6.117649E-02, MaxDensity 2.355E+00, MacroOverlap 1.264E-02, MacroOverlapWeight 8.000000E-06, gamma 1.069829E-02, time 4.138ms
[INFO   ] DREAMPlace - full step 19.759 ms
[INFO   ] DREAMPlace - optimizer step 0.201 ms
[INFO   ] DREAMPlace - iteration  257, (  32,  0,  1), Obj 1.723911E+06, NetCrossing 1.600E+01, NetCrossingWeight 1.000000E-03, DensityWeight 7.152684E-01, HPWL 4.950434E+02, Overflow 6.085099E-02, MaxDensity 2.355E+00, MacroOverlap 1.187E-02, MacroOverlapWeight 8.000000E-06, gamma 1.069829E-02, time 4.048ms
[INFO   ] DREAMPlace - full step 19.019 ms
[INFO   ] DREAMPlace - Lsub stopping criteria: 1 and 1.72391e+06 > 1.72329e+06 * 0.999
[INFO   ] DREAMPlace - optimizer step 0.190 ms
[INFO   ] DREAMPlace - iteration  258, (  32,  1,  0), Obj 1.854255E+06, NetCrossing 1.530E+01, NetCrossingWeight 1.000000E-03, DensityWeight 7.945885E-01, HPWL 4.963898E+02, Overflow 6.056228E-02, MaxDensity 2.355E+00, MacroOverlap 1.115E-02, MacroOverlapWeight 8.000000E-06, gamma 1.069829E-02, time 4.195ms
[INFO   ] DREAMPlace - full step 19.303 ms
[INFO   ] DREAMPlace - optimizer step 0.232 ms
[INFO   ] DREAMPlace - iteration  259, (  32,  1,  1), Obj 1.869974E+06, NetCrossing 1.637E+01, NetCrossingWeight 1.000000E-03, DensityWeight 7.945885E-01, HPWL 4.977360E+02, Overflow 6.024374E-02, MaxDensity 2.355E+00, MacroOverlap 1.045E-02, MacroOverlapWeight 8.000000E-06, gamma 1.069829E-02, time 4.076ms
[INFO   ] DREAMPlace - full step 19.638 ms
[INFO   ] DREAMPlace - Lsub stopping criteria: 1 and 1.86997e+06 > 1.85425e+06 * 0.999
[INFO   ] DREAMPlace - Llambda stopping criteria: 1 and (( 0.0602437 < 0.1 and 497.736 > 495.043 ) or 2.3552 < 1.0)
[INFO   ] DREAMPlace - optimizer step 0.201 ms
[INFO   ] DREAMPlace - iteration  260, (  33,  0,  0), Obj 2.008665E+06, NetCrossing 1.650E+01, NetCrossingWeight 1.000000E-03, DensityWeight 8.827049E-01, HPWL 4.991026E+02, Overflow 5.995566E-02, MaxDensity 2.355E+00, MacroOverlap 9.790E-03, MacroOverlapWeight 8.000000E-06, gamma 1.062767E-02, time 4.246ms
[INFO   ] DREAMPlace - full step 19.420 ms
[INFO   ] DREAMPlace - optimizer step 0.233 ms
[INFO   ] DREAMPlace - iteration  261, (  33,  0,  1), Obj 1.966350E+06, NetCrossing 1.623E+01, NetCrossingWeight 1.000000E-03, DensityWeight 8.827049E-01, HPWL 5.004821E+02, Overflow 5.963346E-02, MaxDensity 2.355E+00, MacroOverlap 9.152E-03, MacroOverlapWeight 8.000000E-06, gamma 1.062767E-02, time 4.085ms
[INFO   ] DREAMPlace - full step 19.853 ms
[INFO   ] DREAMPlace - optimizer step 0.190 ms
[INFO   ] DREAMPlace - iteration  262, (  33,  1,  0), Obj 2.063473E+06, NetCrossing 1.494E+01, NetCrossingWeight 1.000000E-03, DensityWeight 9.805930E-01, HPWL 5.019501E+02, Overflow 5.931195E-02, MaxDensity 2.355E+00, MacroOverlap 8.548E-03, MacroOverlapWeight 8.000000E-06, gamma 1.062767E-02, time 4.323ms
[INFO   ] DREAMPlace - full step 19.877 ms
[INFO   ] DREAMPlace - optimizer step 0.258 ms
[INFO   ] DREAMPlace - iteration  263, (  33,  1,  1), Obj 2.025938E+06, NetCrossing 1.651E+01, NetCrossingWeight 1.000000E-03, DensityWeight 9.805930E-01, HPWL 5.033985E+02, Overflow 5.900095E-02, MaxDensity 2.355E+00, MacroOverlap 7.989E-03, MacroOverlapWeight 8.000000E-06, gamma 1.062767E-02, time 4.244ms
[INFO   ] DREAMPlace - full step 19.695 ms
[INFO   ] DREAMPlace - Llambda stopping criteria: 1 and (( 0.059001 < 0.1 and 503.398 > 500.482 ) or 2.3552 < 1.0)
[INFO   ] DREAMPlace - optimizer step 0.190 ms
[INFO   ] DREAMPlace - iteration  264, (  34,  0,  0), Obj 2.183213E+06, NetCrossing 1.581E+01, NetCrossingWeight 1.000000E-03, DensityWeight 1.089336E+00, HPWL 5.048715E+02, Overflow 5.873269E-02, MaxDensity 2.355E+00, MacroOverlap 7.478E-03, MacroOverlapWeight 8.000000E-06, gamma 1.056030E-02, time 4.251ms
[INFO   ] DREAMPlace - full step 19.418 ms
[INFO   ] DREAMPlace - optimizer step 0.241 ms
[INFO   ] DREAMPlace - iteration  265, (  34,  0,  1), Obj 2.173286E+06, NetCrossing 1.718E+01, NetCrossingWeight 1.000000E-03, DensityWeight 1.089336E+00, HPWL 5.063686E+02, Overflow 5.849503E-02, MaxDensity 2.355E+00, MacroOverlap 7.021E-03, MacroOverlapWeight 8.000000E-06, gamma 1.056030E-02, time 4.210ms
[INFO   ] DREAMPlace - full step 19.995 ms
[INFO   ] DREAMPlace - optimizer step 0.197 ms
[INFO   ] DREAMPlace - iteration  266, (  34,  1,  0), Obj 2.359136E+06, NetCrossing 1.513E+01, NetCrossingWeight 1.000000E-03, DensityWeight 1.210139E+00, HPWL 5.078876E+02, Overflow 5.826508E-02, MaxDensity 2.355E+00, MacroOverlap 6.605E-03, MacroOverlapWeight 8.000000E-06, gamma 1.056030E-02, time 4.190ms
[INFO   ] DREAMPlace - full step 19.161 ms
[INFO   ] DREAMPlace - optimizer step 0.190 ms
[INFO   ] DREAMPlace - iteration  267, (  34,  1,  1), Obj 2.347532E+06, NetCrossing 1.541E+01, NetCrossingWeight 1.000000E-03, DensityWeight 1.210139E+00, HPWL 5.094410E+02, Overflow 5.804259E-02, MaxDensity 2.355E+00, MacroOverlap 6.233E-03, MacroOverlapWeight 8.000000E-06, gamma 1.056030E-02, time 5.860ms
[INFO   ] DREAMPlace - full step 20.879 ms
[INFO   ] DREAMPlace - Llambda stopping criteria: 1 and (( 0.0580426 < 0.1 and 509.441 > 506.369 ) or 2.3552 < 1.0)
[INFO   ] DREAMPlace - optimizer step 0.191 ms
[INFO   ] DREAMPlace - iteration  268, (  35,  0,  0), Obj 2.534590E+06, NetCrossing 1.486E+01, NetCrossingWeight 1.000000E-03, DensityWeight 1.344338E+00, HPWL 5.110018E+02, Overflow 5.778460E-02, MaxDensity 2.355E+00, MacroOverlap 5.894E-03, MacroOverlapWeight 8.000000E-06, gamma 1.050864E-02, time 3.956ms
[INFO   ] DREAMPlace - full step 19.051 ms
[INFO   ] DREAMPlace - optimizer step 0.207 ms
[INFO   ] DREAMPlace - iteration  269, (  35,  0,  1), Obj 2.496804E+06, NetCrossing 1.487E+01, NetCrossingWeight 1.000000E-03, DensityWeight 1.344338E+00, HPWL 5.124746E+02, Overflow 5.751735E-02, MaxDensity 2.355E+00, MacroOverlap 5.591E-03, MacroOverlapWeight 8.000000E-06, gamma 1.050864E-02, time 4.075ms
[INFO   ] DREAMPlace - full step 19.671 ms
[INFO   ] DREAMPlace - optimizer step 0.199 ms
[INFO   ] DREAMPlace - iteration  270, (  35,  1,  0), Obj 2.695425E+06, NetCrossing 1.554E+01, NetCrossingWeight 1.000000E-03, DensityWeight 1.493419E+00, HPWL 5.138629E+02, Overflow 5.724863E-02, MaxDensity 2.355E+00, MacroOverlap 5.319E-03, MacroOverlapWeight 8.000000E-06, gamma 1.050864E-02, time 4.082ms
[INFO   ] DREAMPlace - full step 19.254 ms
[INFO   ] DREAMPlace - optimizer step 0.193 ms
[INFO   ] DREAMPlace - iteration  271, (  35,  1,  1), Obj 2.665708E+06, NetCrossing 1.581E+01, NetCrossingWeight 1.000000E-03, DensityWeight 1.493419E+00, HPWL 5.151671E+02, Overflow 5.698717E-02, MaxDensity 2.355E+00, MacroOverlap 5.073E-03, MacroOverlapWeight 8.000000E-06, gamma 1.050864E-02, time 4.067ms
[INFO   ] DREAMPlace - full step 18.991 ms
[INFO   ] DREAMPlace - Llambda stopping criteria: 1 and (( 0.0569872 < 0.1 and 515.167 > 512.475 ) or 2.3552 < 1.0)
[INFO   ] DREAMPlace - optimizer step 0.190 ms
[INFO   ] DREAMPlace - iteration  272, (  36,  0,  0), Obj 2.894952E+06, NetCrossing 1.533E+01, NetCrossingWeight 1.000000E-03, DensityWeight 1.659032E+00, HPWL 5.164004E+02, Overflow 5.670778E-02, MaxDensity 2.355E+00, MacroOverlap 4.847E-03, MacroOverlapWeight 8.000000E-06, gamma 1.045205E-02, time 4.189ms
[INFO   ] DREAMPlace - full step 19.449 ms
[INFO   ] DREAMPlace - optimizer step 0.234 ms
[INFO   ] DREAMPlace - iteration  273, (  36,  0,  1), Obj 2.870018E+06, NetCrossing 1.583E+01, NetCrossingWeight 1.000000E-03, DensityWeight 1.659032E+00, HPWL 5.176613E+02, Overflow 5.640538E-02, MaxDensity 2.355E+00, MacroOverlap 4.633E-03, MacroOverlapWeight 8.000000E-06, gamma 1.045205E-02, time 4.070ms
[INFO   ] DREAMPlace - full step 19.768 ms
[INFO   ] DREAMPlace - optimizer step 0.195 ms
[INFO   ] DREAMPlace - iteration  274, (  36,  1,  0), Obj 3.135654E+06, NetCrossing 1.580E+01, NetCrossingWeight 1.000000E-03, DensityWeight 1.843012E+00, HPWL 5.189057E+02, Overflow 5.610671E-02, MaxDensity 2.355E+00, MacroOverlap 4.435E-03, MacroOverlapWeight 8.000000E-06, gamma 1.045205E-02, time 4.235ms
[INFO   ] DREAMPlace - full step 19.210 ms
[INFO   ] DREAMPlace - optimizer step 0.195 ms
[INFO   ] DREAMPlace - iteration  275, (  36,  1,  1), Obj 3.111936E+06, NetCrossing 1.614E+01, NetCrossingWeight 1.000000E-03, DensityWeight 1.843012E+00, HPWL 5.202249E+02, Overflow 5.576927E-02, MaxDensity 2.355E+00, MacroOverlap 4.247E-03, MacroOverlapWeight 8.000000E-06, gamma 1.045205E-02, time 4.026ms
[INFO   ] DREAMPlace - full step 18.979 ms
[INFO   ] DREAMPlace - Llambda stopping criteria: 1 and (( 0.0557693 < 0.1 and 520.225 > 517.661 ) or 2.3552 < 1.0)
[INFO   ] DREAMPlace - optimizer step 0.191 ms
[INFO   ] DREAMPlace - iteration  276, (  37,  0,  0), Obj 3.384484E+06, NetCrossing 1.518E+01, NetCrossingWeight 1.000000E-03, DensityWeight 2.047394E+00, HPWL 5.215432E+02, Overflow 5.542753E-02, MaxDensity 2.355E+00, MacroOverlap 4.073E-03, MacroOverlapWeight 8.000000E-06, gamma 1.038711E-02, time 4.184ms
[INFO   ] DREAMPlace - full step 19.234 ms
[INFO   ] DREAMPlace - optimizer step 0.225 ms
[INFO   ] DREAMPlace - iteration  277, (  37,  0,  1), Obj 3.340367E+06, NetCrossing 1.502E+01, NetCrossingWeight 1.000000E-03, DensityWeight 2.047394E+00, HPWL 5.228608E+02, Overflow 5.508261E-02, MaxDensity 2.355E+00, MacroOverlap 3.914E-03, MacroOverlapWeight 8.000000E-06, gamma 1.038711E-02, time 3.973ms
[INFO   ] DREAMPlace - full step 19.200 ms
[INFO   ] DREAMPlace - optimizer step 0.218 ms
[INFO   ] DREAMPlace - iteration  278, (  37,  1,  0), Obj 3.654425E+06, NetCrossing 1.662E+01, NetCrossingWeight 1.000000E-03, DensityWeight 2.274441E+00, HPWL 5.242012E+02, Overflow 5.474285E-02, MaxDensity 2.355E+00, MacroOverlap 3.770E-03, MacroOverlapWeight 8.000000E-06, gamma 1.038711E-02, time 4.223ms
[INFO   ] DREAMPlace - full step 19.550 ms
[INFO   ] DREAMPlace - optimizer step 0.191 ms
[INFO   ] DREAMPlace - iteration  279, (  37,  1,  1), Obj 3.633304E+06, NetCrossing 1.634E+01, NetCrossingWeight 1.000000E-03, DensityWeight 2.274441E+00, HPWL 5.255385E+02, Overflow 5.443374E-02, MaxDensity 2.355E+00, MacroOverlap 3.641E-03, MacroOverlapWeight 8.000000E-06, gamma 1.038711E-02, time 4.083ms
[INFO   ] DREAMPlace - full step 19.118 ms
[INFO   ] DREAMPlace - Llambda stopping criteria: 1 and (( 0.0544337 < 0.1 and 525.538 > 522.861 ) or 2.3552 < 1.0)
[INFO   ] DREAMPlace - optimizer step 0.190 ms
[INFO   ] DREAMPlace - iteration  280, (  38,  0,  0), Obj 3.975519E+06, NetCrossing 1.519E+01, NetCrossingWeight 1.000000E-03, DensityWeight 2.526666E+00, HPWL 5.268880E+02, Overflow 5.417213E-02, MaxDensity 2.355E+00, MacroOverlap 3.524E-03, MacroOverlapWeight 8.000000E-06, gamma 1.031637E-02, time 3.957ms
[INFO   ] DREAMPlace - full step 18.713 ms
[INFO   ] DREAMPlace - optimizer step 0.206 ms
[INFO   ] DREAMPlace - iteration  281, (  38,  0,  1), Obj 3.931803E+06, NetCrossing 1.541E+01, NetCrossingWeight 1.000000E-03, DensityWeight 2.526666E+00, HPWL 5.281591E+02, Overflow 5.395449E-02, MaxDensity 2.355E+00, MacroOverlap 3.417E-03, MacroOverlapWeight 8.000000E-06, gamma 1.031637E-02, time 4.048ms
[INFO   ] DREAMPlace - full step 19.649 ms
[INFO   ] DREAMPlace - optimizer step 0.213 ms
[INFO   ] DREAMPlace - iteration  282, (  38,  1,  0), Obj 4.306853E+06, NetCrossing 1.582E+01, NetCrossingWeight 1.000000E-03, DensityWeight 2.806863E+00, HPWL 5.293555E+02, Overflow 5.378081E-02, MaxDensity 2.355E+00, MacroOverlap 3.315E-03, MacroOverlapWeight 8.000000E-06, gamma 1.031637E-02, time 4.086ms
[INFO   ] DREAMPlace - full step 19.285 ms
[INFO   ] DREAMPlace - optimizer step 0.196 ms
[INFO   ] DREAMPlace - iteration  283, (  38,  1,  1), Obj 4.270291E+06, NetCrossing 1.637E+01, NetCrossingWeight 1.000000E-03, DensityWeight 2.806863E+00, HPWL 5.304409E+02, Overflow 5.360356E-02, MaxDensity 2.355E+00, MacroOverlap 3.216E-03, MacroOverlapWeight 8.000000E-06, gamma 1.031637E-02, time 4.057ms
[INFO   ] DREAMPlace - full step 18.815 ms
[INFO   ] DREAMPlace - Llambda stopping criteria: 1 and (( 0.0536036 < 0.1 and 530.441 > 528.159 ) or 2.3552 < 1.0)
[INFO   ] DREAMPlace - optimizer step 0.192 ms
[INFO   ] DREAMPlace - iteration  284, (  39,  0,  0), Obj 4.675232E+06, NetCrossing 1.576E+01, NetCrossingWeight 1.000000E-03, DensityWeight 3.118131E+00, HPWL 5.314464E+02, Overflow 5.350012E-02, MaxDensity 2.355E+00, MacroOverlap 3.118E-03, MacroOverlapWeight 8.000000E-06, gamma 1.027264E-02, time 4.158ms
[INFO   ] DREAMPlace - full step 19.186 ms
[INFO   ] DREAMPlace - optimizer step 0.226 ms
[INFO   ] DREAMPlace - iteration  285, (  39,  0,  1), Obj 4.632678E+06, NetCrossing 1.507E+01, NetCrossingWeight 1.000000E-03, DensityWeight 3.118131E+00, HPWL 5.323701E+02, Overflow 5.339481E-02, MaxDensity 2.355E+00, MacroOverlap 3.024E-03, MacroOverlapWeight 8.000000E-06, gamma 1.027264E-02, time 3.969ms
[INFO   ] DREAMPlace - full step 19.356 ms
[INFO   ] DREAMPlace - optimizer step 0.190 ms
[INFO   ] DREAMPlace - iteration  286, (  39,  1,  0), Obj 5.090374E+06, NetCrossing 1.553E+01, NetCrossingWeight 1.000000E-03, DensityWeight 3.463919E+00, HPWL 5.332426E+02, Overflow 5.327733E-02, MaxDensity 2.355E+00, MacroOverlap 2.934E-03, MacroOverlapWeight 8.000000E-06, gamma 1.027264E-02, time 4.309ms
[INFO   ] DREAMPlace - full step 19.657 ms
[INFO   ] DREAMPlace - optimizer step 0.217 ms
[INFO   ] DREAMPlace - iteration  287, (  39,  1,  1), Obj 5.050530E+06, NetCrossing 1.638E+01, NetCrossingWeight 1.000000E-03, DensityWeight 3.463919E+00, HPWL 5.340768E+02, Overflow 5.313355E-02, MaxDensity 2.355E+00, MacroOverlap 2.847E-03, MacroOverlapWeight 8.000000E-06, gamma 1.027264E-02, time 3.971ms
[INFO   ] DREAMPlace - full step 19.326 ms
[INFO   ] DREAMPlace - Llambda stopping criteria: 1 and (( 0.0531335 < 0.1 and 534.077 > 532.37 ) or 2.3552 < 1.0)
[INFO   ] DREAMPlace - optimizer step 0.190 ms
[INFO   ] DREAMPlace - iteration  288, (  40,  0,  0), Obj 5.554502E+06, NetCrossing 1.657E+01, NetCrossingWeight 1.000000E-03, DensityWeight 3.848054E+00, HPWL 5.349065E+02, Overflow 5.296976E-02, MaxDensity 2.355E+00, MacroOverlap 2.763E-03, MacroOverlapWeight 8.000000E-06, gamma 1.024797E-02, time 4.310ms
[INFO   ] DREAMPlace - full step 19.674 ms
[INFO   ] DREAMPlace - optimizer step 0.220 ms
[INFO   ] DREAMPlace - iteration  289, (  40,  0,  1), Obj 5.521596E+06, NetCrossing 1.600E+01, NetCrossingWeight 1.000000E-03, DensityWeight 3.848054E+00, HPWL 5.357540E+02, Overflow 5.277707E-02, MaxDensity 2.355E+00, MacroOverlap 2.682E-03, MacroOverlapWeight 8.000000E-06, gamma 1.024797E-02, time 3.973ms
[INFO   ] DREAMPlace - full step 19.301 ms
[INFO   ] DREAMPlace - optimizer step 0.225 ms
[INFO   ] DREAMPlace - iteration  290, (  40,  1,  0), Obj 6.086284E+06, NetCrossing 1.509E+01, NetCrossingWeight 1.000000E-03, DensityWeight 4.274787E+00, HPWL 5.366293E+02, Overflow 5.255477E-02, MaxDensity 2.355E+00, MacroOverlap 2.604E-03, MacroOverlapWeight 8.000000E-06, gamma 1.024797E-02, time 4.284ms
[INFO   ] DREAMPlace - full step 19.767 ms
[INFO   ] DREAMPlace - optimizer step 0.190 ms
[INFO   ] DREAMPlace - iteration  291, (  40,  1,  1), Obj 6.057636E+06, NetCrossing 1.558E+01, NetCrossingWeight 1.000000E-03, DensityWeight 4.274787E+00, HPWL 5.375298E+02, Overflow 5.232713E-02, MaxDensity 2.355E+00, MacroOverlap 2.529E-03, MacroOverlapWeight 8.000000E-06, gamma 1.024797E-02, time 4.102ms
[INFO   ] DREAMPlace - full step 19.188 ms
[INFO   ] DREAMPlace - Llambda stopping criteria: 1 and (( 0.0523271 < 0.1 and 537.53 > 535.754 ) or 2.3552 < 1.0)
[INFO   ] DREAMPlace - optimizer step 0.196 ms
[INFO   ] DREAMPlace - iteration  292, (  41,  0,  0), Obj 6.668068E+06, NetCrossing 1.531E+01, NetCrossingWeight 1.000000E-03, DensityWeight 4.748843E+00, HPWL 5.384314E+02, Overflow 5.209468E-02, MaxDensity 2.355E+00, MacroOverlap 2.459E-03, MacroOverlapWeight 8.000000E-06, gamma 1.020577E-02, time 3.967ms
[INFO   ] DREAMPlace - full step 18.847 ms
[INFO   ] DREAMPlace - optimizer step 0.204 ms
[INFO   ] DREAMPlace - iteration  293, (  41,  0,  1), Obj 6.615352E+06, NetCrossing 1.664E+01, NetCrossingWeight 1.000000E-03, DensityWeight 4.748843E+00, HPWL 5.393495E+02, Overflow 5.187257E-02, MaxDensity 2.355E+00, MacroOverlap 2.394E-03, MacroOverlapWeight 8.000000E-06, gamma 1.020577E-02, time 4.089ms
[INFO   ] DREAMPlace - full step 19.625 ms
[INFO   ] DREAMPlace - optimizer step 0.201 ms
[INFO   ] DREAMPlace - iteration  294, (  41,  1,  0), Obj 7.278709E+06, NetCrossing 1.603E+01, NetCrossingWeight 1.000000E-03, DensityWeight 5.275470E+00, HPWL 5.403985E+02, Overflow 5.166848E-02, MaxDensity 2.355E+00, MacroOverlap 2.334E-03, MacroOverlapWeight 8.000000E-06, gamma 1.020577E-02, time 4.078ms
[INFO   ] DREAMPlace - full step 19.087 ms
[INFO   ] DREAMPlace - optimizer step 0.195 ms
[INFO   ] DREAMPlace - iteration  295, (  41,  1,  1), Obj 7.227128E+06, NetCrossing 1.656E+01, NetCrossingWeight 1.000000E-03, DensityWeight 5.275470E+00, HPWL 5.414509E+02, Overflow 5.147304E-02, MaxDensity 2.355E+00, MacroOverlap 2.276E-03, MacroOverlapWeight 8.000000E-06, gamma 1.020577E-02, time 4.056ms
[INFO   ] DREAMPlace - full step 18.949 ms
[INFO   ] DREAMPlace - Llambda stopping criteria: 1 and (( 0.051473 < 0.1 and 541.451 > 539.349 ) or 2.3552 < 1.0)
[INFO   ] DREAMPlace - optimizer step 0.190 ms
[INFO   ] DREAMPlace - iteration  296, (  42,  0,  0), Obj 7.960784E+06, NetCrossing 1.533E+01, NetCrossingWeight 1.000000E-03, DensityWeight 5.860497E+00, HPWL 5.424844E+02, Overflow 5.129339E-02, MaxDensity 2.355E+00, MacroOverlap 2.221E-03, MacroOverlapWeight 8.000000E-06, gamma 1.016126E-02, time 4.182ms
[INFO   ] DREAMPlace - full step 19.748 ms
[INFO   ] DREAMPlace - optimizer step 0.234 ms
[INFO   ] DREAMPlace - iteration  297, (  42,  0,  1), Obj 7.916897E+06, NetCrossing 1.589E+01, NetCrossingWeight 1.000000E-03, DensityWeight 5.860497E+00, HPWL 5.434922E+02, Overflow 5.111727E-02, MaxDensity 2.355E+00, MacroOverlap 2.166E-03, MacroOverlapWeight 8.000000E-06, gamma 1.016126E-02, time 3.997ms
[INFO   ] DREAMPlace - full step 19.741 ms
[INFO   ] DREAMPlace - optimizer step 0.202 ms
[INFO   ] DREAMPlace - iteration  298, (  42,  1,  0), Obj 8.723931E+06, NetCrossing 1.599E+01, NetCrossingWeight 1.000000E-03, DensityWeight 6.510402E+00, HPWL 5.444820E+02, Overflow 5.094042E-02, MaxDensity 2.355E+00, MacroOverlap 2.112E-03, MacroOverlapWeight 8.000000E-06, gamma 1.016126E-02, time 4.514ms
[INFO   ] DREAMPlace - full step 19.899 ms
[INFO   ] DREAMPlace - optimizer step 0.236 ms
[INFO   ] DREAMPlace - iteration  299, (  42,  1,  1), Obj 8.670175E+06, NetCrossing 1.724E+01, NetCrossingWeight 1.000000E-03, DensityWeight 6.510402E+00, HPWL 5.454689E+02, Overflow 5.075026E-02, MaxDensity 2.355E+00, MacroOverlap 2.057E-03, MacroOverlapWeight 8.000000E-06, gamma 1.016126E-02, time 4.188ms
[INFO   ] DREAMPlace - full step 20.100 ms
[INFO   ] DREAMPlace - Llambda stopping criteria: 1 and (( 0.0507503 < 0.1 and 545.469 > 543.492 ) or 2.3552 < 1.0)
[INFO   ] DREAMPlace - plotting to /Cypress/results/reproduce-small-7/ET095_A00/plot/iter0300.png takes 0.046 seconds
[INFO   ] DREAMPlace - optimizer step 0.227 ms
[INFO   ] DREAMPlace - iteration  300, (  43,  0,  0), Obj 9.562732E+06, NetCrossing 1.633E+01, NetCrossingWeight 1.000000E-03, DensityWeight 7.232378E+00, HPWL 5.464636E+02, Overflow 5.054203E-02, MaxDensity 2.355E+00, MacroOverlap 2.003E-03, MacroOverlapWeight 8.000000E-06, gamma 1.012375E-02, time 4.234ms
[INFO   ] DREAMPlace - full step 65.623 ms
[INFO   ] DREAMPlace - optimizer step 0.192 ms
[INFO   ] DREAMPlace - iteration  301, (  43,  0,  1), Obj 9.506257E+06, NetCrossing 1.629E+01, NetCrossingWeight 1.000000E-03, DensityWeight 7.232378E+00, HPWL 5.474874E+02, Overflow 5.032029E-02, MaxDensity 2.355E+00, MacroOverlap 1.950E-03, MacroOverlapWeight 8.000000E-06, gamma 1.012375E-02, time 3.980ms
[INFO   ] DREAMPlace - full step 19.220 ms
[INFO   ] DREAMPlace - optimizer step 0.211 ms
[INFO   ] DREAMPlace - iteration  302, (  43,  1,  0), Obj 1.049287E+07, NetCrossing 1.625E+01, NetCrossingWeight 1.000000E-03, DensityWeight 8.034417E+00, HPWL 5.485350E+02, Overflow 5.009199E-02, MaxDensity 2.355E+00, MacroOverlap 1.899E-03, MacroOverlapWeight 8.000000E-06, gamma 1.012375E-02, time 4.109ms
[INFO   ] DREAMPlace - full step 19.938 ms
[INFO   ] DREAMPlace - optimizer step 0.200 ms
[INFO   ] DREAMPlace - iteration  303, (  43,  1,  1), Obj 1.044194E+07, NetCrossing 1.571E+01, NetCrossingWeight 1.000000E-03, DensityWeight 8.034417E+00, HPWL 5.495776E+02, Overflow 4.985793E-02, MaxDensity 2.355E+00, MacroOverlap 1.851E-03, MacroOverlapWeight 8.000000E-06, gamma 1.012375E-02, time 4.122ms
[INFO   ] DREAMPlace - full step 19.209 ms
[INFO   ] DREAMPlace - Llambda stopping criteria: 1 and (( 0.0498579 < 0.1 and 549.578 > 547.487 ) or 2.3552 < 1.0)
[INFO   ] DREAMPlace - optimizer step 0.191 ms
[INFO   ] DREAMPlace - iteration  304, (  44,  0,  0), Obj 1.152112E+07, NetCrossing 1.577E+01, NetCrossingWeight 1.000000E-03, DensityWeight 8.925400E+00, HPWL 5.506089E+02, Overflow 4.962889E-02, MaxDensity 2.355E+00, MacroOverlap 1.805E-03, MacroOverlapWeight 8.000000E-06, gamma 1.007763E-02, time 4.049ms
[INFO   ] DREAMPlace - full step 18.963 ms
[INFO   ] DREAMPlace - optimizer step 0.199 ms
[INFO   ] DREAMPlace - iteration  305, (  44,  0,  1), Obj 1.146499E+07, NetCrossing 1.698E+01, NetCrossingWeight 1.000000E-03, DensityWeight 8.925400E+00, HPWL 5.516055E+02, Overflow 4.941206E-02, MaxDensity 2.355E+00, MacroOverlap 1.761E-03, MacroOverlapWeight 8.000000E-06, gamma 1.007763E-02, time 3.960ms
[INFO   ] DREAMPlace - full step 18.895 ms
[INFO   ] DREAMPlace - optimizer step 0.212 ms
[INFO   ] DREAMPlace - iteration  306, (  44,  1,  0), Obj 1.266609E+07, NetCrossing 1.699E+01, NetCrossingWeight 1.000000E-03, DensityWeight 9.915189E+00, HPWL 5.525638E+02, Overflow 4.921680E-02, MaxDensity 2.355E+00, MacroOverlap 1.721E-03, MacroOverlapWeight 8.000000E-06, gamma 1.007763E-02, time 4.132ms
[INFO   ] DREAMPlace - full step 19.711 ms
[INFO   ] DREAMPlace - optimizer step 0.208 ms
[INFO   ] DREAMPlace - iteration  307, (  44,  1,  1), Obj 1.259664E+07, NetCrossing 1.556E+01, NetCrossingWeight 1.000000E-03, DensityWeight 9.915189E+00, HPWL 5.534823E+02, Overflow 4.903584E-02, MaxDensity 2.355E+00, MacroOverlap 1.683E-03, MacroOverlapWeight 8.000000E-06, gamma 1.007763E-02, time 4.116ms
[INFO   ] DREAMPlace - full step 19.265 ms
[INFO   ] DREAMPlace - Llambda stopping criteria: 1 and (( 0.0490358 < 0.1 and 553.482 > 551.605 ) or 2.3552 < 1.0)
[INFO   ] DREAMPlace - optimizer step 0.200 ms
[INFO   ] DREAMPlace - iteration  308, (  45,  0,  0), Obj 1.391020E+07, NetCrossing 1.534E+01, NetCrossingWeight 1.000000E-03, DensityWeight 1.101474E+01, HPWL 5.543684E+02, Overflow 4.886738E-02, MaxDensity 2.355E+00, MacroOverlap 1.650E-03, MacroOverlapWeight 8.000000E-06, gamma 1.003533E-02, time 4.032ms
[INFO   ] DREAMPlace - full step 20.980 ms
[INFO   ] DREAMPlace - optimizer step 0.206 ms
[INFO   ] DREAMPlace - iteration  309, (  45,  0,  1), Obj 1.384534E+07, NetCrossing 1.659E+01, NetCrossingWeight 1.000000E-03, DensityWeight 1.101474E+01, HPWL 5.552339E+02, Overflow 4.870340E-02, MaxDensity 2.355E+00, MacroOverlap 1.619E-03, MacroOverlapWeight 8.000000E-06, gamma 1.003533E-02, time 4.013ms
[INFO   ] DREAMPlace - full step 18.983 ms
[INFO   ] DREAMPlace - optimizer step 0.191 ms
[INFO   ] DREAMPlace - iteration  310, (  45,  1,  0), Obj 1.529315E+07, NetCrossing 1.599E+01, NetCrossingWeight 1.000000E-03, DensityWeight 1.223623E+01, HPWL 5.560867E+02, Overflow 4.853739E-02, MaxDensity 2.355E+00, MacroOverlap 1.592E-03, MacroOverlapWeight 8.000000E-06, gamma 1.003533E-02, time 4.119ms
[INFO   ] DREAMPlace - full step 19.089 ms
[INFO   ] DREAMPlace - optimizer step 0.225 ms
[INFO   ] DREAMPlace - iteration  311, (  45,  1,  1), Obj 1.523823E+07, NetCrossing 1.655E+01, NetCrossingWeight 1.000000E-03, DensityWeight 1.223623E+01, HPWL 5.569301E+02, Overflow 4.836350E-02, MaxDensity 2.355E+00, MacroOverlap 1.566E-03, MacroOverlapWeight 8.000000E-06, gamma 1.003533E-02, time 4.185ms
[INFO   ] DREAMPlace - full step 19.945 ms
[INFO   ] DREAMPlace - Llambda stopping criteria: 1 and (( 0.0483635 < 0.1 and 556.93 > 555.234 ) or 2.3552 < 1.0)
[INFO   ] DREAMPlace - optimizer step 0.188 ms
[INFO   ] DREAMPlace - iteration  312, (  46,  0,  0), Obj 1.684658E+07, NetCrossing 1.737E+01, NetCrossingWeight 1.000000E-03, DensityWeight 1.359318E+01, HPWL 5.577530E+02, Overflow 4.819131E-02, MaxDensity 2.355E+00, MacroOverlap 1.541E-03, MacroOverlapWeight 8.000000E-06, gamma 1.000087E-02, time 4.298ms
[INFO   ] DREAMPlace - full step 19.722 ms
[INFO   ] DREAMPlace - optimizer step 0.240 ms
[INFO   ] DREAMPlace - iteration  313, (  46,  0,  1), Obj 1.676255E+07, NetCrossing 1.647E+01, NetCrossingWeight 1.000000E-03, DensityWeight 1.359318E+01, HPWL 5.585444E+02, Overflow 4.801667E-02, MaxDensity 2.355E+00, MacroOverlap 1.516E-03, MacroOverlapWeight 8.000000E-06, gamma 1.000087E-02, time 4.297ms
[INFO   ] DREAMPlace - full step 20.266 ms
[INFO   ] DREAMPlace - optimizer step 0.191 ms
[INFO   ] DREAMPlace - iteration  314, (  46,  1,  0), Obj 1.853544E+07, NetCrossing 1.723E+01, NetCrossingWeight 1.000000E-03, DensityWeight 1.510061E+01, HPWL 5.592968E+02, Overflow 4.784374E-02, MaxDensity 2.355E+00, MacroOverlap 1.493E-03, MacroOverlapWeight 8.000000E-06, gamma 1.000087E-02, time 4.152ms
[INFO   ] DREAMPlace - full step 19.244 ms
[INFO   ] DREAMPlace - optimizer step 0.195 ms
[INFO   ] DREAMPlace - iteration  315, (  46,  1,  1), Obj 1.848038E+07, NetCrossing 1.784E+01, NetCrossingWeight 1.000000E-03, DensityWeight 1.510061E+01, HPWL 5.600029E+02, Overflow 4.768308E-02, MaxDensity 2.355E+00, MacroOverlap 1.469E-03, MacroOverlapWeight 8.000000E-06, gamma 1.000087E-02, time 3.946ms
[INFO   ] DREAMPlace - full step 19.188 ms
[INFO   ] DREAMPlace - Llambda stopping criteria: 1 and (( 0.0476831 < 0.1 and 560.003 > 558.544 ) or 2.3552 < 1.0)
[INFO   ] DREAMPlace - optimizer step 0.210 ms
[INFO   ] DREAMPlace - iteration  316, (  47,  0,  0), Obj 2.043558E+07, NetCrossing 1.618E+01, NetCrossingWeight 1.000000E-03, DensityWeight 1.677521E+01, HPWL 5.606787E+02, Overflow 4.755702E-02, MaxDensity 2.355E+00, MacroOverlap 1.447E-03, MacroOverlapWeight 8.000000E-06, gamma 9.966108E-03, time 4.109ms
[INFO   ] DREAMPlace - full step 19.572 ms
[INFO   ] DREAMPlace - optimizer step 0.193 ms
[INFO   ] DREAMPlace - iteration  317, (  47,  0,  1), Obj 2.040018E+07, NetCrossing 1.529E+01, NetCrossingWeight 1.000000E-03, DensityWeight 1.677521E+01, HPWL 5.613173E+02, Overflow 4.745073E-02, MaxDensity 2.355E+00, MacroOverlap 1.427E-03, MacroOverlapWeight 8.000000E-06, gamma 9.966108E-03, time 4.066ms
[INFO   ] DREAMPlace - full step 18.731 ms
[INFO   ] DREAMPlace - optimizer step 0.190 ms
[INFO   ] DREAMPlace - iteration  318, (  47,  1,  0), Obj 2.255270E+07, NetCrossing 1.618E+01, NetCrossingWeight 1.000000E-03, DensityWeight 1.863551E+01, HPWL 5.619283E+02, Overflow 4.734130E-02, MaxDensity 2.355E+00, MacroOverlap 1.407E-03, MacroOverlapWeight 8.000000E-06, gamma 9.966108E-03, time 4.163ms
[INFO   ] DREAMPlace - full step 19.170 ms
[INFO   ] DREAMPlace - optimizer step 0.225 ms
[INFO   ] DREAMPlace - iteration  319, (  47,  1,  1), Obj 2.246922E+07, NetCrossing 1.729E+01, NetCrossingWeight 1.000000E-03, DensityWeight 1.863551E+01, HPWL 5.625148E+02, Overflow 4.722456E-02, MaxDensity 2.355E+00, MacroOverlap 1.389E-03, MacroOverlapWeight 8.000000E-06, gamma 9.966108E-03, time 3.958ms
[INFO   ] DREAMPlace - full step 19.462 ms
[INFO   ] DREAMPlace - Llambda stopping criteria: 1 and (( 0.0472246 < 0.1 and 562.515 > 561.317 ) or 2.3552 < 1.0)
[INFO   ] DREAMPlace - optimizer step 0.190 ms
[INFO   ] DREAMPlace - iteration  320, (  48,  0,  0), Obj 2.485819E+07, NetCrossing 1.602E+01, NetCrossingWeight 1.000000E-03, DensityWeight 2.070212E+01, HPWL 5.630764E+02, Overflow 4.710240E-02, MaxDensity 2.355E+00, MacroOverlap 1.370E-03, MacroOverlapWeight 8.000000E-06, gamma 9.942751E-03, time 4.312ms
[INFO   ] DREAMPlace - full step 20.128 ms
[INFO   ] DREAMPlace - optimizer step 0.234 ms
[INFO   ] DREAMPlace - iteration  321, (  48,  0,  1), Obj 2.477698E+07, NetCrossing 1.651E+01, NetCrossingWeight 1.000000E-03, DensityWeight 2.070212E+01, HPWL 5.636116E+02, Overflow 4.698043E-02, MaxDensity 2.355E+00, MacroOverlap 1.353E-03, MacroOverlapWeight 8.000000E-06, gamma 9.942751E-03, time 4.083ms
[INFO   ] DREAMPlace - full step 19.884 ms
[INFO   ] DREAMPlace - optimizer step 0.194 ms
[INFO   ] DREAMPlace - iteration  322, (  48,  1,  0), Obj 2.743389E+07, NetCrossing 1.592E+01, NetCrossingWeight 1.000000E-03, DensityWeight 2.299790E+01, HPWL 5.641266E+02, Overflow 4.685294E-02, MaxDensity 2.355E+00, MacroOverlap 1.335E-03, MacroOverlapWeight 8.000000E-06, gamma 9.942751E-03, time 4.248ms
[INFO   ] DREAMPlace - full step 17.368 ms
[INFO   ] DREAMPlace - optimizer step 0.190 ms
[INFO   ] DREAMPlace - iteration  323, (  48,  1,  1), Obj 2.739456E+07, NetCrossing 1.743E+01, NetCrossingWeight 1.000000E-03, DensityWeight 2.299790E+01, HPWL 5.646256E+02, Overflow 4.670829E-02, MaxDensity 2.355E+00, MacroOverlap 1.316E-03, MacroOverlapWeight 8.000000E-06, gamma 9.942751E-03, time 3.985ms
[INFO   ] DREAMPlace - full step 16.924 ms
[INFO   ] DREAMPlace - Llambda stopping criteria: 1 and (( 0.0467083 < 0.1 and 564.626 > 563.612 ) or 2.3552 < 1.0)
[INFO   ] DREAMPlace - optimizer step 0.189 ms
[INFO   ] DREAMPlace - iteration  324, (  49,  0,  0), Obj 3.024755E+07, NetCrossing 1.636E+01, NetCrossingWeight 1.000000E-03, DensityWeight 2.554828E+01, HPWL 5.651138E+02, Overflow 4.656307E-02, MaxDensity 2.355E+00, MacroOverlap 1.298E-03, MacroOverlapWeight 8.000000E-06, gamma 9.916523E-03, time 3.980ms
[INFO   ] DREAMPlace - full step 16.919 ms
[INFO   ] DREAMPlace - optimizer step 0.196 ms
[INFO   ] DREAMPlace - iteration  325, (  49,  0,  1), Obj 3.012320E+07, NetCrossing 1.761E+01, NetCrossingWeight 1.000000E-03, DensityWeight 2.554828E+01, HPWL 5.655928E+02, Overflow 4.640947E-02, MaxDensity 2.355E+00, MacroOverlap 1.279E-03, MacroOverlapWeight 8.000000E-06, gamma 9.916523E-03, time 4.075ms
[INFO   ] DREAMPlace - full step 17.663 ms
[INFO   ] DREAMPlace - optimizer step 0.218 ms
[INFO   ] DREAMPlace - iteration  326, (  49,  1,  0), Obj 3.341283E+07, NetCrossing 1.682E+01, NetCrossingWeight 1.000000E-03, DensityWeight 2.838148E+01, HPWL 5.660634E+02, Overflow 4.624560E-02, MaxDensity 2.355E+00, MacroOverlap 1.260E-03, MacroOverlapWeight 8.000000E-06, gamma 9.916523E-03, time 4.186ms
[INFO   ] DREAMPlace - full step 18.070 ms
[INFO   ] DREAMPlace - optimizer step 0.190 ms
[INFO   ] DREAMPlace - iteration  327, (  49,  1,  1), Obj 3.321572E+07, NetCrossing 1.638E+01, NetCrossingWeight 1.000000E-03, DensityWeight 2.838148E+01, HPWL 5.665430E+02, Overflow 4.607777E-02, MaxDensity 2.355E+00, MacroOverlap 1.242E-03, MacroOverlapWeight 8.000000E-06, gamma 9.916523E-03, time 4.087ms
[INFO   ] DREAMPlace - full step 17.493 ms
[INFO   ] DREAMPlace - Llambda stopping criteria: 1 and (( 0.0460778 < 0.1 and 566.543 > 565.593 ) or 2.3552 < 1.0)
[INFO   ] DREAMPlace - optimizer step 0.196 ms
[INFO   ] DREAMPlace - iteration  328, (  50,  0,  0), Obj 3.675275E+07, NetCrossing 1.679E+01, NetCrossingWeight 1.000000E-03, DensityWeight 3.152888E+01, HPWL 5.670208E+02, Overflow 4.590619E-02, MaxDensity 2.355E+00, MacroOverlap 1.224E-03, MacroOverlapWeight 8.000000E-06, gamma 9.884581E-03, time 4.018ms
[INFO   ] DREAMPlace - full step 17.514 ms
[INFO   ] DREAMPlace - optimizer step 0.190 ms
[INFO   ] DREAMPlace - iteration  329, (  50,  0,  1), Obj 3.668701E+07, NetCrossing 1.729E+01, NetCrossingWeight 1.000000E-03, DensityWeight 3.152888E+01, HPWL 5.674912E+02, Overflow 4.573783E-02, MaxDensity 2.355E+00, MacroOverlap 1.208E-03, MacroOverlapWeight 8.000000E-06, gamma 9.884581E-03, time 4.014ms
[INFO   ] DREAMPlace - full step 17.249 ms
[INFO   ] DREAMPlace - optimizer step 0.191 ms
[INFO   ] DREAMPlace - iteration  330, (  50,  1,  0), Obj 4.056584E+07, NetCrossing 1.556E+01, NetCrossingWeight 1.000000E-03, DensityWeight 3.502531E+01, HPWL 5.679507E+02, Overflow 4.557891E-02, MaxDensity 2.355E+00, MacroOverlap 1.193E-03, MacroOverlapWeight 8.000000E-06, gamma 9.884581E-03, time 3.999ms
[INFO   ] DREAMPlace - full step 17.351 ms
[INFO   ] DREAMPlace - optimizer step 0.199 ms
[INFO   ] DREAMPlace - iteration  331, (  50,  1,  1), Obj 4.046080E+07, NetCrossing 1.703E+01, NetCrossingWeight 1.000000E-03, DensityWeight 3.502531E+01, HPWL 5.684060E+02, Overflow 4.545015E-02, MaxDensity 2.355E+00, MacroOverlap 1.179E-03, MacroOverlapWeight 8.000000E-06, gamma 9.884581E-03, time 3.978ms
[INFO   ] DREAMPlace - full step 16.977 ms
[INFO   ] DREAMPlace - Llambda stopping criteria: 1 and (( 0.0454502 < 0.1 and 568.406 > 567.491 ) or 2.3552 < 1.0)
[INFO   ] DREAMPlace - optimizer step 0.206 ms
[INFO   ] DREAMPlace - iteration  332, (  51,  0,  0), Obj 4.493054E+07, NetCrossing 1.560E+01, NetCrossingWeight 1.000000E-03, DensityWeight 3.890948E+01, HPWL 5.688554E+02, Overflow 4.532863E-02, MaxDensity 2.355E+00, MacroOverlap 1.166E-03, MacroOverlapWeight 8.000000E-06, gamma 9.852887E-03, time 4.071ms
[INFO   ] DREAMPlace - full step 18.055 ms
[INFO   ] DREAMPlace - optimizer step 0.189 ms
[INFO   ] DREAMPlace - iteration  333, (  51,  0,  1), Obj 4.470901E+07, NetCrossing 1.660E+01, NetCrossingWeight 1.000000E-03, DensityWeight 3.890948E+01, HPWL 5.692943E+02, Overflow 4.520787E-02, MaxDensity 2.355E+00, MacroOverlap 1.153E-03, MacroOverlapWeight 8.000000E-06, gamma 9.852887E-03, time 4.088ms
[INFO   ] DREAMPlace - full step 17.587 ms
[INFO   ] DREAMPlace - optimizer step 0.206 ms
[INFO   ] DREAMPlace - iteration  334, (  51,  1,  0), Obj 4.953746E+07, NetCrossing 1.631E+01, NetCrossingWeight 1.000000E-03, DensityWeight 4.322439E+01, HPWL 5.697264E+02, Overflow 4.508343E-02, MaxDensity 2.355E+00, MacroOverlap 1.140E-03, MacroOverlapWeight 8.000000E-06, gamma 9.852887E-03, time 3.968ms
[INFO   ] DREAMPlace - full step 17.025 ms
[INFO   ] DREAMPlace - optimizer step 0.189 ms
[INFO   ] DREAMPlace - iteration  335, (  51,  1,  1), Obj 4.939883E+07, NetCrossing 1.795E+01, NetCrossingWeight 1.000000E-03, DensityWeight 4.322439E+01, HPWL 5.701559E+02, Overflow 4.495397E-02, MaxDensity 2.355E+00, MacroOverlap 1.128E-03, MacroOverlapWeight 8.000000E-06, gamma 9.852887E-03, time 4.229ms
[INFO   ] DREAMPlace - full step 17.648 ms
[INFO   ] DREAMPlace - Llambda stopping criteria: 1 and (( 0.044954 < 0.1 and 570.156 > 569.294 ) or 2.3552 < 1.0)
[INFO   ] DREAMPlace - optimizer step 0.190 ms
[INFO   ] DREAMPlace - iteration  336, (  52,  0,  0), Obj 5.471793E+07, NetCrossing 1.621E+01, NetCrossingWeight 1.000000E-03, DensityWeight 4.801781E+01, HPWL 5.705812E+02, Overflow 4.482274E-02, MaxDensity 2.355E+00, MacroOverlap 1.115E-03, MacroOverlapWeight 8.000000E-06, gamma 9.827904E-03, time 3.963ms
[INFO   ] DREAMPlace - full step 17.399 ms
[INFO   ] DREAMPlace - optimizer step 0.213 ms
[INFO   ] DREAMPlace - iteration  337, (  52,  0,  1), Obj 5.461583E+07, NetCrossing 1.592E+01, NetCrossingWeight 1.000000E-03, DensityWeight 4.801781E+01, HPWL 5.709985E+02, Overflow 4.469166E-02, MaxDensity 2.355E+00, MacroOverlap 1.103E-03, MacroOverlapWeight 8.000000E-06, gamma 9.827904E-03, time 4.117ms
[INFO   ] DREAMPlace - full step 17.645 ms
[INFO   ] DREAMPlace - optimizer step 0.191 ms
[INFO   ] DREAMPlace - iteration  338, (  52,  1,  0), Obj 6.051599E+07, NetCrossing 1.761E+01, NetCrossingWeight 1.000000E-03, DensityWeight 5.334280E+01, HPWL 5.714033E+02, Overflow 4.456845E-02, MaxDensity 2.355E+00, MacroOverlap 1.092E-03, MacroOverlapWeight 8.000000E-06, gamma 9.827904E-03, time 4.071ms
[INFO   ] DREAMPlace - full step 17.832 ms
[INFO   ] DREAMPlace - optimizer step 0.201 ms
[INFO   ] DREAMPlace - iteration  339, (  52,  1,  1), Obj 6.037788E+07, NetCrossing 1.726E+01, NetCrossingWeight 1.000000E-03, DensityWeight 5.334280E+01, HPWL 5.717861E+02, Overflow 4.445178E-02, MaxDensity 2.355E+00, MacroOverlap 1.082E-03, MacroOverlapWeight 8.000000E-06, gamma 9.827904E-03, time 4.056ms
[INFO   ] DREAMPlace - full step 17.757 ms
[INFO   ] DREAMPlace - Llambda stopping criteria: 1 and (( 0.0444518 < 0.1 and 571.786 > 570.999 ) or 2.3552 < 1.0)
[INFO   ] DREAMPlace - optimizer step 0.189 ms
[INFO   ] DREAMPlace - iteration  340, (  53,  0,  0), Obj 6.690007E+07, NetCrossing 1.652E+01, NetCrossingWeight 1.000000E-03, DensityWeight 5.925831E+01, HPWL 5.721315E+02, Overflow 4.434914E-02, MaxDensity 2.355E+00, MacroOverlap 1.073E-03, MacroOverlapWeight 8.000000E-06, gamma 9.802681E-03, time 4.008ms
[INFO   ] DREAMPlace - full step 17.227 ms
[INFO   ] DREAMPlace - optimizer step 0.190 ms
[INFO   ] DREAMPlace - iteration  341, (  53,  0,  1), Obj 6.678025E+07, NetCrossing 1.562E+01, NetCrossingWeight 1.000000E-03, DensityWeight 5.925831E+01, HPWL 5.724250E+02, Overflow 4.426788E-02, MaxDensity 2.355E+00, MacroOverlap 1.065E-03, MacroOverlapWeight 8.000000E-06, gamma 9.802681E-03, time 3.968ms
[INFO   ] DREAMPlace - full step 17.208 ms
[INFO   ] DREAMPlace - optimizer step 0.190 ms
[INFO   ] DREAMPlace - iteration  342, (  53,  1,  0), Obj 7.400182E+07, NetCrossing 1.579E+01, NetCrossingWeight 1.000000E-03, DensityWeight 6.582983E+01, HPWL 5.726639E+02, Overflow 4.420735E-02, MaxDensity 2.355E+00, MacroOverlap 1.059E-03, MacroOverlapWeight 8.000000E-06, gamma 9.802681E-03, time 3.964ms
[INFO   ] DREAMPlace - full step 17.545 ms
[INFO   ] DREAMPlace - optimizer step 0.220 ms
[INFO   ] DREAMPlace - iteration  343, (  53,  1,  1), Obj 7.382939E+07, NetCrossing 1.718E+01, NetCrossingWeight 1.000000E-03, DensityWeight 6.582983E+01, HPWL 5.728481E+02, Overflow 4.416802E-02, MaxDensity 2.355E+00, MacroOverlap 1.054E-03, MacroOverlapWeight 8.000000E-06, gamma 9.802681E-03, time 4.152ms
[INFO   ] DREAMPlace - full step 18.181 ms
[INFO   ] DREAMPlace - Llambda stopping criteria: 1 and (( 0.044168 < 0.1 and 572.848 > 572.425 ) or 2.3552 < 1.0)
[INFO   ] DREAMPlace - optimizer step 0.191 ms
[INFO   ] DREAMPlace - iteration  344, (  54,  0,  0), Obj 8.187226E+07, NetCrossing 1.650E+01, NetCrossingWeight 1.000000E-03, DensityWeight 7.313012E+01, HPWL 5.729932E+02, Overflow 4.414341E-02, MaxDensity 2.355E+00, MacroOverlap 1.051E-03, MacroOverlapWeight 8.000000E-06, gamma 9.788458E-03, time 4.087ms
[INFO   ] DREAMPlace - full step 17.524 ms
[INFO   ] DREAMPlace - optimizer step 0.205 ms
[INFO   ] DREAMPlace - iteration  345, (  54,  0,  1), Obj 8.172730E+07, NetCrossing 1.607E+01, NetCrossingWeight 1.000000E-03, DensityWeight 7.313012E+01, HPWL 5.731294E+02, Overflow 4.412559E-02, MaxDensity 2.355E+00, MacroOverlap 1.049E-03, MacroOverlapWeight 8.000000E-06, gamma 9.788458E-03, time 4.001ms
[INFO   ] DREAMPlace - full step 17.468 ms
[INFO   ] DREAMPlace - optimizer step 0.190 ms
[INFO   ] DREAMPlace - iteration  346, (  54,  1,  0), Obj 9.057777E+07, NetCrossing 1.599E+01, NetCrossingWeight 1.000000E-03, DensityWeight 8.123998E+01, HPWL 5.732891E+02, Overflow 4.410576E-02, MaxDensity 2.355E+00, MacroOverlap 1.048E-03, MacroOverlapWeight 8.000000E-06, gamma 9.788458E-03, time 4.020ms
[INFO   ] DREAMPlace - full step 17.061 ms
[INFO   ] DREAMPlace - optimizer step 0.190 ms
[INFO   ] DREAMPlace - iteration  347, (  54,  1,  1), Obj 9.043853E+07, NetCrossing 1.805E+01, NetCrossingWeight 1.000000E-03, DensityWeight 8.123998E+01, HPWL 5.734607E+02, Overflow 4.407828E-02, MaxDensity 2.355E+00, MacroOverlap 1.047E-03, MacroOverlapWeight 8.000000E-06, gamma 9.788458E-03, time 3.961ms
[INFO   ] DREAMPlace - full step 17.519 ms
[INFO   ] DREAMPlace - Llambda stopping criteria: 1 and (( 0.0440783 < 0.1 and 573.461 > 573.129 ) or 2.3552 < 1.0)
[INFO   ] DREAMPlace - optimizer step 0.191 ms
[INFO   ] DREAMPlace - iteration  348, (  55,  0,  0), Obj 1.002431E+08, NetCrossing 1.677E+01, NetCrossingWeight 1.000000E-03, DensityWeight 9.024920E+01, HPWL 5.736493E+02, Overflow 4.404371E-02, MaxDensity 2.355E+00, MacroOverlap 1.045E-03, MacroOverlapWeight 8.000000E-06, gamma 9.783963E-03, time 4.031ms
[INFO   ] DREAMPlace - full step 17.450 ms
[INFO   ] DREAMPlace - optimizer step 0.206 ms
[INFO   ] DREAMPlace - iteration  349, (  55,  0,  1), Obj 1.001327E+08, NetCrossing 1.739E+01, NetCrossingWeight 1.000000E-03, DensityWeight 9.024920E+01, HPWL 5.738530E+02, Overflow 4.400189E-02, MaxDensity 2.355E+00, MacroOverlap 1.044E-03, MacroOverlapWeight 8.000000E-06, gamma 9.783963E-03, time 3.963ms
[INFO   ] DREAMPlace - full step 17.893 ms
[INFO   ] DREAMPlace - optimizer step 0.195 ms
[INFO   ] DREAMPlace - iteration  350, (  55,  1,  0), Obj 1.110431E+08, NetCrossing 1.524E+01, NetCrossingWeight 1.000000E-03, DensityWeight 1.002575E+02, HPWL 5.740621E+02, Overflow 4.395920E-02, MaxDensity 2.355E+00, MacroOverlap 1.041E-03, MacroOverlapWeight 8.000000E-06, gamma 9.783963E-03, time 4.259ms
[INFO   ] DREAMPlace - full step 19.027 ms
[INFO   ] DREAMPlace - optimizer step 0.217 ms
[INFO   ] DREAMPlace - iteration  351, (  55,  1,  1), Obj 1.108999E+08, NetCrossing 1.648E+01, NetCrossingWeight 1.000000E-03, DensityWeight 1.002575E+02, HPWL 5.742765E+02, Overflow 4.392251E-02, MaxDensity 2.355E+00, MacroOverlap 1.039E-03, MacroOverlapWeight 8.000000E-06, gamma 9.783963E-03, time 3.979ms
[INFO   ] DREAMPlace - full step 17.912 ms
[INFO   ] DREAMPlace - Llambda stopping criteria: 1 and (( 0.0439225 < 0.1 and 574.276 > 573.853 ) or 2.3552 < 1.0)
[INFO   ] DREAMPlace - optimizer step 0.190 ms
[INFO   ] DREAMPlace - iteration  352, (  56,  0,  0), Obj 1.230327E+08, NetCrossing 1.587E+01, NetCrossingWeight 1.000000E-03, DensityWeight 1.113757E+02, HPWL 5.744993E+02, Overflow 4.388513E-02, MaxDensity 2.355E+00, MacroOverlap 1.036E-03, MacroOverlapWeight 8.000000E-06, gamma 9.776170E-03, time 5.492ms
[INFO   ] DREAMPlace - full step 18.580 ms
[INFO   ] DREAMPlace - optimizer step 0.190 ms
[INFO   ] DREAMPlace - iteration  353, (  56,  0,  1), Obj 1.229019E+08, NetCrossing 1.700E+01, NetCrossingWeight 1.000000E-03, DensityWeight 1.113757E+02, HPWL 5.747072E+02, Overflow 4.385084E-02, MaxDensity 2.355E+00, MacroOverlap 1.033E-03, MacroOverlapWeight 8.000000E-06, gamma 9.776170E-03, time 3.979ms
[INFO   ] DREAMPlace - full step 17.392 ms
[INFO   ] DREAMPlace - optimizer step 0.211 ms
[INFO   ] DREAMPlace - iteration  354, (  56,  1,  0), Obj 1.363246E+08, NetCrossing 1.742E+01, NetCrossingWeight 1.000000E-03, DensityWeight 1.237269E+02, HPWL 5.748961E+02, Overflow 4.382190E-02, MaxDensity 2.355E+00, MacroOverlap 1.030E-03, MacroOverlapWeight 8.000000E-06, gamma 9.776170E-03, time 4.113ms
[INFO   ] DREAMPlace - full step 17.882 ms
[INFO   ] DREAMPlace - optimizer step 0.189 ms
[INFO   ] DREAMPlace - iteration  355, (  56,  1,  1), Obj 1.361579E+08, NetCrossing 1.600E+01, NetCrossingWeight 1.000000E-03, DensityWeight 1.237269E+02, HPWL 5.750696E+02, Overflow 4.379705E-02, MaxDensity 2.355E+00, MacroOverlap 1.027E-03, MacroOverlapWeight 8.000000E-06, gamma 9.776170E-03, time 4.007ms
[INFO   ] DREAMPlace - full step 17.303 ms
[INFO   ] DREAMPlace - Llambda stopping criteria: 1 and (( 0.043797 < 0.1 and 575.07 > 574.707 ) or 2.3552 < 1.0)
[INFO   ] DREAMPlace - optimizer step 0.206 ms
[INFO   ] DREAMPlace - iteration  356, (  57,  0,  0), Obj 1.510012E+08, NetCrossing 1.536E+01, NetCrossingWeight 1.000000E-03, DensityWeight 1.374477E+02, HPWL 5.752362E+02, Overflow 4.377293E-02, MaxDensity 2.355E+00, MacroOverlap 1.025E-03, MacroOverlapWeight 8.000000E-06, gamma 9.769896E-03, time 3.969ms
[INFO   ] DREAMPlace - full step 17.542 ms
[INFO   ] DREAMPlace - optimizer step 0.198 ms
[INFO   ] DREAMPlace - iteration  357, (  57,  0,  1), Obj 1.508847E+08, NetCrossing 1.744E+01, NetCrossingWeight 1.000000E-03, DensityWeight 1.374477E+02, HPWL 5.754001E+02, Overflow 4.374970E-02, MaxDensity 2.355E+00, MacroOverlap 1.023E-03, MacroOverlapWeight 8.000000E-06, gamma 9.769896E-03, time 4.300ms
[INFO   ] DREAMPlace - full step 18.233 ms
[INFO   ] DREAMPlace - Lsub stopping criteria: 1 and 1.50885e+08 > 1.51001e+08 * 0.999
[INFO   ] DREAMPlace - optimizer step 0.213 ms
[INFO   ] DREAMPlace - iteration  358, (  57,  1,  0), Obj 1.674455E+08, NetCrossing 1.752E+01, NetCrossingWeight 1.000000E-03, DensityWeight 1.526902E+02, HPWL 5.755621E+02, Overflow 4.372768E-02, MaxDensity 2.355E+00, MacroOverlap 1.021E-03, MacroOverlapWeight 8.000000E-06, gamma 9.769896E-03, time 3.974ms
[INFO   ] DREAMPlace - full step 17.794 ms
[INFO   ] DREAMPlace - optimizer step 0.190 ms
[INFO   ] DREAMPlace - iteration  359, (  57,  1,  1), Obj 1.672043E+08, NetCrossing 1.663E+01, NetCrossingWeight 1.000000E-03, DensityWeight 1.526902E+02, HPWL 5.757213E+02, Overflow 4.370667E-02, MaxDensity 2.355E+00, MacroOverlap 1.019E-03, MacroOverlapWeight 8.000000E-06, gamma 9.769896E-03, time 4.310ms
[INFO   ] DREAMPlace - full step 18.294 ms
[INFO   ] DREAMPlace - Llambda stopping criteria: 1 and (( 0.0437067 < 0.1 and 575.721 > 575.4 ) or 2.3552 < 1.0)
[INFO   ] DREAMPlace - optimizer step 0.220 ms
[INFO   ] DREAMPlace - iteration  360, (  58,  0,  0), Obj 1.857717E+08, NetCrossing 1.619E+01, NetCrossingWeight 1.000000E-03, DensityWeight 1.696230E+02, HPWL 5.758815E+02, Overflow 4.368591E-02, MaxDensity 2.355E+00, MacroOverlap 1.017E-03, MacroOverlapWeight 8.000000E-06, gamma 9.765378E-03, time 3.977ms
[INFO   ] DREAMPlace - full step 17.919 ms
[INFO   ] DREAMPlace - optimizer step 0.196 ms
[INFO   ] DREAMPlace - iteration  361, (  58,  0,  1), Obj 1.855193E+08, NetCrossing 1.632E+01, NetCrossingWeight 1.000000E-03, DensityWeight 1.696230E+02, HPWL 5.760439E+02, Overflow 4.366449E-02, MaxDensity 2.355E+00, MacroOverlap 1.014E-03, MacroOverlapWeight 8.000000E-06, gamma 9.765378E-03, time 4.085ms
[INFO   ] DREAMPlace - full step 17.265 ms
[INFO   ] DREAMPlace - optimizer step 0.191 ms
[INFO   ] DREAMPlace - iteration  362, (  58,  1,  0), Obj 2.057372E+08, NetCrossing 1.679E+01, NetCrossingWeight 1.000000E-03, DensityWeight 1.884335E+02, HPWL 5.762046E+02, Overflow 4.364222E-02, MaxDensity 2.355E+00, MacroOverlap 1.012E-03, MacroOverlapWeight 8.000000E-06, gamma 9.765378E-03, time 3.985ms
[INFO   ] DREAMPlace - full step 17.057 ms
[INFO   ] DREAMPlace - optimizer step 0.191 ms
[INFO   ] DREAMPlace - iteration  363, (  58,  1,  1), Obj 2.055708E+08, NetCrossing 1.629E+01, NetCrossingWeight 1.000000E-03, DensityWeight 1.884335E+02, HPWL 5.763579E+02, Overflow 4.362040E-02, MaxDensity 2.355E+00, MacroOverlap 1.010E-03, MacroOverlapWeight 8.000000E-06, gamma 9.765378E-03, time 3.968ms
[INFO   ] DREAMPlace - full step 17.507 ms
[INFO   ] DREAMPlace - Lsub stopping criteria: 1 and 2.05571e+08 > 2.05737e+08 * 0.999
[INFO   ] DREAMPlace - Llambda stopping criteria: 1 and (( 0.0436204 < 0.1 and 576.358 > 576.044 ) or 2.3552 < 1.0)
[INFO   ] DREAMPlace - optimizer step 0.190 ms
[INFO   ] DREAMPlace - iteration  364, (  59,  0,  0), Obj 2.280248E+08, NetCrossing 1.556E+01, NetCrossingWeight 1.000000E-03, DensityWeight 2.093301E+02, HPWL 5.765015E+02, Overflow 4.360010E-02, MaxDensity 2.355E+00, MacroOverlap 1.009E-03, MacroOverlapWeight 8.000000E-06, gamma 9.761069E-03, time 4.143ms
[INFO   ] DREAMPlace - full step 17.880 ms
[INFO   ] DREAMPlace - optimizer step 0.191 ms
[INFO   ] DREAMPlace - iteration  365, (  59,  0,  1), Obj 2.276973E+08, NetCrossing 1.669E+01, NetCrossingWeight 1.000000E-03, DensityWeight 2.093301E+02, HPWL 5.766370E+02, Overflow 4.358029E-02, MaxDensity 2.355E+00, MacroOverlap 1.007E-03, MacroOverlapWeight 8.000000E-06, gamma 9.761069E-03, time 3.967ms
[INFO   ] DREAMPlace - full step 17.349 ms
[INFO   ] DREAMPlace - optimizer step 0.218 ms
[INFO   ] DREAMPlace - iteration  366, (  59,  1,  0), Obj 2.530388E+08, NetCrossing 1.647E+01, NetCrossingWeight 1.000000E-03, DensityWeight 2.325441E+02, HPWL 5.767679E+02, Overflow 4.356500E-02, MaxDensity 2.355E+00, MacroOverlap 1.005E-03, MacroOverlapWeight 8.000000E-06, gamma 9.761069E-03, time 3.970ms
[INFO   ] DREAMPlace - full step 17.639 ms
[INFO   ] DREAMPlace - optimizer step 0.191 ms
[INFO   ] DREAMPlace - iteration  367, (  59,  1,  1), Obj 2.526676E+08, NetCrossing 1.564E+01, NetCrossingWeight 1.000000E-03, DensityWeight 2.325441E+02, HPWL 5.768999E+02, Overflow 4.355585E-02, MaxDensity 2.355E+00, MacroOverlap 1.004E-03, MacroOverlapWeight 8.000000E-06, gamma 9.761069E-03, time 4.316ms
[INFO   ] DREAMPlace - full step 18.160 ms
[INFO   ] DREAMPlace - Llambda stopping criteria: 1 and (( 0.0435558 < 0.1 and 576.9 > 576.637 ) or 2.3552 < 1.0)
[INFO   ] DREAMPlace - optimizer step 0.211 ms
[INFO   ] DREAMPlace - iteration  368, (  60,  0,  0), Obj 2.801713E+08, NetCrossing 1.549E+01, NetCrossingWeight 1.000000E-03, DensityWeight 2.583324E+02, HPWL 5.770273E+02, Overflow 4.354452E-02, MaxDensity 2.355E+00, MacroOverlap 1.002E-03, MacroOverlapWeight 8.000000E-06, gamma 9.757847E-03, time 3.969ms
[INFO   ] DREAMPlace - full step 17.886 ms
[INFO   ] DREAMPlace - optimizer step 0.196 ms
[INFO   ] DREAMPlace - iteration  369, (  60,  0,  1), Obj 2.798191E+08, NetCrossing 1.733E+01, NetCrossingWeight 1.000000E-03, DensityWeight 2.583324E+02, HPWL 5.771533E+02, Overflow 4.352863E-02, MaxDensity 2.355E+00, MacroOverlap 1.001E-03, MacroOverlapWeight 8.000000E-06, gamma 9.757847E-03, time 4.101ms
[INFO   ] DREAMPlace - full step 17.730 ms
[INFO   ] DREAMPlace - optimizer step 0.195 ms
[INFO   ] DREAMPlace - iteration  370, (  60,  1,  0), Obj 3.106260E+08, NetCrossing 1.693E+01, NetCrossingWeight 1.000000E-03, DensityWeight 2.869805E+02, HPWL 5.772815E+02, Overflow 4.350788E-02, MaxDensity 2.355E+00, MacroOverlap 9.995E-04, MacroOverlapWeight 8.000000E-06, gamma 9.757847E-03, time 4.021ms
[INFO   ] DREAMPlace - full step 17.463 ms
[INFO   ] DREAMPlace - optimizer step 0.191 ms
[INFO   ] DREAMPlace - iteration  371, (  60,  1,  1), Obj 3.102177E+08, NetCrossing 1.734E+01, NetCrossingWeight 1.000000E-03, DensityWeight 2.869805E+02, HPWL 5.774143E+02, Overflow 4.348268E-02, MaxDensity 2.355E+00, MacroOverlap 9.980E-04, MacroOverlapWeight 8.000000E-06, gamma 9.757847E-03, time 3.999ms
[INFO   ] DREAMPlace - full step 17.267 ms
[INFO   ] DREAMPlace - Llambda stopping criteria: 1 and (( 0.0434827 < 0.1 and 577.414 > 577.153 ) or 2.3552 < 1.0)
[INFO   ] DREAMPlace - optimizer step 0.195 ms
[INFO   ] DREAMPlace - iteration  372, (  61,  0,  0), Obj 3.441783E+08, NetCrossing 1.720E+01, NetCrossingWeight 1.000000E-03, DensityWeight 3.188056E+02, HPWL 5.775504E+02, Overflow 4.345426E-02, MaxDensity 2.355E+00, MacroOverlap 9.964E-04, MacroOverlapWeight 8.000000E-06, gamma 9.754195E-03, time 4.013ms
[INFO   ] DREAMPlace - full step 17.397 ms
[INFO   ] DREAMPlace - optimizer step 0.190 ms
[INFO   ] DREAMPlace - iteration  373, (  61,  0,  1), Obj 3.439396E+08, NetCrossing 1.518E+01, NetCrossingWeight 1.000000E-03, DensityWeight 3.188056E+02, HPWL 5.776886E+02, Overflow 4.342400E-02, MaxDensity 2.355E+00, MacroOverlap 9.949E-04, MacroOverlapWeight 8.000000E-06, gamma 9.754195E-03, time 4.009ms
[INFO   ] DREAMPlace - full step 17.225 ms
[INFO   ] DREAMPlace - Lsub stopping criteria: 1 and 3.4394e+08 > 3.44178e+08 * 0.999
[INFO   ] DREAMPlace - optimizer step 0.192 ms
[INFO   ] DREAMPlace - iteration  374, (  61,  1,  0), Obj 3.815627E+08, NetCrossing 1.581E+01, NetCrossingWeight 1.000000E-03, DensityWeight 3.541601E+02, HPWL 5.778301E+02, Overflow 4.339307E-02, MaxDensity 2.355E+00, MacroOverlap 9.934E-04, MacroOverlapWeight 8.000000E-06, gamma 9.754195E-03, time 3.999ms
[INFO   ] DREAMPlace - full step 17.313 ms
[INFO   ] DREAMPlace - optimizer step 0.188 ms
[INFO   ] DREAMPlace - iteration  375, (  61,  1,  1), Obj 3.811653E+08, NetCrossing 1.706E+01, NetCrossingWeight 1.000000E-03, DensityWeight 3.541601E+02, HPWL 5.779761E+02, Overflow 4.336208E-02, MaxDensity 2.355E+00, MacroOverlap 9.919E-04, MacroOverlapWeight 8.000000E-06, gamma 9.754195E-03, time 3.972ms
[INFO   ] DREAMPlace - full step 16.962 ms
[INFO   ] DREAMPlace - Llambda stopping criteria: 1 and (( 0.0433621 < 0.1 and 577.976 > 577.689 ) or 2.3552 < 1.0)
[INFO   ] DREAMPlace - optimizer step 0.206 ms
[INFO   ] DREAMPlace - iteration  376, (  62,  0,  0), Obj 4.231490E+08, NetCrossing 1.656E+01, NetCrossingWeight 1.000000E-03, DensityWeight 3.934351E+02, HPWL 5.781245E+02, Overflow 4.333148E-02, MaxDensity 2.355E+00, MacroOverlap 9.904E-04, MacroOverlapWeight 8.000000E-06, gamma 9.748177E-03, time 4.072ms
[INFO   ] DREAMPlace - full step 17.641 ms
[INFO   ] DREAMPlace - optimizer step 0.193 ms
[INFO   ] DREAMPlace - iteration  377, (  62,  0,  1), Obj 4.227402E+08, NetCrossing 1.697E+01, NetCrossingWeight 1.000000E-03, DensityWeight 3.934351E+02, HPWL 5.782741E+02, Overflow 4.330156E-02, MaxDensity 2.355E+00, MacroOverlap 9.888E-04, MacroOverlapWeight 8.000000E-06, gamma 9.748177E-03, time 4.030ms
[INFO   ] DREAMPlace - full step 17.226 ms
[INFO   ] DREAMPlace - Lsub stopping criteria: 1 and 4.2274e+08 > 4.23149e+08 * 0.999
[INFO   ] DREAMPlace - optimizer step 0.189 ms
[INFO   ] DREAMPlace - iteration  378, (  62,  1,  0), Obj 4.690234E+08, NetCrossing 1.717E+01, NetCrossingWeight 1.000000E-03, DensityWeight 4.370656E+02, HPWL 5.784246E+02, Overflow 4.327174E-02, MaxDensity 2.355E+00, MacroOverlap 9.870E-04, MacroOverlapWeight 8.000000E-06, gamma 9.748177E-03, time 3.970ms
[INFO   ] DREAMPlace - full step 17.668 ms
[INFO   ] DREAMPlace - optimizer step 0.224 ms
[INFO   ] DREAMPlace - iteration  379, (  62,  1,  1), Obj 4.686345E+08, NetCrossing 1.550E+01, NetCrossingWeight 1.000000E-03, DensityWeight 4.370656E+02, HPWL 5.785761E+02, Overflow 4.324067E-02, MaxDensity 2.355E+00, MacroOverlap 9.850E-04, MacroOverlapWeight 8.000000E-06, gamma 9.748177E-03, time 4.159ms
[INFO   ] DREAMPlace - full step 18.131 ms
[INFO   ] DREAMPlace - Lsub stopping criteria: 1 and 4.68634e+08 > 4.69023e+08 * 0.999
[INFO   ] DREAMPlace - Llambda stopping criteria: 1 and (( 0.0432407 < 0.1 and 578.576 > 578.274 ) or 2.3552 < 1.0)
[INFO   ] DREAMPlace - optimizer step 0.189 ms
[INFO   ] DREAMPlace - iteration  380, (  63,  0,  0), Obj 5.198699E+08, NetCrossing 1.602E+01, NetCrossingWeight 1.000000E-03, DensityWeight 4.855346E+02, HPWL 5.787266E+02, Overflow 4.320864E-02, MaxDensity 2.355E+00, MacroOverlap 9.829E-04, MacroOverlapWeight 8.000000E-06, gamma 9.742121E-03, time 4.044ms
[INFO   ] DREAMPlace - full step 16.968 ms
[INFO   ] DREAMPlace - optimizer step 0.190 ms
[INFO   ] DREAMPlace - iteration  381, (  63,  0,  1), Obj 5.192431E+08, NetCrossing 1.634E+01, NetCrossingWeight 1.000000E-03, DensityWeight 4.855346E+02, HPWL 5.788751E+02, Overflow 4.317541E-02, MaxDensity 2.355E+00, MacroOverlap 9.806E-04, MacroOverlapWeight 8.000000E-06, gamma 9.742121E-03, time 3.990ms
[INFO   ] DREAMPlace - full step 17.145 ms
[INFO   ] DREAMPlace - optimizer step 0.212 ms
[INFO   ] DREAMPlace - iteration  382, (  63,  1,  0), Obj 5.759249E+08, NetCrossing 1.622E+01, NetCrossingWeight 1.000000E-03, DensityWeight 5.393787E+02, HPWL 5.790247E+02, Overflow 4.314008E-02, MaxDensity 2.355E+00, MacroOverlap 9.781E-04, MacroOverlapWeight 8.000000E-06, gamma 9.742121E-03, time 4.038ms
[INFO   ] DREAMPlace - full step 17.962 ms
[INFO   ] DREAMPlace - optimizer step 0.196 ms
[INFO   ] DREAMPlace - iteration  383, (  63,  1,  1), Obj 5.751401E+08, NetCrossing 1.582E+01, NetCrossingWeight 1.000000E-03, DensityWeight 5.393787E+02, HPWL 5.791810E+02, Overflow 4.310041E-02, MaxDensity 2.355E+00, MacroOverlap 9.754E-04, MacroOverlapWeight 8.000000E-06, gamma 9.742121E-03, time 4.091ms
[INFO   ] DREAMPlace - full step 17.749 ms
[INFO   ] DREAMPlace - Llambda stopping criteria: 1 and (( 0.0431004 < 0.1 and 579.181 > 578.875 ) or 2.3552 < 1.0)
[INFO   ] DREAMPlace - optimizer step 0.192 ms
[INFO   ] DREAMPlace - iteration  384, (  64,  0,  0), Obj 6.379396E+08, NetCrossing 1.593E+01, NetCrossingWeight 1.000000E-03, DensityWeight 5.991938E+02, HPWL 5.793441E+02, Overflow 4.305669E-02, MaxDensity 2.355E+00, MacroOverlap 9.725E-04, MacroOverlapWeight 8.000000E-06, gamma 9.735133E-03, time 3.964ms
[INFO   ] DREAMPlace - full step 17.165 ms
[INFO   ] DREAMPlace - optimizer step 0.212 ms
[INFO   ] DREAMPlace - iteration  385, (  64,  0,  1), Obj 6.372126E+08, NetCrossing 1.680E+01, NetCrossingWeight 1.000000E-03, DensityWeight 5.991938E+02, HPWL 5.795151E+02, Overflow 4.300730E-02, MaxDensity 2.355E+00, MacroOverlap 9.693E-04, MacroOverlapWeight 8.000000E-06, gamma 9.735133E-03, time 4.101ms
[INFO   ] DREAMPlace - full step 17.823 ms
[INFO   ] DREAMPlace - optimizer step 0.191 ms
[INFO   ] DREAMPlace - iteration  386, (  64,  1,  0), Obj 7.066388E+08, NetCrossing 1.664E+01, NetCrossingWeight 1.000000E-03, DensityWeight 6.656422E+02, HPWL 5.796966E+02, Overflow 4.295180E-02, MaxDensity 2.355E+00, MacroOverlap 9.658E-04, MacroOverlapWeight 8.000000E-06, gamma 9.735133E-03, time 4.013ms
[INFO   ] DREAMPlace - full step 17.195 ms
[INFO   ] DREAMPlace - optimizer step 0.206 ms
[INFO   ] DREAMPlace - iteration  387, (  64,  1,  1), Obj 7.056689E+08, NetCrossing 1.471E+01, NetCrossingWeight 1.000000E-03, DensityWeight 6.656422E+02, HPWL 5.798895E+02, Overflow 4.289086E-02, MaxDensity 2.355E+00, MacroOverlap 9.620E-04, MacroOverlapWeight 8.000000E-06, gamma 9.735133E-03, time 3.954ms
[INFO   ] DREAMPlace - full step 17.332 ms
[INFO   ] DREAMPlace - Llambda stopping criteria: 1 and (( 0.0428909 < 0.1 and 579.89 > 579.515 ) or 2.3552 < 1.0)
[INFO   ] DREAMPlace - optimizer step 0.192 ms
[INFO   ] DREAMPlace - iteration  388, (  65,  0,  0), Obj 7.828919E+08, NetCrossing 1.650E+01, NetCrossingWeight 1.000000E-03, DensityWeight 7.394595E+02, HPWL 5.800886E+02, Overflow 4.284323E-02, MaxDensity 2.355E+00, MacroOverlap 9.582E-04, MacroOverlapWeight 8.000000E-06, gamma 9.724698E-03, time 4.234ms
[INFO   ] DREAMPlace - full step 17.812 ms
[INFO   ] DREAMPlace - optimizer step 0.206 ms
[INFO   ] DREAMPlace - iteration  389, (  65,  0,  1), Obj 7.819228E+08, NetCrossing 1.571E+01, NetCrossingWeight 1.000000E-03, DensityWeight 7.394595E+02, HPWL 5.802891E+02, Overflow 4.280137E-02, MaxDensity 2.355E+00, MacroOverlap 9.543E-04, MacroOverlapWeight 8.000000E-06, gamma 9.724698E-03, time 3.961ms
[INFO   ] DREAMPlace - full step 17.528 ms
[INFO   ] DREAMPlace - optimizer step 0.189 ms
[INFO   ] DREAMPlace - iteration  390, (  65,  1,  0), Obj 8.672260E+08, NetCrossing 1.580E+01, NetCrossingWeight 1.000000E-03, DensityWeight 8.214628E+02, HPWL 5.804886E+02, Overflow 4.276292E-02, MaxDensity 2.355E+00, MacroOverlap 9.506E-04, MacroOverlapWeight 8.000000E-06, gamma 9.724698E-03, time 4.365ms
[INFO   ] DREAMPlace - full step 18.294 ms
[INFO   ] DREAMPlace - optimizer step 0.206 ms
[INFO   ] DREAMPlace - iteration  391, (  65,  1,  1), Obj 8.663253E+08, NetCrossing 1.520E+01, NetCrossingWeight 1.000000E-03, DensityWeight 8.214628E+02, HPWL 5.806873E+02, Overflow 4.274416E-02, MaxDensity 2.355E+00, MacroOverlap 9.470E-04, MacroOverlapWeight 8.000000E-06, gamma 9.724698E-03, time 3.957ms
[INFO   ] DREAMPlace - full step 17.507 ms
[INFO   ] DREAMPlace - Llambda stopping criteria: 1 and (( 0.0427442 < 0.1 and 580.687 > 580.289 ) or 2.3552 < 1.0)
[INFO   ] DREAMPlace - optimizer step 0.192 ms
[INFO   ] DREAMPlace - iteration  392, (  66,  0,  0), Obj 9.609907E+08, NetCrossing 1.683E+01, NetCrossingWeight 1.000000E-03, DensityWeight 9.125601E+02, HPWL 5.808804E+02, Overflow 4.273719E-02, MaxDensity 2.355E+00, MacroOverlap 9.438E-04, MacroOverlapWeight 8.000000E-06, gamma 9.717404E-03, time 4.318ms
[INFO   ] DREAMPlace - full step 18.259 ms
[INFO   ] DREAMPlace - optimizer step 0.213 ms
[INFO   ] DREAMPlace - iteration  393, (  66,  0,  1), Obj 9.598318E+08, NetCrossing 1.633E+01, NetCrossingWeight 1.000000E-03, DensityWeight 9.125601E+02, HPWL 5.810663E+02, Overflow 4.273837E-02, MaxDensity 2.355E+00, MacroOverlap 9.410E-04, MacroOverlapWeight 8.000000E-06, gamma 9.717404E-03, time 3.966ms
[INFO   ] DREAMPlace - full step 17.612 ms
[INFO   ] DREAMPlace - optimizer step 0.190 ms
[INFO   ] DREAMPlace - iteration  394, (  66,  1,  0), Obj 1.065126E+09, NetCrossing 1.655E+01, NetCrossingWeight 1.000000E-03, DensityWeight 1.013760E+03, HPWL 5.812512E+02, Overflow 4.274504E-02, MaxDensity 2.355E+00, MacroOverlap 9.386E-04, MacroOverlapWeight 8.000000E-06, gamma 9.717404E-03, time 4.080ms
[INFO   ] DREAMPlace - full step 17.446 ms
[INFO   ] DREAMPlace - optimizer step 0.189 ms
[INFO   ] DREAMPlace - iteration  395, (  66,  1,  1), Obj 1.063592E+09, NetCrossing 1.568E+01, NetCrossingWeight 1.000000E-03, DensityWeight 1.013760E+03, HPWL 5.814388E+02, Overflow 4.275503E-02, MaxDensity 2.355E+00, MacroOverlap 9.364E-04, MacroOverlapWeight 8.000000E-06, gamma 9.717404E-03, time 3.967ms
[INFO   ] DREAMPlace - full step 17.266 ms
[INFO   ] DREAMPlace - Llambda stopping criteria: 1 and (( 0.042755 < 0.1 and 581.439 > 581.066 ) or 2.3552 < 1.0)
[INFO   ] DREAMPlace - optimizer step 0.212 ms
[INFO   ] DREAMPlace - iteration  396, (  67,  0,  0), Obj 1.179840E+09, NetCrossing 1.614E+01, NetCrossingWeight 1.000000E-03, DensityWeight 1.126182E+03, HPWL 5.816228E+02, Overflow 4.276439E-02, MaxDensity 2.355E+00, MacroOverlap 9.343E-04, MacroOverlapWeight 8.000000E-06, gamma 9.717942E-03, time 6.291ms
[INFO   ] DREAMPlace - full step 19.547 ms
[INFO   ] DREAMPlace - optimizer step 0.189 ms
[INFO   ] DREAMPlace - iteration  397, (  67,  0,  1), Obj 1.179121E+09, NetCrossing 1.646E+01, NetCrossingWeight 1.000000E-03, DensityWeight 1.126182E+03, HPWL 5.818040E+02, Overflow 4.276981E-02, MaxDensity 2.355E+00, MacroOverlap 9.323E-04, MacroOverlapWeight 8.000000E-06, gamma 9.717942E-03, time 3.977ms
[INFO   ] DREAMPlace - full step 17.411 ms
[INFO   ] DREAMPlace - Lsub stopping criteria: 1 and 1.17912e+09 > 1.17984e+09 * 0.999
[INFO   ] DREAMPlace - optimizer step 0.205 ms
[INFO   ] DREAMPlace - iteration  398, (  67,  1,  0), Obj 1.307926E+09, NetCrossing 1.563E+01, NetCrossingWeight 1.000000E-03, DensityWeight 1.251071E+03, HPWL 5.819861E+02, Overflow 4.277477E-02, MaxDensity 2.355E+00, MacroOverlap 9.302E-04, MacroOverlapWeight 8.000000E-06, gamma 9.717942E-03, time 3.949ms
[INFO   ] DREAMPlace - full step 17.419 ms
[INFO   ] DREAMPlace - optimizer step 0.189 ms
[INFO   ] DREAMPlace - iteration  399, (  67,  1,  1), Obj 1.306728E+09, NetCrossing 1.700E+01, NetCrossingWeight 1.000000E-03, DensityWeight 1.251071E+03, HPWL 5.821718E+02, Overflow 4.276753E-02, MaxDensity 2.355E+00, MacroOverlap 9.280E-04, MacroOverlapWeight 8.000000E-06, gamma 9.717942E-03, time 4.305ms
[INFO   ] DREAMPlace - full step 17.880 ms
[INFO   ] DREAMPlace - Lsub stopping criteria: 1 and 1.30673e+09 > 1.30793e+09 * 0.999
[INFO   ] DREAMPlace - Llambda stopping criteria: 1 and (( 0.0427675 < 0.1 and 582.172 > 581.804 ) or 2.3552 < 1.0)
[INFO   ] DREAMPlace - plotting to /Cypress/results/reproduce-small-7/ET095_A00/plot/iter0400.png takes 0.048 seconds
[INFO   ] DREAMPlace - optimizer step 0.233 ms
[INFO   ] DREAMPlace - iteration  400, (  68,  0,  0), Obj 1.450736E+09, NetCrossing 1.589E+01, NetCrossingWeight 1.000000E-03, DensityWeight 1.389811E+03, HPWL 5.823588E+02, Overflow 4.275808E-02, MaxDensity 2.355E+00, MacroOverlap 9.258E-04, MacroOverlapWeight 8.000000E-06, gamma 9.718563E-03, time 3.945ms
[INFO   ] DREAMPlace - full step 65.313 ms
[INFO   ] DREAMPlace - optimizer step 0.192 ms
[INFO   ] DREAMPlace - iteration  401, (  68,  0,  1), Obj 1.448938E+09, NetCrossing 1.647E+01, NetCrossingWeight 1.000000E-03, DensityWeight 1.389811E+03, HPWL 5.825479E+02, Overflow 4.274110E-02, MaxDensity 2.355E+00, MacroOverlap 9.233E-04, MacroOverlapWeight 8.000000E-06, gamma 9.718563E-03, time 4.032ms
[INFO   ] DREAMPlace - full step 18.078 ms
[INFO   ] DREAMPlace - optimizer step 0.208 ms
[INFO   ] DREAMPlace - iteration  402, (  68,  1,  0), Obj 1.607363E+09, NetCrossing 1.621E+01, NetCrossingWeight 1.000000E-03, DensityWeight 1.543935E+03, HPWL 5.827422E+02, Overflow 4.271721E-02, MaxDensity 2.355E+00, MacroOverlap 9.208E-04, MacroOverlapWeight 8.000000E-06, gamma 9.718563E-03, time 4.465ms
[INFO   ] DREAMPlace - full step 18.600 ms
[INFO   ] DREAMPlace - optimizer step 0.206 ms
[INFO   ] DREAMPlace - iteration  403, (  68,  1,  1), Obj 1.605400E+09, NetCrossing 1.563E+01, NetCrossingWeight 1.000000E-03, DensityWeight 1.543935E+03, HPWL 5.829447E+02, Overflow 4.268751E-02, MaxDensity 2.355E+00, MacroOverlap 9.183E-04, MacroOverlapWeight 8.000000E-06, gamma 9.718563E-03, time 4.806ms
[INFO   ] DREAMPlace - full step 18.148 ms
[INFO   ] DREAMPlace - Llambda stopping criteria: 1 and (( 0.0426875 < 0.1 and 582.945 > 582.548 ) or 2.3552 < 1.0)
[INFO   ] DREAMPlace - optimizer step 0.191 ms
[INFO   ] DREAMPlace - iteration  404, (  69,  0,  0), Obj 1.780623E+09, NetCrossing 1.620E+01, NetCrossingWeight 1.000000E-03, DensityWeight 1.715152E+03, HPWL 5.831520E+02, Overflow 4.265355E-02, MaxDensity 2.355E+00, MacroOverlap 9.155E-04, MacroOverlapWeight 8.000000E-06, gamma 9.714588E-03, time 3.965ms
[INFO   ] DREAMPlace - full step 17.245 ms
[INFO   ] DREAMPlace - optimizer step 0.199 ms
[INFO   ] DREAMPlace - iteration  405, (  69,  0,  1), Obj 1.778867E+09, NetCrossing 1.656E+01, NetCrossingWeight 1.000000E-03, DensityWeight 1.715152E+03, HPWL 5.833622E+02, Overflow 4.261672E-02, MaxDensity 2.355E+00, MacroOverlap 9.127E-04, MacroOverlapWeight 8.000000E-06, gamma 9.714588E-03, time 3.948ms
[INFO   ] DREAMPlace - full step 17.753 ms
[INFO   ] DREAMPlace - Lsub stopping criteria: 1 and 1.77887e+09 > 1.78062e+09 * 0.999
[INFO   ] DREAMPlace - optimizer step 0.190 ms
[INFO   ] DREAMPlace - iteration  406, (  69,  1,  0), Obj 1.973869E+09, NetCrossing 1.733E+01, NetCrossingWeight 1.000000E-03, DensityWeight 1.905356E+03, HPWL 5.835760E+02, Overflow 4.257903E-02, MaxDensity 2.355E+00, MacroOverlap 9.097E-04, MacroOverlapWeight 8.000000E-06, gamma 9.714588E-03, time 4.299ms
[INFO   ] DREAMPlace - full step 18.150 ms
[INFO   ] DREAMPlace - optimizer step 0.206 ms
[INFO   ] DREAMPlace - iteration  407, (  69,  1,  1), Obj 1.971145E+09, NetCrossing 1.649E+01, NetCrossingWeight 1.000000E-03, DensityWeight 1.905356E+03, HPWL 5.837928E+02, Overflow 4.254065E-02, MaxDensity 2.355E+00, MacroOverlap 9.068E-04, MacroOverlapWeight 8.000000E-06, gamma 9.714588E-03, time 3.951ms
[INFO   ] DREAMPlace - full step 17.098 ms
[INFO   ] DREAMPlace - Llambda stopping criteria: 1 and (( 0.0425406 < 0.1 and 583.793 > 583.362 ) or 2.3552 < 1.0)
[INFO   ] DREAMPlace - optimizer step 0.191 ms
[INFO   ] DREAMPlace - iteration  408, (  70,  0,  0), Obj 2.188005E+09, NetCrossing 1.548E+01, NetCrossingWeight 1.000000E-03, DensityWeight 2.116653E+03, HPWL 5.840032E+02, Overflow 4.250434E-02, MaxDensity 2.355E+00, MacroOverlap 9.042E-04, MacroOverlapWeight 8.000000E-06, gamma 9.707289E-03, time 4.236ms
[INFO   ] DREAMPlace - full step 17.656 ms
[INFO   ] DREAMPlace - optimizer step 0.203 ms
[INFO   ] DREAMPlace - iteration  409, (  70,  0,  1), Obj 2.186822E+09, NetCrossing 1.588E+01, NetCrossingWeight 1.000000E-03, DensityWeight 2.116653E+03, HPWL 5.842024E+02, Overflow 4.247320E-02, MaxDensity 2.355E+00, MacroOverlap 9.022E-04, MacroOverlapWeight 8.000000E-06, gamma 9.707289E-03, time 3.949ms
[INFO   ] DREAMPlace - full step 17.436 ms
[INFO   ] DREAMPlace - Lsub stopping criteria: 1 and 2.18682e+09 > 2.18801e+09 * 0.999
[INFO   ] DREAMPlace - optimizer step 0.197 ms
[INFO   ] DREAMPlace - iteration  410, (  70,  1,  0), Obj 2.426439E+09, NetCrossing 1.648E+01, NetCrossingWeight 1.000000E-03, DensityWeight 2.351382E+03, HPWL 5.843901E+02, Overflow 4.244791E-02, MaxDensity 2.355E+00, MacroOverlap 9.008E-04, MacroOverlapWeight 8.000000E-06, gamma 9.707289E-03, time 4.313ms
[INFO   ] DREAMPlace - full step 17.768 ms
[INFO   ] DREAMPlace - optimizer step 0.200 ms
[INFO   ] DREAMPlace - iteration  411, (  70,  1,  1), Obj 2.425079E+09, NetCrossing 1.579E+01, NetCrossingWeight 1.000000E-03, DensityWeight 2.351382E+03, HPWL 5.845660E+02, Overflow 4.242777E-02, MaxDensity 2.355E+00, MacroOverlap 9.001E-04, MacroOverlapWeight 8.000000E-06, gamma 9.707289E-03, time 3.955ms
[INFO   ] DREAMPlace - full step 17.379 ms
[INFO   ] DREAMPlace - Lsub stopping criteria: 1 and 2.42508e+09 > 2.42644e+09 * 0.999
[INFO   ] DREAMPlace - Llambda stopping criteria: 1 and (( 0.0424278 < 0.1 and 584.566 > 584.202 ) or 2.3552 < 1.0)
[INFO   ] DREAMPlace - optimizer step 0.191 ms
[INFO   ] DREAMPlace - iteration  412, (  71,  0,  0), Obj 2.696369E+09, NetCrossing 1.621E+01, NetCrossingWeight 1.000000E-03, DensityWeight 2.612142E+03, HPWL 5.847272E+02, Overflow 4.241239E-02, MaxDensity 2.355E+00, MacroOverlap 8.998E-04, MacroOverlapWeight 8.000000E-06, gamma 9.701684E-03, time 4.371ms
[INFO   ] DREAMPlace - full step 17.777 ms
[INFO   ] DREAMPlace - optimizer step 0.207 ms
[INFO   ] DREAMPlace - iteration  413, (  71,  0,  1), Obj 2.691023E+09, NetCrossing 1.495E+01, NetCrossingWeight 1.000000E-03, DensityWeight 2.612142E+03, HPWL 5.848705E+02, Overflow 4.240108E-02, MaxDensity 2.355E+00, MacroOverlap 9.000E-04, MacroOverlapWeight 8.000000E-06, gamma 9.701684E-03, time 3.947ms
[INFO   ] DREAMPlace - full step 17.828 ms
[INFO   ] DREAMPlace - optimizer step 0.189 ms
[INFO   ] DREAMPlace - iteration  414, (  71,  1,  0), Obj 2.987883E+09, NetCrossing 1.579E+01, NetCrossingWeight 1.000000E-03, DensityWeight 2.901819E+03, HPWL 5.849991E+02, Overflow 4.239213E-02, MaxDensity 2.355E+00, MacroOverlap 9.003E-04, MacroOverlapWeight 8.000000E-06, gamma 9.701684E-03, time 4.295ms
[INFO   ] DREAMPlace - full step 18.126 ms
[INFO   ] DREAMPlace - optimizer step 0.206 ms
[INFO   ] DREAMPlace - iteration  415, (  71,  1,  1), Obj 2.987444E+09, NetCrossing 1.682E+01, NetCrossingWeight 1.000000E-03, DensityWeight 2.901819E+03, HPWL 5.851321E+02, Overflow 4.238367E-02, MaxDensity 2.355E+00, MacroOverlap 9.008E-04, MacroOverlapWeight 8.000000E-06, gamma 9.701684E-03, time 3.958ms
[INFO   ] DREAMPlace - full step 17.128 ms
[INFO   ] DREAMPlace - Lsub stopping criteria: 1 and 2.98744e+09 > 2.98788e+09 * 0.999
[INFO   ] DREAMPlace - Llambda stopping criteria: 1 and (( 0.0423837 < 0.1 and 585.132 > 584.87 ) or 2.3552 < 1.0)
[INFO   ] DREAMPlace - optimizer step 0.190 ms
[INFO   ] DREAMPlace - iteration  416, (  72,  0,  0), Obj 3.314726E+09, NetCrossing 1.618E+01, NetCrossingWeight 1.000000E-03, DensityWeight 3.223621E+03, HPWL 5.852556E+02, Overflow 4.237543E-02, MaxDensity 2.355E+00, MacroOverlap 9.013E-04, MacroOverlapWeight 8.000000E-06, gamma 9.699495E-03, time 4.236ms
[INFO   ] DREAMPlace - full step 17.859 ms
[INFO   ] DREAMPlace - optimizer step 0.207 ms
[INFO   ] DREAMPlace - iteration  417, (  72,  0,  1), Obj 3.314430E+09, NetCrossing 1.659E+01, NetCrossingWeight 1.000000E-03, DensityWeight 3.223621E+03, HPWL 5.853659E+02, Overflow 4.236757E-02, MaxDensity 2.355E+00, MacroOverlap 9.017E-04, MacroOverlapWeight 8.000000E-06, gamma 9.699495E-03, time 3.953ms
[INFO   ] DREAMPlace - full step 17.469 ms
[INFO   ] DREAMPlace - Lsub stopping criteria: 1 and 3.31443e+09 > 3.31473e+09 * 0.999
[INFO   ] DREAMPlace - optimizer step 0.190 ms
[INFO   ] DREAMPlace - iteration  418, (  72,  1,  0), Obj 3.685579E+09, NetCrossing 1.601E+01, NetCrossingWeight 1.000000E-03, DensityWeight 3.581109E+03, HPWL 5.854662E+02, Overflow 4.235939E-02, MaxDensity 2.355E+00, MacroOverlap 9.021E-04, MacroOverlapWeight 8.000000E-06, gamma 9.699495E-03, time 4.308ms
[INFO   ] DREAMPlace - full step 17.926 ms
[INFO   ] DREAMPlace - optimizer step 0.205 ms
[INFO   ] DREAMPlace - iteration  419, (  72,  1,  1), Obj 3.679770E+09, NetCrossing 1.717E+01, NetCrossingWeight 1.000000E-03, DensityWeight 3.581109E+03, HPWL 5.855594E+02, Overflow 4.235112E-02, MaxDensity 2.355E+00, MacroOverlap 9.025E-04, MacroOverlapWeight 8.000000E-06, gamma 9.699495E-03, time 3.953ms
[INFO   ] DREAMPlace - full step 17.453 ms
[INFO   ] DREAMPlace - Llambda stopping criteria: 1 and (( 0.0423511 < 0.1 and 585.559 > 585.366 ) or 2.3552 < 1.0)
[INFO   ] DREAMPlace - optimizer step 0.192 ms
[INFO   ] DREAMPlace - iteration  420, (  73,  0,  0), Obj 4.086518E+09, NetCrossing 1.651E+01, NetCrossingWeight 1.000000E-03, DensityWeight 3.978241E+03, HPWL 5.856475E+02, Overflow 4.234207E-02, MaxDensity 2.355E+00, MacroOverlap 9.028E-04, MacroOverlapWeight 8.000000E-06, gamma 9.697879E-03, time 4.313ms
[INFO   ] DREAMPlace - full step 18.233 ms
[INFO   ] DREAMPlace - optimizer step 0.245 ms
[INFO   ] DREAMPlace - iteration  421, (  73,  0,  1), Obj 4.085409E+09, NetCrossing 1.707E+01, NetCrossingWeight 1.000000E-03, DensityWeight 3.978241E+03, HPWL 5.857323E+02, Overflow 4.233194E-02, MaxDensity 2.355E+00, MacroOverlap 9.029E-04, MacroOverlapWeight 8.000000E-06, gamma 9.697879E-03, time 3.957ms
[INFO   ] DREAMPlace - full step 17.637 ms
[INFO   ] DREAMPlace - Lsub stopping criteria: 1 and 4.08541e+09 > 4.08652e+09 * 0.999
[INFO   ] DREAMPlace - optimizer step 0.192 ms
[INFO   ] DREAMPlace - iteration  422, (  73,  1,  0), Obj 4.535387E+09, NetCrossing 1.656E+01, NetCrossingWeight 1.000000E-03, DensityWeight 4.419414E+03, HPWL 5.858151E+02, Overflow 4.232132E-02, MaxDensity 2.355E+00, MacroOverlap 9.030E-04, MacroOverlapWeight 8.000000E-06, gamma 9.697879E-03, time 4.292ms
[INFO   ] DREAMPlace - full step 17.735 ms
[INFO   ] DREAMPlace - optimizer step 0.211 ms
[INFO   ] DREAMPlace - iteration  423, (  73,  1,  1), Obj 4.534118E+09, NetCrossing 1.651E+01, NetCrossingWeight 1.000000E-03, DensityWeight 4.419414E+03, HPWL 5.858946E+02, Overflow 4.231079E-02, MaxDensity 2.355E+00, MacroOverlap 9.029E-04, MacroOverlapWeight 8.000000E-06, gamma 9.697879E-03, time 3.967ms
[INFO   ] DREAMPlace - full step 17.385 ms
[INFO   ] DREAMPlace - Lsub stopping criteria: 1 and 4.53412e+09 > 4.53539e+09 * 0.999
[INFO   ] DREAMPlace - Llambda stopping criteria: 1 and (( 0.0423108 < 0.1 and 585.895 > 585.732 ) or 2.3552 < 1.0)
[INFO   ] DREAMPlace - optimizer step 0.190 ms
[INFO   ] DREAMPlace - iteration  424, (  74,  0,  0), Obj 5.035012E+09, NetCrossing 1.594E+01, NetCrossingWeight 1.000000E-03, DensityWeight 4.909511E+03, HPWL 5.859696E+02, Overflow 4.230055E-02, MaxDensity 2.355E+00, MacroOverlap 9.027E-04, MacroOverlapWeight 8.000000E-06, gamma 9.695878E-03, time 4.022ms
[INFO   ] DREAMPlace - full step 17.777 ms
[INFO   ] DREAMPlace - optimizer step 0.190 ms
[INFO   ] DREAMPlace - iteration  425, (  74,  0,  1), Obj 5.033970E+09, NetCrossing 1.575E+01, NetCrossingWeight 1.000000E-03, DensityWeight 4.909511E+03, HPWL 5.860380E+02, Overflow 4.229169E-02, MaxDensity 2.355E+00, MacroOverlap 9.026E-04, MacroOverlapWeight 8.000000E-06, gamma 9.695878E-03, time 4.030ms
[INFO   ] DREAMPlace - full step 17.750 ms
[INFO   ] DREAMPlace - Lsub stopping criteria: 1 and 5.03397e+09 > 5.03501e+09 * 0.999
[INFO   ] DREAMPlace - optimizer step 0.190 ms
[INFO   ] DREAMPlace - iteration  426, (  74,  1,  0), Obj 5.589725E+09, NetCrossing 1.546E+01, NetCrossingWeight 1.000000E-03, DensityWeight 5.453958E+03, HPWL 5.860984E+02, Overflow 4.228455E-02, MaxDensity 2.355E+00, MacroOverlap 9.025E-04, MacroOverlapWeight 8.000000E-06, gamma 9.695878E-03, time 3.952ms
[INFO   ] DREAMPlace - full step 17.093 ms
[INFO   ] DREAMPlace - optimizer step 0.212 ms
[INFO   ] DREAMPlace - iteration  427, (  74,  1,  1), Obj 5.588470E+09, NetCrossing 1.710E+01, NetCrossingWeight 1.000000E-03, DensityWeight 5.453958E+03, HPWL 5.861500E+02, Overflow 4.227962E-02, MaxDensity 2.355E+00, MacroOverlap 9.025E-04, MacroOverlapWeight 8.000000E-06, gamma 9.695878E-03, time 4.091ms
[INFO   ] DREAMPlace - full step 17.692 ms
[INFO   ] DREAMPlace - Lsub stopping criteria: 1 and 5.58847e+09 > 5.58973e+09 * 0.999
[INFO   ] DREAMPlace - Llambda stopping criteria: 1 and (( 0.0422796 < 0.1 and 586.15 > 586.038 ) or 2.3552 < 1.0)
[INFO   ] DREAMPlace - optimizer step 0.195 ms
[INFO   ] DREAMPlace - iteration  428, (  75,  0,  0), Obj 6.205874E+09, NetCrossing 1.505E+01, NetCrossingWeight 1.000000E-03, DensityWeight 6.058783E+03, HPWL 5.861952E+02, Overflow 4.227626E-02, MaxDensity 2.355E+00, MacroOverlap 9.026E-04, MacroOverlapWeight 8.000000E-06, gamma 9.694331E-03, time 4.004ms
[INFO   ] DREAMPlace - full step 17.306 ms
[INFO   ] DREAMPlace - optimizer step 0.218 ms
[INFO   ] DREAMPlace - iteration  429, (  75,  0,  1), Obj 6.204223E+09, NetCrossing 1.685E+01, NetCrossingWeight 1.000000E-03, DensityWeight 6.058783E+03, HPWL 5.862490E+02, Overflow 4.227352E-02, MaxDensity 2.355E+00, MacroOverlap 9.028E-04, MacroOverlapWeight 8.000000E-06, gamma 9.694331E-03, time 3.947ms
[INFO   ] DREAMPlace - full step 17.570 ms
[INFO   ] DREAMPlace - Lsub stopping criteria: 1 and 6.20422e+09 > 6.20587e+09 * 0.999
[INFO   ] DREAMPlace - optimizer step 0.191 ms
[INFO   ] DREAMPlace - iteration  430, (  75,  1,  0), Obj 6.890928E+09, NetCrossing 1.667E+01, NetCrossingWeight 1.000000E-03, DensityWeight 6.730681E+03, HPWL 5.863029E+02, Overflow 4.227052E-02, MaxDensity 2.355E+00, MacroOverlap 9.028E-04, MacroOverlapWeight 8.000000E-06, gamma 9.694331E-03, time 4.332ms
[INFO   ] DREAMPlace - full step 17.616 ms
[INFO   ] DREAMPlace - optimizer step 0.205 ms
[INFO   ] DREAMPlace - iteration  431, (  75,  1,  1), Obj 6.890635E+09, NetCrossing 1.626E+01, NetCrossingWeight 1.000000E-03, DensityWeight 6.730681E+03, HPWL 5.863584E+02, Overflow 4.226699E-02, MaxDensity 2.355E+00, MacroOverlap 9.027E-04, MacroOverlapWeight 8.000000E-06, gamma 9.694331E-03, time 3.956ms
[INFO   ] DREAMPlace - full step 17.193 ms
[INFO   ] DREAMPlace - Lsub stopping criteria: 1 and 6.89063e+09 > 6.89093e+09 * 0.999
[INFO   ] DREAMPlace - Llambda stopping criteria: 1 and (( 0.042267 < 0.1 and 586.358 > 586.249 ) or 2.3552 < 1.0)
[INFO   ] DREAMPlace - optimizer step 0.190 ms
[INFO   ] DREAMPlace - iteration  432, (  76,  0,  0), Obj 7.651779E+09, NetCrossing 1.556E+01, NetCrossingWeight 1.000000E-03, DensityWeight 7.477089E+03, HPWL 5.864158E+02, Overflow 4.226333E-02, MaxDensity 2.355E+00, MacroOverlap 9.026E-04, MacroOverlapWeight 8.000000E-06, gamma 9.693705E-03, time 4.232ms
[INFO   ] DREAMPlace - full step 18.417 ms
[INFO   ] DREAMPlace - optimizer step 0.218 ms
[INFO   ] DREAMPlace - iteration  433, (  76,  0,  1), Obj 7.648568E+09, NetCrossing 1.743E+01, NetCrossingWeight 1.000000E-03, DensityWeight 7.477089E+03, HPWL 5.864753E+02, Overflow 4.226002E-02, MaxDensity 2.355E+00, MacroOverlap 9.026E-04, MacroOverlapWeight 8.000000E-06, gamma 9.693705E-03, time 3.963ms
[INFO   ] DREAMPlace - full step 17.970 ms
[INFO   ] DREAMPlace - Lsub stopping criteria: 1 and 7.64857e+09 > 7.65178e+09 * 0.999
[INFO   ] DREAMPlace - optimizer step 0.189 ms
[INFO   ] DREAMPlace - iteration  434, (  76,  1,  0), Obj 8.493443E+09, NetCrossing 1.704E+01, NetCrossingWeight 1.000000E-03, DensityWeight 8.306272E+03, HPWL 5.865365E+02, Overflow 4.225766E-02, MaxDensity 2.355E+00, MacroOverlap 9.026E-04, MacroOverlapWeight 8.000000E-06, gamma 9.693705E-03, time 4.100ms
[INFO   ] DREAMPlace - full step 17.105 ms
[INFO   ] DREAMPlace - optimizer step 0.190 ms
[INFO   ] DREAMPlace - iteration  435, (  76,  1,  1), Obj 8.490502E+09, NetCrossing 1.556E+01, NetCrossingWeight 1.000000E-03, DensityWeight 8.306272E+03, HPWL 5.865986E+02, Overflow 4.225621E-02, MaxDensity 2.355E+00, MacroOverlap 9.027E-04, MacroOverlapWeight 8.000000E-06, gamma 9.693705E-03, time 3.960ms
[INFO   ] DREAMPlace - full step 16.982 ms
[INFO   ] DREAMPlace - Lsub stopping criteria: 1 and 8.4905e+09 > 8.49344e+09 * 0.999
[INFO   ] DREAMPlace - Llambda stopping criteria: 1 and (( 0.0422562 < 0.1 and 586.599 > 586.475 ) or 2.3552 < 1.0)
[INFO   ] DREAMPlace - optimizer step 0.205 ms
[INFO   ] DREAMPlace - iteration  436, (  77,  0,  0), Obj 9.429343E+09, NetCrossing 1.688E+01, NetCrossingWeight 1.000000E-03, DensityWeight 9.227409E+03, HPWL 5.866597E+02, Overflow 4.225568E-02, MaxDensity 2.355E+00, MacroOverlap 9.028E-04, MacroOverlapWeight 8.000000E-06, gamma 9.693172E-03, time 4.038ms
[INFO   ] DREAMPlace - full step 17.578 ms
[INFO   ] DREAMPlace - optimizer step 0.189 ms
[INFO   ] DREAMPlace - iteration  437, (  77,  0,  1), Obj 9.427022E+09, NetCrossing 1.607E+01, NetCrossingWeight 1.000000E-03, DensityWeight 9.227409E+03, HPWL 5.867191E+02, Overflow 4.225546E-02, MaxDensity 2.355E+00, MacroOverlap 9.030E-04, MacroOverlapWeight 8.000000E-06, gamma 9.693172E-03, time 4.034ms
[INFO   ] DREAMPlace - full step 17.284 ms
[INFO   ] DREAMPlace - Lsub stopping criteria: 1 and 9.42702e+09 > 9.42934e+09 * 0.999
[INFO   ] DREAMPlace - optimizer step 0.189 ms
[INFO   ] DREAMPlace - iteration  438, (  77,  1,  0), Obj 1.046906E+10, NetCrossing 1.595E+01, NetCrossingWeight 1.000000E-03, DensityWeight 1.025070E+04, HPWL 5.867776E+02, Overflow 4.225521E-02, MaxDensity 2.355E+00, MacroOverlap 9.031E-04, MacroOverlapWeight 8.000000E-06, gamma 9.693172E-03, time 3.964ms
[INFO   ] DREAMPlace - full step 17.545 ms
[INFO   ] DREAMPlace - optimizer step 0.219 ms
[INFO   ] DREAMPlace - iteration  439, (  77,  1,  1), Obj 1.046496E+10, NetCrossing 1.586E+01, NetCrossingWeight 1.000000E-03, DensityWeight 1.025070E+04, HPWL 5.868461E+02, Overflow 4.225454E-02, MaxDensity 2.355E+00, MacroOverlap 9.031E-04, MacroOverlapWeight 8.000000E-06, gamma 9.693172E-03, time 4.130ms
[INFO   ] DREAMPlace - full step 18.057 ms
[INFO   ] DREAMPlace - Lsub stopping criteria: 1 and 1.0465e+10 > 1.04691e+10 * 0.999
[INFO   ] DREAMPlace - Llambda stopping criteria: 1 and (( 0.0422545 < 0.1 and 586.846 > 586.719 ) or 2.3552 < 1.0)
[INFO   ] DREAMPlace - optimizer step 0.191 ms
[INFO   ] DREAMPlace - iteration  440, (  78,  0,  0), Obj 1.162144E+10, NetCrossing 1.757E+01, NetCrossingWeight 1.000000E-03, DensityWeight 1.138746E+04, HPWL 5.869139E+02, Overflow 4.225311E-02, MaxDensity 2.355E+00, MacroOverlap 9.031E-04, MacroOverlapWeight 8.000000E-06, gamma 9.693090E-03, time 4.002ms
[INFO   ] DREAMPlace - full step 17.310 ms
[INFO   ] DREAMPlace - optimizer step 0.204 ms
[INFO   ] DREAMPlace - iteration  441, (  78,  0,  1), Obj 1.161757E+10, NetCrossing 1.543E+01, NetCrossingWeight 1.000000E-03, DensityWeight 1.138746E+04, HPWL 5.869805E+02, Overflow 4.225022E-02, MaxDensity 2.355E+00, MacroOverlap 9.029E-04, MacroOverlapWeight 8.000000E-06, gamma 9.693090E-03, time 3.953ms
[INFO   ] DREAMPlace - full step 17.447 ms
[INFO   ] DREAMPlace - Lsub stopping criteria: 1 and 1.16176e+10 > 1.16214e+10 * 0.999
[INFO   ] DREAMPlace - optimizer step 0.192 ms
[INFO   ] DREAMPlace - iteration  442, (  78,  1,  0), Obj 1.290303E+10, NetCrossing 1.750E+01, NetCrossingWeight 1.000000E-03, DensityWeight 1.265029E+04, HPWL 5.870470E+02, Overflow 4.224523E-02, MaxDensity 2.355E+00, MacroOverlap 9.026E-04, MacroOverlapWeight 8.000000E-06, gamma 9.693090E-03, time 4.297ms
[INFO   ] DREAMPlace - full step 17.573 ms
[INFO   ] DREAMPlace - optimizer step 0.213 ms
[INFO   ] DREAMPlace - iteration  443, (  78,  1,  1), Obj 1.290067E+10, NetCrossing 1.564E+01, NetCrossingWeight 1.000000E-03, DensityWeight 1.265029E+04, HPWL 5.871143E+02, Overflow 4.223799E-02, MaxDensity 2.355E+00, MacroOverlap 9.022E-04, MacroOverlapWeight 8.000000E-06, gamma 9.693090E-03, time 3.951ms
[INFO   ] DREAMPlace - full step 17.198 ms
[INFO   ] DREAMPlace - Lsub stopping criteria: 1 and 1.29007e+10 > 1.2903e+10 * 0.999
[INFO   ] DREAMPlace - Llambda stopping criteria: 1 and (( 0.042238 < 0.1 and 587.114 > 586.98 ) or 2.3552 < 1.0)
[INFO   ] DREAMPlace - optimizer step 0.197 ms
[INFO   ] DREAMPlace - iteration  444, (  79,  0,  0), Obj 1.432534E+10, NetCrossing 1.635E+01, NetCrossingWeight 1.000000E-03, DensityWeight 1.405316E+04, HPWL 5.871819E+02, Overflow 4.222919E-02, MaxDensity 2.355E+00, MacroOverlap 9.018E-04, MacroOverlapWeight 8.000000E-06, gamma 9.692267E-03, time 4.236ms
[INFO   ] DREAMPlace - full step 18.259 ms
[INFO   ] DREAMPlace - optimizer step 0.214 ms
[INFO   ] DREAMPlace - iteration  445, (  79,  0,  1), Obj 1.432380E+10, NetCrossing 1.592E+01, NetCrossingWeight 1.000000E-03, DensityWeight 1.405316E+04, HPWL 5.872496E+02, Overflow 4.221937E-02, MaxDensity 2.355E+00, MacroOverlap 9.013E-04, MacroOverlapWeight 8.000000E-06, gamma 9.692267E-03, time 3.950ms
[INFO   ] DREAMPlace - full step 17.835 ms
[INFO   ] DREAMPlace - Lsub stopping criteria: 1 and 1.43238e+10 > 1.43253e+10 * 0.999
[INFO   ] DREAMPlace - optimizer step 0.191 ms
[INFO   ] DREAMPlace - iteration  446, (  79,  1,  0), Obj 1.590959E+10, NetCrossing 1.556E+01, NetCrossingWeight 1.000000E-03, DensityWeight 1.561161E+04, HPWL 5.873167E+02, Overflow 4.220949E-02, MaxDensity 2.355E+00, MacroOverlap 9.009E-04, MacroOverlapWeight 8.000000E-06, gamma 9.692267E-03, time 4.384ms
[INFO   ] DREAMPlace - full step 17.818 ms
[INFO   ] DREAMPlace - optimizer step 0.207 ms
[INFO   ] DREAMPlace - iteration  447, (  79,  1,  1), Obj 1.590732E+10, NetCrossing 1.524E+01, NetCrossingWeight 1.000000E-03, DensityWeight 1.561161E+04, HPWL 5.873823E+02, Overflow 4.220006E-02, MaxDensity 2.355E+00, MacroOverlap 9.005E-04, MacroOverlapWeight 8.000000E-06, gamma 9.692267E-03, time 3.959ms
[INFO   ] DREAMPlace - full step 17.287 ms
[INFO   ] DREAMPlace - Lsub stopping criteria: 1 and 1.59073e+10 > 1.59096e+10 * 0.999
[INFO   ] DREAMPlace - Llambda stopping criteria: 1 and (( 0.0422001 < 0.1 and 587.382 > 587.25 ) or 2.3552 < 1.0)
[INFO   ] DREAMPlace - optimizer step 0.192 ms
[INFO   ] DREAMPlace - iteration  448, (  80,  0,  0), Obj 1.767192E+10, NetCrossing 1.625E+01, NetCrossingWeight 1.000000E-03, DensityWeight 1.734288E+04, HPWL 5.874458E+02, Overflow 4.219158E-02, MaxDensity 2.355E+00, MacroOverlap 9.002E-04, MacroOverlapWeight 8.000000E-06, gamma 9.690386E-03, time 4.226ms
[INFO   ] DREAMPlace - full step 17.951 ms
[INFO   ] DREAMPlace - optimizer step 0.212 ms
[INFO   ] DREAMPlace - iteration  449, (  80,  0,  1), Obj 1.766383E+10, NetCrossing 1.584E+01, NetCrossingWeight 1.000000E-03, DensityWeight 1.734288E+04, HPWL 5.875073E+02, Overflow 4.218473E-02, MaxDensity 2.355E+00, MacroOverlap 9.000E-04, MacroOverlapWeight 8.000000E-06, gamma 9.690386E-03, time 3.966ms
[INFO   ] DREAMPlace - full step 17.612 ms
[INFO   ] DREAMPlace - Lsub stopping criteria: 1 and 1.76638e+10 > 1.76719e+10 * 0.999
[INFO   ] DREAMPlace - optimizer step 0.197 ms
[INFO   ] DREAMPlace - iteration  450, (  80,  1,  0), Obj 1.961624E+10, NetCrossing 1.649E+01, NetCrossingWeight 1.000000E-03, DensityWeight 1.926615E+04, HPWL 5.875676E+02, Overflow 4.217948E-02, MaxDensity 2.355E+00, MacroOverlap 8.999E-04, MacroOverlapWeight 8.000000E-06, gamma 9.690386E-03, time 4.057ms
[INFO   ] DREAMPlace - full step 18.038 ms
[INFO   ] DREAMPlace - optimizer step 0.206 ms
[INFO   ] DREAMPlace - iteration  451, (  80,  1,  1), Obj 1.962242E+10, NetCrossing 1.625E+01, NetCrossingWeight 1.000000E-03, DensityWeight 1.926615E+04, HPWL 5.876271E+02, Overflow 4.217589E-02, MaxDensity 2.355E+00, MacroOverlap 9.000E-04, MacroOverlapWeight 8.000000E-06, gamma 9.690386E-03, time 4.082ms
[INFO   ] DREAMPlace - full step 17.950 ms
[INFO   ] DREAMPlace - Lsub stopping criteria: 1 and 1.96224e+10 > 1.96162e+10 * 0.999
[INFO   ] DREAMPlace - Llambda stopping criteria: 1 and (( 0.0421759 < 0.1 and 587.627 > 587.507 ) or 2.3552 < 1.0)
[INFO   ] DREAMPlace - optimizer step 0.190 ms
[INFO   ] DREAMPlace - iteration  452, (  81,  0,  0), Obj 2.178217E+10, NetCrossing 1.586E+01, NetCrossingWeight 1.000000E-03, DensityWeight 2.140269E+04, HPWL 5.876852E+02, Overflow 4.217355E-02, MaxDensity 2.355E+00, MacroOverlap 9.001E-04, MacroOverlapWeight 8.000000E-06, gamma 9.689187E-03, time 4.012ms
[INFO   ] DREAMPlace - full step 16.885 ms
[INFO   ] DREAMPlace - optimizer step 0.191 ms
[INFO   ] DREAMPlace - iteration  453, (  81,  0,  1), Obj 2.177509E+10, NetCrossing 1.586E+01, NetCrossingWeight 1.000000E-03, DensityWeight 2.140269E+04, HPWL 5.877429E+02, Overflow 4.217216E-02, MaxDensity 2.355E+00, MacroOverlap 9.002E-04, MacroOverlapWeight 8.000000E-06, gamma 9.689187E-03, time 3.966ms
[INFO   ] DREAMPlace - full step 17.015 ms
[INFO   ] DREAMPlace - Lsub stopping criteria: 1 and 2.17751e+10 > 2.17822e+10 * 0.999
[INFO   ] DREAMPlace - optimizer step 0.206 ms
[INFO   ] DREAMPlace - iteration  454, (  81,  1,  0), Obj 2.418549E+10, NetCrossing 1.520E+01, NetCrossingWeight 1.000000E-03, DensityWeight 2.377618E+04, HPWL 5.878010E+02, Overflow 4.217112E-02, MaxDensity 2.355E+00, MacroOverlap 9.004E-04, MacroOverlapWeight 8.000000E-06, gamma 9.689187E-03, time 4.033ms
[INFO   ] DREAMPlace - full step 17.832 ms
[INFO   ] DREAMPlace - optimizer step 0.198 ms
[INFO   ] DREAMPlace - iteration  455, (  81,  1,  1), Obj 2.417601E+10, NetCrossing 1.651E+01, NetCrossingWeight 1.000000E-03, DensityWeight 2.377618E+04, HPWL 5.878612E+02, Overflow 4.217008E-02, MaxDensity 2.355E+00, MacroOverlap 9.005E-04, MacroOverlapWeight 8.000000E-06, gamma 9.689187E-03, time 4.071ms
[INFO   ] DREAMPlace - full step 17.730 ms
[INFO   ] DREAMPlace - Lsub stopping criteria: 1 and 2.4176e+10 > 2.41855e+10 * 0.999
[INFO   ] DREAMPlace - Llambda stopping criteria: 1 and (( 0.0421701 < 0.1 and 587.861 > 587.743 ) or 2.3552 < 1.0)
[INFO   ] DREAMPlace - optimizer step 0.193 ms
[INFO   ] DREAMPlace - iteration  456, (  82,  0,  0), Obj 2.684832E+10, NetCrossing 1.683E+01, NetCrossingWeight 1.000000E-03, DensityWeight 2.641287E+04, HPWL 5.879229E+02, Overflow 4.216893E-02, MaxDensity 2.355E+00, MacroOverlap 9.006E-04, MacroOverlapWeight 8.000000E-06, gamma 9.688900E-03, time 4.046ms
[INFO   ] DREAMPlace - full step 17.418 ms
[INFO   ] DREAMPlace - optimizer step 0.211 ms
[INFO   ] DREAMPlace - iteration  457, (  82,  0,  1), Obj 2.685770E+10, NetCrossing 1.635E+01, NetCrossingWeight 1.000000E-03, DensityWeight 2.641287E+04, HPWL 5.879858E+02, Overflow 4.216792E-02, MaxDensity 2.355E+00, MacroOverlap 9.006E-04, MacroOverlapWeight 8.000000E-06, gamma 9.688900E-03, time 4.554ms
[INFO   ] DREAMPlace - full step 18.298 ms
[INFO   ] DREAMPlace - Lsub stopping criteria: 1 and 2.68577e+10 > 2.68483e+10 * 0.999
[INFO   ] DREAMPlace - optimizer step 0.193 ms
[INFO   ] DREAMPlace - iteration  458, (  82,  1,  0), Obj 2.981537E+10, NetCrossing 1.643E+01, NetCrossingWeight 1.000000E-03, DensityWeight 2.934196E+04, HPWL 5.880506E+02, Overflow 4.216679E-02, MaxDensity 2.355E+00, MacroOverlap 9.006E-04, MacroOverlapWeight 8.000000E-06, gamma 9.688900E-03, time 4.161ms
[INFO   ] DREAMPlace - full step 17.411 ms
[INFO   ] DREAMPlace - optimizer step 0.189 ms
[INFO   ] DREAMPlace - iteration  459, (  82,  1,  1), Obj 2.980508E+10, NetCrossing 1.605E+01, NetCrossingWeight 1.000000E-03, DensityWeight 2.934196E+04, HPWL 5.881173E+02, Overflow 4.216541E-02, MaxDensity 2.355E+00, MacroOverlap 9.006E-04, MacroOverlapWeight 8.000000E-06, gamma 9.688900E-03, time 3.986ms
[INFO   ] DREAMPlace - full step 17.123 ms
[INFO   ] DREAMPlace - Lsub stopping criteria: 1 and 2.98051e+10 > 2.98154e+10 * 0.999
[INFO   ] DREAMPlace - Llambda stopping criteria: 1 and (( 0.0421654 < 0.1 and 588.117 > 587.986 ) or 2.3552 < 1.0)
[INFO   ] DREAMPlace - optimizer step 0.207 ms
[INFO   ] DREAMPlace - iteration  460, (  83,  0,  0), Obj 3.310797E+10, NetCrossing 1.507E+01, NetCrossingWeight 1.000000E-03, DensityWeight 3.259588E+04, HPWL 5.881849E+02, Overflow 4.216392E-02, MaxDensity 2.355E+00, MacroOverlap 9.005E-04, MacroOverlapWeight 8.000000E-06, gamma 9.688668E-03, time 4.081ms
[INFO   ] DREAMPlace - full step 17.632 ms
[INFO   ] DREAMPlace - optimizer step 0.197 ms
[INFO   ] DREAMPlace - iteration  461, (  83,  0,  1), Obj 3.308931E+10, NetCrossing 1.540E+01, NetCrossingWeight 1.000000E-03, DensityWeight 3.259588E+04, HPWL 5.882531E+02, Overflow 4.216236E-02, MaxDensity 2.355E+00, MacroOverlap 9.004E-04, MacroOverlapWeight 8.000000E-06, gamma 9.688668E-03, time 4.061ms
[INFO   ] DREAMPlace - full step 17.528 ms
[INFO   ] DREAMPlace - Lsub stopping criteria: 1 and 3.30893e+10 > 3.3108e+10 * 0.999
[INFO   ] DREAMPlace - optimizer step 0.190 ms
[INFO   ] DREAMPlace - iteration  462, (  83,  1,  0), Obj 3.674429E+10, NetCrossing 1.622E+01, NetCrossingWeight 1.000000E-03, DensityWeight 3.621065E+04, HPWL 5.883219E+02, Overflow 4.216079E-02, MaxDensity 2.355E+00, MacroOverlap 9.003E-04, MacroOverlapWeight 8.000000E-06, gamma 9.688668E-03, time 3.973ms
[INFO   ] DREAMPlace - full step 17.683 ms
[INFO   ] DREAMPlace - optimizer step 0.218 ms
[INFO   ] DREAMPlace - iteration  463, (  83,  1,  1), Obj 3.675045E+10, NetCrossing 1.566E+01, NetCrossingWeight 1.000000E-03, DensityWeight 3.621065E+04, HPWL 5.883918E+02, Overflow 4.215921E-02, MaxDensity 2.355E+00, MacroOverlap 9.001E-04, MacroOverlapWeight 8.000000E-06, gamma 9.688668E-03, time 4.139ms
[INFO   ] DREAMPlace - full step 18.164 ms
[INFO   ] DREAMPlace - Lsub stopping criteria: 1 and 3.67505e+10 > 3.67443e+10 * 0.999
[INFO   ] DREAMPlace - Llambda stopping criteria: 1 and (( 0.0421592 < 0.1 and 588.392 > 588.253 ) or 2.3552 < 1.0)
[INFO   ] DREAMPlace - optimizer step 0.197 ms
[INFO   ] DREAMPlace - iteration  464, (  84,  0,  0), Obj 4.080369E+10, NetCrossing 1.646E+01, NetCrossingWeight 1.000000E-03, DensityWeight 4.022629E+04, HPWL 5.884622E+02, Overflow 4.215767E-02, MaxDensity 2.355E+00, MacroOverlap 9.000E-04, MacroOverlapWeight 8.000000E-06, gamma 9.688362E-03, time 4.058ms
[INFO   ] DREAMPlace - full step 17.762 ms
[INFO   ] DREAMPlace - optimizer step 0.200 ms
[INFO   ] DREAMPlace - iteration  465, (  84,  0,  1), Obj 4.078749E+10, NetCrossing 1.526E+01, NetCrossingWeight 1.000000E-03, DensityWeight 4.022629E+04, HPWL 5.885325E+02, Overflow 4.215624E-02, MaxDensity 2.355E+00, MacroOverlap 8.999E-04, MacroOverlapWeight 8.000000E-06, gamma 9.688362E-03, time 4.061ms
[INFO   ] DREAMPlace - full step 17.761 ms
[INFO   ] DREAMPlace - Lsub stopping criteria: 1 and 4.07875e+10 > 4.08037e+10 * 0.999
[INFO   ] DREAMPlace - optimizer step 0.190 ms
[INFO   ] DREAMPlace - iteration  466, (  84,  1,  0), Obj 4.529752E+10, NetCrossing 1.699E+01, NetCrossingWeight 1.000000E-03, DensityWeight 4.468724E+04, HPWL 5.886026E+02, Overflow 4.215483E-02, MaxDensity 2.355E+00, MacroOverlap 8.998E-04, MacroOverlapWeight 8.000000E-06, gamma 9.688362E-03, time 3.999ms
[INFO   ] DREAMPlace - full step 16.838 ms
[INFO   ] DREAMPlace - optimizer step 0.192 ms
[INFO   ] DREAMPlace - iteration  467, (  84,  1,  1), Obj 4.528121E+10, NetCrossing 1.586E+01, NetCrossingWeight 1.000000E-03, DensityWeight 4.468724E+04, HPWL 5.886727E+02, Overflow 4.215345E-02, MaxDensity 2.355E+00, MacroOverlap 8.997E-04, MacroOverlapWeight 8.000000E-06, gamma 9.688362E-03, time 3.967ms
[INFO   ] DREAMPlace - full step 16.953 ms
[INFO   ] DREAMPlace - Lsub stopping criteria: 1 and 4.52812e+10 > 4.52975e+10 * 0.999
[INFO   ] DREAMPlace - Llambda stopping criteria: 1 and (( 0.0421534 < 0.1 and 588.673 > 588.532 ) or 2.3552 < 1.0)
[INFO   ] DREAMPlace - optimizer step 0.191 ms
[INFO   ] DREAMPlace - iteration  468, (  85,  0,  0), Obj 5.029695E+10, NetCrossing 1.626E+01, NetCrossingWeight 1.000000E-03, DensityWeight 4.964289E+04, HPWL 5.887426E+02, Overflow 4.215195E-02, MaxDensity 2.355E+00, MacroOverlap 8.996E-04, MacroOverlapWeight 8.000000E-06, gamma 9.688076E-03, time 3.983ms
[INFO   ] DREAMPlace - full step 17.558 ms
[INFO   ] DREAMPlace - optimizer step 0.232 ms
[INFO   ] DREAMPlace - iteration  469, (  85,  0,  1), Obj 5.030192E+10, NetCrossing 1.594E+01, NetCrossingWeight 1.000000E-03, DensityWeight 4.964289E+04, HPWL 5.888119E+02, Overflow 4.215015E-02, MaxDensity 2.355E+00, MacroOverlap 8.995E-04, MacroOverlapWeight 8.000000E-06, gamma 9.688076E-03, time 4.143ms
[INFO   ] DREAMPlace - full step 18.142 ms
[INFO   ] DREAMPlace - Lsub stopping criteria: 1 and 5.03019e+10 > 5.02969e+10 * 0.999
[INFO   ] DREAMPlace - optimizer step 0.194 ms
[INFO   ] DREAMPlace - iteration  470, (  85,  1,  0), Obj 5.585413E+10, NetCrossing 1.662E+01, NetCrossingWeight 1.000000E-03, DensityWeight 5.514812E+04, HPWL 5.888815E+02, Overflow 4.214776E-02, MaxDensity 2.355E+00, MacroOverlap 8.993E-04, MacroOverlapWeight 8.000000E-06, gamma 9.688076E-03, time 4.045ms
[INFO   ] DREAMPlace - full step 17.354 ms
[INFO   ] DREAMPlace - optimizer step 0.205 ms
[INFO   ] DREAMPlace - iteration  471, (  85,  1,  1), Obj 5.584339E+10, NetCrossing 1.597E+01, NetCrossingWeight 1.000000E-03, DensityWeight 5.514812E+04, HPWL 5.889523E+02, Overflow 4.214496E-02, MaxDensity 2.355E+00, MacroOverlap 8.992E-04, MacroOverlapWeight 8.000000E-06, gamma 9.688076E-03, time 3.958ms
[INFO   ] DREAMPlace - full step 17.487 ms
[INFO   ] DREAMPlace - Lsub stopping criteria: 1 and 5.58434e+10 > 5.58541e+10 * 0.999
[INFO   ] DREAMPlace - Llambda stopping criteria: 1 and (( 0.042145 < 0.1 and 588.952 > 588.812 ) or 2.3552 < 1.0)
[INFO   ] DREAMPlace - optimizer step 0.193 ms
[INFO   ] DREAMPlace - iteration  472, (  86,  0,  0), Obj 6.203388E+10, NetCrossing 1.616E+01, NetCrossingWeight 1.000000E-03, DensityWeight 6.126385E+04, HPWL 5.890235E+02, Overflow 4.214183E-02, MaxDensity 2.355E+00, MacroOverlap 8.990E-04, MacroOverlapWeight 8.000000E-06, gamma 9.687654E-03, time 4.323ms
[INFO   ] DREAMPlace - full step 17.678 ms
[INFO   ] DREAMPlace - optimizer step 0.206 ms
[INFO   ] DREAMPlace - iteration  473, (  86,  0,  1), Obj 6.201002E+10, NetCrossing 1.648E+01, NetCrossingWeight 1.000000E-03, DensityWeight 6.126385E+04, HPWL 5.890942E+02, Overflow 4.213839E-02, MaxDensity 2.355E+00, MacroOverlap 8.989E-04, MacroOverlapWeight 8.000000E-06, gamma 9.687654E-03, time 3.979ms
[INFO   ] DREAMPlace - full step 17.358 ms
[INFO   ] DREAMPlace - Lsub stopping criteria: 1 and 6.201e+10 > 6.20339e+10 * 0.999
[INFO   ] DREAMPlace - optimizer step 0.189 ms
[INFO   ] DREAMPlace - iteration  474, (  86,  1,  0), Obj 6.886651E+10, NetCrossing 1.506E+01, NetCrossingWeight 1.000000E-03, DensityWeight 6.805779E+04, HPWL 5.891649E+02, Overflow 4.213417E-02, MaxDensity 2.355E+00, MacroOverlap 8.987E-04, MacroOverlapWeight 8.000000E-06, gamma 9.687654E-03, time 4.107ms
[INFO   ] DREAMPlace - full step 17.692 ms
[INFO   ] DREAMPlace - optimizer step 0.194 ms
[INFO   ] DREAMPlace - iteration  475, (  86,  1,  1), Obj 6.885417E+10, NetCrossing 1.652E+01, NetCrossingWeight 1.000000E-03, DensityWeight 6.805779E+04, HPWL 5.892369E+02, Overflow 4.212920E-02, MaxDensity 2.355E+00, MacroOverlap 8.985E-04, MacroOverlapWeight 8.000000E-06, gamma 9.687654E-03, time 3.999ms
[INFO   ] DREAMPlace - full step 17.584 ms
[INFO   ] DREAMPlace - Lsub stopping criteria: 1 and 6.88542e+10 > 6.88665e+10 * 0.999
[INFO   ] DREAMPlace - Llambda stopping criteria: 1 and (( 0.0421292 < 0.1 and 589.237 > 589.094 ) or 2.3552 < 1.0)
[INFO   ] DREAMPlace - optimizer step 0.192 ms
[INFO   ] DREAMPlace - iteration  476, (  87,  0,  0), Obj 7.645521E+10, NetCrossing 1.595E+01, NetCrossingWeight 1.000000E-03, DensityWeight 7.560516E+04, HPWL 5.893098E+02, Overflow 4.212374E-02, MaxDensity 2.355E+00, MacroOverlap 8.983E-04, MacroOverlapWeight 8.000000E-06, gamma 9.686873E-03, time 4.024ms
[INFO   ] DREAMPlace - full step 17.328 ms
[INFO   ] DREAMPlace - optimizer step 0.205 ms
[INFO   ] DREAMPlace - iteration  477, (  87,  0,  1), Obj 7.643986E+10, NetCrossing 1.597E+01, NetCrossingWeight 1.000000E-03, DensityWeight 7.560516E+04, HPWL 5.893832E+02, Overflow 4.211801E-02, MaxDensity 2.355E+00, MacroOverlap 8.981E-04, MacroOverlapWeight 8.000000E-06, gamma 9.686873E-03, time 3.969ms
[INFO   ] DREAMPlace - full step 17.518 ms
[INFO   ] DREAMPlace - Lsub stopping criteria: 1 and 7.64399e+10 > 7.64552e+10 * 0.999
[INFO   ] DREAMPlace - optimizer step 0.189 ms
[INFO   ] DREAMPlace - iteration  478, (  87,  1,  0), Obj 8.491028E+10, NetCrossing 1.624E+01, NetCrossingWeight 1.000000E-03, DensityWeight 8.398950E+04, HPWL 5.894562E+02, Overflow 4.211236E-02, MaxDensity 2.355E+00, MacroOverlap 8.979E-04, MacroOverlapWeight 8.000000E-06, gamma 9.686873E-03, time 4.321ms
[INFO   ] DREAMPlace - full step 17.622 ms
[INFO   ] DREAMPlace - optimizer step 0.206 ms
[INFO   ] DREAMPlace - iteration  479, (  87,  1,  1), Obj 8.488718E+10, NetCrossing 1.606E+01, NetCrossingWeight 1.000000E-03, DensityWeight 8.398950E+04, HPWL 5.895287E+02, Overflow 4.210697E-02, MaxDensity 2.355E+00, MacroOverlap 8.977E-04, MacroOverlapWeight 8.000000E-06, gamma 9.686873E-03, time 3.969ms
[INFO   ] DREAMPlace - full step 17.237 ms
[INFO   ] DREAMPlace - Lsub stopping criteria: 1 and 8.48872e+10 > 8.49103e+10 * 0.999
[INFO   ] DREAMPlace - Llambda stopping criteria: 1 and (( 0.042107 < 0.1 and 589.529 > 589.383 ) or 2.3552 < 1.0)
[INFO   ] DREAMPlace - optimizer step 0.193 ms
[INFO   ] DREAMPlace - iteration  480, (  88,  0,  0), Obj 9.427768E+10, NetCrossing 1.518E+01, NetCrossingWeight 1.000000E-03, DensityWeight 9.330364E+04, HPWL 5.896006E+02, Overflow 4.210186E-02, MaxDensity 2.355E+00, MacroOverlap 8.976E-04, MacroOverlapWeight 8.000000E-06, gamma 9.685772E-03, time 4.268ms
[INFO   ] DREAMPlace - full step 18.354 ms
[INFO   ] DREAMPlace - optimizer step 0.233 ms
[INFO   ] DREAMPlace - iteration  481, (  88,  0,  1), Obj 9.427450E+10, NetCrossing 1.602E+01, NetCrossingWeight 1.000000E-03, DensityWeight 9.330364E+04, HPWL 5.896731E+02, Overflow 4.209705E-02, MaxDensity 2.355E+00, MacroOverlap 8.975E-04, MacroOverlapWeight 8.000000E-06, gamma 9.685772E-03, time 3.968ms
[INFO   ] DREAMPlace - full step 17.960 ms
[INFO   ] DREAMPlace - Lsub stopping criteria: 1 and 9.42745e+10 > 9.42777e+10 * 0.999
[INFO   ] DREAMPlace - optimizer step 0.189 ms
[INFO   ] DREAMPlace - iteration  482, (  88,  1,  0), Obj 1.046914E+11, NetCrossing 1.534E+01, NetCrossingWeight 1.000000E-03, DensityWeight 1.036507E+05, HPWL 5.897465E+02, Overflow 4.209217E-02, MaxDensity 2.355E+00, MacroOverlap 8.974E-04, MacroOverlapWeight 8.000000E-06, gamma 9.685772E-03, time 4.379ms
[INFO   ] DREAMPlace - full step 17.830 ms
[INFO   ] DREAMPlace - optimizer step 0.212 ms
[INFO   ] DREAMPlace - iteration  483, (  88,  1,  1), Obj 1.046713E+11, NetCrossing 1.674E+01, NetCrossingWeight 1.000000E-03, DensityWeight 1.036507E+05, HPWL 5.898207E+02, Overflow 4.208707E-02, MaxDensity 2.355E+00, MacroOverlap 8.972E-04, MacroOverlapWeight 8.000000E-06, gamma 9.685772E-03, time 3.978ms
[INFO   ] DREAMPlace - full step 17.488 ms
[INFO   ] DREAMPlace - Lsub stopping criteria: 1 and 1.04671e+11 > 1.04691e+11 * 0.999
[INFO   ] DREAMPlace - Llambda stopping criteria: 1 and (( 0.0420871 < 0.1 and 589.821 > 589.673 ) or 2.3552 < 1.0)
[INFO   ] DREAMPlace - optimizer step 0.190 ms
[INFO   ] DREAMPlace - iteration  484, (  89,  0,  0), Obj 1.162669E+11, NetCrossing 1.714E+01, NetCrossingWeight 1.000000E-03, DensityWeight 1.151452E+05, HPWL 5.898953E+02, Overflow 4.208180E-02, MaxDensity 2.355E+00, MacroOverlap 8.971E-04, MacroOverlapWeight 8.000000E-06, gamma 9.684786E-03, time 4.050ms
[INFO   ] DREAMPlace - full step 17.334 ms
[INFO   ] DREAMPlace - optimizer step 0.191 ms
[INFO   ] DREAMPlace - iteration  485, (  89,  0,  1), Obj 1.162250E+11, NetCrossing 1.520E+01, NetCrossingWeight 1.000000E-03, DensityWeight 1.151452E+05, HPWL 5.899697E+02, Overflow 4.207639E-02, MaxDensity 2.355E+00, MacroOverlap 8.969E-04, MacroOverlapWeight 8.000000E-06, gamma 9.684786E-03, time 4.017ms
[INFO   ] DREAMPlace - full step 17.184 ms
[INFO   ] DREAMPlace - Lsub stopping criteria: 1 and 1.16225e+11 > 1.16267e+11 * 0.999
[INFO   ] DREAMPlace - optimizer step 0.192 ms
[INFO   ] DREAMPlace - iteration  486, (  89,  1,  0), Obj 1.290817E+11, NetCrossing 1.472E+01, NetCrossingWeight 1.000000E-03, DensityWeight 1.279144E+05, HPWL 5.900445E+02, Overflow 4.207105E-02, MaxDensity 2.355E+00, MacroOverlap 8.968E-04, MacroOverlapWeight 8.000000E-06, gamma 9.684786E-03, time 3.969ms
[INFO   ] DREAMPlace - full step 17.597 ms
[INFO   ] DREAMPlace - optimizer step 0.219 ms
[INFO   ] DREAMPlace - iteration  487, (  89,  1,  1), Obj 1.290737E+11, NetCrossing 1.623E+01, NetCrossingWeight 1.000000E-03, DensityWeight 1.279144E+05, HPWL 5.901204E+02, Overflow 4.206578E-02, MaxDensity 2.355E+00, MacroOverlap 8.966E-04, MacroOverlapWeight 8.000000E-06, gamma 9.684786E-03, time 4.157ms
[INFO   ] DREAMPlace - full step 18.136 ms
[INFO   ] DREAMPlace - Lsub stopping criteria: 1 and 1.29074e+11 > 1.29082e+11 * 0.999
[INFO   ] DREAMPlace - Llambda stopping criteria: 1 and (( 0.0420658 < 0.1 and 590.12 > 589.97 ) or 2.3552 < 1.0)
[INFO   ] DREAMPlace - optimizer step 0.191 ms
[INFO   ] DREAMPlace - iteration  488, (  90,  0,  0), Obj 1.433465E+11, NetCrossing 1.551E+01, NetCrossingWeight 1.000000E-03, DensityWeight 1.420996E+05, HPWL 5.901962E+02, Overflow 4.206067E-02, MaxDensity 2.355E+00, MacroOverlap 8.965E-04, MacroOverlapWeight 8.000000E-06, gamma 9.683731E-03, time 4.014ms
[INFO   ] DREAMPlace - full step 16.990 ms
[INFO   ] DREAMPlace - optimizer step 0.205 ms
[INFO   ] DREAMPlace - iteration  489, (  90,  0,  1), Obj 1.433260E+11, NetCrossing 1.584E+01, NetCrossingWeight 1.000000E-03, DensityWeight 1.420996E+05, HPWL 5.902778E+02, Overflow 4.205551E-02, MaxDensity 2.355E+00, MacroOverlap 8.963E-04, MacroOverlapWeight 8.000000E-06, gamma 9.683731E-03, time 3.971ms
[INFO   ] DREAMPlace - full step 17.241 ms
[INFO   ] DREAMPlace - Lsub stopping criteria: 1 and 1.43326e+11 > 1.43347e+11 * 0.999
[INFO   ] DREAMPlace - optimizer step 0.191 ms
[INFO   ] DREAMPlace - iteration  490, (  90,  1,  0), Obj 1.592041E+11, NetCrossing 1.638E+01, NetCrossingWeight 1.000000E-03, DensityWeight 1.578580E+05, HPWL 5.903616E+02, Overflow 4.205015E-02, MaxDensity 2.355E+00, MacroOverlap 8.961E-04, MacroOverlapWeight 8.000000E-06, gamma 9.683731E-03, time 4.254ms
[INFO   ] DREAMPlace - full step 17.933 ms
[INFO   ] DREAMPlace - optimizer step 0.219 ms
[INFO   ] DREAMPlace - iteration  491, (  90,  1,  1), Obj 1.591634E+11, NetCrossing 1.644E+01, NetCrossingWeight 1.000000E-03, DensityWeight 1.578580E+05, HPWL 5.904459E+02, Overflow 4.204455E-02, MaxDensity 2.355E+00, MacroOverlap 8.959E-04, MacroOverlapWeight 8.000000E-06, gamma 9.683731E-03, time 3.975ms
[INFO   ] DREAMPlace - full step 17.469 ms
[INFO   ] DREAMPlace - Lsub stopping criteria: 1 and 1.59163e+11 > 1.59204e+11 * 0.999
[INFO   ] DREAMPlace - Llambda stopping criteria: 1 and (( 0.0420446 < 0.1 and 590.446 > 590.278 ) or 2.3552 < 1.0)
[INFO   ] DREAMPlace - optimizer step 0.190 ms
[INFO   ] DREAMPlace - iteration  492, (  91,  0,  0), Obj 1.767768E+11, NetCrossing 1.625E+01, NetCrossingWeight 1.000000E-03, DensityWeight 1.753639E+05, HPWL 5.905305E+02, Overflow 4.203853E-02, MaxDensity 2.355E+00, MacroOverlap 8.957E-04, MacroOverlapWeight 8.000000E-06, gamma 9.682679E-03, time 4.323ms
[INFO   ] DREAMPlace - full step 18.343 ms
[INFO   ] DREAMPlace - optimizer step 0.217 ms
[INFO   ] DREAMPlace - iteration  493, (  91,  0,  1), Obj 1.767581E+11, NetCrossing 1.582E+01, NetCrossingWeight 1.000000E-03, DensityWeight 1.753639E+05, HPWL 5.906154E+02, Overflow 4.203207E-02, MaxDensity 2.355E+00, MacroOverlap 8.955E-04, MacroOverlapWeight 8.000000E-06, gamma 9.682679E-03, time 3.982ms
[INFO   ] DREAMPlace - full step 17.869 ms
[INFO   ] DREAMPlace - Lsub stopping criteria: 1 and 1.76758e+11 > 1.76777e+11 * 0.999
[INFO   ] DREAMPlace - optimizer step 0.188 ms
[INFO   ] DREAMPlace - iteration  494, (  91,  1,  0), Obj 1.962918E+11, NetCrossing 1.636E+01, NetCrossingWeight 1.000000E-03, DensityWeight 1.948111E+05, HPWL 5.907003E+02, Overflow 4.202488E-02, MaxDensity 2.355E+00, MacroOverlap 8.952E-04, MacroOverlapWeight 8.000000E-06, gamma 9.682679E-03, time 4.103ms
[INFO   ] DREAMPlace - full step 17.667 ms
[INFO   ] DREAMPlace - optimizer step 0.191 ms
[INFO   ] DREAMPlace - iteration  495, (  91,  1,  1), Obj 1.962481E+11, NetCrossing 1.528E+01, NetCrossingWeight 1.000000E-03, DensityWeight 1.948111E+05, HPWL 5.907860E+02, Overflow 4.201666E-02, MaxDensity 2.355E+00, MacroOverlap 8.949E-04, MacroOverlapWeight 8.000000E-06, gamma 9.682679E-03, time 3.975ms
[INFO   ] DREAMPlace - full step 17.006 ms
[INFO   ] DREAMPlace - Lsub stopping criteria: 1 and 1.96248e+11 > 1.96292e+11 * 0.999
[INFO   ] DREAMPlace - Llambda stopping criteria: 1 and (( 0.0420167 < 0.1 and 590.786 > 590.615 ) or 2.3552 < 1.0)
[INFO   ] DREAMPlace - optimizer step 0.207 ms
[INFO   ] DREAMPlace - iteration  496, (  92,  0,  0), Obj 2.179890E+11, NetCrossing 1.582E+01, NetCrossingWeight 1.000000E-03, DensityWeight 2.164150E+05, HPWL 5.908726E+02, Overflow 4.200798E-02, MaxDensity 2.355E+00, MacroOverlap 8.945E-04, MacroOverlapWeight 8.000000E-06, gamma 9.681297E-03, time 4.087ms
[INFO   ] DREAMPlace - full step 17.733 ms
[INFO   ] DREAMPlace - optimizer step 0.190 ms
[INFO   ] DREAMPlace - iteration  497, (  92,  0,  1), Obj 2.179274E+11, NetCrossing 1.704E+01, NetCrossingWeight 1.000000E-03, DensityWeight 2.164150E+05, HPWL 5.909597E+02, Overflow 4.200145E-02, MaxDensity 2.355E+00, MacroOverlap 8.941E-04, MacroOverlapWeight 8.000000E-06, gamma 9.681297E-03, time 4.050ms
[INFO   ] DREAMPlace - full step 17.340 ms
[INFO   ] DREAMPlace - Lsub stopping criteria: 1 and 2.17927e+11 > 2.17989e+11 * 0.999
[INFO   ] DREAMPlace - optimizer step 0.190 ms
[INFO   ] DREAMPlace - iteration  498, (  92,  1,  0), Obj 2.420214E+11, NetCrossing 1.712E+01, NetCrossingWeight 1.000000E-03, DensityWeight 2.404146E+05, HPWL 5.910472E+02, Overflow 4.199412E-02, MaxDensity 2.355E+00, MacroOverlap 8.936E-04, MacroOverlapWeight 8.000000E-06, gamma 9.681297E-03, time 3.988ms
[INFO   ] DREAMPlace - full step 17.694 ms
[INFO   ] DREAMPlace - optimizer step 0.216 ms
[INFO   ] DREAMPlace - iteration  499, (  92,  1,  1), Obj 2.419838E+11, NetCrossing 1.621E+01, NetCrossingWeight 1.000000E-03, DensityWeight 2.404146E+05, HPWL 5.911356E+02, Overflow 4.198595E-02, MaxDensity 2.355E+00, MacroOverlap 8.930E-04, MacroOverlapWeight 8.000000E-06, gamma 9.681297E-03, time 4.171ms
[INFO   ] DREAMPlace - full step 18.132 ms
[INFO   ] DREAMPlace - Lsub stopping criteria: 1 and 2.41984e+11 > 2.42021e+11 * 0.999
[INFO   ] DREAMPlace - Llambda stopping criteria: 1 and (( 0.041986 < 0.1 and 591.136 > 590.96 ) or 2.3552 < 1.0)
[INFO   ] DREAMPlace - plotting to /Cypress/results/reproduce-small-7/ET095_A00/plot/iter0500.png takes 0.046 seconds
[INFO   ] DREAMPlace - optimizer step 0.238 ms
[INFO   ] DREAMPlace - iteration  500, (  93,  0,  0), Obj 2.687217E+11, NetCrossing 1.674E+01, NetCrossingWeight 1.000000E-03, DensityWeight 2.670758E+05, HPWL 5.912241E+02, Overflow 4.197707E-02, MaxDensity 2.355E+00, MacroOverlap 8.924E-04, MacroOverlapWeight 8.000000E-06, gamma 9.679777E-03, time 5.203ms
[INFO   ] DREAMPlace - full step 64.620 ms
[INFO   ] DREAMPlace - optimizer step 0.194 ms
[INFO   ] DREAMPlace - iteration  501, (  93,  0,  1), Obj 2.686563E+11, NetCrossing 1.606E+01, NetCrossingWeight 1.000000E-03, DensityWeight 2.670758E+05, HPWL 5.913131E+02, Overflow 4.196715E-02, MaxDensity 2.355E+00, MacroOverlap 8.916E-04, MacroOverlapWeight 8.000000E-06, gamma 9.679777E-03, time 4.022ms
[INFO   ] DREAMPlace - full step 18.048 ms
[INFO   ] DREAMPlace - Lsub stopping criteria: 1 and 2.68656e+11 > 2.68722e+11 * 0.999
[INFO   ] DREAMPlace - optimizer step 0.221 ms
[INFO   ] DREAMPlace - iteration  502, (  93,  1,  0), Obj 2.983917E+11, NetCrossing 1.657E+01, NetCrossingWeight 1.000000E-03, DensityWeight 2.966935E+05, HPWL 5.914033E+02, Overflow 4.195562E-02, MaxDensity 2.355E+00, MacroOverlap 8.908E-04, MacroOverlapWeight 8.000000E-06, gamma 9.679777E-03, time 4.145ms
[INFO   ] DREAMPlace - full step 18.548 ms
[INFO   ] DREAMPlace - optimizer step 0.190 ms
[INFO   ] DREAMPlace - iteration  503, (  93,  1,  1), Obj 2.982659E+11, NetCrossing 1.621E+01, NetCrossingWeight 1.000000E-03, DensityWeight 2.966935E+05, HPWL 5.914962E+02, Overflow 4.194218E-02, MaxDensity 2.355E+00, MacroOverlap 8.898E-04, MacroOverlapWeight 8.000000E-06, gamma 9.679777E-03, time 4.168ms
[INFO   ] DREAMPlace - full step 17.594 ms
[INFO   ] DREAMPlace - Lsub stopping criteria: 1 and 2.98266e+11 > 2.98392e+11 * 0.999
[INFO   ] DREAMPlace - Llambda stopping criteria: 1 and (( 0.0419422 < 0.1 and 591.496 > 591.313 ) or 2.3552 < 1.0)
[INFO   ] DREAMPlace - optimizer step 0.208 ms
[INFO   ] DREAMPlace - iteration  504, (  94,  0,  0), Obj 3.312336E+11, NetCrossing 1.583E+01, NetCrossingWeight 1.000000E-03, DensityWeight 3.295958E+05, HPWL 5.915909E+02, Overflow 4.192654E-02, MaxDensity 2.355E+00, MacroOverlap 8.886E-04, MacroOverlapWeight 8.000000E-06, gamma 9.677609E-03, time 3.989ms
[INFO   ] DREAMPlace - full step 17.628 ms
[INFO   ] DREAMPlace - optimizer step 0.191 ms
[INFO   ] DREAMPlace - iteration  505, (  94,  0,  1), Obj 3.311549E+11, NetCrossing 1.557E+01, NetCrossingWeight 1.000000E-03, DensityWeight 3.295958E+05, HPWL 5.916882E+02, Overflow 4.190871E-02, MaxDensity 2.355E+00, MacroOverlap 8.873E-04, MacroOverlapWeight 8.000000E-06, gamma 9.677609E-03, time 4.343ms
[INFO   ] DREAMPlace - full step 18.251 ms
[INFO   ] DREAMPlace - Lsub stopping criteria: 1 and 3.31155e+11 > 3.31234e+11 * 0.999
[INFO   ] DREAMPlace - optimizer step 0.245 ms
[INFO   ] DREAMPlace - iteration  506, (  94,  1,  0), Obj 3.677062E+11, NetCrossing 1.593E+01, NetCrossingWeight 1.000000E-03, DensityWeight 3.661468E+05, HPWL 5.917893E+02, Overflow 4.188953E-02, MaxDensity 2.355E+00, MacroOverlap 8.857E-04, MacroOverlapWeight 8.000000E-06, gamma 9.677609E-03, time 3.979ms
[INFO   ] DREAMPlace - full step 17.891 ms
[INFO   ] DREAMPlace - optimizer step 0.192 ms
[INFO   ] DREAMPlace - iteration  507, (  94,  1,  1), Obj 3.675133E+11, NetCrossing 1.656E+01, NetCrossingWeight 1.000000E-03, DensityWeight 3.661468E+05, HPWL 5.918953E+02, Overflow 4.186756E-02, MaxDensity 2.355E+00, MacroOverlap 8.840E-04, MacroOverlapWeight 8.000000E-06, gamma 9.677609E-03, time 4.406ms
[INFO   ] DREAMPlace - full step 17.960 ms
[INFO   ] DREAMPlace - Lsub stopping criteria: 1 and 3.67513e+11 > 3.67706e+11 * 0.999
[INFO   ] DREAMPlace - Llambda stopping criteria: 1 and (( 0.0418676 < 0.1 and 591.895 > 591.688 ) or 2.3552 < 1.0)
[INFO   ] DREAMPlace - optimizer step 0.212 ms
[INFO   ] DREAMPlace - iteration  508, (  95,  0,  0), Obj 4.080954E+11, NetCrossing 1.631E+01, NetCrossingWeight 1.000000E-03, DensityWeight 4.067511E+05, HPWL 5.920062E+02, Overflow 4.184304E-02, MaxDensity 2.355E+00, MacroOverlap 8.821E-04, MacroOverlapWeight 8.000000E-06, gamma 9.673915E-03, time 4.001ms
[INFO   ] DREAMPlace - full step 17.640 ms
[INFO   ] DREAMPlace - optimizer step 0.196 ms
[INFO   ] DREAMPlace - iteration  509, (  95,  0,  1), Obj 4.078477E+11, NetCrossing 1.692E+01, NetCrossingWeight 1.000000E-03, DensityWeight 4.067511E+05, HPWL 5.921219E+02, Overflow 4.181666E-02, MaxDensity 2.355E+00, MacroOverlap 8.801E-04, MacroOverlapWeight 8.000000E-06, gamma 9.673915E-03, time 4.107ms
[INFO   ] DREAMPlace - full step 17.783 ms
[INFO   ] DREAMPlace - Lsub stopping criteria: 1 and 4.07848e+11 > 4.08095e+11 * 0.999
[INFO   ] DREAMPlace - optimizer step 0.189 ms
[INFO   ] DREAMPlace - iteration  510, (  95,  1,  0), Obj 4.529224E+11, NetCrossing 1.460E+01, NetCrossingWeight 1.000000E-03, DensityWeight 4.518584E+05, HPWL 5.922422E+02, Overflow 4.178898E-02, MaxDensity 2.355E+00, MacroOverlap 8.781E-04, MacroOverlapWeight 8.000000E-06, gamma 9.673915E-03, time 4.043ms
[INFO   ] DREAMPlace - full step 17.428 ms
[INFO   ] DREAMPlace - optimizer step 0.206 ms
[INFO   ] DREAMPlace - iteration  511, (  95,  1,  1), Obj 4.528484E+11, NetCrossing 1.592E+01, NetCrossingWeight 1.000000E-03, DensityWeight 4.518584E+05, HPWL 5.923680E+02, Overflow 4.176037E-02, MaxDensity 2.355E+00, MacroOverlap 8.761E-04, MacroOverlapWeight 8.000000E-06, gamma 9.673915E-03, time 3.986ms
[INFO   ] DREAMPlace - full step 18.654 ms
[INFO   ] DREAMPlace - Lsub stopping criteria: 1 and 4.52848e+11 > 4.52922e+11 * 0.999
[INFO   ] DREAMPlace - Llambda stopping criteria: 1 and (( 0.0417604 < 0.1 and 592.368 > 592.122 ) or 2.3552 < 1.0)
[INFO   ] DREAMPlace - optimizer step 0.192 ms
[INFO   ] DREAMPlace - iteration  512, (  96,  0,  0), Obj 5.029951E+11, NetCrossing 1.652E+01, NetCrossingWeight 1.000000E-03, DensityWeight 5.019679E+05, HPWL 5.924969E+02, Overflow 4.173272E-02, MaxDensity 2.355E+00, MacroOverlap 8.741E-04, MacroOverlapWeight 8.000000E-06, gamma 9.668610E-03, time 4.209ms
[INFO   ] DREAMPlace - full step 18.139 ms
[INFO   ] DREAMPlace - optimizer step 0.220 ms
[INFO   ] DREAMPlace - iteration  513, (  96,  0,  1), Obj 5.029034E+11, NetCrossing 1.588E+01, NetCrossingWeight 1.000000E-03, DensityWeight 5.019679E+05, HPWL 5.926262E+02, Overflow 4.170952E-02, MaxDensity 2.355E+00, MacroOverlap 8.724E-04, MacroOverlapWeight 8.000000E-06, gamma 9.668610E-03, time 3.996ms
[INFO   ] DREAMPlace - full step 17.942 ms
[INFO   ] DREAMPlace - Lsub stopping criteria: 1 and 5.02903e+11 > 5.02995e+11 * 0.999
[INFO   ] DREAMPlace - optimizer step 0.202 ms
[INFO   ] DREAMPlace - iteration  514, (  96,  1,  0), Obj 5.585722E+11, NetCrossing 1.646E+01, NetCrossingWeight 1.000000E-03, DensityWeight 5.576343E+05, HPWL 5.927526E+02, Overflow 4.169167E-02, MaxDensity 2.355E+00, MacroOverlap 8.709E-04, MacroOverlapWeight 8.000000E-06, gamma 9.668610E-03, time 4.103ms
[INFO   ] DREAMPlace - full step 17.113 ms
[INFO   ] DREAMPlace - optimizer step 0.190 ms
[INFO   ] DREAMPlace - iteration  515, (  96,  1,  1), Obj 5.584574E+11, NetCrossing 1.712E+01, NetCrossingWeight 1.000000E-03, DensityWeight 5.576343E+05, HPWL 5.928744E+02, Overflow 4.167878E-02, MaxDensity 2.355E+00, MacroOverlap 8.697E-04, MacroOverlapWeight 8.000000E-06, gamma 9.668610E-03, time 4.014ms
[INFO   ] DREAMPlace - full step 17.361 ms
[INFO   ] DREAMPlace - Lsub stopping criteria: 1 and 5.58457e+11 > 5.58572e+11 * 0.999
[INFO   ] DREAMPlace - Llambda stopping criteria: 1 and (( 0.0416788 < 0.1 and 592.874 > 592.626 ) or 2.3552 < 1.0)
[INFO   ] DREAMPlace - optimizer step 0.190 ms
[INFO   ] DREAMPlace - iteration  516, (  97,  0,  0), Obj 6.201348E+11, NetCrossing 1.586E+01, NetCrossingWeight 1.000000E-03, DensityWeight 6.194740E+05, HPWL 5.929921E+02, Overflow 4.167050E-02, MaxDensity 2.355E+00, MacroOverlap 8.688E-04, MacroOverlapWeight 8.000000E-06, gamma 9.664575E-03, time 4.022ms
[INFO   ] DREAMPlace - full step 17.411 ms
[INFO   ] DREAMPlace - optimizer step 0.212 ms
[INFO   ] DREAMPlace - iteration  517, (  97,  0,  1), Obj 6.198322E+11, NetCrossing 1.722E+01, NetCrossingWeight 1.000000E-03, DensityWeight 6.194740E+05, HPWL 5.931058E+02, Overflow 4.166644E-02, MaxDensity 2.355E+00, MacroOverlap 8.682E-04, MacroOverlapWeight 8.000000E-06, gamma 9.664575E-03, time 3.980ms
[INFO   ] DREAMPlace - full step 17.348 ms
[INFO   ] DREAMPlace - Lsub stopping criteria: 1 and 6.19832e+11 > 6.20135e+11 * 0.999
[INFO   ] DREAMPlace - optimizer step 0.191 ms
[INFO   ] DREAMPlace - iteration  518, (  97,  1,  0), Obj 6.880828E+11, NetCrossing 1.766E+01, NetCrossingWeight 1.000000E-03, DensityWeight 6.881715E+05, HPWL 5.932159E+02, Overflow 4.166533E-02, MaxDensity 2.355E+00, MacroOverlap 8.680E-04, MacroOverlapWeight 8.000000E-06, gamma 9.664575E-03, time 4.325ms
[INFO   ] DREAMPlace - full step 18.608 ms
[INFO   ] DREAMPlace - optimizer step 0.219 ms
[INFO   ] DREAMPlace - iteration  519, (  97,  1,  1), Obj 6.876898E+11, NetCrossing 1.592E+01, NetCrossingWeight 1.000000E-03, DensityWeight 6.881715E+05, HPWL 5.933235E+02, Overflow 4.166608E-02, MaxDensity 2.355E+00, MacroOverlap 8.679E-04, MacroOverlapWeight 8.000000E-06, gamma 9.664575E-03, time 3.985ms
[INFO   ] DREAMPlace - full step 18.057 ms
[INFO   ] DREAMPlace - Lsub stopping criteria: 1 and 6.8769e+11 > 6.88083e+11 * 0.999
[INFO   ] DREAMPlace - Llambda stopping criteria: 1 and (( 0.0416661 < 0.1 and 593.324 > 593.106 ) or 2.3552 < 1.0)
[INFO   ] DREAMPlace - optimizer step 0.200 ms
[INFO   ] DREAMPlace - iteration  520, (  98,  0,  0), Obj 7.636689E+11, NetCrossing 1.582E+01, NetCrossingWeight 1.000000E-03, DensityWeight 7.644873E+05, HPWL 5.934338E+02, Overflow 4.166611E-02, MaxDensity 2.355E+00, MacroOverlap 8.680E-04, MacroOverlapWeight 8.000000E-06, gamma 9.663945E-03, time 4.135ms
[INFO   ] DREAMPlace - full step 17.230 ms
[INFO   ] DREAMPlace - optimizer step 0.192 ms
[INFO   ] DREAMPlace - iteration  521, (  98,  0,  1), Obj 7.631771E+11, NetCrossing 1.643E+01, NetCrossingWeight 1.000000E-03, DensityWeight 7.644873E+05, HPWL 5.935530E+02, Overflow 4.166308E-02, MaxDensity 2.355E+00, MacroOverlap 8.681E-04, MacroOverlapWeight 8.000000E-06, gamma 9.663945E-03, time 4.014ms
[INFO   ] DREAMPlace - full step 19.747 ms
[INFO   ] DREAMPlace - Lsub stopping criteria: 1 and 7.63177e+11 > 7.63669e+11 * 0.999
[INFO   ] DREAMPlace - optimizer step 0.211 ms
[INFO   ] DREAMPlace - iteration  522, (  98,  1,  0), Obj 8.473549E+11, NetCrossing 1.569E+01, NetCrossingWeight 1.000000E-03, DensityWeight 8.492662E+05, HPWL 5.936833E+02, Overflow 4.165569E-02, MaxDensity 2.355E+00, MacroOverlap 8.681E-04, MacroOverlapWeight 8.000000E-06, gamma 9.663945E-03, time 3.987ms
[INFO   ] DREAMPlace - full step 17.900 ms
[INFO   ] DREAMPlace - optimizer step 0.198 ms
[INFO   ] DREAMPlace - iteration  523, (  98,  1,  1), Obj 8.470285E+11, NetCrossing 1.646E+01, NetCrossingWeight 1.000000E-03, DensityWeight 8.492662E+05, HPWL 5.938243E+02, Overflow 4.164570E-02, MaxDensity 2.355E+00, MacroOverlap 8.679E-04, MacroOverlapWeight 8.000000E-06, gamma 9.663945E-03, time 4.118ms
[INFO   ] DREAMPlace - full step 17.838 ms
[INFO   ] DREAMPlace - Lsub stopping criteria: 1 and 8.47028e+11 > 8.47355e+11 * 0.999
[INFO   ] DREAMPlace - Llambda stopping criteria: 1 and (( 0.0416457 < 0.1 and 593.824 > 593.553 ) or 2.3552 < 1.0)
[INFO   ] DREAMPlace - optimizer step 0.189 ms
[INFO   ] DREAMPlace - iteration  524, (  99,  0,  0), Obj 9.402953E+11, NetCrossing 1.690E+01, NetCrossingWeight 1.000000E-03, DensityWeight 9.434469E+05, HPWL 5.939724E+02, Overflow 4.163399E-02, MaxDensity 2.355E+00, MacroOverlap 8.675E-04, MacroOverlapWeight 8.000000E-06, gamma 9.662937E-03, time 4.043ms
[INFO   ] DREAMPlace - full step 17.308 ms
[INFO   ] DREAMPlace - optimizer step 0.205 ms
[INFO   ] DREAMPlace - iteration  525, (  99,  0,  1), Obj 9.396174E+11, NetCrossing 1.582E+01, NetCrossingWeight 1.000000E-03, DensityWeight 9.434469E+05, HPWL 5.941260E+02, Overflow 4.162125E-02, MaxDensity 2.355E+00, MacroOverlap 8.667E-04, MacroOverlapWeight 8.000000E-06, gamma 9.662937E-03, time 3.984ms
[INFO   ] DREAMPlace - full step 17.545 ms
[INFO   ] DREAMPlace - Lsub stopping criteria: 1 and 9.39617e+11 > 9.40295e+11 * 0.999
[INFO   ] DREAMPlace - optimizer step 0.193 ms
[INFO   ] DREAMPlace - iteration  526, (  99,  1,  0), Obj 1.043172E+12, NetCrossing 1.636E+01, NetCrossingWeight 1.000000E-03, DensityWeight 1.048072E+06, HPWL 5.942825E+02, Overflow 4.160892E-02, MaxDensity 2.355E+00, MacroOverlap 8.657E-04, MacroOverlapWeight 8.000000E-06, gamma 9.662937E-03, time 4.313ms
[INFO   ] DREAMPlace - full step 18.005 ms
[INFO   ] DREAMPlace - optimizer step 0.206 ms
[INFO   ] DREAMPlace - iteration  527, (  99,  1,  1), Obj 1.042498E+12, NetCrossing 1.580E+01, NetCrossingWeight 1.000000E-03, DensityWeight 1.048072E+06, HPWL 5.944409E+02, Overflow 4.159742E-02, MaxDensity 2.355E+00, MacroOverlap 8.645E-04, MacroOverlapWeight 8.000000E-06, gamma 9.662937E-03, time 3.999ms
[INFO   ] DREAMPlace - full step 17.565 ms
[INFO   ] DREAMPlace - Lsub stopping criteria: 1 and 1.0425e+12 > 1.04317e+12 * 0.999
[INFO   ] DREAMPlace - Llambda stopping criteria: 1 and (( 0.0415974 < 0.1 and 594.441 > 594.126 ) or 2.3552 < 1.0)
[INFO   ] DREAMPlace - optimizer step 0.203 ms
[INFO   ] DREAMPlace - iteration  528, ( 100,  0,  0), Obj 1.157485E+12, NetCrossing 1.665E+01, NetCrossingWeight 1.000000E-03, DensityWeight 1.164299E+06, HPWL 5.945980E+02, Overflow 4.158647E-02, MaxDensity 2.355E+00, MacroOverlap 8.632E-04, MacroOverlapWeight 8.000000E-06, gamma 9.660550E-03, time 4.320ms
[INFO   ] DREAMPlace - full step 18.301 ms
[INFO   ] DREAMPlace - optimizer step 0.212 ms
[INFO   ] DREAMPlace - iteration  529, ( 100,  0,  1), Obj 1.157282E+12, NetCrossing 1.549E+01, NetCrossingWeight 1.000000E-03, DensityWeight 1.164299E+06, HPWL 5.947528E+02, Overflow 4.157628E-02, MaxDensity 2.355E+00, MacroOverlap 8.618E-04, MacroOverlapWeight 8.000000E-06, gamma 9.660550E-03, time 3.981ms
[INFO   ] DREAMPlace - full step 17.651 ms
[INFO   ] DREAMPlace - Lsub stopping criteria: 1 and 1.15728e+12 > 1.15749e+12 * 0.999
[INFO   ] DREAMPlace - optimizer step 0.190 ms
[INFO   ] DREAMPlace - iteration  530, ( 100,  1,  0), Obj 1.284845E+12, NetCrossing 1.578E+01, NetCrossingWeight 1.000000E-03, DensityWeight 1.293416E+06, HPWL 5.949085E+02, Overflow 4.156572E-02, MaxDensity 2.355E+00, MacroOverlap 8.604E-04, MacroOverlapWeight 8.000000E-06, gamma 9.660550E-03, time 4.275ms
[INFO   ] DREAMPlace - full step 17.645 ms
[INFO   ] DREAMPlace - optimizer step 0.213 ms
[INFO   ] DREAMPlace - iteration  531, ( 100,  1,  1), Obj 1.284335E+12, NetCrossing 1.663E+01, NetCrossingWeight 1.000000E-03, DensityWeight 1.293416E+06, HPWL 5.950708E+02, Overflow 4.155406E-02, MaxDensity 2.355E+00, MacroOverlap 8.590E-04, MacroOverlapWeight 8.000000E-06, gamma 9.660550E-03, time 3.988ms
[INFO   ] DREAMPlace - full step 17.567 ms
[INFO   ] DREAMPlace - Lsub stopping criteria: 1 and 1.28434e+12 > 1.28484e+12 * 0.999
[INFO   ] DREAMPlace - Llambda stopping criteria: 1 and (( 0.0415541 < 0.1 and 595.071 > 594.753 ) or 2.3552 < 1.0)
[INFO   ] DREAMPlace - optimizer step 0.196 ms
[INFO   ] DREAMPlace - iteration  532, ( 101,  0,  0), Obj 1.426241E+12, NetCrossing 1.588E+01, NetCrossingWeight 1.000000E-03, DensityWeight 1.436850E+06, HPWL 5.952407E+02, Overflow 4.154103E-02, MaxDensity 2.355E+00, MacroOverlap 8.575E-04, MacroOverlapWeight 8.000000E-06, gamma 9.658409E-03, time 4.089ms
[INFO   ] DREAMPlace - full step 17.646 ms
[INFO   ] DREAMPlace - optimizer step 0.194 ms
[INFO   ] DREAMPlace - iteration  533, ( 101,  0,  1), Obj 1.425773E+12, NetCrossing 1.536E+01, NetCrossingWeight 1.000000E-03, DensityWeight 1.436850E+06, HPWL 5.954165E+02, Overflow 4.152841E-02, MaxDensity 2.355E+00, MacroOverlap 8.560E-04, MacroOverlapWeight 8.000000E-06, gamma 9.658409E-03, time 4.026ms
[INFO   ] DREAMPlace - full step 17.348 ms
[INFO   ] DREAMPlace - Lsub stopping criteria: 1 and 1.42577e+12 > 1.42624e+12 * 0.999
[INFO   ] DREAMPlace - optimizer step 0.190 ms
[INFO   ] DREAMPlace - iteration  534, ( 101,  1,  0), Obj 1.583368E+12, NetCrossing 1.657E+01, NetCrossingWeight 1.000000E-03, DensityWeight 1.596192E+06, HPWL 5.955956E+02, Overflow 4.151692E-02, MaxDensity 2.355E+00, MacroOverlap 8.546E-04, MacroOverlapWeight 8.000000E-06, gamma 9.658409E-03, time 4.013ms
[INFO   ] DREAMPlace - full step 17.424 ms
[INFO   ] DREAMPlace - optimizer step 0.195 ms
[INFO   ] DREAMPlace - iteration  535, ( 101,  1,  1), Obj 1.583071E+12, NetCrossing 1.621E+01, NetCrossingWeight 1.000000E-03, DensityWeight 1.596192E+06, HPWL 5.957778E+02, Overflow 4.150760E-02, MaxDensity 2.355E+00, MacroOverlap 8.532E-04, MacroOverlapWeight 8.000000E-06, gamma 9.658409E-03, time 4.007ms
[INFO   ] DREAMPlace - full step 17.117 ms
[INFO   ] DREAMPlace - Lsub stopping criteria: 1 and 1.58307e+12 > 1.58337e+12 * 0.999
[INFO   ] DREAMPlace - Llambda stopping criteria: 1 and (( 0.0415076 < 0.1 and 595.778 > 595.417 ) or 2.3552 < 1.0)
[INFO   ] DREAMPlace - Lgamma stopping criteria: 101 > 100 and (( 0.0415076 < 0.1 and 595.778 > 595.071 ) or 2.3552 < 1.0)
[INFO   ] DREAMPlace - optimizer adam takes 10.263 seconds
[INFO   ] DREAMPlace - plotting to /Cypress/results/reproduce-small-7/ET095_A00/plot/iter9999.png takes 0.047 seconds
[INFO   ] DREAMPlace - plotting to /Cypress/results/reproduce-small-7/ET095_A00/plot/iter0536.png takes 0.045 seconds
[INFO   ] DREAMPlace - Start legalization
[INFO   ] DREAMPlace - legalization takes 0.003 seconds
[INFO   ] DREAMPlace - iteration  536, HPWL 7.309261E+02, time 0.276ms
[INFO   ] DREAMPlace - plotting to /Cypress/results/reproduce-small-7/ET095_A00/plot/iter0537.png takes 0.041 seconds
[INFO   ] DREAMPlace - plotting to /Cypress/results/reproduce-small-7/ET095_A00/plot/iter0537.png takes 0.043 seconds
[INFO   ] DREAMPlace - rsmt computation takes 0.060 seconds
[INFO   ] DREAMPlace - flute rsmt 7.010000E+02
[INFO   ] DREAMPlace - unweighted hpwl 6.920000E+02
[INFO   ] DREAMPlace - net crossing 16
[INFO   ] DREAMPlace - non-linear placement takes 16.10 seconds
[INFO   ] DREAMPlace - writing to /Cypress/results/reproduce-small-7/ET095_A00/ET095_A00.gp.pl
[INFO   ] DREAMPlace - writing to /Cypress/results/reproduce-small-7/ET095_A00/ET095_A00.gp.pl
[INFO   ] DREAMPlace - write_pl takes 0.001 seconds
[INFO   ] DREAMPlace - write SolutionFileFormat.BOOKSHELF takes 0.001 seconds
[INFO   ] DREAMPlace - writing congestion maps to /Cypress/results/reproduce-small-7/ET095_A00
[INFO   ] DREAMPlace - max horizontal congestion: 0.325565
[INFO   ] DREAMPlace - max vertical congestion: 0.33341
[INFO   ] DREAMPlace - Congestion score 0.04479333013296127
[INFO   ] DREAMPlace - congestion extraction takes 2.913 seconds
[INFO   ] DREAMPlace - placement takes 19.023 seconds
[INFO   ] DREAMPlace - Final PPA: {'rsmt': 701.0, 'hpwl': 692.0, 'congestion': 0.04479333013296127, 'density': 0.7850671121161339, 'net_crossing': 16.761672973632812, 'iteration': 536, 'objective': 1583071100928.0, 'overflow': 0.041507598012685776, 'max_density': 2.355201482772827}
